ISO-10303-21;
HEADER;
/* Generated by software containing ST-Developer
 * from STEP Tools, Inc. (www.steptools.com) 
 */
/* OPTION: using custom renumber hook */

FILE_DESCRIPTION(
/* description */ ('STEP AP242 Edition 2',
'CAx-IF Rec.Pracs.---Representation and Presentation of Product Manufa
cturing Information (PMI)---4.0---2014-10-13',
'CAx-IF Rec.Pracs.---3D Tessellated Geometry---0.4---2014-09-14','2;1',
'CAx-IF Rec.Pracs.---User Defined Attributes---1.5---2016-08-15'),
/* implementation_level */ '2;1');

FILE_NAME(
/* name */ 'ABM8',
/* time_stamp */ '2026-09-03T07:16:52Z',
/* author */ (''),
/* organization */ (''),
/* preprocessor_version */ 'ST-DEVELOPER v20',
/* originating_system */ 'ONSHAPE BY PTC INC, 1.220',
/* authorisation */ '  ');

FILE_SCHEMA (('AP242_MANAGED_MODEL_BASED_3D_ENGINEERING_MIM_LF { 1 0 10303 442 3 1 4 }'));
ENDSEC;

DATA;
#10=TOROIDAL_SURFACE('',#1831,0.0002,5.E-5);
#11=TOROIDAL_SURFACE('',#1838,0.0002,5.E-5);
#12=TOROIDAL_SURFACE('',#1840,0.0002,5.E-5);
#13=TOROIDAL_SURFACE('',#1846,0.0002,5.E-5);
#14=TOROIDAL_SURFACE('',#1847,0.0003,5.E-5);
#15=TOROIDAL_SURFACE('',#1854,0.0003,5.E-5);
#16=TOROIDAL_SURFACE('',#1856,0.0003,5.E-5);
#17=TOROIDAL_SURFACE('',#1862,0.0003,5.E-5);
#18=CYLINDRICAL_SURFACE('',#1810,0.00025);
#19=CYLINDRICAL_SURFACE('',#1814,0.00025);
#20=CYLINDRICAL_SURFACE('',#1818,0.00025);
#21=CYLINDRICAL_SURFACE('',#1822,0.00025);
#22=CYLINDRICAL_SURFACE('',#1834,5.E-5);
#23=CYLINDRICAL_SURFACE('',#1836,5.E-5);
#24=CYLINDRICAL_SURFACE('',#1842,5.E-5);
#25=CYLINDRICAL_SURFACE('',#1844,5.E-5);
#26=CYLINDRICAL_SURFACE('',#1850,5.E-5);
#27=CYLINDRICAL_SURFACE('',#1852,5.E-5);
#28=CYLINDRICAL_SURFACE('',#1858,5.E-5);
#29=CYLINDRICAL_SURFACE('',#1860,5.E-5);
#30=CYLINDRICAL_SURFACE('',#1888,0.0001);
#31=OVER_RIDING_STYLED_ITEM('',(#1577),#1492,#1571);
#32=OVER_RIDING_STYLED_ITEM('',(#1578),#1493,#1571);
#33=OVER_RIDING_STYLED_ITEM('',(#1579),#1494,#1571);
#34=OVER_RIDING_STYLED_ITEM('',(#1580),#1495,#1571);
#35=OVER_RIDING_STYLED_ITEM('',(#1581),#1496,#1571);
#36=OVER_RIDING_STYLED_ITEM('',(#1582),#1497,#1571);
#37=OVER_RIDING_STYLED_ITEM('',(#1583),#1498,#1571);
#38=OVER_RIDING_STYLED_ITEM('',(#1584),#1499,#1571);
#39=OVER_RIDING_STYLED_ITEM('',(#1585),#1500,#1571);
#40=OVER_RIDING_STYLED_ITEM('',(#1586),#1501,#1571);
#41=OVER_RIDING_STYLED_ITEM('',(#1587),#1502,#1571);
#42=OVER_RIDING_STYLED_ITEM('',(#1588),#1503,#1571);
#43=OVER_RIDING_STYLED_ITEM('',(#1589),#1504,#1571);
#44=OVER_RIDING_STYLED_ITEM('',(#1590),#1505,#1571);
#45=OVER_RIDING_STYLED_ITEM('',(#1591),#1506,#1571);
#46=OVER_RIDING_STYLED_ITEM('',(#1592),#1507,#1571);
#47=OVER_RIDING_STYLED_ITEM('',(#1593),#1508,#1571);
#48=OVER_RIDING_STYLED_ITEM('',(#1594),#1509,#1571);
#49=OVER_RIDING_STYLED_ITEM('',(#1595),#1510,#1571);
#50=OVER_RIDING_STYLED_ITEM('',(#1596),#1511,#1571);
#51=OVER_RIDING_STYLED_ITEM('',(#1597),#1512,#1571);
#52=OVER_RIDING_STYLED_ITEM('',(#1598),#1513,#1571);
#53=OVER_RIDING_STYLED_ITEM('',(#1599),#1514,#1571);
#54=OVER_RIDING_STYLED_ITEM('',(#1600),#1515,#1571);
#55=OVER_RIDING_STYLED_ITEM('',(#1601),#1516,#1571);
#56=OVER_RIDING_STYLED_ITEM('',(#1602),#1542,#1571);
#57=OVER_RIDING_STYLED_ITEM('',(#1603),#1543,#1571);
#58=CIRCLE('',#1797,0.0003);
#59=CIRCLE('',#1798,0.0003);
#60=CIRCLE('',#1799,0.0003);
#61=CIRCLE('',#1800,0.0003);
#62=CIRCLE('',#1811,0.00025);
#63=CIRCLE('',#1812,0.00025);
#64=CIRCLE('',#1815,0.00025);
#65=CIRCLE('',#1816,0.00025);
#66=CIRCLE('',#1819,0.00025);
#67=CIRCLE('',#1820,0.00025);
#68=CIRCLE('',#1823,0.00025);
#69=CIRCLE('',#1824,0.00025);
#70=CIRCLE('',#1826,0.0001);
#71=CIRCLE('',#1827,0.0002);
#72=CIRCLE('',#1828,0.0002);
#73=CIRCLE('',#1829,0.0002);
#74=CIRCLE('',#1830,0.0002);
#75=CIRCLE('',#1832,5.E-5);
#76=CIRCLE('',#1833,5.E-5);
#77=CIRCLE('',#1835,5.E-5);
#78=CIRCLE('',#1837,5.E-5);
#79=CIRCLE('',#1839,5.E-5);
#80=CIRCLE('',#1841,5.E-5);
#81=CIRCLE('',#1843,5.E-5);
#82=CIRCLE('',#1845,5.E-5);
#83=CIRCLE('',#1848,5.E-5);
#84=CIRCLE('',#1849,5.E-5);
#85=CIRCLE('',#1851,5.E-5);
#86=CIRCLE('',#1853,5.E-5);
#87=CIRCLE('',#1855,5.E-5);
#88=CIRCLE('',#1857,5.E-5);
#89=CIRCLE('',#1859,5.E-5);
#90=CIRCLE('',#1861,5.E-5);
#91=CIRCLE('',#1889,0.0001);
#92=SHAPE_REPRESENTATION_RELATIONSHIP('','',#1780,#97);
#93=SHAPE_REPRESENTATION_RELATIONSHIP('','',#1781,#98);
#94=SHAPE_REPRESENTATION_RELATIONSHIP('','',#1782,#99);
#95=SHAPE_REPRESENTATION_RELATIONSHIP('','',#1783,#100);
#96=SHAPE_REPRESENTATION_RELATIONSHIP('','',#1784,#101);
#97=ADVANCED_BREP_SHAPE_REPRESENTATION('',(#1770),#2792);
#98=ADVANCED_BREP_SHAPE_REPRESENTATION('',(#1771),#2793);
#99=ADVANCED_BREP_SHAPE_REPRESENTATION('',(#1772),#2794);
#100=ADVANCED_BREP_SHAPE_REPRESENTATION('',(#1773),#2795);
#101=ADVANCED_BREP_SHAPE_REPRESENTATION('',(#1774),#2796);
#102=ORIENTED_EDGE('',*,*,#518,.F.);
#103=ORIENTED_EDGE('',*,*,#519,.F.);
#104=ORIENTED_EDGE('',*,*,#520,.F.);
#105=ORIENTED_EDGE('',*,*,#521,.F.);
#106=ORIENTED_EDGE('',*,*,#522,.F.);
#107=ORIENTED_EDGE('',*,*,#523,.F.);
#108=ORIENTED_EDGE('',*,*,#524,.F.);
#109=ORIENTED_EDGE('',*,*,#522,.T.);
#110=ORIENTED_EDGE('',*,*,#525,.T.);
#111=ORIENTED_EDGE('',*,*,#526,.T.);
#112=ORIENTED_EDGE('',*,*,#527,.F.);
#113=ORIENTED_EDGE('',*,*,#523,.T.);
#114=ORIENTED_EDGE('',*,*,#524,.T.);
#115=ORIENTED_EDGE('',*,*,#528,.T.);
#116=ORIENTED_EDGE('',*,*,#525,.F.);
#117=ORIENTED_EDGE('',*,*,#521,.T.);
#118=ORIENTED_EDGE('',*,*,#529,.T.);
#119=ORIENTED_EDGE('',*,*,#530,.T.);
#120=ORIENTED_EDGE('',*,*,#528,.F.);
#121=ORIENTED_EDGE('',*,*,#526,.F.);
#122=ORIENTED_EDGE('',*,*,#530,.F.);
#123=ORIENTED_EDGE('',*,*,#531,.F.);
#124=ORIENTED_EDGE('',*,*,#532,.F.);
#125=ORIENTED_EDGE('',*,*,#533,.F.);
#126=ORIENTED_EDGE('',*,*,#529,.F.);
#127=ORIENTED_EDGE('',*,*,#520,.T.);
#128=ORIENTED_EDGE('',*,*,#534,.T.);
#129=ORIENTED_EDGE('',*,*,#531,.T.);
#130=ORIENTED_EDGE('',*,*,#534,.F.);
#131=ORIENTED_EDGE('',*,*,#519,.T.);
#132=ORIENTED_EDGE('',*,*,#535,.T.);
#133=ORIENTED_EDGE('',*,*,#532,.T.);
#134=ORIENTED_EDGE('',*,*,#535,.F.);
#135=ORIENTED_EDGE('',*,*,#518,.T.);
#136=ORIENTED_EDGE('',*,*,#527,.T.);
#137=ORIENTED_EDGE('',*,*,#533,.T.);
#138=ORIENTED_EDGE('',*,*,#536,.F.);
#139=ORIENTED_EDGE('',*,*,#537,.F.);
#140=ORIENTED_EDGE('',*,*,#538,.F.);
#141=ORIENTED_EDGE('',*,*,#539,.F.);
#142=ORIENTED_EDGE('',*,*,#540,.F.);
#143=ORIENTED_EDGE('',*,*,#541,.F.);
#144=ORIENTED_EDGE('',*,*,#542,.T.);
#145=ORIENTED_EDGE('',*,*,#543,.T.);
#146=ORIENTED_EDGE('',*,*,#544,.T.);
#147=ORIENTED_EDGE('',*,*,#545,.T.);
#148=ORIENTED_EDGE('',*,*,#546,.T.);
#149=ORIENTED_EDGE('',*,*,#547,.T.);
#150=ORIENTED_EDGE('',*,*,#548,.T.);
#151=ORIENTED_EDGE('',*,*,#549,.T.);
#152=ORIENTED_EDGE('',*,*,#550,.F.);
#153=ORIENTED_EDGE('',*,*,#551,.F.);
#154=ORIENTED_EDGE('',*,*,#552,.T.);
#155=ORIENTED_EDGE('',*,*,#553,.F.);
#156=ORIENTED_EDGE('',*,*,#554,.F.);
#157=ORIENTED_EDGE('',*,*,#555,.F.);
#158=ORIENTED_EDGE('',*,*,#556,.F.);
#159=ORIENTED_EDGE('',*,*,#557,.F.);
#160=ORIENTED_EDGE('',*,*,#558,.F.);
#161=ORIENTED_EDGE('',*,*,#559,.F.);
#162=ORIENTED_EDGE('',*,*,#560,.T.);
#163=ORIENTED_EDGE('',*,*,#561,.T.);
#164=ORIENTED_EDGE('',*,*,#562,.T.);
#165=ORIENTED_EDGE('',*,*,#563,.T.);
#166=ORIENTED_EDGE('',*,*,#564,.T.);
#167=ORIENTED_EDGE('',*,*,#565,.T.);
#168=ORIENTED_EDGE('',*,*,#566,.T.);
#169=ORIENTED_EDGE('',*,*,#567,.T.);
#170=ORIENTED_EDGE('',*,*,#568,.T.);
#171=ORIENTED_EDGE('',*,*,#569,.T.);
#172=ORIENTED_EDGE('',*,*,#570,.T.);
#173=ORIENTED_EDGE('',*,*,#571,.T.);
#174=ORIENTED_EDGE('',*,*,#572,.T.);
#175=ORIENTED_EDGE('',*,*,#573,.F.);
#176=ORIENTED_EDGE('',*,*,#574,.T.);
#177=ORIENTED_EDGE('',*,*,#575,.T.);
#178=ORIENTED_EDGE('',*,*,#576,.F.);
#179=ORIENTED_EDGE('',*,*,#577,.T.);
#180=ORIENTED_EDGE('',*,*,#578,.T.);
#181=ORIENTED_EDGE('',*,*,#579,.F.);
#182=ORIENTED_EDGE('',*,*,#580,.F.);
#183=ORIENTED_EDGE('',*,*,#547,.F.);
#184=ORIENTED_EDGE('',*,*,#581,.F.);
#185=ORIENTED_EDGE('',*,*,#573,.T.);
#186=ORIENTED_EDGE('',*,*,#582,.T.);
#187=ORIENTED_EDGE('',*,*,#554,.T.);
#188=ORIENTED_EDGE('',*,*,#583,.F.);
#189=ORIENTED_EDGE('',*,*,#574,.F.);
#190=ORIENTED_EDGE('',*,*,#581,.T.);
#191=ORIENTED_EDGE('',*,*,#553,.T.);
#192=ORIENTED_EDGE('',*,*,#584,.F.);
#193=ORIENTED_EDGE('',*,*,#575,.F.);
#194=ORIENTED_EDGE('',*,*,#583,.T.);
#195=ORIENTED_EDGE('',*,*,#552,.F.);
#196=ORIENTED_EDGE('',*,*,#585,.F.);
#197=ORIENTED_EDGE('',*,*,#576,.T.);
#198=ORIENTED_EDGE('',*,*,#584,.T.);
#199=ORIENTED_EDGE('',*,*,#551,.T.);
#200=ORIENTED_EDGE('',*,*,#586,.F.);
#201=ORIENTED_EDGE('',*,*,#577,.F.);
#202=ORIENTED_EDGE('',*,*,#585,.T.);
#203=ORIENTED_EDGE('',*,*,#550,.T.);
#204=ORIENTED_EDGE('',*,*,#587,.F.);
#205=ORIENTED_EDGE('',*,*,#578,.F.);
#206=ORIENTED_EDGE('',*,*,#586,.T.);
#207=ORIENTED_EDGE('',*,*,#549,.F.);
#208=ORIENTED_EDGE('',*,*,#588,.F.);
#209=ORIENTED_EDGE('',*,*,#579,.T.);
#210=ORIENTED_EDGE('',*,*,#587,.T.);
#211=ORIENTED_EDGE('',*,*,#548,.F.);
#212=ORIENTED_EDGE('',*,*,#582,.F.);
#213=ORIENTED_EDGE('',*,*,#580,.T.);
#214=ORIENTED_EDGE('',*,*,#588,.T.);
#215=ORIENTED_EDGE('',*,*,#589,.T.);
#216=ORIENTED_EDGE('',*,*,#590,.T.);
#217=ORIENTED_EDGE('',*,*,#591,.F.);
#218=ORIENTED_EDGE('',*,*,#592,.T.);
#219=ORIENTED_EDGE('',*,*,#591,.T.);
#220=ORIENTED_EDGE('',*,*,#593,.T.);
#221=ORIENTED_EDGE('',*,*,#594,.F.);
#222=ORIENTED_EDGE('',*,*,#595,.T.);
#223=ORIENTED_EDGE('',*,*,#594,.T.);
#224=ORIENTED_EDGE('',*,*,#596,.T.);
#225=ORIENTED_EDGE('',*,*,#597,.F.);
#226=ORIENTED_EDGE('',*,*,#598,.T.);
#227=ORIENTED_EDGE('',*,*,#597,.T.);
#228=ORIENTED_EDGE('',*,*,#599,.T.);
#229=ORIENTED_EDGE('',*,*,#600,.F.);
#230=ORIENTED_EDGE('',*,*,#601,.T.);
#231=ORIENTED_EDGE('',*,*,#600,.T.);
#232=ORIENTED_EDGE('',*,*,#602,.T.);
#233=ORIENTED_EDGE('',*,*,#603,.F.);
#234=ORIENTED_EDGE('',*,*,#604,.T.);
#235=ORIENTED_EDGE('',*,*,#603,.T.);
#236=ORIENTED_EDGE('',*,*,#605,.T.);
#237=ORIENTED_EDGE('',*,*,#606,.F.);
#238=ORIENTED_EDGE('',*,*,#607,.T.);
#239=ORIENTED_EDGE('',*,*,#606,.T.);
#240=ORIENTED_EDGE('',*,*,#608,.T.);
#241=ORIENTED_EDGE('',*,*,#609,.F.);
#242=ORIENTED_EDGE('',*,*,#610,.T.);
#243=ORIENTED_EDGE('',*,*,#609,.T.);
#244=ORIENTED_EDGE('',*,*,#611,.T.);
#245=ORIENTED_EDGE('',*,*,#589,.F.);
#246=ORIENTED_EDGE('',*,*,#612,.T.);
#247=ORIENTED_EDGE('',*,*,#613,.F.);
#248=ORIENTED_EDGE('',*,*,#614,.T.);
#249=ORIENTED_EDGE('',*,*,#615,.T.);
#250=ORIENTED_EDGE('',*,*,#616,.T.);
#251=ORIENTED_EDGE('',*,*,#617,.T.);
#252=ORIENTED_EDGE('',*,*,#618,.T.);
#253=ORIENTED_EDGE('',*,*,#619,.T.);
#254=ORIENTED_EDGE('',*,*,#620,.T.);
#255=ORIENTED_EDGE('',*,*,#621,.T.);
#256=ORIENTED_EDGE('',*,*,#622,.F.);
#257=ORIENTED_EDGE('',*,*,#607,.F.);
#258=ORIENTED_EDGE('',*,*,#623,.F.);
#259=ORIENTED_EDGE('',*,*,#619,.F.);
#260=ORIENTED_EDGE('',*,*,#623,.T.);
#261=ORIENTED_EDGE('',*,*,#610,.F.);
#262=ORIENTED_EDGE('',*,*,#624,.F.);
#263=ORIENTED_EDGE('',*,*,#620,.F.);
#264=ORIENTED_EDGE('',*,*,#622,.T.);
#265=ORIENTED_EDGE('',*,*,#618,.F.);
#266=ORIENTED_EDGE('',*,*,#625,.F.);
#267=ORIENTED_EDGE('',*,*,#604,.F.);
#268=ORIENTED_EDGE('',*,*,#624,.T.);
#269=ORIENTED_EDGE('',*,*,#612,.F.);
#270=ORIENTED_EDGE('',*,*,#626,.F.);
#271=ORIENTED_EDGE('',*,*,#621,.F.);
#272=ORIENTED_EDGE('',*,*,#625,.T.);
#273=ORIENTED_EDGE('',*,*,#617,.F.);
#274=ORIENTED_EDGE('',*,*,#627,.F.);
#275=ORIENTED_EDGE('',*,*,#601,.F.);
#276=ORIENTED_EDGE('',*,*,#626,.T.);
#277=ORIENTED_EDGE('',*,*,#592,.F.);
#278=ORIENTED_EDGE('',*,*,#628,.F.);
#279=ORIENTED_EDGE('',*,*,#614,.F.);
#280=ORIENTED_EDGE('',*,*,#627,.T.);
#281=ORIENTED_EDGE('',*,*,#616,.F.);
#282=ORIENTED_EDGE('',*,*,#629,.F.);
#283=ORIENTED_EDGE('',*,*,#598,.F.);
#284=ORIENTED_EDGE('',*,*,#628,.T.);
#285=ORIENTED_EDGE('',*,*,#595,.F.);
#286=ORIENTED_EDGE('',*,*,#629,.T.);
#287=ORIENTED_EDGE('',*,*,#615,.F.);
#288=ORIENTED_EDGE('',*,*,#630,.F.);
#289=ORIENTED_EDGE('',*,*,#570,.F.);
#290=ORIENTED_EDGE('',*,*,#631,.F.);
#291=ORIENTED_EDGE('',*,*,#605,.F.);
#292=ORIENTED_EDGE('',*,*,#631,.T.);
#293=ORIENTED_EDGE('',*,*,#569,.F.);
#294=ORIENTED_EDGE('',*,*,#632,.F.);
#295=ORIENTED_EDGE('',*,*,#608,.F.);
#296=ORIENTED_EDGE('',*,*,#630,.T.);
#297=ORIENTED_EDGE('',*,*,#602,.F.);
#298=ORIENTED_EDGE('',*,*,#633,.F.);
#299=ORIENTED_EDGE('',*,*,#571,.F.);
#300=ORIENTED_EDGE('',*,*,#632,.T.);
#301=ORIENTED_EDGE('',*,*,#568,.F.);
#302=ORIENTED_EDGE('',*,*,#634,.F.);
#303=ORIENTED_EDGE('',*,*,#611,.F.);
#304=ORIENTED_EDGE('',*,*,#633,.T.);
#305=ORIENTED_EDGE('',*,*,#599,.F.);
#306=ORIENTED_EDGE('',*,*,#635,.F.);
#307=ORIENTED_EDGE('',*,*,#572,.F.);
#308=ORIENTED_EDGE('',*,*,#634,.T.);
#309=ORIENTED_EDGE('',*,*,#567,.F.);
#310=ORIENTED_EDGE('',*,*,#636,.F.);
#311=ORIENTED_EDGE('',*,*,#590,.F.);
#312=ORIENTED_EDGE('',*,*,#635,.T.);
#313=ORIENTED_EDGE('',*,*,#596,.F.);
#314=ORIENTED_EDGE('',*,*,#637,.F.);
#315=ORIENTED_EDGE('',*,*,#565,.F.);
#316=ORIENTED_EDGE('',*,*,#636,.T.);
#317=ORIENTED_EDGE('',*,*,#566,.F.);
#318=ORIENTED_EDGE('',*,*,#637,.T.);
#319=ORIENTED_EDGE('',*,*,#593,.F.);
#320=ORIENTED_EDGE('',*,*,#542,.F.);
#321=ORIENTED_EDGE('',*,*,#638,.F.);
#322=ORIENTED_EDGE('',*,*,#639,.T.);
#323=ORIENTED_EDGE('',*,*,#640,.T.);
#324=ORIENTED_EDGE('',*,*,#546,.F.);
#325=ORIENTED_EDGE('',*,*,#641,.F.);
#326=ORIENTED_EDGE('',*,*,#642,.T.);
#327=ORIENTED_EDGE('',*,*,#638,.T.);
#328=ORIENTED_EDGE('',*,*,#545,.F.);
#329=ORIENTED_EDGE('',*,*,#643,.F.);
#330=ORIENTED_EDGE('',*,*,#644,.T.);
#331=ORIENTED_EDGE('',*,*,#641,.T.);
#332=ORIENTED_EDGE('',*,*,#544,.F.);
#333=ORIENTED_EDGE('',*,*,#645,.F.);
#334=ORIENTED_EDGE('',*,*,#646,.T.);
#335=ORIENTED_EDGE('',*,*,#643,.T.);
#336=ORIENTED_EDGE('',*,*,#543,.F.);
#337=ORIENTED_EDGE('',*,*,#640,.F.);
#338=ORIENTED_EDGE('',*,*,#647,.T.);
#339=ORIENTED_EDGE('',*,*,#645,.T.);
#340=ORIENTED_EDGE('',*,*,#639,.F.);
#341=ORIENTED_EDGE('',*,*,#642,.F.);
#342=ORIENTED_EDGE('',*,*,#644,.F.);
#343=ORIENTED_EDGE('',*,*,#646,.F.);
#344=ORIENTED_EDGE('',*,*,#647,.F.);
#345=ORIENTED_EDGE('',*,*,#556,.T.);
#346=ORIENTED_EDGE('',*,*,#648,.F.);
#347=ORIENTED_EDGE('',*,*,#649,.F.);
#348=ORIENTED_EDGE('',*,*,#650,.T.);
#349=ORIENTED_EDGE('',*,*,#555,.T.);
#350=ORIENTED_EDGE('',*,*,#651,.F.);
#351=ORIENTED_EDGE('',*,*,#652,.F.);
#352=ORIENTED_EDGE('',*,*,#648,.T.);
#353=ORIENTED_EDGE('',*,*,#559,.T.);
#354=ORIENTED_EDGE('',*,*,#653,.F.);
#355=ORIENTED_EDGE('',*,*,#654,.F.);
#356=ORIENTED_EDGE('',*,*,#651,.T.);
#357=ORIENTED_EDGE('',*,*,#558,.T.);
#358=ORIENTED_EDGE('',*,*,#655,.F.);
#359=ORIENTED_EDGE('',*,*,#656,.F.);
#360=ORIENTED_EDGE('',*,*,#653,.T.);
#361=ORIENTED_EDGE('',*,*,#557,.T.);
#362=ORIENTED_EDGE('',*,*,#650,.F.);
#363=ORIENTED_EDGE('',*,*,#657,.F.);
#364=ORIENTED_EDGE('',*,*,#655,.T.);
#365=ORIENTED_EDGE('',*,*,#649,.T.);
#366=ORIENTED_EDGE('',*,*,#652,.T.);
#367=ORIENTED_EDGE('',*,*,#654,.T.);
#368=ORIENTED_EDGE('',*,*,#656,.T.);
#369=ORIENTED_EDGE('',*,*,#657,.T.);
#370=ORIENTED_EDGE('',*,*,#560,.F.);
#371=ORIENTED_EDGE('',*,*,#658,.F.);
#372=ORIENTED_EDGE('',*,*,#659,.T.);
#373=ORIENTED_EDGE('',*,*,#660,.T.);
#374=ORIENTED_EDGE('',*,*,#564,.F.);
#375=ORIENTED_EDGE('',*,*,#661,.F.);
#376=ORIENTED_EDGE('',*,*,#662,.T.);
#377=ORIENTED_EDGE('',*,*,#658,.T.);
#378=ORIENTED_EDGE('',*,*,#563,.F.);
#379=ORIENTED_EDGE('',*,*,#663,.F.);
#380=ORIENTED_EDGE('',*,*,#664,.T.);
#381=ORIENTED_EDGE('',*,*,#661,.T.);
#382=ORIENTED_EDGE('',*,*,#562,.F.);
#383=ORIENTED_EDGE('',*,*,#665,.F.);
#384=ORIENTED_EDGE('',*,*,#666,.T.);
#385=ORIENTED_EDGE('',*,*,#663,.T.);
#386=ORIENTED_EDGE('',*,*,#561,.F.);
#387=ORIENTED_EDGE('',*,*,#660,.F.);
#388=ORIENTED_EDGE('',*,*,#667,.T.);
#389=ORIENTED_EDGE('',*,*,#665,.T.);
#390=ORIENTED_EDGE('',*,*,#659,.F.);
#391=ORIENTED_EDGE('',*,*,#662,.F.);
#392=ORIENTED_EDGE('',*,*,#664,.F.);
#393=ORIENTED_EDGE('',*,*,#666,.F.);
#394=ORIENTED_EDGE('',*,*,#667,.F.);
#395=ORIENTED_EDGE('',*,*,#537,.T.);
#396=ORIENTED_EDGE('',*,*,#668,.F.);
#397=ORIENTED_EDGE('',*,*,#669,.F.);
#398=ORIENTED_EDGE('',*,*,#670,.T.);
#399=ORIENTED_EDGE('',*,*,#536,.T.);
#400=ORIENTED_EDGE('',*,*,#671,.F.);
#401=ORIENTED_EDGE('',*,*,#672,.F.);
#402=ORIENTED_EDGE('',*,*,#668,.T.);
#403=ORIENTED_EDGE('',*,*,#541,.T.);
#404=ORIENTED_EDGE('',*,*,#673,.F.);
#405=ORIENTED_EDGE('',*,*,#674,.F.);
#406=ORIENTED_EDGE('',*,*,#671,.T.);
#407=ORIENTED_EDGE('',*,*,#540,.T.);
#408=ORIENTED_EDGE('',*,*,#675,.F.);
#409=ORIENTED_EDGE('',*,*,#676,.F.);
#410=ORIENTED_EDGE('',*,*,#673,.T.);
#411=ORIENTED_EDGE('',*,*,#539,.T.);
#412=ORIENTED_EDGE('',*,*,#677,.F.);
#413=ORIENTED_EDGE('',*,*,#678,.F.);
#414=ORIENTED_EDGE('',*,*,#675,.T.);
#415=ORIENTED_EDGE('',*,*,#538,.T.);
#416=ORIENTED_EDGE('',*,*,#670,.F.);
#417=ORIENTED_EDGE('',*,*,#679,.F.);
#418=ORIENTED_EDGE('',*,*,#677,.T.);
#419=ORIENTED_EDGE('',*,*,#669,.T.);
#420=ORIENTED_EDGE('',*,*,#672,.T.);
#421=ORIENTED_EDGE('',*,*,#674,.T.);
#422=ORIENTED_EDGE('',*,*,#676,.T.);
#423=ORIENTED_EDGE('',*,*,#678,.T.);
#424=ORIENTED_EDGE('',*,*,#679,.T.);
#425=ORIENTED_EDGE('',*,*,#680,.F.);
#426=ORIENTED_EDGE('',*,*,#613,.T.);
#427=ORIENTED_EDGE('',*,*,#680,.T.);
#428=ORIENTED_EDGE('',*,*,#681,.F.);
#429=ORIENTED_EDGE('',*,*,#682,.F.);
#430=ORIENTED_EDGE('',*,*,#683,.F.);
#431=ORIENTED_EDGE('',*,*,#684,.F.);
#432=ORIENTED_EDGE('',*,*,#685,.F.);
#433=ORIENTED_EDGE('',*,*,#686,.F.);
#434=ORIENTED_EDGE('',*,*,#684,.T.);
#435=ORIENTED_EDGE('',*,*,#687,.T.);
#436=ORIENTED_EDGE('',*,*,#688,.T.);
#437=ORIENTED_EDGE('',*,*,#689,.F.);
#438=ORIENTED_EDGE('',*,*,#685,.T.);
#439=ORIENTED_EDGE('',*,*,#686,.T.);
#440=ORIENTED_EDGE('',*,*,#690,.T.);
#441=ORIENTED_EDGE('',*,*,#687,.F.);
#442=ORIENTED_EDGE('',*,*,#683,.T.);
#443=ORIENTED_EDGE('',*,*,#691,.T.);
#444=ORIENTED_EDGE('',*,*,#692,.T.);
#445=ORIENTED_EDGE('',*,*,#690,.F.);
#446=ORIENTED_EDGE('',*,*,#688,.F.);
#447=ORIENTED_EDGE('',*,*,#692,.F.);
#448=ORIENTED_EDGE('',*,*,#693,.F.);
#449=ORIENTED_EDGE('',*,*,#694,.F.);
#450=ORIENTED_EDGE('',*,*,#691,.F.);
#451=ORIENTED_EDGE('',*,*,#682,.T.);
#452=ORIENTED_EDGE('',*,*,#695,.T.);
#453=ORIENTED_EDGE('',*,*,#693,.T.);
#454=ORIENTED_EDGE('',*,*,#695,.F.);
#455=ORIENTED_EDGE('',*,*,#681,.T.);
#456=ORIENTED_EDGE('',*,*,#689,.T.);
#457=ORIENTED_EDGE('',*,*,#694,.T.);
#458=ORIENTED_EDGE('',*,*,#696,.T.);
#459=ORIENTED_EDGE('',*,*,#697,.T.);
#460=ORIENTED_EDGE('',*,*,#698,.T.);
#461=ORIENTED_EDGE('',*,*,#699,.T.);
#462=ORIENTED_EDGE('',*,*,#700,.T.);
#463=ORIENTED_EDGE('',*,*,#701,.T.);
#464=ORIENTED_EDGE('',*,*,#702,.T.);
#465=ORIENTED_EDGE('',*,*,#703,.T.);
#466=ORIENTED_EDGE('',*,*,#704,.T.);
#467=ORIENTED_EDGE('',*,*,#705,.T.);
#468=ORIENTED_EDGE('',*,*,#700,.F.);
#469=ORIENTED_EDGE('',*,*,#706,.T.);
#470=ORIENTED_EDGE('',*,*,#702,.F.);
#471=ORIENTED_EDGE('',*,*,#707,.F.);
#472=ORIENTED_EDGE('',*,*,#699,.F.);
#473=ORIENTED_EDGE('',*,*,#708,.T.);
#474=ORIENTED_EDGE('',*,*,#703,.F.);
#475=ORIENTED_EDGE('',*,*,#706,.F.);
#476=ORIENTED_EDGE('',*,*,#698,.F.);
#477=ORIENTED_EDGE('',*,*,#709,.T.);
#478=ORIENTED_EDGE('',*,*,#704,.F.);
#479=ORIENTED_EDGE('',*,*,#708,.F.);
#480=ORIENTED_EDGE('',*,*,#697,.F.);
#481=ORIENTED_EDGE('',*,*,#710,.T.);
#482=ORIENTED_EDGE('',*,*,#705,.F.);
#483=ORIENTED_EDGE('',*,*,#709,.F.);
#484=ORIENTED_EDGE('',*,*,#696,.F.);
#485=ORIENTED_EDGE('',*,*,#707,.T.);
#486=ORIENTED_EDGE('',*,*,#701,.F.);
#487=ORIENTED_EDGE('',*,*,#710,.F.);
#488=ORIENTED_EDGE('',*,*,#711,.T.);
#489=ORIENTED_EDGE('',*,*,#712,.T.);
#490=ORIENTED_EDGE('',*,*,#713,.T.);
#491=ORIENTED_EDGE('',*,*,#714,.T.);
#492=ORIENTED_EDGE('',*,*,#715,.T.);
#493=ORIENTED_EDGE('',*,*,#716,.T.);
#494=ORIENTED_EDGE('',*,*,#717,.T.);
#495=ORIENTED_EDGE('',*,*,#718,.T.);
#496=ORIENTED_EDGE('',*,*,#719,.T.);
#497=ORIENTED_EDGE('',*,*,#720,.T.);
#498=ORIENTED_EDGE('',*,*,#715,.F.);
#499=ORIENTED_EDGE('',*,*,#721,.T.);
#500=ORIENTED_EDGE('',*,*,#717,.F.);
#501=ORIENTED_EDGE('',*,*,#722,.F.);
#502=ORIENTED_EDGE('',*,*,#714,.F.);
#503=ORIENTED_EDGE('',*,*,#723,.T.);
#504=ORIENTED_EDGE('',*,*,#718,.F.);
#505=ORIENTED_EDGE('',*,*,#721,.F.);
#506=ORIENTED_EDGE('',*,*,#713,.F.);
#507=ORIENTED_EDGE('',*,*,#724,.T.);
#508=ORIENTED_EDGE('',*,*,#719,.F.);
#509=ORIENTED_EDGE('',*,*,#723,.F.);
#510=ORIENTED_EDGE('',*,*,#712,.F.);
#511=ORIENTED_EDGE('',*,*,#725,.T.);
#512=ORIENTED_EDGE('',*,*,#720,.F.);
#513=ORIENTED_EDGE('',*,*,#724,.F.);
#514=ORIENTED_EDGE('',*,*,#711,.F.);
#515=ORIENTED_EDGE('',*,*,#722,.T.);
#516=ORIENTED_EDGE('',*,*,#716,.F.);
#517=ORIENTED_EDGE('',*,*,#725,.F.);
#518=EDGE_CURVE('',#726,#727,#860,.T.);
#519=EDGE_CURVE('',#728,#726,#861,.T.);
#520=EDGE_CURVE('',#729,#728,#862,.T.);
#521=EDGE_CURVE('',#730,#729,#863,.T.);
#522=EDGE_CURVE('',#731,#730,#864,.T.);
#523=EDGE_CURVE('',#727,#731,#865,.T.);
#524=EDGE_CURVE('',#731,#732,#866,.T.);
#525=EDGE_CURVE('',#730,#733,#867,.T.);
#526=EDGE_CURVE('',#733,#732,#868,.T.);
#527=EDGE_CURVE('',#727,#734,#869,.T.);
#528=EDGE_CURVE('',#732,#734,#870,.T.);
#529=EDGE_CURVE('',#729,#735,#871,.T.);
#530=EDGE_CURVE('',#735,#733,#872,.T.);
#531=EDGE_CURVE('',#736,#735,#873,.T.);
#532=EDGE_CURVE('',#737,#736,#874,.T.);
#533=EDGE_CURVE('',#734,#737,#875,.T.);
#534=EDGE_CURVE('',#728,#736,#876,.T.);
#535=EDGE_CURVE('',#726,#737,#877,.T.);
#536=EDGE_CURVE('',#738,#739,#878,.T.);
#537=EDGE_CURVE('',#740,#738,#879,.T.);
#538=EDGE_CURVE('',#741,#740,#880,.T.);
#539=EDGE_CURVE('',#742,#741,#881,.T.);
#540=EDGE_CURVE('',#743,#742,#882,.T.);
#541=EDGE_CURVE('',#739,#743,#883,.T.);
#542=EDGE_CURVE('',#744,#745,#884,.T.);
#543=EDGE_CURVE('',#745,#746,#885,.T.);
#544=EDGE_CURVE('',#746,#747,#886,.T.);
#545=EDGE_CURVE('',#747,#748,#887,.T.);
#546=EDGE_CURVE('',#748,#744,#888,.T.);
#547=EDGE_CURVE('',#749,#750,#889,.T.);
#548=EDGE_CURVE('',#750,#751,#890,.T.);
#549=EDGE_CURVE('',#751,#752,#891,.T.);
#550=EDGE_CURVE('',#753,#752,#892,.T.);
#551=EDGE_CURVE('',#754,#753,#893,.T.);
#552=EDGE_CURVE('',#754,#755,#894,.T.);
#553=EDGE_CURVE('',#756,#755,#895,.T.);
#554=EDGE_CURVE('',#749,#756,#896,.T.);
#555=EDGE_CURVE('',#757,#758,#897,.T.);
#556=EDGE_CURVE('',#759,#757,#898,.T.);
#557=EDGE_CURVE('',#760,#759,#899,.T.);
#558=EDGE_CURVE('',#761,#760,#900,.T.);
#559=EDGE_CURVE('',#758,#761,#901,.T.);
#560=EDGE_CURVE('',#762,#763,#902,.T.);
#561=EDGE_CURVE('',#763,#764,#903,.T.);
#562=EDGE_CURVE('',#764,#765,#904,.T.);
#563=EDGE_CURVE('',#765,#766,#905,.T.);
#564=EDGE_CURVE('',#766,#762,#906,.T.);
#565=EDGE_CURVE('',#767,#768,#907,.F.);
#566=EDGE_CURVE('',#768,#769,#58,.F.);
#567=EDGE_CURVE('',#769,#770,#908,.T.);
#568=EDGE_CURVE('',#770,#771,#59,.F.);
#569=EDGE_CURVE('',#771,#772,#909,.T.);
#570=EDGE_CURVE('',#772,#773,#60,.F.);
#571=EDGE_CURVE('',#773,#774,#910,.F.);
#572=EDGE_CURVE('',#774,#767,#61,.F.);
#573=EDGE_CURVE('',#775,#776,#911,.T.);
#574=EDGE_CURVE('',#775,#777,#912,.T.);
#575=EDGE_CURVE('',#777,#778,#913,.T.);
#576=EDGE_CURVE('',#779,#778,#914,.T.);
#577=EDGE_CURVE('',#779,#780,#915,.T.);
#578=EDGE_CURVE('',#780,#781,#916,.T.);
#579=EDGE_CURVE('',#782,#781,#917,.T.);
#580=EDGE_CURVE('',#776,#782,#918,.T.);
#581=EDGE_CURVE('',#775,#749,#919,.T.);
#582=EDGE_CURVE('',#776,#750,#920,.T.);
#583=EDGE_CURVE('',#777,#756,#921,.T.);
#584=EDGE_CURVE('',#778,#755,#922,.T.);
#585=EDGE_CURVE('',#779,#754,#923,.T.);
#586=EDGE_CURVE('',#780,#753,#924,.T.);
#587=EDGE_CURVE('',#781,#752,#925,.T.);
#588=EDGE_CURVE('',#782,#751,#926,.T.);
#589=EDGE_CURVE('',#783,#784,#927,.T.);
#590=EDGE_CURVE('',#784,#785,#928,.F.);
#591=EDGE_CURVE('',#786,#785,#929,.T.);
#592=EDGE_CURVE('',#786,#783,#930,.T.);
#593=EDGE_CURVE('',#785,#787,#62,.T.);
#594=EDGE_CURVE('',#788,#787,#931,.T.);
#595=EDGE_CURVE('',#788,#786,#63,.F.);
#596=EDGE_CURVE('',#787,#789,#932,.T.);
#597=EDGE_CURVE('',#790,#789,#933,.T.);
#598=EDGE_CURVE('',#790,#788,#934,.F.);
#599=EDGE_CURVE('',#789,#791,#64,.T.);
#600=EDGE_CURVE('',#792,#791,#935,.T.);
#601=EDGE_CURVE('',#792,#790,#65,.F.);
#602=EDGE_CURVE('',#791,#793,#936,.T.);
#603=EDGE_CURVE('',#794,#793,#937,.T.);
#604=EDGE_CURVE('',#794,#792,#938,.F.);
#605=EDGE_CURVE('',#793,#795,#66,.T.);
#606=EDGE_CURVE('',#796,#795,#939,.T.);
#607=EDGE_CURVE('',#796,#794,#67,.F.);
#608=EDGE_CURVE('',#795,#797,#940,.F.);
#609=EDGE_CURVE('',#798,#797,#941,.T.);
#610=EDGE_CURVE('',#798,#796,#942,.T.);
#611=EDGE_CURVE('',#797,#784,#68,.T.);
#612=EDGE_CURVE('',#783,#798,#69,.F.);
#613=EDGE_CURVE('',#799,#799,#70,.T.);
#614=EDGE_CURVE('',#800,#801,#943,.F.);
#615=EDGE_CURVE('',#801,#802,#71,.T.);
#616=EDGE_CURVE('',#802,#803,#944,.T.);
#617=EDGE_CURVE('',#803,#804,#72,.T.);
#618=EDGE_CURVE('',#804,#805,#945,.T.);
#619=EDGE_CURVE('',#805,#806,#73,.T.);
#620=EDGE_CURVE('',#806,#807,#946,.F.);
#621=EDGE_CURVE('',#807,#800,#74,.T.);
#622=EDGE_CURVE('',#794,#805,#75,.T.);
#623=EDGE_CURVE('',#806,#796,#76,.T.);
#624=EDGE_CURVE('',#807,#798,#77,.T.);
#625=EDGE_CURVE('',#792,#804,#78,.T.);
#626=EDGE_CURVE('',#800,#783,#79,.T.);
#627=EDGE_CURVE('',#790,#803,#80,.T.);
#628=EDGE_CURVE('',#801,#786,#81,.T.);
#629=EDGE_CURVE('',#788,#802,#82,.T.);
#630=EDGE_CURVE('',#773,#793,#83,.T.);
#631=EDGE_CURVE('',#795,#772,#84,.T.);
#632=EDGE_CURVE('',#797,#771,#85,.T.);
#633=EDGE_CURVE('',#774,#791,#86,.T.);
#634=EDGE_CURVE('',#784,#770,#87,.T.);
#635=EDGE_CURVE('',#767,#789,#88,.T.);
#636=EDGE_CURVE('',#785,#769,#89,.T.);
#637=EDGE_CURVE('',#768,#787,#90,.T.);
#638=EDGE_CURVE('',#808,#744,#947,.T.);
#639=EDGE_CURVE('',#808,#809,#948,.T.);
#640=EDGE_CURVE('',#809,#745,#949,.T.);
#641=EDGE_CURVE('',#810,#748,#950,.T.);
#642=EDGE_CURVE('',#810,#808,#951,.T.);
#643=EDGE_CURVE('',#811,#747,#952,.T.);
#644=EDGE_CURVE('',#811,#810,#953,.T.);
#645=EDGE_CURVE('',#812,#746,#954,.T.);
#646=EDGE_CURVE('',#812,#811,#955,.T.);
#647=EDGE_CURVE('',#809,#812,#956,.T.);
#648=EDGE_CURVE('',#813,#757,#957,.T.);
#649=EDGE_CURVE('',#814,#813,#958,.T.);
#650=EDGE_CURVE('',#814,#759,#959,.T.);
#651=EDGE_CURVE('',#815,#758,#960,.T.);
#652=EDGE_CURVE('',#813,#815,#961,.T.);
#653=EDGE_CURVE('',#816,#761,#962,.T.);
#654=EDGE_CURVE('',#815,#816,#963,.T.);
#655=EDGE_CURVE('',#817,#760,#964,.T.);
#656=EDGE_CURVE('',#816,#817,#965,.T.);
#657=EDGE_CURVE('',#817,#814,#966,.T.);
#658=EDGE_CURVE('',#818,#762,#967,.T.);
#659=EDGE_CURVE('',#818,#819,#968,.T.);
#660=EDGE_CURVE('',#819,#763,#969,.T.);
#661=EDGE_CURVE('',#820,#766,#970,.T.);
#662=EDGE_CURVE('',#820,#818,#971,.T.);
#663=EDGE_CURVE('',#821,#765,#972,.T.);
#664=EDGE_CURVE('',#821,#820,#973,.T.);
#665=EDGE_CURVE('',#822,#764,#974,.T.);
#666=EDGE_CURVE('',#822,#821,#975,.T.);
#667=EDGE_CURVE('',#819,#822,#976,.T.);
#668=EDGE_CURVE('',#823,#738,#977,.T.);
#669=EDGE_CURVE('',#824,#823,#978,.T.);
#670=EDGE_CURVE('',#824,#740,#979,.T.);
#671=EDGE_CURVE('',#825,#739,#980,.T.);
#672=EDGE_CURVE('',#823,#825,#981,.T.);
#673=EDGE_CURVE('',#826,#743,#982,.T.);
#674=EDGE_CURVE('',#825,#826,#983,.T.);
#675=EDGE_CURVE('',#827,#742,#984,.T.);
#676=EDGE_CURVE('',#826,#827,#985,.T.);
#677=EDGE_CURVE('',#828,#741,#986,.T.);
#678=EDGE_CURVE('',#827,#828,#987,.T.);
#679=EDGE_CURVE('',#828,#824,#988,.T.);
#680=EDGE_CURVE('',#829,#829,#91,.T.);
#681=EDGE_CURVE('',#830,#831,#989,.T.);
#682=EDGE_CURVE('',#832,#830,#990,.T.);
#683=EDGE_CURVE('',#833,#832,#991,.T.);
#684=EDGE_CURVE('',#834,#833,#992,.T.);
#685=EDGE_CURVE('',#831,#834,#993,.T.);
#686=EDGE_CURVE('',#834,#835,#994,.T.);
#687=EDGE_CURVE('',#833,#836,#995,.T.);
#688=EDGE_CURVE('',#836,#835,#996,.T.);
#689=EDGE_CURVE('',#831,#837,#997,.T.);
#690=EDGE_CURVE('',#835,#837,#998,.T.);
#691=EDGE_CURVE('',#832,#838,#999,.T.);
#692=EDGE_CURVE('',#838,#836,#1000,.T.);
#693=EDGE_CURVE('',#839,#838,#1001,.T.);
#694=EDGE_CURVE('',#837,#839,#1002,.T.);
#695=EDGE_CURVE('',#830,#839,#1003,.T.);
#696=EDGE_CURVE('',#840,#841,#1004,.T.);
#697=EDGE_CURVE('',#841,#842,#1005,.T.);
#698=EDGE_CURVE('',#842,#843,#1006,.T.);
#699=EDGE_CURVE('',#843,#844,#1007,.T.);
#700=EDGE_CURVE('',#844,#840,#1008,.T.);
#701=EDGE_CURVE('',#845,#846,#1009,.T.);
#702=EDGE_CURVE('',#846,#847,#1010,.T.);
#703=EDGE_CURVE('',#847,#848,#1011,.T.);
#704=EDGE_CURVE('',#848,#849,#1012,.T.);
#705=EDGE_CURVE('',#849,#845,#1013,.T.);
#706=EDGE_CURVE('',#844,#847,#1014,.T.);
#707=EDGE_CURVE('',#840,#846,#1015,.T.);
#708=EDGE_CURVE('',#843,#848,#1016,.T.);
#709=EDGE_CURVE('',#842,#849,#1017,.T.);
#710=EDGE_CURVE('',#841,#845,#1018,.T.);
#711=EDGE_CURVE('',#850,#851,#1019,.T.);
#712=EDGE_CURVE('',#851,#852,#1020,.T.);
#713=EDGE_CURVE('',#852,#853,#1021,.T.);
#714=EDGE_CURVE('',#853,#854,#1022,.T.);
#715=EDGE_CURVE('',#854,#850,#1023,.T.);
#716=EDGE_CURVE('',#855,#856,#1024,.T.);
#717=EDGE_CURVE('',#856,#857,#1025,.T.);
#718=EDGE_CURVE('',#857,#858,#1026,.T.);
#719=EDGE_CURVE('',#858,#859,#1027,.T.);
#720=EDGE_CURVE('',#859,#855,#1028,.T.);
#721=EDGE_CURVE('',#854,#857,#1029,.T.);
#722=EDGE_CURVE('',#850,#856,#1030,.T.);
#723=EDGE_CURVE('',#853,#858,#1031,.T.);
#724=EDGE_CURVE('',#852,#859,#1032,.T.);
#725=EDGE_CURVE('',#851,#855,#1033,.T.);
#726=VERTEX_POINT('',#2352);
#727=VERTEX_POINT('',#2353);
#728=VERTEX_POINT('',#2355);
#729=VERTEX_POINT('',#2357);
#730=VERTEX_POINT('',#2359);
#731=VERTEX_POINT('',#2361);
#732=VERTEX_POINT('',#2365);
#733=VERTEX_POINT('',#2367);
#734=VERTEX_POINT('',#2371);
#735=VERTEX_POINT('',#2375);
#736=VERTEX_POINT('',#2379);
#737=VERTEX_POINT('',#2381);
#738=VERTEX_POINT('',#2391);
#739=VERTEX_POINT('',#2392);
#740=VERTEX_POINT('',#2394);
#741=VERTEX_POINT('',#2396);
#742=VERTEX_POINT('',#2398);
#743=VERTEX_POINT('',#2400);
#744=VERTEX_POINT('',#2403);
#745=VERTEX_POINT('',#2404);
#746=VERTEX_POINT('',#2406);
#747=VERTEX_POINT('',#2408);
#748=VERTEX_POINT('',#2410);
#749=VERTEX_POINT('',#2413);
#750=VERTEX_POINT('',#2414);
#751=VERTEX_POINT('',#2416);
#752=VERTEX_POINT('',#2418);
#753=VERTEX_POINT('',#2420);
#754=VERTEX_POINT('',#2422);
#755=VERTEX_POINT('',#2424);
#756=VERTEX_POINT('',#2426);
#757=VERTEX_POINT('',#2429);
#758=VERTEX_POINT('',#2430);
#759=VERTEX_POINT('',#2432);
#760=VERTEX_POINT('',#2434);
#761=VERTEX_POINT('',#2436);
#762=VERTEX_POINT('',#2439);
#763=VERTEX_POINT('',#2440);
#764=VERTEX_POINT('',#2442);
#765=VERTEX_POINT('',#2444);
#766=VERTEX_POINT('',#2446);
#767=VERTEX_POINT('',#2450);
#768=VERTEX_POINT('',#2451);
#769=VERTEX_POINT('',#2453);
#770=VERTEX_POINT('',#2455);
#771=VERTEX_POINT('',#2457);
#772=VERTEX_POINT('',#2459);
#773=VERTEX_POINT('',#2461);
#774=VERTEX_POINT('',#2463);
#775=VERTEX_POINT('',#2466);
#776=VERTEX_POINT('',#2467);
#777=VERTEX_POINT('',#2469);
#778=VERTEX_POINT('',#2471);
#779=VERTEX_POINT('',#2473);
#780=VERTEX_POINT('',#2475);
#781=VERTEX_POINT('',#2477);
#782=VERTEX_POINT('',#2479);
#783=VERTEX_POINT('',#2499);
#784=VERTEX_POINT('',#2500);
#785=VERTEX_POINT('',#2502);
#786=VERTEX_POINT('',#2504);
#787=VERTEX_POINT('',#2508);
#788=VERTEX_POINT('',#2510);
#789=VERTEX_POINT('',#2514);
#790=VERTEX_POINT('',#2516);
#791=VERTEX_POINT('',#2520);
#792=VERTEX_POINT('',#2522);
#793=VERTEX_POINT('',#2526);
#794=VERTEX_POINT('',#2528);
#795=VERTEX_POINT('',#2532);
#796=VERTEX_POINT('',#2534);
#797=VERTEX_POINT('',#2538);
#798=VERTEX_POINT('',#2540);
#799=VERTEX_POINT('',#2547);
#800=VERTEX_POINT('',#2549);
#801=VERTEX_POINT('',#2550);
#802=VERTEX_POINT('',#2552);
#803=VERTEX_POINT('',#2554);
#804=VERTEX_POINT('',#2556);
#805=VERTEX_POINT('',#2558);
#806=VERTEX_POINT('',#2560);
#807=VERTEX_POINT('',#2562);
#808=VERTEX_POINT('',#2598);
#809=VERTEX_POINT('',#2600);
#810=VERTEX_POINT('',#2604);
#811=VERTEX_POINT('',#2608);
#812=VERTEX_POINT('',#2612);
#813=VERTEX_POINT('',#2619);
#814=VERTEX_POINT('',#2621);
#815=VERTEX_POINT('',#2625);
#816=VERTEX_POINT('',#2629);
#817=VERTEX_POINT('',#2633);
#818=VERTEX_POINT('',#2640);
#819=VERTEX_POINT('',#2642);
#820=VERTEX_POINT('',#2646);
#821=VERTEX_POINT('',#2650);
#822=VERTEX_POINT('',#2654);
#823=VERTEX_POINT('',#2661);
#824=VERTEX_POINT('',#2663);
#825=VERTEX_POINT('',#2667);
#826=VERTEX_POINT('',#2671);
#827=VERTEX_POINT('',#2675);
#828=VERTEX_POINT('',#2679);
#829=VERTEX_POINT('',#2686);
#830=VERTEX_POINT('',#2691);
#831=VERTEX_POINT('',#2692);
#832=VERTEX_POINT('',#2694);
#833=VERTEX_POINT('',#2696);
#834=VERTEX_POINT('',#2698);
#835=VERTEX_POINT('',#2702);
#836=VERTEX_POINT('',#2704);
#837=VERTEX_POINT('',#2708);
#838=VERTEX_POINT('',#2712);
#839=VERTEX_POINT('',#2716);
#840=VERTEX_POINT('',#2724);
#841=VERTEX_POINT('',#2725);
#842=VERTEX_POINT('',#2727);
#843=VERTEX_POINT('',#2729);
#844=VERTEX_POINT('',#2731);
#845=VERTEX_POINT('',#2735);
#846=VERTEX_POINT('',#2736);
#847=VERTEX_POINT('',#2738);
#848=VERTEX_POINT('',#2740);
#849=VERTEX_POINT('',#2742);
#850=VERTEX_POINT('',#2757);
#851=VERTEX_POINT('',#2758);
#852=VERTEX_POINT('',#2760);
#853=VERTEX_POINT('',#2762);
#854=VERTEX_POINT('',#2764);
#855=VERTEX_POINT('',#2768);
#856=VERTEX_POINT('',#2769);
#857=VERTEX_POINT('',#2771);
#858=VERTEX_POINT('',#2773);
#859=VERTEX_POINT('',#2775);
#860=LINE('',#2351,#1034);
#861=LINE('',#2354,#1035);
#862=LINE('',#2356,#1036);
#863=LINE('',#2358,#1037);
#864=LINE('',#2360,#1038);
#865=LINE('',#2362,#1039);
#866=LINE('',#2364,#1040);
#867=LINE('',#2366,#1041);
#868=LINE('',#2368,#1042);
#869=LINE('',#2370,#1043);
#870=LINE('',#2372,#1044);
#871=LINE('',#2374,#1045);
#872=LINE('',#2376,#1046);
#873=LINE('',#2378,#1047);
#874=LINE('',#2380,#1048);
#875=LINE('',#2382,#1049);
#876=LINE('',#2384,#1050);
#877=LINE('',#2386,#1051);
#878=LINE('',#2390,#1052);
#879=LINE('',#2393,#1053);
#880=LINE('',#2395,#1054);
#881=LINE('',#2397,#1055);
#882=LINE('',#2399,#1056);
#883=LINE('',#2401,#1057);
#884=LINE('',#2402,#1058);
#885=LINE('',#2405,#1059);
#886=LINE('',#2407,#1060);
#887=LINE('',#2409,#1061);
#888=LINE('',#2411,#1062);
#889=LINE('',#2412,#1063);
#890=LINE('',#2415,#1064);
#891=LINE('',#2417,#1065);
#892=LINE('',#2419,#1066);
#893=LINE('',#2421,#1067);
#894=LINE('',#2423,#1068);
#895=LINE('',#2425,#1069);
#896=LINE('',#2427,#1070);
#897=LINE('',#2428,#1071);
#898=LINE('',#2431,#1072);
#899=LINE('',#2433,#1073);
#900=LINE('',#2435,#1074);
#901=LINE('',#2437,#1075);
#902=LINE('',#2438,#1076);
#903=LINE('',#2441,#1077);
#904=LINE('',#2443,#1078);
#905=LINE('',#2445,#1079);
#906=LINE('',#2447,#1080);
#907=LINE('',#2449,#1081);
#908=LINE('',#2454,#1082);
#909=LINE('',#2458,#1083);
#910=LINE('',#2462,#1084);
#911=LINE('',#2465,#1085);
#912=LINE('',#2468,#1086);
#913=LINE('',#2470,#1087);
#914=LINE('',#2472,#1088);
#915=LINE('',#2474,#1089);
#916=LINE('',#2476,#1090);
#917=LINE('',#2478,#1091);
#918=LINE('',#2480,#1092);
#919=LINE('',#2482,#1093);
#920=LINE('',#2483,#1094);
#921=LINE('',#2485,#1095);
#922=LINE('',#2487,#1096);
#923=LINE('',#2489,#1097);
#924=LINE('',#2491,#1098);
#925=LINE('',#2493,#1099);
#926=LINE('',#2495,#1100);
#927=LINE('',#2498,#1101);
#928=LINE('',#2501,#1102);
#929=LINE('',#2503,#1103);
#930=LINE('',#2505,#1104);
#931=LINE('',#2509,#1105);
#932=LINE('',#2513,#1106);
#933=LINE('',#2515,#1107);
#934=LINE('',#2517,#1108);
#935=LINE('',#2521,#1109);
#936=LINE('',#2525,#1110);
#937=LINE('',#2527,#1111);
#938=LINE('',#2529,#1112);
#939=LINE('',#2533,#1113);
#940=LINE('',#2537,#1114);
#941=LINE('',#2539,#1115);
#942=LINE('',#2541,#1116);
#943=LINE('',#2548,#1117);
#944=LINE('',#2553,#1118);
#945=LINE('',#2557,#1119);
#946=LINE('',#2561,#1120);
#947=LINE('',#2597,#1121);
#948=LINE('',#2599,#1122);
#949=LINE('',#2601,#1123);
#950=LINE('',#2603,#1124);
#951=LINE('',#2605,#1125);
#952=LINE('',#2607,#1126);
#953=LINE('',#2609,#1127);
#954=LINE('',#2611,#1128);
#955=LINE('',#2613,#1129);
#956=LINE('',#2615,#1130);
#957=LINE('',#2618,#1131);
#958=LINE('',#2620,#1132);
#959=LINE('',#2622,#1133);
#960=LINE('',#2624,#1134);
#961=LINE('',#2626,#1135);
#962=LINE('',#2628,#1136);
#963=LINE('',#2630,#1137);
#964=LINE('',#2632,#1138);
#965=LINE('',#2634,#1139);
#966=LINE('',#2636,#1140);
#967=LINE('',#2639,#1141);
#968=LINE('',#2641,#1142);
#969=LINE('',#2643,#1143);
#970=LINE('',#2645,#1144);
#971=LINE('',#2647,#1145);
#972=LINE('',#2649,#1146);
#973=LINE('',#2651,#1147);
#974=LINE('',#2653,#1148);
#975=LINE('',#2655,#1149);
#976=LINE('',#2657,#1150);
#977=LINE('',#2660,#1151);
#978=LINE('',#2662,#1152);
#979=LINE('',#2664,#1153);
#980=LINE('',#2666,#1154);
#981=LINE('',#2668,#1155);
#982=LINE('',#2670,#1156);
#983=LINE('',#2672,#1157);
#984=LINE('',#2674,#1158);
#985=LINE('',#2676,#1159);
#986=LINE('',#2678,#1160);
#987=LINE('',#2680,#1161);
#988=LINE('',#2682,#1162);
#989=LINE('',#2690,#1163);
#990=LINE('',#2693,#1164);
#991=LINE('',#2695,#1165);
#992=LINE('',#2697,#1166);
#993=LINE('',#2699,#1167);
#994=LINE('',#2701,#1168);
#995=LINE('',#2703,#1169);
#996=LINE('',#2705,#1170);
#997=LINE('',#2707,#1171);
#998=LINE('',#2709,#1172);
#999=LINE('',#2711,#1173);
#1000=LINE('',#2713,#1174);
#1001=LINE('',#2715,#1175);
#1002=LINE('',#2717,#1176);
#1003=LINE('',#2719,#1177);
#1004=LINE('',#2723,#1178);
#1005=LINE('',#2726,#1179);
#1006=LINE('',#2728,#1180);
#1007=LINE('',#2730,#1181);
#1008=LINE('',#2732,#1182);
#1009=LINE('',#2734,#1183);
#1010=LINE('',#2737,#1184);
#1011=LINE('',#2739,#1185);
#1012=LINE('',#2741,#1186);
#1013=LINE('',#2743,#1187);
#1014=LINE('',#2745,#1188);
#1015=LINE('',#2746,#1189);
#1016=LINE('',#2748,#1190);
#1017=LINE('',#2750,#1191);
#1018=LINE('',#2752,#1192);
#1019=LINE('',#2756,#1193);
#1020=LINE('',#2759,#1194);
#1021=LINE('',#2761,#1195);
#1022=LINE('',#2763,#1196);
#1023=LINE('',#2765,#1197);
#1024=LINE('',#2767,#1198);
#1025=LINE('',#2770,#1199);
#1026=LINE('',#2772,#1200);
#1027=LINE('',#2774,#1201);
#1028=LINE('',#2776,#1202);
#1029=LINE('',#2778,#1203);
#1030=LINE('',#2779,#1204);
#1031=LINE('',#2781,#1205);
#1032=LINE('',#2783,#1206);
#1033=LINE('',#2785,#1207);
#1034=VECTOR('',#1919,1.);
#1035=VECTOR('',#1920,1.);
#1036=VECTOR('',#1921,1.);
#1037=VECTOR('',#1922,1.);
#1038=VECTOR('',#1923,1.);
#1039=VECTOR('',#1924,1.);
#1040=VECTOR('',#1927,1.);
#1041=VECTOR('',#1928,1.);
#1042=VECTOR('',#1929,1.);
#1043=VECTOR('',#1932,1.);
#1044=VECTOR('',#1933,1.);
#1045=VECTOR('',#1936,1.);
#1046=VECTOR('',#1937,1.);
#1047=VECTOR('',#1940,1.);
#1048=VECTOR('',#1941,1.);
#1049=VECTOR('',#1942,1.);
#1050=VECTOR('',#1945,1.);
#1051=VECTOR('',#1948,1.);
#1052=VECTOR('',#1955,1.);
#1053=VECTOR('',#1956,1.);
#1054=VECTOR('',#1957,1.);
#1055=VECTOR('',#1958,1.);
#1056=VECTOR('',#1959,1.);
#1057=VECTOR('',#1960,1.);
#1058=VECTOR('',#1961,1.);
#1059=VECTOR('',#1962,1.);
#1060=VECTOR('',#1963,1.);
#1061=VECTOR('',#1964,1.);
#1062=VECTOR('',#1965,1.);
#1063=VECTOR('',#1966,1.);
#1064=VECTOR('',#1967,1.);
#1065=VECTOR('',#1968,1.);
#1066=VECTOR('',#1969,1.);
#1067=VECTOR('',#1970,1.);
#1068=VECTOR('',#1971,1.);
#1069=VECTOR('',#1972,1.);
#1070=VECTOR('',#1973,1.);
#1071=VECTOR('',#1974,1.);
#1072=VECTOR('',#1975,1.);
#1073=VECTOR('',#1976,1.);
#1074=VECTOR('',#1977,1.);
#1075=VECTOR('',#1978,1.);
#1076=VECTOR('',#1979,1.);
#1077=VECTOR('',#1980,1.);
#1078=VECTOR('',#1981,1.);
#1079=VECTOR('',#1982,1.);
#1080=VECTOR('',#1983,1.);
#1081=VECTOR('',#1986,1.);
#1082=VECTOR('',#1989,1.);
#1083=VECTOR('',#1992,1.);
#1084=VECTOR('',#1995,1.);
#1085=VECTOR('',#1998,1.);
#1086=VECTOR('',#1999,1.);
#1087=VECTOR('',#2000,1.);
#1088=VECTOR('',#2001,1.);
#1089=VECTOR('',#2002,1.);
#1090=VECTOR('',#2003,1.);
#1091=VECTOR('',#2004,1.);
#1092=VECTOR('',#2005,1.);
#1093=VECTOR('',#2008,1.);
#1094=VECTOR('',#2009,1.);
#1095=VECTOR('',#2012,1.);
#1096=VECTOR('',#2015,1.);
#1097=VECTOR('',#2018,1.);
#1098=VECTOR('',#2021,1.);
#1099=VECTOR('',#2024,1.);
#1100=VECTOR('',#2027,1.);
#1101=VECTOR('',#2032,1.);
#1102=VECTOR('',#2033,1.);
#1103=VECTOR('',#2034,1.);
#1104=VECTOR('',#2035,1.);
#1105=VECTOR('',#2040,1.);
#1106=VECTOR('',#2045,1.);
#1107=VECTOR('',#2046,1.);
#1108=VECTOR('',#2047,1.);
#1109=VECTOR('',#2052,1.);
#1110=VECTOR('',#2057,1.);
#1111=VECTOR('',#2058,1.);
#1112=VECTOR('',#2059,1.);
#1113=VECTOR('',#2064,1.);
#1114=VECTOR('',#2069,1.);
#1115=VECTOR('',#2070,1.);
#1116=VECTOR('',#2071,1.);
#1117=VECTOR('',#2082,1.);
#1118=VECTOR('',#2085,1.);
#1119=VECTOR('',#2088,1.);
#1120=VECTOR('',#2091,1.);
#1121=VECTOR('',#2160,1.);
#1122=VECTOR('',#2161,1.);
#1123=VECTOR('',#2162,1.);
#1124=VECTOR('',#2165,1.);
#1125=VECTOR('',#2166,1.);
#1126=VECTOR('',#2169,1.);
#1127=VECTOR('',#2170,1.);
#1128=VECTOR('',#2173,1.);
#1129=VECTOR('',#2174,1.);
#1130=VECTOR('',#2177,1.);
#1131=VECTOR('',#2182,1.);
#1132=VECTOR('',#2183,1.);
#1133=VECTOR('',#2184,1.);
#1134=VECTOR('',#2187,1.);
#1135=VECTOR('',#2188,1.);
#1136=VECTOR('',#2191,1.);
#1137=VECTOR('',#2192,1.);
#1138=VECTOR('',#2195,1.);
#1139=VECTOR('',#2196,1.);
#1140=VECTOR('',#2199,1.);
#1141=VECTOR('',#2204,1.);
#1142=VECTOR('',#2205,1.);
#1143=VECTOR('',#2206,1.);
#1144=VECTOR('',#2209,1.);
#1145=VECTOR('',#2210,1.);
#1146=VECTOR('',#2213,1.);
#1147=VECTOR('',#2214,1.);
#1148=VECTOR('',#2217,1.);
#1149=VECTOR('',#2218,1.);
#1150=VECTOR('',#2221,1.);
#1151=VECTOR('',#2226,1.);
#1152=VECTOR('',#2227,1.);
#1153=VECTOR('',#2228,1.);
#1154=VECTOR('',#2231,1.);
#1155=VECTOR('',#2232,1.);
#1156=VECTOR('',#2235,1.);
#1157=VECTOR('',#2236,1.);
#1158=VECTOR('',#2239,1.);
#1159=VECTOR('',#2240,1.);
#1160=VECTOR('',#2243,1.);
#1161=VECTOR('',#2244,1.);
#1162=VECTOR('',#2247,1.);
#1163=VECTOR('',#2260,1.);
#1164=VECTOR('',#2261,1.);
#1165=VECTOR('',#2262,1.);
#1166=VECTOR('',#2263,1.);
#1167=VECTOR('',#2264,1.);
#1168=VECTOR('',#2267,1.);
#1169=VECTOR('',#2268,1.);
#1170=VECTOR('',#2269,1.);
#1171=VECTOR('',#2272,1.);
#1172=VECTOR('',#2273,1.);
#1173=VECTOR('',#2276,1.);
#1174=VECTOR('',#2277,1.);
#1175=VECTOR('',#2280,1.);
#1176=VECTOR('',#2281,1.);
#1177=VECTOR('',#2284,1.);
#1178=VECTOR('',#2291,1.);
#1179=VECTOR('',#2292,1.);
#1180=VECTOR('',#2293,1.);
#1181=VECTOR('',#2294,1.);
#1182=VECTOR('',#2295,1.);
#1183=VECTOR('',#2298,1.);
#1184=VECTOR('',#2299,1.);
#1185=VECTOR('',#2300,1.);
#1186=VECTOR('',#2301,1.);
#1187=VECTOR('',#2302,1.);
#1188=VECTOR('',#2305,1.);
#1189=VECTOR('',#2306,1.);
#1190=VECTOR('',#2309,1.);
#1191=VECTOR('',#2312,1.);
#1192=VECTOR('',#2315,1.);
#1193=VECTOR('',#2322,1.);
#1194=VECTOR('',#2323,1.);
#1195=VECTOR('',#2324,1.);
#1196=VECTOR('',#2325,1.);
#1197=VECTOR('',#2326,1.);
#1198=VECTOR('',#2329,1.);
#1199=VECTOR('',#2330,1.);
#1200=VECTOR('',#2331,1.);
#1201=VECTOR('',#2332,1.);
#1202=VECTOR('',#2333,1.);
#1203=VECTOR('',#2336,1.);
#1204=VECTOR('',#2337,1.);
#1205=VECTOR('',#2340,1.);
#1206=VECTOR('',#2343,1.);
#1207=VECTOR('',#2346,1.);
#1208=EDGE_LOOP('',(#102,#103,#104,#105,#106,#107));
#1209=EDGE_LOOP('',(#108,#109,#110,#111));
#1210=EDGE_LOOP('',(#112,#113,#114,#115));
#1211=EDGE_LOOP('',(#116,#117,#118,#119));
#1212=EDGE_LOOP('',(#120,#121,#122,#123,#124,#125));
#1213=EDGE_LOOP('',(#126,#127,#128,#129));
#1214=EDGE_LOOP('',(#130,#131,#132,#133));
#1215=EDGE_LOOP('',(#134,#135,#136,#137));
#1216=EDGE_LOOP('',(#138,#139,#140,#141,#142,#143));
#1217=EDGE_LOOP('',(#144,#145,#146,#147,#148));
#1218=EDGE_LOOP('',(#149,#150,#151,#152,#153,#154,#155,#156));
#1219=EDGE_LOOP('',(#157,#158,#159,#160,#161));
#1220=EDGE_LOOP('',(#162,#163,#164,#165,#166));
#1221=EDGE_LOOP('',(#167,#168,#169,#170,#171,#172,#173,#174));
#1222=EDGE_LOOP('',(#175,#176,#177,#178,#179,#180,#181,#182));
#1223=EDGE_LOOP('',(#183,#184,#185,#186));
#1224=EDGE_LOOP('',(#187,#188,#189,#190));
#1225=EDGE_LOOP('',(#191,#192,#193,#194));
#1226=EDGE_LOOP('',(#195,#196,#197,#198));
#1227=EDGE_LOOP('',(#199,#200,#201,#202));
#1228=EDGE_LOOP('',(#203,#204,#205,#206));
#1229=EDGE_LOOP('',(#207,#208,#209,#210));
#1230=EDGE_LOOP('',(#211,#212,#213,#214));
#1231=EDGE_LOOP('',(#215,#216,#217,#218));
#1232=EDGE_LOOP('',(#219,#220,#221,#222));
#1233=EDGE_LOOP('',(#223,#224,#225,#226));
#1234=EDGE_LOOP('',(#227,#228,#229,#230));
#1235=EDGE_LOOP('',(#231,#232,#233,#234));
#1236=EDGE_LOOP('',(#235,#236,#237,#238));
#1237=EDGE_LOOP('',(#239,#240,#241,#242));
#1238=EDGE_LOOP('',(#243,#244,#245,#246));
#1239=EDGE_LOOP('',(#247));
#1240=EDGE_LOOP('',(#248,#249,#250,#251,#252,#253,#254,#255));
#1241=EDGE_LOOP('',(#256,#257,#258,#259));
#1242=EDGE_LOOP('',(#260,#261,#262,#263));
#1243=EDGE_LOOP('',(#264,#265,#266,#267));
#1244=EDGE_LOOP('',(#268,#269,#270,#271));
#1245=EDGE_LOOP('',(#272,#273,#274,#275));
#1246=EDGE_LOOP('',(#276,#277,#278,#279));
#1247=EDGE_LOOP('',(#280,#281,#282,#283));
#1248=EDGE_LOOP('',(#284,#285,#286,#287));
#1249=EDGE_LOOP('',(#288,#289,#290,#291));
#1250=EDGE_LOOP('',(#292,#293,#294,#295));
#1251=EDGE_LOOP('',(#296,#297,#298,#299));
#1252=EDGE_LOOP('',(#300,#301,#302,#303));
#1253=EDGE_LOOP('',(#304,#305,#306,#307));
#1254=EDGE_LOOP('',(#308,#309,#310,#311));
#1255=EDGE_LOOP('',(#312,#313,#314,#315));
#1256=EDGE_LOOP('',(#316,#317,#318,#319));
#1257=EDGE_LOOP('',(#320,#321,#322,#323));
#1258=EDGE_LOOP('',(#324,#325,#326,#327));
#1259=EDGE_LOOP('',(#328,#329,#330,#331));
#1260=EDGE_LOOP('',(#332,#333,#334,#335));
#1261=EDGE_LOOP('',(#336,#337,#338,#339));
#1262=EDGE_LOOP('',(#340,#341,#342,#343,#344));
#1263=EDGE_LOOP('',(#345,#346,#347,#348));
#1264=EDGE_LOOP('',(#349,#350,#351,#352));
#1265=EDGE_LOOP('',(#353,#354,#355,#356));
#1266=EDGE_LOOP('',(#357,#358,#359,#360));
#1267=EDGE_LOOP('',(#361,#362,#363,#364));
#1268=EDGE_LOOP('',(#365,#366,#367,#368,#369));
#1269=EDGE_LOOP('',(#370,#371,#372,#373));
#1270=EDGE_LOOP('',(#374,#375,#376,#377));
#1271=EDGE_LOOP('',(#378,#379,#380,#381));
#1272=EDGE_LOOP('',(#382,#383,#384,#385));
#1273=EDGE_LOOP('',(#386,#387,#388,#389));
#1274=EDGE_LOOP('',(#390,#391,#392,#393,#394));
#1275=EDGE_LOOP('',(#395,#396,#397,#398));
#1276=EDGE_LOOP('',(#399,#400,#401,#402));
#1277=EDGE_LOOP('',(#403,#404,#405,#406));
#1278=EDGE_LOOP('',(#407,#408,#409,#410));
#1279=EDGE_LOOP('',(#411,#412,#413,#414));
#1280=EDGE_LOOP('',(#415,#416,#417,#418));
#1281=EDGE_LOOP('',(#419,#420,#421,#422,#423,#424));
#1282=EDGE_LOOP('',(#425));
#1283=EDGE_LOOP('',(#426));
#1284=EDGE_LOOP('',(#427));
#1285=EDGE_LOOP('',(#428,#429,#430,#431,#432));
#1286=EDGE_LOOP('',(#433,#434,#435,#436));
#1287=EDGE_LOOP('',(#437,#438,#439,#440));
#1288=EDGE_LOOP('',(#441,#442,#443,#444));
#1289=EDGE_LOOP('',(#445,#446,#447,#448,#449));
#1290=EDGE_LOOP('',(#450,#451,#452,#453));
#1291=EDGE_LOOP('',(#454,#455,#456,#457));
#1292=EDGE_LOOP('',(#458,#459,#460,#461,#462));
#1293=EDGE_LOOP('',(#463,#464,#465,#466,#467));
#1294=EDGE_LOOP('',(#468,#469,#470,#471));
#1295=EDGE_LOOP('',(#472,#473,#474,#475));
#1296=EDGE_LOOP('',(#476,#477,#478,#479));
#1297=EDGE_LOOP('',(#480,#481,#482,#483));
#1298=EDGE_LOOP('',(#484,#485,#486,#487));
#1299=EDGE_LOOP('',(#488,#489,#490,#491,#492));
#1300=EDGE_LOOP('',(#493,#494,#495,#496,#497));
#1301=EDGE_LOOP('',(#498,#499,#500,#501));
#1302=EDGE_LOOP('',(#502,#503,#504,#505));
#1303=EDGE_LOOP('',(#506,#507,#508,#509));
#1304=EDGE_LOOP('',(#510,#511,#512,#513));
#1305=EDGE_LOOP('',(#514,#515,#516,#517));
#1306=FACE_BOUND('',#1208,.T.);
#1307=FACE_BOUND('',#1209,.T.);
#1308=FACE_BOUND('',#1210,.T.);
#1309=FACE_BOUND('',#1211,.T.);
#1310=FACE_BOUND('',#1212,.T.);
#1311=FACE_BOUND('',#1213,.T.);
#1312=FACE_BOUND('',#1214,.T.);
#1313=FACE_BOUND('',#1215,.T.);
#1314=FACE_BOUND('',#1216,.T.);
#1315=FACE_BOUND('',#1217,.T.);
#1316=FACE_BOUND('',#1218,.T.);
#1317=FACE_BOUND('',#1219,.T.);
#1318=FACE_BOUND('',#1220,.T.);
#1319=FACE_BOUND('',#1221,.T.);
#1320=FACE_BOUND('',#1222,.T.);
#1321=FACE_BOUND('',#1223,.T.);
#1322=FACE_BOUND('',#1224,.T.);
#1323=FACE_BOUND('',#1225,.T.);
#1324=FACE_BOUND('',#1226,.T.);
#1325=FACE_BOUND('',#1227,.T.);
#1326=FACE_BOUND('',#1228,.T.);
#1327=FACE_BOUND('',#1229,.T.);
#1328=FACE_BOUND('',#1230,.T.);
#1329=FACE_BOUND('',#1231,.T.);
#1330=FACE_BOUND('',#1232,.T.);
#1331=FACE_BOUND('',#1233,.T.);
#1332=FACE_BOUND('',#1234,.T.);
#1333=FACE_BOUND('',#1235,.T.);
#1334=FACE_BOUND('',#1236,.T.);
#1335=FACE_BOUND('',#1237,.T.);
#1336=FACE_BOUND('',#1238,.T.);
#1337=FACE_BOUND('',#1239,.T.);
#1338=FACE_BOUND('',#1240,.T.);
#1339=FACE_BOUND('',#1241,.T.);
#1340=FACE_BOUND('',#1242,.T.);
#1341=FACE_BOUND('',#1243,.T.);
#1342=FACE_BOUND('',#1244,.T.);
#1343=FACE_BOUND('',#1245,.T.);
#1344=FACE_BOUND('',#1246,.T.);
#1345=FACE_BOUND('',#1247,.T.);
#1346=FACE_BOUND('',#1248,.T.);
#1347=FACE_BOUND('',#1249,.T.);
#1348=FACE_BOUND('',#1250,.T.);
#1349=FACE_BOUND('',#1251,.T.);
#1350=FACE_BOUND('',#1252,.T.);
#1351=FACE_BOUND('',#1253,.T.);
#1352=FACE_BOUND('',#1254,.T.);
#1353=FACE_BOUND('',#1255,.T.);
#1354=FACE_BOUND('',#1256,.T.);
#1355=FACE_BOUND('',#1257,.T.);
#1356=FACE_BOUND('',#1258,.T.);
#1357=FACE_BOUND('',#1259,.T.);
#1358=FACE_BOUND('',#1260,.T.);
#1359=FACE_BOUND('',#1261,.T.);
#1360=FACE_BOUND('',#1262,.T.);
#1361=FACE_BOUND('',#1263,.T.);
#1362=FACE_BOUND('',#1264,.T.);
#1363=FACE_BOUND('',#1265,.T.);
#1364=FACE_BOUND('',#1266,.T.);
#1365=FACE_BOUND('',#1267,.T.);
#1366=FACE_BOUND('',#1268,.T.);
#1367=FACE_BOUND('',#1269,.T.);
#1368=FACE_BOUND('',#1270,.T.);
#1369=FACE_BOUND('',#1271,.T.);
#1370=FACE_BOUND('',#1272,.T.);
#1371=FACE_BOUND('',#1273,.T.);
#1372=FACE_BOUND('',#1274,.T.);
#1373=FACE_BOUND('',#1275,.T.);
#1374=FACE_BOUND('',#1276,.T.);
#1375=FACE_BOUND('',#1277,.T.);
#1376=FACE_BOUND('',#1278,.T.);
#1377=FACE_BOUND('',#1279,.T.);
#1378=FACE_BOUND('',#1280,.T.);
#1379=FACE_BOUND('',#1281,.T.);
#1380=FACE_BOUND('',#1282,.T.);
#1381=FACE_BOUND('',#1283,.T.);
#1382=FACE_BOUND('',#1284,.T.);
#1383=FACE_BOUND('',#1285,.T.);
#1384=FACE_BOUND('',#1286,.T.);
#1385=FACE_BOUND('',#1287,.T.);
#1386=FACE_BOUND('',#1288,.T.);
#1387=FACE_BOUND('',#1289,.T.);
#1388=FACE_BOUND('',#1290,.T.);
#1389=FACE_BOUND('',#1291,.T.);
#1390=FACE_BOUND('',#1292,.T.);
#1391=FACE_BOUND('',#1293,.T.);
#1392=FACE_BOUND('',#1294,.T.);
#1393=FACE_BOUND('',#1295,.T.);
#1394=FACE_BOUND('',#1296,.T.);
#1395=FACE_BOUND('',#1297,.T.);
#1396=FACE_BOUND('',#1298,.T.);
#1397=FACE_BOUND('',#1299,.T.);
#1398=FACE_BOUND('',#1300,.T.);
#1399=FACE_BOUND('',#1301,.T.);
#1400=FACE_BOUND('',#1302,.T.);
#1401=FACE_BOUND('',#1303,.T.);
#1402=FACE_BOUND('',#1304,.T.);
#1403=FACE_BOUND('',#1305,.T.);
#1404=PLANE('',#1786);
#1405=PLANE('',#1787);
#1406=PLANE('',#1788);
#1407=PLANE('',#1789);
#1408=PLANE('',#1790);
#1409=PLANE('',#1791);
#1410=PLANE('',#1792);
#1411=PLANE('',#1793);
#1412=PLANE('',#1795);
#1413=PLANE('',#1796);
#1414=PLANE('',#1801);
#1415=PLANE('',#1802);
#1416=PLANE('',#1803);
#1417=PLANE('',#1804);
#1418=PLANE('',#1805);
#1419=PLANE('',#1806);
#1420=PLANE('',#1807);
#1421=PLANE('',#1808);
#1422=PLANE('',#1809);
#1423=PLANE('',#1813);
#1424=PLANE('',#1817);
#1425=PLANE('',#1821);
#1426=PLANE('',#1825);
#1427=PLANE('',#1863);
#1428=PLANE('',#1864);
#1429=PLANE('',#1865);
#1430=PLANE('',#1866);
#1431=PLANE('',#1867);
#1432=PLANE('',#1868);
#1433=PLANE('',#1869);
#1434=PLANE('',#1870);
#1435=PLANE('',#1871);
#1436=PLANE('',#1872);
#1437=PLANE('',#1873);
#1438=PLANE('',#1874);
#1439=PLANE('',#1875);
#1440=PLANE('',#1876);
#1441=PLANE('',#1877);
#1442=PLANE('',#1878);
#1443=PLANE('',#1879);
#1444=PLANE('',#1880);
#1445=PLANE('',#1881);
#1446=PLANE('',#1882);
#1447=PLANE('',#1883);
#1448=PLANE('',#1884);
#1449=PLANE('',#1885);
#1450=PLANE('',#1886);
#1451=PLANE('',#1887);
#1452=PLANE('',#1890);
#1453=PLANE('',#1892);
#1454=PLANE('',#1893);
#1455=PLANE('',#1894);
#1456=PLANE('',#1895);
#1457=PLANE('',#1896);
#1458=PLANE('',#1897);
#1459=PLANE('',#1898);
#1460=PLANE('',#1900);
#1461=PLANE('',#1901);
#1462=PLANE('',#1902);
#1463=PLANE('',#1903);
#1464=PLANE('',#1904);
#1465=PLANE('',#1905);
#1466=PLANE('',#1906);
#1467=PLANE('',#1908);
#1468=PLANE('',#1909);
#1469=PLANE('',#1910);
#1470=PLANE('',#1911);
#1471=PLANE('',#1912);
#1472=PLANE('',#1913);
#1473=PLANE('',#1914);
#1474=ADVANCED_FACE('',(#1306),#1404,.F.);
#1475=ADVANCED_FACE('',(#1307),#1405,.F.);
#1476=ADVANCED_FACE('',(#1308),#1406,.F.);
#1477=ADVANCED_FACE('',(#1309),#1407,.F.);
#1478=ADVANCED_FACE('',(#1310),#1408,.F.);
#1479=ADVANCED_FACE('',(#1311),#1409,.F.);
#1480=ADVANCED_FACE('',(#1312),#1410,.F.);
#1481=ADVANCED_FACE('',(#1313),#1411,.F.);
#1482=ADVANCED_FACE('',(#1314,#1315,#1316,#1317,#1318),#1412,.F.);
#1483=ADVANCED_FACE('',(#1319,#1320),#1413,.T.);
#1484=ADVANCED_FACE('',(#1321),#1414,.T.);
#1485=ADVANCED_FACE('',(#1322),#1415,.F.);
#1486=ADVANCED_FACE('',(#1323),#1416,.F.);
#1487=ADVANCED_FACE('',(#1324),#1417,.T.);
#1488=ADVANCED_FACE('',(#1325),#1418,.F.);
#1489=ADVANCED_FACE('',(#1326),#1419,.F.);
#1490=ADVANCED_FACE('',(#1327),#1420,.T.);
#1491=ADVANCED_FACE('',(#1328),#1421,.T.);
#1492=ADVANCED_FACE('Face appearance 1',(#1329),#1422,.T.);
#1493=ADVANCED_FACE('Face appearance 1',(#1330),#18,.T.);
#1494=ADVANCED_FACE('Face appearance 1',(#1331),#1423,.F.);
#1495=ADVANCED_FACE('Face appearance 1',(#1332),#19,.T.);
#1496=ADVANCED_FACE('Face appearance 1',(#1333),#1424,.F.);
#1497=ADVANCED_FACE('Face appearance 1',(#1334),#20,.T.);
#1498=ADVANCED_FACE('Face appearance 1',(#1335),#1425,.T.);
#1499=ADVANCED_FACE('Face appearance 1',(#1336),#21,.T.);
#1500=ADVANCED_FACE('Face appearance 1',(#1337,#1338),#1426,.T.);
#1501=ADVANCED_FACE('Face appearance 1',(#1339),#10,.T.);
#1502=ADVANCED_FACE('Face appearance 1',(#1340),#22,.T.);
#1503=ADVANCED_FACE('Face appearance 1',(#1341),#23,.T.);
#1504=ADVANCED_FACE('Face appearance 1',(#1342),#11,.T.);
#1505=ADVANCED_FACE('Face appearance 1',(#1343),#12,.T.);
#1506=ADVANCED_FACE('Face appearance 1',(#1344),#24,.T.);
#1507=ADVANCED_FACE('Face appearance 1',(#1345),#25,.T.);
#1508=ADVANCED_FACE('Face appearance 1',(#1346),#13,.T.);
#1509=ADVANCED_FACE('Face appearance 2',(#1347),#14,.F.);
#1510=ADVANCED_FACE('Face appearance 2',(#1348),#26,.F.);
#1511=ADVANCED_FACE('Face appearance 2',(#1349),#27,.F.);
#1512=ADVANCED_FACE('Face appearance 2',(#1350),#15,.F.);
#1513=ADVANCED_FACE('Face appearance 2',(#1351),#16,.F.);
#1514=ADVANCED_FACE('Face appearance 2',(#1352),#28,.F.);
#1515=ADVANCED_FACE('Face appearance 2',(#1353),#29,.F.);
#1516=ADVANCED_FACE('Face appearance 2',(#1354),#17,.F.);
#1517=ADVANCED_FACE('',(#1355),#1427,.T.);
#1518=ADVANCED_FACE('',(#1356),#1428,.T.);
#1519=ADVANCED_FACE('',(#1357),#1429,.T.);
#1520=ADVANCED_FACE('',(#1358),#1430,.T.);
#1521=ADVANCED_FACE('',(#1359),#1431,.T.);
#1522=ADVANCED_FACE('',(#1360),#1432,.T.);
#1523=ADVANCED_FACE('',(#1361),#1433,.F.);
#1524=ADVANCED_FACE('',(#1362),#1434,.F.);
#1525=ADVANCED_FACE('',(#1363),#1435,.F.);
#1526=ADVANCED_FACE('',(#1364),#1436,.F.);
#1527=ADVANCED_FACE('',(#1365),#1437,.F.);
#1528=ADVANCED_FACE('',(#1366),#1438,.T.);
#1529=ADVANCED_FACE('',(#1367),#1439,.T.);
#1530=ADVANCED_FACE('',(#1368),#1440,.T.);
#1531=ADVANCED_FACE('',(#1369),#1441,.T.);
#1532=ADVANCED_FACE('',(#1370),#1442,.T.);
#1533=ADVANCED_FACE('',(#1371),#1443,.T.);
#1534=ADVANCED_FACE('',(#1372),#1444,.T.);
#1535=ADVANCED_FACE('',(#1373),#1445,.F.);
#1536=ADVANCED_FACE('',(#1374),#1446,.F.);
#1537=ADVANCED_FACE('',(#1375),#1447,.F.);
#1538=ADVANCED_FACE('',(#1376),#1448,.F.);
#1539=ADVANCED_FACE('',(#1377),#1449,.F.);
#1540=ADVANCED_FACE('',(#1378),#1450,.F.);
#1541=ADVANCED_FACE('',(#1379),#1451,.T.);
#1542=ADVANCED_FACE('Face appearance 4',(#1380,#1381),#30,.F.);
#1543=ADVANCED_FACE('Face appearance 4',(#1382),#1452,.T.);
#1544=ADVANCED_FACE('',(#1383),#1453,.F.);
#1545=ADVANCED_FACE('',(#1384),#1454,.F.);
#1546=ADVANCED_FACE('',(#1385),#1455,.F.);
#1547=ADVANCED_FACE('',(#1386),#1456,.F.);
#1548=ADVANCED_FACE('',(#1387),#1457,.F.);
#1549=ADVANCED_FACE('',(#1388),#1458,.F.);
#1550=ADVANCED_FACE('',(#1389),#1459,.F.);
#1551=ADVANCED_FACE('',(#1390),#1460,.F.);
#1552=ADVANCED_FACE('',(#1391),#1461,.F.);
#1553=ADVANCED_FACE('',(#1392),#1462,.T.);
#1554=ADVANCED_FACE('',(#1393),#1463,.T.);
#1555=ADVANCED_FACE('',(#1394),#1464,.T.);
#1556=ADVANCED_FACE('',(#1395),#1465,.T.);
#1557=ADVANCED_FACE('',(#1396),#1466,.T.);
#1558=ADVANCED_FACE('',(#1397),#1467,.F.);
#1559=ADVANCED_FACE('',(#1398),#1468,.F.);
#1560=ADVANCED_FACE('',(#1399),#1469,.T.);
#1561=ADVANCED_FACE('',(#1400),#1470,.T.);
#1562=ADVANCED_FACE('',(#1401),#1471,.T.);
#1563=ADVANCED_FACE('',(#1402),#1472,.T.);
#1564=ADVANCED_FACE('',(#1403),#1473,.T.);
#1565=CLOSED_SHELL('',(#1474,#1475,#1476,#1477,#1478,#1479,#1480,#1481));
#1566=CLOSED_SHELL('',(#1482,#1483,#1484,#1485,#1486,#1487,#1488,#1489,
#1490,#1491,#1492,#1493,#1494,#1495,#1496,#1497,#1498,#1499,#1500,#1501,
#1502,#1503,#1504,#1505,#1506,#1507,#1508,#1509,#1510,#1511,#1512,#1513,
#1514,#1515,#1516,#1517,#1518,#1519,#1520,#1521,#1522,#1523,#1524,#1525,
#1526,#1527,#1528,#1529,#1530,#1531,#1532,#1533,#1534,#1535,#1536,#1537,
#1538,#1539,#1540,#1541,#1542,#1543));
#1567=CLOSED_SHELL('',(#1544,#1545,#1546,#1547,#1548,#1549,#1550));
#1568=CLOSED_SHELL('',(#1551,#1552,#1553,#1554,#1555,#1556,#1557));
#1569=CLOSED_SHELL('',(#1558,#1559,#1560,#1561,#1562,#1563,#1564));
#1570=STYLED_ITEM('',(#1575),#1770);
#1571=STYLED_ITEM('',(#1576),#1771);
#1572=STYLED_ITEM('',(#1604),#1772);
#1573=STYLED_ITEM('',(#1605),#1773);
#1574=STYLED_ITEM('',(#1606),#1774);
#1575=PRESENTATION_STYLE_ASSIGNMENT((#1607));
#1576=PRESENTATION_STYLE_ASSIGNMENT((#1608));
#1577=PRESENTATION_STYLE_ASSIGNMENT((#1609));
#1578=PRESENTATION_STYLE_ASSIGNMENT((#1610));
#1579=PRESENTATION_STYLE_ASSIGNMENT((#1611));
#1580=PRESENTATION_STYLE_ASSIGNMENT((#1612));
#1581=PRESENTATION_STYLE_ASSIGNMENT((#1613));
#1582=PRESENTATION_STYLE_ASSIGNMENT((#1614));
#1583=PRESENTATION_STYLE_ASSIGNMENT((#1615));
#1584=PRESENTATION_STYLE_ASSIGNMENT((#1616));
#1585=PRESENTATION_STYLE_ASSIGNMENT((#1617));
#1586=PRESENTATION_STYLE_ASSIGNMENT((#1618));
#1587=PRESENTATION_STYLE_ASSIGNMENT((#1619));
#1588=PRESENTATION_STYLE_ASSIGNMENT((#1620));
#1589=PRESENTATION_STYLE_ASSIGNMENT((#1621));
#1590=PRESENTATION_STYLE_ASSIGNMENT((#1622));
#1591=PRESENTATION_STYLE_ASSIGNMENT((#1623));
#1592=PRESENTATION_STYLE_ASSIGNMENT((#1624));
#1593=PRESENTATION_STYLE_ASSIGNMENT((#1625));
#1594=PRESENTATION_STYLE_ASSIGNMENT((#1626));
#1595=PRESENTATION_STYLE_ASSIGNMENT((#1627));
#1596=PRESENTATION_STYLE_ASSIGNMENT((#1628));
#1597=PRESENTATION_STYLE_ASSIGNMENT((#1629));
#1598=PRESENTATION_STYLE_ASSIGNMENT((#1630));
#1599=PRESENTATION_STYLE_ASSIGNMENT((#1631));
#1600=PRESENTATION_STYLE_ASSIGNMENT((#1632));
#1601=PRESENTATION_STYLE_ASSIGNMENT((#1633));
#1602=PRESENTATION_STYLE_ASSIGNMENT((#1634));
#1603=PRESENTATION_STYLE_ASSIGNMENT((#1635));
#1604=PRESENTATION_STYLE_ASSIGNMENT((#1636));
#1605=PRESENTATION_STYLE_ASSIGNMENT((#1637));
#1606=PRESENTATION_STYLE_ASSIGNMENT((#1638));
#1607=SURFACE_STYLE_USAGE(.BOTH.,#1639);
#1608=SURFACE_STYLE_USAGE(.BOTH.,#1640);
#1609=SURFACE_STYLE_USAGE(.BOTH.,#1641);
#1610=SURFACE_STYLE_USAGE(.BOTH.,#1642);
#1611=SURFACE_STYLE_USAGE(.BOTH.,#1643);
#1612=SURFACE_STYLE_USAGE(.BOTH.,#1644);
#1613=SURFACE_STYLE_USAGE(.BOTH.,#1645);
#1614=SURFACE_STYLE_USAGE(.BOTH.,#1646);
#1615=SURFACE_STYLE_USAGE(.BOTH.,#1647);
#1616=SURFACE_STYLE_USAGE(.BOTH.,#1648);
#1617=SURFACE_STYLE_USAGE(.BOTH.,#1649);
#1618=SURFACE_STYLE_USAGE(.BOTH.,#1650);
#1619=SURFACE_STYLE_USAGE(.BOTH.,#1651);
#1620=SURFACE_STYLE_USAGE(.BOTH.,#1652);
#1621=SURFACE_STYLE_USAGE(.BOTH.,#1653);
#1622=SURFACE_STYLE_USAGE(.BOTH.,#1654);
#1623=SURFACE_STYLE_USAGE(.BOTH.,#1655);
#1624=SURFACE_STYLE_USAGE(.BOTH.,#1656);
#1625=SURFACE_STYLE_USAGE(.BOTH.,#1657);
#1626=SURFACE_STYLE_USAGE(.BOTH.,#1658);
#1627=SURFACE_STYLE_USAGE(.BOTH.,#1659);
#1628=SURFACE_STYLE_USAGE(.BOTH.,#1660);
#1629=SURFACE_STYLE_USAGE(.BOTH.,#1661);
#1630=SURFACE_STYLE_USAGE(.BOTH.,#1662);
#1631=SURFACE_STYLE_USAGE(.BOTH.,#1663);
#1632=SURFACE_STYLE_USAGE(.BOTH.,#1664);
#1633=SURFACE_STYLE_USAGE(.BOTH.,#1665);
#1634=SURFACE_STYLE_USAGE(.BOTH.,#1666);
#1635=SURFACE_STYLE_USAGE(.BOTH.,#1667);
#1636=SURFACE_STYLE_USAGE(.BOTH.,#1668);
#1637=SURFACE_STYLE_USAGE(.BOTH.,#1669);
#1638=SURFACE_STYLE_USAGE(.BOTH.,#1670);
#1639=SURFACE_SIDE_STYLE('',(#1671));
#1640=SURFACE_SIDE_STYLE('',(#1672));
#1641=SURFACE_SIDE_STYLE('',(#1673));
#1642=SURFACE_SIDE_STYLE('',(#1674));
#1643=SURFACE_SIDE_STYLE('',(#1675));
#1644=SURFACE_SIDE_STYLE('',(#1676));
#1645=SURFACE_SIDE_STYLE('',(#1677));
#1646=SURFACE_SIDE_STYLE('',(#1678));
#1647=SURFACE_SIDE_STYLE('',(#1679));
#1648=SURFACE_SIDE_STYLE('',(#1680));
#1649=SURFACE_SIDE_STYLE('',(#1681));
#1650=SURFACE_SIDE_STYLE('',(#1682));
#1651=SURFACE_SIDE_STYLE('',(#1683));
#1652=SURFACE_SIDE_STYLE('',(#1684));
#1653=SURFACE_SIDE_STYLE('',(#1685));
#1654=SURFACE_SIDE_STYLE('',(#1686));
#1655=SURFACE_SIDE_STYLE('',(#1687));
#1656=SURFACE_SIDE_STYLE('',(#1688));
#1657=SURFACE_SIDE_STYLE('',(#1689));
#1658=SURFACE_SIDE_STYLE('',(#1690));
#1659=SURFACE_SIDE_STYLE('',(#1691));
#1660=SURFACE_SIDE_STYLE('',(#1692));
#1661=SURFACE_SIDE_STYLE('',(#1693));
#1662=SURFACE_SIDE_STYLE('',(#1694));
#1663=SURFACE_SIDE_STYLE('',(#1695));
#1664=SURFACE_SIDE_STYLE('',(#1696));
#1665=SURFACE_SIDE_STYLE('',(#1697));
#1666=SURFACE_SIDE_STYLE('',(#1698));
#1667=SURFACE_SIDE_STYLE('',(#1699));
#1668=SURFACE_SIDE_STYLE('',(#1700));
#1669=SURFACE_SIDE_STYLE('',(#1701));
#1670=SURFACE_SIDE_STYLE('',(#1702));
#1671=SURFACE_STYLE_FILL_AREA(#1703);
#1672=SURFACE_STYLE_FILL_AREA(#1704);
#1673=SURFACE_STYLE_FILL_AREA(#1705);
#1674=SURFACE_STYLE_FILL_AREA(#1706);
#1675=SURFACE_STYLE_FILL_AREA(#1707);
#1676=SURFACE_STYLE_FILL_AREA(#1708);
#1677=SURFACE_STYLE_FILL_AREA(#1709);
#1678=SURFACE_STYLE_FILL_AREA(#1710);
#1679=SURFACE_STYLE_FILL_AREA(#1711);
#1680=SURFACE_STYLE_FILL_AREA(#1712);
#1681=SURFACE_STYLE_FILL_AREA(#1713);
#1682=SURFACE_STYLE_FILL_AREA(#1714);
#1683=SURFACE_STYLE_FILL_AREA(#1715);
#1684=SURFACE_STYLE_FILL_AREA(#1716);
#1685=SURFACE_STYLE_FILL_AREA(#1717);
#1686=SURFACE_STYLE_FILL_AREA(#1718);
#1687=SURFACE_STYLE_FILL_AREA(#1719);
#1688=SURFACE_STYLE_FILL_AREA(#1720);
#1689=SURFACE_STYLE_FILL_AREA(#1721);
#1690=SURFACE_STYLE_FILL_AREA(#1722);
#1691=SURFACE_STYLE_FILL_AREA(#1723);
#1692=SURFACE_STYLE_FILL_AREA(#1724);
#1693=SURFACE_STYLE_FILL_AREA(#1725);
#1694=SURFACE_STYLE_FILL_AREA(#1726);
#1695=SURFACE_STYLE_FILL_AREA(#1727);
#1696=SURFACE_STYLE_FILL_AREA(#1728);
#1697=SURFACE_STYLE_FILL_AREA(#1729);
#1698=SURFACE_STYLE_FILL_AREA(#1730);
#1699=SURFACE_STYLE_FILL_AREA(#1731);
#1700=SURFACE_STYLE_FILL_AREA(#1732);
#1701=SURFACE_STYLE_FILL_AREA(#1733);
#1702=SURFACE_STYLE_FILL_AREA(#1734);
#1703=FILL_AREA_STYLE('',(#1735));
#1704=FILL_AREA_STYLE('',(#1736));
#1705=FILL_AREA_STYLE('',(#1737));
#1706=FILL_AREA_STYLE('',(#1738));
#1707=FILL_AREA_STYLE('',(#1739));
#1708=FILL_AREA_STYLE('',(#1740));
#1709=FILL_AREA_STYLE('',(#1741));
#1710=FILL_AREA_STYLE('',(#1742));
#1711=FILL_AREA_STYLE('',(#1743));
#1712=FILL_AREA_STYLE('',(#1744));
#1713=FILL_AREA_STYLE('',(#1745));
#1714=FILL_AREA_STYLE('',(#1746));
#1715=FILL_AREA_STYLE('',(#1747));
#1716=FILL_AREA_STYLE('',(#1748));
#1717=FILL_AREA_STYLE('',(#1749));
#1718=FILL_AREA_STYLE('',(#1750));
#1719=FILL_AREA_STYLE('',(#1751));
#1720=FILL_AREA_STYLE('',(#1752));
#1721=FILL_AREA_STYLE('',(#1753));
#1722=FILL_AREA_STYLE('',(#1754));
#1723=FILL_AREA_STYLE('',(#1755));
#1724=FILL_AREA_STYLE('',(#1756));
#1725=FILL_AREA_STYLE('',(#1757));
#1726=FILL_AREA_STYLE('',(#1758));
#1727=FILL_AREA_STYLE('',(#1759));
#1728=FILL_AREA_STYLE('',(#1760));
#1729=FILL_AREA_STYLE('',(#1761));
#1730=FILL_AREA_STYLE('',(#1762));
#1731=FILL_AREA_STYLE('',(#1763));
#1732=FILL_AREA_STYLE('',(#1764));
#1733=FILL_AREA_STYLE('',(#1765));
#1734=FILL_AREA_STYLE('',(#1766));
#1735=FILL_AREA_STYLE_COLOUR('',#1767);
#1736=FILL_AREA_STYLE_COLOUR('',#1768);
#1737=FILL_AREA_STYLE_COLOUR('',#1769);
#1738=FILL_AREA_STYLE_COLOUR('',#1769);
#1739=FILL_AREA_STYLE_COLOUR('',#1769);
#1740=FILL_AREA_STYLE_COLOUR('',#1769);
#1741=FILL_AREA_STYLE_COLOUR('',#1769);
#1742=FILL_AREA_STYLE_COLOUR('',#1769);
#1743=FILL_AREA_STYLE_COLOUR('',#1769);
#1744=FILL_AREA_STYLE_COLOUR('',#1769);
#1745=FILL_AREA_STYLE_COLOUR('',#1769);
#1746=FILL_AREA_STYLE_COLOUR('',#1769);
#1747=FILL_AREA_STYLE_COLOUR('',#1769);
#1748=FILL_AREA_STYLE_COLOUR('',#1769);
#1749=FILL_AREA_STYLE_COLOUR('',#1769);
#1750=FILL_AREA_STYLE_COLOUR('',#1769);
#1751=FILL_AREA_STYLE_COLOUR('',#1769);
#1752=FILL_AREA_STYLE_COLOUR('',#1769);
#1753=FILL_AREA_STYLE_COLOUR('',#1769);
#1754=FILL_AREA_STYLE_COLOUR('',#1767);
#1755=FILL_AREA_STYLE_COLOUR('',#1767);
#1756=FILL_AREA_STYLE_COLOUR('',#1767);
#1757=FILL_AREA_STYLE_COLOUR('',#1767);
#1758=FILL_AREA_STYLE_COLOUR('',#1767);
#1759=FILL_AREA_STYLE_COLOUR('',#1767);
#1760=FILL_AREA_STYLE_COLOUR('',#1767);
#1761=FILL_AREA_STYLE_COLOUR('',#1767);
#1762=FILL_AREA_STYLE_COLOUR('',#1769);
#1763=FILL_AREA_STYLE_COLOUR('',#1769);
#1764=FILL_AREA_STYLE_COLOUR('',#1767);
#1765=FILL_AREA_STYLE_COLOUR('',#1767);
#1766=FILL_AREA_STYLE_COLOUR('',#1767);
#1767=COLOUR_RGB('',0.858823529411765,0.737254901960784,0.494117647058824);
#1768=COLOUR_RGB('',0.2,0.2,0.2);
#1769=COLOUR_RGB('',0.8,0.8,0.8);
#1770=MANIFOLD_SOLID_BREP('Part 12',#1565);
#1771=MANIFOLD_SOLID_BREP('Part 8',#1566);
#1772=MANIFOLD_SOLID_BREP('Part 9',#1567);
#1773=MANIFOLD_SOLID_BREP('Part 10',#1568);
#1774=MANIFOLD_SOLID_BREP('Part 11',#1569);
#1775=SHAPE_DEFINITION_REPRESENTATION(#2817,#1780);
#1776=SHAPE_DEFINITION_REPRESENTATION(#2818,#1781);
#1777=SHAPE_DEFINITION_REPRESENTATION(#2819,#1782);
#1778=SHAPE_DEFINITION_REPRESENTATION(#2820,#1783);
#1779=SHAPE_DEFINITION_REPRESENTATION(#2821,#1784);
#1780=SHAPE_REPRESENTATION('Part 12',(#1785),#2792);
#1781=SHAPE_REPRESENTATION('Part 8',(#1794),#2793);
#1782=SHAPE_REPRESENTATION('Part 9',(#1891),#2794);
#1783=SHAPE_REPRESENTATION('Part 10',(#1899),#2795);
#1784=SHAPE_REPRESENTATION('Part 11',(#1907),#2796);
#1785=AXIS2_PLACEMENT_3D('',#2349,#1915,#1916);
#1786=AXIS2_PLACEMENT_3D('',#2350,#1917,#1918);
#1787=AXIS2_PLACEMENT_3D('',#2363,#1925,#1926);
#1788=AXIS2_PLACEMENT_3D('',#2369,#1930,#1931);
#1789=AXIS2_PLACEMENT_3D('',#2373,#1934,#1935);
#1790=AXIS2_PLACEMENT_3D('',#2377,#1938,#1939);
#1791=AXIS2_PLACEMENT_3D('',#2383,#1943,#1944);
#1792=AXIS2_PLACEMENT_3D('',#2385,#1946,#1947);
#1793=AXIS2_PLACEMENT_3D('',#2387,#1949,#1950);
#1794=AXIS2_PLACEMENT_3D('',#2388,#1951,#1952);
#1795=AXIS2_PLACEMENT_3D('',#2389,#1953,#1954);
#1796=AXIS2_PLACEMENT_3D('',#2448,#1984,#1985);
#1797=AXIS2_PLACEMENT_3D('',#2452,#1987,#1988);
#1798=AXIS2_PLACEMENT_3D('',#2456,#1990,#1991);
#1799=AXIS2_PLACEMENT_3D('',#2460,#1993,#1994);
#1800=AXIS2_PLACEMENT_3D('',#2464,#1996,#1997);
#1801=AXIS2_PLACEMENT_3D('',#2481,#2006,#2007);
#1802=AXIS2_PLACEMENT_3D('',#2484,#2010,#2011);
#1803=AXIS2_PLACEMENT_3D('',#2486,#2013,#2014);
#1804=AXIS2_PLACEMENT_3D('',#2488,#2016,#2017);
#1805=AXIS2_PLACEMENT_3D('',#2490,#2019,#2020);
#1806=AXIS2_PLACEMENT_3D('',#2492,#2022,#2023);
#1807=AXIS2_PLACEMENT_3D('',#2494,#2025,#2026);
#1808=AXIS2_PLACEMENT_3D('',#2496,#2028,#2029);
#1809=AXIS2_PLACEMENT_3D('',#2497,#2030,#2031);
#1810=AXIS2_PLACEMENT_3D('',#2506,#2036,#2037);
#1811=AXIS2_PLACEMENT_3D('',#2507,#2038,#2039);
#1812=AXIS2_PLACEMENT_3D('',#2511,#2041,#2042);
#1813=AXIS2_PLACEMENT_3D('',#2512,#2043,#2044);
#1814=AXIS2_PLACEMENT_3D('',#2518,#2048,#2049);
#1815=AXIS2_PLACEMENT_3D('',#2519,#2050,#2051);
#1816=AXIS2_PLACEMENT_3D('',#2523,#2053,#2054);
#1817=AXIS2_PLACEMENT_3D('',#2524,#2055,#2056);
#1818=AXIS2_PLACEMENT_3D('',#2530,#2060,#2061);
#1819=AXIS2_PLACEMENT_3D('',#2531,#2062,#2063);
#1820=AXIS2_PLACEMENT_3D('',#2535,#2065,#2066);
#1821=AXIS2_PLACEMENT_3D('',#2536,#2067,#2068);
#1822=AXIS2_PLACEMENT_3D('',#2542,#2072,#2073);
#1823=AXIS2_PLACEMENT_3D('',#2543,#2074,#2075);
#1824=AXIS2_PLACEMENT_3D('',#2544,#2076,#2077);
#1825=AXIS2_PLACEMENT_3D('',#2545,#2078,#2079);
#1826=AXIS2_PLACEMENT_3D('',#2546,#2080,#2081);
#1827=AXIS2_PLACEMENT_3D('',#2551,#2083,#2084);
#1828=AXIS2_PLACEMENT_3D('',#2555,#2086,#2087);
#1829=AXIS2_PLACEMENT_3D('',#2559,#2089,#2090);
#1830=AXIS2_PLACEMENT_3D('',#2563,#2092,#2093);
#1831=AXIS2_PLACEMENT_3D('',#2564,#2094,#2095);
#1832=AXIS2_PLACEMENT_3D('',#2565,#2096,#2097);
#1833=AXIS2_PLACEMENT_3D('',#2566,#2098,#2099);
#1834=AXIS2_PLACEMENT_3D('',#2567,#2100,#2101);
#1835=AXIS2_PLACEMENT_3D('',#2568,#2102,#2103);
#1836=AXIS2_PLACEMENT_3D('',#2569,#2104,#2105);
#1837=AXIS2_PLACEMENT_3D('',#2570,#2106,#2107);
#1838=AXIS2_PLACEMENT_3D('',#2571,#2108,#2109);
#1839=AXIS2_PLACEMENT_3D('',#2572,#2110,#2111);
#1840=AXIS2_PLACEMENT_3D('',#2573,#2112,#2113);
#1841=AXIS2_PLACEMENT_3D('',#2574,#2114,#2115);
#1842=AXIS2_PLACEMENT_3D('',#2575,#2116,#2117);
#1843=AXIS2_PLACEMENT_3D('',#2576,#2118,#2119);
#1844=AXIS2_PLACEMENT_3D('',#2577,#2120,#2121);
#1845=AXIS2_PLACEMENT_3D('',#2578,#2122,#2123);
#1846=AXIS2_PLACEMENT_3D('',#2579,#2124,#2125);
#1847=AXIS2_PLACEMENT_3D('',#2580,#2126,#2127);
#1848=AXIS2_PLACEMENT_3D('',#2581,#2128,#2129);
#1849=AXIS2_PLACEMENT_3D('',#2582,#2130,#2131);
#1850=AXIS2_PLACEMENT_3D('',#2583,#2132,#2133);
#1851=AXIS2_PLACEMENT_3D('',#2584,#2134,#2135);
#1852=AXIS2_PLACEMENT_3D('',#2585,#2136,#2137);
#1853=AXIS2_PLACEMENT_3D('',#2586,#2138,#2139);
#1854=AXIS2_PLACEMENT_3D('',#2587,#2140,#2141);
#1855=AXIS2_PLACEMENT_3D('',#2588,#2142,#2143);
#1856=AXIS2_PLACEMENT_3D('',#2589,#2144,#2145);
#1857=AXIS2_PLACEMENT_3D('',#2590,#2146,#2147);
#1858=AXIS2_PLACEMENT_3D('',#2591,#2148,#2149);
#1859=AXIS2_PLACEMENT_3D('',#2592,#2150,#2151);
#1860=AXIS2_PLACEMENT_3D('',#2593,#2152,#2153);
#1861=AXIS2_PLACEMENT_3D('',#2594,#2154,#2155);
#1862=AXIS2_PLACEMENT_3D('',#2595,#2156,#2157);
#1863=AXIS2_PLACEMENT_3D('',#2596,#2158,#2159);
#1864=AXIS2_PLACEMENT_3D('',#2602,#2163,#2164);
#1865=AXIS2_PLACEMENT_3D('',#2606,#2167,#2168);
#1866=AXIS2_PLACEMENT_3D('',#2610,#2171,#2172);
#1867=AXIS2_PLACEMENT_3D('',#2614,#2175,#2176);
#1868=AXIS2_PLACEMENT_3D('',#2616,#2178,#2179);
#1869=AXIS2_PLACEMENT_3D('',#2617,#2180,#2181);
#1870=AXIS2_PLACEMENT_3D('',#2623,#2185,#2186);
#1871=AXIS2_PLACEMENT_3D('',#2627,#2189,#2190);
#1872=AXIS2_PLACEMENT_3D('',#2631,#2193,#2194);
#1873=AXIS2_PLACEMENT_3D('',#2635,#2197,#2198);
#1874=AXIS2_PLACEMENT_3D('',#2637,#2200,#2201);
#1875=AXIS2_PLACEMENT_3D('',#2638,#2202,#2203);
#1876=AXIS2_PLACEMENT_3D('',#2644,#2207,#2208);
#1877=AXIS2_PLACEMENT_3D('',#2648,#2211,#2212);
#1878=AXIS2_PLACEMENT_3D('',#2652,#2215,#2216);
#1879=AXIS2_PLACEMENT_3D('',#2656,#2219,#2220);
#1880=AXIS2_PLACEMENT_3D('',#2658,#2222,#2223);
#1881=AXIS2_PLACEMENT_3D('',#2659,#2224,#2225);
#1882=AXIS2_PLACEMENT_3D('',#2665,#2229,#2230);
#1883=AXIS2_PLACEMENT_3D('',#2669,#2233,#2234);
#1884=AXIS2_PLACEMENT_3D('',#2673,#2237,#2238);
#1885=AXIS2_PLACEMENT_3D('',#2677,#2241,#2242);
#1886=AXIS2_PLACEMENT_3D('',#2681,#2245,#2246);
#1887=AXIS2_PLACEMENT_3D('',#2683,#2248,#2249);
#1888=AXIS2_PLACEMENT_3D('',#2684,#2250,#2251);
#1889=AXIS2_PLACEMENT_3D('',#2685,#2252,#2253);
#1890=AXIS2_PLACEMENT_3D('',#2687,#2254,#2255);
#1891=AXIS2_PLACEMENT_3D('',#2688,#2256,#2257);
#1892=AXIS2_PLACEMENT_3D('',#2689,#2258,#2259);
#1893=AXIS2_PLACEMENT_3D('',#2700,#2265,#2266);
#1894=AXIS2_PLACEMENT_3D('',#2706,#2270,#2271);
#1895=AXIS2_PLACEMENT_3D('',#2710,#2274,#2275);
#1896=AXIS2_PLACEMENT_3D('',#2714,#2278,#2279);
#1897=AXIS2_PLACEMENT_3D('',#2718,#2282,#2283);
#1898=AXIS2_PLACEMENT_3D('',#2720,#2285,#2286);
#1899=AXIS2_PLACEMENT_3D('',#2721,#2287,#2288);
#1900=AXIS2_PLACEMENT_3D('',#2722,#2289,#2290);
#1901=AXIS2_PLACEMENT_3D('',#2733,#2296,#2297);
#1902=AXIS2_PLACEMENT_3D('',#2744,#2303,#2304);
#1903=AXIS2_PLACEMENT_3D('',#2747,#2307,#2308);
#1904=AXIS2_PLACEMENT_3D('',#2749,#2310,#2311);
#1905=AXIS2_PLACEMENT_3D('',#2751,#2313,#2314);
#1906=AXIS2_PLACEMENT_3D('',#2753,#2316,#2317);
#1907=AXIS2_PLACEMENT_3D('',#2754,#2318,#2319);
#1908=AXIS2_PLACEMENT_3D('',#2755,#2320,#2321);
#1909=AXIS2_PLACEMENT_3D('',#2766,#2327,#2328);
#1910=AXIS2_PLACEMENT_3D('',#2777,#2334,#2335);
#1911=AXIS2_PLACEMENT_3D('',#2780,#2338,#2339);
#1912=AXIS2_PLACEMENT_3D('',#2782,#2341,#2342);
#1913=AXIS2_PLACEMENT_3D('',#2784,#2344,#2345);
#1914=AXIS2_PLACEMENT_3D('',#2786,#2347,#2348);
#1915=DIRECTION('',(0.,0.,1.));
#1916=DIRECTION('',(1.,0.,0.));
#1917=DIRECTION('',(0.,0.,1.));
#1918=DIRECTION('',(1.,0.,0.));
#1919=DIRECTION('',(-3.58995334240239E-16,-1.,0.));
#1920=DIRECTION('',(-1.,7.70009953090179E-17,0.));
#1921=DIRECTION('',(-0.707106781186547,0.707106781186548,0.));
#1922=DIRECTION('',(-1.79498237099846E-16,1.,0.));
#1923=DIRECTION('',(1.,0.,0.));
#1924=DIRECTION('',(0.707106781186547,-0.707106781186548,0.));
#1925=DIRECTION('',(0.,1.,0.));
#1926=DIRECTION('',(0.,0.,1.));
#1927=DIRECTION('',(0.,0.,1.));
#1928=DIRECTION('',(0.,0.,1.));
#1929=DIRECTION('',(-1.,0.,0.));
#1930=DIRECTION('',(0.707106781186548,0.707106781186547,0.));
#1931=DIRECTION('',(-0.707106781186547,0.707106781186548,0.));
#1932=DIRECTION('',(0.,0.,1.));
#1933=DIRECTION('',(-0.707106781186547,0.707106781186548,0.));
#1934=DIRECTION('',(-1.,-1.79498237099846E-16,0.));
#1935=DIRECTION('',(1.79498237099846E-16,-1.,0.));
#1936=DIRECTION('',(0.,0.,1.));
#1937=DIRECTION('',(1.79498237099846E-16,-1.,0.));
#1938=DIRECTION('',(0.,0.,-1.));
#1939=DIRECTION('',(1.,0.,0.));
#1940=DIRECTION('',(0.707106781186547,-0.707106781186548,0.));
#1941=DIRECTION('',(1.,-7.70009953090179E-17,0.));
#1942=DIRECTION('',(3.58995334240239E-16,1.,0.));
#1943=DIRECTION('',(-0.707106781186548,-0.707106781186547,0.));
#1944=DIRECTION('',(0.707106781186547,-0.707106781186548,0.));
#1945=DIRECTION('',(0.,0.,1.));
#1946=DIRECTION('',(-7.70009953090179E-17,-1.,0.));
#1947=DIRECTION('',(1.,-7.70009953090179E-17,0.));
#1948=DIRECTION('',(0.,0.,1.));
#1949=DIRECTION('',(1.,-3.58995334240239E-16,0.));
#1950=DIRECTION('',(3.58995334240239E-16,1.,0.));
#1951=DIRECTION('',(0.,0.,1.));
#1952=DIRECTION('',(1.,0.,0.));
#1953=DIRECTION('',(0.,0.,1.));
#1954=DIRECTION('',(1.,0.,0.));
#1955=DIRECTION('',(3.58995334240239E-16,1.,0.));
#1956=DIRECTION('',(-0.707106781186547,0.707106781186548,0.));
#1957=DIRECTION('',(-1.,0.,0.));
#1958=DIRECTION('',(1.79498237099846E-16,-1.,0.));
#1959=DIRECTION('',(0.707106781186547,-0.707106781186548,0.));
#1960=DIRECTION('',(1.,-7.70009953090179E-17,0.));
#1961=DIRECTION('',(-3.58995334240239E-16,-1.,0.));
#1962=DIRECTION('',(1.,-2.4093381610789E-16,0.));
#1963=DIRECTION('',(-2.71050543121377E-16,1.,0.));
#1964=DIRECTION('',(-1.,0.,0.));
#1965=DIRECTION('',(-0.707106781186547,-0.707106781186548,0.));
#1966=DIRECTION('',(-1.,-1.61166743425762E-16,0.));
#1967=DIRECTION('',(-0.707106781186547,0.707106781186548,0.));
#1968=DIRECTION('',(0.,1.,0.));
#1969=DIRECTION('',(-0.707106781186547,-0.707106781186548,0.));
#1970=DIRECTION('',(-1.,-1.61166743425762E-16,0.));
#1971=DIRECTION('',(0.707106781186547,-0.707106781186548,0.));
#1972=DIRECTION('',(0.,1.,0.));
#1973=DIRECTION('',(0.707106781186547,0.707106781186549,0.));
#1974=DIRECTION('',(0.707106781186547,-0.707106781186548,0.));
#1975=DIRECTION('',(1.,0.,0.));
#1976=DIRECTION('',(-2.71050543121377E-16,1.,0.));
#1977=DIRECTION('',(-1.,1.20466908053945E-16,0.));
#1978=DIRECTION('',(0.,-1.,0.));
#1979=DIRECTION('',(2.71050543121377E-16,-1.,0.));
#1980=DIRECTION('',(1.,-3.08003142120281E-16,0.));
#1981=DIRECTION('',(0.707106781186548,0.707106781186548,0.));
#1982=DIRECTION('',(0.,1.,0.));
#1983=DIRECTION('',(-1.,1.20466908053945E-16,0.));
#1984=DIRECTION('',(0.,0.,1.));
#1985=DIRECTION('',(1.,0.,0.));
#1986=DIRECTION('',(0.,1.,0.));
#1987=DIRECTION('',(0.,0.,1.));
#1988=DIRECTION('',(1.,0.,0.));
#1989=DIRECTION('',(-1.,-9.03501810404587E-17,0.));
#1990=DIRECTION('',(0.,0.,1.));
#1991=DIRECTION('',(1.,0.,0.));
#1992=DIRECTION('',(0.,1.,0.));
#1993=DIRECTION('',(0.,0.,1.));
#1994=DIRECTION('',(1.,0.,0.));
#1995=DIRECTION('',(-1.,-1.80700362080917E-16,0.));
#1996=DIRECTION('',(0.,0.,1.));
#1997=DIRECTION('',(1.,0.,0.));
#1998=DIRECTION('',(-1.,-1.61166743425762E-16,0.));
#1999=DIRECTION('',(0.707106781186547,0.707106781186549,0.));
#2000=DIRECTION('',(0.,1.,0.));
#2001=DIRECTION('',(0.707106781186547,-0.707106781186548,0.));
#2002=DIRECTION('',(-1.,-1.61166743425762E-16,0.));
#2003=DIRECTION('',(-0.707106781186547,-0.707106781186548,0.));
#2004=DIRECTION('',(0.,1.,0.));
#2005=DIRECTION('',(-0.707106781186547,0.707106781186548,0.));
#2006=DIRECTION('',(1.61166743425762E-16,-1.,0.));
#2007=DIRECTION('',(1.,1.61166743425762E-16,0.));
#2008=DIRECTION('',(0.,0.,-1.));
#2009=DIRECTION('',(0.,0.,-1.));
#2010=DIRECTION('',(-0.707106781186549,0.707106781186547,0.));
#2011=DIRECTION('',(-0.707106781186547,-0.707106781186549,0.));
#2012=DIRECTION('',(0.,0.,-1.));
#2013=DIRECTION('',(-1.,0.,0.));
#2014=DIRECTION('',(0.,0.,1.));
#2015=DIRECTION('',(0.,0.,-1.));
#2016=DIRECTION('',(0.707106781186548,0.707106781186547,0.));
#2017=DIRECTION('',(-0.707106781186547,0.707106781186548,0.));
#2018=DIRECTION('',(0.,0.,-1.));
#2019=DIRECTION('',(1.61166743425762E-16,-1.,0.));
#2020=DIRECTION('',(1.,1.61166743425762E-16,0.));
#2021=DIRECTION('',(0.,0.,-1.));
#2022=DIRECTION('',(0.707106781186548,-0.707106781186547,0.));
#2023=DIRECTION('',(0.707106781186547,0.707106781186548,0.));
#2024=DIRECTION('',(0.,0.,-1.));
#2025=DIRECTION('',(-1.,0.,0.));
#2026=DIRECTION('',(0.,0.,1.));
#2027=DIRECTION('',(0.,0.,-1.));
#2028=DIRECTION('',(-0.707106781186548,-0.707106781186547,0.));
#2029=DIRECTION('',(0.707106781186547,-0.707106781186548,0.));
#2030=DIRECTION('',(9.03501810404587E-17,-1.,0.));
#2031=DIRECTION('',(1.,9.03501810404587E-17,0.));
#2032=DIRECTION('',(0.,0.,-1.));
#2033=DIRECTION('',(-1.,-9.03501810404587E-17,0.));
#2034=DIRECTION('',(0.,0.,-1.));
#2035=DIRECTION('',(-1.,-9.03501810404587E-17,0.));
#2036=DIRECTION('',(0.,0.,-1.));
#2037=DIRECTION('',(-1.,0.,0.));
#2038=DIRECTION('',(0.,0.,1.));
#2039=DIRECTION('',(1.,0.,0.));
#2040=DIRECTION('',(0.,0.,-1.));
#2041=DIRECTION('',(0.,0.,1.));
#2042=DIRECTION('',(1.,0.,0.));
#2043=DIRECTION('',(-1.,0.,0.));
#2044=DIRECTION('',(0.,0.,1.));
#2045=DIRECTION('',(0.,1.,0.));
#2046=DIRECTION('',(0.,0.,-1.));
#2047=DIRECTION('',(0.,1.,0.));
#2048=DIRECTION('',(0.,0.,-1.));
#2049=DIRECTION('',(-1.,0.,0.));
#2050=DIRECTION('',(0.,0.,1.));
#2051=DIRECTION('',(1.,0.,0.));
#2052=DIRECTION('',(0.,0.,-1.));
#2053=DIRECTION('',(0.,0.,1.));
#2054=DIRECTION('',(1.,0.,0.));
#2055=DIRECTION('',(1.80700362080917E-16,-1.,0.));
#2056=DIRECTION('',(1.,1.80700362080917E-16,0.));
#2057=DIRECTION('',(-1.,-1.80700362080917E-16,0.));
#2058=DIRECTION('',(0.,0.,-1.));
#2059=DIRECTION('',(-1.,-1.80700362080917E-16,0.));
#2060=DIRECTION('',(0.,0.,-1.));
#2061=DIRECTION('',(-1.,0.,0.));
#2062=DIRECTION('',(0.,0.,1.));
#2063=DIRECTION('',(1.,0.,0.));
#2064=DIRECTION('',(0.,0.,-1.));
#2065=DIRECTION('',(0.,0.,1.));
#2066=DIRECTION('',(1.,0.,0.));
#2067=DIRECTION('',(-1.,0.,0.));
#2068=DIRECTION('',(0.,0.,1.));
#2069=DIRECTION('',(0.,1.,0.));
#2070=DIRECTION('',(0.,0.,-1.));
#2071=DIRECTION('',(0.,1.,0.));
#2072=DIRECTION('',(0.,0.,-1.));
#2073=DIRECTION('',(-1.,0.,0.));
#2074=DIRECTION('',(0.,0.,1.));
#2075=DIRECTION('',(1.,0.,0.));
#2076=DIRECTION('',(0.,0.,1.));
#2077=DIRECTION('',(1.,0.,0.));
#2078=DIRECTION('',(0.,0.,1.));
#2079=DIRECTION('',(1.,0.,0.));
#2080=DIRECTION('',(0.,0.,1.));
#2081=DIRECTION('',(1.,0.,0.));
#2082=DIRECTION('',(-1.,-9.03501810404587E-17,0.));
#2083=DIRECTION('',(0.,0.,1.));
#2084=DIRECTION('',(1.,0.,0.));
#2085=DIRECTION('',(0.,1.,0.));
#2086=DIRECTION('',(0.,0.,1.));
#2087=DIRECTION('',(1.,0.,0.));
#2088=DIRECTION('',(-1.,-1.80700362080917E-16,0.));
#2089=DIRECTION('',(0.,0.,1.));
#2090=DIRECTION('',(1.,0.,0.));
#2091=DIRECTION('',(0.,1.,0.));
#2092=DIRECTION('',(0.,0.,1.));
#2093=DIRECTION('',(1.,0.,0.));
#2094=DIRECTION('',(0.,0.,1.));
#2095=DIRECTION('',(1.,0.,0.));
#2096=DIRECTION('',(1.,0.,0.));
#2097=DIRECTION('',(0.,0.,-1.));
#2098=DIRECTION('',(-2.16840434497102E-15,-1.,0.));
#2099=DIRECTION('',(1.,-2.16840434497102E-15,0.));
#2100=DIRECTION('',(0.,1.,0.));
#2101=DIRECTION('',(0.,0.,1.));
#2102=DIRECTION('',(0.,-1.,0.));
#2103=DIRECTION('',(0.,0.,-1.));
#2104=DIRECTION('',(1.,1.80700362080917E-16,0.));
#2105=DIRECTION('',(-1.80700362080917E-16,1.,0.));
#2106=DIRECTION('',(1.,0.,0.));
#2107=DIRECTION('',(0.,0.,-1.));
#2108=DIRECTION('',(0.,0.,1.));
#2109=DIRECTION('',(1.,0.,0.));
#2110=DIRECTION('',(1.,0.,0.));
#2111=DIRECTION('',(0.,0.,-1.));
#2112=DIRECTION('',(0.,0.,1.));
#2113=DIRECTION('',(1.,0.,0.));
#2114=DIRECTION('',(0.,-1.,0.));
#2115=DIRECTION('',(0.,0.,-1.));
#2116=DIRECTION('',(-1.,-9.03501810404587E-17,0.));
#2117=DIRECTION('',(9.03501810404587E-17,-1.,0.));
#2118=DIRECTION('',(1.,0.,0.));
#2119=DIRECTION('',(0.,0.,-1.));
#2120=DIRECTION('',(0.,-1.,0.));
#2121=DIRECTION('',(0.,0.,-1.));
#2122=DIRECTION('',(0.,-1.,2.16840434497101E-15));
#2123=DIRECTION('',(0.,-2.16840434497101E-15,-1.));
#2124=DIRECTION('',(0.,0.,1.));
#2125=DIRECTION('',(1.,0.,0.));
#2126=DIRECTION('',(0.,0.,1.));
#2127=DIRECTION('',(1.,0.,0.));
#2128=DIRECTION('',(-1.,0.,0.));
#2129=DIRECTION('',(0.,0.,1.));
#2130=DIRECTION('',(2.16840434497102E-15,1.,-9.40395480657831E-30));
#2131=DIRECTION('',(-1.,2.16840434497102E-15,0.));
#2132=DIRECTION('',(0.,-1.,0.));
#2133=DIRECTION('',(0.,0.,-1.));
#2134=DIRECTION('',(0.,1.,0.));
#2135=DIRECTION('',(0.,0.,1.));
#2136=DIRECTION('',(-1.,-1.80700362080917E-16,0.));
#2137=DIRECTION('',(1.80700362080917E-16,-1.,0.));
#2138=DIRECTION('',(-1.,0.,0.));
#2139=DIRECTION('',(0.,0.,1.));
#2140=DIRECTION('',(0.,0.,1.));
#2141=DIRECTION('',(1.,0.,0.));
#2142=DIRECTION('',(-1.,0.,0.));
#2143=DIRECTION('',(0.,0.,1.));
#2144=DIRECTION('',(0.,0.,1.));
#2145=DIRECTION('',(1.,0.,0.));
#2146=DIRECTION('',(0.,1.,0.));
#2147=DIRECTION('',(0.,0.,1.));
#2148=DIRECTION('',(1.,9.03501810404587E-17,0.));
#2149=DIRECTION('',(-9.03501810404587E-17,1.,0.));
#2150=DIRECTION('',(-1.,0.,0.));
#2151=DIRECTION('',(0.,0.,1.));
#2152=DIRECTION('',(0.,1.,0.));
#2153=DIRECTION('',(0.,0.,1.));
#2154=DIRECTION('',(2.16840434497102E-15,1.,0.));
#2155=DIRECTION('',(-1.,2.16840434497102E-15,0.));
#2156=DIRECTION('',(0.,0.,1.));
#2157=DIRECTION('',(1.,0.,0.));
#2158=DIRECTION('',(1.,-3.58995334240239E-16,0.));
#2159=DIRECTION('',(3.58995334240239E-16,1.,0.));
#2160=DIRECTION('',(0.,0.,-1.));
#2161=DIRECTION('',(-3.58995334240239E-16,-1.,0.));
#2162=DIRECTION('',(0.,0.,-1.));
#2163=DIRECTION('',(0.707106781186548,-0.707106781186547,0.));
#2164=DIRECTION('',(0.707106781186547,0.707106781186548,0.));
#2165=DIRECTION('',(0.,0.,-1.));
#2166=DIRECTION('',(-0.707106781186547,-0.707106781186548,0.));
#2167=DIRECTION('',(0.,-1.,0.));
#2168=DIRECTION('',(0.,0.,-1.));
#2169=DIRECTION('',(0.,0.,-1.));
#2170=DIRECTION('',(-1.,0.,0.));
#2171=DIRECTION('',(-1.,-2.71050543121377E-16,0.));
#2172=DIRECTION('',(2.71050543121377E-16,-1.,0.));
#2173=DIRECTION('',(0.,0.,-1.));
#2174=DIRECTION('',(-2.71050543121377E-16,1.,0.));
#2175=DIRECTION('',(2.4093381610789E-16,1.,0.));
#2176=DIRECTION('',(-1.,2.4093381610789E-16,0.));
#2177=DIRECTION('',(1.,-2.4093381610789E-16,0.));
#2178=DIRECTION('',(0.,0.,-1.));
#2179=DIRECTION('',(1.,0.,0.));
#2180=DIRECTION('',(0.,1.,0.));
#2181=DIRECTION('',(0.,0.,1.));
#2182=DIRECTION('',(0.,0.,-1.));
#2183=DIRECTION('',(1.,0.,0.));
#2184=DIRECTION('',(0.,0.,-1.));
#2185=DIRECTION('',(0.707106781186548,0.707106781186547,0.));
#2186=DIRECTION('',(-0.707106781186547,0.707106781186548,0.));
#2187=DIRECTION('',(0.,0.,-1.));
#2188=DIRECTION('',(0.707106781186547,-0.707106781186548,0.));
#2189=DIRECTION('',(1.,0.,0.));
#2190=DIRECTION('',(0.,0.,-1.));
#2191=DIRECTION('',(0.,0.,-1.));
#2192=DIRECTION('',(0.,-1.,0.));
#2193=DIRECTION('',(-1.20466908053945E-16,-1.,0.));
#2194=DIRECTION('',(1.,-1.20466908053945E-16,0.));
#2195=DIRECTION('',(0.,0.,-1.));
#2196=DIRECTION('',(-1.,1.20466908053945E-16,0.));
#2197=DIRECTION('',(-1.,-2.71050543121377E-16,0.));
#2198=DIRECTION('',(2.71050543121377E-16,-1.,0.));
#2199=DIRECTION('',(-2.71050543121377E-16,1.,0.));
#2200=DIRECTION('',(0.,0.,-1.));
#2201=DIRECTION('',(1.,0.,0.));
#2202=DIRECTION('',(1.,2.71050543121377E-16,0.));
#2203=DIRECTION('',(-2.71050543121377E-16,1.,0.));
#2204=DIRECTION('',(0.,0.,-1.));
#2205=DIRECTION('',(2.71050543121377E-16,-1.,0.));
#2206=DIRECTION('',(0.,0.,-1.));
#2207=DIRECTION('',(-1.20466908053945E-16,-1.,0.));
#2208=DIRECTION('',(1.,-1.20466908053945E-16,0.));
#2209=DIRECTION('',(0.,0.,-1.));
#2210=DIRECTION('',(-1.,1.20466908053945E-16,0.));
#2211=DIRECTION('',(-1.,0.,0.));
#2212=DIRECTION('',(0.,0.,1.));
#2213=DIRECTION('',(0.,0.,-1.));
#2214=DIRECTION('',(0.,1.,0.));
#2215=DIRECTION('',(-0.707106781186548,0.707106781186548,0.));
#2216=DIRECTION('',(-0.707106781186548,-0.707106781186548,0.));
#2217=DIRECTION('',(0.,0.,-1.));
#2218=DIRECTION('',(0.707106781186548,0.707106781186548,0.));
#2219=DIRECTION('',(3.08003142120281E-16,1.,0.));
#2220=DIRECTION('',(-1.,3.08003142120281E-16,0.));
#2221=DIRECTION('',(1.,-3.08003142120281E-16,0.));
#2222=DIRECTION('',(0.,0.,-1.));
#2223=DIRECTION('',(1.,0.,0.));
#2224=DIRECTION('',(-0.707106781186548,-0.707106781186547,0.));
#2225=DIRECTION('',(0.707106781186547,-0.707106781186548,0.));
#2226=DIRECTION('',(0.,0.,-1.));
#2227=DIRECTION('',(-0.707106781186547,0.707106781186548,0.));
#2228=DIRECTION('',(0.,0.,-1.));
#2229=DIRECTION('',(-1.,3.58995334240239E-16,0.));
#2230=DIRECTION('',(-3.58995334240239E-16,-1.,0.));
#2231=DIRECTION('',(0.,0.,-1.));
#2232=DIRECTION('',(3.58995334240239E-16,1.,0.));
#2233=DIRECTION('',(7.70009953090179E-17,1.,0.));
#2234=DIRECTION('',(-1.,7.70009953090179E-17,0.));
#2235=DIRECTION('',(0.,0.,-1.));
#2236=DIRECTION('',(1.,-7.70009953090179E-17,0.));
#2237=DIRECTION('',(0.707106781186548,0.707106781186547,0.));
#2238=DIRECTION('',(-0.707106781186547,0.707106781186548,0.));
#2239=DIRECTION('',(0.,0.,-1.));
#2240=DIRECTION('',(0.707106781186547,-0.707106781186548,0.));
#2241=DIRECTION('',(1.,1.79498237099846E-16,0.));
#2242=DIRECTION('',(-1.79498237099846E-16,1.,0.));
#2243=DIRECTION('',(0.,0.,-1.));
#2244=DIRECTION('',(1.79498237099846E-16,-1.,0.));
#2245=DIRECTION('',(0.,-1.,0.));
#2246=DIRECTION('',(0.,0.,-1.));
#2247=DIRECTION('',(-1.,0.,0.));
#2248=DIRECTION('',(0.,0.,-1.));
#2249=DIRECTION('',(1.,0.,0.));
#2250=DIRECTION('',(0.,0.,1.));
#2251=DIRECTION('',(1.,0.,0.));
#2252=DIRECTION('',(0.,0.,1.));
#2253=DIRECTION('',(1.,0.,0.));
#2254=DIRECTION('',(0.,0.,1.));
#2255=DIRECTION('',(1.,0.,0.));
#2256=DIRECTION('',(0.,0.,1.));
#2257=DIRECTION('',(1.,0.,0.));
#2258=DIRECTION('',(0.,0.,1.));
#2259=DIRECTION('',(1.,0.,0.));
#2260=DIRECTION('',(-0.707106781186547,0.707106781186548,0.));
#2261=DIRECTION('',(0.,1.,0.));
#2262=DIRECTION('',(1.,-1.20466908053945E-16,0.));
#2263=DIRECTION('',(2.71050543121377E-16,-1.,0.));
#2264=DIRECTION('',(-1.,0.,0.));
#2265=DIRECTION('',(1.,2.71050543121377E-16,0.));
#2266=DIRECTION('',(-2.71050543121377E-16,1.,0.));
#2267=DIRECTION('',(0.,0.,1.));
#2268=DIRECTION('',(0.,0.,1.));
#2269=DIRECTION('',(-2.71050543121377E-16,1.,0.));
#2270=DIRECTION('',(0.,-1.,0.));
#2271=DIRECTION('',(0.,0.,-1.));
#2272=DIRECTION('',(0.,0.,1.));
#2273=DIRECTION('',(1.,0.,0.));
#2274=DIRECTION('',(1.20466908053945E-16,1.,0.));
#2275=DIRECTION('',(-1.,1.20466908053945E-16,0.));
#2276=DIRECTION('',(0.,0.,1.));
#2277=DIRECTION('',(-1.,1.20466908053945E-16,0.));
#2278=DIRECTION('',(0.,0.,-1.));
#2279=DIRECTION('',(1.,0.,0.));
#2280=DIRECTION('',(0.,-1.,0.));
#2281=DIRECTION('',(0.707106781186547,-0.707106781186548,0.));
#2282=DIRECTION('',(-1.,0.,0.));
#2283=DIRECTION('',(0.,0.,1.));
#2284=DIRECTION('',(0.,0.,1.));
#2285=DIRECTION('',(-0.707106781186548,-0.707106781186547,0.));
#2286=DIRECTION('',(0.707106781186547,-0.707106781186548,0.));
#2287=DIRECTION('',(0.,0.,1.));
#2288=DIRECTION('',(1.,0.,0.));
#2289=DIRECTION('',(0.,0.,1.));
#2290=DIRECTION('',(1.,0.,0.));
#2291=DIRECTION('',(-2.71050543121377E-16,1.,0.));
#2292=DIRECTION('',(1.,-1.20466908053945E-16,0.));
#2293=DIRECTION('',(0.,-1.,0.));
#2294=DIRECTION('',(-0.707106781186548,-0.707106781186548,0.));
#2295=DIRECTION('',(-1.,3.08003142120281E-16,0.));
#2296=DIRECTION('',(0.,0.,-1.));
#2297=DIRECTION('',(1.,0.,0.));
#2298=DIRECTION('',(2.71050543121377E-16,-1.,0.));
#2299=DIRECTION('',(1.,-3.08003142120281E-16,0.));
#2300=DIRECTION('',(0.707106781186548,0.707106781186548,0.));
#2301=DIRECTION('',(0.,1.,0.));
#2302=DIRECTION('',(-1.,1.20466908053945E-16,0.));
#2303=DIRECTION('',(-3.08003142120281E-16,-1.,0.));
#2304=DIRECTION('',(1.,-3.08003142120281E-16,0.));
#2305=DIRECTION('',(0.,0.,1.));
#2306=DIRECTION('',(0.,0.,1.));
#2307=DIRECTION('',(0.707106781186548,-0.707106781186548,0.));
#2308=DIRECTION('',(0.707106781186548,0.707106781186548,0.));
#2309=DIRECTION('',(0.,0.,1.));
#2310=DIRECTION('',(1.,0.,0.));
#2311=DIRECTION('',(0.,0.,-1.));
#2312=DIRECTION('',(0.,0.,1.));
#2313=DIRECTION('',(1.20466908053945E-16,1.,0.));
#2314=DIRECTION('',(-1.,1.20466908053945E-16,0.));
#2315=DIRECTION('',(0.,0.,1.));
#2316=DIRECTION('',(-1.,-2.71050543121377E-16,0.));
#2317=DIRECTION('',(2.71050543121377E-16,-1.,0.));
#2318=DIRECTION('',(0.,0.,1.));
#2319=DIRECTION('',(1.,0.,0.));
#2320=DIRECTION('',(0.,0.,1.));
#2321=DIRECTION('',(1.,0.,0.));
#2322=DIRECTION('',(3.58995334240239E-16,1.,0.));
#2323=DIRECTION('',(0.707106781186547,0.707106781186548,0.));
#2324=DIRECTION('',(1.,0.,0.));
#2325=DIRECTION('',(2.71050543121377E-16,-1.,0.));
#2326=DIRECTION('',(-1.,2.4093381610789E-16,0.));
#2327=DIRECTION('',(0.,0.,-1.));
#2328=DIRECTION('',(1.,0.,0.));
#2329=DIRECTION('',(-3.58995334240239E-16,-1.,0.));
#2330=DIRECTION('',(1.,-2.4093381610789E-16,0.));
#2331=DIRECTION('',(-2.71050543121377E-16,1.,0.));
#2332=DIRECTION('',(-1.,0.,0.));
#2333=DIRECTION('',(-0.707106781186547,-0.707106781186548,0.));
#2334=DIRECTION('',(-2.4093381610789E-16,-1.,0.));
#2335=DIRECTION('',(1.,-2.4093381610789E-16,0.));
#2336=DIRECTION('',(0.,0.,1.));
#2337=DIRECTION('',(0.,0.,1.));
#2338=DIRECTION('',(1.,2.71050543121377E-16,0.));
#2339=DIRECTION('',(-2.71050543121377E-16,1.,0.));
#2340=DIRECTION('',(0.,0.,1.));
#2341=DIRECTION('',(0.,1.,0.));
#2342=DIRECTION('',(0.,0.,1.));
#2343=DIRECTION('',(0.,0.,1.));
#2344=DIRECTION('',(-0.707106781186548,0.707106781186547,0.));
#2345=DIRECTION('',(-0.707106781186547,-0.707106781186548,0.));
#2346=DIRECTION('',(0.,0.,1.));
#2347=DIRECTION('',(-1.,3.58995334240239E-16,0.));
#2348=DIRECTION('',(-3.58995334240239E-16,-1.,0.));
#2349=CARTESIAN_POINT('',(0.,0.,0.));
#2350=CARTESIAN_POINT('',(8.67361737988404E-19,8.67361737988404E-19,0.));
#2351=CARTESIAN_POINT('',(-0.0015,-0.000652010101267767,0.));
#2352=CARTESIAN_POINT('',(-0.0015,-0.00035,0.));
#2353=CARTESIAN_POINT('',(-0.0015,-0.000954020202535534,0.));
#2354=CARTESIAN_POINT('',(-0.00114799085773683,-0.00035,0.));
#2355=CARTESIAN_POINT('',(-0.000795981715473664,-0.00035,0.));
#2356=CARTESIAN_POINT('',(-0.000697990857736832,-0.000447990857736832,0.));
#2357=CARTESIAN_POINT('',(-0.0006,-0.000545981715473664,0.));
#2358=CARTESIAN_POINT('',(-0.0006,-0.000847990857736832,0.));
#2359=CARTESIAN_POINT('',(-0.0006,-0.00115,0.));
#2360=CARTESIAN_POINT('',(-0.000952010101267767,-0.00115,0.));
#2361=CARTESIAN_POINT('',(-0.00130402020253553,-0.00115,0.));
#2362=CARTESIAN_POINT('',(-0.00140201010126777,-0.00105201010126777,0.));
#2363=CARTESIAN_POINT('',(-0.000952010101267767,-0.00115,-2.E-6));
#2364=CARTESIAN_POINT('',(-0.00130402020253553,-0.00115,-2.E-6));
#2365=CARTESIAN_POINT('',(-0.00130402020253553,-0.00115,0.0001));
#2366=CARTESIAN_POINT('',(-0.0006,-0.00115,-2.E-6));
#2367=CARTESIAN_POINT('',(-0.0006,-0.00115,0.0001));
#2368=CARTESIAN_POINT('',(-0.000952010101267767,-0.00115,0.0001));
#2369=CARTESIAN_POINT('',(-0.00140201010126777,-0.00105201010126777,-2.E-6));
#2370=CARTESIAN_POINT('',(-0.0015,-0.000954020202535534,-2.E-6));
#2371=CARTESIAN_POINT('',(-0.0015,-0.000954020202535534,0.0001));
#2372=CARTESIAN_POINT('',(-0.00140201010126777,-0.00105201010126777,0.0001));
#2373=CARTESIAN_POINT('',(-0.0006,-0.000847990857736832,-2.E-6));
#2374=CARTESIAN_POINT('',(-0.0006,-0.000545981715473664,-2.E-6));
#2375=CARTESIAN_POINT('',(-0.0006,-0.000545981715473664,0.0001));
#2376=CARTESIAN_POINT('',(-0.0006,-0.000847990857736832,0.0001));
#2377=CARTESIAN_POINT('',(-8.67361737988404E-19,8.67361737988404E-19,0.0001));
#2378=CARTESIAN_POINT('',(-0.000697990857736832,-0.000447990857736832,0.0001));
#2379=CARTESIAN_POINT('',(-0.000795981715473664,-0.00035,0.0001));
#2380=CARTESIAN_POINT('',(-0.00114799085773683,-0.00035,0.0001));
#2381=CARTESIAN_POINT('',(-0.0015,-0.00035,0.0001));
#2382=CARTESIAN_POINT('',(-0.0015,-0.000652010101267767,0.0001));
#2383=CARTESIAN_POINT('',(-0.000697990857736832,-0.000447990857736832,-2.E-6));
#2384=CARTESIAN_POINT('',(-0.000795981715473664,-0.00035,-2.E-6));
#2385=CARTESIAN_POINT('',(-0.00114799085773683,-0.00035,-2.E-6));
#2386=CARTESIAN_POINT('',(-0.0015,-0.00035,-2.E-6));
#2387=CARTESIAN_POINT('',(-0.0015,-0.000652010101267767,-2.E-6));
#2388=CARTESIAN_POINT('',(0.,0.,0.));
#2389=CARTESIAN_POINT('',(8.67361737988404E-19,8.67361737988404E-19,0.));
#2390=CARTESIAN_POINT('',(-0.0015,-0.000652010101267767,0.));
#2391=CARTESIAN_POINT('',(-0.0015,-0.000954020202535534,0.));
#2392=CARTESIAN_POINT('',(-0.0015,-0.00035,0.));
#2393=CARTESIAN_POINT('',(-0.00140201010126777,-0.00105201010126777,0.));
#2394=CARTESIAN_POINT('',(-0.00130402020253553,-0.00115,0.));
#2395=CARTESIAN_POINT('',(-0.000952010101267767,-0.00115,0.));
#2396=CARTESIAN_POINT('',(-0.0006,-0.00115,0.));
#2397=CARTESIAN_POINT('',(-0.0006,-0.000847990857736832,0.));
#2398=CARTESIAN_POINT('',(-0.0006,-0.000545981715473664,0.));
#2399=CARTESIAN_POINT('',(-0.000697990857736832,-0.000447990857736832,0.));
#2400=CARTESIAN_POINT('',(-0.000795981715473664,-0.00035,0.));
#2401=CARTESIAN_POINT('',(-0.00114799085773683,-0.00035,0.));
#2402=CARTESIAN_POINT('',(-0.0015,0.000652010101267768,0.));
#2403=CARTESIAN_POINT('',(-0.0015,0.000954020202535535,0.));
#2404=CARTESIAN_POINT('',(-0.0015,0.00035,0.));
#2405=CARTESIAN_POINT('',(-0.00105,0.00035,0.));
#2406=CARTESIAN_POINT('',(-0.0006,0.00035,0.));
#2407=CARTESIAN_POINT('',(-0.0006,0.00075,0.));
#2408=CARTESIAN_POINT('',(-0.0006,0.00115,0.));
#2409=CARTESIAN_POINT('',(-0.000952010101267767,0.00115,0.));
#2410=CARTESIAN_POINT('',(-0.00130402020253553,0.00115,0.));
#2411=CARTESIAN_POINT('',(-0.00140201010126777,0.00105201010126777,0.));
#2412=CARTESIAN_POINT('',(-2.16840434497101E-19,-0.00125,0.));
#2413=CARTESIAN_POINT('',(0.00134544155877284,-0.00125,0.));
#2414=CARTESIAN_POINT('',(-0.00134544155877284,-0.00125,0.));
#2415=CARTESIAN_POINT('',(-0.00147272077938642,-0.00112272077938642,0.));
#2416=CARTESIAN_POINT('',(-0.0016,-0.000995441558772843,0.));
#2417=CARTESIAN_POINT('',(-0.0016,0.,0.));
#2418=CARTESIAN_POINT('',(-0.0016,0.000995441558772843,0.));
#2419=CARTESIAN_POINT('',(-0.00147272077938642,0.00112272077938642,0.));
#2420=CARTESIAN_POINT('',(-0.00134544155877284,0.00125,0.));
#2421=CARTESIAN_POINT('',(0.,0.00125,0.));
#2422=CARTESIAN_POINT('',(0.00134544155877284,0.00125,0.));
#2423=CARTESIAN_POINT('',(0.00147272077938642,0.00112272077938642,0.));
#2424=CARTESIAN_POINT('',(0.0016,0.000995441558772843,0.));
#2425=CARTESIAN_POINT('',(0.0016,4.33680868994202E-19,0.));
#2426=CARTESIAN_POINT('',(0.0016,-0.000995441558772842,0.));
#2427=CARTESIAN_POINT('',(0.00147272077938642,-0.00112272077938642,0.));
#2428=CARTESIAN_POINT('',(0.00140201010126777,0.00105201010126777,0.));
#2429=CARTESIAN_POINT('',(0.00130402020253553,0.00115,0.));
#2430=CARTESIAN_POINT('',(0.0015,0.000954020202535534,0.));
#2431=CARTESIAN_POINT('',(0.000952010101267767,0.00115,0.));
#2432=CARTESIAN_POINT('',(0.0006,0.00115,0.));
#2433=CARTESIAN_POINT('',(0.0006,0.00075,0.));
#2434=CARTESIAN_POINT('',(0.0006,0.00035,0.));
#2435=CARTESIAN_POINT('',(0.00105,0.00035,0.));
#2436=CARTESIAN_POINT('',(0.0015,0.00035,0.));
#2437=CARTESIAN_POINT('',(0.0015,0.000652010101267767,0.));
#2438=CARTESIAN_POINT('',(0.0006,-0.00075,0.));
#2439=CARTESIAN_POINT('',(0.0006,-0.00035,0.));
#2440=CARTESIAN_POINT('',(0.0006,-0.00115,0.));
#2441=CARTESIAN_POINT('',(0.000952010101267767,-0.00115,0.));
#2442=CARTESIAN_POINT('',(0.00130402020253553,-0.00115,0.));
#2443=CARTESIAN_POINT('',(0.00140201010126777,-0.00105201010126777,0.));
#2444=CARTESIAN_POINT('',(0.0015,-0.000954020202535535,0.));
#2445=CARTESIAN_POINT('',(0.0015,-0.000652010101267768,0.));
#2446=CARTESIAN_POINT('',(0.0015,-0.00035,0.));
#2447=CARTESIAN_POINT('',(0.00105,-0.00035,0.));
#2448=CARTESIAN_POINT('',(8.67361737988404E-19,8.67361737988404E-19,0.0006));
#2449=CARTESIAN_POINT('',(0.0015,8.67361737988404E-19,0.0006));
#2450=CARTESIAN_POINT('',(0.0015,0.00085,0.0006));
#2451=CARTESIAN_POINT('',(0.0015,-0.00085,0.0006));
#2452=CARTESIAN_POINT('',(0.0012,-0.00085,0.0006));
#2453=CARTESIAN_POINT('',(0.0012,-0.00115,0.0006));
#2454=CARTESIAN_POINT('',(-0.0012,-0.00115,0.0006));
#2455=CARTESIAN_POINT('',(-0.0012,-0.00115,0.0006));
#2456=CARTESIAN_POINT('',(-0.0012,-0.00085,0.0006));
#2457=CARTESIAN_POINT('',(-0.0015,-0.00085,0.0006));
#2458=CARTESIAN_POINT('',(-0.0015,0.00085,0.0006));
#2459=CARTESIAN_POINT('',(-0.0015,0.00085,0.0006));
#2460=CARTESIAN_POINT('',(-0.0012,0.00085,0.0006));
#2461=CARTESIAN_POINT('',(-0.0012,0.00115,0.0006));
#2462=CARTESIAN_POINT('',(6.59556321595349E-19,0.00115,0.0006));
#2463=CARTESIAN_POINT('',(0.0012,0.00115,0.0006));
#2464=CARTESIAN_POINT('',(0.0012,0.00085,0.0006));
#2465=CARTESIAN_POINT('',(-2.16840434497101E-19,-0.00125,0.0006));
#2466=CARTESIAN_POINT('',(0.00134544155877284,-0.00125,0.0006));
#2467=CARTESIAN_POINT('',(-0.00134544155877284,-0.00125,0.0006));
#2468=CARTESIAN_POINT('',(0.00147272077938642,-0.00112272077938642,0.0006));
#2469=CARTESIAN_POINT('',(0.0016,-0.000995441558772842,0.0006));
#2470=CARTESIAN_POINT('',(0.0016,4.33680868994202E-19,0.0006));
#2471=CARTESIAN_POINT('',(0.0016,0.000995441558772843,0.0006));
#2472=CARTESIAN_POINT('',(0.00147272077938642,0.00112272077938642,0.0006));
#2473=CARTESIAN_POINT('',(0.00134544155877284,0.00125,0.0006));
#2474=CARTESIAN_POINT('',(0.,0.00125,0.0006));
#2475=CARTESIAN_POINT('',(-0.00134544155877284,0.00125,0.0006));
#2476=CARTESIAN_POINT('',(-0.00147272077938642,0.00112272077938642,0.0006));
#2477=CARTESIAN_POINT('',(-0.0016,0.000995441558772843,0.0006));
#2478=CARTESIAN_POINT('',(-0.0016,0.,0.0006));
#2479=CARTESIAN_POINT('',(-0.0016,-0.000995441558772843,0.0006));
#2480=CARTESIAN_POINT('',(-0.00147272077938642,-0.00112272077938642,0.0006));
#2481=CARTESIAN_POINT('',(-2.16840434497101E-19,-0.00125,0.0006));
#2482=CARTESIAN_POINT('',(0.00134544155877284,-0.00125,0.0006));
#2483=CARTESIAN_POINT('',(-0.00134544155877284,-0.00125,0.0006));
#2484=CARTESIAN_POINT('',(0.00147272077938642,-0.00112272077938642,0.0006));
#2485=CARTESIAN_POINT('',(0.0016,-0.000995441558772842,0.0006));
#2486=CARTESIAN_POINT('',(0.0016,4.33680868994202E-19,0.0006));
#2487=CARTESIAN_POINT('',(0.0016,0.000995441558772843,0.0006));
#2488=CARTESIAN_POINT('',(0.00147272077938642,0.00112272077938642,0.0006));
#2489=CARTESIAN_POINT('',(0.00134544155877284,0.00125,0.0006));
#2490=CARTESIAN_POINT('',(0.,0.00125,0.0006));
#2491=CARTESIAN_POINT('',(-0.00134544155877284,0.00125,0.0006));
#2492=CARTESIAN_POINT('',(-0.00147272077938642,0.00112272077938642,0.0006));
#2493=CARTESIAN_POINT('',(-0.0016,0.000995441558772843,0.0006));
#2494=CARTESIAN_POINT('',(-0.0016,0.,0.0006));
#2495=CARTESIAN_POINT('',(-0.0016,-0.000995441558772843,0.0006));
#2496=CARTESIAN_POINT('',(-0.00147272077938642,-0.00112272077938642,0.0006));
#2497=CARTESIAN_POINT('',(-2.16840434497101E-19,-0.0011,0.0008));
#2498=CARTESIAN_POINT('',(-0.0012,-0.0011,0.0008));
#2499=CARTESIAN_POINT('',(-0.0012,-0.0011,0.00075));
#2500=CARTESIAN_POINT('',(-0.0012,-0.0011,0.00065));
#2501=CARTESIAN_POINT('',(0.0012,-0.0011,0.00065));
#2502=CARTESIAN_POINT('',(0.0012,-0.0011,0.00065));
#2503=CARTESIAN_POINT('',(0.0012,-0.0011,0.0008));
#2504=CARTESIAN_POINT('',(0.0012,-0.0011,0.00075));
#2505=CARTESIAN_POINT('',(-2.16840434497101E-19,-0.0011,0.00075));
#2506=CARTESIAN_POINT('',(0.0012,-0.00085,0.0008));
#2507=CARTESIAN_POINT('',(0.0012,-0.00085,0.00065));
#2508=CARTESIAN_POINT('',(0.00145,-0.00085,0.00065));
#2509=CARTESIAN_POINT('',(0.00145,-0.00085,0.0008));
#2510=CARTESIAN_POINT('',(0.00145,-0.00085,0.00075));
#2511=CARTESIAN_POINT('',(0.0012,-0.00085,0.00075));
#2512=CARTESIAN_POINT('',(0.00145,2.16840434497101E-19,0.0008));
#2513=CARTESIAN_POINT('',(0.00145,2.16840434497101E-19,0.00065));
#2514=CARTESIAN_POINT('',(0.00145,0.00085,0.00065));
#2515=CARTESIAN_POINT('',(0.00145,0.00085,0.0008));
#2516=CARTESIAN_POINT('',(0.00145,0.00085,0.00075));
#2517=CARTESIAN_POINT('',(0.00145,-0.00085,0.00075));
#2518=CARTESIAN_POINT('',(0.0012,0.00085,0.0008));
#2519=CARTESIAN_POINT('',(0.0012,0.00085,0.00065));
#2520=CARTESIAN_POINT('',(0.0012,0.0011,0.00065));
#2521=CARTESIAN_POINT('',(0.0012,0.0011,0.0008));
#2522=CARTESIAN_POINT('',(0.0012,0.0011,0.00075));
#2523=CARTESIAN_POINT('',(0.0012,0.00085,0.00075));
#2524=CARTESIAN_POINT('',(-2.16840434497101E-19,0.0011,0.0008));
#2525=CARTESIAN_POINT('',(-2.16840434497101E-19,0.0011,0.00065));
#2526=CARTESIAN_POINT('',(-0.0012,0.0011,0.00065));
#2527=CARTESIAN_POINT('',(-0.0012,0.0011,0.0008));
#2528=CARTESIAN_POINT('',(-0.0012,0.0011,0.00075));
#2529=CARTESIAN_POINT('',(0.0012,0.0011,0.00075));
#2530=CARTESIAN_POINT('',(-0.0012,0.00085,0.0008));
#2531=CARTESIAN_POINT('',(-0.0012,0.00085,0.00065));
#2532=CARTESIAN_POINT('',(-0.00145,0.00085,0.00065));
#2533=CARTESIAN_POINT('',(-0.00145,0.00085,0.0008));
#2534=CARTESIAN_POINT('',(-0.00145,0.00085,0.00075));
#2535=CARTESIAN_POINT('',(-0.0012,0.00085,0.00075));
#2536=CARTESIAN_POINT('',(-0.00145,-1.0842021724855E-19,0.0008));
#2537=CARTESIAN_POINT('',(-0.00145,-0.00085,0.00065));
#2538=CARTESIAN_POINT('',(-0.00145,-0.00085,0.00065));
#2539=CARTESIAN_POINT('',(-0.00145,-0.00085,0.0008));
#2540=CARTESIAN_POINT('',(-0.00145,-0.00085,0.00075));
#2541=CARTESIAN_POINT('',(-0.00145,-1.0842021724855E-19,0.00075));
#2542=CARTESIAN_POINT('',(-0.0012,-0.00085,0.0008));
#2543=CARTESIAN_POINT('',(-0.0012,-0.00085,0.00065));
#2544=CARTESIAN_POINT('',(-0.0012,-0.00085,0.00075));
#2545=CARTESIAN_POINT('',(8.67361737988404E-19,8.67361737988404E-19,0.0008));
#2546=CARTESIAN_POINT('',(-0.0012,-0.00085,0.0008));
#2547=CARTESIAN_POINT('',(-0.0011,-0.00085,0.0008));
#2548=CARTESIAN_POINT('',(9.62229428080885E-19,-0.00105,0.0008));
#2549=CARTESIAN_POINT('',(-0.0012,-0.00105,0.0008));
#2550=CARTESIAN_POINT('',(0.0012,-0.00105,0.0008));
#2551=CARTESIAN_POINT('',(0.0012,-0.00085,0.0008));
#2552=CARTESIAN_POINT('',(0.0014,-0.00085,0.0008));
#2553=CARTESIAN_POINT('',(0.0014,0.00085,0.0008));
#2554=CARTESIAN_POINT('',(0.0014,0.00085,0.0008));
#2555=CARTESIAN_POINT('',(0.0012,0.00085,0.0008));
#2556=CARTESIAN_POINT('',(0.0012,0.00105,0.0008));
#2557=CARTESIAN_POINT('',(-0.0012,0.00105,0.0008));
#2558=CARTESIAN_POINT('',(-0.0012,0.00105,0.0008));
#2559=CARTESIAN_POINT('',(-0.0012,0.00085,0.0008));
#2560=CARTESIAN_POINT('',(-0.0014,0.00085,0.0008));
#2561=CARTESIAN_POINT('',(-0.0014,8.67361737988404E-19,0.0008));
#2562=CARTESIAN_POINT('',(-0.0014,-0.00085,0.0008));
#2563=CARTESIAN_POINT('',(-0.0012,-0.00085,0.0008));
#2564=CARTESIAN_POINT('',(-0.0012,0.00085,0.00075));
#2565=CARTESIAN_POINT('',(-0.0012,0.00105,0.00075));
#2566=CARTESIAN_POINT('',(-0.0014,0.00085,0.00075));
#2567=CARTESIAN_POINT('',(-0.0014,-1.0842021724855E-19,0.00075));
#2568=CARTESIAN_POINT('',(-0.0014,-0.00085,0.00075));
#2569=CARTESIAN_POINT('',(6.7762635780344E-19,0.00105,0.00075));
#2570=CARTESIAN_POINT('',(0.0012,0.00105,0.00075));
#2571=CARTESIAN_POINT('',(-0.0012,-0.00085,0.00075));
#2572=CARTESIAN_POINT('',(-0.0012,-0.00105,0.00075));
#2573=CARTESIAN_POINT('',(0.0012,0.00085,0.00075));
#2574=CARTESIAN_POINT('',(0.0014,0.00085,0.00075));
#2575=CARTESIAN_POINT('',(-2.21357943549124E-19,-0.00105,0.00075));
#2576=CARTESIAN_POINT('',(0.0012,-0.00105,0.00075));
#2577=CARTESIAN_POINT('',(0.0014,8.67361737988404E-19,0.00075));
#2578=CARTESIAN_POINT('',(0.0014,-0.00085,0.00075));
#2579=CARTESIAN_POINT('',(0.0012,-0.00085,0.00075));
#2580=CARTESIAN_POINT('',(-0.0012,0.00085,0.00065));
#2581=CARTESIAN_POINT('',(-0.0012,0.00115,0.00065));
#2582=CARTESIAN_POINT('',(-0.0015,0.00085,0.00065));
#2583=CARTESIAN_POINT('',(-0.0015,8.67361737988404E-19,0.00065));
#2584=CARTESIAN_POINT('',(-0.0015,-0.00085,0.00065));
#2585=CARTESIAN_POINT('',(-2.25875452601147E-19,0.00115,0.00065));
#2586=CARTESIAN_POINT('',(0.0012,0.00115,0.00065));
#2587=CARTESIAN_POINT('',(-0.0012,-0.00085,0.00065));
#2588=CARTESIAN_POINT('',(-0.0012,-0.00115,0.00065));
#2589=CARTESIAN_POINT('',(0.0012,0.00085,0.00065));
#2590=CARTESIAN_POINT('',(0.0015,0.00085,0.00065));
#2591=CARTESIAN_POINT('',(9.71264446184931E-19,-0.00115,0.00065));
#2592=CARTESIAN_POINT('',(0.0012,-0.00115,0.00065));
#2593=CARTESIAN_POINT('',(0.0015,2.16840434497101E-19,0.00065));
#2594=CARTESIAN_POINT('',(0.0015,-0.00085,0.00065));
#2595=CARTESIAN_POINT('',(0.0012,-0.00085,0.00065));
#2596=CARTESIAN_POINT('',(-0.0015,0.000652010101267768,0.0001));
#2597=CARTESIAN_POINT('',(-0.0015,0.000954020202535535,0.0001));
#2598=CARTESIAN_POINT('',(-0.0015,0.000954020202535535,0.0001));
#2599=CARTESIAN_POINT('',(-0.0015,0.000652010101267768,0.0001));
#2600=CARTESIAN_POINT('',(-0.0015,0.00035,0.0001));
#2601=CARTESIAN_POINT('',(-0.0015,0.00035,0.0001));
#2602=CARTESIAN_POINT('',(-0.00140201010126777,0.00105201010126777,0.0001));
#2603=CARTESIAN_POINT('',(-0.00130402020253553,0.00115,0.0001));
#2604=CARTESIAN_POINT('',(-0.00130402020253553,0.00115,0.0001));
#2605=CARTESIAN_POINT('',(-0.00140201010126777,0.00105201010126777,0.0001));
#2606=CARTESIAN_POINT('',(-0.000952010101267767,0.00115,0.0001));
#2607=CARTESIAN_POINT('',(-0.0006,0.00115,0.0001));
#2608=CARTESIAN_POINT('',(-0.0006,0.00115,0.0001));
#2609=CARTESIAN_POINT('',(-0.000952010101267767,0.00115,0.0001));
#2610=CARTESIAN_POINT('',(-0.0006,0.00075,0.0001));
#2611=CARTESIAN_POINT('',(-0.0006,0.00035,0.0001));
#2612=CARTESIAN_POINT('',(-0.0006,0.00035,0.0001));
#2613=CARTESIAN_POINT('',(-0.0006,0.00075,0.0001));
#2614=CARTESIAN_POINT('',(-0.00105,0.00035,0.0001));
#2615=CARTESIAN_POINT('',(-0.00105,0.00035,0.0001));
#2616=CARTESIAN_POINT('',(-8.67361737988404E-19,8.67361737988404E-19,0.0001));
#2617=CARTESIAN_POINT('',(0.000952010101267767,0.00115,0.0001));
#2618=CARTESIAN_POINT('',(0.00130402020253553,0.00115,0.0001));
#2619=CARTESIAN_POINT('',(0.00130402020253553,0.00115,0.0001));
#2620=CARTESIAN_POINT('',(0.000952010101267767,0.00115,0.0001));
#2621=CARTESIAN_POINT('',(0.0006,0.00115,0.0001));
#2622=CARTESIAN_POINT('',(0.0006,0.00115,0.0001));
#2623=CARTESIAN_POINT('',(0.00140201010126777,0.00105201010126777,0.0001));
#2624=CARTESIAN_POINT('',(0.0015,0.000954020202535534,0.0001));
#2625=CARTESIAN_POINT('',(0.0015,0.000954020202535534,0.0001));
#2626=CARTESIAN_POINT('',(0.00140201010126777,0.00105201010126777,0.0001));
#2627=CARTESIAN_POINT('',(0.0015,0.000652010101267767,0.0001));
#2628=CARTESIAN_POINT('',(0.0015,0.00035,0.0001));
#2629=CARTESIAN_POINT('',(0.0015,0.00035,0.0001));
#2630=CARTESIAN_POINT('',(0.0015,0.000652010101267767,0.0001));
#2631=CARTESIAN_POINT('',(0.00105,0.00035,0.0001));
#2632=CARTESIAN_POINT('',(0.0006,0.00035,0.0001));
#2633=CARTESIAN_POINT('',(0.0006,0.00035,0.0001));
#2634=CARTESIAN_POINT('',(0.00105,0.00035,0.0001));
#2635=CARTESIAN_POINT('',(0.0006,0.00075,0.0001));
#2636=CARTESIAN_POINT('',(0.0006,0.00075,0.0001));
#2637=CARTESIAN_POINT('',(-8.67361737988404E-19,8.67361737988404E-19,0.0001));
#2638=CARTESIAN_POINT('',(0.0006,-0.00075,0.0001));
#2639=CARTESIAN_POINT('',(0.0006,-0.00035,0.0001));
#2640=CARTESIAN_POINT('',(0.0006,-0.00035,0.0001));
#2641=CARTESIAN_POINT('',(0.0006,-0.00075,0.0001));
#2642=CARTESIAN_POINT('',(0.0006,-0.00115,0.0001));
#2643=CARTESIAN_POINT('',(0.0006,-0.00115,0.0001));
#2644=CARTESIAN_POINT('',(0.00105,-0.00035,0.0001));
#2645=CARTESIAN_POINT('',(0.0015,-0.00035,0.0001));
#2646=CARTESIAN_POINT('',(0.0015,-0.00035,0.0001));
#2647=CARTESIAN_POINT('',(0.00105,-0.00035,0.0001));
#2648=CARTESIAN_POINT('',(0.0015,-0.000652010101267768,0.0001));
#2649=CARTESIAN_POINT('',(0.0015,-0.000954020202535535,0.0001));
#2650=CARTESIAN_POINT('',(0.0015,-0.000954020202535535,0.0001));
#2651=CARTESIAN_POINT('',(0.0015,-0.000652010101267768,0.0001));
#2652=CARTESIAN_POINT('',(0.00140201010126777,-0.00105201010126777,0.0001));
#2653=CARTESIAN_POINT('',(0.00130402020253553,-0.00115,0.0001));
#2654=CARTESIAN_POINT('',(0.00130402020253553,-0.00115,0.0001));
#2655=CARTESIAN_POINT('',(0.00140201010126777,-0.00105201010126777,0.0001));
#2656=CARTESIAN_POINT('',(0.000952010101267767,-0.00115,0.0001));
#2657=CARTESIAN_POINT('',(0.000952010101267767,-0.00115,0.0001));
#2658=CARTESIAN_POINT('',(-8.67361737988404E-19,8.67361737988404E-19,0.0001));
#2659=CARTESIAN_POINT('',(-0.00140201010126777,-0.00105201010126777,0.0001));
#2660=CARTESIAN_POINT('',(-0.0015,-0.000954020202535534,0.0001));
#2661=CARTESIAN_POINT('',(-0.0015,-0.000954020202535534,0.0001));
#2662=CARTESIAN_POINT('',(-0.00140201010126777,-0.00105201010126777,0.0001));
#2663=CARTESIAN_POINT('',(-0.00130402020253553,-0.00115,0.0001));
#2664=CARTESIAN_POINT('',(-0.00130402020253553,-0.00115,0.0001));
#2665=CARTESIAN_POINT('',(-0.0015,-0.000652010101267767,0.0001));
#2666=CARTESIAN_POINT('',(-0.0015,-0.00035,0.0001));
#2667=CARTESIAN_POINT('',(-0.0015,-0.00035,0.0001));
#2668=CARTESIAN_POINT('',(-0.0015,-0.000652010101267767,0.0001));
#2669=CARTESIAN_POINT('',(-0.00114799085773683,-0.00035,0.0001));
#2670=CARTESIAN_POINT('',(-0.000795981715473664,-0.00035,0.0001));
#2671=CARTESIAN_POINT('',(-0.000795981715473664,-0.00035,0.0001));
#2672=CARTESIAN_POINT('',(-0.00114799085773683,-0.00035,0.0001));
#2673=CARTESIAN_POINT('',(-0.000697990857736832,-0.000447990857736832,0.0001));
#2674=CARTESIAN_POINT('',(-0.0006,-0.000545981715473664,0.0001));
#2675=CARTESIAN_POINT('',(-0.0006,-0.000545981715473664,0.0001));
#2676=CARTESIAN_POINT('',(-0.000697990857736832,-0.000447990857736832,0.0001));
#2677=CARTESIAN_POINT('',(-0.0006,-0.000847990857736832,0.0001));
#2678=CARTESIAN_POINT('',(-0.0006,-0.00115,0.0001));
#2679=CARTESIAN_POINT('',(-0.0006,-0.00115,0.0001));
#2680=CARTESIAN_POINT('',(-0.0006,-0.000847990857736832,0.0001));
#2681=CARTESIAN_POINT('',(-0.000952010101267767,-0.00115,0.0001));
#2682=CARTESIAN_POINT('',(-0.000952010101267767,-0.00115,0.0001));
#2683=CARTESIAN_POINT('',(-8.67361737988404E-19,8.67361737988404E-19,0.0001));
#2684=CARTESIAN_POINT('',(-0.0012,-0.00085,0.00079));
#2685=CARTESIAN_POINT('',(-0.0012,-0.00085,0.00079));
#2686=CARTESIAN_POINT('',(-0.0011,-0.00085,0.00079));
#2687=CARTESIAN_POINT('',(0.,0.,0.00079));
#2688=CARTESIAN_POINT('',(0.,0.,0.));
#2689=CARTESIAN_POINT('',(8.67361737988404E-19,8.67361737988404E-19,0.));
#2690=CARTESIAN_POINT('',(0.00140201010126777,0.00105201010126777,0.));
#2691=CARTESIAN_POINT('',(0.0015,0.000954020202535534,0.));
#2692=CARTESIAN_POINT('',(0.00130402020253553,0.00115,0.));
#2693=CARTESIAN_POINT('',(0.0015,0.000652010101267767,0.));
#2694=CARTESIAN_POINT('',(0.0015,0.00035,0.));
#2695=CARTESIAN_POINT('',(0.00105,0.00035,0.));
#2696=CARTESIAN_POINT('',(0.0006,0.00035,0.));
#2697=CARTESIAN_POINT('',(0.0006,0.00075,0.));
#2698=CARTESIAN_POINT('',(0.0006,0.00115,0.));
#2699=CARTESIAN_POINT('',(0.000952010101267767,0.00115,0.));
#2700=CARTESIAN_POINT('',(0.0006,0.00075,-2.E-6));
#2701=CARTESIAN_POINT('',(0.0006,0.00115,-2.E-6));
#2702=CARTESIAN_POINT('',(0.0006,0.00115,0.0001));
#2703=CARTESIAN_POINT('',(0.0006,0.00035,-2.E-6));
#2704=CARTESIAN_POINT('',(0.0006,0.00035,0.0001));
#2705=CARTESIAN_POINT('',(0.0006,0.00075,0.0001));
#2706=CARTESIAN_POINT('',(0.000952010101267767,0.00115,-2.E-6));
#2707=CARTESIAN_POINT('',(0.00130402020253553,0.00115,-2.E-6));
#2708=CARTESIAN_POINT('',(0.00130402020253553,0.00115,0.0001));
#2709=CARTESIAN_POINT('',(0.000952010101267767,0.00115,0.0001));
#2710=CARTESIAN_POINT('',(0.00105,0.00035,-2.E-6));
#2711=CARTESIAN_POINT('',(0.0015,0.00035,-2.E-6));
#2712=CARTESIAN_POINT('',(0.0015,0.00035,0.0001));
#2713=CARTESIAN_POINT('',(0.00105,0.00035,0.0001));
#2714=CARTESIAN_POINT('',(-8.67361737988404E-19,8.67361737988404E-19,0.0001));
#2715=CARTESIAN_POINT('',(0.0015,0.000652010101267767,0.0001));
#2716=CARTESIAN_POINT('',(0.0015,0.000954020202535534,0.0001));
#2717=CARTESIAN_POINT('',(0.00140201010126777,0.00105201010126777,0.0001));
#2718=CARTESIAN_POINT('',(0.0015,0.000652010101267767,-2.E-6));
#2719=CARTESIAN_POINT('',(0.0015,0.000954020202535534,-2.E-6));
#2720=CARTESIAN_POINT('',(0.00140201010126777,0.00105201010126777,-2.E-6));
#2721=CARTESIAN_POINT('',(0.,0.,0.));
#2722=CARTESIAN_POINT('',(8.67361737988404E-19,8.67361737988404E-19,0.));
#2723=CARTESIAN_POINT('',(0.0006,-0.00075,0.));
#2724=CARTESIAN_POINT('',(0.0006,-0.00115,0.));
#2725=CARTESIAN_POINT('',(0.0006,-0.00035,0.));
#2726=CARTESIAN_POINT('',(0.00105,-0.00035,0.));
#2727=CARTESIAN_POINT('',(0.0015,-0.00035,0.));
#2728=CARTESIAN_POINT('',(0.0015,-0.000652010101267768,0.));
#2729=CARTESIAN_POINT('',(0.0015,-0.000954020202535535,0.));
#2730=CARTESIAN_POINT('',(0.00140201010126777,-0.00105201010126777,0.));
#2731=CARTESIAN_POINT('',(0.00130402020253553,-0.00115,0.));
#2732=CARTESIAN_POINT('',(0.000952010101267767,-0.00115,0.));
#2733=CARTESIAN_POINT('',(-8.67361737988404E-19,8.67361737988404E-19,0.0001));
#2734=CARTESIAN_POINT('',(0.0006,-0.00075,0.0001));
#2735=CARTESIAN_POINT('',(0.0006,-0.00035,0.0001));
#2736=CARTESIAN_POINT('',(0.0006,-0.00115,0.0001));
#2737=CARTESIAN_POINT('',(0.000952010101267767,-0.00115,0.0001));
#2738=CARTESIAN_POINT('',(0.00130402020253553,-0.00115,0.0001));
#2739=CARTESIAN_POINT('',(0.00140201010126777,-0.00105201010126777,0.0001));
#2740=CARTESIAN_POINT('',(0.0015,-0.000954020202535535,0.0001));
#2741=CARTESIAN_POINT('',(0.0015,-0.000652010101267768,0.0001));
#2742=CARTESIAN_POINT('',(0.0015,-0.00035,0.0001));
#2743=CARTESIAN_POINT('',(0.00105,-0.00035,0.0001));
#2744=CARTESIAN_POINT('',(0.000952010101267767,-0.00115,-2.E-6));
#2745=CARTESIAN_POINT('',(0.00130402020253553,-0.00115,-2.E-6));
#2746=CARTESIAN_POINT('',(0.0006,-0.00115,-2.E-6));
#2747=CARTESIAN_POINT('',(0.00140201010126777,-0.00105201010126777,-2.E-6));
#2748=CARTESIAN_POINT('',(0.0015,-0.000954020202535535,-2.E-6));
#2749=CARTESIAN_POINT('',(0.0015,-0.000652010101267768,-2.E-6));
#2750=CARTESIAN_POINT('',(0.0015,-0.00035,-2.E-6));
#2751=CARTESIAN_POINT('',(0.00105,-0.00035,-2.E-6));
#2752=CARTESIAN_POINT('',(0.0006,-0.00035,-2.E-6));
#2753=CARTESIAN_POINT('',(0.0006,-0.00075,-2.E-6));
#2754=CARTESIAN_POINT('',(0.,0.,0.));
#2755=CARTESIAN_POINT('',(8.67361737988404E-19,8.67361737988404E-19,0.));
#2756=CARTESIAN_POINT('',(-0.0015,0.000652010101267768,0.));
#2757=CARTESIAN_POINT('',(-0.0015,0.00035,0.));
#2758=CARTESIAN_POINT('',(-0.0015,0.000954020202535535,0.));
#2759=CARTESIAN_POINT('',(-0.00140201010126777,0.00105201010126777,0.));
#2760=CARTESIAN_POINT('',(-0.00130402020253553,0.00115,0.));
#2761=CARTESIAN_POINT('',(-0.000952010101267767,0.00115,0.));
#2762=CARTESIAN_POINT('',(-0.0006,0.00115,0.));
#2763=CARTESIAN_POINT('',(-0.0006,0.00075,0.));
#2764=CARTESIAN_POINT('',(-0.0006,0.00035,0.));
#2765=CARTESIAN_POINT('',(-0.00105,0.00035,0.));
#2766=CARTESIAN_POINT('',(-8.67361737988404E-19,8.67361737988404E-19,0.0001));
#2767=CARTESIAN_POINT('',(-0.0015,0.000652010101267768,0.0001));
#2768=CARTESIAN_POINT('',(-0.0015,0.000954020202535535,0.0001));
#2769=CARTESIAN_POINT('',(-0.0015,0.00035,0.0001));
#2770=CARTESIAN_POINT('',(-0.00105,0.00035,0.0001));
#2771=CARTESIAN_POINT('',(-0.0006,0.00035,0.0001));
#2772=CARTESIAN_POINT('',(-0.0006,0.00075,0.0001));
#2773=CARTESIAN_POINT('',(-0.0006,0.00115,0.0001));
#2774=CARTESIAN_POINT('',(-0.000952010101267767,0.00115,0.0001));
#2775=CARTESIAN_POINT('',(-0.00130402020253553,0.00115,0.0001));
#2776=CARTESIAN_POINT('',(-0.00140201010126777,0.00105201010126777,0.0001));
#2777=CARTESIAN_POINT('',(-0.00105,0.00035,-2.E-6));
#2778=CARTESIAN_POINT('',(-0.0006,0.00035,-2.E-6));
#2779=CARTESIAN_POINT('',(-0.0015,0.00035,-2.E-6));
#2780=CARTESIAN_POINT('',(-0.0006,0.00075,-2.E-6));
#2781=CARTESIAN_POINT('',(-0.0006,0.00115,-2.E-6));
#2782=CARTESIAN_POINT('',(-0.000952010101267767,0.00115,-2.E-6));
#2783=CARTESIAN_POINT('',(-0.00130402020253553,0.00115,-2.E-6));
#2784=CARTESIAN_POINT('',(-0.00140201010126777,0.00105201010126777,-2.E-6));
#2785=CARTESIAN_POINT('',(-0.0015,0.000954020202535535,-2.E-6));
#2786=CARTESIAN_POINT('',(-0.0015,0.000652010101267768,-2.E-6));
#2787=MECHANICAL_DESIGN_GEOMETRIC_PRESENTATION_REPRESENTATION('',(#1570),
#2792);
#2788=MECHANICAL_DESIGN_GEOMETRIC_PRESENTATION_REPRESENTATION('',(#1571,
#31,#32,#33,#34,#35,#36,#37,#38,#39,#40,#41,#42,#43,#44,#45,#46,#47,#48,
#49,#50,#51,#52,#53,#54,#55,#56,#57),#2793);
#2789=MECHANICAL_DESIGN_GEOMETRIC_PRESENTATION_REPRESENTATION('',(#1572),
#2794);
#2790=MECHANICAL_DESIGN_GEOMETRIC_PRESENTATION_REPRESENTATION('',(#1573),
#2795);
#2791=MECHANICAL_DESIGN_GEOMETRIC_PRESENTATION_REPRESENTATION('',(#1574),
#2796);
#2792=(
GEOMETRIC_REPRESENTATION_CONTEXT(3)
GLOBAL_UNCERTAINTY_ASSIGNED_CONTEXT((#2797))
GLOBAL_UNIT_ASSIGNED_CONTEXT((#2812,#2807,#2802))
REPRESENTATION_CONTEXT('Part 12','TOP_LEVEL_ASSEMBLY_PART')
);
#2793=(
GEOMETRIC_REPRESENTATION_CONTEXT(3)
GLOBAL_UNCERTAINTY_ASSIGNED_CONTEXT((#2798))
GLOBAL_UNIT_ASSIGNED_CONTEXT((#2813,#2808,#2803))
REPRESENTATION_CONTEXT('Part 8','TOP_LEVEL_ASSEMBLY_PART')
);
#2794=(
GEOMETRIC_REPRESENTATION_CONTEXT(3)
GLOBAL_UNCERTAINTY_ASSIGNED_CONTEXT((#2799))
GLOBAL_UNIT_ASSIGNED_CONTEXT((#2814,#2809,#2804))
REPRESENTATION_CONTEXT('Part 9','TOP_LEVEL_ASSEMBLY_PART')
);
#2795=(
GEOMETRIC_REPRESENTATION_CONTEXT(3)
GLOBAL_UNCERTAINTY_ASSIGNED_CONTEXT((#2800))
GLOBAL_UNIT_ASSIGNED_CONTEXT((#2815,#2810,#2805))
REPRESENTATION_CONTEXT('Part 10','TOP_LEVEL_ASSEMBLY_PART')
);
#2796=(
GEOMETRIC_REPRESENTATION_CONTEXT(3)
GLOBAL_UNCERTAINTY_ASSIGNED_CONTEXT((#2801))
GLOBAL_UNIT_ASSIGNED_CONTEXT((#2816,#2811,#2806))
REPRESENTATION_CONTEXT('Part 11','TOP_LEVEL_ASSEMBLY_PART')
);
#2797=UNCERTAINTY_MEASURE_WITH_UNIT(LENGTH_MEASURE(1.E-8),#2812,
'DISTANCE_ACCURACY_VALUE','Maximum Tolerance applied to model');
#2798=UNCERTAINTY_MEASURE_WITH_UNIT(LENGTH_MEASURE(1.E-8),#2813,
'DISTANCE_ACCURACY_VALUE','Maximum Tolerance applied to model');
#2799=UNCERTAINTY_MEASURE_WITH_UNIT(LENGTH_MEASURE(1.E-8),#2814,
'DISTANCE_ACCURACY_VALUE','Maximum Tolerance applied to model');
#2800=UNCERTAINTY_MEASURE_WITH_UNIT(LENGTH_MEASURE(1.E-8),#2815,
'DISTANCE_ACCURACY_VALUE','Maximum Tolerance applied to model');
#2801=UNCERTAINTY_MEASURE_WITH_UNIT(LENGTH_MEASURE(1.E-8),#2816,
'DISTANCE_ACCURACY_VALUE','Maximum Tolerance applied to model');
#2802=(
NAMED_UNIT(*)
SI_UNIT($,.STERADIAN.)
SOLID_ANGLE_UNIT()
);
#2803=(
NAMED_UNIT(*)
SI_UNIT($,.STERADIAN.)
SOLID_ANGLE_UNIT()
);
#2804=(
NAMED_UNIT(*)
SI_UNIT($,.STERADIAN.)
SOLID_ANGLE_UNIT()
);
#2805=(
NAMED_UNIT(*)
SI_UNIT($,.STERADIAN.)
SOLID_ANGLE_UNIT()
);
#2806=(
NAMED_UNIT(*)
SI_UNIT($,.STERADIAN.)
SOLID_ANGLE_UNIT()
);
#2807=(
NAMED_UNIT(*)
PLANE_ANGLE_UNIT()
SI_UNIT($,.RADIAN.)
);
#2808=(
NAMED_UNIT(*)
PLANE_ANGLE_UNIT()
SI_UNIT($,.RADIAN.)
);
#2809=(
NAMED_UNIT(*)
PLANE_ANGLE_UNIT()
SI_UNIT($,.RADIAN.)
);
#2810=(
NAMED_UNIT(*)
PLANE_ANGLE_UNIT()
SI_UNIT($,.RADIAN.)
);
#2811=(
NAMED_UNIT(*)
PLANE_ANGLE_UNIT()
SI_UNIT($,.RADIAN.)
);
#2812=(
LENGTH_UNIT()
NAMED_UNIT(*)
SI_UNIT($,.METRE.)
);
#2813=(
LENGTH_UNIT()
NAMED_UNIT(*)
SI_UNIT($,.METRE.)
);
#2814=(
LENGTH_UNIT()
NAMED_UNIT(*)
SI_UNIT($,.METRE.)
);
#2815=(
LENGTH_UNIT()
NAMED_UNIT(*)
SI_UNIT($,.METRE.)
);
#2816=(
LENGTH_UNIT()
NAMED_UNIT(*)
SI_UNIT($,.METRE.)
);
#2817=PRODUCT_DEFINITION_SHAPE('','',#2822);
#2818=PRODUCT_DEFINITION_SHAPE('','',#2823);
#2819=PRODUCT_DEFINITION_SHAPE('','',#2824);
#2820=PRODUCT_DEFINITION_SHAPE('','',#2825);
#2821=PRODUCT_DEFINITION_SHAPE('','',#2826);
#2822=PRODUCT_DEFINITION('','',#2832,#2827);
#2823=PRODUCT_DEFINITION('','',#2833,#2828);
#2824=PRODUCT_DEFINITION('','',#2834,#2829);
#2825=PRODUCT_DEFINITION('','',#2835,#2830);
#2826=PRODUCT_DEFINITION('','',#2836,#2831);
#2827=PRODUCT_DEFINITION_CONTEXT('',#2862,'design');
#2828=PRODUCT_DEFINITION_CONTEXT('',#2863,'design');
#2829=PRODUCT_DEFINITION_CONTEXT('',#2864,'design');
#2830=PRODUCT_DEFINITION_CONTEXT('',#2865,'design');
#2831=PRODUCT_DEFINITION_CONTEXT('',#2866,'design');
#2832=PRODUCT_DEFINITION_FORMATION_WITH_SPECIFIED_SOURCE('','',#2842,
 .NOT_KNOWN.);
#2833=PRODUCT_DEFINITION_FORMATION_WITH_SPECIFIED_SOURCE('','',#2843,
 .NOT_KNOWN.);
#2834=PRODUCT_DEFINITION_FORMATION_WITH_SPECIFIED_SOURCE('','',#2844,
 .NOT_KNOWN.);
#2835=PRODUCT_DEFINITION_FORMATION_WITH_SPECIFIED_SOURCE('','',#2845,
 .NOT_KNOWN.);
#2836=PRODUCT_DEFINITION_FORMATION_WITH_SPECIFIED_SOURCE('','',#2846,
 .NOT_KNOWN.);
#2837=PRODUCT_RELATED_PRODUCT_CATEGORY('','',(#2842));
#2838=PRODUCT_RELATED_PRODUCT_CATEGORY('','',(#2843));
#2839=PRODUCT_RELATED_PRODUCT_CATEGORY('','',(#2844));
#2840=PRODUCT_RELATED_PRODUCT_CATEGORY('','',(#2845));
#2841=PRODUCT_RELATED_PRODUCT_CATEGORY('','',(#2846));
#2842=PRODUCT('Part 12','Part 12','Part 12',(#2852));
#2843=PRODUCT('Part 8','Part 8','Part 8',(#2853));
#2844=PRODUCT('Part 9','Part 9','Part 9',(#2854));
#2845=PRODUCT('Part 10','Part 10','Part 10',(#2855));
#2846=PRODUCT('Part 11','Part 11','Part 11',(#2856));
#2847=PRODUCT_CATEGORY('','');
#2848=PRODUCT_CATEGORY('','');
#2849=PRODUCT_CATEGORY('','');
#2850=PRODUCT_CATEGORY('','');
#2851=PRODUCT_CATEGORY('','');
#2852=PRODUCT_CONTEXT('',#2862,'mechanical');
#2853=PRODUCT_CONTEXT('',#2863,'mechanical');
#2854=PRODUCT_CONTEXT('',#2864,'mechanical');
#2855=PRODUCT_CONTEXT('',#2865,'mechanical');
#2856=PRODUCT_CONTEXT('',#2866,'mechanical');
#2857=APPLICATION_PROTOCOL_DEFINITION('international standard',
'ap242_managed_model_based_3d_engineering',2020,#2862);
#2858=APPLICATION_PROTOCOL_DEFINITION('international standard',
'ap242_managed_model_based_3d_engineering',2020,#2863);
#2859=APPLICATION_PROTOCOL_DEFINITION('international standard',
'ap242_managed_model_based_3d_engineering',2020,#2864);
#2860=APPLICATION_PROTOCOL_DEFINITION('international standard',
'ap242_managed_model_based_3d_engineering',2020,#2865);
#2861=APPLICATION_PROTOCOL_DEFINITION('international standard',
'ap242_managed_model_based_3d_engineering',2020,#2866);
#2862=APPLICATION_CONTEXT('managed model based 3d engineering');
#2863=APPLICATION_CONTEXT('managed model based 3d engineering');
#2864=APPLICATION_CONTEXT('managed model based 3d engineering');
#2865=APPLICATION_CONTEXT('managed model based 3d engineering');
#2866=APPLICATION_CONTEXT('managed model based 3d engineering');
ENDSEC;
END-ISO-10303-21;
