ISO-10303-21;
HEADER;
/*Generated by software containing ST-Developer
 * from STEP Tools, Inc. (www.steptools.com) 
 */
/*OPTION: using custom renumber hook */
/*description */
/*implementation_level */
FILE_DESCRIPTION(('STEP AP242 Edition 2','STEP AP242 Edition 2''CAx-IF Rec.Pracs.---Representation and Presentation of Product Manufa
cturing Information (PMI)---4.0---2014-10-13','STEP AP242 Edition 2''CAx-IF Rec.Pracs.---Representation and Presentation of Product Manufa
cturing Information (PMI)---4.0---2014-10-13''CAx-IF Rec.Pracs.---3D Tessellated Geometry---0.4---2014-09-14','STEP AP242 Edition 2''CAx-IF Rec.Pracs.---Representation and Presentation of Product Manufa
cturing Information (PMI)---4.0---2014-10-13''CAx-IF Rec.Pracs.---3D Tessellated Geometry---0.4---2014-09-14''2;1','STEP AP242 Edition 2''CAx-IF Rec.Pracs.---Representation and Presentation of Product Manufa
cturing Information (PMI)---4.0---2014-10-13''CAx-IF Rec.Pracs.---3D Tessellated Geometry---0.4---2014-09-14''2;1''CAx-IF Rec.Pracs.---User Defined Attributes---1.5---2016-08-15'),'2;1');
/*name */
/*time_stamp */
/*author */
/*organization */
/*preprocessor_version */
/*originating_system */
/*authorisation */
FILE_NAME('/vol/tmp/translate-13064601227988675279/BM28-30DP parts - BM28B0.6-30DP.step','2026-03-24T09:15:43',(''),(''),'ST-DEVELOPER v20','ONSHAPE BY PTC INC, 1.212','  ');
FILE_SCHEMA(('AP242_MANAGED_MODEL_BASED_3D_ENGINEERING_MIM_LF { 1 0 10303 442 3 1 4 }'));
ENDSEC;
DATA;
#10=SHAPE_REPRESENTATION_RELATIONSHIP('','',#8970,#11);
#11=ADVANCED_BREP_SHAPE_REPRESENTATION('',(#8968),#14122);
#12=DEGENERATE_TOROIDAL_SURFACE('',#9195,3.99999999993517E-05,6.99999999997733E-05,.T.);
#13=DEGENERATE_TOROIDAL_SURFACE('',#9213,4.00000000002558E-05,7.00000000000382E-05,.T.);
#14=DEGENERATE_TOROIDAL_SURFACE('',#9471,4.00000000005758E-05,6.99999999997215E-05,.T.);
#15=DEGENERATE_TOROIDAL_SURFACE('',#9481,3.99999999993483E-05,6.99999999999241E-05,.T.);
#16=CONICAL_SURFACE('',#9191,0.00011296628695519,0.785398163397361);
#17=CONICAL_SURFACE('',#9221,0.00011176667334441,0.785398163397224);
#18=CONICAL_SURFACE('',#9435,0.000112966286955302,0.785398163397892);
#19=CONICAL_SURFACE('',#9533,0.000111766673344406,0.785398163397337);
#20=B_SPLINE_CURVE_WITH_KNOTS('',3,(#12553,#12554,#12555,#12556,#12557,#12558,#12559,#12560),.UNSPECIFIED.,.F.,.F.,(4,1,1,1,1,4),(0.,0.129514303992454,0.258591453572006,0.5134622016083,0.760364416521762,1.),.UNSPECIFIED.);
#21=B_SPLINE_CURVE_WITH_KNOTS('',3,(#12562,#12563,#12564,#12565),.UNSPECIFIED.,.F.,.F.,(4,4),(9.07787368337921E-06,1.),.UNSPECIFIED.);
#22=B_SPLINE_CURVE_WITH_KNOTS('',3,(#12567,#12568,#12569,#12570,#12571,#12572,#12573,#12574),.UNSPECIFIED.,.F.,.F.,(4,1,1,1,1,4),(0.,0.129514303992414,0.258591453571974,0.513462201608276,0.760364416521764,1.),.UNSPECIFIED.);
#23=B_SPLINE_CURVE_WITH_KNOTS('',3,(#12625,#12626,#12627,#12628),.UNSPECIFIED.,.F.,.F.,(4,4),(0.,1.),.UNSPECIFIED.);
#24=B_SPLINE_CURVE_WITH_KNOTS('',3,(#12630,#12631,#12632,#12633,#12634,#12635,#12636,#12637,#12638,#12639,#12640),.UNSPECIFIED.,.F.,.F.,(4,1,1,1,1,1,1,1,4),(0.,0.124947885888926,0.250042448461284,0.375074059903453,0.500079081969977,0.625048738509376,0.750079595970222,0.875227385586794,1.),.UNSPECIFIED.);
#25=B_SPLINE_CURVE_WITH_KNOTS('',3,(#12663,#12664,#12665,#12666),.UNSPECIFIED.,.F.,.F.,(4,4),(1.41669473032414E-12,4.90814489143749E-05),.UNSPECIFIED.);
#26=B_SPLINE_CURVE_WITH_KNOTS('',3,(#12675,#12676,#12677,#12678),.UNSPECIFIED.,.F.,.F.,(4,4),(7.67125712892227E-19,9.36649742150471E-05),.UNSPECIFIED.);
#27=B_SPLINE_CURVE_WITH_KNOTS('',3,(#12683,#12684,#12685,#12686),.UNSPECIFIED.,.F.,.F.,(4,4),(2.33166493573864E-18,9.36649742150319E-05),.UNSPECIFIED.);
#28=B_SPLINE_CURVE_WITH_KNOTS('',3,(#12704,#12705,#12706,#12707),.UNSPECIFIED.,.F.,.F.,(4,4),(6.641542143949E-16,9.36649742149921E-05),.UNSPECIFIED.);
#29=B_SPLINE_CURVE_WITH_KNOTS('',3,(#12723,#12724,#12725,#12726,#12727,#12728),.UNSPECIFIED.,.F.,.F.,(4,1,1,4),(0.,0.25008140595482,0.500514902805657,1.),.UNSPECIFIED.);
#30=B_SPLINE_CURVE_WITH_KNOTS('',3,(#12735,#12736,#12737,#12738),.UNSPECIFIED.,.F.,.F.,(4,4),(0.,4.90814532213424E-05),.UNSPECIFIED.);
#31=B_SPLINE_CURVE_WITH_KNOTS('',3,(#12740,#12741,#12742,#12743,#12744,#12745),.UNSPECIFIED.,.F.,.F.,(4,1,1,4),(0.,0.250081405954539,0.500514902805089,1.),.UNSPECIFIED.);
#32=B_SPLINE_CURVE_WITH_KNOTS('',3,(#12757,#12758,#12759,#12760),.UNSPECIFIED.,.F.,.F.,(4,4),(0.,4.90814489112253E-05),.UNSPECIFIED.);
#33=B_SPLINE_CURVE_WITH_KNOTS('',3,(#12766,#12767,#12768,#12769,#12770,#12771),.UNSPECIFIED.,.F.,.F.,(4,1,1,4),(0.,0.250081405954518,0.500514902804757,1.),.UNSPECIFIED.);
#34=B_SPLINE_CURVE_WITH_KNOTS('',3,(#12788,#12789,#12790,#12791,#12792,#12793,#12794,#12795,#12796,#12797,#12798),.UNSPECIFIED.,.F.,.F.,(4,1,1,1,1,1,1,1,4),(0.,0.124947886990771,0.250042449407608,0.375074060688612,0.500079082597223,0.625048738978525,0.750079596212748,0.875227385741958,1.),.UNSPECIFIED.);
#35=B_SPLINE_CURVE_WITH_KNOTS('',3,(#13449,#13450,#13451,#13452),.UNSPECIFIED.,.F.,.F.,(4,4),(6.75695992218122E-16,9.36649742149653E-05),.UNSPECIFIED.);
#36=B_SPLINE_CURVE_WITH_KNOTS('',3,(#13485,#13486,#13487,#13488,#13489,#13490),.UNSPECIFIED.,.F.,.F.,(4,1,1,4),(0.,0.25008140595465,0.500514902804734,1.),.UNSPECIFIED.);
#37=B_SPLINE_CURVE_WITH_KNOTS('',3,(#13621,#13622,#13623,#13624,#13625,#13626,#13627,#13628,#13629,#13630,#13631),.UNSPECIFIED.,.F.,.F.,(4,1,1,1,1,1,1,1,4),(0.,0.124948317429411,0.250043310527591,0.375075123231267,0.500080343839307,0.625050369459585,0.750081867295469,0.875228635601383,1.),.UNSPECIFIED.);
#38=B_SPLINE_CURVE_WITH_KNOTS('',3,(#13634,#13635,#13636,#13637),.UNSPECIFIED.,.F.,.F.,(4,4),(0.,1.),.UNSPECIFIED.);
#39=B_SPLINE_CURVE_WITH_KNOTS('',3,(#13744,#13745,#13746,#13747,#13748,#13749,#13750,#13751,#13752,#13753,#13754),.UNSPECIFIED.,.F.,.F.,(4,1,1,1,1,1,1,1,4),(0.,0.124947885886563,0.250042448459299,0.37507405990109,0.500079081967655,0.625048738507135,0.750079595932051,0.875227385585637,1.),.UNSPECIFIED.);
#40=B_SPLINE_CURVE_WITH_KNOTS('',3,(#13780,#13781,#13782,#13783),.UNSPECIFIED.,.F.,.F.,(4,4),(0.,4.9081448913208E-05),.UNSPECIFIED.);
#41=B_SPLINE_CURVE_WITH_KNOTS('',3,(#13954,#13955,#13956,#13957,#13958,#13959,#13960,#13961),.UNSPECIFIED.,.F.,.F.,(4,1,1,1,1,4),(0.,0.129514303992403,0.258591453572035,0.513462201608195,0.760364416521753,1.),.UNSPECIFIED.);
#42=B_SPLINE_CURVE_WITH_KNOTS('',3,(#13972,#13973,#13974,#13975),.UNSPECIFIED.,.F.,.F.,(4,4),(0.,1.),.UNSPECIFIED.);
#43=B_SPLINE_CURVE_WITH_KNOTS('',3,(#14037,#14038,#14039,#14040,#14041,#14042,#14043,#14044),.UNSPECIFIED.,.F.,.F.,(4,1,1,1,1,4),(0.,0.129514303992411,0.258591453571964,0.51346220160832,0.76036441652173,1.),.UNSPECIFIED.);
#44=ELLIPSE('',#9124,3.35410196624953E-05,2.99999999999995E-05);
#45=ELLIPSE('',#9125,3.35410196625033E-05,2.99999999999995E-05);
#46=ELLIPSE('',#9148,0.000120000000565794,0.000120000000000125);
#47=ELLIPSE('',#9166,0.000120000000565737,0.000120000000000068);
#48=ELLIPSE('',#9390,0.000120000000565794,0.000120000000000125);
#49=ELLIPSE('',#9485,3.3541019662499E-05,3.00000000000028E-05);
#50=ELLIPSE('',#9486,3.35410196625069E-05,3.00000000000028E-05);
#51=B_SPLINE_SURFACE_WITH_KNOTS('',3,3,((#12131,#12132,#12133,#12134),(#12135,
#12136,#12137,#12138),(#12139,#12140,#12141,#12142),(#12143,#12144,#12145,
#12146)),.UNSPECIFIED.,.F.,.F.,.F.,(4,4),(4,4),(0.,1.00600009291862),(-0.00606356357456615,1.),.UNSPECIFIED.);
#52=B_SPLINE_SURFACE_WITH_KNOTS('',3,3,((#12398,#12399,#12400,#12401,#12402,
#12403,#12404,#12405,#12406,#12407,#12408,#12409,#12410,#12411,#12412,#12413,
#12414),(#12415,#12416,#12417,#12418,#12419,#12420,#12421,#12422,#12423,
#12424,#12425,#12426,#12427,#12428,#12429,#12430,#12431),(#12432,#12433,
#12434,#12435,#12436,#12437,#12438,#12439,#12440,#12441,#12442,#12443,#12444,
#12445,#12446,#12447,#12448),(#12449,#12450,#12451,#12452,#12453,#12454,
#12455,#12456,#12457,#12458,#12459,#12460,#12461,#12462,#12463,#12464,#12465),(#12466,#12467,#12468,#12469,#12470,#12471,#12472,#12473,#12474,#12475,
#12476,#12477,#12478,#12479,#12480,#12481,#12482),(#12483,#12484,#12485,
#12486,#12487,#12488,#12489,#12490,#12491,#12492,#12493,#12494,#12495,#12496,
#12497,#12498,#12499),(#12500,#12501,#12502,#12503,#12504,#12505,#12506,
#12507,#12508,#12509,#12510,#12511,#12512,#12513,#12514,#12515,#12516),(#12517,#12518,#12519,#12520,#12521,#12522,#12523,#12524,#12525,#12526,
#12527,#12528,#12529,#12530,#12531,#12532,#12533)),.UNSPECIFIED.,.F.,.F.,.F.,(4,3,1,4),(4,3,1,1,1,1,1,1,1,1,1,1,4),(-0.015711241714851,0.,0.499998271875677,1.),(-0.005,0.,0.062553533363872,0.125107230841231,0.250065485454333,0.375027694818098,0.499990485363619,0.624953298946236,0.749915567921328,0.874873890896172,0.937427605229473,0.968713834536374,1.),.UNSPECIFIED.);
#53=B_SPLINE_SURFACE_WITH_KNOTS('',3,3,((#12537,#12538,#12539,#12540),(#12541,
#12542,#12543,#12544),(#12545,#12546,#12547,#12548),(#12549,#12550,#12551,
#12552)),.UNSPECIFIED.,.F.,.F.,.F.,(4,4),(4,4),(0.,1.00601233552077),(0.,1.00600772588279),.UNSPECIFIED.);
#54=B_SPLINE_SURFACE_WITH_KNOTS('',3,3,((#12609,#12610,#12611,#12612),(#12613,
#12614,#12615,#12616),(#12617,#12618,#12619,#12620),(#12621,#12622,#12623,
#12624)),.UNSPECIFIED.,.F.,.F.,.F.,(4,4),(4,4),(0.,1.00600772589711),(0.,1.00601233552069),.UNSPECIFIED.);
#55=B_SPLINE_SURFACE_WITH_KNOTS('',3,3,((#13515,#13516,#13517,#13518,#13519,
#13520,#13521,#13522,#13523,#13524,#13525,#13526,#13527,#13528),(#13529,
#13530,#13531,#13532,#13533,#13534,#13535,#13536,#13537,#13538,#13539,#13540,
#13541,#13542),(#13543,#13544,#13545,#13546,#13547,#13548,#13549,#13550,
#13551,#13552,#13553,#13554,#13555,#13556),(#13557,#13558,#13559,#13560,
#13561,#13562,#13563,#13564,#13565,#13566,#13567,#13568,#13569,#13570),(#13571,#13572,#13573,#13574,#13575,#13576,#13577,#13578,#13579,#13580,
#13581,#13582,#13583,#13584)),.UNSPECIFIED.,.F.,.F.,.F.,(4,1,4),(4,1,1,1,1,1,1,1,1,1,1,4),(0.,0.499998271875692,1.),(0.,0.06255353336389,0.12510723084126,0.250065485454434,0.37502769481835,0.499990485363767,0.624953298946497,0.749915567921721,0.874873890896363,0.937427605229474,0.968713834536556,1.),.UNSPECIFIED.);
#56=B_SPLINE_SURFACE_WITH_KNOTS('',3,3,((#13705,#13706,#13707,#13708),(#13709,
#13710,#13711,#13712),(#13713,#13714,#13715,#13716),(#13717,#13718,#13719,
#13720)),.UNSPECIFIED.,.F.,.F.,.F.,(4,4),(4,4),(0.,1.0060000929163),(-0.00613801236030423,1.),.UNSPECIFIED.);
#57=B_SPLINE_SURFACE_WITH_KNOTS('',3,3,((#13938,#13939,#13940,#13941),(#13942,
#13943,#13944,#13945),(#13946,#13947,#13948,#13949),(#13950,#13951,#13952,
#13953)),.UNSPECIFIED.,.F.,.F.,.F.,(4,4),(4,4),(0.,1.00601233552069),(0.,1.00600772589772),.UNSPECIFIED.);
#58=B_SPLINE_SURFACE_WITH_KNOTS('',3,3,((#14058,#14059,#14060,#14061),(#14062,
#14063,#14064,#14065),(#14066,#14067,#14068,#14069),(#14070,#14071,#14072,
#14073)),.UNSPECIFIED.,.F.,.F.,.F.,(4,4),(4,4),(0.,1.00600772588141),(0.,1.00601233552069),.UNSPECIFIED.);
#59=PLANE('',#8975);
#60=PLANE('',#8976);
#61=PLANE('',#8983);
#62=PLANE('',#8984);
#63=PLANE('',#8985);
#64=PLANE('',#8987);
#65=PLANE('',#8988);
#66=PLANE('',#8989);
#67=PLANE('',#8990);
#68=PLANE('',#8991);
#69=PLANE('',#8995);
#70=PLANE('',#8996);
#71=PLANE('',#8997);
#72=PLANE('',#8998);
#73=PLANE('',#9002);
#74=PLANE('',#9004);
#75=PLANE('',#9005);
#76=PLANE('',#9006);
#77=PLANE('',#9011);
#78=PLANE('',#9012);
#79=PLANE('',#9013);
#80=PLANE('',#9017);
#81=PLANE('',#9018);
#82=PLANE('',#9022);
#83=PLANE('',#9023);
#84=PLANE('',#9027);
#85=PLANE('',#9028);
#86=PLANE('',#9029);
#87=PLANE('',#9030);
#88=PLANE('',#9034);
#89=PLANE('',#9038);
#90=PLANE('',#9039);
#91=PLANE('',#9042);
#92=PLANE('',#9048);
#93=PLANE('',#9049);
#94=PLANE('',#9052);
#95=PLANE('',#9053);
#96=PLANE('',#9057);
#97=PLANE('',#9064);
#98=PLANE('',#9065);
#99=PLANE('',#9066);
#100=PLANE('',#9070);
#101=PLANE('',#9071);
#102=PLANE('',#9072);
#103=PLANE('',#9073);
#104=PLANE('',#9074);
#105=PLANE('',#9075);
#106=PLANE('',#9076);
#107=PLANE('',#9078);
#108=PLANE('',#9081);
#109=PLANE('',#9083);
#110=PLANE('',#9084);
#111=PLANE('',#9085);
#112=PLANE('',#9089);
#113=PLANE('',#9090);
#114=PLANE('',#9091);
#115=PLANE('',#9092);
#116=PLANE('',#9093);
#117=PLANE('',#9094);
#118=PLANE('',#9095);
#119=PLANE('',#9098);
#120=PLANE('',#9099);
#121=PLANE('',#9107);
#122=PLANE('',#9111);
#123=PLANE('',#9112);
#124=PLANE('',#9113);
#125=PLANE('',#9114);
#126=PLANE('',#9119);
#127=PLANE('',#9122);
#128=PLANE('',#9126);
#129=PLANE('',#9127);
#130=PLANE('',#9128);
#131=PLANE('',#9129);
#132=PLANE('',#9133);
#133=PLANE('',#9134);
#134=PLANE('',#9138);
#135=PLANE('',#9139);
#136=PLANE('',#9140);
#137=PLANE('',#9141);
#138=PLANE('',#9142);
#139=PLANE('',#9143);
#140=PLANE('',#9144);
#141=PLANE('',#9146);
#142=PLANE('',#9147);
#143=PLANE('',#9152);
#144=PLANE('',#9153);
#145=PLANE('',#9154);
#146=PLANE('',#9155);
#147=PLANE('',#9157);
#148=PLANE('',#9158);
#149=PLANE('',#9159);
#150=PLANE('',#9160);
#151=PLANE('',#9161);
#152=PLANE('',#9167);
#153=PLANE('',#9168);
#154=PLANE('',#9169);
#155=PLANE('',#9170);
#156=PLANE('',#9171);
#157=PLANE('',#9172);
#158=PLANE('',#9173);
#159=PLANE('',#9174);
#160=PLANE('',#9175);
#161=PLANE('',#9176);
#162=PLANE('',#9180);
#163=PLANE('',#9181);
#164=PLANE('',#9182);
#165=PLANE('',#9183);
#166=PLANE('',#9184);
#167=PLANE('',#9185);
#168=PLANE('',#9186);
#169=PLANE('',#9187);
#170=PLANE('',#9188);
#171=PLANE('',#9193);
#172=PLANE('',#9194);
#173=PLANE('',#9197);
#174=PLANE('',#9198);
#175=PLANE('',#9200);
#176=PLANE('',#9205);
#177=PLANE('',#9211);
#178=PLANE('',#9212);
#179=PLANE('',#9217);
#180=PLANE('',#9219);
#181=PLANE('',#9223);
#182=PLANE('',#9224);
#183=PLANE('',#9228);
#184=PLANE('',#9229);
#185=PLANE('',#9231);
#186=PLANE('',#9234);
#187=PLANE('',#9235);
#188=PLANE('',#9238);
#189=PLANE('',#9242);
#190=PLANE('',#9243);
#191=PLANE('',#9245);
#192=PLANE('',#9248);
#193=PLANE('',#9250);
#194=PLANE('',#9253);
#195=PLANE('',#9254);
#196=PLANE('',#9257);
#197=PLANE('',#9258);
#198=PLANE('',#9259);
#199=PLANE('',#9260);
#200=PLANE('',#9261);
#201=PLANE('',#9265);
#202=PLANE('',#9266);
#203=PLANE('',#9267);
#204=PLANE('',#9268);
#205=PLANE('',#9269);
#206=PLANE('',#9273);
#207=PLANE('',#9275);
#208=PLANE('',#9278);
#209=PLANE('',#9279);
#210=PLANE('',#9280);
#211=PLANE('',#9283);
#212=PLANE('',#9287);
#213=PLANE('',#9288);
#214=PLANE('',#9290);
#215=PLANE('',#9296);
#216=PLANE('',#9298);
#217=PLANE('',#9301);
#218=PLANE('',#9302);
#219=PLANE('',#9305);
#220=PLANE('',#9306);
#221=PLANE('',#9309);
#222=PLANE('',#9310);
#223=PLANE('',#9311);
#224=PLANE('',#9312);
#225=PLANE('',#9313);
#226=PLANE('',#9314);
#227=PLANE('',#9317);
#228=PLANE('',#9319);
#229=PLANE('',#9320);
#230=PLANE('',#9323);
#231=PLANE('',#9327);
#232=PLANE('',#9328);
#233=PLANE('',#9330);
#234=PLANE('',#9336);
#235=PLANE('',#9337);
#236=PLANE('',#9340);
#237=PLANE('',#9341);
#238=PLANE('',#9343);
#239=PLANE('',#9344);
#240=PLANE('',#9345);
#241=PLANE('',#9346);
#242=PLANE('',#9347);
#243=PLANE('',#9348);
#244=PLANE('',#9349);
#245=PLANE('',#9353);
#246=PLANE('',#9356);
#247=PLANE('',#9357);
#248=PLANE('',#9359);
#249=PLANE('',#9360);
#250=PLANE('',#9364);
#251=PLANE('',#9366);
#252=PLANE('',#9367);
#253=PLANE('',#9368);
#254=PLANE('',#9374);
#255=PLANE('',#9375);
#256=PLANE('',#9376);
#257=PLANE('',#9377);
#258=PLANE('',#9378);
#259=PLANE('',#9379);
#260=PLANE('',#9380);
#261=PLANE('',#9381);
#262=PLANE('',#9383);
#263=PLANE('',#9385);
#264=PLANE('',#9386);
#265=PLANE('',#9387);
#266=PLANE('',#9389);
#267=PLANE('',#9391);
#268=PLANE('',#9392);
#269=PLANE('',#9396);
#270=PLANE('',#9397);
#271=PLANE('',#9398);
#272=PLANE('',#9403);
#273=PLANE('',#9404);
#274=PLANE('',#9405);
#275=PLANE('',#9414);
#276=PLANE('',#9415);
#277=PLANE('',#9416);
#278=PLANE('',#9417);
#279=PLANE('',#9418);
#280=PLANE('',#9419);
#281=PLANE('',#9421);
#282=PLANE('',#9424);
#283=PLANE('',#9425);
#284=PLANE('',#9437);
#285=PLANE('',#9438);
#286=PLANE('',#9439);
#287=PLANE('',#9440);
#288=PLANE('',#9441);
#289=PLANE('',#9442);
#290=PLANE('',#9444);
#291=PLANE('',#9452);
#292=PLANE('',#9453);
#293=PLANE('',#9461);
#294=PLANE('',#9465);
#295=PLANE('',#9466);
#296=PLANE('',#9467);
#297=PLANE('',#9472);
#298=PLANE('',#9473);
#299=PLANE('',#9477);
#300=PLANE('',#9478);
#301=PLANE('',#9479);
#302=PLANE('',#9480);
#303=PLANE('',#9483);
#304=PLANE('',#9487);
#305=PLANE('',#9488);
#306=PLANE('',#9489);
#307=PLANE('',#9490);
#308=PLANE('',#9491);
#309=PLANE('',#9492);
#310=PLANE('',#9493);
#311=PLANE('',#9494);
#312=PLANE('',#9495);
#313=PLANE('',#9496);
#314=PLANE('',#9498);
#315=PLANE('',#9499);
#316=PLANE('',#9501);
#317=PLANE('',#9502);
#318=PLANE('',#9503);
#319=PLANE('',#9504);
#320=PLANE('',#9507);
#321=PLANE('',#9508);
#322=PLANE('',#9509);
#323=PLANE('',#9510);
#324=PLANE('',#9511);
#325=PLANE('',#9512);
#326=PLANE('',#9513);
#327=PLANE('',#9514);
#328=PLANE('',#9515);
#329=PLANE('',#9517);
#330=PLANE('',#9518);
#331=PLANE('',#9520);
#332=PLANE('',#9521);
#333=PLANE('',#9522);
#334=PLANE('',#9524);
#335=PLANE('',#9525);
#336=PLANE('',#9526);
#337=PLANE('',#9527);
#338=PLANE('',#9528);
#339=PLANE('',#9529);
#340=PLANE('',#9530);
#341=PLANE('',#9531);
#342=PLANE('',#9534);
#343=PLANE('',#9535);
#344=PLANE('',#9536);
#345=PLANE('',#9537);
#346=PLANE('',#9538);
#347=PLANE('',#9539);
#348=PLANE('',#9540);
#349=PLANE('',#9541);
#350=PLANE('',#9542);
#351=PLANE('',#9543);
#352=PLANE('',#9544);
#353=CIRCLE('',#8973,0.000129999999999924);
#354=CIRCLE('',#8974,0.000129999999999924);
#355=CIRCLE('',#8978,3.99999999999988E-05);
#356=CIRCLE('',#8979,3.99999999999988E-05);
#357=CIRCLE('',#8981,0.000129999999999897);
#358=CIRCLE('',#8982,0.000129999999999897);
#359=CIRCLE('',#8986,4.00000000000287E-05);
#360=CIRCLE('',#8992,4.00000000000223E-05);
#361=CIRCLE('',#8994,4.00000000000223E-05);
#362=CIRCLE('',#8999,0.000129999999999616);
#363=CIRCLE('',#9001,0.000129999999999616);
#364=CIRCLE('',#9003,4.00000000000321E-05);
#365=CIRCLE('',#9007,4.00000000000321E-05);
#366=CIRCLE('',#9008,0.000129999999999855);
#367=CIRCLE('',#9010,0.000129999999999855);
#368=CIRCLE('',#9015,4.00000000000271E-05);
#369=CIRCLE('',#9016,4.00000000000271E-05);
#370=CIRCLE('',#9020,0.000129999999999853);
#371=CIRCLE('',#9021,0.000129999999999853);
#372=CIRCLE('',#9025,0.000130000000000089);
#373=CIRCLE('',#9026,0.000130000000000089);
#374=CIRCLE('',#9031,4.00000000001E-05);
#375=CIRCLE('',#9033,4.00000000001E-05);
#376=CIRCLE('',#9035,0.00012999999999967);
#377=CIRCLE('',#9037,0.00012999999999967);
#378=CIRCLE('',#9040,0.000129999999999754);
#379=CIRCLE('',#9041,3.99999999999749E-05);
#380=CIRCLE('',#9044,0.000129999999999754);
#381=CIRCLE('',#9046,3.9999999999994E-05);
#382=CIRCLE('',#9047,3.9999999999994E-05);
#383=CIRCLE('',#9051,3.99999999999749E-05);
#384=CIRCLE('',#9055,0.000129999999999997);
#385=CIRCLE('',#9056,0.000129999999999997);
#386=CIRCLE('',#9059,4.00000000001383E-05);
#387=CIRCLE('',#9060,4.00000000001383E-05);
#388=CIRCLE('',#9062,0.0001299999999998);
#389=CIRCLE('',#9063,0.0001299999999998);
#390=CIRCLE('',#9068,3.99999999999754E-05);
#391=CIRCLE('',#9069,3.99999999999754E-05);
#392=CIRCLE('',#9077,0.000130000000000029);
#393=CIRCLE('',#9080,0.000130000000000029);
#394=CIRCLE('',#9082,4.00000000000469E-05);
#395=CIRCLE('',#9087,0.00013);
#396=CIRCLE('',#9088,0.00013);
#397=CIRCLE('',#9096,3.9999999999944E-05);
#398=CIRCLE('',#9097,0.000130000000000157);
#399=CIRCLE('',#9100,0.000130000000000157);
#400=CIRCLE('',#9101,3.99999999999421E-05);
#401=CIRCLE('',#9103,3.99999999999421E-05);
#402=CIRCLE('',#9105,3.99999999999465E-05);
#403=CIRCLE('',#9106,3.99999999999465E-05);
#404=CIRCLE('',#9109,0.000130000000000058);
#405=CIRCLE('',#9110,0.000130000000000058);
#406=CIRCLE('',#9115,9.9999984272159E-05);
#407=CIRCLE('',#9116,0.000120046091686095);
#408=CIRCLE('',#9117,9.99999999995611E-05);
#409=CIRCLE('',#9118,2.02866748002194E-05);
#410=CIRCLE('',#9121,0.000100000000000109);
#411=CIRCLE('',#9131,9.99999999995611E-05);
#412=CIRCLE('',#9132,9.99999999999945E-05);
#413=CIRCLE('',#9135,9.00000000000223E-05);
#414=CIRCLE('',#9137,9.00000000000223E-05);
#415=CIRCLE('',#9145,0.000119999999999901);
#416=CIRCLE('',#9150,0.000119999999999901);
#417=CIRCLE('',#9151,0.000119999999999901);
#418=CIRCLE('',#9156,2.03958915325313E-05);
#419=CIRCLE('',#9162,0.000119999999999935);
#420=CIRCLE('',#9164,0.000119999999999935);
#421=CIRCLE('',#9165,0.000119999999999935);
#422=CIRCLE('',#9177,9.99999842722203E-05);
#423=CIRCLE('',#9178,0.000120046091686074);
#424=CIRCLE('',#9190,0.000110000000000138);
#425=CIRCLE('',#9192,0.000110000000000014);
#426=CIRCLE('',#9196,7.00000000000012E-05);
#427=CIRCLE('',#9201,8.E-05);
#428=CIRCLE('',#9202,7.99999999999991E-05);
#429=CIRCLE('',#9204,8.E-05);
#430=CIRCLE('',#9206,7.99999999999991E-05);
#431=CIRCLE('',#9208,0.000110000000000014);
#432=CIRCLE('',#9209,0.000110000000000014);
#433=CIRCLE('',#9210,0.000110000000000014);
#434=CIRCLE('',#9214,0.000109999999999421);
#435=CIRCLE('',#9215,6.99999999999957E-05);
#436=CIRCLE('',#9218,0.000110000000000041);
#437=CIRCLE('',#9222,0.000110000000000041);
#438=CIRCLE('',#9226,3.99999999999993E-05);
#439=CIRCLE('',#9227,3.99999999999993E-05);
#440=CIRCLE('',#9230,0.00013);
#441=CIRCLE('',#9233,0.00013);
#442=CIRCLE('',#9236,0.000130000000000113);
#443=CIRCLE('',#9237,4.00000000000517E-05);
#444=CIRCLE('',#9240,3.99999999999491E-05);
#445=CIRCLE('',#9241,3.99999999999491E-05);
#446=CIRCLE('',#9244,0.000129999999999679);
#447=CIRCLE('',#9247,0.000129999999999679);
#448=CIRCLE('',#9249,4.00000000000417E-05);
#449=CIRCLE('',#9252,0.000130000000000113);
#450=CIRCLE('',#9256,4.00000000000517E-05);
#451=CIRCLE('',#9263,0.000130000000000202);
#452=CIRCLE('',#9264,0.000130000000000202);
#453=CIRCLE('',#9271,4.00000000000225E-05);
#454=CIRCLE('',#9272,4.00000000000225E-05);
#455=CIRCLE('',#9274,0.000130000000000077);
#456=CIRCLE('',#9277,0.000130000000000077);
#457=CIRCLE('',#9281,0.000129999999999786);
#458=CIRCLE('',#9282,3.99999999998909E-05);
#459=CIRCLE('',#9285,4.00000000001031E-05);
#460=CIRCLE('',#9286,4.00000000001031E-05);
#461=CIRCLE('',#9289,0.000130000000000353);
#462=CIRCLE('',#9292,0.000130000000000353);
#463=CIRCLE('',#9294,0.000130000000000156);
#464=CIRCLE('',#9295,0.000130000000000156);
#465=CIRCLE('',#9297,3.99999999999067E-05);
#466=CIRCLE('',#9300,3.99999999999067E-05);
#467=CIRCLE('',#9304,0.000129999999999786);
#468=CIRCLE('',#9308,3.99999999998909E-05);
#469=CIRCLE('',#9316,4.00000000000417E-05);
#470=CIRCLE('',#9318,3.99999999999885E-05);
#471=CIRCLE('',#9321,0.00013000000000035);
#472=CIRCLE('',#9322,3.99999999999885E-05);
#473=CIRCLE('',#9325,4.00000000000193E-05);
#474=CIRCLE('',#9326,4.00000000000193E-05);
#475=CIRCLE('',#9329,0.000130000000000451);
#476=CIRCLE('',#9332,3.99999999999745E-05);
#477=CIRCLE('',#9333,3.99999999999745E-05);
#478=CIRCLE('',#9335,0.000130000000000451);
#479=CIRCLE('',#9339,0.00013000000000035);
#480=CIRCLE('',#9350,3.9999999999944E-05);
#481=CIRCLE('',#9355,4.00000000000287E-05);
#482=CIRCLE('',#9358,0.000130000000000433);
#483=CIRCLE('',#9362,3.99999999999455E-05);
#484=CIRCLE('',#9363,3.99999999999455E-05);
#485=CIRCLE('',#9365,0.000130000000000461);
#486=CIRCLE('',#9369,4.0000000000042E-05);
#487=CIRCLE('',#9370,0.000130000000000461);
#488=CIRCLE('',#9373,0.000130000000000433);
#489=CIRCLE('',#9382,4.0000000000043E-05);
#490=CIRCLE('',#9384,4.0000000000043E-05);
#491=CIRCLE('',#9394,7.00000000000034E-05);
#492=CIRCLE('',#9395,6.99999999999978E-05);
#493=CIRCLE('',#9399,9.99999842722683E-05);
#494=CIRCLE('',#9400,2.02866748013068E-05);
#495=CIRCLE('',#9401,9.99999999997356E-05);
#496=CIRCLE('',#9402,0.000120046091685808);
#497=CIRCLE('',#9406,4.E-05);
#498=CIRCLE('',#9407,0.000130000000000146);
#499=CIRCLE('',#9409,0.000109999999999646);
#500=CIRCLE('',#9411,0.000120000000000125);
#501=CIRCLE('',#9412,0.000120000000000125);
#502=CIRCLE('',#9413,0.000120000000000125);
#503=CIRCLE('',#9420,0.000110000000000041);
#504=CIRCLE('',#9423,4.E-05);
#505=CIRCLE('',#9426,0.000120000000000068);
#506=CIRCLE('',#9427,9.99999842722529E-05);
#507=CIRCLE('',#9428,0.0001200460916861);
#508=CIRCLE('',#9429,9.99999999995447E-05);
#509=CIRCLE('',#9430,2.02866748011742E-05);
#510=CIRCLE('',#9432,0.000120000000000068);
#511=CIRCLE('',#9433,0.000120000000000068);
#512=CIRCLE('',#9434,0.000120000000000068);
#513=CIRCLE('',#9436,0.000110000000000041);
#514=CIRCLE('',#9447,4.00000000001E-05);
#515=CIRCLE('',#9448,4.00000000001E-05);
#516=CIRCLE('',#9450,3.99999999999166E-05);
#517=CIRCLE('',#9451,3.99999999999166E-05);
#518=CIRCLE('',#9455,0.000130000000000685);
#519=CIRCLE('',#9456,0.000130000000000685);
#520=CIRCLE('',#9458,0.000130000000000146);
#521=CIRCLE('',#9463,9.00000000000288E-05);
#522=CIRCLE('',#9464,9.00000000000288E-05);
#523=CIRCLE('',#9469,0.000129999999999601);
#524=CIRCLE('',#9470,0.000129999999999601);
#525=CIRCLE('',#9475,3.99999999999439E-05);
#526=CIRCLE('',#9476,3.99999999999439E-05);
#527=CIRCLE('',#9482,0.000110000000000393);
#528=CIRCLE('',#9497,0.000130000000000396);
#529=CIRCLE('',#9506,0.000130000000000396);
#530=CIRCLE('',#9516,4.0000000000042E-05);
#531=CIRCLE('',#9523,4.00000000000469E-05);
#532=CIRCLE('',#9545,9.99999999999935E-05);
#533=CIRCLE('',#9546,9.99999999999935E-05);
#534=ORIENTED_EDGE('',*,*,#2670,.F.);
#535=ORIENTED_EDGE('',*,*,#2671,.T.);
#536=ORIENTED_EDGE('',*,*,#2672,.T.);
#537=ORIENTED_EDGE('',*,*,#2673,.F.);
#538=ORIENTED_EDGE('',*,*,#2674,.F.);
#539=ORIENTED_EDGE('',*,*,#2675,.T.);
#540=ORIENTED_EDGE('',*,*,#2676,.T.);
#541=ORIENTED_EDGE('',*,*,#2677,.F.);
#542=ORIENTED_EDGE('',*,*,#2678,.T.);
#543=ORIENTED_EDGE('',*,*,#2679,.T.);
#544=ORIENTED_EDGE('',*,*,#2680,.F.);
#545=ORIENTED_EDGE('',*,*,#2681,.T.);
#546=ORIENTED_EDGE('',*,*,#2682,.F.);
#547=ORIENTED_EDGE('',*,*,#2683,.F.);
#548=ORIENTED_EDGE('',*,*,#2684,.T.);
#549=ORIENTED_EDGE('',*,*,#2685,.T.);
#550=ORIENTED_EDGE('',*,*,#2679,.F.);
#551=ORIENTED_EDGE('',*,*,#2686,.T.);
#552=ORIENTED_EDGE('',*,*,#2687,.T.);
#553=ORIENTED_EDGE('',*,*,#2688,.F.);
#554=ORIENTED_EDGE('',*,*,#2689,.F.);
#555=ORIENTED_EDGE('',*,*,#2690,.F.);
#556=ORIENTED_EDGE('',*,*,#2691,.T.);
#557=ORIENTED_EDGE('',*,*,#2692,.T.);
#558=ORIENTED_EDGE('',*,*,#2693,.T.);
#559=ORIENTED_EDGE('',*,*,#2689,.T.);
#560=ORIENTED_EDGE('',*,*,#2694,.T.);
#561=ORIENTED_EDGE('',*,*,#2680,.T.);
#562=ORIENTED_EDGE('',*,*,#2688,.T.);
#563=ORIENTED_EDGE('',*,*,#2695,.T.);
#564=ORIENTED_EDGE('',*,*,#2684,.F.);
#565=ORIENTED_EDGE('',*,*,#2696,.T.);
#566=ORIENTED_EDGE('',*,*,#2697,.T.);
#567=ORIENTED_EDGE('',*,*,#2686,.F.);
#568=ORIENTED_EDGE('',*,*,#2678,.F.);
#569=ORIENTED_EDGE('',*,*,#2698,.F.);
#570=ORIENTED_EDGE('',*,*,#2691,.F.);
#571=ORIENTED_EDGE('',*,*,#2674,.T.);
#572=ORIENTED_EDGE('',*,*,#2681,.F.);
#573=ORIENTED_EDGE('',*,*,#2694,.F.);
#574=ORIENTED_EDGE('',*,*,#2692,.F.);
#575=ORIENTED_EDGE('',*,*,#2698,.T.);
#576=ORIENTED_EDGE('',*,*,#2699,.T.);
#577=ORIENTED_EDGE('',*,*,#2700,.T.);
#578=ORIENTED_EDGE('',*,*,#2701,.F.);
#579=ORIENTED_EDGE('',*,*,#2702,.T.);
#580=ORIENTED_EDGE('',*,*,#2703,.T.);
#581=ORIENTED_EDGE('',*,*,#2704,.F.);
#582=ORIENTED_EDGE('',*,*,#2693,.F.);
#583=ORIENTED_EDGE('',*,*,#2683,.T.);
#584=ORIENTED_EDGE('',*,*,#2682,.T.);
#585=ORIENTED_EDGE('',*,*,#2705,.F.);
#586=ORIENTED_EDGE('',*,*,#2671,.F.);
#587=ORIENTED_EDGE('',*,*,#2706,.T.);
#588=ORIENTED_EDGE('',*,*,#2707,.T.);
#589=ORIENTED_EDGE('',*,*,#2701,.T.);
#590=ORIENTED_EDGE('',*,*,#2703,.F.);
#591=ORIENTED_EDGE('',*,*,#2708,.T.);
#592=ORIENTED_EDGE('',*,*,#2699,.F.);
#593=ORIENTED_EDGE('',*,*,#2709,.T.);
#594=ORIENTED_EDGE('',*,*,#2710,.T.);
#595=ORIENTED_EDGE('',*,*,#2673,.T.);
#596=ORIENTED_EDGE('',*,*,#2711,.T.);
#597=ORIENTED_EDGE('',*,*,#2712,.F.);
#598=ORIENTED_EDGE('',*,*,#2713,.F.);
#599=ORIENTED_EDGE('',*,*,#2714,.F.);
#600=ORIENTED_EDGE('',*,*,#2712,.T.);
#601=ORIENTED_EDGE('',*,*,#2715,.T.);
#602=ORIENTED_EDGE('',*,*,#2716,.T.);
#603=ORIENTED_EDGE('',*,*,#2717,.F.);
#604=ORIENTED_EDGE('',*,*,#2708,.F.);
#605=ORIENTED_EDGE('',*,*,#2714,.T.);
#606=ORIENTED_EDGE('',*,*,#2718,.T.);
#607=ORIENTED_EDGE('',*,*,#2719,.T.);
#608=ORIENTED_EDGE('',*,*,#2720,.T.);
#609=ORIENTED_EDGE('',*,*,#2721,.F.);
#610=ORIENTED_EDGE('',*,*,#2722,.T.);
#611=ORIENTED_EDGE('',*,*,#2723,.T.);
#612=ORIENTED_EDGE('',*,*,#2724,.T.);
#613=ORIENTED_EDGE('',*,*,#2718,.F.);
#614=ORIENTED_EDGE('',*,*,#2725,.F.);
#615=ORIENTED_EDGE('',*,*,#2726,.F.);
#616=ORIENTED_EDGE('',*,*,#2722,.F.);
#617=ORIENTED_EDGE('',*,*,#2721,.T.);
#618=ORIENTED_EDGE('',*,*,#2727,.F.);
#619=ORIENTED_EDGE('',*,*,#2716,.F.);
#620=ORIENTED_EDGE('',*,*,#2713,.T.);
#621=ORIENTED_EDGE('',*,*,#2723,.F.);
#622=ORIENTED_EDGE('',*,*,#2726,.T.);
#623=ORIENTED_EDGE('',*,*,#2728,.T.);
#624=ORIENTED_EDGE('',*,*,#2729,.F.);
#625=ORIENTED_EDGE('',*,*,#2730,.F.);
#626=ORIENTED_EDGE('',*,*,#2731,.F.);
#627=ORIENTED_EDGE('',*,*,#2719,.F.);
#628=ORIENTED_EDGE('',*,*,#2724,.F.);
#629=ORIENTED_EDGE('',*,*,#2729,.T.);
#630=ORIENTED_EDGE('',*,*,#2732,.T.);
#631=ORIENTED_EDGE('',*,*,#2733,.F.);
#632=ORIENTED_EDGE('',*,*,#2734,.T.);
#633=ORIENTED_EDGE('',*,*,#2735,.T.);
#634=ORIENTED_EDGE('',*,*,#2730,.T.);
#635=ORIENTED_EDGE('',*,*,#2736,.T.);
#636=ORIENTED_EDGE('',*,*,#2737,.T.);
#637=ORIENTED_EDGE('',*,*,#2738,.T.);
#638=ORIENTED_EDGE('',*,*,#2739,.T.);
#639=ORIENTED_EDGE('',*,*,#2740,.T.);
#640=ORIENTED_EDGE('',*,*,#2741,.T.);
#641=ORIENTED_EDGE('',*,*,#2742,.F.);
#642=ORIENTED_EDGE('',*,*,#2743,.F.);
#643=ORIENTED_EDGE('',*,*,#2744,.F.);
#644=ORIENTED_EDGE('',*,*,#2740,.F.);
#645=ORIENTED_EDGE('',*,*,#2745,.F.);
#646=ORIENTED_EDGE('',*,*,#2734,.F.);
#647=ORIENTED_EDGE('',*,*,#2746,.F.);
#648=ORIENTED_EDGE('',*,*,#2743,.T.);
#649=ORIENTED_EDGE('',*,*,#2747,.T.);
#650=ORIENTED_EDGE('',*,*,#2748,.F.);
#651=ORIENTED_EDGE('',*,*,#2749,.T.);
#652=ORIENTED_EDGE('',*,*,#2750,.T.);
#653=ORIENTED_EDGE('',*,*,#2751,.F.);
#654=ORIENTED_EDGE('',*,*,#2752,.F.);
#655=ORIENTED_EDGE('',*,*,#2753,.F.);
#656=ORIENTED_EDGE('',*,*,#2754,.F.);
#657=ORIENTED_EDGE('',*,*,#2755,.T.);
#658=ORIENTED_EDGE('',*,*,#2751,.T.);
#659=ORIENTED_EDGE('',*,*,#2756,.T.);
#660=ORIENTED_EDGE('',*,*,#2757,.T.);
#661=ORIENTED_EDGE('',*,*,#2758,.F.);
#662=ORIENTED_EDGE('',*,*,#2759,.F.);
#663=ORIENTED_EDGE('',*,*,#2760,.F.);
#664=ORIENTED_EDGE('',*,*,#2761,.T.);
#665=ORIENTED_EDGE('',*,*,#2762,.T.);
#666=ORIENTED_EDGE('',*,*,#2763,.T.);
#667=ORIENTED_EDGE('',*,*,#2764,.T.);
#668=ORIENTED_EDGE('',*,*,#2765,.T.);
#669=ORIENTED_EDGE('',*,*,#2766,.T.);
#670=ORIENTED_EDGE('',*,*,#2767,.F.);
#671=ORIENTED_EDGE('',*,*,#2768,.F.);
#672=ORIENTED_EDGE('',*,*,#2769,.T.);
#673=ORIENTED_EDGE('',*,*,#2770,.F.);
#674=ORIENTED_EDGE('',*,*,#2764,.F.);
#675=ORIENTED_EDGE('',*,*,#2769,.F.);
#676=ORIENTED_EDGE('',*,*,#2771,.T.);
#677=ORIENTED_EDGE('',*,*,#2772,.T.);
#678=ORIENTED_EDGE('',*,*,#2773,.F.);
#679=ORIENTED_EDGE('',*,*,#2762,.F.);
#680=ORIENTED_EDGE('',*,*,#2774,.T.);
#681=ORIENTED_EDGE('',*,*,#2775,.T.);
#682=ORIENTED_EDGE('',*,*,#2765,.F.);
#683=ORIENTED_EDGE('',*,*,#2770,.T.);
#684=ORIENTED_EDGE('',*,*,#2773,.T.);
#685=ORIENTED_EDGE('',*,*,#2776,.T.);
#686=ORIENTED_EDGE('',*,*,#2775,.F.);
#687=ORIENTED_EDGE('',*,*,#2777,.F.);
#688=ORIENTED_EDGE('',*,*,#2778,.T.);
#689=ORIENTED_EDGE('',*,*,#2766,.F.);
#690=ORIENTED_EDGE('',*,*,#2779,.F.);
#691=ORIENTED_EDGE('',*,*,#2780,.T.);
#692=ORIENTED_EDGE('',*,*,#2781,.T.);
#693=ORIENTED_EDGE('',*,*,#2782,.F.);
#694=ORIENTED_EDGE('',*,*,#2783,.T.);
#695=ORIENTED_EDGE('',*,*,#2779,.T.);
#696=ORIENTED_EDGE('',*,*,#2784,.F.);
#697=ORIENTED_EDGE('',*,*,#2756,.F.);
#698=ORIENTED_EDGE('',*,*,#2760,.T.);
#699=ORIENTED_EDGE('',*,*,#2785,.T.);
#700=ORIENTED_EDGE('',*,*,#2780,.F.);
#701=ORIENTED_EDGE('',*,*,#2783,.F.);
#702=ORIENTED_EDGE('',*,*,#2759,.T.);
#703=ORIENTED_EDGE('',*,*,#2786,.F.);
#704=ORIENTED_EDGE('',*,*,#2787,.T.);
#705=ORIENTED_EDGE('',*,*,#2788,.F.);
#706=ORIENTED_EDGE('',*,*,#2789,.F.);
#707=ORIENTED_EDGE('',*,*,#2786,.T.);
#708=ORIENTED_EDGE('',*,*,#2758,.T.);
#709=ORIENTED_EDGE('',*,*,#2790,.F.);
#710=ORIENTED_EDGE('',*,*,#2788,.T.);
#711=ORIENTED_EDGE('',*,*,#2757,.F.);
#712=ORIENTED_EDGE('',*,*,#2784,.T.);
#713=ORIENTED_EDGE('',*,*,#2782,.T.);
#714=ORIENTED_EDGE('',*,*,#2791,.F.);
#715=ORIENTED_EDGE('',*,*,#2792,.F.);
#716=ORIENTED_EDGE('',*,*,#2793,.F.);
#717=ORIENTED_EDGE('',*,*,#2794,.T.);
#718=ORIENTED_EDGE('',*,*,#2792,.T.);
#719=ORIENTED_EDGE('',*,*,#2795,.T.);
#720=ORIENTED_EDGE('',*,*,#2793,.T.);
#721=ORIENTED_EDGE('',*,*,#2796,.T.);
#722=ORIENTED_EDGE('',*,*,#2797,.F.);
#723=ORIENTED_EDGE('',*,*,#2798,.F.);
#724=ORIENTED_EDGE('',*,*,#2752,.T.);
#725=ORIENTED_EDGE('',*,*,#2755,.F.);
#726=ORIENTED_EDGE('',*,*,#2799,.T.);
#727=ORIENTED_EDGE('',*,*,#2800,.F.);
#728=ORIENTED_EDGE('',*,*,#2797,.T.);
#729=ORIENTED_EDGE('',*,*,#2801,.T.);
#730=ORIENTED_EDGE('',*,*,#2802,.F.);
#731=ORIENTED_EDGE('',*,*,#2803,.T.);
#732=ORIENTED_EDGE('',*,*,#2804,.T.);
#733=ORIENTED_EDGE('',*,*,#2805,.F.);
#734=ORIENTED_EDGE('',*,*,#2806,.F.);
#735=ORIENTED_EDGE('',*,*,#2807,.F.);
#736=ORIENTED_EDGE('',*,*,#2808,.T.);
#737=ORIENTED_EDGE('',*,*,#2809,.F.);
#738=ORIENTED_EDGE('',*,*,#2805,.T.);
#739=ORIENTED_EDGE('',*,*,#2810,.T.);
#740=ORIENTED_EDGE('',*,*,#2811,.F.);
#741=ORIENTED_EDGE('',*,*,#2812,.F.);
#742=ORIENTED_EDGE('',*,*,#2806,.T.);
#743=ORIENTED_EDGE('',*,*,#2809,.T.);
#744=ORIENTED_EDGE('',*,*,#2813,.F.);
#745=ORIENTED_EDGE('',*,*,#2814,.F.);
#746=ORIENTED_EDGE('',*,*,#2804,.F.);
#747=ORIENTED_EDGE('',*,*,#2815,.T.);
#748=ORIENTED_EDGE('',*,*,#2816,.T.);
#749=ORIENTED_EDGE('',*,*,#2810,.F.);
#750=ORIENTED_EDGE('',*,*,#2817,.F.);
#751=ORIENTED_EDGE('',*,*,#2818,.T.);
#752=ORIENTED_EDGE('',*,*,#2819,.T.);
#753=ORIENTED_EDGE('',*,*,#2820,.T.);
#754=ORIENTED_EDGE('',*,*,#2821,.T.);
#755=ORIENTED_EDGE('',*,*,#2815,.F.);
#756=ORIENTED_EDGE('',*,*,#2803,.F.);
#757=ORIENTED_EDGE('',*,*,#2814,.T.);
#758=ORIENTED_EDGE('',*,*,#2822,.F.);
#759=ORIENTED_EDGE('',*,*,#2823,.T.);
#760=ORIENTED_EDGE('',*,*,#2817,.T.);
#761=ORIENTED_EDGE('',*,*,#2808,.F.);
#762=ORIENTED_EDGE('',*,*,#2824,.F.);
#763=ORIENTED_EDGE('',*,*,#2822,.T.);
#764=ORIENTED_EDGE('',*,*,#2813,.T.);
#765=ORIENTED_EDGE('',*,*,#2825,.F.);
#766=ORIENTED_EDGE('',*,*,#2826,.T.);
#767=ORIENTED_EDGE('',*,*,#2812,.T.);
#768=ORIENTED_EDGE('',*,*,#2827,.T.);
#769=ORIENTED_EDGE('',*,*,#2828,.T.);
#770=ORIENTED_EDGE('',*,*,#2829,.T.);
#771=ORIENTED_EDGE('',*,*,#2830,.F.);
#772=ORIENTED_EDGE('',*,*,#2831,.F.);
#773=ORIENTED_EDGE('',*,*,#2832,.F.);
#774=ORIENTED_EDGE('',*,*,#2833,.F.);
#775=ORIENTED_EDGE('',*,*,#2834,.T.);
#776=ORIENTED_EDGE('',*,*,#2830,.T.);
#777=ORIENTED_EDGE('',*,*,#2835,.F.);
#778=ORIENTED_EDGE('',*,*,#2836,.T.);
#779=ORIENTED_EDGE('',*,*,#2837,.T.);
#780=ORIENTED_EDGE('',*,*,#2838,.F.);
#781=ORIENTED_EDGE('',*,*,#2825,.T.);
#782=ORIENTED_EDGE('',*,*,#2839,.T.);
#783=ORIENTED_EDGE('',*,*,#2836,.F.);
#784=ORIENTED_EDGE('',*,*,#2840,.F.);
#785=ORIENTED_EDGE('',*,*,#2831,.T.);
#786=ORIENTED_EDGE('',*,*,#2834,.F.);
#787=ORIENTED_EDGE('',*,*,#2841,.T.);
#788=ORIENTED_EDGE('',*,*,#2842,.T.);
#789=ORIENTED_EDGE('',*,*,#2843,.T.);
#790=ORIENTED_EDGE('',*,*,#2844,.T.);
#791=ORIENTED_EDGE('',*,*,#2845,.F.);
#792=ORIENTED_EDGE('',*,*,#2846,.F.);
#793=ORIENTED_EDGE('',*,*,#2847,.T.);
#794=ORIENTED_EDGE('',*,*,#2848,.T.);
#795=ORIENTED_EDGE('',*,*,#2849,.F.);
#796=ORIENTED_EDGE('',*,*,#2850,.T.);
#797=ORIENTED_EDGE('',*,*,#2846,.T.);
#798=ORIENTED_EDGE('',*,*,#2851,.F.);
#799=ORIENTED_EDGE('',*,*,#2852,.F.);
#800=ORIENTED_EDGE('',*,*,#2853,.F.);
#801=ORIENTED_EDGE('',*,*,#2854,.T.);
#802=ORIENTED_EDGE('',*,*,#2855,.F.);
#803=ORIENTED_EDGE('',*,*,#2851,.T.);
#804=ORIENTED_EDGE('',*,*,#2849,.T.);
#805=ORIENTED_EDGE('',*,*,#2856,.F.);
#806=ORIENTED_EDGE('',*,*,#2843,.F.);
#807=ORIENTED_EDGE('',*,*,#2852,.T.);
#808=ORIENTED_EDGE('',*,*,#2855,.T.);
#809=ORIENTED_EDGE('',*,*,#2857,.F.);
#810=ORIENTED_EDGE('',*,*,#2858,.F.);
#811=ORIENTED_EDGE('',*,*,#2859,.T.);
#812=ORIENTED_EDGE('',*,*,#2860,.T.);
#813=ORIENTED_EDGE('',*,*,#2861,.T.);
#814=ORIENTED_EDGE('',*,*,#2862,.F.);
#815=ORIENTED_EDGE('',*,*,#2863,.T.);
#816=ORIENTED_EDGE('',*,*,#2847,.F.);
#817=ORIENTED_EDGE('',*,*,#2850,.F.);
#818=ORIENTED_EDGE('',*,*,#2858,.T.);
#819=ORIENTED_EDGE('',*,*,#2864,.F.);
#820=ORIENTED_EDGE('',*,*,#2865,.T.);
#821=ORIENTED_EDGE('',*,*,#2862,.T.);
#822=ORIENTED_EDGE('',*,*,#2854,.F.);
#823=ORIENTED_EDGE('',*,*,#2866,.T.);
#824=ORIENTED_EDGE('',*,*,#2864,.T.);
#825=ORIENTED_EDGE('',*,*,#2857,.T.);
#826=ORIENTED_EDGE('',*,*,#2867,.F.);
#827=ORIENTED_EDGE('',*,*,#2868,.F.);
#828=ORIENTED_EDGE('',*,*,#2869,.F.);
#829=ORIENTED_EDGE('',*,*,#2870,.T.);
#830=ORIENTED_EDGE('',*,*,#2871,.F.);
#831=ORIENTED_EDGE('',*,*,#2872,.T.);
#832=ORIENTED_EDGE('',*,*,#2873,.T.);
#833=ORIENTED_EDGE('',*,*,#2874,.F.);
#834=ORIENTED_EDGE('',*,*,#2875,.T.);
#835=ORIENTED_EDGE('',*,*,#2876,.T.);
#836=ORIENTED_EDGE('',*,*,#2877,.F.);
#837=ORIENTED_EDGE('',*,*,#2878,.F.);
#838=ORIENTED_EDGE('',*,*,#2879,.F.);
#839=ORIENTED_EDGE('',*,*,#2880,.F.);
#840=ORIENTED_EDGE('',*,*,#2853,.T.);
#841=ORIENTED_EDGE('',*,*,#2842,.F.);
#842=ORIENTED_EDGE('',*,*,#2881,.T.);
#843=ORIENTED_EDGE('',*,*,#2882,.F.);
#844=ORIENTED_EDGE('',*,*,#2883,.F.);
#845=ORIENTED_EDGE('',*,*,#2878,.T.);
#846=ORIENTED_EDGE('',*,*,#2884,.F.);
#847=ORIENTED_EDGE('',*,*,#2879,.T.);
#848=ORIENTED_EDGE('',*,*,#2845,.T.);
#849=ORIENTED_EDGE('',*,*,#2883,.T.);
#850=ORIENTED_EDGE('',*,*,#2885,.T.);
#851=ORIENTED_EDGE('',*,*,#2886,.T.);
#852=ORIENTED_EDGE('',*,*,#2875,.F.);
#853=ORIENTED_EDGE('',*,*,#2885,.F.);
#854=ORIENTED_EDGE('',*,*,#2882,.T.);
#855=ORIENTED_EDGE('',*,*,#2887,.T.);
#856=ORIENTED_EDGE('',*,*,#2888,.F.);
#857=ORIENTED_EDGE('',*,*,#2889,.F.);
#858=ORIENTED_EDGE('',*,*,#2890,.F.);
#859=ORIENTED_EDGE('',*,*,#2876,.F.);
#860=ORIENTED_EDGE('',*,*,#2886,.F.);
#861=ORIENTED_EDGE('',*,*,#2888,.T.);
#862=ORIENTED_EDGE('',*,*,#2891,.F.);
#863=ORIENTED_EDGE('',*,*,#2892,.F.);
#864=ORIENTED_EDGE('',*,*,#2890,.T.);
#865=ORIENTED_EDGE('',*,*,#2893,.T.);
#866=ORIENTED_EDGE('',*,*,#2884,.T.);
#867=ORIENTED_EDGE('',*,*,#2877,.T.);
#868=ORIENTED_EDGE('',*,*,#2894,.F.);
#869=ORIENTED_EDGE('',*,*,#2895,.F.);
#870=ORIENTED_EDGE('',*,*,#2896,.F.);
#871=ORIENTED_EDGE('',*,*,#2897,.T.);
#872=ORIENTED_EDGE('',*,*,#2898,.F.);
#873=ORIENTED_EDGE('',*,*,#2899,.F.);
#874=ORIENTED_EDGE('',*,*,#2897,.F.);
#875=ORIENTED_EDGE('',*,*,#2900,.F.);
#876=ORIENTED_EDGE('',*,*,#2901,.F.);
#877=ORIENTED_EDGE('',*,*,#2902,.T.);
#878=ORIENTED_EDGE('',*,*,#2903,.T.);
#879=ORIENTED_EDGE('',*,*,#2904,.F.);
#880=ORIENTED_EDGE('',*,*,#2905,.F.);
#881=ORIENTED_EDGE('',*,*,#2901,.T.);
#882=ORIENTED_EDGE('',*,*,#2906,.F.);
#883=ORIENTED_EDGE('',*,*,#2898,.T.);
#884=ORIENTED_EDGE('',*,*,#2907,.T.);
#885=ORIENTED_EDGE('',*,*,#2894,.T.);
#886=ORIENTED_EDGE('',*,*,#2899,.T.);
#887=ORIENTED_EDGE('',*,*,#2906,.T.);
#888=ORIENTED_EDGE('',*,*,#2904,.T.);
#889=ORIENTED_EDGE('',*,*,#2908,.T.);
#890=ORIENTED_EDGE('',*,*,#2860,.F.);
#891=ORIENTED_EDGE('',*,*,#2865,.F.);
#892=ORIENTED_EDGE('',*,*,#2909,.F.);
#893=ORIENTED_EDGE('',*,*,#2907,.F.);
#894=ORIENTED_EDGE('',*,*,#2859,.F.);
#895=ORIENTED_EDGE('',*,*,#2910,.F.);
#896=ORIENTED_EDGE('',*,*,#2911,.T.);
#897=ORIENTED_EDGE('',*,*,#2912,.T.);
#898=ORIENTED_EDGE('',*,*,#2913,.F.);
#899=ORIENTED_EDGE('',*,*,#2914,.F.);
#900=ORIENTED_EDGE('',*,*,#2915,.T.);
#901=ORIENTED_EDGE('',*,*,#2916,.T.);
#902=ORIENTED_EDGE('',*,*,#2917,.T.);
#903=ORIENTED_EDGE('',*,*,#2918,.T.);
#904=ORIENTED_EDGE('',*,*,#2919,.T.);
#905=ORIENTED_EDGE('',*,*,#2874,.T.);
#906=ORIENTED_EDGE('',*,*,#2920,.F.);
#907=ORIENTED_EDGE('',*,*,#2921,.T.);
#908=ORIENTED_EDGE('',*,*,#2922,.F.);
#909=ORIENTED_EDGE('',*,*,#2923,.F.);
#910=ORIENTED_EDGE('',*,*,#2924,.F.);
#911=ORIENTED_EDGE('',*,*,#2920,.T.);
#912=ORIENTED_EDGE('',*,*,#2873,.F.);
#913=ORIENTED_EDGE('',*,*,#2925,.F.);
#914=ORIENTED_EDGE('',*,*,#2924,.T.);
#915=ORIENTED_EDGE('',*,*,#2926,.T.);
#916=ORIENTED_EDGE('',*,*,#2927,.F.);
#917=ORIENTED_EDGE('',*,*,#2918,.F.);
#918=ORIENTED_EDGE('',*,*,#2916,.F.);
#919=ORIENTED_EDGE('',*,*,#2871,.T.);
#920=ORIENTED_EDGE('',*,*,#2919,.F.);
#921=ORIENTED_EDGE('',*,*,#2927,.T.);
#922=ORIENTED_EDGE('',*,*,#2928,.T.);
#923=ORIENTED_EDGE('',*,*,#2929,.T.);
#924=ORIENTED_EDGE('',*,*,#2930,.F.);
#925=ORIENTED_EDGE('',*,*,#2931,.F.);
#926=ORIENTED_EDGE('',*,*,#2917,.F.);
#927=ORIENTED_EDGE('',*,*,#2930,.T.);
#928=ORIENTED_EDGE('',*,*,#2932,.T.);
#929=ORIENTED_EDGE('',*,*,#2933,.F.);
#930=ORIENTED_EDGE('',*,*,#2934,.T.);
#931=ORIENTED_EDGE('',*,*,#2935,.T.);
#932=ORIENTED_EDGE('',*,*,#2936,.F.);
#933=ORIENTED_EDGE('',*,*,#2937,.F.);
#934=ORIENTED_EDGE('',*,*,#2938,.F.);
#935=ORIENTED_EDGE('',*,*,#2939,.F.);
#936=ORIENTED_EDGE('',*,*,#2933,.T.);
#937=ORIENTED_EDGE('',*,*,#2940,.F.);
#938=ORIENTED_EDGE('',*,*,#2941,.T.);
#939=ORIENTED_EDGE('',*,*,#2942,.T.);
#940=ORIENTED_EDGE('',*,*,#2943,.F.);
#941=ORIENTED_EDGE('',*,*,#2939,.T.);
#942=ORIENTED_EDGE('',*,*,#2910,.T.);
#943=ORIENTED_EDGE('',*,*,#2944,.T.);
#944=ORIENTED_EDGE('',*,*,#2945,.T.);
#945=ORIENTED_EDGE('',*,*,#2943,.T.);
#946=ORIENTED_EDGE('',*,*,#2946,.T.);
#947=ORIENTED_EDGE('',*,*,#2934,.F.);
#948=ORIENTED_EDGE('',*,*,#2947,.T.);
#949=ORIENTED_EDGE('',*,*,#2940,.T.);
#950=ORIENTED_EDGE('',*,*,#2945,.F.);
#951=ORIENTED_EDGE('',*,*,#2948,.T.);
#952=ORIENTED_EDGE('',*,*,#2948,.F.);
#953=ORIENTED_EDGE('',*,*,#2944,.F.);
#954=ORIENTED_EDGE('',*,*,#2913,.T.);
#955=ORIENTED_EDGE('',*,*,#2949,.T.);
#956=ORIENTED_EDGE('',*,*,#2950,.F.);
#957=ORIENTED_EDGE('',*,*,#2941,.F.);
#958=ORIENTED_EDGE('',*,*,#2947,.F.);
#959=ORIENTED_EDGE('',*,*,#2949,.F.);
#960=ORIENTED_EDGE('',*,*,#2912,.F.);
#961=ORIENTED_EDGE('',*,*,#2914,.T.);
#962=ORIENTED_EDGE('',*,*,#2931,.T.);
#963=ORIENTED_EDGE('',*,*,#2951,.F.);
#964=ORIENTED_EDGE('',*,*,#2952,.T.);
#965=ORIENTED_EDGE('',*,*,#2953,.F.);
#966=ORIENTED_EDGE('',*,*,#2954,.F.);
#967=ORIENTED_EDGE('',*,*,#2706,.F.);
#968=ORIENTED_EDGE('',*,*,#2670,.T.);
#969=ORIENTED_EDGE('',*,*,#2710,.F.);
#970=ORIENTED_EDGE('',*,*,#2955,.T.);
#971=ORIENTED_EDGE('',*,*,#2956,.T.);
#972=ORIENTED_EDGE('',*,*,#2957,.T.);
#973=ORIENTED_EDGE('',*,*,#2958,.F.);
#974=ORIENTED_EDGE('',*,*,#2953,.T.);
#975=ORIENTED_EDGE('',*,*,#2959,.T.);
#976=ORIENTED_EDGE('',*,*,#2960,.T.);
#977=ORIENTED_EDGE('',*,*,#2961,.F.);
#978=ORIENTED_EDGE('',*,*,#2962,.F.);
#979=ORIENTED_EDGE('',*,*,#2962,.T.);
#980=ORIENTED_EDGE('',*,*,#2963,.F.);
#981=ORIENTED_EDGE('',*,*,#2964,.F.);
#982=ORIENTED_EDGE('',*,*,#2965,.T.);
#983=ORIENTED_EDGE('',*,*,#2966,.T.);
#984=ORIENTED_EDGE('',*,*,#2967,.T.);
#985=ORIENTED_EDGE('',*,*,#2968,.T.);
#986=ORIENTED_EDGE('',*,*,#2969,.T.);
#987=ORIENTED_EDGE('',*,*,#2967,.F.);
#988=ORIENTED_EDGE('',*,*,#2970,.T.);
#989=ORIENTED_EDGE('',*,*,#2971,.F.);
#990=ORIENTED_EDGE('',*,*,#2972,.T.);
#991=ORIENTED_EDGE('',*,*,#2973,.F.);
#992=ORIENTED_EDGE('',*,*,#2974,.F.);
#993=ORIENTED_EDGE('',*,*,#2968,.F.);
#994=ORIENTED_EDGE('',*,*,#2972,.F.);
#995=ORIENTED_EDGE('',*,*,#2975,.F.);
#996=ORIENTED_EDGE('',*,*,#2976,.F.);
#997=ORIENTED_EDGE('',*,*,#2955,.F.);
#998=ORIENTED_EDGE('',*,*,#2709,.F.);
#999=ORIENTED_EDGE('',*,*,#2702,.F.);
#1000=ORIENTED_EDGE('',*,*,#2707,.F.);
#1001=ORIENTED_EDGE('',*,*,#2977,.F.);
#1002=ORIENTED_EDGE('',*,*,#2978,.T.);
#1003=ORIENTED_EDGE('',*,*,#2979,.F.);
#1004=ORIENTED_EDGE('',*,*,#2980,.F.);
#1005=ORIENTED_EDGE('',*,*,#2965,.F.);
#1006=ORIENTED_EDGE('',*,*,#2981,.T.);
#1007=ORIENTED_EDGE('',*,*,#2970,.F.);
#1008=ORIENTED_EDGE('',*,*,#2966,.F.);
#1009=ORIENTED_EDGE('',*,*,#2982,.T.);
#1010=ORIENTED_EDGE('',*,*,#2983,.T.);
#1011=ORIENTED_EDGE('',*,*,#2984,.T.);
#1012=ORIENTED_EDGE('',*,*,#2985,.T.);
#1013=ORIENTED_EDGE('',*,*,#2986,.T.);
#1014=ORIENTED_EDGE('',*,*,#2959,.F.);
#1015=ORIENTED_EDGE('',*,*,#2983,.F.);
#1016=ORIENTED_EDGE('',*,*,#2987,.T.);
#1017=ORIENTED_EDGE('',*,*,#2988,.T.);
#1018=ORIENTED_EDGE('',*,*,#2989,.T.);
#1019=ORIENTED_EDGE('',*,*,#2984,.F.);
#1020=ORIENTED_EDGE('',*,*,#2990,.F.);
#1021=ORIENTED_EDGE('',*,*,#2991,.F.);
#1022=ORIENTED_EDGE('',*,*,#2973,.T.);
#1023=ORIENTED_EDGE('',*,*,#2992,.F.);
#1024=ORIENTED_EDGE('',*,*,#2987,.F.);
#1025=ORIENTED_EDGE('',*,*,#2982,.F.);
#1026=ORIENTED_EDGE('',*,*,#2969,.F.);
#1027=ORIENTED_EDGE('',*,*,#2974,.T.);
#1028=ORIENTED_EDGE('',*,*,#2991,.T.);
#1029=ORIENTED_EDGE('',*,*,#2993,.F.);
#1030=ORIENTED_EDGE('',*,*,#2994,.T.);
#1031=ORIENTED_EDGE('',*,*,#2995,.T.);
#1032=ORIENTED_EDGE('',*,*,#2976,.T.);
#1033=ORIENTED_EDGE('',*,*,#2996,.F.);
#1034=ORIENTED_EDGE('',*,*,#2979,.T.);
#1035=ORIENTED_EDGE('',*,*,#2997,.T.);
#1036=ORIENTED_EDGE('',*,*,#2998,.T.);
#1037=ORIENTED_EDGE('',*,*,#2999,.F.);
#1038=ORIENTED_EDGE('',*,*,#2957,.F.);
#1039=ORIENTED_EDGE('',*,*,#3000,.T.);
#1040=ORIENTED_EDGE('',*,*,#3001,.F.);
#1041=ORIENTED_EDGE('',*,*,#2992,.T.);
#1042=ORIENTED_EDGE('',*,*,#2998,.F.);
#1043=ORIENTED_EDGE('',*,*,#3002,.T.);
#1044=ORIENTED_EDGE('',*,*,#3003,.T.);
#1045=ORIENTED_EDGE('',*,*,#3004,.F.);
#1046=ORIENTED_EDGE('',*,*,#3005,.F.);
#1047=ORIENTED_EDGE('',*,*,#3006,.F.);
#1048=ORIENTED_EDGE('',*,*,#3007,.F.);
#1049=ORIENTED_EDGE('',*,*,#3008,.F.);
#1050=ORIENTED_EDGE('',*,*,#3009,.F.);
#1051=ORIENTED_EDGE('',*,*,#3010,.F.);
#1052=ORIENTED_EDGE('',*,*,#3011,.T.);
#1053=ORIENTED_EDGE('',*,*,#3012,.F.);
#1054=ORIENTED_EDGE('',*,*,#3013,.F.);
#1055=ORIENTED_EDGE('',*,*,#3010,.T.);
#1056=ORIENTED_EDGE('',*,*,#3014,.T.);
#1057=ORIENTED_EDGE('',*,*,#3015,.F.);
#1058=ORIENTED_EDGE('',*,*,#3016,.T.);
#1059=ORIENTED_EDGE('',*,*,#3017,.T.);
#1060=ORIENTED_EDGE('',*,*,#3018,.F.);
#1061=ORIENTED_EDGE('',*,*,#3014,.F.);
#1062=ORIENTED_EDGE('',*,*,#3009,.T.);
#1063=ORIENTED_EDGE('',*,*,#3019,.T.);
#1064=ORIENTED_EDGE('',*,*,#3020,.T.);
#1065=ORIENTED_EDGE('',*,*,#3021,.F.);
#1066=ORIENTED_EDGE('',*,*,#3021,.T.);
#1067=ORIENTED_EDGE('',*,*,#3022,.T.);
#1068=ORIENTED_EDGE('',*,*,#3008,.T.);
#1069=ORIENTED_EDGE('',*,*,#3023,.F.);
#1070=ORIENTED_EDGE('',*,*,#3015,.T.);
#1071=ORIENTED_EDGE('',*,*,#3024,.F.);
#1072=ORIENTED_EDGE('',*,*,#3022,.F.);
#1073=ORIENTED_EDGE('',*,*,#3025,.T.);
#1074=ORIENTED_EDGE('',*,*,#3026,.F.);
#1075=ORIENTED_EDGE('',*,*,#3005,.T.);
#1076=ORIENTED_EDGE('',*,*,#3027,.T.);
#1077=ORIENTED_EDGE('',*,*,#3028,.F.);
#1078=ORIENTED_EDGE('',*,*,#3029,.T.);
#1079=ORIENTED_EDGE('',*,*,#3030,.T.);
#1080=ORIENTED_EDGE('',*,*,#3031,.F.);
#1081=ORIENTED_EDGE('',*,*,#3032,.F.);
#1082=ORIENTED_EDGE('',*,*,#3016,.F.);
#1083=ORIENTED_EDGE('',*,*,#3013,.T.);
#1084=ORIENTED_EDGE('',*,*,#3033,.F.);
#1085=ORIENTED_EDGE('',*,*,#3034,.F.);
#1086=ORIENTED_EDGE('',*,*,#3035,.F.);
#1087=ORIENTED_EDGE('',*,*,#3030,.F.);
#1088=ORIENTED_EDGE('',*,*,#3036,.T.);
#1089=ORIENTED_EDGE('',*,*,#3031,.T.);
#1090=ORIENTED_EDGE('',*,*,#3012,.T.);
#1091=ORIENTED_EDGE('',*,*,#3037,.F.);
#1092=ORIENTED_EDGE('',*,*,#3006,.T.);
#1093=ORIENTED_EDGE('',*,*,#3026,.T.);
#1094=ORIENTED_EDGE('',*,*,#3038,.F.);
#1095=ORIENTED_EDGE('',*,*,#3039,.T.);
#1096=ORIENTED_EDGE('',*,*,#3002,.F.);
#1097=ORIENTED_EDGE('',*,*,#2997,.F.);
#1098=ORIENTED_EDGE('',*,*,#2978,.F.);
#1099=ORIENTED_EDGE('',*,*,#3040,.F.);
#1100=ORIENTED_EDGE('',*,*,#3011,.F.);
#1101=ORIENTED_EDGE('',*,*,#3023,.T.);
#1102=ORIENTED_EDGE('',*,*,#3007,.T.);
#1103=ORIENTED_EDGE('',*,*,#3037,.T.);
#1104=ORIENTED_EDGE('',*,*,#3041,.T.);
#1105=ORIENTED_EDGE('',*,*,#3017,.F.);
#1106=ORIENTED_EDGE('',*,*,#3032,.T.);
#1107=ORIENTED_EDGE('',*,*,#3036,.F.);
#1108=ORIENTED_EDGE('',*,*,#3029,.F.);
#1109=ORIENTED_EDGE('',*,*,#3042,.T.);
#1110=ORIENTED_EDGE('',*,*,#3043,.F.);
#1111=ORIENTED_EDGE('',*,*,#3044,.T.);
#1112=ORIENTED_EDGE('',*,*,#3045,.T.);
#1113=ORIENTED_EDGE('',*,*,#3046,.F.);
#1114=ORIENTED_EDGE('',*,*,#3047,.T.);
#1115=ORIENTED_EDGE('',*,*,#3043,.T.);
#1116=ORIENTED_EDGE('',*,*,#3047,.F.);
#1117=ORIENTED_EDGE('',*,*,#3048,.F.);
#1118=ORIENTED_EDGE('',*,*,#3049,.T.);
#1119=ORIENTED_EDGE('',*,*,#3050,.T.);
#1120=ORIENTED_EDGE('',*,*,#3044,.F.);
#1121=ORIENTED_EDGE('',*,*,#3051,.T.);
#1122=ORIENTED_EDGE('',*,*,#3049,.F.);
#1123=ORIENTED_EDGE('',*,*,#3052,.F.);
#1124=ORIENTED_EDGE('',*,*,#3051,.F.);
#1125=ORIENTED_EDGE('',*,*,#3053,.T.);
#1126=ORIENTED_EDGE('',*,*,#3054,.F.);
#1127=ORIENTED_EDGE('',*,*,#3055,.F.);
#1128=ORIENTED_EDGE('',*,*,#3056,.F.);
#1129=ORIENTED_EDGE('',*,*,#3057,.F.);
#1130=ORIENTED_EDGE('',*,*,#3058,.T.);
#1131=ORIENTED_EDGE('',*,*,#3054,.T.);
#1132=ORIENTED_EDGE('',*,*,#3059,.T.);
#1133=ORIENTED_EDGE('',*,*,#3060,.T.);
#1134=ORIENTED_EDGE('',*,*,#3058,.F.);
#1135=ORIENTED_EDGE('',*,*,#3061,.T.);
#1136=ORIENTED_EDGE('',*,*,#3062,.T.);
#1137=ORIENTED_EDGE('',*,*,#3055,.T.);
#1138=ORIENTED_EDGE('',*,*,#3063,.T.);
#1139=ORIENTED_EDGE('',*,*,#3064,.T.);
#1140=ORIENTED_EDGE('',*,*,#3065,.T.);
#1141=ORIENTED_EDGE('',*,*,#3066,.F.);
#1142=ORIENTED_EDGE('',*,*,#3064,.F.);
#1143=ORIENTED_EDGE('',*,*,#3067,.T.);
#1144=ORIENTED_EDGE('',*,*,#3062,.F.);
#1145=ORIENTED_EDGE('',*,*,#3068,.F.);
#1146=ORIENTED_EDGE('',*,*,#3063,.F.);
#1147=ORIENTED_EDGE('',*,*,#3056,.T.);
#1148=ORIENTED_EDGE('',*,*,#3067,.F.);
#1149=ORIENTED_EDGE('',*,*,#3069,.F.);
#1150=ORIENTED_EDGE('',*,*,#3059,.F.);
#1151=ORIENTED_EDGE('',*,*,#3053,.F.);
#1152=ORIENTED_EDGE('',*,*,#3070,.F.);
#1153=ORIENTED_EDGE('',*,*,#3048,.T.);
#1154=ORIENTED_EDGE('',*,*,#3046,.T.);
#1155=ORIENTED_EDGE('',*,*,#3071,.T.);
#1156=ORIENTED_EDGE('',*,*,#3070,.T.);
#1157=ORIENTED_EDGE('',*,*,#3052,.T.);
#1158=ORIENTED_EDGE('',*,*,#3057,.T.);
#1159=ORIENTED_EDGE('',*,*,#3065,.F.);
#1160=ORIENTED_EDGE('',*,*,#3066,.T.);
#1161=ORIENTED_EDGE('',*,*,#3072,.T.);
#1162=ORIENTED_EDGE('',*,*,#3003,.F.);
#1163=ORIENTED_EDGE('',*,*,#3039,.F.);
#1164=ORIENTED_EDGE('',*,*,#3073,.F.);
#1165=ORIENTED_EDGE('',*,*,#3074,.T.);
#1166=ORIENTED_EDGE('',*,*,#3024,.T.);
#1167=ORIENTED_EDGE('',*,*,#3018,.T.);
#1168=ORIENTED_EDGE('',*,*,#3041,.F.);
#1169=ORIENTED_EDGE('',*,*,#3050,.F.);
#1170=ORIENTED_EDGE('',*,*,#3073,.T.);
#1171=ORIENTED_EDGE('',*,*,#3038,.T.);
#1172=ORIENTED_EDGE('',*,*,#3025,.F.);
#1173=ORIENTED_EDGE('',*,*,#3020,.F.);
#1174=ORIENTED_EDGE('',*,*,#3075,.T.);
#1175=ORIENTED_EDGE('',*,*,#3019,.F.);
#1176=ORIENTED_EDGE('',*,*,#3074,.F.);
#1177=ORIENTED_EDGE('',*,*,#3075,.F.);
#1178=ORIENTED_EDGE('',*,*,#3076,.T.);
#1179=ORIENTED_EDGE('',*,*,#3040,.T.);
#1180=ORIENTED_EDGE('',*,*,#2977,.T.);
#1181=ORIENTED_EDGE('',*,*,#3077,.F.);
#1182=ORIENTED_EDGE('',*,*,#3076,.F.);
#1183=ORIENTED_EDGE('',*,*,#3078,.F.);
#1184=ORIENTED_EDGE('',*,*,#3079,.T.);
#1185=ORIENTED_EDGE('',*,*,#2952,.F.);
#1186=ORIENTED_EDGE('',*,*,#3080,.F.);
#1187=ORIENTED_EDGE('',*,*,#3081,.F.);
#1188=ORIENTED_EDGE('',*,*,#3078,.T.);
#1189=ORIENTED_EDGE('',*,*,#3077,.T.);
#1190=ORIENTED_EDGE('',*,*,#3082,.F.);
#1191=ORIENTED_EDGE('',*,*,#3081,.T.);
#1192=ORIENTED_EDGE('',*,*,#3083,.F.);
#1193=ORIENTED_EDGE('',*,*,#3084,.F.);
#1194=ORIENTED_EDGE('',*,*,#3085,.T.);
#1195=ORIENTED_EDGE('',*,*,#3086,.F.);
#1196=ORIENTED_EDGE('',*,*,#3000,.F.);
#1197=ORIENTED_EDGE('',*,*,#2956,.F.);
#1198=ORIENTED_EDGE('',*,*,#3082,.T.);
#1199=ORIENTED_EDGE('',*,*,#2980,.T.);
#1200=ORIENTED_EDGE('',*,*,#2996,.T.);
#1201=ORIENTED_EDGE('',*,*,#2975,.T.);
#1202=ORIENTED_EDGE('',*,*,#2971,.T.);
#1203=ORIENTED_EDGE('',*,*,#2981,.F.);
#1204=ORIENTED_EDGE('',*,*,#2964,.T.);
#1205=ORIENTED_EDGE('',*,*,#3087,.T.);
#1206=ORIENTED_EDGE('',*,*,#3088,.F.);
#1207=ORIENTED_EDGE('',*,*,#2990,.T.);
#1208=ORIENTED_EDGE('',*,*,#3001,.T.);
#1209=ORIENTED_EDGE('',*,*,#3086,.T.);
#1210=ORIENTED_EDGE('',*,*,#3089,.T.);
#1211=ORIENTED_EDGE('',*,*,#3090,.T.);
#1212=ORIENTED_EDGE('',*,*,#2993,.T.);
#1213=ORIENTED_EDGE('',*,*,#3091,.T.);
#1214=ORIENTED_EDGE('',*,*,#3092,.F.);
#1215=ORIENTED_EDGE('',*,*,#2994,.F.);
#1216=ORIENTED_EDGE('',*,*,#3090,.F.);
#1217=ORIENTED_EDGE('',*,*,#3088,.T.);
#1218=ORIENTED_EDGE('',*,*,#3093,.F.);
#1219=ORIENTED_EDGE('',*,*,#3091,.F.);
#1220=ORIENTED_EDGE('',*,*,#3089,.F.);
#1221=ORIENTED_EDGE('',*,*,#2963,.T.);
#1222=ORIENTED_EDGE('',*,*,#3094,.F.);
#1223=ORIENTED_EDGE('',*,*,#2995,.F.);
#1224=ORIENTED_EDGE('',*,*,#3092,.T.);
#1225=ORIENTED_EDGE('',*,*,#3093,.T.);
#1226=ORIENTED_EDGE('',*,*,#3087,.F.);
#1227=ORIENTED_EDGE('',*,*,#2961,.T.);
#1228=ORIENTED_EDGE('',*,*,#3095,.T.);
#1229=ORIENTED_EDGE('',*,*,#3096,.T.);
#1230=ORIENTED_EDGE('',*,*,#2988,.F.);
#1231=ORIENTED_EDGE('',*,*,#3094,.T.);
#1232=ORIENTED_EDGE('',*,*,#2989,.F.);
#1233=ORIENTED_EDGE('',*,*,#3096,.F.);
#1234=ORIENTED_EDGE('',*,*,#3097,.T.);
#1235=ORIENTED_EDGE('',*,*,#2985,.F.);
#1236=ORIENTED_EDGE('',*,*,#2960,.F.);
#1237=ORIENTED_EDGE('',*,*,#2986,.F.);
#1238=ORIENTED_EDGE('',*,*,#3097,.F.);
#1239=ORIENTED_EDGE('',*,*,#3095,.F.);
#1240=ORIENTED_EDGE('',*,*,#2951,.T.);
#1241=ORIENTED_EDGE('',*,*,#3098,.F.);
#1242=ORIENTED_EDGE('',*,*,#3080,.T.);
#1243=ORIENTED_EDGE('',*,*,#3099,.F.);
#1244=ORIENTED_EDGE('',*,*,#3100,.T.);
#1245=ORIENTED_EDGE('',*,*,#3101,.F.);
#1246=ORIENTED_EDGE('',*,*,#3083,.T.);
#1247=ORIENTED_EDGE('',*,*,#3098,.T.);
#1248=ORIENTED_EDGE('',*,*,#3102,.F.);
#1249=ORIENTED_EDGE('',*,*,#3103,.T.);
#1250=ORIENTED_EDGE('',*,*,#3104,.F.);
#1251=ORIENTED_EDGE('',*,*,#3099,.T.);
#1252=ORIENTED_EDGE('',*,*,#2840,.T.);
#1253=ORIENTED_EDGE('',*,*,#2835,.T.);
#1254=ORIENTED_EDGE('',*,*,#3105,.F.);
#1255=ORIENTED_EDGE('',*,*,#2828,.F.);
#1256=ORIENTED_EDGE('',*,*,#3106,.T.);
#1257=ORIENTED_EDGE('',*,*,#3107,.F.);
#1258=ORIENTED_EDGE('',*,*,#3108,.T.);
#1259=ORIENTED_EDGE('',*,*,#3109,.T.);
#1260=ORIENTED_EDGE('',*,*,#3110,.F.);
#1261=ORIENTED_EDGE('',*,*,#3111,.F.);
#1262=ORIENTED_EDGE('',*,*,#3101,.T.);
#1263=ORIENTED_EDGE('',*,*,#2744,.T.);
#1264=ORIENTED_EDGE('',*,*,#2746,.T.);
#1265=ORIENTED_EDGE('',*,*,#3112,.F.);
#1266=ORIENTED_EDGE('',*,*,#2737,.F.);
#1267=ORIENTED_EDGE('',*,*,#2823,.F.);
#1268=ORIENTED_EDGE('',*,*,#3113,.T.);
#1269=ORIENTED_EDGE('',*,*,#3114,.T.);
#1270=ORIENTED_EDGE('',*,*,#2818,.F.);
#1271=ORIENTED_EDGE('',*,*,#3115,.T.);
#1272=ORIENTED_EDGE('',*,*,#3116,.T.);
#1273=ORIENTED_EDGE('',*,*,#3117,.F.);
#1274=ORIENTED_EDGE('',*,*,#3118,.T.);
#1275=ORIENTED_EDGE('',*,*,#3119,.T.);
#1276=ORIENTED_EDGE('',*,*,#3116,.F.);
#1277=ORIENTED_EDGE('',*,*,#3120,.F.);
#1278=ORIENTED_EDGE('',*,*,#3121,.F.);
#1279=ORIENTED_EDGE('',*,*,#3122,.T.);
#1280=ORIENTED_EDGE('',*,*,#3123,.F.);
#1281=ORIENTED_EDGE('',*,*,#3119,.F.);
#1282=ORIENTED_EDGE('',*,*,#3124,.T.);
#1283=ORIENTED_EDGE('',*,*,#3125,.T.);
#1284=ORIENTED_EDGE('',*,*,#3126,.F.);
#1285=ORIENTED_EDGE('',*,*,#3127,.F.);
#1286=ORIENTED_EDGE('',*,*,#3117,.T.);
#1287=ORIENTED_EDGE('',*,*,#3128,.T.);
#1288=ORIENTED_EDGE('',*,*,#3125,.F.);
#1289=ORIENTED_EDGE('',*,*,#3129,.T.);
#1290=ORIENTED_EDGE('',*,*,#3130,.T.);
#1291=ORIENTED_EDGE('',*,*,#3131,.T.);
#1292=ORIENTED_EDGE('',*,*,#3132,.T.);
#1293=ORIENTED_EDGE('',*,*,#3130,.F.);
#1294=ORIENTED_EDGE('',*,*,#3133,.F.);
#1295=ORIENTED_EDGE('',*,*,#3134,.T.);
#1296=ORIENTED_EDGE('',*,*,#3110,.T.);
#1297=ORIENTED_EDGE('',*,*,#3100,.F.);
#1298=ORIENTED_EDGE('',*,*,#3104,.T.);
#1299=ORIENTED_EDGE('',*,*,#3135,.F.);
#1300=ORIENTED_EDGE('',*,*,#3136,.F.);
#1301=ORIENTED_EDGE('',*,*,#3137,.T.);
#1302=ORIENTED_EDGE('',*,*,#3138,.F.);
#1303=ORIENTED_EDGE('',*,*,#3139,.F.);
#1304=ORIENTED_EDGE('',*,*,#3140,.F.);
#1305=ORIENTED_EDGE('',*,*,#2799,.F.);
#1306=ORIENTED_EDGE('',*,*,#3141,.T.);
#1307=ORIENTED_EDGE('',*,*,#2790,.T.);
#1308=ORIENTED_EDGE('',*,*,#2794,.F.);
#1309=ORIENTED_EDGE('',*,*,#3142,.F.);
#1310=ORIENTED_EDGE('',*,*,#3103,.F.);
#1311=ORIENTED_EDGE('',*,*,#3143,.F.);
#1312=ORIENTED_EDGE('',*,*,#3144,.F.);
#1313=ORIENTED_EDGE('',*,*,#3145,.T.);
#1314=ORIENTED_EDGE('',*,*,#3146,.F.);
#1315=ORIENTED_EDGE('',*,*,#3147,.T.);
#1316=ORIENTED_EDGE('',*,*,#3148,.T.);
#1317=ORIENTED_EDGE('',*,*,#3147,.F.);
#1318=ORIENTED_EDGE('',*,*,#3084,.T.);
#1319=ORIENTED_EDGE('',*,*,#3111,.T.);
#1320=ORIENTED_EDGE('',*,*,#3134,.F.);
#1321=ORIENTED_EDGE('',*,*,#3149,.F.);
#1322=ORIENTED_EDGE('',*,*,#3150,.T.);
#1323=ORIENTED_EDGE('',*,*,#3149,.T.);
#1324=ORIENTED_EDGE('',*,*,#3133,.T.);
#1325=ORIENTED_EDGE('',*,*,#3129,.F.);
#1326=ORIENTED_EDGE('',*,*,#3124,.F.);
#1327=ORIENTED_EDGE('',*,*,#3123,.T.);
#1328=ORIENTED_EDGE('',*,*,#3151,.F.);
#1329=ORIENTED_EDGE('',*,*,#3152,.T.);
#1330=ORIENTED_EDGE('',*,*,#3153,.T.);
#1331=ORIENTED_EDGE('',*,*,#3154,.F.);
#1332=ORIENTED_EDGE('',*,*,#3085,.F.);
#1333=ORIENTED_EDGE('',*,*,#3146,.T.);
#1334=ORIENTED_EDGE('',*,*,#3155,.F.);
#1335=ORIENTED_EDGE('',*,*,#3156,.T.);
#1336=ORIENTED_EDGE('',*,*,#3033,.T.);
#1337=ORIENTED_EDGE('',*,*,#3079,.F.);
#1338=ORIENTED_EDGE('',*,*,#3157,.T.);
#1339=ORIENTED_EDGE('',*,*,#3158,.F.);
#1340=ORIENTED_EDGE('',*,*,#3156,.F.);
#1341=ORIENTED_EDGE('',*,*,#3159,.F.);
#1342=ORIENTED_EDGE('',*,*,#3160,.F.);
#1343=ORIENTED_EDGE('',*,*,#3161,.T.);
#1344=ORIENTED_EDGE('',*,*,#3162,.F.);
#1345=ORIENTED_EDGE('',*,*,#3163,.F.);
#1346=ORIENTED_EDGE('',*,*,#3164,.F.);
#1347=ORIENTED_EDGE('',*,*,#3165,.T.);
#1348=ORIENTED_EDGE('',*,*,#3166,.F.);
#1349=ORIENTED_EDGE('',*,*,#3167,.T.);
#1350=ORIENTED_EDGE('',*,*,#3168,.T.);
#1351=ORIENTED_EDGE('',*,*,#3169,.T.);
#1352=ORIENTED_EDGE('',*,*,#3170,.F.);
#1353=ORIENTED_EDGE('',*,*,#3171,.T.);
#1354=ORIENTED_EDGE('',*,*,#3172,.T.);
#1355=ORIENTED_EDGE('',*,*,#3173,.F.);
#1356=ORIENTED_EDGE('',*,*,#3174,.F.);
#1357=ORIENTED_EDGE('',*,*,#3175,.F.);
#1358=ORIENTED_EDGE('',*,*,#3176,.T.);
#1359=ORIENTED_EDGE('',*,*,#3177,.F.);
#1360=ORIENTED_EDGE('',*,*,#3173,.T.);
#1361=ORIENTED_EDGE('',*,*,#3178,.T.);
#1362=ORIENTED_EDGE('',*,*,#3179,.F.);
#1363=ORIENTED_EDGE('',*,*,#3168,.F.);
#1364=ORIENTED_EDGE('',*,*,#3174,.T.);
#1365=ORIENTED_EDGE('',*,*,#3177,.T.);
#1366=ORIENTED_EDGE('',*,*,#3180,.F.);
#1367=ORIENTED_EDGE('',*,*,#3181,.F.);
#1368=ORIENTED_EDGE('',*,*,#3172,.F.);
#1369=ORIENTED_EDGE('',*,*,#3182,.T.);
#1370=ORIENTED_EDGE('',*,*,#3183,.T.);
#1371=ORIENTED_EDGE('',*,*,#3178,.F.);
#1372=ORIENTED_EDGE('',*,*,#3184,.T.);
#1373=ORIENTED_EDGE('',*,*,#3185,.T.);
#1374=ORIENTED_EDGE('',*,*,#3186,.F.);
#1375=ORIENTED_EDGE('',*,*,#3187,.F.);
#1376=ORIENTED_EDGE('',*,*,#3165,.F.);
#1377=ORIENTED_EDGE('',*,*,#3188,.T.);
#1378=ORIENTED_EDGE('',*,*,#3189,.F.);
#1379=ORIENTED_EDGE('',*,*,#3186,.T.);
#1380=ORIENTED_EDGE('',*,*,#3190,.T.);
#1381=ORIENTED_EDGE('',*,*,#3191,.F.);
#1382=ORIENTED_EDGE('',*,*,#3192,.F.);
#1383=ORIENTED_EDGE('',*,*,#3187,.T.);
#1384=ORIENTED_EDGE('',*,*,#3189,.T.);
#1385=ORIENTED_EDGE('',*,*,#3193,.F.);
#1386=ORIENTED_EDGE('',*,*,#3194,.F.);
#1387=ORIENTED_EDGE('',*,*,#3162,.T.);
#1388=ORIENTED_EDGE('',*,*,#3195,.T.);
#1389=ORIENTED_EDGE('',*,*,#3196,.T.);
#1390=ORIENTED_EDGE('',*,*,#3197,.F.);
#1391=ORIENTED_EDGE('',*,*,#3198,.T.);
#1392=ORIENTED_EDGE('',*,*,#3199,.T.);
#1393=ORIENTED_EDGE('',*,*,#3200,.F.);
#1394=ORIENTED_EDGE('',*,*,#3201,.F.);
#1395=ORIENTED_EDGE('',*,*,#3161,.F.);
#1396=ORIENTED_EDGE('',*,*,#3202,.T.);
#1397=ORIENTED_EDGE('',*,*,#3203,.F.);
#1398=ORIENTED_EDGE('',*,*,#3200,.T.);
#1399=ORIENTED_EDGE('',*,*,#3204,.T.);
#1400=ORIENTED_EDGE('',*,*,#3205,.F.);
#1401=ORIENTED_EDGE('',*,*,#3195,.F.);
#1402=ORIENTED_EDGE('',*,*,#3201,.T.);
#1403=ORIENTED_EDGE('',*,*,#3203,.T.);
#1404=ORIENTED_EDGE('',*,*,#3206,.F.);
#1405=ORIENTED_EDGE('',*,*,#3207,.F.);
#1406=ORIENTED_EDGE('',*,*,#3199,.F.);
#1407=ORIENTED_EDGE('',*,*,#3208,.T.);
#1408=ORIENTED_EDGE('',*,*,#3209,.T.);
#1409=ORIENTED_EDGE('',*,*,#3204,.F.);
#1410=ORIENTED_EDGE('',*,*,#3210,.T.);
#1411=ORIENTED_EDGE('',*,*,#3211,.T.);
#1412=ORIENTED_EDGE('',*,*,#3208,.F.);
#1413=ORIENTED_EDGE('',*,*,#3198,.F.);
#1414=ORIENTED_EDGE('',*,*,#3207,.T.);
#1415=ORIENTED_EDGE('',*,*,#3212,.F.);
#1416=ORIENTED_EDGE('',*,*,#3213,.T.);
#1417=ORIENTED_EDGE('',*,*,#3202,.F.);
#1418=ORIENTED_EDGE('',*,*,#3214,.T.);
#1419=ORIENTED_EDGE('',*,*,#3212,.T.);
#1420=ORIENTED_EDGE('',*,*,#3206,.T.);
#1421=ORIENTED_EDGE('',*,*,#3185,.F.);
#1422=ORIENTED_EDGE('',*,*,#3215,.T.);
#1423=ORIENTED_EDGE('',*,*,#3216,.T.);
#1424=ORIENTED_EDGE('',*,*,#3190,.F.);
#1425=ORIENTED_EDGE('',*,*,#3197,.T.);
#1426=ORIENTED_EDGE('',*,*,#3217,.T.);
#1427=ORIENTED_EDGE('',*,*,#3215,.F.);
#1428=ORIENTED_EDGE('',*,*,#3184,.F.);
#1429=ORIENTED_EDGE('',*,*,#3194,.T.);
#1430=ORIENTED_EDGE('',*,*,#3218,.F.);
#1431=ORIENTED_EDGE('',*,*,#3159,.T.);
#1432=ORIENTED_EDGE('',*,*,#3188,.F.);
#1433=ORIENTED_EDGE('',*,*,#3219,.T.);
#1434=ORIENTED_EDGE('',*,*,#3218,.T.);
#1435=ORIENTED_EDGE('',*,*,#3193,.T.);
#1436=ORIENTED_EDGE('',*,*,#3166,.T.);
#1437=ORIENTED_EDGE('',*,*,#3192,.T.);
#1438=ORIENTED_EDGE('',*,*,#3220,.T.);
#1439=ORIENTED_EDGE('',*,*,#3221,.F.);
#1440=ORIENTED_EDGE('',*,*,#3222,.T.);
#1441=ORIENTED_EDGE('',*,*,#3182,.F.);
#1442=ORIENTED_EDGE('',*,*,#3171,.F.);
#1443=ORIENTED_EDGE('',*,*,#3181,.T.);
#1444=ORIENTED_EDGE('',*,*,#3223,.F.);
#1445=ORIENTED_EDGE('',*,*,#3163,.T.);
#1446=ORIENTED_EDGE('',*,*,#3221,.T.);
#1447=ORIENTED_EDGE('',*,*,#3176,.F.);
#1448=ORIENTED_EDGE('',*,*,#3224,.T.);
#1449=ORIENTED_EDGE('',*,*,#3223,.T.);
#1450=ORIENTED_EDGE('',*,*,#3180,.T.);
#1451=ORIENTED_EDGE('',*,*,#3225,.F.);
#1452=ORIENTED_EDGE('',*,*,#3226,.F.);
#1453=ORIENTED_EDGE('',*,*,#3227,.T.);
#1454=ORIENTED_EDGE('',*,*,#3228,.F.);
#1455=ORIENTED_EDGE('',*,*,#3229,.F.);
#1456=ORIENTED_EDGE('',*,*,#3230,.F.);
#1457=ORIENTED_EDGE('',*,*,#3231,.T.);
#1458=ORIENTED_EDGE('',*,*,#3232,.F.);
#1459=ORIENTED_EDGE('',*,*,#3233,.F.);
#1460=ORIENTED_EDGE('',*,*,#3234,.F.);
#1461=ORIENTED_EDGE('',*,*,#3235,.T.);
#1462=ORIENTED_EDGE('',*,*,#3236,.F.);
#1463=ORIENTED_EDGE('',*,*,#3237,.F.);
#1464=ORIENTED_EDGE('',*,*,#3238,.T.);
#1465=ORIENTED_EDGE('',*,*,#3239,.T.);
#1466=ORIENTED_EDGE('',*,*,#3240,.F.);
#1467=ORIENTED_EDGE('',*,*,#3241,.F.);
#1468=ORIENTED_EDGE('',*,*,#3237,.T.);
#1469=ORIENTED_EDGE('',*,*,#3242,.T.);
#1470=ORIENTED_EDGE('',*,*,#3243,.T.);
#1471=ORIENTED_EDGE('',*,*,#3243,.F.);
#1472=ORIENTED_EDGE('',*,*,#3244,.T.);
#1473=ORIENTED_EDGE('',*,*,#3245,.T.);
#1474=ORIENTED_EDGE('',*,*,#3246,.F.);
#1475=ORIENTED_EDGE('',*,*,#3247,.T.);
#1476=ORIENTED_EDGE('',*,*,#3248,.T.);
#1477=ORIENTED_EDGE('',*,*,#3249,.F.);
#1478=ORIENTED_EDGE('',*,*,#3245,.F.);
#1479=ORIENTED_EDGE('',*,*,#3250,.T.);
#1480=ORIENTED_EDGE('',*,*,#3251,.F.);
#1481=ORIENTED_EDGE('',*,*,#3252,.F.);
#1482=ORIENTED_EDGE('',*,*,#2869,.T.);
#1483=ORIENTED_EDGE('',*,*,#3253,.T.);
#1484=ORIENTED_EDGE('',*,*,#3254,.T.);
#1485=ORIENTED_EDGE('',*,*,#3255,.T.);
#1486=ORIENTED_EDGE('',*,*,#3256,.T.);
#1487=ORIENTED_EDGE('',*,*,#3256,.F.);
#1488=ORIENTED_EDGE('',*,*,#3257,.T.);
#1489=ORIENTED_EDGE('',*,*,#3258,.T.);
#1490=ORIENTED_EDGE('',*,*,#3259,.F.);
#1491=ORIENTED_EDGE('',*,*,#3260,.F.);
#1492=ORIENTED_EDGE('',*,*,#3261,.F.);
#1493=ORIENTED_EDGE('',*,*,#3262,.F.);
#1494=ORIENTED_EDGE('',*,*,#2870,.F.);
#1495=ORIENTED_EDGE('',*,*,#3252,.T.);
#1496=ORIENTED_EDGE('',*,*,#3253,.F.);
#1497=ORIENTED_EDGE('',*,*,#3259,.T.);
#1498=ORIENTED_EDGE('',*,*,#3262,.T.);
#1499=ORIENTED_EDGE('',*,*,#3263,.T.);
#1500=ORIENTED_EDGE('',*,*,#3264,.T.);
#1501=ORIENTED_EDGE('',*,*,#2867,.T.);
#1502=ORIENTED_EDGE('',*,*,#3263,.F.);
#1503=ORIENTED_EDGE('',*,*,#3261,.T.);
#1504=ORIENTED_EDGE('',*,*,#3265,.T.);
#1505=ORIENTED_EDGE('',*,*,#3266,.F.);
#1506=ORIENTED_EDGE('',*,*,#3255,.F.);
#1507=ORIENTED_EDGE('',*,*,#3247,.F.);
#1508=ORIENTED_EDGE('',*,*,#3244,.F.);
#1509=ORIENTED_EDGE('',*,*,#3242,.F.);
#1510=ORIENTED_EDGE('',*,*,#3240,.T.);
#1511=ORIENTED_EDGE('',*,*,#3267,.F.);
#1512=ORIENTED_EDGE('',*,*,#3257,.F.);
#1513=ORIENTED_EDGE('',*,*,#3268,.T.);
#1514=ORIENTED_EDGE('',*,*,#3269,.T.);
#1515=ORIENTED_EDGE('',*,*,#3270,.F.);
#1516=ORIENTED_EDGE('',*,*,#3271,.F.);
#1517=ORIENTED_EDGE('',*,*,#3235,.F.);
#1518=ORIENTED_EDGE('',*,*,#3272,.T.);
#1519=ORIENTED_EDGE('',*,*,#3273,.F.);
#1520=ORIENTED_EDGE('',*,*,#3270,.T.);
#1521=ORIENTED_EDGE('',*,*,#3274,.T.);
#1522=ORIENTED_EDGE('',*,*,#3275,.F.);
#1523=ORIENTED_EDGE('',*,*,#3276,.F.);
#1524=ORIENTED_EDGE('',*,*,#3271,.T.);
#1525=ORIENTED_EDGE('',*,*,#3273,.T.);
#1526=ORIENTED_EDGE('',*,*,#3277,.F.);
#1527=ORIENTED_EDGE('',*,*,#3278,.F.);
#1528=ORIENTED_EDGE('',*,*,#3232,.T.);
#1529=ORIENTED_EDGE('',*,*,#3279,.T.);
#1530=ORIENTED_EDGE('',*,*,#3280,.T.);
#1531=ORIENTED_EDGE('',*,*,#3281,.F.);
#1532=ORIENTED_EDGE('',*,*,#3282,.T.);
#1533=ORIENTED_EDGE('',*,*,#3283,.T.);
#1534=ORIENTED_EDGE('',*,*,#3284,.F.);
#1535=ORIENTED_EDGE('',*,*,#3285,.F.);
#1536=ORIENTED_EDGE('',*,*,#3231,.F.);
#1537=ORIENTED_EDGE('',*,*,#3286,.T.);
#1538=ORIENTED_EDGE('',*,*,#3287,.F.);
#1539=ORIENTED_EDGE('',*,*,#3284,.T.);
#1540=ORIENTED_EDGE('',*,*,#3288,.T.);
#1541=ORIENTED_EDGE('',*,*,#3289,.F.);
#1542=ORIENTED_EDGE('',*,*,#3279,.F.);
#1543=ORIENTED_EDGE('',*,*,#3285,.T.);
#1544=ORIENTED_EDGE('',*,*,#3287,.T.);
#1545=ORIENTED_EDGE('',*,*,#3290,.F.);
#1546=ORIENTED_EDGE('',*,*,#3291,.F.);
#1547=ORIENTED_EDGE('',*,*,#3283,.F.);
#1548=ORIENTED_EDGE('',*,*,#3292,.T.);
#1549=ORIENTED_EDGE('',*,*,#3293,.T.);
#1550=ORIENTED_EDGE('',*,*,#3288,.F.);
#1551=ORIENTED_EDGE('',*,*,#3294,.F.);
#1552=ORIENTED_EDGE('',*,*,#3295,.T.);
#1553=ORIENTED_EDGE('',*,*,#3296,.T.);
#1554=ORIENTED_EDGE('',*,*,#3297,.F.);
#1555=ORIENTED_EDGE('',*,*,#3227,.F.);
#1556=ORIENTED_EDGE('',*,*,#3298,.T.);
#1557=ORIENTED_EDGE('',*,*,#3299,.F.);
#1558=ORIENTED_EDGE('',*,*,#3300,.T.);
#1559=ORIENTED_EDGE('',*,*,#3297,.T.);
#1560=ORIENTED_EDGE('',*,*,#3301,.F.);
#1561=ORIENTED_EDGE('',*,*,#3302,.F.);
#1562=ORIENTED_EDGE('',*,*,#3303,.T.);
#1563=ORIENTED_EDGE('',*,*,#3294,.T.);
#1564=ORIENTED_EDGE('',*,*,#3300,.F.);
#1565=ORIENTED_EDGE('',*,*,#3304,.F.);
#1566=ORIENTED_EDGE('',*,*,#3305,.F.);
#1567=ORIENTED_EDGE('',*,*,#3228,.T.);
#1568=ORIENTED_EDGE('',*,*,#3302,.T.);
#1569=ORIENTED_EDGE('',*,*,#3306,.T.);
#1570=ORIENTED_EDGE('',*,*,#3307,.T.);
#1571=ORIENTED_EDGE('',*,*,#3292,.F.);
#1572=ORIENTED_EDGE('',*,*,#3282,.F.);
#1573=ORIENTED_EDGE('',*,*,#3291,.T.);
#1574=ORIENTED_EDGE('',*,*,#3308,.F.);
#1575=ORIENTED_EDGE('',*,*,#3225,.T.);
#1576=ORIENTED_EDGE('',*,*,#3305,.T.);
#1577=ORIENTED_EDGE('',*,*,#3286,.F.);
#1578=ORIENTED_EDGE('',*,*,#3309,.T.);
#1579=ORIENTED_EDGE('',*,*,#3308,.T.);
#1580=ORIENTED_EDGE('',*,*,#3290,.T.);
#1581=ORIENTED_EDGE('',*,*,#3269,.F.);
#1582=ORIENTED_EDGE('',*,*,#3310,.T.);
#1583=ORIENTED_EDGE('',*,*,#3311,.T.);
#1584=ORIENTED_EDGE('',*,*,#3274,.F.);
#1585=ORIENTED_EDGE('',*,*,#3281,.T.);
#1586=ORIENTED_EDGE('',*,*,#3312,.T.);
#1587=ORIENTED_EDGE('',*,*,#3310,.F.);
#1588=ORIENTED_EDGE('',*,*,#3268,.F.);
#1589=ORIENTED_EDGE('',*,*,#3278,.T.);
#1590=ORIENTED_EDGE('',*,*,#3313,.F.);
#1591=ORIENTED_EDGE('',*,*,#3229,.T.);
#1592=ORIENTED_EDGE('',*,*,#3272,.F.);
#1593=ORIENTED_EDGE('',*,*,#3314,.T.);
#1594=ORIENTED_EDGE('',*,*,#3313,.T.);
#1595=ORIENTED_EDGE('',*,*,#3277,.T.);
#1596=ORIENTED_EDGE('',*,*,#3236,.T.);
#1597=ORIENTED_EDGE('',*,*,#3276,.T.);
#1598=ORIENTED_EDGE('',*,*,#3315,.T.);
#1599=ORIENTED_EDGE('',*,*,#3316,.F.);
#1600=ORIENTED_EDGE('',*,*,#3249,.T.);
#1601=ORIENTED_EDGE('',*,*,#3233,.T.);
#1602=ORIENTED_EDGE('',*,*,#3316,.T.);
#1603=ORIENTED_EDGE('',*,*,#3317,.T.);
#1604=ORIENTED_EDGE('',*,*,#3238,.F.);
#1605=ORIENTED_EDGE('',*,*,#3241,.T.);
#1606=ORIENTED_EDGE('',*,*,#3246,.T.);
#1607=ORIENTED_EDGE('',*,*,#3304,.T.);
#1608=ORIENTED_EDGE('',*,*,#3299,.T.);
#1609=ORIENTED_EDGE('',*,*,#3318,.F.);
#1610=ORIENTED_EDGE('',*,*,#3319,.F.);
#1611=ORIENTED_EDGE('',*,*,#3298,.F.);
#1612=ORIENTED_EDGE('',*,*,#3320,.T.);
#1613=ORIENTED_EDGE('',*,*,#3321,.T.);
#1614=ORIENTED_EDGE('',*,*,#3318,.T.);
#1615=ORIENTED_EDGE('',*,*,#3170,.T.);
#1616=ORIENTED_EDGE('',*,*,#3322,.T.);
#1617=ORIENTED_EDGE('',*,*,#3295,.F.);
#1618=ORIENTED_EDGE('',*,*,#3303,.F.);
#1619=ORIENTED_EDGE('',*,*,#3319,.T.);
#1620=ORIENTED_EDGE('',*,*,#3321,.F.);
#1621=ORIENTED_EDGE('',*,*,#3323,.T.);
#1622=ORIENTED_EDGE('',*,*,#3323,.F.);
#1623=ORIENTED_EDGE('',*,*,#3324,.F.);
#1624=ORIENTED_EDGE('',*,*,#3175,.T.);
#1625=ORIENTED_EDGE('',*,*,#3167,.F.);
#1626=ORIENTED_EDGE('',*,*,#3213,.F.);
#1627=ORIENTED_EDGE('',*,*,#3325,.F.);
#1628=ORIENTED_EDGE('',*,*,#3109,.F.);
#1629=ORIENTED_EDGE('',*,*,#3326,.F.);
#1630=ORIENTED_EDGE('',*,*,#3144,.T.);
#1631=ORIENTED_EDGE('',*,*,#3327,.F.);
#1632=ORIENTED_EDGE('',*,*,#3210,.F.);
#1633=ORIENTED_EDGE('',*,*,#3327,.T.);
#1634=ORIENTED_EDGE('',*,*,#3328,.T.);
#1635=ORIENTED_EDGE('',*,*,#3329,.T.);
#1636=ORIENTED_EDGE('',*,*,#3330,.T.);
#1637=ORIENTED_EDGE('',*,*,#3328,.F.);
#1638=ORIENTED_EDGE('',*,*,#3331,.T.);
#1639=ORIENTED_EDGE('',*,*,#3332,.T.);
#1640=ORIENTED_EDGE('',*,*,#3333,.T.);
#1641=ORIENTED_EDGE('',*,*,#3334,.T.);
#1642=ORIENTED_EDGE('',*,*,#3335,.F.);
#1643=ORIENTED_EDGE('',*,*,#3336,.F.);
#1644=ORIENTED_EDGE('',*,*,#3337,.F.);
#1645=ORIENTED_EDGE('',*,*,#3338,.T.);
#1646=ORIENTED_EDGE('',*,*,#3339,.F.);
#1647=ORIENTED_EDGE('',*,*,#3335,.T.);
#1648=ORIENTED_EDGE('',*,*,#3340,.T.);
#1649=ORIENTED_EDGE('',*,*,#3341,.F.);
#1650=ORIENTED_EDGE('',*,*,#3342,.F.);
#1651=ORIENTED_EDGE('',*,*,#3336,.T.);
#1652=ORIENTED_EDGE('',*,*,#3339,.T.);
#1653=ORIENTED_EDGE('',*,*,#3343,.F.);
#1654=ORIENTED_EDGE('',*,*,#3344,.F.);
#1655=ORIENTED_EDGE('',*,*,#3345,.F.);
#1656=ORIENTED_EDGE('',*,*,#3346,.T.);
#1657=ORIENTED_EDGE('',*,*,#3347,.T.);
#1658=ORIENTED_EDGE('',*,*,#3348,.T.);
#1659=ORIENTED_EDGE('',*,*,#3349,.T.);
#1660=ORIENTED_EDGE('',*,*,#3350,.T.);
#1661=ORIENTED_EDGE('',*,*,#3351,.F.);
#1662=ORIENTED_EDGE('',*,*,#3352,.F.);
#1663=ORIENTED_EDGE('',*,*,#3353,.F.);
#1664=ORIENTED_EDGE('',*,*,#3354,.T.);
#1665=ORIENTED_EDGE('',*,*,#3355,.F.);
#1666=ORIENTED_EDGE('',*,*,#3351,.T.);
#1667=ORIENTED_EDGE('',*,*,#3356,.T.);
#1668=ORIENTED_EDGE('',*,*,#3357,.F.);
#1669=ORIENTED_EDGE('',*,*,#3347,.F.);
#1670=ORIENTED_EDGE('',*,*,#3352,.T.);
#1671=ORIENTED_EDGE('',*,*,#3355,.T.);
#1672=ORIENTED_EDGE('',*,*,#3358,.F.);
#1673=ORIENTED_EDGE('',*,*,#3359,.F.);
#1674=ORIENTED_EDGE('',*,*,#3360,.F.);
#1675=ORIENTED_EDGE('',*,*,#3361,.T.);
#1676=ORIENTED_EDGE('',*,*,#3362,.T.);
#1677=ORIENTED_EDGE('',*,*,#3363,.T.);
#1678=ORIENTED_EDGE('',*,*,#3350,.F.);
#1679=ORIENTED_EDGE('',*,*,#3364,.T.);
#1680=ORIENTED_EDGE('',*,*,#3365,.T.);
#1681=ORIENTED_EDGE('',*,*,#3356,.F.);
#1682=ORIENTED_EDGE('',*,*,#3360,.T.);
#1683=ORIENTED_EDGE('',*,*,#3366,.T.);
#1684=ORIENTED_EDGE('',*,*,#3364,.F.);
#1685=ORIENTED_EDGE('',*,*,#3349,.F.);
#1686=ORIENTED_EDGE('',*,*,#3359,.T.);
#1687=ORIENTED_EDGE('',*,*,#3367,.F.);
#1688=ORIENTED_EDGE('',*,*,#3368,.T.);
#1689=ORIENTED_EDGE('',*,*,#3354,.F.);
#1690=ORIENTED_EDGE('',*,*,#3369,.F.);
#1691=ORIENTED_EDGE('',*,*,#3367,.T.);
#1692=ORIENTED_EDGE('',*,*,#3358,.T.);
#1693=ORIENTED_EDGE('',*,*,#3334,.F.);
#1694=ORIENTED_EDGE('',*,*,#3370,.T.);
#1695=ORIENTED_EDGE('',*,*,#3371,.T.);
#1696=ORIENTED_EDGE('',*,*,#3340,.F.);
#1697=ORIENTED_EDGE('',*,*,#3345,.T.);
#1698=ORIENTED_EDGE('',*,*,#3372,.T.);
#1699=ORIENTED_EDGE('',*,*,#3370,.F.);
#1700=ORIENTED_EDGE('',*,*,#3333,.F.);
#1701=ORIENTED_EDGE('',*,*,#3344,.T.);
#1702=ORIENTED_EDGE('',*,*,#3373,.F.);
#1703=ORIENTED_EDGE('',*,*,#3374,.T.);
#1704=ORIENTED_EDGE('',*,*,#3338,.F.);
#1705=ORIENTED_EDGE('',*,*,#3375,.F.);
#1706=ORIENTED_EDGE('',*,*,#3373,.T.);
#1707=ORIENTED_EDGE('',*,*,#3343,.T.);
#1708=ORIENTED_EDGE('',*,*,#3376,.T.);
#1709=ORIENTED_EDGE('',*,*,#3332,.F.);
#1710=ORIENTED_EDGE('',*,*,#3377,.T.);
#1711=ORIENTED_EDGE('',*,*,#3342,.T.);
#1712=ORIENTED_EDGE('',*,*,#3337,.T.);
#1713=ORIENTED_EDGE('',*,*,#3377,.F.);
#1714=ORIENTED_EDGE('',*,*,#3378,.F.);
#1715=ORIENTED_EDGE('',*,*,#3379,.T.);
#1716=ORIENTED_EDGE('',*,*,#3380,.T.);
#1717=ORIENTED_EDGE('',*,*,#3381,.T.);
#1718=ORIENTED_EDGE('',*,*,#3382,.T.);
#1719=ORIENTED_EDGE('',*,*,#3378,.T.);
#1720=ORIENTED_EDGE('',*,*,#3034,.T.);
#1721=ORIENTED_EDGE('',*,*,#3158,.T.);
#1722=ORIENTED_EDGE('',*,*,#3331,.F.);
#1723=ORIENTED_EDGE('',*,*,#3383,.F.);
#1724=ORIENTED_EDGE('',*,*,#3027,.F.);
#1725=ORIENTED_EDGE('',*,*,#3035,.T.);
#1726=ORIENTED_EDGE('',*,*,#2954,.T.);
#1727=ORIENTED_EDGE('',*,*,#2958,.T.);
#1728=ORIENTED_EDGE('',*,*,#2999,.T.);
#1729=ORIENTED_EDGE('',*,*,#3004,.T.);
#1730=ORIENTED_EDGE('',*,*,#3072,.F.);
#1731=ORIENTED_EDGE('',*,*,#3068,.T.);
#1732=ORIENTED_EDGE('',*,*,#3061,.F.);
#1733=ORIENTED_EDGE('',*,*,#3060,.F.);
#1734=ORIENTED_EDGE('',*,*,#3069,.T.);
#1735=ORIENTED_EDGE('',*,*,#3071,.F.);
#1736=ORIENTED_EDGE('',*,*,#3045,.F.);
#1737=ORIENTED_EDGE('',*,*,#3042,.F.);
#1738=ORIENTED_EDGE('',*,*,#3028,.T.);
#1739=ORIENTED_EDGE('',*,*,#3383,.T.);
#1740=ORIENTED_EDGE('',*,*,#3143,.T.);
#1741=ORIENTED_EDGE('',*,*,#3102,.T.);
#1742=ORIENTED_EDGE('',*,*,#3384,.T.);
#1743=ORIENTED_EDGE('',*,*,#3385,.F.);
#1744=ORIENTED_EDGE('',*,*,#3386,.F.);
#1745=ORIENTED_EDGE('',*,*,#3387,.T.);
#1746=ORIENTED_EDGE('',*,*,#2925,.T.);
#1747=ORIENTED_EDGE('',*,*,#3388,.T.);
#1748=ORIENTED_EDGE('',*,*,#3389,.T.);
#1749=ORIENTED_EDGE('',*,*,#3390,.T.);
#1750=ORIENTED_EDGE('',*,*,#3389,.F.);
#1751=ORIENTED_EDGE('',*,*,#3250,.F.);
#1752=ORIENTED_EDGE('',*,*,#2868,.T.);
#1753=ORIENTED_EDGE('',*,*,#3264,.F.);
#1754=ORIENTED_EDGE('',*,*,#3266,.T.);
#1755=ORIENTED_EDGE('',*,*,#3391,.F.);
#1756=ORIENTED_EDGE('',*,*,#3392,.F.);
#1757=ORIENTED_EDGE('',*,*,#3390,.F.);
#1758=ORIENTED_EDGE('',*,*,#3392,.T.);
#1759=ORIENTED_EDGE('',*,*,#3393,.T.);
#1760=ORIENTED_EDGE('',*,*,#2921,.F.);
#1761=ORIENTED_EDGE('',*,*,#2926,.F.);
#1762=ORIENTED_EDGE('',*,*,#2923,.T.);
#1763=ORIENTED_EDGE('',*,*,#3394,.T.);
#1764=ORIENTED_EDGE('',*,*,#2928,.F.);
#1765=ORIENTED_EDGE('',*,*,#2936,.T.);
#1766=ORIENTED_EDGE('',*,*,#3395,.T.);
#1767=ORIENTED_EDGE('',*,*,#2902,.F.);
#1768=ORIENTED_EDGE('',*,*,#2905,.T.);
#1769=ORIENTED_EDGE('',*,*,#2900,.T.);
#1770=ORIENTED_EDGE('',*,*,#2896,.T.);
#1771=ORIENTED_EDGE('',*,*,#2937,.T.);
#1772=ORIENTED_EDGE('',*,*,#2696,.F.);
#1773=ORIENTED_EDGE('',*,*,#2677,.T.);
#1774=ORIENTED_EDGE('',*,*,#3396,.T.);
#1775=ORIENTED_EDGE('',*,*,#3397,.T.);
#1776=ORIENTED_EDGE('',*,*,#3398,.T.);
#1777=ORIENTED_EDGE('',*,*,#3399,.T.);
#1778=ORIENTED_EDGE('',*,*,#3400,.F.);
#1779=ORIENTED_EDGE('',*,*,#3401,.F.);
#1780=ORIENTED_EDGE('',*,*,#2676,.F.);
#1781=ORIENTED_EDGE('',*,*,#3402,.T.);
#1782=ORIENTED_EDGE('',*,*,#3403,.F.);
#1783=ORIENTED_EDGE('',*,*,#3400,.T.);
#1784=ORIENTED_EDGE('',*,*,#3404,.T.);
#1785=ORIENTED_EDGE('',*,*,#3405,.F.);
#1786=ORIENTED_EDGE('',*,*,#3396,.F.);
#1787=ORIENTED_EDGE('',*,*,#3401,.T.);
#1788=ORIENTED_EDGE('',*,*,#3403,.T.);
#1789=ORIENTED_EDGE('',*,*,#3406,.F.);
#1790=ORIENTED_EDGE('',*,*,#3407,.F.);
#1791=ORIENTED_EDGE('',*,*,#3408,.T.);
#1792=ORIENTED_EDGE('',*,*,#3409,.T.);
#1793=ORIENTED_EDGE('',*,*,#3410,.F.);
#1794=ORIENTED_EDGE('',*,*,#3411,.T.);
#1795=ORIENTED_EDGE('',*,*,#3412,.F.);
#1796=ORIENTED_EDGE('',*,*,#3154,.T.);
#1797=ORIENTED_EDGE('',*,*,#3413,.T.);
#1798=ORIENTED_EDGE('',*,*,#3414,.T.);
#1799=ORIENTED_EDGE('',*,*,#3153,.F.);
#1800=ORIENTED_EDGE('',*,*,#3415,.T.);
#1801=ORIENTED_EDGE('',*,*,#3409,.F.);
#1802=ORIENTED_EDGE('',*,*,#3416,.T.);
#1803=ORIENTED_EDGE('',*,*,#3417,.T.);
#1804=ORIENTED_EDGE('',*,*,#3418,.F.);
#1805=ORIENTED_EDGE('',*,*,#3413,.F.);
#1806=ORIENTED_EDGE('',*,*,#3419,.T.);
#1807=ORIENTED_EDGE('',*,*,#3420,.T.);
#1808=ORIENTED_EDGE('',*,*,#3416,.F.);
#1809=ORIENTED_EDGE('',*,*,#3408,.F.);
#1810=ORIENTED_EDGE('',*,*,#3415,.F.);
#1811=ORIENTED_EDGE('',*,*,#3421,.F.);
#1812=ORIENTED_EDGE('',*,*,#3422,.T.);
#1813=ORIENTED_EDGE('',*,*,#3410,.T.);
#1814=ORIENTED_EDGE('',*,*,#3422,.F.);
#1815=ORIENTED_EDGE('',*,*,#3423,.F.);
#1816=ORIENTED_EDGE('',*,*,#3424,.T.);
#1817=ORIENTED_EDGE('',*,*,#3425,.F.);
#1818=ORIENTED_EDGE('',*,*,#3426,.F.);
#1819=ORIENTED_EDGE('',*,*,#3419,.F.);
#1820=ORIENTED_EDGE('',*,*,#3411,.F.);
#1821=ORIENTED_EDGE('',*,*,#3420,.F.);
#1822=ORIENTED_EDGE('',*,*,#3426,.T.);
#1823=ORIENTED_EDGE('',*,*,#3427,.T.);
#1824=ORIENTED_EDGE('',*,*,#3417,.F.);
#1825=ORIENTED_EDGE('',*,*,#3399,.F.);
#1826=ORIENTED_EDGE('',*,*,#3428,.T.);
#1827=ORIENTED_EDGE('',*,*,#3429,.T.);
#1828=ORIENTED_EDGE('',*,*,#3404,.F.);
#1829=ORIENTED_EDGE('',*,*,#3412,.T.);
#1830=ORIENTED_EDGE('',*,*,#3430,.T.);
#1831=ORIENTED_EDGE('',*,*,#3428,.F.);
#1832=ORIENTED_EDGE('',*,*,#3398,.F.);
#1833=ORIENTED_EDGE('',*,*,#3407,.T.);
#1834=ORIENTED_EDGE('',*,*,#3431,.F.);
#1835=ORIENTED_EDGE('',*,*,#3151,.T.);
#1836=ORIENTED_EDGE('',*,*,#3402,.F.);
#1837=ORIENTED_EDGE('',*,*,#3432,.F.);
#1838=ORIENTED_EDGE('',*,*,#3431,.T.);
#1839=ORIENTED_EDGE('',*,*,#3406,.T.);
#1840=ORIENTED_EDGE('',*,*,#2697,.F.);
#1841=ORIENTED_EDGE('',*,*,#3397,.F.);
#1842=ORIENTED_EDGE('',*,*,#3405,.T.);
#1843=ORIENTED_EDGE('',*,*,#3429,.F.);
#1844=ORIENTED_EDGE('',*,*,#3430,.F.);
#1845=ORIENTED_EDGE('',*,*,#3414,.F.);
#1846=ORIENTED_EDGE('',*,*,#3418,.T.);
#1847=ORIENTED_EDGE('',*,*,#3427,.F.);
#1848=ORIENTED_EDGE('',*,*,#3425,.T.);
#1849=ORIENTED_EDGE('',*,*,#3433,.F.);
#1850=ORIENTED_EDGE('',*,*,#3434,.T.);
#1851=ORIENTED_EDGE('',*,*,#3435,.F.);
#1852=ORIENTED_EDGE('',*,*,#3436,.F.);
#1853=ORIENTED_EDGE('',*,*,#3437,.F.);
#1854=ORIENTED_EDGE('',*,*,#3438,.T.);
#1855=ORIENTED_EDGE('',*,*,#3439,.F.);
#1856=ORIENTED_EDGE('',*,*,#3440,.F.);
#1857=ORIENTED_EDGE('',*,*,#3441,.F.);
#1858=ORIENTED_EDGE('',*,*,#3442,.F.);
#1859=ORIENTED_EDGE('',*,*,#3443,.F.);
#1860=ORIENTED_EDGE('',*,*,#3444,.T.);
#1861=ORIENTED_EDGE('',*,*,#3445,.F.);
#1862=ORIENTED_EDGE('',*,*,#3446,.F.);
#1863=ORIENTED_EDGE('',*,*,#3447,.F.);
#1864=ORIENTED_EDGE('',*,*,#3448,.T.);
#1865=ORIENTED_EDGE('',*,*,#3449,.F.);
#1866=ORIENTED_EDGE('',*,*,#3450,.F.);
#1867=ORIENTED_EDGE('',*,*,#3451,.F.);
#1868=ORIENTED_EDGE('',*,*,#2891,.T.);
#1869=ORIENTED_EDGE('',*,*,#2887,.F.);
#1870=ORIENTED_EDGE('',*,*,#2881,.F.);
#1871=ORIENTED_EDGE('',*,*,#2844,.F.);
#1872=ORIENTED_EDGE('',*,*,#2856,.T.);
#1873=ORIENTED_EDGE('',*,*,#2848,.F.);
#1874=ORIENTED_EDGE('',*,*,#2863,.F.);
#1875=ORIENTED_EDGE('',*,*,#2861,.F.);
#1876=ORIENTED_EDGE('',*,*,#2908,.F.);
#1877=ORIENTED_EDGE('',*,*,#2903,.F.);
#1878=ORIENTED_EDGE('',*,*,#3395,.F.);
#1879=ORIENTED_EDGE('',*,*,#2935,.F.);
#1880=ORIENTED_EDGE('',*,*,#2946,.F.);
#1881=ORIENTED_EDGE('',*,*,#2942,.F.);
#1882=ORIENTED_EDGE('',*,*,#2950,.T.);
#1883=ORIENTED_EDGE('',*,*,#2932,.F.);
#1884=ORIENTED_EDGE('',*,*,#2929,.F.);
#1885=ORIENTED_EDGE('',*,*,#3394,.F.);
#1886=ORIENTED_EDGE('',*,*,#2922,.T.);
#1887=ORIENTED_EDGE('',*,*,#3393,.F.);
#1888=ORIENTED_EDGE('',*,*,#3391,.T.);
#1889=ORIENTED_EDGE('',*,*,#3265,.F.);
#1890=ORIENTED_EDGE('',*,*,#3260,.T.);
#1891=ORIENTED_EDGE('',*,*,#3258,.F.);
#1892=ORIENTED_EDGE('',*,*,#3267,.T.);
#1893=ORIENTED_EDGE('',*,*,#3239,.F.);
#1894=ORIENTED_EDGE('',*,*,#3317,.F.);
#1895=ORIENTED_EDGE('',*,*,#3315,.F.);
#1896=ORIENTED_EDGE('',*,*,#3275,.T.);
#1897=ORIENTED_EDGE('',*,*,#3311,.F.);
#1898=ORIENTED_EDGE('',*,*,#3312,.F.);
#1899=ORIENTED_EDGE('',*,*,#3280,.F.);
#1900=ORIENTED_EDGE('',*,*,#3289,.T.);
#1901=ORIENTED_EDGE('',*,*,#3293,.F.);
#1902=ORIENTED_EDGE('',*,*,#3307,.F.);
#1903=ORIENTED_EDGE('',*,*,#3306,.F.);
#1904=ORIENTED_EDGE('',*,*,#3301,.T.);
#1905=ORIENTED_EDGE('',*,*,#3296,.F.);
#1906=ORIENTED_EDGE('',*,*,#3322,.F.);
#1907=ORIENTED_EDGE('',*,*,#3169,.F.);
#1908=ORIENTED_EDGE('',*,*,#3179,.T.);
#1909=ORIENTED_EDGE('',*,*,#3183,.F.);
#1910=ORIENTED_EDGE('',*,*,#3222,.F.);
#1911=ORIENTED_EDGE('',*,*,#3220,.F.);
#1912=ORIENTED_EDGE('',*,*,#3191,.T.);
#1913=ORIENTED_EDGE('',*,*,#3216,.F.);
#1914=ORIENTED_EDGE('',*,*,#3217,.F.);
#1915=ORIENTED_EDGE('',*,*,#3196,.F.);
#1916=ORIENTED_EDGE('',*,*,#3205,.T.);
#1917=ORIENTED_EDGE('',*,*,#3209,.F.);
#1918=ORIENTED_EDGE('',*,*,#3211,.F.);
#1919=ORIENTED_EDGE('',*,*,#3329,.F.);
#1920=ORIENTED_EDGE('',*,*,#3330,.F.);
#1921=ORIENTED_EDGE('',*,*,#3376,.F.);
#1922=ORIENTED_EDGE('',*,*,#3341,.T.);
#1923=ORIENTED_EDGE('',*,*,#3371,.F.);
#1924=ORIENTED_EDGE('',*,*,#3372,.F.);
#1925=ORIENTED_EDGE('',*,*,#3348,.F.);
#1926=ORIENTED_EDGE('',*,*,#3357,.T.);
#1927=ORIENTED_EDGE('',*,*,#3365,.F.);
#1928=ORIENTED_EDGE('',*,*,#3366,.F.);
#1929=ORIENTED_EDGE('',*,*,#3363,.F.);
#1930=ORIENTED_EDGE('',*,*,#3452,.T.);
#1931=ORIENTED_EDGE('',*,*,#2837,.F.);
#1932=ORIENTED_EDGE('',*,*,#2839,.F.);
#1933=ORIENTED_EDGE('',*,*,#2827,.F.);
#1934=ORIENTED_EDGE('',*,*,#2811,.T.);
#1935=ORIENTED_EDGE('',*,*,#2816,.F.);
#1936=ORIENTED_EDGE('',*,*,#2821,.F.);
#1937=ORIENTED_EDGE('',*,*,#2820,.F.);
#1938=ORIENTED_EDGE('',*,*,#3453,.T.);
#1939=ORIENTED_EDGE('',*,*,#2801,.F.);
#1940=ORIENTED_EDGE('',*,*,#2796,.F.);
#1941=ORIENTED_EDGE('',*,*,#2795,.F.);
#1942=ORIENTED_EDGE('',*,*,#2791,.T.);
#1943=ORIENTED_EDGE('',*,*,#2781,.F.);
#1944=ORIENTED_EDGE('',*,*,#2785,.F.);
#1945=ORIENTED_EDGE('',*,*,#2763,.F.);
#1946=ORIENTED_EDGE('',*,*,#2776,.F.);
#1947=ORIENTED_EDGE('',*,*,#2772,.F.);
#1948=ORIENTED_EDGE('',*,*,#3454,.T.);
#1949=ORIENTED_EDGE('',*,*,#3455,.F.);
#1950=ORIENTED_EDGE('',*,*,#3456,.F.);
#1951=ORIENTED_EDGE('',*,*,#2747,.F.);
#1952=ORIENTED_EDGE('',*,*,#2742,.T.);
#1953=ORIENTED_EDGE('',*,*,#3457,.F.);
#1954=ORIENTED_EDGE('',*,*,#2732,.F.);
#1955=ORIENTED_EDGE('',*,*,#2728,.F.);
#1956=ORIENTED_EDGE('',*,*,#2725,.T.);
#1957=ORIENTED_EDGE('',*,*,#2715,.F.);
#1958=ORIENTED_EDGE('',*,*,#2711,.F.);
#1959=ORIENTED_EDGE('',*,*,#2672,.F.);
#1960=ORIENTED_EDGE('',*,*,#2705,.T.);
#1961=ORIENTED_EDGE('',*,*,#2685,.F.);
#1962=ORIENTED_EDGE('',*,*,#2695,.F.);
#1963=ORIENTED_EDGE('',*,*,#2687,.F.);
#1964=ORIENTED_EDGE('',*,*,#3458,.T.);
#1965=ORIENTED_EDGE('',*,*,#3459,.T.);
#1966=ORIENTED_EDGE('',*,*,#3460,.F.);
#1967=ORIENTED_EDGE('',*,*,#3461,.T.);
#1968=ORIENTED_EDGE('',*,*,#3462,.F.);
#1969=ORIENTED_EDGE('',*,*,#3380,.F.);
#1970=ORIENTED_EDGE('',*,*,#3463,.F.);
#1971=ORIENTED_EDGE('',*,*,#3460,.T.);
#1972=ORIENTED_EDGE('',*,*,#3459,.F.);
#1973=ORIENTED_EDGE('',*,*,#3464,.F.);
#1974=ORIENTED_EDGE('',*,*,#3465,.F.);
#1975=ORIENTED_EDGE('',*,*,#3466,.T.);
#1976=ORIENTED_EDGE('',*,*,#3467,.F.);
#1977=ORIENTED_EDGE('',*,*,#3468,.T.);
#1978=ORIENTED_EDGE('',*,*,#3469,.F.);
#1979=ORIENTED_EDGE('',*,*,#3421,.T.);
#1980=ORIENTED_EDGE('',*,*,#3152,.F.);
#1981=ORIENTED_EDGE('',*,*,#3432,.T.);
#1982=ORIENTED_EDGE('',*,*,#2675,.F.);
#1983=ORIENTED_EDGE('',*,*,#2690,.T.);
#1984=ORIENTED_EDGE('',*,*,#2704,.T.);
#1985=ORIENTED_EDGE('',*,*,#2700,.F.);
#1986=ORIENTED_EDGE('',*,*,#2717,.T.);
#1987=ORIENTED_EDGE('',*,*,#3470,.T.);
#1988=ORIENTED_EDGE('',*,*,#2735,.F.);
#1989=ORIENTED_EDGE('',*,*,#3471,.T.);
#1990=ORIENTED_EDGE('',*,*,#3385,.T.);
#1991=ORIENTED_EDGE('',*,*,#2777,.T.);
#1992=ORIENTED_EDGE('',*,*,#3472,.F.);
#1993=ORIENTED_EDGE('',*,*,#2789,.T.);
#1994=ORIENTED_EDGE('',*,*,#3141,.F.);
#1995=ORIENTED_EDGE('',*,*,#2754,.T.);
#1996=ORIENTED_EDGE('',*,*,#3113,.F.);
#1997=ORIENTED_EDGE('',*,*,#2824,.T.);
#1998=ORIENTED_EDGE('',*,*,#3473,.F.);
#1999=ORIENTED_EDGE('',*,*,#2833,.T.);
#2000=ORIENTED_EDGE('',*,*,#3474,.F.);
#2001=ORIENTED_EDGE('',*,*,#3369,.T.);
#2002=ORIENTED_EDGE('',*,*,#3475,.F.);
#2003=ORIENTED_EDGE('',*,*,#3375,.T.);
#2004=ORIENTED_EDGE('',*,*,#3381,.F.);
#2005=ORIENTED_EDGE('',*,*,#3462,.T.);
#2006=ORIENTED_EDGE('',*,*,#3476,.F.);
#2007=ORIENTED_EDGE('',*,*,#3471,.F.);
#2008=ORIENTED_EDGE('',*,*,#2745,.T.);
#2009=ORIENTED_EDGE('',*,*,#2739,.F.);
#2010=ORIENTED_EDGE('',*,*,#3386,.T.);
#2011=ORIENTED_EDGE('',*,*,#3476,.T.);
#2012=ORIENTED_EDGE('',*,*,#2738,.F.);
#2013=ORIENTED_EDGE('',*,*,#3112,.T.);
#2014=ORIENTED_EDGE('',*,*,#2748,.T.);
#2015=ORIENTED_EDGE('',*,*,#3456,.T.);
#2016=ORIENTED_EDGE('',*,*,#3477,.F.);
#2017=ORIENTED_EDGE('',*,*,#3478,.T.);
#2018=ORIENTED_EDGE('',*,*,#3454,.F.);
#2019=ORIENTED_EDGE('',*,*,#2771,.F.);
#2020=ORIENTED_EDGE('',*,*,#2768,.T.);
#2021=ORIENTED_EDGE('',*,*,#2767,.T.);
#2022=ORIENTED_EDGE('',*,*,#2778,.F.);
#2023=ORIENTED_EDGE('',*,*,#3384,.F.);
#2024=ORIENTED_EDGE('',*,*,#3114,.F.);
#2025=ORIENTED_EDGE('',*,*,#2753,.T.);
#2026=ORIENTED_EDGE('',*,*,#2750,.F.);
#2027=ORIENTED_EDGE('',*,*,#3479,.T.);
#2028=ORIENTED_EDGE('',*,*,#2802,.T.);
#2029=ORIENTED_EDGE('',*,*,#3453,.F.);
#2030=ORIENTED_EDGE('',*,*,#2819,.F.);
#2031=ORIENTED_EDGE('',*,*,#3480,.F.);
#2032=ORIENTED_EDGE('',*,*,#3467,.T.);
#2033=ORIENTED_EDGE('',*,*,#3481,.T.);
#2034=ORIENTED_EDGE('',*,*,#3482,.F.);
#2035=ORIENTED_EDGE('',*,*,#3483,.F.);
#2036=ORIENTED_EDGE('',*,*,#3461,.F.);
#2037=ORIENTED_EDGE('',*,*,#3463,.T.);
#2038=ORIENTED_EDGE('',*,*,#3379,.F.);
#2039=ORIENTED_EDGE('',*,*,#3382,.F.);
#2040=ORIENTED_EDGE('',*,*,#3484,.T.);
#2041=ORIENTED_EDGE('',*,*,#3485,.T.);
#2042=ORIENTED_EDGE('',*,*,#3486,.T.);
#2043=ORIENTED_EDGE('',*,*,#3132,.F.);
#2044=ORIENTED_EDGE('',*,*,#3487,.F.);
#2045=ORIENTED_EDGE('',*,*,#3120,.T.);
#2046=ORIENTED_EDGE('',*,*,#3115,.F.);
#2047=ORIENTED_EDGE('',*,*,#3488,.F.);
#2048=ORIENTED_EDGE('',*,*,#3489,.T.);
#2049=ORIENTED_EDGE('',*,*,#3490,.F.);
#2050=ORIENTED_EDGE('',*,*,#3491,.T.);
#2051=ORIENTED_EDGE('',*,*,#3492,.F.);
#2052=ORIENTED_EDGE('',*,*,#3493,.T.);
#2053=ORIENTED_EDGE('',*,*,#3494,.F.);
#2054=ORIENTED_EDGE('',*,*,#3106,.F.);
#2055=ORIENTED_EDGE('',*,*,#3325,.T.);
#2056=ORIENTED_EDGE('',*,*,#3214,.F.);
#2057=ORIENTED_EDGE('',*,*,#3160,.T.);
#2058=ORIENTED_EDGE('',*,*,#3219,.F.);
#2059=ORIENTED_EDGE('',*,*,#3164,.T.);
#2060=ORIENTED_EDGE('',*,*,#3224,.F.);
#2061=ORIENTED_EDGE('',*,*,#3324,.T.);
#2062=ORIENTED_EDGE('',*,*,#3320,.F.);
#2063=ORIENTED_EDGE('',*,*,#3226,.T.);
#2064=ORIENTED_EDGE('',*,*,#3309,.F.);
#2065=ORIENTED_EDGE('',*,*,#3230,.T.);
#2066=ORIENTED_EDGE('',*,*,#3314,.F.);
#2067=ORIENTED_EDGE('',*,*,#3234,.T.);
#2068=ORIENTED_EDGE('',*,*,#3248,.F.);
#2069=ORIENTED_EDGE('',*,*,#3254,.F.);
#2070=ORIENTED_EDGE('',*,*,#3251,.T.);
#2071=ORIENTED_EDGE('',*,*,#3388,.F.);
#2072=ORIENTED_EDGE('',*,*,#2872,.F.);
#2073=ORIENTED_EDGE('',*,*,#2915,.F.);
#2074=ORIENTED_EDGE('',*,*,#2911,.F.);
#2075=ORIENTED_EDGE('',*,*,#2938,.T.);
#2076=ORIENTED_EDGE('',*,*,#2895,.T.);
#2077=ORIENTED_EDGE('',*,*,#2909,.T.);
#2078=ORIENTED_EDGE('',*,*,#2866,.F.);
#2079=ORIENTED_EDGE('',*,*,#2880,.T.);
#2080=ORIENTED_EDGE('',*,*,#2893,.F.);
#2081=ORIENTED_EDGE('',*,*,#3495,.T.);
#2082=ORIENTED_EDGE('',*,*,#3496,.F.);
#2083=ORIENTED_EDGE('',*,*,#3497,.T.);
#2084=ORIENTED_EDGE('',*,*,#3498,.F.);
#2085=ORIENTED_EDGE('',*,*,#3499,.T.);
#2086=ORIENTED_EDGE('',*,*,#3500,.F.);
#2087=ORIENTED_EDGE('',*,*,#2832,.T.);
#2088=ORIENTED_EDGE('',*,*,#2829,.F.);
#2089=ORIENTED_EDGE('',*,*,#3105,.T.);
#2090=ORIENTED_EDGE('',*,*,#2838,.T.);
#2091=ORIENTED_EDGE('',*,*,#3452,.F.);
#2092=ORIENTED_EDGE('',*,*,#3362,.F.);
#2093=ORIENTED_EDGE('',*,*,#3501,.T.);
#2094=ORIENTED_EDGE('',*,*,#3139,.T.);
#2095=ORIENTED_EDGE('',*,*,#3502,.F.);
#2096=ORIENTED_EDGE('',*,*,#3503,.F.);
#2097=ORIENTED_EDGE('',*,*,#3504,.T.);
#2098=ORIENTED_EDGE('',*,*,#3505,.F.);
#2099=ORIENTED_EDGE('',*,*,#3499,.F.);
#2100=ORIENTED_EDGE('',*,*,#3506,.T.);
#2101=ORIENTED_EDGE('',*,*,#3507,.F.);
#2102=ORIENTED_EDGE('',*,*,#3508,.F.);
#2103=ORIENTED_EDGE('',*,*,#3509,.T.);
#2104=ORIENTED_EDGE('',*,*,#3510,.T.);
#2105=ORIENTED_EDGE('',*,*,#3511,.T.);
#2106=ORIENTED_EDGE('',*,*,#3512,.T.);
#2107=ORIENTED_EDGE('',*,*,#3513,.F.);
#2108=ORIENTED_EDGE('',*,*,#3514,.F.);
#2109=ORIENTED_EDGE('',*,*,#3515,.T.);
#2110=ORIENTED_EDGE('',*,*,#3516,.T.);
#2111=ORIENTED_EDGE('',*,*,#3509,.F.);
#2112=ORIENTED_EDGE('',*,*,#3517,.F.);
#2113=ORIENTED_EDGE('',*,*,#3135,.T.);
#2114=ORIENTED_EDGE('',*,*,#3142,.T.);
#2115=ORIENTED_EDGE('',*,*,#3326,.T.);
#2116=ORIENTED_EDGE('',*,*,#3108,.F.);
#2117=ORIENTED_EDGE('',*,*,#3518,.T.);
#2118=ORIENTED_EDGE('',*,*,#3519,.T.);
#2119=ORIENTED_EDGE('',*,*,#3520,.T.);
#2120=ORIENTED_EDGE('',*,*,#3521,.F.);
#2121=ORIENTED_EDGE('',*,*,#3522,.T.);
#2122=ORIENTED_EDGE('',*,*,#3523,.T.);
#2123=ORIENTED_EDGE('',*,*,#3524,.T.);
#2124=ORIENTED_EDGE('',*,*,#3525,.T.);
#2125=ORIENTED_EDGE('',*,*,#3526,.F.);
#2126=ORIENTED_EDGE('',*,*,#3498,.T.);
#2127=ORIENTED_EDGE('',*,*,#3527,.T.);
#2128=ORIENTED_EDGE('',*,*,#3528,.T.);
#2129=ORIENTED_EDGE('',*,*,#3529,.T.);
#2130=ORIENTED_EDGE('',*,*,#3436,.T.);
#2131=ORIENTED_EDGE('',*,*,#3530,.F.);
#2132=ORIENTED_EDGE('',*,*,#3531,.F.);
#2133=ORIENTED_EDGE('',*,*,#3532,.T.);
#2134=ORIENTED_EDGE('',*,*,#3533,.F.);
#2135=ORIENTED_EDGE('',*,*,#3480,.T.);
#2136=ORIENTED_EDGE('',*,*,#3534,.F.);
#2137=ORIENTED_EDGE('',*,*,#3535,.T.);
#2138=ORIENTED_EDGE('',*,*,#3137,.F.);
#2139=ORIENTED_EDGE('',*,*,#3536,.T.);
#2140=ORIENTED_EDGE('',*,*,#3537,.T.);
#2141=ORIENTED_EDGE('',*,*,#3538,.F.);
#2142=ORIENTED_EDGE('',*,*,#3539,.T.);
#2143=ORIENTED_EDGE('',*,*,#3540,.F.);
#2144=ORIENTED_EDGE('',*,*,#3541,.T.);
#2145=ORIENTED_EDGE('',*,*,#3542,.F.);
#2146=ORIENTED_EDGE('',*,*,#3543,.F.);
#2147=ORIENTED_EDGE('',*,*,#3491,.F.);
#2148=ORIENTED_EDGE('',*,*,#3368,.F.);
#2149=ORIENTED_EDGE('',*,*,#3474,.T.);
#2150=ORIENTED_EDGE('',*,*,#3500,.T.);
#2151=ORIENTED_EDGE('',*,*,#3361,.F.);
#2152=ORIENTED_EDGE('',*,*,#3544,.F.);
#2153=ORIENTED_EDGE('',*,*,#3545,.F.);
#2154=ORIENTED_EDGE('',*,*,#3546,.T.);
#2155=ORIENTED_EDGE('',*,*,#3547,.F.);
#2156=ORIENTED_EDGE('',*,*,#3548,.T.);
#2157=ORIENTED_EDGE('',*,*,#3549,.T.);
#2158=ORIENTED_EDGE('',*,*,#3550,.F.);
#2159=ORIENTED_EDGE('',*,*,#3551,.T.);
#2160=ORIENTED_EDGE('',*,*,#3552,.F.);
#2161=ORIENTED_EDGE('',*,*,#3497,.F.);
#2162=ORIENTED_EDGE('',*,*,#3553,.T.);
#2163=ORIENTED_EDGE('',*,*,#3554,.F.);
#2164=ORIENTED_EDGE('',*,*,#3555,.T.);
#2165=ORIENTED_EDGE('',*,*,#3556,.T.);
#2166=ORIENTED_EDGE('',*,*,#3528,.F.);
#2167=ORIENTED_EDGE('',*,*,#3557,.F.);
#2168=ORIENTED_EDGE('',*,*,#3558,.F.);
#2169=ORIENTED_EDGE('',*,*,#3559,.F.);
#2170=ORIENTED_EDGE('',*,*,#3560,.F.);
#2171=ORIENTED_EDGE('',*,*,#3561,.F.);
#2172=ORIENTED_EDGE('',*,*,#3487,.T.);
#2173=ORIENTED_EDGE('',*,*,#3131,.F.);
#2174=ORIENTED_EDGE('',*,*,#3140,.T.);
#2175=ORIENTED_EDGE('',*,*,#3501,.F.);
#2176=ORIENTED_EDGE('',*,*,#3562,.F.);
#2177=ORIENTED_EDGE('',*,*,#3121,.T.);
#2178=ORIENTED_EDGE('',*,*,#3563,.F.);
#2179=ORIENTED_EDGE('',*,*,#3564,.F.);
#2180=ORIENTED_EDGE('',*,*,#3503,.T.);
#2181=ORIENTED_EDGE('',*,*,#3534,.T.);
#2182=ORIENTED_EDGE('',*,*,#3529,.F.);
#2183=ORIENTED_EDGE('',*,*,#3482,.T.);
#2184=ORIENTED_EDGE('',*,*,#3565,.T.);
#2185=ORIENTED_EDGE('',*,*,#3437,.T.);
#2186=ORIENTED_EDGE('',*,*,#3566,.F.);
#2187=ORIENTED_EDGE('',*,*,#3466,.F.);
#2188=ORIENTED_EDGE('',*,*,#3567,.T.);
#2189=ORIENTED_EDGE('',*,*,#3513,.T.);
#2190=ORIENTED_EDGE('',*,*,#3568,.T.);
#2191=ORIENTED_EDGE('',*,*,#3569,.T.);
#2192=ORIENTED_EDGE('',*,*,#3570,.F.);
#2193=ORIENTED_EDGE('',*,*,#3571,.F.);
#2194=ORIENTED_EDGE('',*,*,#3572,.T.);
#2195=ORIENTED_EDGE('',*,*,#3573,.F.);
#2196=ORIENTED_EDGE('',*,*,#3574,.F.);
#2197=ORIENTED_EDGE('',*,*,#3575,.T.);
#2198=ORIENTED_EDGE('',*,*,#3570,.T.);
#2199=ORIENTED_EDGE('',*,*,#3576,.T.);
#2200=ORIENTED_EDGE('',*,*,#3577,.T.);
#2201=ORIENTED_EDGE('',*,*,#3578,.F.);
#2202=ORIENTED_EDGE('',*,*,#3579,.T.);
#2203=ORIENTED_EDGE('',*,*,#3580,.T.);
#2204=ORIENTED_EDGE('',*,*,#3581,.F.);
#2205=ORIENTED_EDGE('',*,*,#3582,.T.);
#2206=ORIENTED_EDGE('',*,*,#3583,.T.);
#2207=ORIENTED_EDGE('',*,*,#3584,.T.);
#2208=ORIENTED_EDGE('',*,*,#3585,.F.);
#2209=ORIENTED_EDGE('',*,*,#3511,.F.);
#2210=ORIENTED_EDGE('',*,*,#3586,.T.);
#2211=ORIENTED_EDGE('',*,*,#3587,.T.);
#2212=ORIENTED_EDGE('',*,*,#3588,.T.);
#2213=ORIENTED_EDGE('',*,*,#3569,.F.);
#2214=ORIENTED_EDGE('',*,*,#3589,.T.);
#2215=ORIENTED_EDGE('',*,*,#2787,.F.);
#2216=ORIENTED_EDGE('',*,*,#3472,.T.);
#2217=ORIENTED_EDGE('',*,*,#2774,.F.);
#2218=ORIENTED_EDGE('',*,*,#2761,.F.);
#2219=ORIENTED_EDGE('',*,*,#3488,.T.);
#2220=ORIENTED_EDGE('',*,*,#3118,.F.);
#2221=ORIENTED_EDGE('',*,*,#3127,.T.);
#2222=ORIENTED_EDGE('',*,*,#3590,.T.);
#2223=ORIENTED_EDGE('',*,*,#3543,.T.);
#2224=ORIENTED_EDGE('',*,*,#3591,.F.);
#2225=ORIENTED_EDGE('',*,*,#3592,.T.);
#2226=ORIENTED_EDGE('',*,*,#3593,.F.);
#2227=ORIENTED_EDGE('',*,*,#2798,.T.);
#2228=ORIENTED_EDGE('',*,*,#2800,.T.);
#2229=ORIENTED_EDGE('',*,*,#3479,.F.);
#2230=ORIENTED_EDGE('',*,*,#2749,.F.);
#2231=ORIENTED_EDGE('',*,*,#3484,.F.);
#2232=ORIENTED_EDGE('',*,*,#3157,.F.);
#2233=ORIENTED_EDGE('',*,*,#3155,.T.);
#2234=ORIENTED_EDGE('',*,*,#3145,.F.);
#2235=ORIENTED_EDGE('',*,*,#3148,.F.);
#2236=ORIENTED_EDGE('',*,*,#3150,.F.);
#2237=ORIENTED_EDGE('',*,*,#3122,.F.);
#2238=ORIENTED_EDGE('',*,*,#3562,.T.);
#2239=ORIENTED_EDGE('',*,*,#3505,.T.);
#2240=ORIENTED_EDGE('',*,*,#3594,.T.);
#2241=ORIENTED_EDGE('',*,*,#3595,.F.);
#2242=ORIENTED_EDGE('',*,*,#3581,.T.);
#2243=ORIENTED_EDGE('',*,*,#3490,.T.);
#2244=ORIENTED_EDGE('',*,*,#3596,.T.);
#2245=ORIENTED_EDGE('',*,*,#3597,.T.);
#2246=ORIENTED_EDGE('',*,*,#3489,.F.);
#2247=ORIENTED_EDGE('',*,*,#3590,.F.);
#2248=ORIENTED_EDGE('',*,*,#3126,.T.);
#2249=ORIENTED_EDGE('',*,*,#3128,.F.);
#2250=ORIENTED_EDGE('',*,*,#3598,.F.);
#2251=ORIENTED_EDGE('',*,*,#3599,.T.);
#2252=ORIENTED_EDGE('',*,*,#3600,.T.);
#2253=ORIENTED_EDGE('',*,*,#3441,.T.);
#2254=ORIENTED_EDGE('',*,*,#3601,.F.);
#2255=ORIENTED_EDGE('',*,*,#3554,.T.);
#2256=ORIENTED_EDGE('',*,*,#3602,.T.);
#2257=ORIENTED_EDGE('',*,*,#3447,.T.);
#2258=ORIENTED_EDGE('',*,*,#3603,.F.);
#2259=ORIENTED_EDGE('',*,*,#3604,.F.);
#2260=ORIENTED_EDGE('',*,*,#3605,.F.);
#2261=ORIENTED_EDGE('',*,*,#3606,.F.);
#2262=ORIENTED_EDGE('',*,*,#3607,.F.);
#2263=ORIENTED_EDGE('',*,*,#3608,.F.);
#2264=ORIENTED_EDGE('',*,*,#3609,.F.);
#2265=ORIENTED_EDGE('',*,*,#3465,.T.);
#2266=ORIENTED_EDGE('',*,*,#3610,.F.);
#2267=ORIENTED_EDGE('',*,*,#3486,.F.);
#2268=ORIENTED_EDGE('',*,*,#3611,.T.);
#2269=ORIENTED_EDGE('',*,*,#3599,.F.);
#2270=ORIENTED_EDGE('',*,*,#3584,.F.);
#2271=ORIENTED_EDGE('',*,*,#3612,.T.);
#2272=ORIENTED_EDGE('',*,*,#3439,.T.);
#2273=ORIENTED_EDGE('',*,*,#3613,.F.);
#2274=ORIENTED_EDGE('',*,*,#3614,.F.);
#2275=ORIENTED_EDGE('',*,*,#3530,.T.);
#2276=ORIENTED_EDGE('',*,*,#3435,.T.);
#2277=ORIENTED_EDGE('',*,*,#3615,.F.);
#2278=ORIENTED_EDGE('',*,*,#2741,.F.);
#2279=ORIENTED_EDGE('',*,*,#2736,.F.);
#2280=ORIENTED_EDGE('',*,*,#2733,.T.);
#2281=ORIENTED_EDGE('',*,*,#3457,.T.);
#2282=ORIENTED_EDGE('',*,*,#3478,.F.);
#2283=ORIENTED_EDGE('',*,*,#3387,.F.);
#2284=ORIENTED_EDGE('',*,*,#3477,.T.);
#2285=ORIENTED_EDGE('',*,*,#3455,.T.);
#2286=ORIENTED_EDGE('',*,*,#3616,.F.);
#2287=ORIENTED_EDGE('',*,*,#3617,.F.);
#2288=ORIENTED_EDGE('',*,*,#3548,.F.);
#2289=ORIENTED_EDGE('',*,*,#3618,.T.);
#2290=ORIENTED_EDGE('',*,*,#3619,.T.);
#2291=ORIENTED_EDGE('',*,*,#3620,.F.);
#2292=ORIENTED_EDGE('',*,*,#3621,.F.);
#2293=ORIENTED_EDGE('',*,*,#3622,.F.);
#2294=ORIENTED_EDGE('',*,*,#3515,.F.);
#2295=ORIENTED_EDGE('',*,*,#3107,.T.);
#2296=ORIENTED_EDGE('',*,*,#3494,.T.);
#2297=ORIENTED_EDGE('',*,*,#3623,.F.);
#2298=ORIENTED_EDGE('',*,*,#3624,.T.);
#2299=ORIENTED_EDGE('',*,*,#3625,.T.);
#2300=ORIENTED_EDGE('',*,*,#3626,.F.);
#2301=ORIENTED_EDGE('',*,*,#3627,.F.);
#2302=ORIENTED_EDGE('',*,*,#3561,.T.);
#2303=ORIENTED_EDGE('',*,*,#3628,.F.);
#2304=ORIENTED_EDGE('',*,*,#3629,.T.);
#2305=ORIENTED_EDGE('',*,*,#3630,.F.);
#2306=ORIENTED_EDGE('',*,*,#3631,.F.);
#2307=ORIENTED_EDGE('',*,*,#3632,.T.);
#2308=ORIENTED_EDGE('',*,*,#3445,.T.);
#2309=ORIENTED_EDGE('',*,*,#3633,.F.);
#2310=ORIENTED_EDGE('',*,*,#3138,.T.);
#2311=ORIENTED_EDGE('',*,*,#3535,.F.);
#2312=ORIENTED_EDGE('',*,*,#3502,.T.);
#2313=ORIENTED_EDGE('',*,*,#3481,.F.);
#2314=ORIENTED_EDGE('',*,*,#3566,.T.);
#2315=ORIENTED_EDGE('',*,*,#3512,.F.);
#2316=ORIENTED_EDGE('',*,*,#3585,.T.);
#2317=ORIENTED_EDGE('',*,*,#3613,.T.);
#2318=ORIENTED_EDGE('',*,*,#3438,.F.);
#2319=ORIENTED_EDGE('',*,*,#3565,.F.);
#2320=ORIENTED_EDGE('',*,*,#3634,.T.);
#2321=ORIENTED_EDGE('',*,*,#3545,.T.);
#2322=ORIENTED_EDGE('',*,*,#3635,.F.);
#2323=ORIENTED_EDGE('',*,*,#3636,.F.);
#2324=ORIENTED_EDGE('',*,*,#3637,.T.);
#2325=ORIENTED_EDGE('',*,*,#3443,.T.);
#2326=ORIENTED_EDGE('',*,*,#3638,.F.);
#2327=ORIENTED_EDGE('',*,*,#3507,.T.);
#2328=ORIENTED_EDGE('',*,*,#3639,.T.);
#2329=ORIENTED_EDGE('',*,*,#3640,.F.);
#2330=ORIENTED_EDGE('',*,*,#3641,.F.);
#2331=ORIENTED_EDGE('',*,*,#3616,.T.);
#2332=ORIENTED_EDGE('',*,*,#3642,.T.);
#2333=ORIENTED_EDGE('',*,*,#3579,.F.);
#2334=ORIENTED_EDGE('',*,*,#3643,.T.);
#2335=ORIENTED_EDGE('',*,*,#3636,.T.);
#2336=ORIENTED_EDGE('',*,*,#3644,.T.);
#2337=ORIENTED_EDGE('',*,*,#3645,.T.);
#2338=ORIENTED_EDGE('',*,*,#3646,.F.);
#2339=ORIENTED_EDGE('',*,*,#3624,.F.);
#2340=ORIENTED_EDGE('',*,*,#3620,.T.);
#2341=ORIENTED_EDGE('',*,*,#3647,.T.);
#2342=ORIENTED_EDGE('',*,*,#3524,.F.);
#2343=ORIENTED_EDGE('',*,*,#3648,.T.);
#2344=ORIENTED_EDGE('',*,*,#3594,.F.);
#2345=ORIENTED_EDGE('',*,*,#3504,.F.);
#2346=ORIENTED_EDGE('',*,*,#3649,.T.);
#2347=ORIENTED_EDGE('',*,*,#3650,.F.);
#2348=ORIENTED_EDGE('',*,*,#3605,.T.);
#2349=ORIENTED_EDGE('',*,*,#3651,.T.);
#2350=ORIENTED_EDGE('',*,*,#3652,.T.);
#2351=ORIENTED_EDGE('',*,*,#3653,.T.);
#2352=ORIENTED_EDGE('',*,*,#3654,.F.);
#2353=ORIENTED_EDGE('',*,*,#3655,.F.);
#2354=ORIENTED_EDGE('',*,*,#3656,.T.);
#2355=ORIENTED_EDGE('',*,*,#2731,.T.);
#2356=ORIENTED_EDGE('',*,*,#3470,.F.);
#2357=ORIENTED_EDGE('',*,*,#2727,.T.);
#2358=ORIENTED_EDGE('',*,*,#2720,.F.);
#2359=ORIENTED_EDGE('',*,*,#3653,.F.);
#2360=ORIENTED_EDGE('',*,*,#3657,.T.);
#2361=ORIENTED_EDGE('',*,*,#3658,.F.);
#2362=ORIENTED_EDGE('',*,*,#3652,.F.);
#2363=ORIENTED_EDGE('',*,*,#3659,.T.);
#2364=ORIENTED_EDGE('',*,*,#3660,.T.);
#2365=ORIENTED_EDGE('',*,*,#3531,.T.);
#2366=ORIENTED_EDGE('',*,*,#3614,.T.);
#2367=ORIENTED_EDGE('',*,*,#3661,.F.);
#2368=ORIENTED_EDGE('',*,*,#3662,.F.);
#2369=ORIENTED_EDGE('',*,*,#3663,.F.);
#2370=ORIENTED_EDGE('',*,*,#3654,.T.);
#2371=ORIENTED_EDGE('',*,*,#3664,.T.);
#2372=ORIENTED_EDGE('',*,*,#3522,.F.);
#2373=ORIENTED_EDGE('',*,*,#3665,.T.);
#2374=ORIENTED_EDGE('',*,*,#3666,.T.);
#2375=ORIENTED_EDGE('',*,*,#3578,.T.);
#2376=ORIENTED_EDGE('',*,*,#3667,.T.);
#2377=ORIENTED_EDGE('',*,*,#3668,.F.);
#2378=ORIENTED_EDGE('',*,*,#3540,.T.);
#2379=ORIENTED_EDGE('',*,*,#3669,.F.);
#2380=ORIENTED_EDGE('',*,*,#3670,.F.);
#2381=ORIENTED_EDGE('',*,*,#3606,.T.);
#2382=ORIENTED_EDGE('',*,*,#3650,.T.);
#2383=ORIENTED_EDGE('',*,*,#3658,.T.);
#2384=ORIENTED_EDGE('',*,*,#3671,.F.);
#2385=ORIENTED_EDGE('',*,*,#3468,.F.);
#2386=ORIENTED_EDGE('',*,*,#3533,.T.);
#2387=ORIENTED_EDGE('',*,*,#3672,.T.);
#2388=ORIENTED_EDGE('',*,*,#3518,.F.);
#2389=ORIENTED_EDGE('',*,*,#3673,.F.);
#2390=ORIENTED_EDGE('',*,*,#3538,.T.);
#2391=ORIENTED_EDGE('',*,*,#3346,.F.);
#2392=ORIENTED_EDGE('',*,*,#3374,.F.);
#2393=ORIENTED_EDGE('',*,*,#3475,.T.);
#2394=ORIENTED_EDGE('',*,*,#3353,.T.);
#2395=ORIENTED_EDGE('',*,*,#3553,.F.);
#2396=ORIENTED_EDGE('',*,*,#3674,.T.);
#2397=ORIENTED_EDGE('',*,*,#3625,.F.);
#2398=ORIENTED_EDGE('',*,*,#3646,.T.);
#2399=ORIENTED_EDGE('',*,*,#3675,.T.);
#2400=ORIENTED_EDGE('',*,*,#3448,.F.);
#2401=ORIENTED_EDGE('',*,*,#3602,.F.);
#2402=ORIENTED_EDGE('',*,*,#2841,.F.);
#2403=ORIENTED_EDGE('',*,*,#3473,.T.);
#2404=ORIENTED_EDGE('',*,*,#2807,.T.);
#2405=ORIENTED_EDGE('',*,*,#2826,.F.);
#2406=ORIENTED_EDGE('',*,*,#3676,.F.);
#2407=ORIENTED_EDGE('',*,*,#3677,.F.);
#2408=ORIENTED_EDGE('',*,*,#3667,.F.);
#2409=ORIENTED_EDGE('',*,*,#3577,.F.);
#2410=ORIENTED_EDGE('',*,*,#3678,.T.);
#2411=ORIENTED_EDGE('',*,*,#3679,.F.);
#2412=ORIENTED_EDGE('',*,*,#3582,.F.);
#2413=ORIENTED_EDGE('',*,*,#3595,.T.);
#2414=ORIENTED_EDGE('',*,*,#3649,.F.);
#2415=ORIENTED_EDGE('',*,*,#3564,.T.);
#2416=ORIENTED_EDGE('',*,*,#3680,.F.);
#2417=ORIENTED_EDGE('',*,*,#3495,.F.);
#2418=ORIENTED_EDGE('',*,*,#2889,.T.);
#2419=ORIENTED_EDGE('',*,*,#3681,.F.);
#2420=ORIENTED_EDGE('',*,*,#3664,.F.);
#2421=ORIENTED_EDGE('',*,*,#3660,.F.);
#2422=ORIENTED_EDGE('',*,*,#3621,.T.);
#2423=ORIENTED_EDGE('',*,*,#3648,.F.);
#2424=ORIENTED_EDGE('',*,*,#3523,.F.);
#2425=ORIENTED_EDGE('',*,*,#3637,.F.);
#2426=ORIENTED_EDGE('',*,*,#3643,.F.);
#2427=ORIENTED_EDGE('',*,*,#3666,.F.);
#2428=ORIENTED_EDGE('',*,*,#3682,.F.);
#2429=ORIENTED_EDGE('',*,*,#3683,.F.);
#2430=ORIENTED_EDGE('',*,*,#3598,.T.);
#2431=ORIENTED_EDGE('',*,*,#3440,.T.);
#2432=ORIENTED_EDGE('',*,*,#3612,.F.);
#2433=ORIENTED_EDGE('',*,*,#3583,.F.);
#2434=ORIENTED_EDGE('',*,*,#3514,.T.);
#2435=ORIENTED_EDGE('',*,*,#3567,.F.);
#2436=ORIENTED_EDGE('',*,*,#3609,.T.);
#2437=ORIENTED_EDGE('',*,*,#3645,.F.);
#2438=ORIENTED_EDGE('',*,*,#3684,.T.);
#2439=ORIENTED_EDGE('',*,*,#3449,.T.);
#2440=ORIENTED_EDGE('',*,*,#3675,.F.);
#2441=ORIENTED_EDGE('',*,*,#3607,.T.);
#2442=ORIENTED_EDGE('',*,*,#3670,.T.);
#2443=ORIENTED_EDGE('',*,*,#3657,.F.);
#2444=ORIENTED_EDGE('',*,*,#3656,.F.);
#2445=ORIENTED_EDGE('',*,*,#3685,.T.);
#2446=ORIENTED_EDGE('',*,*,#3629,.F.);
#2447=ORIENTED_EDGE('',*,*,#3686,.F.);
#2448=ORIENTED_EDGE('',*,*,#3687,.F.);
#2449=ORIENTED_EDGE('',*,*,#3688,.F.);
#2450=ORIENTED_EDGE('',*,*,#3689,.F.);
#2451=ORIENTED_EDGE('',*,*,#3690,.T.);
#2452=ORIENTED_EDGE('',*,*,#3691,.T.);
#2453=ORIENTED_EDGE('',*,*,#3692,.T.);
#2454=ORIENTED_EDGE('',*,*,#3693,.F.);
#2455=ORIENTED_EDGE('',*,*,#3694,.T.);
#2456=ORIENTED_EDGE('',*,*,#3550,.T.);
#2457=ORIENTED_EDGE('',*,*,#3506,.F.);
#2458=ORIENTED_EDGE('',*,*,#3526,.T.);
#2459=ORIENTED_EDGE('',*,*,#3556,.F.);
#2460=ORIENTED_EDGE('',*,*,#3695,.T.);
#2461=ORIENTED_EDGE('',*,*,#3633,.T.);
#2462=ORIENTED_EDGE('',*,*,#3444,.F.);
#2463=ORIENTED_EDGE('',*,*,#3639,.F.);
#2464=ORIENTED_EDGE('',*,*,#3619,.F.);
#2465=ORIENTED_EDGE('',*,*,#3696,.T.);
#2466=ORIENTED_EDGE('',*,*,#3663,.T.);
#2467=ORIENTED_EDGE('',*,*,#3525,.F.);
#2468=ORIENTED_EDGE('',*,*,#3647,.F.);
#2469=ORIENTED_EDGE('',*,*,#3697,.T.);
#2470=ORIENTED_EDGE('',*,*,#3698,.T.);
#2471=ORIENTED_EDGE('',*,*,#3686,.T.);
#2472=ORIENTED_EDGE('',*,*,#3628,.T.);
#2473=ORIENTED_EDGE('',*,*,#3560,.T.);
#2474=ORIENTED_EDGE('',*,*,#3699,.T.);
#2475=ORIENTED_EDGE('',*,*,#3662,.T.);
#2476=ORIENTED_EDGE('',*,*,#3700,.T.);
#2477=ORIENTED_EDGE('',*,*,#3672,.F.);
#2478=ORIENTED_EDGE('',*,*,#3532,.F.);
#2479=ORIENTED_EDGE('',*,*,#3701,.F.);
#2480=ORIENTED_EDGE('',*,*,#3546,.F.);
#2481=ORIENTED_EDGE('',*,*,#3634,.F.);
#2482=ORIENTED_EDGE('',*,*,#3683,.T.);
#2483=ORIENTED_EDGE('',*,*,#3580,.F.);
#2484=ORIENTED_EDGE('',*,*,#3702,.T.);
#2485=ORIENTED_EDGE('',*,*,#3611,.F.);
#2486=ORIENTED_EDGE('',*,*,#3485,.F.);
#2487=ORIENTED_EDGE('',*,*,#3703,.F.);
#2488=ORIENTED_EDGE('',*,*,#3671,.T.);
#2489=ORIENTED_EDGE('',*,*,#3700,.F.);
#2490=ORIENTED_EDGE('',*,*,#3661,.T.);
#2491=ORIENTED_EDGE('',*,*,#3615,.T.);
#2492=ORIENTED_EDGE('',*,*,#3434,.F.);
#2493=ORIENTED_EDGE('',*,*,#3704,.F.);
#2494=ORIENTED_EDGE('',*,*,#3640,.T.);
#2495=ORIENTED_EDGE('',*,*,#3638,.T.);
#2496=ORIENTED_EDGE('',*,*,#3442,.T.);
#2497=ORIENTED_EDGE('',*,*,#3600,.F.);
#2498=ORIENTED_EDGE('',*,*,#3705,.T.);
#2499=ORIENTED_EDGE('',*,*,#3706,.T.);
#2500=ORIENTED_EDGE('',*,*,#3707,.F.);
#2501=ORIENTED_EDGE('',*,*,#3708,.F.);
#2502=ORIENTED_EDGE('',*,*,#3689,.T.);
#2503=ORIENTED_EDGE('',*,*,#3572,.F.);
#2504=ORIENTED_EDGE('',*,*,#3709,.F.);
#2505=ORIENTED_EDGE('',*,*,#3563,.T.);
#2506=ORIENTED_EDGE('',*,*,#3673,.T.);
#2507=ORIENTED_EDGE('',*,*,#3521,.T.);
#2508=ORIENTED_EDGE('',*,*,#3603,.T.);
#2509=ORIENTED_EDGE('',*,*,#3710,.T.);
#2510=ORIENTED_EDGE('',*,*,#3697,.F.);
#2511=ORIENTED_EDGE('',*,*,#3711,.T.);
#2512=ORIENTED_EDGE('',*,*,#3568,.F.);
#2513=ORIENTED_EDGE('',*,*,#3712,.F.);
#2514=ORIENTED_EDGE('',*,*,#3589,.F.);
#2515=ORIENTED_EDGE('',*,*,#3450,.T.);
#2516=ORIENTED_EDGE('',*,*,#3684,.F.);
#2517=ORIENTED_EDGE('',*,*,#3644,.F.);
#2518=ORIENTED_EDGE('',*,*,#3627,.T.);
#2519=ORIENTED_EDGE('',*,*,#3713,.F.);
#2520=ORIENTED_EDGE('',*,*,#3680,.T.);
#2521=ORIENTED_EDGE('',*,*,#3714,.T.);
#2522=ORIENTED_EDGE('',*,*,#3715,.T.);
#2523=ORIENTED_EDGE('',*,*,#3693,.T.);
#2524=ORIENTED_EDGE('',*,*,#3716,.T.);
#2525=ORIENTED_EDGE('',*,*,#3717,.F.);
#2526=ORIENTED_EDGE('',*,*,#3668,.T.);
#2527=ORIENTED_EDGE('',*,*,#3571,.T.);
#2528=ORIENTED_EDGE('',*,*,#3678,.F.);
#2529=ORIENTED_EDGE('',*,*,#3709,.T.);
#2530=ORIENTED_EDGE('',*,*,#3446,.T.);
#2531=ORIENTED_EDGE('',*,*,#3632,.F.);
#2532=ORIENTED_EDGE('',*,*,#3718,.F.);
#2533=ORIENTED_EDGE('',*,*,#3557,.T.);
#2534=ORIENTED_EDGE('',*,*,#3527,.F.);
#2535=ORIENTED_EDGE('',*,*,#3552,.T.);
#2536=ORIENTED_EDGE('',*,*,#3601,.T.);
#2537=ORIENTED_EDGE('',*,*,#3622,.T.);
#2538=ORIENTED_EDGE('',*,*,#3659,.F.);
#2539=ORIENTED_EDGE('',*,*,#3651,.F.);
#2540=ORIENTED_EDGE('',*,*,#3604,.T.);
#2541=ORIENTED_EDGE('',*,*,#3711,.F.);
#2542=ORIENTED_EDGE('',*,*,#3699,.F.);
#2543=ORIENTED_EDGE('',*,*,#3559,.T.);
#2544=ORIENTED_EDGE('',*,*,#3719,.T.);
#2545=ORIENTED_EDGE('',*,*,#3493,.F.);
#2546=ORIENTED_EDGE('',*,*,#3510,.F.);
#2547=ORIENTED_EDGE('',*,*,#3516,.F.);
#2548=ORIENTED_EDGE('',*,*,#3623,.T.);
#2549=ORIENTED_EDGE('',*,*,#3423,.T.);
#2550=ORIENTED_EDGE('',*,*,#3469,.T.);
#2551=ORIENTED_EDGE('',*,*,#3703,.T.);
#2552=ORIENTED_EDGE('',*,*,#3720,.F.);
#2553=ORIENTED_EDGE('',*,*,#3655,.T.);
#2554=ORIENTED_EDGE('',*,*,#3696,.F.);
#2555=ORIENTED_EDGE('',*,*,#3719,.F.);
#2556=ORIENTED_EDGE('',*,*,#3558,.T.);
#2557=ORIENTED_EDGE('',*,*,#3630,.T.);
#2558=ORIENTED_EDGE('',*,*,#3685,.F.);
#2559=ORIENTED_EDGE('',*,*,#3591,.T.);
#2560=ORIENTED_EDGE('',*,*,#3542,.T.);
#2561=ORIENTED_EDGE('',*,*,#3721,.T.);
#2562=ORIENTED_EDGE('',*,*,#3722,.T.);
#2563=ORIENTED_EDGE('',*,*,#3674,.F.);
#2564=ORIENTED_EDGE('',*,*,#3496,.T.);
#2565=ORIENTED_EDGE('',*,*,#3713,.T.);
#2566=ORIENTED_EDGE('',*,*,#3626,.T.);
#2567=ORIENTED_EDGE('',*,*,#3714,.F.);
#2568=ORIENTED_EDGE('',*,*,#3681,.T.);
#2569=ORIENTED_EDGE('',*,*,#2892,.T.);
#2570=ORIENTED_EDGE('',*,*,#3451,.T.);
#2571=ORIENTED_EDGE('',*,*,#3136,.T.);
#2572=ORIENTED_EDGE('',*,*,#3723,.F.);
#2573=ORIENTED_EDGE('',*,*,#3536,.F.);
#2574=ORIENTED_EDGE('',*,*,#3694,.F.);
#2575=ORIENTED_EDGE('',*,*,#3715,.F.);
#2576=ORIENTED_EDGE('',*,*,#3669,.T.);
#2577=ORIENTED_EDGE('',*,*,#3724,.T.);
#2578=ORIENTED_EDGE('',*,*,#3551,.F.);
#2579=ORIENTED_EDGE('',*,*,#3575,.F.);
#2580=ORIENTED_EDGE('',*,*,#3635,.T.);
#2581=ORIENTED_EDGE('',*,*,#3544,.T.);
#2582=ORIENTED_EDGE('',*,*,#3724,.F.);
#2583=ORIENTED_EDGE('',*,*,#3539,.F.);
#2584=ORIENTED_EDGE('',*,*,#3597,.F.);
#2585=ORIENTED_EDGE('',*,*,#3725,.T.);
#2586=ORIENTED_EDGE('',*,*,#3726,.T.);
#2587=ORIENTED_EDGE('',*,*,#3707,.T.);
#2588=ORIENTED_EDGE('',*,*,#3727,.F.);
#2589=ORIENTED_EDGE('',*,*,#3586,.F.);
#2590=ORIENTED_EDGE('',*,*,#3712,.T.);
#2591=ORIENTED_EDGE('',*,*,#3723,.T.);
#2592=ORIENTED_EDGE('',*,*,#3517,.T.);
#2593=ORIENTED_EDGE('',*,*,#3508,.T.);
#2594=ORIENTED_EDGE('',*,*,#3728,.F.);
#2595=ORIENTED_EDGE('',*,*,#3725,.F.);
#2596=ORIENTED_EDGE('',*,*,#3596,.F.);
#2597=ORIENTED_EDGE('',*,*,#3492,.T.);
#2598=ORIENTED_EDGE('',*,*,#3593,.T.);
#2599=ORIENTED_EDGE('',*,*,#3729,.F.);
#2600=ORIENTED_EDGE('',*,*,#3679,.T.);
#2601=ORIENTED_EDGE('',*,*,#3574,.T.);
#2602=ORIENTED_EDGE('',*,*,#3730,.T.);
#2603=ORIENTED_EDGE('',*,*,#3731,.T.);
#2604=ORIENTED_EDGE('',*,*,#3708,.T.);
#2605=ORIENTED_EDGE('',*,*,#3726,.F.);
#2606=ORIENTED_EDGE('',*,*,#3729,.T.);
#2607=ORIENTED_EDGE('',*,*,#3592,.F.);
#2608=ORIENTED_EDGE('',*,*,#3722,.F.);
#2609=ORIENTED_EDGE('',*,*,#3732,.T.);
#2610=ORIENTED_EDGE('',*,*,#3716,.F.);
#2611=ORIENTED_EDGE('',*,*,#3692,.F.);
#2612=ORIENTED_EDGE('',*,*,#3549,.F.);
#2613=ORIENTED_EDGE('',*,*,#3617,.T.);
#2614=ORIENTED_EDGE('',*,*,#3641,.T.);
#2615=ORIENTED_EDGE('',*,*,#3702,.F.);
#2616=ORIENTED_EDGE('',*,*,#3464,.T.);
#2617=ORIENTED_EDGE('',*,*,#3458,.F.);
#2618=ORIENTED_EDGE('',*,*,#3483,.T.);
#2619=ORIENTED_EDGE('',*,*,#3610,.T.);
#2620=ORIENTED_EDGE('',*,*,#3718,.T.);
#2621=ORIENTED_EDGE('',*,*,#3631,.T.);
#2622=ORIENTED_EDGE('',*,*,#3695,.F.);
#2623=ORIENTED_EDGE('',*,*,#3555,.F.);
#2624=ORIENTED_EDGE('',*,*,#3519,.F.);
#2625=ORIENTED_EDGE('',*,*,#3537,.F.);
#2626=ORIENTED_EDGE('',*,*,#3728,.T.);
#2627=ORIENTED_EDGE('',*,*,#3642,.F.);
#2628=ORIENTED_EDGE('',*,*,#3618,.F.);
#2629=ORIENTED_EDGE('',*,*,#3547,.T.);
#2630=ORIENTED_EDGE('',*,*,#3701,.T.);
#2631=ORIENTED_EDGE('',*,*,#3682,.T.);
#2632=ORIENTED_EDGE('',*,*,#3665,.F.);
#2633=ORIENTED_EDGE('',*,*,#3677,.T.);
#2634=ORIENTED_EDGE('',*,*,#3733,.T.);
#2635=ORIENTED_EDGE('',*,*,#3587,.F.);
#2636=ORIENTED_EDGE('',*,*,#3727,.T.);
#2637=ORIENTED_EDGE('',*,*,#3706,.F.);
#2638=ORIENTED_EDGE('',*,*,#3734,.F.);
#2639=ORIENTED_EDGE('',*,*,#3735,.F.);
#2640=ORIENTED_EDGE('',*,*,#3676,.T.);
#2641=ORIENTED_EDGE('',*,*,#3576,.F.);
#2642=ORIENTED_EDGE('',*,*,#3588,.F.);
#2643=ORIENTED_EDGE('',*,*,#3733,.F.);
#2644=ORIENTED_EDGE('',*,*,#3717,.T.);
#2645=ORIENTED_EDGE('',*,*,#3732,.F.);
#2646=ORIENTED_EDGE('',*,*,#3721,.F.);
#2647=ORIENTED_EDGE('',*,*,#3541,.F.);
#2648=ORIENTED_EDGE('',*,*,#3698,.F.);
#2649=ORIENTED_EDGE('',*,*,#3710,.F.);
#2650=ORIENTED_EDGE('',*,*,#3608,.T.);
#2651=ORIENTED_EDGE('',*,*,#3691,.F.);
#2652=ORIENTED_EDGE('',*,*,#3736,.T.);
#2653=ORIENTED_EDGE('',*,*,#3734,.T.);
#2654=ORIENTED_EDGE('',*,*,#3705,.F.);
#2655=ORIENTED_EDGE('',*,*,#3731,.F.);
#2656=ORIENTED_EDGE('',*,*,#3737,.F.);
#2657=ORIENTED_EDGE('',*,*,#3687,.T.);
#2658=ORIENTED_EDGE('',*,*,#3424,.F.);
#2659=ORIENTED_EDGE('',*,*,#3720,.T.);
#2660=ORIENTED_EDGE('',*,*,#3704,.T.);
#2661=ORIENTED_EDGE('',*,*,#3433,.T.);
#2662=ORIENTED_EDGE('',*,*,#3573,.T.);
#2663=ORIENTED_EDGE('',*,*,#3688,.T.);
#2664=ORIENTED_EDGE('',*,*,#3737,.T.);
#2665=ORIENTED_EDGE('',*,*,#3730,.F.);
#2666=ORIENTED_EDGE('',*,*,#3520,.F.);
#2667=ORIENTED_EDGE('',*,*,#3735,.T.);
#2668=ORIENTED_EDGE('',*,*,#3736,.F.);
#2669=ORIENTED_EDGE('',*,*,#3690,.F.);
#2670=EDGE_CURVE('',#3738,#3739,#4410,.T.);
#2671=EDGE_CURVE('',#3738,#3740,#353,.T.);
#2672=EDGE_CURVE('',#3740,#3741,#4411,.T.);
#2673=EDGE_CURVE('',#3739,#3741,#354,.T.);
#2674=EDGE_CURVE('',#3742,#3743,#4412,.T.);
#2675=EDGE_CURVE('',#3742,#3744,#4413,.T.);
#2676=EDGE_CURVE('',#3744,#3745,#4414,.T.);
#2677=EDGE_CURVE('',#3743,#3745,#4415,.T.);
#2678=EDGE_CURVE('',#3746,#3747,#4416,.T.);
#2679=EDGE_CURVE('',#3747,#3748,#4417,.T.);
#2680=EDGE_CURVE('',#3749,#3748,#4418,.T.);
#2681=EDGE_CURVE('',#3749,#3746,#4419,.T.);
#2682=EDGE_CURVE('',#3750,#3751,#355,.T.);
#2683=EDGE_CURVE('',#3752,#3750,#4420,.T.);
#2684=EDGE_CURVE('',#3752,#3753,#356,.T.);
#2685=EDGE_CURVE('',#3753,#3751,#4421,.T.);
#2686=EDGE_CURVE('',#3747,#3754,#357,.T.);
#2687=EDGE_CURVE('',#3754,#3755,#4422,.T.);
#2688=EDGE_CURVE('',#3748,#3755,#358,.T.);
#2689=EDGE_CURVE('',#3756,#3757,#4423,.T.);
#2690=EDGE_CURVE('',#3742,#3756,#4424,.T.);
#2691=EDGE_CURVE('',#3742,#3758,#4425,.T.);
#2692=EDGE_CURVE('',#3758,#3757,#4426,.T.);
#2693=EDGE_CURVE('',#3752,#3756,#4427,.T.);
#2694=EDGE_CURVE('',#3757,#3749,#4428,.T.);
#2695=EDGE_CURVE('',#3755,#3753,#4429,.T.);
#2696=EDGE_CURVE('',#3743,#3759,#359,.T.);
#2697=EDGE_CURVE('',#3759,#3754,#4430,.T.);
#2698=EDGE_CURVE('',#3758,#3746,#4431,.T.);
#2699=EDGE_CURVE('',#3760,#3761,#4432,.T.);
#2700=EDGE_CURVE('',#3761,#3762,#4433,.T.);
#2701=EDGE_CURVE('',#3763,#3762,#4434,.T.);
#2702=EDGE_CURVE('',#3763,#3760,#4435,.T.);
#2703=EDGE_CURVE('',#3750,#3762,#4436,.T.);
#2704=EDGE_CURVE('',#3756,#3762,#4437,.T.);
#2705=EDGE_CURVE('',#3740,#3751,#4438,.T.);
#2706=EDGE_CURVE('',#3738,#3764,#4439,.T.);
#2707=EDGE_CURVE('',#3764,#3763,#4440,.T.);
#2708=EDGE_CURVE('',#3765,#3761,#4441,.T.);
#2709=EDGE_CURVE('',#3760,#3766,#4442,.T.);
#2710=EDGE_CURVE('',#3766,#3739,#4443,.T.);
#2711=EDGE_CURVE('',#3741,#3767,#4444,.T.);
#2712=EDGE_CURVE('',#3765,#3767,#360,.T.);
#2713=EDGE_CURVE('',#3768,#3769,#361,.T.);
#2714=EDGE_CURVE('',#3765,#3768,#4445,.T.);
#2715=EDGE_CURVE('',#3767,#3769,#4446,.T.);
#2716=EDGE_CURVE('',#3768,#3770,#4447,.T.);
#2717=EDGE_CURVE('',#3761,#3770,#4448,.T.);
#2718=EDGE_CURVE('',#3771,#3772,#4449,.T.);
#2719=EDGE_CURVE('',#3772,#3773,#4450,.T.);
#2720=EDGE_CURVE('',#3773,#3774,#4451,.T.);
#2721=EDGE_CURVE('',#3771,#3774,#4452,.T.);
#2722=EDGE_CURVE('',#3771,#3775,#4453,.T.);
#2723=EDGE_CURVE('',#3775,#3776,#4454,.T.);
#2724=EDGE_CURVE('',#3776,#3772,#4455,.T.);
#2725=EDGE_CURVE('',#3777,#3769,#4456,.T.);
#2726=EDGE_CURVE('',#3775,#3777,#362,.T.);
#2727=EDGE_CURVE('',#3770,#3774,#4457,.T.);
#2728=EDGE_CURVE('',#3777,#3778,#4458,.T.);
#2729=EDGE_CURVE('',#3776,#3778,#363,.T.);
#2730=EDGE_CURVE('',#3779,#3780,#4459,.T.);
#2731=EDGE_CURVE('',#3773,#3779,#4460,.T.);
#2732=EDGE_CURVE('',#3778,#3781,#4461,.T.);
#2733=EDGE_CURVE('',#3780,#3781,#364,.T.);
#2734=EDGE_CURVE('',#3782,#3783,#4462,.T.);
#2735=EDGE_CURVE('',#3783,#3779,#4463,.T.);
#2736=EDGE_CURVE('',#3780,#3782,#4464,.T.);
#2737=EDGE_CURVE('',#3784,#3785,#4465,.T.);
#2738=EDGE_CURVE('',#3785,#3786,#4466,.T.);
#2739=EDGE_CURVE('',#3786,#3787,#4467,.T.);
#2740=EDGE_CURVE('',#3787,#3784,#4468,.T.);
#2741=EDGE_CURVE('',#3782,#3788,#365,.T.);
#2742=EDGE_CURVE('',#3789,#3788,#4469,.T.);
#2743=EDGE_CURVE('',#3790,#3789,#366,.T.);
#2744=EDGE_CURVE('',#3784,#3790,#4470,.T.);
#2745=EDGE_CURVE('',#3783,#3787,#4471,.T.);
#2746=EDGE_CURVE('',#3790,#3791,#4472,.T.);
#2747=EDGE_CURVE('',#3789,#3792,#4473,.T.);
#2748=EDGE_CURVE('',#3791,#3792,#367,.T.);
#2749=EDGE_CURVE('',#3793,#3794,#4474,.T.);
#2750=EDGE_CURVE('',#3794,#3795,#4475,.T.);
#2751=EDGE_CURVE('',#3796,#3795,#4476,.T.);
#2752=EDGE_CURVE('',#3793,#3796,#4477,.T.);
#2753=EDGE_CURVE('',#3797,#3795,#4478,.T.);
#2754=EDGE_CURVE('',#3798,#3797,#4479,.T.);
#2755=EDGE_CURVE('',#3798,#3796,#4480,.T.);
#2756=EDGE_CURVE('',#3799,#3800,#4481,.T.);
#2757=EDGE_CURVE('',#3800,#3801,#4482,.T.);
#2758=EDGE_CURVE('',#3802,#3801,#4483,.T.);
#2759=EDGE_CURVE('',#3799,#3802,#4484,.T.);
#2760=EDGE_CURVE('',#3803,#3804,#368,.T.);
#2761=EDGE_CURVE('',#3803,#3805,#4485,.T.);
#2762=EDGE_CURVE('',#3805,#3806,#369,.T.);
#2763=EDGE_CURVE('',#3806,#3804,#4486,.T.);
#2764=EDGE_CURVE('',#3807,#3808,#4487,.T.);
#2765=EDGE_CURVE('',#3808,#3809,#4488,.T.);
#2766=EDGE_CURVE('',#3809,#3810,#4489,.T.);
#2767=EDGE_CURVE('',#3807,#3810,#4490,.T.);
#2768=EDGE_CURVE('',#3811,#3807,#4491,.T.);
#2769=EDGE_CURVE('',#3811,#3812,#4492,.T.);
#2770=EDGE_CURVE('',#3808,#3812,#4493,.T.);
#2771=EDGE_CURVE('',#3811,#3813,#370,.T.);
#2772=EDGE_CURVE('',#3813,#3814,#4494,.T.);
#2773=EDGE_CURVE('',#3812,#3814,#371,.T.);
#2774=EDGE_CURVE('',#3805,#3815,#4495,.T.);
#2775=EDGE_CURVE('',#3815,#3809,#4496,.T.);
#2776=EDGE_CURVE('',#3814,#3806,#4497,.T.);
#2777=EDGE_CURVE('',#3816,#3815,#4498,.T.);
#2778=EDGE_CURVE('',#3816,#3810,#4499,.T.);
#2779=EDGE_CURVE('',#3817,#3818,#4500,.T.);
#2780=EDGE_CURVE('',#3817,#3819,#372,.T.);
#2781=EDGE_CURVE('',#3819,#3820,#4501,.T.);
#2782=EDGE_CURVE('',#3818,#3820,#373,.T.);
#2783=EDGE_CURVE('',#3799,#3817,#4502,.T.);
#2784=EDGE_CURVE('',#3800,#3818,#4503,.T.);
#2785=EDGE_CURVE('',#3804,#3819,#4504,.T.);
#2786=EDGE_CURVE('',#3821,#3802,#4505,.T.);
#2787=EDGE_CURVE('',#3821,#3803,#4506,.T.);
#2788=EDGE_CURVE('',#3822,#3801,#4507,.T.);
#2789=EDGE_CURVE('',#3821,#3822,#4508,.T.);
#2790=EDGE_CURVE('',#3822,#3823,#4509,.T.);
#2791=EDGE_CURVE('',#3824,#3820,#4510,.T.);
#2792=EDGE_CURVE('',#3823,#3824,#374,.T.);
#2793=EDGE_CURVE('',#3825,#3826,#375,.T.);
#2794=EDGE_CURVE('',#3825,#3823,#4511,.T.);
#2795=EDGE_CURVE('',#3824,#3826,#4512,.T.);
#2796=EDGE_CURVE('',#3826,#3827,#4513,.T.);
#2797=EDGE_CURVE('',#3828,#3827,#376,.T.);
#2798=EDGE_CURVE('',#3793,#3828,#4514,.T.);
#2799=EDGE_CURVE('',#3798,#3825,#4515,.T.);
#2800=EDGE_CURVE('',#3828,#3829,#4516,.T.);
#2801=EDGE_CURVE('',#3827,#3830,#4517,.T.);
#2802=EDGE_CURVE('',#3829,#3830,#377,.T.);
#2803=EDGE_CURVE('',#3831,#3832,#4518,.T.);
#2804=EDGE_CURVE('',#3832,#3833,#4519,.T.);
#2805=EDGE_CURVE('',#3834,#3833,#4520,.T.);
#2806=EDGE_CURVE('',#3831,#3834,#4521,.T.);
#2807=EDGE_CURVE('',#3835,#3836,#4522,.T.);
#2808=EDGE_CURVE('',#3835,#3837,#4523,.T.);
#2809=EDGE_CURVE('',#3834,#3837,#4524,.T.);
#2810=EDGE_CURVE('',#3833,#3838,#378,.T.);
#2811=EDGE_CURVE('',#3839,#3838,#4525,.T.);
#2812=EDGE_CURVE('',#3836,#3839,#379,.T.);
#2813=EDGE_CURVE('',#3840,#3837,#4526,.T.);
#2814=EDGE_CURVE('',#3831,#3840,#4527,.T.);
#2815=EDGE_CURVE('',#3832,#3841,#380,.T.);
#2816=EDGE_CURVE('',#3841,#3838,#4528,.T.);
#2817=EDGE_CURVE('',#3842,#3843,#381,.T.);
#2818=EDGE_CURVE('',#3842,#3844,#4529,.T.);
#2819=EDGE_CURVE('',#3844,#3845,#382,.T.);
#2820=EDGE_CURVE('',#3845,#3843,#4530,.T.);
#2821=EDGE_CURVE('',#3843,#3841,#4531,.T.);
#2822=EDGE_CURVE('',#3846,#3840,#4532,.T.);
#2823=EDGE_CURVE('',#3846,#3842,#4533,.T.);
#2824=EDGE_CURVE('',#3846,#3835,#4534,.T.);
#2825=EDGE_CURVE('',#3847,#3848,#383,.T.);
#2826=EDGE_CURVE('',#3847,#3836,#4535,.T.);
#2827=EDGE_CURVE('',#3839,#3848,#4536,.T.);
#2828=EDGE_CURVE('',#3849,#3850,#4537,.T.);
#2829=EDGE_CURVE('',#3850,#3851,#4538,.T.);
#2830=EDGE_CURVE('',#3852,#3851,#4539,.T.);
#2831=EDGE_CURVE('',#3849,#3852,#4540,.T.);
#2832=EDGE_CURVE('',#3853,#3851,#4541,.T.);
#2833=EDGE_CURVE('',#3854,#3853,#4542,.T.);
#2834=EDGE_CURVE('',#3854,#3852,#4543,.T.);
#2835=EDGE_CURVE('',#3855,#3856,#4544,.T.);
#2836=EDGE_CURVE('',#3855,#3857,#384,.T.);
#2837=EDGE_CURVE('',#3857,#3858,#4545,.T.);
#2838=EDGE_CURVE('',#3856,#3858,#385,.T.);
#2839=EDGE_CURVE('',#3848,#3857,#4546,.T.);
#2840=EDGE_CURVE('',#3849,#3855,#4547,.T.);
#2841=EDGE_CURVE('',#3854,#3847,#4548,.T.);
#2842=EDGE_CURVE('',#3859,#3860,#4549,.T.);
#2843=EDGE_CURVE('',#3860,#3861,#386,.T.);
#2844=EDGE_CURVE('',#3861,#3862,#4550,.T.);
#2845=EDGE_CURVE('',#3859,#3862,#387,.T.);
#2846=EDGE_CURVE('',#3863,#3864,#4551,.T.);
#2847=EDGE_CURVE('',#3863,#3865,#388,.T.);
#2848=EDGE_CURVE('',#3865,#3866,#4552,.T.);
#2849=EDGE_CURVE('',#3864,#3866,#389,.T.);
#2850=EDGE_CURVE('',#3867,#3863,#4553,.T.);
#2851=EDGE_CURVE('',#3868,#3864,#4554,.T.);
#2852=EDGE_CURVE('',#3867,#3868,#4555,.T.);
#2853=EDGE_CURVE('',#3869,#3860,#4556,.T.);
#2854=EDGE_CURVE('',#3869,#3870,#4557,.T.);
#2855=EDGE_CURVE('',#3868,#3870,#4558,.T.);
#2856=EDGE_CURVE('',#3861,#3866,#4559,.T.);
#2857=EDGE_CURVE('',#3871,#3870,#4560,.T.);
#2858=EDGE_CURVE('',#3867,#3871,#4561,.T.);
#2859=EDGE_CURVE('',#3872,#3873,#4562,.T.);
#2860=EDGE_CURVE('',#3873,#3874,#390,.T.);
#2861=EDGE_CURVE('',#3874,#3875,#4563,.T.);
#2862=EDGE_CURVE('',#3872,#3875,#391,.T.);
#2863=EDGE_CURVE('',#3875,#3865,#4564,.T.);
#2864=EDGE_CURVE('',#3876,#3871,#4565,.T.);
#2865=EDGE_CURVE('',#3876,#3872,#4566,.T.);
#2866=EDGE_CURVE('',#3869,#3876,#4567,.T.);
#2867=EDGE_CURVE('',#3877,#3878,#4568,.T.);
#2868=EDGE_CURVE('',#3879,#3877,#4569,.T.);
#2869=EDGE_CURVE('',#3880,#3879,#4570,.T.);
#2870=EDGE_CURVE('',#3880,#3878,#4571,.T.);
#2871=EDGE_CURVE('',#3881,#3882,#4572,.T.);
#2872=EDGE_CURVE('',#3881,#3883,#4573,.T.);
#2873=EDGE_CURVE('',#3883,#3884,#4574,.T.);
#2874=EDGE_CURVE('',#3882,#3884,#4575,.T.);
#2875=EDGE_CURVE('',#3885,#3886,#4576,.T.);
#2876=EDGE_CURVE('',#3886,#3887,#4577,.T.);
#2877=EDGE_CURVE('',#3888,#3887,#4578,.T.);
#2878=EDGE_CURVE('',#3885,#3888,#4579,.T.);
#2879=EDGE_CURVE('',#3889,#3859,#4580,.T.);
#2880=EDGE_CURVE('',#3869,#3889,#4581,.T.);
#2881=EDGE_CURVE('',#3862,#3890,#4582,.T.);
#2882=EDGE_CURVE('',#3891,#3890,#392,.T.);
#2883=EDGE_CURVE('',#3885,#3891,#4583,.T.);
#2884=EDGE_CURVE('',#3889,#3888,#4584,.T.);
#2885=EDGE_CURVE('',#3891,#3892,#4585,.T.);
#2886=EDGE_CURVE('',#3892,#3886,#4586,.T.);
#2887=EDGE_CURVE('',#3890,#3893,#4587,.T.);
#2888=EDGE_CURVE('',#3892,#3893,#393,.T.);
#2889=EDGE_CURVE('',#3894,#3895,#4588,.T.);
#2890=EDGE_CURVE('',#3887,#3894,#4589,.T.);
#2891=EDGE_CURVE('',#3896,#3893,#4590,.T.);
#2892=EDGE_CURVE('',#3895,#3896,#394,.T.);
#2893=EDGE_CURVE('',#3894,#3889,#4591,.T.);
#2894=EDGE_CURVE('',#3897,#3898,#4592,.T.);
#2895=EDGE_CURVE('',#3899,#3897,#4593,.T.);
#2896=EDGE_CURVE('',#3900,#3899,#4594,.T.);
#2897=EDGE_CURVE('',#3900,#3898,#4595,.T.);
#2898=EDGE_CURVE('',#3901,#3902,#4596,.T.);
#2899=EDGE_CURVE('',#3898,#3901,#4597,.T.);
#2900=EDGE_CURVE('',#3902,#3900,#4598,.T.);
#2901=EDGE_CURVE('',#3903,#3904,#4599,.T.);
#2902=EDGE_CURVE('',#3903,#3905,#395,.T.);
#2903=EDGE_CURVE('',#3905,#3906,#4600,.T.);
#2904=EDGE_CURVE('',#3904,#3906,#396,.T.);
#2905=EDGE_CURVE('',#3903,#3902,#4601,.T.);
#2906=EDGE_CURVE('',#3901,#3904,#4602,.T.);
#2907=EDGE_CURVE('',#3873,#3897,#4603,.T.);
#2908=EDGE_CURVE('',#3906,#3874,#4604,.T.);
#2909=EDGE_CURVE('',#3897,#3876,#4605,.T.);
#2910=EDGE_CURVE('',#3907,#3908,#4606,.T.);
#2911=EDGE_CURVE('',#3907,#3909,#4607,.T.);
#2912=EDGE_CURVE('',#3909,#3910,#4608,.T.);
#2913=EDGE_CURVE('',#3908,#3910,#4609,.T.);
#2914=EDGE_CURVE('',#3909,#3911,#4610,.T.);
#2915=EDGE_CURVE('',#3909,#3881,#4611,.T.);
#2916=EDGE_CURVE('',#3881,#3912,#4612,.T.);
#2917=EDGE_CURVE('',#3912,#3911,#4613,.T.);
#2918=EDGE_CURVE('',#3913,#3914,#4614,.T.);
#2919=EDGE_CURVE('',#3914,#3882,#4615,.T.);
#2920=EDGE_CURVE('',#3913,#3884,#4616,.T.);
#2921=EDGE_CURVE('',#3915,#3916,#397,.T.);
#2922=EDGE_CURVE('',#3917,#3916,#4617,.T.);
#2923=EDGE_CURVE('',#3918,#3917,#398,.T.);
#2924=EDGE_CURVE('',#3913,#3918,#4618,.T.);
#2925=EDGE_CURVE('',#3915,#3883,#4619,.T.);
#2926=EDGE_CURVE('',#3918,#3919,#4620,.T.);
#2927=EDGE_CURVE('',#3914,#3919,#4621,.T.);
#2928=EDGE_CURVE('',#3919,#3920,#399,.T.);
#2929=EDGE_CURVE('',#3920,#3921,#4622,.T.);
#2930=EDGE_CURVE('',#3912,#3921,#400,.T.);
#2931=EDGE_CURVE('',#3911,#3922,#401,.T.);
#2932=EDGE_CURVE('',#3921,#3922,#4623,.T.);
#2933=EDGE_CURVE('',#3923,#3924,#4624,.T.);
#2934=EDGE_CURVE('',#3923,#3925,#402,.T.);
#2935=EDGE_CURVE('',#3925,#3926,#4625,.T.);
#2936=EDGE_CURVE('',#3924,#3926,#403,.T.);
#2937=EDGE_CURVE('',#3899,#3924,#4626,.T.);
#2938=EDGE_CURVE('',#3907,#3899,#4627,.T.);
#2939=EDGE_CURVE('',#3923,#3907,#4628,.T.);
#2940=EDGE_CURVE('',#3927,#3928,#4629,.T.);
#2941=EDGE_CURVE('',#3927,#3929,#404,.T.);
#2942=EDGE_CURVE('',#3929,#3930,#4630,.T.);
#2943=EDGE_CURVE('',#3928,#3930,#405,.T.);
#2944=EDGE_CURVE('',#3908,#3931,#4631,.T.);
#2945=EDGE_CURVE('',#3931,#3928,#4632,.T.);
#2946=EDGE_CURVE('',#3930,#3925,#4633,.T.);
#2947=EDGE_CURVE('',#3932,#3927,#4634,.T.);
#2948=EDGE_CURVE('',#3931,#3932,#4635,.T.);
#2949=EDGE_CURVE('',#3910,#3932,#4636,.T.);
#2950=EDGE_CURVE('',#3929,#3922,#4637,.T.);
#2951=EDGE_CURVE('',#3933,#3934,#406,.T.);
#2952=EDGE_CURVE('',#3933,#3935,#407,.T.);
#2953=EDGE_CURVE('',#3936,#3935,#408,.T.);
#2954=EDGE_CURVE('',#3934,#3936,#409,.T.);
#2955=EDGE_CURVE('',#3766,#3764,#4638,.T.);
#2956=EDGE_CURVE('',#3935,#3937,#4639,.T.);
#2957=EDGE_CURVE('',#3937,#3938,#410,.T.);
#2958=EDGE_CURVE('',#3936,#3938,#4640,.T.);
#2959=EDGE_CURVE('',#3939,#3940,#4641,.T.);
#2960=EDGE_CURVE('',#3940,#3941,#4642,.T.);
#2961=EDGE_CURVE('',#3942,#3941,#4643,.T.);
#2962=EDGE_CURVE('',#3939,#3942,#4644,.T.);
#2963=EDGE_CURVE('',#3943,#3942,#44,.T.);
#2964=EDGE_CURVE('',#3944,#3943,#4645,.T.);
#2965=EDGE_CURVE('',#3944,#3939,#45,.T.);
#2966=EDGE_CURVE('',#3945,#3946,#4646,.T.);
#2967=EDGE_CURVE('',#3946,#3947,#4647,.T.);
#2968=EDGE_CURVE('',#3947,#3948,#4648,.T.);
#2969=EDGE_CURVE('',#3948,#3945,#4649,.T.);
#2970=EDGE_CURVE('',#3946,#3949,#4650,.T.);
#2971=EDGE_CURVE('',#3950,#3949,#4651,.T.);
#2972=EDGE_CURVE('',#3950,#3947,#4652,.T.);
#2973=EDGE_CURVE('',#3951,#3952,#4653,.T.);
#2974=EDGE_CURVE('',#3948,#3951,#4654,.T.);
#2975=EDGE_CURVE('',#3953,#3950,#4655,.T.);
#2976=EDGE_CURVE('',#3952,#3953,#4656,.T.);
#2977=EDGE_CURVE('',#3954,#3955,#411,.T.);
#2978=EDGE_CURVE('',#3954,#3956,#4657,.T.);
#2979=EDGE_CURVE('',#3957,#3956,#412,.T.);
#2980=EDGE_CURVE('',#3955,#3957,#4658,.T.);
#2981=EDGE_CURVE('',#3944,#3949,#4659,.T.);
#2982=EDGE_CURVE('',#3945,#3958,#4660,.T.);
#2983=EDGE_CURVE('',#3958,#3939,#4661,.T.);
#2984=EDGE_CURVE('',#3958,#3959,#413,.T.);
#2985=EDGE_CURVE('',#3959,#3960,#4662,.T.);
#2986=EDGE_CURVE('',#3960,#3940,#4663,.T.);
#2987=EDGE_CURVE('',#3958,#3961,#4664,.T.);
#2988=EDGE_CURVE('',#3961,#3962,#414,.T.);
#2989=EDGE_CURVE('',#3962,#3959,#4665,.T.);
#2990=EDGE_CURVE('',#3963,#3964,#4666,.T.);
#2991=EDGE_CURVE('',#3951,#3963,#4667,.T.);
#2992=EDGE_CURVE('',#3964,#3952,#4668,.T.);
#2993=EDGE_CURVE('',#3965,#3963,#4669,.T.);
#2994=EDGE_CURVE('',#3965,#3966,#4670,.T.);
#2995=EDGE_CURVE('',#3966,#3961,#4671,.T.);
#2996=EDGE_CURVE('',#3957,#3953,#4672,.T.);
#2997=EDGE_CURVE('',#3956,#3967,#4673,.T.);
#2998=EDGE_CURVE('',#3967,#3968,#4674,.T.);
#2999=EDGE_CURVE('',#3938,#3968,#4675,.T.);
#3000=EDGE_CURVE('',#3937,#3969,#4676,.T.);
#3001=EDGE_CURVE('',#3964,#3969,#4677,.T.);
#3002=EDGE_CURVE('',#3967,#3970,#4678,.T.);
#3003=EDGE_CURVE('',#3970,#3971,#4679,.T.);
#3004=EDGE_CURVE('',#3968,#3971,#4680,.T.);
#3005=EDGE_CURVE('',#3972,#3973,#4681,.T.);
#3006=EDGE_CURVE('',#3974,#3972,#4682,.T.);
#3007=EDGE_CURVE('',#3975,#3974,#4683,.T.);
#3008=EDGE_CURVE('',#3973,#3975,#4684,.T.);
#3009=EDGE_CURVE('',#3976,#3977,#4685,.T.);
#3010=EDGE_CURVE('',#3978,#3976,#4686,.T.);
#3011=EDGE_CURVE('',#3978,#3979,#4687,.T.);
#3012=EDGE_CURVE('',#3980,#3979,#4688,.T.);
#3013=EDGE_CURVE('',#3977,#3980,#4689,.T.);
#3014=EDGE_CURVE('',#3976,#3981,#4690,.T.);
#3015=EDGE_CURVE('',#3978,#3981,#415,.T.);
#3016=EDGE_CURVE('',#3977,#3982,#4691,.T.);
#3017=EDGE_CURVE('',#3982,#3983,#4692,.T.);
#3018=EDGE_CURVE('',#3981,#3983,#4693,.T.);
#3019=EDGE_CURVE('',#3984,#3985,#4694,.T.);
#3020=EDGE_CURVE('',#3985,#3986,#4695,.T.);
#3021=EDGE_CURVE('',#3984,#3986,#46,.T.);
#3022=EDGE_CURVE('',#3986,#3973,#416,.T.);
#3023=EDGE_CURVE('',#3978,#3975,#417,.T.);
#3024=EDGE_CURVE('',#3984,#3981,#4696,.T.);
#3025=EDGE_CURVE('',#3986,#3987,#4697,.T.);
#3026=EDGE_CURVE('',#3972,#3987,#4698,.T.);
#3027=EDGE_CURVE('',#3988,#3989,#4699,.T.);
#3028=EDGE_CURVE('',#3990,#3989,#4700,.T.);
#3029=EDGE_CURVE('',#3990,#3991,#4701,.T.);
#3030=EDGE_CURVE('',#3991,#3988,#4702,.T.);
#3031=EDGE_CURVE('',#3992,#3980,#4703,.T.);
#3032=EDGE_CURVE('',#3982,#3992,#4704,.T.);
#3033=EDGE_CURVE('',#3993,#3994,#4705,.T.);
#3034=EDGE_CURVE('',#3995,#3993,#4706,.T.);
#3035=EDGE_CURVE('',#3988,#3995,#4707,.T.);
#3036=EDGE_CURVE('',#3991,#3992,#4708,.T.);
#3037=EDGE_CURVE('',#3974,#3979,#4709,.T.);
#3038=EDGE_CURVE('',#3996,#3987,#4710,.T.);
#3039=EDGE_CURVE('',#3996,#3970,#4711,.T.);
#3040=EDGE_CURVE('',#3994,#3954,#418,.T.);
#3041=EDGE_CURVE('',#3997,#3983,#4712,.T.);
#3042=EDGE_CURVE('',#3990,#3998,#4713,.T.);
#3043=EDGE_CURVE('',#3999,#3998,#4714,.T.);
#3044=EDGE_CURVE('',#3999,#3997,#4715,.T.);
#3045=EDGE_CURVE('',#3998,#4000,#4716,.T.);
#3046=EDGE_CURVE('',#4001,#4000,#4717,.T.);
#3047=EDGE_CURVE('',#4001,#3999,#4718,.T.);
#3048=EDGE_CURVE('',#4002,#4001,#4719,.T.);
#3049=EDGE_CURVE('',#4002,#4003,#4720,.T.);
#3050=EDGE_CURVE('',#4003,#3997,#4721,.T.);
#3051=EDGE_CURVE('',#4004,#4003,#419,.T.);
#3052=EDGE_CURVE('',#4004,#4002,#4722,.T.);
#3053=EDGE_CURVE('',#4004,#4005,#420,.T.);
#3054=EDGE_CURVE('',#4006,#4005,#4723,.T.);
#3055=EDGE_CURVE('',#4007,#4006,#421,.T.);
#3056=EDGE_CURVE('',#4008,#4007,#47,.F.);
#3057=EDGE_CURVE('',#4003,#4008,#4724,.T.);
#3058=EDGE_CURVE('',#4009,#4006,#4725,.T.);
#3059=EDGE_CURVE('',#4005,#4010,#4726,.T.);
#3060=EDGE_CURVE('',#4010,#4009,#4727,.T.);
#3061=EDGE_CURVE('',#4009,#4011,#4728,.T.);
#3062=EDGE_CURVE('',#4011,#4007,#4729,.T.);
#3063=EDGE_CURVE('',#4008,#4012,#4730,.T.);
#3064=EDGE_CURVE('',#4012,#4013,#4731,.T.);
#3065=EDGE_CURVE('',#4013,#4008,#4732,.T.);
#3066=EDGE_CURVE('',#4013,#4014,#4733,.T.);
#3067=EDGE_CURVE('',#4012,#4007,#4734,.T.);
#3068=EDGE_CURVE('',#4014,#4011,#4735,.T.);
#3069=EDGE_CURVE('',#4010,#4015,#4736,.T.);
#3070=EDGE_CURVE('',#4015,#4004,#4737,.T.);
#3071=EDGE_CURVE('',#4000,#4015,#4738,.T.);
#3072=EDGE_CURVE('',#4014,#3971,#4739,.T.);
#3073=EDGE_CURVE('',#4016,#3996,#4740,.T.);
#3074=EDGE_CURVE('',#4016,#3984,#4741,.T.);
#3075=EDGE_CURVE('',#3985,#4016,#4742,.T.);
#3076=EDGE_CURVE('',#4017,#3994,#422,.T.);
#3077=EDGE_CURVE('',#4017,#3955,#423,.T.);
#3078=EDGE_CURVE('',#4018,#4017,#20,.T.);
#3079=EDGE_CURVE('',#4018,#3994,#21,.F.);
#3080=EDGE_CURVE('',#4019,#3933,#22,.T.);
#3081=EDGE_CURVE('',#4018,#4019,#4743,.T.);
#3082=EDGE_CURVE('',#3935,#3955,#4744,.T.);
#3083=EDGE_CURVE('',#4020,#4019,#4745,.T.);
#3084=EDGE_CURVE('',#4021,#4020,#4746,.T.);
#3085=EDGE_CURVE('',#4021,#4018,#4747,.T.);
#3086=EDGE_CURVE('',#3969,#4022,#4748,.T.);
#3087=EDGE_CURVE('',#3943,#4023,#4749,.T.);
#3088=EDGE_CURVE('',#4022,#4023,#4750,.T.);
#3089=EDGE_CURVE('',#4022,#4024,#4751,.T.);
#3090=EDGE_CURVE('',#4024,#3965,#4752,.T.);
#3091=EDGE_CURVE('',#4024,#4025,#4753,.T.);
#3092=EDGE_CURVE('',#3966,#4025,#4754,.T.);
#3093=EDGE_CURVE('',#4025,#4023,#4755,.T.);
#3094=EDGE_CURVE('',#3961,#3942,#4756,.T.);
#3095=EDGE_CURVE('',#3941,#4026,#4757,.T.);
#3096=EDGE_CURVE('',#4026,#3962,#4758,.T.);
#3097=EDGE_CURVE('',#4026,#3960,#4759,.T.);
#3098=EDGE_CURVE('',#4019,#3934,#23,.T.);
#3099=EDGE_CURVE('',#4027,#4028,#24,.T.);
#3100=EDGE_CURVE('',#4027,#4029,#4760,.T.);
#3101=EDGE_CURVE('',#4020,#4029,#424,.T.);
#3102=EDGE_CURVE('',#4028,#3934,#4761,.T.);
#3103=EDGE_CURVE('',#4028,#4030,#4762,.T.);
#3104=EDGE_CURVE('',#4027,#4030,#425,.T.);
#3105=EDGE_CURVE('',#3850,#3856,#4763,.T.);
#3106=EDGE_CURVE('',#4031,#4032,#4764,.T.);
#3107=EDGE_CURVE('',#4033,#4032,#4765,.T.);
#3108=EDGE_CURVE('',#4033,#4034,#4766,.T.);
#3109=EDGE_CURVE('',#4034,#4031,#4767,.T.);
#3110=EDGE_CURVE('',#4035,#4029,#25,.T.);
#3111=EDGE_CURVE('',#4020,#4035,#426,.T.);
#3112=EDGE_CURVE('',#3785,#3791,#4768,.T.);
#3113=EDGE_CURVE('',#3846,#3797,#4769,.T.);
#3114=EDGE_CURVE('',#3797,#3844,#4770,.T.);
#3115=EDGE_CURVE('',#4036,#4037,#26,.F.);
#3116=EDGE_CURVE('',#4037,#4038,#4771,.T.);
#3117=EDGE_CURVE('',#4039,#4038,#27,.F.);
#3118=EDGE_CURVE('',#4039,#4036,#4772,.T.);
#3119=EDGE_CURVE('',#4040,#4038,#427,.T.);
#3120=EDGE_CURVE('',#4041,#4037,#428,.T.);
#3121=EDGE_CURVE('',#4042,#4041,#4773,.T.);
#3122=EDGE_CURVE('',#4042,#4043,#4774,.T.);
#3123=EDGE_CURVE('',#4040,#4043,#4775,.T.);
#3124=EDGE_CURVE('',#4040,#4044,#4776,.T.);
#3125=EDGE_CURVE('',#4044,#4045,#429,.T.);
#3126=EDGE_CURVE('',#4046,#4045,#28,.F.);
#3127=EDGE_CURVE('',#4039,#4046,#4777,.T.);
#3128=EDGE_CURVE('',#4047,#4045,#4778,.T.);
#3129=EDGE_CURVE('',#4044,#4048,#4779,.T.);
#3130=EDGE_CURVE('',#4048,#4049,#4780,.T.);
#3131=EDGE_CURVE('',#4049,#4050,#4781,.T.);
#3132=EDGE_CURVE('',#4050,#4047,#430,.T.);
#3133=EDGE_CURVE('',#4051,#4048,#431,.T.);
#3134=EDGE_CURVE('',#4051,#4035,#29,.T.);
#3135=EDGE_CURVE('',#4052,#4030,#4782,.T.);
#3136=EDGE_CURVE('',#4053,#4052,#432,.T.);
#3137=EDGE_CURVE('',#4053,#4054,#4783,.T.);
#3138=EDGE_CURVE('',#4055,#4054,#30,.T.);
#3139=EDGE_CURVE('',#4056,#4055,#31,.T.);
#3140=EDGE_CURVE('',#4049,#4056,#433,.T.);
#3141=EDGE_CURVE('',#3798,#3822,#4784,.T.);
#3142=EDGE_CURVE('',#4030,#4057,#4785,.T.);
#3143=EDGE_CURVE('',#4058,#4028,#4786,.T.);
#3144=EDGE_CURVE('',#4057,#4058,#4787,.T.);
#3145=EDGE_CURVE('',#4059,#4060,#32,.T.);
#3146=EDGE_CURVE('',#4021,#4060,#434,.T.);
#3147=EDGE_CURVE('',#4021,#4059,#435,.T.);
#3148=EDGE_CURVE('',#4061,#4059,#33,.T.);
#3149=EDGE_CURVE('',#4061,#4051,#4788,.T.);
#3150=EDGE_CURVE('',#4043,#4061,#436,.T.);
#3151=EDGE_CURVE('',#4062,#4063,#4789,.T.);
#3152=EDGE_CURVE('',#4062,#4064,#4790,.T.);
#3153=EDGE_CURVE('',#4064,#4065,#4791,.T.);
#3154=EDGE_CURVE('',#4063,#4065,#4792,.T.);
#3155=EDGE_CURVE('',#4066,#4060,#4793,.T.);
#3156=EDGE_CURVE('',#4066,#3993,#34,.T.);
#3157=EDGE_CURVE('',#4066,#4067,#437,.T.);
#3158=EDGE_CURVE('',#3993,#4067,#4794,.T.);
#3159=EDGE_CURVE('',#4068,#4069,#4795,.T.);
#3160=EDGE_CURVE('',#4070,#4068,#4796,.T.);
#3161=EDGE_CURVE('',#4070,#4071,#4797,.T.);
#3162=EDGE_CURVE('',#4069,#4071,#4798,.T.);
#3163=EDGE_CURVE('',#4072,#4073,#4799,.T.);
#3164=EDGE_CURVE('',#4074,#4072,#4800,.T.);
#3165=EDGE_CURVE('',#4074,#4075,#4801,.T.);
#3166=EDGE_CURVE('',#4073,#4075,#4802,.T.);
#3167=EDGE_CURVE('',#4076,#4077,#4803,.T.);
#3168=EDGE_CURVE('',#4077,#4078,#438,.T.);
#3169=EDGE_CURVE('',#4078,#4079,#4804,.T.);
#3170=EDGE_CURVE('',#4076,#4079,#439,.T.);
#3171=EDGE_CURVE('',#4080,#4081,#4805,.T.);
#3172=EDGE_CURVE('',#4081,#4082,#4806,.T.);
#3173=EDGE_CURVE('',#4083,#4082,#4807,.T.);
#3174=EDGE_CURVE('',#4080,#4083,#4808,.T.);
#3175=EDGE_CURVE('',#4084,#4077,#4809,.T.);
#3176=EDGE_CURVE('',#4084,#4085,#4810,.T.);
#3177=EDGE_CURVE('',#4083,#4085,#4811,.T.);
#3178=EDGE_CURVE('',#4082,#4086,#440,.T.);
#3179=EDGE_CURVE('',#4078,#4086,#4812,.T.);
#3180=EDGE_CURVE('',#4087,#4085,#4813,.T.);
#3181=EDGE_CURVE('',#4080,#4087,#4814,.T.);
#3182=EDGE_CURVE('',#4081,#4088,#441,.T.);
#3183=EDGE_CURVE('',#4088,#4086,#4815,.T.);
#3184=EDGE_CURVE('',#4089,#4090,#4816,.T.);
#3185=EDGE_CURVE('',#4090,#4091,#4817,.T.);
#3186=EDGE_CURVE('',#4092,#4091,#4818,.T.);
#3187=EDGE_CURVE('',#4089,#4092,#4819,.T.);
#3188=EDGE_CURVE('',#4074,#4093,#4820,.T.);
#3189=EDGE_CURVE('',#4092,#4093,#4821,.T.);
#3190=EDGE_CURVE('',#4091,#4094,#442,.T.);
#3191=EDGE_CURVE('',#4095,#4094,#4822,.T.);
#3192=EDGE_CURVE('',#4075,#4095,#443,.T.);
#3193=EDGE_CURVE('',#4096,#4093,#4823,.T.);
#3194=EDGE_CURVE('',#4089,#4096,#4824,.T.);
#3195=EDGE_CURVE('',#4071,#4097,#444,.T.);
#3196=EDGE_CURVE('',#4097,#4098,#4825,.T.);
#3197=EDGE_CURVE('',#4069,#4098,#445,.T.);
#3198=EDGE_CURVE('',#4099,#4100,#4826,.T.);
#3199=EDGE_CURVE('',#4100,#4101,#4827,.T.);
#3200=EDGE_CURVE('',#4102,#4101,#4828,.T.);
#3201=EDGE_CURVE('',#4099,#4102,#4829,.T.);
#3202=EDGE_CURVE('',#4070,#4103,#4830,.T.);
#3203=EDGE_CURVE('',#4102,#4103,#4831,.T.);
#3204=EDGE_CURVE('',#4101,#4104,#446,.T.);
#3205=EDGE_CURVE('',#4097,#4104,#4832,.T.);
#3206=EDGE_CURVE('',#4105,#4103,#4833,.T.);
#3207=EDGE_CURVE('',#4099,#4105,#4834,.T.);
#3208=EDGE_CURVE('',#4100,#4106,#447,.T.);
#3209=EDGE_CURVE('',#4106,#4104,#4835,.T.);
#3210=EDGE_CURVE('',#4107,#4108,#448,.T.);
#3211=EDGE_CURVE('',#4108,#4106,#4836,.T.);
#3212=EDGE_CURVE('',#4109,#4105,#4837,.T.);
#3213=EDGE_CURVE('',#4109,#4107,#4838,.T.);
#3214=EDGE_CURVE('',#4070,#4109,#4839,.T.);
#3215=EDGE_CURVE('',#4090,#4110,#449,.T.);
#3216=EDGE_CURVE('',#4110,#4094,#4840,.T.);
#3217=EDGE_CURVE('',#4098,#4110,#4841,.T.);
#3218=EDGE_CURVE('',#4068,#4096,#4842,.T.);
#3219=EDGE_CURVE('',#4074,#4068,#4843,.T.);
#3220=EDGE_CURVE('',#4095,#4111,#4844,.T.);
#3221=EDGE_CURVE('',#4073,#4111,#450,.T.);
#3222=EDGE_CURVE('',#4111,#4088,#4845,.T.);
#3223=EDGE_CURVE('',#4072,#4087,#4846,.T.);
#3224=EDGE_CURVE('',#4084,#4072,#4847,.T.);
#3225=EDGE_CURVE('',#4112,#4113,#4848,.T.);
#3226=EDGE_CURVE('',#4114,#4112,#4849,.T.);
#3227=EDGE_CURVE('',#4114,#4115,#4850,.T.);
#3228=EDGE_CURVE('',#4113,#4115,#4851,.T.);
#3229=EDGE_CURVE('',#4116,#4117,#4852,.T.);
#3230=EDGE_CURVE('',#4118,#4116,#4853,.T.);
#3231=EDGE_CURVE('',#4118,#4119,#4854,.T.);
#3232=EDGE_CURVE('',#4117,#4119,#4855,.T.);
#3233=EDGE_CURVE('',#4120,#4121,#4856,.T.);
#3234=EDGE_CURVE('',#4122,#4120,#4857,.T.);
#3235=EDGE_CURVE('',#4122,#4123,#4858,.T.);
#3236=EDGE_CURVE('',#4121,#4123,#4859,.T.);
#3237=EDGE_CURVE('',#4124,#4125,#4860,.T.);
#3238=EDGE_CURVE('',#4124,#4126,#451,.T.);
#3239=EDGE_CURVE('',#4126,#4127,#4861,.T.);
#3240=EDGE_CURVE('',#4125,#4127,#452,.T.);
#3241=EDGE_CURVE('',#4124,#4128,#4862,.T.);
#3242=EDGE_CURVE('',#4125,#4129,#4863,.T.);
#3243=EDGE_CURVE('',#4129,#4128,#4864,.T.);
#3244=EDGE_CURVE('',#4129,#4130,#4865,.T.);
#3245=EDGE_CURVE('',#4130,#4131,#4866,.T.);
#3246=EDGE_CURVE('',#4128,#4131,#4867,.T.);
#3247=EDGE_CURVE('',#4130,#4132,#4868,.T.);
#3248=EDGE_CURVE('',#4132,#4120,#4869,.T.);
#3249=EDGE_CURVE('',#4131,#4120,#4870,.T.);
#3250=EDGE_CURVE('',#3879,#4133,#4871,.T.);
#3251=EDGE_CURVE('',#4134,#4133,#4872,.T.);
#3252=EDGE_CURVE('',#3880,#4134,#4873,.T.);
#3253=EDGE_CURVE('',#4135,#4134,#4874,.T.);
#3254=EDGE_CURVE('',#4134,#4132,#4875,.T.);
#3255=EDGE_CURVE('',#4132,#4136,#4876,.T.);
#3256=EDGE_CURVE('',#4136,#4135,#4877,.T.);
#3257=EDGE_CURVE('',#4136,#4137,#453,.T.);
#3258=EDGE_CURVE('',#4137,#4138,#4878,.T.);
#3259=EDGE_CURVE('',#4135,#4138,#454,.T.);
#3260=EDGE_CURVE('',#4139,#4138,#4879,.T.);
#3261=EDGE_CURVE('',#4140,#4139,#455,.T.);
#3262=EDGE_CURVE('',#3878,#4140,#4880,.T.);
#3263=EDGE_CURVE('',#4140,#4141,#4881,.T.);
#3264=EDGE_CURVE('',#4141,#3877,#4882,.T.);
#3265=EDGE_CURVE('',#4139,#4142,#4883,.T.);
#3266=EDGE_CURVE('',#4141,#4142,#456,.T.);
#3267=EDGE_CURVE('',#4137,#4127,#4884,.T.);
#3268=EDGE_CURVE('',#4143,#4144,#4885,.T.);
#3269=EDGE_CURVE('',#4144,#4145,#4886,.T.);
#3270=EDGE_CURVE('',#4146,#4145,#4887,.T.);
#3271=EDGE_CURVE('',#4143,#4146,#4888,.T.);
#3272=EDGE_CURVE('',#4122,#4147,#4889,.T.);
#3273=EDGE_CURVE('',#4146,#4147,#4890,.T.);
#3274=EDGE_CURVE('',#4145,#4148,#457,.T.);
#3275=EDGE_CURVE('',#4149,#4148,#4891,.T.);
#3276=EDGE_CURVE('',#4123,#4149,#458,.T.);
#3277=EDGE_CURVE('',#4150,#4147,#4892,.T.);
#3278=EDGE_CURVE('',#4143,#4150,#4893,.T.);
#3279=EDGE_CURVE('',#4119,#4151,#459,.T.);
#3280=EDGE_CURVE('',#4151,#4152,#4894,.T.);
#3281=EDGE_CURVE('',#4117,#4152,#460,.T.);
#3282=EDGE_CURVE('',#4153,#4154,#4895,.T.);
#3283=EDGE_CURVE('',#4154,#4155,#4896,.T.);
#3284=EDGE_CURVE('',#4156,#4155,#4897,.T.);
#3285=EDGE_CURVE('',#4153,#4156,#4898,.T.);
#3286=EDGE_CURVE('',#4118,#4157,#4899,.T.);
#3287=EDGE_CURVE('',#4156,#4157,#4900,.T.);
#3288=EDGE_CURVE('',#4155,#4158,#461,.T.);
#3289=EDGE_CURVE('',#4151,#4158,#4901,.T.);
#3290=EDGE_CURVE('',#4159,#4157,#4902,.T.);
#3291=EDGE_CURVE('',#4153,#4159,#4903,.T.);
#3292=EDGE_CURVE('',#4154,#4160,#462,.T.);
#3293=EDGE_CURVE('',#4160,#4158,#4904,.T.);
#3294=EDGE_CURVE('',#4161,#4162,#4905,.T.);
#3295=EDGE_CURVE('',#4161,#4163,#463,.T.);
#3296=EDGE_CURVE('',#4163,#4164,#4906,.T.);
#3297=EDGE_CURVE('',#4162,#4164,#464,.T.);
#3298=EDGE_CURVE('',#4114,#4165,#4907,.T.);
#3299=EDGE_CURVE('',#4166,#4165,#4908,.T.);
#3300=EDGE_CURVE('',#4166,#4162,#4909,.T.);
#3301=EDGE_CURVE('',#4167,#4164,#4910,.T.);
#3302=EDGE_CURVE('',#4115,#4167,#465,.T.);
#3303=EDGE_CURVE('',#4168,#4161,#4911,.T.);
#3304=EDGE_CURVE('',#4168,#4166,#4912,.T.);
#3305=EDGE_CURVE('',#4113,#4169,#466,.T.);
#3306=EDGE_CURVE('',#4167,#4169,#4913,.T.);
#3307=EDGE_CURVE('',#4169,#4160,#4914,.T.);
#3308=EDGE_CURVE('',#4112,#4159,#4915,.T.);
#3309=EDGE_CURVE('',#4118,#4112,#4916,.T.);
#3310=EDGE_CURVE('',#4144,#4170,#467,.T.);
#3311=EDGE_CURVE('',#4170,#4148,#4917,.T.);
#3312=EDGE_CURVE('',#4152,#4170,#4918,.T.);
#3313=EDGE_CURVE('',#4116,#4150,#4919,.T.);
#3314=EDGE_CURVE('',#4122,#4116,#4920,.T.);
#3315=EDGE_CURVE('',#4149,#4171,#4921,.T.);
#3316=EDGE_CURVE('',#4121,#4171,#468,.T.);
#3317=EDGE_CURVE('',#4171,#4126,#4922,.T.);
#3318=EDGE_CURVE('',#4172,#4165,#4923,.T.);
#3319=EDGE_CURVE('',#4168,#4172,#4924,.T.);
#3320=EDGE_CURVE('',#4114,#4173,#4925,.T.);
#3321=EDGE_CURVE('',#4173,#4172,#4926,.T.);
#3322=EDGE_CURVE('',#4079,#4163,#4927,.T.);
#3323=EDGE_CURVE('',#4173,#4076,#4928,.T.);
#3324=EDGE_CURVE('',#4084,#4173,#4929,.T.);
#3325=EDGE_CURVE('',#4031,#4109,#4930,.T.);
#3326=EDGE_CURVE('',#4057,#4034,#4931,.T.);
#3327=EDGE_CURVE('',#4107,#4058,#4932,.T.);
#3328=EDGE_CURVE('',#4058,#4174,#469,.T.);
#3329=EDGE_CURVE('',#4174,#4108,#4933,.T.);
#3330=EDGE_CURVE('',#4175,#4174,#4934,.T.);
#3331=EDGE_CURVE('',#4058,#3995,#4935,.T.);
#3332=EDGE_CURVE('',#3995,#4175,#470,.T.);
#3333=EDGE_CURVE('',#4176,#4177,#4936,.T.);
#3334=EDGE_CURVE('',#4177,#4178,#4937,.T.);
#3335=EDGE_CURVE('',#4179,#4178,#4938,.T.);
#3336=EDGE_CURVE('',#4176,#4179,#4939,.T.);
#3337=EDGE_CURVE('',#4180,#4181,#4940,.T.);
#3338=EDGE_CURVE('',#4180,#4182,#4941,.T.);
#3339=EDGE_CURVE('',#4179,#4182,#4942,.T.);
#3340=EDGE_CURVE('',#4178,#4183,#471,.T.);
#3341=EDGE_CURVE('',#4184,#4183,#4943,.T.);
#3342=EDGE_CURVE('',#4181,#4184,#472,.T.);
#3343=EDGE_CURVE('',#4185,#4182,#4944,.T.);
#3344=EDGE_CURVE('',#4176,#4185,#4945,.T.);
#3345=EDGE_CURVE('',#4186,#4187,#473,.T.);
#3346=EDGE_CURVE('',#4186,#4188,#4946,.T.);
#3347=EDGE_CURVE('',#4188,#4189,#474,.T.);
#3348=EDGE_CURVE('',#4189,#4187,#4947,.T.);
#3349=EDGE_CURVE('',#4190,#4191,#4948,.T.);
#3350=EDGE_CURVE('',#4191,#4192,#4949,.T.);
#3351=EDGE_CURVE('',#4193,#4192,#4950,.T.);
#3352=EDGE_CURVE('',#4190,#4193,#4951,.T.);
#3353=EDGE_CURVE('',#4194,#4188,#4952,.T.);
#3354=EDGE_CURVE('',#4194,#4195,#4953,.T.);
#3355=EDGE_CURVE('',#4193,#4195,#4954,.T.);
#3356=EDGE_CURVE('',#4192,#4196,#475,.T.);
#3357=EDGE_CURVE('',#4189,#4196,#4955,.T.);
#3358=EDGE_CURVE('',#4197,#4195,#4956,.T.);
#3359=EDGE_CURVE('',#4190,#4197,#4957,.T.);
#3360=EDGE_CURVE('',#4198,#4199,#476,.T.);
#3361=EDGE_CURVE('',#4198,#4200,#4958,.T.);
#3362=EDGE_CURVE('',#4200,#4201,#477,.T.);
#3363=EDGE_CURVE('',#4201,#4199,#4959,.T.);
#3364=EDGE_CURVE('',#4191,#4202,#478,.T.);
#3365=EDGE_CURVE('',#4202,#4196,#4960,.T.);
#3366=EDGE_CURVE('',#4199,#4202,#4961,.T.);
#3367=EDGE_CURVE('',#4203,#4197,#4962,.T.);
#3368=EDGE_CURVE('',#4203,#4198,#4963,.T.);
#3369=EDGE_CURVE('',#4203,#4194,#4964,.T.);
#3370=EDGE_CURVE('',#4177,#4204,#479,.T.);
#3371=EDGE_CURVE('',#4204,#4183,#4965,.T.);
#3372=EDGE_CURVE('',#4187,#4204,#4966,.T.);
#3373=EDGE_CURVE('',#4205,#4185,#4967,.T.);
#3374=EDGE_CURVE('',#4205,#4186,#4968,.T.);
#3375=EDGE_CURVE('',#4205,#4180,#4969,.T.);
#3376=EDGE_CURVE('',#4184,#4175,#4970,.T.);
#3377=EDGE_CURVE('',#3995,#4181,#4971,.T.);
#3378=EDGE_CURVE('',#4206,#3995,#4972,.T.);
#3379=EDGE_CURVE('',#4206,#4207,#4973,.T.);
#3380=EDGE_CURVE('',#4207,#4208,#4974,.T.);
#3381=EDGE_CURVE('',#4208,#4180,#4975,.T.);
#3382=EDGE_CURVE('',#4067,#4206,#4976,.T.);
#3383=EDGE_CURVE('',#3989,#4058,#4977,.T.);
#3384=EDGE_CURVE('',#4209,#3816,#4978,.T.);
#3385=EDGE_CURVE('',#4210,#3816,#4979,.T.);
#3386=EDGE_CURVE('',#4211,#4210,#4980,.T.);
#3387=EDGE_CURVE('',#4211,#4209,#4981,.T.);
#3388=EDGE_CURVE('',#3883,#4133,#4982,.T.);
#3389=EDGE_CURVE('',#4133,#4212,#4983,.T.);
#3390=EDGE_CURVE('',#4212,#3915,#4984,.T.);
#3391=EDGE_CURVE('',#4213,#4142,#4985,.T.);
#3392=EDGE_CURVE('',#4212,#4213,#480,.T.);
#3393=EDGE_CURVE('',#4213,#3916,#4986,.T.);
#3394=EDGE_CURVE('',#3917,#3920,#4987,.T.);
#3395=EDGE_CURVE('',#3926,#3905,#4988,.T.);
#3396=EDGE_CURVE('',#3745,#4214,#481,.T.);
#3397=EDGE_CURVE('',#4214,#3759,#4989,.T.);
#3398=EDGE_CURVE('',#4215,#4216,#4990,.T.);
#3399=EDGE_CURVE('',#4216,#4217,#4991,.T.);
#3400=EDGE_CURVE('',#4218,#4217,#4992,.T.);
#3401=EDGE_CURVE('',#4215,#4218,#4993,.T.);
#3402=EDGE_CURVE('',#3744,#4219,#4994,.T.);
#3403=EDGE_CURVE('',#4218,#4219,#4995,.T.);
#3404=EDGE_CURVE('',#4217,#4220,#482,.T.);
#3405=EDGE_CURVE('',#4214,#4220,#4996,.T.);
#3406=EDGE_CURVE('',#4221,#4219,#4997,.T.);
#3407=EDGE_CURVE('',#4215,#4221,#4998,.T.);
#3408=EDGE_CURVE('',#4222,#4223,#4999,.T.);
#3409=EDGE_CURVE('',#4223,#4224,#5000,.T.);
#3410=EDGE_CURVE('',#4225,#4224,#5001,.T.);
#3411=EDGE_CURVE('',#4225,#4222,#5002,.T.);
#3412=EDGE_CURVE('',#4063,#4226,#483,.T.);
#3413=EDGE_CURVE('',#4065,#4227,#484,.T.);
#3414=EDGE_CURVE('',#4227,#4226,#5003,.T.);
#3415=EDGE_CURVE('',#4064,#4224,#5004,.T.);
#3416=EDGE_CURVE('',#4223,#4228,#5005,.T.);
#3417=EDGE_CURVE('',#4228,#4229,#485,.T.);
#3418=EDGE_CURVE('',#4227,#4229,#5006,.T.);
#3419=EDGE_CURVE('',#4222,#4230,#5007,.T.);
#3420=EDGE_CURVE('',#4230,#4228,#5008,.T.);
#3421=EDGE_CURVE('',#4231,#4064,#5009,.T.);
#3422=EDGE_CURVE('',#4231,#4225,#5010,.T.);
#3423=EDGE_CURVE('',#4232,#4231,#5011,.T.);
#3424=EDGE_CURVE('',#4232,#4233,#486,.T.);
#3425=EDGE_CURVE('',#4234,#4233,#5012,.T.);
#3426=EDGE_CURVE('',#4230,#4234,#487,.T.);
#3427=EDGE_CURVE('',#4234,#4229,#5013,.T.);
#3428=EDGE_CURVE('',#4216,#4235,#488,.T.);
#3429=EDGE_CURVE('',#4235,#4220,#5014,.T.);
#3430=EDGE_CURVE('',#4226,#4235,#5015,.T.);
#3431=EDGE_CURVE('',#4062,#4221,#5016,.T.);
#3432=EDGE_CURVE('',#4062,#3744,#5017,.T.);
#3433=EDGE_CURVE('',#4236,#4233,#5018,.T.);
#3434=EDGE_CURVE('',#4236,#4237,#5019,.T.);
#3435=EDGE_CURVE('',#4238,#4237,#5020,.T.);
#3436=EDGE_CURVE('',#4239,#4238,#5021,.T.);
#3437=EDGE_CURVE('',#4240,#4239,#5022,.T.);
#3438=EDGE_CURVE('',#4240,#4241,#5023,.T.);
#3439=EDGE_CURVE('',#4242,#4241,#5024,.T.);
#3440=EDGE_CURVE('',#4243,#4242,#5025,.T.);
#3441=EDGE_CURVE('',#4244,#4243,#5026,.T.);
#3442=EDGE_CURVE('',#4245,#4244,#5027,.T.);
#3443=EDGE_CURVE('',#4246,#4245,#5028,.T.);
#3444=EDGE_CURVE('',#4246,#4247,#5029,.T.);
#3445=EDGE_CURVE('',#4248,#4247,#5030,.T.);
#3446=EDGE_CURVE('',#4249,#4248,#5031,.T.);
#3447=EDGE_CURVE('',#4250,#4249,#5032,.T.);
#3448=EDGE_CURVE('',#4250,#4251,#5033,.T.);
#3449=EDGE_CURVE('',#4252,#4251,#5034,.T.);
#3450=EDGE_CURVE('',#4253,#4252,#5035,.T.);
#3451=EDGE_CURVE('',#3896,#4253,#5036,.T.);
#3452=EDGE_CURVE('',#4201,#3858,#5037,.T.);
#3453=EDGE_CURVE('',#3845,#3830,#5038,.T.);
#3454=EDGE_CURVE('',#3813,#4254,#5039,.T.);
#3455=EDGE_CURVE('',#4255,#4254,#5040,.T.);
#3456=EDGE_CURVE('',#3792,#4255,#5041,.T.);
#3457=EDGE_CURVE('',#3781,#3788,#5042,.T.);
#3458=EDGE_CURVE('',#4256,#4257,#5043,.T.);
#3459=EDGE_CURVE('',#4257,#4258,#5044,.T.);
#3460=EDGE_CURVE('',#4259,#4258,#5045,.T.);
#3461=EDGE_CURVE('',#4259,#4256,#5046,.T.);
#3462=EDGE_CURVE('',#4208,#4258,#5047,.T.);
#3463=EDGE_CURVE('',#4259,#4207,#5048,.T.);
#3464=EDGE_CURVE('',#4260,#4257,#5049,.T.);
#3465=EDGE_CURVE('',#4261,#4260,#5050,.T.);
#3466=EDGE_CURVE('',#4261,#4262,#5051,.T.);
#3467=EDGE_CURVE('',#4263,#4262,#5052,.T.);
#3468=EDGE_CURVE('',#4263,#4264,#5053,.T.);
#3469=EDGE_CURVE('',#4231,#4264,#5054,.T.);
#3470=EDGE_CURVE('',#3770,#3779,#5055,.T.);
#3471=EDGE_CURVE('',#3783,#4210,#5056,.T.);
#3472=EDGE_CURVE('',#3821,#3815,#5057,.T.);
#3473=EDGE_CURVE('',#3854,#3835,#5058,.T.);
#3474=EDGE_CURVE('',#4203,#3853,#5059,.T.);
#3475=EDGE_CURVE('',#4205,#4194,#5060,.T.);
#3476=EDGE_CURVE('',#4210,#3786,#5061,.T.);
#3477=EDGE_CURVE('',#4211,#4255,#489,.T.);
#3478=EDGE_CURVE('',#4209,#4254,#490,.T.);
#3479=EDGE_CURVE('',#3794,#3829,#5062,.T.);
#3480=EDGE_CURVE('',#4263,#4265,#5063,.T.);
#3481=EDGE_CURVE('',#4262,#4266,#5064,.T.);
#3482=EDGE_CURVE('',#4265,#4266,#5065,.T.);
#3483=EDGE_CURVE('',#4256,#4267,#5066,.T.);
#3484=EDGE_CURVE('',#4067,#4268,#5067,.T.);
#3485=EDGE_CURVE('',#4268,#4269,#5068,.T.);
#3486=EDGE_CURVE('',#4269,#4267,#5069,.T.);
#3487=EDGE_CURVE('',#4041,#4050,#5070,.T.);
#3488=EDGE_CURVE('',#4270,#4036,#5071,.T.);
#3489=EDGE_CURVE('',#4270,#4047,#35,.F.);
#3490=EDGE_CURVE('',#4271,#4272,#5072,.T.);
#3491=EDGE_CURVE('',#4271,#4273,#48,.F.);
#3492=EDGE_CURVE('',#4272,#4273,#5073,.T.);
#3493=EDGE_CURVE('',#4274,#4275,#5074,.T.);
#3494=EDGE_CURVE('',#4032,#4275,#5075,.T.);
#3495=EDGE_CURVE('',#3894,#4276,#5076,.T.);
#3496=EDGE_CURVE('',#4277,#4276,#5077,.T.);
#3497=EDGE_CURVE('',#4277,#4278,#5078,.T.);
#3498=EDGE_CURVE('',#4279,#4278,#5079,.T.);
#3499=EDGE_CURVE('',#4279,#4274,#5080,.T.);
#3500=EDGE_CURVE('',#3853,#4200,#5081,.T.);
#3501=EDGE_CURVE('',#4280,#4056,#5082,.T.);
#3502=EDGE_CURVE('',#4281,#4055,#491,.T.);
#3503=EDGE_CURVE('',#4282,#4281,#5083,.T.);
#3504=EDGE_CURVE('',#4282,#4283,#492,.T.);
#3505=EDGE_CURVE('',#4280,#4283,#36,.T.);
#3506=EDGE_CURVE('',#4279,#4284,#5084,.T.);
#3507=EDGE_CURVE('',#4285,#4284,#5085,.T.);
#3508=EDGE_CURVE('',#4286,#4285,#5086,.T.);
#3509=EDGE_CURVE('',#4286,#4287,#5087,.T.);
#3510=EDGE_CURVE('',#4287,#4274,#5088,.T.);
#3511=EDGE_CURVE('',#4288,#4289,#5089,.T.);
#3512=EDGE_CURVE('',#4289,#4290,#5090,.T.);
#3513=EDGE_CURVE('',#4291,#4290,#5091,.T.);
#3514=EDGE_CURVE('',#4288,#4291,#5092,.T.);
#3515=EDGE_CURVE('',#4033,#4292,#5093,.T.);
#3516=EDGE_CURVE('',#4292,#4287,#5094,.T.);
#3517=EDGE_CURVE('',#4052,#4286,#5095,.T.);
#3518=EDGE_CURVE('',#4293,#4294,#493,.T.);
#3519=EDGE_CURVE('',#4294,#4295,#494,.T.);
#3520=EDGE_CURVE('',#4295,#4296,#495,.T.);
#3521=EDGE_CURVE('',#4293,#4296,#496,.T.);
#3522=EDGE_CURVE('',#4297,#4298,#5096,.T.);
#3523=EDGE_CURVE('',#4298,#4299,#5097,.T.);
#3524=EDGE_CURVE('',#4299,#4300,#5098,.T.);
#3525=EDGE_CURVE('',#4300,#4297,#5099,.T.);
#3526=EDGE_CURVE('',#4279,#4301,#5100,.T.);
#3527=EDGE_CURVE('',#4278,#4302,#5101,.T.);
#3528=EDGE_CURVE('',#4302,#4301,#5102,.T.);
#3529=EDGE_CURVE('',#4265,#4239,#497,.T.);
#3530=EDGE_CURVE('',#4303,#4238,#498,.T.);
#3531=EDGE_CURVE('',#4304,#4303,#5103,.T.);
#3532=EDGE_CURVE('',#4304,#4305,#5104,.T.);
#3533=EDGE_CURVE('',#4263,#4305,#5105,.T.);
#3534=EDGE_CURVE('',#4281,#4306,#5106,.T.);
#3535=EDGE_CURVE('',#4281,#4054,#499,.T.);
#3536=EDGE_CURVE('',#4053,#4307,#37,.T.);
#3537=EDGE_CURVE('',#4307,#4294,#5107,.T.);
#3538=EDGE_CURVE('',#4306,#4294,#38,.F.);
#3539=EDGE_CURVE('',#4271,#4308,#5108,.T.);
#3540=EDGE_CURVE('',#4309,#4308,#500,.T.);
#3541=EDGE_CURVE('',#4309,#4310,#501,.T.);
#3542=EDGE_CURVE('',#4311,#4310,#5109,.T.);
#3543=EDGE_CURVE('',#4273,#4311,#502,.T.);
#3544=EDGE_CURVE('',#4312,#4313,#5110,.T.);
#3545=EDGE_CURVE('',#4314,#4312,#5111,.T.);
#3546=EDGE_CURVE('',#4314,#4315,#5112,.T.);
#3547=EDGE_CURVE('',#4316,#4315,#5113,.T.);
#3548=EDGE_CURVE('',#4316,#4317,#5114,.T.);
#3549=EDGE_CURVE('',#4317,#4318,#5115,.T.);
#3550=EDGE_CURVE('',#4319,#4318,#5116,.T.);
#3551=EDGE_CURVE('',#4319,#4313,#5117,.T.);
#3552=EDGE_CURVE('',#4278,#4320,#5118,.T.);
#3553=EDGE_CURVE('',#4277,#4321,#5119,.T.);
#3554=EDGE_CURVE('',#4320,#4321,#5120,.T.);
#3555=EDGE_CURVE('',#4322,#4323,#5121,.T.);
#3556=EDGE_CURVE('',#4323,#4301,#5122,.T.);
#3557=EDGE_CURVE('',#4322,#4302,#5123,.T.);
#3558=EDGE_CURVE('',#4324,#4325,#5124,.T.);
#3559=EDGE_CURVE('',#4326,#4324,#5125,.T.);
#3560=EDGE_CURVE('',#4327,#4326,#5126,.T.);
#3561=EDGE_CURVE('',#4325,#4327,#5127,.T.);
#3562=EDGE_CURVE('',#4042,#4280,#503,.T.);
#3563=EDGE_CURVE('',#4328,#4306,#5128,.T.);
#3564=EDGE_CURVE('',#4282,#4328,#5129,.T.);
#3565=EDGE_CURVE('',#4266,#4240,#504,.T.);
#3566=EDGE_CURVE('',#4262,#4290,#5130,.T.);
#3567=EDGE_CURVE('',#4261,#4291,#5131,.T.);
#3568=EDGE_CURVE('',#4329,#4330,#5132,.T.);
#3569=EDGE_CURVE('',#4330,#4331,#5133,.T.);
#3570=EDGE_CURVE('',#4329,#4331,#505,.F.);
#3571=EDGE_CURVE('',#4332,#4333,#506,.T.);
#3572=EDGE_CURVE('',#4332,#4334,#507,.T.);
#3573=EDGE_CURVE('',#4335,#4334,#508,.T.);
#3574=EDGE_CURVE('',#4333,#4335,#509,.T.);
#3575=EDGE_CURVE('',#4336,#4329,#5134,.T.);
#3576=EDGE_CURVE('',#4331,#4337,#510,.T.);
#3577=EDGE_CURVE('',#4337,#4338,#5135,.T.);
#3578=EDGE_CURVE('',#4339,#4338,#511,.T.);
#3579=EDGE_CURVE('',#4339,#4336,#512,.T.);
#3580=EDGE_CURVE('',#4340,#4268,#5136,.T.);
#3581=EDGE_CURVE('',#4341,#4268,#513,.T.);
#3582=EDGE_CURVE('',#4341,#4340,#39,.T.);
#3583=EDGE_CURVE('',#4288,#4342,#5137,.T.);
#3584=EDGE_CURVE('',#4342,#4343,#5138,.T.);
#3585=EDGE_CURVE('',#4289,#4343,#5139,.T.);
#3586=EDGE_CURVE('',#4344,#4345,#5140,.T.);
#3587=EDGE_CURVE('',#4345,#4346,#5141,.T.);
#3588=EDGE_CURVE('',#4346,#4331,#5142,.T.);
#3589=EDGE_CURVE('',#4330,#4344,#5143,.T.);
#3590=EDGE_CURVE('',#4046,#4270,#5144,.T.);
#3591=EDGE_CURVE('',#4347,#4311,#5145,.T.);
#3592=EDGE_CURVE('',#4347,#4348,#5146,.T.);
#3593=EDGE_CURVE('',#4273,#4348,#5147,.T.);
#3594=EDGE_CURVE('',#4283,#4349,#40,.T.);
#3595=EDGE_CURVE('',#4341,#4349,#5148,.T.);
#3596=EDGE_CURVE('',#4272,#4350,#5149,.T.);
#3597=EDGE_CURVE('',#4350,#4271,#5150,.T.);
#3598=EDGE_CURVE('',#4351,#4243,#514,.T.);
#3599=EDGE_CURVE('',#4351,#4352,#5151,.T.);
#3600=EDGE_CURVE('',#4352,#4244,#515,.T.);
#3601=EDGE_CURVE('',#4320,#4249,#516,.T.);
#3602=EDGE_CURVE('',#4321,#4250,#517,.T.);
#3603=EDGE_CURVE('',#4353,#4354,#5152,.T.);
#3604=EDGE_CURVE('',#4355,#4353,#5153,.T.);
#3605=EDGE_CURVE('',#4356,#4355,#5154,.T.);
#3606=EDGE_CURVE('',#4357,#4356,#5155,.T.);
#3607=EDGE_CURVE('',#4358,#4357,#5156,.T.);
#3608=EDGE_CURVE('',#4354,#4358,#5157,.T.);
#3609=EDGE_CURVE('',#4261,#4351,#5158,.T.);
#3610=EDGE_CURVE('',#4267,#4260,#5159,.T.);
#3611=EDGE_CURVE('',#4269,#4352,#5160,.T.);
#3612=EDGE_CURVE('',#4342,#4242,#518,.T.);
#3613=EDGE_CURVE('',#4343,#4241,#519,.T.);
#3614=EDGE_CURVE('',#4303,#4359,#5161,.T.);
#3615=EDGE_CURVE('',#4359,#4237,#520,.T.);
#3616=EDGE_CURVE('',#4360,#4361,#5162,.T.);
#3617=EDGE_CURVE('',#4317,#4360,#5163,.T.);
#3618=EDGE_CURVE('',#4316,#4361,#5164,.T.);
#3619=EDGE_CURVE('',#4362,#4363,#521,.T.);
#3620=EDGE_CURVE('',#4364,#4363,#5165,.T.);
#3621=EDGE_CURVE('',#4365,#4364,#522,.T.);
#3622=EDGE_CURVE('',#4362,#4365,#5166,.T.);
#3623=EDGE_CURVE('',#4292,#4275,#5167,.T.);
#3624=EDGE_CURVE('',#4366,#4367,#5168,.T.);
#3625=EDGE_CURVE('',#4367,#4368,#5169,.T.);
#3626=EDGE_CURVE('',#4369,#4368,#5170,.T.);
#3627=EDGE_CURVE('',#4366,#4369,#5171,.T.);
#3628=EDGE_CURVE('',#4370,#4327,#5172,.T.);
#3629=EDGE_CURVE('',#4370,#4371,#5173,.T.);
#3630=EDGE_CURVE('',#4325,#4371,#5174,.T.);
#3631=EDGE_CURVE('',#4372,#4373,#5175,.T.);
#3632=EDGE_CURVE('',#4372,#4248,#523,.T.);
#3633=EDGE_CURVE('',#4373,#4247,#524,.T.);
#3634=EDGE_CURVE('',#4374,#4314,#5176,.T.);
#3635=EDGE_CURVE('',#4336,#4312,#5177,.T.);
#3636=EDGE_CURVE('',#4375,#4336,#5178,.T.);
#3637=EDGE_CURVE('',#4375,#4374,#5179,.T.);
#3638=EDGE_CURVE('',#4285,#4245,#525,.T.);
#3639=EDGE_CURVE('',#4284,#4246,#526,.T.);
#3640=EDGE_CURVE('',#4352,#4285,#5180,.T.);
#3641=EDGE_CURVE('',#4360,#4352,#5181,.T.);
#3642=EDGE_CURVE('',#4361,#4285,#5182,.T.);
#3643=EDGE_CURVE('',#4339,#4375,#5183,.T.);
#3644=EDGE_CURVE('',#4366,#4376,#5184,.T.);
#3645=EDGE_CURVE('',#4376,#4377,#5185,.T.);
#3646=EDGE_CURVE('',#4367,#4377,#5186,.T.);
#3647=EDGE_CURVE('',#4363,#4300,#5187,.T.);
#3648=EDGE_CURVE('',#4299,#4364,#5188,.T.);
#3649=EDGE_CURVE('',#4282,#4349,#527,.T.);
#3650=EDGE_CURVE('',#4356,#4378,#5189,.T.);
#3651=EDGE_CURVE('',#4355,#4379,#5190,.T.);
#3652=EDGE_CURVE('',#4379,#4378,#5191,.T.);
#3653=EDGE_CURVE('',#4380,#4381,#49,.T.);
#3654=EDGE_CURVE('',#4382,#4381,#5192,.T.);
#3655=EDGE_CURVE('',#4383,#4382,#50,.T.);
#3656=EDGE_CURVE('',#4383,#4380,#5193,.T.);
#3657=EDGE_CURVE('',#4380,#4384,#5194,.T.);
#3658=EDGE_CURVE('',#4378,#4384,#5195,.T.);
#3659=EDGE_CURVE('',#4379,#4365,#5196,.T.);
#3660=EDGE_CURVE('',#4365,#4381,#5197,.T.);
#3661=EDGE_CURVE('',#4385,#4359,#5198,.T.);
#3662=EDGE_CURVE('',#4304,#4385,#5199,.T.);
#3663=EDGE_CURVE('',#4382,#4297,#5200,.T.);
#3664=EDGE_CURVE('',#4381,#4298,#5201,.T.);
#3665=EDGE_CURVE('',#4386,#4387,#5202,.T.);
#3666=EDGE_CURVE('',#4387,#4339,#5203,.T.);
#3667=EDGE_CURVE('',#4338,#4386,#5204,.T.);
#3668=EDGE_CURVE('',#4309,#4388,#5205,.T.);
#3669=EDGE_CURVE('',#4388,#4308,#5206,.T.);
#3670=EDGE_CURVE('',#4357,#4384,#5207,.T.);
#3671=EDGE_CURVE('',#4264,#4389,#5208,.T.);
#3672=EDGE_CURVE('',#4305,#4389,#5209,.T.);
#3673=EDGE_CURVE('',#4306,#4293,#41,.T.);
#3674=EDGE_CURVE('',#4277,#4368,#5210,.T.);
#3675=EDGE_CURVE('',#4377,#4251,#528,.T.);
#3676=EDGE_CURVE('',#4390,#4337,#5211,.T.);
#3677=EDGE_CURVE('',#4386,#4390,#5212,.T.);
#3678=EDGE_CURVE('',#4328,#4333,#42,.T.);
#3679=EDGE_CURVE('',#4340,#4333,#5213,.T.);
#3680=EDGE_CURVE('',#4276,#4391,#5214,.T.);
#3681=EDGE_CURVE('',#4391,#3895,#5215,.T.);
#3682=EDGE_CURVE('',#4392,#4387,#5216,.T.);
#3683=EDGE_CURVE('',#4374,#4392,#5217,.T.);
#3684=EDGE_CURVE('',#4376,#4252,#529,.T.);
#3685=EDGE_CURVE('',#4383,#4371,#5218,.T.);
#3686=EDGE_CURVE('',#4393,#4370,#5219,.T.);
#3687=EDGE_CURVE('',#4394,#4393,#5220,.T.);
#3688=EDGE_CURVE('',#4334,#4394,#5221,.T.);
#3689=EDGE_CURVE('',#4296,#4334,#5222,.T.);
#3690=EDGE_CURVE('',#4296,#4395,#5223,.T.);
#3691=EDGE_CURVE('',#4395,#4358,#5224,.T.);
#3692=EDGE_CURVE('',#4318,#4396,#5225,.T.);
#3693=EDGE_CURVE('',#4397,#4396,#5226,.T.);
#3694=EDGE_CURVE('',#4397,#4319,#5227,.T.);
#3695=EDGE_CURVE('',#4323,#4373,#5228,.T.);
#3696=EDGE_CURVE('',#4362,#4382,#5229,.T.);
#3697=EDGE_CURVE('',#4398,#4399,#5230,.T.);
#3698=EDGE_CURVE('',#4399,#4393,#5231,.T.);
#3699=EDGE_CURVE('',#4326,#4398,#5232,.T.);
#3700=EDGE_CURVE('',#4385,#4389,#5233,.T.);
#3701=EDGE_CURVE('',#4315,#4392,#5234,.T.);
#3702=EDGE_CURVE('',#4340,#4352,#5235,.T.);
#3703=EDGE_CURVE('',#4264,#4400,#5236,.T.);
#3704=EDGE_CURVE('',#4400,#4236,#530,.T.);
#3705=EDGE_CURVE('',#4401,#4402,#5237,.T.);
#3706=EDGE_CURVE('',#4402,#4403,#5238,.T.);
#3707=EDGE_CURVE('',#4404,#4403,#5239,.T.);
#3708=EDGE_CURVE('',#4401,#4404,#5240,.T.);
#3709=EDGE_CURVE('',#4328,#4332,#43,.T.);
#3710=EDGE_CURVE('',#4354,#4399,#5241,.T.);
#3711=EDGE_CURVE('',#4398,#4353,#5242,.T.);
#3712=EDGE_CURVE('',#4344,#4329,#5243,.T.);
#3713=EDGE_CURVE('',#4276,#4369,#5244,.T.);
#3714=EDGE_CURVE('',#4391,#4253,#531,.T.);
#3715=EDGE_CURVE('',#4388,#4397,#5245,.T.);
#3716=EDGE_CURVE('',#4396,#4405,#5246,.T.);
#3717=EDGE_CURVE('',#4309,#4405,#5247,.T.);
#3718=EDGE_CURVE('',#4322,#4372,#5248,.T.);
#3719=EDGE_CURVE('',#4324,#4362,#5249,.T.);
#3720=EDGE_CURVE('',#4232,#4400,#5250,.T.);
#3721=EDGE_CURVE('',#4310,#4406,#5251,.T.);
#3722=EDGE_CURVE('',#4406,#4347,#5252,.T.);
#3723=EDGE_CURVE('',#4307,#4052,#5253,.T.);
#3724=EDGE_CURVE('',#4308,#4313,#5254,.T.);
#3725=EDGE_CURVE('',#4350,#4407,#5255,.T.);
#3726=EDGE_CURVE('',#4407,#4404,#5256,.T.);
#3727=EDGE_CURVE('',#4345,#4403,#5257,.T.);
#3728=EDGE_CURVE('',#4307,#4285,#5258,.T.);
#3729=EDGE_CURVE('',#4407,#4348,#5259,.T.);
#3730=EDGE_CURVE('',#4335,#4408,#5260,.T.);
#3731=EDGE_CURVE('',#4408,#4401,#5261,.T.);
#3732=EDGE_CURVE('',#4406,#4405,#5262,.T.);
#3733=EDGE_CURVE('',#4390,#4346,#5263,.T.);
#3734=EDGE_CURVE('',#4409,#4402,#5264,.T.);
#3735=EDGE_CURVE('',#4295,#4409,#5265,.T.);
#3736=EDGE_CURVE('',#4395,#4409,#532,.T.);
#3737=EDGE_CURVE('',#4394,#4408,#533,.T.);
#3738=VERTEX_POINT('',#11567);
#3739=VERTEX_POINT('',#11568);
#3740=VERTEX_POINT('',#11570);
#3741=VERTEX_POINT('',#11572);
#3742=VERTEX_POINT('',#11576);
#3743=VERTEX_POINT('',#11577);
#3744=VERTEX_POINT('',#11579);
#3745=VERTEX_POINT('',#11581);
#3746=VERTEX_POINT('',#11585);
#3747=VERTEX_POINT('',#11586);
#3748=VERTEX_POINT('',#11588);
#3749=VERTEX_POINT('',#11590);
#3750=VERTEX_POINT('',#11594);
#3751=VERTEX_POINT('',#11595);
#3752=VERTEX_POINT('',#11597);
#3753=VERTEX_POINT('',#11599);
#3754=VERTEX_POINT('',#11603);
#3755=VERTEX_POINT('',#11605);
#3756=VERTEX_POINT('',#11609);
#3757=VERTEX_POINT('',#11610);
#3758=VERTEX_POINT('',#11613);
#3759=VERTEX_POINT('',#11621);
#3760=VERTEX_POINT('',#11627);
#3761=VERTEX_POINT('',#11628);
#3762=VERTEX_POINT('',#11630);
#3763=VERTEX_POINT('',#11632);
#3764=VERTEX_POINT('',#11640);
#3765=VERTEX_POINT('',#11644);
#3766=VERTEX_POINT('',#11646);
#3767=VERTEX_POINT('',#11649);
#3768=VERTEX_POINT('',#11653);
#3769=VERTEX_POINT('',#11654);
#3770=VERTEX_POINT('',#11659);
#3771=VERTEX_POINT('',#11663);
#3772=VERTEX_POINT('',#11664);
#3773=VERTEX_POINT('',#11666);
#3774=VERTEX_POINT('',#11668);
#3775=VERTEX_POINT('',#11672);
#3776=VERTEX_POINT('',#11674);
#3777=VERTEX_POINT('',#11678);
#3778=VERTEX_POINT('',#11683);
#3779=VERTEX_POINT('',#11687);
#3780=VERTEX_POINT('',#11688);
#3781=VERTEX_POINT('',#11691);
#3782=VERTEX_POINT('',#11695);
#3783=VERTEX_POINT('',#11696);
#3784=VERTEX_POINT('',#11701);
#3785=VERTEX_POINT('',#11702);
#3786=VERTEX_POINT('',#11704);
#3787=VERTEX_POINT('',#11706);
#3788=VERTEX_POINT('',#11710);
#3789=VERTEX_POINT('',#11712);
#3790=VERTEX_POINT('',#11714);
#3791=VERTEX_POINT('',#11719);
#3792=VERTEX_POINT('',#11721);
#3793=VERTEX_POINT('',#11725);
#3794=VERTEX_POINT('',#11726);
#3795=VERTEX_POINT('',#11728);
#3796=VERTEX_POINT('',#11730);
#3797=VERTEX_POINT('',#11734);
#3798=VERTEX_POINT('',#11736);
#3799=VERTEX_POINT('',#11740);
#3800=VERTEX_POINT('',#11741);
#3801=VERTEX_POINT('',#11743);
#3802=VERTEX_POINT('',#11745);
#3803=VERTEX_POINT('',#11749);
#3804=VERTEX_POINT('',#11750);
#3805=VERTEX_POINT('',#11752);
#3806=VERTEX_POINT('',#11754);
#3807=VERTEX_POINT('',#11758);
#3808=VERTEX_POINT('',#11759);
#3809=VERTEX_POINT('',#11761);
#3810=VERTEX_POINT('',#11763);
#3811=VERTEX_POINT('',#11767);
#3812=VERTEX_POINT('',#11769);
#3813=VERTEX_POINT('',#11773);
#3814=VERTEX_POINT('',#11775);
#3815=VERTEX_POINT('',#11779);
#3816=VERTEX_POINT('',#11784);
#3817=VERTEX_POINT('',#11788);
#3818=VERTEX_POINT('',#11789);
#3819=VERTEX_POINT('',#11791);
#3820=VERTEX_POINT('',#11793);
#3821=VERTEX_POINT('',#11801);
#3822=VERTEX_POINT('',#11805);
#3823=VERTEX_POINT('',#11809);
#3824=VERTEX_POINT('',#11811);
#3825=VERTEX_POINT('',#11815);
#3826=VERTEX_POINT('',#11816);
#3827=VERTEX_POINT('',#11821);
#3828=VERTEX_POINT('',#11823);
#3829=VERTEX_POINT('',#11828);
#3830=VERTEX_POINT('',#11830);
#3831=VERTEX_POINT('',#11834);
#3832=VERTEX_POINT('',#11835);
#3833=VERTEX_POINT('',#11837);
#3834=VERTEX_POINT('',#11839);
#3835=VERTEX_POINT('',#11843);
#3836=VERTEX_POINT('',#11844);
#3837=VERTEX_POINT('',#11846);
#3838=VERTEX_POINT('',#11849);
#3839=VERTEX_POINT('',#11851);
#3840=VERTEX_POINT('',#11855);
#3841=VERTEX_POINT('',#11859);
#3842=VERTEX_POINT('',#11863);
#3843=VERTEX_POINT('',#11864);
#3844=VERTEX_POINT('',#11866);
#3845=VERTEX_POINT('',#11868);
#3846=VERTEX_POINT('',#11873);
#3847=VERTEX_POINT('',#11879);
#3848=VERTEX_POINT('',#11880);
#3849=VERTEX_POINT('',#11885);
#3850=VERTEX_POINT('',#11886);
#3851=VERTEX_POINT('',#11888);
#3852=VERTEX_POINT('',#11890);
#3853=VERTEX_POINT('',#11894);
#3854=VERTEX_POINT('',#11896);
#3855=VERTEX_POINT('',#11900);
#3856=VERTEX_POINT('',#11901);
#3857=VERTEX_POINT('',#11903);
#3858=VERTEX_POINT('',#11905);
#3859=VERTEX_POINT('',#11913);
#3860=VERTEX_POINT('',#11914);
#3861=VERTEX_POINT('',#11916);
#3862=VERTEX_POINT('',#11918);
#3863=VERTEX_POINT('',#11922);
#3864=VERTEX_POINT('',#11923);
#3865=VERTEX_POINT('',#11925);
#3866=VERTEX_POINT('',#11927);
#3867=VERTEX_POINT('',#11931);
#3868=VERTEX_POINT('',#11933);
#3869=VERTEX_POINT('',#11937);
#3870=VERTEX_POINT('',#11939);
#3871=VERTEX_POINT('',#11944);
#3872=VERTEX_POINT('',#11948);
#3873=VERTEX_POINT('',#11949);
#3874=VERTEX_POINT('',#11951);
#3875=VERTEX_POINT('',#11953);
#3876=VERTEX_POINT('',#11958);
#3877=VERTEX_POINT('',#11964);
#3878=VERTEX_POINT('',#11965);
#3879=VERTEX_POINT('',#11967);
#3880=VERTEX_POINT('',#11969);
#3881=VERTEX_POINT('',#11973);
#3882=VERTEX_POINT('',#11974);
#3883=VERTEX_POINT('',#11976);
#3884=VERTEX_POINT('',#11978);
#3885=VERTEX_POINT('',#11982);
#3886=VERTEX_POINT('',#11983);
#3887=VERTEX_POINT('',#11985);
#3888=VERTEX_POINT('',#11987);
#3889=VERTEX_POINT('',#11991);
#3890=VERTEX_POINT('',#11995);
#3891=VERTEX_POINT('',#11997);
#3892=VERTEX_POINT('',#12002);
#3893=VERTEX_POINT('',#12006);
#3894=VERTEX_POINT('',#12010);
#3895=VERTEX_POINT('',#12011);
#3896=VERTEX_POINT('',#12014);
#3897=VERTEX_POINT('',#12020);
#3898=VERTEX_POINT('',#12021);
#3899=VERTEX_POINT('',#12023);
#3900=VERTEX_POINT('',#12025);
#3901=VERTEX_POINT('',#12029);
#3902=VERTEX_POINT('',#12030);
#3903=VERTEX_POINT('',#12035);
#3904=VERTEX_POINT('',#12036);
#3905=VERTEX_POINT('',#12038);
#3906=VERTEX_POINT('',#12040);
#3907=VERTEX_POINT('',#12052);
#3908=VERTEX_POINT('',#12053);
#3909=VERTEX_POINT('',#12055);
#3910=VERTEX_POINT('',#12057);
#3911=VERTEX_POINT('',#12061);
#3912=VERTEX_POINT('',#12064);
#3913=VERTEX_POINT('',#12068);
#3914=VERTEX_POINT('',#12069);
#3915=VERTEX_POINT('',#12074);
#3916=VERTEX_POINT('',#12075);
#3917=VERTEX_POINT('',#12077);
#3918=VERTEX_POINT('',#12079);
#3919=VERTEX_POINT('',#12084);
#3920=VERTEX_POINT('',#12088);
#3921=VERTEX_POINT('',#12090);
#3922=VERTEX_POINT('',#12094);
#3923=VERTEX_POINT('',#12098);
#3924=VERTEX_POINT('',#12099);
#3925=VERTEX_POINT('',#12101);
#3926=VERTEX_POINT('',#12103);
#3927=VERTEX_POINT('',#12111);
#3928=VERTEX_POINT('',#12112);
#3929=VERTEX_POINT('',#12114);
#3930=VERTEX_POINT('',#12116);
#3931=VERTEX_POINT('',#12120);
#3932=VERTEX_POINT('',#12125);
#3933=VERTEX_POINT('',#12148);
#3934=VERTEX_POINT('',#12149);
#3935=VERTEX_POINT('',#12151);
#3936=VERTEX_POINT('',#12153);
#3937=VERTEX_POINT('',#12159);
#3938=VERTEX_POINT('',#12161);
#3939=VERTEX_POINT('',#12165);
#3940=VERTEX_POINT('',#12166);
#3941=VERTEX_POINT('',#12168);
#3942=VERTEX_POINT('',#12170);
#3943=VERTEX_POINT('',#12174);
#3944=VERTEX_POINT('',#12176);
#3945=VERTEX_POINT('',#12180);
#3946=VERTEX_POINT('',#12181);
#3947=VERTEX_POINT('',#12183);
#3948=VERTEX_POINT('',#12185);
#3949=VERTEX_POINT('',#12189);
#3950=VERTEX_POINT('',#12191);
#3951=VERTEX_POINT('',#12195);
#3952=VERTEX_POINT('',#12196);
#3953=VERTEX_POINT('',#12199);
#3954=VERTEX_POINT('',#12204);
#3955=VERTEX_POINT('',#12205);
#3956=VERTEX_POINT('',#12207);
#3957=VERTEX_POINT('',#12209);
#3958=VERTEX_POINT('',#12214);
#3959=VERTEX_POINT('',#12218);
#3960=VERTEX_POINT('',#12220);
#3961=VERTEX_POINT('',#12224);
#3962=VERTEX_POINT('',#12226);
#3963=VERTEX_POINT('',#12230);
#3964=VERTEX_POINT('',#12231);
#3965=VERTEX_POINT('',#12236);
#3966=VERTEX_POINT('',#12238);
#3967=VERTEX_POINT('',#12243);
#3968=VERTEX_POINT('',#12245);
#3969=VERTEX_POINT('',#12248);
#3970=VERTEX_POINT('',#12252);
#3971=VERTEX_POINT('',#12254);
#3972=VERTEX_POINT('',#12258);
#3973=VERTEX_POINT('',#12259);
#3974=VERTEX_POINT('',#12261);
#3975=VERTEX_POINT('',#12263);
#3976=VERTEX_POINT('',#12267);
#3977=VERTEX_POINT('',#12268);
#3978=VERTEX_POINT('',#12270);
#3979=VERTEX_POINT('',#12272);
#3980=VERTEX_POINT('',#12274);
#3981=VERTEX_POINT('',#12278);
#3982=VERTEX_POINT('',#12282);
#3983=VERTEX_POINT('',#12284);
#3984=VERTEX_POINT('',#12288);
#3985=VERTEX_POINT('',#12289);
#3986=VERTEX_POINT('',#12291);
#3987=VERTEX_POINT('',#12299);
#3988=VERTEX_POINT('',#12303);
#3989=VERTEX_POINT('',#12304);
#3990=VERTEX_POINT('',#12306);
#3991=VERTEX_POINT('',#12308);
#3992=VERTEX_POINT('',#12312);
#3993=VERTEX_POINT('',#12316);
#3994=VERTEX_POINT('',#12317);
#3995=VERTEX_POINT('',#12319);
#3996=VERTEX_POINT('',#12324);
#3997=VERTEX_POINT('',#12330);
#3998=VERTEX_POINT('',#12332);
#3999=VERTEX_POINT('',#12334);
#4000=VERTEX_POINT('',#12338);
#4001=VERTEX_POINT('',#12340);
#4002=VERTEX_POINT('',#12344);
#4003=VERTEX_POINT('',#12346);
#4004=VERTEX_POINT('',#12350);
#4005=VERTEX_POINT('',#12354);
#4006=VERTEX_POINT('',#12356);
#4007=VERTEX_POINT('',#12358);
#4008=VERTEX_POINT('',#12360);
#4009=VERTEX_POINT('',#12364);
#4010=VERTEX_POINT('',#12366);
#4011=VERTEX_POINT('',#12370);
#4012=VERTEX_POINT('',#12374);
#4013=VERTEX_POINT('',#12376);
#4014=VERTEX_POINT('',#12380);
#4015=VERTEX_POINT('',#12386);
#4016=VERTEX_POINT('',#12393);
#4017=VERTEX_POINT('',#12535);
#4018=VERTEX_POINT('',#12561);
#4019=VERTEX_POINT('',#12575);
#4020=VERTEX_POINT('',#12580);
#4021=VERTEX_POINT('',#12582);
#4022=VERTEX_POINT('',#12586);
#4023=VERTEX_POINT('',#12588);
#4024=VERTEX_POINT('',#12592);
#4025=VERTEX_POINT('',#12596);
#4026=VERTEX_POINT('',#12604);
#4027=VERTEX_POINT('',#12641);
#4028=VERTEX_POINT('',#12642);
#4029=VERTEX_POINT('',#12644);
#4030=VERTEX_POINT('',#12649);
#4031=VERTEX_POINT('',#12655);
#4032=VERTEX_POINT('',#12656);
#4033=VERTEX_POINT('',#12658);
#4034=VERTEX_POINT('',#12660);
#4035=VERTEX_POINT('',#12667);
#4036=VERTEX_POINT('',#12679);
#4037=VERTEX_POINT('',#12680);
#4038=VERTEX_POINT('',#12682);
#4039=VERTEX_POINT('',#12687);
#4040=VERTEX_POINT('',#12691);
#4041=VERTEX_POINT('',#12693);
#4042=VERTEX_POINT('',#12695);
#4043=VERTEX_POINT('',#12697);
#4044=VERTEX_POINT('',#12701);
#4045=VERTEX_POINT('',#12703);
#4046=VERTEX_POINT('',#12708);
#4047=VERTEX_POINT('',#12712);
#4048=VERTEX_POINT('',#12714);
#4049=VERTEX_POINT('',#12716);
#4050=VERTEX_POINT('',#12718);
#4051=VERTEX_POINT('',#12722);
#4052=VERTEX_POINT('',#12730);
#4053=VERTEX_POINT('',#12732);
#4054=VERTEX_POINT('',#12734);
#4055=VERTEX_POINT('',#12739);
#4056=VERTEX_POINT('',#12746);
#4057=VERTEX_POINT('',#12752);
#4058=VERTEX_POINT('',#12754);
#4059=VERTEX_POINT('',#12761);
#4060=VERTEX_POINT('',#12762);
#4061=VERTEX_POINT('',#12772);
#4062=VERTEX_POINT('',#12778);
#4063=VERTEX_POINT('',#12779);
#4064=VERTEX_POINT('',#12781);
#4065=VERTEX_POINT('',#12783);
#4066=VERTEX_POINT('',#12787);
#4067=VERTEX_POINT('',#12801);
#4068=VERTEX_POINT('',#12805);
#4069=VERTEX_POINT('',#12806);
#4070=VERTEX_POINT('',#12808);
#4071=VERTEX_POINT('',#12810);
#4072=VERTEX_POINT('',#12814);
#4073=VERTEX_POINT('',#12815);
#4074=VERTEX_POINT('',#12817);
#4075=VERTEX_POINT('',#12819);
#4076=VERTEX_POINT('',#12823);
#4077=VERTEX_POINT('',#12824);
#4078=VERTEX_POINT('',#12826);
#4079=VERTEX_POINT('',#12828);
#4080=VERTEX_POINT('',#12832);
#4081=VERTEX_POINT('',#12833);
#4082=VERTEX_POINT('',#12835);
#4083=VERTEX_POINT('',#12837);
#4084=VERTEX_POINT('',#12841);
#4085=VERTEX_POINT('',#12843);
#4086=VERTEX_POINT('',#12846);
#4087=VERTEX_POINT('',#12850);
#4088=VERTEX_POINT('',#12854);
#4089=VERTEX_POINT('',#12858);
#4090=VERTEX_POINT('',#12859);
#4091=VERTEX_POINT('',#12861);
#4092=VERTEX_POINT('',#12863);
#4093=VERTEX_POINT('',#12867);
#4094=VERTEX_POINT('',#12870);
#4095=VERTEX_POINT('',#12872);
#4096=VERTEX_POINT('',#12876);
#4097=VERTEX_POINT('',#12880);
#4098=VERTEX_POINT('',#12882);
#4099=VERTEX_POINT('',#12886);
#4100=VERTEX_POINT('',#12887);
#4101=VERTEX_POINT('',#12889);
#4102=VERTEX_POINT('',#12891);
#4103=VERTEX_POINT('',#12895);
#4104=VERTEX_POINT('',#12898);
#4105=VERTEX_POINT('',#12902);
#4106=VERTEX_POINT('',#12906);
#4107=VERTEX_POINT('',#12910);
#4108=VERTEX_POINT('',#12911);
#4109=VERTEX_POINT('',#12914);
#4110=VERTEX_POINT('',#12920);
#4111=VERTEX_POINT('',#12929);
#4112=VERTEX_POINT('',#12938);
#4113=VERTEX_POINT('',#12939);
#4114=VERTEX_POINT('',#12941);
#4115=VERTEX_POINT('',#12943);
#4116=VERTEX_POINT('',#12947);
#4117=VERTEX_POINT('',#12948);
#4118=VERTEX_POINT('',#12950);
#4119=VERTEX_POINT('',#12952);
#4120=VERTEX_POINT('',#12956);
#4121=VERTEX_POINT('',#12957);
#4122=VERTEX_POINT('',#12959);
#4123=VERTEX_POINT('',#12961);
#4124=VERTEX_POINT('',#12965);
#4125=VERTEX_POINT('',#12966);
#4126=VERTEX_POINT('',#12968);
#4127=VERTEX_POINT('',#12970);
#4128=VERTEX_POINT('',#12974);
#4129=VERTEX_POINT('',#12976);
#4130=VERTEX_POINT('',#12980);
#4131=VERTEX_POINT('',#12982);
#4132=VERTEX_POINT('',#12986);
#4133=VERTEX_POINT('',#12991);
#4134=VERTEX_POINT('',#12993);
#4135=VERTEX_POINT('',#12997);
#4136=VERTEX_POINT('',#13000);
#4137=VERTEX_POINT('',#13004);
#4138=VERTEX_POINT('',#13006);
#4139=VERTEX_POINT('',#13010);
#4140=VERTEX_POINT('',#13012);
#4141=VERTEX_POINT('',#13016);
#4142=VERTEX_POINT('',#13020);
#4143=VERTEX_POINT('',#13026);
#4144=VERTEX_POINT('',#13027);
#4145=VERTEX_POINT('',#13029);
#4146=VERTEX_POINT('',#13031);
#4147=VERTEX_POINT('',#13035);
#4148=VERTEX_POINT('',#13038);
#4149=VERTEX_POINT('',#13040);
#4150=VERTEX_POINT('',#13044);
#4151=VERTEX_POINT('',#13048);
#4152=VERTEX_POINT('',#13050);
#4153=VERTEX_POINT('',#13054);
#4154=VERTEX_POINT('',#13055);
#4155=VERTEX_POINT('',#13057);
#4156=VERTEX_POINT('',#13059);
#4157=VERTEX_POINT('',#13063);
#4158=VERTEX_POINT('',#13066);
#4159=VERTEX_POINT('',#13070);
#4160=VERTEX_POINT('',#13074);
#4161=VERTEX_POINT('',#13078);
#4162=VERTEX_POINT('',#13079);
#4163=VERTEX_POINT('',#13081);
#4164=VERTEX_POINT('',#13083);
#4165=VERTEX_POINT('',#13087);
#4166=VERTEX_POINT('',#13089);
#4167=VERTEX_POINT('',#13092);
#4168=VERTEX_POINT('',#13096);
#4169=VERTEX_POINT('',#13100);
#4170=VERTEX_POINT('',#13109);
#4171=VERTEX_POINT('',#13118);
#4172=VERTEX_POINT('',#13124);
#4173=VERTEX_POINT('',#13128);
#4174=VERTEX_POINT('',#13141);
#4175=VERTEX_POINT('',#13145);
#4176=VERTEX_POINT('',#13150);
#4177=VERTEX_POINT('',#13151);
#4178=VERTEX_POINT('',#13153);
#4179=VERTEX_POINT('',#13155);
#4180=VERTEX_POINT('',#13159);
#4181=VERTEX_POINT('',#13160);
#4182=VERTEX_POINT('',#13162);
#4183=VERTEX_POINT('',#13165);
#4184=VERTEX_POINT('',#13167);
#4185=VERTEX_POINT('',#13171);
#4186=VERTEX_POINT('',#13175);
#4187=VERTEX_POINT('',#13176);
#4188=VERTEX_POINT('',#13178);
#4189=VERTEX_POINT('',#13180);
#4190=VERTEX_POINT('',#13184);
#4191=VERTEX_POINT('',#13185);
#4192=VERTEX_POINT('',#13187);
#4193=VERTEX_POINT('',#13189);
#4194=VERTEX_POINT('',#13193);
#4195=VERTEX_POINT('',#13195);
#4196=VERTEX_POINT('',#13198);
#4197=VERTEX_POINT('',#13202);
#4198=VERTEX_POINT('',#13206);
#4199=VERTEX_POINT('',#13207);
#4200=VERTEX_POINT('',#13209);
#4201=VERTEX_POINT('',#13211);
#4202=VERTEX_POINT('',#13215);
#4203=VERTEX_POINT('',#13220);
#4204=VERTEX_POINT('',#13226);
#4205=VERTEX_POINT('',#13231);
#4206=VERTEX_POINT('',#13240);
#4207=VERTEX_POINT('',#13242);
#4208=VERTEX_POINT('',#13244);
#4209=VERTEX_POINT('',#13253);
#4210=VERTEX_POINT('',#13255);
#4211=VERTEX_POINT('',#13257);
#4212=VERTEX_POINT('',#13262);
#4213=VERTEX_POINT('',#13266);
#4214=VERTEX_POINT('',#13276);
#4215=VERTEX_POINT('',#13280);
#4216=VERTEX_POINT('',#13281);
#4217=VERTEX_POINT('',#13283);
#4218=VERTEX_POINT('',#13285);
#4219=VERTEX_POINT('',#13289);
#4220=VERTEX_POINT('',#13292);
#4221=VERTEX_POINT('',#13296);
#4222=VERTEX_POINT('',#13300);
#4223=VERTEX_POINT('',#13301);
#4224=VERTEX_POINT('',#13303);
#4225=VERTEX_POINT('',#13305);
#4226=VERTEX_POINT('',#13309);
#4227=VERTEX_POINT('',#13311);
#4228=VERTEX_POINT('',#13316);
#4229=VERTEX_POINT('',#13318);
#4230=VERTEX_POINT('',#13322);
#4231=VERTEX_POINT('',#13326);
#4232=VERTEX_POINT('',#13330);
#4233=VERTEX_POINT('',#13332);
#4234=VERTEX_POINT('',#13334);
#4235=VERTEX_POINT('',#13340);
#4236=VERTEX_POINT('',#13349);
#4237=VERTEX_POINT('',#13351);
#4238=VERTEX_POINT('',#13353);
#4239=VERTEX_POINT('',#13355);
#4240=VERTEX_POINT('',#13357);
#4241=VERTEX_POINT('',#13359);
#4242=VERTEX_POINT('',#13361);
#4243=VERTEX_POINT('',#13363);
#4244=VERTEX_POINT('',#13365);
#4245=VERTEX_POINT('',#13367);
#4246=VERTEX_POINT('',#13369);
#4247=VERTEX_POINT('',#13371);
#4248=VERTEX_POINT('',#13373);
#4249=VERTEX_POINT('',#13375);
#4250=VERTEX_POINT('',#13377);
#4251=VERTEX_POINT('',#13379);
#4252=VERTEX_POINT('',#13381);
#4253=VERTEX_POINT('',#13383);
#4254=VERTEX_POINT('',#13388);
#4255=VERTEX_POINT('',#13390);
#4256=VERTEX_POINT('',#13395);
#4257=VERTEX_POINT('',#13396);
#4258=VERTEX_POINT('',#13398);
#4259=VERTEX_POINT('',#13400);
#4260=VERTEX_POINT('',#13407);
#4261=VERTEX_POINT('',#13409);
#4262=VERTEX_POINT('',#13411);
#4263=VERTEX_POINT('',#13413);
#4264=VERTEX_POINT('',#13415);
#4265=VERTEX_POINT('',#13433);
#4266=VERTEX_POINT('',#13435);
#4267=VERTEX_POINT('',#13439);
#4268=VERTEX_POINT('',#13441);
#4269=VERTEX_POINT('',#13443);
#4270=VERTEX_POINT('',#13448);
#4271=VERTEX_POINT('',#13455);
#4272=VERTEX_POINT('',#13456);
#4273=VERTEX_POINT('',#13458);
#4274=VERTEX_POINT('',#13462);
#4275=VERTEX_POINT('',#13463);
#4276=VERTEX_POINT('',#13466);
#4277=VERTEX_POINT('',#13468);
#4278=VERTEX_POINT('',#13470);
#4279=VERTEX_POINT('',#13472);
#4280=VERTEX_POINT('',#13478);
#4281=VERTEX_POINT('',#13480);
#4282=VERTEX_POINT('',#13482);
#4283=VERTEX_POINT('',#13484);
#4284=VERTEX_POINT('',#13493);
#4285=VERTEX_POINT('',#13495);
#4286=VERTEX_POINT('',#13497);
#4287=VERTEX_POINT('',#13499);
#4288=VERTEX_POINT('',#13503);
#4289=VERTEX_POINT('',#13504);
#4290=VERTEX_POINT('',#13506);
#4291=VERTEX_POINT('',#13508);
#4292=VERTEX_POINT('',#13512);
#4293=VERTEX_POINT('',#13586);
#4294=VERTEX_POINT('',#13587);
#4295=VERTEX_POINT('',#13589);
#4296=VERTEX_POINT('',#13591);
#4297=VERTEX_POINT('',#13595);
#4298=VERTEX_POINT('',#13596);
#4299=VERTEX_POINT('',#13598);
#4300=VERTEX_POINT('',#13600);
#4301=VERTEX_POINT('',#13604);
#4302=VERTEX_POINT('',#13606);
#4303=VERTEX_POINT('',#13611);
#4304=VERTEX_POINT('',#13613);
#4305=VERTEX_POINT('',#13615);
#4306=VERTEX_POINT('',#13619);
#4307=VERTEX_POINT('',#13632);
#4308=VERTEX_POINT('',#13640);
#4309=VERTEX_POINT('',#13642);
#4310=VERTEX_POINT('',#13644);
#4311=VERTEX_POINT('',#13646);
#4312=VERTEX_POINT('',#13651);
#4313=VERTEX_POINT('',#13652);
#4314=VERTEX_POINT('',#13654);
#4315=VERTEX_POINT('',#13656);
#4316=VERTEX_POINT('',#13658);
#4317=VERTEX_POINT('',#13660);
#4318=VERTEX_POINT('',#13662);
#4319=VERTEX_POINT('',#13664);
#4320=VERTEX_POINT('',#13668);
#4321=VERTEX_POINT('',#13670);
#4322=VERTEX_POINT('',#13674);
#4323=VERTEX_POINT('',#13675);
#4324=VERTEX_POINT('',#13680);
#4325=VERTEX_POINT('',#13681);
#4326=VERTEX_POINT('',#13683);
#4327=VERTEX_POINT('',#13685);
#4328=VERTEX_POINT('',#13691);
#4329=VERTEX_POINT('',#13700);
#4330=VERTEX_POINT('',#13701);
#4331=VERTEX_POINT('',#13703);
#4332=VERTEX_POINT('',#13722);
#4333=VERTEX_POINT('',#13723);
#4334=VERTEX_POINT('',#13725);
#4335=VERTEX_POINT('',#13727);
#4336=VERTEX_POINT('',#13731);
#4337=VERTEX_POINT('',#13733);
#4338=VERTEX_POINT('',#13735);
#4339=VERTEX_POINT('',#13737);
#4340=VERTEX_POINT('',#13741);
#4341=VERTEX_POINT('',#13743);
#4342=VERTEX_POINT('',#13757);
#4343=VERTEX_POINT('',#13759);
#4344=VERTEX_POINT('',#13763);
#4345=VERTEX_POINT('',#13764);
#4346=VERTEX_POINT('',#13766);
#4347=VERTEX_POINT('',#13774);
#4348=VERTEX_POINT('',#13776);
#4349=VERTEX_POINT('',#13784);
#4350=VERTEX_POINT('',#13788);
#4351=VERTEX_POINT('',#13793);
#4352=VERTEX_POINT('',#13795);
#4353=VERTEX_POINT('',#13802);
#4354=VERTEX_POINT('',#13803);
#4355=VERTEX_POINT('',#13805);
#4356=VERTEX_POINT('',#13807);
#4357=VERTEX_POINT('',#13809);
#4358=VERTEX_POINT('',#13811);
#4359=VERTEX_POINT('',#13822);
#4360=VERTEX_POINT('',#13828);
#4361=VERTEX_POINT('',#13829);
#4362=VERTEX_POINT('',#13834);
#4363=VERTEX_POINT('',#13835);
#4364=VERTEX_POINT('',#13837);
#4365=VERTEX_POINT('',#13839);
#4366=VERTEX_POINT('',#13845);
#4367=VERTEX_POINT('',#13846);
#4368=VERTEX_POINT('',#13848);
#4369=VERTEX_POINT('',#13850);
#4370=VERTEX_POINT('',#13854);
#4371=VERTEX_POINT('',#13856);
#4372=VERTEX_POINT('',#13860);
#4373=VERTEX_POINT('',#13861);
#4374=VERTEX_POINT('',#13868);
#4375=VERTEX_POINT('',#13871);
#4376=VERTEX_POINT('',#13884);
#4377=VERTEX_POINT('',#13886);
#4378=VERTEX_POINT('',#13895);
#4379=VERTEX_POINT('',#13897);
#4380=VERTEX_POINT('',#13901);
#4381=VERTEX_POINT('',#13902);
#4382=VERTEX_POINT('',#13904);
#4383=VERTEX_POINT('',#13906);
#4384=VERTEX_POINT('',#13911);
#4385=VERTEX_POINT('',#13917);
#4386=VERTEX_POINT('',#13924);
#4387=VERTEX_POINT('',#13925);
#4388=VERTEX_POINT('',#13930);
#4389=VERTEX_POINT('',#13936);
#4390=VERTEX_POINT('',#13969);
#4391=VERTEX_POINT('',#13979);
#4392=VERTEX_POINT('',#13984);
#4393=VERTEX_POINT('',#13992);
#4394=VERTEX_POINT('',#13994);
#4395=VERTEX_POINT('',#13998);
#4396=VERTEX_POINT('',#14002);
#4397=VERTEX_POINT('',#14004);
#4398=VERTEX_POINT('',#14012);
#4399=VERTEX_POINT('',#14013);
#4400=VERTEX_POINT('',#14024);
#4401=VERTEX_POINT('',#14029);
#4402=VERTEX_POINT('',#14030);
#4403=VERTEX_POINT('',#14032);
#4404=VERTEX_POINT('',#14034);
#4405=VERTEX_POINT('',#14056);
#4406=VERTEX_POINT('',#14084);
#4407=VERTEX_POINT('',#14094);
#4408=VERTEX_POINT('',#14103);
#4409=VERTEX_POINT('',#14111);
#4410=LINE('',#11566,#5266);
#4411=LINE('',#11571,#5267);
#4412=LINE('',#11575,#5268);
#4413=LINE('',#11578,#5269);
#4414=LINE('',#11580,#5270);
#4415=LINE('',#11582,#5271);
#4416=LINE('',#11584,#5272);
#4417=LINE('',#11587,#5273);
#4418=LINE('',#11589,#5274);
#4419=LINE('',#11591,#5275);
#4420=LINE('',#11596,#5276);
#4421=LINE('',#11600,#5277);
#4422=LINE('',#11604,#5278);
#4423=LINE('',#11608,#5279);
#4424=LINE('',#11611,#5280);
#4425=LINE('',#11612,#5281);
#4426=LINE('',#11614,#5282);
#4427=LINE('',#11616,#5283);
#4428=LINE('',#11617,#5284);
#4429=LINE('',#11618,#5285);
#4430=LINE('',#11622,#5286);
#4431=LINE('',#11623,#5287);
#4432=LINE('',#11626,#5288);
#4433=LINE('',#11629,#5289);
#4434=LINE('',#11631,#5290);
#4435=LINE('',#11633,#5291);
#4436=LINE('',#11635,#5292);
#4437=LINE('',#11636,#5293);
#4438=LINE('',#11638,#5294);
#4439=LINE('',#11639,#5295);
#4440=LINE('',#11641,#5296);
#4441=LINE('',#11643,#5297);
#4442=LINE('',#11645,#5298);
#4443=LINE('',#11647,#5299);
#4444=LINE('',#11648,#5300);
#4445=LINE('',#11655,#5301);
#4446=LINE('',#11656,#5302);
#4447=LINE('',#11658,#5303);
#4448=LINE('',#11660,#5304);
#4449=LINE('',#11662,#5305);
#4450=LINE('',#11665,#5306);
#4451=LINE('',#11667,#5307);
#4452=LINE('',#11669,#5308);
#4453=LINE('',#11671,#5309);
#4454=LINE('',#11673,#5310);
#4455=LINE('',#11675,#5311);
#4456=LINE('',#11677,#5312);
#4457=LINE('',#11680,#5313);
#4458=LINE('',#11682,#5314);
#4459=LINE('',#11686,#5315);
#4460=LINE('',#11689,#5316);
#4461=LINE('',#11690,#5317);
#4462=LINE('',#11694,#5318);
#4463=LINE('',#11697,#5319);
#4464=LINE('',#11698,#5320);
#4465=LINE('',#11700,#5321);
#4466=LINE('',#11703,#5322);
#4467=LINE('',#11705,#5323);
#4468=LINE('',#11707,#5324);
#4469=LINE('',#11711,#5325);
#4470=LINE('',#11715,#5326);
#4471=LINE('',#11716,#5327);
#4472=LINE('',#11718,#5328);
#4473=LINE('',#11720,#5329);
#4474=LINE('',#11724,#5330);
#4475=LINE('',#11727,#5331);
#4476=LINE('',#11729,#5332);
#4477=LINE('',#11731,#5333);
#4478=LINE('',#11733,#5334);
#4479=LINE('',#11735,#5335);
#4480=LINE('',#11737,#5336);
#4481=LINE('',#11739,#5337);
#4482=LINE('',#11742,#5338);
#4483=LINE('',#11744,#5339);
#4484=LINE('',#11746,#5340);
#4485=LINE('',#11751,#5341);
#4486=LINE('',#11755,#5342);
#4487=LINE('',#11757,#5343);
#4488=LINE('',#11760,#5344);
#4489=LINE('',#11762,#5345);
#4490=LINE('',#11764,#5346);
#4491=LINE('',#11766,#5347);
#4492=LINE('',#11768,#5348);
#4493=LINE('',#11770,#5349);
#4494=LINE('',#11774,#5350);
#4495=LINE('',#11778,#5351);
#4496=LINE('',#11780,#5352);
#4497=LINE('',#11781,#5353);
#4498=LINE('',#11783,#5354);
#4499=LINE('',#11785,#5355);
#4500=LINE('',#11787,#5356);
#4501=LINE('',#11792,#5357);
#4502=LINE('',#11796,#5358);
#4503=LINE('',#11797,#5359);
#4504=LINE('',#11799,#5360);
#4505=LINE('',#11800,#5361);
#4506=LINE('',#11802,#5362);
#4507=LINE('',#11804,#5363);
#4508=LINE('',#11806,#5364);
#4509=LINE('',#11808,#5365);
#4510=LINE('',#11810,#5366);
#4511=LINE('',#11817,#5367);
#4512=LINE('',#11818,#5368);
#4513=LINE('',#11820,#5369);
#4514=LINE('',#11824,#5370);
#4515=LINE('',#11825,#5371);
#4516=LINE('',#11827,#5372);
#4517=LINE('',#11829,#5373);
#4518=LINE('',#11833,#5374);
#4519=LINE('',#11836,#5375);
#4520=LINE('',#11838,#5376);
#4521=LINE('',#11840,#5377);
#4522=LINE('',#11842,#5378);
#4523=LINE('',#11845,#5379);
#4524=LINE('',#11847,#5380);
#4525=LINE('',#11850,#5381);
#4526=LINE('',#11854,#5382);
#4527=LINE('',#11856,#5383);
#4528=LINE('',#11860,#5384);
#4529=LINE('',#11865,#5385);
#4530=LINE('',#11869,#5386);
#4531=LINE('',#11871,#5387);
#4532=LINE('',#11872,#5388);
#4533=LINE('',#11874,#5389);
#4534=LINE('',#11876,#5390);
#4535=LINE('',#11881,#5391);
#4536=LINE('',#11882,#5392);
#4537=LINE('',#11884,#5393);
#4538=LINE('',#11887,#5394);
#4539=LINE('',#11889,#5395);
#4540=LINE('',#11891,#5396);
#4541=LINE('',#11893,#5397);
#4542=LINE('',#11895,#5398);
#4543=LINE('',#11897,#5399);
#4544=LINE('',#11899,#5400);
#4545=LINE('',#11904,#5401);
#4546=LINE('',#11908,#5402);
#4547=LINE('',#11909,#5403);
#4548=LINE('',#11910,#5404);
#4549=LINE('',#11912,#5405);
#4550=LINE('',#11917,#5406);
#4551=LINE('',#11921,#5407);
#4552=LINE('',#11926,#5408);
#4553=LINE('',#11930,#5409);
#4554=LINE('',#11932,#5410);
#4555=LINE('',#11934,#5411);
#4556=LINE('',#11936,#5412);
#4557=LINE('',#11938,#5413);
#4558=LINE('',#11940,#5414);
#4559=LINE('',#11941,#5415);
#4560=LINE('',#11943,#5416);
#4561=LINE('',#11945,#5417);
#4562=LINE('',#11947,#5418);
#4563=LINE('',#11952,#5419);
#4564=LINE('',#11956,#5420);
#4565=LINE('',#11957,#5421);
#4566=LINE('',#11959,#5422);
#4567=LINE('',#11961,#5423);
#4568=LINE('',#11963,#5424);
#4569=LINE('',#11966,#5425);
#4570=LINE('',#11968,#5426);
#4571=LINE('',#11970,#5427);
#4572=LINE('',#11972,#5428);
#4573=LINE('',#11975,#5429);
#4574=LINE('',#11977,#5430);
#4575=LINE('',#11979,#5431);
#4576=LINE('',#11981,#5432);
#4577=LINE('',#11984,#5433);
#4578=LINE('',#11986,#5434);
#4579=LINE('',#11988,#5435);
#4580=LINE('',#11990,#5436);
#4581=LINE('',#11992,#5437);
#4582=LINE('',#11994,#5438);
#4583=LINE('',#11998,#5439);
#4584=LINE('',#11999,#5440);
#4585=LINE('',#12001,#5441);
#4586=LINE('',#12003,#5442);
#4587=LINE('',#12005,#5443);
#4588=LINE('',#12009,#5444);
#4589=LINE('',#12012,#5445);
#4590=LINE('',#12013,#5446);
#4591=LINE('',#12017,#5447);
#4592=LINE('',#12019,#5448);
#4593=LINE('',#12022,#5449);
#4594=LINE('',#12024,#5450);
#4595=LINE('',#12026,#5451);
#4596=LINE('',#12028,#5452);
#4597=LINE('',#12031,#5453);
#4598=LINE('',#12032,#5454);
#4599=LINE('',#12034,#5455);
#4600=LINE('',#12039,#5456);
#4601=LINE('',#12043,#5457);
#4602=LINE('',#12044,#5458);
#4603=LINE('',#12046,#5459);
#4604=LINE('',#12047,#5460);
#4605=LINE('',#12049,#5461);
#4606=LINE('',#12051,#5462);
#4607=LINE('',#12054,#5463);
#4608=LINE('',#12056,#5464);
#4609=LINE('',#12058,#5465);
#4610=LINE('',#12060,#5466);
#4611=LINE('',#12062,#5467);
#4612=LINE('',#12063,#5468);
#4613=LINE('',#12065,#5469);
#4614=LINE('',#12067,#5470);
#4615=LINE('',#12070,#5471);
#4616=LINE('',#12071,#5472);
#4617=LINE('',#12076,#5473);
#4618=LINE('',#12080,#5474);
#4619=LINE('',#12081,#5475);
#4620=LINE('',#12083,#5476);
#4621=LINE('',#12085,#5477);
#4622=LINE('',#12089,#5478);
#4623=LINE('',#12095,#5479);
#4624=LINE('',#12097,#5480);
#4625=LINE('',#12102,#5481);
#4626=LINE('',#12106,#5482);
#4627=LINE('',#12107,#5483);
#4628=LINE('',#12108,#5484);
#4629=LINE('',#12110,#5485);
#4630=LINE('',#12115,#5486);
#4631=LINE('',#12119,#5487);
#4632=LINE('',#12121,#5488);
#4633=LINE('',#12122,#5489);
#4634=LINE('',#12124,#5490);
#4635=LINE('',#12126,#5491);
#4636=LINE('',#12128,#5492);
#4637=LINE('',#12130,#5493);
#4638=LINE('',#12156,#5494);
#4639=LINE('',#12158,#5495);
#4640=LINE('',#12162,#5496);
#4641=LINE('',#12164,#5497);
#4642=LINE('',#12167,#5498);
#4643=LINE('',#12169,#5499);
#4644=LINE('',#12171,#5500);
#4645=LINE('',#12175,#5501);
#4646=LINE('',#12179,#5502);
#4647=LINE('',#12182,#5503);
#4648=LINE('',#12184,#5504);
#4649=LINE('',#12186,#5505);
#4650=LINE('',#12188,#5506);
#4651=LINE('',#12190,#5507);
#4652=LINE('',#12192,#5508);
#4653=LINE('',#12194,#5509);
#4654=LINE('',#12197,#5510);
#4655=LINE('',#12198,#5511);
#4656=LINE('',#12200,#5512);
#4657=LINE('',#12206,#5513);
#4658=LINE('',#12210,#5514);
#4659=LINE('',#12212,#5515);
#4660=LINE('',#12213,#5516);
#4661=LINE('',#12215,#5517);
#4662=LINE('',#12219,#5518);
#4663=LINE('',#12221,#5519);
#4664=LINE('',#12223,#5520);
#4665=LINE('',#12227,#5521);
#4666=LINE('',#12229,#5522);
#4667=LINE('',#12232,#5523);
#4668=LINE('',#12233,#5524);
#4669=LINE('',#12235,#5525);
#4670=LINE('',#12237,#5526);
#4671=LINE('',#12239,#5527);
#4672=LINE('',#12241,#5528);
#4673=LINE('',#12242,#5529);
#4674=LINE('',#12244,#5530);
#4675=LINE('',#12246,#5531);
#4676=LINE('',#12247,#5532);
#4677=LINE('',#12249,#5533);
#4678=LINE('',#12251,#5534);
#4679=LINE('',#12253,#5535);
#4680=LINE('',#12255,#5536);
#4681=LINE('',#12257,#5537);
#4682=LINE('',#12260,#5538);
#4683=LINE('',#12262,#5539);
#4684=LINE('',#12264,#5540);
#4685=LINE('',#12266,#5541);
#4686=LINE('',#12269,#5542);
#4687=LINE('',#12271,#5543);
#4688=LINE('',#12273,#5544);
#4689=LINE('',#12275,#5545);
#4690=LINE('',#12277,#5546);
#4691=LINE('',#12281,#5547);
#4692=LINE('',#12283,#5548);
#4693=LINE('',#12285,#5549);
#4694=LINE('',#12287,#5550);
#4695=LINE('',#12290,#5551);
#4696=LINE('',#12296,#5552);
#4697=LINE('',#12298,#5553);
#4698=LINE('',#12300,#5554);
#4699=LINE('',#12302,#5555);
#4700=LINE('',#12305,#5556);
#4701=LINE('',#12307,#5557);
#4702=LINE('',#12309,#5558);
#4703=LINE('',#12311,#5559);
#4704=LINE('',#12313,#5560);
#4705=LINE('',#12315,#5561);
#4706=LINE('',#12318,#5562);
#4707=LINE('',#12320,#5563);
#4708=LINE('',#12321,#5564);
#4709=LINE('',#12322,#5565);
#4710=LINE('',#12323,#5566);
#4711=LINE('',#12325,#5567);
#4712=LINE('',#12329,#5568);
#4713=LINE('',#12331,#5569);
#4714=LINE('',#12333,#5570);
#4715=LINE('',#12335,#5571);
#4716=LINE('',#12337,#5572);
#4717=LINE('',#12339,#5573);
#4718=LINE('',#12341,#5574);
#4719=LINE('',#12343,#5575);
#4720=LINE('',#12345,#5576);
#4721=LINE('',#12347,#5577);
#4722=LINE('',#12351,#5578);
#4723=LINE('',#12355,#5579);
#4724=LINE('',#12361,#5580);
#4725=LINE('',#12363,#5581);
#4726=LINE('',#12365,#5582);
#4727=LINE('',#12367,#5583);
#4728=LINE('',#12369,#5584);
#4729=LINE('',#12371,#5585);
#4730=LINE('',#12373,#5586);
#4731=LINE('',#12375,#5587);
#4732=LINE('',#12377,#5588);
#4733=LINE('',#12379,#5589);
#4734=LINE('',#12381,#5590);
#4735=LINE('',#12382,#5591);
#4736=LINE('',#12385,#5592);
#4737=LINE('',#12387,#5593);
#4738=LINE('',#12389,#5594);
#4739=LINE('',#12391,#5595);
#4740=LINE('',#12392,#5596);
#4741=LINE('',#12394,#5597);
#4742=LINE('',#12396,#5598);
#4743=LINE('',#12576,#5599);
#4744=LINE('',#12577,#5600);
#4745=LINE('',#12579,#5601);
#4746=LINE('',#12581,#5602);
#4747=LINE('',#12583,#5603);
#4748=LINE('',#12585,#5604);
#4749=LINE('',#12587,#5605);
#4750=LINE('',#12589,#5606);
#4751=LINE('',#12591,#5607);
#4752=LINE('',#12593,#5608);
#4753=LINE('',#12595,#5609);
#4754=LINE('',#12597,#5610);
#4755=LINE('',#12599,#5611);
#4756=LINE('',#12601,#5612);
#4757=LINE('',#12603,#5613);
#4758=LINE('',#12605,#5614);
#4759=LINE('',#12607,#5615);
#4760=LINE('',#12643,#5616);
#4761=LINE('',#12646,#5617);
#4762=LINE('',#12648,#5618);
#4763=LINE('',#12652,#5619);
#4764=LINE('',#12654,#5620);
#4765=LINE('',#12657,#5621);
#4766=LINE('',#12659,#5622);
#4767=LINE('',#12661,#5623);
#4768=LINE('',#12670,#5624);
#4769=LINE('',#12672,#5625);
#4770=LINE('',#12673,#5626);
#4771=LINE('',#12681,#5627);
#4772=LINE('',#12688,#5628);
#4773=LINE('',#12694,#5629);
#4774=LINE('',#12696,#5630);
#4775=LINE('',#12698,#5631);
#4776=LINE('',#12700,#5632);
#4777=LINE('',#12709,#5633);
#4778=LINE('',#12711,#5634);
#4779=LINE('',#12713,#5635);
#4780=LINE('',#12715,#5636);
#4781=LINE('',#12717,#5637);
#4782=LINE('',#12729,#5638);
#4783=LINE('',#12733,#5639);
#4784=LINE('',#12749,#5640);
#4785=LINE('',#12751,#5641);
#4786=LINE('',#12753,#5642);
#4787=LINE('',#12755,#5643);
#4788=LINE('',#12773,#5644);
#4789=LINE('',#12777,#5645);
#4790=LINE('',#12780,#5646);
#4791=LINE('',#12782,#5647);
#4792=LINE('',#12784,#5648);
#4793=LINE('',#12786,#5649);
#4794=LINE('',#12802,#5650);
#4795=LINE('',#12804,#5651);
#4796=LINE('',#12807,#5652);
#4797=LINE('',#12809,#5653);
#4798=LINE('',#12811,#5654);
#4799=LINE('',#12813,#5655);
#4800=LINE('',#12816,#5656);
#4801=LINE('',#12818,#5657);
#4802=LINE('',#12820,#5658);
#4803=LINE('',#12822,#5659);
#4804=LINE('',#12827,#5660);
#4805=LINE('',#12831,#5661);
#4806=LINE('',#12834,#5662);
#4807=LINE('',#12836,#5663);
#4808=LINE('',#12838,#5664);
#4809=LINE('',#12840,#5665);
#4810=LINE('',#12842,#5666);
#4811=LINE('',#12844,#5667);
#4812=LINE('',#12847,#5668);
#4813=LINE('',#12849,#5669);
#4814=LINE('',#12851,#5670);
#4815=LINE('',#12855,#5671);
#4816=LINE('',#12857,#5672);
#4817=LINE('',#12860,#5673);
#4818=LINE('',#12862,#5674);
#4819=LINE('',#12864,#5675);
#4820=LINE('',#12866,#5676);
#4821=LINE('',#12868,#5677);
#4822=LINE('',#12871,#5678);
#4823=LINE('',#12875,#5679);
#4824=LINE('',#12877,#5680);
#4825=LINE('',#12881,#5681);
#4826=LINE('',#12885,#5682);
#4827=LINE('',#12888,#5683);
#4828=LINE('',#12890,#5684);
#4829=LINE('',#12892,#5685);
#4830=LINE('',#12894,#5686);
#4831=LINE('',#12896,#5687);
#4832=LINE('',#12899,#5688);
#4833=LINE('',#12901,#5689);
#4834=LINE('',#12903,#5690);
#4835=LINE('',#12907,#5691);
#4836=LINE('',#12912,#5692);
#4837=LINE('',#12913,#5693);
#4838=LINE('',#12915,#5694);
#4839=LINE('',#12917,#5695);
#4840=LINE('',#12921,#5696);
#4841=LINE('',#12923,#5697);
#4842=LINE('',#12924,#5698);
#4843=LINE('',#12926,#5699);
#4844=LINE('',#12928,#5700);
#4845=LINE('',#12932,#5701);
#4846=LINE('',#12933,#5702);
#4847=LINE('',#12935,#5703);
#4848=LINE('',#12937,#5704);
#4849=LINE('',#12940,#5705);
#4850=LINE('',#12942,#5706);
#4851=LINE('',#12944,#5707);
#4852=LINE('',#12946,#5708);
#4853=LINE('',#12949,#5709);
#4854=LINE('',#12951,#5710);
#4855=LINE('',#12953,#5711);
#4856=LINE('',#12955,#5712);
#4857=LINE('',#12958,#5713);
#4858=LINE('',#12960,#5714);
#4859=LINE('',#12962,#5715);
#4860=LINE('',#12964,#5716);
#4861=LINE('',#12969,#5717);
#4862=LINE('',#12973,#5718);
#4863=LINE('',#12975,#5719);
#4864=LINE('',#12977,#5720);
#4865=LINE('',#12979,#5721);
#4866=LINE('',#12981,#5722);
#4867=LINE('',#12983,#5723);
#4868=LINE('',#12985,#5724);
#4869=LINE('',#12987,#5725);
#4870=LINE('',#12988,#5726);
#4871=LINE('',#12990,#5727);
#4872=LINE('',#12992,#5728);
#4873=LINE('',#12994,#5729);
#4874=LINE('',#12996,#5730);
#4875=LINE('',#12998,#5731);
#4876=LINE('',#12999,#5732);
#4877=LINE('',#13001,#5733);
#4878=LINE('',#13005,#5734);
#4879=LINE('',#13009,#5735);
#4880=LINE('',#13013,#5736);
#4881=LINE('',#13015,#5737);
#4882=LINE('',#13017,#5738);
#4883=LINE('',#13019,#5739);
#4884=LINE('',#13023,#5740);
#4885=LINE('',#13025,#5741);
#4886=LINE('',#13028,#5742);
#4887=LINE('',#13030,#5743);
#4888=LINE('',#13032,#5744);
#4889=LINE('',#13034,#5745);
#4890=LINE('',#13036,#5746);
#4891=LINE('',#13039,#5747);
#4892=LINE('',#13043,#5748);
#4893=LINE('',#13045,#5749);
#4894=LINE('',#13049,#5750);
#4895=LINE('',#13053,#5751);
#4896=LINE('',#13056,#5752);
#4897=LINE('',#13058,#5753);
#4898=LINE('',#13060,#5754);
#4899=LINE('',#13062,#5755);
#4900=LINE('',#13064,#5756);
#4901=LINE('',#13067,#5757);
#4902=LINE('',#13069,#5758);
#4903=LINE('',#13071,#5759);
#4904=LINE('',#13075,#5760);
#4905=LINE('',#13077,#5761);
#4906=LINE('',#13082,#5762);
#4907=LINE('',#13086,#5763);
#4908=LINE('',#13088,#5764);
#4909=LINE('',#13090,#5765);
#4910=LINE('',#13091,#5766);
#4911=LINE('',#13095,#5767);
#4912=LINE('',#13097,#5768);
#4913=LINE('',#13101,#5769);
#4914=LINE('',#13103,#5770);
#4915=LINE('',#13104,#5771);
#4916=LINE('',#13106,#5772);
#4917=LINE('',#13110,#5773);
#4918=LINE('',#13112,#5774);
#4919=LINE('',#13113,#5775);
#4920=LINE('',#13115,#5776);
#4921=LINE('',#13117,#5777);
#4922=LINE('',#13121,#5778);
#4923=LINE('',#13123,#5779);
#4924=LINE('',#13125,#5780);
#4925=LINE('',#13127,#5781);
#4926=LINE('',#13129,#5782);
#4927=LINE('',#13131,#5783);
#4928=LINE('',#13132,#5784);
#4929=LINE('',#13134,#5785);
#4930=LINE('',#13136,#5786);
#4931=LINE('',#13137,#5787);
#4932=LINE('',#13138,#5788);
#4933=LINE('',#13142,#5789);
#4934=LINE('',#13144,#5790);
#4935=LINE('',#13146,#5791);
#4936=LINE('',#13149,#5792);
#4937=LINE('',#13152,#5793);
#4938=LINE('',#13154,#5794);
#4939=LINE('',#13156,#5795);
#4940=LINE('',#13158,#5796);
#4941=LINE('',#13161,#5797);
#4942=LINE('',#13163,#5798);
#4943=LINE('',#13166,#5799);
#4944=LINE('',#13170,#5800);
#4945=LINE('',#13172,#5801);
#4946=LINE('',#13177,#5802);
#4947=LINE('',#13181,#5803);
#4948=LINE('',#13183,#5804);
#4949=LINE('',#13186,#5805);
#4950=LINE('',#13188,#5806);
#4951=LINE('',#13190,#5807);
#4952=LINE('',#13192,#5808);
#4953=LINE('',#13194,#5809);
#4954=LINE('',#13196,#5810);
#4955=LINE('',#13199,#5811);
#4956=LINE('',#13201,#5812);
#4957=LINE('',#13203,#5813);
#4958=LINE('',#13208,#5814);
#4959=LINE('',#13212,#5815);
#4960=LINE('',#13216,#5816);
#4961=LINE('',#13218,#5817);
#4962=LINE('',#13219,#5818);
#4963=LINE('',#13221,#5819);
#4964=LINE('',#13223,#5820);
#4965=LINE('',#13227,#5821);
#4966=LINE('',#13229,#5822);
#4967=LINE('',#13230,#5823);
#4968=LINE('',#13232,#5824);
#4969=LINE('',#13234,#5825);
#4970=LINE('',#13236,#5826);
#4971=LINE('',#13237,#5827);
#4972=LINE('',#13239,#5828);
#4973=LINE('',#13241,#5829);
#4974=LINE('',#13243,#5830);
#4975=LINE('',#13245,#5831);
#4976=LINE('',#13247,#5832);
#4977=LINE('',#13249,#5833);
#4978=LINE('',#13252,#5834);
#4979=LINE('',#13254,#5835);
#4980=LINE('',#13256,#5836);
#4981=LINE('',#13258,#5837);
#4982=LINE('',#13260,#5838);
#4983=LINE('',#13261,#5839);
#4984=LINE('',#13263,#5840);
#4985=LINE('',#13265,#5841);
#4986=LINE('',#13269,#5842);
#4987=LINE('',#13271,#5843);
#4988=LINE('',#13273,#5844);
#4989=LINE('',#13277,#5845);
#4990=LINE('',#13279,#5846);
#4991=LINE('',#13282,#5847);
#4992=LINE('',#13284,#5848);
#4993=LINE('',#13286,#5849);
#4994=LINE('',#13288,#5850);
#4995=LINE('',#13290,#5851);
#4996=LINE('',#13293,#5852);
#4997=LINE('',#13295,#5853);
#4998=LINE('',#13297,#5854);
#4999=LINE('',#13299,#5855);
#5000=LINE('',#13302,#5856);
#5001=LINE('',#13304,#5857);
#5002=LINE('',#13306,#5858);
#5003=LINE('',#13312,#5859);
#5004=LINE('',#13314,#5860);
#5005=LINE('',#13315,#5861);
#5006=LINE('',#13319,#5862);
#5007=LINE('',#13321,#5863);
#5008=LINE('',#13323,#5864);
#5009=LINE('',#13325,#5865);
#5010=LINE('',#13327,#5866);
#5011=LINE('',#13329,#5867);
#5012=LINE('',#13333,#5868);
#5013=LINE('',#13337,#5869);
#5014=LINE('',#13341,#5870);
#5015=LINE('',#13343,#5871);
#5016=LINE('',#13344,#5872);
#5017=LINE('',#13346,#5873);
#5018=LINE('',#13348,#5874);
#5019=LINE('',#13350,#5875);
#5020=LINE('',#13352,#5876);
#5021=LINE('',#13354,#5877);
#5022=LINE('',#13356,#5878);
#5023=LINE('',#13358,#5879);
#5024=LINE('',#13360,#5880);
#5025=LINE('',#13362,#5881);
#5026=LINE('',#13364,#5882);
#5027=LINE('',#13366,#5883);
#5028=LINE('',#13368,#5884);
#5029=LINE('',#13370,#5885);
#5030=LINE('',#13372,#5886);
#5031=LINE('',#13374,#5887);
#5032=LINE('',#13376,#5888);
#5033=LINE('',#13378,#5889);
#5034=LINE('',#13380,#5890);
#5035=LINE('',#13382,#5891);
#5036=LINE('',#13384,#5892);
#5037=LINE('',#13385,#5893);
#5038=LINE('',#13386,#5894);
#5039=LINE('',#13387,#5895);
#5040=LINE('',#13389,#5896);
#5041=LINE('',#13391,#5897);
#5042=LINE('',#13392,#5898);
#5043=LINE('',#13394,#5899);
#5044=LINE('',#13397,#5900);
#5045=LINE('',#13399,#5901);
#5046=LINE('',#13401,#5902);
#5047=LINE('',#13403,#5903);
#5048=LINE('',#13404,#5904);
#5049=LINE('',#13406,#5905);
#5050=LINE('',#13408,#5906);
#5051=LINE('',#13410,#5907);
#5052=LINE('',#13412,#5908);
#5053=LINE('',#13414,#5909);
#5054=LINE('',#13416,#5910);
#5055=LINE('',#13417,#5911);
#5056=LINE('',#13418,#5912);
#5057=LINE('',#13419,#5913);
#5058=LINE('',#13420,#5914);
#5059=LINE('',#13421,#5915);
#5060=LINE('',#13422,#5916);
#5061=LINE('',#13424,#5917);
#5062=LINE('',#13430,#5918);
#5063=LINE('',#13432,#5919);
#5064=LINE('',#13434,#5920);
#5065=LINE('',#13436,#5921);
#5066=LINE('',#13438,#5922);
#5067=LINE('',#13440,#5923);
#5068=LINE('',#13442,#5924);
#5069=LINE('',#13444,#5925);
#5070=LINE('',#13446,#5926);
#5071=LINE('',#13447,#5927);
#5072=LINE('',#13454,#5928);
#5073=LINE('',#13459,#5929);
#5074=LINE('',#13461,#5930);
#5075=LINE('',#13464,#5931);
#5076=LINE('',#13465,#5932);
#5077=LINE('',#13467,#5933);
#5078=LINE('',#13469,#5934);
#5079=LINE('',#13471,#5935);
#5080=LINE('',#13473,#5936);
#5081=LINE('',#13475,#5937);
#5082=LINE('',#13477,#5938);
#5083=LINE('',#13481,#5939);
#5084=LINE('',#13492,#5940);
#5085=LINE('',#13494,#5941);
#5086=LINE('',#13496,#5942);
#5087=LINE('',#13498,#5943);
#5088=LINE('',#13500,#5944);
#5089=LINE('',#13502,#5945);
#5090=LINE('',#13505,#5946);
#5091=LINE('',#13507,#5947);
#5092=LINE('',#13509,#5948);
#5093=LINE('',#13511,#5949);
#5094=LINE('',#13513,#5950);
#5095=LINE('',#13514,#5951);
#5096=LINE('',#13594,#5952);
#5097=LINE('',#13597,#5953);
#5098=LINE('',#13599,#5954);
#5099=LINE('',#13601,#5955);
#5100=LINE('',#13603,#5956);
#5101=LINE('',#13605,#5957);
#5102=LINE('',#13607,#5958);
#5103=LINE('',#13612,#5959);
#5104=LINE('',#13614,#5960);
#5105=LINE('',#13616,#5961);
#5106=LINE('',#13618,#5962);
#5107=LINE('',#13633,#5963);
#5108=LINE('',#13639,#5964);
#5109=LINE('',#13645,#5965);
#5110=LINE('',#13650,#5966);
#5111=LINE('',#13653,#5967);
#5112=LINE('',#13655,#5968);
#5113=LINE('',#13657,#5969);
#5114=LINE('',#13659,#5970);
#5115=LINE('',#13661,#5971);
#5116=LINE('',#13663,#5972);
#5117=LINE('',#13665,#5973);
#5118=LINE('',#13667,#5974);
#5119=LINE('',#13669,#5975);
#5120=LINE('',#13671,#5976);
#5121=LINE('',#13673,#5977);
#5122=LINE('',#13676,#5978);
#5123=LINE('',#13677,#5979);
#5124=LINE('',#13679,#5980);
#5125=LINE('',#13682,#5981);
#5126=LINE('',#13684,#5982);
#5127=LINE('',#13686,#5983);
#5128=LINE('',#13690,#5984);
#5129=LINE('',#13692,#5985);
#5130=LINE('',#13696,#5986);
#5131=LINE('',#13697,#5987);
#5132=LINE('',#13699,#5988);
#5133=LINE('',#13702,#5989);
#5134=LINE('',#13730,#5990);
#5135=LINE('',#13734,#5991);
#5136=LINE('',#13740,#5992);
#5137=LINE('',#13756,#5993);
#5138=LINE('',#13758,#5994);
#5139=LINE('',#13760,#5995);
#5140=LINE('',#13762,#5996);
#5141=LINE('',#13765,#5997);
#5142=LINE('',#13767,#5998);
#5143=LINE('',#13768,#5999);
#5144=LINE('',#13771,#6000);
#5145=LINE('',#13773,#6001);
#5146=LINE('',#13775,#6002);
#5147=LINE('',#13777,#6003);
#5148=LINE('',#13785,#6004);
#5149=LINE('',#13787,#6005);
#5150=LINE('',#13789,#6006);
#5151=LINE('',#13794,#6007);
#5152=LINE('',#13801,#6008);
#5153=LINE('',#13804,#6009);
#5154=LINE('',#13806,#6010);
#5155=LINE('',#13808,#6011);
#5156=LINE('',#13810,#6012);
#5157=LINE('',#13812,#6013);
#5158=LINE('',#13814,#6014);
#5159=LINE('',#13815,#6015);
#5160=LINE('',#13816,#6016);
#5161=LINE('',#13821,#6017);
#5162=LINE('',#13827,#6018);
#5163=LINE('',#13830,#6019);
#5164=LINE('',#13831,#6020);
#5165=LINE('',#13836,#6021);
#5166=LINE('',#13840,#6022);
#5167=LINE('',#13842,#6023);
#5168=LINE('',#13844,#6024);
#5169=LINE('',#13847,#6025);
#5170=LINE('',#13849,#6026);
#5171=LINE('',#13851,#6027);
#5172=LINE('',#13853,#6028);
#5173=LINE('',#13855,#6029);
#5174=LINE('',#13857,#6030);
#5175=LINE('',#13859,#6031);
#5176=LINE('',#13867,#6032);
#5177=LINE('',#13869,#6033);
#5178=LINE('',#13870,#6034);
#5179=LINE('',#13872,#6035);
#5180=LINE('',#13877,#6036);
#5181=LINE('',#13878,#6037);
#5182=LINE('',#13879,#6038);
#5183=LINE('',#13881,#6039);
#5184=LINE('',#13883,#6040);
#5185=LINE('',#13885,#6041);
#5186=LINE('',#13887,#6042);
#5187=LINE('',#13889,#6043);
#5188=LINE('',#13890,#6044);
#5189=LINE('',#13894,#6045);
#5190=LINE('',#13896,#6046);
#5191=LINE('',#13898,#6047);
#5192=LINE('',#13903,#6048);
#5193=LINE('',#13907,#6049);
#5194=LINE('',#13910,#6050);
#5195=LINE('',#13912,#6051);
#5196=LINE('',#13913,#6052);
#5197=LINE('',#13914,#6053);
#5198=LINE('',#13916,#6054);
#5199=LINE('',#13918,#6055);
#5200=LINE('',#13920,#6056);
#5201=LINE('',#13921,#6057);
#5202=LINE('',#13923,#6058);
#5203=LINE('',#13926,#6059);
#5204=LINE('',#13927,#6060);
#5205=LINE('',#13929,#6061);
#5206=LINE('',#13931,#6062);
#5207=LINE('',#13933,#6063);
#5208=LINE('',#13935,#6064);
#5209=LINE('',#13937,#6065);
#5210=LINE('',#13964,#6066);
#5211=LINE('',#13968,#6067);
#5212=LINE('',#13970,#6068);
#5213=LINE('',#13976,#6069);
#5214=LINE('',#13978,#6070);
#5215=LINE('',#13980,#6071);
#5216=LINE('',#13983,#6072);
#5217=LINE('',#13985,#6073);
#5218=LINE('',#13990,#6074);
#5219=LINE('',#13991,#6075);
#5220=LINE('',#13993,#6076);
#5221=LINE('',#13995,#6077);
#5222=LINE('',#13996,#6078);
#5223=LINE('',#13997,#6079);
#5224=LINE('',#13999,#6080);
#5225=LINE('',#14001,#6081);
#5226=LINE('',#14003,#6082);
#5227=LINE('',#14005,#6083);
#5228=LINE('',#14007,#6084);
#5229=LINE('',#14009,#6085);
#5230=LINE('',#14011,#6086);
#5231=LINE('',#14014,#6087);
#5232=LINE('',#14015,#6088);
#5233=LINE('',#14017,#6089);
#5234=LINE('',#14019,#6090);
#5235=LINE('',#14021,#6091);
#5236=LINE('',#14023,#6092);
#5237=LINE('',#14028,#6093);
#5238=LINE('',#14031,#6094);
#5239=LINE('',#14033,#6095);
#5240=LINE('',#14035,#6096);
#5241=LINE('',#14046,#6097);
#5242=LINE('',#14047,#6098);
#5243=LINE('',#14049,#6099);
#5244=LINE('',#14051,#6100);
#5245=LINE('',#14054,#6101);
#5246=LINE('',#14055,#6102);
#5247=LINE('',#14057,#6103);
#5248=LINE('',#14075,#6104);
#5249=LINE('',#14077,#6105);
#5250=LINE('',#14080,#6106);
#5251=LINE('',#14083,#6107);
#5252=LINE('',#14085,#6108);
#5253=LINE('',#14089,#6109);
#5254=LINE('',#14091,#6110);
#5255=LINE('',#14093,#6111);
#5256=LINE('',#14095,#6112);
#5257=LINE('',#14096,#6113);
#5258=LINE('',#14098,#6114);
#5259=LINE('',#14100,#6115);
#5260=LINE('',#14102,#6116);
#5261=LINE('',#14104,#6117);
#5262=LINE('',#14105,#6118);
#5263=LINE('',#14109,#6119);
#5264=LINE('',#14110,#6120);
#5265=LINE('',#14112,#6121);
#5266=VECTOR('',#9554,1.);
#5267=VECTOR('',#9557,1.);
#5268=VECTOR('',#9562,1.);
#5269=VECTOR('',#9563,1.);
#5270=VECTOR('',#9564,1.);
#5271=VECTOR('',#9565,1.);
#5272=VECTOR('',#9568,1.);
#5273=VECTOR('',#9569,1.);
#5274=VECTOR('',#9570,1.);
#5275=VECTOR('',#9571,1.);
#5276=VECTOR('',#9576,1.);
#5277=VECTOR('',#9579,1.);
#5278=VECTOR('',#9584,1.);
#5279=VECTOR('',#9589,1.);
#5280=VECTOR('',#9590,1.);
#5281=VECTOR('',#9591,1.);
#5282=VECTOR('',#9592,1.);
#5283=VECTOR('',#9595,1.);
#5284=VECTOR('',#9596,1.);
#5285=VECTOR('',#9597,1.);
#5286=VECTOR('',#9602,1.);
#5287=VECTOR('',#9603,1.);
#5288=VECTOR('',#9608,1.);
#5289=VECTOR('',#9609,1.);
#5290=VECTOR('',#9610,1.);
#5291=VECTOR('',#9611,1.);
#5292=VECTOR('',#9614,1.);
#5293=VECTOR('',#9615,1.);
#5294=VECTOR('',#9618,1.);
#5295=VECTOR('',#9619,1.);
#5296=VECTOR('',#9620,1.);
#5297=VECTOR('',#9623,1.);
#5298=VECTOR('',#9624,1.);
#5299=VECTOR('',#9625,1.);
#5300=VECTOR('',#9626,1.);
#5301=VECTOR('',#9633,1.);
#5302=VECTOR('',#9634,1.);
#5303=VECTOR('',#9637,1.);
#5304=VECTOR('',#9638,1.);
#5305=VECTOR('',#9641,1.);
#5306=VECTOR('',#9642,1.);
#5307=VECTOR('',#9643,1.);
#5308=VECTOR('',#9644,1.);
#5309=VECTOR('',#9647,1.);
#5310=VECTOR('',#9648,1.);
#5311=VECTOR('',#9649,1.);
#5312=VECTOR('',#9652,1.);
#5313=VECTOR('',#9655,1.);
#5314=VECTOR('',#9658,1.);
#5315=VECTOR('',#9663,1.);
#5316=VECTOR('',#9664,1.);
#5317=VECTOR('',#9665,1.);
#5318=VECTOR('',#9670,1.);
#5319=VECTOR('',#9671,1.);
#5320=VECTOR('',#9672,1.);
#5321=VECTOR('',#9675,1.);
#5322=VECTOR('',#9676,1.);
#5323=VECTOR('',#9677,1.);
#5324=VECTOR('',#9678,1.);
#5325=VECTOR('',#9683,1.);
#5326=VECTOR('',#9686,1.);
#5327=VECTOR('',#9687,1.);
#5328=VECTOR('',#9690,1.);
#5329=VECTOR('',#9691,1.);
#5330=VECTOR('',#9696,1.);
#5331=VECTOR('',#9697,1.);
#5332=VECTOR('',#9698,1.);
#5333=VECTOR('',#9699,1.);
#5334=VECTOR('',#9702,1.);
#5335=VECTOR('',#9703,1.);
#5336=VECTOR('',#9704,1.);
#5337=VECTOR('',#9707,1.);
#5338=VECTOR('',#9708,1.);
#5339=VECTOR('',#9709,1.);
#5340=VECTOR('',#9710,1.);
#5341=VECTOR('',#9715,1.);
#5342=VECTOR('',#9718,1.);
#5343=VECTOR('',#9721,1.);
#5344=VECTOR('',#9722,1.);
#5345=VECTOR('',#9723,1.);
#5346=VECTOR('',#9724,1.);
#5347=VECTOR('',#9727,1.);
#5348=VECTOR('',#9728,1.);
#5349=VECTOR('',#9729,1.);
#5350=VECTOR('',#9734,1.);
#5351=VECTOR('',#9739,1.);
#5352=VECTOR('',#9740,1.);
#5353=VECTOR('',#9741,1.);
#5354=VECTOR('',#9744,1.);
#5355=VECTOR('',#9745,1.);
#5356=VECTOR('',#9748,1.);
#5357=VECTOR('',#9751,1.);
#5358=VECTOR('',#9756,1.);
#5359=VECTOR('',#9757,1.);
#5360=VECTOR('',#9760,1.);
#5361=VECTOR('',#9761,1.);
#5362=VECTOR('',#9762,1.);
#5363=VECTOR('',#9765,1.);
#5364=VECTOR('',#9766,1.);
#5365=VECTOR('',#9769,1.);
#5366=VECTOR('',#9770,1.);
#5367=VECTOR('',#9777,1.);
#5368=VECTOR('',#9778,1.);
#5369=VECTOR('',#9781,1.);
#5370=VECTOR('',#9784,1.);
#5371=VECTOR('',#9785,1.);
#5372=VECTOR('',#9788,1.);
#5373=VECTOR('',#9789,1.);
#5374=VECTOR('',#9794,1.);
#5375=VECTOR('',#9795,1.);
#5376=VECTOR('',#9796,1.);
#5377=VECTOR('',#9797,1.);
#5378=VECTOR('',#9800,1.);
#5379=VECTOR('',#9801,1.);
#5380=VECTOR('',#9802,1.);
#5381=VECTOR('',#9805,1.);
#5382=VECTOR('',#9810,1.);
#5383=VECTOR('',#9811,1.);
#5384=VECTOR('',#9816,1.);
#5385=VECTOR('',#9821,1.);
#5386=VECTOR('',#9824,1.);
#5387=VECTOR('',#9827,1.);
#5388=VECTOR('',#9828,1.);
#5389=VECTOR('',#9829,1.);
#5390=VECTOR('',#9832,1.);
#5391=VECTOR('',#9837,1.);
#5392=VECTOR('',#9838,1.);
#5393=VECTOR('',#9841,1.);
#5394=VECTOR('',#9842,1.);
#5395=VECTOR('',#9843,1.);
#5396=VECTOR('',#9844,1.);
#5397=VECTOR('',#9847,1.);
#5398=VECTOR('',#9848,1.);
#5399=VECTOR('',#9849,1.);
#5400=VECTOR('',#9852,1.);
#5401=VECTOR('',#9855,1.);
#5402=VECTOR('',#9860,1.);
#5403=VECTOR('',#9861,1.);
#5404=VECTOR('',#9862,1.);
#5405=VECTOR('',#9865,1.);
#5406=VECTOR('',#9868,1.);
#5407=VECTOR('',#9873,1.);
#5408=VECTOR('',#9876,1.);
#5409=VECTOR('',#9881,1.);
#5410=VECTOR('',#9882,1.);
#5411=VECTOR('',#9883,1.);
#5412=VECTOR('',#9886,1.);
#5413=VECTOR('',#9887,1.);
#5414=VECTOR('',#9888,1.);
#5415=VECTOR('',#9889,1.);
#5416=VECTOR('',#9892,1.);
#5417=VECTOR('',#9893,1.);
#5418=VECTOR('',#9896,1.);
#5419=VECTOR('',#9899,1.);
#5420=VECTOR('',#9904,1.);
#5421=VECTOR('',#9905,1.);
#5422=VECTOR('',#9906,1.);
#5423=VECTOR('',#9909,1.);
#5424=VECTOR('',#9912,1.);
#5425=VECTOR('',#9913,1.);
#5426=VECTOR('',#9914,1.);
#5427=VECTOR('',#9915,1.);
#5428=VECTOR('',#9918,1.);
#5429=VECTOR('',#9919,1.);
#5430=VECTOR('',#9920,1.);
#5431=VECTOR('',#9921,1.);
#5432=VECTOR('',#9924,1.);
#5433=VECTOR('',#9925,1.);
#5434=VECTOR('',#9926,1.);
#5435=VECTOR('',#9927,1.);
#5436=VECTOR('',#9930,1.);
#5437=VECTOR('',#9931,1.);
#5438=VECTOR('',#9934,1.);
#5439=VECTOR('',#9937,1.);
#5440=VECTOR('',#9938,1.);
#5441=VECTOR('',#9941,1.);
#5442=VECTOR('',#9942,1.);
#5443=VECTOR('',#9945,1.);
#5444=VECTOR('',#9950,1.);
#5445=VECTOR('',#9951,1.);
#5446=VECTOR('',#9952,1.);
#5447=VECTOR('',#9957,1.);
#5448=VECTOR('',#9960,1.);
#5449=VECTOR('',#9961,1.);
#5450=VECTOR('',#9962,1.);
#5451=VECTOR('',#9963,1.);
#5452=VECTOR('',#9966,1.);
#5453=VECTOR('',#9967,1.);
#5454=VECTOR('',#9968,1.);
#5455=VECTOR('',#9971,1.);
#5456=VECTOR('',#9974,1.);
#5457=VECTOR('',#9979,1.);
#5458=VECTOR('',#9980,1.);
#5459=VECTOR('',#9983,1.);
#5460=VECTOR('',#9984,1.);
#5461=VECTOR('',#9987,1.);
#5462=VECTOR('',#9990,1.);
#5463=VECTOR('',#9991,1.);
#5464=VECTOR('',#9992,1.);
#5465=VECTOR('',#9993,1.);
#5466=VECTOR('',#9996,1.);
#5467=VECTOR('',#9997,1.);
#5468=VECTOR('',#9998,1.);
#5469=VECTOR('',#9999,1.);
#5470=VECTOR('',#10002,1.);
#5471=VECTOR('',#10003,1.);
#5472=VECTOR('',#10004,1.);
#5473=VECTOR('',#10009,1.);
#5474=VECTOR('',#10012,1.);
#5475=VECTOR('',#10013,1.);
#5476=VECTOR('',#10016,1.);
#5477=VECTOR('',#10017,1.);
#5478=VECTOR('',#10022,1.);
#5479=VECTOR('',#10029,1.);
#5480=VECTOR('',#10032,1.);
#5481=VECTOR('',#10035,1.);
#5482=VECTOR('',#10040,1.);
#5483=VECTOR('',#10041,1.);
#5484=VECTOR('',#10042,1.);
#5485=VECTOR('',#10045,1.);
#5486=VECTOR('',#10048,1.);
#5487=VECTOR('',#10053,1.);
#5488=VECTOR('',#10054,1.);
#5489=VECTOR('',#10055,1.);
#5490=VECTOR('',#10058,1.);
#5491=VECTOR('',#10059,1.);
#5492=VECTOR('',#10062,1.);
#5493=VECTOR('',#10065,1.);
#5494=VECTOR('',#10076,1.);
#5495=VECTOR('',#10079,1.);
#5496=VECTOR('',#10082,1.);
#5497=VECTOR('',#10085,1.);
#5498=VECTOR('',#10086,1.);
#5499=VECTOR('',#10087,1.);
#5500=VECTOR('',#10088,1.);
#5501=VECTOR('',#10093,1.);
#5502=VECTOR('',#10098,1.);
#5503=VECTOR('',#10099,1.);
#5504=VECTOR('',#10100,1.);
#5505=VECTOR('',#10101,1.);
#5506=VECTOR('',#10104,1.);
#5507=VECTOR('',#10105,1.);
#5508=VECTOR('',#10106,1.);
#5509=VECTOR('',#10109,1.);
#5510=VECTOR('',#10110,1.);
#5511=VECTOR('',#10111,1.);
#5512=VECTOR('',#10112,1.);
#5513=VECTOR('',#10119,1.);
#5514=VECTOR('',#10122,1.);
#5515=VECTOR('',#10125,1.);
#5516=VECTOR('',#10126,1.);
#5517=VECTOR('',#10127,1.);
#5518=VECTOR('',#10132,1.);
#5519=VECTOR('',#10133,1.);
#5520=VECTOR('',#10136,1.);
#5521=VECTOR('',#10139,1.);
#5522=VECTOR('',#10142,1.);
#5523=VECTOR('',#10143,1.);
#5524=VECTOR('',#10144,1.);
#5525=VECTOR('',#10147,1.);
#5526=VECTOR('',#10148,1.);
#5527=VECTOR('',#10149,1.);
#5528=VECTOR('',#10152,1.);
#5529=VECTOR('',#10153,1.);
#5530=VECTOR('',#10154,1.);
#5531=VECTOR('',#10155,1.);
#5532=VECTOR('',#10156,1.);
#5533=VECTOR('',#10157,1.);
#5534=VECTOR('',#10160,1.);
#5535=VECTOR('',#10161,1.);
#5536=VECTOR('',#10162,1.);
#5537=VECTOR('',#10165,1.);
#5538=VECTOR('',#10166,1.);
#5539=VECTOR('',#10167,1.);
#5540=VECTOR('',#10168,1.);
#5541=VECTOR('',#10171,1.);
#5542=VECTOR('',#10172,1.);
#5543=VECTOR('',#10173,1.);
#5544=VECTOR('',#10174,1.);
#5545=VECTOR('',#10175,1.);
#5546=VECTOR('',#10178,1.);
#5547=VECTOR('',#10183,1.);
#5548=VECTOR('',#10184,1.);
#5549=VECTOR('',#10185,1.);
#5550=VECTOR('',#10188,1.);
#5551=VECTOR('',#10189,1.);
#5552=VECTOR('',#10198,1.);
#5553=VECTOR('',#10201,1.);
#5554=VECTOR('',#10202,1.);
#5555=VECTOR('',#10205,1.);
#5556=VECTOR('',#10206,1.);
#5557=VECTOR('',#10207,1.);
#5558=VECTOR('',#10208,1.);
#5559=VECTOR('',#10211,1.);
#5560=VECTOR('',#10212,1.);
#5561=VECTOR('',#10215,1.);
#5562=VECTOR('',#10216,1.);
#5563=VECTOR('',#10217,1.);
#5564=VECTOR('',#10218,1.);
#5565=VECTOR('',#10219,1.);
#5566=VECTOR('',#10220,1.);
#5567=VECTOR('',#10221,1.);
#5568=VECTOR('',#10228,1.);
#5569=VECTOR('',#10229,1.);
#5570=VECTOR('',#10230,1.);
#5571=VECTOR('',#10231,1.);
#5572=VECTOR('',#10234,1.);
#5573=VECTOR('',#10235,1.);
#5574=VECTOR('',#10236,1.);
#5575=VECTOR('',#10239,1.);
#5576=VECTOR('',#10240,1.);
#5577=VECTOR('',#10241,1.);
#5578=VECTOR('',#10246,1.);
#5579=VECTOR('',#10251,1.);
#5580=VECTOR('',#10256,1.);
#5581=VECTOR('',#10259,1.);
#5582=VECTOR('',#10260,1.);
#5583=VECTOR('',#10261,1.);
#5584=VECTOR('',#10264,1.);
#5585=VECTOR('',#10265,1.);
#5586=VECTOR('',#10268,1.);
#5587=VECTOR('',#10269,1.);
#5588=VECTOR('',#10270,1.);
#5589=VECTOR('',#10273,1.);
#5590=VECTOR('',#10274,1.);
#5591=VECTOR('',#10275,1.);
#5592=VECTOR('',#10280,1.);
#5593=VECTOR('',#10281,1.);
#5594=VECTOR('',#10284,1.);
#5595=VECTOR('',#10287,1.);
#5596=VECTOR('',#10288,1.);
#5597=VECTOR('',#10289,1.);
#5598=VECTOR('',#10292,1.);
#5599=VECTOR('',#10301,1.);
#5600=VECTOR('',#10302,1.);
#5601=VECTOR('',#10305,1.);
#5602=VECTOR('',#10306,1.);
#5603=VECTOR('',#10307,1.);
#5604=VECTOR('',#10310,1.);
#5605=VECTOR('',#10311,1.);
#5606=VECTOR('',#10312,1.);
#5607=VECTOR('',#10315,1.);
#5608=VECTOR('',#10316,1.);
#5609=VECTOR('',#10319,1.);
#5610=VECTOR('',#10320,1.);
#5611=VECTOR('',#10323,1.);
#5612=VECTOR('',#10326,1.);
#5613=VECTOR('',#10329,1.);
#5614=VECTOR('',#10330,1.);
#5615=VECTOR('',#10333,1.);
#5616=VECTOR('',#10338,1.);
#5617=VECTOR('',#10341,1.);
#5618=VECTOR('',#10344,1.);
#5619=VECTOR('',#10349,1.);
#5620=VECTOR('',#10352,1.);
#5621=VECTOR('',#10353,1.);
#5622=VECTOR('',#10354,1.);
#5623=VECTOR('',#10355,1.);
#5624=VECTOR('',#10362,1.);
#5625=VECTOR('',#10365,1.);
#5626=VECTOR('',#10366,1.);
#5627=VECTOR('',#10369,1.);
#5628=VECTOR('',#10370,1.);
#5629=VECTOR('',#10377,1.);
#5630=VECTOR('',#10378,1.);
#5631=VECTOR('',#10379,1.);
#5632=VECTOR('',#10382,1.);
#5633=VECTOR('',#10385,1.);
#5634=VECTOR('',#10388,1.);
#5635=VECTOR('',#10389,1.);
#5636=VECTOR('',#10390,1.);
#5637=VECTOR('',#10391,1.);
#5638=VECTOR('',#10398,1.);
#5639=VECTOR('',#10401,1.);
#5640=VECTOR('',#10406,1.);
#5641=VECTOR('',#10409,1.);
#5642=VECTOR('',#10410,1.);
#5643=VECTOR('',#10411,1.);
#5644=VECTOR('',#10420,1.);
#5645=VECTOR('',#10427,1.);
#5646=VECTOR('',#10428,1.);
#5647=VECTOR('',#10429,1.);
#5648=VECTOR('',#10430,1.);
#5649=VECTOR('',#10433,1.);
#5650=VECTOR('',#10438,1.);
#5651=VECTOR('',#10441,1.);
#5652=VECTOR('',#10442,1.);
#5653=VECTOR('',#10443,1.);
#5654=VECTOR('',#10444,1.);
#5655=VECTOR('',#10447,1.);
#5656=VECTOR('',#10448,1.);
#5657=VECTOR('',#10449,1.);
#5658=VECTOR('',#10450,1.);
#5659=VECTOR('',#10453,1.);
#5660=VECTOR('',#10456,1.);
#5661=VECTOR('',#10461,1.);
#5662=VECTOR('',#10462,1.);
#5663=VECTOR('',#10463,1.);
#5664=VECTOR('',#10464,1.);
#5665=VECTOR('',#10467,1.);
#5666=VECTOR('',#10468,1.);
#5667=VECTOR('',#10469,1.);
#5668=VECTOR('',#10472,1.);
#5669=VECTOR('',#10475,1.);
#5670=VECTOR('',#10476,1.);
#5671=VECTOR('',#10481,1.);
#5672=VECTOR('',#10484,1.);
#5673=VECTOR('',#10485,1.);
#5674=VECTOR('',#10486,1.);
#5675=VECTOR('',#10487,1.);
#5676=VECTOR('',#10490,1.);
#5677=VECTOR('',#10491,1.);
#5678=VECTOR('',#10494,1.);
#5679=VECTOR('',#10499,1.);
#5680=VECTOR('',#10500,1.);
#5681=VECTOR('',#10505,1.);
#5682=VECTOR('',#10510,1.);
#5683=VECTOR('',#10511,1.);
#5684=VECTOR('',#10512,1.);
#5685=VECTOR('',#10513,1.);
#5686=VECTOR('',#10516,1.);
#5687=VECTOR('',#10517,1.);
#5688=VECTOR('',#10520,1.);
#5689=VECTOR('',#10523,1.);
#5690=VECTOR('',#10524,1.);
#5691=VECTOR('',#10529,1.);
#5692=VECTOR('',#10534,1.);
#5693=VECTOR('',#10535,1.);
#5694=VECTOR('',#10536,1.);
#5695=VECTOR('',#10539,1.);
#5696=VECTOR('',#10544,1.);
#5697=VECTOR('',#10547,1.);
#5698=VECTOR('',#10548,1.);
#5699=VECTOR('',#10551,1.);
#5700=VECTOR('',#10554,1.);
#5701=VECTOR('',#10559,1.);
#5702=VECTOR('',#10560,1.);
#5703=VECTOR('',#10563,1.);
#5704=VECTOR('',#10566,1.);
#5705=VECTOR('',#10567,1.);
#5706=VECTOR('',#10568,1.);
#5707=VECTOR('',#10569,1.);
#5708=VECTOR('',#10572,1.);
#5709=VECTOR('',#10573,1.);
#5710=VECTOR('',#10574,1.);
#5711=VECTOR('',#10575,1.);
#5712=VECTOR('',#10578,1.);
#5713=VECTOR('',#10579,1.);
#5714=VECTOR('',#10580,1.);
#5715=VECTOR('',#10581,1.);
#5716=VECTOR('',#10584,1.);
#5717=VECTOR('',#10587,1.);
#5718=VECTOR('',#10592,1.);
#5719=VECTOR('',#10593,1.);
#5720=VECTOR('',#10594,1.);
#5721=VECTOR('',#10597,1.);
#5722=VECTOR('',#10598,1.);
#5723=VECTOR('',#10599,1.);
#5724=VECTOR('',#10602,1.);
#5725=VECTOR('',#10603,1.);
#5726=VECTOR('',#10604,1.);
#5727=VECTOR('',#10607,1.);
#5728=VECTOR('',#10608,1.);
#5729=VECTOR('',#10609,1.);
#5730=VECTOR('',#10612,1.);
#5731=VECTOR('',#10613,1.);
#5732=VECTOR('',#10614,1.);
#5733=VECTOR('',#10615,1.);
#5734=VECTOR('',#10620,1.);
#5735=VECTOR('',#10625,1.);
#5736=VECTOR('',#10628,1.);
#5737=VECTOR('',#10631,1.);
#5738=VECTOR('',#10632,1.);
#5739=VECTOR('',#10635,1.);
#5740=VECTOR('',#10640,1.);
#5741=VECTOR('',#10643,1.);
#5742=VECTOR('',#10644,1.);
#5743=VECTOR('',#10645,1.);
#5744=VECTOR('',#10646,1.);
#5745=VECTOR('',#10649,1.);
#5746=VECTOR('',#10650,1.);
#5747=VECTOR('',#10653,1.);
#5748=VECTOR('',#10658,1.);
#5749=VECTOR('',#10659,1.);
#5750=VECTOR('',#10664,1.);
#5751=VECTOR('',#10669,1.);
#5752=VECTOR('',#10670,1.);
#5753=VECTOR('',#10671,1.);
#5754=VECTOR('',#10672,1.);
#5755=VECTOR('',#10675,1.);
#5756=VECTOR('',#10676,1.);
#5757=VECTOR('',#10679,1.);
#5758=VECTOR('',#10682,1.);
#5759=VECTOR('',#10683,1.);
#5760=VECTOR('',#10688,1.);
#5761=VECTOR('',#10691,1.);
#5762=VECTOR('',#10694,1.);
#5763=VECTOR('',#10699,1.);
#5764=VECTOR('',#10700,1.);
#5765=VECTOR('',#10701,1.);
#5766=VECTOR('',#10702,1.);
#5767=VECTOR('',#10707,1.);
#5768=VECTOR('',#10708,1.);
#5769=VECTOR('',#10713,1.);
#5770=VECTOR('',#10716,1.);
#5771=VECTOR('',#10717,1.);
#5772=VECTOR('',#10720,1.);
#5773=VECTOR('',#10725,1.);
#5774=VECTOR('',#10728,1.);
#5775=VECTOR('',#10729,1.);
#5776=VECTOR('',#10732,1.);
#5777=VECTOR('',#10735,1.);
#5778=VECTOR('',#10740,1.);
#5779=VECTOR('',#10743,1.);
#5780=VECTOR('',#10744,1.);
#5781=VECTOR('',#10747,1.);
#5782=VECTOR('',#10748,1.);
#5783=VECTOR('',#10751,1.);
#5784=VECTOR('',#10752,1.);
#5785=VECTOR('',#10755,1.);
#5786=VECTOR('',#10758,1.);
#5787=VECTOR('',#10759,1.);
#5788=VECTOR('',#10760,1.);
#5789=VECTOR('',#10765,1.);
#5790=VECTOR('',#10768,1.);
#5791=VECTOR('',#10769,1.);
#5792=VECTOR('',#10774,1.);
#5793=VECTOR('',#10775,1.);
#5794=VECTOR('',#10776,1.);
#5795=VECTOR('',#10777,1.);
#5796=VECTOR('',#10780,1.);
#5797=VECTOR('',#10781,1.);
#5798=VECTOR('',#10782,1.);
#5799=VECTOR('',#10785,1.);
#5800=VECTOR('',#10790,1.);
#5801=VECTOR('',#10791,1.);
#5802=VECTOR('',#10796,1.);
#5803=VECTOR('',#10799,1.);
#5804=VECTOR('',#10802,1.);
#5805=VECTOR('',#10803,1.);
#5806=VECTOR('',#10804,1.);
#5807=VECTOR('',#10805,1.);
#5808=VECTOR('',#10808,1.);
#5809=VECTOR('',#10809,1.);
#5810=VECTOR('',#10810,1.);
#5811=VECTOR('',#10813,1.);
#5812=VECTOR('',#10816,1.);
#5813=VECTOR('',#10817,1.);
#5814=VECTOR('',#10822,1.);
#5815=VECTOR('',#10825,1.);
#5816=VECTOR('',#10830,1.);
#5817=VECTOR('',#10833,1.);
#5818=VECTOR('',#10834,1.);
#5819=VECTOR('',#10835,1.);
#5820=VECTOR('',#10838,1.);
#5821=VECTOR('',#10843,1.);
#5822=VECTOR('',#10846,1.);
#5823=VECTOR('',#10847,1.);
#5824=VECTOR('',#10848,1.);
#5825=VECTOR('',#10851,1.);
#5826=VECTOR('',#10854,1.);
#5827=VECTOR('',#10855,1.);
#5828=VECTOR('',#10858,1.);
#5829=VECTOR('',#10859,1.);
#5830=VECTOR('',#10860,1.);
#5831=VECTOR('',#10861,1.);
#5832=VECTOR('',#10864,1.);
#5833=VECTOR('',#10867,1.);
#5834=VECTOR('',#10872,1.);
#5835=VECTOR('',#10873,1.);
#5836=VECTOR('',#10874,1.);
#5837=VECTOR('',#10875,1.);
#5838=VECTOR('',#10878,1.);
#5839=VECTOR('',#10879,1.);
#5840=VECTOR('',#10880,1.);
#5841=VECTOR('',#10883,1.);
#5842=VECTOR('',#10888,1.);
#5843=VECTOR('',#10891,1.);
#5844=VECTOR('',#10894,1.);
#5845=VECTOR('',#10899,1.);
#5846=VECTOR('',#10902,1.);
#5847=VECTOR('',#10903,1.);
#5848=VECTOR('',#10904,1.);
#5849=VECTOR('',#10905,1.);
#5850=VECTOR('',#10908,1.);
#5851=VECTOR('',#10909,1.);
#5852=VECTOR('',#10912,1.);
#5853=VECTOR('',#10915,1.);
#5854=VECTOR('',#10916,1.);
#5855=VECTOR('',#10919,1.);
#5856=VECTOR('',#10920,1.);
#5857=VECTOR('',#10921,1.);
#5858=VECTOR('',#10922,1.);
#5859=VECTOR('',#10929,1.);
#5860=VECTOR('',#10932,1.);
#5861=VECTOR('',#10933,1.);
#5862=VECTOR('',#10936,1.);
#5863=VECTOR('',#10939,1.);
#5864=VECTOR('',#10940,1.);
#5865=VECTOR('',#10943,1.);
#5866=VECTOR('',#10944,1.);
#5867=VECTOR('',#10947,1.);
#5868=VECTOR('',#10950,1.);
#5869=VECTOR('',#10955,1.);
#5870=VECTOR('',#10960,1.);
#5871=VECTOR('',#10963,1.);
#5872=VECTOR('',#10964,1.);
#5873=VECTOR('',#10967,1.);
#5874=VECTOR('',#10970,1.);
#5875=VECTOR('',#10971,1.);
#5876=VECTOR('',#10972,1.);
#5877=VECTOR('',#10973,1.);
#5878=VECTOR('',#10974,1.);
#5879=VECTOR('',#10975,1.);
#5880=VECTOR('',#10976,1.);
#5881=VECTOR('',#10977,1.);
#5882=VECTOR('',#10978,1.);
#5883=VECTOR('',#10979,1.);
#5884=VECTOR('',#10980,1.);
#5885=VECTOR('',#10981,1.);
#5886=VECTOR('',#10982,1.);
#5887=VECTOR('',#10983,1.);
#5888=VECTOR('',#10984,1.);
#5889=VECTOR('',#10985,1.);
#5890=VECTOR('',#10986,1.);
#5891=VECTOR('',#10987,1.);
#5892=VECTOR('',#10988,1.);
#5893=VECTOR('',#10989,1.);
#5894=VECTOR('',#10990,1.);
#5895=VECTOR('',#10991,1.);
#5896=VECTOR('',#10992,1.);
#5897=VECTOR('',#10993,1.);
#5898=VECTOR('',#10994,1.);
#5899=VECTOR('',#10997,1.);
#5900=VECTOR('',#10998,1.);
#5901=VECTOR('',#10999,1.);
#5902=VECTOR('',#11000,1.);
#5903=VECTOR('',#11003,1.);
#5904=VECTOR('',#11004,1.);
#5905=VECTOR('',#11007,1.);
#5906=VECTOR('',#11008,1.);
#5907=VECTOR('',#11009,1.);
#5908=VECTOR('',#11010,1.);
#5909=VECTOR('',#11011,1.);
#5910=VECTOR('',#11012,1.);
#5911=VECTOR('',#11013,1.);
#5912=VECTOR('',#11014,1.);
#5913=VECTOR('',#11015,1.);
#5914=VECTOR('',#11016,1.);
#5915=VECTOR('',#11017,1.);
#5916=VECTOR('',#11018,1.);
#5917=VECTOR('',#11021,1.);
#5918=VECTOR('',#11032,1.);
#5919=VECTOR('',#11035,1.);
#5920=VECTOR('',#11036,1.);
#5921=VECTOR('',#11037,1.);
#5922=VECTOR('',#11040,1.);
#5923=VECTOR('',#11041,1.);
#5924=VECTOR('',#11042,1.);
#5925=VECTOR('',#11043,1.);
#5926=VECTOR('',#11046,1.);
#5927=VECTOR('',#11047,1.);
#5928=VECTOR('',#11050,1.);
#5929=VECTOR('',#11053,1.);
#5930=VECTOR('',#11056,1.);
#5931=VECTOR('',#11057,1.);
#5932=VECTOR('',#11058,1.);
#5933=VECTOR('',#11059,1.);
#5934=VECTOR('',#11060,1.);
#5935=VECTOR('',#11061,1.);
#5936=VECTOR('',#11062,1.);
#5937=VECTOR('',#11065,1.);
#5938=VECTOR('',#11068,1.);
#5939=VECTOR('',#11071,1.);
#5940=VECTOR('',#11076,1.);
#5941=VECTOR('',#11077,1.);
#5942=VECTOR('',#11078,1.);
#5943=VECTOR('',#11079,1.);
#5944=VECTOR('',#11080,1.);
#5945=VECTOR('',#11083,1.);
#5946=VECTOR('',#11084,1.);
#5947=VECTOR('',#11085,1.);
#5948=VECTOR('',#11086,1.);
#5949=VECTOR('',#11089,1.);
#5950=VECTOR('',#11090,1.);
#5951=VECTOR('',#11091,1.);
#5952=VECTOR('',#11102,1.);
#5953=VECTOR('',#11103,1.);
#5954=VECTOR('',#11104,1.);
#5955=VECTOR('',#11105,1.);
#5956=VECTOR('',#11108,1.);
#5957=VECTOR('',#11109,1.);
#5958=VECTOR('',#11110,1.);
#5959=VECTOR('',#11117,1.);
#5960=VECTOR('',#11118,1.);
#5961=VECTOR('',#11119,1.);
#5962=VECTOR('',#11122,1.);
#5963=VECTOR('',#11125,1.);
#5964=VECTOR('',#11128,1.);
#5965=VECTOR('',#11133,1.);
#5966=VECTOR('',#11140,1.);
#5967=VECTOR('',#11141,1.);
#5968=VECTOR('',#11142,1.);
#5969=VECTOR('',#11143,1.);
#5970=VECTOR('',#11144,1.);
#5971=VECTOR('',#11145,1.);
#5972=VECTOR('',#11146,1.);
#5973=VECTOR('',#11147,1.);
#5974=VECTOR('',#11150,1.);
#5975=VECTOR('',#11151,1.);
#5976=VECTOR('',#11152,1.);
#5977=VECTOR('',#11155,1.);
#5978=VECTOR('',#11156,1.);
#5979=VECTOR('',#11157,1.);
#5980=VECTOR('',#11160,1.);
#5981=VECTOR('',#11161,1.);
#5982=VECTOR('',#11162,1.);
#5983=VECTOR('',#11163,1.);
#5984=VECTOR('',#11170,1.);
#5985=VECTOR('',#11171,1.);
#5986=VECTOR('',#11178,1.);
#5987=VECTOR('',#11179,1.);
#5988=VECTOR('',#11182,1.);
#5989=VECTOR('',#11183,1.);
#5990=VECTOR('',#11196,1.);
#5991=VECTOR('',#11199,1.);
#5992=VECTOR('',#11206,1.);
#5993=VECTOR('',#11211,1.);
#5994=VECTOR('',#11212,1.);
#5995=VECTOR('',#11213,1.);
#5996=VECTOR('',#11216,1.);
#5997=VECTOR('',#11217,1.);
#5998=VECTOR('',#11218,1.);
#5999=VECTOR('',#11219,1.);
#6000=VECTOR('',#11224,1.);
#6001=VECTOR('',#11227,1.);
#6002=VECTOR('',#11228,1.);
#6003=VECTOR('',#11229,1.);
#6004=VECTOR('',#11234,1.);
#6005=VECTOR('',#11237,1.);
#6006=VECTOR('',#11238,1.);
#6007=VECTOR('',#11245,1.);
#6008=VECTOR('',#11256,1.);
#6009=VECTOR('',#11257,1.);
#6010=VECTOR('',#11258,1.);
#6011=VECTOR('',#11259,1.);
#6012=VECTOR('',#11260,1.);
#6013=VECTOR('',#11261,1.);
#6014=VECTOR('',#11264,1.);
#6015=VECTOR('',#11265,1.);
#6016=VECTOR('',#11266,1.);
#6017=VECTOR('',#11275,1.);
#6018=VECTOR('',#11284,1.);
#6019=VECTOR('',#11285,1.);
#6020=VECTOR('',#11286,1.);
#6021=VECTOR('',#11291,1.);
#6022=VECTOR('',#11294,1.);
#6023=VECTOR('',#11297,1.);
#6024=VECTOR('',#11300,1.);
#6025=VECTOR('',#11301,1.);
#6026=VECTOR('',#11302,1.);
#6027=VECTOR('',#11303,1.);
#6028=VECTOR('',#11306,1.);
#6029=VECTOR('',#11307,1.);
#6030=VECTOR('',#11308,1.);
#6031=VECTOR('',#11311,1.);
#6032=VECTOR('',#11322,1.);
#6033=VECTOR('',#11323,1.);
#6034=VECTOR('',#11324,1.);
#6035=VECTOR('',#11325,1.);
#6036=VECTOR('',#11334,1.);
#6037=VECTOR('',#11335,1.);
#6038=VECTOR('',#11336,1.);
#6039=VECTOR('',#11339,1.);
#6040=VECTOR('',#11342,1.);
#6041=VECTOR('',#11343,1.);
#6042=VECTOR('',#11344,1.);
#6043=VECTOR('',#11347,1.);
#6044=VECTOR('',#11348,1.);
#6045=VECTOR('',#11355,1.);
#6046=VECTOR('',#11356,1.);
#6047=VECTOR('',#11357,1.);
#6048=VECTOR('',#11362,1.);
#6049=VECTOR('',#11365,1.);
#6050=VECTOR('',#11370,1.);
#6051=VECTOR('',#11371,1.);
#6052=VECTOR('',#11372,1.);
#6053=VECTOR('',#11373,1.);
#6054=VECTOR('',#11376,1.);
#6055=VECTOR('',#11377,1.);
#6056=VECTOR('',#11380,1.);
#6057=VECTOR('',#11381,1.);
#6058=VECTOR('',#11384,1.);
#6059=VECTOR('',#11385,1.);
#6060=VECTOR('',#11386,1.);
#6061=VECTOR('',#11389,1.);
#6062=VECTOR('',#11390,1.);
#6063=VECTOR('',#11393,1.);
#6064=VECTOR('',#11396,1.);
#6065=VECTOR('',#11397,1.);
#6066=VECTOR('',#11402,1.);
#6067=VECTOR('',#11409,1.);
#6068=VECTOR('',#11410,1.);
#6069=VECTOR('',#11413,1.);
#6070=VECTOR('',#11416,1.);
#6071=VECTOR('',#11417,1.);
#6072=VECTOR('',#11422,1.);
#6073=VECTOR('',#11423,1.);
#6074=VECTOR('',#11432,1.);
#6075=VECTOR('',#11433,1.);
#6076=VECTOR('',#11434,1.);
#6077=VECTOR('',#11435,1.);
#6078=VECTOR('',#11436,1.);
#6079=VECTOR('',#11437,1.);
#6080=VECTOR('',#11438,1.);
#6081=VECTOR('',#11441,1.);
#6082=VECTOR('',#11442,1.);
#6083=VECTOR('',#11443,1.);
#6084=VECTOR('',#11446,1.);
#6085=VECTOR('',#11449,1.);
#6086=VECTOR('',#11452,1.);
#6087=VECTOR('',#11453,1.);
#6088=VECTOR('',#11454,1.);
#6089=VECTOR('',#11457,1.);
#6090=VECTOR('',#11460,1.);
#6091=VECTOR('',#11463,1.);
#6092=VECTOR('',#11466,1.);
#6093=VECTOR('',#11473,1.);
#6094=VECTOR('',#11474,1.);
#6095=VECTOR('',#11475,1.);
#6096=VECTOR('',#11476,1.);
#6097=VECTOR('',#11481,1.);
#6098=VECTOR('',#11482,1.);
#6099=VECTOR('',#11485,1.);
#6100=VECTOR('',#11488,1.);
#6101=VECTOR('',#11493,1.);
#6102=VECTOR('',#11494,1.);
#6103=VECTOR('',#11495,1.);
#6104=VECTOR('',#11498,1.);
#6105=VECTOR('',#11501,1.);
#6106=VECTOR('',#11506,1.);
#6107=VECTOR('',#11511,1.);
#6108=VECTOR('',#11512,1.);
#6109=VECTOR('',#11519,1.);
#6110=VECTOR('',#11522,1.);
#6111=VECTOR('',#11525,1.);
#6112=VECTOR('',#11526,1.);
#6113=VECTOR('',#11527,1.);
#6114=VECTOR('',#11530,1.);
#6115=VECTOR('',#11533,1.);
#6116=VECTOR('',#11536,1.);
#6117=VECTOR('',#11537,1.);
#6118=VECTOR('',#11538,1.);
#6119=VECTOR('',#11545,1.);
#6120=VECTOR('',#11546,1.);
#6121=VECTOR('',#11547,1.);
#6122=EDGE_LOOP('',(#534,#535,#536,#537));
#6123=EDGE_LOOP('',(#538,#539,#540,#541));
#6124=EDGE_LOOP('',(#542,#543,#544,#545));
#6125=EDGE_LOOP('',(#546,#547,#548,#549));
#6126=EDGE_LOOP('',(#550,#551,#552,#553));
#6127=EDGE_LOOP('',(#554,#555,#556,#557));
#6128=EDGE_LOOP('',(#558,#559,#560,#561,#562,#563,#564));
#6129=EDGE_LOOP('',(#565,#566,#567,#568,#569,#570,#571));
#6130=EDGE_LOOP('',(#572,#573,#574,#575));
#6131=EDGE_LOOP('',(#576,#577,#578,#579));
#6132=EDGE_LOOP('',(#580,#581,#582,#583));
#6133=EDGE_LOOP('',(#584,#585,#586,#587,#588,#589,#590));
#6134=EDGE_LOOP('',(#591,#592,#593,#594,#595,#596,#597));
#6135=EDGE_LOOP('',(#598,#599,#600,#601));
#6136=EDGE_LOOP('',(#602,#603,#604,#605));
#6137=EDGE_LOOP('',(#606,#607,#608,#609));
#6138=EDGE_LOOP('',(#610,#611,#612,#613));
#6139=EDGE_LOOP('',(#614,#615,#616,#617,#618,#619,#620));
#6140=EDGE_LOOP('',(#621,#622,#623,#624));
#6141=EDGE_LOOP('',(#625,#626,#627,#628,#629,#630,#631));
#6142=EDGE_LOOP('',(#632,#633,#634,#635));
#6143=EDGE_LOOP('',(#636,#637,#638,#639));
#6144=EDGE_LOOP('',(#640,#641,#642,#643,#644,#645,#646));
#6145=EDGE_LOOP('',(#647,#648,#649,#650));
#6146=EDGE_LOOP('',(#651,#652,#653,#654));
#6147=EDGE_LOOP('',(#655,#656,#657,#658));
#6148=EDGE_LOOP('',(#659,#660,#661,#662));
#6149=EDGE_LOOP('',(#663,#664,#665,#666));
#6150=EDGE_LOOP('',(#667,#668,#669,#670));
#6151=EDGE_LOOP('',(#671,#672,#673,#674));
#6152=EDGE_LOOP('',(#675,#676,#677,#678));
#6153=EDGE_LOOP('',(#679,#680,#681,#682,#683,#684,#685));
#6154=EDGE_LOOP('',(#686,#687,#688,#689));
#6155=EDGE_LOOP('',(#690,#691,#692,#693));
#6156=EDGE_LOOP('',(#694,#695,#696,#697));
#6157=EDGE_LOOP('',(#698,#699,#700,#701,#702,#703,#704));
#6158=EDGE_LOOP('',(#705,#706,#707,#708));
#6159=EDGE_LOOP('',(#709,#710,#711,#712,#713,#714,#715));
#6160=EDGE_LOOP('',(#716,#717,#718,#719));
#6161=EDGE_LOOP('',(#720,#721,#722,#723,#724,#725,#726));
#6162=EDGE_LOOP('',(#727,#728,#729,#730));
#6163=EDGE_LOOP('',(#731,#732,#733,#734));
#6164=EDGE_LOOP('',(#735,#736,#737,#738,#739,#740,#741));
#6165=EDGE_LOOP('',(#742,#743,#744,#745));
#6166=EDGE_LOOP('',(#746,#747,#748,#749));
#6167=EDGE_LOOP('',(#750,#751,#752,#753));
#6168=EDGE_LOOP('',(#754,#755,#756,#757,#758,#759,#760));
#6169=EDGE_LOOP('',(#761,#762,#763,#764));
#6170=EDGE_LOOP('',(#765,#766,#767,#768));
#6171=EDGE_LOOP('',(#769,#770,#771,#772));
#6172=EDGE_LOOP('',(#773,#774,#775,#776));
#6173=EDGE_LOOP('',(#777,#778,#779,#780));
#6174=EDGE_LOOP('',(#781,#782,#783,#784,#785,#786,#787));
#6175=EDGE_LOOP('',(#788,#789,#790,#791));
#6176=EDGE_LOOP('',(#792,#793,#794,#795));
#6177=EDGE_LOOP('',(#796,#797,#798,#799));
#6178=EDGE_LOOP('',(#800,#801,#802,#803,#804,#805,#806));
#6179=EDGE_LOOP('',(#807,#808,#809,#810));
#6180=EDGE_LOOP('',(#811,#812,#813,#814));
#6181=EDGE_LOOP('',(#815,#816,#817,#818,#819,#820,#821));
#6182=EDGE_LOOP('',(#822,#823,#824,#825));
#6183=EDGE_LOOP('',(#826,#827,#828,#829));
#6184=EDGE_LOOP('',(#830,#831,#832,#833));
#6185=EDGE_LOOP('',(#834,#835,#836,#837));
#6186=EDGE_LOOP('',(#838,#839,#840,#841));
#6187=EDGE_LOOP('',(#842,#843,#844,#845,#846,#847,#848));
#6188=EDGE_LOOP('',(#849,#850,#851,#852));
#6189=EDGE_LOOP('',(#853,#854,#855,#856));
#6190=EDGE_LOOP('',(#857,#858,#859,#860,#861,#862,#863));
#6191=EDGE_LOOP('',(#864,#865,#866,#867));
#6192=EDGE_LOOP('',(#868,#869,#870,#871));
#6193=EDGE_LOOP('',(#872,#873,#874,#875));
#6194=EDGE_LOOP('',(#876,#877,#878,#879));
#6195=EDGE_LOOP('',(#880,#881,#882,#883));
#6196=EDGE_LOOP('',(#884,#885,#886,#887,#888,#889,#890));
#6197=EDGE_LOOP('',(#891,#892,#893,#894));
#6198=EDGE_LOOP('',(#895,#896,#897,#898));
#6199=EDGE_LOOP('',(#899,#900,#901,#902));
#6200=EDGE_LOOP('',(#903,#904,#905,#906));
#6201=EDGE_LOOP('',(#907,#908,#909,#910,#911,#912,#913));
#6202=EDGE_LOOP('',(#914,#915,#916,#917));
#6203=EDGE_LOOP('',(#918,#919,#920,#921,#922,#923,#924));
#6204=EDGE_LOOP('',(#925,#926,#927,#928));
#6205=EDGE_LOOP('',(#929,#930,#931,#932));
#6206=EDGE_LOOP('',(#933,#934,#935,#936));
#6207=EDGE_LOOP('',(#937,#938,#939,#940));
#6208=EDGE_LOOP('',(#941,#942,#943,#944,#945,#946,#947));
#6209=EDGE_LOOP('',(#948,#949,#950,#951));
#6210=EDGE_LOOP('',(#952,#953,#954,#955));
#6211=EDGE_LOOP('',(#956,#957,#958,#959,#960,#961,#962));
#6212=EDGE_LOOP('',(#963,#964,#965,#966));
#6213=EDGE_LOOP('',(#967,#968,#969,#970));
#6214=EDGE_LOOP('',(#971,#972,#973,#974));
#6215=EDGE_LOOP('',(#975,#976,#977,#978));
#6216=EDGE_LOOP('',(#979,#980,#981,#982));
#6217=EDGE_LOOP('',(#983,#984,#985,#986));
#6218=EDGE_LOOP('',(#987,#988,#989,#990));
#6219=EDGE_LOOP('',(#991,#992,#993,#994,#995,#996));
#6220=EDGE_LOOP('',(#997,#998,#999,#1000));
#6221=EDGE_LOOP('',(#1001,#1002,#1003,#1004));
#6222=EDGE_LOOP('',(#1005,#1006,#1007,#1008,#1009,#1010));
#6223=EDGE_LOOP('',(#1011,#1012,#1013,#1014,#1015));
#6224=EDGE_LOOP('',(#1016,#1017,#1018,#1019));
#6225=EDGE_LOOP('',(#1020,#1021,#1022,#1023));
#6226=EDGE_LOOP('',(#1024,#1025,#1026,#1027,#1028,#1029,#1030,#1031));
#6227=EDGE_LOOP('',(#1032,#1033,#1034,#1035,#1036,#1037,#1038,#1039,#1040,#1041));
#6228=EDGE_LOOP('',(#1042,#1043,#1044,#1045));
#6229=EDGE_LOOP('',(#1046,#1047,#1048,#1049));
#6230=EDGE_LOOP('',(#1050,#1051,#1052,#1053,#1054));
#6231=EDGE_LOOP('',(#1055,#1056,#1057));
#6232=EDGE_LOOP('',(#1058,#1059,#1060,#1061,#1062));
#6233=EDGE_LOOP('',(#1063,#1064,#1065));
#6234=EDGE_LOOP('',(#1066,#1067,#1068,#1069,#1070,#1071));
#6235=EDGE_LOOP('',(#1072,#1073,#1074,#1075));
#6236=EDGE_LOOP('',(#1076,#1077,#1078,#1079));
#6237=EDGE_LOOP('',(#1080,#1081,#1082,#1083));
#6238=EDGE_LOOP('',(#1084,#1085,#1086,#1087,#1088,#1089,#1090,#1091,#1092,#1093,#1094,#1095,#1096,#1097,#1098,#1099));
#6239=EDGE_LOOP('',(#1100,#1101,#1102,#1103));
#6240=EDGE_LOOP('',(#1104,#1105,#1106,#1107,#1108,#1109,#1110,#1111));
#6241=EDGE_LOOP('',(#1112,#1113,#1114,#1115));
#6242=EDGE_LOOP('',(#1116,#1117,#1118,#1119,#1120));
#6243=EDGE_LOOP('',(#1121,#1122,#1123));
#6244=EDGE_LOOP('',(#1124,#1125,#1126,#1127,#1128,#1129));
#6245=EDGE_LOOP('',(#1130,#1131,#1132,#1133));
#6246=EDGE_LOOP('',(#1134,#1135,#1136,#1137));
#6247=EDGE_LOOP('',(#1138,#1139,#1140));
#6248=EDGE_LOOP('',(#1141,#1142,#1143,#1144,#1145));
#6249=EDGE_LOOP('',(#1146,#1147,#1148));
#6250=EDGE_LOOP('',(#1149,#1150,#1151,#1152));
#6251=EDGE_LOOP('',(#1153,#1154,#1155,#1156,#1157));
#6252=EDGE_LOOP('',(#1158,#1159,#1160,#1161,#1162,#1163,#1164,#1165,#1166,#1167,#1168,#1169));
#6253=EDGE_LOOP('',(#1170,#1171,#1172,#1173,#1174));
#6254=EDGE_LOOP('',(#1175,#1176,#1177));
#6255=EDGE_LOOP('',(#1178,#1179,#1180,#1181));
#6256=EDGE_LOOP('',(#1182,#1183,#1184));
#6257=EDGE_LOOP('',(#1185,#1186,#1187,#1188,#1189,#1190));
#6258=EDGE_LOOP('',(#1191,#1192,#1193,#1194));
#6259=EDGE_LOOP('',(#1195,#1196,#1197,#1198,#1199,#1200,#1201,#1202,#1203,#1204,#1205,#1206));
#6260=EDGE_LOOP('',(#1207,#1208,#1209,#1210,#1211,#1212));
#6261=EDGE_LOOP('',(#1213,#1214,#1215,#1216));
#6262=EDGE_LOOP('',(#1217,#1218,#1219,#1220));
#6263=EDGE_LOOP('',(#1221,#1222,#1223,#1224,#1225,#1226));
#6264=EDGE_LOOP('',(#1227,#1228,#1229,#1230,#1231));
#6265=EDGE_LOOP('',(#1232,#1233,#1234,#1235));
#6266=EDGE_LOOP('',(#1236,#1237,#1238,#1239));
#6267=EDGE_LOOP('',(#1240,#1241,#1242));
#6268=EDGE_LOOP('',(#1243,#1244,#1245,#1246,#1247,#1248));
#6269=EDGE_LOOP('',(#1249,#1250,#1251));
#6270=EDGE_LOOP('',(#1252,#1253,#1254,#1255));
#6271=EDGE_LOOP('',(#1256,#1257,#1258,#1259));
#6272=EDGE_LOOP('',(#1260,#1261,#1262));
#6273=EDGE_LOOP('',(#1263,#1264,#1265,#1266));
#6274=EDGE_LOOP('',(#1267,#1268,#1269,#1270));
#6275=EDGE_LOOP('',(#1271,#1272,#1273,#1274));
#6276=EDGE_LOOP('',(#1275,#1276,#1277,#1278,#1279,#1280));
#6277=EDGE_LOOP('',(#1281,#1282,#1283,#1284,#1285,#1286));
#6278=EDGE_LOOP('',(#1287,#1288,#1289,#1290,#1291,#1292));
#6279=EDGE_LOOP('',(#1293,#1294,#1295,#1296,#1297,#1298,#1299,#1300,#1301,#1302,#1303,#1304));
#6280=EDGE_LOOP('',(#1305,#1306,#1307,#1308));
#6281=EDGE_LOOP('',(#1309,#1310,#1311,#1312));
#6282=EDGE_LOOP('',(#1313,#1314,#1315));
#6283=EDGE_LOOP('',(#1316,#1317,#1318,#1319,#1320,#1321));
#6284=EDGE_LOOP('',(#1322,#1323,#1324,#1325,#1326,#1327));
#6285=EDGE_LOOP('',(#1328,#1329,#1330,#1331));
#6286=EDGE_LOOP('',(#1332,#1333,#1334,#1335,#1336,#1337));
#6287=EDGE_LOOP('',(#1338,#1339,#1340));
#6288=EDGE_LOOP('',(#1341,#1342,#1343,#1344));
#6289=EDGE_LOOP('',(#1345,#1346,#1347,#1348));
#6290=EDGE_LOOP('',(#1349,#1350,#1351,#1352));
#6291=EDGE_LOOP('',(#1353,#1354,#1355,#1356));
#6292=EDGE_LOOP('',(#1357,#1358,#1359,#1360,#1361,#1362,#1363));
#6293=EDGE_LOOP('',(#1364,#1365,#1366,#1367));
#6294=EDGE_LOOP('',(#1368,#1369,#1370,#1371));
#6295=EDGE_LOOP('',(#1372,#1373,#1374,#1375));
#6296=EDGE_LOOP('',(#1376,#1377,#1378,#1379,#1380,#1381,#1382));
#6297=EDGE_LOOP('',(#1383,#1384,#1385,#1386));
#6298=EDGE_LOOP('',(#1387,#1388,#1389,#1390));
#6299=EDGE_LOOP('',(#1391,#1392,#1393,#1394));
#6300=EDGE_LOOP('',(#1395,#1396,#1397,#1398,#1399,#1400,#1401));
#6301=EDGE_LOOP('',(#1402,#1403,#1404,#1405));
#6302=EDGE_LOOP('',(#1406,#1407,#1408,#1409));
#6303=EDGE_LOOP('',(#1410,#1411,#1412,#1413,#1414,#1415,#1416));
#6304=EDGE_LOOP('',(#1417,#1418,#1419,#1420));
#6305=EDGE_LOOP('',(#1421,#1422,#1423,#1424));
#6306=EDGE_LOOP('',(#1425,#1426,#1427,#1428,#1429,#1430,#1431));
#6307=EDGE_LOOP('',(#1432,#1433,#1434,#1435));
#6308=EDGE_LOOP('',(#1436,#1437,#1438,#1439));
#6309=EDGE_LOOP('',(#1440,#1441,#1442,#1443,#1444,#1445,#1446));
#6310=EDGE_LOOP('',(#1447,#1448,#1449,#1450));
#6311=EDGE_LOOP('',(#1451,#1452,#1453,#1454));
#6312=EDGE_LOOP('',(#1455,#1456,#1457,#1458));
#6313=EDGE_LOOP('',(#1459,#1460,#1461,#1462));
#6314=EDGE_LOOP('',(#1463,#1464,#1465,#1466));
#6315=EDGE_LOOP('',(#1467,#1468,#1469,#1470));
#6316=EDGE_LOOP('',(#1471,#1472,#1473,#1474));
#6317=EDGE_LOOP('',(#1475,#1476,#1477,#1478));
#6318=EDGE_LOOP('',(#1479,#1480,#1481,#1482));
#6319=EDGE_LOOP('',(#1483,#1484,#1485,#1486));
#6320=EDGE_LOOP('',(#1487,#1488,#1489,#1490));
#6321=EDGE_LOOP('',(#1491,#1492,#1493,#1494,#1495,#1496,#1497));
#6322=EDGE_LOOP('',(#1498,#1499,#1500,#1501));
#6323=EDGE_LOOP('',(#1502,#1503,#1504,#1505));
#6324=EDGE_LOOP('',(#1506,#1507,#1508,#1509,#1510,#1511,#1512));
#6325=EDGE_LOOP('',(#1513,#1514,#1515,#1516));
#6326=EDGE_LOOP('',(#1517,#1518,#1519,#1520,#1521,#1522,#1523));
#6327=EDGE_LOOP('',(#1524,#1525,#1526,#1527));
#6328=EDGE_LOOP('',(#1528,#1529,#1530,#1531));
#6329=EDGE_LOOP('',(#1532,#1533,#1534,#1535));
#6330=EDGE_LOOP('',(#1536,#1537,#1538,#1539,#1540,#1541,#1542));
#6331=EDGE_LOOP('',(#1543,#1544,#1545,#1546));
#6332=EDGE_LOOP('',(#1547,#1548,#1549,#1550));
#6333=EDGE_LOOP('',(#1551,#1552,#1553,#1554));
#6334=EDGE_LOOP('',(#1555,#1556,#1557,#1558,#1559,#1560,#1561));
#6335=EDGE_LOOP('',(#1562,#1563,#1564,#1565));
#6336=EDGE_LOOP('',(#1566,#1567,#1568,#1569));
#6337=EDGE_LOOP('',(#1570,#1571,#1572,#1573,#1574,#1575,#1576));
#6338=EDGE_LOOP('',(#1577,#1578,#1579,#1580));
#6339=EDGE_LOOP('',(#1581,#1582,#1583,#1584));
#6340=EDGE_LOOP('',(#1585,#1586,#1587,#1588,#1589,#1590,#1591));
#6341=EDGE_LOOP('',(#1592,#1593,#1594,#1595));
#6342=EDGE_LOOP('',(#1596,#1597,#1598,#1599));
#6343=EDGE_LOOP('',(#1600,#1601,#1602,#1603,#1604,#1605,#1606));
#6344=EDGE_LOOP('',(#1607,#1608,#1609,#1610));
#6345=EDGE_LOOP('',(#1611,#1612,#1613,#1614));
#6346=EDGE_LOOP('',(#1615,#1616,#1617,#1618,#1619,#1620,#1621));
#6347=EDGE_LOOP('',(#1622,#1623,#1624,#1625));
#6348=EDGE_LOOP('',(#1626,#1627,#1628,#1629,#1630,#1631));
#6349=EDGE_LOOP('',(#1632,#1633,#1634,#1635));
#6350=EDGE_LOOP('',(#1636,#1637,#1638,#1639));
#6351=EDGE_LOOP('',(#1640,#1641,#1642,#1643));
#6352=EDGE_LOOP('',(#1644,#1645,#1646,#1647,#1648,#1649,#1650));
#6353=EDGE_LOOP('',(#1651,#1652,#1653,#1654));
#6354=EDGE_LOOP('',(#1655,#1656,#1657,#1658));
#6355=EDGE_LOOP('',(#1659,#1660,#1661,#1662));
#6356=EDGE_LOOP('',(#1663,#1664,#1665,#1666,#1667,#1668,#1669));
#6357=EDGE_LOOP('',(#1670,#1671,#1672,#1673));
#6358=EDGE_LOOP('',(#1674,#1675,#1676,#1677));
#6359=EDGE_LOOP('',(#1678,#1679,#1680,#1681));
#6360=EDGE_LOOP('',(#1682,#1683,#1684,#1685,#1686,#1687,#1688));
#6361=EDGE_LOOP('',(#1689,#1690,#1691,#1692));
#6362=EDGE_LOOP('',(#1693,#1694,#1695,#1696));
#6363=EDGE_LOOP('',(#1697,#1698,#1699,#1700,#1701,#1702,#1703));
#6364=EDGE_LOOP('',(#1704,#1705,#1706,#1707));
#6365=EDGE_LOOP('',(#1708,#1709,#1710,#1711));
#6366=EDGE_LOOP('',(#1712,#1713,#1714,#1715,#1716,#1717));
#6367=EDGE_LOOP('',(#1718,#1719,#1720,#1721));
#6368=EDGE_LOOP('',(#1722,#1723,#1724,#1725));
#6369=EDGE_LOOP('',(#1726,#1727,#1728,#1729,#1730,#1731,#1732,#1733,#1734,#1735,#1736,#1737,#1738,#1739,#1740,#1741));
#6370=EDGE_LOOP('',(#1742,#1743,#1744,#1745));
#6371=EDGE_LOOP('',(#1746,#1747,#1748,#1749));
#6372=EDGE_LOOP('',(#1750,#1751,#1752,#1753,#1754,#1755,#1756));
#6373=EDGE_LOOP('',(#1757,#1758,#1759,#1760));
#6374=EDGE_LOOP('',(#1761,#1762,#1763,#1764));
#6375=EDGE_LOOP('',(#1765,#1766,#1767,#1768,#1769,#1770,#1771));
#6376=EDGE_LOOP('',(#1772,#1773,#1774,#1775));
#6377=EDGE_LOOP('',(#1776,#1777,#1778,#1779));
#6378=EDGE_LOOP('',(#1780,#1781,#1782,#1783,#1784,#1785,#1786));
#6379=EDGE_LOOP('',(#1787,#1788,#1789,#1790));
#6380=EDGE_LOOP('',(#1791,#1792,#1793,#1794));
#6381=EDGE_LOOP('',(#1795,#1796,#1797,#1798));
#6382=EDGE_LOOP('',(#1799,#1800,#1801,#1802,#1803,#1804,#1805));
#6383=EDGE_LOOP('',(#1806,#1807,#1808,#1809));
#6384=EDGE_LOOP('',(#1810,#1811,#1812,#1813));
#6385=EDGE_LOOP('',(#1814,#1815,#1816,#1817,#1818,#1819,#1820));
#6386=EDGE_LOOP('',(#1821,#1822,#1823,#1824));
#6387=EDGE_LOOP('',(#1825,#1826,#1827,#1828));
#6388=EDGE_LOOP('',(#1829,#1830,#1831,#1832,#1833,#1834,#1835));
#6389=EDGE_LOOP('',(#1836,#1837,#1838,#1839));
#6390=EDGE_LOOP('',(#1840,#1841,#1842,#1843,#1844,#1845,#1846,#1847,#1848,#1849,#1850,#1851,#1852,#1853,#1854,#1855,#1856,#1857,#1858,#1859,#1860,#1861,#1862,#1863,#1864,#1865,#1866,#1867,#1868,#1869,#1870,#1871,#1872,#1873,#1874,#1875,#1876,#1877,#1878,#1879,#1880,#1881,#1882,#1883,#1884,#1885,#1886,#1887,#1888,#1889,#1890,#1891,#1892,#1893,#1894,#1895,#1896,#1897,#1898,#1899,#1900,#1901,#1902,#1903,#1904,#1905,#1906,#1907,#1908,#1909,#1910,#1911,#1912,#1913,#1914,#1915,#1916,#1917,#1918,#1919,#1920,#1921,#1922,#1923,#1924,#1925,#1926,#1927,#1928,#1929,#1930,#1931,#1932,#1933,#1934,#1935,#1936,#1937,#1938,#1939,#1940,#1941,#1942,#1943,#1944,#1945,#1946,#1947,#1948,#1949,#1950,#1951,#1952,#1953,#1954,#1955,#1956,#1957,#1958,#1959,#1960,#1961,#1962,#1963));
#6391=EDGE_LOOP('',(#1964,#1965,#1966,#1967));
#6392=EDGE_LOOP('',(#1968,#1969,#1970,#1971));
#6393=EDGE_LOOP('',(#1972,#1973,#1974,#1975,#1976,#1977,#1978,#1979,#1980,#1981,#1982,#1983,#1984,#1985,#1986,#1987,#1988,#1989,#1990,#1991,#1992,#1993,#1994,#1995,#1996,#1997,#1998,#1999,#2000,#2001,#2002,#2003,#2004,#2005));
#6394=EDGE_LOOP('',(#2006,#2007,#2008,#2009));
#6395=EDGE_LOOP('',(#2010,#2011,#2012,#2013,#2014,#2015,#2016));
#6396=EDGE_LOOP('',(#2017,#2018,#2019,#2020,#2021,#2022,#2023));
#6397=EDGE_LOOP('',(#2024,#2025,#2026,#2027,#2028,#2029,#2030));
#6398=EDGE_LOOP('',(#2031,#2032,#2033,#2034));
#6399=EDGE_LOOP('',(#2035,#2036,#2037,#2038,#2039,#2040,#2041,#2042));
#6400=EDGE_LOOP('',(#2043,#2044,#2045,#2046,#2047,#2048));
#6401=EDGE_LOOP('',(#2049,#2050,#2051));
#6402=EDGE_LOOP('',(#2052,#2053,#2054,#2055,#2056,#2057,#2058,#2059,#2060,#2061,#2062,#2063,#2064,#2065,#2066,#2067,#2068,#2069,#2070,#2071,#2072,#2073,#2074,#2075,#2076,#2077,#2078,#2079,#2080,#2081,#2082,#2083,#2084,#2085));
#6403=EDGE_LOOP('',(#2086,#2087,#2088,#2089,#2090,#2091,#2092));
#6404=EDGE_LOOP('',(#2093,#2094,#2095,#2096,#2097,#2098));
#6405=EDGE_LOOP('',(#2099,#2100,#2101,#2102,#2103,#2104));
#6406=EDGE_LOOP('',(#2105,#2106,#2107,#2108));
#6407=EDGE_LOOP('',(#2109,#2110,#2111,#2112,#2113,#2114,#2115,#2116));
#6408=EDGE_LOOP('',(#2117,#2118,#2119,#2120));
#6409=EDGE_LOOP('',(#2121,#2122,#2123,#2124));
#6410=EDGE_LOOP('',(#2125,#2126,#2127,#2128));
#6411=EDGE_LOOP('',(#2129,#2130,#2131,#2132,#2133,#2134,#2135));
#6412=EDGE_LOOP('',(#2136,#2137,#2138,#2139,#2140,#2141));
#6413=EDGE_LOOP('',(#2142,#2143,#2144,#2145,#2146,#2147));
#6414=EDGE_LOOP('',(#2148,#2149,#2150,#2151));
#6415=EDGE_LOOP('',(#2152,#2153,#2154,#2155,#2156,#2157,#2158,#2159));
#6416=EDGE_LOOP('',(#2160,#2161,#2162,#2163));
#6417=EDGE_LOOP('',(#2164,#2165,#2166,#2167));
#6418=EDGE_LOOP('',(#2168,#2169,#2170,#2171));
#6419=EDGE_LOOP('',(#2172,#2173,#2174,#2175,#2176,#2177));
#6420=EDGE_LOOP('',(#2178,#2179,#2180,#2181));
#6421=EDGE_LOOP('',(#2182,#2183,#2184,#2185));
#6422=EDGE_LOOP('',(#2186,#2187,#2188,#2189));
#6423=EDGE_LOOP('',(#2190,#2191,#2192));
#6424=EDGE_LOOP('',(#2193,#2194,#2195,#2196));
#6425=EDGE_LOOP('',(#2197,#2198,#2199,#2200,#2201,#2202));
#6426=EDGE_LOOP('',(#2203,#2204,#2205));
#6427=EDGE_LOOP('',(#2206,#2207,#2208,#2209));
#6428=EDGE_LOOP('',(#2210,#2211,#2212,#2213,#2214));
#6429=EDGE_LOOP('',(#2215,#2216,#2217,#2218));
#6430=EDGE_LOOP('',(#2219,#2220,#2221,#2222));
#6431=EDGE_LOOP('',(#2223,#2224,#2225,#2226));
#6432=EDGE_LOOP('',(#2227,#2228,#2229,#2230));
#6433=EDGE_LOOP('',(#2231,#2232,#2233,#2234,#2235,#2236,#2237,#2238,#2239,#2240,#2241,#2242));
#6434=EDGE_LOOP('',(#2243,#2244,#2245));
#6435=EDGE_LOOP('',(#2246,#2247,#2248,#2249));
#6436=EDGE_LOOP('',(#2250,#2251,#2252,#2253));
#6437=EDGE_LOOP('',(#2254,#2255,#2256,#2257));
#6438=EDGE_LOOP('',(#2258,#2259,#2260,#2261,#2262,#2263));
#6439=EDGE_LOOP('',(#2264,#2265,#2266,#2267,#2268,#2269));
#6440=EDGE_LOOP('',(#2270,#2271,#2272,#2273));
#6441=EDGE_LOOP('',(#2274,#2275,#2276,#2277));
#6442=EDGE_LOOP('',(#2278,#2279,#2280,#2281));
#6443=EDGE_LOOP('',(#2282,#2283,#2284,#2285));
#6444=EDGE_LOOP('',(#2286,#2287,#2288,#2289));
#6445=EDGE_LOOP('',(#2290,#2291,#2292,#2293));
#6446=EDGE_LOOP('',(#2294,#2295,#2296,#2297));
#6447=EDGE_LOOP('',(#2298,#2299,#2300,#2301));
#6448=EDGE_LOOP('',(#2302,#2303,#2304,#2305));
#6449=EDGE_LOOP('',(#2306,#2307,#2308,#2309));
#6450=EDGE_LOOP('',(#2310,#2311,#2312));
#6451=EDGE_LOOP('',(#2313,#2314,#2315,#2316,#2317,#2318,#2319));
#6452=EDGE_LOOP('',(#2320,#2321,#2322,#2323,#2324));
#6453=EDGE_LOOP('',(#2325,#2326,#2327,#2328));
#6454=EDGE_LOOP('',(#2329,#2330,#2331,#2332));
#6455=EDGE_LOOP('',(#2333,#2334,#2335));
#6456=EDGE_LOOP('',(#2336,#2337,#2338,#2339));
#6457=EDGE_LOOP('',(#2340,#2341,#2342,#2343));
#6458=EDGE_LOOP('',(#2344,#2345,#2346));
#6459=EDGE_LOOP('',(#2347,#2348,#2349,#2350));
#6460=EDGE_LOOP('',(#2351,#2352,#2353,#2354));
#6461=EDGE_LOOP('',(#2355,#2356,#2357,#2358));
#6462=EDGE_LOOP('',(#2359,#2360,#2361,#2362,#2363,#2364));
#6463=EDGE_LOOP('',(#2365,#2366,#2367,#2368));
#6464=EDGE_LOOP('',(#2369,#2370,#2371,#2372));
#6465=EDGE_LOOP('',(#2373,#2374,#2375,#2376));
#6466=EDGE_LOOP('',(#2377,#2378,#2379));
#6467=EDGE_LOOP('',(#2380,#2381,#2382,#2383));
#6468=EDGE_LOOP('',(#2384,#2385,#2386,#2387));
#6469=EDGE_LOOP('',(#2388,#2389,#2390));
#6470=EDGE_LOOP('',(#2391,#2392,#2393,#2394));
#6471=EDGE_LOOP('',(#2395,#2396,#2397,#2398,#2399,#2400,#2401));
#6472=EDGE_LOOP('',(#2402,#2403,#2404,#2405));
#6473=EDGE_LOOP('',(#2406,#2407,#2408,#2409));
#6474=EDGE_LOOP('',(#2410,#2411,#2412,#2413,#2414,#2415));
#6475=EDGE_LOOP('',(#2416,#2417,#2418,#2419));
#6476=EDGE_LOOP('',(#2420,#2421,#2422,#2423,#2424));
#6477=EDGE_LOOP('',(#2425,#2426,#2427,#2428,#2429));
#6478=EDGE_LOOP('',(#2430,#2431,#2432,#2433,#2434,#2435,#2436));
#6479=EDGE_LOOP('',(#2437,#2438,#2439,#2440));
#6480=EDGE_LOOP('',(#2441,#2442,#2443,#2444,#2445,#2446,#2447,#2448,#2449,#2450,#2451,#2452));
#6481=EDGE_LOOP('',(#2453,#2454,#2455,#2456));
#6482=EDGE_LOOP('',(#2457,#2458,#2459,#2460,#2461,#2462,#2463));
#6483=EDGE_LOOP('',(#2464,#2465,#2466,#2467,#2468));
#6484=EDGE_LOOP('',(#2469,#2470,#2471,#2472,#2473,#2474));
#6485=EDGE_LOOP('',(#2475,#2476,#2477,#2478));
#6486=EDGE_LOOP('',(#2479,#2480,#2481,#2482));
#6487=EDGE_LOOP('',(#2483,#2484,#2485,#2486));
#6488=EDGE_LOOP('',(#2487,#2488,#2489,#2490,#2491,#2492,#2493));
#6489=EDGE_LOOP('',(#2494,#2495,#2496,#2497));
#6490=EDGE_LOOP('',(#2498,#2499,#2500,#2501));
#6491=EDGE_LOOP('',(#2502,#2503,#2504,#2505,#2506,#2507));
#6492=EDGE_LOOP('',(#2508,#2509,#2510,#2511));
#6493=EDGE_LOOP('',(#2512,#2513,#2514));
#6494=EDGE_LOOP('',(#2515,#2516,#2517,#2518,#2519,#2520,#2521));
#6495=EDGE_LOOP('',(#2522,#2523,#2524,#2525,#2526));
#6496=EDGE_LOOP('',(#2527,#2528,#2529));
#6497=EDGE_LOOP('',(#2530,#2531,#2532,#2533,#2534,#2535,#2536));
#6498=EDGE_LOOP('',(#2537,#2538,#2539,#2540,#2541,#2542,#2543,#2544));
#6499=EDGE_LOOP('',(#2545,#2546,#2547,#2548));
#6500=EDGE_LOOP('',(#2549,#2550,#2551,#2552));
#6501=EDGE_LOOP('',(#2553,#2554,#2555,#2556,#2557,#2558));
#6502=EDGE_LOOP('',(#2559,#2560,#2561,#2562));
#6503=EDGE_LOOP('',(#2563,#2564,#2565,#2566));
#6504=EDGE_LOOP('',(#2567,#2568,#2569,#2570));
#6505=EDGE_LOOP('',(#2571,#2572,#2573));
#6506=EDGE_LOOP('',(#2574,#2575,#2576,#2577,#2578));
#6507=EDGE_LOOP('',(#2579,#2580,#2581,#2582,#2583,#2584,#2585,#2586,#2587,#2588,#2589,#2590));
#6508=EDGE_LOOP('',(#2591,#2592,#2593,#2594));
#6509=EDGE_LOOP('',(#2595,#2596,#2597,#2598,#2599));
#6510=EDGE_LOOP('',(#2600,#2601,#2602,#2603,#2604,#2605,#2606,#2607,#2608,#2609,#2610,#2611,#2612,#2613,#2614,#2615));
#6511=EDGE_LOOP('',(#2616,#2617,#2618,#2619));
#6512=EDGE_LOOP('',(#2620,#2621,#2622,#2623));
#6513=EDGE_LOOP('',(#2624,#2625,#2626,#2627,#2628,#2629,#2630,#2631,#2632,#2633,#2634,#2635,#2636,#2637,#2638,#2639));
#6514=EDGE_LOOP('',(#2640,#2641,#2642,#2643));
#6515=EDGE_LOOP('',(#2644,#2645,#2646,#2647));
#6516=EDGE_LOOP('',(#2648,#2649,#2650,#2651,#2652,#2653,#2654,#2655,#2656,#2657));
#6517=EDGE_LOOP('',(#2658,#2659,#2660,#2661));
#6518=EDGE_LOOP('',(#2662,#2663,#2664,#2665));
#6519=EDGE_LOOP('',(#2666,#2667,#2668,#2669));
#6520=FACE_BOUND('',#6122,.T.);
#6521=FACE_BOUND('',#6123,.T.);
#6522=FACE_BOUND('',#6124,.T.);
#6523=FACE_BOUND('',#6125,.T.);
#6524=FACE_BOUND('',#6126,.T.);
#6525=FACE_BOUND('',#6127,.T.);
#6526=FACE_BOUND('',#6128,.T.);
#6527=FACE_BOUND('',#6129,.T.);
#6528=FACE_BOUND('',#6130,.T.);
#6529=FACE_BOUND('',#6131,.T.);
#6530=FACE_BOUND('',#6132,.T.);
#6531=FACE_BOUND('',#6133,.T.);
#6532=FACE_BOUND('',#6134,.T.);
#6533=FACE_BOUND('',#6135,.T.);
#6534=FACE_BOUND('',#6136,.T.);
#6535=FACE_BOUND('',#6137,.T.);
#6536=FACE_BOUND('',#6138,.T.);
#6537=FACE_BOUND('',#6139,.T.);
#6538=FACE_BOUND('',#6140,.T.);
#6539=FACE_BOUND('',#6141,.T.);
#6540=FACE_BOUND('',#6142,.T.);
#6541=FACE_BOUND('',#6143,.T.);
#6542=FACE_BOUND('',#6144,.T.);
#6543=FACE_BOUND('',#6145,.T.);
#6544=FACE_BOUND('',#6146,.T.);
#6545=FACE_BOUND('',#6147,.T.);
#6546=FACE_BOUND('',#6148,.T.);
#6547=FACE_BOUND('',#6149,.T.);
#6548=FACE_BOUND('',#6150,.T.);
#6549=FACE_BOUND('',#6151,.T.);
#6550=FACE_BOUND('',#6152,.T.);
#6551=FACE_BOUND('',#6153,.T.);
#6552=FACE_BOUND('',#6154,.T.);
#6553=FACE_BOUND('',#6155,.T.);
#6554=FACE_BOUND('',#6156,.T.);
#6555=FACE_BOUND('',#6157,.T.);
#6556=FACE_BOUND('',#6158,.T.);
#6557=FACE_BOUND('',#6159,.T.);
#6558=FACE_BOUND('',#6160,.T.);
#6559=FACE_BOUND('',#6161,.T.);
#6560=FACE_BOUND('',#6162,.T.);
#6561=FACE_BOUND('',#6163,.T.);
#6562=FACE_BOUND('',#6164,.T.);
#6563=FACE_BOUND('',#6165,.T.);
#6564=FACE_BOUND('',#6166,.T.);
#6565=FACE_BOUND('',#6167,.T.);
#6566=FACE_BOUND('',#6168,.T.);
#6567=FACE_BOUND('',#6169,.T.);
#6568=FACE_BOUND('',#6170,.T.);
#6569=FACE_BOUND('',#6171,.T.);
#6570=FACE_BOUND('',#6172,.T.);
#6571=FACE_BOUND('',#6173,.T.);
#6572=FACE_BOUND('',#6174,.T.);
#6573=FACE_BOUND('',#6175,.T.);
#6574=FACE_BOUND('',#6176,.T.);
#6575=FACE_BOUND('',#6177,.T.);
#6576=FACE_BOUND('',#6178,.T.);
#6577=FACE_BOUND('',#6179,.T.);
#6578=FACE_BOUND('',#6180,.T.);
#6579=FACE_BOUND('',#6181,.T.);
#6580=FACE_BOUND('',#6182,.T.);
#6581=FACE_BOUND('',#6183,.T.);
#6582=FACE_BOUND('',#6184,.T.);
#6583=FACE_BOUND('',#6185,.T.);
#6584=FACE_BOUND('',#6186,.T.);
#6585=FACE_BOUND('',#6187,.T.);
#6586=FACE_BOUND('',#6188,.T.);
#6587=FACE_BOUND('',#6189,.T.);
#6588=FACE_BOUND('',#6190,.T.);
#6589=FACE_BOUND('',#6191,.T.);
#6590=FACE_BOUND('',#6192,.T.);
#6591=FACE_BOUND('',#6193,.T.);
#6592=FACE_BOUND('',#6194,.T.);
#6593=FACE_BOUND('',#6195,.T.);
#6594=FACE_BOUND('',#6196,.T.);
#6595=FACE_BOUND('',#6197,.T.);
#6596=FACE_BOUND('',#6198,.T.);
#6597=FACE_BOUND('',#6199,.T.);
#6598=FACE_BOUND('',#6200,.T.);
#6599=FACE_BOUND('',#6201,.T.);
#6600=FACE_BOUND('',#6202,.T.);
#6601=FACE_BOUND('',#6203,.T.);
#6602=FACE_BOUND('',#6204,.T.);
#6603=FACE_BOUND('',#6205,.T.);
#6604=FACE_BOUND('',#6206,.T.);
#6605=FACE_BOUND('',#6207,.T.);
#6606=FACE_BOUND('',#6208,.T.);
#6607=FACE_BOUND('',#6209,.T.);
#6608=FACE_BOUND('',#6210,.T.);
#6609=FACE_BOUND('',#6211,.T.);
#6610=FACE_BOUND('',#6212,.T.);
#6611=FACE_BOUND('',#6213,.T.);
#6612=FACE_BOUND('',#6214,.T.);
#6613=FACE_BOUND('',#6215,.T.);
#6614=FACE_BOUND('',#6216,.T.);
#6615=FACE_BOUND('',#6217,.T.);
#6616=FACE_BOUND('',#6218,.T.);
#6617=FACE_BOUND('',#6219,.T.);
#6618=FACE_BOUND('',#6220,.T.);
#6619=FACE_BOUND('',#6221,.T.);
#6620=FACE_BOUND('',#6222,.T.);
#6621=FACE_BOUND('',#6223,.T.);
#6622=FACE_BOUND('',#6224,.T.);
#6623=FACE_BOUND('',#6225,.T.);
#6624=FACE_BOUND('',#6226,.T.);
#6625=FACE_BOUND('',#6227,.T.);
#6626=FACE_BOUND('',#6228,.T.);
#6627=FACE_BOUND('',#6229,.T.);
#6628=FACE_BOUND('',#6230,.T.);
#6629=FACE_BOUND('',#6231,.T.);
#6630=FACE_BOUND('',#6232,.T.);
#6631=FACE_BOUND('',#6233,.T.);
#6632=FACE_BOUND('',#6234,.T.);
#6633=FACE_BOUND('',#6235,.T.);
#6634=FACE_BOUND('',#6236,.T.);
#6635=FACE_BOUND('',#6237,.T.);
#6636=FACE_BOUND('',#6238,.T.);
#6637=FACE_BOUND('',#6239,.T.);
#6638=FACE_BOUND('',#6240,.T.);
#6639=FACE_BOUND('',#6241,.T.);
#6640=FACE_BOUND('',#6242,.T.);
#6641=FACE_BOUND('',#6243,.T.);
#6642=FACE_BOUND('',#6244,.T.);
#6643=FACE_BOUND('',#6245,.T.);
#6644=FACE_BOUND('',#6246,.T.);
#6645=FACE_BOUND('',#6247,.T.);
#6646=FACE_BOUND('',#6248,.T.);
#6647=FACE_BOUND('',#6249,.T.);
#6648=FACE_BOUND('',#6250,.T.);
#6649=FACE_BOUND('',#6251,.T.);
#6650=FACE_BOUND('',#6252,.T.);
#6651=FACE_BOUND('',#6253,.T.);
#6652=FACE_BOUND('',#6254,.T.);
#6653=FACE_BOUND('',#6255,.T.);
#6654=FACE_BOUND('',#6256,.T.);
#6655=FACE_BOUND('',#6257,.T.);
#6656=FACE_BOUND('',#6258,.T.);
#6657=FACE_BOUND('',#6259,.T.);
#6658=FACE_BOUND('',#6260,.T.);
#6659=FACE_BOUND('',#6261,.T.);
#6660=FACE_BOUND('',#6262,.T.);
#6661=FACE_BOUND('',#6263,.T.);
#6662=FACE_BOUND('',#6264,.T.);
#6663=FACE_BOUND('',#6265,.T.);
#6664=FACE_BOUND('',#6266,.T.);
#6665=FACE_BOUND('',#6267,.T.);
#6666=FACE_BOUND('',#6268,.T.);
#6667=FACE_BOUND('',#6269,.T.);
#6668=FACE_BOUND('',#6270,.T.);
#6669=FACE_BOUND('',#6271,.T.);
#6670=FACE_BOUND('',#6272,.T.);
#6671=FACE_BOUND('',#6273,.T.);
#6672=FACE_BOUND('',#6274,.T.);
#6673=FACE_BOUND('',#6275,.T.);
#6674=FACE_BOUND('',#6276,.T.);
#6675=FACE_BOUND('',#6277,.T.);
#6676=FACE_BOUND('',#6278,.T.);
#6677=FACE_BOUND('',#6279,.T.);
#6678=FACE_BOUND('',#6280,.T.);
#6679=FACE_BOUND('',#6281,.T.);
#6680=FACE_BOUND('',#6282,.T.);
#6681=FACE_BOUND('',#6283,.T.);
#6682=FACE_BOUND('',#6284,.T.);
#6683=FACE_BOUND('',#6285,.T.);
#6684=FACE_BOUND('',#6286,.T.);
#6685=FACE_BOUND('',#6287,.T.);
#6686=FACE_BOUND('',#6288,.T.);
#6687=FACE_BOUND('',#6289,.T.);
#6688=FACE_BOUND('',#6290,.T.);
#6689=FACE_BOUND('',#6291,.T.);
#6690=FACE_BOUND('',#6292,.T.);
#6691=FACE_BOUND('',#6293,.T.);
#6692=FACE_BOUND('',#6294,.T.);
#6693=FACE_BOUND('',#6295,.T.);
#6694=FACE_BOUND('',#6296,.T.);
#6695=FACE_BOUND('',#6297,.T.);
#6696=FACE_BOUND('',#6298,.T.);
#6697=FACE_BOUND('',#6299,.T.);
#6698=FACE_BOUND('',#6300,.T.);
#6699=FACE_BOUND('',#6301,.T.);
#6700=FACE_BOUND('',#6302,.T.);
#6701=FACE_BOUND('',#6303,.T.);
#6702=FACE_BOUND('',#6304,.T.);
#6703=FACE_BOUND('',#6305,.T.);
#6704=FACE_BOUND('',#6306,.T.);
#6705=FACE_BOUND('',#6307,.T.);
#6706=FACE_BOUND('',#6308,.T.);
#6707=FACE_BOUND('',#6309,.T.);
#6708=FACE_BOUND('',#6310,.T.);
#6709=FACE_BOUND('',#6311,.T.);
#6710=FACE_BOUND('',#6312,.T.);
#6711=FACE_BOUND('',#6313,.T.);
#6712=FACE_BOUND('',#6314,.T.);
#6713=FACE_BOUND('',#6315,.T.);
#6714=FACE_BOUND('',#6316,.T.);
#6715=FACE_BOUND('',#6317,.T.);
#6716=FACE_BOUND('',#6318,.T.);
#6717=FACE_BOUND('',#6319,.T.);
#6718=FACE_BOUND('',#6320,.T.);
#6719=FACE_BOUND('',#6321,.T.);
#6720=FACE_BOUND('',#6322,.T.);
#6721=FACE_BOUND('',#6323,.T.);
#6722=FACE_BOUND('',#6324,.T.);
#6723=FACE_BOUND('',#6325,.T.);
#6724=FACE_BOUND('',#6326,.T.);
#6725=FACE_BOUND('',#6327,.T.);
#6726=FACE_BOUND('',#6328,.T.);
#6727=FACE_BOUND('',#6329,.T.);
#6728=FACE_BOUND('',#6330,.T.);
#6729=FACE_BOUND('',#6331,.T.);
#6730=FACE_BOUND('',#6332,.T.);
#6731=FACE_BOUND('',#6333,.T.);
#6732=FACE_BOUND('',#6334,.T.);
#6733=FACE_BOUND('',#6335,.T.);
#6734=FACE_BOUND('',#6336,.T.);
#6735=FACE_BOUND('',#6337,.T.);
#6736=FACE_BOUND('',#6338,.T.);
#6737=FACE_BOUND('',#6339,.T.);
#6738=FACE_BOUND('',#6340,.T.);
#6739=FACE_BOUND('',#6341,.T.);
#6740=FACE_BOUND('',#6342,.T.);
#6741=FACE_BOUND('',#6343,.T.);
#6742=FACE_BOUND('',#6344,.T.);
#6743=FACE_BOUND('',#6345,.T.);
#6744=FACE_BOUND('',#6346,.T.);
#6745=FACE_BOUND('',#6347,.T.);
#6746=FACE_BOUND('',#6348,.T.);
#6747=FACE_BOUND('',#6349,.T.);
#6748=FACE_BOUND('',#6350,.T.);
#6749=FACE_BOUND('',#6351,.T.);
#6750=FACE_BOUND('',#6352,.T.);
#6751=FACE_BOUND('',#6353,.T.);
#6752=FACE_BOUND('',#6354,.T.);
#6753=FACE_BOUND('',#6355,.T.);
#6754=FACE_BOUND('',#6356,.T.);
#6755=FACE_BOUND('',#6357,.T.);
#6756=FACE_BOUND('',#6358,.T.);
#6757=FACE_BOUND('',#6359,.T.);
#6758=FACE_BOUND('',#6360,.T.);
#6759=FACE_BOUND('',#6361,.T.);
#6760=FACE_BOUND('',#6362,.T.);
#6761=FACE_BOUND('',#6363,.T.);
#6762=FACE_BOUND('',#6364,.T.);
#6763=FACE_BOUND('',#6365,.T.);
#6764=FACE_BOUND('',#6366,.T.);
#6765=FACE_BOUND('',#6367,.T.);
#6766=FACE_BOUND('',#6368,.T.);
#6767=FACE_BOUND('',#6369,.T.);
#6768=FACE_BOUND('',#6370,.T.);
#6769=FACE_BOUND('',#6371,.T.);
#6770=FACE_BOUND('',#6372,.T.);
#6771=FACE_BOUND('',#6373,.T.);
#6772=FACE_BOUND('',#6374,.T.);
#6773=FACE_BOUND('',#6375,.T.);
#6774=FACE_BOUND('',#6376,.T.);
#6775=FACE_BOUND('',#6377,.T.);
#6776=FACE_BOUND('',#6378,.T.);
#6777=FACE_BOUND('',#6379,.T.);
#6778=FACE_BOUND('',#6380,.T.);
#6779=FACE_BOUND('',#6381,.T.);
#6780=FACE_BOUND('',#6382,.T.);
#6781=FACE_BOUND('',#6383,.T.);
#6782=FACE_BOUND('',#6384,.T.);
#6783=FACE_BOUND('',#6385,.T.);
#6784=FACE_BOUND('',#6386,.T.);
#6785=FACE_BOUND('',#6387,.T.);
#6786=FACE_BOUND('',#6388,.T.);
#6787=FACE_BOUND('',#6389,.T.);
#6788=FACE_BOUND('',#6390,.T.);
#6789=FACE_BOUND('',#6391,.T.);
#6790=FACE_BOUND('',#6392,.T.);
#6791=FACE_BOUND('',#6393,.T.);
#6792=FACE_BOUND('',#6394,.T.);
#6793=FACE_BOUND('',#6395,.T.);
#6794=FACE_BOUND('',#6396,.T.);
#6795=FACE_BOUND('',#6397,.T.);
#6796=FACE_BOUND('',#6398,.T.);
#6797=FACE_BOUND('',#6399,.T.);
#6798=FACE_BOUND('',#6400,.T.);
#6799=FACE_BOUND('',#6401,.T.);
#6800=FACE_BOUND('',#6402,.T.);
#6801=FACE_BOUND('',#6403,.T.);
#6802=FACE_BOUND('',#6404,.T.);
#6803=FACE_BOUND('',#6405,.T.);
#6804=FACE_BOUND('',#6406,.T.);
#6805=FACE_BOUND('',#6407,.T.);
#6806=FACE_BOUND('',#6408,.T.);
#6807=FACE_BOUND('',#6409,.T.);
#6808=FACE_BOUND('',#6410,.T.);
#6809=FACE_BOUND('',#6411,.T.);
#6810=FACE_BOUND('',#6412,.T.);
#6811=FACE_BOUND('',#6413,.T.);
#6812=FACE_BOUND('',#6414,.T.);
#6813=FACE_BOUND('',#6415,.T.);
#6814=FACE_BOUND('',#6416,.T.);
#6815=FACE_BOUND('',#6417,.T.);
#6816=FACE_BOUND('',#6418,.T.);
#6817=FACE_BOUND('',#6419,.T.);
#6818=FACE_BOUND('',#6420,.T.);
#6819=FACE_BOUND('',#6421,.T.);
#6820=FACE_BOUND('',#6422,.T.);
#6821=FACE_BOUND('',#6423,.T.);
#6822=FACE_BOUND('',#6424,.T.);
#6823=FACE_BOUND('',#6425,.T.);
#6824=FACE_BOUND('',#6426,.T.);
#6825=FACE_BOUND('',#6427,.T.);
#6826=FACE_BOUND('',#6428,.T.);
#6827=FACE_BOUND('',#6429,.T.);
#6828=FACE_BOUND('',#6430,.T.);
#6829=FACE_BOUND('',#6431,.T.);
#6830=FACE_BOUND('',#6432,.T.);
#6831=FACE_BOUND('',#6433,.T.);
#6832=FACE_BOUND('',#6434,.T.);
#6833=FACE_BOUND('',#6435,.T.);
#6834=FACE_BOUND('',#6436,.T.);
#6835=FACE_BOUND('',#6437,.T.);
#6836=FACE_BOUND('',#6438,.T.);
#6837=FACE_BOUND('',#6439,.T.);
#6838=FACE_BOUND('',#6440,.T.);
#6839=FACE_BOUND('',#6441,.T.);
#6840=FACE_BOUND('',#6442,.T.);
#6841=FACE_BOUND('',#6443,.T.);
#6842=FACE_BOUND('',#6444,.T.);
#6843=FACE_BOUND('',#6445,.T.);
#6844=FACE_BOUND('',#6446,.T.);
#6845=FACE_BOUND('',#6447,.T.);
#6846=FACE_BOUND('',#6448,.T.);
#6847=FACE_BOUND('',#6449,.T.);
#6848=FACE_BOUND('',#6450,.T.);
#6849=FACE_BOUND('',#6451,.T.);
#6850=FACE_BOUND('',#6452,.T.);
#6851=FACE_BOUND('',#6453,.T.);
#6852=FACE_BOUND('',#6454,.T.);
#6853=FACE_BOUND('',#6455,.T.);
#6854=FACE_BOUND('',#6456,.T.);
#6855=FACE_BOUND('',#6457,.T.);
#6856=FACE_BOUND('',#6458,.T.);
#6857=FACE_BOUND('',#6459,.T.);
#6858=FACE_BOUND('',#6460,.T.);
#6859=FACE_BOUND('',#6461,.T.);
#6860=FACE_BOUND('',#6462,.T.);
#6861=FACE_BOUND('',#6463,.T.);
#6862=FACE_BOUND('',#6464,.T.);
#6863=FACE_BOUND('',#6465,.T.);
#6864=FACE_BOUND('',#6466,.T.);
#6865=FACE_BOUND('',#6467,.T.);
#6866=FACE_BOUND('',#6468,.T.);
#6867=FACE_BOUND('',#6469,.T.);
#6868=FACE_BOUND('',#6470,.T.);
#6869=FACE_BOUND('',#6471,.T.);
#6870=FACE_BOUND('',#6472,.T.);
#6871=FACE_BOUND('',#6473,.T.);
#6872=FACE_BOUND('',#6474,.T.);
#6873=FACE_BOUND('',#6475,.T.);
#6874=FACE_BOUND('',#6476,.T.);
#6875=FACE_BOUND('',#6477,.T.);
#6876=FACE_BOUND('',#6478,.T.);
#6877=FACE_BOUND('',#6479,.T.);
#6878=FACE_BOUND('',#6480,.T.);
#6879=FACE_BOUND('',#6481,.T.);
#6880=FACE_BOUND('',#6482,.T.);
#6881=FACE_BOUND('',#6483,.T.);
#6882=FACE_BOUND('',#6484,.T.);
#6883=FACE_BOUND('',#6485,.T.);
#6884=FACE_BOUND('',#6486,.T.);
#6885=FACE_BOUND('',#6487,.T.);
#6886=FACE_BOUND('',#6488,.T.);
#6887=FACE_BOUND('',#6489,.T.);
#6888=FACE_BOUND('',#6490,.T.);
#6889=FACE_BOUND('',#6491,.T.);
#6890=FACE_BOUND('',#6492,.T.);
#6891=FACE_BOUND('',#6493,.T.);
#6892=FACE_BOUND('',#6494,.T.);
#6893=FACE_BOUND('',#6495,.T.);
#6894=FACE_BOUND('',#6496,.T.);
#6895=FACE_BOUND('',#6497,.T.);
#6896=FACE_BOUND('',#6498,.T.);
#6897=FACE_BOUND('',#6499,.T.);
#6898=FACE_BOUND('',#6500,.T.);
#6899=FACE_BOUND('',#6501,.T.);
#6900=FACE_BOUND('',#6502,.T.);
#6901=FACE_BOUND('',#6503,.T.);
#6902=FACE_BOUND('',#6504,.T.);
#6903=FACE_BOUND('',#6505,.T.);
#6904=FACE_BOUND('',#6506,.T.);
#6905=FACE_BOUND('',#6507,.T.);
#6906=FACE_BOUND('',#6508,.T.);
#6907=FACE_BOUND('',#6509,.T.);
#6908=FACE_BOUND('',#6510,.T.);
#6909=FACE_BOUND('',#6511,.T.);
#6910=FACE_BOUND('',#6512,.T.);
#6911=FACE_BOUND('',#6513,.T.);
#6912=FACE_BOUND('',#6514,.T.);
#6913=FACE_BOUND('',#6515,.T.);
#6914=FACE_BOUND('',#6516,.T.);
#6915=FACE_BOUND('',#6517,.T.);
#6916=FACE_BOUND('',#6518,.T.);
#6917=FACE_BOUND('',#6519,.T.);
#6918=CYLINDRICAL_SURFACE('',#8972,0.000130000000000685);
#6919=CYLINDRICAL_SURFACE('',#8977,4.00000000001E-05);
#6920=CYLINDRICAL_SURFACE('',#8980,0.000130000000000685);
#6921=CYLINDRICAL_SURFACE('',#8993,4.00000000001E-05);
#6922=CYLINDRICAL_SURFACE('',#9000,0.000130000000000685);
#6923=CYLINDRICAL_SURFACE('',#9009,0.000130000000000685);
#6924=CYLINDRICAL_SURFACE('',#9014,4.00000000001E-05);
#6925=CYLINDRICAL_SURFACE('',#9019,0.000130000000000685);
#6926=CYLINDRICAL_SURFACE('',#9024,0.000130000000000685);
#6927=CYLINDRICAL_SURFACE('',#9032,4.00000000001E-05);
#6928=CYLINDRICAL_SURFACE('',#9036,0.000130000000000685);
#6929=CYLINDRICAL_SURFACE('',#9043,0.000130000000000685);
#6930=CYLINDRICAL_SURFACE('',#9045,4.00000000001E-05);
#6931=CYLINDRICAL_SURFACE('',#9050,4.00000000001E-05);
#6932=CYLINDRICAL_SURFACE('',#9054,0.000130000000000685);
#6933=CYLINDRICAL_SURFACE('',#9058,3.99999999999439E-05);
#6934=CYLINDRICAL_SURFACE('',#9061,0.000129999999999601);
#6935=CYLINDRICAL_SURFACE('',#9067,3.99999999999439E-05);
#6936=CYLINDRICAL_SURFACE('',#9079,0.000129999999999601);
#6937=CYLINDRICAL_SURFACE('',#9086,0.000129999999999601);
#6938=CYLINDRICAL_SURFACE('',#9102,3.99999999999439E-05);
#6939=CYLINDRICAL_SURFACE('',#9104,3.99999999999439E-05);
#6940=CYLINDRICAL_SURFACE('',#9108,0.000129999999999601);
#6941=CYLINDRICAL_SURFACE('',#9120,0.000100000000000109);
#6942=CYLINDRICAL_SURFACE('',#9123,2.99999999999995E-05);
#6943=CYLINDRICAL_SURFACE('',#9130,9.99999999999945E-05);
#6944=CYLINDRICAL_SURFACE('',#9136,9.00000000000223E-05);
#6945=CYLINDRICAL_SURFACE('',#9149,0.000120000000000125);
#6946=CYLINDRICAL_SURFACE('',#9163,0.000120000000000068);
#6947=CYLINDRICAL_SURFACE('',#9179,0.00012);
#6948=CYLINDRICAL_SURFACE('',#9189,0.000109999999999924);
#6949=CYLINDRICAL_SURFACE('',#9199,3.99999999998307E-05);
#6950=CYLINDRICAL_SURFACE('',#9203,8.E-05);
#6951=CYLINDRICAL_SURFACE('',#9207,0.000110000000000014);
#6952=CYLINDRICAL_SURFACE('',#9216,7.00000000000008E-05);
#6953=CYLINDRICAL_SURFACE('',#9220,0.000110000000000031);
#6954=CYLINDRICAL_SURFACE('',#9225,3.99999999999439E-05);
#6955=CYLINDRICAL_SURFACE('',#9232,0.000129999999999601);
#6956=CYLINDRICAL_SURFACE('',#9239,3.99999999999439E-05);
#6957=CYLINDRICAL_SURFACE('',#9246,0.000129999999999601);
#6958=CYLINDRICAL_SURFACE('',#9251,0.000129999999999601);
#6959=CYLINDRICAL_SURFACE('',#9255,3.99999999999439E-05);
#6960=CYLINDRICAL_SURFACE('',#9262,0.000129999999999601);
#6961=CYLINDRICAL_SURFACE('',#9270,3.99999999999439E-05);
#6962=CYLINDRICAL_SURFACE('',#9276,0.000129999999999601);
#6963=CYLINDRICAL_SURFACE('',#9284,3.99999999999439E-05);
#6964=CYLINDRICAL_SURFACE('',#9291,0.000129999999999601);
#6965=CYLINDRICAL_SURFACE('',#9293,0.000129999999999601);
#6966=CYLINDRICAL_SURFACE('',#9299,3.99999999999439E-05);
#6967=CYLINDRICAL_SURFACE('',#9303,0.000129999999999601);
#6968=CYLINDRICAL_SURFACE('',#9307,3.99999999999439E-05);
#6969=CYLINDRICAL_SURFACE('',#9315,3.99999999999439E-05);
#6970=CYLINDRICAL_SURFACE('',#9324,4.00000000001E-05);
#6971=CYLINDRICAL_SURFACE('',#9331,4.00000000001E-05);
#6972=CYLINDRICAL_SURFACE('',#9334,0.000130000000000685);
#6973=CYLINDRICAL_SURFACE('',#9338,0.000130000000000685);
#6974=CYLINDRICAL_SURFACE('',#9342,4.00000000001E-05);
#6975=CYLINDRICAL_SURFACE('',#9351,3.99999999999439E-05);
#6976=CYLINDRICAL_SURFACE('',#9352,0.000129999999999601);
#6977=CYLINDRICAL_SURFACE('',#9354,4.00000000001E-05);
#6978=CYLINDRICAL_SURFACE('',#9361,4.00000000001E-05);
#6979=CYLINDRICAL_SURFACE('',#9371,0.000130000000000685);
#6980=CYLINDRICAL_SURFACE('',#9372,0.000130000000000685);
#6981=CYLINDRICAL_SURFACE('',#9388,7.99999999999991E-05);
#6982=CYLINDRICAL_SURFACE('',#9393,7.00000000000021E-05);
#6983=CYLINDRICAL_SURFACE('',#9408,0.000109999999999924);
#6984=CYLINDRICAL_SURFACE('',#9410,0.000120000000000125);
#6985=CYLINDRICAL_SURFACE('',#9422,4.00000000001E-05);
#6986=CYLINDRICAL_SURFACE('',#9431,0.000120000000000068);
#6987=CYLINDRICAL_SURFACE('',#9443,0.000110000000000041);
#6988=CYLINDRICAL_SURFACE('',#9445,3.99999999999925E-05);
#6989=CYLINDRICAL_SURFACE('',#9446,4.00000000001E-05);
#6990=CYLINDRICAL_SURFACE('',#9449,3.99999999999439E-05);
#6991=CYLINDRICAL_SURFACE('',#9454,0.000130000000000685);
#6992=CYLINDRICAL_SURFACE('',#9457,0.000130000000000685);
#6993=CYLINDRICAL_SURFACE('',#9459,4.00000000001E-05);
#6994=CYLINDRICAL_SURFACE('',#9460,4.00000000001E-05);
#6995=CYLINDRICAL_SURFACE('',#9462,9.00000000000288E-05);
#6996=CYLINDRICAL_SURFACE('',#9468,0.000129999999999601);
#6997=CYLINDRICAL_SURFACE('',#9474,3.99999999999439E-05);
#6998=CYLINDRICAL_SURFACE('',#9484,3.00000000000028E-05);
#6999=CYLINDRICAL_SURFACE('',#9500,0.000110000000000031);
#7000=CYLINDRICAL_SURFACE('',#9505,0.000129999999999601);
#7001=CYLINDRICAL_SURFACE('',#9519,0.000119999999999996);
#7002=CYLINDRICAL_SURFACE('',#9532,3.99999999999439E-05);
#7003=CYLINDRICAL_SURFACE('',#9547,4.00000000001E-05);
#7004=CYLINDRICAL_SURFACE('',#9548,9.99999999999935E-05);
#7005=CYLINDRICAL_SURFACE('',#9549,9.99999999999935E-05);
#7006=OVER_RIDING_STYLED_ITEM('',(#7629),#7228,#7627);
#7007=OVER_RIDING_STYLED_ITEM('',(#7630),#7230,#7627);
#7008=OVER_RIDING_STYLED_ITEM('',(#7631),#7232,#7627);
#7009=OVER_RIDING_STYLED_ITEM('',(#7632),#7233,#7627);
#7010=OVER_RIDING_STYLED_ITEM('',(#7633),#7234,#7627);
#7011=OVER_RIDING_STYLED_ITEM('',(#7634),#7235,#7627);
#7012=OVER_RIDING_STYLED_ITEM('',(#7635),#7236,#7627);
#7013=OVER_RIDING_STYLED_ITEM('',(#7636),#7237,#7627);
#7014=OVER_RIDING_STYLED_ITEM('',(#7637),#7239,#7627);
#7015=OVER_RIDING_STYLED_ITEM('',(#7638),#7240,#7627);
#7016=OVER_RIDING_STYLED_ITEM('',(#7639),#7243,#7627);
#7017=OVER_RIDING_STYLED_ITEM('',(#7640),#7244,#7627);
#7018=OVER_RIDING_STYLED_ITEM('',(#7641),#7245,#7627);
#7019=OVER_RIDING_STYLED_ITEM('',(#7642),#7246,#7627);
#7020=OVER_RIDING_STYLED_ITEM('',(#7643),#7247,#7627);
#7021=OVER_RIDING_STYLED_ITEM('',(#7644),#7249,#7627);
#7022=OVER_RIDING_STYLED_ITEM('',(#7645),#7250,#7627);
#7023=OVER_RIDING_STYLED_ITEM('',(#7646),#7251,#7627);
#7024=OVER_RIDING_STYLED_ITEM('',(#7647),#7252,#7627);
#7025=OVER_RIDING_STYLED_ITEM('',(#7648),#7253,#7627);
#7026=OVER_RIDING_STYLED_ITEM('',(#7649),#7254,#7627);
#7027=OVER_RIDING_STYLED_ITEM('',(#7650),#7256,#7627);
#7028=OVER_RIDING_STYLED_ITEM('',(#7651),#7257,#7627);
#7029=OVER_RIDING_STYLED_ITEM('',(#7652),#7258,#7627);
#7030=OVER_RIDING_STYLED_ITEM('',(#7653),#7259,#7627);
#7031=OVER_RIDING_STYLED_ITEM('',(#7654),#7260,#7627);
#7032=OVER_RIDING_STYLED_ITEM('',(#7655),#7261,#7627);
#7033=OVER_RIDING_STYLED_ITEM('',(#7656),#7262,#7627);
#7034=OVER_RIDING_STYLED_ITEM('',(#7657),#7263,#7627);
#7035=OVER_RIDING_STYLED_ITEM('',(#7658),#7264,#7627);
#7036=OVER_RIDING_STYLED_ITEM('',(#7659),#7265,#7627);
#7037=OVER_RIDING_STYLED_ITEM('',(#7660),#7267,#7627);
#7038=OVER_RIDING_STYLED_ITEM('',(#7661),#7268,#7627);
#7039=OVER_RIDING_STYLED_ITEM('',(#7662),#7269,#7627);
#7040=OVER_RIDING_STYLED_ITEM('',(#7663),#7270,#7627);
#7041=OVER_RIDING_STYLED_ITEM('',(#7664),#7271,#7627);
#7042=OVER_RIDING_STYLED_ITEM('',(#7665),#7272,#7627);
#7043=OVER_RIDING_STYLED_ITEM('',(#7666),#7274,#7627);
#7044=OVER_RIDING_STYLED_ITEM('',(#7667),#7275,#7627);
#7045=OVER_RIDING_STYLED_ITEM('',(#7668),#7277,#7627);
#7046=OVER_RIDING_STYLED_ITEM('',(#7669),#7278,#7627);
#7047=OVER_RIDING_STYLED_ITEM('',(#7670),#7279,#7627);
#7048=OVER_RIDING_STYLED_ITEM('',(#7671),#7280,#7627);
#7049=OVER_RIDING_STYLED_ITEM('',(#7672),#7282,#7627);
#7050=OVER_RIDING_STYLED_ITEM('',(#7673),#7283,#7627);
#7051=OVER_RIDING_STYLED_ITEM('',(#7674),#7284,#7627);
#7052=OVER_RIDING_STYLED_ITEM('',(#7675),#7285,#7627);
#7053=OVER_RIDING_STYLED_ITEM('',(#7676),#7287,#7627);
#7054=OVER_RIDING_STYLED_ITEM('',(#7677),#7288,#7627);
#7055=OVER_RIDING_STYLED_ITEM('',(#7678),#7289,#7627);
#7056=OVER_RIDING_STYLED_ITEM('',(#7679),#7290,#7627);
#7057=OVER_RIDING_STYLED_ITEM('',(#7680),#7291,#7627);
#7058=OVER_RIDING_STYLED_ITEM('',(#7681),#7293,#7627);
#7059=OVER_RIDING_STYLED_ITEM('',(#7682),#7294,#7627);
#7060=OVER_RIDING_STYLED_ITEM('',(#7683),#7295,#7627);
#7061=OVER_RIDING_STYLED_ITEM('',(#7684),#7296,#7627);
#7062=OVER_RIDING_STYLED_ITEM('',(#7685),#7297,#7627);
#7063=OVER_RIDING_STYLED_ITEM('',(#7686),#7298,#7627);
#7064=OVER_RIDING_STYLED_ITEM('',(#7687),#7299,#7627);
#7065=OVER_RIDING_STYLED_ITEM('',(#7688),#7300,#7627);
#7066=OVER_RIDING_STYLED_ITEM('',(#7689),#7301,#7627);
#7067=OVER_RIDING_STYLED_ITEM('',(#7690),#7302,#7627);
#7068=OVER_RIDING_STYLED_ITEM('',(#7691),#7304,#7627);
#7069=OVER_RIDING_STYLED_ITEM('',(#7692),#7306,#7627);
#7070=OVER_RIDING_STYLED_ITEM('',(#7693),#7307,#7627);
#7071=OVER_RIDING_STYLED_ITEM('',(#7694),#7308,#7627);
#7072=OVER_RIDING_STYLED_ITEM('',(#7695),#7309,#7627);
#7073=OVER_RIDING_STYLED_ITEM('',(#7696),#7313,#7627);
#7074=OVER_RIDING_STYLED_ITEM('',(#7697),#7314,#7627);
#7075=OVER_RIDING_STYLED_ITEM('',(#7698),#7315,#7627);
#7076=OVER_RIDING_STYLED_ITEM('',(#7699),#7316,#7627);
#7077=OVER_RIDING_STYLED_ITEM('',(#7700),#7317,#7627);
#7078=OVER_RIDING_STYLED_ITEM('',(#7701),#7319,#7627);
#7079=OVER_RIDING_STYLED_ITEM('',(#7702),#7321,#7627);
#7080=OVER_RIDING_STYLED_ITEM('',(#7703),#7322,#7627);
#7081=OVER_RIDING_STYLED_ITEM('',(#7704),#7326,#7627);
#7082=OVER_RIDING_STYLED_ITEM('',(#7705),#7329,#7627);
#7083=OVER_RIDING_STYLED_ITEM('',(#7706),#7330,#7627);
#7084=OVER_RIDING_STYLED_ITEM('',(#7707),#7335,#7627);
#7085=OVER_RIDING_STYLED_ITEM('',(#7708),#7340,#7627);
#7086=OVER_RIDING_STYLED_ITEM('',(#7709),#7341,#7627);
#7087=OVER_RIDING_STYLED_ITEM('',(#7710),#7344,#7627);
#7088=OVER_RIDING_STYLED_ITEM('',(#7711),#7345,#7627);
#7089=OVER_RIDING_STYLED_ITEM('',(#7712),#7350,#7627);
#7090=OVER_RIDING_STYLED_ITEM('',(#7713),#7351,#7627);
#7091=OVER_RIDING_STYLED_ITEM('',(#7714),#7352,#7627);
#7092=OVER_RIDING_STYLED_ITEM('',(#7715),#7356,#7627);
#7093=OVER_RIDING_STYLED_ITEM('',(#7716),#7363,#7627);
#7094=OVER_RIDING_STYLED_ITEM('',(#7717),#7365,#7627);
#7095=OVER_RIDING_STYLED_ITEM('',(#7718),#7370,#7627);
#7096=OVER_RIDING_STYLED_ITEM('',(#7719),#7371,#7627);
#7097=OVER_RIDING_STYLED_ITEM('',(#7720),#7372,#7627);
#7098=OVER_RIDING_STYLED_ITEM('',(#7721),#7374,#7627);
#7099=OVER_RIDING_STYLED_ITEM('',(#7722),#7376,#7627);
#7100=OVER_RIDING_STYLED_ITEM('',(#7723),#7379,#7627);
#7101=OVER_RIDING_STYLED_ITEM('',(#7724),#7392,#7627);
#7102=OVER_RIDING_STYLED_ITEM('',(#7725),#7397,#7627);
#7103=OVER_RIDING_STYLED_ITEM('',(#7726),#7398,#7627);
#7104=OVER_RIDING_STYLED_ITEM('',(#7727),#7399,#7627);
#7105=OVER_RIDING_STYLED_ITEM('',(#7728),#7400,#7627);
#7106=OVER_RIDING_STYLED_ITEM('',(#7729),#7401,#7627);
#7107=OVER_RIDING_STYLED_ITEM('',(#7730),#7402,#7627);
#7108=OVER_RIDING_STYLED_ITEM('',(#7731),#7403,#7627);
#7109=OVER_RIDING_STYLED_ITEM('',(#7732),#7405,#7627);
#7110=OVER_RIDING_STYLED_ITEM('',(#7733),#7406,#7627);
#7111=OVER_RIDING_STYLED_ITEM('',(#7734),#7407,#7627);
#7112=OVER_RIDING_STYLED_ITEM('',(#7735),#7408,#7627);
#7113=OVER_RIDING_STYLED_ITEM('',(#7736),#7409,#7627);
#7114=OVER_RIDING_STYLED_ITEM('',(#7737),#7410,#7627);
#7115=OVER_RIDING_STYLED_ITEM('',(#7738),#7411,#7627);
#7116=OVER_RIDING_STYLED_ITEM('',(#7739),#7412,#7627);
#7117=OVER_RIDING_STYLED_ITEM('',(#7740),#7413,#7627);
#7118=OVER_RIDING_STYLED_ITEM('',(#7741),#7415,#7627);
#7119=OVER_RIDING_STYLED_ITEM('',(#7742),#7416,#7627);
#7120=OVER_RIDING_STYLED_ITEM('',(#7743),#7420,#7627);
#7121=OVER_RIDING_STYLED_ITEM('',(#7744),#7421,#7627);
#7122=OVER_RIDING_STYLED_ITEM('',(#7745),#7422,#7627);
#7123=OVER_RIDING_STYLED_ITEM('',(#7746),#7423,#7627);
#7124=OVER_RIDING_STYLED_ITEM('',(#7747),#7424,#7627);
#7125=OVER_RIDING_STYLED_ITEM('',(#7748),#7427,#7627);
#7126=OVER_RIDING_STYLED_ITEM('',(#7749),#7428,#7627);
#7127=OVER_RIDING_STYLED_ITEM('',(#7750),#7429,#7627);
#7128=OVER_RIDING_STYLED_ITEM('',(#7751),#7430,#7627);
#7129=OVER_RIDING_STYLED_ITEM('',(#7752),#7431,#7627);
#7130=OVER_RIDING_STYLED_ITEM('',(#7753),#7432,#7627);
#7131=OVER_RIDING_STYLED_ITEM('',(#7754),#7433,#7627);
#7132=OVER_RIDING_STYLED_ITEM('',(#7755),#7435,#7627);
#7133=OVER_RIDING_STYLED_ITEM('',(#7756),#7436,#7627);
#7134=OVER_RIDING_STYLED_ITEM('',(#7757),#7437,#7627);
#7135=OVER_RIDING_STYLED_ITEM('',(#7758),#7438,#7627);
#7136=OVER_RIDING_STYLED_ITEM('',(#7759),#7439,#7627);
#7137=OVER_RIDING_STYLED_ITEM('',(#7760),#7440,#7627);
#7138=OVER_RIDING_STYLED_ITEM('',(#7761),#7441,#7627);
#7139=OVER_RIDING_STYLED_ITEM('',(#7762),#7443,#7627);
#7140=OVER_RIDING_STYLED_ITEM('',(#7763),#7444,#7627);
#7141=OVER_RIDING_STYLED_ITEM('',(#7764),#7445,#7627);
#7142=OVER_RIDING_STYLED_ITEM('',(#7765),#7446,#7627);
#7143=OVER_RIDING_STYLED_ITEM('',(#7766),#7447,#7627);
#7144=OVER_RIDING_STYLED_ITEM('',(#7767),#7449,#7627);
#7145=OVER_RIDING_STYLED_ITEM('',(#7768),#7450,#7627);
#7146=OVER_RIDING_STYLED_ITEM('',(#7769),#7451,#7627);
#7147=OVER_RIDING_STYLED_ITEM('',(#7770),#7452,#7627);
#7148=OVER_RIDING_STYLED_ITEM('',(#7771),#7457,#7627);
#7149=OVER_RIDING_STYLED_ITEM('',(#7772),#7458,#7627);
#7150=OVER_RIDING_STYLED_ITEM('',(#7773),#7459,#7627);
#7151=OVER_RIDING_STYLED_ITEM('',(#7774),#7461,#7627);
#7152=OVER_RIDING_STYLED_ITEM('',(#7775),#7462,#7627);
#7153=OVER_RIDING_STYLED_ITEM('',(#7776),#7463,#7627);
#7154=OVER_RIDING_STYLED_ITEM('',(#7777),#7465,#7627);
#7155=OVER_RIDING_STYLED_ITEM('',(#7778),#7466,#7627);
#7156=OVER_RIDING_STYLED_ITEM('',(#7779),#7467,#7627);
#7157=OVER_RIDING_STYLED_ITEM('',(#7780),#7468,#7627);
#7158=OVER_RIDING_STYLED_ITEM('',(#7781),#7469,#7627);
#7159=OVER_RIDING_STYLED_ITEM('',(#7782),#7470,#7627);
#7160=OVER_RIDING_STYLED_ITEM('',(#7783),#7475,#7627);
#7161=OVER_RIDING_STYLED_ITEM('',(#7784),#7478,#7627);
#7162=OVER_RIDING_STYLED_ITEM('',(#7785),#7480,#7627);
#7163=OVER_RIDING_STYLED_ITEM('',(#7786),#7481,#7627);
#7164=OVER_RIDING_STYLED_ITEM('',(#7787),#7483,#7627);
#7165=OVER_RIDING_STYLED_ITEM('',(#7788),#7484,#7627);
#7166=OVER_RIDING_STYLED_ITEM('',(#7789),#7485,#7627);
#7167=OVER_RIDING_STYLED_ITEM('',(#7790),#7486,#7627);
#7168=OVER_RIDING_STYLED_ITEM('',(#7791),#7488,#7627);
#7169=OVER_RIDING_STYLED_ITEM('',(#7792),#7489,#7627);
#7170=OVER_RIDING_STYLED_ITEM('',(#7793),#7490,#7627);
#7171=OVER_RIDING_STYLED_ITEM('',(#7794),#7491,#7627);
#7172=OVER_RIDING_STYLED_ITEM('',(#7795),#7492,#7627);
#7173=OVER_RIDING_STYLED_ITEM('',(#7796),#7493,#7627);
#7174=OVER_RIDING_STYLED_ITEM('',(#7797),#7494,#7627);
#7175=OVER_RIDING_STYLED_ITEM('',(#7798),#7495,#7627);
#7176=OVER_RIDING_STYLED_ITEM('',(#7799),#7500,#7627);
#7177=OVER_RIDING_STYLED_ITEM('',(#7800),#7501,#7627);
#7178=OVER_RIDING_STYLED_ITEM('',(#7801),#7502,#7627);
#7179=OVER_RIDING_STYLED_ITEM('',(#7802),#7503,#7627);
#7180=OVER_RIDING_STYLED_ITEM('',(#7803),#7509,#7627);
#7181=OVER_RIDING_STYLED_ITEM('',(#7804),#7512,#7627);
#7182=OVER_RIDING_STYLED_ITEM('',(#7805),#7515,#7627);
#7183=OVER_RIDING_STYLED_ITEM('',(#7806),#7516,#7627);
#7184=OVER_RIDING_STYLED_ITEM('',(#7807),#7517,#7627);
#7185=OVER_RIDING_STYLED_ITEM('',(#7808),#7518,#7627);
#7186=OVER_RIDING_STYLED_ITEM('',(#7809),#7519,#7627);
#7187=OVER_RIDING_STYLED_ITEM('',(#7810),#7523,#7627);
#7188=OVER_RIDING_STYLED_ITEM('',(#7811),#7528,#7627);
#7189=OVER_RIDING_STYLED_ITEM('',(#7812),#7531,#7627);
#7190=OVER_RIDING_STYLED_ITEM('',(#7813),#7533,#7627);
#7191=OVER_RIDING_STYLED_ITEM('',(#7814),#7537,#7627);
#7192=OVER_RIDING_STYLED_ITEM('',(#7815),#7538,#7627);
#7193=OVER_RIDING_STYLED_ITEM('',(#7816),#7546,#7627);
#7194=OVER_RIDING_STYLED_ITEM('',(#7817),#7547,#7627);
#7195=OVER_RIDING_STYLED_ITEM('',(#7818),#7551,#7627);
#7196=OVER_RIDING_STYLED_ITEM('',(#7819),#7553,#7627);
#7197=OVER_RIDING_STYLED_ITEM('',(#7820),#7555,#7627);
#7198=OVER_RIDING_STYLED_ITEM('',(#7821),#7557,#7627);
#7199=OVER_RIDING_STYLED_ITEM('',(#7822),#7562,#7627);
#7200=OVER_RIDING_STYLED_ITEM('',(#7823),#7563,#7627);
#7201=OVER_RIDING_STYLED_ITEM('',(#7824),#7566,#7627);
#7202=OVER_RIDING_STYLED_ITEM('',(#7825),#7567,#7627);
#7203=OVER_RIDING_STYLED_ITEM('',(#7826),#7569,#7627);
#7204=OVER_RIDING_STYLED_ITEM('',(#7827),#7570,#7627);
#7205=OVER_RIDING_STYLED_ITEM('',(#7828),#7571,#7627);
#7206=OVER_RIDING_STYLED_ITEM('',(#7829),#7574,#7627);
#7207=OVER_RIDING_STYLED_ITEM('',(#7830),#7577,#7627);
#7208=OVER_RIDING_STYLED_ITEM('',(#7831),#7579,#7627);
#7209=OVER_RIDING_STYLED_ITEM('',(#7832),#7580,#7627);
#7210=OVER_RIDING_STYLED_ITEM('',(#7833),#7582,#7627);
#7211=OVER_RIDING_STYLED_ITEM('',(#7834),#7584,#7627);
#7212=OVER_RIDING_STYLED_ITEM('',(#7835),#7585,#7627);
#7213=OVER_RIDING_STYLED_ITEM('',(#7836),#7586,#7627);
#7214=OVER_RIDING_STYLED_ITEM('',(#7837),#7588,#7627);
#7215=OVER_RIDING_STYLED_ITEM('',(#7838),#7589,#7627);
#7216=OVER_RIDING_STYLED_ITEM('',(#7839),#7591,#7627);
#7217=OVER_RIDING_STYLED_ITEM('',(#7840),#7594,#7627);
#7218=OVER_RIDING_STYLED_ITEM('',(#7841),#7597,#7627);
#7219=OVER_RIDING_STYLED_ITEM('',(#7842),#7600,#7627);
#7220=OVER_RIDING_STYLED_ITEM('',(#7843),#7603,#7627);
#7221=OVER_RIDING_STYLED_ITEM('',(#7844),#7608,#7627);
#7222=OVER_RIDING_STYLED_ITEM('',(#7845),#7609,#7627);
#7223=OVER_RIDING_STYLED_ITEM('',(#7846),#7616,#7627);
#7224=OVER_RIDING_STYLED_ITEM('',(#7847),#7618,#7627);
#7225=OVER_RIDING_STYLED_ITEM('',(#7848),#7619,#7627);
#7226=OVER_RIDING_STYLED_ITEM('',(#7849),#7620,#7627);
#7227=OVER_RIDING_STYLED_ITEM('',(#7850),#7621,#7627);
#7228=ADVANCED_FACE('Face appearance 1',(#6520),#6918,.T.);
#7229=ADVANCED_FACE('',(#6521),#59,.T.);
#7230=ADVANCED_FACE('Face appearance 1',(#6522),#60,.T.);
#7231=ADVANCED_FACE('',(#6523),#6919,.T.);
#7232=ADVANCED_FACE('Face appearance 1',(#6524),#6920,.T.);
#7233=ADVANCED_FACE('Face appearance 1',(#6525),#61,.F.);
#7234=ADVANCED_FACE('Face appearance 1',(#6526),#62,.T.);
#7235=ADVANCED_FACE('Face appearance 1',(#6527),#63,.T.);
#7236=ADVANCED_FACE('Face appearance 1',(#6528),#64,.T.);
#7237=ADVANCED_FACE('Face appearance 1',(#6529),#65,.F.);
#7238=ADVANCED_FACE('',(#6530),#66,.T.);
#7239=ADVANCED_FACE('Face appearance 1',(#6531),#67,.T.);
#7240=ADVANCED_FACE('Face appearance 1',(#6532),#68,.T.);
#7241=ADVANCED_FACE('',(#6533),#6921,.T.);
#7242=ADVANCED_FACE('',(#6534),#69,.T.);
#7243=ADVANCED_FACE('Face appearance 1',(#6535),#70,.T.);
#7244=ADVANCED_FACE('Face appearance 1',(#6536),#71,.T.);
#7245=ADVANCED_FACE('Face appearance 1',(#6537),#72,.T.);
#7246=ADVANCED_FACE('Face appearance 1',(#6538),#6922,.T.);
#7247=ADVANCED_FACE('Face appearance 1',(#6539),#73,.T.);
#7248=ADVANCED_FACE('',(#6540),#74,.T.);
#7249=ADVANCED_FACE('Face appearance 1',(#6541),#75,.T.);
#7250=ADVANCED_FACE('Face appearance 1',(#6542),#76,.T.);
#7251=ADVANCED_FACE('Face appearance 1',(#6543),#6923,.T.);
#7252=ADVANCED_FACE('Face appearance 1',(#6544),#77,.T.);
#7253=ADVANCED_FACE('Face appearance 1',(#6545),#78,.F.);
#7254=ADVANCED_FACE('Face appearance 1',(#6546),#79,.T.);
#7255=ADVANCED_FACE('',(#6547),#6924,.T.);
#7256=ADVANCED_FACE('Face appearance 1',(#6548),#80,.T.);
#7257=ADVANCED_FACE('Face appearance 1',(#6549),#81,.T.);
#7258=ADVANCED_FACE('Face appearance 1',(#6550),#6925,.T.);
#7259=ADVANCED_FACE('Face appearance 1',(#6551),#82,.T.);
#7260=ADVANCED_FACE('Face appearance 1',(#6552),#83,.F.);
#7261=ADVANCED_FACE('Face appearance 1',(#6553),#6926,.T.);
#7262=ADVANCED_FACE('Face appearance 1',(#6554),#84,.T.);
#7263=ADVANCED_FACE('Face appearance 1',(#6555),#85,.T.);
#7264=ADVANCED_FACE('Face appearance 1',(#6556),#86,.F.);
#7265=ADVANCED_FACE('Face appearance 1',(#6557),#87,.T.);
#7266=ADVANCED_FACE('',(#6558),#6927,.T.);
#7267=ADVANCED_FACE('Face appearance 1',(#6559),#88,.T.);
#7268=ADVANCED_FACE('Face appearance 1',(#6560),#6928,.T.);
#7269=ADVANCED_FACE('Face appearance 1',(#6561),#89,.T.);
#7270=ADVANCED_FACE('Face appearance 1',(#6562),#90,.T.);
#7271=ADVANCED_FACE('Face appearance 1',(#6563),#91,.T.);
#7272=ADVANCED_FACE('Face appearance 1',(#6564),#6929,.T.);
#7273=ADVANCED_FACE('',(#6565),#6930,.T.);
#7274=ADVANCED_FACE('Face appearance 1',(#6566),#92,.T.);
#7275=ADVANCED_FACE('Face appearance 1',(#6567),#93,.F.);
#7276=ADVANCED_FACE('',(#6568),#6931,.T.);
#7277=ADVANCED_FACE('Face appearance 1',(#6569),#94,.T.);
#7278=ADVANCED_FACE('Face appearance 1',(#6570),#95,.F.);
#7279=ADVANCED_FACE('Face appearance 1',(#6571),#6932,.T.);
#7280=ADVANCED_FACE('Face appearance 1',(#6572),#96,.T.);
#7281=ADVANCED_FACE('',(#6573),#6933,.T.);
#7282=ADVANCED_FACE('Face appearance 1',(#6574),#6934,.T.);
#7283=ADVANCED_FACE('Face appearance 1',(#6575),#97,.T.);
#7284=ADVANCED_FACE('Face appearance 1',(#6576),#98,.T.);
#7285=ADVANCED_FACE('Face appearance 1',(#6577),#99,.T.);
#7286=ADVANCED_FACE('',(#6578),#6935,.T.);
#7287=ADVANCED_FACE('Face appearance 1',(#6579),#100,.T.);
#7288=ADVANCED_FACE('Face appearance 1',(#6580),#101,.F.);
#7289=ADVANCED_FACE('Face appearance 1',(#6581),#102,.T.);
#7290=ADVANCED_FACE('Face appearance 1',(#6582),#103,.F.);
#7291=ADVANCED_FACE('Face appearance 1',(#6583),#104,.T.);
#7292=ADVANCED_FACE('',(#6584),#105,.T.);
#7293=ADVANCED_FACE('Face appearance 1',(#6585),#106,.T.);
#7294=ADVANCED_FACE('Face appearance 1',(#6586),#107,.T.);
#7295=ADVANCED_FACE('Face appearance 1',(#6587),#6936,.T.);
#7296=ADVANCED_FACE('Face appearance 1',(#6588),#108,.T.);
#7297=ADVANCED_FACE('Face appearance 1',(#6589),#109,.F.);
#7298=ADVANCED_FACE('Face appearance 1',(#6590),#110,.F.);
#7299=ADVANCED_FACE('Face appearance 1',(#6591),#111,.T.);
#7300=ADVANCED_FACE('Face appearance 1',(#6592),#6937,.T.);
#7301=ADVANCED_FACE('Face appearance 1',(#6593),#112,.T.);
#7302=ADVANCED_FACE('Face appearance 1',(#6594),#113,.T.);
#7303=ADVANCED_FACE('',(#6595),#114,.T.);
#7304=ADVANCED_FACE('Face appearance 1',(#6596),#115,.F.);
#7305=ADVANCED_FACE('',(#6597),#116,.T.);
#7306=ADVANCED_FACE('Face appearance 1',(#6598),#117,.T.);
#7307=ADVANCED_FACE('Face appearance 1',(#6599),#118,.T.);
#7308=ADVANCED_FACE('Face appearance 1',(#6600),#119,.T.);
#7309=ADVANCED_FACE('Face appearance 1',(#6601),#120,.T.);
#7310=ADVANCED_FACE('',(#6602),#6938,.T.);
#7311=ADVANCED_FACE('',(#6603),#6939,.T.);
#7312=ADVANCED_FACE('',(#6604),#121,.T.);
#7313=ADVANCED_FACE('Face appearance 1',(#6605),#6940,.T.);
#7314=ADVANCED_FACE('Face appearance 1',(#6606),#122,.T.);
#7315=ADVANCED_FACE('Face appearance 1',(#6607),#123,.T.);
#7316=ADVANCED_FACE('Face appearance 1',(#6608),#124,.T.);
#7317=ADVANCED_FACE('Face appearance 1',(#6609),#125,.T.);
#7318=ADVANCED_FACE('',(#6610),#51,.T.);
#7319=ADVANCED_FACE('Face appearance 1',(#6611),#126,.T.);
#7320=ADVANCED_FACE('',(#6612),#6941,.T.);
#7321=ADVANCED_FACE('Face appearance 2',(#6613),#127,.F.);
#7322=ADVANCED_FACE('Face appearance 2',(#6614),#6942,.F.);
#7323=ADVANCED_FACE('',(#6615),#128,.T.);
#7324=ADVANCED_FACE('',(#6616),#129,.T.);
#7325=ADVANCED_FACE('',(#6617),#130,.T.);
#7326=ADVANCED_FACE('Face appearance 1',(#6618),#131,.T.);
#7327=ADVANCED_FACE('',(#6619),#6943,.T.);
#7328=ADVANCED_FACE('',(#6620),#132,.T.);
#7329=ADVANCED_FACE('Face appearance 2',(#6621),#133,.T.);
#7330=ADVANCED_FACE('Face appearance 2',(#6622),#6944,.T.);
#7331=ADVANCED_FACE('',(#6623),#134,.T.);
#7332=ADVANCED_FACE('',(#6624),#135,.T.);
#7333=ADVANCED_FACE('',(#6625),#136,.T.);
#7334=ADVANCED_FACE('',(#6626),#137,.T.);
#7335=ADVANCED_FACE('Face appearance 7',(#6627),#138,.T.);
#7336=ADVANCED_FACE('',(#6628),#139,.T.);
#7337=ADVANCED_FACE('',(#6629),#140,.F.);
#7338=ADVANCED_FACE('',(#6630),#141,.T.);
#7339=ADVANCED_FACE('',(#6631),#142,.T.);
#7340=ADVANCED_FACE('Face appearance 7',(#6632),#6945,.T.);
#7341=ADVANCED_FACE('Face appearance 7',(#6633),#143,.T.);
#7342=ADVANCED_FACE('',(#6634),#144,.T.);
#7343=ADVANCED_FACE('',(#6635),#145,.T.);
#7344=ADVANCED_FACE('Face appearance 7',(#6636),#146,.T.);
#7345=ADVANCED_FACE('Face appearance 7',(#6637),#147,.T.);
#7346=ADVANCED_FACE('',(#6638),#148,.T.);
#7347=ADVANCED_FACE('',(#6639),#149,.T.);
#7348=ADVANCED_FACE('',(#6640),#150,.T.);
#7349=ADVANCED_FACE('',(#6641),#151,.F.);
#7350=ADVANCED_FACE('Face appearance 7',(#6642),#6946,.T.);
#7351=ADVANCED_FACE('Face appearance 7',(#6643),#152,.T.);
#7352=ADVANCED_FACE('Face appearance 7',(#6644),#153,.T.);
#7353=ADVANCED_FACE('',(#6645),#154,.T.);
#7354=ADVANCED_FACE('',(#6646),#155,.T.);
#7355=ADVANCED_FACE('',(#6647),#156,.T.);
#7356=ADVANCED_FACE('Face appearance 7',(#6648),#157,.T.);
#7357=ADVANCED_FACE('',(#6649),#158,.T.);
#7358=ADVANCED_FACE('',(#6650),#159,.F.);
#7359=ADVANCED_FACE('',(#6651),#160,.T.);
#7360=ADVANCED_FACE('',(#6652),#161,.T.);
#7361=ADVANCED_FACE('',(#6653),#52,.T.);
#7362=ADVANCED_FACE('',(#6654),#53,.T.);
#7363=ADVANCED_FACE('Face appearance 7',(#6655),#6947,.T.);
#7364=ADVANCED_FACE('',(#6656),#162,.T.);
#7365=ADVANCED_FACE('Face appearance 7',(#6657),#163,.T.);
#7366=ADVANCED_FACE('',(#6658),#164,.T.);
#7367=ADVANCED_FACE('',(#6659),#165,.T.);
#7368=ADVANCED_FACE('',(#6660),#166,.T.);
#7369=ADVANCED_FACE('',(#6661),#167,.T.);
#7370=ADVANCED_FACE('Face appearance 2',(#6662),#168,.T.);
#7371=ADVANCED_FACE('Face appearance 2',(#6663),#169,.T.);
#7372=ADVANCED_FACE('Face appearance 2',(#6664),#170,.T.);
#7373=ADVANCED_FACE('',(#6665),#54,.T.);
#7374=ADVANCED_FACE('Face appearance 7',(#6666),#6948,.T.);
#7375=ADVANCED_FACE('',(#6667),#16,.T.);
#7376=ADVANCED_FACE('Face appearance 1',(#6668),#171,.T.);
#7377=ADVANCED_FACE('',(#6669),#172,.T.);
#7378=ADVANCED_FACE('',(#6670),#12,.T.);
#7379=ADVANCED_FACE('Face appearance 1',(#6671),#173,.T.);
#7380=ADVANCED_FACE('',(#6672),#174,.T.);
#7381=ADVANCED_FACE('',(#6673),#6949,.F.);
#7382=ADVANCED_FACE('',(#6674),#175,.T.);
#7383=ADVANCED_FACE('',(#6675),#6950,.F.);
#7384=ADVANCED_FACE('',(#6676),#176,.T.);
#7385=ADVANCED_FACE('',(#6677),#6951,.T.);
#7386=ADVANCED_FACE('',(#6678),#177,.T.);
#7387=ADVANCED_FACE('',(#6679),#178,.T.);
#7388=ADVANCED_FACE('',(#6680),#13,.T.);
#7389=ADVANCED_FACE('',(#6681),#6952,.T.);
#7390=ADVANCED_FACE('',(#6682),#179,.F.);
#7391=ADVANCED_FACE('',(#6683),#180,.T.);
#7392=ADVANCED_FACE('Face appearance 7',(#6684),#6953,.T.);
#7393=ADVANCED_FACE('',(#6685),#17,.T.);
#7394=ADVANCED_FACE('',(#6686),#181,.T.);
#7395=ADVANCED_FACE('',(#6687),#182,.T.);
#7396=ADVANCED_FACE('',(#6688),#6954,.T.);
#7397=ADVANCED_FACE('Face appearance 1',(#6689),#183,.T.);
#7398=ADVANCED_FACE('Face appearance 1',(#6690),#184,.T.);
#7399=ADVANCED_FACE('Face appearance 1',(#6691),#185,.T.);
#7400=ADVANCED_FACE('Face appearance 1',(#6692),#6955,.T.);
#7401=ADVANCED_FACE('Face appearance 1',(#6693),#186,.T.);
#7402=ADVANCED_FACE('Face appearance 1',(#6694),#187,.T.);
#7403=ADVANCED_FACE('Face appearance 1',(#6695),#188,.T.);
#7404=ADVANCED_FACE('',(#6696),#6956,.T.);
#7405=ADVANCED_FACE('Face appearance 1',(#6697),#189,.T.);
#7406=ADVANCED_FACE('Face appearance 1',(#6698),#190,.T.);
#7407=ADVANCED_FACE('Face appearance 1',(#6699),#191,.T.);
#7408=ADVANCED_FACE('Face appearance 1',(#6700),#6957,.T.);
#7409=ADVANCED_FACE('Face appearance 1',(#6701),#192,.T.);
#7410=ADVANCED_FACE('Face appearance 1',(#6702),#193,.F.);
#7411=ADVANCED_FACE('Face appearance 1',(#6703),#6958,.T.);
#7412=ADVANCED_FACE('Face appearance 1',(#6704),#194,.T.);
#7413=ADVANCED_FACE('Face appearance 1',(#6705),#195,.F.);
#7414=ADVANCED_FACE('',(#6706),#6959,.T.);
#7415=ADVANCED_FACE('Face appearance 1',(#6707),#196,.T.);
#7416=ADVANCED_FACE('Face appearance 1',(#6708),#197,.F.);
#7417=ADVANCED_FACE('',(#6709),#198,.T.);
#7418=ADVANCED_FACE('',(#6710),#199,.T.);
#7419=ADVANCED_FACE('',(#6711),#200,.T.);
#7420=ADVANCED_FACE('Face appearance 1',(#6712),#6960,.T.);
#7421=ADVANCED_FACE('Face appearance 1',(#6713),#201,.T.);
#7422=ADVANCED_FACE('Face appearance 1',(#6714),#202,.T.);
#7423=ADVANCED_FACE('Face appearance 1',(#6715),#203,.F.);
#7424=ADVANCED_FACE('Face appearance 1',(#6716),#204,.F.);
#7425=ADVANCED_FACE('',(#6717),#205,.T.);
#7426=ADVANCED_FACE('',(#6718),#6961,.T.);
#7427=ADVANCED_FACE('Face appearance 1',(#6719),#206,.T.);
#7428=ADVANCED_FACE('Face appearance 1',(#6720),#207,.T.);
#7429=ADVANCED_FACE('Face appearance 1',(#6721),#6962,.T.);
#7430=ADVANCED_FACE('Face appearance 1',(#6722),#208,.T.);
#7431=ADVANCED_FACE('Face appearance 1',(#6723),#209,.T.);
#7432=ADVANCED_FACE('Face appearance 1',(#6724),#210,.T.);
#7433=ADVANCED_FACE('Face appearance 1',(#6725),#211,.T.);
#7434=ADVANCED_FACE('',(#6726),#6963,.T.);
#7435=ADVANCED_FACE('Face appearance 1',(#6727),#212,.T.);
#7436=ADVANCED_FACE('Face appearance 1',(#6728),#213,.T.);
#7437=ADVANCED_FACE('Face appearance 1',(#6729),#214,.T.);
#7438=ADVANCED_FACE('Face appearance 1',(#6730),#6964,.T.);
#7439=ADVANCED_FACE('Face appearance 1',(#6731),#6965,.T.);
#7440=ADVANCED_FACE('Face appearance 1',(#6732),#215,.T.);
#7441=ADVANCED_FACE('Face appearance 1',(#6733),#216,.T.);
#7442=ADVANCED_FACE('',(#6734),#6966,.T.);
#7443=ADVANCED_FACE('Face appearance 1',(#6735),#217,.T.);
#7444=ADVANCED_FACE('Face appearance 1',(#6736),#218,.F.);
#7445=ADVANCED_FACE('Face appearance 1',(#6737),#6967,.T.);
#7446=ADVANCED_FACE('Face appearance 1',(#6738),#219,.T.);
#7447=ADVANCED_FACE('Face appearance 1',(#6739),#220,.F.);
#7448=ADVANCED_FACE('',(#6740),#6968,.T.);
#7449=ADVANCED_FACE('Face appearance 1',(#6741),#221,.T.);
#7450=ADVANCED_FACE('Face appearance 1',(#6742),#222,.T.);
#7451=ADVANCED_FACE('Face appearance 1',(#6743),#223,.F.);
#7452=ADVANCED_FACE('Face appearance 1',(#6744),#224,.T.);
#7453=ADVANCED_FACE('',(#6745),#225,.T.);
#7454=ADVANCED_FACE('',(#6746),#226,.T.);
#7455=ADVANCED_FACE('',(#6747),#6969,.T.);
#7456=ADVANCED_FACE('',(#6748),#227,.T.);
#7457=ADVANCED_FACE('Face appearance 1',(#6749),#228,.T.);
#7458=ADVANCED_FACE('Face appearance 1',(#6750),#229,.T.);
#7459=ADVANCED_FACE('Face appearance 1',(#6751),#230,.T.);
#7460=ADVANCED_FACE('',(#6752),#6970,.T.);
#7461=ADVANCED_FACE('Face appearance 1',(#6753),#231,.T.);
#7462=ADVANCED_FACE('Face appearance 1',(#6754),#232,.T.);
#7463=ADVANCED_FACE('Face appearance 1',(#6755),#233,.T.);
#7464=ADVANCED_FACE('',(#6756),#6971,.T.);
#7465=ADVANCED_FACE('Face appearance 1',(#6757),#6972,.T.);
#7466=ADVANCED_FACE('Face appearance 1',(#6758),#234,.T.);
#7467=ADVANCED_FACE('Face appearance 1',(#6759),#235,.F.);
#7468=ADVANCED_FACE('Face appearance 1',(#6760),#6973,.T.);
#7469=ADVANCED_FACE('Face appearance 1',(#6761),#236,.T.);
#7470=ADVANCED_FACE('Face appearance 1',(#6762),#237,.F.);
#7471=ADVANCED_FACE('',(#6763),#6974,.T.);
#7472=ADVANCED_FACE('',(#6764),#238,.T.);
#7473=ADVANCED_FACE('',(#6765),#239,.T.);
#7474=ADVANCED_FACE('',(#6766),#240,.T.);
#7475=ADVANCED_FACE('Face appearance 7',(#6767),#241,.T.);
#7476=ADVANCED_FACE('',(#6768),#242,.T.);
#7477=ADVANCED_FACE('',(#6769),#243,.T.);
#7478=ADVANCED_FACE('Face appearance 1',(#6770),#244,.T.);
#7479=ADVANCED_FACE('',(#6771),#6975,.T.);
#7480=ADVANCED_FACE('Face appearance 1',(#6772),#6976,.T.);
#7481=ADVANCED_FACE('Face appearance 1',(#6773),#245,.T.);
#7482=ADVANCED_FACE('',(#6774),#6977,.T.);
#7483=ADVANCED_FACE('Face appearance 1',(#6775),#246,.T.);
#7484=ADVANCED_FACE('Face appearance 1',(#6776),#247,.T.);
#7485=ADVANCED_FACE('Face appearance 1',(#6777),#248,.T.);
#7486=ADVANCED_FACE('Face appearance 1',(#6778),#249,.T.);
#7487=ADVANCED_FACE('',(#6779),#6978,.T.);
#7488=ADVANCED_FACE('Face appearance 1',(#6780),#250,.T.);
#7489=ADVANCED_FACE('Face appearance 1',(#6781),#251,.T.);
#7490=ADVANCED_FACE('Face appearance 1',(#6782),#252,.F.);
#7491=ADVANCED_FACE('Face appearance 1',(#6783),#253,.T.);
#7492=ADVANCED_FACE('Face appearance 1',(#6784),#6979,.T.);
#7493=ADVANCED_FACE('Face appearance 1',(#6785),#6980,.T.);
#7494=ADVANCED_FACE('Face appearance 1',(#6786),#254,.T.);
#7495=ADVANCED_FACE('Face appearance 1',(#6787),#255,.F.);
#7496=ADVANCED_FACE('',(#6788),#256,.T.);
#7497=ADVANCED_FACE('',(#6789),#257,.T.);
#7498=ADVANCED_FACE('',(#6790),#258,.T.);
#7499=ADVANCED_FACE('',(#6791),#259,.T.);
#7500=ADVANCED_FACE('Face appearance 1',(#6792),#260,.F.);
#7501=ADVANCED_FACE('Face appearance 1',(#6793),#261,.T.);
#7502=ADVANCED_FACE('Face appearance 1',(#6794),#262,.T.);
#7503=ADVANCED_FACE('Face appearance 1',(#6795),#263,.T.);
#7504=ADVANCED_FACE('',(#6796),#264,.T.);
#7505=ADVANCED_FACE('',(#6797),#265,.T.);
#7506=ADVANCED_FACE('',(#6798),#6981,.F.);
#7507=ADVANCED_FACE('',(#6799),#266,.T.);
#7508=ADVANCED_FACE('',(#6800),#267,.T.);
#7509=ADVANCED_FACE('Face appearance 1',(#6801),#268,.T.);
#7510=ADVANCED_FACE('',(#6802),#6982,.T.);
#7511=ADVANCED_FACE('',(#6803),#269,.T.);
#7512=ADVANCED_FACE('Face appearance 1',(#6804),#270,.T.);
#7513=ADVANCED_FACE('',(#6805),#271,.T.);
#7514=ADVANCED_FACE('',(#6806),#55,.T.);
#7515=ADVANCED_FACE('Face appearance 2',(#6807),#272,.T.);
#7516=ADVANCED_FACE('Face appearance 1',(#6808),#273,.F.);
#7517=ADVANCED_FACE('Face appearance 1',(#6809),#274,.T.);
#7518=ADVANCED_FACE('Face appearance 6',(#6810),#6983,.T.);
#7519=ADVANCED_FACE('Face appearance 5',(#6811),#6984,.T.);
#7520=ADVANCED_FACE('',(#6812),#275,.T.);
#7521=ADVANCED_FACE('',(#6813),#276,.T.);
#7522=ADVANCED_FACE('',(#6814),#277,.T.);
#7523=ADVANCED_FACE('Face appearance 1',(#6815),#278,.T.);
#7524=ADVANCED_FACE('',(#6816),#279,.T.);
#7525=ADVANCED_FACE('',(#6817),#280,.F.);
#7526=ADVANCED_FACE('',(#6818),#281,.T.);
#7527=ADVANCED_FACE('',(#6819),#6985,.T.);
#7528=ADVANCED_FACE('Face appearance 1',(#6820),#282,.F.);
#7529=ADVANCED_FACE('',(#6821),#283,.T.);
#7530=ADVANCED_FACE('',(#6822),#56,.T.);
#7531=ADVANCED_FACE('Face appearance 5',(#6823),#6986,.T.);
#7532=ADVANCED_FACE('',(#6824),#18,.T.);
#7533=ADVANCED_FACE('Face appearance 1',(#6825),#284,.T.);
#7534=ADVANCED_FACE('',(#6826),#285,.T.);
#7535=ADVANCED_FACE('',(#6827),#286,.T.);
#7536=ADVANCED_FACE('',(#6828),#287,.T.);
#7537=ADVANCED_FACE('Face appearance 5',(#6829),#288,.T.);
#7538=ADVANCED_FACE('Face appearance 1',(#6830),#289,.T.);
#7539=ADVANCED_FACE('',(#6831),#6987,.T.);
#7540=ADVANCED_FACE('',(#6832),#290,.T.);
#7541=ADVANCED_FACE('',(#6833),#6988,.F.);
#7542=ADVANCED_FACE('',(#6834),#6989,.T.);
#7543=ADVANCED_FACE('',(#6835),#6990,.T.);
#7544=ADVANCED_FACE('',(#6836),#291,.T.);
#7545=ADVANCED_FACE('',(#6837),#292,.T.);
#7546=ADVANCED_FACE('Face appearance 1',(#6838),#6991,.T.);
#7547=ADVANCED_FACE('Face appearance 1',(#6839),#6992,.T.);
#7548=ADVANCED_FACE('',(#6840),#6993,.T.);
#7549=ADVANCED_FACE('',(#6841),#6994,.T.);
#7550=ADVANCED_FACE('',(#6842),#293,.T.);
#7551=ADVANCED_FACE('Face appearance 2',(#6843),#6995,.T.);
#7552=ADVANCED_FACE('',(#6844),#294,.T.);
#7553=ADVANCED_FACE('Face appearance 1',(#6845),#295,.T.);
#7554=ADVANCED_FACE('',(#6846),#296,.T.);
#7555=ADVANCED_FACE('Face appearance 1',(#6847),#6996,.T.);
#7556=ADVANCED_FACE('',(#6848),#14,.T.);
#7557=ADVANCED_FACE('Face appearance 1',(#6849),#297,.T.);
#7558=ADVANCED_FACE('',(#6850),#298,.T.);
#7559=ADVANCED_FACE('',(#6851),#6997,.T.);
#7560=ADVANCED_FACE('',(#6852),#299,.T.);
#7561=ADVANCED_FACE('',(#6853),#300,.F.);
#7562=ADVANCED_FACE('Face appearance 1',(#6854),#301,.T.);
#7563=ADVANCED_FACE('Face appearance 2',(#6855),#302,.T.);
#7564=ADVANCED_FACE('',(#6856),#15,.T.);
#7565=ADVANCED_FACE('',(#6857),#303,.T.);
#7566=ADVANCED_FACE('Face appearance 2',(#6858),#6998,.F.);
#7567=ADVANCED_FACE('Face appearance 1',(#6859),#304,.F.);
#7568=ADVANCED_FACE('',(#6860),#305,.T.);
#7569=ADVANCED_FACE('Face appearance 1',(#6861),#306,.T.);
#7570=ADVANCED_FACE('Face appearance 2',(#6862),#307,.F.);
#7571=ADVANCED_FACE('Face appearance 5',(#6863),#308,.T.);
#7572=ADVANCED_FACE('',(#6864),#309,.F.);
#7573=ADVANCED_FACE('',(#6865),#310,.T.);
#7574=ADVANCED_FACE('Face appearance 1',(#6866),#311,.F.);
#7575=ADVANCED_FACE('',(#6867),#57,.T.);
#7576=ADVANCED_FACE('',(#6868),#312,.T.);
#7577=ADVANCED_FACE('Face appearance 1',(#6869),#313,.T.);
#7578=ADVANCED_FACE('',(#6870),#314,.T.);
#7579=ADVANCED_FACE('Face appearance 5',(#6871),#315,.T.);
#7580=ADVANCED_FACE('Face appearance 6',(#6872),#6999,.T.);
#7581=ADVANCED_FACE('',(#6873),#316,.T.);
#7582=ADVANCED_FACE('Face appearance 2',(#6874),#317,.T.);
#7583=ADVANCED_FACE('',(#6875),#318,.T.);
#7584=ADVANCED_FACE('Face appearance 1',(#6876),#319,.T.);
#7585=ADVANCED_FACE('Face appearance 1',(#6877),#7000,.T.);
#7586=ADVANCED_FACE('Face appearance 3',(#6878),#320,.T.);
#7587=ADVANCED_FACE('',(#6879),#321,.T.);
#7588=ADVANCED_FACE('Face appearance 1',(#6880),#322,.T.);
#7589=ADVANCED_FACE('Face appearance 2',(#6881),#323,.T.);
#7590=ADVANCED_FACE('',(#6882),#324,.T.);
#7591=ADVANCED_FACE('Face appearance 1',(#6883),#325,.T.);
#7592=ADVANCED_FACE('',(#6884),#326,.T.);
#7593=ADVANCED_FACE('',(#6885),#327,.T.);
#7594=ADVANCED_FACE('Face appearance 1',(#6886),#328,.T.);
#7595=ADVANCED_FACE('',(#6887),#329,.T.);
#7596=ADVANCED_FACE('',(#6888),#330,.T.);
#7597=ADVANCED_FACE('Face appearance 6',(#6889),#7001,.T.);
#7598=ADVANCED_FACE('',(#6890),#331,.T.);
#7599=ADVANCED_FACE('',(#6891),#332,.T.);
#7600=ADVANCED_FACE('Face appearance 1',(#6892),#333,.T.);
#7601=ADVANCED_FACE('',(#6893),#334,.T.);
#7602=ADVANCED_FACE('',(#6894),#58,.T.);
#7603=ADVANCED_FACE('Face appearance 1',(#6895),#335,.T.);
#7604=ADVANCED_FACE('',(#6896),#336,.T.);
#7605=ADVANCED_FACE('',(#6897),#337,.T.);
#7606=ADVANCED_FACE('',(#6898),#338,.T.);
#7607=ADVANCED_FACE('',(#6899),#339,.T.);
#7608=ADVANCED_FACE('Face appearance 5',(#6900),#340,.T.);
#7609=ADVANCED_FACE('Face appearance 1',(#6901),#341,.F.);
#7610=ADVANCED_FACE('',(#6902),#7002,.T.);
#7611=ADVANCED_FACE('',(#6903),#19,.T.);
#7612=ADVANCED_FACE('',(#6904),#342,.T.);
#7613=ADVANCED_FACE('',(#6905),#343,.F.);
#7614=ADVANCED_FACE('',(#6906),#344,.T.);
#7615=ADVANCED_FACE('',(#6907),#345,.T.);
#7616=ADVANCED_FACE('Face appearance 5',(#6908),#346,.T.);
#7617=ADVANCED_FACE('',(#6909),#347,.T.);
#7618=ADVANCED_FACE('Face appearance 1',(#6910),#348,.T.);
#7619=ADVANCED_FACE('Face appearance 4',(#6911),#349,.T.);
#7620=ADVANCED_FACE('Face appearance 5',(#6912),#350,.T.);
#7621=ADVANCED_FACE('Face appearance 5',(#6913),#351,.T.);
#7622=ADVANCED_FACE('',(#6914),#352,.T.);
#7623=ADVANCED_FACE('',(#6915),#7003,.T.);
#7624=ADVANCED_FACE('',(#6916),#7004,.T.);
#7625=ADVANCED_FACE('',(#6917),#7005,.T.);
#7626=CLOSED_SHELL('',(#7228,#7229,#7230,#7231,#7232,#7233,#7234,#7235,#7236,#7237,#7238,#7239,#7240,#7241,#7242,#7243,#7244,#7245,#7246,#7247,#7248,#7249,#7250,#7251,#7252,#7253,#7254,#7255,#7256,#7257,#7258,#7259,#7260,#7261,#7262,#7263,#7264,#7265,#7266,#7267,#7268,#7269,#7270,#7271,#7272,#7273,#7274,#7275,#7276,#7277,#7278,#7279,#7280,#7281,#7282,#7283,#7284,#7285,#7286,#7287,#7288,#7289,#7290,#7291,#7292,#7293,#7294,#7295,#7296,#7297,#7298,#7299,#7300,#7301,#7302,#7303,#7304,#7305,#7306,#7307,#7308,#7309,#7310,#7311,#7312,#7313,#7314,#7315,#7316,#7317,#7318,#7319,#7320,#7321,#7322,#7323,#7324,#7325,#7326,#7327,#7328,#7329,#7330,#7331,#7332,#7333,#7334,#7335,#7336,#7337,#7338,#7339,#7340,#7341,#7342,#7343,#7344,#7345,#7346,#7347,#7348,#7349,#7350,#7351,#7352,#7353,#7354,#7355,#7356,#7357,#7358,#7359,#7360,#7361,#7362,#7363,#7364,#7365,#7366,#7367,#7368,#7369,#7370,#7371,#7372,#7373,#7374,#7375,#7376,#7377,#7378,#7379,#7380,#7381,#7382,#7383,#7384,#7385,#7386,#7387,#7388,#7389,#7390,#7391,#7392,#7393,#7394,#7395,#7396,#7397,#7398,#7399,#7400,#7401,#7402,#7403,#7404,#7405,#7406,#7407,#7408,#7409,#7410,#7411,#7412,#7413,#7414,#7415,#7416,#7417,#7418,#7419,#7420,#7421,#7422,#7423,#7424,#7425,#7426,#7427,#7428,#7429,#7430,#7431,#7432,#7433,#7434,#7435,#7436,#7437,#7438,#7439,#7440,#7441,#7442,#7443,#7444,#7445,#7446,#7447,#7448,#7449,#7450,#7451,#7452,#7453,#7454,#7455,#7456,#7457,#7458,#7459,#7460,#7461,#7462,#7463,#7464,#7465,#7466,#7467,#7468,#7469,#7470,#7471,#7472,#7473,#7474,#7475,#7476,#7477,#7478,#7479,#7480,#7481,#7482,#7483,#7484,#7485,#7486,#7487,#7488,#7489,#7490,#7491,#7492,#7493,#7494,#7495,#7496,#7497,#7498,#7499,#7500,#7501,#7502,#7503,#7504,#7505,#7506,#7507,#7508,#7509,#7510,#7511,#7512,#7513,#7514,#7515,#7516,#7517,#7518,#7519,#7520,#7521,#7522,#7523,#7524,#7525,#7526,#7527,#7528,#7529,#7530,#7531,#7532,#7533,#7534,#7535,#7536,#7537,#7538,#7539,#7540,#7541,#7542,#7543,#7544,#7545,#7546,#7547,#7548,#7549,#7550,#7551,#7552,#7553,#7554,#7555,#7556,#7557,#7558,#7559,#7560,#7561,#7562,#7563,#7564,#7565,#7566,#7567,#7568,#7569,#7570,#7571,#7572,#7573,#7574,#7575,#7576,#7577,#7578,#7579,#7580,#7581,#7582,#7583,#7584,#7585,#7586,#7587,#7588,#7589,#7590,#7591,#7592,#7593,#7594,#7595,#7596,#7597,#7598,#7599,#7600,#7601,#7602,#7603,#7604,#7605,#7606,#7607,#7608,#7609,#7610,#7611,#7612,#7613,#7614,#7615,#7616,#7617,#7618,#7619,#7620,#7621,#7622,#7623,#7624,#7625));
#7627=STYLED_ITEM('',(#7628),#8968);
#7628=PRESENTATION_STYLE_ASSIGNMENT((#7851));
#7629=PRESENTATION_STYLE_ASSIGNMENT((#7852));
#7630=PRESENTATION_STYLE_ASSIGNMENT((#7853));
#7631=PRESENTATION_STYLE_ASSIGNMENT((#7854));
#7632=PRESENTATION_STYLE_ASSIGNMENT((#7855));
#7633=PRESENTATION_STYLE_ASSIGNMENT((#7856));
#7634=PRESENTATION_STYLE_ASSIGNMENT((#7857));
#7635=PRESENTATION_STYLE_ASSIGNMENT((#7858));
#7636=PRESENTATION_STYLE_ASSIGNMENT((#7859));
#7637=PRESENTATION_STYLE_ASSIGNMENT((#7860));
#7638=PRESENTATION_STYLE_ASSIGNMENT((#7861));
#7639=PRESENTATION_STYLE_ASSIGNMENT((#7862));
#7640=PRESENTATION_STYLE_ASSIGNMENT((#7863));
#7641=PRESENTATION_STYLE_ASSIGNMENT((#7864));
#7642=PRESENTATION_STYLE_ASSIGNMENT((#7865));
#7643=PRESENTATION_STYLE_ASSIGNMENT((#7866));
#7644=PRESENTATION_STYLE_ASSIGNMENT((#7867));
#7645=PRESENTATION_STYLE_ASSIGNMENT((#7868));
#7646=PRESENTATION_STYLE_ASSIGNMENT((#7869));
#7647=PRESENTATION_STYLE_ASSIGNMENT((#7870));
#7648=PRESENTATION_STYLE_ASSIGNMENT((#7871));
#7649=PRESENTATION_STYLE_ASSIGNMENT((#7872));
#7650=PRESENTATION_STYLE_ASSIGNMENT((#7873));
#7651=PRESENTATION_STYLE_ASSIGNMENT((#7874));
#7652=PRESENTATION_STYLE_ASSIGNMENT((#7875));
#7653=PRESENTATION_STYLE_ASSIGNMENT((#7876));
#7654=PRESENTATION_STYLE_ASSIGNMENT((#7877));
#7655=PRESENTATION_STYLE_ASSIGNMENT((#7878));
#7656=PRESENTATION_STYLE_ASSIGNMENT((#7879));
#7657=PRESENTATION_STYLE_ASSIGNMENT((#7880));
#7658=PRESENTATION_STYLE_ASSIGNMENT((#7881));
#7659=PRESENTATION_STYLE_ASSIGNMENT((#7882));
#7660=PRESENTATION_STYLE_ASSIGNMENT((#7883));
#7661=PRESENTATION_STYLE_ASSIGNMENT((#7884));
#7662=PRESENTATION_STYLE_ASSIGNMENT((#7885));
#7663=PRESENTATION_STYLE_ASSIGNMENT((#7886));
#7664=PRESENTATION_STYLE_ASSIGNMENT((#7887));
#7665=PRESENTATION_STYLE_ASSIGNMENT((#7888));
#7666=PRESENTATION_STYLE_ASSIGNMENT((#7889));
#7667=PRESENTATION_STYLE_ASSIGNMENT((#7890));
#7668=PRESENTATION_STYLE_ASSIGNMENT((#7891));
#7669=PRESENTATION_STYLE_ASSIGNMENT((#7892));
#7670=PRESENTATION_STYLE_ASSIGNMENT((#7893));
#7671=PRESENTATION_STYLE_ASSIGNMENT((#7894));
#7672=PRESENTATION_STYLE_ASSIGNMENT((#7895));
#7673=PRESENTATION_STYLE_ASSIGNMENT((#7896));
#7674=PRESENTATION_STYLE_ASSIGNMENT((#7897));
#7675=PRESENTATION_STYLE_ASSIGNMENT((#7898));
#7676=PRESENTATION_STYLE_ASSIGNMENT((#7899));
#7677=PRESENTATION_STYLE_ASSIGNMENT((#7900));
#7678=PRESENTATION_STYLE_ASSIGNMENT((#7901));
#7679=PRESENTATION_STYLE_ASSIGNMENT((#7902));
#7680=PRESENTATION_STYLE_ASSIGNMENT((#7903));
#7681=PRESENTATION_STYLE_ASSIGNMENT((#7904));
#7682=PRESENTATION_STYLE_ASSIGNMENT((#7905));
#7683=PRESENTATION_STYLE_ASSIGNMENT((#7906));
#7684=PRESENTATION_STYLE_ASSIGNMENT((#7907));
#7685=PRESENTATION_STYLE_ASSIGNMENT((#7908));
#7686=PRESENTATION_STYLE_ASSIGNMENT((#7909));
#7687=PRESENTATION_STYLE_ASSIGNMENT((#7910));
#7688=PRESENTATION_STYLE_ASSIGNMENT((#7911));
#7689=PRESENTATION_STYLE_ASSIGNMENT((#7912));
#7690=PRESENTATION_STYLE_ASSIGNMENT((#7913));
#7691=PRESENTATION_STYLE_ASSIGNMENT((#7914));
#7692=PRESENTATION_STYLE_ASSIGNMENT((#7915));
#7693=PRESENTATION_STYLE_ASSIGNMENT((#7916));
#7694=PRESENTATION_STYLE_ASSIGNMENT((#7917));
#7695=PRESENTATION_STYLE_ASSIGNMENT((#7918));
#7696=PRESENTATION_STYLE_ASSIGNMENT((#7919));
#7697=PRESENTATION_STYLE_ASSIGNMENT((#7920));
#7698=PRESENTATION_STYLE_ASSIGNMENT((#7921));
#7699=PRESENTATION_STYLE_ASSIGNMENT((#7922));
#7700=PRESENTATION_STYLE_ASSIGNMENT((#7923));
#7701=PRESENTATION_STYLE_ASSIGNMENT((#7924));
#7702=PRESENTATION_STYLE_ASSIGNMENT((#7925));
#7703=PRESENTATION_STYLE_ASSIGNMENT((#7926));
#7704=PRESENTATION_STYLE_ASSIGNMENT((#7927));
#7705=PRESENTATION_STYLE_ASSIGNMENT((#7928));
#7706=PRESENTATION_STYLE_ASSIGNMENT((#7929));
#7707=PRESENTATION_STYLE_ASSIGNMENT((#7930));
#7708=PRESENTATION_STYLE_ASSIGNMENT((#7931));
#7709=PRESENTATION_STYLE_ASSIGNMENT((#7932));
#7710=PRESENTATION_STYLE_ASSIGNMENT((#7933));
#7711=PRESENTATION_STYLE_ASSIGNMENT((#7934));
#7712=PRESENTATION_STYLE_ASSIGNMENT((#7935));
#7713=PRESENTATION_STYLE_ASSIGNMENT((#7936));
#7714=PRESENTATION_STYLE_ASSIGNMENT((#7937));
#7715=PRESENTATION_STYLE_ASSIGNMENT((#7938));
#7716=PRESENTATION_STYLE_ASSIGNMENT((#7939));
#7717=PRESENTATION_STYLE_ASSIGNMENT((#7940));
#7718=PRESENTATION_STYLE_ASSIGNMENT((#7941));
#7719=PRESENTATION_STYLE_ASSIGNMENT((#7942));
#7720=PRESENTATION_STYLE_ASSIGNMENT((#7943));
#7721=PRESENTATION_STYLE_ASSIGNMENT((#7944));
#7722=PRESENTATION_STYLE_ASSIGNMENT((#7945));
#7723=PRESENTATION_STYLE_ASSIGNMENT((#7946));
#7724=PRESENTATION_STYLE_ASSIGNMENT((#7947));
#7725=PRESENTATION_STYLE_ASSIGNMENT((#7948));
#7726=PRESENTATION_STYLE_ASSIGNMENT((#7949));
#7727=PRESENTATION_STYLE_ASSIGNMENT((#7950));
#7728=PRESENTATION_STYLE_ASSIGNMENT((#7951));
#7729=PRESENTATION_STYLE_ASSIGNMENT((#7952));
#7730=PRESENTATION_STYLE_ASSIGNMENT((#7953));
#7731=PRESENTATION_STYLE_ASSIGNMENT((#7954));
#7732=PRESENTATION_STYLE_ASSIGNMENT((#7955));
#7733=PRESENTATION_STYLE_ASSIGNMENT((#7956));
#7734=PRESENTATION_STYLE_ASSIGNMENT((#7957));
#7735=PRESENTATION_STYLE_ASSIGNMENT((#7958));
#7736=PRESENTATION_STYLE_ASSIGNMENT((#7959));
#7737=PRESENTATION_STYLE_ASSIGNMENT((#7960));
#7738=PRESENTATION_STYLE_ASSIGNMENT((#7961));
#7739=PRESENTATION_STYLE_ASSIGNMENT((#7962));
#7740=PRESENTATION_STYLE_ASSIGNMENT((#7963));
#7741=PRESENTATION_STYLE_ASSIGNMENT((#7964));
#7742=PRESENTATION_STYLE_ASSIGNMENT((#7965));
#7743=PRESENTATION_STYLE_ASSIGNMENT((#7966));
#7744=PRESENTATION_STYLE_ASSIGNMENT((#7967));
#7745=PRESENTATION_STYLE_ASSIGNMENT((#7968));
#7746=PRESENTATION_STYLE_ASSIGNMENT((#7969));
#7747=PRESENTATION_STYLE_ASSIGNMENT((#7970));
#7748=PRESENTATION_STYLE_ASSIGNMENT((#7971));
#7749=PRESENTATION_STYLE_ASSIGNMENT((#7972));
#7750=PRESENTATION_STYLE_ASSIGNMENT((#7973));
#7751=PRESENTATION_STYLE_ASSIGNMENT((#7974));
#7752=PRESENTATION_STYLE_ASSIGNMENT((#7975));
#7753=PRESENTATION_STYLE_ASSIGNMENT((#7976));
#7754=PRESENTATION_STYLE_ASSIGNMENT((#7977));
#7755=PRESENTATION_STYLE_ASSIGNMENT((#7978));
#7756=PRESENTATION_STYLE_ASSIGNMENT((#7979));
#7757=PRESENTATION_STYLE_ASSIGNMENT((#7980));
#7758=PRESENTATION_STYLE_ASSIGNMENT((#7981));
#7759=PRESENTATION_STYLE_ASSIGNMENT((#7982));
#7760=PRESENTATION_STYLE_ASSIGNMENT((#7983));
#7761=PRESENTATION_STYLE_ASSIGNMENT((#7984));
#7762=PRESENTATION_STYLE_ASSIGNMENT((#7985));
#7763=PRESENTATION_STYLE_ASSIGNMENT((#7986));
#7764=PRESENTATION_STYLE_ASSIGNMENT((#7987));
#7765=PRESENTATION_STYLE_ASSIGNMENT((#7988));
#7766=PRESENTATION_STYLE_ASSIGNMENT((#7989));
#7767=PRESENTATION_STYLE_ASSIGNMENT((#7990));
#7768=PRESENTATION_STYLE_ASSIGNMENT((#7991));
#7769=PRESENTATION_STYLE_ASSIGNMENT((#7992));
#7770=PRESENTATION_STYLE_ASSIGNMENT((#7993));
#7771=PRESENTATION_STYLE_ASSIGNMENT((#7994));
#7772=PRESENTATION_STYLE_ASSIGNMENT((#7995));
#7773=PRESENTATION_STYLE_ASSIGNMENT((#7996));
#7774=PRESENTATION_STYLE_ASSIGNMENT((#7997));
#7775=PRESENTATION_STYLE_ASSIGNMENT((#7998));
#7776=PRESENTATION_STYLE_ASSIGNMENT((#7999));
#7777=PRESENTATION_STYLE_ASSIGNMENT((#8000));
#7778=PRESENTATION_STYLE_ASSIGNMENT((#8001));
#7779=PRESENTATION_STYLE_ASSIGNMENT((#8002));
#7780=PRESENTATION_STYLE_ASSIGNMENT((#8003));
#7781=PRESENTATION_STYLE_ASSIGNMENT((#8004));
#7782=PRESENTATION_STYLE_ASSIGNMENT((#8005));
#7783=PRESENTATION_STYLE_ASSIGNMENT((#8006));
#7784=PRESENTATION_STYLE_ASSIGNMENT((#8007));
#7785=PRESENTATION_STYLE_ASSIGNMENT((#8008));
#7786=PRESENTATION_STYLE_ASSIGNMENT((#8009));
#7787=PRESENTATION_STYLE_ASSIGNMENT((#8010));
#7788=PRESENTATION_STYLE_ASSIGNMENT((#8011));
#7789=PRESENTATION_STYLE_ASSIGNMENT((#8012));
#7790=PRESENTATION_STYLE_ASSIGNMENT((#8013));
#7791=PRESENTATION_STYLE_ASSIGNMENT((#8014));
#7792=PRESENTATION_STYLE_ASSIGNMENT((#8015));
#7793=PRESENTATION_STYLE_ASSIGNMENT((#8016));
#7794=PRESENTATION_STYLE_ASSIGNMENT((#8017));
#7795=PRESENTATION_STYLE_ASSIGNMENT((#8018));
#7796=PRESENTATION_STYLE_ASSIGNMENT((#8019));
#7797=PRESENTATION_STYLE_ASSIGNMENT((#8020));
#7798=PRESENTATION_STYLE_ASSIGNMENT((#8021));
#7799=PRESENTATION_STYLE_ASSIGNMENT((#8022));
#7800=PRESENTATION_STYLE_ASSIGNMENT((#8023));
#7801=PRESENTATION_STYLE_ASSIGNMENT((#8024));
#7802=PRESENTATION_STYLE_ASSIGNMENT((#8025));
#7803=PRESENTATION_STYLE_ASSIGNMENT((#8026));
#7804=PRESENTATION_STYLE_ASSIGNMENT((#8027));
#7805=PRESENTATION_STYLE_ASSIGNMENT((#8028));
#7806=PRESENTATION_STYLE_ASSIGNMENT((#8029));
#7807=PRESENTATION_STYLE_ASSIGNMENT((#8030));
#7808=PRESENTATION_STYLE_ASSIGNMENT((#8031));
#7809=PRESENTATION_STYLE_ASSIGNMENT((#8032));
#7810=PRESENTATION_STYLE_ASSIGNMENT((#8033));
#7811=PRESENTATION_STYLE_ASSIGNMENT((#8034));
#7812=PRESENTATION_STYLE_ASSIGNMENT((#8035));
#7813=PRESENTATION_STYLE_ASSIGNMENT((#8036));
#7814=PRESENTATION_STYLE_ASSIGNMENT((#8037));
#7815=PRESENTATION_STYLE_ASSIGNMENT((#8038));
#7816=PRESENTATION_STYLE_ASSIGNMENT((#8039));
#7817=PRESENTATION_STYLE_ASSIGNMENT((#8040));
#7818=PRESENTATION_STYLE_ASSIGNMENT((#8041));
#7819=PRESENTATION_STYLE_ASSIGNMENT((#8042));
#7820=PRESENTATION_STYLE_ASSIGNMENT((#8043));
#7821=PRESENTATION_STYLE_ASSIGNMENT((#8044));
#7822=PRESENTATION_STYLE_ASSIGNMENT((#8045));
#7823=PRESENTATION_STYLE_ASSIGNMENT((#8046));
#7824=PRESENTATION_STYLE_ASSIGNMENT((#8047));
#7825=PRESENTATION_STYLE_ASSIGNMENT((#8048));
#7826=PRESENTATION_STYLE_ASSIGNMENT((#8049));
#7827=PRESENTATION_STYLE_ASSIGNMENT((#8050));
#7828=PRESENTATION_STYLE_ASSIGNMENT((#8051));
#7829=PRESENTATION_STYLE_ASSIGNMENT((#8052));
#7830=PRESENTATION_STYLE_ASSIGNMENT((#8053));
#7831=PRESENTATION_STYLE_ASSIGNMENT((#8054));
#7832=PRESENTATION_STYLE_ASSIGNMENT((#8055));
#7833=PRESENTATION_STYLE_ASSIGNMENT((#8056));
#7834=PRESENTATION_STYLE_ASSIGNMENT((#8057));
#7835=PRESENTATION_STYLE_ASSIGNMENT((#8058));
#7836=PRESENTATION_STYLE_ASSIGNMENT((#8059));
#7837=PRESENTATION_STYLE_ASSIGNMENT((#8060));
#7838=PRESENTATION_STYLE_ASSIGNMENT((#8061));
#7839=PRESENTATION_STYLE_ASSIGNMENT((#8062));
#7840=PRESENTATION_STYLE_ASSIGNMENT((#8063));
#7841=PRESENTATION_STYLE_ASSIGNMENT((#8064));
#7842=PRESENTATION_STYLE_ASSIGNMENT((#8065));
#7843=PRESENTATION_STYLE_ASSIGNMENT((#8066));
#7844=PRESENTATION_STYLE_ASSIGNMENT((#8067));
#7845=PRESENTATION_STYLE_ASSIGNMENT((#8068));
#7846=PRESENTATION_STYLE_ASSIGNMENT((#8069));
#7847=PRESENTATION_STYLE_ASSIGNMENT((#8070));
#7848=PRESENTATION_STYLE_ASSIGNMENT((#8071));
#7849=PRESENTATION_STYLE_ASSIGNMENT((#8072));
#7850=PRESENTATION_STYLE_ASSIGNMENT((#8073));
#7851=SURFACE_STYLE_USAGE(.BOTH.,#8074);
#7852=SURFACE_STYLE_USAGE(.BOTH.,#8075);
#7853=SURFACE_STYLE_USAGE(.BOTH.,#8076);
#7854=SURFACE_STYLE_USAGE(.BOTH.,#8077);
#7855=SURFACE_STYLE_USAGE(.BOTH.,#8078);
#7856=SURFACE_STYLE_USAGE(.BOTH.,#8079);
#7857=SURFACE_STYLE_USAGE(.BOTH.,#8080);
#7858=SURFACE_STYLE_USAGE(.BOTH.,#8081);
#7859=SURFACE_STYLE_USAGE(.BOTH.,#8082);
#7860=SURFACE_STYLE_USAGE(.BOTH.,#8083);
#7861=SURFACE_STYLE_USAGE(.BOTH.,#8084);
#7862=SURFACE_STYLE_USAGE(.BOTH.,#8085);
#7863=SURFACE_STYLE_USAGE(.BOTH.,#8086);
#7864=SURFACE_STYLE_USAGE(.BOTH.,#8087);
#7865=SURFACE_STYLE_USAGE(.BOTH.,#8088);
#7866=SURFACE_STYLE_USAGE(.BOTH.,#8089);
#7867=SURFACE_STYLE_USAGE(.BOTH.,#8090);
#7868=SURFACE_STYLE_USAGE(.BOTH.,#8091);
#7869=SURFACE_STYLE_USAGE(.BOTH.,#8092);
#7870=SURFACE_STYLE_USAGE(.BOTH.,#8093);
#7871=SURFACE_STYLE_USAGE(.BOTH.,#8094);
#7872=SURFACE_STYLE_USAGE(.BOTH.,#8095);
#7873=SURFACE_STYLE_USAGE(.BOTH.,#8096);
#7874=SURFACE_STYLE_USAGE(.BOTH.,#8097);
#7875=SURFACE_STYLE_USAGE(.BOTH.,#8098);
#7876=SURFACE_STYLE_USAGE(.BOTH.,#8099);
#7877=SURFACE_STYLE_USAGE(.BOTH.,#8100);
#7878=SURFACE_STYLE_USAGE(.BOTH.,#8101);
#7879=SURFACE_STYLE_USAGE(.BOTH.,#8102);
#7880=SURFACE_STYLE_USAGE(.BOTH.,#8103);
#7881=SURFACE_STYLE_USAGE(.BOTH.,#8104);
#7882=SURFACE_STYLE_USAGE(.BOTH.,#8105);
#7883=SURFACE_STYLE_USAGE(.BOTH.,#8106);
#7884=SURFACE_STYLE_USAGE(.BOTH.,#8107);
#7885=SURFACE_STYLE_USAGE(.BOTH.,#8108);
#7886=SURFACE_STYLE_USAGE(.BOTH.,#8109);
#7887=SURFACE_STYLE_USAGE(.BOTH.,#8110);
#7888=SURFACE_STYLE_USAGE(.BOTH.,#8111);
#7889=SURFACE_STYLE_USAGE(.BOTH.,#8112);
#7890=SURFACE_STYLE_USAGE(.BOTH.,#8113);
#7891=SURFACE_STYLE_USAGE(.BOTH.,#8114);
#7892=SURFACE_STYLE_USAGE(.BOTH.,#8115);
#7893=SURFACE_STYLE_USAGE(.BOTH.,#8116);
#7894=SURFACE_STYLE_USAGE(.BOTH.,#8117);
#7895=SURFACE_STYLE_USAGE(.BOTH.,#8118);
#7896=SURFACE_STYLE_USAGE(.BOTH.,#8119);
#7897=SURFACE_STYLE_USAGE(.BOTH.,#8120);
#7898=SURFACE_STYLE_USAGE(.BOTH.,#8121);
#7899=SURFACE_STYLE_USAGE(.BOTH.,#8122);
#7900=SURFACE_STYLE_USAGE(.BOTH.,#8123);
#7901=SURFACE_STYLE_USAGE(.BOTH.,#8124);
#7902=SURFACE_STYLE_USAGE(.BOTH.,#8125);
#7903=SURFACE_STYLE_USAGE(.BOTH.,#8126);
#7904=SURFACE_STYLE_USAGE(.BOTH.,#8127);
#7905=SURFACE_STYLE_USAGE(.BOTH.,#8128);
#7906=SURFACE_STYLE_USAGE(.BOTH.,#8129);
#7907=SURFACE_STYLE_USAGE(.BOTH.,#8130);
#7908=SURFACE_STYLE_USAGE(.BOTH.,#8131);
#7909=SURFACE_STYLE_USAGE(.BOTH.,#8132);
#7910=SURFACE_STYLE_USAGE(.BOTH.,#8133);
#7911=SURFACE_STYLE_USAGE(.BOTH.,#8134);
#7912=SURFACE_STYLE_USAGE(.BOTH.,#8135);
#7913=SURFACE_STYLE_USAGE(.BOTH.,#8136);
#7914=SURFACE_STYLE_USAGE(.BOTH.,#8137);
#7915=SURFACE_STYLE_USAGE(.BOTH.,#8138);
#7916=SURFACE_STYLE_USAGE(.BOTH.,#8139);
#7917=SURFACE_STYLE_USAGE(.BOTH.,#8140);
#7918=SURFACE_STYLE_USAGE(.BOTH.,#8141);
#7919=SURFACE_STYLE_USAGE(.BOTH.,#8142);
#7920=SURFACE_STYLE_USAGE(.BOTH.,#8143);
#7921=SURFACE_STYLE_USAGE(.BOTH.,#8144);
#7922=SURFACE_STYLE_USAGE(.BOTH.,#8145);
#7923=SURFACE_STYLE_USAGE(.BOTH.,#8146);
#7924=SURFACE_STYLE_USAGE(.BOTH.,#8147);
#7925=SURFACE_STYLE_USAGE(.BOTH.,#8148);
#7926=SURFACE_STYLE_USAGE(.BOTH.,#8149);
#7927=SURFACE_STYLE_USAGE(.BOTH.,#8150);
#7928=SURFACE_STYLE_USAGE(.BOTH.,#8151);
#7929=SURFACE_STYLE_USAGE(.BOTH.,#8152);
#7930=SURFACE_STYLE_USAGE(.BOTH.,#8153);
#7931=SURFACE_STYLE_USAGE(.BOTH.,#8154);
#7932=SURFACE_STYLE_USAGE(.BOTH.,#8155);
#7933=SURFACE_STYLE_USAGE(.BOTH.,#8156);
#7934=SURFACE_STYLE_USAGE(.BOTH.,#8157);
#7935=SURFACE_STYLE_USAGE(.BOTH.,#8158);
#7936=SURFACE_STYLE_USAGE(.BOTH.,#8159);
#7937=SURFACE_STYLE_USAGE(.BOTH.,#8160);
#7938=SURFACE_STYLE_USAGE(.BOTH.,#8161);
#7939=SURFACE_STYLE_USAGE(.BOTH.,#8162);
#7940=SURFACE_STYLE_USAGE(.BOTH.,#8163);
#7941=SURFACE_STYLE_USAGE(.BOTH.,#8164);
#7942=SURFACE_STYLE_USAGE(.BOTH.,#8165);
#7943=SURFACE_STYLE_USAGE(.BOTH.,#8166);
#7944=SURFACE_STYLE_USAGE(.BOTH.,#8167);
#7945=SURFACE_STYLE_USAGE(.BOTH.,#8168);
#7946=SURFACE_STYLE_USAGE(.BOTH.,#8169);
#7947=SURFACE_STYLE_USAGE(.BOTH.,#8170);
#7948=SURFACE_STYLE_USAGE(.BOTH.,#8171);
#7949=SURFACE_STYLE_USAGE(.BOTH.,#8172);
#7950=SURFACE_STYLE_USAGE(.BOTH.,#8173);
#7951=SURFACE_STYLE_USAGE(.BOTH.,#8174);
#7952=SURFACE_STYLE_USAGE(.BOTH.,#8175);
#7953=SURFACE_STYLE_USAGE(.BOTH.,#8176);
#7954=SURFACE_STYLE_USAGE(.BOTH.,#8177);
#7955=SURFACE_STYLE_USAGE(.BOTH.,#8178);
#7956=SURFACE_STYLE_USAGE(.BOTH.,#8179);
#7957=SURFACE_STYLE_USAGE(.BOTH.,#8180);
#7958=SURFACE_STYLE_USAGE(.BOTH.,#8181);
#7959=SURFACE_STYLE_USAGE(.BOTH.,#8182);
#7960=SURFACE_STYLE_USAGE(.BOTH.,#8183);
#7961=SURFACE_STYLE_USAGE(.BOTH.,#8184);
#7962=SURFACE_STYLE_USAGE(.BOTH.,#8185);
#7963=SURFACE_STYLE_USAGE(.BOTH.,#8186);
#7964=SURFACE_STYLE_USAGE(.BOTH.,#8187);
#7965=SURFACE_STYLE_USAGE(.BOTH.,#8188);
#7966=SURFACE_STYLE_USAGE(.BOTH.,#8189);
#7967=SURFACE_STYLE_USAGE(.BOTH.,#8190);
#7968=SURFACE_STYLE_USAGE(.BOTH.,#8191);
#7969=SURFACE_STYLE_USAGE(.BOTH.,#8192);
#7970=SURFACE_STYLE_USAGE(.BOTH.,#8193);
#7971=SURFACE_STYLE_USAGE(.BOTH.,#8194);
#7972=SURFACE_STYLE_USAGE(.BOTH.,#8195);
#7973=SURFACE_STYLE_USAGE(.BOTH.,#8196);
#7974=SURFACE_STYLE_USAGE(.BOTH.,#8197);
#7975=SURFACE_STYLE_USAGE(.BOTH.,#8198);
#7976=SURFACE_STYLE_USAGE(.BOTH.,#8199);
#7977=SURFACE_STYLE_USAGE(.BOTH.,#8200);
#7978=SURFACE_STYLE_USAGE(.BOTH.,#8201);
#7979=SURFACE_STYLE_USAGE(.BOTH.,#8202);
#7980=SURFACE_STYLE_USAGE(.BOTH.,#8203);
#7981=SURFACE_STYLE_USAGE(.BOTH.,#8204);
#7982=SURFACE_STYLE_USAGE(.BOTH.,#8205);
#7983=SURFACE_STYLE_USAGE(.BOTH.,#8206);
#7984=SURFACE_STYLE_USAGE(.BOTH.,#8207);
#7985=SURFACE_STYLE_USAGE(.BOTH.,#8208);
#7986=SURFACE_STYLE_USAGE(.BOTH.,#8209);
#7987=SURFACE_STYLE_USAGE(.BOTH.,#8210);
#7988=SURFACE_STYLE_USAGE(.BOTH.,#8211);
#7989=SURFACE_STYLE_USAGE(.BOTH.,#8212);
#7990=SURFACE_STYLE_USAGE(.BOTH.,#8213);
#7991=SURFACE_STYLE_USAGE(.BOTH.,#8214);
#7992=SURFACE_STYLE_USAGE(.BOTH.,#8215);
#7993=SURFACE_STYLE_USAGE(.BOTH.,#8216);
#7994=SURFACE_STYLE_USAGE(.BOTH.,#8217);
#7995=SURFACE_STYLE_USAGE(.BOTH.,#8218);
#7996=SURFACE_STYLE_USAGE(.BOTH.,#8219);
#7997=SURFACE_STYLE_USAGE(.BOTH.,#8220);
#7998=SURFACE_STYLE_USAGE(.BOTH.,#8221);
#7999=SURFACE_STYLE_USAGE(.BOTH.,#8222);
#8000=SURFACE_STYLE_USAGE(.BOTH.,#8223);
#8001=SURFACE_STYLE_USAGE(.BOTH.,#8224);
#8002=SURFACE_STYLE_USAGE(.BOTH.,#8225);
#8003=SURFACE_STYLE_USAGE(.BOTH.,#8226);
#8004=SURFACE_STYLE_USAGE(.BOTH.,#8227);
#8005=SURFACE_STYLE_USAGE(.BOTH.,#8228);
#8006=SURFACE_STYLE_USAGE(.BOTH.,#8229);
#8007=SURFACE_STYLE_USAGE(.BOTH.,#8230);
#8008=SURFACE_STYLE_USAGE(.BOTH.,#8231);
#8009=SURFACE_STYLE_USAGE(.BOTH.,#8232);
#8010=SURFACE_STYLE_USAGE(.BOTH.,#8233);
#8011=SURFACE_STYLE_USAGE(.BOTH.,#8234);
#8012=SURFACE_STYLE_USAGE(.BOTH.,#8235);
#8013=SURFACE_STYLE_USAGE(.BOTH.,#8236);
#8014=SURFACE_STYLE_USAGE(.BOTH.,#8237);
#8015=SURFACE_STYLE_USAGE(.BOTH.,#8238);
#8016=SURFACE_STYLE_USAGE(.BOTH.,#8239);
#8017=SURFACE_STYLE_USAGE(.BOTH.,#8240);
#8018=SURFACE_STYLE_USAGE(.BOTH.,#8241);
#8019=SURFACE_STYLE_USAGE(.BOTH.,#8242);
#8020=SURFACE_STYLE_USAGE(.BOTH.,#8243);
#8021=SURFACE_STYLE_USAGE(.BOTH.,#8244);
#8022=SURFACE_STYLE_USAGE(.BOTH.,#8245);
#8023=SURFACE_STYLE_USAGE(.BOTH.,#8246);
#8024=SURFACE_STYLE_USAGE(.BOTH.,#8247);
#8025=SURFACE_STYLE_USAGE(.BOTH.,#8248);
#8026=SURFACE_STYLE_USAGE(.BOTH.,#8249);
#8027=SURFACE_STYLE_USAGE(.BOTH.,#8250);
#8028=SURFACE_STYLE_USAGE(.BOTH.,#8251);
#8029=SURFACE_STYLE_USAGE(.BOTH.,#8252);
#8030=SURFACE_STYLE_USAGE(.BOTH.,#8253);
#8031=SURFACE_STYLE_USAGE(.BOTH.,#8254);
#8032=SURFACE_STYLE_USAGE(.BOTH.,#8255);
#8033=SURFACE_STYLE_USAGE(.BOTH.,#8256);
#8034=SURFACE_STYLE_USAGE(.BOTH.,#8257);
#8035=SURFACE_STYLE_USAGE(.BOTH.,#8258);
#8036=SURFACE_STYLE_USAGE(.BOTH.,#8259);
#8037=SURFACE_STYLE_USAGE(.BOTH.,#8260);
#8038=SURFACE_STYLE_USAGE(.BOTH.,#8261);
#8039=SURFACE_STYLE_USAGE(.BOTH.,#8262);
#8040=SURFACE_STYLE_USAGE(.BOTH.,#8263);
#8041=SURFACE_STYLE_USAGE(.BOTH.,#8264);
#8042=SURFACE_STYLE_USAGE(.BOTH.,#8265);
#8043=SURFACE_STYLE_USAGE(.BOTH.,#8266);
#8044=SURFACE_STYLE_USAGE(.BOTH.,#8267);
#8045=SURFACE_STYLE_USAGE(.BOTH.,#8268);
#8046=SURFACE_STYLE_USAGE(.BOTH.,#8269);
#8047=SURFACE_STYLE_USAGE(.BOTH.,#8270);
#8048=SURFACE_STYLE_USAGE(.BOTH.,#8271);
#8049=SURFACE_STYLE_USAGE(.BOTH.,#8272);
#8050=SURFACE_STYLE_USAGE(.BOTH.,#8273);
#8051=SURFACE_STYLE_USAGE(.BOTH.,#8274);
#8052=SURFACE_STYLE_USAGE(.BOTH.,#8275);
#8053=SURFACE_STYLE_USAGE(.BOTH.,#8276);
#8054=SURFACE_STYLE_USAGE(.BOTH.,#8277);
#8055=SURFACE_STYLE_USAGE(.BOTH.,#8278);
#8056=SURFACE_STYLE_USAGE(.BOTH.,#8279);
#8057=SURFACE_STYLE_USAGE(.BOTH.,#8280);
#8058=SURFACE_STYLE_USAGE(.BOTH.,#8281);
#8059=SURFACE_STYLE_USAGE(.BOTH.,#8282);
#8060=SURFACE_STYLE_USAGE(.BOTH.,#8283);
#8061=SURFACE_STYLE_USAGE(.BOTH.,#8284);
#8062=SURFACE_STYLE_USAGE(.BOTH.,#8285);
#8063=SURFACE_STYLE_USAGE(.BOTH.,#8286);
#8064=SURFACE_STYLE_USAGE(.BOTH.,#8287);
#8065=SURFACE_STYLE_USAGE(.BOTH.,#8288);
#8066=SURFACE_STYLE_USAGE(.BOTH.,#8289);
#8067=SURFACE_STYLE_USAGE(.BOTH.,#8290);
#8068=SURFACE_STYLE_USAGE(.BOTH.,#8291);
#8069=SURFACE_STYLE_USAGE(.BOTH.,#8292);
#8070=SURFACE_STYLE_USAGE(.BOTH.,#8293);
#8071=SURFACE_STYLE_USAGE(.BOTH.,#8294);
#8072=SURFACE_STYLE_USAGE(.BOTH.,#8295);
#8073=SURFACE_STYLE_USAGE(.BOTH.,#8296);
#8074=SURFACE_SIDE_STYLE('',(#8297));
#8075=SURFACE_SIDE_STYLE('',(#8298));
#8076=SURFACE_SIDE_STYLE('',(#8299));
#8077=SURFACE_SIDE_STYLE('',(#8300));
#8078=SURFACE_SIDE_STYLE('',(#8301));
#8079=SURFACE_SIDE_STYLE('',(#8302));
#8080=SURFACE_SIDE_STYLE('',(#8303));
#8081=SURFACE_SIDE_STYLE('',(#8304));
#8082=SURFACE_SIDE_STYLE('',(#8305));
#8083=SURFACE_SIDE_STYLE('',(#8306));
#8084=SURFACE_SIDE_STYLE('',(#8307));
#8085=SURFACE_SIDE_STYLE('',(#8308));
#8086=SURFACE_SIDE_STYLE('',(#8309));
#8087=SURFACE_SIDE_STYLE('',(#8310));
#8088=SURFACE_SIDE_STYLE('',(#8311));
#8089=SURFACE_SIDE_STYLE('',(#8312));
#8090=SURFACE_SIDE_STYLE('',(#8313));
#8091=SURFACE_SIDE_STYLE('',(#8314));
#8092=SURFACE_SIDE_STYLE('',(#8315));
#8093=SURFACE_SIDE_STYLE('',(#8316));
#8094=SURFACE_SIDE_STYLE('',(#8317));
#8095=SURFACE_SIDE_STYLE('',(#8318));
#8096=SURFACE_SIDE_STYLE('',(#8319));
#8097=SURFACE_SIDE_STYLE('',(#8320));
#8098=SURFACE_SIDE_STYLE('',(#8321));
#8099=SURFACE_SIDE_STYLE('',(#8322));
#8100=SURFACE_SIDE_STYLE('',(#8323));
#8101=SURFACE_SIDE_STYLE('',(#8324));
#8102=SURFACE_SIDE_STYLE('',(#8325));
#8103=SURFACE_SIDE_STYLE('',(#8326));
#8104=SURFACE_SIDE_STYLE('',(#8327));
#8105=SURFACE_SIDE_STYLE('',(#8328));
#8106=SURFACE_SIDE_STYLE('',(#8329));
#8107=SURFACE_SIDE_STYLE('',(#8330));
#8108=SURFACE_SIDE_STYLE('',(#8331));
#8109=SURFACE_SIDE_STYLE('',(#8332));
#8110=SURFACE_SIDE_STYLE('',(#8333));
#8111=SURFACE_SIDE_STYLE('',(#8334));
#8112=SURFACE_SIDE_STYLE('',(#8335));
#8113=SURFACE_SIDE_STYLE('',(#8336));
#8114=SURFACE_SIDE_STYLE('',(#8337));
#8115=SURFACE_SIDE_STYLE('',(#8338));
#8116=SURFACE_SIDE_STYLE('',(#8339));
#8117=SURFACE_SIDE_STYLE('',(#8340));
#8118=SURFACE_SIDE_STYLE('',(#8341));
#8119=SURFACE_SIDE_STYLE('',(#8342));
#8120=SURFACE_SIDE_STYLE('',(#8343));
#8121=SURFACE_SIDE_STYLE('',(#8344));
#8122=SURFACE_SIDE_STYLE('',(#8345));
#8123=SURFACE_SIDE_STYLE('',(#8346));
#8124=SURFACE_SIDE_STYLE('',(#8347));
#8125=SURFACE_SIDE_STYLE('',(#8348));
#8126=SURFACE_SIDE_STYLE('',(#8349));
#8127=SURFACE_SIDE_STYLE('',(#8350));
#8128=SURFACE_SIDE_STYLE('',(#8351));
#8129=SURFACE_SIDE_STYLE('',(#8352));
#8130=SURFACE_SIDE_STYLE('',(#8353));
#8131=SURFACE_SIDE_STYLE('',(#8354));
#8132=SURFACE_SIDE_STYLE('',(#8355));
#8133=SURFACE_SIDE_STYLE('',(#8356));
#8134=SURFACE_SIDE_STYLE('',(#8357));
#8135=SURFACE_SIDE_STYLE('',(#8358));
#8136=SURFACE_SIDE_STYLE('',(#8359));
#8137=SURFACE_SIDE_STYLE('',(#8360));
#8138=SURFACE_SIDE_STYLE('',(#8361));
#8139=SURFACE_SIDE_STYLE('',(#8362));
#8140=SURFACE_SIDE_STYLE('',(#8363));
#8141=SURFACE_SIDE_STYLE('',(#8364));
#8142=SURFACE_SIDE_STYLE('',(#8365));
#8143=SURFACE_SIDE_STYLE('',(#8366));
#8144=SURFACE_SIDE_STYLE('',(#8367));
#8145=SURFACE_SIDE_STYLE('',(#8368));
#8146=SURFACE_SIDE_STYLE('',(#8369));
#8147=SURFACE_SIDE_STYLE('',(#8370));
#8148=SURFACE_SIDE_STYLE('',(#8371));
#8149=SURFACE_SIDE_STYLE('',(#8372));
#8150=SURFACE_SIDE_STYLE('',(#8373));
#8151=SURFACE_SIDE_STYLE('',(#8374));
#8152=SURFACE_SIDE_STYLE('',(#8375));
#8153=SURFACE_SIDE_STYLE('',(#8376));
#8154=SURFACE_SIDE_STYLE('',(#8377));
#8155=SURFACE_SIDE_STYLE('',(#8378));
#8156=SURFACE_SIDE_STYLE('',(#8379));
#8157=SURFACE_SIDE_STYLE('',(#8380));
#8158=SURFACE_SIDE_STYLE('',(#8381));
#8159=SURFACE_SIDE_STYLE('',(#8382));
#8160=SURFACE_SIDE_STYLE('',(#8383));
#8161=SURFACE_SIDE_STYLE('',(#8384));
#8162=SURFACE_SIDE_STYLE('',(#8385));
#8163=SURFACE_SIDE_STYLE('',(#8386));
#8164=SURFACE_SIDE_STYLE('',(#8387));
#8165=SURFACE_SIDE_STYLE('',(#8388));
#8166=SURFACE_SIDE_STYLE('',(#8389));
#8167=SURFACE_SIDE_STYLE('',(#8390));
#8168=SURFACE_SIDE_STYLE('',(#8391));
#8169=SURFACE_SIDE_STYLE('',(#8392));
#8170=SURFACE_SIDE_STYLE('',(#8393));
#8171=SURFACE_SIDE_STYLE('',(#8394));
#8172=SURFACE_SIDE_STYLE('',(#8395));
#8173=SURFACE_SIDE_STYLE('',(#8396));
#8174=SURFACE_SIDE_STYLE('',(#8397));
#8175=SURFACE_SIDE_STYLE('',(#8398));
#8176=SURFACE_SIDE_STYLE('',(#8399));
#8177=SURFACE_SIDE_STYLE('',(#8400));
#8178=SURFACE_SIDE_STYLE('',(#8401));
#8179=SURFACE_SIDE_STYLE('',(#8402));
#8180=SURFACE_SIDE_STYLE('',(#8403));
#8181=SURFACE_SIDE_STYLE('',(#8404));
#8182=SURFACE_SIDE_STYLE('',(#8405));
#8183=SURFACE_SIDE_STYLE('',(#8406));
#8184=SURFACE_SIDE_STYLE('',(#8407));
#8185=SURFACE_SIDE_STYLE('',(#8408));
#8186=SURFACE_SIDE_STYLE('',(#8409));
#8187=SURFACE_SIDE_STYLE('',(#8410));
#8188=SURFACE_SIDE_STYLE('',(#8411));
#8189=SURFACE_SIDE_STYLE('',(#8412));
#8190=SURFACE_SIDE_STYLE('',(#8413));
#8191=SURFACE_SIDE_STYLE('',(#8414));
#8192=SURFACE_SIDE_STYLE('',(#8415));
#8193=SURFACE_SIDE_STYLE('',(#8416));
#8194=SURFACE_SIDE_STYLE('',(#8417));
#8195=SURFACE_SIDE_STYLE('',(#8418));
#8196=SURFACE_SIDE_STYLE('',(#8419));
#8197=SURFACE_SIDE_STYLE('',(#8420));
#8198=SURFACE_SIDE_STYLE('',(#8421));
#8199=SURFACE_SIDE_STYLE('',(#8422));
#8200=SURFACE_SIDE_STYLE('',(#8423));
#8201=SURFACE_SIDE_STYLE('',(#8424));
#8202=SURFACE_SIDE_STYLE('',(#8425));
#8203=SURFACE_SIDE_STYLE('',(#8426));
#8204=SURFACE_SIDE_STYLE('',(#8427));
#8205=SURFACE_SIDE_STYLE('',(#8428));
#8206=SURFACE_SIDE_STYLE('',(#8429));
#8207=SURFACE_SIDE_STYLE('',(#8430));
#8208=SURFACE_SIDE_STYLE('',(#8431));
#8209=SURFACE_SIDE_STYLE('',(#8432));
#8210=SURFACE_SIDE_STYLE('',(#8433));
#8211=SURFACE_SIDE_STYLE('',(#8434));
#8212=SURFACE_SIDE_STYLE('',(#8435));
#8213=SURFACE_SIDE_STYLE('',(#8436));
#8214=SURFACE_SIDE_STYLE('',(#8437));
#8215=SURFACE_SIDE_STYLE('',(#8438));
#8216=SURFACE_SIDE_STYLE('',(#8439));
#8217=SURFACE_SIDE_STYLE('',(#8440));
#8218=SURFACE_SIDE_STYLE('',(#8441));
#8219=SURFACE_SIDE_STYLE('',(#8442));
#8220=SURFACE_SIDE_STYLE('',(#8443));
#8221=SURFACE_SIDE_STYLE('',(#8444));
#8222=SURFACE_SIDE_STYLE('',(#8445));
#8223=SURFACE_SIDE_STYLE('',(#8446));
#8224=SURFACE_SIDE_STYLE('',(#8447));
#8225=SURFACE_SIDE_STYLE('',(#8448));
#8226=SURFACE_SIDE_STYLE('',(#8449));
#8227=SURFACE_SIDE_STYLE('',(#8450));
#8228=SURFACE_SIDE_STYLE('',(#8451));
#8229=SURFACE_SIDE_STYLE('',(#8452));
#8230=SURFACE_SIDE_STYLE('',(#8453));
#8231=SURFACE_SIDE_STYLE('',(#8454));
#8232=SURFACE_SIDE_STYLE('',(#8455));
#8233=SURFACE_SIDE_STYLE('',(#8456));
#8234=SURFACE_SIDE_STYLE('',(#8457));
#8235=SURFACE_SIDE_STYLE('',(#8458));
#8236=SURFACE_SIDE_STYLE('',(#8459));
#8237=SURFACE_SIDE_STYLE('',(#8460));
#8238=SURFACE_SIDE_STYLE('',(#8461));
#8239=SURFACE_SIDE_STYLE('',(#8462));
#8240=SURFACE_SIDE_STYLE('',(#8463));
#8241=SURFACE_SIDE_STYLE('',(#8464));
#8242=SURFACE_SIDE_STYLE('',(#8465));
#8243=SURFACE_SIDE_STYLE('',(#8466));
#8244=SURFACE_SIDE_STYLE('',(#8467));
#8245=SURFACE_SIDE_STYLE('',(#8468));
#8246=SURFACE_SIDE_STYLE('',(#8469));
#8247=SURFACE_SIDE_STYLE('',(#8470));
#8248=SURFACE_SIDE_STYLE('',(#8471));
#8249=SURFACE_SIDE_STYLE('',(#8472));
#8250=SURFACE_SIDE_STYLE('',(#8473));
#8251=SURFACE_SIDE_STYLE('',(#8474));
#8252=SURFACE_SIDE_STYLE('',(#8475));
#8253=SURFACE_SIDE_STYLE('',(#8476));
#8254=SURFACE_SIDE_STYLE('',(#8477));
#8255=SURFACE_SIDE_STYLE('',(#8478));
#8256=SURFACE_SIDE_STYLE('',(#8479));
#8257=SURFACE_SIDE_STYLE('',(#8480));
#8258=SURFACE_SIDE_STYLE('',(#8481));
#8259=SURFACE_SIDE_STYLE('',(#8482));
#8260=SURFACE_SIDE_STYLE('',(#8483));
#8261=SURFACE_SIDE_STYLE('',(#8484));
#8262=SURFACE_SIDE_STYLE('',(#8485));
#8263=SURFACE_SIDE_STYLE('',(#8486));
#8264=SURFACE_SIDE_STYLE('',(#8487));
#8265=SURFACE_SIDE_STYLE('',(#8488));
#8266=SURFACE_SIDE_STYLE('',(#8489));
#8267=SURFACE_SIDE_STYLE('',(#8490));
#8268=SURFACE_SIDE_STYLE('',(#8491));
#8269=SURFACE_SIDE_STYLE('',(#8492));
#8270=SURFACE_SIDE_STYLE('',(#8493));
#8271=SURFACE_SIDE_STYLE('',(#8494));
#8272=SURFACE_SIDE_STYLE('',(#8495));
#8273=SURFACE_SIDE_STYLE('',(#8496));
#8274=SURFACE_SIDE_STYLE('',(#8497));
#8275=SURFACE_SIDE_STYLE('',(#8498));
#8276=SURFACE_SIDE_STYLE('',(#8499));
#8277=SURFACE_SIDE_STYLE('',(#8500));
#8278=SURFACE_SIDE_STYLE('',(#8501));
#8279=SURFACE_SIDE_STYLE('',(#8502));
#8280=SURFACE_SIDE_STYLE('',(#8503));
#8281=SURFACE_SIDE_STYLE('',(#8504));
#8282=SURFACE_SIDE_STYLE('',(#8505));
#8283=SURFACE_SIDE_STYLE('',(#8506));
#8284=SURFACE_SIDE_STYLE('',(#8507));
#8285=SURFACE_SIDE_STYLE('',(#8508));
#8286=SURFACE_SIDE_STYLE('',(#8509));
#8287=SURFACE_SIDE_STYLE('',(#8510));
#8288=SURFACE_SIDE_STYLE('',(#8511));
#8289=SURFACE_SIDE_STYLE('',(#8512));
#8290=SURFACE_SIDE_STYLE('',(#8513));
#8291=SURFACE_SIDE_STYLE('',(#8514));
#8292=SURFACE_SIDE_STYLE('',(#8515));
#8293=SURFACE_SIDE_STYLE('',(#8516));
#8294=SURFACE_SIDE_STYLE('',(#8517));
#8295=SURFACE_SIDE_STYLE('',(#8518));
#8296=SURFACE_SIDE_STYLE('',(#8519));
#8297=SURFACE_STYLE_FILL_AREA(#8520);
#8298=SURFACE_STYLE_FILL_AREA(#8521);
#8299=SURFACE_STYLE_FILL_AREA(#8522);
#8300=SURFACE_STYLE_FILL_AREA(#8523);
#8301=SURFACE_STYLE_FILL_AREA(#8524);
#8302=SURFACE_STYLE_FILL_AREA(#8525);
#8303=SURFACE_STYLE_FILL_AREA(#8526);
#8304=SURFACE_STYLE_FILL_AREA(#8527);
#8305=SURFACE_STYLE_FILL_AREA(#8528);
#8306=SURFACE_STYLE_FILL_AREA(#8529);
#8307=SURFACE_STYLE_FILL_AREA(#8530);
#8308=SURFACE_STYLE_FILL_AREA(#8531);
#8309=SURFACE_STYLE_FILL_AREA(#8532);
#8310=SURFACE_STYLE_FILL_AREA(#8533);
#8311=SURFACE_STYLE_FILL_AREA(#8534);
#8312=SURFACE_STYLE_FILL_AREA(#8535);
#8313=SURFACE_STYLE_FILL_AREA(#8536);
#8314=SURFACE_STYLE_FILL_AREA(#8537);
#8315=SURFACE_STYLE_FILL_AREA(#8538);
#8316=SURFACE_STYLE_FILL_AREA(#8539);
#8317=SURFACE_STYLE_FILL_AREA(#8540);
#8318=SURFACE_STYLE_FILL_AREA(#8541);
#8319=SURFACE_STYLE_FILL_AREA(#8542);
#8320=SURFACE_STYLE_FILL_AREA(#8543);
#8321=SURFACE_STYLE_FILL_AREA(#8544);
#8322=SURFACE_STYLE_FILL_AREA(#8545);
#8323=SURFACE_STYLE_FILL_AREA(#8546);
#8324=SURFACE_STYLE_FILL_AREA(#8547);
#8325=SURFACE_STYLE_FILL_AREA(#8548);
#8326=SURFACE_STYLE_FILL_AREA(#8549);
#8327=SURFACE_STYLE_FILL_AREA(#8550);
#8328=SURFACE_STYLE_FILL_AREA(#8551);
#8329=SURFACE_STYLE_FILL_AREA(#8552);
#8330=SURFACE_STYLE_FILL_AREA(#8553);
#8331=SURFACE_STYLE_FILL_AREA(#8554);
#8332=SURFACE_STYLE_FILL_AREA(#8555);
#8333=SURFACE_STYLE_FILL_AREA(#8556);
#8334=SURFACE_STYLE_FILL_AREA(#8557);
#8335=SURFACE_STYLE_FILL_AREA(#8558);
#8336=SURFACE_STYLE_FILL_AREA(#8559);
#8337=SURFACE_STYLE_FILL_AREA(#8560);
#8338=SURFACE_STYLE_FILL_AREA(#8561);
#8339=SURFACE_STYLE_FILL_AREA(#8562);
#8340=SURFACE_STYLE_FILL_AREA(#8563);
#8341=SURFACE_STYLE_FILL_AREA(#8564);
#8342=SURFACE_STYLE_FILL_AREA(#8565);
#8343=SURFACE_STYLE_FILL_AREA(#8566);
#8344=SURFACE_STYLE_FILL_AREA(#8567);
#8345=SURFACE_STYLE_FILL_AREA(#8568);
#8346=SURFACE_STYLE_FILL_AREA(#8569);
#8347=SURFACE_STYLE_FILL_AREA(#8570);
#8348=SURFACE_STYLE_FILL_AREA(#8571);
#8349=SURFACE_STYLE_FILL_AREA(#8572);
#8350=SURFACE_STYLE_FILL_AREA(#8573);
#8351=SURFACE_STYLE_FILL_AREA(#8574);
#8352=SURFACE_STYLE_FILL_AREA(#8575);
#8353=SURFACE_STYLE_FILL_AREA(#8576);
#8354=SURFACE_STYLE_FILL_AREA(#8577);
#8355=SURFACE_STYLE_FILL_AREA(#8578);
#8356=SURFACE_STYLE_FILL_AREA(#8579);
#8357=SURFACE_STYLE_FILL_AREA(#8580);
#8358=SURFACE_STYLE_FILL_AREA(#8581);
#8359=SURFACE_STYLE_FILL_AREA(#8582);
#8360=SURFACE_STYLE_FILL_AREA(#8583);
#8361=SURFACE_STYLE_FILL_AREA(#8584);
#8362=SURFACE_STYLE_FILL_AREA(#8585);
#8363=SURFACE_STYLE_FILL_AREA(#8586);
#8364=SURFACE_STYLE_FILL_AREA(#8587);
#8365=SURFACE_STYLE_FILL_AREA(#8588);
#8366=SURFACE_STYLE_FILL_AREA(#8589);
#8367=SURFACE_STYLE_FILL_AREA(#8590);
#8368=SURFACE_STYLE_FILL_AREA(#8591);
#8369=SURFACE_STYLE_FILL_AREA(#8592);
#8370=SURFACE_STYLE_FILL_AREA(#8593);
#8371=SURFACE_STYLE_FILL_AREA(#8594);
#8372=SURFACE_STYLE_FILL_AREA(#8595);
#8373=SURFACE_STYLE_FILL_AREA(#8596);
#8374=SURFACE_STYLE_FILL_AREA(#8597);
#8375=SURFACE_STYLE_FILL_AREA(#8598);
#8376=SURFACE_STYLE_FILL_AREA(#8599);
#8377=SURFACE_STYLE_FILL_AREA(#8600);
#8378=SURFACE_STYLE_FILL_AREA(#8601);
#8379=SURFACE_STYLE_FILL_AREA(#8602);
#8380=SURFACE_STYLE_FILL_AREA(#8603);
#8381=SURFACE_STYLE_FILL_AREA(#8604);
#8382=SURFACE_STYLE_FILL_AREA(#8605);
#8383=SURFACE_STYLE_FILL_AREA(#8606);
#8384=SURFACE_STYLE_FILL_AREA(#8607);
#8385=SURFACE_STYLE_FILL_AREA(#8608);
#8386=SURFACE_STYLE_FILL_AREA(#8609);
#8387=SURFACE_STYLE_FILL_AREA(#8610);
#8388=SURFACE_STYLE_FILL_AREA(#8611);
#8389=SURFACE_STYLE_FILL_AREA(#8612);
#8390=SURFACE_STYLE_FILL_AREA(#8613);
#8391=SURFACE_STYLE_FILL_AREA(#8614);
#8392=SURFACE_STYLE_FILL_AREA(#8615);
#8393=SURFACE_STYLE_FILL_AREA(#8616);
#8394=SURFACE_STYLE_FILL_AREA(#8617);
#8395=SURFACE_STYLE_FILL_AREA(#8618);
#8396=SURFACE_STYLE_FILL_AREA(#8619);
#8397=SURFACE_STYLE_FILL_AREA(#8620);
#8398=SURFACE_STYLE_FILL_AREA(#8621);
#8399=SURFACE_STYLE_FILL_AREA(#8622);
#8400=SURFACE_STYLE_FILL_AREA(#8623);
#8401=SURFACE_STYLE_FILL_AREA(#8624);
#8402=SURFACE_STYLE_FILL_AREA(#8625);
#8403=SURFACE_STYLE_FILL_AREA(#8626);
#8404=SURFACE_STYLE_FILL_AREA(#8627);
#8405=SURFACE_STYLE_FILL_AREA(#8628);
#8406=SURFACE_STYLE_FILL_AREA(#8629);
#8407=SURFACE_STYLE_FILL_AREA(#8630);
#8408=SURFACE_STYLE_FILL_AREA(#8631);
#8409=SURFACE_STYLE_FILL_AREA(#8632);
#8410=SURFACE_STYLE_FILL_AREA(#8633);
#8411=SURFACE_STYLE_FILL_AREA(#8634);
#8412=SURFACE_STYLE_FILL_AREA(#8635);
#8413=SURFACE_STYLE_FILL_AREA(#8636);
#8414=SURFACE_STYLE_FILL_AREA(#8637);
#8415=SURFACE_STYLE_FILL_AREA(#8638);
#8416=SURFACE_STYLE_FILL_AREA(#8639);
#8417=SURFACE_STYLE_FILL_AREA(#8640);
#8418=SURFACE_STYLE_FILL_AREA(#8641);
#8419=SURFACE_STYLE_FILL_AREA(#8642);
#8420=SURFACE_STYLE_FILL_AREA(#8643);
#8421=SURFACE_STYLE_FILL_AREA(#8644);
#8422=SURFACE_STYLE_FILL_AREA(#8645);
#8423=SURFACE_STYLE_FILL_AREA(#8646);
#8424=SURFACE_STYLE_FILL_AREA(#8647);
#8425=SURFACE_STYLE_FILL_AREA(#8648);
#8426=SURFACE_STYLE_FILL_AREA(#8649);
#8427=SURFACE_STYLE_FILL_AREA(#8650);
#8428=SURFACE_STYLE_FILL_AREA(#8651);
#8429=SURFACE_STYLE_FILL_AREA(#8652);
#8430=SURFACE_STYLE_FILL_AREA(#8653);
#8431=SURFACE_STYLE_FILL_AREA(#8654);
#8432=SURFACE_STYLE_FILL_AREA(#8655);
#8433=SURFACE_STYLE_FILL_AREA(#8656);
#8434=SURFACE_STYLE_FILL_AREA(#8657);
#8435=SURFACE_STYLE_FILL_AREA(#8658);
#8436=SURFACE_STYLE_FILL_AREA(#8659);
#8437=SURFACE_STYLE_FILL_AREA(#8660);
#8438=SURFACE_STYLE_FILL_AREA(#8661);
#8439=SURFACE_STYLE_FILL_AREA(#8662);
#8440=SURFACE_STYLE_FILL_AREA(#8663);
#8441=SURFACE_STYLE_FILL_AREA(#8664);
#8442=SURFACE_STYLE_FILL_AREA(#8665);
#8443=SURFACE_STYLE_FILL_AREA(#8666);
#8444=SURFACE_STYLE_FILL_AREA(#8667);
#8445=SURFACE_STYLE_FILL_AREA(#8668);
#8446=SURFACE_STYLE_FILL_AREA(#8669);
#8447=SURFACE_STYLE_FILL_AREA(#8670);
#8448=SURFACE_STYLE_FILL_AREA(#8671);
#8449=SURFACE_STYLE_FILL_AREA(#8672);
#8450=SURFACE_STYLE_FILL_AREA(#8673);
#8451=SURFACE_STYLE_FILL_AREA(#8674);
#8452=SURFACE_STYLE_FILL_AREA(#8675);
#8453=SURFACE_STYLE_FILL_AREA(#8676);
#8454=SURFACE_STYLE_FILL_AREA(#8677);
#8455=SURFACE_STYLE_FILL_AREA(#8678);
#8456=SURFACE_STYLE_FILL_AREA(#8679);
#8457=SURFACE_STYLE_FILL_AREA(#8680);
#8458=SURFACE_STYLE_FILL_AREA(#8681);
#8459=SURFACE_STYLE_FILL_AREA(#8682);
#8460=SURFACE_STYLE_FILL_AREA(#8683);
#8461=SURFACE_STYLE_FILL_AREA(#8684);
#8462=SURFACE_STYLE_FILL_AREA(#8685);
#8463=SURFACE_STYLE_FILL_AREA(#8686);
#8464=SURFACE_STYLE_FILL_AREA(#8687);
#8465=SURFACE_STYLE_FILL_AREA(#8688);
#8466=SURFACE_STYLE_FILL_AREA(#8689);
#8467=SURFACE_STYLE_FILL_AREA(#8690);
#8468=SURFACE_STYLE_FILL_AREA(#8691);
#8469=SURFACE_STYLE_FILL_AREA(#8692);
#8470=SURFACE_STYLE_FILL_AREA(#8693);
#8471=SURFACE_STYLE_FILL_AREA(#8694);
#8472=SURFACE_STYLE_FILL_AREA(#8695);
#8473=SURFACE_STYLE_FILL_AREA(#8696);
#8474=SURFACE_STYLE_FILL_AREA(#8697);
#8475=SURFACE_STYLE_FILL_AREA(#8698);
#8476=SURFACE_STYLE_FILL_AREA(#8699);
#8477=SURFACE_STYLE_FILL_AREA(#8700);
#8478=SURFACE_STYLE_FILL_AREA(#8701);
#8479=SURFACE_STYLE_FILL_AREA(#8702);
#8480=SURFACE_STYLE_FILL_AREA(#8703);
#8481=SURFACE_STYLE_FILL_AREA(#8704);
#8482=SURFACE_STYLE_FILL_AREA(#8705);
#8483=SURFACE_STYLE_FILL_AREA(#8706);
#8484=SURFACE_STYLE_FILL_AREA(#8707);
#8485=SURFACE_STYLE_FILL_AREA(#8708);
#8486=SURFACE_STYLE_FILL_AREA(#8709);
#8487=SURFACE_STYLE_FILL_AREA(#8710);
#8488=SURFACE_STYLE_FILL_AREA(#8711);
#8489=SURFACE_STYLE_FILL_AREA(#8712);
#8490=SURFACE_STYLE_FILL_AREA(#8713);
#8491=SURFACE_STYLE_FILL_AREA(#8714);
#8492=SURFACE_STYLE_FILL_AREA(#8715);
#8493=SURFACE_STYLE_FILL_AREA(#8716);
#8494=SURFACE_STYLE_FILL_AREA(#8717);
#8495=SURFACE_STYLE_FILL_AREA(#8718);
#8496=SURFACE_STYLE_FILL_AREA(#8719);
#8497=SURFACE_STYLE_FILL_AREA(#8720);
#8498=SURFACE_STYLE_FILL_AREA(#8721);
#8499=SURFACE_STYLE_FILL_AREA(#8722);
#8500=SURFACE_STYLE_FILL_AREA(#8723);
#8501=SURFACE_STYLE_FILL_AREA(#8724);
#8502=SURFACE_STYLE_FILL_AREA(#8725);
#8503=SURFACE_STYLE_FILL_AREA(#8726);
#8504=SURFACE_STYLE_FILL_AREA(#8727);
#8505=SURFACE_STYLE_FILL_AREA(#8728);
#8506=SURFACE_STYLE_FILL_AREA(#8729);
#8507=SURFACE_STYLE_FILL_AREA(#8730);
#8508=SURFACE_STYLE_FILL_AREA(#8731);
#8509=SURFACE_STYLE_FILL_AREA(#8732);
#8510=SURFACE_STYLE_FILL_AREA(#8733);
#8511=SURFACE_STYLE_FILL_AREA(#8734);
#8512=SURFACE_STYLE_FILL_AREA(#8735);
#8513=SURFACE_STYLE_FILL_AREA(#8736);
#8514=SURFACE_STYLE_FILL_AREA(#8737);
#8515=SURFACE_STYLE_FILL_AREA(#8738);
#8516=SURFACE_STYLE_FILL_AREA(#8739);
#8517=SURFACE_STYLE_FILL_AREA(#8740);
#8518=SURFACE_STYLE_FILL_AREA(#8741);
#8519=SURFACE_STYLE_FILL_AREA(#8742);
#8520=FILL_AREA_STYLE('',(#8743));
#8521=FILL_AREA_STYLE('',(#8744));
#8522=FILL_AREA_STYLE('',(#8745));
#8523=FILL_AREA_STYLE('',(#8746));
#8524=FILL_AREA_STYLE('',(#8747));
#8525=FILL_AREA_STYLE('',(#8748));
#8526=FILL_AREA_STYLE('',(#8749));
#8527=FILL_AREA_STYLE('',(#8750));
#8528=FILL_AREA_STYLE('',(#8751));
#8529=FILL_AREA_STYLE('',(#8752));
#8530=FILL_AREA_STYLE('',(#8753));
#8531=FILL_AREA_STYLE('',(#8754));
#8532=FILL_AREA_STYLE('',(#8755));
#8533=FILL_AREA_STYLE('',(#8756));
#8534=FILL_AREA_STYLE('',(#8757));
#8535=FILL_AREA_STYLE('',(#8758));
#8536=FILL_AREA_STYLE('',(#8759));
#8537=FILL_AREA_STYLE('',(#8760));
#8538=FILL_AREA_STYLE('',(#8761));
#8539=FILL_AREA_STYLE('',(#8762));
#8540=FILL_AREA_STYLE('',(#8763));
#8541=FILL_AREA_STYLE('',(#8764));
#8542=FILL_AREA_STYLE('',(#8765));
#8543=FILL_AREA_STYLE('',(#8766));
#8544=FILL_AREA_STYLE('',(#8767));
#8545=FILL_AREA_STYLE('',(#8768));
#8546=FILL_AREA_STYLE('',(#8769));
#8547=FILL_AREA_STYLE('',(#8770));
#8548=FILL_AREA_STYLE('',(#8771));
#8549=FILL_AREA_STYLE('',(#8772));
#8550=FILL_AREA_STYLE('',(#8773));
#8551=FILL_AREA_STYLE('',(#8774));
#8552=FILL_AREA_STYLE('',(#8775));
#8553=FILL_AREA_STYLE('',(#8776));
#8554=FILL_AREA_STYLE('',(#8777));
#8555=FILL_AREA_STYLE('',(#8778));
#8556=FILL_AREA_STYLE('',(#8779));
#8557=FILL_AREA_STYLE('',(#8780));
#8558=FILL_AREA_STYLE('',(#8781));
#8559=FILL_AREA_STYLE('',(#8782));
#8560=FILL_AREA_STYLE('',(#8783));
#8561=FILL_AREA_STYLE('',(#8784));
#8562=FILL_AREA_STYLE('',(#8785));
#8563=FILL_AREA_STYLE('',(#8786));
#8564=FILL_AREA_STYLE('',(#8787));
#8565=FILL_AREA_STYLE('',(#8788));
#8566=FILL_AREA_STYLE('',(#8789));
#8567=FILL_AREA_STYLE('',(#8790));
#8568=FILL_AREA_STYLE('',(#8791));
#8569=FILL_AREA_STYLE('',(#8792));
#8570=FILL_AREA_STYLE('',(#8793));
#8571=FILL_AREA_STYLE('',(#8794));
#8572=FILL_AREA_STYLE('',(#8795));
#8573=FILL_AREA_STYLE('',(#8796));
#8574=FILL_AREA_STYLE('',(#8797));
#8575=FILL_AREA_STYLE('',(#8798));
#8576=FILL_AREA_STYLE('',(#8799));
#8577=FILL_AREA_STYLE('',(#8800));
#8578=FILL_AREA_STYLE('',(#8801));
#8579=FILL_AREA_STYLE('',(#8802));
#8580=FILL_AREA_STYLE('',(#8803));
#8581=FILL_AREA_STYLE('',(#8804));
#8582=FILL_AREA_STYLE('',(#8805));
#8583=FILL_AREA_STYLE('',(#8806));
#8584=FILL_AREA_STYLE('',(#8807));
#8585=FILL_AREA_STYLE('',(#8808));
#8586=FILL_AREA_STYLE('',(#8809));
#8587=FILL_AREA_STYLE('',(#8810));
#8588=FILL_AREA_STYLE('',(#8811));
#8589=FILL_AREA_STYLE('',(#8812));
#8590=FILL_AREA_STYLE('',(#8813));
#8591=FILL_AREA_STYLE('',(#8814));
#8592=FILL_AREA_STYLE('',(#8815));
#8593=FILL_AREA_STYLE('',(#8816));
#8594=FILL_AREA_STYLE('',(#8817));
#8595=FILL_AREA_STYLE('',(#8818));
#8596=FILL_AREA_STYLE('',(#8819));
#8597=FILL_AREA_STYLE('',(#8820));
#8598=FILL_AREA_STYLE('',(#8821));
#8599=FILL_AREA_STYLE('',(#8822));
#8600=FILL_AREA_STYLE('',(#8823));
#8601=FILL_AREA_STYLE('',(#8824));
#8602=FILL_AREA_STYLE('',(#8825));
#8603=FILL_AREA_STYLE('',(#8826));
#8604=FILL_AREA_STYLE('',(#8827));
#8605=FILL_AREA_STYLE('',(#8828));
#8606=FILL_AREA_STYLE('',(#8829));
#8607=FILL_AREA_STYLE('',(#8830));
#8608=FILL_AREA_STYLE('',(#8831));
#8609=FILL_AREA_STYLE('',(#8832));
#8610=FILL_AREA_STYLE('',(#8833));
#8611=FILL_AREA_STYLE('',(#8834));
#8612=FILL_AREA_STYLE('',(#8835));
#8613=FILL_AREA_STYLE('',(#8836));
#8614=FILL_AREA_STYLE('',(#8837));
#8615=FILL_AREA_STYLE('',(#8838));
#8616=FILL_AREA_STYLE('',(#8839));
#8617=FILL_AREA_STYLE('',(#8840));
#8618=FILL_AREA_STYLE('',(#8841));
#8619=FILL_AREA_STYLE('',(#8842));
#8620=FILL_AREA_STYLE('',(#8843));
#8621=FILL_AREA_STYLE('',(#8844));
#8622=FILL_AREA_STYLE('',(#8845));
#8623=FILL_AREA_STYLE('',(#8846));
#8624=FILL_AREA_STYLE('',(#8847));
#8625=FILL_AREA_STYLE('',(#8848));
#8626=FILL_AREA_STYLE('',(#8849));
#8627=FILL_AREA_STYLE('',(#8850));
#8628=FILL_AREA_STYLE('',(#8851));
#8629=FILL_AREA_STYLE('',(#8852));
#8630=FILL_AREA_STYLE('',(#8853));
#8631=FILL_AREA_STYLE('',(#8854));
#8632=FILL_AREA_STYLE('',(#8855));
#8633=FILL_AREA_STYLE('',(#8856));
#8634=FILL_AREA_STYLE('',(#8857));
#8635=FILL_AREA_STYLE('',(#8858));
#8636=FILL_AREA_STYLE('',(#8859));
#8637=FILL_AREA_STYLE('',(#8860));
#8638=FILL_AREA_STYLE('',(#8861));
#8639=FILL_AREA_STYLE('',(#8862));
#8640=FILL_AREA_STYLE('',(#8863));
#8641=FILL_AREA_STYLE('',(#8864));
#8642=FILL_AREA_STYLE('',(#8865));
#8643=FILL_AREA_STYLE('',(#8866));
#8644=FILL_AREA_STYLE('',(#8867));
#8645=FILL_AREA_STYLE('',(#8868));
#8646=FILL_AREA_STYLE('',(#8869));
#8647=FILL_AREA_STYLE('',(#8870));
#8648=FILL_AREA_STYLE('',(#8871));
#8649=FILL_AREA_STYLE('',(#8872));
#8650=FILL_AREA_STYLE('',(#8873));
#8651=FILL_AREA_STYLE('',(#8874));
#8652=FILL_AREA_STYLE('',(#8875));
#8653=FILL_AREA_STYLE('',(#8876));
#8654=FILL_AREA_STYLE('',(#8877));
#8655=FILL_AREA_STYLE('',(#8878));
#8656=FILL_AREA_STYLE('',(#8879));
#8657=FILL_AREA_STYLE('',(#8880));
#8658=FILL_AREA_STYLE('',(#8881));
#8659=FILL_AREA_STYLE('',(#8882));
#8660=FILL_AREA_STYLE('',(#8883));
#8661=FILL_AREA_STYLE('',(#8884));
#8662=FILL_AREA_STYLE('',(#8885));
#8663=FILL_AREA_STYLE('',(#8886));
#8664=FILL_AREA_STYLE('',(#8887));
#8665=FILL_AREA_STYLE('',(#8888));
#8666=FILL_AREA_STYLE('',(#8889));
#8667=FILL_AREA_STYLE('',(#8890));
#8668=FILL_AREA_STYLE('',(#8891));
#8669=FILL_AREA_STYLE('',(#8892));
#8670=FILL_AREA_STYLE('',(#8893));
#8671=FILL_AREA_STYLE('',(#8894));
#8672=FILL_AREA_STYLE('',(#8895));
#8673=FILL_AREA_STYLE('',(#8896));
#8674=FILL_AREA_STYLE('',(#8897));
#8675=FILL_AREA_STYLE('',(#8898));
#8676=FILL_AREA_STYLE('',(#8899));
#8677=FILL_AREA_STYLE('',(#8900));
#8678=FILL_AREA_STYLE('',(#8901));
#8679=FILL_AREA_STYLE('',(#8902));
#8680=FILL_AREA_STYLE('',(#8903));
#8681=FILL_AREA_STYLE('',(#8904));
#8682=FILL_AREA_STYLE('',(#8905));
#8683=FILL_AREA_STYLE('',(#8906));
#8684=FILL_AREA_STYLE('',(#8907));
#8685=FILL_AREA_STYLE('',(#8908));
#8686=FILL_AREA_STYLE('',(#8909));
#8687=FILL_AREA_STYLE('',(#8910));
#8688=FILL_AREA_STYLE('',(#8911));
#8689=FILL_AREA_STYLE('',(#8912));
#8690=FILL_AREA_STYLE('',(#8913));
#8691=FILL_AREA_STYLE('',(#8914));
#8692=FILL_AREA_STYLE('',(#8915));
#8693=FILL_AREA_STYLE('',(#8916));
#8694=FILL_AREA_STYLE('',(#8917));
#8695=FILL_AREA_STYLE('',(#8918));
#8696=FILL_AREA_STYLE('',(#8919));
#8697=FILL_AREA_STYLE('',(#8920));
#8698=FILL_AREA_STYLE('',(#8921));
#8699=FILL_AREA_STYLE('',(#8922));
#8700=FILL_AREA_STYLE('',(#8923));
#8701=FILL_AREA_STYLE('',(#8924));
#8702=FILL_AREA_STYLE('',(#8925));
#8703=FILL_AREA_STYLE('',(#8926));
#8704=FILL_AREA_STYLE('',(#8927));
#8705=FILL_AREA_STYLE('',(#8928));
#8706=FILL_AREA_STYLE('',(#8929));
#8707=FILL_AREA_STYLE('',(#8930));
#8708=FILL_AREA_STYLE('',(#8931));
#8709=FILL_AREA_STYLE('',(#8932));
#8710=FILL_AREA_STYLE('',(#8933));
#8711=FILL_AREA_STYLE('',(#8934));
#8712=FILL_AREA_STYLE('',(#8935));
#8713=FILL_AREA_STYLE('',(#8936));
#8714=FILL_AREA_STYLE('',(#8937));
#8715=FILL_AREA_STYLE('',(#8938));
#8716=FILL_AREA_STYLE('',(#8939));
#8717=FILL_AREA_STYLE('',(#8940));
#8718=FILL_AREA_STYLE('',(#8941));
#8719=FILL_AREA_STYLE('',(#8942));
#8720=FILL_AREA_STYLE('',(#8943));
#8721=FILL_AREA_STYLE('',(#8944));
#8722=FILL_AREA_STYLE('',(#8945));
#8723=FILL_AREA_STYLE('',(#8946));
#8724=FILL_AREA_STYLE('',(#8947));
#8725=FILL_AREA_STYLE('',(#8948));
#8726=FILL_AREA_STYLE('',(#8949));
#8727=FILL_AREA_STYLE('',(#8950));
#8728=FILL_AREA_STYLE('',(#8951));
#8729=FILL_AREA_STYLE('',(#8952));
#8730=FILL_AREA_STYLE('',(#8953));
#8731=FILL_AREA_STYLE('',(#8954));
#8732=FILL_AREA_STYLE('',(#8955));
#8733=FILL_AREA_STYLE('',(#8956));
#8734=FILL_AREA_STYLE('',(#8957));
#8735=FILL_AREA_STYLE('',(#8958));
#8736=FILL_AREA_STYLE('',(#8959));
#8737=FILL_AREA_STYLE('',(#8960));
#8738=FILL_AREA_STYLE('',(#8961));
#8739=FILL_AREA_STYLE('',(#8962));
#8740=FILL_AREA_STYLE('',(#8963));
#8741=FILL_AREA_STYLE('',(#8964));
#8742=FILL_AREA_STYLE('',(#8965));
#8743=FILL_AREA_STYLE_COLOUR('',#8966);
#8744=FILL_AREA_STYLE_COLOUR('',#8967);
#8745=FILL_AREA_STYLE_COLOUR('',#8967);
#8746=FILL_AREA_STYLE_COLOUR('',#8967);
#8747=FILL_AREA_STYLE_COLOUR('',#8967);
#8748=FILL_AREA_STYLE_COLOUR('',#8967);
#8749=FILL_AREA_STYLE_COLOUR('',#8967);
#8750=FILL_AREA_STYLE_COLOUR('',#8967);
#8751=FILL_AREA_STYLE_COLOUR('',#8967);
#8752=FILL_AREA_STYLE_COLOUR('',#8967);
#8753=FILL_AREA_STYLE_COLOUR('',#8967);
#8754=FILL_AREA_STYLE_COLOUR('',#8967);
#8755=FILL_AREA_STYLE_COLOUR('',#8967);
#8756=FILL_AREA_STYLE_COLOUR('',#8967);
#8757=FILL_AREA_STYLE_COLOUR('',#8967);
#8758=FILL_AREA_STYLE_COLOUR('',#8967);
#8759=FILL_AREA_STYLE_COLOUR('',#8967);
#8760=FILL_AREA_STYLE_COLOUR('',#8967);
#8761=FILL_AREA_STYLE_COLOUR('',#8967);
#8762=FILL_AREA_STYLE_COLOUR('',#8967);
#8763=FILL_AREA_STYLE_COLOUR('',#8967);
#8764=FILL_AREA_STYLE_COLOUR('',#8967);
#8765=FILL_AREA_STYLE_COLOUR('',#8967);
#8766=FILL_AREA_STYLE_COLOUR('',#8967);
#8767=FILL_AREA_STYLE_COLOUR('',#8967);
#8768=FILL_AREA_STYLE_COLOUR('',#8967);
#8769=FILL_AREA_STYLE_COLOUR('',#8967);
#8770=FILL_AREA_STYLE_COLOUR('',#8967);
#8771=FILL_AREA_STYLE_COLOUR('',#8967);
#8772=FILL_AREA_STYLE_COLOUR('',#8967);
#8773=FILL_AREA_STYLE_COLOUR('',#8967);
#8774=FILL_AREA_STYLE_COLOUR('',#8967);
#8775=FILL_AREA_STYLE_COLOUR('',#8967);
#8776=FILL_AREA_STYLE_COLOUR('',#8967);
#8777=FILL_AREA_STYLE_COLOUR('',#8967);
#8778=FILL_AREA_STYLE_COLOUR('',#8967);
#8779=FILL_AREA_STYLE_COLOUR('',#8967);
#8780=FILL_AREA_STYLE_COLOUR('',#8967);
#8781=FILL_AREA_STYLE_COLOUR('',#8967);
#8782=FILL_AREA_STYLE_COLOUR('',#8967);
#8783=FILL_AREA_STYLE_COLOUR('',#8967);
#8784=FILL_AREA_STYLE_COLOUR('',#8967);
#8785=FILL_AREA_STYLE_COLOUR('',#8967);
#8786=FILL_AREA_STYLE_COLOUR('',#8967);
#8787=FILL_AREA_STYLE_COLOUR('',#8967);
#8788=FILL_AREA_STYLE_COLOUR('',#8967);
#8789=FILL_AREA_STYLE_COLOUR('',#8967);
#8790=FILL_AREA_STYLE_COLOUR('',#8967);
#8791=FILL_AREA_STYLE_COLOUR('',#8967);
#8792=FILL_AREA_STYLE_COLOUR('',#8967);
#8793=FILL_AREA_STYLE_COLOUR('',#8967);
#8794=FILL_AREA_STYLE_COLOUR('',#8967);
#8795=FILL_AREA_STYLE_COLOUR('',#8967);
#8796=FILL_AREA_STYLE_COLOUR('',#8967);
#8797=FILL_AREA_STYLE_COLOUR('',#8967);
#8798=FILL_AREA_STYLE_COLOUR('',#8967);
#8799=FILL_AREA_STYLE_COLOUR('',#8967);
#8800=FILL_AREA_STYLE_COLOUR('',#8967);
#8801=FILL_AREA_STYLE_COLOUR('',#8967);
#8802=FILL_AREA_STYLE_COLOUR('',#8967);
#8803=FILL_AREA_STYLE_COLOUR('',#8967);
#8804=FILL_AREA_STYLE_COLOUR('',#8967);
#8805=FILL_AREA_STYLE_COLOUR('',#8967);
#8806=FILL_AREA_STYLE_COLOUR('',#8967);
#8807=FILL_AREA_STYLE_COLOUR('',#8967);
#8808=FILL_AREA_STYLE_COLOUR('',#8967);
#8809=FILL_AREA_STYLE_COLOUR('',#8967);
#8810=FILL_AREA_STYLE_COLOUR('',#8967);
#8811=FILL_AREA_STYLE_COLOUR('',#8967);
#8812=FILL_AREA_STYLE_COLOUR('',#8967);
#8813=FILL_AREA_STYLE_COLOUR('',#8967);
#8814=FILL_AREA_STYLE_COLOUR('',#8967);
#8815=FILL_AREA_STYLE_COLOUR('',#8967);
#8816=FILL_AREA_STYLE_COLOUR('',#8967);
#8817=FILL_AREA_STYLE_COLOUR('',#8967);
#8818=FILL_AREA_STYLE_COLOUR('',#8967);
#8819=FILL_AREA_STYLE_COLOUR('',#8967);
#8820=FILL_AREA_STYLE_COLOUR('',#8967);
#8821=FILL_AREA_STYLE_COLOUR('',#8967);
#8822=FILL_AREA_STYLE_COLOUR('',#8967);
#8823=FILL_AREA_STYLE_COLOUR('',#8967);
#8824=FILL_AREA_STYLE_COLOUR('',#8967);
#8825=FILL_AREA_STYLE_COLOUR('',#8967);
#8826=FILL_AREA_STYLE_COLOUR('',#8967);
#8827=FILL_AREA_STYLE_COLOUR('',#8967);
#8828=FILL_AREA_STYLE_COLOUR('',#8967);
#8829=FILL_AREA_STYLE_COLOUR('',#8967);
#8830=FILL_AREA_STYLE_COLOUR('',#8967);
#8831=FILL_AREA_STYLE_COLOUR('',#8967);
#8832=FILL_AREA_STYLE_COLOUR('',#8967);
#8833=FILL_AREA_STYLE_COLOUR('',#8967);
#8834=FILL_AREA_STYLE_COLOUR('',#8967);
#8835=FILL_AREA_STYLE_COLOUR('',#8967);
#8836=FILL_AREA_STYLE_COLOUR('',#8967);
#8837=FILL_AREA_STYLE_COLOUR('',#8967);
#8838=FILL_AREA_STYLE_COLOUR('',#8967);
#8839=FILL_AREA_STYLE_COLOUR('',#8967);
#8840=FILL_AREA_STYLE_COLOUR('',#8967);
#8841=FILL_AREA_STYLE_COLOUR('',#8967);
#8842=FILL_AREA_STYLE_COLOUR('',#8967);
#8843=FILL_AREA_STYLE_COLOUR('',#8967);
#8844=FILL_AREA_STYLE_COLOUR('',#8967);
#8845=FILL_AREA_STYLE_COLOUR('',#8967);
#8846=FILL_AREA_STYLE_COLOUR('',#8967);
#8847=FILL_AREA_STYLE_COLOUR('',#8967);
#8848=FILL_AREA_STYLE_COLOUR('',#8967);
#8849=FILL_AREA_STYLE_COLOUR('',#8967);
#8850=FILL_AREA_STYLE_COLOUR('',#8967);
#8851=FILL_AREA_STYLE_COLOUR('',#8967);
#8852=FILL_AREA_STYLE_COLOUR('',#8967);
#8853=FILL_AREA_STYLE_COLOUR('',#8967);
#8854=FILL_AREA_STYLE_COLOUR('',#8967);
#8855=FILL_AREA_STYLE_COLOUR('',#8967);
#8856=FILL_AREA_STYLE_COLOUR('',#8967);
#8857=FILL_AREA_STYLE_COLOUR('',#8967);
#8858=FILL_AREA_STYLE_COLOUR('',#8967);
#8859=FILL_AREA_STYLE_COLOUR('',#8967);
#8860=FILL_AREA_STYLE_COLOUR('',#8967);
#8861=FILL_AREA_STYLE_COLOUR('',#8967);
#8862=FILL_AREA_STYLE_COLOUR('',#8967);
#8863=FILL_AREA_STYLE_COLOUR('',#8967);
#8864=FILL_AREA_STYLE_COLOUR('',#8967);
#8865=FILL_AREA_STYLE_COLOUR('',#8967);
#8866=FILL_AREA_STYLE_COLOUR('',#8967);
#8867=FILL_AREA_STYLE_COLOUR('',#8967);
#8868=FILL_AREA_STYLE_COLOUR('',#8967);
#8869=FILL_AREA_STYLE_COLOUR('',#8967);
#8870=FILL_AREA_STYLE_COLOUR('',#8967);
#8871=FILL_AREA_STYLE_COLOUR('',#8967);
#8872=FILL_AREA_STYLE_COLOUR('',#8967);
#8873=FILL_AREA_STYLE_COLOUR('',#8967);
#8874=FILL_AREA_STYLE_COLOUR('',#8967);
#8875=FILL_AREA_STYLE_COLOUR('',#8967);
#8876=FILL_AREA_STYLE_COLOUR('',#8967);
#8877=FILL_AREA_STYLE_COLOUR('',#8967);
#8878=FILL_AREA_STYLE_COLOUR('',#8967);
#8879=FILL_AREA_STYLE_COLOUR('',#8967);
#8880=FILL_AREA_STYLE_COLOUR('',#8967);
#8881=FILL_AREA_STYLE_COLOUR('',#8967);
#8882=FILL_AREA_STYLE_COLOUR('',#8967);
#8883=FILL_AREA_STYLE_COLOUR('',#8967);
#8884=FILL_AREA_STYLE_COLOUR('',#8967);
#8885=FILL_AREA_STYLE_COLOUR('',#8967);
#8886=FILL_AREA_STYLE_COLOUR('',#8967);
#8887=FILL_AREA_STYLE_COLOUR('',#8967);
#8888=FILL_AREA_STYLE_COLOUR('',#8967);
#8889=FILL_AREA_STYLE_COLOUR('',#8967);
#8890=FILL_AREA_STYLE_COLOUR('',#8967);
#8891=FILL_AREA_STYLE_COLOUR('',#8967);
#8892=FILL_AREA_STYLE_COLOUR('',#8967);
#8893=FILL_AREA_STYLE_COLOUR('',#8967);
#8894=FILL_AREA_STYLE_COLOUR('',#8967);
#8895=FILL_AREA_STYLE_COLOUR('',#8967);
#8896=FILL_AREA_STYLE_COLOUR('',#8967);
#8897=FILL_AREA_STYLE_COLOUR('',#8967);
#8898=FILL_AREA_STYLE_COLOUR('',#8967);
#8899=FILL_AREA_STYLE_COLOUR('',#8967);
#8900=FILL_AREA_STYLE_COLOUR('',#8967);
#8901=FILL_AREA_STYLE_COLOUR('',#8967);
#8902=FILL_AREA_STYLE_COLOUR('',#8967);
#8903=FILL_AREA_STYLE_COLOUR('',#8967);
#8904=FILL_AREA_STYLE_COLOUR('',#8967);
#8905=FILL_AREA_STYLE_COLOUR('',#8967);
#8906=FILL_AREA_STYLE_COLOUR('',#8967);
#8907=FILL_AREA_STYLE_COLOUR('',#8967);
#8908=FILL_AREA_STYLE_COLOUR('',#8967);
#8909=FILL_AREA_STYLE_COLOUR('',#8967);
#8910=FILL_AREA_STYLE_COLOUR('',#8967);
#8911=FILL_AREA_STYLE_COLOUR('',#8967);
#8912=FILL_AREA_STYLE_COLOUR('',#8967);
#8913=FILL_AREA_STYLE_COLOUR('',#8967);
#8914=FILL_AREA_STYLE_COLOUR('',#8967);
#8915=FILL_AREA_STYLE_COLOUR('',#8967);
#8916=FILL_AREA_STYLE_COLOUR('',#8967);
#8917=FILL_AREA_STYLE_COLOUR('',#8967);
#8918=FILL_AREA_STYLE_COLOUR('',#8967);
#8919=FILL_AREA_STYLE_COLOUR('',#8967);
#8920=FILL_AREA_STYLE_COLOUR('',#8967);
#8921=FILL_AREA_STYLE_COLOUR('',#8967);
#8922=FILL_AREA_STYLE_COLOUR('',#8967);
#8923=FILL_AREA_STYLE_COLOUR('',#8967);
#8924=FILL_AREA_STYLE_COLOUR('',#8967);
#8925=FILL_AREA_STYLE_COLOUR('',#8967);
#8926=FILL_AREA_STYLE_COLOUR('',#8967);
#8927=FILL_AREA_STYLE_COLOUR('',#8967);
#8928=FILL_AREA_STYLE_COLOUR('',#8967);
#8929=FILL_AREA_STYLE_COLOUR('',#8967);
#8930=FILL_AREA_STYLE_COLOUR('',#8967);
#8931=FILL_AREA_STYLE_COLOUR('',#8967);
#8932=FILL_AREA_STYLE_COLOUR('',#8967);
#8933=FILL_AREA_STYLE_COLOUR('',#8967);
#8934=FILL_AREA_STYLE_COLOUR('',#8967);
#8935=FILL_AREA_STYLE_COLOUR('',#8967);
#8936=FILL_AREA_STYLE_COLOUR('',#8967);
#8937=FILL_AREA_STYLE_COLOUR('',#8967);
#8938=FILL_AREA_STYLE_COLOUR('',#8967);
#8939=FILL_AREA_STYLE_COLOUR('',#8967);
#8940=FILL_AREA_STYLE_COLOUR('',#8967);
#8941=FILL_AREA_STYLE_COLOUR('',#8967);
#8942=FILL_AREA_STYLE_COLOUR('',#8967);
#8943=FILL_AREA_STYLE_COLOUR('',#8967);
#8944=FILL_AREA_STYLE_COLOUR('',#8967);
#8945=FILL_AREA_STYLE_COLOUR('',#8967);
#8946=FILL_AREA_STYLE_COLOUR('',#8967);
#8947=FILL_AREA_STYLE_COLOUR('',#8967);
#8948=FILL_AREA_STYLE_COLOUR('',#8967);
#8949=FILL_AREA_STYLE_COLOUR('',#8967);
#8950=FILL_AREA_STYLE_COLOUR('',#8967);
#8951=FILL_AREA_STYLE_COLOUR('',#8967);
#8952=FILL_AREA_STYLE_COLOUR('',#8967);
#8953=FILL_AREA_STYLE_COLOUR('',#8967);
#8954=FILL_AREA_STYLE_COLOUR('',#8967);
#8955=FILL_AREA_STYLE_COLOUR('',#8967);
#8956=FILL_AREA_STYLE_COLOUR('',#8967);
#8957=FILL_AREA_STYLE_COLOUR('',#8967);
#8958=FILL_AREA_STYLE_COLOUR('',#8967);
#8959=FILL_AREA_STYLE_COLOUR('',#8967);
#8960=FILL_AREA_STYLE_COLOUR('',#8967);
#8961=FILL_AREA_STYLE_COLOUR('',#8967);
#8962=FILL_AREA_STYLE_COLOUR('',#8967);
#8963=FILL_AREA_STYLE_COLOUR('',#8967);
#8964=FILL_AREA_STYLE_COLOUR('',#8967);
#8965=FILL_AREA_STYLE_COLOUR('',#8967);
#8966=COLOUR_RGB('',0.301960784313725,0.301960784313725,0.301960784313725);
#8967=COLOUR_RGB('',0.858823529411765,0.737254901960784,0.494117647058824);
#8968=MANIFOLD_SOLID_BREP('BM28B0.6-30DP',#7626);
#8969=SHAPE_DEFINITION_REPRESENTATION(#14127,#8970);
#8970=SHAPE_REPRESENTATION('BM28B0.6-30DP',(#8971),#14122);
#8971=AXIS2_PLACEMENT_3D('',#11564,#9550,#9551);
#8972=AXIS2_PLACEMENT_3D('',#11565,#9552,#9553);
#8973=AXIS2_PLACEMENT_3D('',#11569,#9555,#9556);
#8974=AXIS2_PLACEMENT_3D('',#11573,#9558,#9559);
#8975=AXIS2_PLACEMENT_3D('',#11574,#9560,#9561);
#8976=AXIS2_PLACEMENT_3D('',#11583,#9566,#9567);
#8977=AXIS2_PLACEMENT_3D('',#11592,#9572,#9573);
#8978=AXIS2_PLACEMENT_3D('',#11593,#9574,#9575);
#8979=AXIS2_PLACEMENT_3D('',#11598,#9577,#9578);
#8980=AXIS2_PLACEMENT_3D('',#11601,#9580,#9581);
#8981=AXIS2_PLACEMENT_3D('',#11602,#9582,#9583);
#8982=AXIS2_PLACEMENT_3D('',#11606,#9585,#9586);
#8983=AXIS2_PLACEMENT_3D('',#11607,#9587,#9588);
#8984=AXIS2_PLACEMENT_3D('',#11615,#9593,#9594);
#8985=AXIS2_PLACEMENT_3D('',#11619,#9598,#9599);
#8986=AXIS2_PLACEMENT_3D('',#11620,#9600,#9601);
#8987=AXIS2_PLACEMENT_3D('',#11624,#9604,#9605);
#8988=AXIS2_PLACEMENT_3D('',#11625,#9606,#9607);
#8989=AXIS2_PLACEMENT_3D('',#11634,#9612,#9613);
#8990=AXIS2_PLACEMENT_3D('',#11637,#9616,#9617);
#8991=AXIS2_PLACEMENT_3D('',#11642,#9621,#9622);
#8992=AXIS2_PLACEMENT_3D('',#11650,#9627,#9628);
#8993=AXIS2_PLACEMENT_3D('',#11651,#9629,#9630);
#8994=AXIS2_PLACEMENT_3D('',#11652,#9631,#9632);
#8995=AXIS2_PLACEMENT_3D('',#11657,#9635,#9636);
#8996=AXIS2_PLACEMENT_3D('',#11661,#9639,#9640);
#8997=AXIS2_PLACEMENT_3D('',#11670,#9645,#9646);
#8998=AXIS2_PLACEMENT_3D('',#11676,#9650,#9651);
#8999=AXIS2_PLACEMENT_3D('',#11679,#9653,#9654);
#9000=AXIS2_PLACEMENT_3D('',#11681,#9656,#9657);
#9001=AXIS2_PLACEMENT_3D('',#11684,#9659,#9660);
#9002=AXIS2_PLACEMENT_3D('',#11685,#9661,#9662);
#9003=AXIS2_PLACEMENT_3D('',#11692,#9666,#9667);
#9004=AXIS2_PLACEMENT_3D('',#11693,#9668,#9669);
#9005=AXIS2_PLACEMENT_3D('',#11699,#9673,#9674);
#9006=AXIS2_PLACEMENT_3D('',#11708,#9679,#9680);
#9007=AXIS2_PLACEMENT_3D('',#11709,#9681,#9682);
#9008=AXIS2_PLACEMENT_3D('',#11713,#9684,#9685);
#9009=AXIS2_PLACEMENT_3D('',#11717,#9688,#9689);
#9010=AXIS2_PLACEMENT_3D('',#11722,#9692,#9693);
#9011=AXIS2_PLACEMENT_3D('',#11723,#9694,#9695);
#9012=AXIS2_PLACEMENT_3D('',#11732,#9700,#9701);
#9013=AXIS2_PLACEMENT_3D('',#11738,#9705,#9706);
#9014=AXIS2_PLACEMENT_3D('',#11747,#9711,#9712);
#9015=AXIS2_PLACEMENT_3D('',#11748,#9713,#9714);
#9016=AXIS2_PLACEMENT_3D('',#11753,#9716,#9717);
#9017=AXIS2_PLACEMENT_3D('',#11756,#9719,#9720);
#9018=AXIS2_PLACEMENT_3D('',#11765,#9725,#9726);
#9019=AXIS2_PLACEMENT_3D('',#11771,#9730,#9731);
#9020=AXIS2_PLACEMENT_3D('',#11772,#9732,#9733);
#9021=AXIS2_PLACEMENT_3D('',#11776,#9735,#9736);
#9022=AXIS2_PLACEMENT_3D('',#11777,#9737,#9738);
#9023=AXIS2_PLACEMENT_3D('',#11782,#9742,#9743);
#9024=AXIS2_PLACEMENT_3D('',#11786,#9746,#9747);
#9025=AXIS2_PLACEMENT_3D('',#11790,#9749,#9750);
#9026=AXIS2_PLACEMENT_3D('',#11794,#9752,#9753);
#9027=AXIS2_PLACEMENT_3D('',#11795,#9754,#9755);
#9028=AXIS2_PLACEMENT_3D('',#11798,#9758,#9759);
#9029=AXIS2_PLACEMENT_3D('',#11803,#9763,#9764);
#9030=AXIS2_PLACEMENT_3D('',#11807,#9767,#9768);
#9031=AXIS2_PLACEMENT_3D('',#11812,#9771,#9772);
#9032=AXIS2_PLACEMENT_3D('',#11813,#9773,#9774);
#9033=AXIS2_PLACEMENT_3D('',#11814,#9775,#9776);
#9034=AXIS2_PLACEMENT_3D('',#11819,#9779,#9780);
#9035=AXIS2_PLACEMENT_3D('',#11822,#9782,#9783);
#9036=AXIS2_PLACEMENT_3D('',#11826,#9786,#9787);
#9037=AXIS2_PLACEMENT_3D('',#11831,#9790,#9791);
#9038=AXIS2_PLACEMENT_3D('',#11832,#9792,#9793);
#9039=AXIS2_PLACEMENT_3D('',#11841,#9798,#9799);
#9040=AXIS2_PLACEMENT_3D('',#11848,#9803,#9804);
#9041=AXIS2_PLACEMENT_3D('',#11852,#9806,#9807);
#9042=AXIS2_PLACEMENT_3D('',#11853,#9808,#9809);
#9043=AXIS2_PLACEMENT_3D('',#11857,#9812,#9813);
#9044=AXIS2_PLACEMENT_3D('',#11858,#9814,#9815);
#9045=AXIS2_PLACEMENT_3D('',#11861,#9817,#9818);
#9046=AXIS2_PLACEMENT_3D('',#11862,#9819,#9820);
#9047=AXIS2_PLACEMENT_3D('',#11867,#9822,#9823);
#9048=AXIS2_PLACEMENT_3D('',#11870,#9825,#9826);
#9049=AXIS2_PLACEMENT_3D('',#11875,#9830,#9831);
#9050=AXIS2_PLACEMENT_3D('',#11877,#9833,#9834);
#9051=AXIS2_PLACEMENT_3D('',#11878,#9835,#9836);
#9052=AXIS2_PLACEMENT_3D('',#11883,#9839,#9840);
#9053=AXIS2_PLACEMENT_3D('',#11892,#9845,#9846);
#9054=AXIS2_PLACEMENT_3D('',#11898,#9850,#9851);
#9055=AXIS2_PLACEMENT_3D('',#11902,#9853,#9854);
#9056=AXIS2_PLACEMENT_3D('',#11906,#9856,#9857);
#9057=AXIS2_PLACEMENT_3D('',#11907,#9858,#9859);
#9058=AXIS2_PLACEMENT_3D('',#11911,#9863,#9864);
#9059=AXIS2_PLACEMENT_3D('',#11915,#9866,#9867);
#9060=AXIS2_PLACEMENT_3D('',#11919,#9869,#9870);
#9061=AXIS2_PLACEMENT_3D('',#11920,#9871,#9872);
#9062=AXIS2_PLACEMENT_3D('',#11924,#9874,#9875);
#9063=AXIS2_PLACEMENT_3D('',#11928,#9877,#9878);
#9064=AXIS2_PLACEMENT_3D('',#11929,#9879,#9880);
#9065=AXIS2_PLACEMENT_3D('',#11935,#9884,#9885);
#9066=AXIS2_PLACEMENT_3D('',#11942,#9890,#9891);
#9067=AXIS2_PLACEMENT_3D('',#11946,#9894,#9895);
#9068=AXIS2_PLACEMENT_3D('',#11950,#9897,#9898);
#9069=AXIS2_PLACEMENT_3D('',#11954,#9900,#9901);
#9070=AXIS2_PLACEMENT_3D('',#11955,#9902,#9903);
#9071=AXIS2_PLACEMENT_3D('',#11960,#9907,#9908);
#9072=AXIS2_PLACEMENT_3D('',#11962,#9910,#9911);
#9073=AXIS2_PLACEMENT_3D('',#11971,#9916,#9917);
#9074=AXIS2_PLACEMENT_3D('',#11980,#9922,#9923);
#9075=AXIS2_PLACEMENT_3D('',#11989,#9928,#9929);
#9076=AXIS2_PLACEMENT_3D('',#11993,#9932,#9933);
#9077=AXIS2_PLACEMENT_3D('',#11996,#9935,#9936);
#9078=AXIS2_PLACEMENT_3D('',#12000,#9939,#9940);
#9079=AXIS2_PLACEMENT_3D('',#12004,#9943,#9944);
#9080=AXIS2_PLACEMENT_3D('',#12007,#9946,#9947);
#9081=AXIS2_PLACEMENT_3D('',#12008,#9948,#9949);
#9082=AXIS2_PLACEMENT_3D('',#12015,#9953,#9954);
#9083=AXIS2_PLACEMENT_3D('',#12016,#9955,#9956);
#9084=AXIS2_PLACEMENT_3D('',#12018,#9958,#9959);
#9085=AXIS2_PLACEMENT_3D('',#12027,#9964,#9965);
#9086=AXIS2_PLACEMENT_3D('',#12033,#9969,#9970);
#9087=AXIS2_PLACEMENT_3D('',#12037,#9972,#9973);
#9088=AXIS2_PLACEMENT_3D('',#12041,#9975,#9976);
#9089=AXIS2_PLACEMENT_3D('',#12042,#9977,#9978);
#9090=AXIS2_PLACEMENT_3D('',#12045,#9981,#9982);
#9091=AXIS2_PLACEMENT_3D('',#12048,#9985,#9986);
#9092=AXIS2_PLACEMENT_3D('',#12050,#9988,#9989);
#9093=AXIS2_PLACEMENT_3D('',#12059,#9994,#9995);
#9094=AXIS2_PLACEMENT_3D('',#12066,#10000,#10001);
#9095=AXIS2_PLACEMENT_3D('',#12072,#10005,#10006);
#9096=AXIS2_PLACEMENT_3D('',#12073,#10007,#10008);
#9097=AXIS2_PLACEMENT_3D('',#12078,#10010,#10011);
#9098=AXIS2_PLACEMENT_3D('',#12082,#10014,#10015);
#9099=AXIS2_PLACEMENT_3D('',#12086,#10018,#10019);
#9100=AXIS2_PLACEMENT_3D('',#12087,#10020,#10021);
#9101=AXIS2_PLACEMENT_3D('',#12091,#10023,#10024);
#9102=AXIS2_PLACEMENT_3D('',#12092,#10025,#10026);
#9103=AXIS2_PLACEMENT_3D('',#12093,#10027,#10028);
#9104=AXIS2_PLACEMENT_3D('',#12096,#10030,#10031);
#9105=AXIS2_PLACEMENT_3D('',#12100,#10033,#10034);
#9106=AXIS2_PLACEMENT_3D('',#12104,#10036,#10037);
#9107=AXIS2_PLACEMENT_3D('',#12105,#10038,#10039);
#9108=AXIS2_PLACEMENT_3D('',#12109,#10043,#10044);
#9109=AXIS2_PLACEMENT_3D('',#12113,#10046,#10047);
#9110=AXIS2_PLACEMENT_3D('',#12117,#10049,#10050);
#9111=AXIS2_PLACEMENT_3D('',#12118,#10051,#10052);
#9112=AXIS2_PLACEMENT_3D('',#12123,#10056,#10057);
#9113=AXIS2_PLACEMENT_3D('',#12127,#10060,#10061);
#9114=AXIS2_PLACEMENT_3D('',#12129,#10063,#10064);
#9115=AXIS2_PLACEMENT_3D('',#12147,#10066,#10067);
#9116=AXIS2_PLACEMENT_3D('',#12150,#10068,#10069);
#9117=AXIS2_PLACEMENT_3D('',#12152,#10070,#10071);
#9118=AXIS2_PLACEMENT_3D('',#12154,#10072,#10073);
#9119=AXIS2_PLACEMENT_3D('',#12155,#10074,#10075);
#9120=AXIS2_PLACEMENT_3D('',#12157,#10077,#10078);
#9121=AXIS2_PLACEMENT_3D('',#12160,#10080,#10081);
#9122=AXIS2_PLACEMENT_3D('',#12163,#10083,#10084);
#9123=AXIS2_PLACEMENT_3D('',#12172,#10089,#10090);
#9124=AXIS2_PLACEMENT_3D('',#12173,#10091,#10092);
#9125=AXIS2_PLACEMENT_3D('',#12177,#10094,#10095);
#9126=AXIS2_PLACEMENT_3D('',#12178,#10096,#10097);
#9127=AXIS2_PLACEMENT_3D('',#12187,#10102,#10103);
#9128=AXIS2_PLACEMENT_3D('',#12193,#10107,#10108);
#9129=AXIS2_PLACEMENT_3D('',#12201,#10113,#10114);
#9130=AXIS2_PLACEMENT_3D('',#12202,#10115,#10116);
#9131=AXIS2_PLACEMENT_3D('',#12203,#10117,#10118);
#9132=AXIS2_PLACEMENT_3D('',#12208,#10120,#10121);
#9133=AXIS2_PLACEMENT_3D('',#12211,#10123,#10124);
#9134=AXIS2_PLACEMENT_3D('',#12216,#10128,#10129);
#9135=AXIS2_PLACEMENT_3D('',#12217,#10130,#10131);
#9136=AXIS2_PLACEMENT_3D('',#12222,#10134,#10135);
#9137=AXIS2_PLACEMENT_3D('',#12225,#10137,#10138);
#9138=AXIS2_PLACEMENT_3D('',#12228,#10140,#10141);
#9139=AXIS2_PLACEMENT_3D('',#12234,#10145,#10146);
#9140=AXIS2_PLACEMENT_3D('',#12240,#10150,#10151);
#9141=AXIS2_PLACEMENT_3D('',#12250,#10158,#10159);
#9142=AXIS2_PLACEMENT_3D('',#12256,#10163,#10164);
#9143=AXIS2_PLACEMENT_3D('',#12265,#10169,#10170);
#9144=AXIS2_PLACEMENT_3D('',#12276,#10176,#10177);
#9145=AXIS2_PLACEMENT_3D('',#12279,#10179,#10180);
#9146=AXIS2_PLACEMENT_3D('',#12280,#10181,#10182);
#9147=AXIS2_PLACEMENT_3D('',#12286,#10186,#10187);
#9148=AXIS2_PLACEMENT_3D('',#12292,#10190,#10191);
#9149=AXIS2_PLACEMENT_3D('',#12293,#10192,#10193);
#9150=AXIS2_PLACEMENT_3D('',#12294,#10194,#10195);
#9151=AXIS2_PLACEMENT_3D('',#12295,#10196,#10197);
#9152=AXIS2_PLACEMENT_3D('',#12297,#10199,#10200);
#9153=AXIS2_PLACEMENT_3D('',#12301,#10203,#10204);
#9154=AXIS2_PLACEMENT_3D('',#12310,#10209,#10210);
#9155=AXIS2_PLACEMENT_3D('',#12314,#10213,#10214);
#9156=AXIS2_PLACEMENT_3D('',#12326,#10222,#10223);
#9157=AXIS2_PLACEMENT_3D('',#12327,#10224,#10225);
#9158=AXIS2_PLACEMENT_3D('',#12328,#10226,#10227);
#9159=AXIS2_PLACEMENT_3D('',#12336,#10232,#10233);
#9160=AXIS2_PLACEMENT_3D('',#12342,#10237,#10238);
#9161=AXIS2_PLACEMENT_3D('',#12348,#10242,#10243);
#9162=AXIS2_PLACEMENT_3D('',#12349,#10244,#10245);
#9163=AXIS2_PLACEMENT_3D('',#12352,#10247,#10248);
#9164=AXIS2_PLACEMENT_3D('',#12353,#10249,#10250);
#9165=AXIS2_PLACEMENT_3D('',#12357,#10252,#10253);
#9166=AXIS2_PLACEMENT_3D('',#12359,#10254,#10255);
#9167=AXIS2_PLACEMENT_3D('',#12362,#10257,#10258);
#9168=AXIS2_PLACEMENT_3D('',#12368,#10262,#10263);
#9169=AXIS2_PLACEMENT_3D('',#12372,#10266,#10267);
#9170=AXIS2_PLACEMENT_3D('',#12378,#10271,#10272);
#9171=AXIS2_PLACEMENT_3D('',#12383,#10276,#10277);
#9172=AXIS2_PLACEMENT_3D('',#12384,#10278,#10279);
#9173=AXIS2_PLACEMENT_3D('',#12388,#10282,#10283);
#9174=AXIS2_PLACEMENT_3D('',#12390,#10285,#10286);
#9175=AXIS2_PLACEMENT_3D('',#12395,#10290,#10291);
#9176=AXIS2_PLACEMENT_3D('',#12397,#10293,#10294);
#9177=AXIS2_PLACEMENT_3D('',#12534,#10295,#10296);
#9178=AXIS2_PLACEMENT_3D('',#12536,#10297,#10298);
#9179=AXIS2_PLACEMENT_3D('',#12566,#10299,#10300);
#9180=AXIS2_PLACEMENT_3D('',#12578,#10303,#10304);
#9181=AXIS2_PLACEMENT_3D('',#12584,#10308,#10309);
#9182=AXIS2_PLACEMENT_3D('',#12590,#10313,#10314);
#9183=AXIS2_PLACEMENT_3D('',#12594,#10317,#10318);
#9184=AXIS2_PLACEMENT_3D('',#12598,#10321,#10322);
#9185=AXIS2_PLACEMENT_3D('',#12600,#10324,#10325);
#9186=AXIS2_PLACEMENT_3D('',#12602,#10327,#10328);
#9187=AXIS2_PLACEMENT_3D('',#12606,#10331,#10332);
#9188=AXIS2_PLACEMENT_3D('',#12608,#10334,#10335);
#9189=AXIS2_PLACEMENT_3D('',#12629,#10336,#10337);
#9190=AXIS2_PLACEMENT_3D('',#12645,#10339,#10340);
#9191=AXIS2_PLACEMENT_3D('',#12647,#10342,#10343);
#9192=AXIS2_PLACEMENT_3D('',#12650,#10345,#10346);
#9193=AXIS2_PLACEMENT_3D('',#12651,#10347,#10348);
#9194=AXIS2_PLACEMENT_3D('',#12653,#10350,#10351);
#9195=AXIS2_PLACEMENT_3D('',#12662,#10356,#10357);
#9196=AXIS2_PLACEMENT_3D('',#12668,#10358,#10359);
#9197=AXIS2_PLACEMENT_3D('',#12669,#10360,#10361);
#9198=AXIS2_PLACEMENT_3D('',#12671,#10363,#10364);
#9199=AXIS2_PLACEMENT_3D('',#12674,#10367,#10368);
#9200=AXIS2_PLACEMENT_3D('',#12689,#10371,#10372);
#9201=AXIS2_PLACEMENT_3D('',#12690,#10373,#10374);
#9202=AXIS2_PLACEMENT_3D('',#12692,#10375,#10376);
#9203=AXIS2_PLACEMENT_3D('',#12699,#10380,#10381);
#9204=AXIS2_PLACEMENT_3D('',#12702,#10383,#10384);
#9205=AXIS2_PLACEMENT_3D('',#12710,#10386,#10387);
#9206=AXIS2_PLACEMENT_3D('',#12719,#10392,#10393);
#9207=AXIS2_PLACEMENT_3D('',#12720,#10394,#10395);
#9208=AXIS2_PLACEMENT_3D('',#12721,#10396,#10397);
#9209=AXIS2_PLACEMENT_3D('',#12731,#10399,#10400);
#9210=AXIS2_PLACEMENT_3D('',#12747,#10402,#10403);
#9211=AXIS2_PLACEMENT_3D('',#12748,#10404,#10405);
#9212=AXIS2_PLACEMENT_3D('',#12750,#10407,#10408);
#9213=AXIS2_PLACEMENT_3D('',#12756,#10412,#10413);
#9214=AXIS2_PLACEMENT_3D('',#12763,#10414,#10415);
#9215=AXIS2_PLACEMENT_3D('',#12764,#10416,#10417);
#9216=AXIS2_PLACEMENT_3D('',#12765,#10418,#10419);
#9217=AXIS2_PLACEMENT_3D('',#12774,#10421,#10422);
#9218=AXIS2_PLACEMENT_3D('',#12775,#10423,#10424);
#9219=AXIS2_PLACEMENT_3D('',#12776,#10425,#10426);
#9220=AXIS2_PLACEMENT_3D('',#12785,#10431,#10432);
#9221=AXIS2_PLACEMENT_3D('',#12799,#10434,#10435);
#9222=AXIS2_PLACEMENT_3D('',#12800,#10436,#10437);
#9223=AXIS2_PLACEMENT_3D('',#12803,#10439,#10440);
#9224=AXIS2_PLACEMENT_3D('',#12812,#10445,#10446);
#9225=AXIS2_PLACEMENT_3D('',#12821,#10451,#10452);
#9226=AXIS2_PLACEMENT_3D('',#12825,#10454,#10455);
#9227=AXIS2_PLACEMENT_3D('',#12829,#10457,#10458);
#9228=AXIS2_PLACEMENT_3D('',#12830,#10459,#10460);
#9229=AXIS2_PLACEMENT_3D('',#12839,#10465,#10466);
#9230=AXIS2_PLACEMENT_3D('',#12845,#10470,#10471);
#9231=AXIS2_PLACEMENT_3D('',#12848,#10473,#10474);
#9232=AXIS2_PLACEMENT_3D('',#12852,#10477,#10478);
#9233=AXIS2_PLACEMENT_3D('',#12853,#10479,#10480);
#9234=AXIS2_PLACEMENT_3D('',#12856,#10482,#10483);
#9235=AXIS2_PLACEMENT_3D('',#12865,#10488,#10489);
#9236=AXIS2_PLACEMENT_3D('',#12869,#10492,#10493);
#9237=AXIS2_PLACEMENT_3D('',#12873,#10495,#10496);
#9238=AXIS2_PLACEMENT_3D('',#12874,#10497,#10498);
#9239=AXIS2_PLACEMENT_3D('',#12878,#10501,#10502);
#9240=AXIS2_PLACEMENT_3D('',#12879,#10503,#10504);
#9241=AXIS2_PLACEMENT_3D('',#12883,#10506,#10507);
#9242=AXIS2_PLACEMENT_3D('',#12884,#10508,#10509);
#9243=AXIS2_PLACEMENT_3D('',#12893,#10514,#10515);
#9244=AXIS2_PLACEMENT_3D('',#12897,#10518,#10519);
#9245=AXIS2_PLACEMENT_3D('',#12900,#10521,#10522);
#9246=AXIS2_PLACEMENT_3D('',#12904,#10525,#10526);
#9247=AXIS2_PLACEMENT_3D('',#12905,#10527,#10528);
#9248=AXIS2_PLACEMENT_3D('',#12908,#10530,#10531);
#9249=AXIS2_PLACEMENT_3D('',#12909,#10532,#10533);
#9250=AXIS2_PLACEMENT_3D('',#12916,#10537,#10538);
#9251=AXIS2_PLACEMENT_3D('',#12918,#10540,#10541);
#9252=AXIS2_PLACEMENT_3D('',#12919,#10542,#10543);
#9253=AXIS2_PLACEMENT_3D('',#12922,#10545,#10546);
#9254=AXIS2_PLACEMENT_3D('',#12925,#10549,#10550);
#9255=AXIS2_PLACEMENT_3D('',#12927,#10552,#10553);
#9256=AXIS2_PLACEMENT_3D('',#12930,#10555,#10556);
#9257=AXIS2_PLACEMENT_3D('',#12931,#10557,#10558);
#9258=AXIS2_PLACEMENT_3D('',#12934,#10561,#10562);
#9259=AXIS2_PLACEMENT_3D('',#12936,#10564,#10565);
#9260=AXIS2_PLACEMENT_3D('',#12945,#10570,#10571);
#9261=AXIS2_PLACEMENT_3D('',#12954,#10576,#10577);
#9262=AXIS2_PLACEMENT_3D('',#12963,#10582,#10583);
#9263=AXIS2_PLACEMENT_3D('',#12967,#10585,#10586);
#9264=AXIS2_PLACEMENT_3D('',#12971,#10588,#10589);
#9265=AXIS2_PLACEMENT_3D('',#12972,#10590,#10591);
#9266=AXIS2_PLACEMENT_3D('',#12978,#10595,#10596);
#9267=AXIS2_PLACEMENT_3D('',#12984,#10600,#10601);
#9268=AXIS2_PLACEMENT_3D('',#12989,#10605,#10606);
#9269=AXIS2_PLACEMENT_3D('',#12995,#10610,#10611);
#9270=AXIS2_PLACEMENT_3D('',#13002,#10616,#10617);
#9271=AXIS2_PLACEMENT_3D('',#13003,#10618,#10619);
#9272=AXIS2_PLACEMENT_3D('',#13007,#10621,#10622);
#9273=AXIS2_PLACEMENT_3D('',#13008,#10623,#10624);
#9274=AXIS2_PLACEMENT_3D('',#13011,#10626,#10627);
#9275=AXIS2_PLACEMENT_3D('',#13014,#10629,#10630);
#9276=AXIS2_PLACEMENT_3D('',#13018,#10633,#10634);
#9277=AXIS2_PLACEMENT_3D('',#13021,#10636,#10637);
#9278=AXIS2_PLACEMENT_3D('',#13022,#10638,#10639);
#9279=AXIS2_PLACEMENT_3D('',#13024,#10641,#10642);
#9280=AXIS2_PLACEMENT_3D('',#13033,#10647,#10648);
#9281=AXIS2_PLACEMENT_3D('',#13037,#10651,#10652);
#9282=AXIS2_PLACEMENT_3D('',#13041,#10654,#10655);
#9283=AXIS2_PLACEMENT_3D('',#13042,#10656,#10657);
#9284=AXIS2_PLACEMENT_3D('',#13046,#10660,#10661);
#9285=AXIS2_PLACEMENT_3D('',#13047,#10662,#10663);
#9286=AXIS2_PLACEMENT_3D('',#13051,#10665,#10666);
#9287=AXIS2_PLACEMENT_3D('',#13052,#10667,#10668);
#9288=AXIS2_PLACEMENT_3D('',#13061,#10673,#10674);
#9289=AXIS2_PLACEMENT_3D('',#13065,#10677,#10678);
#9290=AXIS2_PLACEMENT_3D('',#13068,#10680,#10681);
#9291=AXIS2_PLACEMENT_3D('',#13072,#10684,#10685);
#9292=AXIS2_PLACEMENT_3D('',#13073,#10686,#10687);
#9293=AXIS2_PLACEMENT_3D('',#13076,#10689,#10690);
#9294=AXIS2_PLACEMENT_3D('',#13080,#10692,#10693);
#9295=AXIS2_PLACEMENT_3D('',#13084,#10695,#10696);
#9296=AXIS2_PLACEMENT_3D('',#13085,#10697,#10698);
#9297=AXIS2_PLACEMENT_3D('',#13093,#10703,#10704);
#9298=AXIS2_PLACEMENT_3D('',#13094,#10705,#10706);
#9299=AXIS2_PLACEMENT_3D('',#13098,#10709,#10710);
#9300=AXIS2_PLACEMENT_3D('',#13099,#10711,#10712);
#9301=AXIS2_PLACEMENT_3D('',#13102,#10714,#10715);
#9302=AXIS2_PLACEMENT_3D('',#13105,#10718,#10719);
#9303=AXIS2_PLACEMENT_3D('',#13107,#10721,#10722);
#9304=AXIS2_PLACEMENT_3D('',#13108,#10723,#10724);
#9305=AXIS2_PLACEMENT_3D('',#13111,#10726,#10727);
#9306=AXIS2_PLACEMENT_3D('',#13114,#10730,#10731);
#9307=AXIS2_PLACEMENT_3D('',#13116,#10733,#10734);
#9308=AXIS2_PLACEMENT_3D('',#13119,#10736,#10737);
#9309=AXIS2_PLACEMENT_3D('',#13120,#10738,#10739);
#9310=AXIS2_PLACEMENT_3D('',#13122,#10741,#10742);
#9311=AXIS2_PLACEMENT_3D('',#13126,#10745,#10746);
#9312=AXIS2_PLACEMENT_3D('',#13130,#10749,#10750);
#9313=AXIS2_PLACEMENT_3D('',#13133,#10753,#10754);
#9314=AXIS2_PLACEMENT_3D('',#13135,#10756,#10757);
#9315=AXIS2_PLACEMENT_3D('',#13139,#10761,#10762);
#9316=AXIS2_PLACEMENT_3D('',#13140,#10763,#10764);
#9317=AXIS2_PLACEMENT_3D('',#13143,#10766,#10767);
#9318=AXIS2_PLACEMENT_3D('',#13147,#10770,#10771);
#9319=AXIS2_PLACEMENT_3D('',#13148,#10772,#10773);
#9320=AXIS2_PLACEMENT_3D('',#13157,#10778,#10779);
#9321=AXIS2_PLACEMENT_3D('',#13164,#10783,#10784);
#9322=AXIS2_PLACEMENT_3D('',#13168,#10786,#10787);
#9323=AXIS2_PLACEMENT_3D('',#13169,#10788,#10789);
#9324=AXIS2_PLACEMENT_3D('',#13173,#10792,#10793);
#9325=AXIS2_PLACEMENT_3D('',#13174,#10794,#10795);
#9326=AXIS2_PLACEMENT_3D('',#13179,#10797,#10798);
#9327=AXIS2_PLACEMENT_3D('',#13182,#10800,#10801);
#9328=AXIS2_PLACEMENT_3D('',#13191,#10806,#10807);
#9329=AXIS2_PLACEMENT_3D('',#13197,#10811,#10812);
#9330=AXIS2_PLACEMENT_3D('',#13200,#10814,#10815);
#9331=AXIS2_PLACEMENT_3D('',#13204,#10818,#10819);
#9332=AXIS2_PLACEMENT_3D('',#13205,#10820,#10821);
#9333=AXIS2_PLACEMENT_3D('',#13210,#10823,#10824);
#9334=AXIS2_PLACEMENT_3D('',#13213,#10826,#10827);
#9335=AXIS2_PLACEMENT_3D('',#13214,#10828,#10829);
#9336=AXIS2_PLACEMENT_3D('',#13217,#10831,#10832);
#9337=AXIS2_PLACEMENT_3D('',#13222,#10836,#10837);
#9338=AXIS2_PLACEMENT_3D('',#13224,#10839,#10840);
#9339=AXIS2_PLACEMENT_3D('',#13225,#10841,#10842);
#9340=AXIS2_PLACEMENT_3D('',#13228,#10844,#10845);
#9341=AXIS2_PLACEMENT_3D('',#13233,#10849,#10850);
#9342=AXIS2_PLACEMENT_3D('',#13235,#10852,#10853);
#9343=AXIS2_PLACEMENT_3D('',#13238,#10856,#10857);
#9344=AXIS2_PLACEMENT_3D('',#13246,#10862,#10863);
#9345=AXIS2_PLACEMENT_3D('',#13248,#10865,#10866);
#9346=AXIS2_PLACEMENT_3D('',#13250,#10868,#10869);
#9347=AXIS2_PLACEMENT_3D('',#13251,#10870,#10871);
#9348=AXIS2_PLACEMENT_3D('',#13259,#10876,#10877);
#9349=AXIS2_PLACEMENT_3D('',#13264,#10881,#10882);
#9350=AXIS2_PLACEMENT_3D('',#13267,#10884,#10885);
#9351=AXIS2_PLACEMENT_3D('',#13268,#10886,#10887);
#9352=AXIS2_PLACEMENT_3D('',#13270,#10889,#10890);
#9353=AXIS2_PLACEMENT_3D('',#13272,#10892,#10893);
#9354=AXIS2_PLACEMENT_3D('',#13274,#10895,#10896);
#9355=AXIS2_PLACEMENT_3D('',#13275,#10897,#10898);
#9356=AXIS2_PLACEMENT_3D('',#13278,#10900,#10901);
#9357=AXIS2_PLACEMENT_3D('',#13287,#10906,#10907);
#9358=AXIS2_PLACEMENT_3D('',#13291,#10910,#10911);
#9359=AXIS2_PLACEMENT_3D('',#13294,#10913,#10914);
#9360=AXIS2_PLACEMENT_3D('',#13298,#10917,#10918);
#9361=AXIS2_PLACEMENT_3D('',#13307,#10923,#10924);
#9362=AXIS2_PLACEMENT_3D('',#13308,#10925,#10926);
#9363=AXIS2_PLACEMENT_3D('',#13310,#10927,#10928);
#9364=AXIS2_PLACEMENT_3D('',#13313,#10930,#10931);
#9365=AXIS2_PLACEMENT_3D('',#13317,#10934,#10935);
#9366=AXIS2_PLACEMENT_3D('',#13320,#10937,#10938);
#9367=AXIS2_PLACEMENT_3D('',#13324,#10941,#10942);
#9368=AXIS2_PLACEMENT_3D('',#13328,#10945,#10946);
#9369=AXIS2_PLACEMENT_3D('',#13331,#10948,#10949);
#9370=AXIS2_PLACEMENT_3D('',#13335,#10951,#10952);
#9371=AXIS2_PLACEMENT_3D('',#13336,#10953,#10954);
#9372=AXIS2_PLACEMENT_3D('',#13338,#10956,#10957);
#9373=AXIS2_PLACEMENT_3D('',#13339,#10958,#10959);
#9374=AXIS2_PLACEMENT_3D('',#13342,#10961,#10962);
#9375=AXIS2_PLACEMENT_3D('',#13345,#10965,#10966);
#9376=AXIS2_PLACEMENT_3D('',#13347,#10968,#10969);
#9377=AXIS2_PLACEMENT_3D('',#13393,#10995,#10996);
#9378=AXIS2_PLACEMENT_3D('',#13402,#11001,#11002);
#9379=AXIS2_PLACEMENT_3D('',#13405,#11005,#11006);
#9380=AXIS2_PLACEMENT_3D('',#13423,#11019,#11020);
#9381=AXIS2_PLACEMENT_3D('',#13425,#11022,#11023);
#9382=AXIS2_PLACEMENT_3D('',#13426,#11024,#11025);
#9383=AXIS2_PLACEMENT_3D('',#13427,#11026,#11027);
#9384=AXIS2_PLACEMENT_3D('',#13428,#11028,#11029);
#9385=AXIS2_PLACEMENT_3D('',#13429,#11030,#11031);
#9386=AXIS2_PLACEMENT_3D('',#13431,#11033,#11034);
#9387=AXIS2_PLACEMENT_3D('',#13437,#11038,#11039);
#9388=AXIS2_PLACEMENT_3D('',#13445,#11044,#11045);
#9389=AXIS2_PLACEMENT_3D('',#13453,#11048,#11049);
#9390=AXIS2_PLACEMENT_3D('',#13457,#11051,#11052);
#9391=AXIS2_PLACEMENT_3D('',#13460,#11054,#11055);
#9392=AXIS2_PLACEMENT_3D('',#13474,#11063,#11064);
#9393=AXIS2_PLACEMENT_3D('',#13476,#11066,#11067);
#9394=AXIS2_PLACEMENT_3D('',#13479,#11069,#11070);
#9395=AXIS2_PLACEMENT_3D('',#13483,#11072,#11073);
#9396=AXIS2_PLACEMENT_3D('',#13491,#11074,#11075);
#9397=AXIS2_PLACEMENT_3D('',#13501,#11081,#11082);
#9398=AXIS2_PLACEMENT_3D('',#13510,#11087,#11088);
#9399=AXIS2_PLACEMENT_3D('',#13585,#11092,#11093);
#9400=AXIS2_PLACEMENT_3D('',#13588,#11094,#11095);
#9401=AXIS2_PLACEMENT_3D('',#13590,#11096,#11097);
#9402=AXIS2_PLACEMENT_3D('',#13592,#11098,#11099);
#9403=AXIS2_PLACEMENT_3D('',#13593,#11100,#11101);
#9404=AXIS2_PLACEMENT_3D('',#13602,#11106,#11107);
#9405=AXIS2_PLACEMENT_3D('',#13608,#11111,#11112);
#9406=AXIS2_PLACEMENT_3D('',#13609,#11113,#11114);
#9407=AXIS2_PLACEMENT_3D('',#13610,#11115,#11116);
#9408=AXIS2_PLACEMENT_3D('',#13617,#11120,#11121);
#9409=AXIS2_PLACEMENT_3D('',#13620,#11123,#11124);
#9410=AXIS2_PLACEMENT_3D('',#13638,#11126,#11127);
#9411=AXIS2_PLACEMENT_3D('',#13641,#11129,#11130);
#9412=AXIS2_PLACEMENT_3D('',#13643,#11131,#11132);
#9413=AXIS2_PLACEMENT_3D('',#13647,#11134,#11135);
#9414=AXIS2_PLACEMENT_3D('',#13648,#11136,#11137);
#9415=AXIS2_PLACEMENT_3D('',#13649,#11138,#11139);
#9416=AXIS2_PLACEMENT_3D('',#13666,#11148,#11149);
#9417=AXIS2_PLACEMENT_3D('',#13672,#11153,#11154);
#9418=AXIS2_PLACEMENT_3D('',#13678,#11158,#11159);
#9419=AXIS2_PLACEMENT_3D('',#13687,#11164,#11165);
#9420=AXIS2_PLACEMENT_3D('',#13688,#11166,#11167);
#9421=AXIS2_PLACEMENT_3D('',#13689,#11168,#11169);
#9422=AXIS2_PLACEMENT_3D('',#13693,#11172,#11173);
#9423=AXIS2_PLACEMENT_3D('',#13694,#11174,#11175);
#9424=AXIS2_PLACEMENT_3D('',#13695,#11176,#11177);
#9425=AXIS2_PLACEMENT_3D('',#13698,#11180,#11181);
#9426=AXIS2_PLACEMENT_3D('',#13704,#11184,#11185);
#9427=AXIS2_PLACEMENT_3D('',#13721,#11186,#11187);
#9428=AXIS2_PLACEMENT_3D('',#13724,#11188,#11189);
#9429=AXIS2_PLACEMENT_3D('',#13726,#11190,#11191);
#9430=AXIS2_PLACEMENT_3D('',#13728,#11192,#11193);
#9431=AXIS2_PLACEMENT_3D('',#13729,#11194,#11195);
#9432=AXIS2_PLACEMENT_3D('',#13732,#11197,#11198);
#9433=AXIS2_PLACEMENT_3D('',#13736,#11200,#11201);
#9434=AXIS2_PLACEMENT_3D('',#13738,#11202,#11203);
#9435=AXIS2_PLACEMENT_3D('',#13739,#11204,#11205);
#9436=AXIS2_PLACEMENT_3D('',#13742,#11207,#11208);
#9437=AXIS2_PLACEMENT_3D('',#13755,#11209,#11210);
#9438=AXIS2_PLACEMENT_3D('',#13761,#11214,#11215);
#9439=AXIS2_PLACEMENT_3D('',#13769,#11220,#11221);
#9440=AXIS2_PLACEMENT_3D('',#13770,#11222,#11223);
#9441=AXIS2_PLACEMENT_3D('',#13772,#11225,#11226);
#9442=AXIS2_PLACEMENT_3D('',#13778,#11230,#11231);
#9443=AXIS2_PLACEMENT_3D('',#13779,#11232,#11233);
#9444=AXIS2_PLACEMENT_3D('',#13786,#11235,#11236);
#9445=AXIS2_PLACEMENT_3D('',#13790,#11239,#11240);
#9446=AXIS2_PLACEMENT_3D('',#13791,#11241,#11242);
#9447=AXIS2_PLACEMENT_3D('',#13792,#11243,#11244);
#9448=AXIS2_PLACEMENT_3D('',#13796,#11246,#11247);
#9449=AXIS2_PLACEMENT_3D('',#13797,#11248,#11249);
#9450=AXIS2_PLACEMENT_3D('',#13798,#11250,#11251);
#9451=AXIS2_PLACEMENT_3D('',#13799,#11252,#11253);
#9452=AXIS2_PLACEMENT_3D('',#13800,#11254,#11255);
#9453=AXIS2_PLACEMENT_3D('',#13813,#11262,#11263);
#9454=AXIS2_PLACEMENT_3D('',#13817,#11267,#11268);
#9455=AXIS2_PLACEMENT_3D('',#13818,#11269,#11270);
#9456=AXIS2_PLACEMENT_3D('',#13819,#11271,#11272);
#9457=AXIS2_PLACEMENT_3D('',#13820,#11273,#11274);
#9458=AXIS2_PLACEMENT_3D('',#13823,#11276,#11277);
#9459=AXIS2_PLACEMENT_3D('',#13824,#11278,#11279);
#9460=AXIS2_PLACEMENT_3D('',#13825,#11280,#11281);
#9461=AXIS2_PLACEMENT_3D('',#13826,#11282,#11283);
#9462=AXIS2_PLACEMENT_3D('',#13832,#11287,#11288);
#9463=AXIS2_PLACEMENT_3D('',#13833,#11289,#11290);
#9464=AXIS2_PLACEMENT_3D('',#13838,#11292,#11293);
#9465=AXIS2_PLACEMENT_3D('',#13841,#11295,#11296);
#9466=AXIS2_PLACEMENT_3D('',#13843,#11298,#11299);
#9467=AXIS2_PLACEMENT_3D('',#13852,#11304,#11305);
#9468=AXIS2_PLACEMENT_3D('',#13858,#11309,#11310);
#9469=AXIS2_PLACEMENT_3D('',#13862,#11312,#11313);
#9470=AXIS2_PLACEMENT_3D('',#13863,#11314,#11315);
#9471=AXIS2_PLACEMENT_3D('',#13864,#11316,#11317);
#9472=AXIS2_PLACEMENT_3D('',#13865,#11318,#11319);
#9473=AXIS2_PLACEMENT_3D('',#13866,#11320,#11321);
#9474=AXIS2_PLACEMENT_3D('',#13873,#11326,#11327);
#9475=AXIS2_PLACEMENT_3D('',#13874,#11328,#11329);
#9476=AXIS2_PLACEMENT_3D('',#13875,#11330,#11331);
#9477=AXIS2_PLACEMENT_3D('',#13876,#11332,#11333);
#9478=AXIS2_PLACEMENT_3D('',#13880,#11337,#11338);
#9479=AXIS2_PLACEMENT_3D('',#13882,#11340,#11341);
#9480=AXIS2_PLACEMENT_3D('',#13888,#11345,#11346);
#9481=AXIS2_PLACEMENT_3D('',#13891,#11349,#11350);
#9482=AXIS2_PLACEMENT_3D('',#13892,#11351,#11352);
#9483=AXIS2_PLACEMENT_3D('',#13893,#11353,#11354);
#9484=AXIS2_PLACEMENT_3D('',#13899,#11358,#11359);
#9485=AXIS2_PLACEMENT_3D('',#13900,#11360,#11361);
#9486=AXIS2_PLACEMENT_3D('',#13905,#11363,#11364);
#9487=AXIS2_PLACEMENT_3D('',#13908,#11366,#11367);
#9488=AXIS2_PLACEMENT_3D('',#13909,#11368,#11369);
#9489=AXIS2_PLACEMENT_3D('',#13915,#11374,#11375);
#9490=AXIS2_PLACEMENT_3D('',#13919,#11378,#11379);
#9491=AXIS2_PLACEMENT_3D('',#13922,#11382,#11383);
#9492=AXIS2_PLACEMENT_3D('',#13928,#11387,#11388);
#9493=AXIS2_PLACEMENT_3D('',#13932,#11391,#11392);
#9494=AXIS2_PLACEMENT_3D('',#13934,#11394,#11395);
#9495=AXIS2_PLACEMENT_3D('',#13962,#11398,#11399);
#9496=AXIS2_PLACEMENT_3D('',#13963,#11400,#11401);
#9497=AXIS2_PLACEMENT_3D('',#13965,#11403,#11404);
#9498=AXIS2_PLACEMENT_3D('',#13966,#11405,#11406);
#9499=AXIS2_PLACEMENT_3D('',#13967,#11407,#11408);
#9500=AXIS2_PLACEMENT_3D('',#13971,#11411,#11412);
#9501=AXIS2_PLACEMENT_3D('',#13977,#11414,#11415);
#9502=AXIS2_PLACEMENT_3D('',#13981,#11418,#11419);
#9503=AXIS2_PLACEMENT_3D('',#13982,#11420,#11421);
#9504=AXIS2_PLACEMENT_3D('',#13986,#11424,#11425);
#9505=AXIS2_PLACEMENT_3D('',#13987,#11426,#11427);
#9506=AXIS2_PLACEMENT_3D('',#13988,#11428,#11429);
#9507=AXIS2_PLACEMENT_3D('',#13989,#11430,#11431);
#9508=AXIS2_PLACEMENT_3D('',#14000,#11439,#11440);
#9509=AXIS2_PLACEMENT_3D('',#14006,#11444,#11445);
#9510=AXIS2_PLACEMENT_3D('',#14008,#11447,#11448);
#9511=AXIS2_PLACEMENT_3D('',#14010,#11450,#11451);
#9512=AXIS2_PLACEMENT_3D('',#14016,#11455,#11456);
#9513=AXIS2_PLACEMENT_3D('',#14018,#11458,#11459);
#9514=AXIS2_PLACEMENT_3D('',#14020,#11461,#11462);
#9515=AXIS2_PLACEMENT_3D('',#14022,#11464,#11465);
#9516=AXIS2_PLACEMENT_3D('',#14025,#11467,#11468);
#9517=AXIS2_PLACEMENT_3D('',#14026,#11469,#11470);
#9518=AXIS2_PLACEMENT_3D('',#14027,#11471,#11472);
#9519=AXIS2_PLACEMENT_3D('',#14036,#11477,#11478);
#9520=AXIS2_PLACEMENT_3D('',#14045,#11479,#11480);
#9521=AXIS2_PLACEMENT_3D('',#14048,#11483,#11484);
#9522=AXIS2_PLACEMENT_3D('',#14050,#11486,#11487);
#9523=AXIS2_PLACEMENT_3D('',#14052,#11489,#11490);
#9524=AXIS2_PLACEMENT_3D('',#14053,#11491,#11492);
#9525=AXIS2_PLACEMENT_3D('',#14074,#11496,#11497);
#9526=AXIS2_PLACEMENT_3D('',#14076,#11499,#11500);
#9527=AXIS2_PLACEMENT_3D('',#14078,#11502,#11503);
#9528=AXIS2_PLACEMENT_3D('',#14079,#11504,#11505);
#9529=AXIS2_PLACEMENT_3D('',#14081,#11507,#11508);
#9530=AXIS2_PLACEMENT_3D('',#14082,#11509,#11510);
#9531=AXIS2_PLACEMENT_3D('',#14086,#11513,#11514);
#9532=AXIS2_PLACEMENT_3D('',#14087,#11515,#11516);
#9533=AXIS2_PLACEMENT_3D('',#14088,#11517,#11518);
#9534=AXIS2_PLACEMENT_3D('',#14090,#11520,#11521);
#9535=AXIS2_PLACEMENT_3D('',#14092,#11523,#11524);
#9536=AXIS2_PLACEMENT_3D('',#14097,#11528,#11529);
#9537=AXIS2_PLACEMENT_3D('',#14099,#11531,#11532);
#9538=AXIS2_PLACEMENT_3D('',#14101,#11534,#11535);
#9539=AXIS2_PLACEMENT_3D('',#14106,#11539,#11540);
#9540=AXIS2_PLACEMENT_3D('',#14107,#11541,#11542);
#9541=AXIS2_PLACEMENT_3D('',#14108,#11543,#11544);
#9542=AXIS2_PLACEMENT_3D('',#14113,#11548,#11549);
#9543=AXIS2_PLACEMENT_3D('',#14114,#11550,#11551);
#9544=AXIS2_PLACEMENT_3D('',#14115,#11552,#11553);
#9545=AXIS2_PLACEMENT_3D('',#14116,#11554,#11555);
#9546=AXIS2_PLACEMENT_3D('',#14117,#11556,#11557);
#9547=AXIS2_PLACEMENT_3D('',#14118,#11558,#11559);
#9548=AXIS2_PLACEMENT_3D('',#14119,#11560,#11561);
#9549=AXIS2_PLACEMENT_3D('',#14120,#11562,#11563);
#9550=DIRECTION('',(0.,0.,1.));
#9551=DIRECTION('',(1.,0.,0.));
#9552=DIRECTION('',(0.,1.,0.));
#9553=DIRECTION('',(-1.,0.,0.));
#9554=DIRECTION('',(0.,1.,0.));
#9555=DIRECTION('',(0.,1.,0.));
#9556=DIRECTION('',(-1.,0.,0.));
#9557=DIRECTION('',(0.,1.,0.));
#9558=DIRECTION('',(0.,1.,0.));
#9559=DIRECTION('',(-1.,0.,0.));
#9560=DIRECTION('',(0.,0.,-1.));
#9561=DIRECTION('',(-1.,0.,0.));
#9562=DIRECTION('',(-1.,0.,0.));
#9563=DIRECTION('',(0.,-1.,0.));
#9564=DIRECTION('',(-1.,0.,0.));
#9565=DIRECTION('',(0.,-1.,0.));
#9566=DIRECTION('',(0.,0.,-1.));
#9567=DIRECTION('',(-1.,0.,0.));
#9568=DIRECTION('',(-1.,0.,0.));
#9569=DIRECTION('',(0.,1.,0.));
#9570=DIRECTION('',(-1.,0.,0.));
#9571=DIRECTION('',(0.,-1.,0.));
#9572=DIRECTION('',(0.,1.,0.));
#9573=DIRECTION('',(-1.,0.,0.));
#9574=DIRECTION('',(0.,1.,0.));
#9575=DIRECTION('',(-1.,0.,0.));
#9576=DIRECTION('',(0.,1.,0.));
#9577=DIRECTION('',(0.,1.,0.));
#9578=DIRECTION('',(-1.,0.,0.));
#9579=DIRECTION('',(0.,1.,0.));
#9580=DIRECTION('',(0.,1.,0.));
#9581=DIRECTION('',(-1.,0.,0.));
#9582=DIRECTION('',(0.,1.,0.));
#9583=DIRECTION('',(-1.,0.,0.));
#9584=DIRECTION('',(0.,1.,0.));
#9585=DIRECTION('',(0.,1.,0.));
#9586=DIRECTION('',(-1.,0.,0.));
#9587=DIRECTION('',(0.,0.,-1.));
#9588=DIRECTION('',(-1.,0.,0.));
#9589=DIRECTION('',(1.,0.,0.));
#9590=DIRECTION('',(0.,1.,0.));
#9591=DIRECTION('',(1.,0.,0.));
#9592=DIRECTION('',(0.,1.,0.));
#9593=DIRECTION('',(0.,1.,0.));
#9594=DIRECTION('',(-1.,0.,0.));
#9595=DIRECTION('',(1.,0.,0.));
#9596=DIRECTION('',(0.,0.,-1.));
#9597=DIRECTION('',(1.,0.,0.));
#9598=DIRECTION('',(0.,-1.,0.));
#9599=DIRECTION('',(1.,0.,0.));
#9600=DIRECTION('',(0.,1.,0.));
#9601=DIRECTION('',(-1.,0.,0.));
#9602=DIRECTION('',(-1.,0.,0.));
#9603=DIRECTION('',(0.,0.,-1.));
#9604=DIRECTION('',(1.,0.,0.));
#9605=DIRECTION('',(0.,0.,-1.));
#9606=DIRECTION('',(0.,0.,-1.));
#9607=DIRECTION('',(-1.,0.,0.));
#9608=DIRECTION('',(-1.,0.,0.));
#9609=DIRECTION('',(0.,-1.,0.));
#9610=DIRECTION('',(-1.,0.,0.));
#9611=DIRECTION('',(0.,1.,0.));
#9612=DIRECTION('',(0.,0.,-1.));
#9613=DIRECTION('',(-1.,0.,0.));
#9614=DIRECTION('',(1.,0.,0.));
#9615=DIRECTION('',(0.,1.,0.));
#9616=DIRECTION('',(0.,-1.,0.));
#9617=DIRECTION('',(1.,0.,0.));
#9618=DIRECTION('',(1.,0.,0.));
#9619=DIRECTION('',(1.,0.,0.));
#9620=DIRECTION('',(0.,0.,1.));
#9621=DIRECTION('',(0.,1.,0.));
#9622=DIRECTION('',(-1.,0.,0.));
#9623=DIRECTION('',(1.,0.,0.));
#9624=DIRECTION('',(0.,0.,-1.));
#9625=DIRECTION('',(-1.,0.,0.));
#9626=DIRECTION('',(1.,0.,0.));
#9627=DIRECTION('',(0.,1.,0.));
#9628=DIRECTION('',(-1.,0.,0.));
#9629=DIRECTION('',(0.,1.,0.));
#9630=DIRECTION('',(-1.,0.,0.));
#9631=DIRECTION('',(0.,1.,0.));
#9632=DIRECTION('',(-1.,0.,0.));
#9633=DIRECTION('',(0.,1.,0.));
#9634=DIRECTION('',(0.,1.,0.));
#9635=DIRECTION('',(0.,0.,-1.));
#9636=DIRECTION('',(-1.,0.,0.));
#9637=DIRECTION('',(1.,0.,0.));
#9638=DIRECTION('',(0.,1.,0.));
#9639=DIRECTION('',(1.,0.,0.));
#9640=DIRECTION('',(0.,0.,-1.));
#9641=DIRECTION('',(0.,1.,0.));
#9642=DIRECTION('',(0.,0.,1.));
#9643=DIRECTION('',(0.,-1.,0.));
#9644=DIRECTION('',(0.,0.,1.));
#9645=DIRECTION('',(0.,0.,-1.));
#9646=DIRECTION('',(-1.,0.,0.));
#9647=DIRECTION('',(-1.,0.,0.));
#9648=DIRECTION('',(0.,1.,0.));
#9649=DIRECTION('',(1.,0.,0.));
#9650=DIRECTION('',(0.,-1.,0.));
#9651=DIRECTION('',(1.,0.,0.));
#9652=DIRECTION('',(1.,0.,0.));
#9653=DIRECTION('',(0.,1.,0.));
#9654=DIRECTION('',(-1.,0.,0.));
#9655=DIRECTION('',(1.,0.,0.));
#9656=DIRECTION('',(0.,1.,0.));
#9657=DIRECTION('',(-1.,0.,0.));
#9658=DIRECTION('',(0.,1.,0.));
#9659=DIRECTION('',(0.,1.,0.));
#9660=DIRECTION('',(-1.,0.,0.));
#9661=DIRECTION('',(0.,1.,0.));
#9662=DIRECTION('',(-1.,0.,0.));
#9663=DIRECTION('',(-1.,0.,0.));
#9664=DIRECTION('',(-1.,0.,0.));
#9665=DIRECTION('',(1.,0.,0.));
#9666=DIRECTION('',(0.,1.,0.));
#9667=DIRECTION('',(-1.,0.,0.));
#9668=DIRECTION('',(0.,0.,-1.));
#9669=DIRECTION('',(-1.,0.,0.));
#9670=DIRECTION('',(1.,0.,0.));
#9671=DIRECTION('',(0.,-1.,0.));
#9672=DIRECTION('',(0.,1.,0.));
#9673=DIRECTION('',(1.,0.,0.));
#9674=DIRECTION('',(0.,0.,-1.));
#9675=DIRECTION('',(0.,1.,0.));
#9676=DIRECTION('',(0.,0.,1.));
#9677=DIRECTION('',(0.,-1.,0.));
#9678=DIRECTION('',(0.,0.,-1.));
#9679=DIRECTION('',(0.,-1.,0.));
#9680=DIRECTION('',(1.,0.,0.));
#9681=DIRECTION('',(0.,1.,0.));
#9682=DIRECTION('',(-1.,0.,0.));
#9683=DIRECTION('',(1.,0.,0.));
#9684=DIRECTION('',(0.,1.,0.));
#9685=DIRECTION('',(-1.,0.,0.));
#9686=DIRECTION('',(-1.,0.,0.));
#9687=DIRECTION('',(1.,0.,0.));
#9688=DIRECTION('',(0.,1.,0.));
#9689=DIRECTION('',(-1.,0.,0.));
#9690=DIRECTION('',(0.,1.,0.));
#9691=DIRECTION('',(0.,1.,0.));
#9692=DIRECTION('',(0.,1.,0.));
#9693=DIRECTION('',(-1.,0.,0.));
#9694=DIRECTION('',(1.,0.,0.));
#9695=DIRECTION('',(0.,0.,-1.));
#9696=DIRECTION('',(0.,1.,0.));
#9697=DIRECTION('',(0.,0.,1.));
#9698=DIRECTION('',(0.,1.,0.));
#9699=DIRECTION('',(0.,0.,1.));
#9700=DIRECTION('',(0.,0.,-1.));
#9701=DIRECTION('',(-1.,0.,0.));
#9702=DIRECTION('',(1.,0.,0.));
#9703=DIRECTION('',(0.,1.,0.));
#9704=DIRECTION('',(1.,0.,0.));
#9705=DIRECTION('',(1.,0.,0.));
#9706=DIRECTION('',(0.,0.,-1.));
#9707=DIRECTION('',(0.,1.,0.));
#9708=DIRECTION('',(0.,0.,1.));
#9709=DIRECTION('',(0.,1.,0.));
#9710=DIRECTION('',(0.,0.,1.));
#9711=DIRECTION('',(0.,1.,0.));
#9712=DIRECTION('',(-1.,0.,0.));
#9713=DIRECTION('',(0.,1.,0.));
#9714=DIRECTION('',(-1.,0.,0.));
#9715=DIRECTION('',(0.,-1.,0.));
#9716=DIRECTION('',(0.,1.,0.));
#9717=DIRECTION('',(-1.,0.,0.));
#9718=DIRECTION('',(0.,1.,0.));
#9719=DIRECTION('',(1.,0.,0.));
#9720=DIRECTION('',(0.,0.,-1.));
#9721=DIRECTION('',(0.,1.,0.));
#9722=DIRECTION('',(0.,0.,1.));
#9723=DIRECTION('',(0.,-1.,0.));
#9724=DIRECTION('',(0.,0.,1.));
#9725=DIRECTION('',(0.,0.,-1.));
#9726=DIRECTION('',(-1.,0.,0.));
#9727=DIRECTION('',(1.,0.,0.));
#9728=DIRECTION('',(0.,1.,0.));
#9729=DIRECTION('',(-1.,0.,0.));
#9730=DIRECTION('',(0.,1.,0.));
#9731=DIRECTION('',(-1.,0.,0.));
#9732=DIRECTION('',(0.,1.,0.));
#9733=DIRECTION('',(-1.,0.,0.));
#9734=DIRECTION('',(0.,1.,0.));
#9735=DIRECTION('',(0.,1.,0.));
#9736=DIRECTION('',(-1.,0.,0.));
#9737=DIRECTION('',(0.,1.,0.));
#9738=DIRECTION('',(-1.,0.,0.));
#9739=DIRECTION('',(1.,0.,0.));
#9740=DIRECTION('',(1.,0.,0.));
#9741=DIRECTION('',(1.,0.,0.));
#9742=DIRECTION('',(0.,0.,-1.));
#9743=DIRECTION('',(-1.,0.,0.));
#9744=DIRECTION('',(0.,1.,0.));
#9745=DIRECTION('',(1.,0.,0.));
#9746=DIRECTION('',(0.,1.,0.));
#9747=DIRECTION('',(-1.,0.,0.));
#9748=DIRECTION('',(0.,1.,0.));
#9749=DIRECTION('',(0.,1.,0.));
#9750=DIRECTION('',(-1.,0.,0.));
#9751=DIRECTION('',(0.,1.,0.));
#9752=DIRECTION('',(0.,1.,0.));
#9753=DIRECTION('',(-1.,0.,0.));
#9754=DIRECTION('',(0.,0.,-1.));
#9755=DIRECTION('',(-1.,0.,0.));
#9756=DIRECTION('',(-1.,0.,0.));
#9757=DIRECTION('',(-1.,0.,0.));
#9758=DIRECTION('',(0.,-1.,0.));
#9759=DIRECTION('',(1.,0.,0.));
#9760=DIRECTION('',(-1.,0.,0.));
#9761=DIRECTION('',(1.,0.,0.));
#9762=DIRECTION('',(-1.,0.,0.));
#9763=DIRECTION('',(0.,0.,-1.));
#9764=DIRECTION('',(-1.,0.,0.));
#9765=DIRECTION('',(1.,0.,0.));
#9766=DIRECTION('',(0.,1.,0.));
#9767=DIRECTION('',(0.,1.,0.));
#9768=DIRECTION('',(-1.,0.,0.));
#9769=DIRECTION('',(-1.,0.,0.));
#9770=DIRECTION('',(-1.,0.,0.));
#9771=DIRECTION('',(0.,1.,0.));
#9772=DIRECTION('',(-1.,0.,0.));
#9773=DIRECTION('',(0.,1.,0.));
#9774=DIRECTION('',(-1.,0.,0.));
#9775=DIRECTION('',(0.,1.,0.));
#9776=DIRECTION('',(-1.,0.,0.));
#9777=DIRECTION('',(0.,-1.,0.));
#9778=DIRECTION('',(0.,1.,0.));
#9779=DIRECTION('',(0.,-1.,0.));
#9780=DIRECTION('',(1.,0.,0.));
#9781=DIRECTION('',(-1.,0.,0.));
#9782=DIRECTION('',(0.,1.,0.));
#9783=DIRECTION('',(-1.,0.,0.));
#9784=DIRECTION('',(-1.,0.,0.));
#9785=DIRECTION('',(-1.,0.,0.));
#9786=DIRECTION('',(0.,1.,0.));
#9787=DIRECTION('',(-1.,0.,0.));
#9788=DIRECTION('',(0.,1.,0.));
#9789=DIRECTION('',(0.,1.,0.));
#9790=DIRECTION('',(0.,1.,0.));
#9791=DIRECTION('',(-1.,0.,0.));
#9792=DIRECTION('',(0.,0.,-1.));
#9793=DIRECTION('',(-1.,0.,0.));
#9794=DIRECTION('',(-1.,0.,0.));
#9795=DIRECTION('',(0.,1.,0.));
#9796=DIRECTION('',(-1.,0.,0.));
#9797=DIRECTION('',(0.,1.,0.));
#9798=DIRECTION('',(0.,1.,0.));
#9799=DIRECTION('',(-1.,0.,0.));
#9800=DIRECTION('',(-1.,0.,0.));
#9801=DIRECTION('',(1.,0.,0.));
#9802=DIRECTION('',(0.,0.,1.));
#9803=DIRECTION('',(0.,1.,0.));
#9804=DIRECTION('',(-1.,0.,0.));
#9805=DIRECTION('',(-1.,0.,0.));
#9806=DIRECTION('',(0.,1.,0.));
#9807=DIRECTION('',(-1.,0.,0.));
#9808=DIRECTION('',(1.,0.,0.));
#9809=DIRECTION('',(0.,0.,-1.));
#9810=DIRECTION('',(0.,1.,0.));
#9811=DIRECTION('',(0.,0.,1.));
#9812=DIRECTION('',(0.,1.,0.));
#9813=DIRECTION('',(-1.,0.,0.));
#9814=DIRECTION('',(0.,1.,0.));
#9815=DIRECTION('',(-1.,0.,0.));
#9816=DIRECTION('',(0.,1.,0.));
#9817=DIRECTION('',(0.,1.,0.));
#9818=DIRECTION('',(-1.,0.,0.));
#9819=DIRECTION('',(0.,1.,0.));
#9820=DIRECTION('',(-1.,0.,0.));
#9821=DIRECTION('',(0.,-1.,0.));
#9822=DIRECTION('',(0.,1.,0.));
#9823=DIRECTION('',(-1.,0.,0.));
#9824=DIRECTION('',(0.,1.,0.));
#9825=DIRECTION('',(0.,-1.,0.));
#9826=DIRECTION('',(1.,0.,0.));
#9827=DIRECTION('',(-1.,0.,0.));
#9828=DIRECTION('',(1.,0.,0.));
#9829=DIRECTION('',(-1.,0.,0.));
#9830=DIRECTION('',(0.,0.,-1.));
#9831=DIRECTION('',(-1.,0.,0.));
#9832=DIRECTION('',(0.,1.,0.));
#9833=DIRECTION('',(0.,1.,0.));
#9834=DIRECTION('',(-1.,0.,0.));
#9835=DIRECTION('',(0.,1.,0.));
#9836=DIRECTION('',(-1.,0.,0.));
#9837=DIRECTION('',(0.,-1.,0.));
#9838=DIRECTION('',(0.,1.,0.));
#9839=DIRECTION('',(1.,0.,0.));
#9840=DIRECTION('',(0.,0.,-1.));
#9841=DIRECTION('',(0.,1.,0.));
#9842=DIRECTION('',(0.,0.,1.));
#9843=DIRECTION('',(0.,1.,0.));
#9844=DIRECTION('',(0.,0.,1.));
#9845=DIRECTION('',(0.,0.,-1.));
#9846=DIRECTION('',(-1.,0.,0.));
#9847=DIRECTION('',(1.,0.,0.));
#9848=DIRECTION('',(0.,1.,0.));
#9849=DIRECTION('',(1.,0.,0.));
#9850=DIRECTION('',(0.,1.,0.));
#9851=DIRECTION('',(-1.,0.,0.));
#9852=DIRECTION('',(0.,1.,0.));
#9853=DIRECTION('',(0.,1.,0.));
#9854=DIRECTION('',(-1.,0.,0.));
#9855=DIRECTION('',(0.,1.,0.));
#9856=DIRECTION('',(0.,1.,0.));
#9857=DIRECTION('',(-1.,0.,0.));
#9858=DIRECTION('',(0.,-1.,0.));
#9859=DIRECTION('',(1.,0.,0.));
#9860=DIRECTION('',(-1.,0.,0.));
#9861=DIRECTION('',(-1.,0.,0.));
#9862=DIRECTION('',(-1.,0.,0.));
#9863=DIRECTION('',(0.,-1.,0.));
#9864=DIRECTION('',(1.,0.,0.));
#9865=DIRECTION('',(0.,1.,0.));
#9866=DIRECTION('',(0.,-1.,0.));
#9867=DIRECTION('',(1.,0.,0.));
#9868=DIRECTION('',(0.,-1.,0.));
#9869=DIRECTION('',(0.,-1.,0.));
#9870=DIRECTION('',(1.,0.,0.));
#9871=DIRECTION('',(0.,-1.,0.));
#9872=DIRECTION('',(1.,0.,0.));
#9873=DIRECTION('',(0.,-1.,0.));
#9874=DIRECTION('',(0.,-1.,0.));
#9875=DIRECTION('',(1.,0.,0.));
#9876=DIRECTION('',(0.,-1.,0.));
#9877=DIRECTION('',(0.,-1.,0.));
#9878=DIRECTION('',(1.,0.,0.));
#9879=DIRECTION('',(0.,0.,-1.));
#9880=DIRECTION('',(-1.,0.,0.));
#9881=DIRECTION('',(1.,0.,0.));
#9882=DIRECTION('',(1.,0.,0.));
#9883=DIRECTION('',(0.,-1.,0.));
#9884=DIRECTION('',(0.,-1.,0.));
#9885=DIRECTION('',(1.,0.,0.));
#9886=DIRECTION('',(1.,0.,0.));
#9887=DIRECTION('',(-1.,0.,0.));
#9888=DIRECTION('',(0.,0.,1.));
#9889=DIRECTION('',(1.,0.,0.));
#9890=DIRECTION('',(-1.,0.,0.));
#9891=DIRECTION('',(0.,0.,1.));
#9892=DIRECTION('',(0.,-1.,0.));
#9893=DIRECTION('',(0.,0.,1.));
#9894=DIRECTION('',(0.,-1.,0.));
#9895=DIRECTION('',(1.,0.,0.));
#9896=DIRECTION('',(0.,1.,0.));
#9897=DIRECTION('',(0.,-1.,0.));
#9898=DIRECTION('',(1.,0.,0.));
#9899=DIRECTION('',(0.,-1.,0.));
#9900=DIRECTION('',(0.,-1.,0.));
#9901=DIRECTION('',(1.,0.,0.));
#9902=DIRECTION('',(0.,1.,0.));
#9903=DIRECTION('',(-1.,0.,0.));
#9904=DIRECTION('',(1.,0.,0.));
#9905=DIRECTION('',(-1.,0.,0.));
#9906=DIRECTION('',(1.,0.,0.));
#9907=DIRECTION('',(0.,0.,-1.));
#9908=DIRECTION('',(-1.,0.,0.));
#9909=DIRECTION('',(0.,1.,0.));
#9910=DIRECTION('',(-1.,0.,0.));
#9911=DIRECTION('',(0.,0.,1.));
#9912=DIRECTION('',(0.,1.,0.));
#9913=DIRECTION('',(0.,0.,-1.));
#9914=DIRECTION('',(0.,-1.,0.));
#9915=DIRECTION('',(0.,0.,-1.));
#9916=DIRECTION('',(0.,0.,-1.));
#9917=DIRECTION('',(-1.,0.,0.));
#9918=DIRECTION('',(-1.,0.,0.));
#9919=DIRECTION('',(0.,1.,0.));
#9920=DIRECTION('',(-1.,0.,0.));
#9921=DIRECTION('',(0.,1.,0.));
#9922=DIRECTION('',(-1.,0.,0.));
#9923=DIRECTION('',(0.,0.,1.));
#9924=DIRECTION('',(0.,-1.,0.));
#9925=DIRECTION('',(0.,0.,1.));
#9926=DIRECTION('',(0.,-1.,0.));
#9927=DIRECTION('',(0.,0.,1.));
#9928=DIRECTION('',(0.,0.,-1.));
#9929=DIRECTION('',(-1.,0.,0.));
#9930=DIRECTION('',(1.,0.,0.));
#9931=DIRECTION('',(0.,-1.,0.));
#9932=DIRECTION('',(0.,1.,0.));
#9933=DIRECTION('',(-1.,0.,0.));
#9934=DIRECTION('',(1.,0.,0.));
#9935=DIRECTION('',(0.,-1.,0.));
#9936=DIRECTION('',(1.,0.,0.));
#9937=DIRECTION('',(1.,0.,0.));
#9938=DIRECTION('',(-1.,0.,0.));
#9939=DIRECTION('',(0.,0.,-1.));
#9940=DIRECTION('',(-1.,0.,0.));
#9941=DIRECTION('',(0.,-1.,0.));
#9942=DIRECTION('',(-1.,0.,0.));
#9943=DIRECTION('',(0.,-1.,0.));
#9944=DIRECTION('',(1.,0.,0.));
#9945=DIRECTION('',(0.,-1.,0.));
#9946=DIRECTION('',(0.,-1.,0.));
#9947=DIRECTION('',(1.,0.,0.));
#9948=DIRECTION('',(0.,-1.,0.));
#9949=DIRECTION('',(1.,0.,0.));
#9950=DIRECTION('',(1.,0.,0.));
#9951=DIRECTION('',(1.,0.,0.));
#9952=DIRECTION('',(1.,0.,0.));
#9953=DIRECTION('',(0.,-1.,0.));
#9954=DIRECTION('',(1.,0.,0.));
#9955=DIRECTION('',(0.,0.,-1.));
#9956=DIRECTION('',(-1.,0.,0.));
#9957=DIRECTION('',(0.,1.,0.));
#9958=DIRECTION('',(0.,0.,-1.));
#9959=DIRECTION('',(-1.,0.,0.));
#9960=DIRECTION('',(-1.,0.,0.));
#9961=DIRECTION('',(0.,-1.,0.));
#9962=DIRECTION('',(1.,0.,0.));
#9963=DIRECTION('',(0.,-1.,0.));
#9964=DIRECTION('',(-1.,0.,0.));
#9965=DIRECTION('',(0.,0.,1.));
#9966=DIRECTION('',(0.,1.,0.));
#9967=DIRECTION('',(0.,0.,-1.));
#9968=DIRECTION('',(0.,0.,1.));
#9969=DIRECTION('',(0.,-1.,0.));
#9970=DIRECTION('',(1.,0.,0.));
#9971=DIRECTION('',(0.,-1.,0.));
#9972=DIRECTION('',(0.,-1.,0.));
#9973=DIRECTION('',(1.,0.,0.));
#9974=DIRECTION('',(0.,-1.,0.));
#9975=DIRECTION('',(0.,-1.,0.));
#9976=DIRECTION('',(1.,0.,0.));
#9977=DIRECTION('',(0.,0.,-1.));
#9978=DIRECTION('',(-1.,0.,0.));
#9979=DIRECTION('',(-1.,0.,0.));
#9980=DIRECTION('',(1.,0.,0.));
#9981=DIRECTION('',(0.,-1.,0.));
#9982=DIRECTION('',(1.,0.,0.));
#9983=DIRECTION('',(-1.,0.,0.));
#9984=DIRECTION('',(-1.,0.,0.));
#9985=DIRECTION('',(0.,0.,-1.));
#9986=DIRECTION('',(-1.,0.,0.));
#9987=DIRECTION('',(0.,-1.,0.));
#9988=DIRECTION('',(0.,0.,-1.));
#9989=DIRECTION('',(-1.,0.,0.));
#9990=DIRECTION('',(-1.,0.,0.));
#9991=DIRECTION('',(0.,1.,0.));
#9992=DIRECTION('',(-1.,0.,0.));
#9993=DIRECTION('',(0.,1.,0.));
#9994=DIRECTION('',(0.,0.,-1.));
#9995=DIRECTION('',(-1.,0.,0.));
#9996=DIRECTION('',(1.,0.,0.));
#9997=DIRECTION('',(0.,1.,0.));
#9998=DIRECTION('',(1.,0.,0.));
#9999=DIRECTION('',(0.,-1.,0.));
#10000=DIRECTION('',(-1.,0.,0.));
#10001=DIRECTION('',(0.,0.,1.));
#10002=DIRECTION('',(0.,-1.,0.));
#10003=DIRECTION('',(0.,0.,1.));
#10004=DIRECTION('',(0.,0.,1.));
#10005=DIRECTION('',(0.,1.,0.));
#10006=DIRECTION('',(-1.,0.,0.));
#10007=DIRECTION('',(0.,-1.,0.));
#10008=DIRECTION('',(1.,0.,0.));
#10009=DIRECTION('',(-1.,0.,0.));
#10010=DIRECTION('',(0.,-1.,0.));
#10011=DIRECTION('',(1.,0.,0.));
#10012=DIRECTION('',(1.,0.,0.));
#10013=DIRECTION('',(-1.,0.,0.));
#10014=DIRECTION('',(0.,0.,-1.));
#10015=DIRECTION('',(-1.,0.,0.));
#10016=DIRECTION('',(0.,-1.,0.));
#10017=DIRECTION('',(1.,0.,0.));
#10018=DIRECTION('',(0.,-1.,0.));
#10019=DIRECTION('',(1.,0.,0.));
#10020=DIRECTION('',(0.,-1.,0.));
#10021=DIRECTION('',(1.,0.,0.));
#10022=DIRECTION('',(-1.,0.,0.));
#10023=DIRECTION('',(0.,-1.,0.));
#10024=DIRECTION('',(1.,0.,0.));
#10025=DIRECTION('',(0.,-1.,0.));
#10026=DIRECTION('',(1.,0.,0.));
#10027=DIRECTION('',(0.,-1.,0.));
#10028=DIRECTION('',(1.,0.,0.));
#10029=DIRECTION('',(0.,-1.,0.));
#10030=DIRECTION('',(0.,-1.,0.));
#10031=DIRECTION('',(1.,0.,0.));
#10032=DIRECTION('',(0.,-1.,0.));
#10033=DIRECTION('',(0.,-1.,0.));
#10034=DIRECTION('',(1.,0.,0.));
#10035=DIRECTION('',(0.,-1.,0.));
#10036=DIRECTION('',(0.,-1.,0.));
#10037=DIRECTION('',(1.,0.,0.));
#10038=DIRECTION('',(0.,0.,-1.));
#10039=DIRECTION('',(-1.,0.,0.));
#10040=DIRECTION('',(1.,0.,0.));
#10041=DIRECTION('',(0.,-1.,0.));
#10042=DIRECTION('',(-1.,0.,0.));
#10043=DIRECTION('',(0.,-1.,0.));
#10044=DIRECTION('',(1.,0.,0.));
#10045=DIRECTION('',(0.,-1.,0.));
#10046=DIRECTION('',(0.,-1.,0.));
#10047=DIRECTION('',(1.,0.,0.));
#10048=DIRECTION('',(0.,-1.,0.));
#10049=DIRECTION('',(0.,-1.,0.));
#10050=DIRECTION('',(1.,0.,0.));
#10051=DIRECTION('',(0.,-1.,0.));
#10052=DIRECTION('',(1.,0.,0.));
#10053=DIRECTION('',(0.,0.,-1.));
#10054=DIRECTION('',(1.,0.,0.));
#10055=DIRECTION('',(-1.,0.,0.));
#10056=DIRECTION('',(0.,0.,-1.));
#10057=DIRECTION('',(-1.,0.,0.));
#10058=DIRECTION('',(1.,0.,0.));
#10059=DIRECTION('',(0.,1.,0.));
#10060=DIRECTION('',(-1.,0.,0.));
#10061=DIRECTION('',(0.,0.,1.));
#10062=DIRECTION('',(0.,0.,-1.));
#10063=DIRECTION('',(0.,1.,0.));
#10064=DIRECTION('',(-1.,0.,0.));
#10065=DIRECTION('',(-1.,0.,0.));
#10066=DIRECTION('',(-0.0018779264201598,-0.498263860527606,0.867023412996723));
#10067=DIRECTION('',(0.,0.867024941826463,0.498264739120499));
#10068=DIRECTION('',(-0.999999999945158,-1.04191840598879E-05,-1.06100036178496E-06));
#10069=DIRECTION('',(-9.5548087999358E-06,0.866145505609651,0.499791919723507));
#10070=DIRECTION('',(5.45068188772374E-14,1.23684146646331E-13,-1.));
#10071=DIRECTION('',(0.,-1.,-1.23684146646331E-13));
#10072=DIRECTION('',(-1.,-3.50184779949198E-13,-9.38303615342855E-14));
#10073=DIRECTION('',(0.,0.86791340025633,0.496715541991083));
#10074=DIRECTION('',(0.,0.,-1.));
#10075=DIRECTION('',(-1.,0.,0.));
#10076=DIRECTION('',(0.,-1.,0.));
#10077=DIRECTION('',(0.,0.,1.));
#10078=DIRECTION('',(1.,0.,0.));
#10079=DIRECTION('',(0.,0.,-1.));
#10080=DIRECTION('',(0.,0.,1.));
#10081=DIRECTION('',(1.,0.,0.));
#10082=DIRECTION('',(0.,0.,-1.));
#10083=DIRECTION('',(0.,0.,-1.));
#10084=DIRECTION('',(-1.,0.,0.));
#10085=DIRECTION('',(0.,1.,0.));
#10086=DIRECTION('',(-1.,0.,0.));
#10087=DIRECTION('',(0.,1.,0.));
#10088=DIRECTION('',(-1.,0.,0.));
#10089=DIRECTION('',(-1.,0.,0.));
#10090=DIRECTION('',(0.,0.,1.));
#10091=DIRECTION('',(0.894427190999942,0.,0.447213595499906));
#10092=DIRECTION('',(-0.447213595499906,0.,0.894427190999942));
#10093=DIRECTION('',(-1.,0.,0.));
#10094=DIRECTION('',(0.894427190999731,0.,-0.447213595500328));
#10095=DIRECTION('',(-0.447213595500328,0.,-0.894427190999731));
#10096=DIRECTION('',(0.,1.,0.));
#10097=DIRECTION('',(-1.,0.,0.));
#10098=DIRECTION('',(0.44721359550016,0.,0.894427190999815));
#10099=DIRECTION('',(1.,0.,0.));
#10100=DIRECTION('',(0.447213595499762,0.,-0.894427191000014));
#10101=DIRECTION('',(-1.,0.,0.));
#10102=DIRECTION('',(0.,0.,-1.));
#10103=DIRECTION('',(-1.,0.,0.));
#10104=DIRECTION('',(0.,1.,0.));
#10105=DIRECTION('',(-1.,0.,0.));
#10106=DIRECTION('',(0.,-1.,0.));
#10107=DIRECTION('',(-0.894427191000072,0.,-0.447213595499646));
#10108=DIRECTION('',(-0.447213595499646,0.,0.894427191000072));
#10109=DIRECTION('',(0.33333333333317,-0.666666666666711,-0.666666666666705));
#10110=DIRECTION('',(0.,-1.,0.));
#10111=DIRECTION('',(-0.447213595499762,0.,0.894427191000014));
#10112=DIRECTION('',(0.,1.,0.));
#10113=DIRECTION('',(1.,0.,0.));
#10114=DIRECTION('',(0.,0.,-1.));
#10115=DIRECTION('',(0.,0.,-1.));
#10116=DIRECTION('',(-1.,0.,0.));
#10117=DIRECTION('',(1.94961671329103E-13,-1.28627247440074E-13,1.));
#10118=DIRECTION('',(1.,0.,-1.94961671329103E-13));
#10119=DIRECTION('',(0.,0.,-1.));
#10120=DIRECTION('',(0.,0.,-1.));
#10121=DIRECTION('',(-1.,0.,0.));
#10122=DIRECTION('',(0.,0.,-1.));
#10123=DIRECTION('',(0.894427190999731,0.,-0.447213595500328));
#10124=DIRECTION('',(-0.447213595500328,0.,-0.894427190999731));
#10125=DIRECTION('',(0.44721359550016,0.,0.894427190999815));
#10126=DIRECTION('',(0.,1.,0.));
#10127=DIRECTION('',(0.,1.,0.));
#10128=DIRECTION('',(1.,0.,0.));
#10129=DIRECTION('',(0.,0.,-1.));
#10130=DIRECTION('',(1.,0.,0.));
#10131=DIRECTION('',(0.,0.,1.));
#10132=DIRECTION('',(0.,1.,0.));
#10133=DIRECTION('',(0.,0.,1.));
#10134=DIRECTION('',(-1.,0.,0.));
#10135=DIRECTION('',(0.,0.,1.));
#10136=DIRECTION('',(-1.,0.,0.));
#10137=DIRECTION('',(1.,0.,0.));
#10138=DIRECTION('',(0.,0.,1.));
#10139=DIRECTION('',(1.,0.,0.));
#10140=DIRECTION('',(0.,0.707106781186548,-0.707106781186548));
#10141=DIRECTION('',(0.,-0.707106781186548,-0.707106781186548));
#10142=DIRECTION('',(-0.333333333333236,-0.666666666666694,-0.666666666666688));
#10143=DIRECTION('',(-1.,0.,0.));
#10144=DIRECTION('',(1.,0.,0.));
#10145=DIRECTION('',(0.,0.,-1.));
#10146=DIRECTION('',(-1.,0.,0.));
#10147=DIRECTION('',(0.,-1.,0.));
#10148=DIRECTION('',(1.,0.,0.));
#10149=DIRECTION('',(0.,1.,0.));
#10150=DIRECTION('',(0.,0.,-1.));
#10151=DIRECTION('',(-1.,0.,0.));
#10152=DIRECTION('',(-1.,0.,0.));
#10153=DIRECTION('',(0.,-1.,0.));
#10154=DIRECTION('',(-1.,0.,0.));
#10155=DIRECTION('',(0.,-1.,0.));
#10156=DIRECTION('',(1.,0.,0.));
#10157=DIRECTION('',(0.,1.,0.));
#10158=DIRECTION('',(0.,-0.957826285221171,-0.28734788556628));
#10159=DIRECTION('',(0.,-0.28734788556628,0.957826285221171));
#10160=DIRECTION('',(0.,-0.28734788556628,0.957826285221171));
#10161=DIRECTION('',(-1.,0.,0.));
#10162=DIRECTION('',(0.,-0.28734788556628,0.957826285221171));
#10163=DIRECTION('',(0.,0.,-1.));
#10164=DIRECTION('',(-1.,0.,0.));
#10165=DIRECTION('',(-1.,0.,0.));
#10166=DIRECTION('',(0.,1.,0.));
#10167=DIRECTION('',(1.,0.,0.));
#10168=DIRECTION('',(0.,-1.,0.));
#10169=DIRECTION('',(0.,-0.894427191000362,-0.447213595499066));
#10170=DIRECTION('',(0.,-0.447213595499066,0.894427191000362));
#10171=DIRECTION('',(0.,-0.447213595499066,0.894427191000362));
#10172=DIRECTION('',(-1.,0.,0.));
#10173=DIRECTION('',(1.,0.,0.));
#10174=DIRECTION('',(0.,0.447213595499066,-0.894427191000362));
#10175=DIRECTION('',(1.,0.,0.));
#10176=DIRECTION('',(0.,-1.,0.));
#10177=DIRECTION('',(1.,0.,0.));
#10178=DIRECTION('',(0.,0.,1.));
#10179=DIRECTION('',(0.,1.,0.));
#10180=DIRECTION('',(1.,0.,0.));
#10181=DIRECTION('',(-1.,0.,0.));
#10182=DIRECTION('',(0.,0.,1.));
#10183=DIRECTION('',(0.,-1.,0.));
#10184=DIRECTION('',(0.,0.70710678118656,0.707106781186535));
#10185=DIRECTION('',(0.,-1.,0.));
#10186=DIRECTION('',(-8.85914545709385E-07,-0.999999995286092,9.70929039035144E-05));
#10187=DIRECTION('',(0.,-9.70929039035525E-05,-0.999999995286484));
#10188=DIRECTION('',(0.,0.,-1.));
#10189=DIRECTION('',(1.,-6.32274120636111E-13,7.89525320834316E-10));
#10190=DIRECTION('',(-8.85914545709385E-07,-0.999999995286092,9.70929039035144E-05));
#10191=DIRECTION('',(-0.00912402070544664,9.70969455389786E-05,0.999958370542669));
#10192=DIRECTION('',(0.,1.,0.));
#10193=DIRECTION('',(-1.,0.,0.));
#10194=DIRECTION('',(0.,-1.,0.));
#10195=DIRECTION('',(1.,0.,0.));
#10196=DIRECTION('',(0.,-1.,0.));
#10197=DIRECTION('',(1.,0.,0.));
#10198=DIRECTION('',(0.,-1.,0.));
#10199=DIRECTION('',(0.,1.,0.));
#10200=DIRECTION('',(-1.,0.,0.));
#10201=DIRECTION('',(1.,0.,0.));
#10202=DIRECTION('',(0.,0.,1.));
#10203=DIRECTION('',(0.,1.,0.));
#10204=DIRECTION('',(-1.,0.,0.));
#10205=DIRECTION('',(-1.,0.,0.));
#10206=DIRECTION('',(0.,0.,-1.));
#10207=DIRECTION('',(1.,0.,0.));
#10208=DIRECTION('',(0.,0.,-1.));
#10209=DIRECTION('',(0.,0.,-1.));
#10210=DIRECTION('',(-1.,0.,0.));
#10211=DIRECTION('',(0.,1.,0.));
#10212=DIRECTION('',(1.,0.,0.));
#10213=DIRECTION('',(1.,0.,0.));
#10214=DIRECTION('',(0.,0.,-1.));
#10215=DIRECTION('',(0.,1.,0.));
#10216=DIRECTION('',(0.,0.,1.));
#10217=DIRECTION('',(0.,-1.,0.));
#10218=DIRECTION('',(0.,0.70710678118656,0.707106781186535));
#10219=DIRECTION('',(0.,0.,1.));
#10220=DIRECTION('',(0.,-0.447213595499071,-0.894427191000359));
#10221=DIRECTION('',(0.,1.,0.));
#10222=DIRECTION('',(-1.,-2.25043466790454E-12,-6.37386813718853E-13));
#10223=DIRECTION('',(-2.72168299888816E-12,0.853908145676476,0.52042374921535));
#10224=DIRECTION('',(0.,-1.,0.));
#10225=DIRECTION('',(1.,0.,0.));
#10226=DIRECTION('',(0.,0.707106781186548,-0.707106781186548));
#10227=DIRECTION('',(0.,-0.707106781186548,-0.707106781186548));
#10228=DIRECTION('',(1.,0.,0.));
#10229=DIRECTION('',(0.,0.70710678118656,0.707106781186535));
#10230=DIRECTION('',(-1.,0.,0.));
#10231=DIRECTION('',(0.,0.70710678118656,0.707106781186535));
#10232=DIRECTION('',(0.,0.,-1.));
#10233=DIRECTION('',(-1.,0.,0.));
#10234=DIRECTION('',(0.,1.,0.));
#10235=DIRECTION('',(-1.,0.,0.));
#10236=DIRECTION('',(0.,-1.,0.));
#10237=DIRECTION('',(1.,0.,0.));
#10238=DIRECTION('',(0.,0.,-1.));
#10239=DIRECTION('',(0.,-0.447213595499098,0.894427191000346));
#10240=DIRECTION('',(0.,0.,1.));
#10241=DIRECTION('',(0.,-1.,0.));
#10242=DIRECTION('',(0.,-1.,0.));
#10243=DIRECTION('',(1.,0.,0.));
#10244=DIRECTION('',(0.,-1.,0.));
#10245=DIRECTION('',(-1.,0.,0.));
#10246=DIRECTION('',(1.,0.,0.));
#10247=DIRECTION('',(0.,-1.,0.));
#10248=DIRECTION('',(1.,0.,0.));
#10249=DIRECTION('',(0.,1.,0.));
#10250=DIRECTION('',(-1.,0.,0.));
#10251=DIRECTION('',(0.,-1.,0.));
#10252=DIRECTION('',(0.,1.,0.));
#10253=DIRECTION('',(-1.,0.,0.));
#10254=DIRECTION('',(8.859135552272E-07,-0.999999995286092,9.70929046371153E-05));
#10255=DIRECTION('',(-0.0091240104364024,-9.70969462635118E-05,-0.999958370636368));
#10256=DIRECTION('',(0.,1.,0.));
#10257=DIRECTION('',(0.,0.,-1.));
#10258=DIRECTION('',(-1.,0.,0.));
#10259=DIRECTION('',(1.,0.,0.));
#10260=DIRECTION('',(-1.,0.,0.));
#10261=DIRECTION('',(0.,1.,0.));
#10262=DIRECTION('',(0.,1.,0.));
#10263=DIRECTION('',(-1.,0.,0.));
#10264=DIRECTION('',(0.,0.,1.));
#10265=DIRECTION('',(1.,0.,0.));
#10266=DIRECTION('',(1.,0.,0.));
#10267=DIRECTION('',(0.,0.,-1.));
#10268=DIRECTION('',(0.,0.,-1.));
#10269=DIRECTION('',(0.,0.447213595499071,0.894427191000359));
#10270=DIRECTION('',(0.,-1.,0.));
#10271=DIRECTION('',(0.,0.894427191000359,-0.447213595499071));
#10272=DIRECTION('',(0.,-0.447213595499071,-0.894427191000359));
#10273=DIRECTION('',(-1.,0.,0.));
#10274=DIRECTION('',(-1.,3.54690360356143E-13,7.89594716772828E-10));
#10275=DIRECTION('',(0.,-0.447213595499071,-0.894427191000359));
#10276=DIRECTION('',(8.859135552272E-07,-0.999999995286092,9.70929046371153E-05));
#10277=DIRECTION('',(0.,-9.70929046371534E-05,-0.999999995286484));
#10278=DIRECTION('',(0.,-1.,0.));
#10279=DIRECTION('',(1.,0.,0.));
#10280=DIRECTION('',(0.,0.,1.));
#10281=DIRECTION('',(1.,0.,0.));
#10282=DIRECTION('',(0.,-0.894427191000362,-0.447213595499066));
#10283=DIRECTION('',(0.,-0.447213595499066,0.894427191000362));
#10284=DIRECTION('',(0.,0.447213595499098,-0.894427191000346));
#10285=DIRECTION('',(0.,0.,1.));
#10286=DIRECTION('',(1.,0.,0.));
#10287=DIRECTION('',(0.,1.,0.));
#10288=DIRECTION('',(1.,0.,0.));
#10289=DIRECTION('',(0.,-1.,0.));
#10290=DIRECTION('',(0.,0.894427191000359,-0.447213595499071));
#10291=DIRECTION('',(0.,-0.447213595499071,-0.894427191000359));
#10292=DIRECTION('',(0.,0.447213595499071,0.894427191000359));
#10293=DIRECTION('',(-1.,0.,0.));
#10294=DIRECTION('',(0.,0.,1.));
#10295=DIRECTION('',(-0.00187792641979022,0.498263860527614,-0.86702341299672));
#10296=DIRECTION('',(0.,-0.867024941826459,-0.498264739120506));
#10297=DIRECTION('',(-0.999999999945158,1.04191296419874E-05,1.06100151646318E-06));
#10298=DIRECTION('',(9.55476232719829E-06,0.866145505609629,0.499791919723545));
#10299=DIRECTION('',(-1.,0.,0.));
#10300=DIRECTION('',(0.,0.,1.));
#10301=DIRECTION('',(-1.,0.,0.));
#10302=DIRECTION('',(1.,0.,0.));
#10303=DIRECTION('',(0.,0.,1.));
#10304=DIRECTION('',(1.,0.,0.));
#10305=DIRECTION('',(0.,1.,0.));
#10306=DIRECTION('',(-1.,0.,0.));
#10307=DIRECTION('',(0.,1.,0.));
#10308=DIRECTION('',(0.,1.,0.));
#10309=DIRECTION('',(-1.,0.,0.));
#10310=DIRECTION('',(0.447213595499842,0.,0.894427190999974));
#10311=DIRECTION('',(-0.447213595500017,0.,0.894427190999887));
#10312=DIRECTION('',(1.,0.,0.));
#10313=DIRECTION('',(0.894427190999978,0.,-0.447213595499834));
#10314=DIRECTION('',(-0.447213595499834,0.,-0.894427190999978));
#10315=DIRECTION('',(0.,-1.,0.));
#10316=DIRECTION('',(-0.447213595499842,0.,-0.894427190999974));
#10317=DIRECTION('',(0.,1.,0.));
#10318=DIRECTION('',(-1.,0.,0.));
#10319=DIRECTION('',(1.,0.,0.));
#10320=DIRECTION('',(-0.447213595500017,0.,0.894427190999887));
#10321=DIRECTION('',(0.,0.,-1.));
#10322=DIRECTION('',(-1.,0.,0.));
#10323=DIRECTION('',(0.,1.,0.));
#10324=DIRECTION('',(-0.894427190999942,0.,-0.447213595499906));
#10325=DIRECTION('',(-0.447213595499906,0.,0.894427190999942));
#10326=DIRECTION('',(0.,1.,0.));
#10327=DIRECTION('',(-1.,0.,0.));
#10328=DIRECTION('',(0.,0.,1.));
#10329=DIRECTION('',(0.,0.,-1.));
#10330=DIRECTION('',(0.,-1.,0.));
#10331=DIRECTION('',(0.,0.,-1.));
#10332=DIRECTION('',(-1.,0.,0.));
#10333=DIRECTION('',(1.,0.,0.));
#10334=DIRECTION('',(0.,1.,0.));
#10335=DIRECTION('',(-1.,0.,0.));
#10336=DIRECTION('',(0.,-1.,0.));
#10337=DIRECTION('',(1.,0.,0.));
#10338=DIRECTION('',(0.,1.,0.));
#10339=DIRECTION('',(0.,-1.,0.));
#10340=DIRECTION('',(1.,0.,0.));
#10341=DIRECTION('',(0.,1.,0.));
#10342=DIRECTION('',(0.,-1.,0.));
#10343=DIRECTION('',(0.,0.,1.));
#10344=DIRECTION('',(-0.707106781187983,-0.707106781185113,0.));
#10345=DIRECTION('',(0.,-1.,0.));
#10346=DIRECTION('',(1.,0.,0.));
#10347=DIRECTION('',(0.,0.,-1.));
#10348=DIRECTION('',(-1.,0.,0.));
#10349=DIRECTION('',(-1.,0.,0.));
#10350=DIRECTION('',(0.,-1.,0.));
#10351=DIRECTION('',(1.,0.,0.));
#10352=DIRECTION('',(0.,0.,1.));
#10353=DIRECTION('',(0.707106781186781,0.,-0.707106781186314));
#10354=DIRECTION('',(0.,0.,-1.));
#10355=DIRECTION('',(1.,0.,0.));
#10356=DIRECTION('',(0.,-1.,0.));
#10357=DIRECTION('',(0.00713523579846435,0.,0.999974543881043));
#10358=DIRECTION('',(1.,0.,0.));
#10359=DIRECTION('',(0.,0.,-1.));
#10360=DIRECTION('',(0.,0.,-1.));
#10361=DIRECTION('',(-1.,0.,0.));
#10362=DIRECTION('',(-1.,0.,0.));
#10363=DIRECTION('',(0.,0.,-1.));
#10364=DIRECTION('',(-1.,0.,0.));
#10365=DIRECTION('',(0.,-1.,0.));
#10366=DIRECTION('',(-1.,0.,0.));
#10367=DIRECTION('',(0.,1.,0.));
#10368=DIRECTION('',(-1.,0.,0.));
#10369=DIRECTION('',(0.,1.,0.));
#10370=DIRECTION('',(0.,-1.,0.));
#10371=DIRECTION('',(-1.,0.,0.));
#10372=DIRECTION('',(0.,0.,1.));
#10373=DIRECTION('',(-1.,0.,0.));
#10374=DIRECTION('',(0.,0.,1.));
#10375=DIRECTION('',(1.,0.,0.));
#10376=DIRECTION('',(0.,0.,1.));
#10377=DIRECTION('',(0.,0.,-1.));
#10378=DIRECTION('',(0.,1.,0.));
#10379=DIRECTION('',(0.,0.,1.));
#10380=DIRECTION('',(-1.,0.,0.));
#10381=DIRECTION('',(0.,0.,1.));
#10382=DIRECTION('',(-1.,0.,0.));
#10383=DIRECTION('',(-1.,0.,0.));
#10384=DIRECTION('',(0.,0.,1.));
#10385=DIRECTION('',(-1.,0.,0.));
#10386=DIRECTION('',(1.,0.,0.));
#10387=DIRECTION('',(0.,0.,-1.));
#10388=DIRECTION('',(0.,1.,0.));
#10389=DIRECTION('',(0.,0.,1.));
#10390=DIRECTION('',(0.,-1.,0.));
#10391=DIRECTION('',(0.,0.,-1.));
#10392=DIRECTION('',(1.,0.,0.));
#10393=DIRECTION('',(0.,0.,1.));
#10394=DIRECTION('',(0.,1.,0.));
#10395=DIRECTION('',(-1.,0.,0.));
#10396=DIRECTION('',(0.,1.,0.));
#10397=DIRECTION('',(-1.,0.,0.));
#10398=DIRECTION('',(0.,1.,0.));
#10399=DIRECTION('',(0.,-1.,0.));
#10400=DIRECTION('',(-1.,0.,0.));
#10401=DIRECTION('',(0.,-1.,0.));
#10402=DIRECTION('',(0.,-1.,0.));
#10403=DIRECTION('',(-1.,0.,0.));
#10404=DIRECTION('',(0.,0.,-1.));
#10405=DIRECTION('',(-1.,0.,0.));
#10406=DIRECTION('',(0.,-1.,0.));
#10407=DIRECTION('',(-0.707106781186548,0.707106781186548,0.));
#10408=DIRECTION('',(-0.707106781186548,-0.707106781186548,0.));
#10409=DIRECTION('',(0.,0.,-1.));
#10410=DIRECTION('',(0.,0.,1.));
#10411=DIRECTION('',(0.707106781187864,0.707106781185231,0.));
#10412=DIRECTION('',(0.,1.,0.));
#10413=DIRECTION('',(-0.00713523579761339,0.,0.999974543881049));
#10414=DIRECTION('',(0.,1.,0.));
#10415=DIRECTION('',(-1.,0.,0.));
#10416=DIRECTION('',(1.,0.,0.));
#10417=DIRECTION('',(0.,0.,-1.));
#10418=DIRECTION('',(-1.,0.,0.));
#10419=DIRECTION('',(0.,0.,1.));
#10420=DIRECTION('',(-1.,0.,0.));
#10421=DIRECTION('',(0.,1.,0.));
#10422=DIRECTION('',(-1.,0.,0.));
#10423=DIRECTION('',(0.,1.,0.));
#10424=DIRECTION('',(-1.,0.,0.));
#10425=DIRECTION('',(0.,0.,-1.));
#10426=DIRECTION('',(-1.,0.,0.));
#10427=DIRECTION('',(-1.,0.,0.));
#10428=DIRECTION('',(0.,-1.,0.));
#10429=DIRECTION('',(-1.,0.,0.));
#10430=DIRECTION('',(0.,-1.,0.));
#10431=DIRECTION('',(0.,-1.,0.));
#10432=DIRECTION('',(1.,0.,0.));
#10433=DIRECTION('',(0.,1.,0.));
#10434=DIRECTION('',(0.,-1.,0.));
#10435=DIRECTION('',(0.,0.,1.));
#10436=DIRECTION('',(0.,1.,0.));
#10437=DIRECTION('',(1.,0.,0.));
#10438=DIRECTION('',(0.707106781187898,-0.707106781185197,0.));
#10439=DIRECTION('',(0.,0.,-1.));
#10440=DIRECTION('',(-1.,0.,0.));
#10441=DIRECTION('',(1.,0.,0.));
#10442=DIRECTION('',(0.,-1.,0.));
#10443=DIRECTION('',(1.,0.,0.));
#10444=DIRECTION('',(0.,1.,0.));
#10445=DIRECTION('',(0.,0.,-1.));
#10446=DIRECTION('',(-1.,0.,0.));
#10447=DIRECTION('',(1.,0.,0.));
#10448=DIRECTION('',(0.,-1.,0.));
#10449=DIRECTION('',(1.,0.,0.));
#10450=DIRECTION('',(0.,1.,0.));
#10451=DIRECTION('',(0.,-1.,0.));
#10452=DIRECTION('',(1.,0.,0.));
#10453=DIRECTION('',(0.,1.,0.));
#10454=DIRECTION('',(0.,-1.,0.));
#10455=DIRECTION('',(1.,0.,0.));
#10456=DIRECTION('',(0.,-1.,0.));
#10457=DIRECTION('',(0.,-1.,0.));
#10458=DIRECTION('',(1.,0.,0.));
#10459=DIRECTION('',(0.,0.,-1.));
#10460=DIRECTION('',(-1.,0.,0.));
#10461=DIRECTION('',(1.,0.,0.));
#10462=DIRECTION('',(0.,-1.,0.));
#10463=DIRECTION('',(1.,0.,0.));
#10464=DIRECTION('',(0.,-1.,0.));
#10465=DIRECTION('',(0.,-1.,0.));
#10466=DIRECTION('',(1.,0.,0.));
#10467=DIRECTION('',(1.,0.,0.));
#10468=DIRECTION('',(-1.,0.,0.));
#10469=DIRECTION('',(0.,0.,1.));
#10470=DIRECTION('',(0.,-1.,0.));
#10471=DIRECTION('',(1.,0.,0.));
#10472=DIRECTION('',(1.,0.,0.));
#10473=DIRECTION('',(-1.,0.,0.));
#10474=DIRECTION('',(0.,0.,1.));
#10475=DIRECTION('',(0.,-1.,0.));
#10476=DIRECTION('',(0.,0.,1.));
#10477=DIRECTION('',(0.,-1.,0.));
#10478=DIRECTION('',(1.,0.,0.));
#10479=DIRECTION('',(0.,-1.,0.));
#10480=DIRECTION('',(1.,0.,0.));
#10481=DIRECTION('',(0.,-1.,0.));
#10482=DIRECTION('',(0.,0.,-1.));
#10483=DIRECTION('',(-1.,0.,0.));
#10484=DIRECTION('',(1.,0.,0.));
#10485=DIRECTION('',(0.,-1.,0.));
#10486=DIRECTION('',(1.,0.,0.));
#10487=DIRECTION('',(0.,-1.,0.));
#10488=DIRECTION('',(0.,-1.,0.));
#10489=DIRECTION('',(1.,0.,0.));
#10490=DIRECTION('',(-1.,0.,0.));
#10491=DIRECTION('',(0.,0.,1.));
#10492=DIRECTION('',(0.,-1.,0.));
#10493=DIRECTION('',(1.,0.,0.));
#10494=DIRECTION('',(1.,0.,0.));
#10495=DIRECTION('',(0.,-1.,0.));
#10496=DIRECTION('',(1.,0.,0.));
#10497=DIRECTION('',(-1.,0.,0.));
#10498=DIRECTION('',(0.,0.,1.));
#10499=DIRECTION('',(0.,-1.,0.));
#10500=DIRECTION('',(0.,0.,1.));
#10501=DIRECTION('',(0.,-1.,0.));
#10502=DIRECTION('',(1.,0.,0.));
#10503=DIRECTION('',(0.,-1.,0.));
#10504=DIRECTION('',(1.,0.,0.));
#10505=DIRECTION('',(0.,-1.,0.));
#10506=DIRECTION('',(0.,-1.,0.));
#10507=DIRECTION('',(1.,0.,0.));
#10508=DIRECTION('',(0.,0.,-1.));
#10509=DIRECTION('',(-1.,0.,0.));
#10510=DIRECTION('',(1.,0.,0.));
#10511=DIRECTION('',(0.,-1.,0.));
#10512=DIRECTION('',(1.,0.,0.));
#10513=DIRECTION('',(0.,-1.,0.));
#10514=DIRECTION('',(0.,-1.,0.));
#10515=DIRECTION('',(1.,0.,0.));
#10516=DIRECTION('',(-1.,0.,0.));
#10517=DIRECTION('',(0.,0.,1.));
#10518=DIRECTION('',(0.,-1.,0.));
#10519=DIRECTION('',(1.,0.,0.));
#10520=DIRECTION('',(1.,0.,0.));
#10521=DIRECTION('',(-1.,0.,0.));
#10522=DIRECTION('',(0.,0.,1.));
#10523=DIRECTION('',(0.,-1.,0.));
#10524=DIRECTION('',(0.,0.,1.));
#10525=DIRECTION('',(0.,-1.,0.));
#10526=DIRECTION('',(1.,0.,0.));
#10527=DIRECTION('',(0.,-1.,0.));
#10528=DIRECTION('',(1.,0.,0.));
#10529=DIRECTION('',(0.,-1.,0.));
#10530=DIRECTION('',(0.,1.,0.));
#10531=DIRECTION('',(-1.,0.,0.));
#10532=DIRECTION('',(0.,-1.,0.));
#10533=DIRECTION('',(1.,0.,0.));
#10534=DIRECTION('',(1.,0.,0.));
#10535=DIRECTION('',(-1.,0.,0.));
#10536=DIRECTION('',(1.,0.,0.));
#10537=DIRECTION('',(0.,0.,-1.));
#10538=DIRECTION('',(-1.,0.,0.));
#10539=DIRECTION('',(0.,1.,0.));
#10540=DIRECTION('',(0.,-1.,0.));
#10541=DIRECTION('',(1.,0.,0.));
#10542=DIRECTION('',(0.,-1.,0.));
#10543=DIRECTION('',(1.,0.,0.));
#10544=DIRECTION('',(0.,-1.,0.));
#10545=DIRECTION('',(0.,1.,0.));
#10546=DIRECTION('',(-1.,0.,0.));
#10547=DIRECTION('',(1.,0.,0.));
#10548=DIRECTION('',(-1.,0.,0.));
#10549=DIRECTION('',(0.,0.,-1.));
#10550=DIRECTION('',(-1.,0.,0.));
#10551=DIRECTION('',(0.,1.,0.));
#10552=DIRECTION('',(0.,-1.,0.));
#10553=DIRECTION('',(1.,0.,0.));
#10554=DIRECTION('',(0.,-1.,0.));
#10555=DIRECTION('',(0.,-1.,0.));
#10556=DIRECTION('',(1.,0.,0.));
#10557=DIRECTION('',(0.,1.,0.));
#10558=DIRECTION('',(-1.,0.,0.));
#10559=DIRECTION('',(1.,0.,0.));
#10560=DIRECTION('',(-1.,0.,0.));
#10561=DIRECTION('',(0.,0.,-1.));
#10562=DIRECTION('',(-1.,0.,0.));
#10563=DIRECTION('',(0.,1.,0.));
#10564=DIRECTION('',(0.,0.,-1.));
#10565=DIRECTION('',(-1.,0.,0.));
#10566=DIRECTION('',(1.,0.,0.));
#10567=DIRECTION('',(0.,-1.,0.));
#10568=DIRECTION('',(1.,0.,0.));
#10569=DIRECTION('',(0.,1.,0.));
#10570=DIRECTION('',(0.,0.,-1.));
#10571=DIRECTION('',(-1.,0.,0.));
#10572=DIRECTION('',(1.,0.,0.));
#10573=DIRECTION('',(0.,-1.,0.));
#10574=DIRECTION('',(1.,0.,0.));
#10575=DIRECTION('',(0.,1.,0.));
#10576=DIRECTION('',(0.,0.,-1.));
#10577=DIRECTION('',(-1.,0.,0.));
#10578=DIRECTION('',(1.,0.,0.));
#10579=DIRECTION('',(0.,-1.,0.));
#10580=DIRECTION('',(1.,0.,0.));
#10581=DIRECTION('',(0.,1.,0.));
#10582=DIRECTION('',(0.,-1.,0.));
#10583=DIRECTION('',(1.,0.,0.));
#10584=DIRECTION('',(0.,-1.,0.));
#10585=DIRECTION('',(0.,-1.,0.));
#10586=DIRECTION('',(1.,0.,0.));
#10587=DIRECTION('',(0.,-1.,0.));
#10588=DIRECTION('',(0.,-1.,0.));
#10589=DIRECTION('',(1.,0.,0.));
#10590=DIRECTION('',(0.,0.,-1.));
#10591=DIRECTION('',(-1.,0.,0.));
#10592=DIRECTION('',(-1.,0.,0.));
#10593=DIRECTION('',(-1.,0.,0.));
#10594=DIRECTION('',(0.,1.,0.));
#10595=DIRECTION('',(-1.,0.,0.));
#10596=DIRECTION('',(0.,0.,1.));
#10597=DIRECTION('',(0.,0.,1.));
#10598=DIRECTION('',(0.,1.,0.));
#10599=DIRECTION('',(0.,0.,1.));
#10600=DIRECTION('',(0.,0.,-1.));
#10601=DIRECTION('',(-1.,0.,0.));
#10602=DIRECTION('',(1.,0.,0.));
#10603=DIRECTION('',(0.,1.,0.));
#10604=DIRECTION('',(1.,0.,0.));
#10605=DIRECTION('',(0.,0.,-1.));
#10606=DIRECTION('',(-1.,0.,0.));
#10607=DIRECTION('',(1.,0.,0.));
#10608=DIRECTION('',(0.,-1.,0.));
#10609=DIRECTION('',(1.,0.,0.));
#10610=DIRECTION('',(0.,0.,-1.));
#10611=DIRECTION('',(-1.,0.,0.));
#10612=DIRECTION('',(-1.,0.,0.));
#10613=DIRECTION('',(0.,1.,0.));
#10614=DIRECTION('',(1.,0.,0.));
#10615=DIRECTION('',(0.,-1.,0.));
#10616=DIRECTION('',(0.,-1.,0.));
#10617=DIRECTION('',(1.,0.,0.));
#10618=DIRECTION('',(0.,-1.,0.));
#10619=DIRECTION('',(1.,0.,0.));
#10620=DIRECTION('',(0.,-1.,0.));
#10621=DIRECTION('',(0.,-1.,0.));
#10622=DIRECTION('',(1.,0.,0.));
#10623=DIRECTION('',(0.,1.,0.));
#10624=DIRECTION('',(-1.,0.,0.));
#10625=DIRECTION('',(-1.,0.,0.));
#10626=DIRECTION('',(0.,-1.,0.));
#10627=DIRECTION('',(1.,0.,0.));
#10628=DIRECTION('',(1.,0.,0.));
#10629=DIRECTION('',(0.,0.,-1.));
#10630=DIRECTION('',(-1.,0.,0.));
#10631=DIRECTION('',(0.,-1.,0.));
#10632=DIRECTION('',(-1.,0.,0.));
#10633=DIRECTION('',(0.,-1.,0.));
#10634=DIRECTION('',(1.,0.,0.));
#10635=DIRECTION('',(0.,-1.,0.));
#10636=DIRECTION('',(0.,-1.,0.));
#10637=DIRECTION('',(1.,0.,0.));
#10638=DIRECTION('',(0.,-1.,0.));
#10639=DIRECTION('',(1.,0.,0.));
#10640=DIRECTION('',(1.,0.,0.));
#10641=DIRECTION('',(0.,0.,-1.));
#10642=DIRECTION('',(-1.,0.,0.));
#10643=DIRECTION('',(1.,0.,0.));
#10644=DIRECTION('',(0.,-1.,0.));
#10645=DIRECTION('',(1.,0.,0.));
#10646=DIRECTION('',(0.,-1.,0.));
#10647=DIRECTION('',(0.,-1.,0.));
#10648=DIRECTION('',(1.,0.,0.));
#10649=DIRECTION('',(-1.,0.,0.));
#10650=DIRECTION('',(0.,0.,1.));
#10651=DIRECTION('',(0.,-1.,0.));
#10652=DIRECTION('',(1.,0.,0.));
#10653=DIRECTION('',(1.,0.,0.));
#10654=DIRECTION('',(0.,-1.,0.));
#10655=DIRECTION('',(1.,0.,0.));
#10656=DIRECTION('',(-1.,0.,0.));
#10657=DIRECTION('',(0.,0.,1.));
#10658=DIRECTION('',(0.,-1.,0.));
#10659=DIRECTION('',(0.,0.,1.));
#10660=DIRECTION('',(0.,-1.,0.));
#10661=DIRECTION('',(1.,0.,0.));
#10662=DIRECTION('',(0.,-1.,0.));
#10663=DIRECTION('',(1.,0.,0.));
#10664=DIRECTION('',(0.,-1.,0.));
#10665=DIRECTION('',(0.,-1.,0.));
#10666=DIRECTION('',(1.,0.,0.));
#10667=DIRECTION('',(0.,0.,-1.));
#10668=DIRECTION('',(-1.,0.,0.));
#10669=DIRECTION('',(1.,0.,0.));
#10670=DIRECTION('',(0.,-1.,0.));
#10671=DIRECTION('',(1.,0.,0.));
#10672=DIRECTION('',(0.,-1.,0.));
#10673=DIRECTION('',(0.,-1.,0.));
#10674=DIRECTION('',(1.,0.,0.));
#10675=DIRECTION('',(-1.,0.,0.));
#10676=DIRECTION('',(0.,0.,1.));
#10677=DIRECTION('',(0.,-1.,0.));
#10678=DIRECTION('',(1.,0.,0.));
#10679=DIRECTION('',(1.,0.,0.));
#10680=DIRECTION('',(-1.,0.,0.));
#10681=DIRECTION('',(0.,0.,1.));
#10682=DIRECTION('',(0.,-1.,0.));
#10683=DIRECTION('',(0.,0.,1.));
#10684=DIRECTION('',(0.,-1.,0.));
#10685=DIRECTION('',(1.,0.,0.));
#10686=DIRECTION('',(0.,-1.,0.));
#10687=DIRECTION('',(1.,0.,0.));
#10688=DIRECTION('',(0.,-1.,0.));
#10689=DIRECTION('',(0.,-1.,0.));
#10690=DIRECTION('',(1.,0.,0.));
#10691=DIRECTION('',(0.,-1.,0.));
#10692=DIRECTION('',(0.,-1.,0.));
#10693=DIRECTION('',(1.,0.,0.));
#10694=DIRECTION('',(0.,-1.,0.));
#10695=DIRECTION('',(0.,-1.,0.));
#10696=DIRECTION('',(1.,0.,0.));
#10697=DIRECTION('',(0.,-1.,0.));
#10698=DIRECTION('',(1.,0.,0.));
#10699=DIRECTION('',(-1.,0.,0.));
#10700=DIRECTION('',(0.,0.,1.));
#10701=DIRECTION('',(1.,0.,0.));
#10702=DIRECTION('',(1.,0.,0.));
#10703=DIRECTION('',(0.,-1.,0.));
#10704=DIRECTION('',(1.,0.,0.));
#10705=DIRECTION('',(0.,0.,-1.));
#10706=DIRECTION('',(-1.,0.,0.));
#10707=DIRECTION('',(1.,0.,0.));
#10708=DIRECTION('',(0.,-1.,0.));
#10709=DIRECTION('',(0.,-1.,0.));
#10710=DIRECTION('',(1.,0.,0.));
#10711=DIRECTION('',(0.,-1.,0.));
#10712=DIRECTION('',(1.,0.,0.));
#10713=DIRECTION('',(0.,-1.,0.));
#10714=DIRECTION('',(0.,1.,0.));
#10715=DIRECTION('',(-1.,0.,0.));
#10716=DIRECTION('',(1.,0.,0.));
#10717=DIRECTION('',(-1.,0.,0.));
#10718=DIRECTION('',(0.,0.,-1.));
#10719=DIRECTION('',(-1.,0.,0.));
#10720=DIRECTION('',(0.,1.,0.));
#10721=DIRECTION('',(0.,-1.,0.));
#10722=DIRECTION('',(1.,0.,0.));
#10723=DIRECTION('',(0.,-1.,0.));
#10724=DIRECTION('',(1.,0.,0.));
#10725=DIRECTION('',(0.,-1.,0.));
#10726=DIRECTION('',(0.,1.,0.));
#10727=DIRECTION('',(-1.,0.,0.));
#10728=DIRECTION('',(1.,0.,0.));
#10729=DIRECTION('',(-1.,0.,0.));
#10730=DIRECTION('',(0.,0.,-1.));
#10731=DIRECTION('',(-1.,0.,0.));
#10732=DIRECTION('',(0.,1.,0.));
#10733=DIRECTION('',(0.,-1.,0.));
#10734=DIRECTION('',(1.,0.,0.));
#10735=DIRECTION('',(0.,-1.,0.));
#10736=DIRECTION('',(0.,-1.,0.));
#10737=DIRECTION('',(1.,0.,0.));
#10738=DIRECTION('',(0.,1.,0.));
#10739=DIRECTION('',(-1.,0.,0.));
#10740=DIRECTION('',(1.,0.,0.));
#10741=DIRECTION('',(-1.,0.,0.));
#10742=DIRECTION('',(0.,0.,1.));
#10743=DIRECTION('',(0.,-1.,0.));
#10744=DIRECTION('',(0.,0.,1.));
#10745=DIRECTION('',(0.,0.,-1.));
#10746=DIRECTION('',(-1.,0.,0.));
#10747=DIRECTION('',(0.,1.,0.));
#10748=DIRECTION('',(-1.,0.,0.));
#10749=DIRECTION('',(0.,1.,0.));
#10750=DIRECTION('',(-1.,0.,0.));
#10751=DIRECTION('',(1.,0.,0.));
#10752=DIRECTION('',(1.,0.,0.));
#10753=DIRECTION('',(0.,0.,-1.));
#10754=DIRECTION('',(-1.,0.,0.));
#10755=DIRECTION('',(0.,-1.,0.));
#10756=DIRECTION('',(0.,0.,-1.));
#10757=DIRECTION('',(-1.,0.,0.));
#10758=DIRECTION('',(0.,-1.,0.));
#10759=DIRECTION('',(0.,-1.,0.));
#10760=DIRECTION('',(0.,1.,0.));
#10761=DIRECTION('',(0.,-1.,0.));
#10762=DIRECTION('',(1.,0.,0.));
#10763=DIRECTION('',(0.,-1.,0.));
#10764=DIRECTION('',(1.,0.,0.));
#10765=DIRECTION('',(0.,-1.,0.));
#10766=DIRECTION('',(0.,1.,0.));
#10767=DIRECTION('',(-1.,0.,0.));
#10768=DIRECTION('',(-1.,0.,0.));
#10769=DIRECTION('',(1.,0.,0.));
#10770=DIRECTION('',(0.,1.,0.));
#10771=DIRECTION('',(-1.,0.,0.));
#10772=DIRECTION('',(0.,0.,-1.));
#10773=DIRECTION('',(-1.,0.,0.));
#10774=DIRECTION('',(-1.,0.,0.));
#10775=DIRECTION('',(0.,1.,0.));
#10776=DIRECTION('',(-1.,0.,0.));
#10777=DIRECTION('',(0.,1.,0.));
#10778=DIRECTION('',(0.,1.,0.));
#10779=DIRECTION('',(-1.,0.,0.));
#10780=DIRECTION('',(-1.,0.,0.));
#10781=DIRECTION('',(1.,0.,0.));
#10782=DIRECTION('',(0.,0.,1.));
#10783=DIRECTION('',(0.,1.,0.));
#10784=DIRECTION('',(-1.,0.,0.));
#10785=DIRECTION('',(-1.,0.,0.));
#10786=DIRECTION('',(0.,1.,0.));
#10787=DIRECTION('',(-1.,0.,0.));
#10788=DIRECTION('',(1.,0.,0.));
#10789=DIRECTION('',(0.,0.,-1.));
#10790=DIRECTION('',(0.,1.,0.));
#10791=DIRECTION('',(0.,0.,1.));
#10792=DIRECTION('',(0.,1.,0.));
#10793=DIRECTION('',(-1.,0.,0.));
#10794=DIRECTION('',(0.,1.,0.));
#10795=DIRECTION('',(-1.,0.,0.));
#10796=DIRECTION('',(0.,-1.,0.));
#10797=DIRECTION('',(0.,1.,0.));
#10798=DIRECTION('',(-1.,0.,0.));
#10799=DIRECTION('',(0.,1.,0.));
#10800=DIRECTION('',(0.,0.,-1.));
#10801=DIRECTION('',(-1.,0.,0.));
#10802=DIRECTION('',(-1.,0.,0.));
#10803=DIRECTION('',(0.,1.,0.));
#10804=DIRECTION('',(-1.,0.,0.));
#10805=DIRECTION('',(0.,1.,0.));
#10806=DIRECTION('',(0.,1.,0.));
#10807=DIRECTION('',(-1.,0.,0.));
#10808=DIRECTION('',(-1.,0.,0.));
#10809=DIRECTION('',(1.,0.,0.));
#10810=DIRECTION('',(0.,0.,1.));
#10811=DIRECTION('',(0.,1.,0.));
#10812=DIRECTION('',(-1.,0.,0.));
#10813=DIRECTION('',(-1.,0.,0.));
#10814=DIRECTION('',(1.,0.,0.));
#10815=DIRECTION('',(0.,0.,-1.));
#10816=DIRECTION('',(0.,1.,0.));
#10817=DIRECTION('',(0.,0.,1.));
#10818=DIRECTION('',(0.,1.,0.));
#10819=DIRECTION('',(-1.,0.,0.));
#10820=DIRECTION('',(0.,1.,0.));
#10821=DIRECTION('',(-1.,0.,0.));
#10822=DIRECTION('',(0.,-1.,0.));
#10823=DIRECTION('',(0.,1.,0.));
#10824=DIRECTION('',(-1.,0.,0.));
#10825=DIRECTION('',(0.,1.,0.));
#10826=DIRECTION('',(0.,1.,0.));
#10827=DIRECTION('',(-1.,0.,0.));
#10828=DIRECTION('',(0.,1.,0.));
#10829=DIRECTION('',(-1.,0.,0.));
#10830=DIRECTION('',(0.,1.,0.));
#10831=DIRECTION('',(0.,-1.,0.));
#10832=DIRECTION('',(1.,0.,0.));
#10833=DIRECTION('',(-1.,0.,0.));
#10834=DIRECTION('',(1.,0.,0.));
#10835=DIRECTION('',(-1.,0.,0.));
#10836=DIRECTION('',(0.,0.,-1.));
#10837=DIRECTION('',(-1.,0.,0.));
#10838=DIRECTION('',(0.,1.,0.));
#10839=DIRECTION('',(0.,1.,0.));
#10840=DIRECTION('',(-1.,0.,0.));
#10841=DIRECTION('',(0.,1.,0.));
#10842=DIRECTION('',(-1.,0.,0.));
#10843=DIRECTION('',(0.,1.,0.));
#10844=DIRECTION('',(0.,-1.,0.));
#10845=DIRECTION('',(1.,0.,0.));
#10846=DIRECTION('',(-1.,0.,0.));
#10847=DIRECTION('',(1.,0.,0.));
#10848=DIRECTION('',(-1.,0.,0.));
#10849=DIRECTION('',(0.,0.,-1.));
#10850=DIRECTION('',(-1.,0.,0.));
#10851=DIRECTION('',(0.,1.,0.));
#10852=DIRECTION('',(0.,1.,0.));
#10853=DIRECTION('',(-1.,0.,0.));
#10854=DIRECTION('',(0.,1.,0.));
#10855=DIRECTION('',(0.,-1.,0.));
#10856=DIRECTION('',(0.,0.,-1.));
#10857=DIRECTION('',(-1.,0.,0.));
#10858=DIRECTION('',(-0.707106781187793,0.707106781185302,0.));
#10859=DIRECTION('',(0.,-1.,0.));
#10860=DIRECTION('',(-1.,0.,0.));
#10861=DIRECTION('',(0.,-1.,0.));
#10862=DIRECTION('',(0.707106781186548,0.707106781186548,0.));
#10863=DIRECTION('',(-0.707106781186548,0.707106781186548,0.));
#10864=DIRECTION('',(0.,0.,-1.));
#10865=DIRECTION('',(0.,0.,-1.));
#10866=DIRECTION('',(-1.,0.,0.));
#10867=DIRECTION('',(0.,-1.,0.));
#10868=DIRECTION('',(-1.,0.,0.));
#10869=DIRECTION('',(0.,0.,1.));
#10870=DIRECTION('',(0.,0.,-1.));
#10871=DIRECTION('',(-1.,0.,0.));
#10872=DIRECTION('',(1.,0.,0.));
#10873=DIRECTION('',(0.,1.,0.));
#10874=DIRECTION('',(1.,0.,0.));
#10875=DIRECTION('',(0.,1.,0.));
#10876=DIRECTION('',(0.,0.,-1.));
#10877=DIRECTION('',(-1.,0.,0.));
#10878=DIRECTION('',(0.,1.,0.));
#10879=DIRECTION('',(1.,0.,0.));
#10880=DIRECTION('',(0.,-1.,0.));
#10881=DIRECTION('',(0.,-1.,0.));
#10882=DIRECTION('',(1.,0.,0.));
#10883=DIRECTION('',(1.,0.,0.));
#10884=DIRECTION('',(0.,-1.,0.));
#10885=DIRECTION('',(1.,0.,0.));
#10886=DIRECTION('',(0.,-1.,0.));
#10887=DIRECTION('',(1.,0.,0.));
#10888=DIRECTION('',(0.,-1.,0.));
#10889=DIRECTION('',(0.,-1.,0.));
#10890=DIRECTION('',(1.,0.,0.));
#10891=DIRECTION('',(0.,-1.,0.));
#10892=DIRECTION('',(0.,1.,0.));
#10893=DIRECTION('',(-1.,0.,0.));
#10894=DIRECTION('',(1.,0.,0.));
#10895=DIRECTION('',(0.,1.,0.));
#10896=DIRECTION('',(-1.,0.,0.));
#10897=DIRECTION('',(0.,1.,0.));
#10898=DIRECTION('',(-1.,0.,0.));
#10899=DIRECTION('',(0.,1.,0.));
#10900=DIRECTION('',(0.,0.,-1.));
#10901=DIRECTION('',(-1.,0.,0.));
#10902=DIRECTION('',(-1.,0.,0.));
#10903=DIRECTION('',(0.,1.,0.));
#10904=DIRECTION('',(-1.,0.,0.));
#10905=DIRECTION('',(0.,1.,0.));
#10906=DIRECTION('',(0.,1.,0.));
#10907=DIRECTION('',(-1.,0.,0.));
#10908=DIRECTION('',(1.,0.,0.));
#10909=DIRECTION('',(0.,0.,1.));
#10910=DIRECTION('',(0.,1.,0.));
#10911=DIRECTION('',(-1.,0.,0.));
#10912=DIRECTION('',(-1.,0.,0.));
#10913=DIRECTION('',(1.,0.,0.));
#10914=DIRECTION('',(0.,0.,-1.));
#10915=DIRECTION('',(0.,1.,0.));
#10916=DIRECTION('',(0.,0.,1.));
#10917=DIRECTION('',(1.,0.,0.));
#10918=DIRECTION('',(0.,0.,-1.));
#10919=DIRECTION('',(0.,1.,0.));
#10920=DIRECTION('',(0.,0.,1.));
#10921=DIRECTION('',(0.,1.,0.));
#10922=DIRECTION('',(0.,0.,-1.));
#10923=DIRECTION('',(0.,1.,0.));
#10924=DIRECTION('',(-1.,0.,0.));
#10925=DIRECTION('',(0.,1.,0.));
#10926=DIRECTION('',(-1.,0.,0.));
#10927=DIRECTION('',(0.,1.,0.));
#10928=DIRECTION('',(-1.,0.,0.));
#10929=DIRECTION('',(0.,1.,0.));
#10930=DIRECTION('',(0.,1.,0.));
#10931=DIRECTION('',(-1.,0.,0.));
#10932=DIRECTION('',(1.,0.,0.));
#10933=DIRECTION('',(-1.,0.,0.));
#10934=DIRECTION('',(0.,1.,0.));
#10935=DIRECTION('',(-1.,0.,0.));
#10936=DIRECTION('',(-1.,0.,0.));
#10937=DIRECTION('',(0.,0.,-1.));
#10938=DIRECTION('',(-1.,0.,0.));
#10939=DIRECTION('',(-1.,0.,0.));
#10940=DIRECTION('',(0.,1.,0.));
#10941=DIRECTION('',(0.,0.,-1.));
#10942=DIRECTION('',(-1.,0.,0.));
#10943=DIRECTION('',(0.,1.,0.));
#10944=DIRECTION('',(1.,0.,0.));
#10945=DIRECTION('',(0.,-1.,0.));
#10946=DIRECTION('',(1.,0.,0.));
#10947=DIRECTION('',(1.,0.,0.));
#10948=DIRECTION('',(0.,1.,0.));
#10949=DIRECTION('',(-1.,0.,0.));
#10950=DIRECTION('',(1.,0.,0.));
#10951=DIRECTION('',(0.,1.,0.));
#10952=DIRECTION('',(-1.,0.,0.));
#10953=DIRECTION('',(0.,1.,0.));
#10954=DIRECTION('',(-1.,0.,0.));
#10955=DIRECTION('',(0.,1.,0.));
#10956=DIRECTION('',(0.,1.,0.));
#10957=DIRECTION('',(-1.,0.,0.));
#10958=DIRECTION('',(0.,1.,0.));
#10959=DIRECTION('',(-1.,0.,0.));
#10960=DIRECTION('',(0.,1.,0.));
#10961=DIRECTION('',(0.,-1.,0.));
#10962=DIRECTION('',(1.,0.,0.));
#10963=DIRECTION('',(-1.,0.,0.));
#10964=DIRECTION('',(1.,0.,0.));
#10965=DIRECTION('',(0.,0.,-1.));
#10966=DIRECTION('',(-1.,0.,0.));
#10967=DIRECTION('',(0.,1.,0.));
#10968=DIRECTION('',(0.,0.,-1.));
#10969=DIRECTION('',(-1.,0.,0.));
#10970=DIRECTION('',(0.,1.,0.));
#10971=DIRECTION('',(-1.,0.,0.));
#10972=DIRECTION('',(0.,1.,0.));
#10973=DIRECTION('',(-1.,0.,0.));
#10974=DIRECTION('',(0.,1.,0.));
#10975=DIRECTION('',(-1.,0.,0.));
#10976=DIRECTION('',(0.,1.,0.));
#10977=DIRECTION('',(-1.,0.,0.));
#10978=DIRECTION('',(0.,1.,0.));
#10979=DIRECTION('',(1.,0.,0.));
#10980=DIRECTION('',(0.,-1.,0.));
#10981=DIRECTION('',(1.,0.,0.));
#10982=DIRECTION('',(0.,-1.,0.));
#10983=DIRECTION('',(1.,0.,0.));
#10984=DIRECTION('',(0.,-1.,0.));
#10985=DIRECTION('',(1.,0.,0.));
#10986=DIRECTION('',(0.,-1.,0.));
#10987=DIRECTION('',(1.,0.,0.));
#10988=DIRECTION('',(0.,-1.,0.));
#10989=DIRECTION('',(-1.,0.,0.));
#10990=DIRECTION('',(-1.,0.,0.));
#10991=DIRECTION('',(1.,0.,0.));
#10992=DIRECTION('',(0.,1.,0.));
#10993=DIRECTION('',(1.,0.,0.));
#10994=DIRECTION('',(0.,1.,0.));
#10995=DIRECTION('',(0.707106781186548,0.,-0.707106781186548));
#10996=DIRECTION('',(-0.707106781186548,0.,-0.707106781186548));
#10997=DIRECTION('',(-0.707106781186424,0.,-0.707106781186671));
#10998=DIRECTION('',(0.,1.,0.));
#10999=DIRECTION('',(-0.707106781186424,0.,-0.707106781186671));
#11000=DIRECTION('',(0.,-1.,0.));
#11001=DIRECTION('',(0.,-1.,0.));
#11002=DIRECTION('',(1.,0.,0.));
#11003=DIRECTION('',(0.,0.,1.));
#11004=DIRECTION('',(0.,0.,-1.));
#11005=DIRECTION('',(1.,0.,0.));
#11006=DIRECTION('',(0.,0.,-1.));
#11007=DIRECTION('',(0.,0.,1.));
#11008=DIRECTION('',(0.,-1.,0.));
#11009=DIRECTION('',(0.,1.,0.));
#11010=DIRECTION('',(0.,-1.,0.));
#11011=DIRECTION('',(0.,1.,0.));
#11012=DIRECTION('',(0.,-1.,0.));
#11013=DIRECTION('',(0.,1.,0.));
#11014=DIRECTION('',(0.,1.,0.));
#11015=DIRECTION('',(0.,-1.,0.));
#11016=DIRECTION('',(0.,-1.,0.));
#11017=DIRECTION('',(0.,-1.,0.));
#11018=DIRECTION('',(0.,-1.,0.));
#11019=DIRECTION('',(0.,0.,-1.));
#11020=DIRECTION('',(-1.,0.,0.));
#11021=DIRECTION('',(1.,0.,0.));
#11022=DIRECTION('',(0.,1.,0.));
#11023=DIRECTION('',(-1.,0.,0.));
#11024=DIRECTION('',(0.,1.,0.));
#11025=DIRECTION('',(-1.,0.,0.));
#11026=DIRECTION('',(0.,-1.,0.));
#11027=DIRECTION('',(1.,0.,0.));
#11028=DIRECTION('',(0.,1.,0.));
#11029=DIRECTION('',(-1.,0.,0.));
#11030=DIRECTION('',(0.,1.,0.));
#11031=DIRECTION('',(-1.,0.,0.));
#11032=DIRECTION('',(-1.,0.,0.));
#11033=DIRECTION('',(0.,0.,-1.));
#11034=DIRECTION('',(-1.,0.,0.));
#11035=DIRECTION('',(-1.,0.,0.));
#11036=DIRECTION('',(-1.,0.,0.));
#11037=DIRECTION('',(0.,-1.,0.));
#11038=DIRECTION('',(1.,0.,0.));
#11039=DIRECTION('',(0.,0.,-1.));
#11040=DIRECTION('',(0.,0.,-1.));
#11041=DIRECTION('',(0.,-1.,0.));
#11042=DIRECTION('',(0.,0.,-1.));
#11043=DIRECTION('',(0.,1.,0.));
#11044=DIRECTION('',(-1.,0.,0.));
#11045=DIRECTION('',(0.,0.,1.));
#11046=DIRECTION('',(-1.,0.,0.));
#11047=DIRECTION('',(1.,0.,0.));
#11048=DIRECTION('',(-8.8591396328424E-07,0.999999995286092,9.70929044276867E-05));
#11049=DIRECTION('',(0.,-9.70929044277248E-05,0.999999995286484));
#11050=DIRECTION('',(0.,0.,-1.));
#11051=DIRECTION('',(-8.8591396328424E-07,0.999999995286092,9.70929044276867E-05));
#11052=DIRECTION('',(0.00912401465830467,9.7096946057815E-05,-0.999958370597846));
#11053=DIRECTION('',(1.,2.46741120248726E-13,7.89170630475517E-10));
#11054=DIRECTION('',(-1.,0.,0.));
#11055=DIRECTION('',(0.,0.,1.));
#11056=DIRECTION('',(0.,0.,1.));
#11057=DIRECTION('',(0.,-1.,0.));
#11058=DIRECTION('',(0.,-1.,0.));
#11059=DIRECTION('',(0.,1.,0.));
#11060=DIRECTION('',(0.,-1.,0.));
#11061=DIRECTION('',(0.,1.,0.));
#11062=DIRECTION('',(0.,-1.,0.));
#11063=DIRECTION('',(0.,1.,0.));
#11064=DIRECTION('',(-1.,0.,0.));
#11065=DIRECTION('',(-1.,0.,0.));
#11066=DIRECTION('',(-1.,0.,0.));
#11067=DIRECTION('',(0.,0.,1.));
#11068=DIRECTION('',(-1.,0.,0.));
#11069=DIRECTION('',(-1.,0.,0.));
#11070=DIRECTION('',(0.,0.,1.));
#11071=DIRECTION('',(-1.,0.,0.));
#11072=DIRECTION('',(-1.,0.,0.));
#11073=DIRECTION('',(0.,0.,1.));
#11074=DIRECTION('',(0.,0.,-1.));
#11075=DIRECTION('',(-1.,0.,0.));
#11076=DIRECTION('',(1.,0.,0.));
#11077=DIRECTION('',(0.,1.,0.));
#11078=DIRECTION('',(0.707106781187799,-0.707106781185296,0.));
#11079=DIRECTION('',(0.,1.,0.));
#11080=DIRECTION('',(1.,0.,0.));
#11081=DIRECTION('',(1.,0.,0.));
#11082=DIRECTION('',(0.,0.,-1.));
#11083=DIRECTION('',(0.,1.,0.));
#11084=DIRECTION('',(0.,0.,1.));
#11085=DIRECTION('',(0.,1.,0.));
#11086=DIRECTION('',(0.,0.,1.));
#11087=DIRECTION('',(-1.,0.,0.));
#11088=DIRECTION('',(0.,0.,1.));
#11089=DIRECTION('',(0.,-1.,0.));
#11090=DIRECTION('',(0.,0.,-1.));
#11091=DIRECTION('',(0.,0.,-1.));
#11092=DIRECTION('',(0.00187792641986874,-0.498263860527618,-0.867023412996717));
#11093=DIRECTION('',(0.,-0.867024941826456,0.498264739120511));
#11094=DIRECTION('',(1.,4.20127042620055E-12,-1.12571061212128E-12));
#11095=DIRECTION('',(4.10450345669866E-12,-0.867913400263878,0.496715541977894));
#11096=DIRECTION('',(-5.06181495904734E-14,1.35905266018579E-13,1.));
#11097=DIRECTION('',(0.,1.,-1.35905266018579E-13));
#11098=DIRECTION('',(0.999999999945156,-1.04193003888242E-05,1.06104771807053E-06));
#11099=DIRECTION('',(-9.55493318967815E-06,-0.866145505609334,0.499791919724053));
#11100=DIRECTION('',(0.,-1.,0.));
#11101=DIRECTION('',(1.,0.,0.));
#11102=DIRECTION('',(-1.,0.,0.));
#11103=DIRECTION('',(0.,0.,-1.));
#11104=DIRECTION('',(1.,0.,0.));
#11105=DIRECTION('',(0.,0.,1.));
#11106=DIRECTION('',(0.,0.,-1.));
#11107=DIRECTION('',(-1.,0.,0.));
#11108=DIRECTION('',(-1.,0.,0.));
#11109=DIRECTION('',(-1.,0.,0.));
#11110=DIRECTION('',(0.,-1.,0.));
#11111=DIRECTION('',(0.,-1.,0.));
#11112=DIRECTION('',(1.,0.,0.));
#11113=DIRECTION('',(0.,1.,0.));
#11114=DIRECTION('',(-1.,0.,0.));
#11115=DIRECTION('',(0.,1.,0.));
#11116=DIRECTION('',(-1.,0.,0.));
#11117=DIRECTION('',(-1.,0.,0.));
#11118=DIRECTION('',(0.,0.,1.));
#11119=DIRECTION('',(1.,0.,0.));
#11120=DIRECTION('',(0.,-1.,0.));
#11121=DIRECTION('',(1.,0.,0.));
#11122=DIRECTION('',(0.,-1.,0.));
#11123=DIRECTION('',(0.,-1.,0.));
#11124=DIRECTION('',(1.,0.,0.));
#11125=DIRECTION('',(0.,-1.,0.));
#11126=DIRECTION('',(0.,1.,0.));
#11127=DIRECTION('',(-1.,0.,0.));
#11128=DIRECTION('',(0.,1.,0.));
#11129=DIRECTION('',(0.,1.,0.));
#11130=DIRECTION('',(-1.,0.,0.));
#11131=DIRECTION('',(0.,-1.,0.));
#11132=DIRECTION('',(-1.,0.,0.));
#11133=DIRECTION('',(0.,1.,0.));
#11134=DIRECTION('',(0.,-1.,0.));
#11135=DIRECTION('',(-1.,0.,0.));
#11136=DIRECTION('',(0.,0.,-1.));
#11137=DIRECTION('',(-1.,0.,0.));
#11138=DIRECTION('',(0.,-0.707106781186548,-0.707106781186548));
#11139=DIRECTION('',(0.,-0.707106781186548,0.707106781186548));
#11140=DIRECTION('',(1.,0.,0.));
#11141=DIRECTION('',(0.,-0.707106781186539,0.707106781186556));
#11142=DIRECTION('',(-1.,0.,0.));
#11143=DIRECTION('',(0.,-0.707106781186539,0.707106781186556));
#11144=DIRECTION('',(1.,0.,0.));
#11145=DIRECTION('',(0.,-0.707106781186539,0.707106781186556));
#11146=DIRECTION('',(1.,0.,0.));
#11147=DIRECTION('',(0.,-0.707106781186539,0.707106781186556));
#11148=DIRECTION('',(0.,0.,-1.));
#11149=DIRECTION('',(-1.,0.,0.));
#11150=DIRECTION('',(1.,0.,0.));
#11151=DIRECTION('',(1.,0.,0.));
#11152=DIRECTION('',(0.,1.,0.));
#11153=DIRECTION('',(-1.,0.,0.));
#11154=DIRECTION('',(0.,0.,1.));
#11155=DIRECTION('',(0.,-1.,0.));
#11156=DIRECTION('',(0.,0.,1.));
#11157=DIRECTION('',(0.,0.,1.));
#11158=DIRECTION('',(0.,-1.,0.));
#11159=DIRECTION('',(1.,0.,0.));
#11160=DIRECTION('',(0.447213595500328,0.,0.894427190999731));
#11161=DIRECTION('',(-1.,0.,0.));
#11162=DIRECTION('',(0.447213595499646,0.,-0.894427191000072));
#11163=DIRECTION('',(1.,0.,0.));
#11164=DIRECTION('',(0.,-1.,0.));
#11165=DIRECTION('',(1.,0.,0.));
#11166=DIRECTION('',(0.,1.,0.));
#11167=DIRECTION('',(-1.,0.,0.));
#11168=DIRECTION('',(0.,0.,1.));
#11169=DIRECTION('',(1.,0.,0.));
#11170=DIRECTION('',(-1.,0.,0.));
#11171=DIRECTION('',(0.,-1.,0.));
#11172=DIRECTION('',(0.,1.,0.));
#11173=DIRECTION('',(-1.,0.,0.));
#11174=DIRECTION('',(0.,1.,0.));
#11175=DIRECTION('',(-1.,0.,0.));
#11176=DIRECTION('',(0.,0.,-1.));
#11177=DIRECTION('',(-1.,0.,0.));
#11178=DIRECTION('',(1.,0.,0.));
#11179=DIRECTION('',(1.,0.,0.));
#11180=DIRECTION('',(8.85914087308791E-07,0.999999995286092,9.70929008541118E-05));
#11181=DIRECTION('',(0.,-9.70929008541498E-05,0.999999995286484));
#11182=DIRECTION('',(0.,0.,-1.));
#11183=DIRECTION('',(-1.,2.46741120248726E-13,7.89317133015665E-10));
#11184=DIRECTION('',(0.,-1.,0.));
#11185=DIRECTION('',(1.,0.,0.));
#11186=DIRECTION('',(0.00187792642005662,0.498263860527631,0.867023412996709));
#11187=DIRECTION('',(0.,0.867024941826449,-0.498264739120523));
#11188=DIRECTION('',(0.999999999945158,1.04191792884547E-05,-1.06099862093151E-06));
#11189=DIRECTION('',(9.55480394457458E-06,-0.86614550560966,0.49979191972349));
#11190=DIRECTION('',(-2.01940015793613E-13,-1.33710322650431E-13,-1.));
#11191=DIRECTION('',(-1.,0.,2.01940015793613E-13));
#11192=DIRECTION('',(1.,-2.53829778184084E-12,6.8012492886021E-13));
#11193=DIRECTION('',(-2.73633563781712E-12,-0.867913400263007,0.496715541979416));
#11194=DIRECTION('',(0.,-1.,0.));
#11195=DIRECTION('',(1.,0.,0.));
#11196=DIRECTION('',(0.,-1.,0.));
#11197=DIRECTION('',(0.,1.,0.));
#11198=DIRECTION('',(1.,0.,0.));
#11199=DIRECTION('',(0.,1.,0.));
#11200=DIRECTION('',(0.,1.,0.));
#11201=DIRECTION('',(1.,0.,0.));
#11202=DIRECTION('',(0.,-1.,0.));
#11203=DIRECTION('',(1.,0.,0.));
#11204=DIRECTION('',(0.,1.,0.));
#11205=DIRECTION('',(0.,0.,-1.));
#11206=DIRECTION('',(0.707106781188005,0.707106781185091,0.));
#11207=DIRECTION('',(0.,1.,0.));
#11208=DIRECTION('',(-1.,0.,0.));
#11209=DIRECTION('',(0.,0.,-1.));
#11210=DIRECTION('',(-1.,0.,0.));
#11211=DIRECTION('',(-1.,0.,0.));
#11212=DIRECTION('',(0.,1.,0.));
#11213=DIRECTION('',(-1.,0.,0.));
#11214=DIRECTION('',(0.,-0.894427191000368,-0.447213595499055));
#11215=DIRECTION('',(0.,-0.447213595499055,0.894427191000368));
#11216=DIRECTION('',(-1.,0.,0.));
#11217=DIRECTION('',(0.,0.447213595499096,-0.894427191000347));
#11218=DIRECTION('',(1.,0.,0.));
#11219=DIRECTION('',(0.,-0.447213595499096,0.894427191000347));
#11220=DIRECTION('',(0.,0.,-1.));
#11221=DIRECTION('',(-1.,0.,0.));
#11222=DIRECTION('',(0.,0.,1.));
#11223=DIRECTION('',(1.,0.,0.));
#11224=DIRECTION('',(0.,-1.,0.));
#11225=DIRECTION('',(0.,-1.,0.));
#11226=DIRECTION('',(1.,0.,0.));
#11227=DIRECTION('',(-1.,0.,0.));
#11228=DIRECTION('',(0.,0.,1.));
#11229=DIRECTION('',(1.,0.,0.));
#11230=DIRECTION('',(0.,0.,-1.));
#11231=DIRECTION('',(-1.,0.,0.));
#11232=DIRECTION('',(0.,1.,0.));
#11233=DIRECTION('',(-1.,0.,0.));
#11234=DIRECTION('',(0.,-1.,0.));
#11235=DIRECTION('',(-1.,0.,0.));
#11236=DIRECTION('',(0.,0.,1.));
#11237=DIRECTION('',(0.,-0.447213595499055,0.894427191000368));
#11238=DIRECTION('',(0.,1.,0.));
#11239=DIRECTION('',(0.,1.,0.));
#11240=DIRECTION('',(-1.,0.,0.));
#11241=DIRECTION('',(0.,1.,0.));
#11242=DIRECTION('',(-1.,0.,0.));
#11243=DIRECTION('',(0.,1.,0.));
#11244=DIRECTION('',(-1.,0.,0.));
#11245=DIRECTION('',(0.,-1.,0.));
#11246=DIRECTION('',(0.,1.,0.));
#11247=DIRECTION('',(-1.,0.,0.));
#11248=DIRECTION('',(0.,-1.,0.));
#11249=DIRECTION('',(1.,0.,0.));
#11250=DIRECTION('',(0.,-1.,0.));
#11251=DIRECTION('',(1.,0.,0.));
#11252=DIRECTION('',(0.,-1.,0.));
#11253=DIRECTION('',(1.,0.,0.));
#11254=DIRECTION('',(0.894427190999978,0.,-0.447213595499834));
#11255=DIRECTION('',(-0.447213595499834,0.,-0.894427190999978));
#11256=DIRECTION('',(-0.33333333333323,0.666666666666696,-0.666666666666689));
#11257=DIRECTION('',(0.,1.,0.));
#11258=DIRECTION('',(-0.447213595499834,0.,-0.894427190999978));
#11259=DIRECTION('',(0.,1.,0.));
#11260=DIRECTION('',(0.447213595499834,0.,0.894427190999978));
#11261=DIRECTION('',(0.,-1.,0.));
#11262=DIRECTION('',(0.,0.,-1.));
#11263=DIRECTION('',(-1.,0.,0.));
#11264=DIRECTION('',(-1.,0.,0.));
#11265=DIRECTION('',(-1.,0.,0.));
#11266=DIRECTION('',(-0.70710678118806,-0.707106781185035,0.));
#11267=DIRECTION('',(0.,1.,0.));
#11268=DIRECTION('',(-1.,0.,0.));
#11269=DIRECTION('',(0.,1.,0.));
#11270=DIRECTION('',(-1.,0.,0.));
#11271=DIRECTION('',(0.,1.,0.));
#11272=DIRECTION('',(-1.,0.,0.));
#11273=DIRECTION('',(0.,1.,0.));
#11274=DIRECTION('',(-1.,0.,0.));
#11275=DIRECTION('',(0.,1.,0.));
#11276=DIRECTION('',(0.,1.,0.));
#11277=DIRECTION('',(-1.,0.,0.));
#11278=DIRECTION('',(0.,1.,0.));
#11279=DIRECTION('',(-1.,0.,0.));
#11280=DIRECTION('',(0.,1.,0.));
#11281=DIRECTION('',(-1.,0.,0.));
#11282=DIRECTION('',(0.,-1.,0.));
#11283=DIRECTION('',(1.,0.,0.));
#11284=DIRECTION('',(-1.,0.,0.));
#11285=DIRECTION('',(0.,0.,-1.));
#11286=DIRECTION('',(0.,0.,-1.));
#11287=DIRECTION('',(-1.,0.,0.));
#11288=DIRECTION('',(0.,0.,1.));
#11289=DIRECTION('',(-1.,0.,0.));
#11290=DIRECTION('',(0.,0.,1.));
#11291=DIRECTION('',(1.,0.,0.));
#11292=DIRECTION('',(-1.,0.,0.));
#11293=DIRECTION('',(0.,0.,1.));
#11294=DIRECTION('',(-1.,0.,0.));
#11295=DIRECTION('',(-0.707106781186548,0.,-0.707106781186548));
#11296=DIRECTION('',(-0.707106781186548,0.,0.707106781186548));
#11297=DIRECTION('',(0.707106781186781,0.,-0.707106781186314));
#11298=DIRECTION('',(-1.,0.,0.));
#11299=DIRECTION('',(0.,0.,1.));
#11300=DIRECTION('',(0.,-1.,0.));
#11301=DIRECTION('',(0.,0.,1.));
#11302=DIRECTION('',(0.,-1.,0.));
#11303=DIRECTION('',(0.,0.,1.));
#11304=DIRECTION('',(0.,0.,-1.));
#11305=DIRECTION('',(-1.,0.,0.));
#11306=DIRECTION('',(0.,1.,0.));
#11307=DIRECTION('',(-1.,0.,0.));
#11308=DIRECTION('',(0.,-1.,0.));
#11309=DIRECTION('',(0.,-1.,0.));
#11310=DIRECTION('',(1.,0.,0.));
#11311=DIRECTION('',(0.,-1.,0.));
#11312=DIRECTION('',(0.,-1.,0.));
#11313=DIRECTION('',(1.,0.,0.));
#11314=DIRECTION('',(0.,-1.,0.));
#11315=DIRECTION('',(1.,0.,0.));
#11316=DIRECTION('',(0.,-1.,0.));
#11317=DIRECTION('',(0.00713523579787155,0.,0.999974543881047));
#11318=DIRECTION('',(0.,1.,0.));
#11319=DIRECTION('',(-1.,0.,0.));
#11320=DIRECTION('',(1.,0.,0.));
#11321=DIRECTION('',(0.,0.,-1.));
#11322=DIRECTION('',(0.,1.,0.));
#11323=DIRECTION('',(0.,1.,0.));
#11324=DIRECTION('',(0.,0.,1.));
#11325=DIRECTION('',(0.,0.447213595499083,0.894427191000353));
#11326=DIRECTION('',(0.,-1.,0.));
#11327=DIRECTION('',(1.,0.,0.));
#11328=DIRECTION('',(0.,-1.,0.));
#11329=DIRECTION('',(1.,0.,0.));
#11330=DIRECTION('',(0.,-1.,0.));
#11331=DIRECTION('',(1.,0.,0.));
#11332=DIRECTION('',(0.,0.,-1.));
#11333=DIRECTION('',(-1.,0.,0.));
#11334=DIRECTION('',(-1.,0.,0.));
#11335=DIRECTION('',(0.,1.,0.));
#11336=DIRECTION('',(0.,1.,0.));
#11337=DIRECTION('',(0.,1.,0.));
#11338=DIRECTION('',(-1.,0.,0.));
#11339=DIRECTION('',(1.,0.,0.));
#11340=DIRECTION('',(0.,0.,-1.));
#11341=DIRECTION('',(-1.,0.,0.));
#11342=DIRECTION('',(1.,0.,0.));
#11343=DIRECTION('',(0.,-1.,0.));
#11344=DIRECTION('',(1.,0.,0.));
#11345=DIRECTION('',(0.,0.,-1.));
#11346=DIRECTION('',(-1.,0.,0.));
#11347=DIRECTION('',(0.,-1.,0.));
#11348=DIRECTION('',(0.,1.,0.));
#11349=DIRECTION('',(0.,1.,0.));
#11350=DIRECTION('',(-0.0071352357984548,0.,0.999974543881043));
#11351=DIRECTION('',(0.,1.,0.));
#11352=DIRECTION('',(-1.,0.,0.));
#11353=DIRECTION('',(0.,-1.,0.));
#11354=DIRECTION('',(1.,0.,0.));
#11355=DIRECTION('',(1.,0.,0.));
#11356=DIRECTION('',(1.,0.,0.));
#11357=DIRECTION('',(-0.447213595499906,0.,0.894427190999942));
#11358=DIRECTION('',(-1.,0.,0.));
#11359=DIRECTION('',(0.,0.,1.));
#11360=DIRECTION('',(-0.894427190999942,0.,-0.447213595499906));
#11361=DIRECTION('',(-0.447213595499906,0.,0.894427190999942));
#11362=DIRECTION('',(-1.,0.,0.));
#11363=DIRECTION('',(-0.894427190999731,0.,0.447213595500328));
#11364=DIRECTION('',(-0.447213595500328,0.,-0.894427190999731));
#11365=DIRECTION('',(-1.,0.,0.));
#11366=DIRECTION('',(0.,0.,-1.));
#11367=DIRECTION('',(-1.,0.,0.));
#11368=DIRECTION('',(-0.894427190999942,0.,-0.447213595499906));
#11369=DIRECTION('',(-0.447213595499906,0.,0.894427190999942));
#11370=DIRECTION('',(-0.447213595499906,0.,0.894427190999942));
#11371=DIRECTION('',(0.,-1.,0.));
#11372=DIRECTION('',(0.,-1.,0.));
#11373=DIRECTION('',(0.,-1.,0.));
#11374=DIRECTION('',(0.,0.,-1.));
#11375=DIRECTION('',(-1.,0.,0.));
#11376=DIRECTION('',(-1.,0.,0.));
#11377=DIRECTION('',(0.,1.,0.));
#11378=DIRECTION('',(0.,0.,-1.));
#11379=DIRECTION('',(-1.,0.,0.));
#11380=DIRECTION('',(0.,-1.,0.));
#11381=DIRECTION('',(0.,-1.,0.));
#11382=DIRECTION('',(0.,1.,0.));
#11383=DIRECTION('',(-1.,0.,0.));
#11384=DIRECTION('',(0.,0.,1.));
#11385=DIRECTION('',(1.,0.,0.));
#11386=DIRECTION('',(-1.,0.,0.));
#11387=DIRECTION('',(0.,1.,0.));
#11388=DIRECTION('',(-1.,0.,0.));
#11389=DIRECTION('',(-1.,0.,0.));
#11390=DIRECTION('',(0.,0.,1.));
#11391=DIRECTION('',(0.,0.,-1.));
#11392=DIRECTION('',(-1.,0.,0.));
#11393=DIRECTION('',(1.,0.,0.));
#11394=DIRECTION('',(0.,0.,-1.));
#11395=DIRECTION('',(-1.,0.,0.));
#11396=DIRECTION('',(1.,0.,0.));
#11397=DIRECTION('',(0.,1.,0.));
#11398=DIRECTION('',(0.,0.,-1.));
#11399=DIRECTION('',(-1.,0.,0.));
#11400=DIRECTION('',(0.,-1.,0.));
#11401=DIRECTION('',(1.,0.,0.));
#11402=DIRECTION('',(-1.,0.,0.));
#11403=DIRECTION('',(0.,-1.,0.));
#11404=DIRECTION('',(1.,0.,0.));
#11405=DIRECTION('',(0.,0.,-1.));
#11406=DIRECTION('',(-1.,0.,0.));
#11407=DIRECTION('',(0.,0.,-1.));
#11408=DIRECTION('',(-1.,0.,0.));
#11409=DIRECTION('',(1.,0.,0.));
#11410=DIRECTION('',(0.,-1.,0.));
#11411=DIRECTION('',(0.,-1.,0.));
#11412=DIRECTION('',(1.,0.,0.));
#11413=DIRECTION('',(0.,-1.,0.));
#11414=DIRECTION('',(0.,0.,-1.));
#11415=DIRECTION('',(-1.,0.,0.));
#11416=DIRECTION('',(1.,0.,0.));
#11417=DIRECTION('',(0.,1.,0.));
#11418=DIRECTION('',(-1.,0.,0.));
#11419=DIRECTION('',(0.,0.,1.));
#11420=DIRECTION('',(0.,0.894427191000361,-0.447213595499068));
#11421=DIRECTION('',(0.,-0.447213595499068,-0.894427191000361));
#11422=DIRECTION('',(0.,-0.447213595499083,-0.894427191000353));
#11423=DIRECTION('',(-1.,0.,0.));
#11424=DIRECTION('',(0.,-1.,0.));
#11425=DIRECTION('',(1.,0.,0.));
#11426=DIRECTION('',(0.,-1.,0.));
#11427=DIRECTION('',(1.,0.,0.));
#11428=DIRECTION('',(0.,-1.,0.));
#11429=DIRECTION('',(1.,0.,0.));
#11430=DIRECTION('',(0.,-1.,0.));
#11431=DIRECTION('',(1.,0.,0.));
#11432=DIRECTION('',(0.447213595500328,0.,0.894427190999731));
#11433=DIRECTION('',(-0.447213595499646,0.,0.894427191000072));
#11434=DIRECTION('',(-1.,0.,0.));
#11435=DIRECTION('',(0.,0.,-1.));
#11436=DIRECTION('',(1.,0.,0.));
#11437=DIRECTION('',(0.,0.,-1.));
#11438=DIRECTION('',(1.,0.,0.));
#11439=DIRECTION('',(0.,0.,-1.));
#11440=DIRECTION('',(-1.,0.,0.));
#11441=DIRECTION('',(0.,-1.,0.));
#11442=DIRECTION('',(1.,0.,0.));
#11443=DIRECTION('',(0.,1.,0.));
#11444=DIRECTION('',(0.,-1.,0.));
#11445=DIRECTION('',(1.,0.,0.));
#11446=DIRECTION('',(1.,0.,0.));
#11447=DIRECTION('',(1.,0.,0.));
#11448=DIRECTION('',(0.,0.,-1.));
#11449=DIRECTION('',(0.,-1.,0.));
#11450=DIRECTION('',(-0.894427191000072,0.,-0.447213595499646));
#11451=DIRECTION('',(-0.447213595499646,0.,0.894427191000072));
#11452=DIRECTION('',(0.333333333333073,0.666666666666735,-0.666666666666728));
#11453=DIRECTION('',(0.,-1.,0.));
#11454=DIRECTION('',(0.,1.,0.));
#11455=DIRECTION('',(1.,0.,0.));
#11456=DIRECTION('',(0.,0.,-1.));
#11457=DIRECTION('',(0.,0.,1.));
#11458=DIRECTION('',(0.,0.,-1.));
#11459=DIRECTION('',(-1.,0.,0.));
#11460=DIRECTION('',(0.,-1.,0.));
#11461=DIRECTION('',(0.707106781186548,-0.707106781186548,0.));
#11462=DIRECTION('',(0.707106781186548,0.707106781186548,0.));
#11463=DIRECTION('',(0.,0.,-1.));
#11464=DIRECTION('',(0.,1.,0.));
#11465=DIRECTION('',(-1.,0.,0.));
#11466=DIRECTION('',(-1.,0.,0.));
#11467=DIRECTION('',(0.,1.,0.));
#11468=DIRECTION('',(-1.,0.,0.));
#11469=DIRECTION('',(0.,-1.,0.));
#11470=DIRECTION('',(1.,0.,0.));
#11471=DIRECTION('',(0.,0.957826285221174,-0.287347885566269));
#11472=DIRECTION('',(0.,-0.287347885566269,-0.957826285221174));
#11473=DIRECTION('',(-1.,0.,0.));
#11474=DIRECTION('',(0.,0.287347885566269,0.957826285221174));
#11475=DIRECTION('',(-1.,0.,0.));
#11476=DIRECTION('',(0.,0.287347885566269,0.957826285221174));
#11477=DIRECTION('',(-1.,0.,0.));
#11478=DIRECTION('',(0.,0.,1.));
#11479=DIRECTION('',(0.,-0.707106781186548,-0.707106781186548));
#11480=DIRECTION('',(0.,-0.707106781186548,0.707106781186548));
#11481=DIRECTION('',(1.,0.,0.));
#11482=DIRECTION('',(-1.,0.,0.));
#11483=DIRECTION('',(1.,0.,0.));
#11484=DIRECTION('',(0.,0.,-1.));
#11485=DIRECTION('',(0.,1.,0.));
#11486=DIRECTION('',(0.,1.,0.));
#11487=DIRECTION('',(-1.,0.,0.));
#11488=DIRECTION('',(-1.,0.,0.));
#11489=DIRECTION('',(0.,-1.,0.));
#11490=DIRECTION('',(1.,0.,0.));
#11491=DIRECTION('',(0.,0.894427191000361,-0.447213595499068));
#11492=DIRECTION('',(0.,-0.447213595499068,-0.894427191000361));
#11493=DIRECTION('',(0.,0.447213595499068,0.894427191000361));
#11494=DIRECTION('',(0.,-0.447213595499068,-0.894427191000361));
#11495=DIRECTION('',(1.,0.,0.));
#11496=DIRECTION('',(0.,1.,0.));
#11497=DIRECTION('',(-1.,0.,0.));
#11498=DIRECTION('',(1.,0.,0.));
#11499=DIRECTION('',(0.,0.,-1.));
#11500=DIRECTION('',(-1.,0.,0.));
#11501=DIRECTION('',(0.,-1.,0.));
#11502=DIRECTION('',(0.,1.,0.));
#11503=DIRECTION('',(-1.,0.,0.));
#11504=DIRECTION('',(0.,0.,-1.));
#11505=DIRECTION('',(-1.,0.,0.));
#11506=DIRECTION('',(0.,-1.,0.));
#11507=DIRECTION('',(0.894427190999731,0.,-0.447213595500328));
#11508=DIRECTION('',(-0.447213595500328,0.,-0.894427190999731));
#11509=DIRECTION('',(0.,0.,-1.));
#11510=DIRECTION('',(-1.,0.,0.));
#11511=DIRECTION('',(1.,0.,0.));
#11512=DIRECTION('',(0.,-1.,0.));
#11513=DIRECTION('',(0.,0.,-1.));
#11514=DIRECTION('',(-1.,0.,0.));
#11515=DIRECTION('',(0.,-1.,0.));
#11516=DIRECTION('',(1.,0.,0.));
#11517=DIRECTION('',(0.,1.,0.));
#11518=DIRECTION('',(0.,0.,-1.));
#11519=DIRECTION('',(-0.707106781187923,0.707106781185172,0.));
#11520=DIRECTION('',(-1.,0.,0.));
#11521=DIRECTION('',(0.,0.,1.));
#11522=DIRECTION('',(0.,1.,0.));
#11523=DIRECTION('',(0.,0.,1.));
#11524=DIRECTION('',(1.,0.,0.));
#11525=DIRECTION('',(1.,0.,0.));
#11526=DIRECTION('',(0.,-1.,0.));
#11527=DIRECTION('',(0.,-1.,0.));
#11528=DIRECTION('',(-0.707106781186548,-0.707106781186548,0.));
#11529=DIRECTION('',(0.707106781186548,-0.707106781186548,0.));
#11530=DIRECTION('',(0.,0.,-1.));
#11531=DIRECTION('',(0.,-0.894427191000368,-0.447213595499055));
#11532=DIRECTION('',(0.,-0.447213595499055,0.894427191000368));
#11533=DIRECTION('',(0.,0.447213595499055,-0.894427191000368));
#11534=DIRECTION('',(1.,0.,0.));
#11535=DIRECTION('',(0.,0.,-1.));
#11536=DIRECTION('',(0.,0.,-1.));
#11537=DIRECTION('',(0.,1.,0.));
#11538=DIRECTION('',(0.,0.,1.));
#11539=DIRECTION('',(0.,1.,0.));
#11540=DIRECTION('',(-1.,0.,0.));
#11541=DIRECTION('',(0.,0.,-1.));
#11542=DIRECTION('',(-1.,0.,0.));
#11543=DIRECTION('',(-1.,0.,0.));
#11544=DIRECTION('',(0.,0.,1.));
#11545=DIRECTION('',(0.,0.,1.));
#11546=DIRECTION('',(0.,1.,0.));
#11547=DIRECTION('',(0.,0.,-1.));
#11548=DIRECTION('',(0.,-1.,0.));
#11549=DIRECTION('',(1.,0.,0.));
#11550=DIRECTION('',(0.,1.,0.));
#11551=DIRECTION('',(-1.,0.,0.));
#11552=DIRECTION('',(0.,0.,-1.));
#11553=DIRECTION('',(-1.,0.,0.));
#11554=DIRECTION('',(0.,0.,-1.));
#11555=DIRECTION('',(-1.,0.,0.));
#11556=DIRECTION('',(0.,0.,1.));
#11557=DIRECTION('',(1.,0.,0.));
#11558=DIRECTION('',(0.,1.,0.));
#11559=DIRECTION('',(-1.,0.,0.));
#11560=DIRECTION('',(0.,0.,1.));
#11561=DIRECTION('',(1.,0.,0.));
#11562=DIRECTION('',(0.,0.,-1.));
#11563=DIRECTION('',(-1.,0.,0.));
#11564=CARTESIAN_POINT('',(0.,0.,0.));
#11565=CARTESIAN_POINT('',(0.000384999984408773,-0.00251542307696836,0.000130000000000584));
#11566=CARTESIAN_POINT('',(0.000384999984410772,-0.000760000000046018,-1.08254198790889E-16));
#11567=CARTESIAN_POINT('',(0.000384999984410772,-0.000760000000045958,-1.04242650752692E-16));
#11568=CARTESIAN_POINT('',(0.000384999984410772,-0.000640000000045958,-1.04242650752692E-16));
#11569=CARTESIAN_POINT('',(0.000384999984410772,-0.000760000000045928,0.000129999999999827));
#11570=CARTESIAN_POINT('',(0.000315717952107775,-0.000760000000045978,1.99999999999988E-05));
#11571=CARTESIAN_POINT('',(0.000315717952107775,-0.000765423076968918,1.99999999999967E-05));
#11572=CARTESIAN_POINT('',(0.000315717952107775,-0.000640000000045978,1.99999999999988E-05));
#11573=CARTESIAN_POINT('',(0.000384999984410772,-0.000640000000045928,0.000129999999999827));
#11574=CARTESIAN_POINT('',(-0.000446565000009225,-0.0028278605320699,5.99999999999828E-05));
#11575=CARTESIAN_POINT('',(0.156210000012842,-0.00111000000004593,5.99999999999207E-05));
#11576=CARTESIAN_POINT('',(0.00045499998440876,-0.00111000000004593,5.99999999999048E-05));
#11577=CARTESIAN_POINT('',(0.000425000000006753,-0.00111000000004595,5.99999999999108E-05));
#11578=CARTESIAN_POINT('',(0.00045499998440876,0.00494399996155573,5.99999999999188E-05));
#11579=CARTESIAN_POINT('',(0.000454999984408261,-0.00134000000004596,5.99999999999058E-05));
#11580=CARTESIAN_POINT('',(0.156210000012842,-0.00134000000004592,5.99999999999207E-05));
#11581=CARTESIAN_POINT('',(0.000425000000006253,-0.00134000000004597,5.99999999999108E-05));
#11582=CARTESIAN_POINT('',(0.000425000000006753,-0.00135362500004606,5.99999999999207E-05));
#11583=CARTESIAN_POINT('',(0.000375559984407775,-0.002513315000046,-1.05326852925178E-16));
#11584=CARTESIAN_POINT('',(0.156210000012842,-0.00111000000004593,-1.08254198790889E-16));
#11585=CARTESIAN_POINT('',(0.000749999984410776,-0.00111000000004609,-1.08254198790889E-16));
#11586=CARTESIAN_POINT('',(0.000384999984410772,-0.00111000000004596,-1.09338400963374E-16));
#11587=CARTESIAN_POINT('',(0.000384999984410772,-0.00111000000004602,-1.08254198790889E-16));
#11588=CARTESIAN_POINT('',(0.000384999984410772,-0.000990000000045948,-1.09338400963374E-16));
#11589=CARTESIAN_POINT('',(0.156210000012842,-0.000990000000045919,-1.08254198790889E-16));
#11590=CARTESIAN_POINT('',(0.000749999984410776,-0.000990000000046078,-1.08254198790889E-16));
#11591=CARTESIAN_POINT('',(0.000749999984410776,0.00494399996155573,-1.08254198790889E-16));
#11592=CARTESIAN_POINT('',(0.000385000000009766,-0.00282024999997335,5.99999999999927E-05));
#11593=CARTESIAN_POINT('',(0.000385000000006769,-0.000760000000045928,5.99999999999018E-05));
#11594=CARTESIAN_POINT('',(0.000425000000006753,-0.000760000000045968,5.99999999999198E-05));
#11595=CARTESIAN_POINT('',(0.000385000000006769,-0.000760000000045958,1.99999999999408E-05));
#11596=CARTESIAN_POINT('',(0.000425000000006753,-0.00100362500004608,5.99999999999207E-05));
#11597=CARTESIAN_POINT('',(0.000425000000006753,-0.000990000000045968,5.99999999999198E-05));
#11598=CARTESIAN_POINT('',(0.000385000000006769,-0.000990000000045919,5.99999999999018E-05));
#11599=CARTESIAN_POINT('',(0.000385000000006769,-0.000990000000045948,1.99999999999408E-05));
#11600=CARTESIAN_POINT('',(0.000385000000006769,-0.000990000000046008,1.99999999999188E-05));
#11601=CARTESIAN_POINT('',(0.000384999984408773,-0.00251542307696836,0.000130000000000584));
#11602=CARTESIAN_POINT('',(0.000384999984410772,-0.00111000000004593,0.000129999999999786));
#11603=CARTESIAN_POINT('',(0.000315717952107775,-0.00111000000004593,2.00000000000008E-05));
#11604=CARTESIAN_POINT('',(0.000315717952107775,-0.00111542307696979,2.00000000000027E-05));
#11605=CARTESIAN_POINT('',(0.000315717952107775,-0.000990000000045968,2.00000000000008E-05));
#11606=CARTESIAN_POINT('',(0.000384999984410772,-0.000990000000045919,0.000129999999999786));
#11607=CARTESIAN_POINT('',(-0.000446565000009225,-0.0028278605320699,5.99999999999828E-05));
#11608=CARTESIAN_POINT('',(0.156210000012842,-0.000990000000045919,5.99999999998918E-05));
#11609=CARTESIAN_POINT('',(0.000454999984407761,-0.000990000000046008,5.99999999999058E-05));
#11610=CARTESIAN_POINT('',(0.000749999984410776,-0.000990000000046078,5.99999999998918E-05));
#11611=CARTESIAN_POINT('',(0.00045499998440876,0.00494399996155573,5.99999999998878E-05));
#11612=CARTESIAN_POINT('',(0.156210000012842,-0.00111000000004593,5.99999999998918E-05));
#11613=CARTESIAN_POINT('',(0.000749999984410776,-0.00111000000004609,5.99999999998918E-05));
#11614=CARTESIAN_POINT('',(0.000749999984410776,0.00494399996155573,5.99999999998918E-05));
#11615=CARTESIAN_POINT('',(0.000304545901299774,-0.000990000000045919,-1.81500000010821E-06));
#11616=CARTESIAN_POINT('',(0.156210000012842,-0.000990000000045919,5.99999999999207E-05));
#11617=CARTESIAN_POINT('',(0.000749999984410776,-0.000990000000045919,0.000714999978744239));
#11618=CARTESIAN_POINT('',(0.156210000012842,-0.000990000000045919,2.E-05));
#11619=CARTESIAN_POINT('',(0.000304545901298775,-0.00111000000004593,-1.81500000010821E-06));
#11620=CARTESIAN_POINT('',(0.000385000000006769,-0.00111000000004593,5.99999999999468E-05));
#11621=CARTESIAN_POINT('',(0.000385000000006769,-0.00111000000004596,1.99999999999458E-05));
#11622=CARTESIAN_POINT('',(0.156210000012842,-0.00111000000004593,2.E-05));
#11623=CARTESIAN_POINT('',(0.000749999984410776,-0.00111000000004593,0.000714999978744239));
#11624=CARTESIAN_POINT('',(0.000749999984407779,-0.0023866850000464,-1.81500000010419E-06));
#11625=CARTESIAN_POINT('',(-0.000446565000009225,-0.0028278605320699,5.99999999999828E-05));
#11626=CARTESIAN_POINT('',(0.156210000012842,-0.000640000000045928,5.99999999998918E-05));
#11627=CARTESIAN_POINT('',(0.000749999984410776,-0.000640000000046088,5.99999999998918E-05));
#11628=CARTESIAN_POINT('',(0.000454999984407761,-0.000640000000046007,5.99999999999058E-05));
#11629=CARTESIAN_POINT('',(0.00045499998440876,0.00494399996155573,5.99999999998918E-05));
#11630=CARTESIAN_POINT('',(0.00045499998440876,-0.000760000000045928,5.99999999999058E-05));
#11631=CARTESIAN_POINT('',(0.156210000012842,-0.000760000000045928,5.99999999998918E-05));
#11632=CARTESIAN_POINT('',(0.000749999984410776,-0.000760000000046088,5.99999999998918E-05));
#11633=CARTESIAN_POINT('',(0.000749999984410776,0.00494399996155573,5.99999999998918E-05));
#11634=CARTESIAN_POINT('',(-0.000446565000009225,-0.0028278605320699,5.99999999999828E-05));
#11635=CARTESIAN_POINT('',(0.156210000012842,-0.000760000000045928,5.99999999999207E-05));
#11636=CARTESIAN_POINT('',(0.00045499998440876,0.00494399996155573,5.99999999999207E-05));
#11637=CARTESIAN_POINT('',(0.000304545901298775,-0.000760000000045928,-1.81500000010929E-06));
#11638=CARTESIAN_POINT('',(0.156210000012842,-0.000760000000045928,2.E-05));
#11639=CARTESIAN_POINT('',(0.156210000012842,-0.000760000000045928,-1.08254198790889E-16));
#11640=CARTESIAN_POINT('',(0.000749999984410776,-0.000760000000046088,-1.08254198790889E-16));
#11641=CARTESIAN_POINT('',(0.000749999984410776,-0.000760000000045928,0.000714999978744239));
#11642=CARTESIAN_POINT('',(0.000304545901299774,-0.000640000000045928,-1.81500000010821E-06));
#11643=CARTESIAN_POINT('',(0.156210000012842,-0.000640000000045928,5.99999999999207E-05));
#11644=CARTESIAN_POINT('',(0.000425000000006753,-0.000640000000046118,5.99999999999198E-05));
#11645=CARTESIAN_POINT('',(0.000749999984410776,-0.000640000000045928,0.000714999978744239));
#11646=CARTESIAN_POINT('',(0.000749999984410776,-0.000640000000046088,-1.08254198790889E-16));
#11647=CARTESIAN_POINT('',(0.156210000012842,-0.000640000000045928,-1.08254198790889E-16));
#11648=CARTESIAN_POINT('',(0.156210000012842,-0.000640000000045928,2.E-05));
#11649=CARTESIAN_POINT('',(0.000385000000006769,-0.000640000000045958,1.99999999999458E-05));
#11650=CARTESIAN_POINT('',(0.000385000000006769,-0.000640000000045928,5.99999999999418E-05));
#11651=CARTESIAN_POINT('',(0.000385000000009766,-0.00282024999997335,5.99999999999927E-05));
#11652=CARTESIAN_POINT('',(0.000385000000006769,-0.000410000000045928,5.99999999999418E-05));
#11653=CARTESIAN_POINT('',(0.000425000000006753,-0.000410000000045968,5.99999999999198E-05));
#11654=CARTESIAN_POINT('',(0.000385000000006769,-0.000410000000045959,1.99999999999458E-05));
#11655=CARTESIAN_POINT('',(0.000425000000006753,-0.000653625000046498,5.99999999999207E-05));
#11656=CARTESIAN_POINT('',(0.000385000000006769,-0.000640000000046007,1.99999999999178E-05));
#11657=CARTESIAN_POINT('',(-0.000446565000009225,-0.0028278605320699,5.99999999999828E-05));
#11658=CARTESIAN_POINT('',(0.156210000012842,-0.000410000000045928,5.99999999999207E-05));
#11659=CARTESIAN_POINT('',(0.000454999984407761,-0.000410000000046008,5.99999999999058E-05));
#11660=CARTESIAN_POINT('',(0.00045499998440876,0.00494399996155573,5.99999999999207E-05));
#11661=CARTESIAN_POINT('',(0.000749999984407779,-0.0023866850000464,-1.81500000010419E-06));
#11662=CARTESIAN_POINT('',(0.000749999984410776,0.00494399996155573,-1.08254198790889E-16));
#11663=CARTESIAN_POINT('',(0.000749999984410776,-0.000410000000046089,-1.08254198790889E-16));
#11664=CARTESIAN_POINT('',(0.000749999984410776,-0.000290000000046078,-1.08254198790889E-16));
#11665=CARTESIAN_POINT('',(0.000749999984410776,-0.000290000000045919,0.000714999978744239));
#11666=CARTESIAN_POINT('',(0.000749999984410776,-0.000290000000046078,5.99999999998907E-05));
#11667=CARTESIAN_POINT('',(0.000749999984410776,0.00494399996155573,5.99999999998907E-05));
#11668=CARTESIAN_POINT('',(0.000749999984410776,-0.000410000000046089,5.99999999998907E-05));
#11669=CARTESIAN_POINT('',(0.000749999984410776,-0.000410000000045928,0.000714999978744239));
#11670=CARTESIAN_POINT('',(0.000375559984407775,-0.002513315000046,-1.05326852925178E-16));
#11671=CARTESIAN_POINT('',(0.156210000012842,-0.000410000000045928,-1.08254198790889E-16));
#11672=CARTESIAN_POINT('',(0.000384999984410772,-0.000410000000045959,-1.01315304886981E-16));
#11673=CARTESIAN_POINT('',(0.000384999984410772,-0.000410000000046018,-1.09338400963374E-16));
#11674=CARTESIAN_POINT('',(0.000384999984410772,-0.000290000000045948,-1.01315304886981E-16));
#11675=CARTESIAN_POINT('',(0.156210000012842,-0.000290000000045919,-1.08254198790889E-16));
#11676=CARTESIAN_POINT('',(0.000304545901299774,-0.000410000000045928,-1.81500000010929E-06));
#11677=CARTESIAN_POINT('',(0.156210000012842,-0.000410000000045928,2.E-05));
#11678=CARTESIAN_POINT('',(0.000315717952107775,-0.000410000000045928,2.00000000000018E-05));
#11679=CARTESIAN_POINT('',(0.000384999984410772,-0.000410000000045928,0.000129999999999529));
#11680=CARTESIAN_POINT('',(0.156210000012842,-0.000410000000045928,5.99999999998907E-05));
#11681=CARTESIAN_POINT('',(0.000384999984408773,-0.00251542307696836,0.000130000000000584));
#11682=CARTESIAN_POINT('',(0.000315717952107775,-0.000415423076969799,2.00000000000058E-05));
#11683=CARTESIAN_POINT('',(0.000315717952108275,-0.000290000000045928,1.99999999998838E-05));
#11684=CARTESIAN_POINT('',(0.000384999984410772,-0.000290000000045919,0.000129999999999529));
#11685=CARTESIAN_POINT('',(0.000304545901299774,-0.000290000000045919,-1.81500000010929E-06));
#11686=CARTESIAN_POINT('',(0.156210000012842,-0.000290000000045919,5.99999999999217E-05));
#11687=CARTESIAN_POINT('',(0.00045499998440876,-0.000290000000045919,5.99999999999048E-05));
#11688=CARTESIAN_POINT('',(0.000425000000007253,-0.000290000000045968,5.99999999999217E-05));
#11689=CARTESIAN_POINT('',(0.156210000012842,-0.000290000000045919,5.99999999998907E-05));
#11690=CARTESIAN_POINT('',(0.156210000012842,-0.000290000000045919,2.E-05));
#11691=CARTESIAN_POINT('',(0.000385000000007268,-0.000290000000045948,1.99999999999617E-05));
#11692=CARTESIAN_POINT('',(0.000385000000006769,-0.000290000000045919,6.E-05));
#11693=CARTESIAN_POINT('',(-0.000446565000009225,-0.0028278605320699,5.99999999999828E-05));
#11694=CARTESIAN_POINT('',(0.156210000012842,-6.00000000459278E-05,5.99999999999217E-05));
#11695=CARTESIAN_POINT('',(0.000425000000007253,-6.00000000459677E-05,5.99999999999217E-05));
#11696=CARTESIAN_POINT('',(0.000454999984407761,-6.00000000460076E-05,5.99999999999058E-05));
#11697=CARTESIAN_POINT('',(0.00045499998440876,0.00494399996155573,5.99999999999188E-05));
#11698=CARTESIAN_POINT('',(0.000425000000006753,-0.000303625000046069,5.99999999999217E-05));
#11699=CARTESIAN_POINT('',(0.000749999984407779,-0.0023866850000464,-1.81500000010419E-06));
#11700=CARTESIAN_POINT('',(0.000749999984410776,0.00494399996155573,-1.08254198790889E-16));
#11701=CARTESIAN_POINT('',(0.000749999984411276,-6.00000000459278E-05,-1.09338400963374E-16));
#11702=CARTESIAN_POINT('',(0.000749999984411276,5.99999999540725E-05,-1.09338400963374E-16));
#11703=CARTESIAN_POINT('',(0.000749999984411776,5.99999999540725E-05,0.000714999978744239));
#11704=CARTESIAN_POINT('',(0.000749999984411276,5.99999999540725E-05,5.99999999998907E-05));
#11705=CARTESIAN_POINT('',(0.000749999984410776,0.00494399996155573,5.99999999998907E-05));
#11706=CARTESIAN_POINT('',(0.000749999984411276,-6.00000000459278E-05,5.99999999998907E-05));
#11707=CARTESIAN_POINT('',(0.000749999984411776,-6.00000000459278E-05,0.000714999978744239));
#11708=CARTESIAN_POINT('',(0.000304545901299774,-6.00000000459278E-05,-1.81500000011027E-06));
#11709=CARTESIAN_POINT('',(0.000385000000006769,-6.00000000459278E-05,6.E-05));
#11710=CARTESIAN_POINT('',(0.000385000000007268,-6.00000000459582E-05,1.99999999999718E-05));
#11711=CARTESIAN_POINT('',(0.156210000012842,-6.00000000459278E-05,2.E-05));
#11712=CARTESIAN_POINT('',(0.000315717952108774,-6.00000000459278E-05,2.E-05));
#11713=CARTESIAN_POINT('',(0.000384999984411771,-6.00000000459278E-05,0.00012999999999975));
#11714=CARTESIAN_POINT('',(0.000384999984411771,-6.00000000459582E-05,-1.08254198790889E-16));
#11715=CARTESIAN_POINT('',(0.156210000012842,-6.00000000459278E-05,-1.09338400963374E-16));
#11716=CARTESIAN_POINT('',(0.156210000012842,-6.00000000459278E-05,5.99999999998907E-05));
#11717=CARTESIAN_POINT('',(0.000384999984408773,-0.00251542307696836,0.000130000000000584));
#11718=CARTESIAN_POINT('',(0.000384999984411771,-6.0000000046018E-05,-1.09338400963374E-16));
#11719=CARTESIAN_POINT('',(0.000384999984411771,5.99999999540421E-05,-1.08254198790889E-16));
#11720=CARTESIAN_POINT('',(0.000315717952108774,-6.5423076969098E-05,2.E-05));
#11721=CARTESIAN_POINT('',(0.000315717952108774,5.99999999540725E-05,2.E-05));
#11722=CARTESIAN_POINT('',(0.000384999984411771,5.99999999540725E-05,0.00012999999999975));
#11723=CARTESIAN_POINT('',(0.000749999984407779,-0.0023866850000464,-1.81500000010419E-06));
#11724=CARTESIAN_POINT('',(0.000749999984410776,0.00494399996155573,-1.08254198790889E-16));
#11725=CARTESIAN_POINT('',(0.000749999984411776,0.000989999999954072,-1.09338400963374E-16));
#11726=CARTESIAN_POINT('',(0.000749999984411776,0.00110999999995407,-1.09338400963374E-16));
#11727=CARTESIAN_POINT('',(0.000749999984412775,0.00110999999995407,0.000714999978744239));
#11728=CARTESIAN_POINT('',(0.000749999984411776,0.00110999999995407,5.99999999998897E-05));
#11729=CARTESIAN_POINT('',(0.000749999984410776,0.00494399996155573,5.99999999998918E-05));
#11730=CARTESIAN_POINT('',(0.000749999984411776,0.000989999999954072,5.99999999998897E-05));
#11731=CARTESIAN_POINT('',(0.000749999984412775,0.000989999999954072,0.000714999978744239));
#11732=CARTESIAN_POINT('',(-0.000446565000009225,-0.0028278605320699,5.99999999999828E-05));
#11733=CARTESIAN_POINT('',(0.156210000012842,0.00110999999995407,5.99999999998888E-05));
#11734=CARTESIAN_POINT('',(0.00045499998440876,0.00110999999995403,5.99999999999037E-05));
#11735=CARTESIAN_POINT('',(0.00045499998440876,0.00494399996155573,5.99999999998878E-05));
#11736=CARTESIAN_POINT('',(0.00045499998440876,0.000989999999954032,5.99999999999037E-05));
#11737=CARTESIAN_POINT('',(0.156210000012842,0.000989999999954072,5.99999999998888E-05));
#11738=CARTESIAN_POINT('',(0.000749999984407779,-0.0023866850000464,-1.81500000010419E-06));
#11739=CARTESIAN_POINT('',(0.000749999984410776,0.00494399996155573,-1.08254198790889E-16));
#11740=CARTESIAN_POINT('',(0.000749999984411776,0.000639999999954072,-1.09338400963374E-16));
#11741=CARTESIAN_POINT('',(0.000749999984411776,0.000759999999954072,-1.09338400963374E-16));
#11742=CARTESIAN_POINT('',(0.000749999984412775,0.000759999999954072,0.000714999978744239));
#11743=CARTESIAN_POINT('',(0.000749999984411776,0.000759999999954072,5.99999999998907E-05));
#11744=CARTESIAN_POINT('',(0.000749999984410776,0.00494399996155573,5.99999999998918E-05));
#11745=CARTESIAN_POINT('',(0.000749999984411776,0.000639999999954072,5.99999999998907E-05));
#11746=CARTESIAN_POINT('',(0.000749999984412775,0.000639999999954072,0.000714999978744239));
#11747=CARTESIAN_POINT('',(0.000385000000009766,-0.00282024999997335,5.99999999999927E-05));
#11748=CARTESIAN_POINT('',(0.000385000000007768,0.000639999999954072,5.99999999999408E-05));
#11749=CARTESIAN_POINT('',(0.000425000000008252,0.000639999999954027,5.99999999999087E-05));
#11750=CARTESIAN_POINT('',(0.000385000000007768,0.000639999999954042,1.99999999999437E-05));
#11751=CARTESIAN_POINT('',(0.000425000000008751,0.000396374999953932,5.99999999999188E-05));
#11752=CARTESIAN_POINT('',(0.000425000000008252,0.000409999999954032,5.99999999999188E-05));
#11753=CARTESIAN_POINT('',(0.000385000000007768,0.000409999999954081,5.99999999999408E-05));
#11754=CARTESIAN_POINT('',(0.000385000000007768,0.000409999999954052,1.99999999999437E-05));
#11755=CARTESIAN_POINT('',(0.000385000000007768,0.000409999999953982,1.99999999999167E-05));
#11756=CARTESIAN_POINT('',(0.000749999984407779,-0.0023866850000464,-1.81500000010419E-06));
#11757=CARTESIAN_POINT('',(0.000749999984410776,0.00494399996155573,-1.08254198790889E-16));
#11758=CARTESIAN_POINT('',(0.000749999984411276,0.000289999999954072,-1.09338400963374E-16));
#11759=CARTESIAN_POINT('',(0.000749999984411276,0.000409999999954081,-1.09338400963374E-16));
#11760=CARTESIAN_POINT('',(0.000749999984411776,0.000409999999954081,0.000714999978744239));
#11761=CARTESIAN_POINT('',(0.000749999984411276,0.000409999999954081,5.99999999998897E-05));
#11762=CARTESIAN_POINT('',(0.000749999984410776,0.00494399996155573,5.99999999998907E-05));
#11763=CARTESIAN_POINT('',(0.000749999984411276,0.000289999999954072,5.99999999998897E-05));
#11764=CARTESIAN_POINT('',(0.000749999984411776,0.000289999999954072,0.000714999978744239));
#11765=CARTESIAN_POINT('',(0.000375559984407775,-0.002513315000046,-1.05326852925178E-16));
#11766=CARTESIAN_POINT('',(0.156210000012842,0.000289999999954072,-1.09338400963374E-16));
#11767=CARTESIAN_POINT('',(0.000384999984411771,0.000289999999954041,-1.05326852925178E-16));
#11768=CARTESIAN_POINT('',(0.000384999984411771,0.000289999999953982,-1.10314182918611E-16));
#11769=CARTESIAN_POINT('',(0.000384999984411771,0.000409999999954052,-1.05326852925178E-16));
#11770=CARTESIAN_POINT('',(0.156210000012842,0.000409999999954081,-1.09338400963374E-16));
#11771=CARTESIAN_POINT('',(0.000384999984408773,-0.00251542307696836,0.000130000000000584));
#11772=CARTESIAN_POINT('',(0.000384999984411771,0.000289999999954072,0.000129999999999758));
#11773=CARTESIAN_POINT('',(0.000315717952108774,0.000289999999954072,1.99999999999977E-05));
#11774=CARTESIAN_POINT('',(0.000315717952108774,0.000284576923030561,1.99999999999948E-05));
#11775=CARTESIAN_POINT('',(0.000315717952108774,0.000409999999954072,1.99999999999977E-05));
#11776=CARTESIAN_POINT('',(0.000384999984411771,0.000409999999954081,0.000129999999999758));
#11777=CARTESIAN_POINT('',(0.000304545901300774,0.000409999999954081,-1.81500000011125E-06));
#11778=CARTESIAN_POINT('',(0.156210000012842,0.000409999999954081,5.99999999999188E-05));
#11779=CARTESIAN_POINT('',(0.000454999984408261,0.000409999999954042,5.99999999999037E-05));
#11780=CARTESIAN_POINT('',(0.156210000012842,0.000409999999954081,5.99999999998897E-05));
#11781=CARTESIAN_POINT('',(0.156210000012842,0.000409999999954081,2.E-05));
#11782=CARTESIAN_POINT('',(-0.000446565000009225,-0.0028278605320699,5.99999999999828E-05));
#11783=CARTESIAN_POINT('',(0.00045499998440876,0.00494399996155573,5.99999999998878E-05));
#11784=CARTESIAN_POINT('',(0.000454999984407761,0.000289999999953992,5.99999999999048E-05));
#11785=CARTESIAN_POINT('',(0.156210000012842,0.000289999999954072,5.99999999998897E-05));
#11786=CARTESIAN_POINT('',(0.000384999984408773,-0.00251542307696836,0.000130000000000584));
#11787=CARTESIAN_POINT('',(0.000384999984411771,0.000639999999953982,-1.10314182918611E-16));
#11788=CARTESIAN_POINT('',(0.000384999984411771,0.000639999999954042,-1.10314182918611E-16));
#11789=CARTESIAN_POINT('',(0.000384999984412271,0.000759999999954047,-1.10314182918611E-16));
#11790=CARTESIAN_POINT('',(0.000384999984411771,0.000639999999954072,0.00012999999999998));
#11791=CARTESIAN_POINT('',(0.000315717952109274,0.000639999999954067,2.00000000000018E-05));
#11792=CARTESIAN_POINT('',(0.000315717952109773,0.000634576923030882,2.00000000000048E-05));
#11793=CARTESIAN_POINT('',(0.000315717952109274,0.000759999999954067,2.00000000000018E-05));
#11794=CARTESIAN_POINT('',(0.000384999984411771,0.000759999999954072,0.00012999999999998));
#11795=CARTESIAN_POINT('',(0.000375559984407775,-0.002513315000046,-1.05326852925178E-16));
#11796=CARTESIAN_POINT('',(0.156210000012842,0.000639999999954072,-1.10314182918611E-16));
#11797=CARTESIAN_POINT('',(0.156210000012842,0.000759999999954072,-1.10314182918611E-16));
#11798=CARTESIAN_POINT('',(0.000304545901300774,0.000639999999954072,-1.81500000011125E-06));
#11799=CARTESIAN_POINT('',(0.156210000012842,0.000639999999954072,2.E-05));
#11800=CARTESIAN_POINT('',(0.156210000012842,0.000639999999954072,5.99999999998897E-05));
#11801=CARTESIAN_POINT('',(0.00045499998440876,0.000639999999953993,5.99999999999037E-05));
#11802=CARTESIAN_POINT('',(0.156210000012842,0.000639999999954072,5.99999999999188E-05));
#11803=CARTESIAN_POINT('',(-0.000446565000009225,-0.0028278605320699,5.99999999999828E-05));
#11804=CARTESIAN_POINT('',(0.156210000012842,0.000759999999954072,5.99999999998897E-05));
#11805=CARTESIAN_POINT('',(0.00045499998440876,0.000759999999954032,5.99999999999037E-05));
#11806=CARTESIAN_POINT('',(0.00045499998440876,0.00494399996155573,5.99999999998878E-05));
#11807=CARTESIAN_POINT('',(0.000304545901301773,0.000759999999954072,-1.81500000011027E-06));
#11808=CARTESIAN_POINT('',(0.156210000012842,0.000759999999954072,5.99999999999188E-05));
#11809=CARTESIAN_POINT('',(0.000425000000008751,0.000759999999954027,5.99999999999087E-05));
#11810=CARTESIAN_POINT('',(0.156210000012842,0.000759999999954072,2.E-05));
#11811=CARTESIAN_POINT('',(0.000385000000008267,0.000759999999954047,1.99999999999718E-05));
#11812=CARTESIAN_POINT('',(0.000385000000008767,0.000759999999954072,6.00000000000048E-05));
#11813=CARTESIAN_POINT('',(0.000385000000009766,-0.00282024999997335,5.99999999999927E-05));
#11814=CARTESIAN_POINT('',(0.000385000000008767,0.000989999999954072,6.00000000000048E-05));
#11815=CARTESIAN_POINT('',(0.000425000000008751,0.000989999999954027,5.99999999999087E-05));
#11816=CARTESIAN_POINT('',(0.000385000000008267,0.000989999999954042,1.99999999999408E-05));
#11817=CARTESIAN_POINT('',(0.000425000000008751,0.000746374999953942,5.99999999999188E-05));
#11818=CARTESIAN_POINT('',(0.000385000000007768,0.000759999999953982,1.99999999999167E-05));
#11819=CARTESIAN_POINT('',(0.000304545901300774,0.000989999999954072,-1.81500000011125E-06));
#11820=CARTESIAN_POINT('',(0.156210000012842,0.000989999999954072,2.E-05));
#11821=CARTESIAN_POINT('',(0.000315717952109773,0.000989999999954072,2.00000000000018E-05));
#11822=CARTESIAN_POINT('',(0.000384999984412771,0.000989999999954072,0.000129999999999574));
#11823=CARTESIAN_POINT('',(0.000384999984412771,0.000989999999954042,-1.05326852925178E-16));
#11824=CARTESIAN_POINT('',(0.156210000012842,0.000989999999954072,-1.10314182918611E-16));
#11825=CARTESIAN_POINT('',(0.156210000012842,0.000989999999954072,5.99999999999188E-05));
#11826=CARTESIAN_POINT('',(0.000384999984408773,-0.00251542307696836,0.000130000000000584));
#11827=CARTESIAN_POINT('',(0.000384999984412771,0.000989999999953982,-1.10314182918611E-16));
#11828=CARTESIAN_POINT('',(0.000384999984412771,0.00110999999995404,-1.05326852925178E-16));
#11829=CARTESIAN_POINT('',(0.000315717952109773,0.000984576923030722,2.00000000000048E-05));
#11830=CARTESIAN_POINT('',(0.000315717952109773,0.00110999999995407,2.00000000000018E-05));
#11831=CARTESIAN_POINT('',(0.000384999984412771,0.00110999999995407,0.000129999999999574));
#11832=CARTESIAN_POINT('',(0.000375559984407775,-0.002513315000046,-1.05326852925178E-16));
#11833=CARTESIAN_POINT('',(0.156210000012842,0.00133999999995407,-1.11289964873848E-16));
#11834=CARTESIAN_POINT('',(0.000749999984411776,0.00133999999995407,-1.10314182918611E-16));
#11835=CARTESIAN_POINT('',(0.000384999984412771,0.00133999999995404,-1.06302634880415E-16));
#11836=CARTESIAN_POINT('',(0.000384999984412771,0.00133999999995398,-1.11289964873848E-16));
#11837=CARTESIAN_POINT('',(0.000384999984412771,0.00145999999995404,-1.06302634880415E-16));
#11838=CARTESIAN_POINT('',(0.156210000012842,0.00145999999995407,-1.11289964873848E-16));
#11839=CARTESIAN_POINT('',(0.000749999984411776,0.00145999999995407,-1.10314182918611E-16));
#11840=CARTESIAN_POINT('',(0.000749999984410776,0.00494399996155573,-1.08254198790889E-16));
#11841=CARTESIAN_POINT('',(0.000304545901301773,0.00145999999995407,-1.81500000011125E-06));
#11842=CARTESIAN_POINT('',(0.156210000012842,0.00145999999995407,5.99999999999188E-05));
#11843=CARTESIAN_POINT('',(0.00045499998440876,0.00145999999995403,5.99999999999037E-05));
#11844=CARTESIAN_POINT('',(0.000425000000008751,0.00145999999995403,5.99999999999087E-05));
#11845=CARTESIAN_POINT('',(0.156210000012842,0.00145999999995407,5.99999999998888E-05));
#11846=CARTESIAN_POINT('',(0.000749999984411776,0.00145999999995407,5.99999999998897E-05));
#11847=CARTESIAN_POINT('',(0.000749999984412775,0.00145999999995407,0.000714999978744239));
#11848=CARTESIAN_POINT('',(0.000384999984412771,0.00145999999995407,0.000129999999999657));
#11849=CARTESIAN_POINT('',(0.000315717952109773,0.00145999999995407,2.00000000000027E-05));
#11850=CARTESIAN_POINT('',(0.156210000012842,0.00145999999995407,2.E-05));
#11851=CARTESIAN_POINT('',(0.000385000000008767,0.00145999999995404,1.99999999999387E-05));
#11852=CARTESIAN_POINT('',(0.000385000000008767,0.00145999999995407,5.99999999998748E-05));
#11853=CARTESIAN_POINT('',(0.000749999984407779,-0.0023866850000464,-1.81500000010419E-06));
#11854=CARTESIAN_POINT('',(0.000749999984410776,0.00494399996155573,5.99999999998918E-05));
#11855=CARTESIAN_POINT('',(0.000749999984411776,0.00133999999995407,5.99999999998897E-05));
#11856=CARTESIAN_POINT('',(0.000749999984412775,0.00133999999995407,0.000714999978744239));
#11857=CARTESIAN_POINT('',(0.000384999984408773,-0.00251542307696836,0.000130000000000584));
#11858=CARTESIAN_POINT('',(0.000384999984412771,0.00133999999995407,0.000129999999999657));
#11859=CARTESIAN_POINT('',(0.000315717952109773,0.00133999999995407,2.00000000000027E-05));
#11860=CARTESIAN_POINT('',(0.000315717952109773,0.00133457692303072,2.00000000000058E-05));
#11861=CARTESIAN_POINT('',(0.000385000000009766,-0.00282024999997335,5.99999999999927E-05));
#11862=CARTESIAN_POINT('',(0.000385000000008767,0.00133999999995407,5.99999999999207E-05));
#11863=CARTESIAN_POINT('',(0.000425000000008751,0.00133999999995403,5.99999999999087E-05));
#11864=CARTESIAN_POINT('',(0.000385000000008767,0.00133999999995404,1.99999999999477E-05));
#11865=CARTESIAN_POINT('',(0.000425000000008751,0.00109637499995392,5.99999999999188E-05));
#11866=CARTESIAN_POINT('',(0.000425000000008751,0.00110999999995403,5.99999999999087E-05));
#11867=CARTESIAN_POINT('',(0.000385000000008767,0.00110999999995407,5.99999999999207E-05));
#11868=CARTESIAN_POINT('',(0.000385000000008767,0.00110999999995404,1.99999999999477E-05));
#11869=CARTESIAN_POINT('',(0.000385000000008767,0.00110999999995398,1.99999999999157E-05));
#11870=CARTESIAN_POINT('',(0.000304545901301773,0.00133999999995407,-1.81500000011222E-06));
#11871=CARTESIAN_POINT('',(0.156210000012842,0.00133999999995407,2.E-05));
#11872=CARTESIAN_POINT('',(0.156210000012842,0.00133999999995407,5.99999999998888E-05));
#11873=CARTESIAN_POINT('',(0.00045499998440876,0.00133999999995403,5.99999999999037E-05));
#11874=CARTESIAN_POINT('',(0.156210000012842,0.00133999999995407,5.99999999999188E-05));
#11875=CARTESIAN_POINT('',(-0.000446565000009225,-0.0028278605320699,5.99999999999828E-05));
#11876=CARTESIAN_POINT('',(0.00045499998440876,0.00494399996155573,5.99999999998878E-05));
#11877=CARTESIAN_POINT('',(0.000385000000009766,-0.00282024999997335,5.99999999999927E-05));
#11878=CARTESIAN_POINT('',(0.000385000000008767,0.00168999999995407,5.99999999998748E-05));
#11879=CARTESIAN_POINT('',(0.000425000000008751,0.00168999999995403,5.99999999999087E-05));
#11880=CARTESIAN_POINT('',(0.000385000000008767,0.00168999999995404,1.99999999999387E-05));
#11881=CARTESIAN_POINT('',(0.000425000000008751,0.00144637499995392,5.99999999999188E-05));
#11882=CARTESIAN_POINT('',(0.000385000000008767,0.00145999999995398,1.99999999999157E-05));
#11883=CARTESIAN_POINT('',(0.000749999984407779,-0.0023866850000464,-1.81500000010419E-06));
#11884=CARTESIAN_POINT('',(0.000749999984413774,0.00494399996155573,-1.11289964873848E-16));
#11885=CARTESIAN_POINT('',(0.000749999984413774,0.00168999999995391,-1.11289964873848E-16));
#11886=CARTESIAN_POINT('',(0.000749999984413774,0.00180999999995391,-1.11289964873848E-16));
#11887=CARTESIAN_POINT('',(0.000749999984413774,0.00180999999995407,0.000714999978744239));
#11888=CARTESIAN_POINT('',(0.000749999984413774,0.00180999999995391,5.99999999998888E-05));
#11889=CARTESIAN_POINT('',(0.000749999984413774,0.00494399996155573,5.99999999998888E-05));
#11890=CARTESIAN_POINT('',(0.000749999984413774,0.00168999999995391,5.99999999998888E-05));
#11891=CARTESIAN_POINT('',(0.000749999984413774,0.00168999999995407,0.000714999978744239));
#11892=CARTESIAN_POINT('',(-0.000446565000009225,-0.0028278605320699,5.99999999999828E-05));
#11893=CARTESIAN_POINT('',(0.156210000012842,0.00180999999995407,5.99999999998888E-05));
#11894=CARTESIAN_POINT('',(0.00045499998440876,0.00180999999995399,5.99999999999037E-05));
#11895=CARTESIAN_POINT('',(0.00045499998440876,0.00494399996155573,5.99999999998878E-05));
#11896=CARTESIAN_POINT('',(0.00045499998440876,0.00168999999995399,5.99999999999037E-05));
#11897=CARTESIAN_POINT('',(0.156210000012842,0.00168999999995407,5.99999999998888E-05));
#11898=CARTESIAN_POINT('',(0.000384999984408773,-0.00251542307696836,0.000130000000000584));
#11899=CARTESIAN_POINT('',(0.000384999984413769,0.00168999999995398,-1.11289964873848E-16));
#11900=CARTESIAN_POINT('',(0.000384999984413769,0.00168999999995404,-1.07278416835652E-16));
#11901=CARTESIAN_POINT('',(0.000384999984413769,0.00180999999995404,-1.07278416835652E-16));
#11902=CARTESIAN_POINT('',(0.000384999984413769,0.00168999999995407,0.000129999999999898));
#11903=CARTESIAN_POINT('',(0.000315717952110773,0.00168999999995407,1.99999999999988E-05));
#11904=CARTESIAN_POINT('',(0.000315717952110773,0.00168457692303072,1.99999999999977E-05));
#11905=CARTESIAN_POINT('',(0.000315717952110773,0.00180999999995406,1.99999999999988E-05));
#11906=CARTESIAN_POINT('',(0.000384999984413769,0.00180999999995407,0.000129999999999898));
#11907=CARTESIAN_POINT('',(0.000304545901301773,0.00168999999995407,-1.81500000011222E-06));
#11908=CARTESIAN_POINT('',(0.156210000012842,0.00168999999995407,2.E-05));
#11909=CARTESIAN_POINT('',(0.156210000012842,0.00168999999995407,-1.11289964873848E-16));
#11910=CARTESIAN_POINT('',(0.156210000012842,0.00168999999995407,5.99999999999188E-05));
#11911=CARTESIAN_POINT('',(-0.000385000000006241,-0.00249475000004791,5.99999999999368E-05));
#11912=CARTESIAN_POINT('',(-0.000425000000010223,-0.00144637500004612,5.99999999999877E-05));
#11913=CARTESIAN_POINT('',(-0.000425000000010223,-0.00169000000004606,5.99999999999778E-05));
#11914=CARTESIAN_POINT('',(-0.000425000000010223,-0.00146000000004606,5.99999999999778E-05));
#11915=CARTESIAN_POINT('',(-0.000385000000010238,-0.00146000000004601,6.00000000000748E-05));
#11916=CARTESIAN_POINT('',(-0.000385000000010238,-0.00146000000004605,1.99999999999707E-05));
#11917=CARTESIAN_POINT('',(-0.000385000000010238,-0.00146000000004612,1.99999999999778E-05));
#11918=CARTESIAN_POINT('',(-0.000385000000010238,-0.00169000000004604,1.99999999999707E-05));
#11919=CARTESIAN_POINT('',(-0.000385000000010238,-0.00169000000004601,6.00000000000748E-05));
#11920=CARTESIAN_POINT('',(-0.000384999984402223,-0.00238457692312303,0.000129999999999578));
#11921=CARTESIAN_POINT('',(-0.000384999984412243,-0.00134000000004611,-4.82978186524402E-17));
#11922=CARTESIAN_POINT('',(-0.000384999984412243,-0.00134000000004604,-4.62378345247178E-17));
#11923=CARTESIAN_POINT('',(-0.000384999984412243,-0.00146000000004605,-4.62378345247178E-17));
#11924=CARTESIAN_POINT('',(-0.000384999984412243,-0.00134000000004601,0.000129999999999759));
#11925=CARTESIAN_POINT('',(-0.000315717952109218,-0.00134000000004601,2.00000000000008E-05));
#11926=CARTESIAN_POINT('',(-0.000315717952109218,-0.00133457692312285,2.00000000000018E-05));
#11927=CARTESIAN_POINT('',(-0.000315717952109218,-0.00146000000004601,2.00000000000008E-05));
#11928=CARTESIAN_POINT('',(-0.000384999984412243,-0.00146000000004601,0.000129999999999759));
#11929=CARTESIAN_POINT('',(0.000375559984407775,-0.002513315000046,-1.05326852925178E-16));
#11930=CARTESIAN_POINT('',(0.156210000012842,-0.00134000000004601,-5.02493825629141E-17));
#11931=CARTESIAN_POINT('',(-0.000749999984413247,-0.00134000000004601,-5.13335847353996E-17));
#11932=CARTESIAN_POINT('',(0.156210000012842,-0.00146000000004601,-5.02493825629141E-17));
#11933=CARTESIAN_POINT('',(-0.000749999984413247,-0.00146000000004601,-5.13335847353996E-17));
#11934=CARTESIAN_POINT('',(-0.000749999984414246,0.00494399996155573,-5.52367125563474E-17));
#11935=CARTESIAN_POINT('',(0.000304545901298775,-0.00146000000004593,-1.81500000010821E-06));
#11936=CARTESIAN_POINT('',(0.156210000012842,-0.00146000000004601,5.99999999999877E-05));
#11937=CARTESIAN_POINT('',(-0.000454999984410731,-0.00146000000004611,5.99999999999977E-05));
#11938=CARTESIAN_POINT('',(0.156210000012842,-0.00146000000004601,6.00000000000078E-05));
#11939=CARTESIAN_POINT('',(-0.000749999984413247,-0.00146000000004601,6.00000000000067E-05));
#11940=CARTESIAN_POINT('',(-0.000749999984412247,-0.00146000000004601,0.000714999978744239));
#11941=CARTESIAN_POINT('',(0.156210000012842,-0.00146000000004601,2.E-05));
#11942=CARTESIAN_POINT('',(-0.000749999984402228,-0.0025133150000466,-1.81499999999025E-06));
#11943=CARTESIAN_POINT('',(-0.000749999984414246,0.00494399996155573,6.00000000000017E-05));
#11944=CARTESIAN_POINT('',(-0.000749999984413247,-0.00134000000004601,6.00000000000067E-05));
#11945=CARTESIAN_POINT('',(-0.000749999984412247,-0.00134000000004601,0.000714999978744239));
#11946=CARTESIAN_POINT('',(-0.000385000000006241,-0.00249475000004791,5.99999999999368E-05));
#11947=CARTESIAN_POINT('',(-0.000425000000009224,-0.00109637500004518,5.99999999999877E-05));
#11948=CARTESIAN_POINT('',(-0.000425000000009224,-0.00134000000004606,5.99999999999778E-05));
#11949=CARTESIAN_POINT('',(-0.000425000000009224,-0.00111000000004574,5.99999999999768E-05));
#11950=CARTESIAN_POINT('',(-0.000385000000009239,-0.00111000000004601,5.99999999999527E-05));
#11951=CARTESIAN_POINT('',(-0.000385000000009239,-0.00111000000004574,1.99999999999847E-05));
#11952=CARTESIAN_POINT('',(-0.000385000000009239,-0.00111000000004612,1.99999999999778E-05));
#11953=CARTESIAN_POINT('',(-0.000385000000009739,-0.00134000000004604,1.99999999999847E-05));
#11954=CARTESIAN_POINT('',(-0.000385000000009239,-0.00134000000004601,5.99999999999527E-05));
#11955=CARTESIAN_POINT('',(0.000304545901298775,-0.00134000000004592,-1.81500000010821E-06));
#11956=CARTESIAN_POINT('',(0.156210000012842,-0.00134000000004601,2.E-05));
#11957=CARTESIAN_POINT('',(0.156210000012842,-0.00134000000004601,6.00000000000078E-05));
#11958=CARTESIAN_POINT('',(-0.000454999984410731,-0.00134000000004611,5.99999999999977E-05));
#11959=CARTESIAN_POINT('',(0.156210000012842,-0.00134000000004601,5.99999999999877E-05));
#11960=CARTESIAN_POINT('',(-0.000446565000009225,-0.0028278605320699,5.99999999999828E-05));
#11961=CARTESIAN_POINT('',(-0.000454999984409232,0.00494399996155573,6.00000000000017E-05));
#11962=CARTESIAN_POINT('',(-0.000749999984402228,-0.0025133150000466,-1.81499999999025E-06));
#11963=CARTESIAN_POINT('',(-0.000749999984414246,0.00494399996155573,-5.32851486458735E-17));
#11964=CARTESIAN_POINT('',(-0.000749999984413746,-6.00000000460076E-05,-3.33358286721403E-17));
#11965=CARTESIAN_POINT('',(-0.000749999984413746,5.99999999539927E-05,-3.33358286721403E-17));
#11966=CARTESIAN_POINT('',(-0.000749999984413247,-6.00000000460076E-05,0.000714999978744239));
#11967=CARTESIAN_POINT('',(-0.000749999984412247,-6.0000000046208E-05,6.00000000000057E-05));
#11968=CARTESIAN_POINT('',(-0.000749999984414246,0.00494399996155573,6.00000000000017E-05));
#11969=CARTESIAN_POINT('',(-0.000749999984413746,5.99999999539927E-05,6.00000000000048E-05));
#11970=CARTESIAN_POINT('',(-0.000749999984413247,5.99999999539927E-05,0.000714999978744239));
#11971=CARTESIAN_POINT('',(-0.000446565000009225,-0.0028278605320699,5.99999999999828E-05));
#11972=CARTESIAN_POINT('',(0.156210000012842,-0.000410000000046008,6.00000000000057E-05));
#11973=CARTESIAN_POINT('',(-0.000454999984409232,-0.000410000000046109,5.99999999999977E-05));
#11974=CARTESIAN_POINT('',(-0.000749999984412247,-0.000410000000046208,6.00000000000057E-05));
#11975=CARTESIAN_POINT('',(-0.000454999984409232,0.00494399996155573,6.00000000000017E-05));
#11976=CARTESIAN_POINT('',(-0.000454999984409232,-0.000290000000046109,5.99999999999967E-05));
#11977=CARTESIAN_POINT('',(0.156210000012842,-0.000290000000046008,6.00000000000057E-05));
#11978=CARTESIAN_POINT('',(-0.000749999984413746,-0.000290000000046008,6.00000000000057E-05));
#11979=CARTESIAN_POINT('',(-0.000749999984414246,0.00494399996155573,6.00000000000048E-05));
#11980=CARTESIAN_POINT('',(-0.000749999984402228,-0.0025133150000466,-1.81499999999025E-06));
#11981=CARTESIAN_POINT('',(-0.000749999984414246,0.00494399996155573,-5.52367125563474E-17));
#11982=CARTESIAN_POINT('',(-0.000749999984413247,-0.00169000000004601,-5.02493825629141E-17));
#11983=CARTESIAN_POINT('',(-0.000749999984413247,-0.00181000000004601,-5.02493825629141E-17));
#11984=CARTESIAN_POINT('',(-0.000749999984412247,-0.00181000000004601,0.000714999978744239));
#11985=CARTESIAN_POINT('',(-0.000749999984413247,-0.00181000000004601,6.00000000000067E-05));
#11986=CARTESIAN_POINT('',(-0.000749999984414246,0.00494399996155573,6.00000000000017E-05));
#11987=CARTESIAN_POINT('',(-0.000749999984413247,-0.00169000000004601,6.00000000000067E-05));
#11988=CARTESIAN_POINT('',(-0.000749999984412247,-0.00169000000004601,0.000714999978744239));
#11989=CARTESIAN_POINT('',(-0.000446565000009225,-0.0028278605320699,5.99999999999828E-05));
#11990=CARTESIAN_POINT('',(0.156210000012842,-0.00169000000004601,5.99999999999877E-05));
#11991=CARTESIAN_POINT('',(-0.000454999984410731,-0.00169000000004611,5.99999999999977E-05));
#11992=CARTESIAN_POINT('',(-0.000454999984409232,0.00494399996155573,5.99999999999858E-05));
#11993=CARTESIAN_POINT('',(0.000304545901298775,-0.00169000000004593,-1.81500000010723E-06));
#11994=CARTESIAN_POINT('',(0.156210000012842,-0.00169000000004601,2.E-05));
#11995=CARTESIAN_POINT('',(-0.000315717952109218,-0.00169000000004601,2.00000000000008E-05));
#11996=CARTESIAN_POINT('',(-0.000384999984412243,-0.00169000000004601,0.000129999999999994));
#11997=CARTESIAN_POINT('',(-0.000384999984412243,-0.00169000000004604,-4.42862706142438E-17));
#11998=CARTESIAN_POINT('',(0.156210000012842,-0.00169000000004601,-4.92736006076772E-17));
#11999=CARTESIAN_POINT('',(0.156210000012842,-0.00169000000004601,6.00000000000078E-05));
#12000=CARTESIAN_POINT('',(0.000375559984407775,-0.002513315000046,-1.05326852925178E-16));
#12001=CARTESIAN_POINT('',(-0.000384999984412243,-0.00169000000004611,-4.82978186524402E-17));
#12002=CARTESIAN_POINT('',(-0.000384999984412243,-0.00181000000004573,-4.42862706142438E-17));
#12003=CARTESIAN_POINT('',(0.156210000012842,-0.00181000000004601,-4.92736006076772E-17));
#12004=CARTESIAN_POINT('',(-0.000384999984402223,-0.00238457692312303,0.000129999999999578));
#12005=CARTESIAN_POINT('',(-0.000315717952109218,-0.00168457692312304,2.00000000000018E-05));
#12006=CARTESIAN_POINT('',(-0.000315717952109218,-0.00181000000004576,2.00000000000268E-05));
#12007=CARTESIAN_POINT('',(-0.000384999984412243,-0.00181000000004601,0.000129999999999994));
#12008=CARTESIAN_POINT('',(0.000761172035216778,-0.0018100000000446,-1.81500000030022E-06));
#12009=CARTESIAN_POINT('',(0.156210000012842,-0.00181000000004601,5.99999999999877E-05));
#12010=CARTESIAN_POINT('',(-0.000454999984409732,-0.00181000000004611,5.99999999999977E-05));
#12011=CARTESIAN_POINT('',(-0.000425000000006226,-0.00181000000004605,5.99999999999868E-05));
#12012=CARTESIAN_POINT('',(0.156210000012842,-0.00181000000004601,6.00000000000078E-05));
#12013=CARTESIAN_POINT('',(0.156210000012842,-0.00181000000004601,2.E-05));
#12014=CARTESIAN_POINT('',(-0.000385000000006241,-0.00181000000004605,1.99999999999797E-05));
#12015=CARTESIAN_POINT('',(-0.000385000000006241,-0.00181000000004601,6.00000000000067E-05));
#12016=CARTESIAN_POINT('',(-0.000446565000009225,-0.0028278605320699,5.99999999999828E-05));
#12017=CARTESIAN_POINT('',(-0.000454999984409232,0.00494399996155573,6.00000000000017E-05));
#12018=CARTESIAN_POINT('',(-0.000446565000009225,-0.0028278605320699,5.99999999999828E-05));
#12019=CARTESIAN_POINT('',(0.156210000012842,-0.00111000000004601,6.00000000000067E-05));
#12020=CARTESIAN_POINT('',(-0.000454999984408733,-0.00111000000004579,5.99999999999967E-05));
#12021=CARTESIAN_POINT('',(-0.00074999998440875,-0.00111000000004621,6.00000000000067E-05));
#12022=CARTESIAN_POINT('',(-0.000454999984409232,0.00494399996155573,6.00000000000057E-05));
#12023=CARTESIAN_POINT('',(-0.000454999984411231,-0.000990000000046109,5.99999999999977E-05));
#12024=CARTESIAN_POINT('',(0.156210000012842,-0.000990000000046008,6.00000000000067E-05));
#12025=CARTESIAN_POINT('',(-0.000749999984413247,-0.000990000000046208,6.00000000000048E-05));
#12026=CARTESIAN_POINT('',(-0.000749999984414246,0.00494399996155573,6.00000000000017E-05));
#12027=CARTESIAN_POINT('',(-0.000749999984402228,-0.0025133150000466,-1.81499999999025E-06));
#12028=CARTESIAN_POINT('',(-0.000749999984414246,0.00494399996155573,-5.32851486458735E-17));
#12029=CARTESIAN_POINT('',(-0.00074999998440875,-0.00111000000004621,-3.12758445444178E-17));
#12030=CARTESIAN_POINT('',(-0.00074999998440925,-0.000990000000046208,-3.22516264996548E-17));
#12031=CARTESIAN_POINT('',(-0.000749999984412247,-0.00111000000004601,0.000714999978744239));
#12032=CARTESIAN_POINT('',(-0.000749999984412247,-0.000990000000046008,0.000714999978744239));
#12033=CARTESIAN_POINT('',(-0.000384999984402223,-0.00238457692312303,0.000129999999999578));
#12034=CARTESIAN_POINT('',(-0.000384999984401224,-0.000990000000046109,-4.92736006076772E-17));
#12035=CARTESIAN_POINT('',(-0.000384999984409245,-0.000990000000046038,-4.82978186524402E-17));
#12036=CARTESIAN_POINT('',(-0.000384999984409245,-0.00111000000004574,-5.02493825629141E-17));
#12037=CARTESIAN_POINT('',(-0.000384999984413243,-0.000990000000046008,0.000129999999999957));
#12038=CARTESIAN_POINT('',(-0.000315717952110217,-0.000990000000046008,2.E-05));
#12039=CARTESIAN_POINT('',(-0.000315717952110217,-0.000984576923123187,2.E-05));
#12040=CARTESIAN_POINT('',(-0.000315717952110217,-0.0011100000000457,2.00000000000247E-05));
#12041=CARTESIAN_POINT('',(-0.000384999984413243,-0.00111000000004601,0.000129999999999957));
#12042=CARTESIAN_POINT('',(0.000375559984407775,-0.002513315000046,-1.05326852925178E-16));
#12043=CARTESIAN_POINT('',(0.156210000012842,-0.000990000000046008,-5.02493825629141E-17));
#12044=CARTESIAN_POINT('',(0.156210000012842,-0.00111000000004601,-5.02493825629141E-17));
#12045=CARTESIAN_POINT('',(0.000304545901298775,-0.00111000000004593,-1.81500000010821E-06));
#12046=CARTESIAN_POINT('',(0.156210000012842,-0.00111000000004601,5.99999999999877E-05));
#12047=CARTESIAN_POINT('',(0.156210000012842,-0.00111000000004601,2.E-05));
#12048=CARTESIAN_POINT('',(-0.000446565000009225,-0.0028278605320699,5.99999999999828E-05));
#12049=CARTESIAN_POINT('',(-0.000454999984409232,0.00494399996155573,5.99999999999858E-05));
#12050=CARTESIAN_POINT('',(-0.000446565000009225,-0.0028278605320699,5.99999999999828E-05));
#12051=CARTESIAN_POINT('',(0.156210000012842,-0.000760000000046008,6.00000000000067E-05));
#12052=CARTESIAN_POINT('',(-0.000454999984411231,-0.000760000000046108,5.99999999999967E-05));
#12053=CARTESIAN_POINT('',(-0.000749999984409749,-0.000760000000046208,6.00000000000057E-05));
#12054=CARTESIAN_POINT('',(-0.000454999984409232,0.00494399996155573,6.00000000000017E-05));
#12055=CARTESIAN_POINT('',(-0.000454999984411231,-0.000640000000046108,5.99999999999977E-05));
#12056=CARTESIAN_POINT('',(0.156210000012842,-0.000640000000046007,6.00000000000067E-05));
#12057=CARTESIAN_POINT('',(-0.00074999998440925,-0.000640000000046208,6.00000000000067E-05));
#12058=CARTESIAN_POINT('',(-0.000749999984414246,0.00494399996155573,6.00000000000048E-05));
#12059=CARTESIAN_POINT('',(-0.000446565000009225,-0.0028278605320699,5.99999999999828E-05));
#12060=CARTESIAN_POINT('',(0.156210000012842,-0.000640000000046007,5.99999999999887E-05));
#12061=CARTESIAN_POINT('',(-0.000425000000009224,-0.000640000000046048,5.99999999999778E-05));
#12062=CARTESIAN_POINT('',(-0.000454999984409232,0.00494399996155573,5.99999999999887E-05));
#12063=CARTESIAN_POINT('',(0.156210000012842,-0.000410000000046008,5.99999999999887E-05));
#12064=CARTESIAN_POINT('',(-0.000425000000009224,-0.000410000000046049,5.99999999999778E-05));
#12065=CARTESIAN_POINT('',(-0.000425000000009224,-0.000396375000046088,5.99999999999887E-05));
#12066=CARTESIAN_POINT('',(-0.000749999984402228,-0.0025133150000466,-1.81499999999025E-06));
#12067=CARTESIAN_POINT('',(-0.000749999984414246,0.00494399996155573,-5.52367125563474E-17));
#12068=CARTESIAN_POINT('',(-0.000749999984413746,-0.000290000000046008,-5.23093666906366E-17));
#12069=CARTESIAN_POINT('',(-0.000749999984413746,-0.000410000000046008,-5.23093666906366E-17));
#12070=CARTESIAN_POINT('',(-0.000749999984413247,-0.000410000000046008,0.000714999978744239));
#12071=CARTESIAN_POINT('',(-0.000749999984413247,-0.000290000000046008,0.000714999978744239));
#12072=CARTESIAN_POINT('',(0.000304545901299774,-0.000290000000045919,-1.81500000010929E-06));
#12073=CARTESIAN_POINT('',(-0.000385000000009239,-0.000290000000046008,5.99999999999217E-05));
#12074=CARTESIAN_POINT('',(-0.000425000000008724,-0.000290000000046049,5.99999999999778E-05));
#12075=CARTESIAN_POINT('',(-0.000385000000008739,-0.000290000000046038,1.99999999999847E-05));
#12076=CARTESIAN_POINT('',(0.156210000012842,-0.000290000000046008,2.E-05));
#12077=CARTESIAN_POINT('',(-0.000315717952109718,-0.000290000000046008,2.00000000000208E-05));
#12078=CARTESIAN_POINT('',(-0.000384999984413243,-0.000290000000046008,0.000130000000000117));
#12079=CARTESIAN_POINT('',(-0.000384999984412243,-0.000290000000046038,-4.73220366972033E-17));
#12080=CARTESIAN_POINT('',(0.156210000012842,-0.000290000000046008,-5.13335847353996E-17));
#12081=CARTESIAN_POINT('',(0.156210000012842,-0.000290000000046008,5.99999999999887E-05));
#12082=CARTESIAN_POINT('',(0.000375559984407775,-0.002513315000046,-1.05326852925178E-16));
#12083=CARTESIAN_POINT('',(-0.000384999984410245,-0.000290000000046109,-5.02493825629141E-17));
#12084=CARTESIAN_POINT('',(-0.000384999984412243,-0.000410000000046038,-4.73220366972033E-17));
#12085=CARTESIAN_POINT('',(0.156210000012842,-0.000410000000046008,-5.13335847353996E-17));
#12086=CARTESIAN_POINT('',(0.000304545901299774,-0.000410000000045928,-1.81500000010929E-06));
#12087=CARTESIAN_POINT('',(-0.000384999984413243,-0.000410000000046008,0.000130000000000117));
#12088=CARTESIAN_POINT('',(-0.000315717952109718,-0.000410000000046008,2.00000000000198E-05));
#12089=CARTESIAN_POINT('',(0.156210000012842,-0.000410000000046008,2.E-05));
#12090=CARTESIAN_POINT('',(-0.000385000000008739,-0.000410000000046038,1.99999999999837E-05));
#12091=CARTESIAN_POINT('',(-0.000385000000009239,-0.000410000000046008,5.99999999999167E-05));
#12092=CARTESIAN_POINT('',(-0.000385000000006241,-0.00249475000004791,5.99999999999368E-05));
#12093=CARTESIAN_POINT('',(-0.000385000000009239,-0.000640000000046007,5.99999999999167E-05));
#12094=CARTESIAN_POINT('',(-0.000385000000005742,-0.000640000000046038,1.99999999999837E-05));
#12095=CARTESIAN_POINT('',(-0.000385000000009239,-0.000410000000046109,1.99999999999768E-05));
#12096=CARTESIAN_POINT('',(-0.000385000000006241,-0.00249475000004791,5.99999999999368E-05));
#12097=CARTESIAN_POINT('',(-0.000425000000009224,-0.000746375000046109,5.99999999999887E-05));
#12098=CARTESIAN_POINT('',(-0.000425000000007725,-0.000760000000046058,5.99999999999877E-05));
#12099=CARTESIAN_POINT('',(-0.000425000000009224,-0.000990000000046049,5.99999999999778E-05));
#12100=CARTESIAN_POINT('',(-0.000385000000009239,-0.000760000000046008,5.99999999999378E-05));
#12101=CARTESIAN_POINT('',(-0.000385000000009239,-0.000760000000046049,1.99999999999887E-05));
#12102=CARTESIAN_POINT('',(-0.000385000000009239,-0.000760000000046118,1.99999999999768E-05));
#12103=CARTESIAN_POINT('',(-0.000385000000009239,-0.000990000000046038,1.99999999999887E-05));
#12104=CARTESIAN_POINT('',(-0.000385000000009239,-0.000990000000046008,5.99999999999378E-05));
#12105=CARTESIAN_POINT('',(-0.000446565000009225,-0.0028278605320699,5.99999999999828E-05));
#12106=CARTESIAN_POINT('',(0.156210000012842,-0.000990000000046008,5.99999999999887E-05));
#12107=CARTESIAN_POINT('',(-0.000454999984409232,0.00494399996155573,5.99999999999858E-05));
#12108=CARTESIAN_POINT('',(0.156210000012842,-0.000760000000046008,5.99999999999887E-05));
#12109=CARTESIAN_POINT('',(-0.000384999984402223,-0.00238457692312303,0.000129999999999578));
#12110=CARTESIAN_POINT('',(-0.000384999984413243,-0.000640000000046108,-4.92736006076772E-17));
#12111=CARTESIAN_POINT('',(-0.000384999984413243,-0.000640000000046038,-4.42862706142438E-17));
#12112=CARTESIAN_POINT('',(-0.000384999984413243,-0.000760000000046049,-4.42862706142438E-17));
#12113=CARTESIAN_POINT('',(-0.000384999984413243,-0.000640000000046007,0.000130000000000027));
#12114=CARTESIAN_POINT('',(-0.000315717952110217,-0.000640000000046007,2.E-05));
#12115=CARTESIAN_POINT('',(-0.000315717952110217,-0.000634576923123028,2.E-05));
#12116=CARTESIAN_POINT('',(-0.000315717952110217,-0.000760000000046008,2.E-05));
#12117=CARTESIAN_POINT('',(-0.000384999984413243,-0.000760000000046008,0.000130000000000027));
#12118=CARTESIAN_POINT('',(0.000304545901298775,-0.000760000000045928,-1.81500000010929E-06));
#12119=CARTESIAN_POINT('',(-0.000749999984413247,-0.000760000000046008,0.000714999978744239));
#12120=CARTESIAN_POINT('',(-0.000749999984409749,-0.000760000000046208,-3.22516264996548E-17));
#12121=CARTESIAN_POINT('',(0.156210000012842,-0.000760000000046008,-5.13335847353996E-17));
#12122=CARTESIAN_POINT('',(0.156210000012842,-0.000760000000046008,2.E-05));
#12123=CARTESIAN_POINT('',(0.000375559984407775,-0.002513315000046,-1.05326852925178E-16));
#12124=CARTESIAN_POINT('',(0.156210000012842,-0.000640000000046007,-5.13335847353996E-17));
#12125=CARTESIAN_POINT('',(-0.00074999998440925,-0.000640000000046208,-3.22516264996548E-17));
#12126=CARTESIAN_POINT('',(-0.000749999984414246,0.00494399996155573,-5.32851486458735E-17));
#12127=CARTESIAN_POINT('',(-0.000749999984402228,-0.0025133150000466,-1.81499999999025E-06));
#12128=CARTESIAN_POINT('',(-0.000749999984413247,-0.000640000000046007,0.000714999978744239));
#12129=CARTESIAN_POINT('',(0.000304545901299774,-0.000640000000045928,-1.81500000010821E-06));
#12130=CARTESIAN_POINT('',(0.156210000012842,-0.000640000000046007,2.E-05));
#12131=CARTESIAN_POINT('',(-0.000425000000003228,0.00340228883034142,0.000355054935089588));
#12132=CARTESIAN_POINT('',(-0.000425000000003228,0.00340404297514144,0.000352016667172099));
#12133=CARTESIAN_POINT('',(-0.000425000000003228,0.00340500000000499,0.000348495307077507));
#12134=CARTESIAN_POINT('',(-0.000425000000003228,0.00340500000000499,0.000344999999999977));
#12135=CARTESIAN_POINT('',(-0.000425000000003228,0.00344782218702319,0.000381407287811256));
#12136=CARTESIAN_POINT('',(-0.000425000000003228,0.00345404109431534,0.000370306067524635));
#12137=CARTESIAN_POINT('',(-0.000425000000003228,0.0034574741615015,0.000357751099169875));
#12138=CARTESIAN_POINT('',(-0.000425000000003228,0.00345760633902029,0.000344999999999977));
#12139=CARTESIAN_POINT('',(-0.000376664884643375,0.00348878772177696,0.000405236343211415));
#12140=CARTESIAN_POINT('',(-0.000376665277386678,0.00349924364227134,0.000387016772867075));
#12141=CARTESIAN_POINT('',(-0.000376665052870638,0.00350500000000459,0.000365971791749342));
#12142=CARTESIAN_POINT('',(-0.000376665052870638,0.00350500000000523,0.00034499999999999));
#12143=CARTESIAN_POINT('',(-0.000324058616500155,0.00348874028609099,0.000405316622306903));
#12144=CARTESIAN_POINT('',(-0.000324058609344801,0.0034992583104695,0.00038709497556906));
#12145=CARTESIAN_POINT('',(-0.000324058719103974,0.00350500000000492,0.000365971843389154));
#12146=CARTESIAN_POINT('',(-0.000324058719103974,0.0035050000000049,0.00034499999999999));
#12147=CARTESIAN_POINT('',(-0.00032500025441723,0.0034022278130637,0.000355160990447019));
#12148=CARTESIAN_POINT('',(-0.000324999896225226,0.00348893129174017,0.000404985719952647));
#12149=CARTESIAN_POINT('',(-0.000425000000004227,0.00340232071439265,0.000354999633933918));
#12150=CARTESIAN_POINT('',(-0.000324998749207745,0.00338495390896025,0.000344987653333549));
#12151=CARTESIAN_POINT('',(-0.000325000000003239,0.00350500000000481,0.00034499999999999));
#12152=CARTESIAN_POINT('',(-0.000325000000003239,0.00340500000000497,0.00034499999999998));
#12153=CARTESIAN_POINT('',(-0.000425000000003228,0.00340500000000494,0.000344999999999976));
#12154=CARTESIAN_POINT('',(-0.000425000000003228,0.00338471347022445,0.000344923293331386));
#12155=CARTESIAN_POINT('',(0.000375559984407775,-0.002513315000046,-1.05326852925178E-16));
#12156=CARTESIAN_POINT('',(0.000749999984410776,0.00494399996155573,-1.08254198790889E-16));
#12157=CARTESIAN_POINT('',(-0.000325000000003239,0.0034050000000047,1.58499999999647E-05));
#12158=CARTESIAN_POINT('',(-0.000325000000003239,0.00350500000000481,5.99999999999648E-05));
#12159=CARTESIAN_POINT('',(-0.000325000000003239,0.00350500000000473,1.99999999999257E-05));
#12160=CARTESIAN_POINT('',(-0.000325000000003239,0.0034050000000047,1.99999999999068E-05));
#12161=CARTESIAN_POINT('',(-0.000425000000003228,0.00340500000000475,1.99999999999287E-05));
#12162=CARTESIAN_POINT('',(-0.000425000000003228,0.00340500000000486,0.000345));
#12163=CARTESIAN_POINT('',(-0.000446565000009225,-0.0028278605320699,5.99999999999828E-05));
#12164=CARTESIAN_POINT('',(9.99999912457694E-05,0.00494399996155573,6.00000000000057E-05));
#12165=CARTESIAN_POINT('',(9.99999914877703E-05,0.0035350000000067,5.99999995156228E-05));
#12166=CARTESIAN_POINT('',(9.99999912457694E-05,0.00358500000001298,6.00000000000057E-05));
#12167=CARTESIAN_POINT('',(0.156210000012842,0.003585000000013,6.00000000000057E-05));
#12168=CARTESIAN_POINT('',(-9.99999922132455E-05,0.003585000000013,6.00000000000008E-05));
#12169=CARTESIAN_POINT('',(-9.99999922132455E-05,0.00494399996155573,6.00000000000057E-05));
#12170=CARTESIAN_POINT('',(-9.99999922022266E-05,0.00353500000000678,6.00000000052968E-05));
#12171=CARTESIAN_POINT('',(9.99999912457694E-05,0.00353500000001294,6.00000000000057E-05));
#12172=CARTESIAN_POINT('',(0.000131249991825788,0.00353500000001293,9.00000000000078E-05));
#12173=CARTESIAN_POINT('',(-0.000114999992207709,0.00353500000001293,9.00000000000078E-05));
#12174=CARTESIAN_POINT('',(-0.000114999992204212,0.00350500000000477,8.99999999999747E-05));
#12175=CARTESIAN_POINT('',(0.000114999992214759,0.00350500000000486,8.99999999999697E-05));
#12176=CARTESIAN_POINT('',(0.000114999992212261,0.00350500000000474,8.99999999999697E-05));
#12177=CARTESIAN_POINT('',(0.000114999992210263,0.00353500000001293,9.00000000000078E-05));
#12178=CARTESIAN_POINT('',(9.66849922237611E-05,0.00344500000000463,5.79350000182618E-05));
#12179=CARTESIAN_POINT('',(0.000427499981586782,0.00344500000000463,0.000714999978744239));
#12180=CARTESIAN_POINT('',(9.99999922232653E-05,0.00344500000000463,6.00000000178388E-05));
#12181=CARTESIAN_POINT('',(0.000134999992214779,0.00344500000000462,0.000129999999999943));
#12182=CARTESIAN_POINT('',(0.156210000012842,0.00344500000000463,0.000129999999999941));
#12183=CARTESIAN_POINT('',(0.000184999992232787,0.00344500000000461,0.000129999999999932));
#12184=CARTESIAN_POINT('',(-0.000107499997139215,0.00344500000000463,0.000714999978744239));
#12185=CARTESIAN_POINT('',(0.000219999992223774,0.0034450000000046,6.00000000178448E-05));
#12186=CARTESIAN_POINT('',(0.156210000012842,0.00344500000000463,6.00000000178417E-05));
#12187=CARTESIAN_POINT('',(0.000133434992209774,-0.00344318500004187,0.000129999999999949));
#12188=CARTESIAN_POINT('',(0.000134999992214779,0.00494399996155573,0.000129999999999941));
#12189=CARTESIAN_POINT('',(0.00013499999221428,0.00350500000000458,0.000129999999999938));
#12190=CARTESIAN_POINT('',(0.156210000012842,0.00350500000000456,0.000129999999999941));
#12191=CARTESIAN_POINT('',(0.000184999992232787,0.00350500000000457,0.00012999999999994));
#12192=CARTESIAN_POINT('',(0.000184999992232787,0.00494399996155573,0.000129999999999941));
#12193=CARTESIAN_POINT('',(0.000241216912903769,-0.00337018801417069,1.75661586473467E-05));
#12194=CARTESIAN_POINT('',(-0.000544499988534231,0.00494399996155573,0.00158899996153492));
#12195=CARTESIAN_POINT('',(0.000219999992223774,0.00341500000003866,6.00000000178557E-05));
#12196=CARTESIAN_POINT('',(0.000239999992232787,0.00337500000002073,1.99999999999188E-05));
#12197=CARTESIAN_POINT('',(0.000219999992223774,0.00494399996155573,6.00000000178417E-05));
#12198=CARTESIAN_POINT('',(-0.000107499997139215,0.00350500000000456,0.000714999978744239));
#12199=CARTESIAN_POINT('',(0.000239999992232787,0.00350500000000457,1.99999999998958E-05));
#12200=CARTESIAN_POINT('',(0.000239999992232787,0.00494399996155573,1.99999999999068E-05));
#12201=CARTESIAN_POINT('',(0.000749999984407779,-0.0023866850000464,-1.81500000010419E-06));
#12202=CARTESIAN_POINT('',(0.000325000000014785,0.00340500000000449,0.000354352386360682));
#12203=CARTESIAN_POINT('',(0.000325000000015785,0.00340500000000466,0.00034499999999993));
#12204=CARTESIAN_POINT('',(0.000425000000014774,0.00340500000000449,0.000344999999999919));
#12205=CARTESIAN_POINT('',(0.000325000000015785,0.00350500000000449,0.000344999999999941));
#12206=CARTESIAN_POINT('',(0.000425000000014774,0.00340500000000444,5.99999999999087E-05));
#12207=CARTESIAN_POINT('',(0.000425000000014774,0.00340500000000448,1.99999999999068E-05));
#12208=CARTESIAN_POINT('',(0.000325000000014785,0.00340500000000449,1.99999999999068E-05));
#12209=CARTESIAN_POINT('',(0.000325000000015286,0.00350500000000454,1.99999999999098E-05));
#12210=CARTESIAN_POINT('',(0.000325000000015785,0.00350500000000449,0.000344999999999941));
#12211=CARTESIAN_POINT('',(0.000100053904874775,-0.00354266615258781,6.01078253289737E-05));
#12212=CARTESIAN_POINT('',(0.000427499981586782,0.00350500000000456,0.000714999978744239));
#12213=CARTESIAN_POINT('',(9.99999922237649E-05,0.00494399996155573,6.00000000178417E-05));
#12214=CARTESIAN_POINT('',(9.99999917347671E-05,0.00345014718660968,5.99999990401758E-05));
#12215=CARTESIAN_POINT('',(9.99999912457694E-05,0.00494399996155573,5.99999980625098E-05));
#12216=CARTESIAN_POINT('',(9.99999912417726E-05,-0.00358868632039415,-1.81500000051229E-06));
#12217=CARTESIAN_POINT('',(9.99999912457694E-05,0.00353500000001294,9.00000000000078E-05));
#12218=CARTESIAN_POINT('',(9.99999912457694E-05,0.00353500000001295,-2.32764653905482E-18));
#12219=CARTESIAN_POINT('',(9.99999912457694E-05,0.00494399996155573,4.71966758210096E-18));
#12220=CARTESIAN_POINT('',(9.99999912457694E-05,0.00358500000001298,4.71966758210096E-18));
#12221=CARTESIAN_POINT('',(9.99999912457694E-05,0.003585000000013,0.000714999978744239));
#12222=CARTESIAN_POINT('',(0.000108499991835764,0.00353500000001294,9.00000000000078E-05));
#12223=CARTESIAN_POINT('',(0.000108499991835764,0.00345014718626423,6.00000000178417E-05));
#12224=CARTESIAN_POINT('',(-9.99999922122463E-05,0.0034501471862636,6.00000000195858E-05));
#12225=CARTESIAN_POINT('',(-9.99999922132455E-05,0.00353500000001294,9.00000000000078E-05));
#12226=CARTESIAN_POINT('',(-9.99999922132455E-05,0.00353500000001295,4.71966758210096E-18));
#12227=CARTESIAN_POINT('',(-9.99999922132455E-05,0.00353500000001296,4.71966758210096E-18));
#12228=CARTESIAN_POINT('',(-8.390866169522E-05,0.00320602287524887,-0.000148977124771928));
#12229=CARTESIAN_POINT('',(0.000544499988546748,0.00494399996155573,0.00158899996153492));
#12230=CARTESIAN_POINT('',(-0.000219999992211256,0.00341500000003857,6.00000000178377E-05));
#12231=CARTESIAN_POINT('',(-0.000239999992220241,0.00337500000002075,1.99999999999307E-05));
#12232=CARTESIAN_POINT('',(0.156210000012842,0.00341500000003864,6.00000000178417E-05));
#12233=CARTESIAN_POINT('',(0.156210000012842,0.0033750000000207,1.99999999999068E-05));
#12234=CARTESIAN_POINT('',(-0.000446565000009225,-0.0028278605320699,5.99999999999828E-05));
#12235=CARTESIAN_POINT('',(-0.000219999992211256,0.00494399996155573,6.00000000178417E-05));
#12236=CARTESIAN_POINT('',(-0.000219999992211256,0.00344500000000483,6.00000000178368E-05));
#12237=CARTESIAN_POINT('',(0.156210000012842,0.00344500000000486,6.00000000178417E-05));
#12238=CARTESIAN_POINT('',(-9.99999922117467E-05,0.00344500000000482,6.00000000178438E-05));
#12239=CARTESIAN_POINT('',(-9.99999922112471E-05,0.00494399996155573,6.00000000178417E-05));
#12240=CARTESIAN_POINT('',(-0.000404565000012236,-0.00294556499997356,2.E-05));
#12241=CARTESIAN_POINT('',(0.156210000012842,0.00350500000000456,1.99999999999068E-05));
#12242=CARTESIAN_POINT('',(0.000425000000014774,0.00494399996155573,1.99999999999068E-05));
#12243=CARTESIAN_POINT('',(0.000425000000014774,0.00330900000004222,1.99999999999487E-05));
#12244=CARTESIAN_POINT('',(0.156210000012842,0.00330900000004239,1.99999999999068E-05));
#12245=CARTESIAN_POINT('',(-0.000425000000003728,0.00330900000004237,1.99999999999287E-05));
#12246=CARTESIAN_POINT('',(-0.000425000000003228,0.00494399996155573,1.99999999999068E-05));
#12247=CARTESIAN_POINT('',(0.156210000012842,0.00350500000000456,1.99999999999068E-05));
#12248=CARTESIAN_POINT('',(-0.000239999992220241,0.00350500000000465,1.99999999999268E-05));
#12249=CARTESIAN_POINT('',(-0.000239999992220241,0.00494399996155573,1.99999999999068E-05));
#12250=CARTESIAN_POINT('',(-0.000446565000004229,0.00330969051462646,1.76982847196796E-05));
#12251=CARTESIAN_POINT('',(0.000425000000014774,0.00310050000641914,0.000714999978744239));
#12252=CARTESIAN_POINT('',(0.000425000000014774,0.00328500000003685,0.000100000000017892));
#12253=CARTESIAN_POINT('',(0.156210000012842,0.00328500000003701,0.000100000000017851));
#12254=CARTESIAN_POINT('',(-0.000425000000003728,0.003285000000037,0.000100000000017873));
#12255=CARTESIAN_POINT('',(-0.000425000000003228,0.00310050000641914,0.000714999978744239));
#12256=CARTESIAN_POINT('',(0.000375559984407775,-0.002513315000046,-1.05326852925178E-16));
#12257=CARTESIAN_POINT('',(0.156210000012842,0.00319999990366141,1.37185456137306E-17));
#12258=CARTESIAN_POINT('',(0.000425000000014275,0.00319999990366141,1.37185456137306E-17));
#12259=CARTESIAN_POINT('',(0.000325000000013786,0.00319999990366142,1.06827795307712E-17));
#12260=CARTESIAN_POINT('',(0.000425000000014774,0.00494399996155573,1.37185456137306E-17));
#12261=CARTESIAN_POINT('',(0.000425000000014275,0.00287999990365996,1.37185456137306E-17));
#12262=CARTESIAN_POINT('',(0.156210000012842,0.00287999990365996,1.37185456137306E-17));
#12263=CARTESIAN_POINT('',(0.000325000000013786,0.00287999990365996,1.06827795307712E-17));
#12264=CARTESIAN_POINT('',(0.000325000000013786,0.00319999990366142,9.70699757553428E-18));
#12265=CARTESIAN_POINT('',(0.000200905364457771,0.00288039077594347,5.92182554343127E-05));
#12266=CARTESIAN_POINT('',(0.000206678404349764,0.00255249991428932,0.000714999978744239));
#12267=CARTESIAN_POINT('',(0.000206678404349764,0.00287999990365996,6.00000000013317E-05));
#12268=CARTESIAN_POINT('',(0.000206678404349764,0.00286999990365172,8.00000000178697E-05));
#12269=CARTESIAN_POINT('',(0.156210000012842,0.00287999990365996,6.00000000013418E-05));
#12270=CARTESIAN_POINT('',(0.000221076951558763,0.00287999990365996,6.00000000013717E-05));
#12271=CARTESIAN_POINT('',(0.156210000012842,0.00287999990365996,6.00000000013418E-05));
#12272=CARTESIAN_POINT('',(0.000425000000014275,0.00287999990365999,6.00000000012178E-05));
#12273=CARTESIAN_POINT('',(0.000425000000014774,0.00255249991428932,0.000714999978744239));
#12274=CARTESIAN_POINT('',(0.000425000000014774,0.00286999990365168,8.00000000178787E-05));
#12275=CARTESIAN_POINT('',(0.156210000012842,0.00286999990365172,8.00000000178697E-05));
#12276=CARTESIAN_POINT('',(0.000215663875346772,0.00287999990365996,-1.81500000007124E-06));
#12277=CARTESIAN_POINT('',(0.000206678404349764,0.00287999990365996,0.000714999978744239));
#12278=CARTESIAN_POINT('',(0.000206678404349264,0.00287999990365996,0.000100000000015183));
#12279=CARTESIAN_POINT('',(0.000325000000013786,0.00287999990365996,0.00011999999999991));
#12280=CARTESIAN_POINT('',(0.000206678404345767,-0.00288139001026273,5.86849999994758E-05));
#12281=CARTESIAN_POINT('',(0.000206678404349764,0.00494399996155573,8.00000000178697E-05));
#12282=CARTESIAN_POINT('',(0.000206678404349764,0.00283699564100531,8.00000000178867E-05));
#12283=CARTESIAN_POINT('',(0.000206678404349764,0.00494399996155573,0.00218700432056827));
#12284=CARTESIAN_POINT('',(0.000206678404349764,0.00285699564100524,0.000100000000017851));
#12285=CARTESIAN_POINT('',(0.000206678404349764,0.00494399996155573,0.000100000000017851));
#12286=CARTESIAN_POINT('',(0.000210544811244273,0.00319999963958174,8.01624427482017E-05));
#12287=CARTESIAN_POINT('',(0.000206678404349764,0.00319999990365304,0.000100000000017852));
#12288=CARTESIAN_POINT('',(0.000206678404348765,0.00320000057748792,0.000100000000017851));
#12289=CARTESIAN_POINT('',(0.000206678404349764,0.00319999990365304,5.99999999831298E-05));
#12290=CARTESIAN_POINT('',(0.000206678404349764,0.00319999990365304,5.99999999829987E-05));
#12291=CARTESIAN_POINT('',(0.000221076951514271,0.00319999878814126,6.00000000744188E-05));
#12292=CARTESIAN_POINT('',(0.000325000000008763,0.00320000340612836,0.000120000000000129));
#12293=CARTESIAN_POINT('',(0.000325000000008763,-0.00321062490369898,0.000120000000000129));
#12294=CARTESIAN_POINT('',(0.000325000000013786,0.00319999990366141,0.00011999999999991));
#12295=CARTESIAN_POINT('',(0.000325000000013786,0.00287999990365996,0.00011999999999991));
#12296=CARTESIAN_POINT('',(0.000206678404348765,0.00321062490366148,0.000100000000017851));
#12297=CARTESIAN_POINT('',(0.000430413076224795,0.00319999990366141,-1.81500000000825E-06));
#12298=CARTESIAN_POINT('',(0.156210000012842,0.00319999990366141,5.99999999999458E-05));
#12299=CARTESIAN_POINT('',(0.000425000000014275,0.00319999990366141,5.99999999999228E-05));
#12300=CARTESIAN_POINT('',(0.000425000000014774,0.00319999990366141,0.000714999978744239));
#12301=CARTESIAN_POINT('',(-0.000446565000004229,0.00282699564100568,7.05650000183677E-05));
#12302=CARTESIAN_POINT('',(0.156210000012842,0.00282699564100568,5.99999999999757E-05));
#12303=CARTESIAN_POINT('',(0.000425000000014774,0.00282699564100554,5.99999999999538E-05));
#12304=CARTESIAN_POINT('',(-0.000425000000003728,0.00282699564100568,5.99999999999757E-05));
#12305=CARTESIAN_POINT('',(-0.000425000000003228,0.00282699564100568,0.000714999978744239));
#12306=CARTESIAN_POINT('',(-0.000425000000003728,0.00282699564100562,7.00000000181047E-05));
#12307=CARTESIAN_POINT('',(0.156210000012842,0.00282699564100568,7.00000000182967E-05));
#12308=CARTESIAN_POINT('',(0.000425000000014774,0.00282699564100554,7.00000000180036E-05));
#12309=CARTESIAN_POINT('',(0.000425000000014774,0.00282699564100568,0.000714999978744239));
#12310=CARTESIAN_POINT('',(0.000200905364453774,-0.00287114001025543,8.00000000178757E-05));
#12311=CARTESIAN_POINT('',(0.000425000000014774,0.00494399996155573,8.00000000178697E-05));
#12312=CARTESIAN_POINT('',(0.000425000000014774,0.00283699564100526,8.00000000178697E-05));
#12313=CARTESIAN_POINT('',(0.156210000012842,0.00283699564100525,8.00000000178697E-05));
#12314=CARTESIAN_POINT('',(0.000425000000010778,-0.00342031500004391,-9.18999999998028E-06));
#12315=CARTESIAN_POINT('',(0.000425000000014774,0.00280499999998254,0.000354999999999912));
#12316=CARTESIAN_POINT('',(0.000424999999987269,0.00280499999993104,0.000355000001689306));
#12317=CARTESIAN_POINT('',(0.000424999913688773,0.00340231451543775,0.000355097610973869));
#12318=CARTESIAN_POINT('',(0.000425000000014774,0.00280499999987596,0.000714999978744239));
#12319=CARTESIAN_POINT('',(0.000424999999976277,0.00280499999994734,5.99999999999468E-05));
#12320=CARTESIAN_POINT('',(0.000425000000014774,0.00494399996155573,5.99999999999757E-05));
#12321=CARTESIAN_POINT('',(0.000425000000014774,0.00494399996155573,0.00218700432056827));
#12322=CARTESIAN_POINT('',(0.000425000000014774,0.00287999990365996,0.000714999978744239));
#12323=CARTESIAN_POINT('',(0.000425000000014774,0.00352749989303275,0.000714999978744239));
#12324=CARTESIAN_POINT('',(0.000425000000014774,0.00321999990367032,0.000100000000017851));
#12325=CARTESIAN_POINT('',(0.000425000000014774,0.00494399996155573,0.000100000000017851));
#12326=CARTESIAN_POINT('',(0.000425000000014774,0.00338460432921181,0.000344905108902231));
#12327=CARTESIAN_POINT('',(0.000215663875346772,0.00287999990365996,-1.81500000007124E-06));
#12328=CARTESIAN_POINT('',(0.000446565000015775,0.00285796837964198,0.000100972738654595));
#12329=CARTESIAN_POINT('',(0.156210000012842,0.00285699564100524,0.000100000000017851));
#12330=CARTESIAN_POINT('',(-0.000206678404338245,0.00285699564100524,0.000100000000017851));
#12331=CARTESIAN_POINT('',(-0.000425000000003228,0.00494399996155573,0.00218700432056827));
#12332=CARTESIAN_POINT('',(-0.000425000000003728,0.00283699564100548,8.00000000179667E-05));
#12333=CARTESIAN_POINT('',(0.156210000012842,0.00283699564100528,8.00000000178997E-05));
#12334=CARTESIAN_POINT('',(-0.000206678404338245,0.00283699564100542,8.00000000179457E-05));
#12335=CARTESIAN_POINT('',(-0.000206678404338245,0.00494399996155573,0.00218700432056827));
#12336=CARTESIAN_POINT('',(0.000200905364453774,-0.00287114001025543,8.00000000178757E-05));
#12337=CARTESIAN_POINT('',(-0.000425000000003228,0.00494399996155573,8.00000000178997E-05));
#12338=CARTESIAN_POINT('',(-0.000425000000003728,0.00286999990365196,8.00000000178887E-05));
#12339=CARTESIAN_POINT('',(0.156210000012842,0.00286999990365192,8.00000000178997E-05));
#12340=CARTESIAN_POINT('',(-0.000206678404338245,0.00286999990365192,8.00000000178997E-05));
#12341=CARTESIAN_POINT('',(-0.000206678404338245,0.00494399996155573,8.00000000178997E-05));
#12342=CARTESIAN_POINT('',(-0.000206678404342242,-0.00288139001026269,5.86849999995068E-05));
#12343=CARTESIAN_POINT('',(-0.000206678404338245,0.00255249991428951,0.000714999978744239));
#12344=CARTESIAN_POINT('',(-0.000206678404338245,0.00287999990366092,5.99999999998388E-05));
#12345=CARTESIAN_POINT('',(-0.000206678404338245,0.00287999990366092,0.000714999978744239));
#12346=CARTESIAN_POINT('',(-0.000206678404338745,0.00287999990366092,0.000100000000020912));
#12347=CARTESIAN_POINT('',(-0.000206678404338245,0.00494399996155573,0.000100000000017851));
#12348=CARTESIAN_POINT('',(0.000215663875346772,0.00287999990365996,-1.81500000007124E-06));
#12349=CARTESIAN_POINT('',(-0.000325000000004239,0.00287999990366092,0.000119999999999913));
#12350=CARTESIAN_POINT('',(-0.000221076951550214,0.00287999990366092,5.99999999998457E-05));
#12351=CARTESIAN_POINT('',(0.156210000012842,0.00287999990366092,5.99999999998348E-05));
#12352=CARTESIAN_POINT('',(-0.000325000000008235,-0.00286937490369815,0.000120000000000019));
#12353=CARTESIAN_POINT('',(-0.000325000000004239,0.00287999990366092,0.000119999999999913));
#12354=CARTESIAN_POINT('',(-0.000325000000004239,0.00287999990366093,-2.3252748468025E-17));
#12355=CARTESIAN_POINT('',(-0.000325000000004239,0.00319999990366243,-1.82654184745917E-17));
#12356=CARTESIAN_POINT('',(-0.000325000000004239,0.00319999990366241,-2.3252748468025E-17));
#12357=CARTESIAN_POINT('',(-0.000325000000004239,0.0031999999036624,0.000119999999999913));
#12358=CARTESIAN_POINT('',(-0.000221076951491233,0.0031999999036624,5.99999999969968E-05));
#12359=CARTESIAN_POINT('',(-0.000325000000008235,0.00320000340612871,0.000120000000000019));
#12360=CARTESIAN_POINT('',(-0.000206678404338745,0.00320000057748837,0.00010000000001785));
#12361=CARTESIAN_POINT('',(-0.000206678404339244,0.00286937490366096,0.00010000000001785));
#12362=CARTESIAN_POINT('',(0.000375559984407775,-0.002513315000046,-1.05326852925178E-16));
#12363=CARTESIAN_POINT('',(0.156210000012842,0.0031999999036624,-2.93242806339439E-17));
#12364=CARTESIAN_POINT('',(-0.000425000000003728,0.00319999990366242,-2.93242806339439E-17));
#12365=CARTESIAN_POINT('',(0.156210000012842,0.00287999990366092,-2.93242806339439E-17));
#12366=CARTESIAN_POINT('',(-0.000425000000003728,0.00287999990366094,-2.93242806339439E-17));
#12367=CARTESIAN_POINT('',(-0.000425000000003228,0.00494399996155573,-2.93242806339439E-17));
#12368=CARTESIAN_POINT('',(0.000430413076224795,0.00319999990366141,-1.81500000000825E-06));
#12369=CARTESIAN_POINT('',(-0.000425000000003228,0.0031999999036624,0.000714999978744239));
#12370=CARTESIAN_POINT('',(-0.000425000000003728,0.00319999990366225,6.00000000005058E-05));
#12371=CARTESIAN_POINT('',(0.156210000012842,0.0031999999036624,6.00000000011238E-05));
#12372=CARTESIAN_POINT('',(-0.000206678404342242,-0.00288139001026269,5.86849999995068E-05));
#12373=CARTESIAN_POINT('',(-0.000206678404338245,0.00319999990365325,0.000100000000017883));
#12374=CARTESIAN_POINT('',(-0.000206678404338245,0.00319999990365325,5.99999999829007E-05));
#12375=CARTESIAN_POINT('',(-0.000206678404338245,0.00352749989303314,0.000714999978744239));
#12376=CARTESIAN_POINT('',(-0.000206678404338245,0.00321999990367069,0.000100000000017853));
#12377=CARTESIAN_POINT('',(-0.000206678404338245,0.00494399996155573,0.000100000000017851));
#12378=CARTESIAN_POINT('',(0.000430773039906768,0.00322064077595333,0.000101281744583894));
#12379=CARTESIAN_POINT('',(0.156210000012842,0.00321999990367071,0.000100000000017851));
#12380=CARTESIAN_POINT('',(-0.000425000000003728,0.00321999990367073,0.000100000000017872));
#12381=CARTESIAN_POINT('',(-0.000206678404338245,0.00319999990365325,5.99999999830307E-05));
#12382=CARTESIAN_POINT('',(-0.000425000000003228,0.00352749989303314,0.000714999978744239));
#12383=CARTESIAN_POINT('',(-0.000210544811233226,0.00319999963958195,8.01624427827527E-05));
#12384=CARTESIAN_POINT('',(0.000215663875346772,0.00287999990365996,-1.81500000007124E-06));
#12385=CARTESIAN_POINT('',(-0.000425000000003228,0.00287999990366092,0.000714999978744239));
#12386=CARTESIAN_POINT('',(-0.000425000000003728,0.00287999990366091,5.99999999998878E-05));
#12387=CARTESIAN_POINT('',(0.156210000012842,0.00287999990366092,5.99999999998348E-05));
#12388=CARTESIAN_POINT('',(0.000200905364457771,0.00288039077594347,5.92182554343127E-05));
#12389=CARTESIAN_POINT('',(-0.000425000000003228,0.00255249991428951,0.000714999978744239));
#12390=CARTESIAN_POINT('',(-0.000226064999964248,0.0028615649999268,9.99999999999728E-05));
#12391=CARTESIAN_POINT('',(-0.000425000000003228,0.00494399996155573,0.000100000000017851));
#12392=CARTESIAN_POINT('',(0.156210000012842,0.00321999990367032,0.000100000000017851));
#12393=CARTESIAN_POINT('',(0.000206678404349764,0.00321999990367036,0.000100000000017871));
#12394=CARTESIAN_POINT('',(0.000206678404349764,0.00494399996155573,0.000100000000017851));
#12395=CARTESIAN_POINT('',(0.000430773039906768,0.00322064077595333,0.000101281744583894));
#12396=CARTESIAN_POINT('',(0.000206678404349764,0.00352749989303275,0.000714999978744239));
#12397=CARTESIAN_POINT('',(0.000206678404345767,-0.00288139001026273,5.86849999994758E-05));
#12398=CARTESIAN_POINT('',(0.000425000000014774,0.0034015613545171,0.000354745955453307));
#12399=CARTESIAN_POINT('',(0.000425000000014774,0.00340178702503175,0.000354878084230997));
#12400=CARTESIAN_POINT('',(0.000425000000014774,0.0034020126955464,0.000355010213008687));
#12401=CARTESIAN_POINT('',(0.000425000000014774,0.00340223836606105,0.000355142341786376));
#12402=CARTESIAN_POINT('',(0.000425000000014774,0.00340506166367452,0.000356795366167084));
#12403=CARTESIAN_POINT('',(0.000424678188203754,0.00341071160777613,0.000360103525569506));
#12404=CARTESIAN_POINT('',(0.00042275791683103,0.00342188707541389,0.000366651059992789));
#12405=CARTESIAN_POINT('',(0.000417983145040946,0.0034354720498994,0.000374616230416501));
#12406=CARTESIAN_POINT('',(0.000408682655374595,0.00345047579318217,0.00038342314251591));
#12407=CARTESIAN_POINT('',(0.000396166108401875,0.00346362544768445,0.000391151919932558));
#12408=CARTESIAN_POINT('',(0.000380913787094236,0.0034744114128508,0.000397502704838583));
#12409=CARTESIAN_POINT('',(0.000363516430978511,0.0034824201071793,0.000402231580416882));
#12410=CARTESIAN_POINT('',(0.000347770406495189,0.00348652519994756,0.000404670168959469));
#12411=CARTESIAN_POINT('',(0.000336436365827812,0.0034879643174852,0.000405537396198179));
#12412=CARTESIAN_POINT('',(0.000329908584570234,0.00348837378807358,0.000405791070094705));
#12413=CARTESIAN_POINT('',(0.000326635927945227,0.00348844010883943,0.000405836897468966));
#12414=CARTESIAN_POINT('',(0.000324999896237771,0.00348843857804646,0.000405839395971659));
#12415=CARTESIAN_POINT('',(0.000425000000014774,0.00340158770858174,0.000354700385658627));
#12416=CARTESIAN_POINT('',(0.000425000000014774,0.00340181372563803,0.000354831888613825));
#12417=CARTESIAN_POINT('',(0.000425000000014774,0.00340203974269433,0.000354963391569023));
#12418=CARTESIAN_POINT('',(0.000425000000014774,0.00340226575975062,0.000355094894524221));
#12419=CARTESIAN_POINT('',(0.000425000000014774,0.00340509339284498,0.000356740089423304));
#12420=CARTESIAN_POINT('',(0.00042467819582043,0.00341075226017574,0.000360032948176924));
#12421=CARTESIAN_POINT('',(0.000422757969438915,0.00342194514577557,0.000366549802004113));
#12422=CARTESIAN_POINT('',(0.000417983272191196,0.00343555151468011,0.000374477813940796));
#12423=CARTESIAN_POINT('',(0.000408682826639336,0.00345057900872705,0.000383243608452572));
#12424=CARTESIAN_POINT('',(0.000396166270488173,0.00346374958158943,0.000390936298342498));
#12425=CARTESIAN_POINT('',(0.000380913903460753,0.0034745527718451,0.00039725738844736));
#12426=CARTESIAN_POINT('',(0.000363516489621593,0.00348257432732472,0.000401964100632845));
#12427=CARTESIAN_POINT('',(0.000347770426527733,0.00348668610026691,0.00040439121344918));
#12428=CARTESIAN_POINT('',(0.000336436371189462,0.00348812763850091,0.000405254311645621));
#12429=CARTESIAN_POINT('',(0.000329908585411749,0.00348853785360514,0.000405506775336587));
#12430=CARTESIAN_POINT('',(0.000326635928139431,0.00348860431657537,0.000405552339804384));
#12431=CARTESIAN_POINT('',(0.000324999896237771,0.00348860281594426,0.000405554837298639));
#12432=CARTESIAN_POINT('',(0.000425000000014774,0.00340161406264638,0.000354654815863947));
#12433=CARTESIAN_POINT('',(0.000425000000014774,0.00340184042624432,0.000354785692996653));
#12434=CARTESIAN_POINT('',(0.000425000000014774,0.00340206678984226,0.000354916570129359));
#12435=CARTESIAN_POINT('',(0.000425000000014774,0.0034022931534402,0.000355047447262065));
#12436=CARTESIAN_POINT('',(0.000425000000014774,0.00340512512201545,0.000356684812679524));
#12437=CARTESIAN_POINT('',(0.000424678203437113,0.00341079291257534,0.000359962370784343));
#12438=CARTESIAN_POINT('',(0.000422758022046816,0.00342200321613725,0.000366448544015437));
#12439=CARTESIAN_POINT('',(0.000417983399341459,0.00343563097946081,0.000374339397465091));
#12440=CARTESIAN_POINT('',(0.000408682997904062,0.00345068222427194,0.000383064074389234));
#12441=CARTESIAN_POINT('',(0.000396166432574471,0.00346387371549442,0.000390720676752439));
#12442=CARTESIAN_POINT('',(0.000380914019827271,0.00347469413083939,0.000397012072056137));
#12443=CARTESIAN_POINT('',(0.000363516548264674,0.00348272854747013,0.000401696620848809));
#12444=CARTESIAN_POINT('',(0.000347770446560262,0.00348684700058627,0.00040411225793889));
#12445=CARTESIAN_POINT('',(0.000336436376551119,0.00348829095951661,0.000404971227093063));
#12446=CARTESIAN_POINT('',(0.000329908586253264,0.00348870191913669,0.00040522248057847));
#12447=CARTESIAN_POINT('',(0.000326635928333619,0.0034887685243113,0.000405267782139801));
#12448=CARTESIAN_POINT('',(0.000324999896237771,0.00348876705384205,0.000405270278625618));
#12449=CARTESIAN_POINT('',(0.000425000000014774,0.00340164041671102,0.000354609246069267));
#12450=CARTESIAN_POINT('',(0.000425000000014774,0.0034018671268506,0.000354739497379481));
#12451=CARTESIAN_POINT('',(0.000425000000014774,0.00340209383699019,0.000354869748689695));
#12452=CARTESIAN_POINT('',(0.000425000000014774,0.00340232054712978,0.00035499999999991));
#12453=CARTESIAN_POINT('',(0.000425000000014774,0.00340515685118591,0.000356629535935744));
#12454=CARTESIAN_POINT('',(0.000424678211053797,0.00341083356497495,0.000359891793391761));
#12455=CARTESIAN_POINT('',(0.00042275807465475,0.00342206128649893,0.000366347286026762));
#12456=CARTESIAN_POINT('',(0.00041798352649175,0.00343571044424152,0.000374200980989386));
#12457=CARTESIAN_POINT('',(0.000408683169168756,0.00345078543981682,0.000382884540325896));
#12458=CARTESIAN_POINT('',(0.000396166594660768,0.00346399784939941,0.00039050505516238));
#12459=CARTESIAN_POINT('',(0.000380914136193788,0.00347483548983369,0.000396766755664915));
#12460=CARTESIAN_POINT('',(0.000363516606907755,0.00348288276761555,0.000401429141064773));
#12461=CARTESIAN_POINT('',(0.000347770466592762,0.00348700790090562,0.000403833302428601));
#12462=CARTESIAN_POINT('',(0.000336436381912775,0.00348845428053232,0.000404688142540505));
#12463=CARTESIAN_POINT('',(0.000329908587094779,0.00348886598466825,0.000404938185820353));
#12464=CARTESIAN_POINT('',(0.000326635928527775,0.00348893273204723,0.000404983224475218));
#12465=CARTESIAN_POINT('',(0.000324999896237771,0.00348893129173985,0.000404985719952597));
#12466=CARTESIAN_POINT('',(0.000425000000014774,0.00340247911469654,0.000353159022146597));
#12467=CARTESIAN_POINT('',(0.000425000000014774,0.00340271685325944,0.000353269357133831));
#12468=CARTESIAN_POINT('',(0.000425000000014774,0.00340295459182233,0.000353379692121064));
#12469=CARTESIAN_POINT('',(0.000425000000014774,0.00340319233038522,0.000353490027108298));
#12470=CARTESIAN_POINT('',(0.000425000000014774,0.00340616660781038,0.000354870395769324));
#12471=CARTESIAN_POINT('',(0.000424678453447791,0.0034121272965539,0.00035764572175943));
#12472=CARTESIAN_POINT('',(0.000422759748860773,0.00342390933142207,0.000363124827848707));
#12473=CARTESIAN_POINT('',(0.00041798757295175,0.00343823935021526,0.000369795982332526));
#12474=CARTESIAN_POINT('',(0.000408688619538772,0.00345407019572663,0.000377171005836333));
#12475=CARTESIAN_POINT('',(0.000396171752932773,0.0034679483161481,0.000383643062688112));
#12476=CARTESIAN_POINT('',(0.00038091783946978,0.00347933413189811,0.000388959748815915));
#12477=CARTESIAN_POINT('',(0.000363518473178781,0.00348779070599473,0.000392916801161468));
#12478=CARTESIAN_POINT('',(0.000347771104112771,0.00349212843071995,0.000394955756299127));
#12479=CARTESIAN_POINT('',(0.000336436552542785,0.00349365184715987,0.0003956791927934));
#12480=CARTESIAN_POINT('',(0.000329908613875774,0.00349408724494425,0.000395890722205326));
#12481=CARTESIAN_POINT('',(0.000326635934707775,0.00349415851786894,0.000395927394062656));
#12482=CARTESIAN_POINT('',(0.000324999896237771,0.00349415803743986,0.00039592985744728));
#12483=CARTESIAN_POINT('',(0.000425000000014774,0.00340376093431406,0.000350010076657578));
#12484=CARTESIAN_POINT('',(0.000425000000014774,0.00340402259178792,0.000350080157817399));
#12485=CARTESIAN_POINT('',(0.000425000000014774,0.00340428424926179,0.000350150238977221));
#12486=CARTESIAN_POINT('',(0.000425000000014774,0.00340454590673566,0.000350220320137043));
#12487=CARTESIAN_POINT('',(0.000425000000014774,0.00340781942663995,0.000351097084970859));
#12488=CARTESIAN_POINT('',(0.000424677954483754,0.00341410688738423,0.000352780671549041));
#12489=CARTESIAN_POINT('',(0.000422756301805771,0.00342681909707289,0.000356183961243488));
#12490=CARTESIAN_POINT('',(0.000417979247682776,0.00344217987331409,0.000360294507438921));
#12491=CARTESIAN_POINT('',(0.000408677432208765,0.00345918611586527,0.000364842585178557));
#12492=CARTESIAN_POINT('',(0.000396161212279783,0.00347408648758421,0.000368824506064684));
#12493=CARTESIAN_POINT('',(0.000380910344432772,0.00348631810538323,0.000372089965167877));
#12494=CARTESIAN_POINT('',(0.000363514800965775,0.00349540835305205,0.000374512936728534));
#12495=CARTESIAN_POINT('',(0.000347769972676771,0.00350007734196456,0.000375753103767534));
#12496=CARTESIAN_POINT('',(0.000336436378308797,0.00350172174871488,0.000376186481893973));
#12497=CARTESIAN_POINT('',(0.000329908721326794,0.00350219376448579,0.000376308626479265));
#12498=CARTESIAN_POINT('',(0.000326636088617771,0.00350227317258519,0.000376328305559694));
#12499=CARTESIAN_POINT('',(0.000325000051903779,0.0035022734128014,0.000376327073459778));
#12500=CARTESIAN_POINT('',(0.000425000000014774,0.00340421659080734,0.000346668537648564));
#12501=CARTESIAN_POINT('',(0.000425000000014774,0.00340447772720642,0.000346691400566584));
#12502=CARTESIAN_POINT('',(0.000425000000014774,0.00340473886360549,0.000346714263484604));
#12503=CARTESIAN_POINT('',(0.000425000000014774,0.00340500000000457,0.000346737126402624));
#12504=CARTESIAN_POINT('',(0.000425000000014774,0.003408267000895,0.000347023157663654));
#12505=CARTESIAN_POINT('',(0.000424678483784774,0.00341481641755131,0.000347589048093309));
#12506=CARTESIAN_POINT('',(0.000422759961807767,0.00342776194087871,0.000348715308240608));
#12507=CARTESIAN_POINT('',(0.000417988091186761,0.00344350974104697,0.00035008239743839));
#12508=CARTESIAN_POINT('',(0.000408689325127776,0.00346090909639676,0.00035159366483364));
#12509=CARTESIAN_POINT('',(0.000396172436071762,0.00347616473773012,0.000352918388583296));
#12510=CARTESIAN_POINT('',(0.000380918358364762,0.00348868329834181,0.000354005544048764));
#12511=CARTESIAN_POINT('',(0.00036351878198676,0.00349798433056239,0.000354813333432667));
#12512=CARTESIAN_POINT('',(0.000347771275870768,0.0035027585518026,0.000355228034570383));
#12513=CARTESIAN_POINT('',(0.000336436671589779,0.00350443825730681,0.000355373954474433));
#12514=CARTESIAN_POINT('',(0.000329908721470789,0.00350491970245087,0.00035541578217029));
#12515=CARTESIAN_POINT('',(0.00032663603412178,0.00350500000000459,0.000355422757618041));
#12516=CARTESIAN_POINT('',(0.000325000000014785,0.00350500000000459,0.000355422758416202));
#12517=CARTESIAN_POINT('',(0.000425000000014774,0.0034042156113243,0.000344999999999913));
#12518=CARTESIAN_POINT('',(0.000425000000014774,0.00340447707421773,0.000344999999999913));
#12519=CARTESIAN_POINT('',(0.000425000000014774,0.00340473853711115,0.000344999999999913));
#12520=CARTESIAN_POINT('',(0.000425000000014774,0.00340500000000457,0.000344999999999913));
#12521=CARTESIAN_POINT('',(0.000425000000014774,0.00340827108556998,0.000344999999999913));
#12522=CARTESIAN_POINT('',(0.000424678211610796,0.00341481840358247,0.000344999999999913));
#12523=CARTESIAN_POINT('',(0.000422758078944762,0.00342776965859641,0.000344999999999914));
#12524=CARTESIAN_POINT('',(0.000417983540914768,0.00344351703512466,0.000344999999999916));
#12525=CARTESIAN_POINT('',(0.000408683204265764,0.00346091414754432,0.000344999999999921));
#12526=CARTESIAN_POINT('',(0.000396166656210756,0.00347616668515698,0.000344999999999925));
#12527=CARTESIAN_POINT('',(0.000380914225024759,0.00348868320345407,0.000344999999999931));
#12528=CARTESIAN_POINT('',(0.000363516717284767,0.00349798354006116,0.000344999999999936));
#12529=CARTESIAN_POINT('',(0.000347770584188778,0.0035027580894461,0.000344999999999939));
#12530=CARTESIAN_POINT('',(0.000336436495870756,0.00350443810965286,0.000344999999999941));
#12531=CARTESIAN_POINT('',(0.000329908696310777,0.00350491967644465,0.000344999999999941));
#12532=CARTESIAN_POINT('',(0.00032663603412178,0.00350500000000459,0.000344999999999941));
#12533=CARTESIAN_POINT('',(0.000325000000014785,0.00350500000000459,0.000344999999999941));
#12534=CARTESIAN_POINT('',(0.000325000254429775,0.00340222781306333,0.000355160990446942));
#12535=CARTESIAN_POINT('',(0.000324999896237771,0.00348893129173985,0.000404985719952597));
#12536=CARTESIAN_POINT('',(0.000324998749225758,0.00338495390895996,0.000344987653333506));
#12537=CARTESIAN_POINT('',(0.000314999992319764,0.00338500000079891,0.000464999999999918));
#12538=CARTESIAN_POINT('',(0.000314999992319764,0.00338500000079891,0.000464999999999918));
#12539=CARTESIAN_POINT('',(0.000314999992319764,0.00338500000079891,0.000464999999999918));
#12540=CARTESIAN_POINT('',(0.000314999992319764,0.00338500000079891,0.000464999999999918));
#12541=CARTESIAN_POINT('',(0.000369321434285707,0.00339299388830989,0.000465000003840454));
#12542=CARTESIAN_POINT('',(0.0003525474313542,0.00340495563282211,0.000465001885480862));
#12543=CARTESIAN_POINT('',(0.000335908225310419,0.00341543878096419,0.000465000442739054));
#12544=CARTESIAN_POINT('',(0.000319035966913715,0.00342728445166798,0.000465000297223881));
#12545=CARTESIAN_POINT('',(0.000425000000014774,0.00339911632782395,0.000416059994299521));
#12546=CARTESIAN_POINT('',(0.000409619749577157,0.0034329943394188,0.000442589809936115));
#12547=CARTESIAN_POINT('',(0.000366115235549923,0.00346091334302221,0.000453539251905552));
#12548=CARTESIAN_POINT('',(0.000324251189964208,0.00346829795705416,0.000440734900444523));
#12549=CARTESIAN_POINT('',(0.000425000000014774,0.00340237904507295,0.000353885256052774));
#12550=CARTESIAN_POINT('',(0.000425280790101269,0.00344568374673633,0.000378636017442763));
#12551=CARTESIAN_POINT('',(0.0003740018317584,0.00348948660287933,0.000404023411964276));
#12552=CARTESIAN_POINT('',(0.000324105960530033,0.00348930718592062,0.00040433444816345));
#12553=CARTESIAN_POINT('',(0.000314999992319764,0.00338500000079891,0.000464999999999918));
#12554=CARTESIAN_POINT('',(0.000315557912508757,0.0033904049142797,0.000464999999964242));
#12555=CARTESIAN_POINT('',(0.000316942690873762,0.00340118254572742,0.000464269923512914));
#12556=CARTESIAN_POINT('',(0.000319330265248746,0.00342220459088521,0.000459964108764798));
#12557=CARTESIAN_POINT('',(0.00032207414607377,0.00344674568056891,0.000449514092383002));
#12558=CARTESIAN_POINT('',(0.000324383674990769,0.00347140609343503,0.000430155937314567));
#12559=CARTESIAN_POINT('',(0.000325000208788756,0.00348390566209651,0.000413693128666319));
#12560=CARTESIAN_POINT('',(0.000324999896237771,0.00348893129173985,0.000404985719952597));
#12561=CARTESIAN_POINT('',(0.000314999994843773,0.00338500000058846,0.000464999999999918));
#12562=CARTESIAN_POINT('',(0.000424999956659978,0.00340231541908101,0.000355097658492719));
#12563=CARTESIAN_POINT('',(0.000424949302933029,0.00339931756121096,0.000412152683702949));
#12564=CARTESIAN_POINT('',(0.00037307157471282,0.00339354575511692,0.000465000004060206));
#12565=CARTESIAN_POINT('',(0.000314999992319792,0.00338500000079891,0.000464999999999953));
#12566=CARTESIAN_POINT('',(0.000343875000015787,0.00338500000000466,0.000344999999999914));
#12567=CARTESIAN_POINT('',(-0.000314999992308218,0.00338500000079923,0.000464999999999965));
#12568=CARTESIAN_POINT('',(-0.000315557912496239,0.00339040491428002,0.000464999999964289));
#12569=CARTESIAN_POINT('',(-0.000316942690861244,0.00340118254572774,0.000464269923512961));
#12570=CARTESIAN_POINT('',(-0.000319330265237228,0.00342220459088553,0.000459964108764847));
#12571=CARTESIAN_POINT('',(-0.000322074146061224,0.00344674568056923,0.000449514092383049));
#12572=CARTESIAN_POINT('',(-0.000324383674979223,0.00347140609343535,0.000430155937314616));
#12573=CARTESIAN_POINT('',(-0.000325000208776239,0.00348390566209684,0.00041369312866637));
#12574=CARTESIAN_POINT('',(-0.000324999896226224,0.00348893129174017,0.000404985719952647));
#12575=CARTESIAN_POINT('',(-0.000314999996155723,0.00338500000040192,0.000464999999999953));
#12576=CARTESIAN_POINT('',(0.000315000000014776,0.00338500000000461,0.000464999999999917));
#12577=CARTESIAN_POINT('',(-0.000325000000003239,0.00350500000000466,0.00034499999999999));
#12578=CARTESIAN_POINT('',(-0.000331065000008235,-0.00339806500004267,0.000464999999999974));
#12579=CARTESIAN_POINT('',(-0.00031500000000323,0.00287499999998312,0.000464999999999967));
#12580=CARTESIAN_POINT('',(-0.00031500000000323,0.00287499999998301,0.000464999999999955));
#12581=CARTESIAN_POINT('',(0.000315000000014776,0.00287499999998265,0.000464999999999919));
#12582=CARTESIAN_POINT('',(0.000315000000015276,0.00287499999998274,0.000464999999999919));
#12583=CARTESIAN_POINT('',(0.000315000000014776,0.0028749999999828,0.00046499999999992));
#12584=CARTESIAN_POINT('',(0.000341565000015781,0.00350500000000456,1.15599999999126E-05));
#12585=CARTESIAN_POINT('',(0.000107499997151761,0.00350500000000456,0.000714999978744239));
#12586=CARTESIAN_POINT('',(-0.000184999992220242,0.00350500000000464,0.000129999999999968));
#12587=CARTESIAN_POINT('',(-0.000427499981575236,0.00350500000000456,0.000714999978744239));
#12588=CARTESIAN_POINT('',(-0.000134999992202234,0.00350500000000738,0.000129999999999857));
#12589=CARTESIAN_POINT('',(0.156210000012842,0.00350500000000456,0.000129999999999961));
#12590=CARTESIAN_POINT('',(-0.000241216912901215,-0.00337018801417065,1.75661586473807E-05));
#12591=CARTESIAN_POINT('',(-0.000184999992220242,0.00494399996155573,0.000129999999999961));
#12592=CARTESIAN_POINT('',(-0.000184999992220242,0.00344500000000482,0.000129999999999968));
#12593=CARTESIAN_POINT('',(0.000107499997151761,0.00344500000000486,0.000714999978744239));
#12594=CARTESIAN_POINT('',(9.66849922237611E-05,0.00344500000000463,5.79350000182618E-05));
#12595=CARTESIAN_POINT('',(0.156210000012842,0.00344500000000486,0.000129999999999961));
#12596=CARTESIAN_POINT('',(-0.000134999992202234,0.00344500000000756,0.000129999999999863));
#12597=CARTESIAN_POINT('',(-0.000427499981575236,0.00344500000000486,0.000714999978744239));
#12598=CARTESIAN_POINT('',(0.000133434992209774,-0.00344318500004187,0.000129999999999949));
#12599=CARTESIAN_POINT('',(-0.000134999992202234,0.00494399996155573,0.000129999999999961));
#12600=CARTESIAN_POINT('',(-0.000100053904872222,-0.00354266615258778,6.01078253289867E-05));
#12601=CARTESIAN_POINT('',(-9.99999922132455E-05,0.00494399996155573,6.00000000211898E-05));
#12602=CARTESIAN_POINT('',(-9.99999922182415E-05,-0.00358868632039409,6.18150000220248E-05));
#12603=CARTESIAN_POINT('',(-9.99999922132455E-05,0.003585000000013,0.000714999978744239));
#12604=CARTESIAN_POINT('',(-9.99999922132455E-05,0.003585000000013,4.71966758210096E-18));
#12605=CARTESIAN_POINT('',(-9.99999922132455E-05,0.00494399996155573,4.71966758210096E-18));
#12606=CARTESIAN_POINT('',(0.000375559984407775,-0.002513315000046,-1.05326852925178E-16));
#12607=CARTESIAN_POINT('',(0.156210000012842,0.003585000000013,4.71966758210096E-18));
#12608=CARTESIAN_POINT('',(-0.000105314991800248,0.003585000000013,6.18149999999898E-05));
#12609=CARTESIAN_POINT('',(-0.000314999992308218,0.00338500000079923,0.000464999999999965));
#12610=CARTESIAN_POINT('',(-0.000369321434248125,0.00339299388831016,0.000465000003840527));
#12611=CARTESIAN_POINT('',(-0.000425000000003228,0.00339911632782436,0.000416059994299598));
#12612=CARTESIAN_POINT('',(-0.000425000000003228,0.00340237904507337,0.000353885256052852));
#12613=CARTESIAN_POINT('',(-0.000314999992308218,0.00338500000079923,0.000464999999999965));
#12614=CARTESIAN_POINT('',(-0.000352547431316558,0.00340495563282449,0.000465001885480934));
#12615=CARTESIAN_POINT('',(-0.000409619749574312,0.00343299433941973,0.000442589809936636));
#12616=CARTESIAN_POINT('',(-0.000425280790089561,0.00344568374673722,0.000378636017443093));
#12617=CARTESIAN_POINT('',(-0.000314999992308218,0.00338500000079923,0.000464999999999965));
#12618=CARTESIAN_POINT('',(-0.000335908225298355,0.00341543878096692,0.000465000442739101));
#12619=CARTESIAN_POINT('',(-0.000366115235853729,0.00346091334302287,0.000453539251904002));
#12620=CARTESIAN_POINT('',(-0.000374001831731628,0.00348948660287972,0.000404023411964367));
#12621=CARTESIAN_POINT('',(-0.000314999992308218,0.00338500000079923,0.000464999999999965));
#12622=CARTESIAN_POINT('',(-0.000319035966901417,0.00342728445166874,0.000465000297223928));
#12623=CARTESIAN_POINT('',(-0.000324251189945101,0.00346829795705483,0.000440734900444084));
#12624=CARTESIAN_POINT('',(-0.000324105960516606,0.00348930718592092,0.000404334448163519));
#12625=CARTESIAN_POINT('',(-0.000314999992308218,0.00338500000079923,0.000464999999999944));
#12626=CARTESIAN_POINT('',(-0.000373111778725617,0.00339355167150392,0.000465000004067773));
#12627=CARTESIAN_POINT('',(-0.000425000193983682,0.0033993251934864,0.000412079824742503));
#12628=CARTESIAN_POINT('',(-0.000425000000007514,0.00340232056674668,0.000354999626186001));
#12629=CARTESIAN_POINT('',(-0.000315000000008226,-0.00273595334997862,0.00035500000000002));
#12630=CARTESIAN_POINT('',(-0.000340000001355229,0.00275499999984122,0.000462121426422696));
#12631=CARTESIAN_POINT('',(-0.000345811824714243,0.00275764173772765,0.000460765063007588));
#12632=CARTESIAN_POINT('',(-0.000357196449923214,0.00276301447207642,0.000457106111278311));
#12633=CARTESIAN_POINT('',(-0.000373161387265231,0.00277115757057365,0.000448938897275342));
#12634=CARTESIAN_POINT('',(-0.000387607623499236,0.00277921100762017,0.000438280583264233));
#12635=CARTESIAN_POINT('',(-0.000400238871607228,0.00278692967561243,0.000425319275024226));
#12636=CARTESIAN_POINT('',(-0.000410718837920238,0.00279399576304309,0.000410241782936771));
#12637=CARTESIAN_POINT('',(-0.000418726336003233,0.00279991627467954,0.000393235639753833));
#12638=CARTESIAN_POINT('',(-0.000423835194590217,0.00280400694336559,0.000374571302668275));
#12639=CARTESIAN_POINT('',(-0.000425000000009224,0.00280499999988211,0.000361508254436447));
#12640=CARTESIAN_POINT('',(-0.000425000000009224,0.00280499999988212,0.000355000006758187));
#12641=CARTESIAN_POINT('',(-0.000340000063317219,0.0027550000330535,0.000462121411756219));
#12642=CARTESIAN_POINT('',(-0.000424999999981218,0.00280499999993411,0.000355000001689531));
#12643=CARTESIAN_POINT('',(-0.000340000094298243,-0.00302247088048432,0.000462121404422981));
#12644=CARTESIAN_POINT('',(-0.000340000094296744,0.00287499999998316,0.000462121404422647));
#12645=CARTESIAN_POINT('',(-0.00031500000000323,0.00287499999998316,0.000354999999999828));
#12646=CARTESIAN_POINT('',(-0.000425000000003228,0.00280499999993675,0.000354999999999975));
#12647=CARTESIAN_POINT('',(-0.000364999999964227,0.00275203371297241,0.000355000000000023));
#12648=CARTESIAN_POINT('',(-0.000424999999964232,0.00280499999992765,0.000354999999999982));
#12649=CARTESIAN_POINT('',(-0.000474999992183728,0.00275500000770618,0.000354999976174444));
#12650=CARTESIAN_POINT('',(-0.000364999999964227,0.00275499999992758,0.000355000000000023));
#12651=CARTESIAN_POINT('',(0.000375559984407775,-0.002513315000046,-1.05326852925178E-16));
#12652=CARTESIAN_POINT('',(0.156210000012842,0.00180999999995407,-1.11289964873848E-16));
#12653=CARTESIAN_POINT('',(0.000454184984019779,0.00268499999994386,5.28099999999148E-05));
#12654=CARTESIAN_POINT('',(-0.000454999984409232,0.00268499999994394,0.000714999978744239));
#12655=CARTESIAN_POINT('',(-0.000454999984408733,0.00268499999994394,5.99999999999868E-05));
#12656=CARTESIAN_POINT('',(-0.000454999984408733,0.00268499999994394,0.000315000000002094));
#12657=CARTESIAN_POINT('',(0.156210000012842,0.00268499999994394,-0.156349999997144));
#12658=CARTESIAN_POINT('',(-0.000474999997369219,0.00268499999994394,0.000335000007778391));
#12659=CARTESIAN_POINT('',(-0.000474999999961229,0.00268499999994394,0.000714999978744239));
#12660=CARTESIAN_POINT('',(-0.000474999999962228,0.00268499999994394,5.99999999999877E-05));
#12661=CARTESIAN_POINT('',(0.156210000012842,0.00268499999994394,5.99999999999877E-05));
#12662=CARTESIAN_POINT('',(-0.00031500000000323,0.00287499999998309,0.000355000000000859));
#12663=CARTESIAN_POINT('',(-0.000315000035289725,0.0028357779437958,0.000452979568025585));
#12664=CARTESIAN_POINT('',(-0.000327209153965707,0.00284498801675025,0.000459209999818617));
#12665=CARTESIAN_POINT('',(-0.000340000094294782,0.00285835166033174,0.000462121404422319));
#12666=CARTESIAN_POINT('',(-0.000340000094294745,0.00287499999998316,0.00046212140442231));
#12667=CARTESIAN_POINT('',(-0.000315000017646727,0.00283577795984139,0.000452979578880109));
#12668=CARTESIAN_POINT('',(-0.00031500000000323,0.00287499999998312,0.000394999999999966));
#12669=CARTESIAN_POINT('',(0.000375559984407775,-0.002513315000046,-1.05326852925178E-16));
#12670=CARTESIAN_POINT('',(0.156210000012842,5.99999999540725E-05,-1.09338400963374E-16));
#12671=CARTESIAN_POINT('',(-0.000446565000009225,-0.0028278605320699,5.99999999999828E-05));
#12672=CARTESIAN_POINT('',(0.00045499998440876,0.00494399996155573,5.99999999999188E-05));
#12673=CARTESIAN_POINT('',(0.156210000012842,0.00110999999995407,5.99999999999188E-05));
#12674=CARTESIAN_POINT('',(0.000214999999959775,-0.00294187113393711,0.000139999999999821));
#12675=CARTESIAN_POINT('',(0.00025499999995976,-0.0027942820323233,0.000139999999999973));
#12676=CARTESIAN_POINT('',(0.000254999999959865,-0.00277832855276206,0.000112367762842396));
#12677=CARTESIAN_POINT('',(0.000233025835859407,-0.00275049343721468,9.99999999999808E-05));
#12678=CARTESIAN_POINT('',(0.000214999999959775,-0.00272500000002054,9.99999999999808E-05));
#12679=CARTESIAN_POINT('',(0.000214999999964271,-0.00272500000002146,9.99999999999808E-05));
#12680=CARTESIAN_POINT('',(0.00025499999995976,-0.0027942820323233,0.000139999999999974));
#12681=CARTESIAN_POINT('',(0.00025499999995976,-0.0027942820323233,0.000139999999999976));
#12682=CARTESIAN_POINT('',(0.00025499999995976,0.00279428203223079,0.00013999999999997));
#12683=CARTESIAN_POINT('',(0.00025499999995976,0.0027942820322308,0.000139999999999963));
#12684=CARTESIAN_POINT('',(0.000254999999959858,0.00277832855266956,0.000112367762842396));
#12685=CARTESIAN_POINT('',(0.00023302583585965,0.00275049343712201,9.99999999999808E-05));
#12686=CARTESIAN_POINT('',(0.000214999999959775,0.00272499999992805,9.99999999999808E-05));
#12687=CARTESIAN_POINT('',(0.000214999999964271,0.00272499999992876,9.99999999999648E-05));
#12688=CARTESIAN_POINT('',(0.000214999999967769,0.00272499999992804,9.99999999999728E-05));
#12689=CARTESIAN_POINT('',(0.00025499999995976,0.00294556499998308,0.000360689999999944));
#12690=CARTESIAN_POINT('',(0.00025499999995976,0.00272499999992805,0.000179999999999973));
#12691=CARTESIAN_POINT('',(0.000254999999960759,0.00280499999996466,0.000179999999999973));
#12692=CARTESIAN_POINT('',(0.00025499999995976,-0.00272500000002054,0.00017999999999997));
#12693=CARTESIAN_POINT('',(0.000254999999961259,-0.00280500000002054,0.000179999999999959));
#12694=CARTESIAN_POINT('',(0.00025499999995976,-0.00280500000002054,0.000714999978744239));
#12695=CARTESIAN_POINT('',(0.000254999994776267,-0.00280500000002048,0.000354999952348822));
#12696=CARTESIAN_POINT('',(0.000254999984408754,-0.00280500000002037,0.00035499995234884));
#12697=CARTESIAN_POINT('',(0.000254999994776267,0.002804999999983,0.000354999952348822));
#12698=CARTESIAN_POINT('',(0.00025499999995976,0.00280499999998298,0.000714999978744239));
#12699=CARTESIAN_POINT('',(0.00027168749996076,0.00272499999992805,0.000179999999999973));
#12700=CARTESIAN_POINT('',(0.000254999999962758,0.00280499999992803,0.000179999999999972));
#12701=CARTESIAN_POINT('',(-0.00025499999996273,0.00280499999994635,0.000179999999999973));
#12702=CARTESIAN_POINT('',(-0.00025499999996223,0.00272499999992805,0.000179999999999973));
#12703=CARTESIAN_POINT('',(-0.000254999999958233,0.00279428203223083,0.000140000000000009));
#12704=CARTESIAN_POINT('',(-0.000254999999954209,0.00279428203223082,0.00014000000000001));
#12705=CARTESIAN_POINT('',(-0.000254999999954217,0.00277832855266973,0.000112367762842654));
#12706=CARTESIAN_POINT('',(-0.000233025835845768,0.00275049343712762,9.99999999999887E-05));
#12707=CARTESIAN_POINT('',(-0.000214999999954224,0.00272499999992805,9.99999999999887E-05));
#12708=CARTESIAN_POINT('',(-0.000214999999960247,0.00272499999993019,9.99999999999728E-05));
#12709=CARTESIAN_POINT('',(0.000214999999962773,0.00272499999992806,9.99999999999408E-05));
#12710=CARTESIAN_POINT('',(-0.00025499999996223,0.00294556499992679,0.000360689999999968));
#12711=CARTESIAN_POINT('',(-0.000254999999954209,-0.00279428203232326,0.000140000000000009));
#12712=CARTESIAN_POINT('',(-0.000254999999958233,-0.00279428203232329,0.000140000000000009));
#12713=CARTESIAN_POINT('',(-0.00025499999996223,0.00280499999998298,0.000714999978744239));
#12714=CARTESIAN_POINT('',(-0.000254999999963229,0.00280499999998313,0.000354999968232589));
#12715=CARTESIAN_POINT('',(-0.000254999999965228,0.00280499999998344,0.000354999999999971));
#12716=CARTESIAN_POINT('',(-0.000254999999963229,-0.00280500000002047,0.000354999968232589));
#12717=CARTESIAN_POINT('',(-0.00025499999996223,-0.00280500000002054,0.000714999978744239));
#12718=CARTESIAN_POINT('',(-0.000254999999961731,-0.00280500000002054,0.000179999999999985));
#12719=CARTESIAN_POINT('',(-0.00025499999996223,-0.00272500000002054,0.00017999999999997));
#12720=CARTESIAN_POINT('',(-0.000364999984408254,-0.00302247088048432,0.000354999952348898));
#12721=CARTESIAN_POINT('',(-0.000364999984408254,0.00280499999998298,0.000354999952348898));
#12722=CARTESIAN_POINT('',(-0.000262530493823742,0.00280499999998305,0.000394999999999942));
#12723=CARTESIAN_POINT('',(-0.000262530492298241,0.00280499999998312,0.000394999999999962));
#12724=CARTESIAN_POINT('',(-0.000265153849625221,0.00280499999998312,0.000401720353343082));
#12725=CARTESIAN_POINT('',(-0.000271796297802246,0.00280697286142205,0.00041470248230059));
#12726=CARTESIAN_POINT('',(-0.000288786407911246,0.0028165056987504,0.000436283831377045));
#12727=CARTESIAN_POINT('',(-0.000304347104043229,0.00282774184116889,0.00044754330653575));
#12728=CARTESIAN_POINT('',(-0.00031500000000323,0.002835777975887,0.000452979589734643));
#12729=CARTESIAN_POINT('',(-0.000474999984404229,-0.00275500000002036,0.000354999952348904));
#12730=CARTESIAN_POINT('',(-0.000475000019898225,-0.00275499997619536,0.000354999976174442));
#12731=CARTESIAN_POINT('',(-0.000364999999962229,-0.00275500000002003,0.000354999999999985));
#12732=CARTESIAN_POINT('',(-0.000340000047264227,-0.00275500000150537,0.000462121416684458));
#12733=CARTESIAN_POINT('',(-0.000340000094297243,-0.00273595334997862,0.000462121404422807));
#12734=CARTESIAN_POINT('',(-0.000340000094297243,-0.00287500000002033,0.000462121404422851));
#12735=CARTESIAN_POINT('',(-0.000315000030666729,-0.00283577793813173,0.000452979585522847));
#12736=CARTESIAN_POINT('',(-0.000327209151972604,-0.00284498801286503,0.000459210018121371));
#12737=CARTESIAN_POINT('',(-0.000340000094503309,-0.00285835166028431,0.000462121404470999));
#12738=CARTESIAN_POINT('',(-0.000340000094298243,-0.00287500000041206,0.000462121404423141));
#12739=CARTESIAN_POINT('',(-0.000315000000007726,-0.00283577794657076,0.00045297956987761));
#12740=CARTESIAN_POINT('',(-0.000262530492303237,-0.00280500000002037,0.000394999999999958));
#12741=CARTESIAN_POINT('',(-0.000265153849630217,-0.00280500000002036,0.000401720353343069));
#12742=CARTESIAN_POINT('',(-0.000271796297807242,-0.00280697286145929,0.000414702482300575));
#12743=CARTESIAN_POINT('',(-0.000288786407915243,-0.00281650569878762,0.000436283831377051));
#12744=CARTESIAN_POINT('',(-0.000304347104048225,-0.00282774184120612,0.000447543306535762));
#12745=CARTESIAN_POINT('',(-0.000315000000008226,-0.00283577797592422,0.00045297958973465));
#12746=CARTESIAN_POINT('',(-0.000262530493826241,-0.00280500000002045,0.000394999999999943));
#12747=CARTESIAN_POINT('',(-0.000364999984408254,-0.00280500000002054,0.000354999952348898));
#12748=CARTESIAN_POINT('',(-0.000446565000009225,-0.0028278605320699,5.99999999999828E-05));
#12749=CARTESIAN_POINT('',(0.00045499998440876,0.00494399996155573,5.99999999999188E-05));
#12750=CARTESIAN_POINT('',(-0.000476472738600214,0.0027535272612918,5.23099999999857E-05));
#12751=CARTESIAN_POINT('',(-0.000474999999961229,0.00275499999993096,0.000714999978744239));
#12752=CARTESIAN_POINT('',(-0.000474999999962228,0.00275499999992877,5.99999999999877E-05));
#12753=CARTESIAN_POINT('',(-0.000425000000003228,0.00280499999988787,0.000714999978744239));
#12754=CARTESIAN_POINT('',(-0.000425000000006226,0.00280499999993254,5.99999999999818E-05));
#12755=CARTESIAN_POINT('',(0.156210000012842,0.15944000001215,5.99999999999877E-05));
#12756=CARTESIAN_POINT('',(0.000315000000014776,0.00287499999998282,0.000354999999999613));
#12757=CARTESIAN_POINT('',(0.000315000035298274,0.00283577794379837,0.000452979568027484));
#12758=CARTESIAN_POINT('',(0.000327209154326231,0.00284498801701788,0.000459209999999502));
#12759=CARTESIAN_POINT('',(0.000340000094308059,0.00285835165986206,0.00046212140442431));
#12760=CARTESIAN_POINT('',(0.000340000094302767,0.00287499999999293,0.000462121404423075));
#12761=CARTESIAN_POINT('',(0.000315000000015276,0.00283577794653473,0.000452979569878575));
#12762=CARTESIAN_POINT('',(0.000340000094302767,0.00287499999998283,0.000462121404423092));
#12763=CARTESIAN_POINT('',(0.000315000000014776,0.00287499999998283,0.000355000000000499));
#12764=CARTESIAN_POINT('',(0.000315000000015775,0.0028749999999828,0.000394999999999922));
#12765=CARTESIAN_POINT('',(0.000335250000015774,0.00287499999998262,0.000394999999999917));
#12766=CARTESIAN_POINT('',(0.000262530492309787,0.00280499999998286,0.000394999999999933));
#12767=CARTESIAN_POINT('',(0.000265153849636768,0.00280499999998285,0.000401720353343044));
#12768=CARTESIAN_POINT('',(0.000271796297813764,0.00280697286142177,0.000414702482300523));
#12769=CARTESIAN_POINT('',(0.000288786407922764,0.00281650569875009,0.000436283831376992));
#12770=CARTESIAN_POINT('',(0.000304347104055775,0.00282774184116859,0.000447543306535701));
#12771=CARTESIAN_POINT('',(0.000315000000014776,0.00283577797588667,0.00045297958973458));
#12772=CARTESIAN_POINT('',(0.000262530494071766,0.00280499999998288,0.000394999999656235));
#12773=CARTESIAN_POINT('',(0.000262530492309787,0.00280499999998278,0.000394999999999922));
#12774=CARTESIAN_POINT('',(0.000446565000009752,0.00280499999998315,1.86849999999127E-05));
#12775=CARTESIAN_POINT('',(0.00036499998441275,0.00280499999998298,0.000354999952348813));
#12776=CARTESIAN_POINT('',(-0.000446565000009225,-0.0028278605320699,5.99999999999828E-05));
#12777=CARTESIAN_POINT('',(0.156210000012842,-0.00146000000004593,5.99999999999207E-05));
#12778=CARTESIAN_POINT('',(0.000454999984407761,-0.00146000000004601,5.99999999999058E-05));
#12779=CARTESIAN_POINT('',(0.000425000000005754,-0.00146000000004597,5.99999999999108E-05));
#12780=CARTESIAN_POINT('',(0.00045499998440876,0.00494399996155573,5.99999999999188E-05));
#12781=CARTESIAN_POINT('',(0.000454999984408261,-0.00169000000004597,5.99999999999058E-05));
#12782=CARTESIAN_POINT('',(0.156210000012842,-0.00169000000004593,5.99999999999207E-05));
#12783=CARTESIAN_POINT('',(0.000425000000005754,-0.00169000000004597,5.99999999999108E-05));
#12784=CARTESIAN_POINT('',(0.000425000000005754,-0.00170362500004609,5.99999999999207E-05));
#12785=CARTESIAN_POINT('',(0.000315000000010779,-0.00273595334997863,0.000354999999999922));
#12786=CARTESIAN_POINT('',(0.000340000094302767,-0.00302188855008988,0.000462121404423115));
#12787=CARTESIAN_POINT('',(0.000340000049092265,0.00275500001747288,0.000462121408869551));
#12788=CARTESIAN_POINT('',(0.00034000000085277,0.00275499999985272,0.000462121426293338));
#12789=CARTESIAN_POINT('',(0.000345811824328773,0.00275764173779247,0.000460765062850851));
#12790=CARTESIAN_POINT('',(0.000357196449994768,0.00276301447199406,0.000457106111396848));
#12791=CARTESIAN_POINT('',(0.000373161387234783,0.00277115757058754,0.00044893889725306));
#12792=CARTESIAN_POINT('',(0.000387607623508756,0.00277921100761646,0.000438280583271493));
#12793=CARTESIAN_POINT('',(0.000400238871606784,0.00278692967561351,0.000425319275025431));
#12794=CARTESIAN_POINT('',(0.000410718837922791,0.00279399576304032,0.000410241782935887));
#12795=CARTESIAN_POINT('',(0.000418726335996767,0.00279991627468324,0.000393235639777717));
#12796=CARTESIAN_POINT('',(0.000423835194593797,0.00280400694336396,0.000374571302666857));
#12797=CARTESIAN_POINT('',(0.000425000000011777,0.00280499999988203,0.000361508254436132));
#12798=CARTESIAN_POINT('',(0.000425000000011777,0.00280499999988203,0.000355000006757484));
#12799=CARTESIAN_POINT('',(0.000364999999963755,0.00275323332658317,0.000354999999999944));
#12800=CARTESIAN_POINT('',(0.000364999999963755,0.00275499999992754,0.000354999999999944));
#12801=CARTESIAN_POINT('',(0.000474999999962755,0.00275499999993014,0.00035499997617438));
#12802=CARTESIAN_POINT('',(0.00042499999996376,0.00280499999992758,0.000354999999999918));
#12803=CARTESIAN_POINT('',(-0.000446565000009225,-0.0028278605320699,5.99999999999828E-05));
#12804=CARTESIAN_POINT('',(0.156210000012842,0.00215999999995399,5.99999999999868E-05));
#12805=CARTESIAN_POINT('',(-0.000454999984410731,0.00215999999995389,5.99999999999948E-05));
#12806=CARTESIAN_POINT('',(-0.000425000000008724,0.002159999999954,5.99999999999747E-05));
#12807=CARTESIAN_POINT('',(-0.000454999984409232,0.00494399996155573,5.99999999999858E-05));
#12808=CARTESIAN_POINT('',(-0.000454999984411231,0.00238999999995389,5.99999999999937E-05));
#12809=CARTESIAN_POINT('',(0.156210000012842,0.00238999999995399,5.99999999999868E-05));
#12810=CARTESIAN_POINT('',(-0.000425000000009224,0.00238999999995393,5.99999999999747E-05));
#12811=CARTESIAN_POINT('',(-0.000425000000009224,0.0024036249999539,5.99999999999868E-05));
#12812=CARTESIAN_POINT('',(-0.000446565000009225,-0.0028278605320699,5.99999999999828E-05));
#12813=CARTESIAN_POINT('',(0.156210000012842,0.00180999999995399,5.99999999999868E-05));
#12814=CARTESIAN_POINT('',(-0.000454999984410731,0.00180999999995389,5.99999999999948E-05));
#12815=CARTESIAN_POINT('',(-0.000425000000007225,0.00180999999995399,5.99999999999747E-05));
#12816=CARTESIAN_POINT('',(-0.000454999984409232,0.00494399996155573,5.99999999999858E-05));
#12817=CARTESIAN_POINT('',(-0.000454999984410731,0.00203999999995389,5.99999999999948E-05));
#12818=CARTESIAN_POINT('',(0.156210000012842,0.00203999999995399,5.99999999999868E-05));
#12819=CARTESIAN_POINT('',(-0.000425000000007225,0.00203999999995393,5.99999999999747E-05));
#12820=CARTESIAN_POINT('',(-0.000425000000007225,0.00205362499995389,5.99999999999868E-05));
#12821=CARTESIAN_POINT('',(-0.000385000000006241,-0.00249475000004791,5.99999999999368E-05));
#12822=CARTESIAN_POINT('',(-0.000425000000007225,0.00170362499995386,5.99999999999858E-05));
#12823=CARTESIAN_POINT('',(-0.000425000000007225,0.001459999999954,5.99999999999747E-05));
#12824=CARTESIAN_POINT('',(-0.000425000000007225,0.00168999999995394,5.99999999999747E-05));
#12825=CARTESIAN_POINT('',(-0.00038500000000724,0.00168999999995399,5.99999999999667E-05));
#12826=CARTESIAN_POINT('',(-0.00038500000000724,0.00168999999995396,1.99999999999808E-05));
#12827=CARTESIAN_POINT('',(-0.00038500000000724,0.00168999999995388,1.99999999999737E-05));
#12828=CARTESIAN_POINT('',(-0.00038500000000724,0.00145999999995396,1.99999999999797E-05));
#12829=CARTESIAN_POINT('',(-0.00038500000000724,0.00145999999995399,5.99999999999667E-05));
#12830=CARTESIAN_POINT('',(0.000375559984407775,-0.002513315000046,-1.05326852925178E-16));
#12831=CARTESIAN_POINT('',(0.156210000012842,0.00180999999995399,-5.42609306011105E-17));
#12832=CARTESIAN_POINT('',(-0.000749999984413247,0.00180999999995399,-5.42609306011105E-17));
#12833=CARTESIAN_POINT('',(-0.000384999984412243,0.00180999999995395,-5.02493825629141E-17));
#12834=CARTESIAN_POINT('',(-0.000384999984412243,0.00180999999995388,-5.32851486458735E-17));
#12835=CARTESIAN_POINT('',(-0.000384999984412243,0.00168999999995396,-5.02493825629141E-17));
#12836=CARTESIAN_POINT('',(0.156210000012842,0.00168999999995399,-5.42609306011105E-17));
#12837=CARTESIAN_POINT('',(-0.000749999984413247,0.00168999999995399,-5.42609306011105E-17));
#12838=CARTESIAN_POINT('',(-0.000749999984414246,0.00494399996155573,-5.52367125563474E-17));
#12839=CARTESIAN_POINT('',(0.000304545901301773,0.00168999999995407,-1.81500000011222E-06));
#12840=CARTESIAN_POINT('',(0.156210000012842,0.00168999999995399,5.99999999999858E-05));
#12841=CARTESIAN_POINT('',(-0.000454999984410731,0.00168999999995389,5.99999999999937E-05));
#12842=CARTESIAN_POINT('',(0.156210000012842,0.00168999999995399,6.00000000000027E-05));
#12843=CARTESIAN_POINT('',(-0.000749999984413247,0.00168999999995399,6.00000000000027E-05));
#12844=CARTESIAN_POINT('',(-0.000749999984412247,0.00168999999995399,0.000714999978744239));
#12845=CARTESIAN_POINT('',(-0.000384999984412243,0.00168999999995399,0.000129999999999958));
#12846=CARTESIAN_POINT('',(-0.000315717952109218,0.00168999999995398,2.E-05));
#12847=CARTESIAN_POINT('',(0.156210000012842,0.00168999999995399,2.E-05));
#12848=CARTESIAN_POINT('',(-0.000749999984402228,-0.0025133150000466,-1.81499999999025E-06));
#12849=CARTESIAN_POINT('',(-0.000749999984414246,0.00494399996155573,6.00000000000017E-05));
#12850=CARTESIAN_POINT('',(-0.000749999984413247,0.00180999999995399,6.00000000000027E-05));
#12851=CARTESIAN_POINT('',(-0.000749999984412247,0.00180999999995399,0.000714999978744239));
#12852=CARTESIAN_POINT('',(-0.000384999984402223,-0.00238457692312303,0.000129999999999578));
#12853=CARTESIAN_POINT('',(-0.000384999984412243,0.00180999999995399,0.000129999999999958));
#12854=CARTESIAN_POINT('',(-0.000315717952109218,0.00180999999995397,2.E-05));
#12855=CARTESIAN_POINT('',(-0.000315717952109218,0.00181542307687678,1.99999999999988E-05));
#12856=CARTESIAN_POINT('',(0.000375559984407775,-0.002513315000046,-1.05326852925178E-16));
#12857=CARTESIAN_POINT('',(0.156210000012842,0.00215999999995399,-5.52367125563474E-17));
#12858=CARTESIAN_POINT('',(-0.000749999984413247,0.00215999999995399,-5.52367125563474E-17));
#12859=CARTESIAN_POINT('',(-0.000384999984412243,0.00215999999995396,-4.73220366972033E-17));
#12860=CARTESIAN_POINT('',(-0.000384999984412243,0.00215999999995388,-5.32851486458735E-17));
#12861=CARTESIAN_POINT('',(-0.000384999984412243,0.00203999999995395,-4.73220366972033E-17));
#12862=CARTESIAN_POINT('',(0.156210000012842,0.00203999999995399,-5.52367125563474E-17));
#12863=CARTESIAN_POINT('',(-0.000749999984413247,0.00203999999995399,-5.52367125563474E-17));
#12864=CARTESIAN_POINT('',(-0.000749999984414246,0.00494399996155573,-5.52367125563474E-17));
#12865=CARTESIAN_POINT('',(0.000304545901301773,0.00203999999995407,-1.81500000011222E-06));
#12866=CARTESIAN_POINT('',(0.156210000012842,0.00203999999995399,6.00000000000027E-05));
#12867=CARTESIAN_POINT('',(-0.000749999984413247,0.00203999999995399,6.00000000000027E-05));
#12868=CARTESIAN_POINT('',(-0.000749999984412247,0.00203999999995399,0.000714999978744239));
#12869=CARTESIAN_POINT('',(-0.000384999984412243,0.00203999999995399,0.000130000000000079));
#12870=CARTESIAN_POINT('',(-0.000315717952109218,0.00203999999995399,2.00000000000008E-05));
#12871=CARTESIAN_POINT('',(0.156210000012842,0.00203999999995399,2.E-05));
#12872=CARTESIAN_POINT('',(-0.00038500000000724,0.00203999999995395,1.99999999999827E-05));
#12873=CARTESIAN_POINT('',(-0.00038500000000724,0.00203999999995399,6.00000000000268E-05));
#12874=CARTESIAN_POINT('',(-0.000749999984402228,-0.0025133150000466,-1.81499999999025E-06));
#12875=CARTESIAN_POINT('',(-0.000749999984414246,0.00494399996155573,6.00000000000017E-05));
#12876=CARTESIAN_POINT('',(-0.000749999984413247,0.00215999999995399,6.00000000000027E-05));
#12877=CARTESIAN_POINT('',(-0.000749999984412247,0.00215999999995399,0.000714999978744239));
#12878=CARTESIAN_POINT('',(-0.000385000000006241,-0.00249475000004791,5.99999999999368E-05));
#12879=CARTESIAN_POINT('',(-0.000385000000009239,0.00238999999995399,5.99999999999538E-05));
#12880=CARTESIAN_POINT('',(-0.000385000000009239,0.00238999999995395,1.99999999999937E-05));
#12881=CARTESIAN_POINT('',(-0.000385000000009239,0.00238999999995388,1.99999999999768E-05));
#12882=CARTESIAN_POINT('',(-0.00038500000000774,0.00215999999995396,1.99999999999937E-05));
#12883=CARTESIAN_POINT('',(-0.000385000000009239,0.00215999999995399,5.99999999999538E-05));
#12884=CARTESIAN_POINT('',(0.000375559984407775,-0.002513315000046,-1.05326852925178E-16));
#12885=CARTESIAN_POINT('',(0.156210000012842,0.00250999999995399,-5.52367125563474E-17));
#12886=CARTESIAN_POINT('',(-0.000749999984414246,0.0025099999999538,-3.62631745378511E-17));
#12887=CARTESIAN_POINT('',(-0.000384999984414241,0.00250999999995396,-4.73220366972033E-17));
#12888=CARTESIAN_POINT('',(-0.000384999984414241,0.00250999999995389,-5.42609306011105E-17));
#12889=CARTESIAN_POINT('',(-0.000384999984414241,0.00238999999995395,-4.73220366972033E-17));
#12890=CARTESIAN_POINT('',(0.156210000012842,0.00238999999995399,-5.52367125563474E-17));
#12891=CARTESIAN_POINT('',(-0.000749999984414246,0.00238999999995379,-3.62631745378511E-17));
#12892=CARTESIAN_POINT('',(-0.000749999984414246,0.00494399996155573,-5.52367125563474E-17));
#12893=CARTESIAN_POINT('',(0.000304545901299774,0.00238999999995407,-1.81500000011319E-06));
#12894=CARTESIAN_POINT('',(0.156210000012842,0.00238999999995399,6.00000000000017E-05));
#12895=CARTESIAN_POINT('',(-0.000749999984414246,0.00238999999995379,6.00000000000017E-05));
#12896=CARTESIAN_POINT('',(-0.000749999984414246,0.00238999999995399,0.000714999978744239));
#12897=CARTESIAN_POINT('',(-0.000384999984414241,0.00238999999995399,0.000129999999999648));
#12898=CARTESIAN_POINT('',(-0.000315717952111217,0.00238999999995398,2.E-05));
#12899=CARTESIAN_POINT('',(0.156210000012842,0.00238999999995399,2.E-05));
#12900=CARTESIAN_POINT('',(-0.000749999984402228,-0.0025133150000466,-1.81499999999025E-06));
#12901=CARTESIAN_POINT('',(-0.000749999984414246,0.00494399996155573,6.00000000000017E-05));
#12902=CARTESIAN_POINT('',(-0.000749999984414246,0.0025099999999538,6.00000000000017E-05));
#12903=CARTESIAN_POINT('',(-0.000749999984414246,0.00250999999995399,0.000714999978744239));
#12904=CARTESIAN_POINT('',(-0.000384999984402223,-0.00238457692312303,0.000129999999999578));
#12905=CARTESIAN_POINT('',(-0.000384999984414241,0.00250999999995399,0.000129999999999648));
#12906=CARTESIAN_POINT('',(-0.000315717952111217,0.00250999999995399,2.E-05));
#12907=CARTESIAN_POINT('',(-0.000315717952111217,0.00251542307687679,1.99999999999988E-05));
#12908=CARTESIAN_POINT('',(0.000304545901303771,0.00250999999995407,-1.81500000011319E-06));
#12909=CARTESIAN_POINT('',(-0.000385000000009239,0.00250999999995399,5.99999999999738E-05));
#12910=CARTESIAN_POINT('',(-0.000425000000009224,0.00250999999995393,5.99999999999757E-05));
#12911=CARTESIAN_POINT('',(-0.000385000000009239,0.00250999999995396,1.99999999999697E-05));
#12912=CARTESIAN_POINT('',(0.156210000012842,0.00250999999995399,2.E-05));
#12913=CARTESIAN_POINT('',(0.156210000012842,0.00250999999995399,6.00000000000017E-05));
#12914=CARTESIAN_POINT('',(-0.000454999984411231,0.00250999999995389,5.99999999999948E-05));
#12915=CARTESIAN_POINT('',(0.156210000012842,0.00250999999995399,5.99999999999877E-05));
#12916=CARTESIAN_POINT('',(-0.000446565000009225,-0.0028278605320699,5.99999999999828E-05));
#12917=CARTESIAN_POINT('',(-0.000454999984409232,0.00494399996155573,6.00000000000017E-05));
#12918=CARTESIAN_POINT('',(-0.000384999984402223,-0.00238457692312303,0.000129999999999578));
#12919=CARTESIAN_POINT('',(-0.000384999984412243,0.00215999999995399,0.000130000000000079));
#12920=CARTESIAN_POINT('',(-0.000315717952109218,0.00215999999995399,2.00000000000008E-05));
#12921=CARTESIAN_POINT('',(-0.000315717952109218,0.00216542307687696,2.00000000000038E-05));
#12922=CARTESIAN_POINT('',(0.000304545901303771,0.00215999999995407,-1.81500000011222E-06));
#12923=CARTESIAN_POINT('',(0.156210000012842,0.00215999999995399,2.E-05));
#12924=CARTESIAN_POINT('',(0.156210000012842,0.00215999999995399,6.00000000000027E-05));
#12925=CARTESIAN_POINT('',(-0.000446565000009225,-0.0028278605320699,5.99999999999828E-05));
#12926=CARTESIAN_POINT('',(-0.000454999984409232,0.00494399996155573,6.00000000000017E-05));
#12927=CARTESIAN_POINT('',(-0.000385000000006241,-0.00249475000004791,5.99999999999368E-05));
#12928=CARTESIAN_POINT('',(-0.00038500000000724,0.00203999999995388,1.99999999999737E-05));
#12929=CARTESIAN_POINT('',(-0.00038500000000724,0.00180999999995395,1.99999999999827E-05));
#12930=CARTESIAN_POINT('',(-0.00038500000000724,0.00180999999995399,6.00000000000268E-05));
#12931=CARTESIAN_POINT('',(0.000304545901302772,0.00180999999995407,-1.81500000011222E-06));
#12932=CARTESIAN_POINT('',(0.156210000012842,0.00180999999995399,2.E-05));
#12933=CARTESIAN_POINT('',(0.156210000012842,0.00180999999995399,6.00000000000027E-05));
#12934=CARTESIAN_POINT('',(-0.000446565000009225,-0.0028278605320699,5.99999999999828E-05));
#12935=CARTESIAN_POINT('',(-0.000454999984409232,0.00494399996155573,6.00000000000017E-05));
#12936=CARTESIAN_POINT('',(-0.000446565000009225,-0.0028278605320699,5.99999999999828E-05));
#12937=CARTESIAN_POINT('',(0.156210000012842,0.00110999999995399,5.99999999999858E-05));
#12938=CARTESIAN_POINT('',(-0.000454999984409232,0.00110999999995389,5.99999999999948E-05));
#12939=CARTESIAN_POINT('',(-0.000425000000007225,0.00110999999995394,5.99999999999747E-05));
#12940=CARTESIAN_POINT('',(-0.000454999984409232,0.00494399996155573,5.99999999999858E-05));
#12941=CARTESIAN_POINT('',(-0.000454999984410232,0.00133999999995389,5.99999999999948E-05));
#12942=CARTESIAN_POINT('',(0.156210000012842,0.00133999999995399,5.99999999999858E-05));
#12943=CARTESIAN_POINT('',(-0.000425000000007225,0.00133999999995394,5.99999999999747E-05));
#12944=CARTESIAN_POINT('',(-0.000425000000007225,0.00135362499995389,5.99999999999858E-05));
#12945=CARTESIAN_POINT('',(-0.000446565000009225,-0.0028278605320699,5.99999999999828E-05));
#12946=CARTESIAN_POINT('',(0.156210000012842,0.000759999999953992,5.99999999999858E-05));
#12947=CARTESIAN_POINT('',(-0.000454999984410232,0.000759999999953891,5.99999999999948E-05));
#12948=CARTESIAN_POINT('',(-0.000425000000007225,0.000759999999953936,5.99999999999747E-05));
#12949=CARTESIAN_POINT('',(-0.000454999984409232,0.00494399996155573,5.99999999999858E-05));
#12950=CARTESIAN_POINT('',(-0.000454999984409232,0.000989999999953891,5.99999999999948E-05));
#12951=CARTESIAN_POINT('',(0.156210000012842,0.000989999999953992,5.99999999999858E-05));
#12952=CARTESIAN_POINT('',(-0.000425000000007225,0.000989999999953937,5.99999999999747E-05));
#12953=CARTESIAN_POINT('',(-0.000425000000007225,0.00100362499995386,5.99999999999858E-05));
#12954=CARTESIAN_POINT('',(-0.000446565000009225,-0.0028278605320699,5.99999999999828E-05));
#12955=CARTESIAN_POINT('',(0.156210000012842,0.000409999999955222,5.99999999999858E-05));
#12956=CARTESIAN_POINT('',(-0.00045499998441173,0.000409999999954512,5.99999999999948E-05));
#12957=CARTESIAN_POINT('',(-0.000425000000007725,0.000409999999955101,5.99999999999847E-05));
#12958=CARTESIAN_POINT('',(-0.000454999984409232,0.00494399996155573,5.99999999999858E-05));
#12959=CARTESIAN_POINT('',(-0.000454999984409732,0.000639999999953892,5.99999999999948E-05));
#12960=CARTESIAN_POINT('',(0.156210000012842,0.000639999999953993,5.99999999999858E-05));
#12961=CARTESIAN_POINT('',(-0.000425000000007725,0.000639999999953937,5.99999999999747E-05));
#12962=CARTESIAN_POINT('',(-0.000425000000007225,0.000653624999953872,5.99999999999858E-05));
#12963=CARTESIAN_POINT('',(-0.000384999984402223,-0.00238457692312303,0.000129999999999578));
#12964=CARTESIAN_POINT('',(-0.000384999984414241,0.000409999999954822,-5.13335847353996E-17));
#12965=CARTESIAN_POINT('',(-0.000384999984411743,0.000409999999954772,-4.52620525694808E-17));
#12966=CARTESIAN_POINT('',(-0.000384999984411743,0.000289999999953951,-4.52620525694808E-17));
#12967=CARTESIAN_POINT('',(-0.000384999984414241,0.000409999999955222,0.00013000000000017));
#12968=CARTESIAN_POINT('',(-0.000315717952111217,0.000409999999954801,2.00000000000138E-05));
#12969=CARTESIAN_POINT('',(-0.000315717952111217,0.000415423076876982,1.99999999999937E-05));
#12970=CARTESIAN_POINT('',(-0.000315717952111217,0.000289999999953982,1.99999999999977E-05));
#12971=CARTESIAN_POINT('',(-0.000384999984414241,0.000289999999953992,0.00013000000000017));
#12972=CARTESIAN_POINT('',(0.000375559984407775,-0.002513315000046,-1.05326852925178E-16));
#12973=CARTESIAN_POINT('',(0.156210000012842,0.000409999999955222,-5.32851486458735E-17));
#12974=CARTESIAN_POINT('',(-0.000749999984412747,0.000409999999954611,-3.43116106273772E-17));
#12975=CARTESIAN_POINT('',(0.156210000012842,0.000289999999953992,-5.32851486458735E-17));
#12976=CARTESIAN_POINT('',(-0.000749999984412747,0.000289999999953792,-3.43116106273772E-17));
#12977=CARTESIAN_POINT('',(-0.000749999984414246,0.00494399996155573,-5.32851486458735E-17));
#12978=CARTESIAN_POINT('',(-0.000749999984402228,-0.0025133150000466,-1.81499999999025E-06));
#12979=CARTESIAN_POINT('',(-0.000749999984414246,0.000289999999953992,0.000714999978744239));
#12980=CARTESIAN_POINT('',(-0.000749999984414246,0.000289999999953792,6.00000000000048E-05));
#12981=CARTESIAN_POINT('',(-0.000749999984414246,0.00494399996155573,6.00000000000048E-05));
#12982=CARTESIAN_POINT('',(-0.000749999984414246,0.000409999999954611,6.00000000000048E-05));
#12983=CARTESIAN_POINT('',(-0.000749999984414246,0.000409999999955222,0.000714999978744239));
#12984=CARTESIAN_POINT('',(-0.000446565000009225,-0.0028278605320699,5.99999999999828E-05));
#12985=CARTESIAN_POINT('',(0.156210000012842,0.000289999999953992,6.00000000000048E-05));
#12986=CARTESIAN_POINT('',(-0.00045499998441173,0.000289999999953891,5.99999999999967E-05));
#12987=CARTESIAN_POINT('',(-0.000454999984409232,0.00494399996155573,6.00000000000017E-05));
#12988=CARTESIAN_POINT('',(0.156210000012842,0.000409999999955222,6.00000000000048E-05));
#12989=CARTESIAN_POINT('',(-0.000446565000009225,-0.0028278605320699,5.99999999999828E-05));
#12990=CARTESIAN_POINT('',(0.156210000012842,-6.00000000460076E-05,6.00000000000057E-05));
#12991=CARTESIAN_POINT('',(-0.00045499998441173,-6.00000000461082E-05,5.99999999999977E-05));
#12992=CARTESIAN_POINT('',(-0.000454999984409232,0.00494399996155573,6.00000000000057E-05));
#12993=CARTESIAN_POINT('',(-0.000454999984409732,5.99999999538921E-05,5.99999999999967E-05));
#12994=CARTESIAN_POINT('',(0.156210000012842,5.99999999539927E-05,6.00000000000057E-05));
#12995=CARTESIAN_POINT('',(-0.000446565000009225,-0.0028278605320699,5.99999999999828E-05));
#12996=CARTESIAN_POINT('',(0.156210000012842,5.99999999539927E-05,5.99999999999887E-05));
#12997=CARTESIAN_POINT('',(-0.000425000000008724,5.99999999539424E-05,5.99999999999868E-05));
#12998=CARTESIAN_POINT('',(-0.000454999984409232,0.00494399996155573,5.99999999999887E-05));
#12999=CARTESIAN_POINT('',(0.156210000012842,0.000289999999953992,5.99999999999887E-05));
#13000=CARTESIAN_POINT('',(-0.000425000000009224,0.000289999999953942,5.99999999999877E-05));
#13001=CARTESIAN_POINT('',(-0.000425000000009224,0.000303624999953872,5.99999999999887E-05));
#13002=CARTESIAN_POINT('',(-0.000385000000006241,-0.00249475000004791,5.99999999999368E-05));
#13003=CARTESIAN_POINT('',(-0.000385000000009239,0.000289999999953992,6.00000000000057E-05));
#13004=CARTESIAN_POINT('',(-0.000385000000009239,0.000289999999953951,1.99999999999858E-05));
#13005=CARTESIAN_POINT('',(-0.000385000000009239,0.000289999999953882,1.99999999999757E-05));
#13006=CARTESIAN_POINT('',(-0.000385000000008739,5.99999999539623E-05,1.99999999999858E-05));
#13007=CARTESIAN_POINT('',(-0.000385000000009239,5.99999999539927E-05,6.00000000000057E-05));
#13008=CARTESIAN_POINT('',(0.000304545901300774,5.99999999540725E-05,-1.81500000010929E-06));
#13009=CARTESIAN_POINT('',(0.156210000012842,5.99999999539927E-05,2.E-05));
#13010=CARTESIAN_POINT('',(-0.000315717952111217,5.99999999539823E-05,2.E-05));
#13011=CARTESIAN_POINT('',(-0.000384999984414241,5.99999999539927E-05,0.000130000000000048));
#13012=CARTESIAN_POINT('',(-0.000384999984414241,5.99999999539623E-05,-4.42862706142438E-17));
#13013=CARTESIAN_POINT('',(0.156210000012842,5.99999999539927E-05,-5.23093666906366E-17));
#13014=CARTESIAN_POINT('',(0.000375559984407775,-0.002513315000046,-1.05326852925178E-16));
#13015=CARTESIAN_POINT('',(-0.000384999984414241,5.99999999538921E-05,-5.13335847353996E-17));
#13016=CARTESIAN_POINT('',(-0.000384999984413742,-6.00000000460484E-05,-4.42862706142438E-17));
#13017=CARTESIAN_POINT('',(0.156210000012842,-6.00000000460076E-05,-5.23093666906366E-17));
#13018=CARTESIAN_POINT('',(-0.000384999984402223,-0.00238457692312303,0.000129999999999578));
#13019=CARTESIAN_POINT('',(-0.000315717952111217,6.54230768766216E-05,1.99999999999988E-05));
#13020=CARTESIAN_POINT('',(-0.000315717952111217,-6.0000000046018E-05,2.E-05));
#13021=CARTESIAN_POINT('',(-0.000384999984414241,-6.00000000460076E-05,0.000130000000000048));
#13022=CARTESIAN_POINT('',(0.000304545901299774,0.000289999999954072,-1.81500000011027E-06));
#13023=CARTESIAN_POINT('',(0.156210000012842,0.000289999999953992,2.E-05));
#13024=CARTESIAN_POINT('',(0.000375559984407775,-0.002513315000046,-1.05326852925178E-16));
#13025=CARTESIAN_POINT('',(0.156210000012842,0.000759999999953992,-5.32851486458735E-17));
#13026=CARTESIAN_POINT('',(-0.000749999984411248,0.000759999999953797,-3.43116106273772E-17));
#13027=CARTESIAN_POINT('',(-0.000384999984411244,0.000759999999953956,-4.82978186524402E-17));
#13028=CARTESIAN_POINT('',(-0.000384999984411244,0.000759999999953882,-5.13335847353996E-17));
#13029=CARTESIAN_POINT('',(-0.000384999984411244,0.000639999999953957,-4.82978186524402E-17));
#13030=CARTESIAN_POINT('',(0.156210000012842,0.000639999999953993,-5.32851486458735E-17));
#13031=CARTESIAN_POINT('',(-0.000749999984411248,0.000639999999953797,-3.43116106273772E-17));
#13032=CARTESIAN_POINT('',(-0.000749999984411248,0.00494399996155573,-5.32851486458735E-17));
#13033=CARTESIAN_POINT('',(0.000304545901300774,0.000639999999954072,-1.81500000011125E-06));
#13034=CARTESIAN_POINT('',(0.156210000012842,0.000639999999953993,6.00000000000048E-05));
#13035=CARTESIAN_POINT('',(-0.000749999984411248,0.000639999999953797,6.00000000000048E-05));
#13036=CARTESIAN_POINT('',(-0.000749999984411248,0.000639999999953993,0.000714999978744239));
#13037=CARTESIAN_POINT('',(-0.000384999984411244,0.000639999999953993,0.000129999999999747));
#13038=CARTESIAN_POINT('',(-0.000315717952108219,0.000639999999953987,2.00000000000018E-05));
#13039=CARTESIAN_POINT('',(0.156210000012842,0.000639999999953993,2.E-05));
#13040=CARTESIAN_POINT('',(-0.00038500000000824,0.000639999999953957,1.99999999999887E-05));
#13041=CARTESIAN_POINT('',(-0.00038500000000824,0.000639999999953993,5.99999999998817E-05));
#13042=CARTESIAN_POINT('',(-0.000749999984402228,-0.0025133150000466,-1.81499999999025E-06));
#13043=CARTESIAN_POINT('',(-0.000749999984411248,0.00494399996155573,6.00000000000038E-05));
#13044=CARTESIAN_POINT('',(-0.000749999984411248,0.000759999999953797,6.00000000000048E-05));
#13045=CARTESIAN_POINT('',(-0.000749999984411248,0.000759999999953992,0.000714999978744239));
#13046=CARTESIAN_POINT('',(-0.000385000000006241,-0.00249475000004791,5.99999999999368E-05));
#13047=CARTESIAN_POINT('',(-0.00038500000000724,0.000989999999953992,6.00000000000548E-05));
#13048=CARTESIAN_POINT('',(-0.00038500000000724,0.000989999999953957,1.99999999999757E-05));
#13049=CARTESIAN_POINT('',(-0.00038500000000724,0.000989999999953882,1.99999999999747E-05));
#13050=CARTESIAN_POINT('',(-0.00038500000000774,0.000759999999953956,1.99999999999757E-05));
#13051=CARTESIAN_POINT('',(-0.00038500000000724,0.000759999999953992,6.00000000000548E-05));
#13052=CARTESIAN_POINT('',(0.000375559984407775,-0.002513315000046,-1.05326852925178E-16));
#13053=CARTESIAN_POINT('',(0.156210000012842,0.00110999999995399,-5.32851486458735E-17));
#13054=CARTESIAN_POINT('',(-0.000749999984411248,0.0011099999999538,-3.43116106273772E-17));
#13055=CARTESIAN_POINT('',(-0.000384999984411244,0.00110999999995396,-4.82978186524402E-17));
#13056=CARTESIAN_POINT('',(-0.000384999984411244,0.00110999999995388,-5.13335847353996E-17));
#13057=CARTESIAN_POINT('',(-0.000384999984411244,0.000989999999953957,-4.82978186524402E-17));
#13058=CARTESIAN_POINT('',(0.156210000012842,0.000989999999953992,-5.32851486458735E-17));
#13059=CARTESIAN_POINT('',(-0.000749999984411248,0.000989999999953797,-3.43116106273772E-17));
#13060=CARTESIAN_POINT('',(-0.000749999984411248,0.00494399996155573,-5.32851486458735E-17));
#13061=CARTESIAN_POINT('',(0.000304545901300774,0.000989999999954072,-1.81500000011125E-06));
#13062=CARTESIAN_POINT('',(0.156210000012842,0.000989999999953992,6.00000000000048E-05));
#13063=CARTESIAN_POINT('',(-0.000749999984411248,0.000989999999953797,6.00000000000048E-05));
#13064=CARTESIAN_POINT('',(-0.000749999984411248,0.000989999999953992,0.000714999978744239));
#13065=CARTESIAN_POINT('',(-0.000384999984411244,0.000989999999953992,0.000130000000000314));
#13066=CARTESIAN_POINT('',(-0.000315717952108219,0.000989999999953976,1.99999999999977E-05));
#13067=CARTESIAN_POINT('',(0.156210000012842,0.000989999999953992,2.E-05));
#13068=CARTESIAN_POINT('',(-0.000749999984402228,-0.0025133150000466,-1.81499999999025E-06));
#13069=CARTESIAN_POINT('',(-0.000749999984411248,0.00494399996155573,6.00000000000038E-05));
#13070=CARTESIAN_POINT('',(-0.000749999984411248,0.0011099999999538,6.00000000000048E-05));
#13071=CARTESIAN_POINT('',(-0.000749999984411248,0.00110999999995399,0.000714999978744239));
#13072=CARTESIAN_POINT('',(-0.000384999984402223,-0.00238457692312303,0.000129999999999578));
#13073=CARTESIAN_POINT('',(-0.000384999984411244,0.00110999999995399,0.000130000000000314));
#13074=CARTESIAN_POINT('',(-0.000315717952108219,0.00110999999995398,1.99999999999977E-05));
#13075=CARTESIAN_POINT('',(-0.000315717952108219,0.00111542307687609,1.99999999999957E-05));
#13076=CARTESIAN_POINT('',(-0.000384999984402223,-0.00238457692312303,0.000129999999999578));
#13077=CARTESIAN_POINT('',(-0.000384999984411244,0.00145999999995388,-5.23093666906366E-17));
#13078=CARTESIAN_POINT('',(-0.000384999984411244,0.00145999999995396,-5.13335847353996E-17));
#13079=CARTESIAN_POINT('',(-0.000384999984411244,0.00133999999995396,-5.13335847353996E-17));
#13080=CARTESIAN_POINT('',(-0.000384999984411244,0.00145999999995399,0.000130000000000108));
#13081=CARTESIAN_POINT('',(-0.000315717952108718,0.00145999999995399,2.00000000000008E-05));
#13082=CARTESIAN_POINT('',(-0.000315717952109218,0.0014654230768766,2.00000000000018E-05));
#13083=CARTESIAN_POINT('',(-0.000315717952108718,0.00133999999995399,2.00000000000208E-05));
#13084=CARTESIAN_POINT('',(-0.000384999984411244,0.00133999999995399,0.000130000000000108));
#13085=CARTESIAN_POINT('',(0.000304545901301773,0.00133999999995407,-1.81500000011222E-06));
#13086=CARTESIAN_POINT('',(0.156210000012842,0.00133999999995399,6.00000000000038E-05));
#13087=CARTESIAN_POINT('',(-0.000749999984411248,0.0013399999999538,6.00000000000038E-05));
#13088=CARTESIAN_POINT('',(-0.000749999984411248,0.00133999999995399,0.000714999978744239));
#13089=CARTESIAN_POINT('',(-0.000749999984411248,0.0013399999999538,-3.43116106273772E-17));
#13090=CARTESIAN_POINT('',(0.156210000012842,0.00133999999995399,-5.32851486458735E-17));
#13091=CARTESIAN_POINT('',(0.156210000012842,0.00133999999995399,2.E-05));
#13092=CARTESIAN_POINT('',(-0.00038500000000724,0.00133999999995396,1.99999999999858E-05));
#13093=CARTESIAN_POINT('',(-0.00038500000000724,0.00133999999995399,5.99999999998888E-05));
#13094=CARTESIAN_POINT('',(0.000375559984407775,-0.002513315000046,-1.05326852925178E-16));
#13095=CARTESIAN_POINT('',(0.156210000012842,0.00145999999995399,-5.32851486458735E-17));
#13096=CARTESIAN_POINT('',(-0.000749999984411248,0.0014599999999538,-3.43116106273772E-17));
#13097=CARTESIAN_POINT('',(-0.000749999984411248,0.00494399996155573,-5.32851486458735E-17));
#13098=CARTESIAN_POINT('',(-0.000385000000006241,-0.00249475000004791,5.99999999999368E-05));
#13099=CARTESIAN_POINT('',(-0.00038500000000724,0.00110999999995399,5.99999999998888E-05));
#13100=CARTESIAN_POINT('',(-0.00038500000000724,0.00110999999995396,1.99999999999858E-05));
#13101=CARTESIAN_POINT('',(-0.00038500000000724,0.00133999999995388,1.99999999999747E-05));
#13102=CARTESIAN_POINT('',(0.000304545901301773,0.00110999999995407,-1.81500000011125E-06));
#13103=CARTESIAN_POINT('',(0.156210000012842,0.00110999999995399,2.E-05));
#13104=CARTESIAN_POINT('',(0.156210000012842,0.00110999999995399,6.00000000000048E-05));
#13105=CARTESIAN_POINT('',(-0.000446565000009225,-0.0028278605320699,5.99999999999828E-05));
#13106=CARTESIAN_POINT('',(-0.000454999984409232,0.00494399996155573,6.00000000000017E-05));
#13107=CARTESIAN_POINT('',(-0.000384999984402223,-0.00238457692312303,0.000129999999999578));
#13108=CARTESIAN_POINT('',(-0.000384999984411244,0.000759999999953992,0.000129999999999747));
#13109=CARTESIAN_POINT('',(-0.000315717952108219,0.000759999999953987,2.00000000000018E-05));
#13110=CARTESIAN_POINT('',(-0.000315717952108219,0.000765423076877153,2.00000000000048E-05));
#13111=CARTESIAN_POINT('',(0.000304545901301773,0.000759999999954072,-1.81500000011027E-06));
#13112=CARTESIAN_POINT('',(0.156210000012842,0.000759999999953992,2.E-05));
#13113=CARTESIAN_POINT('',(0.156210000012842,0.000759999999953992,6.00000000000048E-05));
#13114=CARTESIAN_POINT('',(-0.000446565000009225,-0.0028278605320699,5.99999999999828E-05));
#13115=CARTESIAN_POINT('',(-0.000454999984409232,0.00494399996155573,6.00000000000017E-05));
#13116=CARTESIAN_POINT('',(-0.000385000000006241,-0.00249475000004791,5.99999999999368E-05));
#13117=CARTESIAN_POINT('',(-0.00038500000000824,0.000639999999953882,1.99999999999747E-05));
#13118=CARTESIAN_POINT('',(-0.00038500000000824,0.000409999999955092,1.99999999999887E-05));
#13119=CARTESIAN_POINT('',(-0.00038500000000824,0.000409999999955222,5.99999999998817E-05));
#13120=CARTESIAN_POINT('',(0.000304545901300774,0.000409999999954081,-1.81500000011125E-06));
#13121=CARTESIAN_POINT('',(0.156210000012842,0.000409999999955222,2.E-05));
#13122=CARTESIAN_POINT('',(-0.000749999984402228,-0.0025133150000466,-1.81499999999025E-06));
#13123=CARTESIAN_POINT('',(-0.000749999984411248,0.00494399996155573,6.00000000000038E-05));
#13124=CARTESIAN_POINT('',(-0.000749999984411248,0.0014599999999538,6.00000000000038E-05));
#13125=CARTESIAN_POINT('',(-0.000749999984411248,0.00145999999995399,0.000714999978744239));
#13126=CARTESIAN_POINT('',(-0.000446565000009225,-0.0028278605320699,5.99999999999828E-05));
#13127=CARTESIAN_POINT('',(-0.000454999984409232,0.00494399996155573,6.00000000000017E-05));
#13128=CARTESIAN_POINT('',(-0.000454999984410731,0.00145999999995389,5.99999999999948E-05));
#13129=CARTESIAN_POINT('',(0.156210000012842,0.00145999999995399,6.00000000000038E-05));
#13130=CARTESIAN_POINT('',(0.000304545901301773,0.00145999999995407,-1.81500000011125E-06));
#13131=CARTESIAN_POINT('',(0.156210000012842,0.00145999999995399,2.E-05));
#13132=CARTESIAN_POINT('',(0.156210000012842,0.00145999999995399,5.99999999999858E-05));
#13133=CARTESIAN_POINT('',(-0.000446565000009225,-0.0028278605320699,5.99999999999828E-05));
#13134=CARTESIAN_POINT('',(-0.000454999984409232,0.00494399996155573,5.99999999999858E-05));
#13135=CARTESIAN_POINT('',(-0.000446565000009225,-0.0028278605320699,5.99999999999828E-05));
#13136=CARTESIAN_POINT('',(-0.000454999984409232,0.00494399996155573,5.99999999999858E-05));
#13137=CARTESIAN_POINT('',(-0.000474999999961229,0.00494399996155573,5.99999999999877E-05));
#13138=CARTESIAN_POINT('',(-0.000425000000009224,0.00282024999998405,5.99999999999877E-05));
#13139=CARTESIAN_POINT('',(-0.000385000000006241,-0.00249475000004791,5.99999999999368E-05));
#13140=CARTESIAN_POINT('',(-0.000385000000009239,0.00280499999998315,5.99999999999738E-05));
#13141=CARTESIAN_POINT('',(-0.000385000000009239,0.0028049999999648,1.99999999999697E-05));
#13142=CARTESIAN_POINT('',(-0.000385000000009239,0.00280499999998322,1.99999999999768E-05));
#13143=CARTESIAN_POINT('',(0.000446565000009752,0.00280499999998315,1.86849999999127E-05));
#13144=CARTESIAN_POINT('',(0.156210000012842,0.00280499999998315,2.E-05));
#13145=CARTESIAN_POINT('',(0.000385000000006769,0.00280499999996477,1.99999999999387E-05));
#13146=CARTESIAN_POINT('',(0.156210000012842,0.00280499999998315,5.99999999999757E-05));
#13147=CARTESIAN_POINT('',(0.000385000000006769,0.00280499999998315,5.99999999998857E-05));
#13148=CARTESIAN_POINT('',(0.000375559984407775,-0.002513315000046,-1.05326852925178E-16));
#13149=CARTESIAN_POINT('',(0.156210000012842,0.00238999999995407,-1.12265746829085E-16));
#13150=CARTESIAN_POINT('',(0.000749999984413774,0.00238999999995391,-1.12265746829085E-16));
#13151=CARTESIAN_POINT('',(0.000384999984413769,0.00238999999995404,-1.12265746829085E-16));
#13152=CARTESIAN_POINT('',(0.000384999984413769,0.00238999999995398,-1.12265746829085E-16));
#13153=CARTESIAN_POINT('',(0.000384999984413769,0.00250999999995405,-1.12265746829085E-16));
#13154=CARTESIAN_POINT('',(0.156210000012842,0.00250999999995407,-1.12265746829085E-16));
#13155=CARTESIAN_POINT('',(0.000749999984413774,0.00250999999995391,-1.12265746829085E-16));
#13156=CARTESIAN_POINT('',(0.000749999984413774,0.00494399996155573,-1.11289964873848E-16));
#13157=CARTESIAN_POINT('',(0.000304545901303771,0.00250999999995407,-1.81500000011319E-06));
#13158=CARTESIAN_POINT('',(0.156210000012842,0.00250999999995407,5.99999999999198E-05));
#13159=CARTESIAN_POINT('',(0.00045499998440876,0.00250999999995407,5.99999999999037E-05));
#13160=CARTESIAN_POINT('',(0.000425000000006753,0.00250999999995403,5.99999999999087E-05));
#13161=CARTESIAN_POINT('',(0.156210000012842,0.00250999999995407,5.99999999998878E-05));
#13162=CARTESIAN_POINT('',(0.000749999984413774,0.00250999999995391,5.99999999998878E-05));
#13163=CARTESIAN_POINT('',(0.000749999984413774,0.00250999999995407,0.000714999978744239));
#13164=CARTESIAN_POINT('',(0.000384999984413769,0.00250999999995407,0.000130000000000239));
#13165=CARTESIAN_POINT('',(0.000315717952110773,0.00250999999995407,1.99999999999988E-05));
#13166=CARTESIAN_POINT('',(0.156210000012842,0.00250999999995407,2.E-05));
#13167=CARTESIAN_POINT('',(0.000385000000006769,0.00250999999995405,1.99999999999377E-05));
#13168=CARTESIAN_POINT('',(0.000385000000006769,0.00250999999995407,5.99999999998857E-05));
#13169=CARTESIAN_POINT('',(0.000749999984407779,-0.0023866850000464,-1.81500000010419E-06));
#13170=CARTESIAN_POINT('',(0.000749999984413774,0.00494399996155573,5.99999999998888E-05));
#13171=CARTESIAN_POINT('',(0.000749999984413774,0.00238999999995391,5.99999999998878E-05));
#13172=CARTESIAN_POINT('',(0.000749999984413774,0.00238999999995407,0.000714999978744239));
#13173=CARTESIAN_POINT('',(0.000385000000009766,-0.00282024999997335,5.99999999999927E-05));
#13174=CARTESIAN_POINT('',(0.000385000000006769,0.00238999999995407,5.99999999999518E-05));
#13175=CARTESIAN_POINT('',(0.000425000000006753,0.00238999999995402,5.99999999999077E-05));
#13176=CARTESIAN_POINT('',(0.000385000000007268,0.00238999999995404,1.99999999999487E-05));
#13177=CARTESIAN_POINT('',(0.000425000000006753,0.00214637499995394,5.99999999999188E-05));
#13178=CARTESIAN_POINT('',(0.000425000000007253,0.00215999999995403,5.99999999999077E-05));
#13179=CARTESIAN_POINT('',(0.000385000000006769,0.00215999999995407,5.99999999999518E-05));
#13180=CARTESIAN_POINT('',(0.000385000000007268,0.00215999999995404,1.99999999999718E-05));
#13181=CARTESIAN_POINT('',(0.000385000000008767,0.00215999999995398,1.99999999999148E-05));
#13182=CARTESIAN_POINT('',(0.000375559984407775,-0.002513315000046,-1.05326852925178E-16));
#13183=CARTESIAN_POINT('',(0.156210000012842,0.00203999999995407,-1.12265746829085E-16));
#13184=CARTESIAN_POINT('',(0.000749999984413774,0.00203999999995391,-1.12265746829085E-16));
#13185=CARTESIAN_POINT('',(0.000384999984413769,0.00203999999995404,-1.10314182918611E-16));
#13186=CARTESIAN_POINT('',(0.000384999984413769,0.00203999999995398,-1.12265746829085E-16));
#13187=CARTESIAN_POINT('',(0.000384999984413769,0.00215999999995404,-1.10314182918611E-16));
#13188=CARTESIAN_POINT('',(0.156210000012842,0.00215999999995407,-1.12265746829085E-16));
#13189=CARTESIAN_POINT('',(0.000749999984413774,0.00215999999995391,-1.12265746829085E-16));
#13190=CARTESIAN_POINT('',(0.000749999984413774,0.00494399996155573,-1.11289964873848E-16));
#13191=CARTESIAN_POINT('',(0.000304545901303771,0.00215999999995407,-1.81500000011222E-06));
#13192=CARTESIAN_POINT('',(0.156210000012842,0.00215999999995407,5.99999999999188E-05));
#13193=CARTESIAN_POINT('',(0.000454999984408261,0.00215999999995399,5.99999999999037E-05));
#13194=CARTESIAN_POINT('',(0.156210000012842,0.00215999999995407,5.99999999998878E-05));
#13195=CARTESIAN_POINT('',(0.000749999984413774,0.00215999999995391,5.99999999998878E-05));
#13196=CARTESIAN_POINT('',(0.000749999984413774,0.00215999999995407,0.000714999978744239));
#13197=CARTESIAN_POINT('',(0.000384999984413769,0.00215999999995407,0.000130000000000344));
#13198=CARTESIAN_POINT('',(0.000315717952110773,0.00215999999995406,1.99999999999988E-05));
#13199=CARTESIAN_POINT('',(0.156210000012842,0.00215999999995407,2.E-05));
#13200=CARTESIAN_POINT('',(0.000749999984407779,-0.0023866850000464,-1.81500000010419E-06));
#13201=CARTESIAN_POINT('',(0.000749999984413774,0.00494399996155573,5.99999999998888E-05));
#13202=CARTESIAN_POINT('',(0.000749999984413774,0.00203999999995391,5.99999999998878E-05));
#13203=CARTESIAN_POINT('',(0.000749999984413774,0.00203999999995407,0.000714999978744239));
#13204=CARTESIAN_POINT('',(0.000385000000009766,-0.00282024999997335,5.99999999999927E-05));
#13205=CARTESIAN_POINT('',(0.000385000000008767,0.00203999999995407,5.99999999999248E-05));
#13206=CARTESIAN_POINT('',(0.000425000000008751,0.00203999999995403,5.99999999999087E-05));
#13207=CARTESIAN_POINT('',(0.000385000000008767,0.00203999999995404,1.99999999999548E-05));
#13208=CARTESIAN_POINT('',(0.000425000000008751,0.00179637499995393,5.99999999999188E-05));
#13209=CARTESIAN_POINT('',(0.000425000000008751,0.00180999999995403,5.99999999999087E-05));
#13210=CARTESIAN_POINT('',(0.000385000000008767,0.00180999999995407,5.99999999999248E-05));
#13211=CARTESIAN_POINT('',(0.000385000000008767,0.00180999999995404,1.99999999999548E-05));
#13212=CARTESIAN_POINT('',(0.000385000000008767,0.00180999999995398,1.99999999999148E-05));
#13213=CARTESIAN_POINT('',(0.000384999984408773,-0.00251542307696836,0.000130000000000584));
#13214=CARTESIAN_POINT('',(0.000384999984413769,0.00203999999995407,0.000130000000000344));
#13215=CARTESIAN_POINT('',(0.000315717952110773,0.00203999999995407,1.99999999999988E-05));
#13216=CARTESIAN_POINT('',(0.000315717952110773,0.00203457692303178,1.99999999999977E-05));
#13217=CARTESIAN_POINT('',(0.000304545901301773,0.00203999999995407,-1.81500000011222E-06));
#13218=CARTESIAN_POINT('',(0.156210000012842,0.00203999999995407,2.E-05));
#13219=CARTESIAN_POINT('',(0.156210000012842,0.00203999999995407,5.99999999998878E-05));
#13220=CARTESIAN_POINT('',(0.000454999984408261,0.00203999999995399,5.99999999999027E-05));
#13221=CARTESIAN_POINT('',(0.156210000012842,0.00203999999995407,5.99999999999188E-05));
#13222=CARTESIAN_POINT('',(-0.000446565000009225,-0.0028278605320699,5.99999999999828E-05));
#13223=CARTESIAN_POINT('',(0.00045499998440876,0.00494399996155573,5.99999999998878E-05));
#13224=CARTESIAN_POINT('',(0.000384999984408773,-0.00251542307696836,0.000130000000000584));
#13225=CARTESIAN_POINT('',(0.000384999984413769,0.00238999999995407,0.000130000000000239));
#13226=CARTESIAN_POINT('',(0.000315717952110773,0.00238999999995406,1.99999999999977E-05));
#13227=CARTESIAN_POINT('',(0.000315717952110773,0.00238457692303141,1.99999999999948E-05));
#13228=CARTESIAN_POINT('',(0.000304545901299774,0.00238999999995407,-1.81500000011319E-06));
#13229=CARTESIAN_POINT('',(0.156210000012842,0.00238999999995407,2.E-05));
#13230=CARTESIAN_POINT('',(0.156210000012842,0.00238999999995407,5.99999999998878E-05));
#13231=CARTESIAN_POINT('',(0.00045499998440876,0.00238999999995407,5.99999999999027E-05));
#13232=CARTESIAN_POINT('',(0.156210000012842,0.00238999999995407,5.99999999999188E-05));
#13233=CARTESIAN_POINT('',(-0.000446565000009225,-0.0028278605320699,5.99999999999828E-05));
#13234=CARTESIAN_POINT('',(0.00045499998440876,0.00494399996155573,5.99999999998878E-05));
#13235=CARTESIAN_POINT('',(0.000385000000009766,-0.00282024999997335,5.99999999999927E-05));
#13236=CARTESIAN_POINT('',(0.000385000000006769,0.00250999999995398,1.99999999999178E-05));
#13237=CARTESIAN_POINT('',(0.000425000000006753,0.0024947499999532,5.99999999999198E-05));
#13238=CARTESIAN_POINT('',(-0.000446565000009225,-0.0028278605320699,5.99999999999828E-05));
#13239=CARTESIAN_POINT('',(0.156210000012842,-0.152980000012403,5.99999999999198E-05));
#13240=CARTESIAN_POINT('',(0.000474999989592745,0.00275500000511294,5.99999999999188E-05));
#13241=CARTESIAN_POINT('',(0.000474999984407754,0.00494399996155573,5.99999999999198E-05));
#13242=CARTESIAN_POINT('',(0.000474999989593272,0.00268499999994386,5.99999999999188E-05));
#13243=CARTESIAN_POINT('',(0.156210000012842,0.00268499999994386,5.99999999999198E-05));
#13244=CARTESIAN_POINT('',(0.000454999984408261,0.00268499999994386,5.99999999999188E-05));
#13245=CARTESIAN_POINT('',(0.00045499998440876,0.00494399996155573,5.99999999999188E-05));
#13246=CARTESIAN_POINT('',(0.00047647273859977,0.00275352726129172,5.23099999999137E-05));
#13247=CARTESIAN_POINT('',(0.000474999984407754,0.00275500001548358,0.000714999978744239));
#13248=CARTESIAN_POINT('',(-0.000446565000009225,-0.0028278605320699,5.99999999999828E-05));
#13249=CARTESIAN_POINT('',(-0.000425000000003228,0.00494399996155573,5.99999999999757E-05));
#13250=CARTESIAN_POINT('',(-0.000425000000008224,-0.00342031500004383,-9.19000000002028E-06));
#13251=CARTESIAN_POINT('',(-0.000446565000009225,-0.0028278605320699,5.99999999999828E-05));
#13252=CARTESIAN_POINT('',(0.156210000012842,0.000289999999954072,5.99999999999217E-05));
#13253=CARTESIAN_POINT('',(0.000425000000006753,0.000289999999954032,5.99999999999207E-05));
#13254=CARTESIAN_POINT('',(0.00045499998440876,0.00494399996155573,5.99999999999207E-05));
#13255=CARTESIAN_POINT('',(0.000454999984408261,5.99999999540326E-05,5.99999999999058E-05));
#13256=CARTESIAN_POINT('',(0.156210000012842,5.99999999540725E-05,5.99999999999217E-05));
#13257=CARTESIAN_POINT('',(0.000425000000006753,5.99999999540326E-05,5.99999999999207E-05));
#13258=CARTESIAN_POINT('',(0.000425000000006753,4.63749999539418E-05,5.99999999999217E-05));
#13259=CARTESIAN_POINT('',(-0.000446565000009225,-0.0028278605320699,5.99999999999828E-05));
#13260=CARTESIAN_POINT('',(-0.000454999984409232,0.00494399996155573,5.99999999999887E-05));
#13261=CARTESIAN_POINT('',(0.156210000012842,-6.00000000460076E-05,5.99999999999887E-05));
#13262=CARTESIAN_POINT('',(-0.000425000000008724,-6.00000000460579E-05,5.99999999999877E-05));
#13263=CARTESIAN_POINT('',(-0.000425000000009224,-4.63750000460981E-05,5.99999999999887E-05));
#13264=CARTESIAN_POINT('',(0.000304545901299774,-6.00000000459278E-05,-1.81500000011027E-06));
#13265=CARTESIAN_POINT('',(0.156210000012842,-6.00000000460076E-05,2.E-05));
#13266=CARTESIAN_POINT('',(-0.000385000000008739,-6.00000000460484E-05,1.99999999999847E-05));
#13267=CARTESIAN_POINT('',(-0.000385000000009239,-6.00000000460076E-05,5.99999999999217E-05));
#13268=CARTESIAN_POINT('',(-0.000385000000006241,-0.00249475000004791,5.99999999999368E-05));
#13269=CARTESIAN_POINT('',(-0.00038500000000824,-6.00000000461178E-05,1.99999999999757E-05));
#13270=CARTESIAN_POINT('',(-0.000384999984402223,-0.00238457692312303,0.000129999999999578));
#13271=CARTESIAN_POINT('',(-0.000315717952110217,-0.000284576923122858,1.99999999999948E-05));
#13272=CARTESIAN_POINT('',(0.000304545901299774,-0.000990000000045919,-1.81500000010821E-06));
#13273=CARTESIAN_POINT('',(0.156210000012842,-0.000990000000046008,2.E-05));
#13274=CARTESIAN_POINT('',(0.000385000000009766,-0.00282024999997335,5.99999999999927E-05));
#13275=CARTESIAN_POINT('',(0.000385000000006769,-0.00134000000004592,5.99999999999468E-05));
#13276=CARTESIAN_POINT('',(0.000385000000006269,-0.00134000000004595,1.99999999999458E-05));
#13277=CARTESIAN_POINT('',(0.000385000000006769,-0.00134000000004601,1.99999999999188E-05));
#13278=CARTESIAN_POINT('',(0.000375559984407775,-0.002513315000046,-1.05326852925178E-16));
#13279=CARTESIAN_POINT('',(0.156210000012842,-0.00146000000004593,-1.07278416835652E-16));
#13280=CARTESIAN_POINT('',(0.000749999984408778,-0.00146000000004593,-1.07278416835652E-16));
#13281=CARTESIAN_POINT('',(0.000384999984409773,-0.00146000000004596,-1.09338400963374E-16));
#13282=CARTESIAN_POINT('',(0.000384999984409773,-0.00146000000004601,-1.07278416835652E-16));
#13283=CARTESIAN_POINT('',(0.000384999984409773,-0.00134000000004595,-1.09338400963374E-16));
#13284=CARTESIAN_POINT('',(0.156210000012842,-0.00134000000004592,-1.07278416835652E-16));
#13285=CARTESIAN_POINT('',(0.000749999984408778,-0.00134000000004592,-1.07278416835652E-16));
#13286=CARTESIAN_POINT('',(0.000749999984407779,0.00494399996155573,-1.05326852925178E-16));
#13287=CARTESIAN_POINT('',(0.000304545901298775,-0.00134000000004592,-1.81500000010821E-06));
#13288=CARTESIAN_POINT('',(0.156210000012842,-0.00134000000004592,5.99999999998928E-05));
#13289=CARTESIAN_POINT('',(0.000749999984408778,-0.00134000000004592,5.99999999998928E-05));
#13290=CARTESIAN_POINT('',(0.000749999984409777,-0.00134000000004592,0.000714999978744239));
#13291=CARTESIAN_POINT('',(0.000384999984409773,-0.00134000000004592,0.000130000000000319));
#13292=CARTESIAN_POINT('',(0.000315717952106775,-0.00134000000004593,1.99999999999977E-05));
#13293=CARTESIAN_POINT('',(0.156210000012842,-0.00134000000004592,2.E-05));
#13294=CARTESIAN_POINT('',(0.000749999984407779,-0.0023866850000464,-1.81500000010419E-06));
#13295=CARTESIAN_POINT('',(0.000749999984407779,0.00494399996155573,5.99999999998947E-05));
#13296=CARTESIAN_POINT('',(0.000749999984408778,-0.00146000000004593,5.99999999998928E-05));
#13297=CARTESIAN_POINT('',(0.000749999984409777,-0.00146000000004593,0.000714999978744239));
#13298=CARTESIAN_POINT('',(0.000749999984407779,-0.0023866850000464,-1.81500000010419E-06));
#13299=CARTESIAN_POINT('',(0.000749999984407779,0.00494399996155573,-1.05326852925178E-16));
#13300=CARTESIAN_POINT('',(0.000749999984408778,-0.0018100000000446,-1.07278416835652E-16));
#13301=CARTESIAN_POINT('',(0.000749999984408778,-0.00169000000004593,-1.07278416835652E-16));
#13302=CARTESIAN_POINT('',(0.000749999984409777,-0.00169000000004593,0.000714999978744239));
#13303=CARTESIAN_POINT('',(0.000749999984408778,-0.00169000000004593,5.99999999998928E-05));
#13304=CARTESIAN_POINT('',(0.000749999984407779,0.00494399996155573,5.99999999998947E-05));
#13305=CARTESIAN_POINT('',(0.000749999984408278,-0.0018100000000446,5.99999999998937E-05));
#13306=CARTESIAN_POINT('',(0.000749999984409777,-0.0018100000000446,0.000714999978744239));
#13307=CARTESIAN_POINT('',(0.000385000000009766,-0.00282024999997335,5.99999999999927E-05));
#13308=CARTESIAN_POINT('',(0.000385000000005769,-0.00146000000004593,5.99999999998648E-05));
#13309=CARTESIAN_POINT('',(0.000385000000005769,-0.00146000000004596,1.99999999999458E-05));
#13310=CARTESIAN_POINT('',(0.000385000000005769,-0.00169000000004593,5.99999999998648E-05));
#13311=CARTESIAN_POINT('',(0.000385000000005769,-0.00169000000004596,1.99999999999458E-05));
#13312=CARTESIAN_POINT('',(0.000385000000005769,-0.00169000000004602,1.99999999999197E-05));
#13313=CARTESIAN_POINT('',(0.000304545901298775,-0.00169000000004593,-1.81500000010723E-06));
#13314=CARTESIAN_POINT('',(0.156210000012842,-0.00169000000004593,5.99999999998928E-05));
#13315=CARTESIAN_POINT('',(0.156210000012842,-0.00169000000004593,-1.07278416835652E-16));
#13316=CARTESIAN_POINT('',(0.000384999984409773,-0.00169000000004596,-1.05326852925178E-16));
#13317=CARTESIAN_POINT('',(0.000384999984409773,-0.00169000000004593,0.000130000000000359));
#13318=CARTESIAN_POINT('',(0.000315717952106775,-0.00169000000004593,2.E-05));
#13319=CARTESIAN_POINT('',(0.156210000012842,-0.00169000000004593,2.E-05));
#13320=CARTESIAN_POINT('',(0.000375559984407775,-0.002513315000046,-1.05326852925178E-16));
#13321=CARTESIAN_POINT('',(0.156210000012842,-0.0018100000000446,-1.07278416835652E-16));
#13322=CARTESIAN_POINT('',(0.000384999984409773,-0.00181000000004507,-1.05326852925178E-16));
#13323=CARTESIAN_POINT('',(0.000384999984409773,-0.00181000000004602,-1.07278416835652E-16));
#13324=CARTESIAN_POINT('',(-0.000446565000009225,-0.0028278605320699,5.99999999999828E-05));
#13325=CARTESIAN_POINT('',(0.00045499998440876,0.00494399996155573,5.99999999998878E-05));
#13326=CARTESIAN_POINT('',(0.00045499998440876,-0.00181000000004535,5.99999999999068E-05));
#13327=CARTESIAN_POINT('',(0.156210000012842,-0.0018100000000446,5.99999999998928E-05));
#13328=CARTESIAN_POINT('',(0.000761172035216778,-0.0018100000000446,-1.81500000030022E-06));
#13329=CARTESIAN_POINT('',(0.156210000012842,-0.0018100000000446,5.99999999999207E-05));
#13330=CARTESIAN_POINT('',(0.000425000000009751,-0.00181000000004475,5.99999999999207E-05));
#13331=CARTESIAN_POINT('',(0.000385000000009766,-0.0018100000000446,5.99999999999608E-05));
#13332=CARTESIAN_POINT('',(0.000385000000009766,-0.00181000000004477,1.99999999999458E-05));
#13333=CARTESIAN_POINT('',(0.156210000012842,-0.0018100000000446,2.E-05));
#13334=CARTESIAN_POINT('',(0.000315717952106775,-0.00181000000004505,1.99999999999898E-05));
#13335=CARTESIAN_POINT('',(0.000384999984409773,-0.0018100000000446,0.000130000000000359));
#13336=CARTESIAN_POINT('',(0.000384999984408773,-0.00251542307696836,0.000130000000000584));
#13337=CARTESIAN_POINT('',(0.000315717952106775,-0.00181542307696857,2.E-05));
#13338=CARTESIAN_POINT('',(0.000384999984408773,-0.00251542307696836,0.000130000000000584));
#13339=CARTESIAN_POINT('',(0.000384999984409773,-0.00146000000004593,0.000130000000000319));
#13340=CARTESIAN_POINT('',(0.000315717952106775,-0.00146000000004593,1.99999999999977E-05));
#13341=CARTESIAN_POINT('',(0.000315717952106775,-0.0014654230769691,1.99999999999948E-05));
#13342=CARTESIAN_POINT('',(0.000304545901298775,-0.00146000000004593,-1.81500000010821E-06));
#13343=CARTESIAN_POINT('',(0.156210000012842,-0.00146000000004593,2.E-05));
#13344=CARTESIAN_POINT('',(0.156210000012842,-0.00146000000004593,5.99999999998928E-05));
#13345=CARTESIAN_POINT('',(-0.000446565000009225,-0.0028278605320699,5.99999999999828E-05));
#13346=CARTESIAN_POINT('',(0.00045499998440876,0.00494399996155573,5.99999999998878E-05));
#13347=CARTESIAN_POINT('',(-0.000404565000012236,-0.00294556499997356,2.E-05));
#13348=CARTESIAN_POINT('',(0.000385000000009766,-0.00204000000004602,1.99999999999197E-05));
#13349=CARTESIAN_POINT('',(0.000385000000009766,-0.00204000000004595,1.99999999999458E-05));
#13350=CARTESIAN_POINT('',(0.156210000012842,-0.00204000000004592,2.E-05));
#13351=CARTESIAN_POINT('',(0.000315717952106276,-0.00204000000004597,1.99999999999778E-05));
#13352=CARTESIAN_POINT('',(0.000315717952105777,-0.0021654230769691,1.99999999999937E-05));
#13353=CARTESIAN_POINT('',(0.000315717952106276,-0.00216000000004598,1.99999999999847E-05));
#13354=CARTESIAN_POINT('',(0.156210000012842,-0.00216000000004593,2.E-05));
#13355=CARTESIAN_POINT('',(0.000385000000009766,-0.00216000000004596,1.99999999999548E-05));
#13356=CARTESIAN_POINT('',(0.000385000000009766,-0.00239000000004602,1.99999999999207E-05));
#13357=CARTESIAN_POINT('',(0.000385000000009766,-0.00239000000004595,1.99999999999548E-05));
#13358=CARTESIAN_POINT('',(0.156210000012842,-0.00239000000004592,2.E-05));
#13359=CARTESIAN_POINT('',(0.000315717952106775,-0.00239000000004594,1.99999999999977E-05));
#13360=CARTESIAN_POINT('',(0.000315717952104777,-0.00251542307696836,1.99999999999967E-05));
#13361=CARTESIAN_POINT('',(0.000315717952106775,-0.00251000000004594,1.99999999999977E-05));
#13362=CARTESIAN_POINT('',(0.156210000012842,-0.00251000000004593,2.E-05));
#13363=CARTESIAN_POINT('',(0.000385000000009766,-0.00251000000004601,1.99999999999977E-05));
#13364=CARTESIAN_POINT('',(0.000385000000009766,-0.00280499999997435,1.99999999999207E-05));
#13365=CARTESIAN_POINT('',(0.000385000000009766,-0.00280499999997436,1.99999999999217E-05));
#13366=CARTESIAN_POINT('',(0.156210000012842,-0.00280499999997463,2.E-05));
#13367=CARTESIAN_POINT('',(-0.000385000000006241,-0.00280499999997461,1.99999999999797E-05));
#13368=CARTESIAN_POINT('',(-0.000385000000006241,-0.00251000000004612,1.99999999999797E-05));
#13369=CARTESIAN_POINT('',(-0.000385000000006241,-0.00251000000004604,1.99999999999908E-05));
#13370=CARTESIAN_POINT('',(0.156210000012842,-0.00251000000004601,2.E-05));
#13371=CARTESIAN_POINT('',(-0.000315717952099726,-0.00251000000004601,2.00000000000498E-05));
#13372=CARTESIAN_POINT('',(-0.000315717952100225,-0.00238457692312303,2.00000000000018E-05));
#13373=CARTESIAN_POINT('',(-0.000315717952099726,-0.00239000000004601,2.00000000000008E-05));
#13374=CARTESIAN_POINT('',(0.156210000012842,-0.002390000000046,2.E-05));
#13375=CARTESIAN_POINT('',(-0.000385000000006241,-0.00239000000004604,1.99999999999837E-05));
#13376=CARTESIAN_POINT('',(-0.000385000000006241,-0.00216000000004612,1.99999999999787E-05));
#13377=CARTESIAN_POINT('',(-0.000385000000006241,-0.00216000000004604,1.99999999999837E-05));
#13378=CARTESIAN_POINT('',(0.156210000012842,-0.00216000000004601,2.E-05));
#13379=CARTESIAN_POINT('',(-0.000315717952100225,-0.00216000000004602,2.00000000000008E-05));
#13380=CARTESIAN_POINT('',(-0.000315717952100225,-0.00203457692312303,2.00000000000018E-05));
#13381=CARTESIAN_POINT('',(-0.000315717952100225,-0.00204000000004601,2.00000000000008E-05));
#13382=CARTESIAN_POINT('',(0.156210000012842,-0.00204000000004601,2.E-05));
#13383=CARTESIAN_POINT('',(-0.000385000000006241,-0.00204000000004604,1.99999999999797E-05));
#13384=CARTESIAN_POINT('',(-0.000385000000006241,-0.00181000000004612,1.99999999999787E-05));
#13385=CARTESIAN_POINT('',(0.156210000012842,0.00180999999995407,2.E-05));
#13386=CARTESIAN_POINT('',(0.156210000012842,0.00110999999995407,2.E-05));
#13387=CARTESIAN_POINT('',(0.156210000012842,0.000289999999954072,2.E-05));
#13388=CARTESIAN_POINT('',(0.000385000000006769,0.000289999999954041,1.99999999999387E-05));
#13389=CARTESIAN_POINT('',(0.000385000000006769,5.99999999539823E-05,1.99999999999178E-05));
#13390=CARTESIAN_POINT('',(0.000385000000006769,5.99999999540421E-05,1.99999999999387E-05));
#13391=CARTESIAN_POINT('',(0.156210000012842,5.99999999540725E-05,2.E-05));
#13392=CARTESIAN_POINT('',(0.000385000000007768,-0.000290000000046008,1.99999999999178E-05));
#13393=CARTESIAN_POINT('',(0.000475722738990769,0.00281956499994337,0.000335722754580428));
#13394=CARTESIAN_POINT('',(0.000854999963153774,-0.00268500000003641,0.000714999978744239));
#13395=CARTESIAN_POINT('',(0.000474999987000763,-0.00268500000003641,0.000335000002591735));
#13396=CARTESIAN_POINT('',(0.00045499998440926,-0.00268500000003641,0.00031499999999975));
#13397=CARTESIAN_POINT('',(0.00045499998440876,0.00494399996155573,0.000314999999998851));
#13398=CARTESIAN_POINT('',(0.00045499998440876,0.00268499999994386,0.000314999999999419));
#13399=CARTESIAN_POINT('',(0.000854999963153774,0.00268499999994386,0.000714999978744239));
#13400=CARTESIAN_POINT('',(0.000474999987000763,0.00268499999994386,0.000335000002591569));
#13401=CARTESIAN_POINT('',(0.000474999984407754,0.00494399996155573,0.000334999999997806));
#13402=CARTESIAN_POINT('',(0.000454184984019779,0.00268499999994386,5.28099999999148E-05));
#13403=CARTESIAN_POINT('',(0.00045499998440876,0.00268499999994386,0.000714999978744239));
#13404=CARTESIAN_POINT('',(0.000474999984407754,0.00268499999994386,0.000714999978744239));
#13405=CARTESIAN_POINT('',(0.00045499998440876,-0.00281956500003592,0.000321689999999906));
#13406=CARTESIAN_POINT('',(0.00045499998440876,-0.00268500000003641,0.000714999978744239));
#13407=CARTESIAN_POINT('',(0.00045499998440926,-0.00268500000003641,5.99999999999188E-05));
#13408=CARTESIAN_POINT('',(0.00045499998440876,0.00494399996155573,5.99999999999188E-05));
#13409=CARTESIAN_POINT('',(0.000454999984408261,-0.00251000000004597,5.99999999999058E-05));
#13410=CARTESIAN_POINT('',(0.00045499998440876,0.00494399996155573,5.99999999998878E-05));
#13411=CARTESIAN_POINT('',(0.000454999984407761,-0.00239000000004601,5.99999999999058E-05));
#13412=CARTESIAN_POINT('',(0.00045499998440876,0.00494399996155573,5.99999999999188E-05));
#13413=CARTESIAN_POINT('',(0.000454999984407761,-0.00216000000004601,5.99999999999058E-05));
#13414=CARTESIAN_POINT('',(0.00045499998440876,0.00494399996155573,5.99999999998878E-05));
#13415=CARTESIAN_POINT('',(0.00045499998440876,-0.00204000000004592,5.99999999999058E-05));
#13416=CARTESIAN_POINT('',(0.00045499998440876,0.00494399996155573,5.99999999999188E-05));
#13417=CARTESIAN_POINT('',(0.00045499998440876,0.00494399996155573,5.99999999998878E-05));
#13418=CARTESIAN_POINT('',(0.00045499998440876,0.00494399996155573,5.99999999998878E-05));
#13419=CARTESIAN_POINT('',(0.00045499998440876,0.00494399996155573,5.99999999999188E-05));
#13420=CARTESIAN_POINT('',(0.00045499998440876,0.00494399996155573,5.99999999999188E-05));
#13421=CARTESIAN_POINT('',(0.00045499998440876,0.00494399996155573,5.99999999999188E-05));
#13422=CARTESIAN_POINT('',(0.00045499998440876,0.00494399996155573,5.99999999999188E-05));
#13423=CARTESIAN_POINT('',(-0.000446565000009225,-0.0028278605320699,5.99999999999828E-05));
#13424=CARTESIAN_POINT('',(0.156210000012842,5.99999999540725E-05,5.99999999998907E-05));
#13425=CARTESIAN_POINT('',(0.000304545901300774,5.99999999540725E-05,-1.81500000010929E-06));
#13426=CARTESIAN_POINT('',(0.000385000000006769,5.99999999540725E-05,5.99999999999428E-05));
#13427=CARTESIAN_POINT('',(0.000304545901299774,0.000289999999954072,-1.81500000011027E-06));
#13428=CARTESIAN_POINT('',(0.000385000000006769,0.000289999999954072,5.99999999999428E-05));
#13429=CARTESIAN_POINT('',(0.000304545901301773,0.00110999999995407,-1.81500000011125E-06));
#13430=CARTESIAN_POINT('',(0.156210000012842,0.00110999999995407,-1.10314182918611E-16));
#13431=CARTESIAN_POINT('',(-0.000446565000009225,-0.0028278605320699,5.99999999999828E-05));
#13432=CARTESIAN_POINT('',(0.156210000012842,-0.00216000000004593,5.99999999999207E-05));
#13433=CARTESIAN_POINT('',(0.000425000000009751,-0.00216000000004597,5.99999999999117E-05));
#13434=CARTESIAN_POINT('',(0.156210000012842,-0.00239000000004592,5.99999999999207E-05));
#13435=CARTESIAN_POINT('',(0.000425000000009751,-0.00239000000004597,5.99999999999117E-05));
#13436=CARTESIAN_POINT('',(0.000425000000009751,-0.00240362500004608,5.99999999999207E-05));
#13437=CARTESIAN_POINT('',(0.000474999984407754,-0.00289306500001915,5.23099999999117E-05));
#13438=CARTESIAN_POINT('',(0.000474999984407754,-0.00268500000003641,0.000714999978744239));
#13439=CARTESIAN_POINT('',(0.000474999989593272,-0.00268500000003641,5.99999999999178E-05));
#13440=CARTESIAN_POINT('',(0.000474999984413749,0.00275499999992763,0.000354999952348843));
#13441=CARTESIAN_POINT('',(0.000474999999963754,-0.00275500000002274,0.00035499997617438));
#13442=CARTESIAN_POINT('',(0.000474999984407754,-0.00275500001557759,0.000714999978744239));
#13443=CARTESIAN_POINT('',(0.000474999989593272,-0.00275500000520604,5.99999999999178E-05));
#13444=CARTESIAN_POINT('',(0.000474999984407754,0.00494399996155573,5.99999999999207E-05));
#13445=CARTESIAN_POINT('',(0.000271687499961759,-0.00272500000002054,0.00017999999999997));
#13446=CARTESIAN_POINT('',(0.000254999999963757,-0.00280500000002054,0.000179999999999934));
#13447=CARTESIAN_POINT('',(-0.000214999999961246,-0.0027250000000205,9.99999999999718E-05));
#13448=CARTESIAN_POINT('',(-0.000214999999961746,-0.0027250000000205,9.99999999999877E-05));
#13449=CARTESIAN_POINT('',(-0.000254999999954209,-0.0027942820323233,0.000139999999999984));
#13450=CARTESIAN_POINT('',(-0.000254999999954199,-0.00277832855276221,0.000112367762842647));
#13451=CARTESIAN_POINT('',(-0.000233025835845675,-0.00275049343722016,9.99999999999887E-05));
#13452=CARTESIAN_POINT('',(-0.000214999999954224,-0.00272500000002054,9.99999999999887E-05));
#13453=CARTESIAN_POINT('',(0.000210544811234281,-0.00319999963961927,8.01624427875617E-05));
#13454=CARTESIAN_POINT('',(0.000206678404345767,-0.00319999990369057,0.000100000000017859));
#13455=CARTESIAN_POINT('',(0.000206678404344768,-0.00320000057752568,0.000100000000017858));
#13456=CARTESIAN_POINT('',(0.000206678404345267,-0.00319999990369058,5.99999999830037E-05));
#13457=CARTESIAN_POINT('',(0.000325000000008763,-0.00320000340616597,0.000120000000000129));
#13458=CARTESIAN_POINT('',(0.000221076951510774,-0.00319999878817884,6.00000000757227E-05));
#13459=CARTESIAN_POINT('',(0.000206678404344768,-0.00319999990369057,5.99999999830068E-05));
#13460=CARTESIAN_POINT('',(-0.000454999984409232,-0.00281956500003585,5.33099999999628E-05));
#13461=CARTESIAN_POINT('',(-0.000454999984409232,-0.00268500000003634,0.000714999978744239));
#13462=CARTESIAN_POINT('',(-0.000454999984408733,-0.00268500000003634,5.99999999999868E-05));
#13463=CARTESIAN_POINT('',(-0.000454999984408233,-0.00268500000003634,0.000315000000001937));
#13464=CARTESIAN_POINT('',(-0.000454999984409232,0.00494399996155573,0.000315000000004479));
#13465=CARTESIAN_POINT('',(-0.000454999984409232,0.00494399996155573,5.99999999999858E-05));
#13466=CARTESIAN_POINT('',(-0.000454999984409232,-0.00204000000004601,5.99999999999958E-05));
#13467=CARTESIAN_POINT('',(-0.000454999984409232,0.00494399996155573,6.00000000000017E-05));
#13468=CARTESIAN_POINT('',(-0.000454999984409732,-0.00216000000004611,5.99999999999977E-05));
#13469=CARTESIAN_POINT('',(-0.000454999984409232,0.00494399996155573,5.99999999999858E-05));
#13470=CARTESIAN_POINT('',(-0.000454999984409732,-0.0023900000000461,5.99999999999967E-05));
#13471=CARTESIAN_POINT('',(-0.000454999984409232,0.00494399996155573,6.00000000000017E-05));
#13472=CARTESIAN_POINT('',(-0.000454999984409732,-0.00251000000004611,6.E-05));
#13473=CARTESIAN_POINT('',(-0.000454999984409232,0.00494399996155573,5.99999999999858E-05));
#13474=CARTESIAN_POINT('',(0.000304545901302772,0.00180999999995407,-1.81500000011222E-06));
#13475=CARTESIAN_POINT('',(0.156210000012842,0.00180999999995407,5.99999999999188E-05));
#13476=CARTESIAN_POINT('',(0.000335250000010778,-0.00287500000002022,0.000394999999999921));
#13477=CARTESIAN_POINT('',(0.000262530492305791,-0.00280500000002067,0.000394999999999929));
#13478=CARTESIAN_POINT('',(0.000262530493829793,-0.00280500000002061,0.000394999999999929));
#13479=CARTESIAN_POINT('',(-0.000315000000007226,-0.00287500000002033,0.000394999999999969));
#13480=CARTESIAN_POINT('',(-0.000315000000008226,-0.00287500000002033,0.000464999999999973));
#13481=CARTESIAN_POINT('',(0.000315000000010779,-0.00287500000002024,0.000464999999999926));
#13482=CARTESIAN_POINT('',(0.000315000000010779,-0.00287500000002039,0.000464999999999926));
#13483=CARTESIAN_POINT('',(0.000315000000010779,-0.00287500000002039,0.000394999999999928));
#13484=CARTESIAN_POINT('',(0.000315000000010779,-0.00283577794657043,0.000452979569877303));
#13485=CARTESIAN_POINT('',(0.000262530492305791,-0.00280500000002041,0.000394999999999929));
#13486=CARTESIAN_POINT('',(0.000265153849632771,-0.00280500000002041,0.000401720353343038));
#13487=CARTESIAN_POINT('',(0.000271796297809767,-0.00280697286145933,0.000414702482300508));
#13488=CARTESIAN_POINT('',(0.000288786407917768,-0.00281650569878768,0.000436283831377023));
#13489=CARTESIAN_POINT('',(0.000304347104050779,-0.00282774184120616,0.000447543306535701));
#13490=CARTESIAN_POINT('',(0.000315000000010779,-0.00283577797592425,0.000452979589734587));
#13491=CARTESIAN_POINT('',(-0.000446565000009225,-0.0028278605320699,5.99999999999828E-05));
#13492=CARTESIAN_POINT('',(0.156210000012842,-0.00251000000004601,5.99999999999887E-05));
#13493=CARTESIAN_POINT('',(-0.000425000000006226,-0.00251000000004606,5.99999999999787E-05));
#13494=CARTESIAN_POINT('',(-0.000425000000006226,-0.00249475000004791,5.99999999999887E-05));
#13495=CARTESIAN_POINT('',(-0.000425000000007225,-0.00280499999997508,5.99999999999847E-05));
#13496=CARTESIAN_POINT('',(0.156210000012842,-0.15944000001227,5.99999999999887E-05));
#13497=CARTESIAN_POINT('',(-0.000474999999961229,-0.00275500000002182,5.99999999999887E-05));
#13498=CARTESIAN_POINT('',(-0.000474999999961229,0.00494399996155573,5.99999999999887E-05));
#13499=CARTESIAN_POINT('',(-0.000474999999961728,-0.00268500000003634,5.99999999999877E-05));
#13500=CARTESIAN_POINT('',(0.156210000012842,-0.00268500000003634,5.99999999999887E-05));
#13501=CARTESIAN_POINT('',(0.000749999984407779,-0.0023866850000464,-1.81500000010419E-06));
#13502=CARTESIAN_POINT('',(0.000749999984407779,0.00494399996155573,-1.05326852925178E-16));
#13503=CARTESIAN_POINT('',(0.000749999984407779,-0.00251000000004641,-1.04242650752692E-16));
#13504=CARTESIAN_POINT('',(0.000749999984407779,-0.0023900000000464,-1.04242650752692E-16));
#13505=CARTESIAN_POINT('',(0.000749999984407779,-0.00239000000004592,0.000714999978744239));
#13506=CARTESIAN_POINT('',(0.000749999984407779,-0.00239000000004608,5.99999999998947E-05));
#13507=CARTESIAN_POINT('',(0.000749999984407779,0.00494399996155573,5.99999999998947E-05));
#13508=CARTESIAN_POINT('',(0.000749999984407779,-0.00251000000004609,5.99999999998947E-05));
#13509=CARTESIAN_POINT('',(0.000749999984407779,-0.00251000000004593,0.000714999978744239));
#13510=CARTESIAN_POINT('',(-0.000474999999961229,0.00289306499992657,0.000362689999999986));
#13511=CARTESIAN_POINT('',(-0.000474999999961229,0.00494399996155573,0.000335000015555871));
#13512=CARTESIAN_POINT('',(-0.000474999997368719,-0.00268500000003634,0.000335000007778058));
#13513=CARTESIAN_POINT('',(-0.000474999999961229,-0.00268500000003634,0.000714999978744239));
#13514=CARTESIAN_POINT('',(-0.000474999999961229,-0.00275500000002177,0.000714999978744239));
#13515=CARTESIAN_POINT('',(-0.000425000000008224,-0.00340232054716736,0.000354999999999982));
#13516=CARTESIAN_POINT('',(-0.000425000000008224,-0.00340515685122348,0.000356629535935815));
#13517=CARTESIAN_POINT('',(-0.00042467821104622,-0.00341083356501253,0.000359891793391831));
#13518=CARTESIAN_POINT('',(-0.000422758074647228,-0.00342206128653651,0.000366347286026841));
#13519=CARTESIAN_POINT('',(-0.000417983526484228,-0.00343571044427912,0.000374200980989467));
#13520=CARTESIAN_POINT('',(-0.000408683169161206,-0.00345078543985441,0.000382884540325976));
#13521=CARTESIAN_POINT('',(-0.000396166594654246,-0.00346399784943701,0.00039050505516246));
#13522=CARTESIAN_POINT('',(-0.000380914136186239,-0.00347483548987126,0.00039676675566499));
#13523=CARTESIAN_POINT('',(-0.000363516606900233,-0.00348288276765311,0.000401429141064836));
#13524=CARTESIAN_POINT('',(-0.000347770466585212,-0.00348700790094318,0.000403833302428667));
#13525=CARTESIAN_POINT('',(-0.000336436381905225,-0.00348845428056986,0.000404688142540562));
#13526=CARTESIAN_POINT('',(-0.00032990858708723,-0.00348886598470579,0.000404938185820411));
#13527=CARTESIAN_POINT('',(-0.000326635928520224,-0.00348893273208477,0.000404983224475275));
#13528=CARTESIAN_POINT('',(-0.000324999896230222,-0.00348893129177738,0.000404985719952655));
#13529=CARTESIAN_POINT('',(-0.000425000000008224,-0.0034031923304228,0.00035349002710837));
#13530=CARTESIAN_POINT('',(-0.000425000000008224,-0.00340616660784796,0.000354870395769396));
#13531=CARTESIAN_POINT('',(-0.000424678453440241,-0.00341212729659148,0.0003576457217595));
#13532=CARTESIAN_POINT('',(-0.000422759748853252,-0.00342390933145965,0.000363124827848784));
#13533=CARTESIAN_POINT('',(-0.000417987572944229,-0.00343823935025285,0.000369795982332606));
#13534=CARTESIAN_POINT('',(-0.000408688619531223,-0.00345407019576422,0.00037717100583641));
#13535=CARTESIAN_POINT('',(-0.000396171752926222,-0.0034679483161857,0.000383643062688192));
#13536=CARTESIAN_POINT('',(-0.000380917839462231,-0.00347933413193568,0.000388959748815988));
#13537=CARTESIAN_POINT('',(-0.000363518473171232,-0.00348779070603228,0.000392916801161533));
#13538=CARTESIAN_POINT('',(-0.000347771104105221,-0.0034921284307575,0.000394955756299192));
#13539=CARTESIAN_POINT('',(-0.000336436552535235,-0.00349365184719742,0.000395679192793457));
#13540=CARTESIAN_POINT('',(-0.000329908613868224,-0.00349408724498179,0.000395890722205386));
#13541=CARTESIAN_POINT('',(-0.000326635934700226,-0.00349415851790648,0.000395927394062714));
#13542=CARTESIAN_POINT('',(-0.000324999896230222,-0.0034941580374774,0.000395929857447338));
#13543=CARTESIAN_POINT('',(-0.000425000000008224,-0.00340454590677323,0.000350220320137115));
#13544=CARTESIAN_POINT('',(-0.000425000000008224,-0.00340781942667753,0.00035109708497093));
#13545=CARTESIAN_POINT('',(-0.000424677954476233,-0.0034141068874218,0.000352780671549113));
#13546=CARTESIAN_POINT('',(-0.000422756301798249,-0.00342681909711049,0.000356183961243564));
#13547=CARTESIAN_POINT('',(-0.000417979247675226,-0.00344217987335168,0.000360294507438995));
#13548=CARTESIAN_POINT('',(-0.000408677432201215,-0.00345918611590285,0.000364842585178632));
#13549=CARTESIAN_POINT('',(-0.000396161212272233,-0.00347408648762181,0.000368824506064758));
#13550=CARTESIAN_POINT('',(-0.000380910344425223,-0.0034863181054208,0.000372089965167947));
#13551=CARTESIAN_POINT('',(-0.000363514800958226,-0.0034954083530896,0.000374512936728596));
#13552=CARTESIAN_POINT('',(-0.000347769972669221,-0.00350007734200211,0.000375753103767599));
#13553=CARTESIAN_POINT('',(-0.000336436378301247,-0.00350172174875241,0.000376186481894031));
#13554=CARTESIAN_POINT('',(-0.000329908721319244,-0.00350219376452333,0.000376308626479326));
#13555=CARTESIAN_POINT('',(-0.000326636088611221,-0.00350227317262272,0.000376328305559746));
#13556=CARTESIAN_POINT('',(-0.000325000051896229,-0.00350227341283893,0.000376327073459836));
#13557=CARTESIAN_POINT('',(-0.000425000000008224,-0.00340500000004214,0.000346737126402696));
#13558=CARTESIAN_POINT('',(-0.000425000000008224,-0.00340826700093258,0.000347023157663725));
#13559=CARTESIAN_POINT('',(-0.000424678483777224,-0.00341481641758889,0.00034758904809338));
#13560=CARTESIAN_POINT('',(-0.000422759961800217,-0.0034277619409163,0.000348715308240681));
#13561=CARTESIAN_POINT('',(-0.000417988091179239,-0.00344350974108457,0.000350082397438462));
#13562=CARTESIAN_POINT('',(-0.000408689325120226,-0.00346090909643435,0.000351593664833711));
#13563=CARTESIAN_POINT('',(-0.000396172436064213,-0.00347616473776771,0.000352918388583365));
#13564=CARTESIAN_POINT('',(-0.000380918358357213,-0.00348868329837939,0.000354005544048831));
#13565=CARTESIAN_POINT('',(-0.000363518781979238,-0.00349798433059994,0.000354813333432729));
#13566=CARTESIAN_POINT('',(-0.000347771275863218,-0.00350275855184016,0.000355228034570443));
#13567=CARTESIAN_POINT('',(-0.00033643667158223,-0.00350443825734435,0.000355373954474494));
#13568=CARTESIAN_POINT('',(-0.00032990872146324,-0.0035049197024884,0.000355415782170344));
#13569=CARTESIAN_POINT('',(-0.000326636034114231,-0.00350500000004213,0.000355422757618108));
#13570=CARTESIAN_POINT('',(-0.000325000000008235,-0.00350500000004213,0.000355422758416258));
#13571=CARTESIAN_POINT('',(-0.000425000000008224,-0.00340500000004214,0.000344999999999985));
#13572=CARTESIAN_POINT('',(-0.000425000000008224,-0.00340827108560755,0.000344999999999985));
#13573=CARTESIAN_POINT('',(-0.000424678211603219,-0.00341481840362005,0.000344999999999984));
#13574=CARTESIAN_POINT('',(-0.000422758078937241,-0.003427769658634,0.000344999999999986));
#13575=CARTESIAN_POINT('',(-0.000417983540907246,-0.00344351703516226,0.000344999999999986));
#13576=CARTESIAN_POINT('',(-0.000408683204258215,-0.00346091414758191,0.00034499999999999));
#13577=CARTESIAN_POINT('',(-0.000396166656203234,-0.00347616668519457,0.000344999999999992));
#13578=CARTESIAN_POINT('',(-0.00038091422501721,-0.00348868320349165,0.000344999999999996));
#13579=CARTESIAN_POINT('',(-0.000363516717277218,-0.00349798354009871,0.000345));
#13580=CARTESIAN_POINT('',(-0.000347770584181229,-0.00350275808948364,0.000345));
#13581=CARTESIAN_POINT('',(-0.000336436495863235,-0.0035044381096904,0.000345));
#13582=CARTESIAN_POINT('',(-0.000329908696303227,-0.00350491967648219,0.000345));
#13583=CARTESIAN_POINT('',(-0.000326636034114231,-0.00350500000004212,0.000345));
#13584=CARTESIAN_POINT('',(-0.000325000000007236,-0.00350500000004212,0.000345));
#13585=CARTESIAN_POINT('',(-0.000325000254422226,-0.00340222781310084,0.000355160990446981));
#13586=CARTESIAN_POINT('',(-0.000324999896230222,-0.00348893129177738,0.000404985719952655));
#13587=CARTESIAN_POINT('',(-0.000425000000008224,-0.00340232054716736,0.000354999999999982));
#13588=CARTESIAN_POINT('',(-0.000425000000008224,-0.00338471347026051,0.000344923293331121));
#13589=CARTESIAN_POINT('',(-0.000425000000008224,-0.00340500000004215,0.000344999999999984));
#13590=CARTESIAN_POINT('',(-0.000325000000008235,-0.00340500000004204,0.000344999999999987));
#13591=CARTESIAN_POINT('',(-0.000325000000008235,-0.00350500000004203,0.000345));
#13592=CARTESIAN_POINT('',(-0.000324998749197753,-0.00338495390899774,0.000344987653333634));
#13593=CARTESIAN_POINT('',(-0.000105314991804245,-0.00358500000005034,6.18150000000137E-05));
#13594=CARTESIAN_POINT('',(0.156210000012842,-0.00358500000005034,6.00000000000138E-05));
#13595=CARTESIAN_POINT('',(9.9999991241273E-05,-0.00358500000005036,6.00000000000138E-05));
#13596=CARTESIAN_POINT('',(-9.99999922182415E-05,-0.00358500000005034,6.00000000000088E-05));
#13597=CARTESIAN_POINT('',(-9.99999922182415E-05,-0.00358500000005034,0.000714999978744239));
#13598=CARTESIAN_POINT('',(-9.99999922182415E-05,-0.00358500000005034,1.27427636584937E-17));
#13599=CARTESIAN_POINT('',(0.156210000012842,-0.00358500000005034,1.27427636584937E-17));
#13600=CARTESIAN_POINT('',(9.99999912417726E-05,-0.00358500000005036,1.27427636584937E-17));
#13601=CARTESIAN_POINT('',(9.99999912417726E-05,-0.00358500000005034,0.000714999978744239));
#13602=CARTESIAN_POINT('',(-0.000446565000009225,-0.0028278605320699,5.99999999999828E-05));
#13603=CARTESIAN_POINT('',(0.156210000012842,-0.00251000000004601,6.00000000000098E-05));
#13604=CARTESIAN_POINT('',(-0.000749999984402727,-0.00251000000004601,6.00000000000098E-05));
#13605=CARTESIAN_POINT('',(0.156210000012842,-0.002390000000046,6.00000000000098E-05));
#13606=CARTESIAN_POINT('',(-0.000749999984402727,-0.002390000000046,6.00000000000098E-05));
#13607=CARTESIAN_POINT('',(-0.000749999984403227,0.00494399996155573,6.00000000000088E-05));
#13608=CARTESIAN_POINT('',(0.000304545901297776,-0.00216000000004593,-1.81500000010625E-06));
#13609=CARTESIAN_POINT('',(0.000385000000009766,-0.00216000000004593,5.99999999999448E-05));
#13610=CARTESIAN_POINT('',(0.000384999984408773,-0.00216000000004593,0.00013000000000005));
#13611=CARTESIAN_POINT('',(0.000384999984408773,-0.00216000000004596,-1.02291086842218E-16));
#13612=CARTESIAN_POINT('',(0.156210000012842,-0.00216000000004593,-1.05326852925178E-16));
#13613=CARTESIAN_POINT('',(0.000749999984408278,-0.00216000000004593,-1.05326852925178E-16));
#13614=CARTESIAN_POINT('',(0.000749999984408778,-0.00216000000004593,0.000714999978744239));
#13615=CARTESIAN_POINT('',(0.000749999984408278,-0.00216000000004593,5.99999999998947E-05));
#13616=CARTESIAN_POINT('',(0.156210000012842,-0.00216000000004593,5.99999999998947E-05));
#13617=CARTESIAN_POINT('',(-0.000315000000008226,-0.00273595334997862,0.00035500000000002));
#13618=CARTESIAN_POINT('',(-0.000315000000008226,-0.00287500000002033,0.000464999999999973));
#13619=CARTESIAN_POINT('',(-0.000315000000008226,-0.00338500000004213,0.000464999999999973));
#13620=CARTESIAN_POINT('',(-0.000315000000008226,-0.00287500000002033,0.000355000000000327));
#13621=CARTESIAN_POINT('',(-0.000340000000850216,-0.00275499999994518,0.000462121426292924));
#13622=CARTESIAN_POINT('',(-0.000345811853351224,-0.00275764175107805,0.000460765056076614));
#13623=CARTESIAN_POINT('',(-0.000357198434233236,-0.00276301192867559,0.000457107899683537));
#13624=CARTESIAN_POINT('',(-0.00037316080860425,-0.00277115812335954,0.000448938310474058));
#13625=CARTESIAN_POINT('',(-0.000387607888609226,-0.00277921130527193,0.000438281182105473));
#13626=CARTESIAN_POINT('',(-0.00040024141450723,-0.00278692395051207,0.000425318281499007));
#13627=CARTESIAN_POINT('',(-0.000410708446710234,-0.00279401839268375,0.000410245102661202));
#13628=CARTESIAN_POINT('',(-0.000418727890994202,-0.00279991437211264,0.000393235269726198));
#13629=CARTESIAN_POINT('',(-0.000423839180068247,-0.00280399173968739,0.000374570010686536));
#13630=CARTESIAN_POINT('',(-0.000425000000008224,-0.00280499999997451,0.000361508111711748));
#13631=CARTESIAN_POINT('',(-0.000425000000008224,-0.00280499999997451,0.000355000006757915));
#13632=CARTESIAN_POINT('',(-0.000425000000008224,-0.00280499999997407,0.000355000001689464));
#13633=CARTESIAN_POINT('',(-0.000425000000008224,-0.00280499999997391,0.000354999999999982));
#13634=CARTESIAN_POINT('',(-0.00042500000000815,-0.00340232054716736,0.000354999999999982));
#13635=CARTESIAN_POINT('',(-0.000425000000008169,-0.00339932517696691,0.000412080140248698));
#13636=CARTESIAN_POINT('',(-0.000373111590336088,-0.00339355166163189,0.0004650000000871));
#13637=CARTESIAN_POINT('',(-0.000314999999843246,-0.00338500000116233,0.000464999999999944));
#13638=CARTESIAN_POINT('',(0.000325000000008763,-0.00321062490369898,0.000120000000000129));
#13639=CARTESIAN_POINT('',(0.000206678404343768,-0.00321062490369898,0.000100000000017859));
#13640=CARTESIAN_POINT('',(0.000206678404345267,-0.00287999990369748,0.000100000000011669));
#13641=CARTESIAN_POINT('',(0.000325000000008763,-0.00287999990369748,0.000120000000000129));
#13642=CARTESIAN_POINT('',(0.000221076951553767,-0.00287999990369748,6.00000000013378E-05));
#13643=CARTESIAN_POINT('',(0.000325000000008763,-0.00287999990369749,0.000120000000000129));
#13644=CARTESIAN_POINT('',(0.000325000000008763,-0.00287999990369751,1.37185456137306E-17));
#13645=CARTESIAN_POINT('',(0.000325000000008763,-0.00319999990369901,1.675431169669E-17));
#13646=CARTESIAN_POINT('',(0.000325000000008763,-0.00319999990369905,1.37185456137306E-17));
#13647=CARTESIAN_POINT('',(0.000325000000008763,-0.00319999990369907,0.000120000000000129));
#13648=CARTESIAN_POINT('',(-0.000446565000009225,-0.0028278605320699,5.99999999999828E-05));
#13649=CARTESIAN_POINT('',(0.000446565000010779,-0.00285796837967964,0.000100972738654602));
#13650=CARTESIAN_POINT('',(0.156210000012842,-0.0028569956410429,0.000100000000017858));
#13651=CARTESIAN_POINT('',(-0.000206678404342741,-0.0028569956410429,0.000100000000017859));
#13652=CARTESIAN_POINT('',(0.000206678404345767,-0.00285699564104289,0.000100000000017858));
#13653=CARTESIAN_POINT('',(-0.000206678404342242,-0.00347199561976926,0.000714999978744239));
#13654=CARTESIAN_POINT('',(-0.000206678404342242,-0.0028369956410429,8.00000000178907E-05));
#13655=CARTESIAN_POINT('',(0.156210000012842,-0.00283699564104295,8.00000000179058E-05));
#13656=CARTESIAN_POINT('',(-0.000425000000008224,-0.00283699564104289,8.00000000178897E-05));
#13657=CARTESIAN_POINT('',(-0.000425000000008224,-0.00347199561976926,0.000714999978744239));
#13658=CARTESIAN_POINT('',(-0.000425000000008224,-0.00282699564104285,7.00000000178556E-05));
#13659=CARTESIAN_POINT('',(0.156210000012842,-0.00282699564104283,7.00000000177846E-05));
#13660=CARTESIAN_POINT('',(0.000425000000010778,-0.00282699564104285,7.00000000178357E-05));
#13661=CARTESIAN_POINT('',(0.000425000000010778,-0.00347199561976926,0.000714999978744239));
#13662=CARTESIAN_POINT('',(0.000425000000010778,-0.00283699564104291,8.00000000178707E-05));
#13663=CARTESIAN_POINT('',(0.156210000012842,-0.00283699564104292,8.00000000178757E-05));
#13664=CARTESIAN_POINT('',(0.000206678404345767,-0.0028369956410429,8.00000000178697E-05));
#13665=CARTESIAN_POINT('',(0.000206678404345767,-0.00347199561976926,0.000714999978744239));
#13666=CARTESIAN_POINT('',(-0.000446565000009225,-0.0028278605320699,5.99999999999828E-05));
#13667=CARTESIAN_POINT('',(0.156210000012842,-0.002390000000046,5.99999999999877E-05));
#13668=CARTESIAN_POINT('',(-0.000425000000006226,-0.00239000000004605,5.99999999999778E-05));
#13669=CARTESIAN_POINT('',(0.156210000012842,-0.00216000000004601,5.99999999999877E-05));
#13670=CARTESIAN_POINT('',(-0.000425000000006226,-0.00216000000004606,5.99999999999778E-05));
#13671=CARTESIAN_POINT('',(-0.000425000000006226,-0.00214637500004611,5.99999999999877E-05));
#13672=CARTESIAN_POINT('',(-0.000749999984402228,-0.0025133150000466,-1.81499999999025E-06));
#13673=CARTESIAN_POINT('',(-0.000749999984403227,0.00494399996155573,-4.82978186524402E-17));
#13674=CARTESIAN_POINT('',(-0.000749999984402727,-0.002390000000046,-4.82978186524402E-17));
#13675=CARTESIAN_POINT('',(-0.000749999984402727,-0.00251000000004601,-4.82978186524402E-17));
#13676=CARTESIAN_POINT('',(-0.000749999984402228,-0.00251000000004601,0.000714999978744239));
#13677=CARTESIAN_POINT('',(-0.000749999984402228,-0.002390000000046,0.000714999978744239));
#13678=CARTESIAN_POINT('',(9.66849922187651E-05,-0.00344500000004208,5.79350000182798E-05));
#13679=CARTESIAN_POINT('',(0.000427499981582785,-0.00344500000004208,0.000714999978744239));
#13680=CARTESIAN_POINT('',(9.99999922192685E-05,-0.00344500000004208,6.00000000178467E-05));
#13681=CARTESIAN_POINT('',(0.000134999992209783,-0.00344500000004208,0.000129999999999989));
#13682=CARTESIAN_POINT('',(0.156210000012842,-0.00344500000004208,6.00000000178498E-05));
#13683=CARTESIAN_POINT('',(0.000219999992218778,-0.00344500000004208,6.00000000178377E-05));
#13684=CARTESIAN_POINT('',(-0.000107499997144239,-0.00344500000004208,0.000714999978744239));
#13685=CARTESIAN_POINT('',(0.000184999992227764,-0.00344500000004207,0.000129999999999989));
#13686=CARTESIAN_POINT('',(0.156210000012842,-0.00344500000004208,0.000129999999999949));
#13687=CARTESIAN_POINT('',(-0.000446565000006227,-0.00280499999997463,1.86849999999847E-05));
#13688=CARTESIAN_POINT('',(0.00036499998441275,-0.00280500000002054,0.000354999952348813));
#13689=CARTESIAN_POINT('',(-0.000331065000008235,-0.00339806500004267,0.000464999999999974));
#13690=CARTESIAN_POINT('',(0.000315000000010779,-0.00338500000004219,0.000464999999999924));
#13691=CARTESIAN_POINT('',(0.000315000000010779,-0.00338500000004218,0.000464999999999926));
#13692=CARTESIAN_POINT('',(0.000315000000010779,-0.00287500000002039,0.000464999999999926));
#13693=CARTESIAN_POINT('',(0.000385000000009766,-0.00282024999997335,5.99999999999927E-05));
#13694=CARTESIAN_POINT('',(0.000385000000009766,-0.00239000000004592,5.99999999999448E-05));
#13695=CARTESIAN_POINT('',(-0.000446565000009225,-0.0028278605320699,5.99999999999828E-05));
#13696=CARTESIAN_POINT('',(0.156210000012842,-0.00239000000004592,5.99999999998947E-05));
#13697=CARTESIAN_POINT('',(0.156210000012842,-0.00251000000004593,5.99999999998947E-05));
#13698=CARTESIAN_POINT('',(-0.000210544811262731,-0.00319999963961922,8.01624426136667E-05));
#13699=CARTESIAN_POINT('',(-0.000206678404343241,-0.00319999990369053,0.000100000000017891));
#13700=CARTESIAN_POINT('',(-0.000206678404343241,-0.00319999984013663,0.000100000000017532));
#13701=CARTESIAN_POINT('',(-0.000206678404343241,-0.00319999990369053,5.99999999830678E-05));
#13702=CARTESIAN_POINT('',(-0.000206678404342242,-0.00319999990369053,5.99999999830378E-05));
#13703=CARTESIAN_POINT('',(-0.000221076951559734,-0.00319999990369511,5.99999999902787E-05));
#13704=CARTESIAN_POINT('',(-0.000325000000008235,-0.00319999990369053,0.000120000000000019));
#13705=CARTESIAN_POINT('',(0.000425000000010778,-0.00340228844095808,0.000355055609585753));
#13706=CARTESIAN_POINT('',(0.000425000000010778,-0.00340404271556495,0.000352017116836198));
#13707=CARTESIAN_POINT('',(0.000425000000010778,-0.00340500000004223,0.00034849556573046));
#13708=CARTESIAN_POINT('',(0.000425000000010778,-0.00340500000004221,0.000344999999999921));
#13709=CARTESIAN_POINT('',(0.000425000000010778,-0.00344782080646123,0.000381409752284757));
#13710=CARTESIAN_POINT('',(0.000425000000010778,-0.00345404017395266,0.000370307710506905));
#13711=CARTESIAN_POINT('',(0.000425000000010778,-0.00345747415175732,0.000357752042752149));
#13712=CARTESIAN_POINT('',(0.000425000000010778,-0.00345760633905757,0.000344999999999921));
#13713=CARTESIAN_POINT('',(0.00037666488456468,-0.00348878540059736,0.000405240387960434));
#13714=CARTESIAN_POINT('',(0.000376665277283837,-0.00349924209482922,0.000387019469366255));
#13715=CARTESIAN_POINT('',(0.000376665052878133,-0.00350500000004218,0.00036597334366109));
#13716=CARTESIAN_POINT('',(0.000376665052878133,-0.00350500000004218,0.000344999999999917));
#13717=CARTESIAN_POINT('',(0.000324058616509645,-0.00348873795112427,0.000405320667516895));
#13718=CARTESIAN_POINT('',(0.00032405860935473,-0.00349925675383753,0.000387097672375716));
#13719=CARTESIAN_POINT('',(0.000324058719111893,-0.00350500000004218,0.000365973395307278));
#13720=CARTESIAN_POINT('',(0.000324058719111893,-0.00350500000004218,0.000344999999999951));
#13721=CARTESIAN_POINT('',(0.000325000254424779,-0.0034022278131009,0.000355160990446933));
#13722=CARTESIAN_POINT('',(0.000324999896232775,-0.00348893129177744,0.000404985719952606));
#13723=CARTESIAN_POINT('',(0.000425000000010778,-0.00340232054716743,0.000354999999999918));
#13724=CARTESIAN_POINT('',(0.000324998749215766,-0.00338495390899752,0.000344987653333507));
#13725=CARTESIAN_POINT('',(0.000325000000010789,-0.00350500000004208,0.000344999999999949));
#13726=CARTESIAN_POINT('',(0.000325000000010789,-0.00340500000004223,0.000344999999999938));
#13727=CARTESIAN_POINT('',(0.000425000000010778,-0.00340500000004209,0.000344999999999942));
#13728=CARTESIAN_POINT('',(0.000425000000010778,-0.00338471347026071,0.000344923293331093));
#13729=CARTESIAN_POINT('',(-0.000325000000008235,-0.00286937490369815,0.000120000000000019));
#13730=CARTESIAN_POINT('',(-0.000206678404343241,-0.00286937490369815,0.000100000000017856));
#13731=CARTESIAN_POINT('',(-0.000206678404342242,-0.00287999990369821,0.000100000000020569));
#13732=CARTESIAN_POINT('',(-0.000325000000008235,-0.00319999990369968,0.000120000000000019));
#13733=CARTESIAN_POINT('',(-0.000325000000008235,-0.00319999990369967,-2.72642965062214E-17));
#13734=CARTESIAN_POINT('',(-0.000325000000008235,-0.00319999990369965,-1.13265245706845E-17));
#13735=CARTESIAN_POINT('',(-0.000325000000008235,-0.00287999990369819,-2.72642965062214E-17));
#13736=CARTESIAN_POINT('',(-0.000325000000008235,-0.0028799999036982,0.000120000000000019));
#13737=CARTESIAN_POINT('',(-0.000221076951554211,-0.0028799999036982,5.99999999998518E-05));
#13738=CARTESIAN_POINT('',(-0.000325000000008235,-0.00287999990369821,0.000120000000000019));
#13739=CARTESIAN_POINT('',(0.000364999999964754,-0.00275203371306488,0.000354999999999903));
#13740=CARTESIAN_POINT('',(0.000424999999964759,-0.00280500000002012,0.000354999999999918));
#13741=CARTESIAN_POINT('',(0.000425000000004755,-0.00280499999999167,0.000355000001689384));
#13742=CARTESIAN_POINT('',(0.000364999999964754,-0.00275500000002014,0.000354999999999903));
#13743=CARTESIAN_POINT('',(0.000340000049344258,-0.00275500003419416,0.000462121408928628));
#13744=CARTESIAN_POINT('',(0.000340000001356755,-0.00275499999993369,0.000462121426422484));
#13745=CARTESIAN_POINT('',(0.000345811824715769,-0.00275764173782001,0.00046076506300743));
#13746=CARTESIAN_POINT('',(0.000357196449923769,-0.00276301447216907,0.000457106111278253));
#13747=CARTESIAN_POINT('',(0.000373161387266785,-0.00277115757066609,0.000448938897275281));
#13748=CARTESIAN_POINT('',(0.000387607623499764,-0.00277921100771264,0.000438280583264012));
#13749=CARTESIAN_POINT('',(0.000400238871608783,-0.00278692967570509,0.000425319275024909));
#13750=CARTESIAN_POINT('',(0.000410718837920765,-0.00279399576313427,0.000410241782935395));
#13751=CARTESIAN_POINT('',(0.000418726335999764,-0.00279991627477407,0.000393235639765884));
#13752=CARTESIAN_POINT('',(0.00042383519459177,-0.0028040069434572,0.000374571302667206));
#13753=CARTESIAN_POINT('',(0.000425000000010778,-0.00280499999997456,0.000361508254436154));
#13754=CARTESIAN_POINT('',(0.000425000000010778,-0.00280499999997456,0.00035500000675778));
#13755=CARTESIAN_POINT('',(0.000375559984407775,-0.002513315000046,-1.05326852925178E-16));
#13756=CARTESIAN_POINT('',(0.156210000012842,-0.00251000000004593,-1.05326852925178E-16));
#13757=CARTESIAN_POINT('',(0.000384999984407774,-0.00251000000004601,-1.05326852925178E-16));
#13758=CARTESIAN_POINT('',(0.000384999984407774,-0.00251000000004601,-1.05326852925178E-16));
#13759=CARTESIAN_POINT('',(0.000384999984407774,-0.00239000000004601,-1.05326852925178E-16));
#13760=CARTESIAN_POINT('',(0.156210000012842,-0.00239000000004592,-1.05326852925178E-16));
#13761=CARTESIAN_POINT('',(0.000430773039901772,-0.00322064077599099,0.000101281744583901));
#13762=CARTESIAN_POINT('',(0.156210000012842,-0.00321999990370787,0.000100000000017858));
#13763=CARTESIAN_POINT('',(-0.000206678404343241,-0.00321999990370789,0.000100000000017878));
#13764=CARTESIAN_POINT('',(-0.000425000000008224,-0.00321999990370789,0.00010000000001788));
#13765=CARTESIAN_POINT('',(-0.000425000000008224,-0.0035274998930703,0.000714999978744239));
#13766=CARTESIAN_POINT('',(-0.000425000000008224,-0.00319999990369968,6.00000000013908E-05));
#13767=CARTESIAN_POINT('',(0.156210000012842,-0.00319999990369968,6.00000000013828E-05));
#13768=CARTESIAN_POINT('',(-0.000206678404343241,-0.0035274998930703,0.000714999978744239));
#13769=CARTESIAN_POINT('',(-0.000446565000009225,-0.0028278605320699,5.99999999999828E-05));
#13770=CARTESIAN_POINT('',(-0.000226064999964248,0.0028615649999268,9.99999999999728E-05));
#13771=CARTESIAN_POINT('',(-0.000214999999962246,0.00272499999992808,0.000100000000000005));
#13772=CARTESIAN_POINT('',(0.000430413076219771,-0.00319999990369907,-1.8150000000012E-06));
#13773=CARTESIAN_POINT('',(0.156210000012842,-0.00319999990369907,2.07658597348864E-17));
#13774=CARTESIAN_POINT('',(0.00042500000001025,-0.00319999990369907,2.07658597348864E-17));
#13775=CARTESIAN_POINT('',(0.000425000000010778,-0.00319999990369907,0.000714999978744239));
#13776=CARTESIAN_POINT('',(0.000425000000008751,-0.00319999990369906,5.99999999999158E-05));
#13777=CARTESIAN_POINT('',(0.156210000012842,-0.00319999990369907,5.99999999999548E-05));
#13778=CARTESIAN_POINT('',(0.000375559984407775,-0.002513315000046,-1.05326852925178E-16));
#13779=CARTESIAN_POINT('',(0.00036499998441275,-0.00302188855008988,0.000354999952348813));
#13780=CARTESIAN_POINT('',(0.000315000035295776,-0.00283577794383426,0.000452979568026396));
#13781=CARTESIAN_POINT('',(0.000327209154323996,-0.00284498801705425,0.000459209999998929));
#13782=CARTESIAN_POINT('',(0.000340000094300842,-0.00285835165988878,0.000462121404422604));
#13783=CARTESIAN_POINT('',(0.000340000094300768,-0.00287500000002039,0.000462121404422587));
#13784=CARTESIAN_POINT('',(0.000340000094300768,-0.00287500000002043,0.000462121404422593));
#13785=CARTESIAN_POINT('',(0.000340000094300768,-0.00273595334997863,0.000462121404422601));
#13786=CARTESIAN_POINT('',(0.000206678404345767,-0.00288139001026273,5.86849999994758E-05));
#13787=CARTESIAN_POINT('',(0.000206678404345767,-0.00352749989307038,0.000714999978744239));
#13788=CARTESIAN_POINT('',(0.000206678404345767,-0.00321999990370796,0.000100000000017861));
#13789=CARTESIAN_POINT('',(0.000206678404345767,0.00494399996155573,0.000100000000017858));
#13790=CARTESIAN_POINT('',(-0.000214999999954224,-0.00294187113393707,0.000139999999999998));
#13791=CARTESIAN_POINT('',(0.000385000000009766,-0.00282024999997335,5.99999999999927E-05));
#13792=CARTESIAN_POINT('',(0.000385000000009766,-0.00251000000004593,5.99999999999927E-05));
#13793=CARTESIAN_POINT('',(0.000425000000009751,-0.00251000000004597,5.99999999999117E-05));
#13794=CARTESIAN_POINT('',(0.000425000000009751,-0.00282024999997335,5.99999999999207E-05));
#13795=CARTESIAN_POINT('',(0.00042500000001025,-0.00280499999997479,5.99999999999418E-05));
#13796=CARTESIAN_POINT('',(0.000385000000009766,-0.00280499999997463,5.99999999999927E-05));
#13797=CARTESIAN_POINT('',(-0.000385000000006241,-0.00249475000004791,5.99999999999368E-05));
#13798=CARTESIAN_POINT('',(-0.000385000000006241,-0.002390000000046,5.99999999998897E-05));
#13799=CARTESIAN_POINT('',(-0.000385000000006241,-0.00216000000004601,5.99999999998897E-05));
#13800=CARTESIAN_POINT('',(-0.000241216912901215,-0.00337018801417065,1.75661586473807E-05));
#13801=CARTESIAN_POINT('',(-0.00439949997303024,0.00494399996155573,-0.00829899996161379));
#13802=CARTESIAN_POINT('',(-0.000219999992215753,-0.0034150000000759,6.00000000178478E-05));
#13803=CARTESIAN_POINT('',(-0.000239999992224738,-0.00337500000005797,1.99999999999127E-05));
#13804=CARTESIAN_POINT('',(-0.000219999992216252,0.00494399996155573,6.00000000178498E-05));
#13805=CARTESIAN_POINT('',(-0.000219999992216252,-0.0034450000000421,6.00000000178708E-05));
#13806=CARTESIAN_POINT('',(0.000107499997146765,-0.00344500000004214,0.000714999978744239));
#13807=CARTESIAN_POINT('',(-0.000184999992225238,-0.00344500000004211,0.000129999999999974));
#13808=CARTESIAN_POINT('',(-0.000184999992225238,0.00494399996155573,0.000129999999999969));
#13809=CARTESIAN_POINT('',(-0.000184999992225238,-0.00350500000004214,0.000129999999999974));
#13810=CARTESIAN_POINT('',(0.000107499997146765,-0.00350500000004217,0.000714999978744239));
#13811=CARTESIAN_POINT('',(-0.000239999992225237,-0.00350500000004215,1.99999999999077E-05));
#13812=CARTESIAN_POINT('',(-0.000239999992225237,0.00494399996155573,1.99999999999138E-05));
#13813=CARTESIAN_POINT('',(-0.000446565000009225,-0.0028278605320699,5.99999999999828E-05));
#13814=CARTESIAN_POINT('',(0.156210000012842,-0.00251000000004593,5.99999999999207E-05));
#13815=CARTESIAN_POINT('',(0.156210000012842,-0.00268500000003641,5.99999999999207E-05));
#13816=CARTESIAN_POINT('',(0.156210000012842,0.152980000012191,5.99999999999207E-05));
#13817=CARTESIAN_POINT('',(0.000384999984408773,-0.00251542307696836,0.000130000000000584));
#13818=CARTESIAN_POINT('',(0.000384999984408773,-0.00251000000004593,0.000130000000000584));
#13819=CARTESIAN_POINT('',(0.000384999984408773,-0.00239000000004592,0.000130000000000584));
#13820=CARTESIAN_POINT('',(0.000384999984408773,-0.00251542307696836,0.000130000000000584));
#13821=CARTESIAN_POINT('',(0.000384999984408773,-0.00216000000004601,-1.05326852925178E-16));
#13822=CARTESIAN_POINT('',(0.000384999984408773,-0.00204000000004595,-1.02291086842218E-16));
#13823=CARTESIAN_POINT('',(0.000384999984408773,-0.00204000000004592,0.00013000000000005));
#13824=CARTESIAN_POINT('',(0.000385000000009766,-0.00282024999997335,5.99999999999927E-05));
#13825=CARTESIAN_POINT('',(0.000385000000009766,-0.00282024999997335,5.99999999999927E-05));
#13826=CARTESIAN_POINT('',(-0.000446565000009225,-0.00282699564104283,7.05650000183747E-05));
#13827=CARTESIAN_POINT('',(0.156210000012842,-0.00282699564104283,5.99999999999828E-05));
#13828=CARTESIAN_POINT('',(0.000425000000010778,-0.0028269956410429,5.99999999999158E-05));
#13829=CARTESIAN_POINT('',(-0.000425000000008224,-0.00282699564104283,5.99999999999808E-05));
#13830=CARTESIAN_POINT('',(0.000425000000010778,-0.00282699564104283,0.000714999978744239));
#13831=CARTESIAN_POINT('',(-0.000425000000008224,-0.00282699564104283,0.000714999978744239));
#13832=CARTESIAN_POINT('',(0.000108499991830768,-0.00353500000005041,9.00000000000208E-05));
#13833=CARTESIAN_POINT('',(9.99999912417726E-05,-0.00353500000005041,9.00000000000208E-05));
#13834=CARTESIAN_POINT('',(9.99999917302707E-05,-0.00345014718664715,5.99999990401748E-05));
#13835=CARTESIAN_POINT('',(9.99999912417726E-05,-0.00353500000005037,5.69544953733792E-18));
#13836=CARTESIAN_POINT('',(-9.99999922182415E-05,-0.0035350000000503,1.27427636584937E-17));
#13837=CARTESIAN_POINT('',(-9.99999922182415E-05,-0.00353500000005037,1.27427636584937E-17));
#13838=CARTESIAN_POINT('',(-9.99999922182415E-05,-0.00353500000005041,9.00000000000208E-05));
#13839=CARTESIAN_POINT('',(-9.99999922172423E-05,-0.00345014718630103,6.00000000196398E-05));
#13840=CARTESIAN_POINT('',(0.000108499991830768,-0.00345014718630169,6.00000000178498E-05));
#13841=CARTESIAN_POINT('',(-0.000475722738985218,0.00281956499994345,0.00033572275458074));
#13842=CARTESIAN_POINT('',(0.156210000012842,-0.00268500000003634,-0.156349999997144));
#13843=CARTESIAN_POINT('',(-0.000749999984402228,-0.0025133150000466,-1.81499999999025E-06));
#13844=CARTESIAN_POINT('',(-0.000749999984403227,0.00494399996155573,-4.82978186524402E-17));
#13845=CARTESIAN_POINT('',(-0.000749999984403227,-0.00204000000004621,-2.93242806339439E-17));
#13846=CARTESIAN_POINT('',(-0.000749999984403227,-0.00216000000004621,-2.93242806339439E-17));
#13847=CARTESIAN_POINT('',(-0.000749999984403227,-0.00216000000004601,0.000714999978744239));
#13848=CARTESIAN_POINT('',(-0.000749999984403227,-0.00216000000004621,6.00000000000088E-05));
#13849=CARTESIAN_POINT('',(-0.000749999984403227,0.00494399996155573,6.00000000000088E-05));
#13850=CARTESIAN_POINT('',(-0.000749999984403227,-0.00204000000004621,6.00000000000088E-05));
#13851=CARTESIAN_POINT('',(-0.000749999984403227,-0.00204000000004601,0.000714999978744239));
#13852=CARTESIAN_POINT('',(0.000133434992209774,-0.00344318500004187,0.000129999999999949));
#13853=CARTESIAN_POINT('',(0.000184999992227764,0.00494399996155573,0.000129999999999949));
#13854=CARTESIAN_POINT('',(0.000184999992227764,-0.00350500000004211,0.000129999999999945));
#13855=CARTESIAN_POINT('',(0.156210000012842,-0.00350500000004217,0.000129999999999949));
#13856=CARTESIAN_POINT('',(0.000134999992209783,-0.0035050000000421,0.000129999999999989));
#13857=CARTESIAN_POINT('',(0.000134999992209783,0.00494399996155573,0.000129999999999949));
#13858=CARTESIAN_POINT('',(-0.000384999984402223,-0.00238457692312303,0.000129999999999578));
#13859=CARTESIAN_POINT('',(-0.000384999984402223,-0.00239000000004611,-4.62378345247178E-17));
#13860=CARTESIAN_POINT('',(-0.000384999984402223,-0.00239000000004604,-3.92989406208105E-17));
#13861=CARTESIAN_POINT('',(-0.000384999984402223,-0.00251000000004604,-3.92989406208105E-17));
#13862=CARTESIAN_POINT('',(-0.000384999984402223,-0.002390000000046,0.000129999999999578));
#13863=CARTESIAN_POINT('',(-0.000384999984402223,-0.00251000000004601,0.000129999999999578));
#13864=CARTESIAN_POINT('',(-0.000315000000008226,-0.00287500000002014,0.000355000000000152));
#13865=CARTESIAN_POINT('',(0.000304545901297776,-0.00239000000004592,-1.81500000010528E-06));
#13866=CARTESIAN_POINT('',(-0.000206678404342242,-0.00288139001026269,5.86849999995068E-05));
#13867=CARTESIAN_POINT('',(-0.000206678404342242,0.00494399996155573,8.00000000179058E-05));
#13868=CARTESIAN_POINT('',(-0.000206678404342242,-0.0028699999036892,8.00000000179058E-05));
#13869=CARTESIAN_POINT('',(-0.000206678404343241,0.00494399996155573,0.000100000000017858));
#13870=CARTESIAN_POINT('',(-0.000206678404342242,-0.00287999990369821,0.000714999978744239));
#13871=CARTESIAN_POINT('',(-0.000206678404342242,-0.00287999990369821,5.99999999998398E-05));
#13872=CARTESIAN_POINT('',(-0.000206678404342242,-0.00255249991432681,0.000714999978744239));
#13873=CARTESIAN_POINT('',(-0.000385000000006241,-0.00249475000004791,5.99999999999368E-05));
#13874=CARTESIAN_POINT('',(-0.000385000000006241,-0.00280499999997463,5.99999999999368E-05));
#13875=CARTESIAN_POINT('',(-0.000385000000006241,-0.00251000000004601,5.99999999999368E-05));
#13876=CARTESIAN_POINT('',(-0.000446565000009225,-0.0028278605320699,5.99999999999828E-05));
#13877=CARTESIAN_POINT('',(0.156210000012842,-0.00280499999997463,5.99999999999828E-05));
#13878=CARTESIAN_POINT('',(0.000425000000010778,0.00494399996155573,5.99999999999828E-05));
#13879=CARTESIAN_POINT('',(-0.000425000000008224,0.00494399996155573,5.99999999999828E-05));
#13880=CARTESIAN_POINT('',(0.000215663875342776,-0.00287999990369749,-1.81500000006419E-06));
#13881=CARTESIAN_POINT('',(0.156210000012842,-0.00287999990369821,5.99999999998447E-05));
#13882=CARTESIAN_POINT('',(0.000375559984407775,-0.002513315000046,-1.05326852925178E-16));
#13883=CARTESIAN_POINT('',(0.156210000012842,-0.00204000000004601,-4.82978186524402E-17));
#13884=CARTESIAN_POINT('',(-0.000384999984403222,-0.00204000000004604,-4.52620525694808E-17));
#13885=CARTESIAN_POINT('',(-0.000384999984403222,-0.00204000000004611,-4.73220366972033E-17));
#13886=CARTESIAN_POINT('',(-0.000384999984403222,-0.00216000000004604,-4.52620525694808E-17));
#13887=CARTESIAN_POINT('',(0.156210000012842,-0.00216000000004601,-4.82978186524402E-17));
#13888=CARTESIAN_POINT('',(0.000375559984407775,-0.002513315000046,-1.05326852925178E-16));
#13889=CARTESIAN_POINT('',(9.99999912417726E-05,0.00494399996155573,1.27427636584937E-17));
#13890=CARTESIAN_POINT('',(-9.99999922182415E-05,0.00494399996155573,1.27427636584937E-17));
#13891=CARTESIAN_POINT('',(0.000315000000010779,-0.00287500000002025,0.000355000000000613));
#13892=CARTESIAN_POINT('',(0.000315000000010779,-0.00287500000002046,0.000354999999999533));
#13893=CARTESIAN_POINT('',(9.66849922187651E-05,-0.00344500000004208,5.79350000182798E-05));
#13894=CARTESIAN_POINT('',(0.156210000012842,-0.00344500000004214,0.000129999999999969));
#13895=CARTESIAN_POINT('',(-0.00013499999220723,-0.00344500000004486,0.000129999999999992));
#13896=CARTESIAN_POINT('',(0.156210000012842,-0.00344500000004214,6.00000000178498E-05));
#13897=CARTESIAN_POINT('',(-9.99999922162431E-05,-0.00344500000004212,6.00000000178408E-05));
#13898=CARTESIAN_POINT('',(-0.000427499981579233,-0.00344500000004214,0.000714999978744239));
#13899=CARTESIAN_POINT('',(0.000131249991820792,-0.00353500000005042,9.00000000000187E-05));
#13900=CARTESIAN_POINT('',(-0.000114999992207709,-0.00353500000005042,9.00000000000187E-05));
#13901=CARTESIAN_POINT('',(-0.00011499999220721,-0.00350500000004209,8.99999999999948E-05));
#13902=CARTESIAN_POINT('',(-9.99999922127459E-05,-0.00353500000004415,6.00000000053418E-05));
#13903=CARTESIAN_POINT('',(9.99999912417726E-05,-0.0035350000000504,6.00000000000138E-05));
#13904=CARTESIAN_POINT('',(9.99999914837735E-05,-0.00353500000004416,5.99999995156267E-05));
#13905=CARTESIAN_POINT('',(0.000114999992210263,-0.00353500000005042,9.00000000000187E-05));
#13906=CARTESIAN_POINT('',(0.000114999992209763,-0.00350500000004211,8.99999999999777E-05));
#13907=CARTESIAN_POINT('',(0.000114999992209763,-0.00350500000004233,8.99999999999777E-05));
#13908=CARTESIAN_POINT('',(-0.000446565000009225,-0.0028278605320699,5.99999999999828E-05));
#13909=CARTESIAN_POINT('',(-0.000100053904872222,-0.00354266615258778,6.01078253289867E-05));
#13910=CARTESIAN_POINT('',(-0.000427499981579233,-0.00350500000004217,0.000714999978744239));
#13911=CARTESIAN_POINT('',(-0.00013499999220723,-0.00350500000004489,0.000129999999999985));
#13912=CARTESIAN_POINT('',(-0.00013499999220723,0.00494399996155573,0.000129999999999969));
#13913=CARTESIAN_POINT('',(-9.99999922162431E-05,0.00494399996155573,6.00000000178498E-05));
#13914=CARTESIAN_POINT('',(-9.99999922182415E-05,0.00494399996155573,6.00000000213458E-05));
#13915=CARTESIAN_POINT('',(0.000375559984407775,-0.002513315000046,-1.05326852925178E-16));
#13916=CARTESIAN_POINT('',(0.156210000012842,-0.00204000000004592,-1.05326852925178E-16));
#13917=CARTESIAN_POINT('',(0.000749999984408278,-0.00204000000004592,-1.05326852925178E-16));
#13918=CARTESIAN_POINT('',(0.000749999984407779,0.00494399996155573,-1.05326852925178E-16));
#13919=CARTESIAN_POINT('',(-0.000446565000009225,-0.0028278605320699,5.99999999999828E-05));
#13920=CARTESIAN_POINT('',(9.99999912417726E-05,0.00494399996155573,6.00000000000138E-05));
#13921=CARTESIAN_POINT('',(-9.99999922182415E-05,0.00494399996155573,6.00000000000138E-05));
#13922=CARTESIAN_POINT('',(0.000215663875342776,-0.00287999990369749,-1.81500000006419E-06));
#13923=CARTESIAN_POINT('',(-0.000425000000008224,-0.0028799999036982,0.000714999978744239));
#13924=CARTESIAN_POINT('',(-0.000425000000008224,-0.00287999990369818,-2.22769665127881E-17));
#13925=CARTESIAN_POINT('',(-0.000425000000008224,-0.0028799999036982,5.99999999998568E-05));
#13926=CARTESIAN_POINT('',(0.156210000012842,-0.0028799999036982,5.99999999998587E-05));
#13927=CARTESIAN_POINT('',(0.156210000012842,-0.0028799999036982,-2.22769665127881E-17));
#13928=CARTESIAN_POINT('',(0.000215663875342776,-0.00287999990369749,-1.81500000006419E-06));
#13929=CARTESIAN_POINT('',(0.156210000012842,-0.00287999990369748,6.00000000013388E-05));
#13930=CARTESIAN_POINT('',(0.000206678404345767,-0.00287999990369748,6.00000000013447E-05));
#13931=CARTESIAN_POINT('',(0.000206678404345767,-0.00287999990369748,0.000714999978744239));
#13932=CARTESIAN_POINT('',(0.000133434992209774,-0.00344318500004187,0.000129999999999949));
#13933=CARTESIAN_POINT('',(0.156210000012842,-0.00350500000004217,0.000129999999999969));
#13934=CARTESIAN_POINT('',(-0.000446565000009225,-0.0028278605320699,5.99999999999828E-05));
#13935=CARTESIAN_POINT('',(0.156210000012842,-0.00204000000004592,5.99999999998947E-05));
#13936=CARTESIAN_POINT('',(0.000749999984408278,-0.00204000000004592,5.99999999998947E-05));
#13937=CARTESIAN_POINT('',(0.000749999984407779,0.00494399996155573,5.99999999998947E-05));
#13938=CARTESIAN_POINT('',(-0.000314999992313214,-0.00338500000083645,0.000464999999999973));
#13939=CARTESIAN_POINT('',(-0.000314999992313214,-0.00338500000083645,0.000464999999999973));
#13940=CARTESIAN_POINT('',(-0.000314999992313214,-0.00338500000083645,0.000464999999999973));
#13941=CARTESIAN_POINT('',(-0.000314999992313214,-0.00338500000083645,0.000464999999999973));
#13942=CARTESIAN_POINT('',(-0.000369321434253169,-0.0033929938883474,0.000465000003840508));
#13943=CARTESIAN_POINT('',(-0.000352547431321546,-0.00340495563285971,0.000465001885481129));
#13944=CARTESIAN_POINT('',(-0.000335908225283243,-0.0034154387810014,0.000465000442739134));
#13945=CARTESIAN_POINT('',(-0.000319035966880616,-0.00342728445170529,0.000465000297223962));
#13946=CARTESIAN_POINT('',(-0.000425000000008224,-0.00339911632786152,0.000416059994299579));
#13947=CARTESIAN_POINT('',(-0.000409619749257911,-0.00343299433945844,0.000442589809936336));
#13948=CARTESIAN_POINT('',(-0.000366115235541169,-0.00346091334305999,0.0004535392519055));
#13949=CARTESIAN_POINT('',(-0.000324251189954796,-0.00346829795709208,0.000440734900443994));
#13950=CARTESIAN_POINT('',(-0.000425000000008224,-0.00340237904511053,0.000353885256052861));
#13951=CARTESIAN_POINT('',(-0.000425280790100424,-0.00344568374677438,0.000378636017443155));
#13952=CARTESIAN_POINT('',(-0.000374001831749551,-0.00348948660291694,0.000404023411964349));
#13953=CARTESIAN_POINT('',(-0.000324105960520257,-0.00348930718595814,0.00040433444816353));
#13954=CARTESIAN_POINT('',(-0.000314999992313214,-0.00338500000083645,0.000464999999999973));
#13955=CARTESIAN_POINT('',(-0.000315557912501235,-0.00339040491431723,0.000464999999964297));
#13956=CARTESIAN_POINT('',(-0.00031694269086624,-0.00340118254576496,0.000464269923512968));
#13957=CARTESIAN_POINT('',(-0.000319330265242251,-0.00342220459092273,0.00045996410876486));
#13958=CARTESIAN_POINT('',(-0.00032207414606622,-0.00344674568060646,0.000449514092383047));
#13959=CARTESIAN_POINT('',(-0.000324383674984219,-0.00347140609347256,0.00043015593731463));
#13960=CARTESIAN_POINT('',(-0.000325000208781235,-0.00348390566213405,0.000413693128666373));
#13961=CARTESIAN_POINT('',(-0.000324999896230222,-0.00348893129177739,0.000404985719952655));
#13962=CARTESIAN_POINT('',(-0.000446565000009225,-0.0028278605320699,5.99999999999828E-05));
#13963=CARTESIAN_POINT('',(0.000304545901297776,-0.00216000000004593,-1.81500000010625E-06));
#13964=CARTESIAN_POINT('',(0.156210000012842,-0.00216000000004601,6.00000000000088E-05));
#13965=CARTESIAN_POINT('',(-0.000384999984403222,-0.00216000000004601,0.000130000000000356));
#13966=CARTESIAN_POINT('',(-0.000446565000009225,-0.0028278605320699,5.99999999999828E-05));
#13967=CARTESIAN_POINT('',(0.000375559984407775,-0.002513315000046,-1.05326852925178E-16));
#13968=CARTESIAN_POINT('',(0.156210000012842,-0.00319999990369968,-2.22769665127881E-17));
#13969=CARTESIAN_POINT('',(-0.000425000000008224,-0.00319999990369966,-2.22769665127881E-17));
#13970=CARTESIAN_POINT('',(-0.000425000000008224,0.00494399996155573,-2.22769665127881E-17));
#13971=CARTESIAN_POINT('',(0.000315000000010779,-0.00273595334997863,0.000354999999999922));
#13972=CARTESIAN_POINT('',(0.000314999999845772,-0.00338500000116239,0.000464999999999954));
#13973=CARTESIAN_POINT('',(0.000373111590338242,-0.0033935516616319,0.000465000000087125));
#13974=CARTESIAN_POINT('',(0.00042500000001081,-0.00339932517696692,0.000412080140249115));
#13975=CARTESIAN_POINT('',(0.00042500000001081,-0.00340232054716744,0.000354999999999922));
#13976=CARTESIAN_POINT('',(0.000425000000010778,-0.00280500000002019,0.000354999999999918));
#13977=CARTESIAN_POINT('',(-0.000446565000009225,-0.0028278605320699,5.99999999999828E-05));
#13978=CARTESIAN_POINT('',(0.156210000012842,-0.00204000000004601,5.99999999999877E-05));
#13979=CARTESIAN_POINT('',(-0.000425000000006226,-0.00204000000004606,5.99999999999778E-05));
#13980=CARTESIAN_POINT('',(-0.000425000000006226,-0.00179637500004611,5.99999999999877E-05));
#13981=CARTESIAN_POINT('',(-9.99999922182415E-05,-0.00358868632039409,6.18150000220248E-05));
#13982=CARTESIAN_POINT('',(0.000200905364453774,-0.002880390775981,5.92182554342978E-05));
#13983=CARTESIAN_POINT('',(-0.000425000000008224,-0.00255249991432681,0.000714999978744239));
#13984=CARTESIAN_POINT('',(-0.000425000000008224,-0.0028699999036892,8.00000000179117E-05));
#13985=CARTESIAN_POINT('',(0.156210000012842,-0.0028699999036892,8.00000000179058E-05));
#13986=CARTESIAN_POINT('',(0.000304545901297776,-0.00251000000004593,-1.81500000010528E-06));
#13987=CARTESIAN_POINT('',(-0.000384999984402223,-0.00238457692312303,0.000129999999999578));
#13988=CARTESIAN_POINT('',(-0.000384999984403222,-0.00204000000004601,0.000130000000000356));
#13989=CARTESIAN_POINT('',(0.000341565000010785,-0.00350500000004217,1.15599999999207E-05));
#13990=CARTESIAN_POINT('',(0.000427499981582785,-0.00350500000004217,0.000714999978744239));
#13991=CARTESIAN_POINT('',(-0.000107499997144239,-0.00350500000004217,0.000714999978744239));
#13992=CARTESIAN_POINT('',(0.000239999992227763,-0.00350500000004216,1.99999999999037E-05));
#13993=CARTESIAN_POINT('',(0.156210000012842,-0.00350500000004217,1.99999999999138E-05));
#13994=CARTESIAN_POINT('',(0.000325000000010789,-0.00350500000004211,1.99999999999167E-05));
#13995=CARTESIAN_POINT('',(0.000325000000010789,-0.00350500000004208,0.000344999999999949));
#13996=CARTESIAN_POINT('',(-0.000325000000008235,-0.00350500000004187,0.000345));
#13997=CARTESIAN_POINT('',(-0.000325000000008235,-0.00350500000004203,0.000345));
#13998=CARTESIAN_POINT('',(-0.000325000000008235,-0.00350500000004208,1.99999999999328E-05));
#13999=CARTESIAN_POINT('',(0.156210000012842,-0.00350500000004217,1.99999999999138E-05));
#14000=CARTESIAN_POINT('',(0.000200905364453774,-0.00287114001025543,8.00000000178757E-05));
#14001=CARTESIAN_POINT('',(0.000425000000010778,0.00494399996155573,8.00000000178757E-05));
#14002=CARTESIAN_POINT('',(0.000425000000010778,-0.00286999990368926,8.00000000178587E-05));
#14003=CARTESIAN_POINT('',(0.156210000012842,-0.00286999990368924,8.00000000178757E-05));
#14004=CARTESIAN_POINT('',(0.000206678404345767,-0.00286999990368924,8.00000000178757E-05));
#14005=CARTESIAN_POINT('',(0.000206678404345767,0.00494399996155573,8.00000000178757E-05));
#14006=CARTESIAN_POINT('',(0.000304545901297776,-0.00251000000004593,-1.81500000010528E-06));
#14007=CARTESIAN_POINT('',(0.156210000012842,-0.00251000000004601,-4.82978186524402E-17));
#14008=CARTESIAN_POINT('',(9.99999912417726E-05,-0.00358868632039415,-1.81500000051229E-06));
#14009=CARTESIAN_POINT('',(9.99999912417726E-05,0.00494399996155573,5.99999980625008E-05));
#14010=CARTESIAN_POINT('',(0.000241216912903769,-0.00337018801417069,1.75661586473467E-05));
#14011=CARTESIAN_POINT('',(0.0043994999730308,0.00494399996155573,-0.00829899996161379));
#14012=CARTESIAN_POINT('',(0.000219999992218778,-0.00341500000007591,6.00000000178488E-05));
#14013=CARTESIAN_POINT('',(0.000239999992227763,-0.00337500000005798,1.99999999999117E-05));
#14014=CARTESIAN_POINT('',(0.000239999992227763,0.00494399996155573,1.99999999999138E-05));
#14015=CARTESIAN_POINT('',(0.000219999992218778,0.00494399996155573,6.00000000178498E-05));
#14016=CARTESIAN_POINT('',(0.000749999984407779,-0.0023866850000464,-1.81500000010419E-06));
#14017=CARTESIAN_POINT('',(0.000749999984408778,-0.00204000000004592,0.000714999978744239));
#14018=CARTESIAN_POINT('',(0.000200905364453774,-0.00287114001025543,8.00000000178757E-05));
#14019=CARTESIAN_POINT('',(-0.000425000000008224,0.00494399996155573,8.00000000179058E-05));
#14020=CARTESIAN_POINT('',(0.000476472738600769,-0.00275352726138427,5.23099999999137E-05));
#14021=CARTESIAN_POINT('',(0.000425000000010778,-0.00280499999997475,0.000714999978744239));
#14022=CARTESIAN_POINT('',(0.000304545901297776,-0.00204000000004592,-1.81500000010528E-06));
#14023=CARTESIAN_POINT('',(0.156210000012842,-0.00204000000004592,5.99999999999207E-05));
#14024=CARTESIAN_POINT('',(0.000425000000009751,-0.00204000000004597,5.99999999999117E-05));
#14025=CARTESIAN_POINT('',(0.000385000000009766,-0.00204000000004592,5.99999999999608E-05));
#14026=CARTESIAN_POINT('',(-0.000446565000006227,-0.00280499999997463,1.86849999999847E-05));
#14027=CARTESIAN_POINT('',(-0.000446565000009225,-0.00330969051466362,1.76982847196036E-05));
#14028=CARTESIAN_POINT('',(0.156210000012842,-0.00330900000007953,1.99999999999138E-05));
#14029=CARTESIAN_POINT('',(0.000425000000010778,-0.00330900000007955,1.99999999999098E-05));
#14030=CARTESIAN_POINT('',(-0.000425000000008224,-0.00330900000007952,1.99999999999347E-05));
#14031=CARTESIAN_POINT('',(-0.000425000000008224,-0.00310050000645629,0.000714999978744239));
#14032=CARTESIAN_POINT('',(-0.000425000000008224,-0.00328500000007415,0.000100000000017879));
#14033=CARTESIAN_POINT('',(0.156210000012842,-0.00328500000007416,0.000100000000017858));
#14034=CARTESIAN_POINT('',(0.000425000000010778,-0.00328500000007418,0.000100000000017852));
#14035=CARTESIAN_POINT('',(0.000425000000010778,-0.00310050000645629,0.000714999978744239));
#14036=CARTESIAN_POINT('',(0.000343875000010791,-0.00338500000004226,0.000344999999999926));
#14037=CARTESIAN_POINT('',(0.000314999992315767,-0.0033850000008365,0.000464999999999925));
#14038=CARTESIAN_POINT('',(0.000315557912503761,-0.00339040491431729,0.000464999999964249));
#14039=CARTESIAN_POINT('',(0.000316942690868766,-0.003401182545765,0.000464269923512922));
#14040=CARTESIAN_POINT('',(0.00031933026524375,-0.00342220459092281,0.000459964108764805));
#14041=CARTESIAN_POINT('',(0.000322074146068773,-0.00344674568060649,0.000449514092383013));
#14042=CARTESIAN_POINT('',(0.000324383674986773,-0.00347140609347262,0.000430155937314572));
#14043=CARTESIAN_POINT('',(0.00032500020878376,-0.00348390566213409,0.000413693128666319));
#14044=CARTESIAN_POINT('',(0.000324999896232775,-0.00348893129177744,0.000404985719952606));
#14045=CARTESIAN_POINT('',(-8.39086617002438E-05,-0.00320602287528623,-0.000148977124771915));
#14046=CARTESIAN_POINT('',(0.156210000012842,-0.00337500000005806,1.99999999999138E-05));
#14047=CARTESIAN_POINT('',(0.156210000012842,-0.00341500000007599,6.00000000178498E-05));
#14048=CARTESIAN_POINT('',(-0.000206678404342242,-0.00288139001026269,5.86849999995068E-05));
#14049=CARTESIAN_POINT('',(-0.000206678404343241,0.00494399996155573,0.000100000000017858));
#14050=CARTESIAN_POINT('',(0.000304545901297776,-0.00204000000004592,-1.81500000010528E-06));
#14051=CARTESIAN_POINT('',(0.156210000012842,-0.00204000000004601,6.00000000000088E-05));
#14052=CARTESIAN_POINT('',(-0.000385000000006241,-0.00204000000004601,6.00000000000067E-05));
#14053=CARTESIAN_POINT('',(0.000200905364453774,-0.002880390775981,5.92182554342978E-05));
#14054=CARTESIAN_POINT('',(0.000206678404345767,-0.00255249991432685,0.000714999978744239));
#14055=CARTESIAN_POINT('',(0.000425000000010778,-0.00255249991432685,0.000714999978744239));
#14056=CARTESIAN_POINT('',(0.000425000000008751,-0.00287999990369759,6.00000000011397E-05));
#14057=CARTESIAN_POINT('',(0.156210000012842,-0.00287999990369749,6.00000000013288E-05));
#14058=CARTESIAN_POINT('',(0.000314999992315767,-0.0033850000008365,0.000464999999999925));
#14059=CARTESIAN_POINT('',(0.000369321434255992,-0.00339299388834747,0.000465000003840485));
#14060=CARTESIAN_POINT('',(0.000425000000010778,-0.00339911632786161,0.000416059994299522));
#14061=CARTESIAN_POINT('',(0.000425000000010778,-0.0034023790451106,0.000353885256052795));
#14062=CARTESIAN_POINT('',(0.000314999992315767,-0.0033850000008365,0.000464999999999925));
#14063=CARTESIAN_POINT('',(0.000352547431324577,-0.00340495563285963,0.000465001885480893));
#14064=CARTESIAN_POINT('',(0.000409619749251709,-0.0034329943394596,0.00044258980993589));
#14065=CARTESIAN_POINT('',(0.000425280790103138,-0.0034456837467738,0.000378636017442731));
#14066=CARTESIAN_POINT('',(0.000314999992315767,-0.0033850000008365,0.000464999999999925));
#14067=CARTESIAN_POINT('',(0.000335908225275236,-0.00341543878100423,0.000465000442739086));
#14068=CARTESIAN_POINT('',(0.000366115235545173,-0.00346091334306068,0.000453539251905958));
#14069=CARTESIAN_POINT('',(0.000374001831753681,-0.00348948660291698,0.000404023411964279));
#14070=CARTESIAN_POINT('',(0.000314999992315767,-0.0033850000008365,0.000464999999999925));
#14071=CARTESIAN_POINT('',(0.000319035966884215,-0.00342728445170596,0.000465000297223914));
#14072=CARTESIAN_POINT('',(0.000324251189959381,-0.00346829795709255,0.000440734900444605));
#14073=CARTESIAN_POINT('',(0.000324105960525238,-0.00348930718595819,0.000404334448163465));
#14074=CARTESIAN_POINT('',(0.000304545901297776,-0.00239000000004592,-1.81500000010528E-06));
#14075=CARTESIAN_POINT('',(0.156210000012842,-0.002390000000046,-4.82978186524402E-17));
#14076=CARTESIAN_POINT('',(-0.000446565000009225,-0.0028278605320699,5.99999999999828E-05));
#14077=CARTESIAN_POINT('',(9.99999922187689E-05,0.00494399996155573,6.00000000178498E-05));
#14078=CARTESIAN_POINT('',(0.000454184984021777,-0.00268500000003641,5.28099999999138E-05));
#14079=CARTESIAN_POINT('',(-0.000446565000009225,-0.0028278605320699,5.99999999999828E-05));
#14080=CARTESIAN_POINT('',(0.000425000000009751,-0.00205362500004609,5.99999999999207E-05));
#14081=CARTESIAN_POINT('',(0.000100053904874775,-0.00354266615258781,6.01078253289737E-05));
#14082=CARTESIAN_POINT('',(0.000375559984407775,-0.002513315000046,-1.05326852925178E-16));
#14083=CARTESIAN_POINT('',(0.156210000012842,-0.00287999990369749,2.07658597348864E-17));
#14084=CARTESIAN_POINT('',(0.00042500000001025,-0.00287999990369752,2.07658597348864E-17));
#14085=CARTESIAN_POINT('',(0.000425000000010778,0.00494399996155573,2.07658597348864E-17));
#14086=CARTESIAN_POINT('',(-0.000446565000009225,-0.0028278605320699,5.99999999999828E-05));
#14087=CARTESIAN_POINT('',(-0.000385000000006241,-0.00249475000004791,5.99999999999368E-05));
#14088=CARTESIAN_POINT('',(-0.000364999999962229,-0.00275323332667564,0.000354999999999985));
#14089=CARTESIAN_POINT('',(-0.000424999999962233,-0.00280500000002005,0.000354999999999982));
#14090=CARTESIAN_POINT('',(0.000206678404345767,-0.00288139001026273,5.86849999994758E-05));
#14091=CARTESIAN_POINT('',(0.000206678404345767,0.00494399996155573,0.000100000000017858));
#14092=CARTESIAN_POINT('',(-0.000226064999964248,0.0028615649999268,9.99999999999728E-05));
#14093=CARTESIAN_POINT('',(0.156210000012842,-0.00321999990370797,0.000100000000017858));
#14094=CARTESIAN_POINT('',(0.000425000000010778,-0.00321999990370797,0.000100000000017858));
#14095=CARTESIAN_POINT('',(0.000425000000010778,0.00494399996155573,0.000100000000017858));
#14096=CARTESIAN_POINT('',(-0.000425000000008224,0.00494399996155573,0.000100000000017858));
#14097=CARTESIAN_POINT('',(-0.000476472738598216,-0.00275352726138419,5.23099999999846E-05));
#14098=CARTESIAN_POINT('',(-0.000425000000008224,-0.00280499999997387,0.000714999978744239));
#14099=CARTESIAN_POINT('',(0.000430773039901772,-0.00322064077599099,0.000101281744583901));
#14100=CARTESIAN_POINT('',(0.000425000000010778,-0.00352749989307038,0.000714999978744239));
#14101=CARTESIAN_POINT('',(0.000425000000010778,-0.00342031500004391,-9.18999999998028E-06));
#14102=CARTESIAN_POINT('',(0.000425000000010778,-0.00340500000004209,0.000344999999999942));
#14103=CARTESIAN_POINT('',(0.000425000000010778,-0.00340500000004208,1.99999999999148E-05));
#14104=CARTESIAN_POINT('',(0.000425000000010778,0.00494399996155573,1.99999999999138E-05));
#14105=CARTESIAN_POINT('',(0.000425000000010778,-0.00287999990369749,0.000714999978744239));
#14106=CARTESIAN_POINT('',(0.000454184984021777,-0.00268500000003641,5.28099999999138E-05));
#14107=CARTESIAN_POINT('',(0.000375559984407775,-0.002513315000046,-1.05326852925178E-16));
#14108=CARTESIAN_POINT('',(-0.000425000000008224,-0.00342031500004383,-9.19000000002028E-06));
#14109=CARTESIAN_POINT('',(-0.000425000000008224,-0.00319999990369968,0.000714999978744239));
#14110=CARTESIAN_POINT('',(-0.000425000000008224,0.00494399996155573,1.99999999999138E-05));
#14111=CARTESIAN_POINT('',(-0.000425000000008224,-0.00340500000004202,1.99999999999358E-05));
#14112=CARTESIAN_POINT('',(-0.000425000000008224,-0.00340500000004202,0.000345000000000006));
#14113=CARTESIAN_POINT('',(0.000430413076219771,-0.00319999990369907,-1.8150000000012E-06));
#14114=CARTESIAN_POINT('',(0.000215663875342776,-0.00287999990369749,-1.81500000006419E-06));
#14115=CARTESIAN_POINT('',(-0.000404565000012236,-0.00294556499997356,2.E-05));
#14116=CARTESIAN_POINT('',(-0.000325000000008235,-0.00340500000004204,1.99999999999138E-05));
#14117=CARTESIAN_POINT('',(0.000325000000010789,-0.00340500000004208,1.99999999999138E-05));
#14118=CARTESIAN_POINT('',(0.000385000000009766,-0.00282024999997335,5.99999999999927E-05));
#14119=CARTESIAN_POINT('',(0.000325000000010789,-0.00340500000004208,5.06476136391867E-05));
#14120=CARTESIAN_POINT('',(-0.000325000000008235,-0.00340500000004204,0.000354352386360711));
#14121=MECHANICAL_DESIGN_GEOMETRIC_PRESENTATION_REPRESENTATION('',(#7627,#7006,#7007,#7008,#7009,#7010,#7011,#7012,#7013,#7014,#7015,#7016,#7017,#7018,#7019,#7020,#7021,#7022,#7023,#7024,#7025,#7026,#7027,#7028,#7029,#7030,#7031,#7032,#7033,#7034,#7035,#7036,#7037,#7038,#7039,#7040,#7041,#7042,#7043,#7044,#7045,#7046,#7047,#7048,#7049,#7050,#7051,#7052,#7053,#7054,#7055,#7056,#7057,#7058,#7059,#7060,#7061,#7062,#7063,#7064,#7065,#7066,#7067,#7068,#7069,#7070,#7071,#7072,#7073,#7074,#7075,#7076,#7077,#7078,#7079,#7080,#7081,#7082,#7083,#7084,#7085,#7086,#7087,#7088,#7089,#7090,#7091,#7092,#7093,#7094,#7095,#7096,#7097,#7098,#7099,#7100,#7101,#7102,#7103,#7104,#7105,#7106,#7107,#7108,#7109,#7110,#7111,#7112,#7113,#7114,#7115,#7116,#7117,#7118,#7119,#7120,#7121,#7122,#7123,#7124,#7125,#7126,#7127,#7128,#7129,#7130,#7131,#7132,#7133,#7134,#7135,#7136,#7137,#7138,#7139,#7140,#7141,#7142,#7143,#7144,#7145,#7146,#7147,#7148,#7149,#7150,#7151,#7152,#7153,#7154,#7155,#7156,#7157,#7158,#7159,#7160,#7161,#7162,#7163,#7164,#7165,#7166,#7167,#7168,#7169,#7170,#7171,#7172,#7173,#7174,#7175,#7176,#7177,#7178,#7179,#7180,#7181,#7182,#7183,#7184,#7185,#7186,#7187,#7188,#7189,#7190,#7191,#7192,#7193,#7194,#7195,#7196,#7197,#7198,#7199,#7200,#7201,#7202,#7203,#7204,#7205,#7206,#7207,#7208,#7209,#7210,#7211,#7212,#7213,#7214,#7215,#7216,#7217,#7218,#7219,#7220,#7221,#7222,#7223,#7224,#7225,#7226,#7227),#14122);
#14122=(
GEOMETRIC_REPRESENTATION_CONTEXT(3)
GLOBAL_UNCERTAINTY_ASSIGNED_CONTEXT((#14123))
GLOBAL_UNIT_ASSIGNED_CONTEXT((#14126,#14125,#14124))
REPRESENTATION_CONTEXT('BM28B0.6-30DP','TOP_LEVEL_ASSEMBLY_PART')
);
#14123=UNCERTAINTY_MEASURE_WITH_UNIT(LENGTH_MEASURE(2.E-05),#14126,'DISTANCE_ACCURACY_VALUE','Maximum Tolerance applied to model');
#14124=(
NAMED_UNIT(*)
SI_UNIT($,.STERADIAN.)
SOLID_ANGLE_UNIT()
);
#14125=(
NAMED_UNIT(*)
PLANE_ANGLE_UNIT()
SI_UNIT($,.RADIAN.)
);
#14126=(
LENGTH_UNIT()
NAMED_UNIT(*)
SI_UNIT($,.METRE.)
);
#14127=PRODUCT_DEFINITION_SHAPE('','',#14128);
#14128=PRODUCT_DEFINITION('','',#14130,#14129);
#14129=PRODUCT_DEFINITION_CONTEXT('',#14136,'design');
#14130=PRODUCT_DEFINITION_FORMATION_WITH_SPECIFIED_SOURCE('','',#14132,.NOT_KNOWN.);
#14131=PRODUCT_RELATED_PRODUCT_CATEGORY('','',(#14132));
#14132=PRODUCT('BM28B0.6-30DP','BM28B0.6-30DP','BM28B0.6-30DP',(#14134));
#14133=PRODUCT_CATEGORY('','');
#14134=PRODUCT_CONTEXT('',#14136,'mechanical');
#14135=APPLICATION_PROTOCOL_DEFINITION('international standard','ap242_managed_model_based_3d_engineering',2020,#14136);
#14136=APPLICATION_CONTEXT('managed model based 3d engineering');
ENDSEC;
END-ISO-10303-21;
