ISO-10303-21;
HEADER;
/*Generated by software containing ST-Developer
 * from STEP Tools, Inc. (www.steptools.com) 
 */
/*OPTION: using custom renumber hook */
/*description */
/*implementation_level */
FILE_DESCRIPTION(('STEP AP242 Edition 2','STEP AP242 Edition 2''CAx-IF Rec.Pracs.---Representation and Presentation of Product Manufa
cturing Information (PMI)---4.0---2014-10-13','STEP AP242 Edition 2''CAx-IF Rec.Pracs.---Representation and Presentation of Product Manufa
cturing Information (PMI)---4.0---2014-10-13''CAx-IF Rec.Pracs.---3D Tessellated Geometry---0.4---2014-09-14','STEP AP242 Edition 2''CAx-IF Rec.Pracs.---Representation and Presentation of Product Manufa
cturing Information (PMI)---4.0---2014-10-13''CAx-IF Rec.Pracs.---3D Tessellated Geometry---0.4---2014-09-14''2;1','STEP AP242 Edition 2''CAx-IF Rec.Pracs.---Representation and Presentation of Product Manufa
cturing Information (PMI)---4.0---2014-10-13''CAx-IF Rec.Pracs.---3D Tessellated Geometry---0.4---2014-09-14''2;1''CAx-IF Rec.Pracs.---User Defined Attributes---1.5---2016-08-15'),'2;1');
/*name */
/*time_stamp */
/*author */
/*organization */
/*preprocessor_version */
/*originating_system */
/*authorisation */
FILE_NAME('/vol/tmp/translate-7285336651446944430/TF13BA-6S-0.4SH_4800340000_3D_STP parts - TF13BA-6S-0_4SH.step','2026-03-24T09:50:03',(''),(''),'ST-DEVELOPER v20','ONSHAPE BY PTC INC, 1.212','  ');
FILE_SCHEMA(('AP242_MANAGED_MODEL_BASED_3D_ENGINEERING_MIM_LF { 1 0 10303 442 3 1 4 }'));
ENDSEC;
DATA;
#10=SHAPE_REPRESENTATION_RELATIONSHIP('','',#6215,#11);
#11=ADVANCED_BREP_SHAPE_REPRESENTATION('',(#6213),#9349);
#12=PLANE('',#6223);
#13=PLANE('',#6227);
#14=PLANE('',#6231);
#15=PLANE('',#6235);
#16=PLANE('',#6236);
#17=PLANE('',#6240);
#18=PLANE('',#6241);
#19=PLANE('',#6242);
#20=PLANE('',#6243);
#21=PLANE('',#6244);
#22=PLANE('',#6248);
#23=PLANE('',#6252);
#24=PLANE('',#6256);
#25=PLANE('',#6260);
#26=PLANE('',#6261);
#27=PLANE('',#6265);
#28=PLANE('',#6266);
#29=PLANE('',#6267);
#30=PLANE('',#6268);
#31=PLANE('',#6269);
#32=PLANE('',#6270);
#33=PLANE('',#6271);
#34=PLANE('',#6272);
#35=PLANE('',#6273);
#36=PLANE('',#6274);
#37=PLANE('',#6275);
#38=PLANE('',#6276);
#39=PLANE('',#6277);
#40=PLANE('',#6278);
#41=PLANE('',#6279);
#42=PLANE('',#6280);
#43=PLANE('',#6281);
#44=PLANE('',#6282);
#45=PLANE('',#6286);
#46=PLANE('',#6287);
#47=PLANE('',#6291);
#48=PLANE('',#6295);
#49=PLANE('',#6299);
#50=PLANE('',#6303);
#51=PLANE('',#6304);
#52=PLANE('',#6305);
#53=PLANE('',#6306);
#54=PLANE('',#6307);
#55=PLANE('',#6310);
#56=PLANE('',#6311);
#57=PLANE('',#6312);
#58=PLANE('',#6313);
#59=PLANE('',#6314);
#60=PLANE('',#6315);
#61=PLANE('',#6316);
#62=PLANE('',#6317);
#63=PLANE('',#6318);
#64=PLANE('',#6319);
#65=PLANE('',#6320);
#66=PLANE('',#6321);
#67=PLANE('',#6324);
#68=PLANE('',#6327);
#69=PLANE('',#6328);
#70=PLANE('',#6329);
#71=PLANE('',#6330);
#72=PLANE('',#6331);
#73=PLANE('',#6332);
#74=PLANE('',#6333);
#75=PLANE('',#6335);
#76=PLANE('',#6336);
#77=PLANE('',#6340);
#78=PLANE('',#6341);
#79=PLANE('',#6342);
#80=PLANE('',#6343);
#81=PLANE('',#6347);
#82=PLANE('',#6348);
#83=PLANE('',#6349);
#84=PLANE('',#6350);
#85=PLANE('',#6352);
#86=PLANE('',#6353);
#87=PLANE('',#6354);
#88=PLANE('',#6355);
#89=PLANE('',#6356);
#90=PLANE('',#6357);
#91=PLANE('',#6358);
#92=PLANE('',#6359);
#93=PLANE('',#6360);
#94=PLANE('',#6361);
#95=PLANE('',#6362);
#96=PLANE('',#6363);
#97=PLANE('',#6364);
#98=PLANE('',#6365);
#99=PLANE('',#6366);
#100=PLANE('',#6367);
#101=PLANE('',#6371);
#102=PLANE('',#6372);
#103=PLANE('',#6373);
#104=PLANE('',#6374);
#105=PLANE('',#6378);
#106=PLANE('',#6379);
#107=PLANE('',#6380);
#108=PLANE('',#6381);
#109=PLANE('',#6385);
#110=PLANE('',#6386);
#111=PLANE('',#6387);
#112=PLANE('',#6388);
#113=PLANE('',#6389);
#114=PLANE('',#6390);
#115=PLANE('',#6391);
#116=PLANE('',#6394);
#117=PLANE('',#6397);
#118=PLANE('',#6398);
#119=PLANE('',#6399);
#120=PLANE('',#6400);
#121=PLANE('',#6401);
#122=PLANE('',#6402);
#123=PLANE('',#6407);
#124=PLANE('',#6408);
#125=PLANE('',#6409);
#126=PLANE('',#6410);
#127=PLANE('',#6411);
#128=PLANE('',#6412);
#129=PLANE('',#6413);
#130=PLANE('',#6414);
#131=PLANE('',#6415);
#132=PLANE('',#6416);
#133=PLANE('',#6417);
#134=PLANE('',#6418);
#135=PLANE('',#6421);
#136=PLANE('',#6422);
#137=PLANE('',#6423);
#138=PLANE('',#6424);
#139=PLANE('',#6425);
#140=PLANE('',#6426);
#141=PLANE('',#6427);
#142=PLANE('',#6428);
#143=PLANE('',#6429);
#144=PLANE('',#6430);
#145=PLANE('',#6431);
#146=PLANE('',#6432);
#147=PLANE('',#6433);
#148=PLANE('',#6434);
#149=PLANE('',#6435);
#150=PLANE('',#6436);
#151=PLANE('',#6437);
#152=PLANE('',#6438);
#153=PLANE('',#6442);
#154=PLANE('',#6443);
#155=PLANE('',#6447);
#156=PLANE('',#6451);
#157=PLANE('',#6455);
#158=PLANE('',#6459);
#159=PLANE('',#6460);
#160=PLANE('',#6461);
#161=PLANE('',#6462);
#162=PLANE('',#6463);
#163=PLANE('',#6464);
#164=PLANE('',#6465);
#165=PLANE('',#6466);
#166=PLANE('',#6467);
#167=PLANE('',#6468);
#168=PLANE('',#6469);
#169=PLANE('',#6470);
#170=PLANE('',#6471);
#171=PLANE('',#6472);
#172=PLANE('',#6473);
#173=PLANE('',#6474);
#174=PLANE('',#6475);
#175=PLANE('',#6479);
#176=PLANE('',#6480);
#177=PLANE('',#6484);
#178=PLANE('',#6488);
#179=PLANE('',#6492);
#180=PLANE('',#6496);
#181=PLANE('',#6497);
#182=PLANE('',#6498);
#183=PLANE('',#6499);
#184=PLANE('',#6500);
#185=PLANE('',#6501);
#186=PLANE('',#6502);
#187=PLANE('',#6503);
#188=PLANE('',#6504);
#189=PLANE('',#6505);
#190=PLANE('',#6506);
#191=PLANE('',#6507);
#192=PLANE('',#6508);
#193=PLANE('',#6509);
#194=PLANE('',#6510);
#195=PLANE('',#6511);
#196=PLANE('',#6512);
#197=PLANE('',#6513);
#198=PLANE('',#6514);
#199=PLANE('',#6515);
#200=PLANE('',#6516);
#201=PLANE('',#6517);
#202=PLANE('',#6518);
#203=PLANE('',#6519);
#204=PLANE('',#6520);
#205=PLANE('',#6521);
#206=PLANE('',#6522);
#207=PLANE('',#6523);
#208=PLANE('',#6524);
#209=PLANE('',#6528);
#210=PLANE('',#6532);
#211=PLANE('',#6533);
#212=PLANE('',#6537);
#213=PLANE('',#6538);
#214=PLANE('',#6540);
#215=PLANE('',#6541);
#216=PLANE('',#6543);
#217=PLANE('',#6545);
#218=CIRCLE('',#6218,5.00000000000114E-05);
#219=CIRCLE('',#6219,5.00000000000114E-05);
#220=CIRCLE('',#6221,5.00000000000114E-05);
#221=CIRCLE('',#6222,5.00000000000114E-05);
#222=CIRCLE('',#6225,4.99999999999829E-05);
#223=CIRCLE('',#6226,4.99999999999829E-05);
#224=CIRCLE('',#6229,3.9999999999992E-05);
#225=CIRCLE('',#6230,3.9999999999992E-05);
#226=CIRCLE('',#6233,4.99999999996116E-05);
#227=CIRCLE('',#6234,4.99999999996116E-05);
#228=CIRCLE('',#6238,5.00000000000114E-05);
#229=CIRCLE('',#6239,5.00000000000114E-05);
#230=CIRCLE('',#6246,5.00000000000114E-05);
#231=CIRCLE('',#6247,5.00000000000114E-05);
#232=CIRCLE('',#6250,4.99999999999829E-05);
#233=CIRCLE('',#6251,4.99999999999829E-05);
#234=CIRCLE('',#6254,3.9999999999992E-05);
#235=CIRCLE('',#6255,3.9999999999992E-05);
#236=CIRCLE('',#6258,4.99999999996116E-05);
#237=CIRCLE('',#6259,4.99999999996116E-05);
#238=CIRCLE('',#6263,5.00000000000114E-05);
#239=CIRCLE('',#6264,5.00000000000114E-05);
#240=CIRCLE('',#6284,5.00000000000114E-05);
#241=CIRCLE('',#6285,5.00000000000114E-05);
#242=CIRCLE('',#6289,4.99999999996116E-05);
#243=CIRCLE('',#6290,4.99999999996116E-05);
#244=CIRCLE('',#6293,3.9999999999992E-05);
#245=CIRCLE('',#6294,3.9999999999992E-05);
#246=CIRCLE('',#6297,5.00000000000114E-05);
#247=CIRCLE('',#6298,5.00000000000114E-05);
#248=CIRCLE('',#6301,4.99999999999829E-05);
#249=CIRCLE('',#6302,4.99999999999829E-05);
#250=CIRCLE('',#6308,4.99999999999723E-05);
#251=CIRCLE('',#6309,4.99999999985504E-05);
#252=CIRCLE('',#6323,4.99999999985504E-05);
#253=CIRCLE('',#6325,4.99999999999723E-05);
#254=CIRCLE('',#6334,3.E-05);
#255=CIRCLE('',#6337,3.E-05);
#256=CIRCLE('',#6339,3.E-05);
#257=CIRCLE('',#6344,3.E-05);
#258=CIRCLE('',#6346,3.E-05);
#259=CIRCLE('',#6351,3.E-05);
#260=CIRCLE('',#6369,3.E-05);
#261=CIRCLE('',#6370,3.E-05);
#262=CIRCLE('',#6375,3.E-05);
#263=CIRCLE('',#6377,3.E-05);
#264=CIRCLE('',#6382,3.E-05);
#265=CIRCLE('',#6384,3.E-05);
#266=CIRCLE('',#6392,3.E-05);
#267=CIRCLE('',#6396,3.E-05);
#268=CIRCLE('',#6403,4.99999999985504E-05);
#269=CIRCLE('',#6404,4.99999999999723E-05);
#270=CIRCLE('',#6406,4.99999999999723E-05);
#271=CIRCLE('',#6420,4.99999999985504E-05);
#272=CIRCLE('',#6440,5.00000000000114E-05);
#273=CIRCLE('',#6441,5.00000000000114E-05);
#274=CIRCLE('',#6445,4.99999999996116E-05);
#275=CIRCLE('',#6446,4.99999999996116E-05);
#276=CIRCLE('',#6449,3.9999999999992E-05);
#277=CIRCLE('',#6450,3.9999999999992E-05);
#278=CIRCLE('',#6453,5.00000000000114E-05);
#279=CIRCLE('',#6454,5.00000000000114E-05);
#280=CIRCLE('',#6457,4.99999999999829E-05);
#281=CIRCLE('',#6458,4.99999999999829E-05);
#282=CIRCLE('',#6477,5.00000000000114E-05);
#283=CIRCLE('',#6478,5.00000000000114E-05);
#284=CIRCLE('',#6482,4.99999999996116E-05);
#285=CIRCLE('',#6483,4.99999999996116E-05);
#286=CIRCLE('',#6486,3.9999999999992E-05);
#287=CIRCLE('',#6487,3.9999999999992E-05);
#288=CIRCLE('',#6490,5.00000000000114E-05);
#289=CIRCLE('',#6491,5.00000000000114E-05);
#290=CIRCLE('',#6494,4.99999999999829E-05);
#291=CIRCLE('',#6495,4.99999999999829E-05);
#292=CIRCLE('',#6526,3.9999999999992E-05);
#293=CIRCLE('',#6527,3.9999999999992E-05);
#294=CIRCLE('',#6530,4.99999999996116E-05);
#295=CIRCLE('',#6531,4.99999999996116E-05);
#296=CIRCLE('',#6535,5.00000000000114E-05);
#297=CIRCLE('',#6536,5.00000000000114E-05);
#298=CIRCLE('',#6539,4.99999999999829E-05);
#299=CIRCLE('',#6542,4.99999999999829E-05);
#300=ORIENTED_EDGE('',*,*,#1784,.T.);
#301=ORIENTED_EDGE('',*,*,#1785,.F.);
#302=ORIENTED_EDGE('',*,*,#1786,.T.);
#303=ORIENTED_EDGE('',*,*,#1787,.F.);
#304=ORIENTED_EDGE('',*,*,#1788,.T.);
#305=ORIENTED_EDGE('',*,*,#1789,.F.);
#306=ORIENTED_EDGE('',*,*,#1790,.T.);
#307=ORIENTED_EDGE('',*,*,#1791,.F.);
#308=ORIENTED_EDGE('',*,*,#1792,.F.);
#309=ORIENTED_EDGE('',*,*,#1793,.T.);
#310=ORIENTED_EDGE('',*,*,#1788,.F.);
#311=ORIENTED_EDGE('',*,*,#1794,.F.);
#312=ORIENTED_EDGE('',*,*,#1795,.T.);
#313=ORIENTED_EDGE('',*,*,#1796,.F.);
#314=ORIENTED_EDGE('',*,*,#1792,.T.);
#315=ORIENTED_EDGE('',*,*,#1797,.F.);
#316=ORIENTED_EDGE('',*,*,#1798,.T.);
#317=ORIENTED_EDGE('',*,*,#1799,.T.);
#318=ORIENTED_EDGE('',*,*,#1800,.F.);
#319=ORIENTED_EDGE('',*,*,#1801,.F.);
#320=ORIENTED_EDGE('',*,*,#1801,.T.);
#321=ORIENTED_EDGE('',*,*,#1802,.F.);
#322=ORIENTED_EDGE('',*,*,#1803,.T.);
#323=ORIENTED_EDGE('',*,*,#1804,.F.);
#324=ORIENTED_EDGE('',*,*,#1803,.F.);
#325=ORIENTED_EDGE('',*,*,#1805,.F.);
#326=ORIENTED_EDGE('',*,*,#1806,.F.);
#327=ORIENTED_EDGE('',*,*,#1807,.T.);
#328=ORIENTED_EDGE('',*,*,#1806,.T.);
#329=ORIENTED_EDGE('',*,*,#1808,.F.);
#330=ORIENTED_EDGE('',*,*,#1809,.T.);
#331=ORIENTED_EDGE('',*,*,#1810,.F.);
#332=ORIENTED_EDGE('',*,*,#1809,.F.);
#333=ORIENTED_EDGE('',*,*,#1811,.F.);
#334=ORIENTED_EDGE('',*,*,#1812,.T.);
#335=ORIENTED_EDGE('',*,*,#1813,.F.);
#336=ORIENTED_EDGE('',*,*,#1812,.F.);
#337=ORIENTED_EDGE('',*,*,#1814,.F.);
#338=ORIENTED_EDGE('',*,*,#1815,.F.);
#339=ORIENTED_EDGE('',*,*,#1816,.F.);
#340=ORIENTED_EDGE('',*,*,#1815,.T.);
#341=ORIENTED_EDGE('',*,*,#1817,.F.);
#342=ORIENTED_EDGE('',*,*,#1818,.T.);
#343=ORIENTED_EDGE('',*,*,#1819,.F.);
#344=ORIENTED_EDGE('',*,*,#1818,.F.);
#345=ORIENTED_EDGE('',*,*,#1820,.T.);
#346=ORIENTED_EDGE('',*,*,#1821,.T.);
#347=ORIENTED_EDGE('',*,*,#1822,.F.);
#348=ORIENTED_EDGE('',*,*,#1823,.T.);
#349=ORIENTED_EDGE('',*,*,#1821,.F.);
#350=ORIENTED_EDGE('',*,*,#1824,.F.);
#351=ORIENTED_EDGE('',*,*,#1825,.F.);
#352=ORIENTED_EDGE('',*,*,#1824,.T.);
#353=ORIENTED_EDGE('',*,*,#1820,.F.);
#354=ORIENTED_EDGE('',*,*,#1817,.T.);
#355=ORIENTED_EDGE('',*,*,#1814,.T.);
#356=ORIENTED_EDGE('',*,*,#1811,.T.);
#357=ORIENTED_EDGE('',*,*,#1808,.T.);
#358=ORIENTED_EDGE('',*,*,#1805,.T.);
#359=ORIENTED_EDGE('',*,*,#1802,.T.);
#360=ORIENTED_EDGE('',*,*,#1800,.T.);
#361=ORIENTED_EDGE('',*,*,#1826,.T.);
#362=ORIENTED_EDGE('',*,*,#1827,.F.);
#363=ORIENTED_EDGE('',*,*,#1789,.T.);
#364=ORIENTED_EDGE('',*,*,#1793,.F.);
#365=ORIENTED_EDGE('',*,*,#1796,.T.);
#366=ORIENTED_EDGE('',*,*,#1828,.T.);
#367=ORIENTED_EDGE('',*,*,#1828,.F.);
#368=ORIENTED_EDGE('',*,*,#1795,.F.);
#369=ORIENTED_EDGE('',*,*,#1829,.F.);
#370=ORIENTED_EDGE('',*,*,#1825,.T.);
#371=ORIENTED_EDGE('',*,*,#1829,.T.);
#372=ORIENTED_EDGE('',*,*,#1797,.T.);
#373=ORIENTED_EDGE('',*,*,#1794,.T.);
#374=ORIENTED_EDGE('',*,*,#1791,.T.);
#375=ORIENTED_EDGE('',*,*,#1830,.T.);
#376=ORIENTED_EDGE('',*,*,#1831,.F.);
#377=ORIENTED_EDGE('',*,*,#1798,.F.);
#378=ORIENTED_EDGE('',*,*,#1804,.T.);
#379=ORIENTED_EDGE('',*,*,#1807,.F.);
#380=ORIENTED_EDGE('',*,*,#1810,.T.);
#381=ORIENTED_EDGE('',*,*,#1813,.T.);
#382=ORIENTED_EDGE('',*,*,#1816,.T.);
#383=ORIENTED_EDGE('',*,*,#1819,.T.);
#384=ORIENTED_EDGE('',*,*,#1822,.T.);
#385=ORIENTED_EDGE('',*,*,#1823,.F.);
#386=ORIENTED_EDGE('',*,*,#1832,.T.);
#387=ORIENTED_EDGE('',*,*,#1833,.F.);
#388=ORIENTED_EDGE('',*,*,#1834,.T.);
#389=ORIENTED_EDGE('',*,*,#1835,.F.);
#390=ORIENTED_EDGE('',*,*,#1836,.F.);
#391=ORIENTED_EDGE('',*,*,#1837,.T.);
#392=ORIENTED_EDGE('',*,*,#1832,.F.);
#393=ORIENTED_EDGE('',*,*,#1838,.F.);
#394=ORIENTED_EDGE('',*,*,#1839,.T.);
#395=ORIENTED_EDGE('',*,*,#1840,.F.);
#396=ORIENTED_EDGE('',*,*,#1836,.T.);
#397=ORIENTED_EDGE('',*,*,#1841,.F.);
#398=ORIENTED_EDGE('',*,*,#1842,.T.);
#399=ORIENTED_EDGE('',*,*,#1843,.T.);
#400=ORIENTED_EDGE('',*,*,#1844,.F.);
#401=ORIENTED_EDGE('',*,*,#1845,.F.);
#402=ORIENTED_EDGE('',*,*,#1845,.T.);
#403=ORIENTED_EDGE('',*,*,#1846,.F.);
#404=ORIENTED_EDGE('',*,*,#1847,.T.);
#405=ORIENTED_EDGE('',*,*,#1848,.F.);
#406=ORIENTED_EDGE('',*,*,#1847,.F.);
#407=ORIENTED_EDGE('',*,*,#1849,.F.);
#408=ORIENTED_EDGE('',*,*,#1850,.F.);
#409=ORIENTED_EDGE('',*,*,#1851,.T.);
#410=ORIENTED_EDGE('',*,*,#1850,.T.);
#411=ORIENTED_EDGE('',*,*,#1852,.F.);
#412=ORIENTED_EDGE('',*,*,#1853,.T.);
#413=ORIENTED_EDGE('',*,*,#1854,.F.);
#414=ORIENTED_EDGE('',*,*,#1853,.F.);
#415=ORIENTED_EDGE('',*,*,#1855,.F.);
#416=ORIENTED_EDGE('',*,*,#1856,.T.);
#417=ORIENTED_EDGE('',*,*,#1857,.F.);
#418=ORIENTED_EDGE('',*,*,#1856,.F.);
#419=ORIENTED_EDGE('',*,*,#1858,.F.);
#420=ORIENTED_EDGE('',*,*,#1859,.F.);
#421=ORIENTED_EDGE('',*,*,#1860,.F.);
#422=ORIENTED_EDGE('',*,*,#1859,.T.);
#423=ORIENTED_EDGE('',*,*,#1861,.F.);
#424=ORIENTED_EDGE('',*,*,#1862,.T.);
#425=ORIENTED_EDGE('',*,*,#1863,.F.);
#426=ORIENTED_EDGE('',*,*,#1862,.F.);
#427=ORIENTED_EDGE('',*,*,#1864,.T.);
#428=ORIENTED_EDGE('',*,*,#1865,.T.);
#429=ORIENTED_EDGE('',*,*,#1866,.F.);
#430=ORIENTED_EDGE('',*,*,#1867,.T.);
#431=ORIENTED_EDGE('',*,*,#1865,.F.);
#432=ORIENTED_EDGE('',*,*,#1868,.F.);
#433=ORIENTED_EDGE('',*,*,#1869,.F.);
#434=ORIENTED_EDGE('',*,*,#1868,.T.);
#435=ORIENTED_EDGE('',*,*,#1864,.F.);
#436=ORIENTED_EDGE('',*,*,#1861,.T.);
#437=ORIENTED_EDGE('',*,*,#1858,.T.);
#438=ORIENTED_EDGE('',*,*,#1855,.T.);
#439=ORIENTED_EDGE('',*,*,#1852,.T.);
#440=ORIENTED_EDGE('',*,*,#1849,.T.);
#441=ORIENTED_EDGE('',*,*,#1846,.T.);
#442=ORIENTED_EDGE('',*,*,#1844,.T.);
#443=ORIENTED_EDGE('',*,*,#1870,.T.);
#444=ORIENTED_EDGE('',*,*,#1871,.F.);
#445=ORIENTED_EDGE('',*,*,#1833,.T.);
#446=ORIENTED_EDGE('',*,*,#1837,.F.);
#447=ORIENTED_EDGE('',*,*,#1840,.T.);
#448=ORIENTED_EDGE('',*,*,#1872,.T.);
#449=ORIENTED_EDGE('',*,*,#1872,.F.);
#450=ORIENTED_EDGE('',*,*,#1839,.F.);
#451=ORIENTED_EDGE('',*,*,#1873,.F.);
#452=ORIENTED_EDGE('',*,*,#1869,.T.);
#453=ORIENTED_EDGE('',*,*,#1873,.T.);
#454=ORIENTED_EDGE('',*,*,#1841,.T.);
#455=ORIENTED_EDGE('',*,*,#1838,.T.);
#456=ORIENTED_EDGE('',*,*,#1835,.T.);
#457=ORIENTED_EDGE('',*,*,#1874,.T.);
#458=ORIENTED_EDGE('',*,*,#1875,.F.);
#459=ORIENTED_EDGE('',*,*,#1842,.F.);
#460=ORIENTED_EDGE('',*,*,#1848,.T.);
#461=ORIENTED_EDGE('',*,*,#1851,.F.);
#462=ORIENTED_EDGE('',*,*,#1854,.T.);
#463=ORIENTED_EDGE('',*,*,#1857,.T.);
#464=ORIENTED_EDGE('',*,*,#1860,.T.);
#465=ORIENTED_EDGE('',*,*,#1863,.T.);
#466=ORIENTED_EDGE('',*,*,#1866,.T.);
#467=ORIENTED_EDGE('',*,*,#1867,.F.);
#468=ORIENTED_EDGE('',*,*,#1876,.T.);
#469=ORIENTED_EDGE('',*,*,#1877,.F.);
#470=ORIENTED_EDGE('',*,*,#1878,.F.);
#471=ORIENTED_EDGE('',*,*,#1879,.T.);
#472=ORIENTED_EDGE('',*,*,#1880,.F.);
#473=ORIENTED_EDGE('',*,*,#1881,.F.);
#474=ORIENTED_EDGE('',*,*,#1878,.T.);
#475=ORIENTED_EDGE('',*,*,#1882,.F.);
#476=ORIENTED_EDGE('',*,*,#1880,.T.);
#477=ORIENTED_EDGE('',*,*,#1883,.T.);
#478=ORIENTED_EDGE('',*,*,#1884,.T.);
#479=ORIENTED_EDGE('',*,*,#1885,.T.);
#480=ORIENTED_EDGE('',*,*,#1884,.F.);
#481=ORIENTED_EDGE('',*,*,#1886,.F.);
#482=ORIENTED_EDGE('',*,*,#1887,.T.);
#483=ORIENTED_EDGE('',*,*,#1888,.T.);
#484=ORIENTED_EDGE('',*,*,#1870,.F.);
#485=ORIENTED_EDGE('',*,*,#1843,.F.);
#486=ORIENTED_EDGE('',*,*,#1875,.T.);
#487=ORIENTED_EDGE('',*,*,#1889,.T.);
#488=ORIENTED_EDGE('',*,*,#1890,.F.);
#489=ORIENTED_EDGE('',*,*,#1891,.F.);
#490=ORIENTED_EDGE('',*,*,#1887,.F.);
#491=ORIENTED_EDGE('',*,*,#1892,.F.);
#492=ORIENTED_EDGE('',*,*,#1890,.T.);
#493=ORIENTED_EDGE('',*,*,#1893,.F.);
#494=ORIENTED_EDGE('',*,*,#1894,.F.);
#495=ORIENTED_EDGE('',*,*,#1895,.F.);
#496=ORIENTED_EDGE('',*,*,#1894,.T.);
#497=ORIENTED_EDGE('',*,*,#1896,.F.);
#498=ORIENTED_EDGE('',*,*,#1897,.F.);
#499=ORIENTED_EDGE('',*,*,#1898,.T.);
#500=ORIENTED_EDGE('',*,*,#1899,.F.);
#501=ORIENTED_EDGE('',*,*,#1900,.F.);
#502=ORIENTED_EDGE('',*,*,#1897,.T.);
#503=ORIENTED_EDGE('',*,*,#1901,.F.);
#504=ORIENTED_EDGE('',*,*,#1899,.T.);
#505=ORIENTED_EDGE('',*,*,#1902,.T.);
#506=ORIENTED_EDGE('',*,*,#1903,.T.);
#507=ORIENTED_EDGE('',*,*,#1904,.T.);
#508=ORIENTED_EDGE('',*,*,#1905,.T.);
#509=ORIENTED_EDGE('',*,*,#1906,.T.);
#510=ORIENTED_EDGE('',*,*,#1826,.F.);
#511=ORIENTED_EDGE('',*,*,#1799,.F.);
#512=ORIENTED_EDGE('',*,*,#1831,.T.);
#513=ORIENTED_EDGE('',*,*,#1907,.T.);
#514=ORIENTED_EDGE('',*,*,#1903,.F.);
#515=ORIENTED_EDGE('',*,*,#1908,.F.);
#516=ORIENTED_EDGE('',*,*,#1909,.F.);
#517=ORIENTED_EDGE('',*,*,#1910,.F.);
#518=ORIENTED_EDGE('',*,*,#1905,.F.);
#519=ORIENTED_EDGE('',*,*,#1911,.F.);
#520=ORIENTED_EDGE('',*,*,#1909,.T.);
#521=ORIENTED_EDGE('',*,*,#1912,.F.);
#522=ORIENTED_EDGE('',*,*,#1913,.F.);
#523=ORIENTED_EDGE('',*,*,#1914,.F.);
#524=ORIENTED_EDGE('',*,*,#1915,.T.);
#525=ORIENTED_EDGE('',*,*,#1916,.F.);
#526=ORIENTED_EDGE('',*,*,#1917,.F.);
#527=ORIENTED_EDGE('',*,*,#1918,.F.);
#528=ORIENTED_EDGE('',*,*,#1919,.F.);
#529=ORIENTED_EDGE('',*,*,#1918,.T.);
#530=ORIENTED_EDGE('',*,*,#1920,.F.);
#531=ORIENTED_EDGE('',*,*,#1921,.T.);
#532=ORIENTED_EDGE('',*,*,#1922,.F.);
#533=ORIENTED_EDGE('',*,*,#1921,.F.);
#534=ORIENTED_EDGE('',*,*,#1923,.F.);
#535=ORIENTED_EDGE('',*,*,#1924,.T.);
#536=ORIENTED_EDGE('',*,*,#1925,.F.);
#537=ORIENTED_EDGE('',*,*,#1924,.F.);
#538=ORIENTED_EDGE('',*,*,#1926,.F.);
#539=ORIENTED_EDGE('',*,*,#1927,.F.);
#540=ORIENTED_EDGE('',*,*,#1928,.F.);
#541=ORIENTED_EDGE('',*,*,#1927,.T.);
#542=ORIENTED_EDGE('',*,*,#1929,.F.);
#543=ORIENTED_EDGE('',*,*,#1930,.T.);
#544=ORIENTED_EDGE('',*,*,#1931,.F.);
#545=ORIENTED_EDGE('',*,*,#1930,.F.);
#546=ORIENTED_EDGE('',*,*,#1932,.T.);
#547=ORIENTED_EDGE('',*,*,#1933,.F.);
#548=ORIENTED_EDGE('',*,*,#1934,.F.);
#549=ORIENTED_EDGE('',*,*,#1933,.T.);
#550=ORIENTED_EDGE('',*,*,#1935,.F.);
#551=ORIENTED_EDGE('',*,*,#1936,.T.);
#552=ORIENTED_EDGE('',*,*,#1936,.F.);
#553=ORIENTED_EDGE('',*,*,#1937,.T.);
#554=ORIENTED_EDGE('',*,*,#1938,.F.);
#555=ORIENTED_EDGE('',*,*,#1939,.F.);
#556=ORIENTED_EDGE('',*,*,#1940,.F.);
#557=ORIENTED_EDGE('',*,*,#1941,.T.);
#558=ORIENTED_EDGE('',*,*,#1942,.F.);
#559=ORIENTED_EDGE('',*,*,#1943,.T.);
#560=ORIENTED_EDGE('',*,*,#1944,.T.);
#561=ORIENTED_EDGE('',*,*,#1943,.F.);
#562=ORIENTED_EDGE('',*,*,#1945,.F.);
#563=ORIENTED_EDGE('',*,*,#1946,.F.);
#564=ORIENTED_EDGE('',*,*,#1947,.F.);
#565=ORIENTED_EDGE('',*,*,#1946,.T.);
#566=ORIENTED_EDGE('',*,*,#1948,.F.);
#567=ORIENTED_EDGE('',*,*,#1949,.T.);
#568=ORIENTED_EDGE('',*,*,#1950,.T.);
#569=ORIENTED_EDGE('',*,*,#1915,.F.);
#570=ORIENTED_EDGE('',*,*,#1919,.T.);
#571=ORIENTED_EDGE('',*,*,#1922,.T.);
#572=ORIENTED_EDGE('',*,*,#1925,.T.);
#573=ORIENTED_EDGE('',*,*,#1928,.T.);
#574=ORIENTED_EDGE('',*,*,#1931,.T.);
#575=ORIENTED_EDGE('',*,*,#1934,.T.);
#576=ORIENTED_EDGE('',*,*,#1939,.T.);
#577=ORIENTED_EDGE('',*,*,#1951,.T.);
#578=ORIENTED_EDGE('',*,*,#1952,.F.);
#579=ORIENTED_EDGE('',*,*,#1940,.T.);
#580=ORIENTED_EDGE('',*,*,#1944,.F.);
#581=ORIENTED_EDGE('',*,*,#1947,.T.);
#582=ORIENTED_EDGE('',*,*,#1953,.T.);
#583=ORIENTED_EDGE('',*,*,#1954,.T.);
#584=ORIENTED_EDGE('',*,*,#1955,.T.);
#585=ORIENTED_EDGE('',*,*,#1916,.T.);
#586=ORIENTED_EDGE('',*,*,#1950,.F.);
#587=ORIENTED_EDGE('',*,*,#1954,.F.);
#588=ORIENTED_EDGE('',*,*,#1953,.F.);
#589=ORIENTED_EDGE('',*,*,#1949,.F.);
#590=ORIENTED_EDGE('',*,*,#1956,.F.);
#591=ORIENTED_EDGE('',*,*,#1956,.T.);
#592=ORIENTED_EDGE('',*,*,#1948,.T.);
#593=ORIENTED_EDGE('',*,*,#1945,.T.);
#594=ORIENTED_EDGE('',*,*,#1942,.T.);
#595=ORIENTED_EDGE('',*,*,#1957,.T.);
#596=ORIENTED_EDGE('',*,*,#1958,.F.);
#597=ORIENTED_EDGE('',*,*,#1937,.F.);
#598=ORIENTED_EDGE('',*,*,#1935,.T.);
#599=ORIENTED_EDGE('',*,*,#1932,.F.);
#600=ORIENTED_EDGE('',*,*,#1929,.T.);
#601=ORIENTED_EDGE('',*,*,#1926,.T.);
#602=ORIENTED_EDGE('',*,*,#1923,.T.);
#603=ORIENTED_EDGE('',*,*,#1920,.T.);
#604=ORIENTED_EDGE('',*,*,#1917,.T.);
#605=ORIENTED_EDGE('',*,*,#1955,.F.);
#606=ORIENTED_EDGE('',*,*,#1959,.F.);
#607=ORIENTED_EDGE('',*,*,#1960,.T.);
#608=ORIENTED_EDGE('',*,*,#1961,.T.);
#609=ORIENTED_EDGE('',*,*,#1962,.T.);
#610=ORIENTED_EDGE('',*,*,#1963,.T.);
#611=ORIENTED_EDGE('',*,*,#1964,.T.);
#612=ORIENTED_EDGE('',*,*,#1965,.T.);
#613=ORIENTED_EDGE('',*,*,#1966,.T.);
#614=ORIENTED_EDGE('',*,*,#1967,.T.);
#615=ORIENTED_EDGE('',*,*,#1968,.T.);
#616=ORIENTED_EDGE('',*,*,#1969,.T.);
#617=ORIENTED_EDGE('',*,*,#1970,.T.);
#618=ORIENTED_EDGE('',*,*,#1971,.T.);
#619=ORIENTED_EDGE('',*,*,#1972,.T.);
#620=ORIENTED_EDGE('',*,*,#1973,.T.);
#621=ORIENTED_EDGE('',*,*,#1974,.T.);
#622=ORIENTED_EDGE('',*,*,#1975,.F.);
#623=ORIENTED_EDGE('',*,*,#1961,.F.);
#624=ORIENTED_EDGE('',*,*,#1976,.F.);
#625=ORIENTED_EDGE('',*,*,#1977,.T.);
#626=ORIENTED_EDGE('',*,*,#1978,.F.);
#627=ORIENTED_EDGE('',*,*,#1962,.F.);
#628=ORIENTED_EDGE('',*,*,#1975,.T.);
#629=ORIENTED_EDGE('',*,*,#1979,.T.);
#630=ORIENTED_EDGE('',*,*,#1980,.F.);
#631=ORIENTED_EDGE('',*,*,#1963,.F.);
#632=ORIENTED_EDGE('',*,*,#1978,.T.);
#633=ORIENTED_EDGE('',*,*,#1981,.F.);
#634=ORIENTED_EDGE('',*,*,#1982,.F.);
#635=ORIENTED_EDGE('',*,*,#1964,.F.);
#636=ORIENTED_EDGE('',*,*,#1980,.T.);
#637=ORIENTED_EDGE('',*,*,#1983,.T.);
#638=ORIENTED_EDGE('',*,*,#1984,.F.);
#639=ORIENTED_EDGE('',*,*,#1965,.F.);
#640=ORIENTED_EDGE('',*,*,#1982,.T.);
#641=ORIENTED_EDGE('',*,*,#1985,.F.);
#642=ORIENTED_EDGE('',*,*,#1986,.F.);
#643=ORIENTED_EDGE('',*,*,#1966,.F.);
#644=ORIENTED_EDGE('',*,*,#1984,.T.);
#645=ORIENTED_EDGE('',*,*,#1987,.T.);
#646=ORIENTED_EDGE('',*,*,#1988,.F.);
#647=ORIENTED_EDGE('',*,*,#1967,.F.);
#648=ORIENTED_EDGE('',*,*,#1986,.T.);
#649=ORIENTED_EDGE('',*,*,#1989,.F.);
#650=ORIENTED_EDGE('',*,*,#1990,.F.);
#651=ORIENTED_EDGE('',*,*,#1968,.F.);
#652=ORIENTED_EDGE('',*,*,#1988,.T.);
#653=ORIENTED_EDGE('',*,*,#1991,.F.);
#654=ORIENTED_EDGE('',*,*,#1992,.F.);
#655=ORIENTED_EDGE('',*,*,#1969,.F.);
#656=ORIENTED_EDGE('',*,*,#1990,.T.);
#657=ORIENTED_EDGE('',*,*,#1993,.F.);
#658=ORIENTED_EDGE('',*,*,#1994,.F.);
#659=ORIENTED_EDGE('',*,*,#1970,.F.);
#660=ORIENTED_EDGE('',*,*,#1992,.T.);
#661=ORIENTED_EDGE('',*,*,#1995,.T.);
#662=ORIENTED_EDGE('',*,*,#1996,.F.);
#663=ORIENTED_EDGE('',*,*,#1971,.F.);
#664=ORIENTED_EDGE('',*,*,#1994,.T.);
#665=ORIENTED_EDGE('',*,*,#1997,.T.);
#666=ORIENTED_EDGE('',*,*,#1998,.F.);
#667=ORIENTED_EDGE('',*,*,#1972,.F.);
#668=ORIENTED_EDGE('',*,*,#1996,.T.);
#669=ORIENTED_EDGE('',*,*,#1999,.F.);
#670=ORIENTED_EDGE('',*,*,#2000,.T.);
#671=ORIENTED_EDGE('',*,*,#1973,.F.);
#672=ORIENTED_EDGE('',*,*,#1998,.T.);
#673=ORIENTED_EDGE('',*,*,#1999,.T.);
#674=ORIENTED_EDGE('',*,*,#1997,.F.);
#675=ORIENTED_EDGE('',*,*,#1995,.F.);
#676=ORIENTED_EDGE('',*,*,#1993,.T.);
#677=ORIENTED_EDGE('',*,*,#1991,.T.);
#678=ORIENTED_EDGE('',*,*,#1989,.T.);
#679=ORIENTED_EDGE('',*,*,#1987,.F.);
#680=ORIENTED_EDGE('',*,*,#1985,.T.);
#681=ORIENTED_EDGE('',*,*,#1983,.F.);
#682=ORIENTED_EDGE('',*,*,#1981,.T.);
#683=ORIENTED_EDGE('',*,*,#1979,.F.);
#684=ORIENTED_EDGE('',*,*,#1977,.F.);
#685=ORIENTED_EDGE('',*,*,#1974,.F.);
#686=ORIENTED_EDGE('',*,*,#2001,.T.);
#687=ORIENTED_EDGE('',*,*,#2002,.T.);
#688=ORIENTED_EDGE('',*,*,#2001,.F.);
#689=ORIENTED_EDGE('',*,*,#1976,.T.);
#690=ORIENTED_EDGE('',*,*,#1960,.F.);
#691=ORIENTED_EDGE('',*,*,#2003,.T.);
#692=ORIENTED_EDGE('',*,*,#2004,.F.);
#693=ORIENTED_EDGE('',*,*,#2005,.T.);
#694=ORIENTED_EDGE('',*,*,#2006,.F.);
#695=ORIENTED_EDGE('',*,*,#2007,.F.);
#696=ORIENTED_EDGE('',*,*,#2008,.T.);
#697=ORIENTED_EDGE('',*,*,#2009,.F.);
#698=ORIENTED_EDGE('',*,*,#2005,.F.);
#699=ORIENTED_EDGE('',*,*,#2010,.T.);
#700=ORIENTED_EDGE('',*,*,#2011,.T.);
#701=ORIENTED_EDGE('',*,*,#2012,.F.);
#702=ORIENTED_EDGE('',*,*,#2013,.F.);
#703=ORIENTED_EDGE('',*,*,#2014,.T.);
#704=ORIENTED_EDGE('',*,*,#2015,.T.);
#705=ORIENTED_EDGE('',*,*,#2016,.F.);
#706=ORIENTED_EDGE('',*,*,#2017,.F.);
#707=ORIENTED_EDGE('',*,*,#2018,.T.);
#708=ORIENTED_EDGE('',*,*,#2019,.T.);
#709=ORIENTED_EDGE('',*,*,#2020,.F.);
#710=ORIENTED_EDGE('',*,*,#2021,.F.);
#711=ORIENTED_EDGE('',*,*,#2022,.T.);
#712=ORIENTED_EDGE('',*,*,#2023,.T.);
#713=ORIENTED_EDGE('',*,*,#2024,.T.);
#714=ORIENTED_EDGE('',*,*,#2025,.T.);
#715=ORIENTED_EDGE('',*,*,#2026,.F.);
#716=ORIENTED_EDGE('',*,*,#2026,.T.);
#717=ORIENTED_EDGE('',*,*,#2027,.F.);
#718=ORIENTED_EDGE('',*,*,#2022,.F.);
#719=ORIENTED_EDGE('',*,*,#2028,.T.);
#720=ORIENTED_EDGE('',*,*,#2029,.T.);
#721=ORIENTED_EDGE('',*,*,#2030,.T.);
#722=ORIENTED_EDGE('',*,*,#2031,.T.);
#723=ORIENTED_EDGE('',*,*,#2031,.F.);
#724=ORIENTED_EDGE('',*,*,#2032,.T.);
#725=ORIENTED_EDGE('',*,*,#2033,.F.);
#726=ORIENTED_EDGE('',*,*,#2023,.F.);
#727=ORIENTED_EDGE('',*,*,#2033,.T.);
#728=ORIENTED_EDGE('',*,*,#2034,.T.);
#729=ORIENTED_EDGE('',*,*,#2035,.T.);
#730=ORIENTED_EDGE('',*,*,#2036,.T.);
#731=ORIENTED_EDGE('',*,*,#2020,.T.);
#732=ORIENTED_EDGE('',*,*,#2037,.T.);
#733=ORIENTED_EDGE('',*,*,#2024,.F.);
#734=ORIENTED_EDGE('',*,*,#2035,.F.);
#735=ORIENTED_EDGE('',*,*,#2038,.T.);
#736=ORIENTED_EDGE('',*,*,#2039,.F.);
#737=ORIENTED_EDGE('',*,*,#2040,.T.);
#738=ORIENTED_EDGE('',*,*,#2041,.T.);
#739=ORIENTED_EDGE('',*,*,#2042,.T.);
#740=ORIENTED_EDGE('',*,*,#2043,.T.);
#741=ORIENTED_EDGE('',*,*,#2044,.F.);
#742=ORIENTED_EDGE('',*,*,#2044,.T.);
#743=ORIENTED_EDGE('',*,*,#2045,.F.);
#744=ORIENTED_EDGE('',*,*,#2018,.F.);
#745=ORIENTED_EDGE('',*,*,#2046,.T.);
#746=ORIENTED_EDGE('',*,*,#2039,.T.);
#747=ORIENTED_EDGE('',*,*,#2047,.T.);
#748=ORIENTED_EDGE('',*,*,#2048,.T.);
#749=ORIENTED_EDGE('',*,*,#2048,.F.);
#750=ORIENTED_EDGE('',*,*,#2049,.T.);
#751=ORIENTED_EDGE('',*,*,#2050,.F.);
#752=ORIENTED_EDGE('',*,*,#2041,.F.);
#753=ORIENTED_EDGE('',*,*,#2050,.T.);
#754=ORIENTED_EDGE('',*,*,#2051,.T.);
#755=ORIENTED_EDGE('',*,*,#2052,.T.);
#756=ORIENTED_EDGE('',*,*,#2053,.T.);
#757=ORIENTED_EDGE('',*,*,#2016,.T.);
#758=ORIENTED_EDGE('',*,*,#2054,.T.);
#759=ORIENTED_EDGE('',*,*,#2042,.F.);
#760=ORIENTED_EDGE('',*,*,#2052,.F.);
#761=ORIENTED_EDGE('',*,*,#2055,.T.);
#762=ORIENTED_EDGE('',*,*,#2056,.F.);
#763=ORIENTED_EDGE('',*,*,#2057,.T.);
#764=ORIENTED_EDGE('',*,*,#2058,.T.);
#765=ORIENTED_EDGE('',*,*,#2059,.T.);
#766=ORIENTED_EDGE('',*,*,#2060,.T.);
#767=ORIENTED_EDGE('',*,*,#2061,.F.);
#768=ORIENTED_EDGE('',*,*,#2061,.T.);
#769=ORIENTED_EDGE('',*,*,#2062,.F.);
#770=ORIENTED_EDGE('',*,*,#2014,.F.);
#771=ORIENTED_EDGE('',*,*,#2063,.T.);
#772=ORIENTED_EDGE('',*,*,#2056,.T.);
#773=ORIENTED_EDGE('',*,*,#2064,.T.);
#774=ORIENTED_EDGE('',*,*,#2065,.T.);
#775=ORIENTED_EDGE('',*,*,#2065,.F.);
#776=ORIENTED_EDGE('',*,*,#2066,.T.);
#777=ORIENTED_EDGE('',*,*,#2067,.F.);
#778=ORIENTED_EDGE('',*,*,#2058,.F.);
#779=ORIENTED_EDGE('',*,*,#2067,.T.);
#780=ORIENTED_EDGE('',*,*,#2068,.T.);
#781=ORIENTED_EDGE('',*,*,#2069,.T.);
#782=ORIENTED_EDGE('',*,*,#2070,.T.);
#783=ORIENTED_EDGE('',*,*,#2012,.T.);
#784=ORIENTED_EDGE('',*,*,#2071,.T.);
#785=ORIENTED_EDGE('',*,*,#2059,.F.);
#786=ORIENTED_EDGE('',*,*,#2072,.F.);
#787=ORIENTED_EDGE('',*,*,#2073,.T.);
#788=ORIENTED_EDGE('',*,*,#2074,.T.);
#789=ORIENTED_EDGE('',*,*,#2075,.F.);
#790=ORIENTED_EDGE('',*,*,#2076,.F.);
#791=ORIENTED_EDGE('',*,*,#2077,.T.);
#792=ORIENTED_EDGE('',*,*,#2078,.T.);
#793=ORIENTED_EDGE('',*,*,#2079,.F.);
#794=ORIENTED_EDGE('',*,*,#2080,.F.);
#795=ORIENTED_EDGE('',*,*,#2081,.T.);
#796=ORIENTED_EDGE('',*,*,#2079,.T.);
#797=ORIENTED_EDGE('',*,*,#2082,.T.);
#798=ORIENTED_EDGE('',*,*,#2083,.F.);
#799=ORIENTED_EDGE('',*,*,#2084,.F.);
#800=ORIENTED_EDGE('',*,*,#2076,.T.);
#801=ORIENTED_EDGE('',*,*,#2081,.F.);
#802=ORIENTED_EDGE('',*,*,#2085,.T.);
#803=ORIENTED_EDGE('',*,*,#2086,.F.);
#804=ORIENTED_EDGE('',*,*,#2077,.F.);
#805=ORIENTED_EDGE('',*,*,#2084,.T.);
#806=ORIENTED_EDGE('',*,*,#2087,.T.);
#807=ORIENTED_EDGE('',*,*,#2088,.F.);
#808=ORIENTED_EDGE('',*,*,#2089,.T.);
#809=ORIENTED_EDGE('',*,*,#2090,.T.);
#810=ORIENTED_EDGE('',*,*,#2091,.F.);
#811=ORIENTED_EDGE('',*,*,#2089,.F.);
#812=ORIENTED_EDGE('',*,*,#2092,.T.);
#813=ORIENTED_EDGE('',*,*,#2093,.T.);
#814=ORIENTED_EDGE('',*,*,#2091,.T.);
#815=ORIENTED_EDGE('',*,*,#2094,.T.);
#816=ORIENTED_EDGE('',*,*,#2095,.T.);
#817=ORIENTED_EDGE('',*,*,#2096,.F.);
#818=ORIENTED_EDGE('',*,*,#2097,.F.);
#819=ORIENTED_EDGE('',*,*,#2098,.F.);
#820=ORIENTED_EDGE('',*,*,#2095,.F.);
#821=ORIENTED_EDGE('',*,*,#2099,.F.);
#822=ORIENTED_EDGE('',*,*,#2097,.T.);
#823=ORIENTED_EDGE('',*,*,#2100,.T.);
#824=ORIENTED_EDGE('',*,*,#2101,.F.);
#825=ORIENTED_EDGE('',*,*,#2102,.F.);
#826=ORIENTED_EDGE('',*,*,#2103,.F.);
#827=ORIENTED_EDGE('',*,*,#2104,.T.);
#828=ORIENTED_EDGE('',*,*,#2101,.T.);
#829=ORIENTED_EDGE('',*,*,#2105,.F.);
#830=ORIENTED_EDGE('',*,*,#2106,.F.);
#831=ORIENTED_EDGE('',*,*,#2107,.F.);
#832=ORIENTED_EDGE('',*,*,#2103,.T.);
#833=ORIENTED_EDGE('',*,*,#2108,.T.);
#834=ORIENTED_EDGE('',*,*,#2106,.T.);
#835=ORIENTED_EDGE('',*,*,#2109,.F.);
#836=ORIENTED_EDGE('',*,*,#2110,.F.);
#837=ORIENTED_EDGE('',*,*,#2111,.F.);
#838=ORIENTED_EDGE('',*,*,#2110,.T.);
#839=ORIENTED_EDGE('',*,*,#2112,.T.);
#840=ORIENTED_EDGE('',*,*,#2113,.T.);
#841=ORIENTED_EDGE('',*,*,#2114,.F.);
#842=ORIENTED_EDGE('',*,*,#2115,.F.);
#843=ORIENTED_EDGE('',*,*,#2116,.T.);
#844=ORIENTED_EDGE('',*,*,#2117,.T.);
#845=ORIENTED_EDGE('',*,*,#2118,.F.);
#846=ORIENTED_EDGE('',*,*,#2119,.F.);
#847=ORIENTED_EDGE('',*,*,#2120,.T.);
#848=ORIENTED_EDGE('',*,*,#2121,.T.);
#849=ORIENTED_EDGE('',*,*,#2122,.F.);
#850=ORIENTED_EDGE('',*,*,#2123,.T.);
#851=ORIENTED_EDGE('',*,*,#2124,.F.);
#852=ORIENTED_EDGE('',*,*,#2125,.T.);
#853=ORIENTED_EDGE('',*,*,#2126,.F.);
#854=ORIENTED_EDGE('',*,*,#2127,.T.);
#855=ORIENTED_EDGE('',*,*,#2128,.F.);
#856=ORIENTED_EDGE('',*,*,#2121,.F.);
#857=ORIENTED_EDGE('',*,*,#2129,.T.);
#858=ORIENTED_EDGE('',*,*,#2126,.T.);
#859=ORIENTED_EDGE('',*,*,#2130,.T.);
#860=ORIENTED_EDGE('',*,*,#2131,.T.);
#861=ORIENTED_EDGE('',*,*,#2132,.T.);
#862=ORIENTED_EDGE('',*,*,#2133,.F.);
#863=ORIENTED_EDGE('',*,*,#2127,.F.);
#864=ORIENTED_EDGE('',*,*,#2134,.F.);
#865=ORIENTED_EDGE('',*,*,#2134,.T.);
#866=ORIENTED_EDGE('',*,*,#2131,.F.);
#867=ORIENTED_EDGE('',*,*,#2135,.F.);
#868=ORIENTED_EDGE('',*,*,#2136,.F.);
#869=ORIENTED_EDGE('',*,*,#2136,.T.);
#870=ORIENTED_EDGE('',*,*,#2137,.T.);
#871=ORIENTED_EDGE('',*,*,#2138,.T.);
#872=ORIENTED_EDGE('',*,*,#2139,.T.);
#873=ORIENTED_EDGE('',*,*,#2119,.T.);
#874=ORIENTED_EDGE('',*,*,#2140,.T.);
#875=ORIENTED_EDGE('',*,*,#2132,.F.);
#876=ORIENTED_EDGE('',*,*,#2141,.T.);
#877=ORIENTED_EDGE('',*,*,#2138,.F.);
#878=ORIENTED_EDGE('',*,*,#2142,.T.);
#879=ORIENTED_EDGE('',*,*,#2143,.F.);
#880=ORIENTED_EDGE('',*,*,#2144,.T.);
#881=ORIENTED_EDGE('',*,*,#2145,.F.);
#882=ORIENTED_EDGE('',*,*,#2117,.F.);
#883=ORIENTED_EDGE('',*,*,#2146,.T.);
#884=ORIENTED_EDGE('',*,*,#2143,.T.);
#885=ORIENTED_EDGE('',*,*,#2147,.T.);
#886=ORIENTED_EDGE('',*,*,#2148,.T.);
#887=ORIENTED_EDGE('',*,*,#2149,.T.);
#888=ORIENTED_EDGE('',*,*,#2150,.F.);
#889=ORIENTED_EDGE('',*,*,#2144,.F.);
#890=ORIENTED_EDGE('',*,*,#2151,.F.);
#891=ORIENTED_EDGE('',*,*,#2151,.T.);
#892=ORIENTED_EDGE('',*,*,#2148,.F.);
#893=ORIENTED_EDGE('',*,*,#2152,.F.);
#894=ORIENTED_EDGE('',*,*,#2153,.F.);
#895=ORIENTED_EDGE('',*,*,#2153,.T.);
#896=ORIENTED_EDGE('',*,*,#2154,.T.);
#897=ORIENTED_EDGE('',*,*,#2155,.T.);
#898=ORIENTED_EDGE('',*,*,#2156,.T.);
#899=ORIENTED_EDGE('',*,*,#2115,.T.);
#900=ORIENTED_EDGE('',*,*,#2157,.T.);
#901=ORIENTED_EDGE('',*,*,#2149,.F.);
#902=ORIENTED_EDGE('',*,*,#2155,.F.);
#903=ORIENTED_EDGE('',*,*,#2158,.T.);
#904=ORIENTED_EDGE('',*,*,#2159,.F.);
#905=ORIENTED_EDGE('',*,*,#2160,.T.);
#906=ORIENTED_EDGE('',*,*,#2161,.T.);
#907=ORIENTED_EDGE('',*,*,#2162,.T.);
#908=ORIENTED_EDGE('',*,*,#2078,.F.);
#909=ORIENTED_EDGE('',*,*,#2086,.T.);
#910=ORIENTED_EDGE('',*,*,#2163,.T.);
#911=ORIENTED_EDGE('',*,*,#2164,.T.);
#912=ORIENTED_EDGE('',*,*,#2165,.T.);
#913=ORIENTED_EDGE('',*,*,#2090,.F.);
#914=ORIENTED_EDGE('',*,*,#2096,.T.);
#915=ORIENTED_EDGE('',*,*,#2098,.T.);
#916=ORIENTED_EDGE('',*,*,#2102,.T.);
#917=ORIENTED_EDGE('',*,*,#2104,.F.);
#918=ORIENTED_EDGE('',*,*,#2107,.T.);
#919=ORIENTED_EDGE('',*,*,#2111,.T.);
#920=ORIENTED_EDGE('',*,*,#2114,.T.);
#921=ORIENTED_EDGE('',*,*,#2166,.T.);
#922=ORIENTED_EDGE('',*,*,#2159,.T.);
#923=ORIENTED_EDGE('',*,*,#2167,.F.);
#924=ORIENTED_EDGE('',*,*,#2165,.F.);
#925=ORIENTED_EDGE('',*,*,#2168,.T.);
#926=ORIENTED_EDGE('',*,*,#2169,.T.);
#927=ORIENTED_EDGE('',*,*,#2037,.F.);
#928=ORIENTED_EDGE('',*,*,#2019,.F.);
#929=ORIENTED_EDGE('',*,*,#2027,.T.);
#930=ORIENTED_EDGE('',*,*,#2025,.F.);
#931=ORIENTED_EDGE('',*,*,#2045,.T.);
#932=ORIENTED_EDGE('',*,*,#2043,.F.);
#933=ORIENTED_EDGE('',*,*,#2054,.F.);
#934=ORIENTED_EDGE('',*,*,#2015,.F.);
#935=ORIENTED_EDGE('',*,*,#2071,.F.);
#936=ORIENTED_EDGE('',*,*,#2011,.F.);
#937=ORIENTED_EDGE('',*,*,#2062,.T.);
#938=ORIENTED_EDGE('',*,*,#2060,.F.);
#939=ORIENTED_EDGE('',*,*,#2150,.T.);
#940=ORIENTED_EDGE('',*,*,#2157,.F.);
#941=ORIENTED_EDGE('',*,*,#2118,.T.);
#942=ORIENTED_EDGE('',*,*,#2145,.T.);
#943=ORIENTED_EDGE('',*,*,#2122,.T.);
#944=ORIENTED_EDGE('',*,*,#2128,.T.);
#945=ORIENTED_EDGE('',*,*,#2133,.T.);
#946=ORIENTED_EDGE('',*,*,#2140,.F.);
#947=ORIENTED_EDGE('',*,*,#2170,.T.);
#948=ORIENTED_EDGE('',*,*,#2171,.F.);
#949=ORIENTED_EDGE('',*,*,#2075,.T.);
#950=ORIENTED_EDGE('',*,*,#2172,.T.);
#951=ORIENTED_EDGE('',*,*,#2168,.F.);
#952=ORIENTED_EDGE('',*,*,#2164,.F.);
#953=ORIENTED_EDGE('',*,*,#2173,.T.);
#954=ORIENTED_EDGE('',*,*,#2174,.T.);
#955=ORIENTED_EDGE('',*,*,#2175,.T.);
#956=ORIENTED_EDGE('',*,*,#2176,.F.);
#957=ORIENTED_EDGE('',*,*,#2177,.F.);
#958=ORIENTED_EDGE('',*,*,#2178,.F.);
#959=ORIENTED_EDGE('',*,*,#2178,.T.);
#960=ORIENTED_EDGE('',*,*,#2179,.T.);
#961=ORIENTED_EDGE('',*,*,#2124,.T.);
#962=ORIENTED_EDGE('',*,*,#2180,.T.);
#963=ORIENTED_EDGE('',*,*,#2072,.T.);
#964=ORIENTED_EDGE('',*,*,#2171,.T.);
#965=ORIENTED_EDGE('',*,*,#2181,.F.);
#966=ORIENTED_EDGE('',*,*,#2181,.T.);
#967=ORIENTED_EDGE('',*,*,#2170,.F.);
#968=ORIENTED_EDGE('',*,*,#2182,.F.);
#969=ORIENTED_EDGE('',*,*,#2175,.F.);
#970=ORIENTED_EDGE('',*,*,#2182,.T.);
#971=ORIENTED_EDGE('',*,*,#2172,.F.);
#972=ORIENTED_EDGE('',*,*,#2074,.F.);
#973=ORIENTED_EDGE('',*,*,#2183,.T.);
#974=ORIENTED_EDGE('',*,*,#2184,.T.);
#975=ORIENTED_EDGE('',*,*,#2185,.T.);
#976=ORIENTED_EDGE('',*,*,#2176,.T.);
#977=ORIENTED_EDGE('',*,*,#2186,.T.);
#978=ORIENTED_EDGE('',*,*,#2069,.F.);
#979=ORIENTED_EDGE('',*,*,#2187,.T.);
#980=ORIENTED_EDGE('',*,*,#2184,.F.);
#981=ORIENTED_EDGE('',*,*,#2186,.F.);
#982=ORIENTED_EDGE('',*,*,#2183,.F.);
#983=ORIENTED_EDGE('',*,*,#2073,.F.);
#984=ORIENTED_EDGE('',*,*,#2180,.F.);
#985=ORIENTED_EDGE('',*,*,#2123,.F.);
#986=ORIENTED_EDGE('',*,*,#2129,.F.);
#987=ORIENTED_EDGE('',*,*,#2120,.F.);
#988=ORIENTED_EDGE('',*,*,#2139,.F.);
#989=ORIENTED_EDGE('',*,*,#2141,.F.);
#990=ORIENTED_EDGE('',*,*,#2146,.F.);
#991=ORIENTED_EDGE('',*,*,#2116,.F.);
#992=ORIENTED_EDGE('',*,*,#2156,.F.);
#993=ORIENTED_EDGE('',*,*,#2160,.F.);
#994=ORIENTED_EDGE('',*,*,#2166,.F.);
#995=ORIENTED_EDGE('',*,*,#2113,.F.);
#996=ORIENTED_EDGE('',*,*,#2188,.F.);
#997=ORIENTED_EDGE('',*,*,#2189,.F.);
#998=ORIENTED_EDGE('',*,*,#2028,.F.);
#999=ORIENTED_EDGE('',*,*,#2021,.T.);
#1000=ORIENTED_EDGE('',*,*,#2036,.F.);
#1001=ORIENTED_EDGE('',*,*,#2040,.F.);
#1002=ORIENTED_EDGE('',*,*,#2046,.F.);
#1003=ORIENTED_EDGE('',*,*,#2017,.T.);
#1004=ORIENTED_EDGE('',*,*,#2053,.F.);
#1005=ORIENTED_EDGE('',*,*,#2057,.F.);
#1006=ORIENTED_EDGE('',*,*,#2063,.F.);
#1007=ORIENTED_EDGE('',*,*,#2013,.T.);
#1008=ORIENTED_EDGE('',*,*,#2070,.F.);
#1009=ORIENTED_EDGE('',*,*,#2189,.T.);
#1010=ORIENTED_EDGE('',*,*,#2190,.F.);
#1011=ORIENTED_EDGE('',*,*,#2191,.T.);
#1012=ORIENTED_EDGE('',*,*,#2029,.F.);
#1013=ORIENTED_EDGE('',*,*,#2190,.T.);
#1014=ORIENTED_EDGE('',*,*,#2188,.T.);
#1015=ORIENTED_EDGE('',*,*,#2112,.F.);
#1016=ORIENTED_EDGE('',*,*,#2109,.T.);
#1017=ORIENTED_EDGE('',*,*,#2108,.F.);
#1018=ORIENTED_EDGE('',*,*,#2105,.T.);
#1019=ORIENTED_EDGE('',*,*,#2100,.F.);
#1020=ORIENTED_EDGE('',*,*,#2099,.T.);
#1021=ORIENTED_EDGE('',*,*,#2094,.F.);
#1022=ORIENTED_EDGE('',*,*,#2192,.T.);
#1023=ORIENTED_EDGE('',*,*,#2169,.F.);
#1024=ORIENTED_EDGE('',*,*,#2174,.F.);
#1025=ORIENTED_EDGE('',*,*,#2193,.F.);
#1026=ORIENTED_EDGE('',*,*,#2006,.T.);
#1027=ORIENTED_EDGE('',*,*,#2009,.T.);
#1028=ORIENTED_EDGE('',*,*,#2194,.F.);
#1029=ORIENTED_EDGE('',*,*,#2195,.T.);
#1030=ORIENTED_EDGE('',*,*,#2192,.F.);
#1031=ORIENTED_EDGE('',*,*,#2093,.F.);
#1032=ORIENTED_EDGE('',*,*,#2196,.T.);
#1033=ORIENTED_EDGE('',*,*,#2197,.F.);
#1034=ORIENTED_EDGE('',*,*,#2198,.T.);
#1035=ORIENTED_EDGE('',*,*,#2087,.F.);
#1036=ORIENTED_EDGE('',*,*,#2167,.T.);
#1037=ORIENTED_EDGE('',*,*,#2197,.T.);
#1038=ORIENTED_EDGE('',*,*,#2199,.F.);
#1039=ORIENTED_EDGE('',*,*,#2200,.F.);
#1040=ORIENTED_EDGE('',*,*,#2201,.F.);
#1041=ORIENTED_EDGE('',*,*,#2202,.T.);
#1042=ORIENTED_EDGE('',*,*,#2203,.F.);
#1043=ORIENTED_EDGE('',*,*,#2204,.F.);
#1044=ORIENTED_EDGE('',*,*,#2205,.T.);
#1045=ORIENTED_EDGE('',*,*,#2206,.F.);
#1046=ORIENTED_EDGE('',*,*,#2207,.T.);
#1047=ORIENTED_EDGE('',*,*,#2208,.F.);
#1048=ORIENTED_EDGE('',*,*,#2209,.F.);
#1049=ORIENTED_EDGE('',*,*,#2210,.T.);
#1050=ORIENTED_EDGE('',*,*,#2211,.T.);
#1051=ORIENTED_EDGE('',*,*,#2212,.T.);
#1052=ORIENTED_EDGE('',*,*,#2213,.F.);
#1053=ORIENTED_EDGE('',*,*,#2214,.T.);
#1054=ORIENTED_EDGE('',*,*,#2215,.F.);
#1055=ORIENTED_EDGE('',*,*,#2216,.T.);
#1056=ORIENTED_EDGE('',*,*,#2217,.F.);
#1057=ORIENTED_EDGE('',*,*,#2218,.F.);
#1058=ORIENTED_EDGE('',*,*,#2219,.F.);
#1059=ORIENTED_EDGE('',*,*,#2220,.T.);
#1060=ORIENTED_EDGE('',*,*,#2221,.T.);
#1061=ORIENTED_EDGE('',*,*,#2222,.T.);
#1062=ORIENTED_EDGE('',*,*,#2220,.F.);
#1063=ORIENTED_EDGE('',*,*,#2223,.T.);
#1064=ORIENTED_EDGE('',*,*,#2224,.F.);
#1065=ORIENTED_EDGE('',*,*,#2223,.F.);
#1066=ORIENTED_EDGE('',*,*,#2219,.T.);
#1067=ORIENTED_EDGE('',*,*,#2225,.T.);
#1068=ORIENTED_EDGE('',*,*,#2226,.F.);
#1069=ORIENTED_EDGE('',*,*,#2225,.F.);
#1070=ORIENTED_EDGE('',*,*,#2218,.T.);
#1071=ORIENTED_EDGE('',*,*,#2227,.T.);
#1072=ORIENTED_EDGE('',*,*,#2228,.F.);
#1073=ORIENTED_EDGE('',*,*,#2227,.F.);
#1074=ORIENTED_EDGE('',*,*,#2217,.T.);
#1075=ORIENTED_EDGE('',*,*,#2229,.T.);
#1076=ORIENTED_EDGE('',*,*,#2230,.F.);
#1077=ORIENTED_EDGE('',*,*,#2229,.F.);
#1078=ORIENTED_EDGE('',*,*,#2216,.F.);
#1079=ORIENTED_EDGE('',*,*,#2231,.T.);
#1080=ORIENTED_EDGE('',*,*,#2232,.F.);
#1081=ORIENTED_EDGE('',*,*,#2231,.F.);
#1082=ORIENTED_EDGE('',*,*,#2215,.T.);
#1083=ORIENTED_EDGE('',*,*,#2233,.T.);
#1084=ORIENTED_EDGE('',*,*,#2234,.F.);
#1085=ORIENTED_EDGE('',*,*,#2233,.F.);
#1086=ORIENTED_EDGE('',*,*,#2214,.F.);
#1087=ORIENTED_EDGE('',*,*,#2235,.T.);
#1088=ORIENTED_EDGE('',*,*,#2236,.F.);
#1089=ORIENTED_EDGE('',*,*,#2235,.F.);
#1090=ORIENTED_EDGE('',*,*,#2213,.T.);
#1091=ORIENTED_EDGE('',*,*,#2237,.T.);
#1092=ORIENTED_EDGE('',*,*,#2238,.F.);
#1093=ORIENTED_EDGE('',*,*,#2237,.F.);
#1094=ORIENTED_EDGE('',*,*,#2212,.F.);
#1095=ORIENTED_EDGE('',*,*,#2239,.T.);
#1096=ORIENTED_EDGE('',*,*,#2240,.F.);
#1097=ORIENTED_EDGE('',*,*,#2239,.F.);
#1098=ORIENTED_EDGE('',*,*,#2211,.F.);
#1099=ORIENTED_EDGE('',*,*,#2241,.T.);
#1100=ORIENTED_EDGE('',*,*,#2242,.F.);
#1101=ORIENTED_EDGE('',*,*,#2241,.F.);
#1102=ORIENTED_EDGE('',*,*,#2210,.F.);
#1103=ORIENTED_EDGE('',*,*,#2243,.T.);
#1104=ORIENTED_EDGE('',*,*,#2244,.F.);
#1105=ORIENTED_EDGE('',*,*,#2243,.F.);
#1106=ORIENTED_EDGE('',*,*,#2209,.T.);
#1107=ORIENTED_EDGE('',*,*,#2245,.T.);
#1108=ORIENTED_EDGE('',*,*,#2246,.F.);
#1109=ORIENTED_EDGE('',*,*,#2245,.F.);
#1110=ORIENTED_EDGE('',*,*,#2208,.T.);
#1111=ORIENTED_EDGE('',*,*,#2247,.F.);
#1112=ORIENTED_EDGE('',*,*,#2248,.F.);
#1113=ORIENTED_EDGE('',*,*,#2247,.T.);
#1114=ORIENTED_EDGE('',*,*,#2207,.F.);
#1115=ORIENTED_EDGE('',*,*,#2249,.T.);
#1116=ORIENTED_EDGE('',*,*,#2250,.F.);
#1117=ORIENTED_EDGE('',*,*,#2251,.F.);
#1118=ORIENTED_EDGE('',*,*,#2224,.T.);
#1119=ORIENTED_EDGE('',*,*,#2226,.T.);
#1120=ORIENTED_EDGE('',*,*,#2228,.T.);
#1121=ORIENTED_EDGE('',*,*,#2230,.T.);
#1122=ORIENTED_EDGE('',*,*,#2232,.T.);
#1123=ORIENTED_EDGE('',*,*,#2234,.T.);
#1124=ORIENTED_EDGE('',*,*,#2236,.T.);
#1125=ORIENTED_EDGE('',*,*,#2238,.T.);
#1126=ORIENTED_EDGE('',*,*,#2240,.T.);
#1127=ORIENTED_EDGE('',*,*,#2242,.T.);
#1128=ORIENTED_EDGE('',*,*,#2244,.T.);
#1129=ORIENTED_EDGE('',*,*,#2246,.T.);
#1130=ORIENTED_EDGE('',*,*,#2248,.T.);
#1131=ORIENTED_EDGE('',*,*,#2250,.T.);
#1132=ORIENTED_EDGE('',*,*,#2252,.F.);
#1133=ORIENTED_EDGE('',*,*,#2253,.F.);
#1134=ORIENTED_EDGE('',*,*,#2254,.T.);
#1135=ORIENTED_EDGE('',*,*,#2255,.T.);
#1136=ORIENTED_EDGE('',*,*,#2256,.F.);
#1137=ORIENTED_EDGE('',*,*,#2257,.F.);
#1138=ORIENTED_EDGE('',*,*,#2258,.T.);
#1139=ORIENTED_EDGE('',*,*,#2253,.T.);
#1140=ORIENTED_EDGE('',*,*,#2259,.T.);
#1141=ORIENTED_EDGE('',*,*,#2260,.T.);
#1142=ORIENTED_EDGE('',*,*,#2261,.T.);
#1143=ORIENTED_EDGE('',*,*,#2257,.T.);
#1144=ORIENTED_EDGE('',*,*,#2251,.T.);
#1145=ORIENTED_EDGE('',*,*,#2249,.F.);
#1146=ORIENTED_EDGE('',*,*,#2221,.F.);
#1147=ORIENTED_EDGE('',*,*,#2222,.F.);
#1148=ORIENTED_EDGE('',*,*,#2260,.F.);
#1149=ORIENTED_EDGE('',*,*,#2262,.T.);
#1150=ORIENTED_EDGE('',*,*,#2263,.F.);
#1151=ORIENTED_EDGE('',*,*,#2264,.T.);
#1152=ORIENTED_EDGE('',*,*,#2265,.F.);
#1153=ORIENTED_EDGE('',*,*,#2266,.T.);
#1154=ORIENTED_EDGE('',*,*,#2205,.F.);
#1155=ORIENTED_EDGE('',*,*,#2267,.F.);
#1156=ORIENTED_EDGE('',*,*,#2254,.F.);
#1157=ORIENTED_EDGE('',*,*,#2258,.F.);
#1158=ORIENTED_EDGE('',*,*,#2261,.F.);
#1159=ORIENTED_EDGE('',*,*,#2264,.F.);
#1160=ORIENTED_EDGE('',*,*,#2265,.T.);
#1161=ORIENTED_EDGE('',*,*,#2263,.T.);
#1162=ORIENTED_EDGE('',*,*,#2268,.T.);
#1163=ORIENTED_EDGE('',*,*,#2269,.F.);
#1164=ORIENTED_EDGE('',*,*,#2198,.F.);
#1165=ORIENTED_EDGE('',*,*,#2196,.F.);
#1166=ORIENTED_EDGE('',*,*,#2092,.F.);
#1167=ORIENTED_EDGE('',*,*,#2088,.T.);
#1168=ORIENTED_EDGE('',*,*,#2270,.F.);
#1169=ORIENTED_EDGE('',*,*,#2271,.F.);
#1170=ORIENTED_EDGE('',*,*,#2272,.T.);
#1171=ORIENTED_EDGE('',*,*,#2199,.T.);
#1172=ORIENTED_EDGE('',*,*,#2273,.F.);
#1173=ORIENTED_EDGE('',*,*,#2206,.T.);
#1174=ORIENTED_EDGE('',*,*,#2266,.F.);
#1175=ORIENTED_EDGE('',*,*,#2269,.T.);
#1176=ORIENTED_EDGE('',*,*,#2271,.T.);
#1177=ORIENTED_EDGE('',*,*,#2274,.F.);
#1178=ORIENTED_EDGE('',*,*,#2275,.F.);
#1179=ORIENTED_EDGE('',*,*,#2276,.F.);
#1180=ORIENTED_EDGE('',*,*,#2277,.T.);
#1181=ORIENTED_EDGE('',*,*,#2278,.T.);
#1182=ORIENTED_EDGE('',*,*,#2279,.T.);
#1183=ORIENTED_EDGE('',*,*,#2280,.T.);
#1184=ORIENTED_EDGE('',*,*,#2281,.T.);
#1185=ORIENTED_EDGE('',*,*,#2200,.T.);
#1186=ORIENTED_EDGE('',*,*,#2272,.F.);
#1187=ORIENTED_EDGE('',*,*,#2276,.T.);
#1188=ORIENTED_EDGE('',*,*,#2003,.F.);
#1189=ORIENTED_EDGE('',*,*,#1959,.T.);
#1190=ORIENTED_EDGE('',*,*,#2000,.F.);
#1191=ORIENTED_EDGE('',*,*,#2002,.F.);
#1192=ORIENTED_EDGE('',*,*,#2277,.F.);
#1193=ORIENTED_EDGE('',*,*,#2275,.T.);
#1194=ORIENTED_EDGE('',*,*,#2282,.F.);
#1195=ORIENTED_EDGE('',*,*,#2283,.T.);
#1196=ORIENTED_EDGE('',*,*,#2284,.F.);
#1197=ORIENTED_EDGE('',*,*,#2278,.F.);
#1198=ORIENTED_EDGE('',*,*,#2283,.F.);
#1199=ORIENTED_EDGE('',*,*,#2285,.F.);
#1200=ORIENTED_EDGE('',*,*,#2286,.F.);
#1201=ORIENTED_EDGE('',*,*,#2279,.F.);
#1202=ORIENTED_EDGE('',*,*,#2284,.T.);
#1203=ORIENTED_EDGE('',*,*,#2287,.T.);
#1204=ORIENTED_EDGE('',*,*,#2288,.F.);
#1205=ORIENTED_EDGE('',*,*,#2280,.F.);
#1206=ORIENTED_EDGE('',*,*,#2286,.T.);
#1207=ORIENTED_EDGE('',*,*,#2289,.T.);
#1208=ORIENTED_EDGE('',*,*,#2290,.T.);
#1209=ORIENTED_EDGE('',*,*,#2291,.T.);
#1210=ORIENTED_EDGE('',*,*,#2292,.T.);
#1211=ORIENTED_EDGE('',*,*,#2293,.T.);
#1212=ORIENTED_EDGE('',*,*,#2201,.T.);
#1213=ORIENTED_EDGE('',*,*,#2281,.F.);
#1214=ORIENTED_EDGE('',*,*,#2288,.T.);
#1215=ORIENTED_EDGE('',*,*,#2294,.T.);
#1216=ORIENTED_EDGE('',*,*,#2295,.T.);
#1217=ORIENTED_EDGE('',*,*,#2296,.F.);
#1218=ORIENTED_EDGE('',*,*,#2292,.F.);
#1219=ORIENTED_EDGE('',*,*,#2297,.F.);
#1220=ORIENTED_EDGE('',*,*,#2298,.T.);
#1221=ORIENTED_EDGE('',*,*,#2299,.F.);
#1222=ORIENTED_EDGE('',*,*,#2300,.F.);
#1223=ORIENTED_EDGE('',*,*,#2301,.F.);
#1224=ORIENTED_EDGE('',*,*,#2298,.F.);
#1225=ORIENTED_EDGE('',*,*,#2302,.T.);
#1226=ORIENTED_EDGE('',*,*,#2303,.F.);
#1227=ORIENTED_EDGE('',*,*,#2304,.F.);
#1228=ORIENTED_EDGE('',*,*,#2305,.F.);
#1229=ORIENTED_EDGE('',*,*,#2306,.F.);
#1230=ORIENTED_EDGE('',*,*,#2305,.T.);
#1231=ORIENTED_EDGE('',*,*,#2307,.F.);
#1232=ORIENTED_EDGE('',*,*,#2308,.T.);
#1233=ORIENTED_EDGE('',*,*,#2309,.F.);
#1234=ORIENTED_EDGE('',*,*,#2308,.F.);
#1235=ORIENTED_EDGE('',*,*,#2310,.F.);
#1236=ORIENTED_EDGE('',*,*,#2311,.T.);
#1237=ORIENTED_EDGE('',*,*,#2312,.F.);
#1238=ORIENTED_EDGE('',*,*,#2311,.F.);
#1239=ORIENTED_EDGE('',*,*,#2313,.F.);
#1240=ORIENTED_EDGE('',*,*,#2314,.F.);
#1241=ORIENTED_EDGE('',*,*,#2315,.F.);
#1242=ORIENTED_EDGE('',*,*,#2314,.T.);
#1243=ORIENTED_EDGE('',*,*,#2316,.F.);
#1244=ORIENTED_EDGE('',*,*,#2317,.T.);
#1245=ORIENTED_EDGE('',*,*,#2318,.F.);
#1246=ORIENTED_EDGE('',*,*,#2317,.F.);
#1247=ORIENTED_EDGE('',*,*,#2319,.T.);
#1248=ORIENTED_EDGE('',*,*,#2320,.F.);
#1249=ORIENTED_EDGE('',*,*,#2321,.F.);
#1250=ORIENTED_EDGE('',*,*,#2320,.T.);
#1251=ORIENTED_EDGE('',*,*,#2322,.F.);
#1252=ORIENTED_EDGE('',*,*,#2323,.T.);
#1253=ORIENTED_EDGE('',*,*,#2323,.F.);
#1254=ORIENTED_EDGE('',*,*,#2324,.T.);
#1255=ORIENTED_EDGE('',*,*,#2325,.F.);
#1256=ORIENTED_EDGE('',*,*,#2326,.F.);
#1257=ORIENTED_EDGE('',*,*,#2327,.F.);
#1258=ORIENTED_EDGE('',*,*,#2328,.T.);
#1259=ORIENTED_EDGE('',*,*,#2329,.F.);
#1260=ORIENTED_EDGE('',*,*,#2330,.T.);
#1261=ORIENTED_EDGE('',*,*,#2331,.T.);
#1262=ORIENTED_EDGE('',*,*,#2330,.F.);
#1263=ORIENTED_EDGE('',*,*,#2332,.F.);
#1264=ORIENTED_EDGE('',*,*,#2333,.F.);
#1265=ORIENTED_EDGE('',*,*,#2334,.F.);
#1266=ORIENTED_EDGE('',*,*,#2333,.T.);
#1267=ORIENTED_EDGE('',*,*,#2335,.F.);
#1268=ORIENTED_EDGE('',*,*,#2336,.T.);
#1269=ORIENTED_EDGE('',*,*,#2337,.T.);
#1270=ORIENTED_EDGE('',*,*,#2302,.F.);
#1271=ORIENTED_EDGE('',*,*,#2306,.T.);
#1272=ORIENTED_EDGE('',*,*,#2309,.T.);
#1273=ORIENTED_EDGE('',*,*,#2312,.T.);
#1274=ORIENTED_EDGE('',*,*,#2315,.T.);
#1275=ORIENTED_EDGE('',*,*,#2318,.T.);
#1276=ORIENTED_EDGE('',*,*,#2321,.T.);
#1277=ORIENTED_EDGE('',*,*,#2326,.T.);
#1278=ORIENTED_EDGE('',*,*,#2338,.T.);
#1279=ORIENTED_EDGE('',*,*,#2339,.F.);
#1280=ORIENTED_EDGE('',*,*,#2327,.T.);
#1281=ORIENTED_EDGE('',*,*,#2331,.F.);
#1282=ORIENTED_EDGE('',*,*,#2334,.T.);
#1283=ORIENTED_EDGE('',*,*,#2340,.T.);
#1284=ORIENTED_EDGE('',*,*,#2341,.T.);
#1285=ORIENTED_EDGE('',*,*,#2342,.T.);
#1286=ORIENTED_EDGE('',*,*,#2303,.T.);
#1287=ORIENTED_EDGE('',*,*,#2337,.F.);
#1288=ORIENTED_EDGE('',*,*,#2341,.F.);
#1289=ORIENTED_EDGE('',*,*,#2340,.F.);
#1290=ORIENTED_EDGE('',*,*,#2336,.F.);
#1291=ORIENTED_EDGE('',*,*,#2343,.F.);
#1292=ORIENTED_EDGE('',*,*,#2343,.T.);
#1293=ORIENTED_EDGE('',*,*,#2335,.T.);
#1294=ORIENTED_EDGE('',*,*,#2332,.T.);
#1295=ORIENTED_EDGE('',*,*,#2329,.T.);
#1296=ORIENTED_EDGE('',*,*,#2344,.T.);
#1297=ORIENTED_EDGE('',*,*,#2345,.F.);
#1298=ORIENTED_EDGE('',*,*,#2324,.F.);
#1299=ORIENTED_EDGE('',*,*,#2322,.T.);
#1300=ORIENTED_EDGE('',*,*,#2319,.F.);
#1301=ORIENTED_EDGE('',*,*,#2316,.T.);
#1302=ORIENTED_EDGE('',*,*,#2313,.T.);
#1303=ORIENTED_EDGE('',*,*,#2310,.T.);
#1304=ORIENTED_EDGE('',*,*,#2307,.T.);
#1305=ORIENTED_EDGE('',*,*,#2304,.T.);
#1306=ORIENTED_EDGE('',*,*,#2342,.F.);
#1307=ORIENTED_EDGE('',*,*,#2346,.T.);
#1308=ORIENTED_EDGE('',*,*,#2300,.T.);
#1309=ORIENTED_EDGE('',*,*,#2347,.F.);
#1310=ORIENTED_EDGE('',*,*,#2338,.F.);
#1311=ORIENTED_EDGE('',*,*,#2325,.T.);
#1312=ORIENTED_EDGE('',*,*,#2345,.T.);
#1313=ORIENTED_EDGE('',*,*,#2348,.F.);
#1314=ORIENTED_EDGE('',*,*,#2349,.F.);
#1315=ORIENTED_EDGE('',*,*,#2350,.T.);
#1316=ORIENTED_EDGE('',*,*,#2349,.T.);
#1317=ORIENTED_EDGE('',*,*,#2351,.T.);
#1318=ORIENTED_EDGE('',*,*,#2352,.T.);
#1319=ORIENTED_EDGE('',*,*,#2353,.F.);
#1320=ORIENTED_EDGE('',*,*,#2354,.T.);
#1321=ORIENTED_EDGE('',*,*,#2355,.F.);
#1322=ORIENTED_EDGE('',*,*,#2352,.F.);
#1323=ORIENTED_EDGE('',*,*,#2356,.F.);
#1324=ORIENTED_EDGE('',*,*,#2357,.T.);
#1325=ORIENTED_EDGE('',*,*,#2358,.T.);
#1326=ORIENTED_EDGE('',*,*,#2354,.F.);
#1327=ORIENTED_EDGE('',*,*,#2359,.F.);
#1328=ORIENTED_EDGE('',*,*,#2357,.F.);
#1329=ORIENTED_EDGE('',*,*,#2360,.F.);
#1330=ORIENTED_EDGE('',*,*,#2361,.T.);
#1331=ORIENTED_EDGE('',*,*,#2362,.F.);
#1332=ORIENTED_EDGE('',*,*,#2363,.F.);
#1333=ORIENTED_EDGE('',*,*,#2364,.F.);
#1334=ORIENTED_EDGE('',*,*,#2361,.F.);
#1335=ORIENTED_EDGE('',*,*,#2365,.F.);
#1336=ORIENTED_EDGE('',*,*,#1951,.F.);
#1337=ORIENTED_EDGE('',*,*,#1938,.T.);
#1338=ORIENTED_EDGE('',*,*,#1958,.T.);
#1339=ORIENTED_EDGE('',*,*,#2366,.F.);
#1340=ORIENTED_EDGE('',*,*,#2367,.F.);
#1341=ORIENTED_EDGE('',*,*,#2368,.T.);
#1342=ORIENTED_EDGE('',*,*,#2363,.T.);
#1343=ORIENTED_EDGE('',*,*,#2369,.T.);
#1344=ORIENTED_EDGE('',*,*,#2367,.T.);
#1345=ORIENTED_EDGE('',*,*,#2370,.T.);
#1346=ORIENTED_EDGE('',*,*,#2371,.T.);
#1347=ORIENTED_EDGE('',*,*,#2372,.F.);
#1348=ORIENTED_EDGE('',*,*,#2373,.T.);
#1349=ORIENTED_EDGE('',*,*,#2374,.F.);
#1350=ORIENTED_EDGE('',*,*,#2371,.F.);
#1351=ORIENTED_EDGE('',*,*,#2375,.F.);
#1352=ORIENTED_EDGE('',*,*,#2376,.T.);
#1353=ORIENTED_EDGE('',*,*,#2377,.T.);
#1354=ORIENTED_EDGE('',*,*,#2373,.F.);
#1355=ORIENTED_EDGE('',*,*,#2378,.F.);
#1356=ORIENTED_EDGE('',*,*,#2376,.F.);
#1357=ORIENTED_EDGE('',*,*,#2379,.F.);
#1358=ORIENTED_EDGE('',*,*,#2380,.T.);
#1359=ORIENTED_EDGE('',*,*,#2381,.F.);
#1360=ORIENTED_EDGE('',*,*,#2382,.F.);
#1361=ORIENTED_EDGE('',*,*,#2383,.F.);
#1362=ORIENTED_EDGE('',*,*,#2380,.F.);
#1363=ORIENTED_EDGE('',*,*,#2384,.T.);
#1364=ORIENTED_EDGE('',*,*,#2385,.F.);
#1365=ORIENTED_EDGE('',*,*,#2386,.F.);
#1366=ORIENTED_EDGE('',*,*,#2387,.F.);
#1367=ORIENTED_EDGE('',*,*,#2388,.F.);
#1368=ORIENTED_EDGE('',*,*,#2387,.T.);
#1369=ORIENTED_EDGE('',*,*,#2389,.F.);
#1370=ORIENTED_EDGE('',*,*,#2390,.T.);
#1371=ORIENTED_EDGE('',*,*,#2391,.F.);
#1372=ORIENTED_EDGE('',*,*,#2390,.F.);
#1373=ORIENTED_EDGE('',*,*,#2392,.F.);
#1374=ORIENTED_EDGE('',*,*,#2393,.T.);
#1375=ORIENTED_EDGE('',*,*,#2394,.F.);
#1376=ORIENTED_EDGE('',*,*,#2393,.F.);
#1377=ORIENTED_EDGE('',*,*,#2395,.F.);
#1378=ORIENTED_EDGE('',*,*,#2396,.F.);
#1379=ORIENTED_EDGE('',*,*,#2397,.F.);
#1380=ORIENTED_EDGE('',*,*,#2396,.T.);
#1381=ORIENTED_EDGE('',*,*,#2398,.F.);
#1382=ORIENTED_EDGE('',*,*,#2399,.T.);
#1383=ORIENTED_EDGE('',*,*,#2400,.F.);
#1384=ORIENTED_EDGE('',*,*,#2399,.F.);
#1385=ORIENTED_EDGE('',*,*,#2401,.T.);
#1386=ORIENTED_EDGE('',*,*,#2402,.F.);
#1387=ORIENTED_EDGE('',*,*,#2403,.F.);
#1388=ORIENTED_EDGE('',*,*,#2402,.T.);
#1389=ORIENTED_EDGE('',*,*,#2404,.F.);
#1390=ORIENTED_EDGE('',*,*,#2405,.T.);
#1391=ORIENTED_EDGE('',*,*,#2405,.F.);
#1392=ORIENTED_EDGE('',*,*,#2406,.T.);
#1393=ORIENTED_EDGE('',*,*,#2407,.F.);
#1394=ORIENTED_EDGE('',*,*,#2408,.F.);
#1395=ORIENTED_EDGE('',*,*,#2409,.F.);
#1396=ORIENTED_EDGE('',*,*,#2410,.T.);
#1397=ORIENTED_EDGE('',*,*,#2411,.F.);
#1398=ORIENTED_EDGE('',*,*,#2412,.T.);
#1399=ORIENTED_EDGE('',*,*,#2413,.T.);
#1400=ORIENTED_EDGE('',*,*,#2412,.F.);
#1401=ORIENTED_EDGE('',*,*,#2414,.F.);
#1402=ORIENTED_EDGE('',*,*,#2415,.F.);
#1403=ORIENTED_EDGE('',*,*,#2416,.F.);
#1404=ORIENTED_EDGE('',*,*,#2415,.T.);
#1405=ORIENTED_EDGE('',*,*,#2417,.F.);
#1406=ORIENTED_EDGE('',*,*,#2418,.T.);
#1407=ORIENTED_EDGE('',*,*,#2419,.T.);
#1408=ORIENTED_EDGE('',*,*,#2384,.F.);
#1409=ORIENTED_EDGE('',*,*,#2388,.T.);
#1410=ORIENTED_EDGE('',*,*,#2391,.T.);
#1411=ORIENTED_EDGE('',*,*,#2394,.T.);
#1412=ORIENTED_EDGE('',*,*,#2397,.T.);
#1413=ORIENTED_EDGE('',*,*,#2400,.T.);
#1414=ORIENTED_EDGE('',*,*,#2403,.T.);
#1415=ORIENTED_EDGE('',*,*,#2408,.T.);
#1416=ORIENTED_EDGE('',*,*,#2420,.T.);
#1417=ORIENTED_EDGE('',*,*,#2421,.F.);
#1418=ORIENTED_EDGE('',*,*,#2409,.T.);
#1419=ORIENTED_EDGE('',*,*,#2413,.F.);
#1420=ORIENTED_EDGE('',*,*,#2416,.T.);
#1421=ORIENTED_EDGE('',*,*,#2422,.T.);
#1422=ORIENTED_EDGE('',*,*,#2423,.T.);
#1423=ORIENTED_EDGE('',*,*,#2424,.T.);
#1424=ORIENTED_EDGE('',*,*,#2385,.T.);
#1425=ORIENTED_EDGE('',*,*,#2419,.F.);
#1426=ORIENTED_EDGE('',*,*,#2423,.F.);
#1427=ORIENTED_EDGE('',*,*,#2422,.F.);
#1428=ORIENTED_EDGE('',*,*,#2418,.F.);
#1429=ORIENTED_EDGE('',*,*,#2425,.F.);
#1430=ORIENTED_EDGE('',*,*,#2425,.T.);
#1431=ORIENTED_EDGE('',*,*,#2417,.T.);
#1432=ORIENTED_EDGE('',*,*,#2414,.T.);
#1433=ORIENTED_EDGE('',*,*,#2411,.T.);
#1434=ORIENTED_EDGE('',*,*,#2426,.T.);
#1435=ORIENTED_EDGE('',*,*,#2427,.F.);
#1436=ORIENTED_EDGE('',*,*,#2406,.F.);
#1437=ORIENTED_EDGE('',*,*,#2404,.T.);
#1438=ORIENTED_EDGE('',*,*,#2401,.F.);
#1439=ORIENTED_EDGE('',*,*,#2398,.T.);
#1440=ORIENTED_EDGE('',*,*,#2395,.T.);
#1441=ORIENTED_EDGE('',*,*,#2392,.T.);
#1442=ORIENTED_EDGE('',*,*,#2389,.T.);
#1443=ORIENTED_EDGE('',*,*,#2386,.T.);
#1444=ORIENTED_EDGE('',*,*,#2424,.F.);
#1445=ORIENTED_EDGE('',*,*,#2428,.T.);
#1446=ORIENTED_EDGE('',*,*,#2382,.T.);
#1447=ORIENTED_EDGE('',*,*,#2429,.F.);
#1448=ORIENTED_EDGE('',*,*,#2420,.F.);
#1449=ORIENTED_EDGE('',*,*,#2407,.T.);
#1450=ORIENTED_EDGE('',*,*,#2427,.T.);
#1451=ORIENTED_EDGE('',*,*,#2430,.F.);
#1452=ORIENTED_EDGE('',*,*,#2431,.F.);
#1453=ORIENTED_EDGE('',*,*,#2432,.T.);
#1454=ORIENTED_EDGE('',*,*,#2431,.T.);
#1455=ORIENTED_EDGE('',*,*,#2433,.T.);
#1456=ORIENTED_EDGE('',*,*,#2434,.T.);
#1457=ORIENTED_EDGE('',*,*,#2435,.F.);
#1458=ORIENTED_EDGE('',*,*,#2436,.T.);
#1459=ORIENTED_EDGE('',*,*,#2437,.F.);
#1460=ORIENTED_EDGE('',*,*,#2434,.F.);
#1461=ORIENTED_EDGE('',*,*,#2438,.F.);
#1462=ORIENTED_EDGE('',*,*,#1913,.T.);
#1463=ORIENTED_EDGE('',*,*,#2439,.T.);
#1464=ORIENTED_EDGE('',*,*,#2436,.F.);
#1465=ORIENTED_EDGE('',*,*,#2439,.F.);
#1466=ORIENTED_EDGE('',*,*,#1912,.T.);
#1467=ORIENTED_EDGE('',*,*,#1911,.T.);
#1468=ORIENTED_EDGE('',*,*,#1908,.T.);
#1469=ORIENTED_EDGE('',*,*,#1902,.F.);
#1470=ORIENTED_EDGE('',*,*,#1901,.T.);
#1471=ORIENTED_EDGE('',*,*,#1896,.T.);
#1472=ORIENTED_EDGE('',*,*,#1893,.T.);
#1473=ORIENTED_EDGE('',*,*,#1892,.T.);
#1474=ORIENTED_EDGE('',*,*,#1886,.T.);
#1475=ORIENTED_EDGE('',*,*,#1883,.F.);
#1476=ORIENTED_EDGE('',*,*,#1882,.T.);
#1477=ORIENTED_EDGE('',*,*,#1877,.T.);
#1478=ORIENTED_EDGE('',*,*,#2440,.T.);
#1479=ORIENTED_EDGE('',*,*,#2441,.T.);
#1480=ORIENTED_EDGE('',*,*,#2442,.T.);
#1481=ORIENTED_EDGE('',*,*,#2443,.F.);
#1482=ORIENTED_EDGE('',*,*,#2444,.T.);
#1483=ORIENTED_EDGE('',*,*,#2445,.T.);
#1484=ORIENTED_EDGE('',*,*,#2203,.T.);
#1485=ORIENTED_EDGE('',*,*,#2273,.T.);
#1486=ORIENTED_EDGE('',*,*,#2202,.F.);
#1487=ORIENTED_EDGE('',*,*,#2293,.F.);
#1488=ORIENTED_EDGE('',*,*,#2296,.T.);
#1489=ORIENTED_EDGE('',*,*,#2301,.T.);
#1490=ORIENTED_EDGE('',*,*,#2346,.F.);
#1491=ORIENTED_EDGE('',*,*,#2350,.F.);
#1492=ORIENTED_EDGE('',*,*,#2355,.T.);
#1493=ORIENTED_EDGE('',*,*,#2358,.F.);
#1494=ORIENTED_EDGE('',*,*,#2359,.T.);
#1495=ORIENTED_EDGE('',*,*,#2364,.T.);
#1496=ORIENTED_EDGE('',*,*,#2368,.F.);
#1497=ORIENTED_EDGE('',*,*,#2369,.F.);
#1498=ORIENTED_EDGE('',*,*,#2374,.T.);
#1499=ORIENTED_EDGE('',*,*,#2377,.F.);
#1500=ORIENTED_EDGE('',*,*,#2378,.T.);
#1501=ORIENTED_EDGE('',*,*,#2383,.T.);
#1502=ORIENTED_EDGE('',*,*,#2428,.F.);
#1503=ORIENTED_EDGE('',*,*,#2432,.F.);
#1504=ORIENTED_EDGE('',*,*,#2437,.T.);
#1505=ORIENTED_EDGE('',*,*,#2446,.T.);
#1506=ORIENTED_EDGE('',*,*,#2443,.T.);
#1507=ORIENTED_EDGE('',*,*,#2447,.T.);
#1508=ORIENTED_EDGE('',*,*,#2448,.T.);
#1509=ORIENTED_EDGE('',*,*,#2446,.F.);
#1510=ORIENTED_EDGE('',*,*,#2449,.F.);
#1511=ORIENTED_EDGE('',*,*,#2450,.T.);
#1512=ORIENTED_EDGE('',*,*,#2444,.F.);
#1513=ORIENTED_EDGE('',*,*,#2451,.T.);
#1514=ORIENTED_EDGE('',*,*,#2452,.F.);
#1515=ORIENTED_EDGE('',*,*,#2255,.F.);
#1516=ORIENTED_EDGE('',*,*,#2267,.T.);
#1517=ORIENTED_EDGE('',*,*,#2204,.T.);
#1518=ORIENTED_EDGE('',*,*,#2445,.F.);
#1519=ORIENTED_EDGE('',*,*,#2450,.F.);
#1520=ORIENTED_EDGE('',*,*,#2453,.F.);
#1521=ORIENTED_EDGE('',*,*,#2454,.F.);
#1522=ORIENTED_EDGE('',*,*,#2451,.F.);
#1523=ORIENTED_EDGE('',*,*,#2455,.T.);
#1524=ORIENTED_EDGE('',*,*,#2194,.T.);
#1525=ORIENTED_EDGE('',*,*,#2456,.T.);
#1526=ORIENTED_EDGE('',*,*,#2457,.F.);
#1527=ORIENTED_EDGE('',*,*,#2456,.F.);
#1528=ORIENTED_EDGE('',*,*,#2008,.F.);
#1529=ORIENTED_EDGE('',*,*,#2458,.F.);
#1530=ORIENTED_EDGE('',*,*,#2459,.T.);
#1531=ORIENTED_EDGE('',*,*,#2458,.T.);
#1532=ORIENTED_EDGE('',*,*,#2010,.F.);
#1533=ORIENTED_EDGE('',*,*,#2004,.T.);
#1534=ORIENTED_EDGE('',*,*,#2460,.T.);
#1535=ORIENTED_EDGE('',*,*,#2460,.F.);
#1536=ORIENTED_EDGE('',*,*,#2007,.T.);
#1537=ORIENTED_EDGE('',*,*,#2193,.T.);
#1538=ORIENTED_EDGE('',*,*,#2173,.F.);
#1539=ORIENTED_EDGE('',*,*,#2163,.F.);
#1540=ORIENTED_EDGE('',*,*,#2085,.F.);
#1541=ORIENTED_EDGE('',*,*,#2083,.T.);
#1542=ORIENTED_EDGE('',*,*,#2080,.T.);
#1543=ORIENTED_EDGE('',*,*,#2461,.F.);
#1544=ORIENTED_EDGE('',*,*,#2294,.F.);
#1545=ORIENTED_EDGE('',*,*,#2289,.F.);
#1546=ORIENTED_EDGE('',*,*,#2287,.F.);
#1547=ORIENTED_EDGE('',*,*,#2285,.T.);
#1548=ORIENTED_EDGE('',*,*,#2282,.T.);
#1549=ORIENTED_EDGE('',*,*,#2274,.T.);
#1550=ORIENTED_EDGE('',*,*,#2270,.T.);
#1551=ORIENTED_EDGE('',*,*,#2268,.F.);
#1552=ORIENTED_EDGE('',*,*,#2262,.F.);
#1553=ORIENTED_EDGE('',*,*,#2259,.F.);
#1554=ORIENTED_EDGE('',*,*,#2256,.T.);
#1555=ORIENTED_EDGE('',*,*,#2252,.T.);
#1556=ORIENTED_EDGE('',*,*,#2452,.T.);
#1557=ORIENTED_EDGE('',*,*,#2457,.T.);
#1558=ORIENTED_EDGE('',*,*,#2459,.F.);
#1559=ORIENTED_EDGE('',*,*,#2461,.T.);
#1560=ORIENTED_EDGE('',*,*,#2082,.F.);
#1561=ORIENTED_EDGE('',*,*,#2162,.F.);
#1562=ORIENTED_EDGE('',*,*,#2462,.F.);
#1563=ORIENTED_EDGE('',*,*,#2295,.F.);
#1564=ORIENTED_EDGE('',*,*,#2463,.T.);
#1565=ORIENTED_EDGE('',*,*,#2464,.T.);
#1566=ORIENTED_EDGE('',*,*,#2465,.F.);
#1567=ORIENTED_EDGE('',*,*,#2466,.T.);
#1568=ORIENTED_EDGE('',*,*,#2467,.F.);
#1569=ORIENTED_EDGE('',*,*,#2290,.F.);
#1570=ORIENTED_EDGE('',*,*,#2462,.T.);
#1571=ORIENTED_EDGE('',*,*,#2468,.T.);
#1572=ORIENTED_EDGE('',*,*,#2469,.T.);
#1573=ORIENTED_EDGE('',*,*,#2470,.T.);
#1574=ORIENTED_EDGE('',*,*,#2463,.F.);
#1575=ORIENTED_EDGE('',*,*,#2471,.F.);
#1576=ORIENTED_EDGE('',*,*,#2471,.T.);
#1577=ORIENTED_EDGE('',*,*,#2468,.F.);
#1578=ORIENTED_EDGE('',*,*,#2161,.F.);
#1579=ORIENTED_EDGE('',*,*,#2158,.F.);
#1580=ORIENTED_EDGE('',*,*,#2154,.F.);
#1581=ORIENTED_EDGE('',*,*,#2152,.T.);
#1582=ORIENTED_EDGE('',*,*,#2147,.F.);
#1583=ORIENTED_EDGE('',*,*,#2142,.F.);
#1584=ORIENTED_EDGE('',*,*,#2137,.F.);
#1585=ORIENTED_EDGE('',*,*,#2135,.T.);
#1586=ORIENTED_EDGE('',*,*,#2130,.F.);
#1587=ORIENTED_EDGE('',*,*,#2125,.F.);
#1588=ORIENTED_EDGE('',*,*,#2179,.F.);
#1589=ORIENTED_EDGE('',*,*,#2177,.T.);
#1590=ORIENTED_EDGE('',*,*,#2185,.F.);
#1591=ORIENTED_EDGE('',*,*,#2187,.F.);
#1592=ORIENTED_EDGE('',*,*,#2068,.F.);
#1593=ORIENTED_EDGE('',*,*,#2066,.F.);
#1594=ORIENTED_EDGE('',*,*,#2064,.F.);
#1595=ORIENTED_EDGE('',*,*,#2055,.F.);
#1596=ORIENTED_EDGE('',*,*,#2051,.F.);
#1597=ORIENTED_EDGE('',*,*,#2049,.F.);
#1598=ORIENTED_EDGE('',*,*,#2047,.F.);
#1599=ORIENTED_EDGE('',*,*,#2038,.F.);
#1600=ORIENTED_EDGE('',*,*,#2034,.F.);
#1601=ORIENTED_EDGE('',*,*,#2032,.F.);
#1602=ORIENTED_EDGE('',*,*,#2030,.F.);
#1603=ORIENTED_EDGE('',*,*,#2191,.F.);
#1604=ORIENTED_EDGE('',*,*,#2195,.F.);
#1605=ORIENTED_EDGE('',*,*,#2472,.F.);
#1606=ORIENTED_EDGE('',*,*,#2472,.T.);
#1607=ORIENTED_EDGE('',*,*,#2455,.F.);
#1608=ORIENTED_EDGE('',*,*,#2454,.T.);
#1609=ORIENTED_EDGE('',*,*,#2473,.T.);
#1610=ORIENTED_EDGE('',*,*,#2474,.T.);
#1611=ORIENTED_EDGE('',*,*,#2475,.T.);
#1612=ORIENTED_EDGE('',*,*,#2476,.F.);
#1613=ORIENTED_EDGE('',*,*,#2469,.F.);
#1614=ORIENTED_EDGE('',*,*,#2476,.T.);
#1615=ORIENTED_EDGE('',*,*,#2477,.T.);
#1616=ORIENTED_EDGE('',*,*,#2464,.F.);
#1617=ORIENTED_EDGE('',*,*,#2470,.F.);
#1618=ORIENTED_EDGE('',*,*,#2477,.F.);
#1619=ORIENTED_EDGE('',*,*,#2475,.F.);
#1620=ORIENTED_EDGE('',*,*,#2478,.F.);
#1621=ORIENTED_EDGE('',*,*,#2465,.T.);
#1622=ORIENTED_EDGE('',*,*,#2478,.T.);
#1623=ORIENTED_EDGE('',*,*,#2474,.F.);
#1624=ORIENTED_EDGE('',*,*,#2479,.F.);
#1625=ORIENTED_EDGE('',*,*,#2466,.F.);
#1626=ORIENTED_EDGE('',*,*,#2479,.T.);
#1627=ORIENTED_EDGE('',*,*,#2473,.F.);
#1628=ORIENTED_EDGE('',*,*,#2453,.T.);
#1629=ORIENTED_EDGE('',*,*,#2449,.T.);
#1630=ORIENTED_EDGE('',*,*,#2448,.F.);
#1631=ORIENTED_EDGE('',*,*,#2480,.F.);
#1632=ORIENTED_EDGE('',*,*,#2481,.F.);
#1633=ORIENTED_EDGE('',*,*,#1786,.F.);
#1634=ORIENTED_EDGE('',*,*,#2482,.T.);
#1635=ORIENTED_EDGE('',*,*,#2483,.F.);
#1636=ORIENTED_EDGE('',*,*,#2484,.T.);
#1637=ORIENTED_EDGE('',*,*,#2485,.T.);
#1638=ORIENTED_EDGE('',*,*,#1879,.F.);
#1639=ORIENTED_EDGE('',*,*,#1881,.T.);
#1640=ORIENTED_EDGE('',*,*,#1885,.F.);
#1641=ORIENTED_EDGE('',*,*,#1889,.F.);
#1642=ORIENTED_EDGE('',*,*,#1874,.F.);
#1643=ORIENTED_EDGE('',*,*,#1834,.F.);
#1644=ORIENTED_EDGE('',*,*,#1871,.T.);
#1645=ORIENTED_EDGE('',*,*,#1888,.F.);
#1646=ORIENTED_EDGE('',*,*,#1891,.T.);
#1647=ORIENTED_EDGE('',*,*,#1895,.T.);
#1648=ORIENTED_EDGE('',*,*,#1898,.F.);
#1649=ORIENTED_EDGE('',*,*,#1900,.T.);
#1650=ORIENTED_EDGE('',*,*,#1904,.F.);
#1651=ORIENTED_EDGE('',*,*,#1907,.F.);
#1652=ORIENTED_EDGE('',*,*,#1830,.F.);
#1653=ORIENTED_EDGE('',*,*,#1790,.F.);
#1654=ORIENTED_EDGE('',*,*,#1827,.T.);
#1655=ORIENTED_EDGE('',*,*,#1906,.F.);
#1656=ORIENTED_EDGE('',*,*,#1910,.T.);
#1657=ORIENTED_EDGE('',*,*,#1914,.T.);
#1658=ORIENTED_EDGE('',*,*,#2438,.T.);
#1659=ORIENTED_EDGE('',*,*,#2435,.T.);
#1660=ORIENTED_EDGE('',*,*,#2433,.F.);
#1661=ORIENTED_EDGE('',*,*,#2430,.T.);
#1662=ORIENTED_EDGE('',*,*,#2426,.F.);
#1663=ORIENTED_EDGE('',*,*,#2410,.F.);
#1664=ORIENTED_EDGE('',*,*,#2421,.T.);
#1665=ORIENTED_EDGE('',*,*,#2429,.T.);
#1666=ORIENTED_EDGE('',*,*,#2381,.T.);
#1667=ORIENTED_EDGE('',*,*,#2379,.T.);
#1668=ORIENTED_EDGE('',*,*,#2375,.T.);
#1669=ORIENTED_EDGE('',*,*,#2372,.T.);
#1670=ORIENTED_EDGE('',*,*,#2370,.F.);
#1671=ORIENTED_EDGE('',*,*,#2366,.T.);
#1672=ORIENTED_EDGE('',*,*,#1957,.F.);
#1673=ORIENTED_EDGE('',*,*,#1941,.F.);
#1674=ORIENTED_EDGE('',*,*,#1952,.T.);
#1675=ORIENTED_EDGE('',*,*,#2365,.T.);
#1676=ORIENTED_EDGE('',*,*,#2362,.T.);
#1677=ORIENTED_EDGE('',*,*,#2360,.T.);
#1678=ORIENTED_EDGE('',*,*,#2356,.T.);
#1679=ORIENTED_EDGE('',*,*,#2353,.T.);
#1680=ORIENTED_EDGE('',*,*,#2351,.F.);
#1681=ORIENTED_EDGE('',*,*,#2348,.T.);
#1682=ORIENTED_EDGE('',*,*,#2344,.F.);
#1683=ORIENTED_EDGE('',*,*,#2328,.F.);
#1684=ORIENTED_EDGE('',*,*,#2339,.T.);
#1685=ORIENTED_EDGE('',*,*,#2347,.T.);
#1686=ORIENTED_EDGE('',*,*,#2299,.T.);
#1687=ORIENTED_EDGE('',*,*,#2297,.T.);
#1688=ORIENTED_EDGE('',*,*,#2291,.F.);
#1689=ORIENTED_EDGE('',*,*,#2467,.T.);
#1690=ORIENTED_EDGE('',*,*,#2486,.T.);
#1691=ORIENTED_EDGE('',*,*,#2440,.F.);
#1692=ORIENTED_EDGE('',*,*,#1876,.F.);
#1693=ORIENTED_EDGE('',*,*,#2485,.F.);
#1694=ORIENTED_EDGE('',*,*,#2486,.F.);
#1695=ORIENTED_EDGE('',*,*,#2484,.F.);
#1696=ORIENTED_EDGE('',*,*,#2487,.F.);
#1697=ORIENTED_EDGE('',*,*,#2441,.F.);
#1698=ORIENTED_EDGE('',*,*,#2487,.T.);
#1699=ORIENTED_EDGE('',*,*,#2483,.T.);
#1700=ORIENTED_EDGE('',*,*,#2488,.F.);
#1701=ORIENTED_EDGE('',*,*,#2489,.F.);
#1702=ORIENTED_EDGE('',*,*,#2490,.T.);
#1703=ORIENTED_EDGE('',*,*,#2480,.T.);
#1704=ORIENTED_EDGE('',*,*,#2447,.F.);
#1705=ORIENTED_EDGE('',*,*,#2442,.F.);
#1706=ORIENTED_EDGE('',*,*,#2491,.T.);
#1707=ORIENTED_EDGE('',*,*,#2489,.T.);
#1708=ORIENTED_EDGE('',*,*,#2492,.F.);
#1709=ORIENTED_EDGE('',*,*,#2493,.F.);
#1710=ORIENTED_EDGE('',*,*,#2493,.T.);
#1711=ORIENTED_EDGE('',*,*,#2494,.F.);
#1712=ORIENTED_EDGE('',*,*,#2495,.T.);
#1713=ORIENTED_EDGE('',*,*,#2496,.F.);
#1714=ORIENTED_EDGE('',*,*,#2495,.F.);
#1715=ORIENTED_EDGE('',*,*,#2497,.F.);
#1716=ORIENTED_EDGE('',*,*,#2498,.F.);
#1717=ORIENTED_EDGE('',*,*,#2499,.T.);
#1718=ORIENTED_EDGE('',*,*,#2498,.T.);
#1719=ORIENTED_EDGE('',*,*,#2500,.F.);
#1720=ORIENTED_EDGE('',*,*,#2501,.T.);
#1721=ORIENTED_EDGE('',*,*,#2502,.F.);
#1722=ORIENTED_EDGE('',*,*,#2501,.F.);
#1723=ORIENTED_EDGE('',*,*,#2503,.F.);
#1724=ORIENTED_EDGE('',*,*,#2504,.T.);
#1725=ORIENTED_EDGE('',*,*,#2505,.F.);
#1726=ORIENTED_EDGE('',*,*,#2504,.F.);
#1727=ORIENTED_EDGE('',*,*,#2506,.F.);
#1728=ORIENTED_EDGE('',*,*,#2507,.F.);
#1729=ORIENTED_EDGE('',*,*,#2508,.F.);
#1730=ORIENTED_EDGE('',*,*,#2507,.T.);
#1731=ORIENTED_EDGE('',*,*,#2509,.F.);
#1732=ORIENTED_EDGE('',*,*,#2510,.T.);
#1733=ORIENTED_EDGE('',*,*,#2511,.F.);
#1734=ORIENTED_EDGE('',*,*,#2510,.F.);
#1735=ORIENTED_EDGE('',*,*,#2512,.T.);
#1736=ORIENTED_EDGE('',*,*,#2513,.T.);
#1737=ORIENTED_EDGE('',*,*,#2514,.F.);
#1738=ORIENTED_EDGE('',*,*,#2515,.T.);
#1739=ORIENTED_EDGE('',*,*,#2516,.T.);
#1740=ORIENTED_EDGE('',*,*,#2517,.T.);
#1741=ORIENTED_EDGE('',*,*,#1787,.T.);
#1742=ORIENTED_EDGE('',*,*,#2481,.T.);
#1743=ORIENTED_EDGE('',*,*,#2490,.F.);
#1744=ORIENTED_EDGE('',*,*,#2491,.F.);
#1745=ORIENTED_EDGE('',*,*,#2496,.T.);
#1746=ORIENTED_EDGE('',*,*,#2499,.F.);
#1747=ORIENTED_EDGE('',*,*,#2502,.T.);
#1748=ORIENTED_EDGE('',*,*,#2505,.T.);
#1749=ORIENTED_EDGE('',*,*,#2508,.T.);
#1750=ORIENTED_EDGE('',*,*,#2511,.T.);
#1751=ORIENTED_EDGE('',*,*,#2514,.T.);
#1752=ORIENTED_EDGE('',*,*,#2518,.F.);
#1753=ORIENTED_EDGE('',*,*,#2518,.T.);
#1754=ORIENTED_EDGE('',*,*,#2513,.F.);
#1755=ORIENTED_EDGE('',*,*,#2519,.F.);
#1756=ORIENTED_EDGE('',*,*,#2520,.F.);
#1757=ORIENTED_EDGE('',*,*,#2519,.T.);
#1758=ORIENTED_EDGE('',*,*,#2512,.F.);
#1759=ORIENTED_EDGE('',*,*,#2509,.T.);
#1760=ORIENTED_EDGE('',*,*,#2506,.T.);
#1761=ORIENTED_EDGE('',*,*,#2503,.T.);
#1762=ORIENTED_EDGE('',*,*,#2500,.T.);
#1763=ORIENTED_EDGE('',*,*,#2497,.T.);
#1764=ORIENTED_EDGE('',*,*,#2494,.T.);
#1765=ORIENTED_EDGE('',*,*,#2492,.T.);
#1766=ORIENTED_EDGE('',*,*,#2488,.T.);
#1767=ORIENTED_EDGE('',*,*,#2482,.F.);
#1768=ORIENTED_EDGE('',*,*,#1785,.T.);
#1769=ORIENTED_EDGE('',*,*,#2521,.F.);
#1770=ORIENTED_EDGE('',*,*,#2522,.T.);
#1771=ORIENTED_EDGE('',*,*,#2523,.T.);
#1772=ORIENTED_EDGE('',*,*,#2523,.F.);
#1773=ORIENTED_EDGE('',*,*,#2524,.F.);
#1774=ORIENTED_EDGE('',*,*,#2515,.F.);
#1775=ORIENTED_EDGE('',*,*,#2520,.T.);
#1776=ORIENTED_EDGE('',*,*,#2524,.T.);
#1777=ORIENTED_EDGE('',*,*,#2522,.F.);
#1778=ORIENTED_EDGE('',*,*,#2525,.T.);
#1779=ORIENTED_EDGE('',*,*,#2516,.F.);
#1780=ORIENTED_EDGE('',*,*,#2525,.F.);
#1781=ORIENTED_EDGE('',*,*,#2521,.T.);
#1782=ORIENTED_EDGE('',*,*,#1784,.F.);
#1783=ORIENTED_EDGE('',*,*,#2517,.F.);
#1784=EDGE_CURVE('',#2526,#2527,#3018,.T.);
#1785=EDGE_CURVE('',#2528,#2527,#218,.T.);
#1786=EDGE_CURVE('',#2528,#2529,#3019,.T.);
#1787=EDGE_CURVE('',#2526,#2529,#219,.T.);
#1788=EDGE_CURVE('',#2530,#2531,#3020,.T.);
#1789=EDGE_CURVE('',#2532,#2531,#220,.T.);
#1790=EDGE_CURVE('',#2532,#2533,#3021,.T.);
#1791=EDGE_CURVE('',#2530,#2533,#221,.T.);
#1792=EDGE_CURVE('',#2534,#2535,#3022,.T.);
#1793=EDGE_CURVE('',#2534,#2531,#3023,.T.);
#1794=EDGE_CURVE('',#2535,#2530,#3024,.T.);
#1795=EDGE_CURVE('',#2536,#2537,#3025,.T.);
#1796=EDGE_CURVE('',#2534,#2537,#222,.T.);
#1797=EDGE_CURVE('',#2536,#2535,#223,.T.);
#1798=EDGE_CURVE('',#2538,#2539,#3026,.T.);
#1799=EDGE_CURVE('',#2539,#2540,#3027,.T.);
#1800=EDGE_CURVE('',#2541,#2540,#3028,.T.);
#1801=EDGE_CURVE('',#2538,#2541,#3029,.T.);
#1802=EDGE_CURVE('',#2542,#2541,#224,.T.);
#1803=EDGE_CURVE('',#2542,#2543,#3030,.T.);
#1804=EDGE_CURVE('',#2538,#2543,#225,.T.);
#1805=EDGE_CURVE('',#2544,#2542,#3031,.T.);
#1806=EDGE_CURVE('',#2545,#2544,#3032,.T.);
#1807=EDGE_CURVE('',#2545,#2543,#3033,.T.);
#1808=EDGE_CURVE('',#2546,#2544,#226,.T.);
#1809=EDGE_CURVE('',#2546,#2547,#3034,.T.);
#1810=EDGE_CURVE('',#2545,#2547,#227,.T.);
#1811=EDGE_CURVE('',#2548,#2546,#3035,.T.);
#1812=EDGE_CURVE('',#2548,#2549,#3036,.T.);
#1813=EDGE_CURVE('',#2547,#2549,#3037,.T.);
#1814=EDGE_CURVE('',#2550,#2548,#3038,.F.);
#1815=EDGE_CURVE('',#2551,#2550,#3039,.T.);
#1816=EDGE_CURVE('',#2549,#2551,#3040,.F.);
#1817=EDGE_CURVE('',#2552,#2550,#228,.T.);
#1818=EDGE_CURVE('',#2552,#2553,#3041,.T.);
#1819=EDGE_CURVE('',#2551,#2553,#229,.T.);
#1820=EDGE_CURVE('',#2552,#2554,#3042,.T.);
#1821=EDGE_CURVE('',#2554,#2555,#3043,.T.);
#1822=EDGE_CURVE('',#2553,#2555,#3044,.T.);
#1823=EDGE_CURVE('',#2556,#2555,#3045,.T.);
#1824=EDGE_CURVE('',#2557,#2554,#3046,.T.);
#1825=EDGE_CURVE('',#2556,#2557,#3047,.T.);
#1826=EDGE_CURVE('',#2540,#2558,#3048,.T.);
#1827=EDGE_CURVE('',#2532,#2558,#3049,.T.);
#1828=EDGE_CURVE('',#2537,#2557,#3050,.T.);
#1829=EDGE_CURVE('',#2556,#2536,#3051,.T.);
#1830=EDGE_CURVE('',#2533,#2559,#3052,.T.);
#1831=EDGE_CURVE('',#2539,#2559,#3053,.T.);
#1832=EDGE_CURVE('',#2560,#2561,#3054,.T.);
#1833=EDGE_CURVE('',#2562,#2561,#230,.T.);
#1834=EDGE_CURVE('',#2562,#2563,#3055,.T.);
#1835=EDGE_CURVE('',#2560,#2563,#231,.T.);
#1836=EDGE_CURVE('',#2564,#2565,#3056,.T.);
#1837=EDGE_CURVE('',#2564,#2561,#3057,.T.);
#1838=EDGE_CURVE('',#2565,#2560,#3058,.T.);
#1839=EDGE_CURVE('',#2566,#2567,#3059,.T.);
#1840=EDGE_CURVE('',#2564,#2567,#232,.T.);
#1841=EDGE_CURVE('',#2566,#2565,#233,.T.);
#1842=EDGE_CURVE('',#2568,#2569,#3060,.T.);
#1843=EDGE_CURVE('',#2569,#2570,#3061,.T.);
#1844=EDGE_CURVE('',#2571,#2570,#3062,.T.);
#1845=EDGE_CURVE('',#2568,#2571,#3063,.T.);
#1846=EDGE_CURVE('',#2572,#2571,#234,.T.);
#1847=EDGE_CURVE('',#2572,#2573,#3064,.T.);
#1848=EDGE_CURVE('',#2568,#2573,#235,.T.);
#1849=EDGE_CURVE('',#2574,#2572,#3065,.T.);
#1850=EDGE_CURVE('',#2575,#2574,#3066,.T.);
#1851=EDGE_CURVE('',#2575,#2573,#3067,.T.);
#1852=EDGE_CURVE('',#2576,#2574,#236,.T.);
#1853=EDGE_CURVE('',#2576,#2577,#3068,.T.);
#1854=EDGE_CURVE('',#2575,#2577,#237,.T.);
#1855=EDGE_CURVE('',#2578,#2576,#3069,.T.);
#1856=EDGE_CURVE('',#2578,#2579,#3070,.T.);
#1857=EDGE_CURVE('',#2577,#2579,#3071,.T.);
#1858=EDGE_CURVE('',#2580,#2578,#3072,.F.);
#1859=EDGE_CURVE('',#2581,#2580,#3073,.T.);
#1860=EDGE_CURVE('',#2579,#2581,#3074,.F.);
#1861=EDGE_CURVE('',#2582,#2580,#238,.T.);
#1862=EDGE_CURVE('',#2582,#2583,#3075,.T.);
#1863=EDGE_CURVE('',#2581,#2583,#239,.T.);
#1864=EDGE_CURVE('',#2582,#2584,#3076,.T.);
#1865=EDGE_CURVE('',#2584,#2585,#3077,.T.);
#1866=EDGE_CURVE('',#2583,#2585,#3078,.T.);
#1867=EDGE_CURVE('',#2586,#2585,#3079,.T.);
#1868=EDGE_CURVE('',#2587,#2584,#3080,.T.);
#1869=EDGE_CURVE('',#2586,#2587,#3081,.T.);
#1870=EDGE_CURVE('',#2570,#2588,#3082,.T.);
#1871=EDGE_CURVE('',#2562,#2588,#3083,.T.);
#1872=EDGE_CURVE('',#2567,#2587,#3084,.T.);
#1873=EDGE_CURVE('',#2586,#2566,#3085,.T.);
#1874=EDGE_CURVE('',#2563,#2589,#3086,.T.);
#1875=EDGE_CURVE('',#2569,#2589,#3087,.T.);
#1876=EDGE_CURVE('',#2590,#2591,#3088,.T.);
#1877=EDGE_CURVE('',#2592,#2591,#3089,.T.);
#1878=EDGE_CURVE('',#2593,#2592,#3090,.T.);
#1879=EDGE_CURVE('',#2593,#2590,#3091,.T.);
#1880=EDGE_CURVE('',#2594,#2595,#3092,.T.);
#1881=EDGE_CURVE('',#2593,#2594,#3093,.T.);
#1882=EDGE_CURVE('',#2595,#2592,#3094,.T.);
#1883=EDGE_CURVE('',#2595,#2596,#3095,.T.);
#1884=EDGE_CURVE('',#2596,#2597,#3096,.T.);
#1885=EDGE_CURVE('',#2597,#2594,#3097,.T.);
#1886=EDGE_CURVE('',#2598,#2596,#3098,.T.);
#1887=EDGE_CURVE('',#2598,#2599,#3099,.T.);
#1888=EDGE_CURVE('',#2599,#2588,#3100,.T.);
#1889=EDGE_CURVE('',#2589,#2597,#3101,.T.);
#1890=EDGE_CURVE('',#2600,#2601,#3102,.T.);
#1891=EDGE_CURVE('',#2599,#2600,#3103,.T.);
#1892=EDGE_CURVE('',#2601,#2598,#3104,.T.);
#1893=EDGE_CURVE('',#2602,#2601,#3105,.T.);
#1894=EDGE_CURVE('',#2603,#2602,#3106,.T.);
#1895=EDGE_CURVE('',#2600,#2603,#3107,.T.);
#1896=EDGE_CURVE('',#2604,#2602,#3108,.T.);
#1897=EDGE_CURVE('',#2605,#2604,#3109,.T.);
#1898=EDGE_CURVE('',#2605,#2603,#3110,.T.);
#1899=EDGE_CURVE('',#2606,#2607,#3111,.T.);
#1900=EDGE_CURVE('',#2605,#2606,#3112,.T.);
#1901=EDGE_CURVE('',#2607,#2604,#3113,.T.);
#1902=EDGE_CURVE('',#2607,#2608,#3114,.T.);
#1903=EDGE_CURVE('',#2608,#2609,#3115,.T.);
#1904=EDGE_CURVE('',#2609,#2606,#3116,.T.);
#1905=EDGE_CURVE('',#2610,#2611,#3117,.T.);
#1906=EDGE_CURVE('',#2611,#2558,#3118,.T.);
#1907=EDGE_CURVE('',#2559,#2609,#3119,.T.);
#1908=EDGE_CURVE('',#2610,#2608,#3120,.T.);
#1909=EDGE_CURVE('',#2612,#2613,#3121,.T.);
#1910=EDGE_CURVE('',#2611,#2612,#3122,.T.);
#1911=EDGE_CURVE('',#2613,#2610,#3123,.T.);
#1912=EDGE_CURVE('',#2614,#2613,#3124,.T.);
#1913=EDGE_CURVE('',#2615,#2614,#3125,.T.);
#1914=EDGE_CURVE('',#2612,#2615,#3126,.T.);
#1915=EDGE_CURVE('',#2616,#2617,#3127,.T.);
#1916=EDGE_CURVE('',#2618,#2617,#3128,.T.);
#1917=EDGE_CURVE('',#2619,#2618,#3129,.T.);
#1918=EDGE_CURVE('',#2616,#2619,#3130,.T.);
#1919=EDGE_CURVE('',#2616,#2620,#240,.T.);
#1920=EDGE_CURVE('',#2621,#2619,#241,.T.);
#1921=EDGE_CURVE('',#2621,#2620,#3131,.T.);
#1922=EDGE_CURVE('',#2620,#2622,#3132,.T.);
#1923=EDGE_CURVE('',#2623,#2621,#3133,.T.);
#1924=EDGE_CURVE('',#2623,#2622,#3134,.T.);
#1925=EDGE_CURVE('',#2622,#2624,#3135,.T.);
#1926=EDGE_CURVE('',#2625,#2623,#3136,.T.);
#1927=EDGE_CURVE('',#2624,#2625,#3137,.T.);
#1928=EDGE_CURVE('',#2624,#2626,#242,.T.);
#1929=EDGE_CURVE('',#2627,#2625,#243,.T.);
#1930=EDGE_CURVE('',#2627,#2626,#3138,.T.);
#1931=EDGE_CURVE('',#2626,#2628,#3139,.T.);
#1932=EDGE_CURVE('',#2627,#2629,#3140,.T.);
#1933=EDGE_CURVE('',#2628,#2629,#3141,.T.);
#1934=EDGE_CURVE('',#2628,#2630,#244,.T.);
#1935=EDGE_CURVE('',#2631,#2629,#245,.T.);
#1936=EDGE_CURVE('',#2631,#2630,#3142,.T.);
#1937=EDGE_CURVE('',#2631,#2632,#3143,.T.);
#1938=EDGE_CURVE('',#2633,#2632,#3144,.T.);
#1939=EDGE_CURVE('',#2630,#2633,#3145,.T.);
#1940=EDGE_CURVE('',#2634,#2635,#246,.T.);
#1941=EDGE_CURVE('',#2634,#2636,#3146,.T.);
#1942=EDGE_CURVE('',#2637,#2636,#247,.T.);
#1943=EDGE_CURVE('',#2637,#2635,#3147,.T.);
#1944=EDGE_CURVE('',#2638,#2635,#3148,.T.);
#1945=EDGE_CURVE('',#2639,#2637,#3149,.T.);
#1946=EDGE_CURVE('',#2638,#2639,#3150,.T.);
#1947=EDGE_CURVE('',#2638,#2640,#248,.T.);
#1948=EDGE_CURVE('',#2641,#2639,#249,.T.);
#1949=EDGE_CURVE('',#2641,#2640,#3151,.T.);
#1950=EDGE_CURVE('',#2642,#2617,#3152,.T.);
#1951=EDGE_CURVE('',#2633,#2643,#3153,.T.);
#1952=EDGE_CURVE('',#2634,#2643,#3154,.T.);
#1953=EDGE_CURVE('',#2640,#2642,#3155,.T.);
#1954=EDGE_CURVE('',#2642,#2644,#3156,.T.);
#1955=EDGE_CURVE('',#2644,#2618,#3157,.T.);
#1956=EDGE_CURVE('',#2644,#2641,#3158,.T.);
#1957=EDGE_CURVE('',#2636,#2645,#3159,.T.);
#1958=EDGE_CURVE('',#2632,#2645,#3160,.T.);
#1959=EDGE_CURVE('',#2646,#2647,#3161,.T.);
#1960=EDGE_CURVE('',#2646,#2648,#250,.T.);
#1961=EDGE_CURVE('',#2648,#2649,#3162,.T.);
#1962=EDGE_CURVE('',#2649,#2650,#3163,.T.);
#1963=EDGE_CURVE('',#2650,#2651,#3164,.T.);
#1964=EDGE_CURVE('',#2651,#2652,#3165,.T.);
#1965=EDGE_CURVE('',#2652,#2653,#3166,.T.);
#1966=EDGE_CURVE('',#2653,#2654,#3167,.T.);
#1967=EDGE_CURVE('',#2654,#2655,#3168,.T.);
#1968=EDGE_CURVE('',#2655,#2656,#3169,.T.);
#1969=EDGE_CURVE('',#2656,#2657,#3170,.T.);
#1970=EDGE_CURVE('',#2657,#2658,#3171,.T.);
#1971=EDGE_CURVE('',#2658,#2659,#3172,.T.);
#1972=EDGE_CURVE('',#2659,#2660,#3173,.T.);
#1973=EDGE_CURVE('',#2660,#2647,#251,.T.);
#1974=EDGE_CURVE('',#2661,#2662,#3174,.T.);
#1975=EDGE_CURVE('',#2649,#2662,#3175,.T.);
#1976=EDGE_CURVE('',#2661,#2648,#3176,.T.);
#1977=EDGE_CURVE('',#2662,#2663,#3177,.T.);
#1978=EDGE_CURVE('',#2650,#2663,#3178,.T.);
#1979=EDGE_CURVE('',#2663,#2664,#3179,.T.);
#1980=EDGE_CURVE('',#2651,#2664,#3180,.T.);
#1981=EDGE_CURVE('',#2665,#2664,#3181,.T.);
#1982=EDGE_CURVE('',#2652,#2665,#3182,.T.);
#1983=EDGE_CURVE('',#2665,#2666,#3183,.T.);
#1984=EDGE_CURVE('',#2653,#2666,#3184,.T.);
#1985=EDGE_CURVE('',#2667,#2666,#3185,.T.);
#1986=EDGE_CURVE('',#2654,#2667,#3186,.T.);
#1987=EDGE_CURVE('',#2667,#2668,#3187,.T.);
#1988=EDGE_CURVE('',#2655,#2668,#3188,.T.);
#1989=EDGE_CURVE('',#2669,#2668,#3189,.T.);
#1990=EDGE_CURVE('',#2656,#2669,#3190,.T.);
#1991=EDGE_CURVE('',#2670,#2669,#3191,.T.);
#1992=EDGE_CURVE('',#2657,#2670,#3192,.T.);
#1993=EDGE_CURVE('',#2671,#2670,#3193,.T.);
#1994=EDGE_CURVE('',#2658,#2671,#3194,.T.);
#1995=EDGE_CURVE('',#2671,#2672,#3195,.T.);
#1996=EDGE_CURVE('',#2659,#2672,#3196,.T.);
#1997=EDGE_CURVE('',#2672,#2673,#3197,.T.);
#1998=EDGE_CURVE('',#2660,#2673,#3198,.T.);
#1999=EDGE_CURVE('',#2674,#2673,#252,.T.);
#2000=EDGE_CURVE('',#2674,#2647,#3199,.T.);
#2001=EDGE_CURVE('',#2661,#2675,#253,.T.);
#2002=EDGE_CURVE('',#2675,#2674,#3200,.T.);
#2003=EDGE_CURVE('',#2646,#2675,#3201,.T.);
#2004=EDGE_CURVE('',#2676,#2677,#3202,.T.);
#2005=EDGE_CURVE('',#2676,#2678,#3203,.T.);
#2006=EDGE_CURVE('',#2679,#2678,#3204,.T.);
#2007=EDGE_CURVE('',#2677,#2679,#3205,.T.);
#2008=EDGE_CURVE('',#2680,#2681,#3206,.T.);
#2009=EDGE_CURVE('',#2678,#2681,#3207,.T.);
#2010=EDGE_CURVE('',#2676,#2680,#3208,.T.);
#2011=EDGE_CURVE('',#2682,#2683,#3209,.T.);
#2012=EDGE_CURVE('',#2684,#2683,#3210,.T.);
#2013=EDGE_CURVE('',#2685,#2684,#3211,.T.);
#2014=EDGE_CURVE('',#2685,#2682,#3212,.T.);
#2015=EDGE_CURVE('',#2686,#2687,#3213,.T.);
#2016=EDGE_CURVE('',#2688,#2687,#3214,.T.);
#2017=EDGE_CURVE('',#2689,#2688,#3215,.T.);
#2018=EDGE_CURVE('',#2689,#2686,#3216,.T.);
#2019=EDGE_CURVE('',#2690,#2691,#3217,.T.);
#2020=EDGE_CURVE('',#2692,#2691,#3218,.T.);
#2021=EDGE_CURVE('',#2693,#2692,#3219,.T.);
#2022=EDGE_CURVE('',#2693,#2690,#3220,.T.);
#2023=EDGE_CURVE('',#2694,#2695,#3221,.T.);
#2024=EDGE_CURVE('',#2695,#2696,#3222,.T.);
#2025=EDGE_CURVE('',#2696,#2697,#3223,.T.);
#2026=EDGE_CURVE('',#2694,#2697,#3224,.T.);
#2027=EDGE_CURVE('',#2690,#2697,#3225,.T.);
#2028=EDGE_CURVE('',#2693,#2698,#3226,.T.);
#2029=EDGE_CURVE('',#2698,#2699,#254,.T.);
#2030=EDGE_CURVE('',#2699,#2700,#3227,.T.);
#2031=EDGE_CURVE('',#2700,#2694,#3228,.T.);
#2032=EDGE_CURVE('',#2700,#2701,#3229,.T.);
#2033=EDGE_CURVE('',#2695,#2701,#3230,.T.);
#2034=EDGE_CURVE('',#2701,#2702,#3231,.T.);
#2035=EDGE_CURVE('',#2702,#2703,#255,.T.);
#2036=EDGE_CURVE('',#2703,#2692,#3232,.T.);
#2037=EDGE_CURVE('',#2691,#2696,#3233,.T.);
#2038=EDGE_CURVE('',#2702,#2704,#3234,.T.);
#2039=EDGE_CURVE('',#2705,#2704,#256,.T.);
#2040=EDGE_CURVE('',#2705,#2703,#3235,.T.);
#2041=EDGE_CURVE('',#2706,#2707,#3236,.T.);
#2042=EDGE_CURVE('',#2707,#2708,#3237,.T.);
#2043=EDGE_CURVE('',#2708,#2709,#3238,.T.);
#2044=EDGE_CURVE('',#2706,#2709,#3239,.T.);
#2045=EDGE_CURVE('',#2686,#2709,#3240,.T.);
#2046=EDGE_CURVE('',#2689,#2705,#3241,.T.);
#2047=EDGE_CURVE('',#2704,#2710,#3242,.T.);
#2048=EDGE_CURVE('',#2710,#2706,#3243,.T.);
#2049=EDGE_CURVE('',#2710,#2711,#3244,.T.);
#2050=EDGE_CURVE('',#2707,#2711,#3245,.T.);
#2051=EDGE_CURVE('',#2711,#2712,#3246,.T.);
#2052=EDGE_CURVE('',#2712,#2713,#257,.T.);
#2053=EDGE_CURVE('',#2713,#2688,#3247,.T.);
#2054=EDGE_CURVE('',#2687,#2708,#3248,.T.);
#2055=EDGE_CURVE('',#2712,#2714,#3249,.T.);
#2056=EDGE_CURVE('',#2715,#2714,#258,.T.);
#2057=EDGE_CURVE('',#2715,#2713,#3250,.T.);
#2058=EDGE_CURVE('',#2716,#2717,#3251,.T.);
#2059=EDGE_CURVE('',#2717,#2718,#3252,.T.);
#2060=EDGE_CURVE('',#2718,#2719,#3253,.T.);
#2061=EDGE_CURVE('',#2716,#2719,#3254,.T.);
#2062=EDGE_CURVE('',#2682,#2719,#3255,.T.);
#2063=EDGE_CURVE('',#2685,#2715,#3256,.T.);
#2064=EDGE_CURVE('',#2714,#2720,#3257,.T.);
#2065=EDGE_CURVE('',#2720,#2716,#3258,.T.);
#2066=EDGE_CURVE('',#2720,#2721,#3259,.T.);
#2067=EDGE_CURVE('',#2717,#2721,#3260,.T.);
#2068=EDGE_CURVE('',#2721,#2722,#3261,.T.);
#2069=EDGE_CURVE('',#2722,#2723,#259,.T.);
#2070=EDGE_CURVE('',#2723,#2684,#3262,.T.);
#2071=EDGE_CURVE('',#2683,#2718,#3263,.T.);
#2072=EDGE_CURVE('',#2724,#2725,#3264,.T.);
#2073=EDGE_CURVE('',#2724,#2726,#3265,.T.);
#2074=EDGE_CURVE('',#2726,#2727,#3266,.T.);
#2075=EDGE_CURVE('',#2725,#2727,#3267,.T.);
#2076=EDGE_CURVE('',#2728,#2729,#3268,.T.);
#2077=EDGE_CURVE('',#2728,#2730,#3269,.T.);
#2078=EDGE_CURVE('',#2730,#2731,#3270,.T.);
#2079=EDGE_CURVE('',#2729,#2731,#3271,.T.);
#2080=EDGE_CURVE('',#2732,#2733,#3272,.T.);
#2081=EDGE_CURVE('',#2732,#2729,#3273,.T.);
#2082=EDGE_CURVE('',#2731,#2733,#3274,.T.);
#2083=EDGE_CURVE('',#2734,#2732,#3275,.T.);
#2084=EDGE_CURVE('',#2728,#2734,#3276,.T.);
#2085=EDGE_CURVE('',#2734,#2735,#3277,.T.);
#2086=EDGE_CURVE('',#2730,#2735,#3278,.T.);
#2087=EDGE_CURVE('',#2736,#2737,#3279,.T.);
#2088=EDGE_CURVE('',#2738,#2737,#3280,.T.);
#2089=EDGE_CURVE('',#2738,#2739,#3281,.T.);
#2090=EDGE_CURVE('',#2739,#2736,#3282,.T.);
#2091=EDGE_CURVE('',#2739,#2740,#3283,.T.);
#2092=EDGE_CURVE('',#2738,#2741,#3284,.T.);
#2093=EDGE_CURVE('',#2741,#2740,#3285,.T.);
#2094=EDGE_CURVE('',#2740,#2742,#3286,.T.);
#2095=EDGE_CURVE('',#2742,#2743,#3287,.T.);
#2096=EDGE_CURVE('',#2739,#2743,#3288,.T.);
#2097=EDGE_CURVE('',#2744,#2745,#3289,.T.);
#2098=EDGE_CURVE('',#2743,#2744,#3290,.T.);
#2099=EDGE_CURVE('',#2745,#2742,#3291,.T.);
#2100=EDGE_CURVE('',#2745,#2746,#3292,.T.);
#2101=EDGE_CURVE('',#2747,#2746,#3293,.T.);
#2102=EDGE_CURVE('',#2744,#2747,#3294,.T.);
#2103=EDGE_CURVE('',#2748,#2749,#3295,.T.);
#2104=EDGE_CURVE('',#2748,#2747,#3296,.T.);
#2105=EDGE_CURVE('',#2749,#2746,#3297,.T.);
#2106=EDGE_CURVE('',#2750,#2751,#3298,.T.);
#2107=EDGE_CURVE('',#2748,#2750,#3299,.T.);
#2108=EDGE_CURVE('',#2749,#2751,#3300,.T.);
#2109=EDGE_CURVE('',#2752,#2751,#3301,.T.);
#2110=EDGE_CURVE('',#2753,#2752,#3302,.T.);
#2111=EDGE_CURVE('',#2750,#2753,#3303,.T.);
#2112=EDGE_CURVE('',#2752,#2754,#3304,.T.);
#2113=EDGE_CURVE('',#2754,#2755,#3305,.T.);
#2114=EDGE_CURVE('',#2753,#2755,#3306,.T.);
#2115=EDGE_CURVE('',#2756,#2757,#3307,.T.);
#2116=EDGE_CURVE('',#2756,#2758,#3308,.T.);
#2117=EDGE_CURVE('',#2758,#2759,#3309,.T.);
#2118=EDGE_CURVE('',#2757,#2759,#3310,.T.);
#2119=EDGE_CURVE('',#2760,#2761,#3311,.T.);
#2120=EDGE_CURVE('',#2760,#2762,#3312,.T.);
#2121=EDGE_CURVE('',#2762,#2763,#3313,.T.);
#2122=EDGE_CURVE('',#2761,#2763,#3314,.T.);
#2123=EDGE_CURVE('',#2764,#2765,#3315,.T.);
#2124=EDGE_CURVE('',#2766,#2765,#260,.T.);
#2125=EDGE_CURVE('',#2766,#2767,#3316,.T.);
#2126=EDGE_CURVE('',#2764,#2767,#261,.T.);
#2127=EDGE_CURVE('',#2768,#2769,#3317,.T.);
#2128=EDGE_CURVE('',#2763,#2769,#3318,.T.);
#2129=EDGE_CURVE('',#2762,#2764,#3319,.T.);
#2130=EDGE_CURVE('',#2767,#2770,#3320,.T.);
#2131=EDGE_CURVE('',#2770,#2768,#3321,.T.);
#2132=EDGE_CURVE('',#2771,#2772,#3322,.T.);
#2133=EDGE_CURVE('',#2769,#2772,#3323,.T.);
#2134=EDGE_CURVE('',#2771,#2768,#3324,.T.);
#2135=EDGE_CURVE('',#2773,#2770,#3325,.T.);
#2136=EDGE_CURVE('',#2771,#2773,#3326,.T.);
#2137=EDGE_CURVE('',#2773,#2774,#3327,.T.);
#2138=EDGE_CURVE('',#2774,#2775,#262,.T.);
#2139=EDGE_CURVE('',#2775,#2760,#3328,.T.);
#2140=EDGE_CURVE('',#2761,#2772,#3329,.T.);
#2141=EDGE_CURVE('',#2776,#2775,#3330,.T.);
#2142=EDGE_CURVE('',#2774,#2777,#3331,.T.);
#2143=EDGE_CURVE('',#2776,#2777,#263,.T.);
#2144=EDGE_CURVE('',#2778,#2779,#3332,.T.);
#2145=EDGE_CURVE('',#2759,#2779,#3333,.T.);
#2146=EDGE_CURVE('',#2758,#2776,#3334,.T.);
#2147=EDGE_CURVE('',#2777,#2780,#3335,.T.);
#2148=EDGE_CURVE('',#2780,#2778,#3336,.T.);
#2149=EDGE_CURVE('',#2781,#2782,#3337,.T.);
#2150=EDGE_CURVE('',#2779,#2782,#3338,.T.);
#2151=EDGE_CURVE('',#2781,#2778,#3339,.T.);
#2152=EDGE_CURVE('',#2783,#2780,#3340,.T.);
#2153=EDGE_CURVE('',#2781,#2783,#3341,.T.);
#2154=EDGE_CURVE('',#2783,#2784,#3342,.T.);
#2155=EDGE_CURVE('',#2784,#2785,#264,.T.);
#2156=EDGE_CURVE('',#2785,#2756,#3343,.T.);
#2157=EDGE_CURVE('',#2757,#2782,#3344,.T.);
#2158=EDGE_CURVE('',#2784,#2786,#3345,.T.);
#2159=EDGE_CURVE('',#2787,#2786,#265,.T.);
#2160=EDGE_CURVE('',#2787,#2785,#3346,.T.);
#2161=EDGE_CURVE('',#2786,#2788,#3347,.T.);
#2162=EDGE_CURVE('',#2788,#2731,#3348,.T.);
#2163=EDGE_CURVE('',#2735,#2789,#3349,.T.);
#2164=EDGE_CURVE('',#2789,#2790,#3350,.T.);
#2165=EDGE_CURVE('',#2790,#2736,#3351,.T.);
#2166=EDGE_CURVE('',#2755,#2787,#3352,.T.);
#2167=EDGE_CURVE('',#2736,#2791,#3353,.T.);
#2168=EDGE_CURVE('',#2790,#2792,#3354,.T.);
#2169=EDGE_CURVE('',#2792,#2791,#3355,.T.);
#2170=EDGE_CURVE('',#2793,#2794,#3356,.T.);
#2171=EDGE_CURVE('',#2725,#2794,#3357,.T.);
#2172=EDGE_CURVE('',#2727,#2793,#3358,.T.);
#2173=EDGE_CURVE('',#2789,#2795,#3359,.T.);
#2174=EDGE_CURVE('',#2795,#2792,#3360,.T.);
#2175=EDGE_CURVE('',#2796,#2797,#3361,.T.);
#2176=EDGE_CURVE('',#2798,#2797,#3362,.T.);
#2177=EDGE_CURVE('',#2799,#2798,#3363,.T.);
#2178=EDGE_CURVE('',#2796,#2799,#3364,.T.);
#2179=EDGE_CURVE('',#2799,#2766,#3365,.T.);
#2180=EDGE_CURVE('',#2765,#2724,#3366,.T.);
#2181=EDGE_CURVE('',#2796,#2794,#3367,.T.);
#2182=EDGE_CURVE('',#2797,#2793,#3368,.T.);
#2183=EDGE_CURVE('',#2726,#2800,#3369,.T.);
#2184=EDGE_CURVE('',#2800,#2801,#266,.T.);
#2185=EDGE_CURVE('',#2801,#2798,#3370,.T.);
#2186=EDGE_CURVE('',#2800,#2723,#3371,.T.);
#2187=EDGE_CURVE('',#2722,#2801,#3372,.T.);
#2188=EDGE_CURVE('',#2802,#2754,#3373,.T.);
#2189=EDGE_CURVE('',#2698,#2802,#3374,.T.);
#2190=EDGE_CURVE('',#2803,#2802,#267,.T.);
#2191=EDGE_CURVE('',#2803,#2699,#3375,.T.);
#2192=EDGE_CURVE('',#2740,#2791,#3376,.T.);
#2193=EDGE_CURVE('',#2679,#2795,#3377,.T.);
#2194=EDGE_CURVE('',#2804,#2681,#3378,.T.);
#2195=EDGE_CURVE('',#2804,#2803,#3379,.T.);
#2196=EDGE_CURVE('',#2741,#2805,#3380,.T.);
#2197=EDGE_CURVE('',#2791,#2805,#3381,.T.);
#2198=EDGE_CURVE('',#2805,#2737,#3382,.T.);
#2199=EDGE_CURVE('',#2806,#2807,#3383,.T.);
#2200=EDGE_CURVE('',#2808,#2806,#3384,.T.);
#2201=EDGE_CURVE('',#2809,#2808,#3385,.T.);
#2202=EDGE_CURVE('',#2809,#2807,#3386,.T.);
#2203=EDGE_CURVE('',#2810,#2811,#3387,.T.);
#2204=EDGE_CURVE('',#2812,#2810,#3388,.T.);
#2205=EDGE_CURVE('',#2812,#2813,#3389,.T.);
#2206=EDGE_CURVE('',#2811,#2813,#3390,.T.);
#2207=EDGE_CURVE('',#2814,#2815,#268,.T.);
#2208=EDGE_CURVE('',#2816,#2815,#3391,.T.);
#2209=EDGE_CURVE('',#2817,#2816,#3392,.T.);
#2210=EDGE_CURVE('',#2817,#2818,#3393,.T.);
#2211=EDGE_CURVE('',#2818,#2819,#3394,.T.);
#2212=EDGE_CURVE('',#2819,#2820,#3395,.T.);
#2213=EDGE_CURVE('',#2821,#2820,#3396,.T.);
#2214=EDGE_CURVE('',#2821,#2822,#3397,.T.);
#2215=EDGE_CURVE('',#2823,#2822,#3398,.T.);
#2216=EDGE_CURVE('',#2823,#2824,#3399,.T.);
#2217=EDGE_CURVE('',#2825,#2824,#3400,.T.);
#2218=EDGE_CURVE('',#2826,#2825,#3401,.T.);
#2219=EDGE_CURVE('',#2827,#2826,#3402,.T.);
#2220=EDGE_CURVE('',#2827,#2828,#269,.T.);
#2221=EDGE_CURVE('',#2828,#2814,#3403,.T.);
#2222=EDGE_CURVE('',#2829,#2828,#3404,.T.);
#2223=EDGE_CURVE('',#2827,#2830,#3405,.T.);
#2224=EDGE_CURVE('',#2829,#2830,#270,.T.);
#2225=EDGE_CURVE('',#2826,#2831,#3406,.T.);
#2226=EDGE_CURVE('',#2830,#2831,#3407,.T.);
#2227=EDGE_CURVE('',#2825,#2832,#3408,.T.);
#2228=EDGE_CURVE('',#2831,#2832,#3409,.T.);
#2229=EDGE_CURVE('',#2824,#2833,#3410,.T.);
#2230=EDGE_CURVE('',#2832,#2833,#3411,.T.);
#2231=EDGE_CURVE('',#2823,#2834,#3412,.T.);
#2232=EDGE_CURVE('',#2833,#2834,#3413,.T.);
#2233=EDGE_CURVE('',#2822,#2835,#3414,.T.);
#2234=EDGE_CURVE('',#2834,#2835,#3415,.T.);
#2235=EDGE_CURVE('',#2821,#2836,#3416,.T.);
#2236=EDGE_CURVE('',#2835,#2836,#3417,.T.);
#2237=EDGE_CURVE('',#2820,#2837,#3418,.T.);
#2238=EDGE_CURVE('',#2836,#2837,#3419,.T.);
#2239=EDGE_CURVE('',#2819,#2838,#3420,.T.);
#2240=EDGE_CURVE('',#2837,#2838,#3421,.T.);
#2241=EDGE_CURVE('',#2818,#2839,#3422,.T.);
#2242=EDGE_CURVE('',#2838,#2839,#3423,.T.);
#2243=EDGE_CURVE('',#2817,#2840,#3424,.T.);
#2244=EDGE_CURVE('',#2839,#2840,#3425,.T.);
#2245=EDGE_CURVE('',#2816,#2841,#3426,.T.);
#2246=EDGE_CURVE('',#2840,#2841,#3427,.T.);
#2247=EDGE_CURVE('',#2842,#2815,#3428,.T.);
#2248=EDGE_CURVE('',#2841,#2842,#3429,.T.);
#2249=EDGE_CURVE('',#2814,#2843,#3430,.T.);
#2250=EDGE_CURVE('',#2842,#2843,#271,.T.);
#2251=EDGE_CURVE('',#2829,#2843,#3431,.T.);
#2252=EDGE_CURVE('',#2844,#2845,#3432,.T.);
#2253=EDGE_CURVE('',#2846,#2844,#3433,.T.);
#2254=EDGE_CURVE('',#2846,#2847,#3434,.T.);
#2255=EDGE_CURVE('',#2847,#2845,#3435,.T.);
#2256=EDGE_CURVE('',#2848,#2844,#3436,.T.);
#2257=EDGE_CURVE('',#2849,#2848,#3437,.T.);
#2258=EDGE_CURVE('',#2849,#2846,#3438,.T.);
#2259=EDGE_CURVE('',#2848,#2850,#3439,.T.);
#2260=EDGE_CURVE('',#2850,#2851,#3440,.T.);
#2261=EDGE_CURVE('',#2851,#2849,#3441,.T.);
#2262=EDGE_CURVE('',#2850,#2852,#3442,.T.);
#2263=EDGE_CURVE('',#2853,#2852,#3443,.T.);
#2264=EDGE_CURVE('',#2853,#2851,#3444,.T.);
#2265=EDGE_CURVE('',#2854,#2853,#3445,.T.);
#2266=EDGE_CURVE('',#2854,#2813,#3446,.T.);
#2267=EDGE_CURVE('',#2847,#2812,#3447,.T.);
#2268=EDGE_CURVE('',#2852,#2855,#3448,.T.);
#2269=EDGE_CURVE('',#2854,#2855,#3449,.T.);
#2270=EDGE_CURVE('',#2856,#2855,#3450,.T.);
#2271=EDGE_CURVE('',#2857,#2856,#3451,.T.);
#2272=EDGE_CURVE('',#2857,#2806,#3452,.T.);
#2273=EDGE_CURVE('',#2811,#2807,#3453,.T.);
#2274=EDGE_CURVE('',#2858,#2856,#3454,.T.);
#2275=EDGE_CURVE('',#2859,#2858,#3455,.T.);
#2276=EDGE_CURVE('',#2857,#2859,#3456,.T.);
#2277=EDGE_CURVE('',#2859,#2860,#3457,.T.);
#2278=EDGE_CURVE('',#2860,#2861,#3458,.T.);
#2279=EDGE_CURVE('',#2861,#2862,#3459,.T.);
#2280=EDGE_CURVE('',#2862,#2863,#3460,.T.);
#2281=EDGE_CURVE('',#2863,#2808,#3461,.T.);
#2282=EDGE_CURVE('',#2864,#2858,#3462,.T.);
#2283=EDGE_CURVE('',#2864,#2860,#3463,.T.);
#2284=EDGE_CURVE('',#2861,#2865,#3464,.T.);
#2285=EDGE_CURVE('',#2865,#2864,#3465,.T.);
#2286=EDGE_CURVE('',#2862,#2866,#3466,.T.);
#2287=EDGE_CURVE('',#2865,#2866,#3467,.T.);
#2288=EDGE_CURVE('',#2863,#2867,#3468,.T.);
#2289=EDGE_CURVE('',#2866,#2867,#3469,.T.);
#2290=EDGE_CURVE('',#2868,#2869,#3470,.T.);
#2291=EDGE_CURVE('',#2869,#2870,#3471,.T.);
#2292=EDGE_CURVE('',#2870,#2871,#3472,.T.);
#2293=EDGE_CURVE('',#2871,#2809,#3473,.T.);
#2294=EDGE_CURVE('',#2867,#2872,#3474,.T.);
#2295=EDGE_CURVE('',#2872,#2868,#3475,.T.);
#2296=EDGE_CURVE('',#2871,#2873,#3476,.T.);
#2297=EDGE_CURVE('',#2874,#2870,#3477,.T.);
#2298=EDGE_CURVE('',#2874,#2873,#3478,.T.);
#2299=EDGE_CURVE('',#2875,#2874,#3479,.T.);
#2300=EDGE_CURVE('',#2876,#2875,#3480,.T.);
#2301=EDGE_CURVE('',#2873,#2876,#3481,.T.);
#2302=EDGE_CURVE('',#2877,#2878,#3482,.T.);
#2303=EDGE_CURVE('',#2879,#2878,#3483,.T.);
#2304=EDGE_CURVE('',#2880,#2879,#3484,.T.);
#2305=EDGE_CURVE('',#2877,#2880,#3485,.T.);
#2306=EDGE_CURVE('',#2877,#2881,#272,.T.);
#2307=EDGE_CURVE('',#2882,#2880,#273,.T.);
#2308=EDGE_CURVE('',#2882,#2881,#3486,.T.);
#2309=EDGE_CURVE('',#2881,#2883,#3487,.T.);
#2310=EDGE_CURVE('',#2884,#2882,#3488,.T.);
#2311=EDGE_CURVE('',#2884,#2883,#3489,.T.);
#2312=EDGE_CURVE('',#2883,#2885,#3490,.T.);
#2313=EDGE_CURVE('',#2886,#2884,#3491,.T.);
#2314=EDGE_CURVE('',#2885,#2886,#3492,.T.);
#2315=EDGE_CURVE('',#2885,#2887,#274,.T.);
#2316=EDGE_CURVE('',#2888,#2886,#275,.T.);
#2317=EDGE_CURVE('',#2888,#2887,#3493,.T.);
#2318=EDGE_CURVE('',#2887,#2889,#3494,.T.);
#2319=EDGE_CURVE('',#2888,#2890,#3495,.T.);
#2320=EDGE_CURVE('',#2889,#2890,#3496,.T.);
#2321=EDGE_CURVE('',#2889,#2891,#276,.T.);
#2322=EDGE_CURVE('',#2892,#2890,#277,.T.);
#2323=EDGE_CURVE('',#2892,#2891,#3497,.T.);
#2324=EDGE_CURVE('',#2892,#2893,#3498,.T.);
#2325=EDGE_CURVE('',#2894,#2893,#3499,.T.);
#2326=EDGE_CURVE('',#2891,#2894,#3500,.T.);
#2327=EDGE_CURVE('',#2895,#2896,#278,.T.);
#2328=EDGE_CURVE('',#2895,#2897,#3501,.T.);
#2329=EDGE_CURVE('',#2898,#2897,#279,.T.);
#2330=EDGE_CURVE('',#2898,#2896,#3502,.T.);
#2331=EDGE_CURVE('',#2899,#2896,#3503,.T.);
#2332=EDGE_CURVE('',#2900,#2898,#3504,.T.);
#2333=EDGE_CURVE('',#2899,#2900,#3505,.T.);
#2334=EDGE_CURVE('',#2899,#2901,#280,.T.);
#2335=EDGE_CURVE('',#2902,#2900,#281,.T.);
#2336=EDGE_CURVE('',#2902,#2901,#3506,.T.);
#2337=EDGE_CURVE('',#2903,#2878,#3507,.T.);
#2338=EDGE_CURVE('',#2894,#2904,#3508,.T.);
#2339=EDGE_CURVE('',#2895,#2904,#3509,.T.);
#2340=EDGE_CURVE('',#2901,#2903,#3510,.T.);
#2341=EDGE_CURVE('',#2903,#2905,#3511,.T.);
#2342=EDGE_CURVE('',#2905,#2879,#3512,.T.);
#2343=EDGE_CURVE('',#2905,#2902,#3513,.T.);
#2344=EDGE_CURVE('',#2897,#2906,#3514,.T.);
#2345=EDGE_CURVE('',#2893,#2906,#3515,.T.);
#2346=EDGE_CURVE('',#2907,#2876,#3516,.T.);
#2347=EDGE_CURVE('',#2904,#2875,#3517,.T.);
#2348=EDGE_CURVE('',#2908,#2906,#3518,.T.);
#2349=EDGE_CURVE('',#2907,#2908,#3519,.T.);
#2350=EDGE_CURVE('',#2909,#2907,#3520,.T.);
#2351=EDGE_CURVE('',#2908,#2910,#3521,.T.);
#2352=EDGE_CURVE('',#2910,#2909,#3522,.T.);
#2353=EDGE_CURVE('',#2911,#2910,#3523,.T.);
#2354=EDGE_CURVE('',#2911,#2912,#3524,.T.);
#2355=EDGE_CURVE('',#2909,#2912,#3525,.T.);
#2356=EDGE_CURVE('',#2913,#2911,#3526,.T.);
#2357=EDGE_CURVE('',#2913,#2914,#3527,.T.);
#2358=EDGE_CURVE('',#2914,#2912,#3528,.T.);
#2359=EDGE_CURVE('',#2914,#2915,#3529,.T.);
#2360=EDGE_CURVE('',#2916,#2913,#3530,.T.);
#2361=EDGE_CURVE('',#2916,#2915,#3531,.T.);
#2362=EDGE_CURVE('',#2917,#2916,#3532,.T.);
#2363=EDGE_CURVE('',#2918,#2917,#3533,.T.);
#2364=EDGE_CURVE('',#2915,#2918,#3534,.T.);
#2365=EDGE_CURVE('',#2643,#2917,#3535,.T.);
#2366=EDGE_CURVE('',#2919,#2645,#3536,.T.);
#2367=EDGE_CURVE('',#2920,#2919,#3537,.T.);
#2368=EDGE_CURVE('',#2920,#2918,#3538,.T.);
#2369=EDGE_CURVE('',#2921,#2920,#3539,.T.);
#2370=EDGE_CURVE('',#2919,#2922,#3540,.T.);
#2371=EDGE_CURVE('',#2922,#2921,#3541,.T.);
#2372=EDGE_CURVE('',#2923,#2922,#3542,.T.);
#2373=EDGE_CURVE('',#2923,#2924,#3543,.T.);
#2374=EDGE_CURVE('',#2921,#2924,#3544,.T.);
#2375=EDGE_CURVE('',#2925,#2923,#3545,.T.);
#2376=EDGE_CURVE('',#2925,#2926,#3546,.T.);
#2377=EDGE_CURVE('',#2926,#2924,#3547,.T.);
#2378=EDGE_CURVE('',#2926,#2927,#3548,.T.);
#2379=EDGE_CURVE('',#2928,#2925,#3549,.T.);
#2380=EDGE_CURVE('',#2928,#2927,#3550,.T.);
#2381=EDGE_CURVE('',#2929,#2928,#3551,.T.);
#2382=EDGE_CURVE('',#2930,#2929,#3552,.T.);
#2383=EDGE_CURVE('',#2927,#2930,#3553,.T.);
#2384=EDGE_CURVE('',#2931,#2932,#3554,.T.);
#2385=EDGE_CURVE('',#2933,#2932,#3555,.T.);
#2386=EDGE_CURVE('',#2934,#2933,#3556,.T.);
#2387=EDGE_CURVE('',#2931,#2934,#3557,.T.);
#2388=EDGE_CURVE('',#2931,#2935,#282,.T.);
#2389=EDGE_CURVE('',#2936,#2934,#283,.T.);
#2390=EDGE_CURVE('',#2936,#2935,#3558,.T.);
#2391=EDGE_CURVE('',#2935,#2937,#3559,.T.);
#2392=EDGE_CURVE('',#2938,#2936,#3560,.T.);
#2393=EDGE_CURVE('',#2938,#2937,#3561,.T.);
#2394=EDGE_CURVE('',#2937,#2939,#3562,.T.);
#2395=EDGE_CURVE('',#2940,#2938,#3563,.T.);
#2396=EDGE_CURVE('',#2939,#2940,#3564,.T.);
#2397=EDGE_CURVE('',#2939,#2941,#284,.T.);
#2398=EDGE_CURVE('',#2942,#2940,#285,.T.);
#2399=EDGE_CURVE('',#2942,#2941,#3565,.T.);
#2400=EDGE_CURVE('',#2941,#2943,#3566,.T.);
#2401=EDGE_CURVE('',#2942,#2944,#3567,.T.);
#2402=EDGE_CURVE('',#2943,#2944,#3568,.T.);
#2403=EDGE_CURVE('',#2943,#2945,#286,.T.);
#2404=EDGE_CURVE('',#2946,#2944,#287,.T.);
#2405=EDGE_CURVE('',#2946,#2945,#3569,.T.);
#2406=EDGE_CURVE('',#2946,#2947,#3570,.T.);
#2407=EDGE_CURVE('',#2948,#2947,#3571,.T.);
#2408=EDGE_CURVE('',#2945,#2948,#3572,.T.);
#2409=EDGE_CURVE('',#2949,#2950,#288,.T.);
#2410=EDGE_CURVE('',#2949,#2951,#3573,.T.);
#2411=EDGE_CURVE('',#2952,#2951,#289,.T.);
#2412=EDGE_CURVE('',#2952,#2950,#3574,.T.);
#2413=EDGE_CURVE('',#2953,#2950,#3575,.T.);
#2414=EDGE_CURVE('',#2954,#2952,#3576,.T.);
#2415=EDGE_CURVE('',#2953,#2954,#3577,.T.);
#2416=EDGE_CURVE('',#2953,#2955,#290,.T.);
#2417=EDGE_CURVE('',#2956,#2954,#291,.T.);
#2418=EDGE_CURVE('',#2956,#2955,#3578,.T.);
#2419=EDGE_CURVE('',#2957,#2932,#3579,.T.);
#2420=EDGE_CURVE('',#2948,#2958,#3580,.T.);
#2421=EDGE_CURVE('',#2949,#2958,#3581,.T.);
#2422=EDGE_CURVE('',#2955,#2957,#3582,.T.);
#2423=EDGE_CURVE('',#2957,#2959,#3583,.T.);
#2424=EDGE_CURVE('',#2959,#2933,#3584,.T.);
#2425=EDGE_CURVE('',#2959,#2956,#3585,.T.);
#2426=EDGE_CURVE('',#2951,#2960,#3586,.T.);
#2427=EDGE_CURVE('',#2947,#2960,#3587,.T.);
#2428=EDGE_CURVE('',#2961,#2930,#3588,.T.);
#2429=EDGE_CURVE('',#2958,#2929,#3589,.T.);
#2430=EDGE_CURVE('',#2962,#2960,#3590,.T.);
#2431=EDGE_CURVE('',#2961,#2962,#3591,.T.);
#2432=EDGE_CURVE('',#2963,#2961,#3592,.T.);
#2433=EDGE_CURVE('',#2962,#2964,#3593,.T.);
#2434=EDGE_CURVE('',#2964,#2963,#3594,.T.);
#2435=EDGE_CURVE('',#2965,#2964,#3595,.T.);
#2436=EDGE_CURVE('',#2965,#2966,#3596,.T.);
#2437=EDGE_CURVE('',#2963,#2966,#3597,.T.);
#2438=EDGE_CURVE('',#2615,#2965,#3598,.T.);
#2439=EDGE_CURVE('',#2614,#2966,#3599,.T.);
#2440=EDGE_CURVE('',#2591,#2967,#3600,.T.);
#2441=EDGE_CURVE('',#2967,#2968,#3601,.T.);
#2442=EDGE_CURVE('',#2968,#2969,#3602,.T.);
#2443=EDGE_CURVE('',#2970,#2969,#3603,.T.);
#2444=EDGE_CURVE('',#2970,#2971,#3604,.T.);
#2445=EDGE_CURVE('',#2971,#2810,#3605,.T.);
#2446=EDGE_CURVE('',#2972,#2970,#3606,.T.);
#2447=EDGE_CURVE('',#2969,#2973,#3607,.T.);
#2448=EDGE_CURVE('',#2973,#2972,#3608,.T.);
#2449=EDGE_CURVE('',#2974,#2972,#3609,.T.);
#2450=EDGE_CURVE('',#2974,#2971,#3610,.T.);
#2451=EDGE_CURVE('',#2975,#2976,#3611,.T.);
#2452=EDGE_CURVE('',#2845,#2976,#3612,.T.);
#2453=EDGE_CURVE('',#2977,#2974,#3613,.T.);
#2454=EDGE_CURVE('',#2975,#2977,#3614,.T.);
#2455=EDGE_CURVE('',#2975,#2804,#3615,.T.);
#2456=EDGE_CURVE('',#2681,#2978,#3616,.T.);
#2457=EDGE_CURVE('',#2976,#2978,#3617,.T.);
#2458=EDGE_CURVE('',#2979,#2680,#3618,.T.);
#2459=EDGE_CURVE('',#2979,#2978,#3619,.T.);
#2460=EDGE_CURVE('',#2677,#2979,#3620,.T.);
#2461=EDGE_CURVE('',#2872,#2733,#3621,.T.);
#2462=EDGE_CURVE('',#2868,#2788,#3622,.T.);
#2463=EDGE_CURVE('',#2980,#2981,#3623,.T.);
#2464=EDGE_CURVE('',#2981,#2982,#3624,.T.);
#2465=EDGE_CURVE('',#2983,#2982,#3625,.T.);
#2466=EDGE_CURVE('',#2983,#2984,#3626,.T.);
#2467=EDGE_CURVE('',#2869,#2984,#3627,.T.);
#2468=EDGE_CURVE('',#2788,#2980,#3628,.T.);
#2469=EDGE_CURVE('',#2985,#2986,#3629,.T.);
#2470=EDGE_CURVE('',#2986,#2981,#3630,.T.);
#2471=EDGE_CURVE('',#2985,#2980,#3631,.T.);
#2472=EDGE_CURVE('',#2985,#2804,#3632,.T.);
#2473=EDGE_CURVE('',#2977,#2987,#3633,.T.);
#2474=EDGE_CURVE('',#2987,#2988,#3634,.T.);
#2475=EDGE_CURVE('',#2988,#2989,#3635,.T.);
#2476=EDGE_CURVE('',#2986,#2989,#3636,.T.);
#2477=EDGE_CURVE('',#2989,#2982,#3637,.T.);
#2478=EDGE_CURVE('',#2983,#2988,#3638,.T.);
#2479=EDGE_CURVE('',#2984,#2987,#3639,.T.);
#2480=EDGE_CURVE('',#2990,#2973,#3640,.T.);
#2481=EDGE_CURVE('',#2529,#2990,#3641,.T.);
#2482=EDGE_CURVE('',#2528,#2991,#3642,.T.);
#2483=EDGE_CURVE('',#2992,#2991,#3643,.T.);
#2484=EDGE_CURVE('',#2992,#2993,#3644,.T.);
#2485=EDGE_CURVE('',#2993,#2590,#3645,.T.);
#2486=EDGE_CURVE('',#2993,#2967,#3646,.T.);
#2487=EDGE_CURVE('',#2968,#2992,#3647,.T.);
#2488=EDGE_CURVE('',#2994,#2991,#3648,.T.);
#2489=EDGE_CURVE('',#2995,#2994,#3649,.T.);
#2490=EDGE_CURVE('',#2995,#2990,#3650,.T.);
#2491=EDGE_CURVE('',#2996,#2995,#3651,.T.);
#2492=EDGE_CURVE('',#2997,#2994,#3652,.T.);
#2493=EDGE_CURVE('',#2996,#2997,#3653,.T.);
#2494=EDGE_CURVE('',#2998,#2997,#292,.T.);
#2495=EDGE_CURVE('',#2998,#2999,#3654,.T.);
#2496=EDGE_CURVE('',#2996,#2999,#293,.T.);
#2497=EDGE_CURVE('',#3000,#2998,#3655,.T.);
#2498=EDGE_CURVE('',#3001,#3000,#3656,.T.);
#2499=EDGE_CURVE('',#3001,#2999,#3657,.T.);
#2500=EDGE_CURVE('',#3002,#3000,#294,.T.);
#2501=EDGE_CURVE('',#3002,#3003,#3658,.T.);
#2502=EDGE_CURVE('',#3001,#3003,#295,.T.);
#2503=EDGE_CURVE('',#3004,#3002,#3659,.T.);
#2504=EDGE_CURVE('',#3004,#3005,#3660,.T.);
#2505=EDGE_CURVE('',#3003,#3005,#3661,.T.);
#2506=EDGE_CURVE('',#3006,#3004,#3662,.F.);
#2507=EDGE_CURVE('',#3007,#3006,#3663,.T.);
#2508=EDGE_CURVE('',#3005,#3007,#3664,.F.);
#2509=EDGE_CURVE('',#3008,#3006,#296,.T.);
#2510=EDGE_CURVE('',#3008,#3009,#3665,.T.);
#2511=EDGE_CURVE('',#3007,#3009,#297,.T.);
#2512=EDGE_CURVE('',#3008,#3010,#3666,.T.);
#2513=EDGE_CURVE('',#3010,#3011,#3667,.T.);
#2514=EDGE_CURVE('',#3009,#3011,#3668,.T.);
#2515=EDGE_CURVE('',#3012,#3013,#3669,.T.);
#2516=EDGE_CURVE('',#3013,#3014,#298,.T.);
#2517=EDGE_CURVE('',#3014,#2526,#3670,.T.);
#2518=EDGE_CURVE('',#3012,#3011,#3671,.T.);
#2519=EDGE_CURVE('',#3015,#3010,#3672,.T.);
#2520=EDGE_CURVE('',#3012,#3015,#3673,.T.);
#2521=EDGE_CURVE('',#3016,#2527,#3674,.T.);
#2522=EDGE_CURVE('',#3016,#3017,#299,.T.);
#2523=EDGE_CURVE('',#3017,#3015,#3675,.T.);
#2524=EDGE_CURVE('',#3013,#3017,#3676,.T.);
#2525=EDGE_CURVE('',#3016,#3014,#3677,.T.);
#2526=VERTEX_POINT('',#7869);
#2527=VERTEX_POINT('',#7870);
#2528=VERTEX_POINT('',#7872);
#2529=VERTEX_POINT('',#7874);
#2530=VERTEX_POINT('',#7878);
#2531=VERTEX_POINT('',#7879);
#2532=VERTEX_POINT('',#7881);
#2533=VERTEX_POINT('',#7883);
#2534=VERTEX_POINT('',#7887);
#2535=VERTEX_POINT('',#7888);
#2536=VERTEX_POINT('',#7893);
#2537=VERTEX_POINT('',#7894);
#2538=VERTEX_POINT('',#7899);
#2539=VERTEX_POINT('',#7900);
#2540=VERTEX_POINT('',#7902);
#2541=VERTEX_POINT('',#7904);
#2542=VERTEX_POINT('',#7908);
#2543=VERTEX_POINT('',#7910);
#2544=VERTEX_POINT('',#7914);
#2545=VERTEX_POINT('',#7916);
#2546=VERTEX_POINT('',#7920);
#2547=VERTEX_POINT('',#7922);
#2548=VERTEX_POINT('',#7926);
#2549=VERTEX_POINT('',#7928);
#2550=VERTEX_POINT('',#7932);
#2551=VERTEX_POINT('',#7934);
#2552=VERTEX_POINT('',#7938);
#2553=VERTEX_POINT('',#7940);
#2554=VERTEX_POINT('',#7944);
#2555=VERTEX_POINT('',#7946);
#2556=VERTEX_POINT('',#7950);
#2557=VERTEX_POINT('',#7952);
#2558=VERTEX_POINT('',#7956);
#2559=VERTEX_POINT('',#7963);
#2560=VERTEX_POINT('',#7967);
#2561=VERTEX_POINT('',#7968);
#2562=VERTEX_POINT('',#7970);
#2563=VERTEX_POINT('',#7972);
#2564=VERTEX_POINT('',#7976);
#2565=VERTEX_POINT('',#7977);
#2566=VERTEX_POINT('',#7982);
#2567=VERTEX_POINT('',#7983);
#2568=VERTEX_POINT('',#7988);
#2569=VERTEX_POINT('',#7989);
#2570=VERTEX_POINT('',#7991);
#2571=VERTEX_POINT('',#7993);
#2572=VERTEX_POINT('',#7997);
#2573=VERTEX_POINT('',#7999);
#2574=VERTEX_POINT('',#8003);
#2575=VERTEX_POINT('',#8005);
#2576=VERTEX_POINT('',#8009);
#2577=VERTEX_POINT('',#8011);
#2578=VERTEX_POINT('',#8015);
#2579=VERTEX_POINT('',#8017);
#2580=VERTEX_POINT('',#8021);
#2581=VERTEX_POINT('',#8023);
#2582=VERTEX_POINT('',#8027);
#2583=VERTEX_POINT('',#8029);
#2584=VERTEX_POINT('',#8033);
#2585=VERTEX_POINT('',#8035);
#2586=VERTEX_POINT('',#8039);
#2587=VERTEX_POINT('',#8041);
#2588=VERTEX_POINT('',#8045);
#2589=VERTEX_POINT('',#8052);
#2590=VERTEX_POINT('',#8056);
#2591=VERTEX_POINT('',#8057);
#2592=VERTEX_POINT('',#8059);
#2593=VERTEX_POINT('',#8061);
#2594=VERTEX_POINT('',#8065);
#2595=VERTEX_POINT('',#8066);
#2596=VERTEX_POINT('',#8071);
#2597=VERTEX_POINT('',#8073);
#2598=VERTEX_POINT('',#8077);
#2599=VERTEX_POINT('',#8079);
#2600=VERTEX_POINT('',#8084);
#2601=VERTEX_POINT('',#8085);
#2602=VERTEX_POINT('',#8090);
#2603=VERTEX_POINT('',#8092);
#2604=VERTEX_POINT('',#8096);
#2605=VERTEX_POINT('',#8098);
#2606=VERTEX_POINT('',#8102);
#2607=VERTEX_POINT('',#8103);
#2608=VERTEX_POINT('',#8108);
#2609=VERTEX_POINT('',#8110);
#2610=VERTEX_POINT('',#8114);
#2611=VERTEX_POINT('',#8115);
#2612=VERTEX_POINT('',#8121);
#2613=VERTEX_POINT('',#8122);
#2614=VERTEX_POINT('',#8127);
#2615=VERTEX_POINT('',#8129);
#2616=VERTEX_POINT('',#8133);
#2617=VERTEX_POINT('',#8134);
#2618=VERTEX_POINT('',#8136);
#2619=VERTEX_POINT('',#8138);
#2620=VERTEX_POINT('',#8142);
#2621=VERTEX_POINT('',#8144);
#2622=VERTEX_POINT('',#8148);
#2623=VERTEX_POINT('',#8150);
#2624=VERTEX_POINT('',#8154);
#2625=VERTEX_POINT('',#8156);
#2626=VERTEX_POINT('',#8160);
#2627=VERTEX_POINT('',#8162);
#2628=VERTEX_POINT('',#8166);
#2629=VERTEX_POINT('',#8168);
#2630=VERTEX_POINT('',#8172);
#2631=VERTEX_POINT('',#8174);
#2632=VERTEX_POINT('',#8178);
#2633=VERTEX_POINT('',#8180);
#2634=VERTEX_POINT('',#8184);
#2635=VERTEX_POINT('',#8185);
#2636=VERTEX_POINT('',#8187);
#2637=VERTEX_POINT('',#8189);
#2638=VERTEX_POINT('',#8193);
#2639=VERTEX_POINT('',#8195);
#2640=VERTEX_POINT('',#8199);
#2641=VERTEX_POINT('',#8201);
#2642=VERTEX_POINT('',#8205);
#2643=VERTEX_POINT('',#8207);
#2644=VERTEX_POINT('',#8212);
#2645=VERTEX_POINT('',#8218);
#2646=VERTEX_POINT('',#8222);
#2647=VERTEX_POINT('',#8223);
#2648=VERTEX_POINT('',#8225);
#2649=VERTEX_POINT('',#8227);
#2650=VERTEX_POINT('',#8229);
#2651=VERTEX_POINT('',#8231);
#2652=VERTEX_POINT('',#8233);
#2653=VERTEX_POINT('',#8235);
#2654=VERTEX_POINT('',#8237);
#2655=VERTEX_POINT('',#8239);
#2656=VERTEX_POINT('',#8241);
#2657=VERTEX_POINT('',#8243);
#2658=VERTEX_POINT('',#8245);
#2659=VERTEX_POINT('',#8247);
#2660=VERTEX_POINT('',#8249);
#2661=VERTEX_POINT('',#8253);
#2662=VERTEX_POINT('',#8254);
#2663=VERTEX_POINT('',#8259);
#2664=VERTEX_POINT('',#8263);
#2665=VERTEX_POINT('',#8267);
#2666=VERTEX_POINT('',#8271);
#2667=VERTEX_POINT('',#8275);
#2668=VERTEX_POINT('',#8279);
#2669=VERTEX_POINT('',#8283);
#2670=VERTEX_POINT('',#8287);
#2671=VERTEX_POINT('',#8291);
#2672=VERTEX_POINT('',#8295);
#2673=VERTEX_POINT('',#8299);
#2674=VERTEX_POINT('',#8303);
#2675=VERTEX_POINT('',#8307);
#2676=VERTEX_POINT('',#8313);
#2677=VERTEX_POINT('',#8314);
#2678=VERTEX_POINT('',#8316);
#2679=VERTEX_POINT('',#8318);
#2680=VERTEX_POINT('',#8322);
#2681=VERTEX_POINT('',#8323);
#2682=VERTEX_POINT('',#8328);
#2683=VERTEX_POINT('',#8329);
#2684=VERTEX_POINT('',#8331);
#2685=VERTEX_POINT('',#8333);
#2686=VERTEX_POINT('',#8337);
#2687=VERTEX_POINT('',#8338);
#2688=VERTEX_POINT('',#8340);
#2689=VERTEX_POINT('',#8342);
#2690=VERTEX_POINT('',#8346);
#2691=VERTEX_POINT('',#8347);
#2692=VERTEX_POINT('',#8349);
#2693=VERTEX_POINT('',#8351);
#2694=VERTEX_POINT('',#8355);
#2695=VERTEX_POINT('',#8356);
#2696=VERTEX_POINT('',#8358);
#2697=VERTEX_POINT('',#8360);
#2698=VERTEX_POINT('',#8365);
#2699=VERTEX_POINT('',#8367);
#2700=VERTEX_POINT('',#8369);
#2701=VERTEX_POINT('',#8373);
#2702=VERTEX_POINT('',#8377);
#2703=VERTEX_POINT('',#8379);
#2704=VERTEX_POINT('',#8384);
#2705=VERTEX_POINT('',#8386);
#2706=VERTEX_POINT('',#8390);
#2707=VERTEX_POINT('',#8391);
#2708=VERTEX_POINT('',#8393);
#2709=VERTEX_POINT('',#8395);
#2710=VERTEX_POINT('',#8401);
#2711=VERTEX_POINT('',#8405);
#2712=VERTEX_POINT('',#8409);
#2713=VERTEX_POINT('',#8411);
#2714=VERTEX_POINT('',#8416);
#2715=VERTEX_POINT('',#8418);
#2716=VERTEX_POINT('',#8422);
#2717=VERTEX_POINT('',#8423);
#2718=VERTEX_POINT('',#8425);
#2719=VERTEX_POINT('',#8427);
#2720=VERTEX_POINT('',#8433);
#2721=VERTEX_POINT('',#8437);
#2722=VERTEX_POINT('',#8441);
#2723=VERTEX_POINT('',#8443);
#2724=VERTEX_POINT('',#8448);
#2725=VERTEX_POINT('',#8449);
#2726=VERTEX_POINT('',#8451);
#2727=VERTEX_POINT('',#8453);
#2728=VERTEX_POINT('',#8457);
#2729=VERTEX_POINT('',#8458);
#2730=VERTEX_POINT('',#8460);
#2731=VERTEX_POINT('',#8462);
#2732=VERTEX_POINT('',#8466);
#2733=VERTEX_POINT('',#8467);
#2734=VERTEX_POINT('',#8472);
#2735=VERTEX_POINT('',#8476);
#2736=VERTEX_POINT('',#8480);
#2737=VERTEX_POINT('',#8481);
#2738=VERTEX_POINT('',#8483);
#2739=VERTEX_POINT('',#8485);
#2740=VERTEX_POINT('',#8489);
#2741=VERTEX_POINT('',#8491);
#2742=VERTEX_POINT('',#8495);
#2743=VERTEX_POINT('',#8497);
#2744=VERTEX_POINT('',#8501);
#2745=VERTEX_POINT('',#8502);
#2746=VERTEX_POINT('',#8507);
#2747=VERTEX_POINT('',#8509);
#2748=VERTEX_POINT('',#8513);
#2749=VERTEX_POINT('',#8514);
#2750=VERTEX_POINT('',#8519);
#2751=VERTEX_POINT('',#8520);
#2752=VERTEX_POINT('',#8525);
#2753=VERTEX_POINT('',#8527);
#2754=VERTEX_POINT('',#8531);
#2755=VERTEX_POINT('',#8533);
#2756=VERTEX_POINT('',#8537);
#2757=VERTEX_POINT('',#8538);
#2758=VERTEX_POINT('',#8540);
#2759=VERTEX_POINT('',#8542);
#2760=VERTEX_POINT('',#8546);
#2761=VERTEX_POINT('',#8547);
#2762=VERTEX_POINT('',#8549);
#2763=VERTEX_POINT('',#8551);
#2764=VERTEX_POINT('',#8555);
#2765=VERTEX_POINT('',#8556);
#2766=VERTEX_POINT('',#8558);
#2767=VERTEX_POINT('',#8560);
#2768=VERTEX_POINT('',#8564);
#2769=VERTEX_POINT('',#8565);
#2770=VERTEX_POINT('',#8569);
#2771=VERTEX_POINT('',#8573);
#2772=VERTEX_POINT('',#8574);
#2773=VERTEX_POINT('',#8579);
#2774=VERTEX_POINT('',#8583);
#2775=VERTEX_POINT('',#8585);
#2776=VERTEX_POINT('',#8590);
#2777=VERTEX_POINT('',#8592);
#2778=VERTEX_POINT('',#8596);
#2779=VERTEX_POINT('',#8597);
#2780=VERTEX_POINT('',#8601);
#2781=VERTEX_POINT('',#8605);
#2782=VERTEX_POINT('',#8606);
#2783=VERTEX_POINT('',#8611);
#2784=VERTEX_POINT('',#8615);
#2785=VERTEX_POINT('',#8617);
#2786=VERTEX_POINT('',#8622);
#2787=VERTEX_POINT('',#8624);
#2788=VERTEX_POINT('',#8628);
#2789=VERTEX_POINT('',#8631);
#2790=VERTEX_POINT('',#8633);
#2791=VERTEX_POINT('',#8638);
#2792=VERTEX_POINT('',#8640);
#2793=VERTEX_POINT('',#8644);
#2794=VERTEX_POINT('',#8645);
#2795=VERTEX_POINT('',#8649);
#2796=VERTEX_POINT('',#8653);
#2797=VERTEX_POINT('',#8654);
#2798=VERTEX_POINT('',#8656);
#2799=VERTEX_POINT('',#8658);
#2800=VERTEX_POINT('',#8668);
#2801=VERTEX_POINT('',#8670);
#2802=VERTEX_POINT('',#8677);
#2803=VERTEX_POINT('',#8681);
#2804=VERTEX_POINT('',#8687);
#2805=VERTEX_POINT('',#8691);
#2806=VERTEX_POINT('',#8697);
#2807=VERTEX_POINT('',#8698);
#2808=VERTEX_POINT('',#8700);
#2809=VERTEX_POINT('',#8702);
#2810=VERTEX_POINT('',#8706);
#2811=VERTEX_POINT('',#8707);
#2812=VERTEX_POINT('',#8709);
#2813=VERTEX_POINT('',#8711);
#2814=VERTEX_POINT('',#8715);
#2815=VERTEX_POINT('',#8716);
#2816=VERTEX_POINT('',#8718);
#2817=VERTEX_POINT('',#8720);
#2818=VERTEX_POINT('',#8722);
#2819=VERTEX_POINT('',#8724);
#2820=VERTEX_POINT('',#8726);
#2821=VERTEX_POINT('',#8728);
#2822=VERTEX_POINT('',#8730);
#2823=VERTEX_POINT('',#8732);
#2824=VERTEX_POINT('',#8734);
#2825=VERTEX_POINT('',#8736);
#2826=VERTEX_POINT('',#8738);
#2827=VERTEX_POINT('',#8740);
#2828=VERTEX_POINT('',#8742);
#2829=VERTEX_POINT('',#8746);
#2830=VERTEX_POINT('',#8748);
#2831=VERTEX_POINT('',#8752);
#2832=VERTEX_POINT('',#8756);
#2833=VERTEX_POINT('',#8760);
#2834=VERTEX_POINT('',#8764);
#2835=VERTEX_POINT('',#8768);
#2836=VERTEX_POINT('',#8772);
#2837=VERTEX_POINT('',#8776);
#2838=VERTEX_POINT('',#8780);
#2839=VERTEX_POINT('',#8784);
#2840=VERTEX_POINT('',#8788);
#2841=VERTEX_POINT('',#8792);
#2842=VERTEX_POINT('',#8796);
#2843=VERTEX_POINT('',#8800);
#2844=VERTEX_POINT('',#8806);
#2845=VERTEX_POINT('',#8807);
#2846=VERTEX_POINT('',#8809);
#2847=VERTEX_POINT('',#8811);
#2848=VERTEX_POINT('',#8815);
#2849=VERTEX_POINT('',#8817);
#2850=VERTEX_POINT('',#8821);
#2851=VERTEX_POINT('',#8823);
#2852=VERTEX_POINT('',#8827);
#2853=VERTEX_POINT('',#8829);
#2854=VERTEX_POINT('',#8833);
#2855=VERTEX_POINT('',#8838);
#2856=VERTEX_POINT('',#8842);
#2857=VERTEX_POINT('',#8844);
#2858=VERTEX_POINT('',#8849);
#2859=VERTEX_POINT('',#8851);
#2860=VERTEX_POINT('',#8855);
#2861=VERTEX_POINT('',#8857);
#2862=VERTEX_POINT('',#8859);
#2863=VERTEX_POINT('',#8861);
#2864=VERTEX_POINT('',#8865);
#2865=VERTEX_POINT('',#8869);
#2866=VERTEX_POINT('',#8873);
#2867=VERTEX_POINT('',#8877);
#2868=VERTEX_POINT('',#8881);
#2869=VERTEX_POINT('',#8882);
#2870=VERTEX_POINT('',#8884);
#2871=VERTEX_POINT('',#8886);
#2872=VERTEX_POINT('',#8889);
#2873=VERTEX_POINT('',#8893);
#2874=VERTEX_POINT('',#8895);
#2875=VERTEX_POINT('',#8899);
#2876=VERTEX_POINT('',#8901);
#2877=VERTEX_POINT('',#8905);
#2878=VERTEX_POINT('',#8906);
#2879=VERTEX_POINT('',#8908);
#2880=VERTEX_POINT('',#8910);
#2881=VERTEX_POINT('',#8914);
#2882=VERTEX_POINT('',#8916);
#2883=VERTEX_POINT('',#8920);
#2884=VERTEX_POINT('',#8922);
#2885=VERTEX_POINT('',#8926);
#2886=VERTEX_POINT('',#8928);
#2887=VERTEX_POINT('',#8932);
#2888=VERTEX_POINT('',#8934);
#2889=VERTEX_POINT('',#8938);
#2890=VERTEX_POINT('',#8940);
#2891=VERTEX_POINT('',#8944);
#2892=VERTEX_POINT('',#8946);
#2893=VERTEX_POINT('',#8950);
#2894=VERTEX_POINT('',#8952);
#2895=VERTEX_POINT('',#8956);
#2896=VERTEX_POINT('',#8957);
#2897=VERTEX_POINT('',#8959);
#2898=VERTEX_POINT('',#8961);
#2899=VERTEX_POINT('',#8965);
#2900=VERTEX_POINT('',#8967);
#2901=VERTEX_POINT('',#8971);
#2902=VERTEX_POINT('',#8973);
#2903=VERTEX_POINT('',#8977);
#2904=VERTEX_POINT('',#8979);
#2905=VERTEX_POINT('',#8984);
#2906=VERTEX_POINT('',#8990);
#2907=VERTEX_POINT('',#8994);
#2908=VERTEX_POINT('',#8997);
#2909=VERTEX_POINT('',#9001);
#2910=VERTEX_POINT('',#9003);
#2911=VERTEX_POINT('',#9007);
#2912=VERTEX_POINT('',#9009);
#2913=VERTEX_POINT('',#9013);
#2914=VERTEX_POINT('',#9015);
#2915=VERTEX_POINT('',#9019);
#2916=VERTEX_POINT('',#9021);
#2917=VERTEX_POINT('',#9025);
#2918=VERTEX_POINT('',#9027);
#2919=VERTEX_POINT('',#9032);
#2920=VERTEX_POINT('',#9034);
#2921=VERTEX_POINT('',#9038);
#2922=VERTEX_POINT('',#9040);
#2923=VERTEX_POINT('',#9044);
#2924=VERTEX_POINT('',#9046);
#2925=VERTEX_POINT('',#9050);
#2926=VERTEX_POINT('',#9052);
#2927=VERTEX_POINT('',#9056);
#2928=VERTEX_POINT('',#9058);
#2929=VERTEX_POINT('',#9062);
#2930=VERTEX_POINT('',#9064);
#2931=VERTEX_POINT('',#9068);
#2932=VERTEX_POINT('',#9069);
#2933=VERTEX_POINT('',#9071);
#2934=VERTEX_POINT('',#9073);
#2935=VERTEX_POINT('',#9077);
#2936=VERTEX_POINT('',#9079);
#2937=VERTEX_POINT('',#9083);
#2938=VERTEX_POINT('',#9085);
#2939=VERTEX_POINT('',#9089);
#2940=VERTEX_POINT('',#9091);
#2941=VERTEX_POINT('',#9095);
#2942=VERTEX_POINT('',#9097);
#2943=VERTEX_POINT('',#9101);
#2944=VERTEX_POINT('',#9103);
#2945=VERTEX_POINT('',#9107);
#2946=VERTEX_POINT('',#9109);
#2947=VERTEX_POINT('',#9113);
#2948=VERTEX_POINT('',#9115);
#2949=VERTEX_POINT('',#9119);
#2950=VERTEX_POINT('',#9120);
#2951=VERTEX_POINT('',#9122);
#2952=VERTEX_POINT('',#9124);
#2953=VERTEX_POINT('',#9128);
#2954=VERTEX_POINT('',#9130);
#2955=VERTEX_POINT('',#9134);
#2956=VERTEX_POINT('',#9136);
#2957=VERTEX_POINT('',#9140);
#2958=VERTEX_POINT('',#9142);
#2959=VERTEX_POINT('',#9147);
#2960=VERTEX_POINT('',#9153);
#2961=VERTEX_POINT('',#9157);
#2962=VERTEX_POINT('',#9160);
#2963=VERTEX_POINT('',#9164);
#2964=VERTEX_POINT('',#9166);
#2965=VERTEX_POINT('',#9170);
#2966=VERTEX_POINT('',#9172);
#2967=VERTEX_POINT('',#9179);
#2968=VERTEX_POINT('',#9181);
#2969=VERTEX_POINT('',#9183);
#2970=VERTEX_POINT('',#9185);
#2971=VERTEX_POINT('',#9187);
#2972=VERTEX_POINT('',#9191);
#2973=VERTEX_POINT('',#9193);
#2974=VERTEX_POINT('',#9197);
#2975=VERTEX_POINT('',#9201);
#2976=VERTEX_POINT('',#9202);
#2977=VERTEX_POINT('',#9205);
#2978=VERTEX_POINT('',#9210);
#2979=VERTEX_POINT('',#9214);
#2980=VERTEX_POINT('',#9224);
#2981=VERTEX_POINT('',#9225);
#2982=VERTEX_POINT('',#9227);
#2983=VERTEX_POINT('',#9229);
#2984=VERTEX_POINT('',#9231);
#2985=VERTEX_POINT('',#9236);
#2986=VERTEX_POINT('',#9237);
#2987=VERTEX_POINT('',#9244);
#2988=VERTEX_POINT('',#9246);
#2989=VERTEX_POINT('',#9248);
#2990=VERTEX_POINT('',#9258);
#2991=VERTEX_POINT('',#9261);
#2992=VERTEX_POINT('',#9263);
#2993=VERTEX_POINT('',#9265);
#2994=VERTEX_POINT('',#9273);
#2995=VERTEX_POINT('',#9275);
#2996=VERTEX_POINT('',#9279);
#2997=VERTEX_POINT('',#9281);
#2998=VERTEX_POINT('',#9285);
#2999=VERTEX_POINT('',#9287);
#3000=VERTEX_POINT('',#9291);
#3001=VERTEX_POINT('',#9293);
#3002=VERTEX_POINT('',#9297);
#3003=VERTEX_POINT('',#9299);
#3004=VERTEX_POINT('',#9303);
#3005=VERTEX_POINT('',#9305);
#3006=VERTEX_POINT('',#9309);
#3007=VERTEX_POINT('',#9311);
#3008=VERTEX_POINT('',#9315);
#3009=VERTEX_POINT('',#9317);
#3010=VERTEX_POINT('',#9321);
#3011=VERTEX_POINT('',#9323);
#3012=VERTEX_POINT('',#9327);
#3013=VERTEX_POINT('',#9328);
#3014=VERTEX_POINT('',#9330);
#3015=VERTEX_POINT('',#9335);
#3016=VERTEX_POINT('',#9339);
#3017=VERTEX_POINT('',#9341);
#3018=LINE('',#7868,#3678);
#3019=LINE('',#7873,#3679);
#3020=LINE('',#7877,#3680);
#3021=LINE('',#7882,#3681);
#3022=LINE('',#7886,#3682);
#3023=LINE('',#7889,#3683);
#3024=LINE('',#7890,#3684);
#3025=LINE('',#7892,#3685);
#3026=LINE('',#7898,#3686);
#3027=LINE('',#7901,#3687);
#3028=LINE('',#7903,#3688);
#3029=LINE('',#7905,#3689);
#3030=LINE('',#7909,#3690);
#3031=LINE('',#7913,#3691);
#3032=LINE('',#7915,#3692);
#3033=LINE('',#7917,#3693);
#3034=LINE('',#7921,#3694);
#3035=LINE('',#7925,#3695);
#3036=LINE('',#7927,#3696);
#3037=LINE('',#7929,#3697);
#3038=LINE('',#7931,#3698);
#3039=LINE('',#7933,#3699);
#3040=LINE('',#7935,#3700);
#3041=LINE('',#7939,#3701);
#3042=LINE('',#7943,#3702);
#3043=LINE('',#7945,#3703);
#3044=LINE('',#7947,#3704);
#3045=LINE('',#7949,#3705);
#3046=LINE('',#7951,#3706);
#3047=LINE('',#7953,#3707);
#3048=LINE('',#7955,#3708);
#3049=LINE('',#7957,#3709);
#3050=LINE('',#7958,#3710);
#3051=LINE('',#7960,#3711);
#3052=LINE('',#7962,#3712);
#3053=LINE('',#7964,#3713);
#3054=LINE('',#7966,#3714);
#3055=LINE('',#7971,#3715);
#3056=LINE('',#7975,#3716);
#3057=LINE('',#7978,#3717);
#3058=LINE('',#7979,#3718);
#3059=LINE('',#7981,#3719);
#3060=LINE('',#7987,#3720);
#3061=LINE('',#7990,#3721);
#3062=LINE('',#7992,#3722);
#3063=LINE('',#7994,#3723);
#3064=LINE('',#7998,#3724);
#3065=LINE('',#8002,#3725);
#3066=LINE('',#8004,#3726);
#3067=LINE('',#8006,#3727);
#3068=LINE('',#8010,#3728);
#3069=LINE('',#8014,#3729);
#3070=LINE('',#8016,#3730);
#3071=LINE('',#8018,#3731);
#3072=LINE('',#8020,#3732);
#3073=LINE('',#8022,#3733);
#3074=LINE('',#8024,#3734);
#3075=LINE('',#8028,#3735);
#3076=LINE('',#8032,#3736);
#3077=LINE('',#8034,#3737);
#3078=LINE('',#8036,#3738);
#3079=LINE('',#8038,#3739);
#3080=LINE('',#8040,#3740);
#3081=LINE('',#8042,#3741);
#3082=LINE('',#8044,#3742);
#3083=LINE('',#8046,#3743);
#3084=LINE('',#8047,#3744);
#3085=LINE('',#8049,#3745);
#3086=LINE('',#8051,#3746);
#3087=LINE('',#8053,#3747);
#3088=LINE('',#8055,#3748);
#3089=LINE('',#8058,#3749);
#3090=LINE('',#8060,#3750);
#3091=LINE('',#8062,#3751);
#3092=LINE('',#8064,#3752);
#3093=LINE('',#8067,#3753);
#3094=LINE('',#8068,#3754);
#3095=LINE('',#8070,#3755);
#3096=LINE('',#8072,#3756);
#3097=LINE('',#8074,#3757);
#3098=LINE('',#8076,#3758);
#3099=LINE('',#8078,#3759);
#3100=LINE('',#8080,#3760);
#3101=LINE('',#8081,#3761);
#3102=LINE('',#8083,#3762);
#3103=LINE('',#8086,#3763);
#3104=LINE('',#8087,#3764);
#3105=LINE('',#8089,#3765);
#3106=LINE('',#8091,#3766);
#3107=LINE('',#8093,#3767);
#3108=LINE('',#8095,#3768);
#3109=LINE('',#8097,#3769);
#3110=LINE('',#8099,#3770);
#3111=LINE('',#8101,#3771);
#3112=LINE('',#8104,#3772);
#3113=LINE('',#8105,#3773);
#3114=LINE('',#8107,#3774);
#3115=LINE('',#8109,#3775);
#3116=LINE('',#8111,#3776);
#3117=LINE('',#8113,#3777);
#3118=LINE('',#8116,#3778);
#3119=LINE('',#8117,#3779);
#3120=LINE('',#8118,#3780);
#3121=LINE('',#8120,#3781);
#3122=LINE('',#8123,#3782);
#3123=LINE('',#8124,#3783);
#3124=LINE('',#8126,#3784);
#3125=LINE('',#8128,#3785);
#3126=LINE('',#8130,#3786);
#3127=LINE('',#8132,#3787);
#3128=LINE('',#8135,#3788);
#3129=LINE('',#8137,#3789);
#3130=LINE('',#8139,#3790);
#3131=LINE('',#8145,#3791);
#3132=LINE('',#8147,#3792);
#3133=LINE('',#8149,#3793);
#3134=LINE('',#8151,#3794);
#3135=LINE('',#8153,#3795);
#3136=LINE('',#8155,#3796);
#3137=LINE('',#8157,#3797);
#3138=LINE('',#8163,#3798);
#3139=LINE('',#8165,#3799);
#3140=LINE('',#8167,#3800);
#3141=LINE('',#8169,#3801);
#3142=LINE('',#8175,#3802);
#3143=LINE('',#8177,#3803);
#3144=LINE('',#8179,#3804);
#3145=LINE('',#8181,#3805);
#3146=LINE('',#8186,#3806);
#3147=LINE('',#8190,#3807);
#3148=LINE('',#8192,#3808);
#3149=LINE('',#8194,#3809);
#3150=LINE('',#8196,#3810);
#3151=LINE('',#8202,#3811);
#3152=LINE('',#8204,#3812);
#3153=LINE('',#8206,#3813);
#3154=LINE('',#8208,#3814);
#3155=LINE('',#8209,#3815);
#3156=LINE('',#8211,#3816);
#3157=LINE('',#8213,#3817);
#3158=LINE('',#8215,#3818);
#3159=LINE('',#8217,#3819);
#3160=LINE('',#8219,#3820);
#3161=LINE('',#8221,#3821);
#3162=LINE('',#8226,#3822);
#3163=LINE('',#8228,#3823);
#3164=LINE('',#8230,#3824);
#3165=LINE('',#8232,#3825);
#3166=LINE('',#8234,#3826);
#3167=LINE('',#8236,#3827);
#3168=LINE('',#8238,#3828);
#3169=LINE('',#8240,#3829);
#3170=LINE('',#8242,#3830);
#3171=LINE('',#8244,#3831);
#3172=LINE('',#8246,#3832);
#3173=LINE('',#8248,#3833);
#3174=LINE('',#8252,#3834);
#3175=LINE('',#8255,#3835);
#3176=LINE('',#8256,#3836);
#3177=LINE('',#8258,#3837);
#3178=LINE('',#8260,#3838);
#3179=LINE('',#8262,#3839);
#3180=LINE('',#8264,#3840);
#3181=LINE('',#8266,#3841);
#3182=LINE('',#8268,#3842);
#3183=LINE('',#8270,#3843);
#3184=LINE('',#8272,#3844);
#3185=LINE('',#8274,#3845);
#3186=LINE('',#8276,#3846);
#3187=LINE('',#8278,#3847);
#3188=LINE('',#8280,#3848);
#3189=LINE('',#8282,#3849);
#3190=LINE('',#8284,#3850);
#3191=LINE('',#8286,#3851);
#3192=LINE('',#8288,#3852);
#3193=LINE('',#8290,#3853);
#3194=LINE('',#8292,#3854);
#3195=LINE('',#8294,#3855);
#3196=LINE('',#8296,#3856);
#3197=LINE('',#8298,#3857);
#3198=LINE('',#8300,#3858);
#3199=LINE('',#8304,#3859);
#3200=LINE('',#8308,#3860);
#3201=LINE('',#8310,#3861);
#3202=LINE('',#8312,#3862);
#3203=LINE('',#8315,#3863);
#3204=LINE('',#8317,#3864);
#3205=LINE('',#8319,#3865);
#3206=LINE('',#8321,#3866);
#3207=LINE('',#8324,#3867);
#3208=LINE('',#8325,#3868);
#3209=LINE('',#8327,#3869);
#3210=LINE('',#8330,#3870);
#3211=LINE('',#8332,#3871);
#3212=LINE('',#8334,#3872);
#3213=LINE('',#8336,#3873);
#3214=LINE('',#8339,#3874);
#3215=LINE('',#8341,#3875);
#3216=LINE('',#8343,#3876);
#3217=LINE('',#8345,#3877);
#3218=LINE('',#8348,#3878);
#3219=LINE('',#8350,#3879);
#3220=LINE('',#8352,#3880);
#3221=LINE('',#8354,#3881);
#3222=LINE('',#8357,#3882);
#3223=LINE('',#8359,#3883);
#3224=LINE('',#8361,#3884);
#3225=LINE('',#8363,#3885);
#3226=LINE('',#8364,#3886);
#3227=LINE('',#8368,#3887);
#3228=LINE('',#8370,#3888);
#3229=LINE('',#8372,#3889);
#3230=LINE('',#8374,#3890);
#3231=LINE('',#8376,#3891);
#3232=LINE('',#8380,#3892);
#3233=LINE('',#8381,#3893);
#3234=LINE('',#8383,#3894);
#3235=LINE('',#8387,#3895);
#3236=LINE('',#8389,#3896);
#3237=LINE('',#8392,#3897);
#3238=LINE('',#8394,#3898);
#3239=LINE('',#8396,#3899);
#3240=LINE('',#8398,#3900);
#3241=LINE('',#8399,#3901);
#3242=LINE('',#8400,#3902);
#3243=LINE('',#8402,#3903);
#3244=LINE('',#8404,#3904);
#3245=LINE('',#8406,#3905);
#3246=LINE('',#8408,#3906);
#3247=LINE('',#8412,#3907);
#3248=LINE('',#8413,#3908);
#3249=LINE('',#8415,#3909);
#3250=LINE('',#8419,#3910);
#3251=LINE('',#8421,#3911);
#3252=LINE('',#8424,#3912);
#3253=LINE('',#8426,#3913);
#3254=LINE('',#8428,#3914);
#3255=LINE('',#8430,#3915);
#3256=LINE('',#8431,#3916);
#3257=LINE('',#8432,#3917);
#3258=LINE('',#8434,#3918);
#3259=LINE('',#8436,#3919);
#3260=LINE('',#8438,#3920);
#3261=LINE('',#8440,#3921);
#3262=LINE('',#8444,#3922);
#3263=LINE('',#8445,#3923);
#3264=LINE('',#8447,#3924);
#3265=LINE('',#8450,#3925);
#3266=LINE('',#8452,#3926);
#3267=LINE('',#8454,#3927);
#3268=LINE('',#8456,#3928);
#3269=LINE('',#8459,#3929);
#3270=LINE('',#8461,#3930);
#3271=LINE('',#8463,#3931);
#3272=LINE('',#8465,#3932);
#3273=LINE('',#8468,#3933);
#3274=LINE('',#8469,#3934);
#3275=LINE('',#8471,#3935);
#3276=LINE('',#8473,#3936);
#3277=LINE('',#8475,#3937);
#3278=LINE('',#8477,#3938);
#3279=LINE('',#8479,#3939);
#3280=LINE('',#8482,#3940);
#3281=LINE('',#8484,#3941);
#3282=LINE('',#8486,#3942);
#3283=LINE('',#8488,#3943);
#3284=LINE('',#8490,#3944);
#3285=LINE('',#8492,#3945);
#3286=LINE('',#8494,#3946);
#3287=LINE('',#8496,#3947);
#3288=LINE('',#8498,#3948);
#3289=LINE('',#8500,#3949);
#3290=LINE('',#8503,#3950);
#3291=LINE('',#8504,#3951);
#3292=LINE('',#8506,#3952);
#3293=LINE('',#8508,#3953);
#3294=LINE('',#8510,#3954);
#3295=LINE('',#8512,#3955);
#3296=LINE('',#8515,#3956);
#3297=LINE('',#8516,#3957);
#3298=LINE('',#8518,#3958);
#3299=LINE('',#8521,#3959);
#3300=LINE('',#8522,#3960);
#3301=LINE('',#8524,#3961);
#3302=LINE('',#8526,#3962);
#3303=LINE('',#8528,#3963);
#3304=LINE('',#8530,#3964);
#3305=LINE('',#8532,#3965);
#3306=LINE('',#8534,#3966);
#3307=LINE('',#8536,#3967);
#3308=LINE('',#8539,#3968);
#3309=LINE('',#8541,#3969);
#3310=LINE('',#8543,#3970);
#3311=LINE('',#8545,#3971);
#3312=LINE('',#8548,#3972);
#3313=LINE('',#8550,#3973);
#3314=LINE('',#8552,#3974);
#3315=LINE('',#8554,#3975);
#3316=LINE('',#8559,#3976);
#3317=LINE('',#8563,#3977);
#3318=LINE('',#8566,#3978);
#3319=LINE('',#8567,#3979);
#3320=LINE('',#8568,#3980);
#3321=LINE('',#8570,#3981);
#3322=LINE('',#8572,#3982);
#3323=LINE('',#8575,#3983);
#3324=LINE('',#8576,#3984);
#3325=LINE('',#8578,#3985);
#3326=LINE('',#8580,#3986);
#3327=LINE('',#8582,#3987);
#3328=LINE('',#8586,#3988);
#3329=LINE('',#8587,#3989);
#3330=LINE('',#8589,#3990);
#3331=LINE('',#8591,#3991);
#3332=LINE('',#8595,#3992);
#3333=LINE('',#8598,#3993);
#3334=LINE('',#8599,#3994);
#3335=LINE('',#8600,#3995);
#3336=LINE('',#8602,#3996);
#3337=LINE('',#8604,#3997);
#3338=LINE('',#8607,#3998);
#3339=LINE('',#8608,#3999);
#3340=LINE('',#8610,#4000);
#3341=LINE('',#8612,#4001);
#3342=LINE('',#8614,#4002);
#3343=LINE('',#8618,#4003);
#3344=LINE('',#8619,#4004);
#3345=LINE('',#8621,#4005);
#3346=LINE('',#8625,#4006);
#3347=LINE('',#8627,#4007);
#3348=LINE('',#8629,#4008);
#3349=LINE('',#8630,#4009);
#3350=LINE('',#8632,#4010);
#3351=LINE('',#8634,#4011);
#3352=LINE('',#8635,#4012);
#3353=LINE('',#8637,#4013);
#3354=LINE('',#8639,#4014);
#3355=LINE('',#8641,#4015);
#3356=LINE('',#8643,#4016);
#3357=LINE('',#8646,#4017);
#3358=LINE('',#8647,#4018);
#3359=LINE('',#8648,#4019);
#3360=LINE('',#8650,#4020);
#3361=LINE('',#8652,#4021);
#3362=LINE('',#8655,#4022);
#3363=LINE('',#8657,#4023);
#3364=LINE('',#8659,#4024);
#3365=LINE('',#8661,#4025);
#3366=LINE('',#8662,#4026);
#3367=LINE('',#8663,#4027);
#3368=LINE('',#8665,#4028);
#3369=LINE('',#8667,#4029);
#3370=LINE('',#8671,#4030);
#3371=LINE('',#8673,#4031);
#3372=LINE('',#8674,#4032);
#3373=LINE('',#8676,#4033);
#3374=LINE('',#8678,#4034);
#3375=LINE('',#8682,#4035);
#3376=LINE('',#8684,#4036);
#3377=LINE('',#8685,#4037);
#3378=LINE('',#8686,#4038);
#3379=LINE('',#8688,#4039);
#3380=LINE('',#8690,#4040);
#3381=LINE('',#8692,#4041);
#3382=LINE('',#8694,#4042);
#3383=LINE('',#8696,#4043);
#3384=LINE('',#8699,#4044);
#3385=LINE('',#8701,#4045);
#3386=LINE('',#8703,#4046);
#3387=LINE('',#8705,#4047);
#3388=LINE('',#8708,#4048);
#3389=LINE('',#8710,#4049);
#3390=LINE('',#8712,#4050);
#3391=LINE('',#8717,#4051);
#3392=LINE('',#8719,#4052);
#3393=LINE('',#8721,#4053);
#3394=LINE('',#8723,#4054);
#3395=LINE('',#8725,#4055);
#3396=LINE('',#8727,#4056);
#3397=LINE('',#8729,#4057);
#3398=LINE('',#8731,#4058);
#3399=LINE('',#8733,#4059);
#3400=LINE('',#8735,#4060);
#3401=LINE('',#8737,#4061);
#3402=LINE('',#8739,#4062);
#3403=LINE('',#8743,#4063);
#3404=LINE('',#8745,#4064);
#3405=LINE('',#8747,#4065);
#3406=LINE('',#8751,#4066);
#3407=LINE('',#8753,#4067);
#3408=LINE('',#8755,#4068);
#3409=LINE('',#8757,#4069);
#3410=LINE('',#8759,#4070);
#3411=LINE('',#8761,#4071);
#3412=LINE('',#8763,#4072);
#3413=LINE('',#8765,#4073);
#3414=LINE('',#8767,#4074);
#3415=LINE('',#8769,#4075);
#3416=LINE('',#8771,#4076);
#3417=LINE('',#8773,#4077);
#3418=LINE('',#8775,#4078);
#3419=LINE('',#8777,#4079);
#3420=LINE('',#8779,#4080);
#3421=LINE('',#8781,#4081);
#3422=LINE('',#8783,#4082);
#3423=LINE('',#8785,#4083);
#3424=LINE('',#8787,#4084);
#3425=LINE('',#8789,#4085);
#3426=LINE('',#8791,#4086);
#3427=LINE('',#8793,#4087);
#3428=LINE('',#8795,#4088);
#3429=LINE('',#8797,#4089);
#3430=LINE('',#8799,#4090);
#3431=LINE('',#8803,#4091);
#3432=LINE('',#8805,#4092);
#3433=LINE('',#8808,#4093);
#3434=LINE('',#8810,#4094);
#3435=LINE('',#8812,#4095);
#3436=LINE('',#8814,#4096);
#3437=LINE('',#8816,#4097);
#3438=LINE('',#8818,#4098);
#3439=LINE('',#8820,#4099);
#3440=LINE('',#8822,#4100);
#3441=LINE('',#8824,#4101);
#3442=LINE('',#8826,#4102);
#3443=LINE('',#8828,#4103);
#3444=LINE('',#8830,#4104);
#3445=LINE('',#8832,#4105);
#3446=LINE('',#8834,#4106);
#3447=LINE('',#8835,#4107);
#3448=LINE('',#8837,#4108);
#3449=LINE('',#8839,#4109);
#3450=LINE('',#8841,#4110);
#3451=LINE('',#8843,#4111);
#3452=LINE('',#8845,#4112);
#3453=LINE('',#8846,#4113);
#3454=LINE('',#8848,#4114);
#3455=LINE('',#8850,#4115);
#3456=LINE('',#8852,#4116);
#3457=LINE('',#8854,#4117);
#3458=LINE('',#8856,#4118);
#3459=LINE('',#8858,#4119);
#3460=LINE('',#8860,#4120);
#3461=LINE('',#8862,#4121);
#3462=LINE('',#8864,#4122);
#3463=LINE('',#8866,#4123);
#3464=LINE('',#8868,#4124);
#3465=LINE('',#8870,#4125);
#3466=LINE('',#8872,#4126);
#3467=LINE('',#8874,#4127);
#3468=LINE('',#8876,#4128);
#3469=LINE('',#8878,#4129);
#3470=LINE('',#8880,#4130);
#3471=LINE('',#8883,#4131);
#3472=LINE('',#8885,#4132);
#3473=LINE('',#8887,#4133);
#3474=LINE('',#8888,#4134);
#3475=LINE('',#8890,#4135);
#3476=LINE('',#8892,#4136);
#3477=LINE('',#8894,#4137);
#3478=LINE('',#8896,#4138);
#3479=LINE('',#8898,#4139);
#3480=LINE('',#8900,#4140);
#3481=LINE('',#8902,#4141);
#3482=LINE('',#8904,#4142);
#3483=LINE('',#8907,#4143);
#3484=LINE('',#8909,#4144);
#3485=LINE('',#8911,#4145);
#3486=LINE('',#8917,#4146);
#3487=LINE('',#8919,#4147);
#3488=LINE('',#8921,#4148);
#3489=LINE('',#8923,#4149);
#3490=LINE('',#8925,#4150);
#3491=LINE('',#8927,#4151);
#3492=LINE('',#8929,#4152);
#3493=LINE('',#8935,#4153);
#3494=LINE('',#8937,#4154);
#3495=LINE('',#8939,#4155);
#3496=LINE('',#8941,#4156);
#3497=LINE('',#8947,#4157);
#3498=LINE('',#8949,#4158);
#3499=LINE('',#8951,#4159);
#3500=LINE('',#8953,#4160);
#3501=LINE('',#8958,#4161);
#3502=LINE('',#8962,#4162);
#3503=LINE('',#8964,#4163);
#3504=LINE('',#8966,#4164);
#3505=LINE('',#8968,#4165);
#3506=LINE('',#8974,#4166);
#3507=LINE('',#8976,#4167);
#3508=LINE('',#8978,#4168);
#3509=LINE('',#8980,#4169);
#3510=LINE('',#8981,#4170);
#3511=LINE('',#8983,#4171);
#3512=LINE('',#8985,#4172);
#3513=LINE('',#8987,#4173);
#3514=LINE('',#8989,#4174);
#3515=LINE('',#8991,#4175);
#3516=LINE('',#8993,#4176);
#3517=LINE('',#8995,#4177);
#3518=LINE('',#8996,#4178);
#3519=LINE('',#8998,#4179);
#3520=LINE('',#9000,#4180);
#3521=LINE('',#9002,#4181);
#3522=LINE('',#9004,#4182);
#3523=LINE('',#9006,#4183);
#3524=LINE('',#9008,#4184);
#3525=LINE('',#9010,#4185);
#3526=LINE('',#9012,#4186);
#3527=LINE('',#9014,#4187);
#3528=LINE('',#9016,#4188);
#3529=LINE('',#9018,#4189);
#3530=LINE('',#9020,#4190);
#3531=LINE('',#9022,#4191);
#3532=LINE('',#9024,#4192);
#3533=LINE('',#9026,#4193);
#3534=LINE('',#9028,#4194);
#3535=LINE('',#9030,#4195);
#3536=LINE('',#9031,#4196);
#3537=LINE('',#9033,#4197);
#3538=LINE('',#9035,#4198);
#3539=LINE('',#9037,#4199);
#3540=LINE('',#9039,#4200);
#3541=LINE('',#9041,#4201);
#3542=LINE('',#9043,#4202);
#3543=LINE('',#9045,#4203);
#3544=LINE('',#9047,#4204);
#3545=LINE('',#9049,#4205);
#3546=LINE('',#9051,#4206);
#3547=LINE('',#9053,#4207);
#3548=LINE('',#9055,#4208);
#3549=LINE('',#9057,#4209);
#3550=LINE('',#9059,#4210);
#3551=LINE('',#9061,#4211);
#3552=LINE('',#9063,#4212);
#3553=LINE('',#9065,#4213);
#3554=LINE('',#9067,#4214);
#3555=LINE('',#9070,#4215);
#3556=LINE('',#9072,#4216);
#3557=LINE('',#9074,#4217);
#3558=LINE('',#9080,#4218);
#3559=LINE('',#9082,#4219);
#3560=LINE('',#9084,#4220);
#3561=LINE('',#9086,#4221);
#3562=LINE('',#9088,#4222);
#3563=LINE('',#9090,#4223);
#3564=LINE('',#9092,#4224);
#3565=LINE('',#9098,#4225);
#3566=LINE('',#9100,#4226);
#3567=LINE('',#9102,#4227);
#3568=LINE('',#9104,#4228);
#3569=LINE('',#9110,#4229);
#3570=LINE('',#9112,#4230);
#3571=LINE('',#9114,#4231);
#3572=LINE('',#9116,#4232);
#3573=LINE('',#9121,#4233);
#3574=LINE('',#9125,#4234);
#3575=LINE('',#9127,#4235);
#3576=LINE('',#9129,#4236);
#3577=LINE('',#9131,#4237);
#3578=LINE('',#9137,#4238);
#3579=LINE('',#9139,#4239);
#3580=LINE('',#9141,#4240);
#3581=LINE('',#9143,#4241);
#3582=LINE('',#9144,#4242);
#3583=LINE('',#9146,#4243);
#3584=LINE('',#9148,#4244);
#3585=LINE('',#9150,#4245);
#3586=LINE('',#9152,#4246);
#3587=LINE('',#9154,#4247);
#3588=LINE('',#9156,#4248);
#3589=LINE('',#9158,#4249);
#3590=LINE('',#9159,#4250);
#3591=LINE('',#9161,#4251);
#3592=LINE('',#9163,#4252);
#3593=LINE('',#9165,#4253);
#3594=LINE('',#9167,#4254);
#3595=LINE('',#9169,#4255);
#3596=LINE('',#9171,#4256);
#3597=LINE('',#9173,#4257);
#3598=LINE('',#9175,#4258);
#3599=LINE('',#9176,#4259);
#3600=LINE('',#9178,#4260);
#3601=LINE('',#9180,#4261);
#3602=LINE('',#9182,#4262);
#3603=LINE('',#9184,#4263);
#3604=LINE('',#9186,#4264);
#3605=LINE('',#9188,#4265);
#3606=LINE('',#9190,#4266);
#3607=LINE('',#9192,#4267);
#3608=LINE('',#9194,#4268);
#3609=LINE('',#9196,#4269);
#3610=LINE('',#9198,#4270);
#3611=LINE('',#9200,#4271);
#3612=LINE('',#9203,#4272);
#3613=LINE('',#9204,#4273);
#3614=LINE('',#9206,#4274);
#3615=LINE('',#9208,#4275);
#3616=LINE('',#9209,#4276);
#3617=LINE('',#9211,#4277);
#3618=LINE('',#9213,#4278);
#3619=LINE('',#9215,#4279);
#3620=LINE('',#9217,#4280);
#3621=LINE('',#9219,#4281);
#3622=LINE('',#9221,#4282);
#3623=LINE('',#9223,#4283);
#3624=LINE('',#9226,#4284);
#3625=LINE('',#9228,#4285);
#3626=LINE('',#9230,#4286);
#3627=LINE('',#9232,#4287);
#3628=LINE('',#9233,#4288);
#3629=LINE('',#9235,#4289);
#3630=LINE('',#9238,#4290);
#3631=LINE('',#9239,#4291);
#3632=LINE('',#9241,#4292);
#3633=LINE('',#9243,#4293);
#3634=LINE('',#9245,#4294);
#3635=LINE('',#9247,#4295);
#3636=LINE('',#9249,#4296);
#3637=LINE('',#9251,#4297);
#3638=LINE('',#9253,#4298);
#3639=LINE('',#9255,#4299);
#3640=LINE('',#9257,#4300);
#3641=LINE('',#9259,#4301);
#3642=LINE('',#9260,#4302);
#3643=LINE('',#9262,#4303);
#3644=LINE('',#9264,#4304);
#3645=LINE('',#9266,#4305);
#3646=LINE('',#9268,#4306);
#3647=LINE('',#9270,#4307);
#3648=LINE('',#9272,#4308);
#3649=LINE('',#9274,#4309);
#3650=LINE('',#9276,#4310);
#3651=LINE('',#9278,#4311);
#3652=LINE('',#9280,#4312);
#3653=LINE('',#9282,#4313);
#3654=LINE('',#9286,#4314);
#3655=LINE('',#9290,#4315);
#3656=LINE('',#9292,#4316);
#3657=LINE('',#9294,#4317);
#3658=LINE('',#9298,#4318);
#3659=LINE('',#9302,#4319);
#3660=LINE('',#9304,#4320);
#3661=LINE('',#9306,#4321);
#3662=LINE('',#9308,#4322);
#3663=LINE('',#9310,#4323);
#3664=LINE('',#9312,#4324);
#3665=LINE('',#9316,#4325);
#3666=LINE('',#9320,#4326);
#3667=LINE('',#9322,#4327);
#3668=LINE('',#9324,#4328);
#3669=LINE('',#9326,#4329);
#3670=LINE('',#9331,#4330);
#3671=LINE('',#9332,#4331);
#3672=LINE('',#9334,#4332);
#3673=LINE('',#9336,#4333);
#3674=LINE('',#9338,#4334);
#3675=LINE('',#9342,#4335);
#3676=LINE('',#9344,#4336);
#3677=LINE('',#9346,#4337);
#3678=VECTOR('',#6550,1.);
#3679=VECTOR('',#6553,1.);
#3680=VECTOR('',#6558,1.);
#3681=VECTOR('',#6561,1.);
#3682=VECTOR('',#6566,1.);
#3683=VECTOR('',#6567,1.);
#3684=VECTOR('',#6568,1.);
#3685=VECTOR('',#6571,1.);
#3686=VECTOR('',#6578,1.);
#3687=VECTOR('',#6579,1.);
#3688=VECTOR('',#6580,1.);
#3689=VECTOR('',#6581,1.);
#3690=VECTOR('',#6586,1.);
#3691=VECTOR('',#6591,1.);
#3692=VECTOR('',#6592,1.);
#3693=VECTOR('',#6593,1.);
#3694=VECTOR('',#6598,1.);
#3695=VECTOR('',#6603,1.);
#3696=VECTOR('',#6604,1.);
#3697=VECTOR('',#6605,1.);
#3698=VECTOR('',#6608,1.);
#3699=VECTOR('',#6609,1.);
#3700=VECTOR('',#6610,1.);
#3701=VECTOR('',#6615,1.);
#3702=VECTOR('',#6620,1.);
#3703=VECTOR('',#6621,1.);
#3704=VECTOR('',#6622,1.);
#3705=VECTOR('',#6625,1.);
#3706=VECTOR('',#6626,1.);
#3707=VECTOR('',#6627,1.);
#3708=VECTOR('',#6630,1.);
#3709=VECTOR('',#6631,1.);
#3710=VECTOR('',#6632,1.);
#3711=VECTOR('',#6635,1.);
#3712=VECTOR('',#6638,1.);
#3713=VECTOR('',#6639,1.);
#3714=VECTOR('',#6642,1.);
#3715=VECTOR('',#6645,1.);
#3716=VECTOR('',#6650,1.);
#3717=VECTOR('',#6651,1.);
#3718=VECTOR('',#6652,1.);
#3719=VECTOR('',#6655,1.);
#3720=VECTOR('',#6662,1.);
#3721=VECTOR('',#6663,1.);
#3722=VECTOR('',#6664,1.);
#3723=VECTOR('',#6665,1.);
#3724=VECTOR('',#6670,1.);
#3725=VECTOR('',#6675,1.);
#3726=VECTOR('',#6676,1.);
#3727=VECTOR('',#6677,1.);
#3728=VECTOR('',#6682,1.);
#3729=VECTOR('',#6687,1.);
#3730=VECTOR('',#6688,1.);
#3731=VECTOR('',#6689,1.);
#3732=VECTOR('',#6692,1.);
#3733=VECTOR('',#6693,1.);
#3734=VECTOR('',#6694,1.);
#3735=VECTOR('',#6699,1.);
#3736=VECTOR('',#6704,1.);
#3737=VECTOR('',#6705,1.);
#3738=VECTOR('',#6706,1.);
#3739=VECTOR('',#6709,1.);
#3740=VECTOR('',#6710,1.);
#3741=VECTOR('',#6711,1.);
#3742=VECTOR('',#6714,1.);
#3743=VECTOR('',#6715,1.);
#3744=VECTOR('',#6716,1.);
#3745=VECTOR('',#6719,1.);
#3746=VECTOR('',#6722,1.);
#3747=VECTOR('',#6723,1.);
#3748=VECTOR('',#6726,1.);
#3749=VECTOR('',#6727,1.);
#3750=VECTOR('',#6728,1.);
#3751=VECTOR('',#6729,1.);
#3752=VECTOR('',#6732,1.);
#3753=VECTOR('',#6733,1.);
#3754=VECTOR('',#6734,1.);
#3755=VECTOR('',#6737,1.);
#3756=VECTOR('',#6738,1.);
#3757=VECTOR('',#6739,1.);
#3758=VECTOR('',#6742,1.);
#3759=VECTOR('',#6743,1.);
#3760=VECTOR('',#6744,1.);
#3761=VECTOR('',#6745,1.);
#3762=VECTOR('',#6748,1.);
#3763=VECTOR('',#6749,1.);
#3764=VECTOR('',#6750,1.);
#3765=VECTOR('',#6753,1.);
#3766=VECTOR('',#6754,1.);
#3767=VECTOR('',#6755,1.);
#3768=VECTOR('',#6758,1.);
#3769=VECTOR('',#6759,1.);
#3770=VECTOR('',#6760,1.);
#3771=VECTOR('',#6763,1.);
#3772=VECTOR('',#6764,1.);
#3773=VECTOR('',#6765,1.);
#3774=VECTOR('',#6768,1.);
#3775=VECTOR('',#6769,1.);
#3776=VECTOR('',#6770,1.);
#3777=VECTOR('',#6773,1.);
#3778=VECTOR('',#6774,1.);
#3779=VECTOR('',#6775,1.);
#3780=VECTOR('',#6776,1.);
#3781=VECTOR('',#6779,1.);
#3782=VECTOR('',#6780,1.);
#3783=VECTOR('',#6781,1.);
#3784=VECTOR('',#6784,1.);
#3785=VECTOR('',#6785,1.);
#3786=VECTOR('',#6786,1.);
#3787=VECTOR('',#6789,1.);
#3788=VECTOR('',#6790,1.);
#3789=VECTOR('',#6791,1.);
#3790=VECTOR('',#6792,1.);
#3791=VECTOR('',#6799,1.);
#3792=VECTOR('',#6802,1.);
#3793=VECTOR('',#6803,1.);
#3794=VECTOR('',#6804,1.);
#3795=VECTOR('',#6807,1.);
#3796=VECTOR('',#6808,1.);
#3797=VECTOR('',#6809,1.);
#3798=VECTOR('',#6816,1.);
#3799=VECTOR('',#6819,1.);
#3800=VECTOR('',#6820,1.);
#3801=VECTOR('',#6821,1.);
#3802=VECTOR('',#6828,1.);
#3803=VECTOR('',#6831,1.);
#3804=VECTOR('',#6832,1.);
#3805=VECTOR('',#6833,1.);
#3806=VECTOR('',#6838,1.);
#3807=VECTOR('',#6841,1.);
#3808=VECTOR('',#6844,1.);
#3809=VECTOR('',#6845,1.);
#3810=VECTOR('',#6846,1.);
#3811=VECTOR('',#6853,1.);
#3812=VECTOR('',#6856,1.);
#3813=VECTOR('',#6857,1.);
#3814=VECTOR('',#6858,1.);
#3815=VECTOR('',#6859,1.);
#3816=VECTOR('',#6862,1.);
#3817=VECTOR('',#6863,1.);
#3818=VECTOR('',#6866,1.);
#3819=VECTOR('',#6869,1.);
#3820=VECTOR('',#6870,1.);
#3821=VECTOR('',#6873,1.);
#3822=VECTOR('',#6876,1.);
#3823=VECTOR('',#6877,1.);
#3824=VECTOR('',#6878,1.);
#3825=VECTOR('',#6879,1.);
#3826=VECTOR('',#6880,1.);
#3827=VECTOR('',#6881,1.);
#3828=VECTOR('',#6882,1.);
#3829=VECTOR('',#6883,1.);
#3830=VECTOR('',#6884,1.);
#3831=VECTOR('',#6885,1.);
#3832=VECTOR('',#6886,1.);
#3833=VECTOR('',#6887,1.);
#3834=VECTOR('',#6892,1.);
#3835=VECTOR('',#6893,1.);
#3836=VECTOR('',#6894,1.);
#3837=VECTOR('',#6897,1.);
#3838=VECTOR('',#6898,1.);
#3839=VECTOR('',#6901,1.);
#3840=VECTOR('',#6902,1.);
#3841=VECTOR('',#6905,1.);
#3842=VECTOR('',#6906,1.);
#3843=VECTOR('',#6909,1.);
#3844=VECTOR('',#6910,1.);
#3845=VECTOR('',#6913,1.);
#3846=VECTOR('',#6914,1.);
#3847=VECTOR('',#6917,1.);
#3848=VECTOR('',#6918,1.);
#3849=VECTOR('',#6921,1.);
#3850=VECTOR('',#6922,1.);
#3851=VECTOR('',#6925,1.);
#3852=VECTOR('',#6926,1.);
#3853=VECTOR('',#6929,1.);
#3854=VECTOR('',#6930,1.);
#3855=VECTOR('',#6933,1.);
#3856=VECTOR('',#6934,1.);
#3857=VECTOR('',#6937,1.);
#3858=VECTOR('',#6938,1.);
#3859=VECTOR('',#6943,1.);
#3860=VECTOR('',#6948,1.);
#3861=VECTOR('',#6951,1.);
#3862=VECTOR('',#6954,1.);
#3863=VECTOR('',#6955,1.);
#3864=VECTOR('',#6956,1.);
#3865=VECTOR('',#6957,1.);
#3866=VECTOR('',#6960,1.);
#3867=VECTOR('',#6961,1.);
#3868=VECTOR('',#6962,1.);
#3869=VECTOR('',#6965,1.);
#3870=VECTOR('',#6966,1.);
#3871=VECTOR('',#6967,1.);
#3872=VECTOR('',#6968,1.);
#3873=VECTOR('',#6971,1.);
#3874=VECTOR('',#6972,1.);
#3875=VECTOR('',#6973,1.);
#3876=VECTOR('',#6974,1.);
#3877=VECTOR('',#6977,1.);
#3878=VECTOR('',#6978,1.);
#3879=VECTOR('',#6979,1.);
#3880=VECTOR('',#6980,1.);
#3881=VECTOR('',#6983,1.);
#3882=VECTOR('',#6984,1.);
#3883=VECTOR('',#6985,1.);
#3884=VECTOR('',#6986,1.);
#3885=VECTOR('',#6989,1.);
#3886=VECTOR('',#6990,1.);
#3887=VECTOR('',#6993,1.);
#3888=VECTOR('',#6994,1.);
#3889=VECTOR('',#6997,1.);
#3890=VECTOR('',#6998,1.);
#3891=VECTOR('',#7001,1.);
#3892=VECTOR('',#7004,1.);
#3893=VECTOR('',#7005,1.);
#3894=VECTOR('',#7008,1.);
#3895=VECTOR('',#7011,1.);
#3896=VECTOR('',#7014,1.);
#3897=VECTOR('',#7015,1.);
#3898=VECTOR('',#7016,1.);
#3899=VECTOR('',#7017,1.);
#3900=VECTOR('',#7020,1.);
#3901=VECTOR('',#7021,1.);
#3902=VECTOR('',#7022,1.);
#3903=VECTOR('',#7023,1.);
#3904=VECTOR('',#7026,1.);
#3905=VECTOR('',#7027,1.);
#3906=VECTOR('',#7030,1.);
#3907=VECTOR('',#7033,1.);
#3908=VECTOR('',#7034,1.);
#3909=VECTOR('',#7037,1.);
#3910=VECTOR('',#7040,1.);
#3911=VECTOR('',#7043,1.);
#3912=VECTOR('',#7044,1.);
#3913=VECTOR('',#7045,1.);
#3914=VECTOR('',#7046,1.);
#3915=VECTOR('',#7049,1.);
#3916=VECTOR('',#7050,1.);
#3917=VECTOR('',#7051,1.);
#3918=VECTOR('',#7052,1.);
#3919=VECTOR('',#7055,1.);
#3920=VECTOR('',#7056,1.);
#3921=VECTOR('',#7059,1.);
#3922=VECTOR('',#7062,1.);
#3923=VECTOR('',#7063,1.);
#3924=VECTOR('',#7066,1.);
#3925=VECTOR('',#7067,1.);
#3926=VECTOR('',#7068,1.);
#3927=VECTOR('',#7069,1.);
#3928=VECTOR('',#7072,1.);
#3929=VECTOR('',#7073,1.);
#3930=VECTOR('',#7074,1.);
#3931=VECTOR('',#7075,1.);
#3932=VECTOR('',#7078,1.);
#3933=VECTOR('',#7079,1.);
#3934=VECTOR('',#7080,1.);
#3935=VECTOR('',#7083,1.);
#3936=VECTOR('',#7084,1.);
#3937=VECTOR('',#7087,1.);
#3938=VECTOR('',#7088,1.);
#3939=VECTOR('',#7091,1.);
#3940=VECTOR('',#7092,1.);
#3941=VECTOR('',#7093,1.);
#3942=VECTOR('',#7094,1.);
#3943=VECTOR('',#7097,1.);
#3944=VECTOR('',#7098,1.);
#3945=VECTOR('',#7099,1.);
#3946=VECTOR('',#7102,1.);
#3947=VECTOR('',#7103,1.);
#3948=VECTOR('',#7104,1.);
#3949=VECTOR('',#7107,1.);
#3950=VECTOR('',#7108,1.);
#3951=VECTOR('',#7109,1.);
#3952=VECTOR('',#7112,1.);
#3953=VECTOR('',#7113,1.);
#3954=VECTOR('',#7114,1.);
#3955=VECTOR('',#7117,1.);
#3956=VECTOR('',#7118,1.);
#3957=VECTOR('',#7119,1.);
#3958=VECTOR('',#7122,1.);
#3959=VECTOR('',#7123,1.);
#3960=VECTOR('',#7124,1.);
#3961=VECTOR('',#7127,1.);
#3962=VECTOR('',#7128,1.);
#3963=VECTOR('',#7129,1.);
#3964=VECTOR('',#7132,1.);
#3965=VECTOR('',#7133,1.);
#3966=VECTOR('',#7134,1.);
#3967=VECTOR('',#7137,1.);
#3968=VECTOR('',#7138,1.);
#3969=VECTOR('',#7139,1.);
#3970=VECTOR('',#7140,1.);
#3971=VECTOR('',#7143,1.);
#3972=VECTOR('',#7144,1.);
#3973=VECTOR('',#7145,1.);
#3974=VECTOR('',#7146,1.);
#3975=VECTOR('',#7149,1.);
#3976=VECTOR('',#7152,1.);
#3977=VECTOR('',#7157,1.);
#3978=VECTOR('',#7158,1.);
#3979=VECTOR('',#7159,1.);
#3980=VECTOR('',#7160,1.);
#3981=VECTOR('',#7161,1.);
#3982=VECTOR('',#7164,1.);
#3983=VECTOR('',#7165,1.);
#3984=VECTOR('',#7166,1.);
#3985=VECTOR('',#7169,1.);
#3986=VECTOR('',#7170,1.);
#3987=VECTOR('',#7173,1.);
#3988=VECTOR('',#7176,1.);
#3989=VECTOR('',#7177,1.);
#3990=VECTOR('',#7180,1.);
#3991=VECTOR('',#7181,1.);
#3992=VECTOR('',#7186,1.);
#3993=VECTOR('',#7187,1.);
#3994=VECTOR('',#7188,1.);
#3995=VECTOR('',#7189,1.);
#3996=VECTOR('',#7190,1.);
#3997=VECTOR('',#7193,1.);
#3998=VECTOR('',#7194,1.);
#3999=VECTOR('',#7195,1.);
#4000=VECTOR('',#7198,1.);
#4001=VECTOR('',#7199,1.);
#4002=VECTOR('',#7202,1.);
#4003=VECTOR('',#7205,1.);
#4004=VECTOR('',#7206,1.);
#4005=VECTOR('',#7209,1.);
#4006=VECTOR('',#7212,1.);
#4007=VECTOR('',#7215,1.);
#4008=VECTOR('',#7216,1.);
#4009=VECTOR('',#7217,1.);
#4010=VECTOR('',#7218,1.);
#4011=VECTOR('',#7219,1.);
#4012=VECTOR('',#7220,1.);
#4013=VECTOR('',#7223,1.);
#4014=VECTOR('',#7224,1.);
#4015=VECTOR('',#7225,1.);
#4016=VECTOR('',#7228,1.);
#4017=VECTOR('',#7229,1.);
#4018=VECTOR('',#7230,1.);
#4019=VECTOR('',#7231,1.);
#4020=VECTOR('',#7232,1.);
#4021=VECTOR('',#7235,1.);
#4022=VECTOR('',#7236,1.);
#4023=VECTOR('',#7237,1.);
#4024=VECTOR('',#7238,1.);
#4025=VECTOR('',#7241,1.);
#4026=VECTOR('',#7242,1.);
#4027=VECTOR('',#7243,1.);
#4028=VECTOR('',#7246,1.);
#4029=VECTOR('',#7249,1.);
#4030=VECTOR('',#7252,1.);
#4031=VECTOR('',#7255,1.);
#4032=VECTOR('',#7256,1.);
#4033=VECTOR('',#7259,1.);
#4034=VECTOR('',#7260,1.);
#4035=VECTOR('',#7265,1.);
#4036=VECTOR('',#7268,1.);
#4037=VECTOR('',#7269,1.);
#4038=VECTOR('',#7270,1.);
#4039=VECTOR('',#7271,1.);
#4040=VECTOR('',#7274,1.);
#4041=VECTOR('',#7275,1.);
#4042=VECTOR('',#7278,1.);
#4043=VECTOR('',#7281,1.);
#4044=VECTOR('',#7282,1.);
#4045=VECTOR('',#7283,1.);
#4046=VECTOR('',#7284,1.);
#4047=VECTOR('',#7287,1.);
#4048=VECTOR('',#7288,1.);
#4049=VECTOR('',#7289,1.);
#4050=VECTOR('',#7290,1.);
#4051=VECTOR('',#7295,1.);
#4052=VECTOR('',#7296,1.);
#4053=VECTOR('',#7297,1.);
#4054=VECTOR('',#7298,1.);
#4055=VECTOR('',#7299,1.);
#4056=VECTOR('',#7300,1.);
#4057=VECTOR('',#7301,1.);
#4058=VECTOR('',#7302,1.);
#4059=VECTOR('',#7303,1.);
#4060=VECTOR('',#7304,1.);
#4061=VECTOR('',#7305,1.);
#4062=VECTOR('',#7306,1.);
#4063=VECTOR('',#7309,1.);
#4064=VECTOR('',#7312,1.);
#4065=VECTOR('',#7313,1.);
#4066=VECTOR('',#7318,1.);
#4067=VECTOR('',#7319,1.);
#4068=VECTOR('',#7322,1.);
#4069=VECTOR('',#7323,1.);
#4070=VECTOR('',#7326,1.);
#4071=VECTOR('',#7327,1.);
#4072=VECTOR('',#7330,1.);
#4073=VECTOR('',#7331,1.);
#4074=VECTOR('',#7334,1.);
#4075=VECTOR('',#7335,1.);
#4076=VECTOR('',#7338,1.);
#4077=VECTOR('',#7339,1.);
#4078=VECTOR('',#7342,1.);
#4079=VECTOR('',#7343,1.);
#4080=VECTOR('',#7346,1.);
#4081=VECTOR('',#7347,1.);
#4082=VECTOR('',#7350,1.);
#4083=VECTOR('',#7351,1.);
#4084=VECTOR('',#7354,1.);
#4085=VECTOR('',#7355,1.);
#4086=VECTOR('',#7358,1.);
#4087=VECTOR('',#7359,1.);
#4088=VECTOR('',#7362,1.);
#4089=VECTOR('',#7363,1.);
#4090=VECTOR('',#7366,1.);
#4091=VECTOR('',#7371,1.);
#4092=VECTOR('',#7374,1.);
#4093=VECTOR('',#7375,1.);
#4094=VECTOR('',#7376,1.);
#4095=VECTOR('',#7377,1.);
#4096=VECTOR('',#7380,1.);
#4097=VECTOR('',#7381,1.);
#4098=VECTOR('',#7382,1.);
#4099=VECTOR('',#7385,1.);
#4100=VECTOR('',#7386,1.);
#4101=VECTOR('',#7387,1.);
#4102=VECTOR('',#7390,1.);
#4103=VECTOR('',#7391,1.);
#4104=VECTOR('',#7392,1.);
#4105=VECTOR('',#7395,1.);
#4106=VECTOR('',#7396,1.);
#4107=VECTOR('',#7397,1.);
#4108=VECTOR('',#7400,1.);
#4109=VECTOR('',#7401,1.);
#4110=VECTOR('',#7404,1.);
#4111=VECTOR('',#7405,1.);
#4112=VECTOR('',#7406,1.);
#4113=VECTOR('',#7407,1.);
#4114=VECTOR('',#7410,1.);
#4115=VECTOR('',#7411,1.);
#4116=VECTOR('',#7412,1.);
#4117=VECTOR('',#7415,1.);
#4118=VECTOR('',#7416,1.);
#4119=VECTOR('',#7417,1.);
#4120=VECTOR('',#7418,1.);
#4121=VECTOR('',#7419,1.);
#4122=VECTOR('',#7422,1.);
#4123=VECTOR('',#7423,1.);
#4124=VECTOR('',#7426,1.);
#4125=VECTOR('',#7427,1.);
#4126=VECTOR('',#7430,1.);
#4127=VECTOR('',#7431,1.);
#4128=VECTOR('',#7434,1.);
#4129=VECTOR('',#7435,1.);
#4130=VECTOR('',#7438,1.);
#4131=VECTOR('',#7439,1.);
#4132=VECTOR('',#7440,1.);
#4133=VECTOR('',#7441,1.);
#4134=VECTOR('',#7442,1.);
#4135=VECTOR('',#7443,1.);
#4136=VECTOR('',#7446,1.);
#4137=VECTOR('',#7447,1.);
#4138=VECTOR('',#7448,1.);
#4139=VECTOR('',#7451,1.);
#4140=VECTOR('',#7452,1.);
#4141=VECTOR('',#7453,1.);
#4142=VECTOR('',#7456,1.);
#4143=VECTOR('',#7457,1.);
#4144=VECTOR('',#7458,1.);
#4145=VECTOR('',#7459,1.);
#4146=VECTOR('',#7466,1.);
#4147=VECTOR('',#7469,1.);
#4148=VECTOR('',#7470,1.);
#4149=VECTOR('',#7471,1.);
#4150=VECTOR('',#7474,1.);
#4151=VECTOR('',#7475,1.);
#4152=VECTOR('',#7476,1.);
#4153=VECTOR('',#7483,1.);
#4154=VECTOR('',#7486,1.);
#4155=VECTOR('',#7487,1.);
#4156=VECTOR('',#7488,1.);
#4157=VECTOR('',#7495,1.);
#4158=VECTOR('',#7498,1.);
#4159=VECTOR('',#7499,1.);
#4160=VECTOR('',#7500,1.);
#4161=VECTOR('',#7505,1.);
#4162=VECTOR('',#7508,1.);
#4163=VECTOR('',#7511,1.);
#4164=VECTOR('',#7512,1.);
#4165=VECTOR('',#7513,1.);
#4166=VECTOR('',#7520,1.);
#4167=VECTOR('',#7523,1.);
#4168=VECTOR('',#7524,1.);
#4169=VECTOR('',#7525,1.);
#4170=VECTOR('',#7526,1.);
#4171=VECTOR('',#7529,1.);
#4172=VECTOR('',#7530,1.);
#4173=VECTOR('',#7533,1.);
#4174=VECTOR('',#7536,1.);
#4175=VECTOR('',#7537,1.);
#4176=VECTOR('',#7540,1.);
#4177=VECTOR('',#7541,1.);
#4178=VECTOR('',#7542,1.);
#4179=VECTOR('',#7543,1.);
#4180=VECTOR('',#7546,1.);
#4181=VECTOR('',#7547,1.);
#4182=VECTOR('',#7548,1.);
#4183=VECTOR('',#7551,1.);
#4184=VECTOR('',#7552,1.);
#4185=VECTOR('',#7553,1.);
#4186=VECTOR('',#7556,1.);
#4187=VECTOR('',#7557,1.);
#4188=VECTOR('',#7558,1.);
#4189=VECTOR('',#7561,1.);
#4190=VECTOR('',#7562,1.);
#4191=VECTOR('',#7563,1.);
#4192=VECTOR('',#7566,1.);
#4193=VECTOR('',#7567,1.);
#4194=VECTOR('',#7568,1.);
#4195=VECTOR('',#7571,1.);
#4196=VECTOR('',#7572,1.);
#4197=VECTOR('',#7573,1.);
#4198=VECTOR('',#7574,1.);
#4199=VECTOR('',#7577,1.);
#4200=VECTOR('',#7578,1.);
#4201=VECTOR('',#7579,1.);
#4202=VECTOR('',#7582,1.);
#4203=VECTOR('',#7583,1.);
#4204=VECTOR('',#7584,1.);
#4205=VECTOR('',#7587,1.);
#4206=VECTOR('',#7588,1.);
#4207=VECTOR('',#7589,1.);
#4208=VECTOR('',#7592,1.);
#4209=VECTOR('',#7593,1.);
#4210=VECTOR('',#7594,1.);
#4211=VECTOR('',#7597,1.);
#4212=VECTOR('',#7598,1.);
#4213=VECTOR('',#7599,1.);
#4214=VECTOR('',#7602,1.);
#4215=VECTOR('',#7603,1.);
#4216=VECTOR('',#7604,1.);
#4217=VECTOR('',#7605,1.);
#4218=VECTOR('',#7612,1.);
#4219=VECTOR('',#7615,1.);
#4220=VECTOR('',#7616,1.);
#4221=VECTOR('',#7617,1.);
#4222=VECTOR('',#7620,1.);
#4223=VECTOR('',#7621,1.);
#4224=VECTOR('',#7622,1.);
#4225=VECTOR('',#7629,1.);
#4226=VECTOR('',#7632,1.);
#4227=VECTOR('',#7633,1.);
#4228=VECTOR('',#7634,1.);
#4229=VECTOR('',#7641,1.);
#4230=VECTOR('',#7644,1.);
#4231=VECTOR('',#7645,1.);
#4232=VECTOR('',#7646,1.);
#4233=VECTOR('',#7651,1.);
#4234=VECTOR('',#7654,1.);
#4235=VECTOR('',#7657,1.);
#4236=VECTOR('',#7658,1.);
#4237=VECTOR('',#7659,1.);
#4238=VECTOR('',#7666,1.);
#4239=VECTOR('',#7669,1.);
#4240=VECTOR('',#7670,1.);
#4241=VECTOR('',#7671,1.);
#4242=VECTOR('',#7672,1.);
#4243=VECTOR('',#7675,1.);
#4244=VECTOR('',#7676,1.);
#4245=VECTOR('',#7679,1.);
#4246=VECTOR('',#7682,1.);
#4247=VECTOR('',#7683,1.);
#4248=VECTOR('',#7686,1.);
#4249=VECTOR('',#7687,1.);
#4250=VECTOR('',#7688,1.);
#4251=VECTOR('',#7689,1.);
#4252=VECTOR('',#7692,1.);
#4253=VECTOR('',#7693,1.);
#4254=VECTOR('',#7694,1.);
#4255=VECTOR('',#7697,1.);
#4256=VECTOR('',#7698,1.);
#4257=VECTOR('',#7699,1.);
#4258=VECTOR('',#7702,1.);
#4259=VECTOR('',#7703,1.);
#4260=VECTOR('',#7706,1.);
#4261=VECTOR('',#7707,1.);
#4262=VECTOR('',#7708,1.);
#4263=VECTOR('',#7709,1.);
#4264=VECTOR('',#7710,1.);
#4265=VECTOR('',#7711,1.);
#4266=VECTOR('',#7714,1.);
#4267=VECTOR('',#7715,1.);
#4268=VECTOR('',#7716,1.);
#4269=VECTOR('',#7719,1.);
#4270=VECTOR('',#7720,1.);
#4271=VECTOR('',#7723,1.);
#4272=VECTOR('',#7724,1.);
#4273=VECTOR('',#7725,1.);
#4274=VECTOR('',#7726,1.);
#4275=VECTOR('',#7729,1.);
#4276=VECTOR('',#7730,1.);
#4277=VECTOR('',#7731,1.);
#4278=VECTOR('',#7734,1.);
#4279=VECTOR('',#7735,1.);
#4280=VECTOR('',#7738,1.);
#4281=VECTOR('',#7741,1.);
#4282=VECTOR('',#7744,1.);
#4283=VECTOR('',#7747,1.);
#4284=VECTOR('',#7748,1.);
#4285=VECTOR('',#7749,1.);
#4286=VECTOR('',#7750,1.);
#4287=VECTOR('',#7751,1.);
#4288=VECTOR('',#7752,1.);
#4289=VECTOR('',#7755,1.);
#4290=VECTOR('',#7756,1.);
#4291=VECTOR('',#7757,1.);
#4292=VECTOR('',#7760,1.);
#4293=VECTOR('',#7763,1.);
#4294=VECTOR('',#7764,1.);
#4295=VECTOR('',#7765,1.);
#4296=VECTOR('',#7766,1.);
#4297=VECTOR('',#7769,1.);
#4298=VECTOR('',#7772,1.);
#4299=VECTOR('',#7775,1.);
#4300=VECTOR('',#7778,1.);
#4301=VECTOR('',#7779,1.);
#4302=VECTOR('',#7780,1.);
#4303=VECTOR('',#7781,1.);
#4304=VECTOR('',#7782,1.);
#4305=VECTOR('',#7783,1.);
#4306=VECTOR('',#7786,1.);
#4307=VECTOR('',#7789,1.);
#4308=VECTOR('',#7792,1.);
#4309=VECTOR('',#7793,1.);
#4310=VECTOR('',#7794,1.);
#4311=VECTOR('',#7797,1.);
#4312=VECTOR('',#7798,1.);
#4313=VECTOR('',#7799,1.);
#4314=VECTOR('',#7804,1.);
#4315=VECTOR('',#7809,1.);
#4316=VECTOR('',#7810,1.);
#4317=VECTOR('',#7811,1.);
#4318=VECTOR('',#7816,1.);
#4319=VECTOR('',#7821,1.);
#4320=VECTOR('',#7822,1.);
#4321=VECTOR('',#7823,1.);
#4322=VECTOR('',#7826,1.);
#4323=VECTOR('',#7827,1.);
#4324=VECTOR('',#7828,1.);
#4325=VECTOR('',#7833,1.);
#4326=VECTOR('',#7838,1.);
#4327=VECTOR('',#7839,1.);
#4328=VECTOR('',#7840,1.);
#4329=VECTOR('',#7843,1.);
#4330=VECTOR('',#7846,1.);
#4331=VECTOR('',#7847,1.);
#4332=VECTOR('',#7850,1.);
#4333=VECTOR('',#7851,1.);
#4334=VECTOR('',#7854,1.);
#4335=VECTOR('',#7857,1.);
#4336=VECTOR('',#7860,1.);
#4337=VECTOR('',#7863,1.);
#4338=EDGE_LOOP('',(#300,#301,#302,#303));
#4339=EDGE_LOOP('',(#304,#305,#306,#307));
#4340=EDGE_LOOP('',(#308,#309,#310,#311));
#4341=EDGE_LOOP('',(#312,#313,#314,#315));
#4342=EDGE_LOOP('',(#316,#317,#318,#319));
#4343=EDGE_LOOP('',(#320,#321,#322,#323));
#4344=EDGE_LOOP('',(#324,#325,#326,#327));
#4345=EDGE_LOOP('',(#328,#329,#330,#331));
#4346=EDGE_LOOP('',(#332,#333,#334,#335));
#4347=EDGE_LOOP('',(#336,#337,#338,#339));
#4348=EDGE_LOOP('',(#340,#341,#342,#343));
#4349=EDGE_LOOP('',(#344,#345,#346,#347));
#4350=EDGE_LOOP('',(#348,#349,#350,#351));
#4351=EDGE_LOOP('',(#352,#353,#354,#355,#356,#357,#358,#359,#360,#361,#362,#363,#364,#365,#366));
#4352=EDGE_LOOP('',(#367,#368,#369,#370));
#4353=EDGE_LOOP('',(#371,#372,#373,#374,#375,#376,#377,#378,#379,#380,#381,#382,#383,#384,#385));
#4354=EDGE_LOOP('',(#386,#387,#388,#389));
#4355=EDGE_LOOP('',(#390,#391,#392,#393));
#4356=EDGE_LOOP('',(#394,#395,#396,#397));
#4357=EDGE_LOOP('',(#398,#399,#400,#401));
#4358=EDGE_LOOP('',(#402,#403,#404,#405));
#4359=EDGE_LOOP('',(#406,#407,#408,#409));
#4360=EDGE_LOOP('',(#410,#411,#412,#413));
#4361=EDGE_LOOP('',(#414,#415,#416,#417));
#4362=EDGE_LOOP('',(#418,#419,#420,#421));
#4363=EDGE_LOOP('',(#422,#423,#424,#425));
#4364=EDGE_LOOP('',(#426,#427,#428,#429));
#4365=EDGE_LOOP('',(#430,#431,#432,#433));
#4366=EDGE_LOOP('',(#434,#435,#436,#437,#438,#439,#440,#441,#442,#443,#444,#445,#446,#447,#448));
#4367=EDGE_LOOP('',(#449,#450,#451,#452));
#4368=EDGE_LOOP('',(#453,#454,#455,#456,#457,#458,#459,#460,#461,#462,#463,#464,#465,#466,#467));
#4369=EDGE_LOOP('',(#468,#469,#470,#471));
#4370=EDGE_LOOP('',(#472,#473,#474,#475));
#4371=EDGE_LOOP('',(#476,#477,#478,#479));
#4372=EDGE_LOOP('',(#480,#481,#482,#483,#484,#485,#486,#487));
#4373=EDGE_LOOP('',(#488,#489,#490,#491));
#4374=EDGE_LOOP('',(#492,#493,#494,#495));
#4375=EDGE_LOOP('',(#496,#497,#498,#499));
#4376=EDGE_LOOP('',(#500,#501,#502,#503));
#4377=EDGE_LOOP('',(#504,#505,#506,#507));
#4378=EDGE_LOOP('',(#508,#509,#510,#511,#512,#513,#514,#515));
#4379=EDGE_LOOP('',(#516,#517,#518,#519));
#4380=EDGE_LOOP('',(#520,#521,#522,#523));
#4381=EDGE_LOOP('',(#524,#525,#526,#527));
#4382=EDGE_LOOP('',(#528,#529,#530,#531));
#4383=EDGE_LOOP('',(#532,#533,#534,#535));
#4384=EDGE_LOOP('',(#536,#537,#538,#539));
#4385=EDGE_LOOP('',(#540,#541,#542,#543));
#4386=EDGE_LOOP('',(#544,#545,#546,#547));
#4387=EDGE_LOOP('',(#548,#549,#550,#551));
#4388=EDGE_LOOP('',(#552,#553,#554,#555));
#4389=EDGE_LOOP('',(#556,#557,#558,#559));
#4390=EDGE_LOOP('',(#560,#561,#562,#563));
#4391=EDGE_LOOP('',(#564,#565,#566,#567));
#4392=EDGE_LOOP('',(#568,#569,#570,#571,#572,#573,#574,#575,#576,#577,#578,#579,#580,#581,#582));
#4393=EDGE_LOOP('',(#583,#584,#585,#586));
#4394=EDGE_LOOP('',(#587,#588,#589,#590));
#4395=EDGE_LOOP('',(#591,#592,#593,#594,#595,#596,#597,#598,#599,#600,#601,#602,#603,#604,#605));
#4396=EDGE_LOOP('',(#606,#607,#608,#609,#610,#611,#612,#613,#614,#615,#616,#617,#618,#619,#620));
#4397=EDGE_LOOP('',(#621,#622,#623,#624));
#4398=EDGE_LOOP('',(#625,#626,#627,#628));
#4399=EDGE_LOOP('',(#629,#630,#631,#632));
#4400=EDGE_LOOP('',(#633,#634,#635,#636));
#4401=EDGE_LOOP('',(#637,#638,#639,#640));
#4402=EDGE_LOOP('',(#641,#642,#643,#644));
#4403=EDGE_LOOP('',(#645,#646,#647,#648));
#4404=EDGE_LOOP('',(#649,#650,#651,#652));
#4405=EDGE_LOOP('',(#653,#654,#655,#656));
#4406=EDGE_LOOP('',(#657,#658,#659,#660));
#4407=EDGE_LOOP('',(#661,#662,#663,#664));
#4408=EDGE_LOOP('',(#665,#666,#667,#668));
#4409=EDGE_LOOP('',(#669,#670,#671,#672));
#4410=EDGE_LOOP('',(#673,#674,#675,#676,#677,#678,#679,#680,#681,#682,#683,#684,#685,#686,#687));
#4411=EDGE_LOOP('',(#688,#689,#690,#691));
#4412=EDGE_LOOP('',(#692,#693,#694,#695));
#4413=EDGE_LOOP('',(#696,#697,#698,#699));
#4414=EDGE_LOOP('',(#700,#701,#702,#703));
#4415=EDGE_LOOP('',(#704,#705,#706,#707));
#4416=EDGE_LOOP('',(#708,#709,#710,#711));
#4417=EDGE_LOOP('',(#712,#713,#714,#715));
#4418=EDGE_LOOP('',(#716,#717,#718,#719,#720,#721,#722));
#4419=EDGE_LOOP('',(#723,#724,#725,#726));
#4420=EDGE_LOOP('',(#727,#728,#729,#730,#731,#732,#733));
#4421=EDGE_LOOP('',(#734,#735,#736,#737));
#4422=EDGE_LOOP('',(#738,#739,#740,#741));
#4423=EDGE_LOOP('',(#742,#743,#744,#745,#746,#747,#748));
#4424=EDGE_LOOP('',(#749,#750,#751,#752));
#4425=EDGE_LOOP('',(#753,#754,#755,#756,#757,#758,#759));
#4426=EDGE_LOOP('',(#760,#761,#762,#763));
#4427=EDGE_LOOP('',(#764,#765,#766,#767));
#4428=EDGE_LOOP('',(#768,#769,#770,#771,#772,#773,#774));
#4429=EDGE_LOOP('',(#775,#776,#777,#778));
#4430=EDGE_LOOP('',(#779,#780,#781,#782,#783,#784,#785));
#4431=EDGE_LOOP('',(#786,#787,#788,#789));
#4432=EDGE_LOOP('',(#790,#791,#792,#793));
#4433=EDGE_LOOP('',(#794,#795,#796,#797));
#4434=EDGE_LOOP('',(#798,#799,#800,#801));
#4435=EDGE_LOOP('',(#802,#803,#804,#805));
#4436=EDGE_LOOP('',(#806,#807,#808,#809));
#4437=EDGE_LOOP('',(#810,#811,#812,#813));
#4438=EDGE_LOOP('',(#814,#815,#816,#817));
#4439=EDGE_LOOP('',(#818,#819,#820,#821));
#4440=EDGE_LOOP('',(#822,#823,#824,#825));
#4441=EDGE_LOOP('',(#826,#827,#828,#829));
#4442=EDGE_LOOP('',(#830,#831,#832,#833));
#4443=EDGE_LOOP('',(#834,#835,#836,#837));
#4444=EDGE_LOOP('',(#838,#839,#840,#841));
#4445=EDGE_LOOP('',(#842,#843,#844,#845));
#4446=EDGE_LOOP('',(#846,#847,#848,#849));
#4447=EDGE_LOOP('',(#850,#851,#852,#853));
#4448=EDGE_LOOP('',(#854,#855,#856,#857,#858,#859,#860));
#4449=EDGE_LOOP('',(#861,#862,#863,#864));
#4450=EDGE_LOOP('',(#865,#866,#867,#868));
#4451=EDGE_LOOP('',(#869,#870,#871,#872,#873,#874,#875));
#4452=EDGE_LOOP('',(#876,#877,#878,#879));
#4453=EDGE_LOOP('',(#880,#881,#882,#883,#884,#885,#886));
#4454=EDGE_LOOP('',(#887,#888,#889,#890));
#4455=EDGE_LOOP('',(#891,#892,#893,#894));
#4456=EDGE_LOOP('',(#895,#896,#897,#898,#899,#900,#901));
#4457=EDGE_LOOP('',(#902,#903,#904,#905));
#4458=EDGE_LOOP('',(#906,#907,#908,#909,#910,#911,#912,#913,#914,#915,#916,#917,#918,#919,#920,#921,#922));
#4459=EDGE_LOOP('',(#923,#924,#925,#926));
#4460=EDGE_LOOP('',(#927,#928,#929,#930));
#4461=EDGE_LOOP('',(#931,#932,#933,#934));
#4462=EDGE_LOOP('',(#935,#936,#937,#938));
#4463=EDGE_LOOP('',(#939,#940,#941,#942));
#4464=EDGE_LOOP('',(#943,#944,#945,#946));
#4465=EDGE_LOOP('',(#947,#948,#949,#950));
#4466=EDGE_LOOP('',(#951,#952,#953,#954));
#4467=EDGE_LOOP('',(#955,#956,#957,#958));
#4468=EDGE_LOOP('',(#959,#960,#961,#962,#963,#964,#965));
#4469=EDGE_LOOP('',(#966,#967,#968,#969));
#4470=EDGE_LOOP('',(#970,#971,#972,#973,#974,#975,#976));
#4471=EDGE_LOOP('',(#977,#978,#979,#980));
#4472=EDGE_LOOP('',(#981,#982,#983,#984,#985,#986,#987,#988,#989,#990,#991,#992,#993,#994,#995,#996,#997,#998,#999,#1000,#1001,#1002,#1003,#1004,#1005,#1006,#1007,#1008));
#4473=EDGE_LOOP('',(#1009,#1010,#1011,#1012));
#4474=EDGE_LOOP('',(#1013,#1014,#1015,#1016,#1017,#1018,#1019,#1020,#1021,#1022,#1023,#1024,#1025,#1026,#1027,#1028,#1029));
#4475=EDGE_LOOP('',(#1030,#1031,#1032,#1033));
#4476=EDGE_LOOP('',(#1034,#1035,#1036,#1037));
#4477=EDGE_LOOP('',(#1038,#1039,#1040,#1041));
#4478=EDGE_LOOP('',(#1042,#1043,#1044,#1045));
#4479=EDGE_LOOP('',(#1046,#1047,#1048,#1049,#1050,#1051,#1052,#1053,#1054,#1055,#1056,#1057,#1058,#1059,#1060));
#4480=EDGE_LOOP('',(#1061,#1062,#1063,#1064));
#4481=EDGE_LOOP('',(#1065,#1066,#1067,#1068));
#4482=EDGE_LOOP('',(#1069,#1070,#1071,#1072));
#4483=EDGE_LOOP('',(#1073,#1074,#1075,#1076));
#4484=EDGE_LOOP('',(#1077,#1078,#1079,#1080));
#4485=EDGE_LOOP('',(#1081,#1082,#1083,#1084));
#4486=EDGE_LOOP('',(#1085,#1086,#1087,#1088));
#4487=EDGE_LOOP('',(#1089,#1090,#1091,#1092));
#4488=EDGE_LOOP('',(#1093,#1094,#1095,#1096));
#4489=EDGE_LOOP('',(#1097,#1098,#1099,#1100));
#4490=EDGE_LOOP('',(#1101,#1102,#1103,#1104));
#4491=EDGE_LOOP('',(#1105,#1106,#1107,#1108));
#4492=EDGE_LOOP('',(#1109,#1110,#1111,#1112));
#4493=EDGE_LOOP('',(#1113,#1114,#1115,#1116));
#4494=EDGE_LOOP('',(#1117,#1118,#1119,#1120,#1121,#1122,#1123,#1124,#1125,#1126,#1127,#1128,#1129,#1130,#1131));
#4495=EDGE_LOOP('',(#1132,#1133,#1134,#1135));
#4496=EDGE_LOOP('',(#1136,#1137,#1138,#1139));
#4497=EDGE_LOOP('',(#1140,#1141,#1142,#1143));
#4498=EDGE_LOOP('',(#1144,#1145,#1146,#1147));
#4499=EDGE_LOOP('',(#1148,#1149,#1150,#1151));
#4500=EDGE_LOOP('',(#1152,#1153,#1154,#1155,#1156,#1157,#1158,#1159));
#4501=EDGE_LOOP('',(#1160,#1161,#1162,#1163));
#4502=EDGE_LOOP('',(#1164,#1165,#1166,#1167));
#4503=EDGE_LOOP('',(#1168,#1169,#1170,#1171,#1172,#1173,#1174,#1175));
#4504=EDGE_LOOP('',(#1176,#1177,#1178,#1179));
#4505=EDGE_LOOP('',(#1180,#1181,#1182,#1183,#1184,#1185,#1186,#1187));
#4506=EDGE_LOOP('',(#1188,#1189,#1190,#1191));
#4507=EDGE_LOOP('',(#1192,#1193,#1194,#1195));
#4508=EDGE_LOOP('',(#1196,#1197,#1198,#1199));
#4509=EDGE_LOOP('',(#1200,#1201,#1202,#1203));
#4510=EDGE_LOOP('',(#1204,#1205,#1206,#1207));
#4511=EDGE_LOOP('',(#1208,#1209,#1210,#1211,#1212,#1213,#1214,#1215,#1216));
#4512=EDGE_LOOP('',(#1217,#1218,#1219,#1220));
#4513=EDGE_LOOP('',(#1221,#1222,#1223,#1224));
#4514=EDGE_LOOP('',(#1225,#1226,#1227,#1228));
#4515=EDGE_LOOP('',(#1229,#1230,#1231,#1232));
#4516=EDGE_LOOP('',(#1233,#1234,#1235,#1236));
#4517=EDGE_LOOP('',(#1237,#1238,#1239,#1240));
#4518=EDGE_LOOP('',(#1241,#1242,#1243,#1244));
#4519=EDGE_LOOP('',(#1245,#1246,#1247,#1248));
#4520=EDGE_LOOP('',(#1249,#1250,#1251,#1252));
#4521=EDGE_LOOP('',(#1253,#1254,#1255,#1256));
#4522=EDGE_LOOP('',(#1257,#1258,#1259,#1260));
#4523=EDGE_LOOP('',(#1261,#1262,#1263,#1264));
#4524=EDGE_LOOP('',(#1265,#1266,#1267,#1268));
#4525=EDGE_LOOP('',(#1269,#1270,#1271,#1272,#1273,#1274,#1275,#1276,#1277,#1278,#1279,#1280,#1281,#1282,#1283));
#4526=EDGE_LOOP('',(#1284,#1285,#1286,#1287));
#4527=EDGE_LOOP('',(#1288,#1289,#1290,#1291));
#4528=EDGE_LOOP('',(#1292,#1293,#1294,#1295,#1296,#1297,#1298,#1299,#1300,#1301,#1302,#1303,#1304,#1305,#1306));
#4529=EDGE_LOOP('',(#1307,#1308,#1309,#1310,#1311,#1312,#1313,#1314));
#4530=EDGE_LOOP('',(#1315,#1316,#1317,#1318));
#4531=EDGE_LOOP('',(#1319,#1320,#1321,#1322));
#4532=EDGE_LOOP('',(#1323,#1324,#1325,#1326));
#4533=EDGE_LOOP('',(#1327,#1328,#1329,#1330));
#4534=EDGE_LOOP('',(#1331,#1332,#1333,#1334));
#4535=EDGE_LOOP('',(#1335,#1336,#1337,#1338,#1339,#1340,#1341,#1342));
#4536=EDGE_LOOP('',(#1343,#1344,#1345,#1346));
#4537=EDGE_LOOP('',(#1347,#1348,#1349,#1350));
#4538=EDGE_LOOP('',(#1351,#1352,#1353,#1354));
#4539=EDGE_LOOP('',(#1355,#1356,#1357,#1358));
#4540=EDGE_LOOP('',(#1359,#1360,#1361,#1362));
#4541=EDGE_LOOP('',(#1363,#1364,#1365,#1366));
#4542=EDGE_LOOP('',(#1367,#1368,#1369,#1370));
#4543=EDGE_LOOP('',(#1371,#1372,#1373,#1374));
#4544=EDGE_LOOP('',(#1375,#1376,#1377,#1378));
#4545=EDGE_LOOP('',(#1379,#1380,#1381,#1382));
#4546=EDGE_LOOP('',(#1383,#1384,#1385,#1386));
#4547=EDGE_LOOP('',(#1387,#1388,#1389,#1390));
#4548=EDGE_LOOP('',(#1391,#1392,#1393,#1394));
#4549=EDGE_LOOP('',(#1395,#1396,#1397,#1398));
#4550=EDGE_LOOP('',(#1399,#1400,#1401,#1402));
#4551=EDGE_LOOP('',(#1403,#1404,#1405,#1406));
#4552=EDGE_LOOP('',(#1407,#1408,#1409,#1410,#1411,#1412,#1413,#1414,#1415,#1416,#1417,#1418,#1419,#1420,#1421));
#4553=EDGE_LOOP('',(#1422,#1423,#1424,#1425));
#4554=EDGE_LOOP('',(#1426,#1427,#1428,#1429));
#4555=EDGE_LOOP('',(#1430,#1431,#1432,#1433,#1434,#1435,#1436,#1437,#1438,#1439,#1440,#1441,#1442,#1443,#1444));
#4556=EDGE_LOOP('',(#1445,#1446,#1447,#1448,#1449,#1450,#1451,#1452));
#4557=EDGE_LOOP('',(#1453,#1454,#1455,#1456));
#4558=EDGE_LOOP('',(#1457,#1458,#1459,#1460));
#4559=EDGE_LOOP('',(#1461,#1462,#1463,#1464));
#4560=EDGE_LOOP('',(#1465,#1466,#1467,#1468,#1469,#1470,#1471,#1472,#1473,#1474,#1475,#1476,#1477,#1478,#1479,#1480,#1481,#1482,#1483,#1484,#1485,#1486,#1487,#1488,#1489,#1490,#1491,#1492,#1493,#1494,#1495,#1496,#1497,#1498,#1499,#1500,#1501,#1502,#1503,#1504));
#4561=EDGE_LOOP('',(#1505,#1506,#1507,#1508));
#4562=EDGE_LOOP('',(#1509,#1510,#1511,#1512));
#4563=EDGE_LOOP('',(#1513,#1514,#1515,#1516,#1517,#1518,#1519,#1520,#1521));
#4564=EDGE_LOOP('',(#1522,#1523,#1524,#1525,#1526));
#4565=EDGE_LOOP('',(#1527,#1528,#1529,#1530));
#4566=EDGE_LOOP('',(#1531,#1532,#1533,#1534));
#4567=EDGE_LOOP('',(#1535,#1536,#1537,#1538,#1539,#1540,#1541,#1542,#1543,#1544,#1545,#1546,#1547,#1548,#1549,#1550,#1551,#1552,#1553,#1554,#1555,#1556,#1557,#1558));
#4568=EDGE_LOOP('',(#1559,#1560,#1561,#1562,#1563));
#4569=EDGE_LOOP('',(#1564,#1565,#1566,#1567,#1568,#1569,#1570,#1571));
#4570=EDGE_LOOP('',(#1572,#1573,#1574,#1575));
#4571=EDGE_LOOP('',(#1576,#1577,#1578,#1579,#1580,#1581,#1582,#1583,#1584,#1585,#1586,#1587,#1588,#1589,#1590,#1591,#1592,#1593,#1594,#1595,#1596,#1597,#1598,#1599,#1600,#1601,#1602,#1603,#1604,#1605));
#4572=EDGE_LOOP('',(#1606,#1607,#1608,#1609,#1610,#1611,#1612,#1613));
#4573=EDGE_LOOP('',(#1614,#1615,#1616,#1617));
#4574=EDGE_LOOP('',(#1618,#1619,#1620,#1621));
#4575=EDGE_LOOP('',(#1622,#1623,#1624,#1625));
#4576=EDGE_LOOP('',(#1626,#1627,#1628,#1629,#1630,#1631,#1632,#1633,#1634,#1635,#1636,#1637,#1638,#1639,#1640,#1641,#1642,#1643,#1644,#1645,#1646,#1647,#1648,#1649,#1650,#1651,#1652,#1653,#1654,#1655,#1656,#1657,#1658,#1659,#1660,#1661,#1662,#1663,#1664,#1665,#1666,#1667,#1668,#1669,#1670,#1671,#1672,#1673,#1674,#1675,#1676,#1677,#1678,#1679,#1680,#1681,#1682,#1683,#1684,#1685,#1686,#1687,#1688,#1689));
#4577=EDGE_LOOP('',(#1690,#1691,#1692,#1693));
#4578=EDGE_LOOP('',(#1694,#1695,#1696,#1697));
#4579=EDGE_LOOP('',(#1698,#1699,#1700,#1701,#1702,#1703,#1704,#1705));
#4580=EDGE_LOOP('',(#1706,#1707,#1708,#1709));
#4581=EDGE_LOOP('',(#1710,#1711,#1712,#1713));
#4582=EDGE_LOOP('',(#1714,#1715,#1716,#1717));
#4583=EDGE_LOOP('',(#1718,#1719,#1720,#1721));
#4584=EDGE_LOOP('',(#1722,#1723,#1724,#1725));
#4585=EDGE_LOOP('',(#1726,#1727,#1728,#1729));
#4586=EDGE_LOOP('',(#1730,#1731,#1732,#1733));
#4587=EDGE_LOOP('',(#1734,#1735,#1736,#1737));
#4588=EDGE_LOOP('',(#1738,#1739,#1740,#1741,#1742,#1743,#1744,#1745,#1746,#1747,#1748,#1749,#1750,#1751,#1752));
#4589=EDGE_LOOP('',(#1753,#1754,#1755,#1756));
#4590=EDGE_LOOP('',(#1757,#1758,#1759,#1760,#1761,#1762,#1763,#1764,#1765,#1766,#1767,#1768,#1769,#1770,#1771));
#4591=EDGE_LOOP('',(#1772,#1773,#1774,#1775));
#4592=EDGE_LOOP('',(#1776,#1777,#1778,#1779));
#4593=EDGE_LOOP('',(#1780,#1781,#1782,#1783));
#4594=FACE_BOUND('',#4338,.T.);
#4595=FACE_BOUND('',#4339,.T.);
#4596=FACE_BOUND('',#4340,.T.);
#4597=FACE_BOUND('',#4341,.T.);
#4598=FACE_BOUND('',#4342,.T.);
#4599=FACE_BOUND('',#4343,.T.);
#4600=FACE_BOUND('',#4344,.T.);
#4601=FACE_BOUND('',#4345,.T.);
#4602=FACE_BOUND('',#4346,.T.);
#4603=FACE_BOUND('',#4347,.T.);
#4604=FACE_BOUND('',#4348,.T.);
#4605=FACE_BOUND('',#4349,.T.);
#4606=FACE_BOUND('',#4350,.T.);
#4607=FACE_BOUND('',#4351,.T.);
#4608=FACE_BOUND('',#4352,.T.);
#4609=FACE_BOUND('',#4353,.T.);
#4610=FACE_BOUND('',#4354,.T.);
#4611=FACE_BOUND('',#4355,.T.);
#4612=FACE_BOUND('',#4356,.T.);
#4613=FACE_BOUND('',#4357,.T.);
#4614=FACE_BOUND('',#4358,.T.);
#4615=FACE_BOUND('',#4359,.T.);
#4616=FACE_BOUND('',#4360,.T.);
#4617=FACE_BOUND('',#4361,.T.);
#4618=FACE_BOUND('',#4362,.T.);
#4619=FACE_BOUND('',#4363,.T.);
#4620=FACE_BOUND('',#4364,.T.);
#4621=FACE_BOUND('',#4365,.T.);
#4622=FACE_BOUND('',#4366,.T.);
#4623=FACE_BOUND('',#4367,.T.);
#4624=FACE_BOUND('',#4368,.T.);
#4625=FACE_BOUND('',#4369,.T.);
#4626=FACE_BOUND('',#4370,.T.);
#4627=FACE_BOUND('',#4371,.T.);
#4628=FACE_BOUND('',#4372,.T.);
#4629=FACE_BOUND('',#4373,.T.);
#4630=FACE_BOUND('',#4374,.T.);
#4631=FACE_BOUND('',#4375,.T.);
#4632=FACE_BOUND('',#4376,.T.);
#4633=FACE_BOUND('',#4377,.T.);
#4634=FACE_BOUND('',#4378,.T.);
#4635=FACE_BOUND('',#4379,.T.);
#4636=FACE_BOUND('',#4380,.T.);
#4637=FACE_BOUND('',#4381,.T.);
#4638=FACE_BOUND('',#4382,.T.);
#4639=FACE_BOUND('',#4383,.T.);
#4640=FACE_BOUND('',#4384,.T.);
#4641=FACE_BOUND('',#4385,.T.);
#4642=FACE_BOUND('',#4386,.T.);
#4643=FACE_BOUND('',#4387,.T.);
#4644=FACE_BOUND('',#4388,.T.);
#4645=FACE_BOUND('',#4389,.T.);
#4646=FACE_BOUND('',#4390,.T.);
#4647=FACE_BOUND('',#4391,.T.);
#4648=FACE_BOUND('',#4392,.T.);
#4649=FACE_BOUND('',#4393,.T.);
#4650=FACE_BOUND('',#4394,.T.);
#4651=FACE_BOUND('',#4395,.T.);
#4652=FACE_BOUND('',#4396,.T.);
#4653=FACE_BOUND('',#4397,.T.);
#4654=FACE_BOUND('',#4398,.T.);
#4655=FACE_BOUND('',#4399,.T.);
#4656=FACE_BOUND('',#4400,.T.);
#4657=FACE_BOUND('',#4401,.T.);
#4658=FACE_BOUND('',#4402,.T.);
#4659=FACE_BOUND('',#4403,.T.);
#4660=FACE_BOUND('',#4404,.T.);
#4661=FACE_BOUND('',#4405,.T.);
#4662=FACE_BOUND('',#4406,.T.);
#4663=FACE_BOUND('',#4407,.T.);
#4664=FACE_BOUND('',#4408,.T.);
#4665=FACE_BOUND('',#4409,.T.);
#4666=FACE_BOUND('',#4410,.T.);
#4667=FACE_BOUND('',#4411,.T.);
#4668=FACE_BOUND('',#4412,.T.);
#4669=FACE_BOUND('',#4413,.T.);
#4670=FACE_BOUND('',#4414,.T.);
#4671=FACE_BOUND('',#4415,.T.);
#4672=FACE_BOUND('',#4416,.T.);
#4673=FACE_BOUND('',#4417,.T.);
#4674=FACE_BOUND('',#4418,.T.);
#4675=FACE_BOUND('',#4419,.T.);
#4676=FACE_BOUND('',#4420,.T.);
#4677=FACE_BOUND('',#4421,.T.);
#4678=FACE_BOUND('',#4422,.T.);
#4679=FACE_BOUND('',#4423,.T.);
#4680=FACE_BOUND('',#4424,.T.);
#4681=FACE_BOUND('',#4425,.T.);
#4682=FACE_BOUND('',#4426,.T.);
#4683=FACE_BOUND('',#4427,.T.);
#4684=FACE_BOUND('',#4428,.T.);
#4685=FACE_BOUND('',#4429,.T.);
#4686=FACE_BOUND('',#4430,.T.);
#4687=FACE_BOUND('',#4431,.T.);
#4688=FACE_BOUND('',#4432,.T.);
#4689=FACE_BOUND('',#4433,.T.);
#4690=FACE_BOUND('',#4434,.T.);
#4691=FACE_BOUND('',#4435,.T.);
#4692=FACE_BOUND('',#4436,.T.);
#4693=FACE_BOUND('',#4437,.T.);
#4694=FACE_BOUND('',#4438,.T.);
#4695=FACE_BOUND('',#4439,.T.);
#4696=FACE_BOUND('',#4440,.T.);
#4697=FACE_BOUND('',#4441,.T.);
#4698=FACE_BOUND('',#4442,.T.);
#4699=FACE_BOUND('',#4443,.T.);
#4700=FACE_BOUND('',#4444,.T.);
#4701=FACE_BOUND('',#4445,.T.);
#4702=FACE_BOUND('',#4446,.T.);
#4703=FACE_BOUND('',#4447,.T.);
#4704=FACE_BOUND('',#4448,.T.);
#4705=FACE_BOUND('',#4449,.T.);
#4706=FACE_BOUND('',#4450,.T.);
#4707=FACE_BOUND('',#4451,.T.);
#4708=FACE_BOUND('',#4452,.T.);
#4709=FACE_BOUND('',#4453,.T.);
#4710=FACE_BOUND('',#4454,.T.);
#4711=FACE_BOUND('',#4455,.T.);
#4712=FACE_BOUND('',#4456,.T.);
#4713=FACE_BOUND('',#4457,.T.);
#4714=FACE_BOUND('',#4458,.T.);
#4715=FACE_BOUND('',#4459,.T.);
#4716=FACE_BOUND('',#4460,.T.);
#4717=FACE_BOUND('',#4461,.T.);
#4718=FACE_BOUND('',#4462,.T.);
#4719=FACE_BOUND('',#4463,.T.);
#4720=FACE_BOUND('',#4464,.T.);
#4721=FACE_BOUND('',#4465,.T.);
#4722=FACE_BOUND('',#4466,.T.);
#4723=FACE_BOUND('',#4467,.T.);
#4724=FACE_BOUND('',#4468,.T.);
#4725=FACE_BOUND('',#4469,.T.);
#4726=FACE_BOUND('',#4470,.T.);
#4727=FACE_BOUND('',#4471,.T.);
#4728=FACE_BOUND('',#4472,.T.);
#4729=FACE_BOUND('',#4473,.T.);
#4730=FACE_BOUND('',#4474,.T.);
#4731=FACE_BOUND('',#4475,.T.);
#4732=FACE_BOUND('',#4476,.T.);
#4733=FACE_BOUND('',#4477,.T.);
#4734=FACE_BOUND('',#4478,.T.);
#4735=FACE_BOUND('',#4479,.T.);
#4736=FACE_BOUND('',#4480,.T.);
#4737=FACE_BOUND('',#4481,.T.);
#4738=FACE_BOUND('',#4482,.T.);
#4739=FACE_BOUND('',#4483,.T.);
#4740=FACE_BOUND('',#4484,.T.);
#4741=FACE_BOUND('',#4485,.T.);
#4742=FACE_BOUND('',#4486,.T.);
#4743=FACE_BOUND('',#4487,.T.);
#4744=FACE_BOUND('',#4488,.T.);
#4745=FACE_BOUND('',#4489,.T.);
#4746=FACE_BOUND('',#4490,.T.);
#4747=FACE_BOUND('',#4491,.T.);
#4748=FACE_BOUND('',#4492,.T.);
#4749=FACE_BOUND('',#4493,.T.);
#4750=FACE_BOUND('',#4494,.T.);
#4751=FACE_BOUND('',#4495,.T.);
#4752=FACE_BOUND('',#4496,.T.);
#4753=FACE_BOUND('',#4497,.T.);
#4754=FACE_BOUND('',#4498,.T.);
#4755=FACE_BOUND('',#4499,.T.);
#4756=FACE_BOUND('',#4500,.T.);
#4757=FACE_BOUND('',#4501,.T.);
#4758=FACE_BOUND('',#4502,.T.);
#4759=FACE_BOUND('',#4503,.T.);
#4760=FACE_BOUND('',#4504,.T.);
#4761=FACE_BOUND('',#4505,.T.);
#4762=FACE_BOUND('',#4506,.T.);
#4763=FACE_BOUND('',#4507,.T.);
#4764=FACE_BOUND('',#4508,.T.);
#4765=FACE_BOUND('',#4509,.T.);
#4766=FACE_BOUND('',#4510,.T.);
#4767=FACE_BOUND('',#4511,.T.);
#4768=FACE_BOUND('',#4512,.T.);
#4769=FACE_BOUND('',#4513,.T.);
#4770=FACE_BOUND('',#4514,.T.);
#4771=FACE_BOUND('',#4515,.T.);
#4772=FACE_BOUND('',#4516,.T.);
#4773=FACE_BOUND('',#4517,.T.);
#4774=FACE_BOUND('',#4518,.T.);
#4775=FACE_BOUND('',#4519,.T.);
#4776=FACE_BOUND('',#4520,.T.);
#4777=FACE_BOUND('',#4521,.T.);
#4778=FACE_BOUND('',#4522,.T.);
#4779=FACE_BOUND('',#4523,.T.);
#4780=FACE_BOUND('',#4524,.T.);
#4781=FACE_BOUND('',#4525,.T.);
#4782=FACE_BOUND('',#4526,.T.);
#4783=FACE_BOUND('',#4527,.T.);
#4784=FACE_BOUND('',#4528,.T.);
#4785=FACE_BOUND('',#4529,.T.);
#4786=FACE_BOUND('',#4530,.T.);
#4787=FACE_BOUND('',#4531,.T.);
#4788=FACE_BOUND('',#4532,.T.);
#4789=FACE_BOUND('',#4533,.T.);
#4790=FACE_BOUND('',#4534,.T.);
#4791=FACE_BOUND('',#4535,.T.);
#4792=FACE_BOUND('',#4536,.T.);
#4793=FACE_BOUND('',#4537,.T.);
#4794=FACE_BOUND('',#4538,.T.);
#4795=FACE_BOUND('',#4539,.T.);
#4796=FACE_BOUND('',#4540,.T.);
#4797=FACE_BOUND('',#4541,.T.);
#4798=FACE_BOUND('',#4542,.T.);
#4799=FACE_BOUND('',#4543,.T.);
#4800=FACE_BOUND('',#4544,.T.);
#4801=FACE_BOUND('',#4545,.T.);
#4802=FACE_BOUND('',#4546,.T.);
#4803=FACE_BOUND('',#4547,.T.);
#4804=FACE_BOUND('',#4548,.T.);
#4805=FACE_BOUND('',#4549,.T.);
#4806=FACE_BOUND('',#4550,.T.);
#4807=FACE_BOUND('',#4551,.T.);
#4808=FACE_BOUND('',#4552,.T.);
#4809=FACE_BOUND('',#4553,.T.);
#4810=FACE_BOUND('',#4554,.T.);
#4811=FACE_BOUND('',#4555,.T.);
#4812=FACE_BOUND('',#4556,.T.);
#4813=FACE_BOUND('',#4557,.T.);
#4814=FACE_BOUND('',#4558,.T.);
#4815=FACE_BOUND('',#4559,.T.);
#4816=FACE_BOUND('',#4560,.T.);
#4817=FACE_BOUND('',#4561,.T.);
#4818=FACE_BOUND('',#4562,.T.);
#4819=FACE_BOUND('',#4563,.T.);
#4820=FACE_BOUND('',#4564,.T.);
#4821=FACE_BOUND('',#4565,.T.);
#4822=FACE_BOUND('',#4566,.T.);
#4823=FACE_BOUND('',#4567,.T.);
#4824=FACE_BOUND('',#4568,.T.);
#4825=FACE_BOUND('',#4569,.T.);
#4826=FACE_BOUND('',#4570,.T.);
#4827=FACE_BOUND('',#4571,.T.);
#4828=FACE_BOUND('',#4572,.T.);
#4829=FACE_BOUND('',#4573,.T.);
#4830=FACE_BOUND('',#4574,.T.);
#4831=FACE_BOUND('',#4575,.T.);
#4832=FACE_BOUND('',#4576,.T.);
#4833=FACE_BOUND('',#4577,.T.);
#4834=FACE_BOUND('',#4578,.T.);
#4835=FACE_BOUND('',#4579,.T.);
#4836=FACE_BOUND('',#4580,.T.);
#4837=FACE_BOUND('',#4581,.T.);
#4838=FACE_BOUND('',#4582,.T.);
#4839=FACE_BOUND('',#4583,.T.);
#4840=FACE_BOUND('',#4584,.T.);
#4841=FACE_BOUND('',#4585,.T.);
#4842=FACE_BOUND('',#4586,.T.);
#4843=FACE_BOUND('',#4587,.T.);
#4844=FACE_BOUND('',#4588,.T.);
#4845=FACE_BOUND('',#4589,.T.);
#4846=FACE_BOUND('',#4590,.T.);
#4847=FACE_BOUND('',#4591,.T.);
#4848=FACE_BOUND('',#4592,.T.);
#4849=FACE_BOUND('',#4593,.T.);
#4850=CYLINDRICAL_SURFACE('',#6217,5.00000000000114E-05);
#4851=CYLINDRICAL_SURFACE('',#6220,5.00000000000114E-05);
#4852=CYLINDRICAL_SURFACE('',#6224,4.99999999999829E-05);
#4853=CYLINDRICAL_SURFACE('',#6228,3.9999999999992E-05);
#4854=CYLINDRICAL_SURFACE('',#6232,4.99999999996116E-05);
#4855=CYLINDRICAL_SURFACE('',#6237,5.00000000000114E-05);
#4856=CYLINDRICAL_SURFACE('',#6245,5.00000000000114E-05);
#4857=CYLINDRICAL_SURFACE('',#6249,4.99999999999829E-05);
#4858=CYLINDRICAL_SURFACE('',#6253,3.9999999999992E-05);
#4859=CYLINDRICAL_SURFACE('',#6257,4.99999999996116E-05);
#4860=CYLINDRICAL_SURFACE('',#6262,5.00000000000114E-05);
#4861=CYLINDRICAL_SURFACE('',#6283,5.00000000000114E-05);
#4862=CYLINDRICAL_SURFACE('',#6288,4.99999999996116E-05);
#4863=CYLINDRICAL_SURFACE('',#6292,3.9999999999992E-05);
#4864=CYLINDRICAL_SURFACE('',#6296,5.00000000000114E-05);
#4865=CYLINDRICAL_SURFACE('',#6300,4.99999999999829E-05);
#4866=CYLINDRICAL_SURFACE('',#6322,4.99999999985504E-05);
#4867=CYLINDRICAL_SURFACE('',#6326,4.99999999999723E-05);
#4868=CYLINDRICAL_SURFACE('',#6338,3.E-05);
#4869=CYLINDRICAL_SURFACE('',#6345,3.E-05);
#4870=CYLINDRICAL_SURFACE('',#6368,3.E-05);
#4871=CYLINDRICAL_SURFACE('',#6376,3.E-05);
#4872=CYLINDRICAL_SURFACE('',#6383,3.E-05);
#4873=CYLINDRICAL_SURFACE('',#6393,3.E-05);
#4874=CYLINDRICAL_SURFACE('',#6395,3.E-05);
#4875=CYLINDRICAL_SURFACE('',#6405,4.99999999999723E-05);
#4876=CYLINDRICAL_SURFACE('',#6419,4.99999999985504E-05);
#4877=CYLINDRICAL_SURFACE('',#6439,5.00000000000114E-05);
#4878=CYLINDRICAL_SURFACE('',#6444,4.99999999996116E-05);
#4879=CYLINDRICAL_SURFACE('',#6448,3.9999999999992E-05);
#4880=CYLINDRICAL_SURFACE('',#6452,5.00000000000114E-05);
#4881=CYLINDRICAL_SURFACE('',#6456,4.99999999999829E-05);
#4882=CYLINDRICAL_SURFACE('',#6476,5.00000000000114E-05);
#4883=CYLINDRICAL_SURFACE('',#6481,4.99999999996116E-05);
#4884=CYLINDRICAL_SURFACE('',#6485,3.9999999999992E-05);
#4885=CYLINDRICAL_SURFACE('',#6489,5.00000000000114E-05);
#4886=CYLINDRICAL_SURFACE('',#6493,4.99999999999829E-05);
#4887=CYLINDRICAL_SURFACE('',#6525,3.9999999999992E-05);
#4888=CYLINDRICAL_SURFACE('',#6529,4.99999999996116E-05);
#4889=CYLINDRICAL_SURFACE('',#6534,5.00000000000114E-05);
#4890=CYLINDRICAL_SURFACE('',#6544,4.99999999999829E-05);
#4891=OVER_RIDING_STYLED_ITEM('',(#5293),#5043,#5291);
#4892=OVER_RIDING_STYLED_ITEM('',(#5294),#5044,#5291);
#4893=OVER_RIDING_STYLED_ITEM('',(#5295),#5045,#5291);
#4894=OVER_RIDING_STYLED_ITEM('',(#5296),#5046,#5291);
#4895=OVER_RIDING_STYLED_ITEM('',(#5297),#5047,#5291);
#4896=OVER_RIDING_STYLED_ITEM('',(#5298),#5048,#5291);
#4897=OVER_RIDING_STYLED_ITEM('',(#5299),#5049,#5291);
#4898=OVER_RIDING_STYLED_ITEM('',(#5300),#5050,#5291);
#4899=OVER_RIDING_STYLED_ITEM('',(#5301),#5051,#5291);
#4900=OVER_RIDING_STYLED_ITEM('',(#5302),#5052,#5291);
#4901=OVER_RIDING_STYLED_ITEM('',(#5303),#5053,#5291);
#4902=OVER_RIDING_STYLED_ITEM('',(#5304),#5054,#5291);
#4903=OVER_RIDING_STYLED_ITEM('',(#5305),#5055,#5291);
#4904=OVER_RIDING_STYLED_ITEM('',(#5306),#5056,#5291);
#4905=OVER_RIDING_STYLED_ITEM('',(#5307),#5057,#5291);
#4906=OVER_RIDING_STYLED_ITEM('',(#5308),#5058,#5291);
#4907=OVER_RIDING_STYLED_ITEM('',(#5309),#5059,#5291);
#4908=OVER_RIDING_STYLED_ITEM('',(#5310),#5060,#5291);
#4909=OVER_RIDING_STYLED_ITEM('',(#5311),#5061,#5291);
#4910=OVER_RIDING_STYLED_ITEM('',(#5312),#5062,#5291);
#4911=OVER_RIDING_STYLED_ITEM('',(#5313),#5063,#5291);
#4912=OVER_RIDING_STYLED_ITEM('',(#5314),#5064,#5291);
#4913=OVER_RIDING_STYLED_ITEM('',(#5315),#5065,#5291);
#4914=OVER_RIDING_STYLED_ITEM('',(#5316),#5066,#5291);
#4915=OVER_RIDING_STYLED_ITEM('',(#5317),#5067,#5291);
#4916=OVER_RIDING_STYLED_ITEM('',(#5318),#5068,#5291);
#4917=OVER_RIDING_STYLED_ITEM('',(#5319),#5069,#5291);
#4918=OVER_RIDING_STYLED_ITEM('',(#5320),#5070,#5291);
#4919=OVER_RIDING_STYLED_ITEM('',(#5321),#5071,#5291);
#4920=OVER_RIDING_STYLED_ITEM('',(#5322),#5072,#5291);
#4921=OVER_RIDING_STYLED_ITEM('',(#5323),#5073,#5291);
#4922=OVER_RIDING_STYLED_ITEM('',(#5324),#5086,#5291);
#4923=OVER_RIDING_STYLED_ITEM('',(#5325),#5087,#5291);
#4924=OVER_RIDING_STYLED_ITEM('',(#5326),#5088,#5291);
#4925=OVER_RIDING_STYLED_ITEM('',(#5327),#5089,#5291);
#4926=OVER_RIDING_STYLED_ITEM('',(#5328),#5090,#5291);
#4927=OVER_RIDING_STYLED_ITEM('',(#5329),#5091,#5291);
#4928=OVER_RIDING_STYLED_ITEM('',(#5330),#5092,#5291);
#4929=OVER_RIDING_STYLED_ITEM('',(#5331),#5093,#5291);
#4930=OVER_RIDING_STYLED_ITEM('',(#5332),#5094,#5291);
#4931=OVER_RIDING_STYLED_ITEM('',(#5333),#5095,#5291);
#4932=OVER_RIDING_STYLED_ITEM('',(#5334),#5096,#5291);
#4933=OVER_RIDING_STYLED_ITEM('',(#5335),#5097,#5291);
#4934=OVER_RIDING_STYLED_ITEM('',(#5336),#5098,#5291);
#4935=OVER_RIDING_STYLED_ITEM('',(#5337),#5099,#5291);
#4936=OVER_RIDING_STYLED_ITEM('',(#5338),#5100,#5291);
#4937=OVER_RIDING_STYLED_ITEM('',(#5339),#5101,#5291);
#4938=OVER_RIDING_STYLED_ITEM('',(#5340),#5102,#5291);
#4939=OVER_RIDING_STYLED_ITEM('',(#5341),#5103,#5291);
#4940=OVER_RIDING_STYLED_ITEM('',(#5342),#5104,#5291);
#4941=OVER_RIDING_STYLED_ITEM('',(#5343),#5105,#5291);
#4942=OVER_RIDING_STYLED_ITEM('',(#5344),#5106,#5291);
#4943=OVER_RIDING_STYLED_ITEM('',(#5345),#5107,#5291);
#4944=OVER_RIDING_STYLED_ITEM('',(#5346),#5108,#5291);
#4945=OVER_RIDING_STYLED_ITEM('',(#5347),#5109,#5291);
#4946=OVER_RIDING_STYLED_ITEM('',(#5348),#5110,#5291);
#4947=OVER_RIDING_STYLED_ITEM('',(#5349),#5111,#5291);
#4948=OVER_RIDING_STYLED_ITEM('',(#5350),#5112,#5291);
#4949=OVER_RIDING_STYLED_ITEM('',(#5351),#5113,#5291);
#4950=OVER_RIDING_STYLED_ITEM('',(#5352),#5114,#5291);
#4951=OVER_RIDING_STYLED_ITEM('',(#5353),#5115,#5291);
#4952=OVER_RIDING_STYLED_ITEM('',(#5354),#5116,#5291);
#4953=OVER_RIDING_STYLED_ITEM('',(#5355),#5119,#5291);
#4954=OVER_RIDING_STYLED_ITEM('',(#5356),#5120,#5291);
#4955=OVER_RIDING_STYLED_ITEM('',(#5357),#5121,#5291);
#4956=OVER_RIDING_STYLED_ITEM('',(#5358),#5122,#5291);
#4957=OVER_RIDING_STYLED_ITEM('',(#5359),#5123,#5291);
#4958=OVER_RIDING_STYLED_ITEM('',(#5360),#5124,#5291);
#4959=OVER_RIDING_STYLED_ITEM('',(#5361),#5125,#5291);
#4960=OVER_RIDING_STYLED_ITEM('',(#5362),#5127,#5291);
#4961=OVER_RIDING_STYLED_ITEM('',(#5363),#5128,#5291);
#4962=OVER_RIDING_STYLED_ITEM('',(#5364),#5129,#5291);
#4963=OVER_RIDING_STYLED_ITEM('',(#5365),#5130,#5291);
#4964=OVER_RIDING_STYLED_ITEM('',(#5366),#5132,#5291);
#4965=OVER_RIDING_STYLED_ITEM('',(#5367),#5133,#5291);
#4966=OVER_RIDING_STYLED_ITEM('',(#5368),#5134,#5291);
#4967=OVER_RIDING_STYLED_ITEM('',(#5369),#5135,#5291);
#4968=OVER_RIDING_STYLED_ITEM('',(#5370),#5136,#5291);
#4969=OVER_RIDING_STYLED_ITEM('',(#5371),#5150,#5291);
#4970=OVER_RIDING_STYLED_ITEM('',(#5372),#5151,#5291);
#4971=OVER_RIDING_STYLED_ITEM('',(#5373),#5153,#5291);
#4972=OVER_RIDING_STYLED_ITEM('',(#5374),#5154,#5291);
#4973=OVER_RIDING_STYLED_ITEM('',(#5375),#5155,#5291);
#4974=OVER_RIDING_STYLED_ITEM('',(#5376),#5156,#5291);
#4975=OVER_RIDING_STYLED_ITEM('',(#5377),#5158,#5291);
#4976=OVER_RIDING_STYLED_ITEM('',(#5378),#5159,#5291);
#4977=OVER_RIDING_STYLED_ITEM('',(#5379),#5160,#5291);
#4978=OVER_RIDING_STYLED_ITEM('',(#5380),#5161,#5291);
#4979=OVER_RIDING_STYLED_ITEM('',(#5381),#5166,#5291);
#4980=OVER_RIDING_STYLED_ITEM('',(#5382),#5167,#5291);
#4981=OVER_RIDING_STYLED_ITEM('',(#5383),#5168,#5291);
#4982=OVER_RIDING_STYLED_ITEM('',(#5384),#5169,#5291);
#4983=OVER_RIDING_STYLED_ITEM('',(#5385),#5178,#5291);
#4984=OVER_RIDING_STYLED_ITEM('',(#5386),#5179,#5291);
#4985=OVER_RIDING_STYLED_ITEM('',(#5387),#5180,#5291);
#4986=OVER_RIDING_STYLED_ITEM('',(#5388),#5181,#5291);
#4987=OVER_RIDING_STYLED_ITEM('',(#5389),#5182,#5291);
#4988=OVER_RIDING_STYLED_ITEM('',(#5390),#5183,#5291);
#4989=OVER_RIDING_STYLED_ITEM('',(#5391),#5184,#5291);
#4990=OVER_RIDING_STYLED_ITEM('',(#5392),#5185,#5291);
#4991=OVER_RIDING_STYLED_ITEM('',(#5393),#5186,#5291);
#4992=OVER_RIDING_STYLED_ITEM('',(#5394),#5187,#5291);
#4993=OVER_RIDING_STYLED_ITEM('',(#5395),#5188,#5291);
#4994=OVER_RIDING_STYLED_ITEM('',(#5396),#5189,#5291);
#4995=OVER_RIDING_STYLED_ITEM('',(#5397),#5190,#5291);
#4996=OVER_RIDING_STYLED_ITEM('',(#5398),#5191,#5291);
#4997=OVER_RIDING_STYLED_ITEM('',(#5399),#5192,#5291);
#4998=OVER_RIDING_STYLED_ITEM('',(#5400),#5193,#5291);
#4999=OVER_RIDING_STYLED_ITEM('',(#5401),#5210,#5291);
#5000=OVER_RIDING_STYLED_ITEM('',(#5402),#5211,#5291);
#5001=OVER_RIDING_STYLED_ITEM('',(#5403),#5212,#5291);
#5002=OVER_RIDING_STYLED_ITEM('',(#5404),#5213,#5291);
#5003=OVER_RIDING_STYLED_ITEM('',(#5405),#5214,#5291);
#5004=OVER_RIDING_STYLED_ITEM('',(#5406),#5215,#5291);
#5005=OVER_RIDING_STYLED_ITEM('',(#5407),#5216,#5291);
#5006=OVER_RIDING_STYLED_ITEM('',(#5408),#5217,#5291);
#5007=OVER_RIDING_STYLED_ITEM('',(#5409),#5218,#5291);
#5008=OVER_RIDING_STYLED_ITEM('',(#5410),#5219,#5291);
#5009=OVER_RIDING_STYLED_ITEM('',(#5411),#5220,#5291);
#5010=OVER_RIDING_STYLED_ITEM('',(#5412),#5221,#5291);
#5011=OVER_RIDING_STYLED_ITEM('',(#5413),#5222,#5291);
#5012=OVER_RIDING_STYLED_ITEM('',(#5414),#5223,#5291);
#5013=OVER_RIDING_STYLED_ITEM('',(#5415),#5224,#5291);
#5014=OVER_RIDING_STYLED_ITEM('',(#5416),#5237,#5291);
#5015=OVER_RIDING_STYLED_ITEM('',(#5417),#5238,#5291);
#5016=OVER_RIDING_STYLED_ITEM('',(#5418),#5239,#5291);
#5017=OVER_RIDING_STYLED_ITEM('',(#5419),#5240,#5291);
#5018=OVER_RIDING_STYLED_ITEM('',(#5420),#5241,#5291);
#5019=OVER_RIDING_STYLED_ITEM('',(#5421),#5242,#5291);
#5020=OVER_RIDING_STYLED_ITEM('',(#5422),#5243,#5291);
#5021=OVER_RIDING_STYLED_ITEM('',(#5423),#5244,#5291);
#5022=OVER_RIDING_STYLED_ITEM('',(#5424),#5245,#5291);
#5023=OVER_RIDING_STYLED_ITEM('',(#5425),#5246,#5291);
#5024=OVER_RIDING_STYLED_ITEM('',(#5426),#5247,#5291);
#5025=OVER_RIDING_STYLED_ITEM('',(#5427),#5248,#5291);
#5026=OVER_RIDING_STYLED_ITEM('',(#5428),#5249,#5291);
#5027=OVER_RIDING_STYLED_ITEM('',(#5429),#5250,#5291);
#5028=OVER_RIDING_STYLED_ITEM('',(#5430),#5251,#5291);
#5029=OVER_RIDING_STYLED_ITEM('',(#5431),#5276,#5291);
#5030=OVER_RIDING_STYLED_ITEM('',(#5432),#5277,#5291);
#5031=OVER_RIDING_STYLED_ITEM('',(#5433),#5278,#5291);
#5032=OVER_RIDING_STYLED_ITEM('',(#5434),#5279,#5291);
#5033=OVER_RIDING_STYLED_ITEM('',(#5435),#5280,#5291);
#5034=OVER_RIDING_STYLED_ITEM('',(#5436),#5281,#5291);
#5035=OVER_RIDING_STYLED_ITEM('',(#5437),#5282,#5291);
#5036=OVER_RIDING_STYLED_ITEM('',(#5438),#5283,#5291);
#5037=OVER_RIDING_STYLED_ITEM('',(#5439),#5284,#5291);
#5038=OVER_RIDING_STYLED_ITEM('',(#5440),#5285,#5291);
#5039=OVER_RIDING_STYLED_ITEM('',(#5441),#5286,#5291);
#5040=OVER_RIDING_STYLED_ITEM('',(#5442),#5287,#5291);
#5041=OVER_RIDING_STYLED_ITEM('',(#5443),#5288,#5291);
#5042=OVER_RIDING_STYLED_ITEM('',(#5444),#5289,#5291);
#5043=ADVANCED_FACE('Face appearance 1',(#4594),#4850,.F.);
#5044=ADVANCED_FACE('Face appearance 1',(#4595),#4851,.F.);
#5045=ADVANCED_FACE('Face appearance 1',(#4596),#12,.T.);
#5046=ADVANCED_FACE('Face appearance 1',(#4597),#4852,.F.);
#5047=ADVANCED_FACE('Face appearance 1',(#4598),#13,.F.);
#5048=ADVANCED_FACE('Face appearance 1',(#4599),#4853,.F.);
#5049=ADVANCED_FACE('Face appearance 1',(#4600),#14,.T.);
#5050=ADVANCED_FACE('Face appearance 1',(#4601),#4854,.F.);
#5051=ADVANCED_FACE('Face appearance 1',(#4602),#15,.T.);
#5052=ADVANCED_FACE('Face appearance 1',(#4603),#16,.T.);
#5053=ADVANCED_FACE('Face appearance 1',(#4604),#4855,.T.);
#5054=ADVANCED_FACE('Face appearance 1',(#4605),#17,.T.);
#5055=ADVANCED_FACE('Face appearance 1',(#4606),#18,.T.);
#5056=ADVANCED_FACE('Face appearance 1',(#4607),#19,.F.);
#5057=ADVANCED_FACE('Face appearance 1',(#4608),#20,.T.);
#5058=ADVANCED_FACE('Face appearance 1',(#4609),#21,.T.);
#5059=ADVANCED_FACE('Face appearance 1',(#4610),#4856,.F.);
#5060=ADVANCED_FACE('Face appearance 1',(#4611),#22,.T.);
#5061=ADVANCED_FACE('Face appearance 1',(#4612),#4857,.F.);
#5062=ADVANCED_FACE('Face appearance 1',(#4613),#23,.F.);
#5063=ADVANCED_FACE('Face appearance 1',(#4614),#4858,.F.);
#5064=ADVANCED_FACE('Face appearance 1',(#4615),#24,.T.);
#5065=ADVANCED_FACE('Face appearance 1',(#4616),#4859,.F.);
#5066=ADVANCED_FACE('Face appearance 1',(#4617),#25,.T.);
#5067=ADVANCED_FACE('Face appearance 1',(#4618),#26,.T.);
#5068=ADVANCED_FACE('Face appearance 1',(#4619),#4860,.T.);
#5069=ADVANCED_FACE('Face appearance 1',(#4620),#27,.T.);
#5070=ADVANCED_FACE('Face appearance 1',(#4621),#28,.T.);
#5071=ADVANCED_FACE('Face appearance 1',(#4622),#29,.F.);
#5072=ADVANCED_FACE('Face appearance 1',(#4623),#30,.T.);
#5073=ADVANCED_FACE('Face appearance 1',(#4624),#31,.T.);
#5074=ADVANCED_FACE('',(#4625),#32,.F.);
#5075=ADVANCED_FACE('',(#4626),#33,.F.);
#5076=ADVANCED_FACE('',(#4627),#34,.T.);
#5077=ADVANCED_FACE('',(#4628),#35,.F.);
#5078=ADVANCED_FACE('',(#4629),#36,.F.);
#5079=ADVANCED_FACE('',(#4630),#37,.T.);
#5080=ADVANCED_FACE('',(#4631),#38,.F.);
#5081=ADVANCED_FACE('',(#4632),#39,.F.);
#5082=ADVANCED_FACE('',(#4633),#40,.T.);
#5083=ADVANCED_FACE('',(#4634),#41,.F.);
#5084=ADVANCED_FACE('',(#4635),#42,.F.);
#5085=ADVANCED_FACE('',(#4636),#43,.T.);
#5086=ADVANCED_FACE('Face appearance 1',(#4637),#44,.T.);
#5087=ADVANCED_FACE('Face appearance 1',(#4638),#4861,.T.);
#5088=ADVANCED_FACE('Face appearance 1',(#4639),#45,.T.);
#5089=ADVANCED_FACE('Face appearance 1',(#4640),#46,.T.);
#5090=ADVANCED_FACE('Face appearance 1',(#4641),#4862,.F.);
#5091=ADVANCED_FACE('Face appearance 1',(#4642),#47,.T.);
#5092=ADVANCED_FACE('Face appearance 1',(#4643),#4863,.F.);
#5093=ADVANCED_FACE('Face appearance 1',(#4644),#48,.F.);
#5094=ADVANCED_FACE('Face appearance 1',(#4645),#4864,.F.);
#5095=ADVANCED_FACE('Face appearance 1',(#4646),#49,.T.);
#5096=ADVANCED_FACE('Face appearance 1',(#4647),#4865,.F.);
#5097=ADVANCED_FACE('Face appearance 1',(#4648),#50,.F.);
#5098=ADVANCED_FACE('Face appearance 1',(#4649),#51,.T.);
#5099=ADVANCED_FACE('Face appearance 1',(#4650),#52,.T.);
#5100=ADVANCED_FACE('Face appearance 1',(#4651),#53,.T.);
#5101=ADVANCED_FACE('Face appearance 3',(#4652),#54,.T.);
#5102=ADVANCED_FACE('Face appearance 3',(#4653),#55,.T.);
#5103=ADVANCED_FACE('Face appearance 3',(#4654),#56,.T.);
#5104=ADVANCED_FACE('Face appearance 3',(#4655),#57,.T.);
#5105=ADVANCED_FACE('Face appearance 3',(#4656),#58,.T.);
#5106=ADVANCED_FACE('Face appearance 3',(#4657),#59,.T.);
#5107=ADVANCED_FACE('Face appearance 3',(#4658),#60,.T.);
#5108=ADVANCED_FACE('Face appearance 3',(#4659),#61,.T.);
#5109=ADVANCED_FACE('Face appearance 3',(#4660),#62,.T.);
#5110=ADVANCED_FACE('Face appearance 3',(#4661),#63,.T.);
#5111=ADVANCED_FACE('Face appearance 3',(#4662),#64,.F.);
#5112=ADVANCED_FACE('Face appearance 3',(#4663),#65,.T.);
#5113=ADVANCED_FACE('Face appearance 3',(#4664),#66,.T.);
#5114=ADVANCED_FACE('Face appearance 3',(#4665),#4866,.F.);
#5115=ADVANCED_FACE('Face appearance 3',(#4666),#67,.F.);
#5116=ADVANCED_FACE('Face appearance 3',(#4667),#4867,.F.);
#5117=ADVANCED_FACE('',(#4668),#68,.T.);
#5118=ADVANCED_FACE('',(#4669),#69,.T.);
#5119=ADVANCED_FACE('Face appearance 1',(#4670),#70,.T.);
#5120=ADVANCED_FACE('Face appearance 1',(#4671),#71,.T.);
#5121=ADVANCED_FACE('Face appearance 1',(#4672),#72,.T.);
#5122=ADVANCED_FACE('Face appearance 1',(#4673),#73,.T.);
#5123=ADVANCED_FACE('Face appearance 1',(#4674),#74,.T.);
#5124=ADVANCED_FACE('Face appearance 1',(#4675),#75,.T.);
#5125=ADVANCED_FACE('Face appearance 1',(#4676),#76,.F.);
#5126=ADVANCED_FACE('',(#4677),#4868,.T.);
#5127=ADVANCED_FACE('Face appearance 1',(#4678),#77,.T.);
#5128=ADVANCED_FACE('Face appearance 1',(#4679),#78,.T.);
#5129=ADVANCED_FACE('Face appearance 1',(#4680),#79,.T.);
#5130=ADVANCED_FACE('Face appearance 1',(#4681),#80,.F.);
#5131=ADVANCED_FACE('',(#4682),#4869,.T.);
#5132=ADVANCED_FACE('Face appearance 1',(#4683),#81,.T.);
#5133=ADVANCED_FACE('Face appearance 1',(#4684),#82,.T.);
#5134=ADVANCED_FACE('Face appearance 1',(#4685),#83,.T.);
#5135=ADVANCED_FACE('Face appearance 1',(#4686),#84,.F.);
#5136=ADVANCED_FACE('Face appearance 1',(#4687),#85,.T.);
#5137=ADVANCED_FACE('',(#4688),#86,.T.);
#5138=ADVANCED_FACE('',(#4689),#87,.F.);
#5139=ADVANCED_FACE('',(#4690),#88,.F.);
#5140=ADVANCED_FACE('',(#4691),#89,.T.);
#5141=ADVANCED_FACE('',(#4692),#90,.T.);
#5142=ADVANCED_FACE('',(#4693),#91,.F.);
#5143=ADVANCED_FACE('',(#4694),#92,.F.);
#5144=ADVANCED_FACE('',(#4695),#93,.F.);
#5145=ADVANCED_FACE('',(#4696),#94,.T.);
#5146=ADVANCED_FACE('',(#4697),#95,.T.);
#5147=ADVANCED_FACE('',(#4698),#96,.T.);
#5148=ADVANCED_FACE('',(#4699),#97,.T.);
#5149=ADVANCED_FACE('',(#4700),#98,.T.);
#5150=ADVANCED_FACE('Face appearance 1',(#4701),#99,.T.);
#5151=ADVANCED_FACE('Face appearance 1',(#4702),#100,.T.);
#5152=ADVANCED_FACE('',(#4703),#4870,.T.);
#5153=ADVANCED_FACE('Face appearance 1',(#4704),#101,.T.);
#5154=ADVANCED_FACE('Face appearance 1',(#4705),#102,.T.);
#5155=ADVANCED_FACE('Face appearance 1',(#4706),#103,.T.);
#5156=ADVANCED_FACE('Face appearance 1',(#4707),#104,.F.);
#5157=ADVANCED_FACE('',(#4708),#4871,.T.);
#5158=ADVANCED_FACE('Face appearance 1',(#4709),#105,.T.);
#5159=ADVANCED_FACE('Face appearance 1',(#4710),#106,.T.);
#5160=ADVANCED_FACE('Face appearance 1',(#4711),#107,.T.);
#5161=ADVANCED_FACE('Face appearance 1',(#4712),#108,.F.);
#5162=ADVANCED_FACE('',(#4713),#4872,.T.);
#5163=ADVANCED_FACE('',(#4714),#109,.F.);
#5164=ADVANCED_FACE('',(#4715),#110,.T.);
#5165=ADVANCED_FACE('',(#4716,#4717,#4718,#4719,#4720,#4721,#4722),#111,.T.);
#5166=ADVANCED_FACE('Face appearance 1',(#4723),#112,.T.);
#5167=ADVANCED_FACE('Face appearance 1',(#4724),#113,.F.);
#5168=ADVANCED_FACE('Face appearance 1',(#4725),#114,.T.);
#5169=ADVANCED_FACE('Face appearance 1',(#4726),#115,.T.);
#5170=ADVANCED_FACE('',(#4727),#4873,.T.);
#5171=ADVANCED_FACE('',(#4728),#116,.F.);
#5172=ADVANCED_FACE('',(#4729),#4874,.T.);
#5173=ADVANCED_FACE('',(#4730),#117,.T.);
#5174=ADVANCED_FACE('',(#4731),#118,.F.);
#5175=ADVANCED_FACE('',(#4732),#119,.F.);
#5176=ADVANCED_FACE('',(#4733),#120,.T.);
#5177=ADVANCED_FACE('',(#4734),#121,.F.);
#5178=ADVANCED_FACE('Face appearance 2',(#4735),#122,.F.);
#5179=ADVANCED_FACE('Face appearance 2',(#4736),#4875,.F.);
#5180=ADVANCED_FACE('Face appearance 2',(#4737),#123,.T.);
#5181=ADVANCED_FACE('Face appearance 2',(#4738),#124,.T.);
#5182=ADVANCED_FACE('Face appearance 2',(#4739),#125,.T.);
#5183=ADVANCED_FACE('Face appearance 2',(#4740),#126,.T.);
#5184=ADVANCED_FACE('Face appearance 2',(#4741),#127,.T.);
#5185=ADVANCED_FACE('Face appearance 2',(#4742),#128,.T.);
#5186=ADVANCED_FACE('Face appearance 2',(#4743),#129,.T.);
#5187=ADVANCED_FACE('Face appearance 2',(#4744),#130,.T.);
#5188=ADVANCED_FACE('Face appearance 2',(#4745),#131,.T.);
#5189=ADVANCED_FACE('Face appearance 2',(#4746),#132,.F.);
#5190=ADVANCED_FACE('Face appearance 2',(#4747),#133,.T.);
#5191=ADVANCED_FACE('Face appearance 2',(#4748),#134,.T.);
#5192=ADVANCED_FACE('Face appearance 2',(#4749),#4876,.F.);
#5193=ADVANCED_FACE('Face appearance 2',(#4750),#135,.T.);
#5194=ADVANCED_FACE('',(#4751),#136,.T.);
#5195=ADVANCED_FACE('',(#4752),#137,.T.);
#5196=ADVANCED_FACE('',(#4753),#138,.F.);
#5197=ADVANCED_FACE('',(#4754,#4755),#139,.F.);
#5198=ADVANCED_FACE('',(#4756),#140,.F.);
#5199=ADVANCED_FACE('',(#4757),#141,.T.);
#5200=ADVANCED_FACE('',(#4758,#4759),#142,.F.);
#5201=ADVANCED_FACE('',(#4760),#143,.F.);
#5202=ADVANCED_FACE('',(#4761),#144,.F.);
#5203=ADVANCED_FACE('',(#4762,#4763),#145,.F.);
#5204=ADVANCED_FACE('',(#4764),#146,.T.);
#5205=ADVANCED_FACE('',(#4765),#147,.T.);
#5206=ADVANCED_FACE('',(#4766),#148,.F.);
#5207=ADVANCED_FACE('',(#4767),#149,.F.);
#5208=ADVANCED_FACE('',(#4768),#150,.T.);
#5209=ADVANCED_FACE('',(#4769),#151,.F.);
#5210=ADVANCED_FACE('Face appearance 1',(#4770),#152,.T.);
#5211=ADVANCED_FACE('Face appearance 1',(#4771),#4877,.T.);
#5212=ADVANCED_FACE('Face appearance 1',(#4772),#153,.T.);
#5213=ADVANCED_FACE('Face appearance 1',(#4773),#154,.T.);
#5214=ADVANCED_FACE('Face appearance 1',(#4774),#4878,.F.);
#5215=ADVANCED_FACE('Face appearance 1',(#4775),#155,.T.);
#5216=ADVANCED_FACE('Face appearance 1',(#4776),#4879,.F.);
#5217=ADVANCED_FACE('Face appearance 1',(#4777),#156,.F.);
#5218=ADVANCED_FACE('Face appearance 1',(#4778),#4880,.F.);
#5219=ADVANCED_FACE('Face appearance 1',(#4779),#157,.T.);
#5220=ADVANCED_FACE('Face appearance 1',(#4780),#4881,.F.);
#5221=ADVANCED_FACE('Face appearance 1',(#4781),#158,.F.);
#5222=ADVANCED_FACE('Face appearance 1',(#4782),#159,.T.);
#5223=ADVANCED_FACE('Face appearance 1',(#4783),#160,.T.);
#5224=ADVANCED_FACE('Face appearance 1',(#4784),#161,.T.);
#5225=ADVANCED_FACE('',(#4785),#162,.F.);
#5226=ADVANCED_FACE('',(#4786),#163,.T.);
#5227=ADVANCED_FACE('',(#4787),#164,.F.);
#5228=ADVANCED_FACE('',(#4788),#165,.F.);
#5229=ADVANCED_FACE('',(#4789),#166,.T.);
#5230=ADVANCED_FACE('',(#4790),#167,.F.);
#5231=ADVANCED_FACE('',(#4791),#168,.F.);
#5232=ADVANCED_FACE('',(#4792),#169,.T.);
#5233=ADVANCED_FACE('',(#4793),#170,.F.);
#5234=ADVANCED_FACE('',(#4794),#171,.F.);
#5235=ADVANCED_FACE('',(#4795),#172,.T.);
#5236=ADVANCED_FACE('',(#4796),#173,.F.);
#5237=ADVANCED_FACE('Face appearance 1',(#4797),#174,.T.);
#5238=ADVANCED_FACE('Face appearance 1',(#4798),#4882,.T.);
#5239=ADVANCED_FACE('Face appearance 1',(#4799),#175,.T.);
#5240=ADVANCED_FACE('Face appearance 1',(#4800),#176,.T.);
#5241=ADVANCED_FACE('Face appearance 1',(#4801),#4883,.F.);
#5242=ADVANCED_FACE('Face appearance 1',(#4802),#177,.T.);
#5243=ADVANCED_FACE('Face appearance 1',(#4803),#4884,.F.);
#5244=ADVANCED_FACE('Face appearance 1',(#4804),#178,.F.);
#5245=ADVANCED_FACE('Face appearance 1',(#4805),#4885,.F.);
#5246=ADVANCED_FACE('Face appearance 1',(#4806),#179,.T.);
#5247=ADVANCED_FACE('Face appearance 1',(#4807),#4886,.F.);
#5248=ADVANCED_FACE('Face appearance 1',(#4808),#180,.F.);
#5249=ADVANCED_FACE('Face appearance 1',(#4809),#181,.T.);
#5250=ADVANCED_FACE('Face appearance 1',(#4810),#182,.T.);
#5251=ADVANCED_FACE('Face appearance 1',(#4811),#183,.T.);
#5252=ADVANCED_FACE('',(#4812),#184,.F.);
#5253=ADVANCED_FACE('',(#4813),#185,.T.);
#5254=ADVANCED_FACE('',(#4814),#186,.F.);
#5255=ADVANCED_FACE('',(#4815),#187,.F.);
#5256=ADVANCED_FACE('',(#4816),#188,.F.);
#5257=ADVANCED_FACE('',(#4817),#189,.T.);
#5258=ADVANCED_FACE('',(#4818),#190,.F.);
#5259=ADVANCED_FACE('',(#4819),#191,.F.);
#5260=ADVANCED_FACE('',(#4820),#192,.F.);
#5261=ADVANCED_FACE('',(#4821),#193,.F.);
#5262=ADVANCED_FACE('',(#4822),#194,.T.);
#5263=ADVANCED_FACE('',(#4823),#195,.F.);
#5264=ADVANCED_FACE('',(#4824),#196,.T.);
#5265=ADVANCED_FACE('',(#4825),#197,.T.);
#5266=ADVANCED_FACE('',(#4826),#198,.F.);
#5267=ADVANCED_FACE('',(#4827),#199,.T.);
#5268=ADVANCED_FACE('',(#4828),#200,.F.);
#5269=ADVANCED_FACE('',(#4829),#201,.F.);
#5270=ADVANCED_FACE('',(#4830),#202,.T.);
#5271=ADVANCED_FACE('',(#4831),#203,.F.);
#5272=ADVANCED_FACE('',(#4832),#204,.T.);
#5273=ADVANCED_FACE('',(#4833),#205,.T.);
#5274=ADVANCED_FACE('',(#4834),#206,.F.);
#5275=ADVANCED_FACE('',(#4835),#207,.F.);
#5276=ADVANCED_FACE('Face appearance 1',(#4836),#208,.F.);
#5277=ADVANCED_FACE('Face appearance 1',(#4837),#4887,.F.);
#5278=ADVANCED_FACE('Face appearance 1',(#4838),#209,.T.);
#5279=ADVANCED_FACE('Face appearance 1',(#4839),#4888,.F.);
#5280=ADVANCED_FACE('Face appearance 1',(#4840),#210,.T.);
#5281=ADVANCED_FACE('Face appearance 1',(#4841),#211,.T.);
#5282=ADVANCED_FACE('Face appearance 1',(#4842),#4889,.T.);
#5283=ADVANCED_FACE('Face appearance 1',(#4843),#212,.T.);
#5284=ADVANCED_FACE('Face appearance 1',(#4844),#213,.T.);
#5285=ADVANCED_FACE('Face appearance 1',(#4845),#214,.T.);
#5286=ADVANCED_FACE('Face appearance 1',(#4846),#215,.F.);
#5287=ADVANCED_FACE('Face appearance 1',(#4847),#216,.T.);
#5288=ADVANCED_FACE('Face appearance 1',(#4848),#4890,.F.);
#5289=ADVANCED_FACE('Face appearance 1',(#4849),#217,.T.);
#5290=CLOSED_SHELL('',(#5043,#5044,#5045,#5046,#5047,#5048,#5049,#5050,#5051,#5052,#5053,#5054,#5055,#5056,#5057,#5058,#5059,#5060,#5061,#5062,#5063,#5064,#5065,#5066,#5067,#5068,#5069,#5070,#5071,#5072,#5073,#5074,#5075,#5076,#5077,#5078,#5079,#5080,#5081,#5082,#5083,#5084,#5085,#5086,#5087,#5088,#5089,#5090,#5091,#5092,#5093,#5094,#5095,#5096,#5097,#5098,#5099,#5100,#5101,#5102,#5103,#5104,#5105,#5106,#5107,#5108,#5109,#5110,#5111,#5112,#5113,#5114,#5115,#5116,#5117,#5118,#5119,#5120,#5121,#5122,#5123,#5124,#5125,#5126,#5127,#5128,#5129,#5130,#5131,#5132,#5133,#5134,#5135,#5136,#5137,#5138,#5139,#5140,#5141,#5142,#5143,#5144,#5145,#5146,#5147,#5148,#5149,#5150,#5151,#5152,#5153,#5154,#5155,#5156,#5157,#5158,#5159,#5160,#5161,#5162,#5163,#5164,#5165,#5166,#5167,#5168,#5169,#5170,#5171,#5172,#5173,#5174,#5175,#5176,#5177,#5178,#5179,#5180,#5181,#5182,#5183,#5184,#5185,#5186,#5187,#5188,#5189,#5190,#5191,#5192,#5193,#5194,#5195,#5196,#5197,#5198,#5199,#5200,#5201,#5202,#5203,#5204,#5205,#5206,#5207,#5208,#5209,#5210,#5211,#5212,#5213,#5214,#5215,#5216,#5217,#5218,#5219,#5220,#5221,#5222,#5223,#5224,#5225,#5226,#5227,#5228,#5229,#5230,#5231,#5232,#5233,#5234,#5235,#5236,#5237,#5238,#5239,#5240,#5241,#5242,#5243,#5244,#5245,#5246,#5247,#5248,#5249,#5250,#5251,#5252,#5253,#5254,#5255,#5256,#5257,#5258,#5259,#5260,#5261,#5262,#5263,#5264,#5265,#5266,#5267,#5268,#5269,#5270,#5271,#5272,#5273,#5274,#5275,#5276,#5277,#5278,#5279,#5280,#5281,#5282,#5283,#5284,#5285,#5286,#5287,#5288,#5289));
#5291=STYLED_ITEM('',(#5292),#6213);
#5292=PRESENTATION_STYLE_ASSIGNMENT((#5445));
#5293=PRESENTATION_STYLE_ASSIGNMENT((#5446));
#5294=PRESENTATION_STYLE_ASSIGNMENT((#5447));
#5295=PRESENTATION_STYLE_ASSIGNMENT((#5448));
#5296=PRESENTATION_STYLE_ASSIGNMENT((#5449));
#5297=PRESENTATION_STYLE_ASSIGNMENT((#5450));
#5298=PRESENTATION_STYLE_ASSIGNMENT((#5451));
#5299=PRESENTATION_STYLE_ASSIGNMENT((#5452));
#5300=PRESENTATION_STYLE_ASSIGNMENT((#5453));
#5301=PRESENTATION_STYLE_ASSIGNMENT((#5454));
#5302=PRESENTATION_STYLE_ASSIGNMENT((#5455));
#5303=PRESENTATION_STYLE_ASSIGNMENT((#5456));
#5304=PRESENTATION_STYLE_ASSIGNMENT((#5457));
#5305=PRESENTATION_STYLE_ASSIGNMENT((#5458));
#5306=PRESENTATION_STYLE_ASSIGNMENT((#5459));
#5307=PRESENTATION_STYLE_ASSIGNMENT((#5460));
#5308=PRESENTATION_STYLE_ASSIGNMENT((#5461));
#5309=PRESENTATION_STYLE_ASSIGNMENT((#5462));
#5310=PRESENTATION_STYLE_ASSIGNMENT((#5463));
#5311=PRESENTATION_STYLE_ASSIGNMENT((#5464));
#5312=PRESENTATION_STYLE_ASSIGNMENT((#5465));
#5313=PRESENTATION_STYLE_ASSIGNMENT((#5466));
#5314=PRESENTATION_STYLE_ASSIGNMENT((#5467));
#5315=PRESENTATION_STYLE_ASSIGNMENT((#5468));
#5316=PRESENTATION_STYLE_ASSIGNMENT((#5469));
#5317=PRESENTATION_STYLE_ASSIGNMENT((#5470));
#5318=PRESENTATION_STYLE_ASSIGNMENT((#5471));
#5319=PRESENTATION_STYLE_ASSIGNMENT((#5472));
#5320=PRESENTATION_STYLE_ASSIGNMENT((#5473));
#5321=PRESENTATION_STYLE_ASSIGNMENT((#5474));
#5322=PRESENTATION_STYLE_ASSIGNMENT((#5475));
#5323=PRESENTATION_STYLE_ASSIGNMENT((#5476));
#5324=PRESENTATION_STYLE_ASSIGNMENT((#5477));
#5325=PRESENTATION_STYLE_ASSIGNMENT((#5478));
#5326=PRESENTATION_STYLE_ASSIGNMENT((#5479));
#5327=PRESENTATION_STYLE_ASSIGNMENT((#5480));
#5328=PRESENTATION_STYLE_ASSIGNMENT((#5481));
#5329=PRESENTATION_STYLE_ASSIGNMENT((#5482));
#5330=PRESENTATION_STYLE_ASSIGNMENT((#5483));
#5331=PRESENTATION_STYLE_ASSIGNMENT((#5484));
#5332=PRESENTATION_STYLE_ASSIGNMENT((#5485));
#5333=PRESENTATION_STYLE_ASSIGNMENT((#5486));
#5334=PRESENTATION_STYLE_ASSIGNMENT((#5487));
#5335=PRESENTATION_STYLE_ASSIGNMENT((#5488));
#5336=PRESENTATION_STYLE_ASSIGNMENT((#5489));
#5337=PRESENTATION_STYLE_ASSIGNMENT((#5490));
#5338=PRESENTATION_STYLE_ASSIGNMENT((#5491));
#5339=PRESENTATION_STYLE_ASSIGNMENT((#5492));
#5340=PRESENTATION_STYLE_ASSIGNMENT((#5493));
#5341=PRESENTATION_STYLE_ASSIGNMENT((#5494));
#5342=PRESENTATION_STYLE_ASSIGNMENT((#5495));
#5343=PRESENTATION_STYLE_ASSIGNMENT((#5496));
#5344=PRESENTATION_STYLE_ASSIGNMENT((#5497));
#5345=PRESENTATION_STYLE_ASSIGNMENT((#5498));
#5346=PRESENTATION_STYLE_ASSIGNMENT((#5499));
#5347=PRESENTATION_STYLE_ASSIGNMENT((#5500));
#5348=PRESENTATION_STYLE_ASSIGNMENT((#5501));
#5349=PRESENTATION_STYLE_ASSIGNMENT((#5502));
#5350=PRESENTATION_STYLE_ASSIGNMENT((#5503));
#5351=PRESENTATION_STYLE_ASSIGNMENT((#5504));
#5352=PRESENTATION_STYLE_ASSIGNMENT((#5505));
#5353=PRESENTATION_STYLE_ASSIGNMENT((#5506));
#5354=PRESENTATION_STYLE_ASSIGNMENT((#5507));
#5355=PRESENTATION_STYLE_ASSIGNMENT((#5508));
#5356=PRESENTATION_STYLE_ASSIGNMENT((#5509));
#5357=PRESENTATION_STYLE_ASSIGNMENT((#5510));
#5358=PRESENTATION_STYLE_ASSIGNMENT((#5511));
#5359=PRESENTATION_STYLE_ASSIGNMENT((#5512));
#5360=PRESENTATION_STYLE_ASSIGNMENT((#5513));
#5361=PRESENTATION_STYLE_ASSIGNMENT((#5514));
#5362=PRESENTATION_STYLE_ASSIGNMENT((#5515));
#5363=PRESENTATION_STYLE_ASSIGNMENT((#5516));
#5364=PRESENTATION_STYLE_ASSIGNMENT((#5517));
#5365=PRESENTATION_STYLE_ASSIGNMENT((#5518));
#5366=PRESENTATION_STYLE_ASSIGNMENT((#5519));
#5367=PRESENTATION_STYLE_ASSIGNMENT((#5520));
#5368=PRESENTATION_STYLE_ASSIGNMENT((#5521));
#5369=PRESENTATION_STYLE_ASSIGNMENT((#5522));
#5370=PRESENTATION_STYLE_ASSIGNMENT((#5523));
#5371=PRESENTATION_STYLE_ASSIGNMENT((#5524));
#5372=PRESENTATION_STYLE_ASSIGNMENT((#5525));
#5373=PRESENTATION_STYLE_ASSIGNMENT((#5526));
#5374=PRESENTATION_STYLE_ASSIGNMENT((#5527));
#5375=PRESENTATION_STYLE_ASSIGNMENT((#5528));
#5376=PRESENTATION_STYLE_ASSIGNMENT((#5529));
#5377=PRESENTATION_STYLE_ASSIGNMENT((#5530));
#5378=PRESENTATION_STYLE_ASSIGNMENT((#5531));
#5379=PRESENTATION_STYLE_ASSIGNMENT((#5532));
#5380=PRESENTATION_STYLE_ASSIGNMENT((#5533));
#5381=PRESENTATION_STYLE_ASSIGNMENT((#5534));
#5382=PRESENTATION_STYLE_ASSIGNMENT((#5535));
#5383=PRESENTATION_STYLE_ASSIGNMENT((#5536));
#5384=PRESENTATION_STYLE_ASSIGNMENT((#5537));
#5385=PRESENTATION_STYLE_ASSIGNMENT((#5538));
#5386=PRESENTATION_STYLE_ASSIGNMENT((#5539));
#5387=PRESENTATION_STYLE_ASSIGNMENT((#5540));
#5388=PRESENTATION_STYLE_ASSIGNMENT((#5541));
#5389=PRESENTATION_STYLE_ASSIGNMENT((#5542));
#5390=PRESENTATION_STYLE_ASSIGNMENT((#5543));
#5391=PRESENTATION_STYLE_ASSIGNMENT((#5544));
#5392=PRESENTATION_STYLE_ASSIGNMENT((#5545));
#5393=PRESENTATION_STYLE_ASSIGNMENT((#5546));
#5394=PRESENTATION_STYLE_ASSIGNMENT((#5547));
#5395=PRESENTATION_STYLE_ASSIGNMENT((#5548));
#5396=PRESENTATION_STYLE_ASSIGNMENT((#5549));
#5397=PRESENTATION_STYLE_ASSIGNMENT((#5550));
#5398=PRESENTATION_STYLE_ASSIGNMENT((#5551));
#5399=PRESENTATION_STYLE_ASSIGNMENT((#5552));
#5400=PRESENTATION_STYLE_ASSIGNMENT((#5553));
#5401=PRESENTATION_STYLE_ASSIGNMENT((#5554));
#5402=PRESENTATION_STYLE_ASSIGNMENT((#5555));
#5403=PRESENTATION_STYLE_ASSIGNMENT((#5556));
#5404=PRESENTATION_STYLE_ASSIGNMENT((#5557));
#5405=PRESENTATION_STYLE_ASSIGNMENT((#5558));
#5406=PRESENTATION_STYLE_ASSIGNMENT((#5559));
#5407=PRESENTATION_STYLE_ASSIGNMENT((#5560));
#5408=PRESENTATION_STYLE_ASSIGNMENT((#5561));
#5409=PRESENTATION_STYLE_ASSIGNMENT((#5562));
#5410=PRESENTATION_STYLE_ASSIGNMENT((#5563));
#5411=PRESENTATION_STYLE_ASSIGNMENT((#5564));
#5412=PRESENTATION_STYLE_ASSIGNMENT((#5565));
#5413=PRESENTATION_STYLE_ASSIGNMENT((#5566));
#5414=PRESENTATION_STYLE_ASSIGNMENT((#5567));
#5415=PRESENTATION_STYLE_ASSIGNMENT((#5568));
#5416=PRESENTATION_STYLE_ASSIGNMENT((#5569));
#5417=PRESENTATION_STYLE_ASSIGNMENT((#5570));
#5418=PRESENTATION_STYLE_ASSIGNMENT((#5571));
#5419=PRESENTATION_STYLE_ASSIGNMENT((#5572));
#5420=PRESENTATION_STYLE_ASSIGNMENT((#5573));
#5421=PRESENTATION_STYLE_ASSIGNMENT((#5574));
#5422=PRESENTATION_STYLE_ASSIGNMENT((#5575));
#5423=PRESENTATION_STYLE_ASSIGNMENT((#5576));
#5424=PRESENTATION_STYLE_ASSIGNMENT((#5577));
#5425=PRESENTATION_STYLE_ASSIGNMENT((#5578));
#5426=PRESENTATION_STYLE_ASSIGNMENT((#5579));
#5427=PRESENTATION_STYLE_ASSIGNMENT((#5580));
#5428=PRESENTATION_STYLE_ASSIGNMENT((#5581));
#5429=PRESENTATION_STYLE_ASSIGNMENT((#5582));
#5430=PRESENTATION_STYLE_ASSIGNMENT((#5583));
#5431=PRESENTATION_STYLE_ASSIGNMENT((#5584));
#5432=PRESENTATION_STYLE_ASSIGNMENT((#5585));
#5433=PRESENTATION_STYLE_ASSIGNMENT((#5586));
#5434=PRESENTATION_STYLE_ASSIGNMENT((#5587));
#5435=PRESENTATION_STYLE_ASSIGNMENT((#5588));
#5436=PRESENTATION_STYLE_ASSIGNMENT((#5589));
#5437=PRESENTATION_STYLE_ASSIGNMENT((#5590));
#5438=PRESENTATION_STYLE_ASSIGNMENT((#5591));
#5439=PRESENTATION_STYLE_ASSIGNMENT((#5592));
#5440=PRESENTATION_STYLE_ASSIGNMENT((#5593));
#5441=PRESENTATION_STYLE_ASSIGNMENT((#5594));
#5442=PRESENTATION_STYLE_ASSIGNMENT((#5595));
#5443=PRESENTATION_STYLE_ASSIGNMENT((#5596));
#5444=PRESENTATION_STYLE_ASSIGNMENT((#5597));
#5445=SURFACE_STYLE_USAGE(.BOTH.,#5598);
#5446=SURFACE_STYLE_USAGE(.BOTH.,#5599);
#5447=SURFACE_STYLE_USAGE(.BOTH.,#5600);
#5448=SURFACE_STYLE_USAGE(.BOTH.,#5601);
#5449=SURFACE_STYLE_USAGE(.BOTH.,#5602);
#5450=SURFACE_STYLE_USAGE(.BOTH.,#5603);
#5451=SURFACE_STYLE_USAGE(.BOTH.,#5604);
#5452=SURFACE_STYLE_USAGE(.BOTH.,#5605);
#5453=SURFACE_STYLE_USAGE(.BOTH.,#5606);
#5454=SURFACE_STYLE_USAGE(.BOTH.,#5607);
#5455=SURFACE_STYLE_USAGE(.BOTH.,#5608);
#5456=SURFACE_STYLE_USAGE(.BOTH.,#5609);
#5457=SURFACE_STYLE_USAGE(.BOTH.,#5610);
#5458=SURFACE_STYLE_USAGE(.BOTH.,#5611);
#5459=SURFACE_STYLE_USAGE(.BOTH.,#5612);
#5460=SURFACE_STYLE_USAGE(.BOTH.,#5613);
#5461=SURFACE_STYLE_USAGE(.BOTH.,#5614);
#5462=SURFACE_STYLE_USAGE(.BOTH.,#5615);
#5463=SURFACE_STYLE_USAGE(.BOTH.,#5616);
#5464=SURFACE_STYLE_USAGE(.BOTH.,#5617);
#5465=SURFACE_STYLE_USAGE(.BOTH.,#5618);
#5466=SURFACE_STYLE_USAGE(.BOTH.,#5619);
#5467=SURFACE_STYLE_USAGE(.BOTH.,#5620);
#5468=SURFACE_STYLE_USAGE(.BOTH.,#5621);
#5469=SURFACE_STYLE_USAGE(.BOTH.,#5622);
#5470=SURFACE_STYLE_USAGE(.BOTH.,#5623);
#5471=SURFACE_STYLE_USAGE(.BOTH.,#5624);
#5472=SURFACE_STYLE_USAGE(.BOTH.,#5625);
#5473=SURFACE_STYLE_USAGE(.BOTH.,#5626);
#5474=SURFACE_STYLE_USAGE(.BOTH.,#5627);
#5475=SURFACE_STYLE_USAGE(.BOTH.,#5628);
#5476=SURFACE_STYLE_USAGE(.BOTH.,#5629);
#5477=SURFACE_STYLE_USAGE(.BOTH.,#5630);
#5478=SURFACE_STYLE_USAGE(.BOTH.,#5631);
#5479=SURFACE_STYLE_USAGE(.BOTH.,#5632);
#5480=SURFACE_STYLE_USAGE(.BOTH.,#5633);
#5481=SURFACE_STYLE_USAGE(.BOTH.,#5634);
#5482=SURFACE_STYLE_USAGE(.BOTH.,#5635);
#5483=SURFACE_STYLE_USAGE(.BOTH.,#5636);
#5484=SURFACE_STYLE_USAGE(.BOTH.,#5637);
#5485=SURFACE_STYLE_USAGE(.BOTH.,#5638);
#5486=SURFACE_STYLE_USAGE(.BOTH.,#5639);
#5487=SURFACE_STYLE_USAGE(.BOTH.,#5640);
#5488=SURFACE_STYLE_USAGE(.BOTH.,#5641);
#5489=SURFACE_STYLE_USAGE(.BOTH.,#5642);
#5490=SURFACE_STYLE_USAGE(.BOTH.,#5643);
#5491=SURFACE_STYLE_USAGE(.BOTH.,#5644);
#5492=SURFACE_STYLE_USAGE(.BOTH.,#5645);
#5493=SURFACE_STYLE_USAGE(.BOTH.,#5646);
#5494=SURFACE_STYLE_USAGE(.BOTH.,#5647);
#5495=SURFACE_STYLE_USAGE(.BOTH.,#5648);
#5496=SURFACE_STYLE_USAGE(.BOTH.,#5649);
#5497=SURFACE_STYLE_USAGE(.BOTH.,#5650);
#5498=SURFACE_STYLE_USAGE(.BOTH.,#5651);
#5499=SURFACE_STYLE_USAGE(.BOTH.,#5652);
#5500=SURFACE_STYLE_USAGE(.BOTH.,#5653);
#5501=SURFACE_STYLE_USAGE(.BOTH.,#5654);
#5502=SURFACE_STYLE_USAGE(.BOTH.,#5655);
#5503=SURFACE_STYLE_USAGE(.BOTH.,#5656);
#5504=SURFACE_STYLE_USAGE(.BOTH.,#5657);
#5505=SURFACE_STYLE_USAGE(.BOTH.,#5658);
#5506=SURFACE_STYLE_USAGE(.BOTH.,#5659);
#5507=SURFACE_STYLE_USAGE(.BOTH.,#5660);
#5508=SURFACE_STYLE_USAGE(.BOTH.,#5661);
#5509=SURFACE_STYLE_USAGE(.BOTH.,#5662);
#5510=SURFACE_STYLE_USAGE(.BOTH.,#5663);
#5511=SURFACE_STYLE_USAGE(.BOTH.,#5664);
#5512=SURFACE_STYLE_USAGE(.BOTH.,#5665);
#5513=SURFACE_STYLE_USAGE(.BOTH.,#5666);
#5514=SURFACE_STYLE_USAGE(.BOTH.,#5667);
#5515=SURFACE_STYLE_USAGE(.BOTH.,#5668);
#5516=SURFACE_STYLE_USAGE(.BOTH.,#5669);
#5517=SURFACE_STYLE_USAGE(.BOTH.,#5670);
#5518=SURFACE_STYLE_USAGE(.BOTH.,#5671);
#5519=SURFACE_STYLE_USAGE(.BOTH.,#5672);
#5520=SURFACE_STYLE_USAGE(.BOTH.,#5673);
#5521=SURFACE_STYLE_USAGE(.BOTH.,#5674);
#5522=SURFACE_STYLE_USAGE(.BOTH.,#5675);
#5523=SURFACE_STYLE_USAGE(.BOTH.,#5676);
#5524=SURFACE_STYLE_USAGE(.BOTH.,#5677);
#5525=SURFACE_STYLE_USAGE(.BOTH.,#5678);
#5526=SURFACE_STYLE_USAGE(.BOTH.,#5679);
#5527=SURFACE_STYLE_USAGE(.BOTH.,#5680);
#5528=SURFACE_STYLE_USAGE(.BOTH.,#5681);
#5529=SURFACE_STYLE_USAGE(.BOTH.,#5682);
#5530=SURFACE_STYLE_USAGE(.BOTH.,#5683);
#5531=SURFACE_STYLE_USAGE(.BOTH.,#5684);
#5532=SURFACE_STYLE_USAGE(.BOTH.,#5685);
#5533=SURFACE_STYLE_USAGE(.BOTH.,#5686);
#5534=SURFACE_STYLE_USAGE(.BOTH.,#5687);
#5535=SURFACE_STYLE_USAGE(.BOTH.,#5688);
#5536=SURFACE_STYLE_USAGE(.BOTH.,#5689);
#5537=SURFACE_STYLE_USAGE(.BOTH.,#5690);
#5538=SURFACE_STYLE_USAGE(.BOTH.,#5691);
#5539=SURFACE_STYLE_USAGE(.BOTH.,#5692);
#5540=SURFACE_STYLE_USAGE(.BOTH.,#5693);
#5541=SURFACE_STYLE_USAGE(.BOTH.,#5694);
#5542=SURFACE_STYLE_USAGE(.BOTH.,#5695);
#5543=SURFACE_STYLE_USAGE(.BOTH.,#5696);
#5544=SURFACE_STYLE_USAGE(.BOTH.,#5697);
#5545=SURFACE_STYLE_USAGE(.BOTH.,#5698);
#5546=SURFACE_STYLE_USAGE(.BOTH.,#5699);
#5547=SURFACE_STYLE_USAGE(.BOTH.,#5700);
#5548=SURFACE_STYLE_USAGE(.BOTH.,#5701);
#5549=SURFACE_STYLE_USAGE(.BOTH.,#5702);
#5550=SURFACE_STYLE_USAGE(.BOTH.,#5703);
#5551=SURFACE_STYLE_USAGE(.BOTH.,#5704);
#5552=SURFACE_STYLE_USAGE(.BOTH.,#5705);
#5553=SURFACE_STYLE_USAGE(.BOTH.,#5706);
#5554=SURFACE_STYLE_USAGE(.BOTH.,#5707);
#5555=SURFACE_STYLE_USAGE(.BOTH.,#5708);
#5556=SURFACE_STYLE_USAGE(.BOTH.,#5709);
#5557=SURFACE_STYLE_USAGE(.BOTH.,#5710);
#5558=SURFACE_STYLE_USAGE(.BOTH.,#5711);
#5559=SURFACE_STYLE_USAGE(.BOTH.,#5712);
#5560=SURFACE_STYLE_USAGE(.BOTH.,#5713);
#5561=SURFACE_STYLE_USAGE(.BOTH.,#5714);
#5562=SURFACE_STYLE_USAGE(.BOTH.,#5715);
#5563=SURFACE_STYLE_USAGE(.BOTH.,#5716);
#5564=SURFACE_STYLE_USAGE(.BOTH.,#5717);
#5565=SURFACE_STYLE_USAGE(.BOTH.,#5718);
#5566=SURFACE_STYLE_USAGE(.BOTH.,#5719);
#5567=SURFACE_STYLE_USAGE(.BOTH.,#5720);
#5568=SURFACE_STYLE_USAGE(.BOTH.,#5721);
#5569=SURFACE_STYLE_USAGE(.BOTH.,#5722);
#5570=SURFACE_STYLE_USAGE(.BOTH.,#5723);
#5571=SURFACE_STYLE_USAGE(.BOTH.,#5724);
#5572=SURFACE_STYLE_USAGE(.BOTH.,#5725);
#5573=SURFACE_STYLE_USAGE(.BOTH.,#5726);
#5574=SURFACE_STYLE_USAGE(.BOTH.,#5727);
#5575=SURFACE_STYLE_USAGE(.BOTH.,#5728);
#5576=SURFACE_STYLE_USAGE(.BOTH.,#5729);
#5577=SURFACE_STYLE_USAGE(.BOTH.,#5730);
#5578=SURFACE_STYLE_USAGE(.BOTH.,#5731);
#5579=SURFACE_STYLE_USAGE(.BOTH.,#5732);
#5580=SURFACE_STYLE_USAGE(.BOTH.,#5733);
#5581=SURFACE_STYLE_USAGE(.BOTH.,#5734);
#5582=SURFACE_STYLE_USAGE(.BOTH.,#5735);
#5583=SURFACE_STYLE_USAGE(.BOTH.,#5736);
#5584=SURFACE_STYLE_USAGE(.BOTH.,#5737);
#5585=SURFACE_STYLE_USAGE(.BOTH.,#5738);
#5586=SURFACE_STYLE_USAGE(.BOTH.,#5739);
#5587=SURFACE_STYLE_USAGE(.BOTH.,#5740);
#5588=SURFACE_STYLE_USAGE(.BOTH.,#5741);
#5589=SURFACE_STYLE_USAGE(.BOTH.,#5742);
#5590=SURFACE_STYLE_USAGE(.BOTH.,#5743);
#5591=SURFACE_STYLE_USAGE(.BOTH.,#5744);
#5592=SURFACE_STYLE_USAGE(.BOTH.,#5745);
#5593=SURFACE_STYLE_USAGE(.BOTH.,#5746);
#5594=SURFACE_STYLE_USAGE(.BOTH.,#5747);
#5595=SURFACE_STYLE_USAGE(.BOTH.,#5748);
#5596=SURFACE_STYLE_USAGE(.BOTH.,#5749);
#5597=SURFACE_STYLE_USAGE(.BOTH.,#5750);
#5598=SURFACE_SIDE_STYLE('',(#5751));
#5599=SURFACE_SIDE_STYLE('',(#5752));
#5600=SURFACE_SIDE_STYLE('',(#5753));
#5601=SURFACE_SIDE_STYLE('',(#5754));
#5602=SURFACE_SIDE_STYLE('',(#5755));
#5603=SURFACE_SIDE_STYLE('',(#5756));
#5604=SURFACE_SIDE_STYLE('',(#5757));
#5605=SURFACE_SIDE_STYLE('',(#5758));
#5606=SURFACE_SIDE_STYLE('',(#5759));
#5607=SURFACE_SIDE_STYLE('',(#5760));
#5608=SURFACE_SIDE_STYLE('',(#5761));
#5609=SURFACE_SIDE_STYLE('',(#5762));
#5610=SURFACE_SIDE_STYLE('',(#5763));
#5611=SURFACE_SIDE_STYLE('',(#5764));
#5612=SURFACE_SIDE_STYLE('',(#5765));
#5613=SURFACE_SIDE_STYLE('',(#5766));
#5614=SURFACE_SIDE_STYLE('',(#5767));
#5615=SURFACE_SIDE_STYLE('',(#5768));
#5616=SURFACE_SIDE_STYLE('',(#5769));
#5617=SURFACE_SIDE_STYLE('',(#5770));
#5618=SURFACE_SIDE_STYLE('',(#5771));
#5619=SURFACE_SIDE_STYLE('',(#5772));
#5620=SURFACE_SIDE_STYLE('',(#5773));
#5621=SURFACE_SIDE_STYLE('',(#5774));
#5622=SURFACE_SIDE_STYLE('',(#5775));
#5623=SURFACE_SIDE_STYLE('',(#5776));
#5624=SURFACE_SIDE_STYLE('',(#5777));
#5625=SURFACE_SIDE_STYLE('',(#5778));
#5626=SURFACE_SIDE_STYLE('',(#5779));
#5627=SURFACE_SIDE_STYLE('',(#5780));
#5628=SURFACE_SIDE_STYLE('',(#5781));
#5629=SURFACE_SIDE_STYLE('',(#5782));
#5630=SURFACE_SIDE_STYLE('',(#5783));
#5631=SURFACE_SIDE_STYLE('',(#5784));
#5632=SURFACE_SIDE_STYLE('',(#5785));
#5633=SURFACE_SIDE_STYLE('',(#5786));
#5634=SURFACE_SIDE_STYLE('',(#5787));
#5635=SURFACE_SIDE_STYLE('',(#5788));
#5636=SURFACE_SIDE_STYLE('',(#5789));
#5637=SURFACE_SIDE_STYLE('',(#5790));
#5638=SURFACE_SIDE_STYLE('',(#5791));
#5639=SURFACE_SIDE_STYLE('',(#5792));
#5640=SURFACE_SIDE_STYLE('',(#5793));
#5641=SURFACE_SIDE_STYLE('',(#5794));
#5642=SURFACE_SIDE_STYLE('',(#5795));
#5643=SURFACE_SIDE_STYLE('',(#5796));
#5644=SURFACE_SIDE_STYLE('',(#5797));
#5645=SURFACE_SIDE_STYLE('',(#5798));
#5646=SURFACE_SIDE_STYLE('',(#5799));
#5647=SURFACE_SIDE_STYLE('',(#5800));
#5648=SURFACE_SIDE_STYLE('',(#5801));
#5649=SURFACE_SIDE_STYLE('',(#5802));
#5650=SURFACE_SIDE_STYLE('',(#5803));
#5651=SURFACE_SIDE_STYLE('',(#5804));
#5652=SURFACE_SIDE_STYLE('',(#5805));
#5653=SURFACE_SIDE_STYLE('',(#5806));
#5654=SURFACE_SIDE_STYLE('',(#5807));
#5655=SURFACE_SIDE_STYLE('',(#5808));
#5656=SURFACE_SIDE_STYLE('',(#5809));
#5657=SURFACE_SIDE_STYLE('',(#5810));
#5658=SURFACE_SIDE_STYLE('',(#5811));
#5659=SURFACE_SIDE_STYLE('',(#5812));
#5660=SURFACE_SIDE_STYLE('',(#5813));
#5661=SURFACE_SIDE_STYLE('',(#5814));
#5662=SURFACE_SIDE_STYLE('',(#5815));
#5663=SURFACE_SIDE_STYLE('',(#5816));
#5664=SURFACE_SIDE_STYLE('',(#5817));
#5665=SURFACE_SIDE_STYLE('',(#5818));
#5666=SURFACE_SIDE_STYLE('',(#5819));
#5667=SURFACE_SIDE_STYLE('',(#5820));
#5668=SURFACE_SIDE_STYLE('',(#5821));
#5669=SURFACE_SIDE_STYLE('',(#5822));
#5670=SURFACE_SIDE_STYLE('',(#5823));
#5671=SURFACE_SIDE_STYLE('',(#5824));
#5672=SURFACE_SIDE_STYLE('',(#5825));
#5673=SURFACE_SIDE_STYLE('',(#5826));
#5674=SURFACE_SIDE_STYLE('',(#5827));
#5675=SURFACE_SIDE_STYLE('',(#5828));
#5676=SURFACE_SIDE_STYLE('',(#5829));
#5677=SURFACE_SIDE_STYLE('',(#5830));
#5678=SURFACE_SIDE_STYLE('',(#5831));
#5679=SURFACE_SIDE_STYLE('',(#5832));
#5680=SURFACE_SIDE_STYLE('',(#5833));
#5681=SURFACE_SIDE_STYLE('',(#5834));
#5682=SURFACE_SIDE_STYLE('',(#5835));
#5683=SURFACE_SIDE_STYLE('',(#5836));
#5684=SURFACE_SIDE_STYLE('',(#5837));
#5685=SURFACE_SIDE_STYLE('',(#5838));
#5686=SURFACE_SIDE_STYLE('',(#5839));
#5687=SURFACE_SIDE_STYLE('',(#5840));
#5688=SURFACE_SIDE_STYLE('',(#5841));
#5689=SURFACE_SIDE_STYLE('',(#5842));
#5690=SURFACE_SIDE_STYLE('',(#5843));
#5691=SURFACE_SIDE_STYLE('',(#5844));
#5692=SURFACE_SIDE_STYLE('',(#5845));
#5693=SURFACE_SIDE_STYLE('',(#5846));
#5694=SURFACE_SIDE_STYLE('',(#5847));
#5695=SURFACE_SIDE_STYLE('',(#5848));
#5696=SURFACE_SIDE_STYLE('',(#5849));
#5697=SURFACE_SIDE_STYLE('',(#5850));
#5698=SURFACE_SIDE_STYLE('',(#5851));
#5699=SURFACE_SIDE_STYLE('',(#5852));
#5700=SURFACE_SIDE_STYLE('',(#5853));
#5701=SURFACE_SIDE_STYLE('',(#5854));
#5702=SURFACE_SIDE_STYLE('',(#5855));
#5703=SURFACE_SIDE_STYLE('',(#5856));
#5704=SURFACE_SIDE_STYLE('',(#5857));
#5705=SURFACE_SIDE_STYLE('',(#5858));
#5706=SURFACE_SIDE_STYLE('',(#5859));
#5707=SURFACE_SIDE_STYLE('',(#5860));
#5708=SURFACE_SIDE_STYLE('',(#5861));
#5709=SURFACE_SIDE_STYLE('',(#5862));
#5710=SURFACE_SIDE_STYLE('',(#5863));
#5711=SURFACE_SIDE_STYLE('',(#5864));
#5712=SURFACE_SIDE_STYLE('',(#5865));
#5713=SURFACE_SIDE_STYLE('',(#5866));
#5714=SURFACE_SIDE_STYLE('',(#5867));
#5715=SURFACE_SIDE_STYLE('',(#5868));
#5716=SURFACE_SIDE_STYLE('',(#5869));
#5717=SURFACE_SIDE_STYLE('',(#5870));
#5718=SURFACE_SIDE_STYLE('',(#5871));
#5719=SURFACE_SIDE_STYLE('',(#5872));
#5720=SURFACE_SIDE_STYLE('',(#5873));
#5721=SURFACE_SIDE_STYLE('',(#5874));
#5722=SURFACE_SIDE_STYLE('',(#5875));
#5723=SURFACE_SIDE_STYLE('',(#5876));
#5724=SURFACE_SIDE_STYLE('',(#5877));
#5725=SURFACE_SIDE_STYLE('',(#5878));
#5726=SURFACE_SIDE_STYLE('',(#5879));
#5727=SURFACE_SIDE_STYLE('',(#5880));
#5728=SURFACE_SIDE_STYLE('',(#5881));
#5729=SURFACE_SIDE_STYLE('',(#5882));
#5730=SURFACE_SIDE_STYLE('',(#5883));
#5731=SURFACE_SIDE_STYLE('',(#5884));
#5732=SURFACE_SIDE_STYLE('',(#5885));
#5733=SURFACE_SIDE_STYLE('',(#5886));
#5734=SURFACE_SIDE_STYLE('',(#5887));
#5735=SURFACE_SIDE_STYLE('',(#5888));
#5736=SURFACE_SIDE_STYLE('',(#5889));
#5737=SURFACE_SIDE_STYLE('',(#5890));
#5738=SURFACE_SIDE_STYLE('',(#5891));
#5739=SURFACE_SIDE_STYLE('',(#5892));
#5740=SURFACE_SIDE_STYLE('',(#5893));
#5741=SURFACE_SIDE_STYLE('',(#5894));
#5742=SURFACE_SIDE_STYLE('',(#5895));
#5743=SURFACE_SIDE_STYLE('',(#5896));
#5744=SURFACE_SIDE_STYLE('',(#5897));
#5745=SURFACE_SIDE_STYLE('',(#5898));
#5746=SURFACE_SIDE_STYLE('',(#5899));
#5747=SURFACE_SIDE_STYLE('',(#5900));
#5748=SURFACE_SIDE_STYLE('',(#5901));
#5749=SURFACE_SIDE_STYLE('',(#5902));
#5750=SURFACE_SIDE_STYLE('',(#5903));
#5751=SURFACE_STYLE_FILL_AREA(#5904);
#5752=SURFACE_STYLE_FILL_AREA(#5905);
#5753=SURFACE_STYLE_FILL_AREA(#5906);
#5754=SURFACE_STYLE_FILL_AREA(#5907);
#5755=SURFACE_STYLE_FILL_AREA(#5908);
#5756=SURFACE_STYLE_FILL_AREA(#5909);
#5757=SURFACE_STYLE_FILL_AREA(#5910);
#5758=SURFACE_STYLE_FILL_AREA(#5911);
#5759=SURFACE_STYLE_FILL_AREA(#5912);
#5760=SURFACE_STYLE_FILL_AREA(#5913);
#5761=SURFACE_STYLE_FILL_AREA(#5914);
#5762=SURFACE_STYLE_FILL_AREA(#5915);
#5763=SURFACE_STYLE_FILL_AREA(#5916);
#5764=SURFACE_STYLE_FILL_AREA(#5917);
#5765=SURFACE_STYLE_FILL_AREA(#5918);
#5766=SURFACE_STYLE_FILL_AREA(#5919);
#5767=SURFACE_STYLE_FILL_AREA(#5920);
#5768=SURFACE_STYLE_FILL_AREA(#5921);
#5769=SURFACE_STYLE_FILL_AREA(#5922);
#5770=SURFACE_STYLE_FILL_AREA(#5923);
#5771=SURFACE_STYLE_FILL_AREA(#5924);
#5772=SURFACE_STYLE_FILL_AREA(#5925);
#5773=SURFACE_STYLE_FILL_AREA(#5926);
#5774=SURFACE_STYLE_FILL_AREA(#5927);
#5775=SURFACE_STYLE_FILL_AREA(#5928);
#5776=SURFACE_STYLE_FILL_AREA(#5929);
#5777=SURFACE_STYLE_FILL_AREA(#5930);
#5778=SURFACE_STYLE_FILL_AREA(#5931);
#5779=SURFACE_STYLE_FILL_AREA(#5932);
#5780=SURFACE_STYLE_FILL_AREA(#5933);
#5781=SURFACE_STYLE_FILL_AREA(#5934);
#5782=SURFACE_STYLE_FILL_AREA(#5935);
#5783=SURFACE_STYLE_FILL_AREA(#5936);
#5784=SURFACE_STYLE_FILL_AREA(#5937);
#5785=SURFACE_STYLE_FILL_AREA(#5938);
#5786=SURFACE_STYLE_FILL_AREA(#5939);
#5787=SURFACE_STYLE_FILL_AREA(#5940);
#5788=SURFACE_STYLE_FILL_AREA(#5941);
#5789=SURFACE_STYLE_FILL_AREA(#5942);
#5790=SURFACE_STYLE_FILL_AREA(#5943);
#5791=SURFACE_STYLE_FILL_AREA(#5944);
#5792=SURFACE_STYLE_FILL_AREA(#5945);
#5793=SURFACE_STYLE_FILL_AREA(#5946);
#5794=SURFACE_STYLE_FILL_AREA(#5947);
#5795=SURFACE_STYLE_FILL_AREA(#5948);
#5796=SURFACE_STYLE_FILL_AREA(#5949);
#5797=SURFACE_STYLE_FILL_AREA(#5950);
#5798=SURFACE_STYLE_FILL_AREA(#5951);
#5799=SURFACE_STYLE_FILL_AREA(#5952);
#5800=SURFACE_STYLE_FILL_AREA(#5953);
#5801=SURFACE_STYLE_FILL_AREA(#5954);
#5802=SURFACE_STYLE_FILL_AREA(#5955);
#5803=SURFACE_STYLE_FILL_AREA(#5956);
#5804=SURFACE_STYLE_FILL_AREA(#5957);
#5805=SURFACE_STYLE_FILL_AREA(#5958);
#5806=SURFACE_STYLE_FILL_AREA(#5959);
#5807=SURFACE_STYLE_FILL_AREA(#5960);
#5808=SURFACE_STYLE_FILL_AREA(#5961);
#5809=SURFACE_STYLE_FILL_AREA(#5962);
#5810=SURFACE_STYLE_FILL_AREA(#5963);
#5811=SURFACE_STYLE_FILL_AREA(#5964);
#5812=SURFACE_STYLE_FILL_AREA(#5965);
#5813=SURFACE_STYLE_FILL_AREA(#5966);
#5814=SURFACE_STYLE_FILL_AREA(#5967);
#5815=SURFACE_STYLE_FILL_AREA(#5968);
#5816=SURFACE_STYLE_FILL_AREA(#5969);
#5817=SURFACE_STYLE_FILL_AREA(#5970);
#5818=SURFACE_STYLE_FILL_AREA(#5971);
#5819=SURFACE_STYLE_FILL_AREA(#5972);
#5820=SURFACE_STYLE_FILL_AREA(#5973);
#5821=SURFACE_STYLE_FILL_AREA(#5974);
#5822=SURFACE_STYLE_FILL_AREA(#5975);
#5823=SURFACE_STYLE_FILL_AREA(#5976);
#5824=SURFACE_STYLE_FILL_AREA(#5977);
#5825=SURFACE_STYLE_FILL_AREA(#5978);
#5826=SURFACE_STYLE_FILL_AREA(#5979);
#5827=SURFACE_STYLE_FILL_AREA(#5980);
#5828=SURFACE_STYLE_FILL_AREA(#5981);
#5829=SURFACE_STYLE_FILL_AREA(#5982);
#5830=SURFACE_STYLE_FILL_AREA(#5983);
#5831=SURFACE_STYLE_FILL_AREA(#5984);
#5832=SURFACE_STYLE_FILL_AREA(#5985);
#5833=SURFACE_STYLE_FILL_AREA(#5986);
#5834=SURFACE_STYLE_FILL_AREA(#5987);
#5835=SURFACE_STYLE_FILL_AREA(#5988);
#5836=SURFACE_STYLE_FILL_AREA(#5989);
#5837=SURFACE_STYLE_FILL_AREA(#5990);
#5838=SURFACE_STYLE_FILL_AREA(#5991);
#5839=SURFACE_STYLE_FILL_AREA(#5992);
#5840=SURFACE_STYLE_FILL_AREA(#5993);
#5841=SURFACE_STYLE_FILL_AREA(#5994);
#5842=SURFACE_STYLE_FILL_AREA(#5995);
#5843=SURFACE_STYLE_FILL_AREA(#5996);
#5844=SURFACE_STYLE_FILL_AREA(#5997);
#5845=SURFACE_STYLE_FILL_AREA(#5998);
#5846=SURFACE_STYLE_FILL_AREA(#5999);
#5847=SURFACE_STYLE_FILL_AREA(#6000);
#5848=SURFACE_STYLE_FILL_AREA(#6001);
#5849=SURFACE_STYLE_FILL_AREA(#6002);
#5850=SURFACE_STYLE_FILL_AREA(#6003);
#5851=SURFACE_STYLE_FILL_AREA(#6004);
#5852=SURFACE_STYLE_FILL_AREA(#6005);
#5853=SURFACE_STYLE_FILL_AREA(#6006);
#5854=SURFACE_STYLE_FILL_AREA(#6007);
#5855=SURFACE_STYLE_FILL_AREA(#6008);
#5856=SURFACE_STYLE_FILL_AREA(#6009);
#5857=SURFACE_STYLE_FILL_AREA(#6010);
#5858=SURFACE_STYLE_FILL_AREA(#6011);
#5859=SURFACE_STYLE_FILL_AREA(#6012);
#5860=SURFACE_STYLE_FILL_AREA(#6013);
#5861=SURFACE_STYLE_FILL_AREA(#6014);
#5862=SURFACE_STYLE_FILL_AREA(#6015);
#5863=SURFACE_STYLE_FILL_AREA(#6016);
#5864=SURFACE_STYLE_FILL_AREA(#6017);
#5865=SURFACE_STYLE_FILL_AREA(#6018);
#5866=SURFACE_STYLE_FILL_AREA(#6019);
#5867=SURFACE_STYLE_FILL_AREA(#6020);
#5868=SURFACE_STYLE_FILL_AREA(#6021);
#5869=SURFACE_STYLE_FILL_AREA(#6022);
#5870=SURFACE_STYLE_FILL_AREA(#6023);
#5871=SURFACE_STYLE_FILL_AREA(#6024);
#5872=SURFACE_STYLE_FILL_AREA(#6025);
#5873=SURFACE_STYLE_FILL_AREA(#6026);
#5874=SURFACE_STYLE_FILL_AREA(#6027);
#5875=SURFACE_STYLE_FILL_AREA(#6028);
#5876=SURFACE_STYLE_FILL_AREA(#6029);
#5877=SURFACE_STYLE_FILL_AREA(#6030);
#5878=SURFACE_STYLE_FILL_AREA(#6031);
#5879=SURFACE_STYLE_FILL_AREA(#6032);
#5880=SURFACE_STYLE_FILL_AREA(#6033);
#5881=SURFACE_STYLE_FILL_AREA(#6034);
#5882=SURFACE_STYLE_FILL_AREA(#6035);
#5883=SURFACE_STYLE_FILL_AREA(#6036);
#5884=SURFACE_STYLE_FILL_AREA(#6037);
#5885=SURFACE_STYLE_FILL_AREA(#6038);
#5886=SURFACE_STYLE_FILL_AREA(#6039);
#5887=SURFACE_STYLE_FILL_AREA(#6040);
#5888=SURFACE_STYLE_FILL_AREA(#6041);
#5889=SURFACE_STYLE_FILL_AREA(#6042);
#5890=SURFACE_STYLE_FILL_AREA(#6043);
#5891=SURFACE_STYLE_FILL_AREA(#6044);
#5892=SURFACE_STYLE_FILL_AREA(#6045);
#5893=SURFACE_STYLE_FILL_AREA(#6046);
#5894=SURFACE_STYLE_FILL_AREA(#6047);
#5895=SURFACE_STYLE_FILL_AREA(#6048);
#5896=SURFACE_STYLE_FILL_AREA(#6049);
#5897=SURFACE_STYLE_FILL_AREA(#6050);
#5898=SURFACE_STYLE_FILL_AREA(#6051);
#5899=SURFACE_STYLE_FILL_AREA(#6052);
#5900=SURFACE_STYLE_FILL_AREA(#6053);
#5901=SURFACE_STYLE_FILL_AREA(#6054);
#5902=SURFACE_STYLE_FILL_AREA(#6055);
#5903=SURFACE_STYLE_FILL_AREA(#6056);
#5904=FILL_AREA_STYLE('',(#6057));
#5905=FILL_AREA_STYLE('',(#6058));
#5906=FILL_AREA_STYLE('',(#6059));
#5907=FILL_AREA_STYLE('',(#6060));
#5908=FILL_AREA_STYLE('',(#6061));
#5909=FILL_AREA_STYLE('',(#6062));
#5910=FILL_AREA_STYLE('',(#6063));
#5911=FILL_AREA_STYLE('',(#6064));
#5912=FILL_AREA_STYLE('',(#6065));
#5913=FILL_AREA_STYLE('',(#6066));
#5914=FILL_AREA_STYLE('',(#6067));
#5915=FILL_AREA_STYLE('',(#6068));
#5916=FILL_AREA_STYLE('',(#6069));
#5917=FILL_AREA_STYLE('',(#6070));
#5918=FILL_AREA_STYLE('',(#6071));
#5919=FILL_AREA_STYLE('',(#6072));
#5920=FILL_AREA_STYLE('',(#6073));
#5921=FILL_AREA_STYLE('',(#6074));
#5922=FILL_AREA_STYLE('',(#6075));
#5923=FILL_AREA_STYLE('',(#6076));
#5924=FILL_AREA_STYLE('',(#6077));
#5925=FILL_AREA_STYLE('',(#6078));
#5926=FILL_AREA_STYLE('',(#6079));
#5927=FILL_AREA_STYLE('',(#6080));
#5928=FILL_AREA_STYLE('',(#6081));
#5929=FILL_AREA_STYLE('',(#6082));
#5930=FILL_AREA_STYLE('',(#6083));
#5931=FILL_AREA_STYLE('',(#6084));
#5932=FILL_AREA_STYLE('',(#6085));
#5933=FILL_AREA_STYLE('',(#6086));
#5934=FILL_AREA_STYLE('',(#6087));
#5935=FILL_AREA_STYLE('',(#6088));
#5936=FILL_AREA_STYLE('',(#6089));
#5937=FILL_AREA_STYLE('',(#6090));
#5938=FILL_AREA_STYLE('',(#6091));
#5939=FILL_AREA_STYLE('',(#6092));
#5940=FILL_AREA_STYLE('',(#6093));
#5941=FILL_AREA_STYLE('',(#6094));
#5942=FILL_AREA_STYLE('',(#6095));
#5943=FILL_AREA_STYLE('',(#6096));
#5944=FILL_AREA_STYLE('',(#6097));
#5945=FILL_AREA_STYLE('',(#6098));
#5946=FILL_AREA_STYLE('',(#6099));
#5947=FILL_AREA_STYLE('',(#6100));
#5948=FILL_AREA_STYLE('',(#6101));
#5949=FILL_AREA_STYLE('',(#6102));
#5950=FILL_AREA_STYLE('',(#6103));
#5951=FILL_AREA_STYLE('',(#6104));
#5952=FILL_AREA_STYLE('',(#6105));
#5953=FILL_AREA_STYLE('',(#6106));
#5954=FILL_AREA_STYLE('',(#6107));
#5955=FILL_AREA_STYLE('',(#6108));
#5956=FILL_AREA_STYLE('',(#6109));
#5957=FILL_AREA_STYLE('',(#6110));
#5958=FILL_AREA_STYLE('',(#6111));
#5959=FILL_AREA_STYLE('',(#6112));
#5960=FILL_AREA_STYLE('',(#6113));
#5961=FILL_AREA_STYLE('',(#6114));
#5962=FILL_AREA_STYLE('',(#6115));
#5963=FILL_AREA_STYLE('',(#6116));
#5964=FILL_AREA_STYLE('',(#6117));
#5965=FILL_AREA_STYLE('',(#6118));
#5966=FILL_AREA_STYLE('',(#6119));
#5967=FILL_AREA_STYLE('',(#6120));
#5968=FILL_AREA_STYLE('',(#6121));
#5969=FILL_AREA_STYLE('',(#6122));
#5970=FILL_AREA_STYLE('',(#6123));
#5971=FILL_AREA_STYLE('',(#6124));
#5972=FILL_AREA_STYLE('',(#6125));
#5973=FILL_AREA_STYLE('',(#6126));
#5974=FILL_AREA_STYLE('',(#6127));
#5975=FILL_AREA_STYLE('',(#6128));
#5976=FILL_AREA_STYLE('',(#6129));
#5977=FILL_AREA_STYLE('',(#6130));
#5978=FILL_AREA_STYLE('',(#6131));
#5979=FILL_AREA_STYLE('',(#6132));
#5980=FILL_AREA_STYLE('',(#6133));
#5981=FILL_AREA_STYLE('',(#6134));
#5982=FILL_AREA_STYLE('',(#6135));
#5983=FILL_AREA_STYLE('',(#6136));
#5984=FILL_AREA_STYLE('',(#6137));
#5985=FILL_AREA_STYLE('',(#6138));
#5986=FILL_AREA_STYLE('',(#6139));
#5987=FILL_AREA_STYLE('',(#6140));
#5988=FILL_AREA_STYLE('',(#6141));
#5989=FILL_AREA_STYLE('',(#6142));
#5990=FILL_AREA_STYLE('',(#6143));
#5991=FILL_AREA_STYLE('',(#6144));
#5992=FILL_AREA_STYLE('',(#6145));
#5993=FILL_AREA_STYLE('',(#6146));
#5994=FILL_AREA_STYLE('',(#6147));
#5995=FILL_AREA_STYLE('',(#6148));
#5996=FILL_AREA_STYLE('',(#6149));
#5997=FILL_AREA_STYLE('',(#6150));
#5998=FILL_AREA_STYLE('',(#6151));
#5999=FILL_AREA_STYLE('',(#6152));
#6000=FILL_AREA_STYLE('',(#6153));
#6001=FILL_AREA_STYLE('',(#6154));
#6002=FILL_AREA_STYLE('',(#6155));
#6003=FILL_AREA_STYLE('',(#6156));
#6004=FILL_AREA_STYLE('',(#6157));
#6005=FILL_AREA_STYLE('',(#6158));
#6006=FILL_AREA_STYLE('',(#6159));
#6007=FILL_AREA_STYLE('',(#6160));
#6008=FILL_AREA_STYLE('',(#6161));
#6009=FILL_AREA_STYLE('',(#6162));
#6010=FILL_AREA_STYLE('',(#6163));
#6011=FILL_AREA_STYLE('',(#6164));
#6012=FILL_AREA_STYLE('',(#6165));
#6013=FILL_AREA_STYLE('',(#6166));
#6014=FILL_AREA_STYLE('',(#6167));
#6015=FILL_AREA_STYLE('',(#6168));
#6016=FILL_AREA_STYLE('',(#6169));
#6017=FILL_AREA_STYLE('',(#6170));
#6018=FILL_AREA_STYLE('',(#6171));
#6019=FILL_AREA_STYLE('',(#6172));
#6020=FILL_AREA_STYLE('',(#6173));
#6021=FILL_AREA_STYLE('',(#6174));
#6022=FILL_AREA_STYLE('',(#6175));
#6023=FILL_AREA_STYLE('',(#6176));
#6024=FILL_AREA_STYLE('',(#6177));
#6025=FILL_AREA_STYLE('',(#6178));
#6026=FILL_AREA_STYLE('',(#6179));
#6027=FILL_AREA_STYLE('',(#6180));
#6028=FILL_AREA_STYLE('',(#6181));
#6029=FILL_AREA_STYLE('',(#6182));
#6030=FILL_AREA_STYLE('',(#6183));
#6031=FILL_AREA_STYLE('',(#6184));
#6032=FILL_AREA_STYLE('',(#6185));
#6033=FILL_AREA_STYLE('',(#6186));
#6034=FILL_AREA_STYLE('',(#6187));
#6035=FILL_AREA_STYLE('',(#6188));
#6036=FILL_AREA_STYLE('',(#6189));
#6037=FILL_AREA_STYLE('',(#6190));
#6038=FILL_AREA_STYLE('',(#6191));
#6039=FILL_AREA_STYLE('',(#6192));
#6040=FILL_AREA_STYLE('',(#6193));
#6041=FILL_AREA_STYLE('',(#6194));
#6042=FILL_AREA_STYLE('',(#6195));
#6043=FILL_AREA_STYLE('',(#6196));
#6044=FILL_AREA_STYLE('',(#6197));
#6045=FILL_AREA_STYLE('',(#6198));
#6046=FILL_AREA_STYLE('',(#6199));
#6047=FILL_AREA_STYLE('',(#6200));
#6048=FILL_AREA_STYLE('',(#6201));
#6049=FILL_AREA_STYLE('',(#6202));
#6050=FILL_AREA_STYLE('',(#6203));
#6051=FILL_AREA_STYLE('',(#6204));
#6052=FILL_AREA_STYLE('',(#6205));
#6053=FILL_AREA_STYLE('',(#6206));
#6054=FILL_AREA_STYLE('',(#6207));
#6055=FILL_AREA_STYLE('',(#6208));
#6056=FILL_AREA_STYLE('',(#6209));
#6057=FILL_AREA_STYLE_COLOUR('',#6210);
#6058=FILL_AREA_STYLE_COLOUR('',#6211);
#6059=FILL_AREA_STYLE_COLOUR('',#6211);
#6060=FILL_AREA_STYLE_COLOUR('',#6211);
#6061=FILL_AREA_STYLE_COLOUR('',#6211);
#6062=FILL_AREA_STYLE_COLOUR('',#6211);
#6063=FILL_AREA_STYLE_COLOUR('',#6211);
#6064=FILL_AREA_STYLE_COLOUR('',#6211);
#6065=FILL_AREA_STYLE_COLOUR('',#6211);
#6066=FILL_AREA_STYLE_COLOUR('',#6211);
#6067=FILL_AREA_STYLE_COLOUR('',#6211);
#6068=FILL_AREA_STYLE_COLOUR('',#6211);
#6069=FILL_AREA_STYLE_COLOUR('',#6211);
#6070=FILL_AREA_STYLE_COLOUR('',#6211);
#6071=FILL_AREA_STYLE_COLOUR('',#6211);
#6072=FILL_AREA_STYLE_COLOUR('',#6211);
#6073=FILL_AREA_STYLE_COLOUR('',#6211);
#6074=FILL_AREA_STYLE_COLOUR('',#6211);
#6075=FILL_AREA_STYLE_COLOUR('',#6211);
#6076=FILL_AREA_STYLE_COLOUR('',#6211);
#6077=FILL_AREA_STYLE_COLOUR('',#6211);
#6078=FILL_AREA_STYLE_COLOUR('',#6211);
#6079=FILL_AREA_STYLE_COLOUR('',#6211);
#6080=FILL_AREA_STYLE_COLOUR('',#6211);
#6081=FILL_AREA_STYLE_COLOUR('',#6211);
#6082=FILL_AREA_STYLE_COLOUR('',#6211);
#6083=FILL_AREA_STYLE_COLOUR('',#6211);
#6084=FILL_AREA_STYLE_COLOUR('',#6211);
#6085=FILL_AREA_STYLE_COLOUR('',#6211);
#6086=FILL_AREA_STYLE_COLOUR('',#6211);
#6087=FILL_AREA_STYLE_COLOUR('',#6211);
#6088=FILL_AREA_STYLE_COLOUR('',#6211);
#6089=FILL_AREA_STYLE_COLOUR('',#6211);
#6090=FILL_AREA_STYLE_COLOUR('',#6211);
#6091=FILL_AREA_STYLE_COLOUR('',#6211);
#6092=FILL_AREA_STYLE_COLOUR('',#6211);
#6093=FILL_AREA_STYLE_COLOUR('',#6211);
#6094=FILL_AREA_STYLE_COLOUR('',#6211);
#6095=FILL_AREA_STYLE_COLOUR('',#6211);
#6096=FILL_AREA_STYLE_COLOUR('',#6211);
#6097=FILL_AREA_STYLE_COLOUR('',#6211);
#6098=FILL_AREA_STYLE_COLOUR('',#6211);
#6099=FILL_AREA_STYLE_COLOUR('',#6211);
#6100=FILL_AREA_STYLE_COLOUR('',#6211);
#6101=FILL_AREA_STYLE_COLOUR('',#6211);
#6102=FILL_AREA_STYLE_COLOUR('',#6211);
#6103=FILL_AREA_STYLE_COLOUR('',#6211);
#6104=FILL_AREA_STYLE_COLOUR('',#6212);
#6105=FILL_AREA_STYLE_COLOUR('',#6212);
#6106=FILL_AREA_STYLE_COLOUR('',#6212);
#6107=FILL_AREA_STYLE_COLOUR('',#6212);
#6108=FILL_AREA_STYLE_COLOUR('',#6212);
#6109=FILL_AREA_STYLE_COLOUR('',#6212);
#6110=FILL_AREA_STYLE_COLOUR('',#6212);
#6111=FILL_AREA_STYLE_COLOUR('',#6212);
#6112=FILL_AREA_STYLE_COLOUR('',#6212);
#6113=FILL_AREA_STYLE_COLOUR('',#6212);
#6114=FILL_AREA_STYLE_COLOUR('',#6212);
#6115=FILL_AREA_STYLE_COLOUR('',#6212);
#6116=FILL_AREA_STYLE_COLOUR('',#6212);
#6117=FILL_AREA_STYLE_COLOUR('',#6212);
#6118=FILL_AREA_STYLE_COLOUR('',#6212);
#6119=FILL_AREA_STYLE_COLOUR('',#6212);
#6120=FILL_AREA_STYLE_COLOUR('',#6211);
#6121=FILL_AREA_STYLE_COLOUR('',#6211);
#6122=FILL_AREA_STYLE_COLOUR('',#6211);
#6123=FILL_AREA_STYLE_COLOUR('',#6211);
#6124=FILL_AREA_STYLE_COLOUR('',#6211);
#6125=FILL_AREA_STYLE_COLOUR('',#6211);
#6126=FILL_AREA_STYLE_COLOUR('',#6211);
#6127=FILL_AREA_STYLE_COLOUR('',#6211);
#6128=FILL_AREA_STYLE_COLOUR('',#6211);
#6129=FILL_AREA_STYLE_COLOUR('',#6211);
#6130=FILL_AREA_STYLE_COLOUR('',#6211);
#6131=FILL_AREA_STYLE_COLOUR('',#6211);
#6132=FILL_AREA_STYLE_COLOUR('',#6211);
#6133=FILL_AREA_STYLE_COLOUR('',#6211);
#6134=FILL_AREA_STYLE_COLOUR('',#6211);
#6135=FILL_AREA_STYLE_COLOUR('',#6211);
#6136=FILL_AREA_STYLE_COLOUR('',#6211);
#6137=FILL_AREA_STYLE_COLOUR('',#6211);
#6138=FILL_AREA_STYLE_COLOUR('',#6211);
#6139=FILL_AREA_STYLE_COLOUR('',#6211);
#6140=FILL_AREA_STYLE_COLOUR('',#6211);
#6141=FILL_AREA_STYLE_COLOUR('',#6211);
#6142=FILL_AREA_STYLE_COLOUR('',#6211);
#6143=FILL_AREA_STYLE_COLOUR('',#6211);
#6144=FILL_AREA_STYLE_COLOUR('',#6211);
#6145=FILL_AREA_STYLE_COLOUR('',#6211);
#6146=FILL_AREA_STYLE_COLOUR('',#6211);
#6147=FILL_AREA_STYLE_COLOUR('',#6211);
#6148=FILL_AREA_STYLE_COLOUR('',#6211);
#6149=FILL_AREA_STYLE_COLOUR('',#6211);
#6150=FILL_AREA_STYLE_COLOUR('',#6212);
#6151=FILL_AREA_STYLE_COLOUR('',#6212);
#6152=FILL_AREA_STYLE_COLOUR('',#6212);
#6153=FILL_AREA_STYLE_COLOUR('',#6212);
#6154=FILL_AREA_STYLE_COLOUR('',#6212);
#6155=FILL_AREA_STYLE_COLOUR('',#6212);
#6156=FILL_AREA_STYLE_COLOUR('',#6212);
#6157=FILL_AREA_STYLE_COLOUR('',#6212);
#6158=FILL_AREA_STYLE_COLOUR('',#6212);
#6159=FILL_AREA_STYLE_COLOUR('',#6212);
#6160=FILL_AREA_STYLE_COLOUR('',#6212);
#6161=FILL_AREA_STYLE_COLOUR('',#6212);
#6162=FILL_AREA_STYLE_COLOUR('',#6212);
#6163=FILL_AREA_STYLE_COLOUR('',#6212);
#6164=FILL_AREA_STYLE_COLOUR('',#6212);
#6165=FILL_AREA_STYLE_COLOUR('',#6212);
#6166=FILL_AREA_STYLE_COLOUR('',#6211);
#6167=FILL_AREA_STYLE_COLOUR('',#6211);
#6168=FILL_AREA_STYLE_COLOUR('',#6211);
#6169=FILL_AREA_STYLE_COLOUR('',#6211);
#6170=FILL_AREA_STYLE_COLOUR('',#6211);
#6171=FILL_AREA_STYLE_COLOUR('',#6211);
#6172=FILL_AREA_STYLE_COLOUR('',#6211);
#6173=FILL_AREA_STYLE_COLOUR('',#6211);
#6174=FILL_AREA_STYLE_COLOUR('',#6211);
#6175=FILL_AREA_STYLE_COLOUR('',#6211);
#6176=FILL_AREA_STYLE_COLOUR('',#6211);
#6177=FILL_AREA_STYLE_COLOUR('',#6211);
#6178=FILL_AREA_STYLE_COLOUR('',#6211);
#6179=FILL_AREA_STYLE_COLOUR('',#6211);
#6180=FILL_AREA_STYLE_COLOUR('',#6211);
#6181=FILL_AREA_STYLE_COLOUR('',#6211);
#6182=FILL_AREA_STYLE_COLOUR('',#6211);
#6183=FILL_AREA_STYLE_COLOUR('',#6211);
#6184=FILL_AREA_STYLE_COLOUR('',#6211);
#6185=FILL_AREA_STYLE_COLOUR('',#6211);
#6186=FILL_AREA_STYLE_COLOUR('',#6211);
#6187=FILL_AREA_STYLE_COLOUR('',#6211);
#6188=FILL_AREA_STYLE_COLOUR('',#6211);
#6189=FILL_AREA_STYLE_COLOUR('',#6211);
#6190=FILL_AREA_STYLE_COLOUR('',#6211);
#6191=FILL_AREA_STYLE_COLOUR('',#6211);
#6192=FILL_AREA_STYLE_COLOUR('',#6211);
#6193=FILL_AREA_STYLE_COLOUR('',#6211);
#6194=FILL_AREA_STYLE_COLOUR('',#6211);
#6195=FILL_AREA_STYLE_COLOUR('',#6211);
#6196=FILL_AREA_STYLE_COLOUR('',#6211);
#6197=FILL_AREA_STYLE_COLOUR('',#6211);
#6198=FILL_AREA_STYLE_COLOUR('',#6211);
#6199=FILL_AREA_STYLE_COLOUR('',#6211);
#6200=FILL_AREA_STYLE_COLOUR('',#6211);
#6201=FILL_AREA_STYLE_COLOUR('',#6211);
#6202=FILL_AREA_STYLE_COLOUR('',#6211);
#6203=FILL_AREA_STYLE_COLOUR('',#6211);
#6204=FILL_AREA_STYLE_COLOUR('',#6211);
#6205=FILL_AREA_STYLE_COLOUR('',#6211);
#6206=FILL_AREA_STYLE_COLOUR('',#6211);
#6207=FILL_AREA_STYLE_COLOUR('',#6211);
#6208=FILL_AREA_STYLE_COLOUR('',#6211);
#6209=FILL_AREA_STYLE_COLOUR('',#6211);
#6210=COLOUR_RGB('',0.301960784313725,0.301960784313725,0.301960784313725);
#6211=COLOUR_RGB('',0.858823529411765,0.737254901960784,0.494117647058824);
#6212=COLOUR_RGB('',0.8,0.8,0.8);
#6213=MANIFOLD_SOLID_BREP('TF13BA-6S-0_4SH',#5290);
#6214=SHAPE_DEFINITION_REPRESENTATION(#9354,#6215);
#6215=SHAPE_REPRESENTATION('TF13BA-6S-0_4SH',(#6216),#9349);
#6216=AXIS2_PLACEMENT_3D('',#7866,#6546,#6547);
#6217=AXIS2_PLACEMENT_3D('',#7867,#6548,#6549);
#6218=AXIS2_PLACEMENT_3D('',#7871,#6551,#6552);
#6219=AXIS2_PLACEMENT_3D('',#7875,#6554,#6555);
#6220=AXIS2_PLACEMENT_3D('',#7876,#6556,#6557);
#6221=AXIS2_PLACEMENT_3D('',#7880,#6559,#6560);
#6222=AXIS2_PLACEMENT_3D('',#7884,#6562,#6563);
#6223=AXIS2_PLACEMENT_3D('',#7885,#6564,#6565);
#6224=AXIS2_PLACEMENT_3D('',#7891,#6569,#6570);
#6225=AXIS2_PLACEMENT_3D('',#7895,#6572,#6573);
#6226=AXIS2_PLACEMENT_3D('',#7896,#6574,#6575);
#6227=AXIS2_PLACEMENT_3D('',#7897,#6576,#6577);
#6228=AXIS2_PLACEMENT_3D('',#7906,#6582,#6583);
#6229=AXIS2_PLACEMENT_3D('',#7907,#6584,#6585);
#6230=AXIS2_PLACEMENT_3D('',#7911,#6587,#6588);
#6231=AXIS2_PLACEMENT_3D('',#7912,#6589,#6590);
#6232=AXIS2_PLACEMENT_3D('',#7918,#6594,#6595);
#6233=AXIS2_PLACEMENT_3D('',#7919,#6596,#6597);
#6234=AXIS2_PLACEMENT_3D('',#7923,#6599,#6600);
#6235=AXIS2_PLACEMENT_3D('',#7924,#6601,#6602);
#6236=AXIS2_PLACEMENT_3D('',#7930,#6606,#6607);
#6237=AXIS2_PLACEMENT_3D('',#7936,#6611,#6612);
#6238=AXIS2_PLACEMENT_3D('',#7937,#6613,#6614);
#6239=AXIS2_PLACEMENT_3D('',#7941,#6616,#6617);
#6240=AXIS2_PLACEMENT_3D('',#7942,#6618,#6619);
#6241=AXIS2_PLACEMENT_3D('',#7948,#6623,#6624);
#6242=AXIS2_PLACEMENT_3D('',#7954,#6628,#6629);
#6243=AXIS2_PLACEMENT_3D('',#7959,#6633,#6634);
#6244=AXIS2_PLACEMENT_3D('',#7961,#6636,#6637);
#6245=AXIS2_PLACEMENT_3D('',#7965,#6640,#6641);
#6246=AXIS2_PLACEMENT_3D('',#7969,#6643,#6644);
#6247=AXIS2_PLACEMENT_3D('',#7973,#6646,#6647);
#6248=AXIS2_PLACEMENT_3D('',#7974,#6648,#6649);
#6249=AXIS2_PLACEMENT_3D('',#7980,#6653,#6654);
#6250=AXIS2_PLACEMENT_3D('',#7984,#6656,#6657);
#6251=AXIS2_PLACEMENT_3D('',#7985,#6658,#6659);
#6252=AXIS2_PLACEMENT_3D('',#7986,#6660,#6661);
#6253=AXIS2_PLACEMENT_3D('',#7995,#6666,#6667);
#6254=AXIS2_PLACEMENT_3D('',#7996,#6668,#6669);
#6255=AXIS2_PLACEMENT_3D('',#8000,#6671,#6672);
#6256=AXIS2_PLACEMENT_3D('',#8001,#6673,#6674);
#6257=AXIS2_PLACEMENT_3D('',#8007,#6678,#6679);
#6258=AXIS2_PLACEMENT_3D('',#8008,#6680,#6681);
#6259=AXIS2_PLACEMENT_3D('',#8012,#6683,#6684);
#6260=AXIS2_PLACEMENT_3D('',#8013,#6685,#6686);
#6261=AXIS2_PLACEMENT_3D('',#8019,#6690,#6691);
#6262=AXIS2_PLACEMENT_3D('',#8025,#6695,#6696);
#6263=AXIS2_PLACEMENT_3D('',#8026,#6697,#6698);
#6264=AXIS2_PLACEMENT_3D('',#8030,#6700,#6701);
#6265=AXIS2_PLACEMENT_3D('',#8031,#6702,#6703);
#6266=AXIS2_PLACEMENT_3D('',#8037,#6707,#6708);
#6267=AXIS2_PLACEMENT_3D('',#8043,#6712,#6713);
#6268=AXIS2_PLACEMENT_3D('',#8048,#6717,#6718);
#6269=AXIS2_PLACEMENT_3D('',#8050,#6720,#6721);
#6270=AXIS2_PLACEMENT_3D('',#8054,#6724,#6725);
#6271=AXIS2_PLACEMENT_3D('',#8063,#6730,#6731);
#6272=AXIS2_PLACEMENT_3D('',#8069,#6735,#6736);
#6273=AXIS2_PLACEMENT_3D('',#8075,#6740,#6741);
#6274=AXIS2_PLACEMENT_3D('',#8082,#6746,#6747);
#6275=AXIS2_PLACEMENT_3D('',#8088,#6751,#6752);
#6276=AXIS2_PLACEMENT_3D('',#8094,#6756,#6757);
#6277=AXIS2_PLACEMENT_3D('',#8100,#6761,#6762);
#6278=AXIS2_PLACEMENT_3D('',#8106,#6766,#6767);
#6279=AXIS2_PLACEMENT_3D('',#8112,#6771,#6772);
#6280=AXIS2_PLACEMENT_3D('',#8119,#6777,#6778);
#6281=AXIS2_PLACEMENT_3D('',#8125,#6782,#6783);
#6282=AXIS2_PLACEMENT_3D('',#8131,#6787,#6788);
#6283=AXIS2_PLACEMENT_3D('',#8140,#6793,#6794);
#6284=AXIS2_PLACEMENT_3D('',#8141,#6795,#6796);
#6285=AXIS2_PLACEMENT_3D('',#8143,#6797,#6798);
#6286=AXIS2_PLACEMENT_3D('',#8146,#6800,#6801);
#6287=AXIS2_PLACEMENT_3D('',#8152,#6805,#6806);
#6288=AXIS2_PLACEMENT_3D('',#8158,#6810,#6811);
#6289=AXIS2_PLACEMENT_3D('',#8159,#6812,#6813);
#6290=AXIS2_PLACEMENT_3D('',#8161,#6814,#6815);
#6291=AXIS2_PLACEMENT_3D('',#8164,#6817,#6818);
#6292=AXIS2_PLACEMENT_3D('',#8170,#6822,#6823);
#6293=AXIS2_PLACEMENT_3D('',#8171,#6824,#6825);
#6294=AXIS2_PLACEMENT_3D('',#8173,#6826,#6827);
#6295=AXIS2_PLACEMENT_3D('',#8176,#6829,#6830);
#6296=AXIS2_PLACEMENT_3D('',#8182,#6834,#6835);
#6297=AXIS2_PLACEMENT_3D('',#8183,#6836,#6837);
#6298=AXIS2_PLACEMENT_3D('',#8188,#6839,#6840);
#6299=AXIS2_PLACEMENT_3D('',#8191,#6842,#6843);
#6300=AXIS2_PLACEMENT_3D('',#8197,#6847,#6848);
#6301=AXIS2_PLACEMENT_3D('',#8198,#6849,#6850);
#6302=AXIS2_PLACEMENT_3D('',#8200,#6851,#6852);
#6303=AXIS2_PLACEMENT_3D('',#8203,#6854,#6855);
#6304=AXIS2_PLACEMENT_3D('',#8210,#6860,#6861);
#6305=AXIS2_PLACEMENT_3D('',#8214,#6864,#6865);
#6306=AXIS2_PLACEMENT_3D('',#8216,#6867,#6868);
#6307=AXIS2_PLACEMENT_3D('',#8220,#6871,#6872);
#6308=AXIS2_PLACEMENT_3D('',#8224,#6874,#6875);
#6309=AXIS2_PLACEMENT_3D('',#8250,#6888,#6889);
#6310=AXIS2_PLACEMENT_3D('',#8251,#6890,#6891);
#6311=AXIS2_PLACEMENT_3D('',#8257,#6895,#6896);
#6312=AXIS2_PLACEMENT_3D('',#8261,#6899,#6900);
#6313=AXIS2_PLACEMENT_3D('',#8265,#6903,#6904);
#6314=AXIS2_PLACEMENT_3D('',#8269,#6907,#6908);
#6315=AXIS2_PLACEMENT_3D('',#8273,#6911,#6912);
#6316=AXIS2_PLACEMENT_3D('',#8277,#6915,#6916);
#6317=AXIS2_PLACEMENT_3D('',#8281,#6919,#6920);
#6318=AXIS2_PLACEMENT_3D('',#8285,#6923,#6924);
#6319=AXIS2_PLACEMENT_3D('',#8289,#6927,#6928);
#6320=AXIS2_PLACEMENT_3D('',#8293,#6931,#6932);
#6321=AXIS2_PLACEMENT_3D('',#8297,#6935,#6936);
#6322=AXIS2_PLACEMENT_3D('',#8301,#6939,#6940);
#6323=AXIS2_PLACEMENT_3D('',#8302,#6941,#6942);
#6324=AXIS2_PLACEMENT_3D('',#8305,#6944,#6945);
#6325=AXIS2_PLACEMENT_3D('',#8306,#6946,#6947);
#6326=AXIS2_PLACEMENT_3D('',#8309,#6949,#6950);
#6327=AXIS2_PLACEMENT_3D('',#8311,#6952,#6953);
#6328=AXIS2_PLACEMENT_3D('',#8320,#6958,#6959);
#6329=AXIS2_PLACEMENT_3D('',#8326,#6963,#6964);
#6330=AXIS2_PLACEMENT_3D('',#8335,#6969,#6970);
#6331=AXIS2_PLACEMENT_3D('',#8344,#6975,#6976);
#6332=AXIS2_PLACEMENT_3D('',#8353,#6981,#6982);
#6333=AXIS2_PLACEMENT_3D('',#8362,#6987,#6988);
#6334=AXIS2_PLACEMENT_3D('',#8366,#6991,#6992);
#6335=AXIS2_PLACEMENT_3D('',#8371,#6995,#6996);
#6336=AXIS2_PLACEMENT_3D('',#8375,#6999,#7000);
#6337=AXIS2_PLACEMENT_3D('',#8378,#7002,#7003);
#6338=AXIS2_PLACEMENT_3D('',#8382,#7006,#7007);
#6339=AXIS2_PLACEMENT_3D('',#8385,#7009,#7010);
#6340=AXIS2_PLACEMENT_3D('',#8388,#7012,#7013);
#6341=AXIS2_PLACEMENT_3D('',#8397,#7018,#7019);
#6342=AXIS2_PLACEMENT_3D('',#8403,#7024,#7025);
#6343=AXIS2_PLACEMENT_3D('',#8407,#7028,#7029);
#6344=AXIS2_PLACEMENT_3D('',#8410,#7031,#7032);
#6345=AXIS2_PLACEMENT_3D('',#8414,#7035,#7036);
#6346=AXIS2_PLACEMENT_3D('',#8417,#7038,#7039);
#6347=AXIS2_PLACEMENT_3D('',#8420,#7041,#7042);
#6348=AXIS2_PLACEMENT_3D('',#8429,#7047,#7048);
#6349=AXIS2_PLACEMENT_3D('',#8435,#7053,#7054);
#6350=AXIS2_PLACEMENT_3D('',#8439,#7057,#7058);
#6351=AXIS2_PLACEMENT_3D('',#8442,#7060,#7061);
#6352=AXIS2_PLACEMENT_3D('',#8446,#7064,#7065);
#6353=AXIS2_PLACEMENT_3D('',#8455,#7070,#7071);
#6354=AXIS2_PLACEMENT_3D('',#8464,#7076,#7077);
#6355=AXIS2_PLACEMENT_3D('',#8470,#7081,#7082);
#6356=AXIS2_PLACEMENT_3D('',#8474,#7085,#7086);
#6357=AXIS2_PLACEMENT_3D('',#8478,#7089,#7090);
#6358=AXIS2_PLACEMENT_3D('',#8487,#7095,#7096);
#6359=AXIS2_PLACEMENT_3D('',#8493,#7100,#7101);
#6360=AXIS2_PLACEMENT_3D('',#8499,#7105,#7106);
#6361=AXIS2_PLACEMENT_3D('',#8505,#7110,#7111);
#6362=AXIS2_PLACEMENT_3D('',#8511,#7115,#7116);
#6363=AXIS2_PLACEMENT_3D('',#8517,#7120,#7121);
#6364=AXIS2_PLACEMENT_3D('',#8523,#7125,#7126);
#6365=AXIS2_PLACEMENT_3D('',#8529,#7130,#7131);
#6366=AXIS2_PLACEMENT_3D('',#8535,#7135,#7136);
#6367=AXIS2_PLACEMENT_3D('',#8544,#7141,#7142);
#6368=AXIS2_PLACEMENT_3D('',#8553,#7147,#7148);
#6369=AXIS2_PLACEMENT_3D('',#8557,#7150,#7151);
#6370=AXIS2_PLACEMENT_3D('',#8561,#7153,#7154);
#6371=AXIS2_PLACEMENT_3D('',#8562,#7155,#7156);
#6372=AXIS2_PLACEMENT_3D('',#8571,#7162,#7163);
#6373=AXIS2_PLACEMENT_3D('',#8577,#7167,#7168);
#6374=AXIS2_PLACEMENT_3D('',#8581,#7171,#7172);
#6375=AXIS2_PLACEMENT_3D('',#8584,#7174,#7175);
#6376=AXIS2_PLACEMENT_3D('',#8588,#7178,#7179);
#6377=AXIS2_PLACEMENT_3D('',#8593,#7182,#7183);
#6378=AXIS2_PLACEMENT_3D('',#8594,#7184,#7185);
#6379=AXIS2_PLACEMENT_3D('',#8603,#7191,#7192);
#6380=AXIS2_PLACEMENT_3D('',#8609,#7196,#7197);
#6381=AXIS2_PLACEMENT_3D('',#8613,#7200,#7201);
#6382=AXIS2_PLACEMENT_3D('',#8616,#7203,#7204);
#6383=AXIS2_PLACEMENT_3D('',#8620,#7207,#7208);
#6384=AXIS2_PLACEMENT_3D('',#8623,#7210,#7211);
#6385=AXIS2_PLACEMENT_3D('',#8626,#7213,#7214);
#6386=AXIS2_PLACEMENT_3D('',#8636,#7221,#7222);
#6387=AXIS2_PLACEMENT_3D('',#8642,#7226,#7227);
#6388=AXIS2_PLACEMENT_3D('',#8651,#7233,#7234);
#6389=AXIS2_PLACEMENT_3D('',#8660,#7239,#7240);
#6390=AXIS2_PLACEMENT_3D('',#8664,#7244,#7245);
#6391=AXIS2_PLACEMENT_3D('',#8666,#7247,#7248);
#6392=AXIS2_PLACEMENT_3D('',#8669,#7250,#7251);
#6393=AXIS2_PLACEMENT_3D('',#8672,#7253,#7254);
#6394=AXIS2_PLACEMENT_3D('',#8675,#7257,#7258);
#6395=AXIS2_PLACEMENT_3D('',#8679,#7261,#7262);
#6396=AXIS2_PLACEMENT_3D('',#8680,#7263,#7264);
#6397=AXIS2_PLACEMENT_3D('',#8683,#7266,#7267);
#6398=AXIS2_PLACEMENT_3D('',#8689,#7272,#7273);
#6399=AXIS2_PLACEMENT_3D('',#8693,#7276,#7277);
#6400=AXIS2_PLACEMENT_3D('',#8695,#7279,#7280);
#6401=AXIS2_PLACEMENT_3D('',#8704,#7285,#7286);
#6402=AXIS2_PLACEMENT_3D('',#8713,#7291,#7292);
#6403=AXIS2_PLACEMENT_3D('',#8714,#7293,#7294);
#6404=AXIS2_PLACEMENT_3D('',#8741,#7307,#7308);
#6405=AXIS2_PLACEMENT_3D('',#8744,#7310,#7311);
#6406=AXIS2_PLACEMENT_3D('',#8749,#7314,#7315);
#6407=AXIS2_PLACEMENT_3D('',#8750,#7316,#7317);
#6408=AXIS2_PLACEMENT_3D('',#8754,#7320,#7321);
#6409=AXIS2_PLACEMENT_3D('',#8758,#7324,#7325);
#6410=AXIS2_PLACEMENT_3D('',#8762,#7328,#7329);
#6411=AXIS2_PLACEMENT_3D('',#8766,#7332,#7333);
#6412=AXIS2_PLACEMENT_3D('',#8770,#7336,#7337);
#6413=AXIS2_PLACEMENT_3D('',#8774,#7340,#7341);
#6414=AXIS2_PLACEMENT_3D('',#8778,#7344,#7345);
#6415=AXIS2_PLACEMENT_3D('',#8782,#7348,#7349);
#6416=AXIS2_PLACEMENT_3D('',#8786,#7352,#7353);
#6417=AXIS2_PLACEMENT_3D('',#8790,#7356,#7357);
#6418=AXIS2_PLACEMENT_3D('',#8794,#7360,#7361);
#6419=AXIS2_PLACEMENT_3D('',#8798,#7364,#7365);
#6420=AXIS2_PLACEMENT_3D('',#8801,#7367,#7368);
#6421=AXIS2_PLACEMENT_3D('',#8802,#7369,#7370);
#6422=AXIS2_PLACEMENT_3D('',#8804,#7372,#7373);
#6423=AXIS2_PLACEMENT_3D('',#8813,#7378,#7379);
#6424=AXIS2_PLACEMENT_3D('',#8819,#7383,#7384);
#6425=AXIS2_PLACEMENT_3D('',#8825,#7388,#7389);
#6426=AXIS2_PLACEMENT_3D('',#8831,#7393,#7394);
#6427=AXIS2_PLACEMENT_3D('',#8836,#7398,#7399);
#6428=AXIS2_PLACEMENT_3D('',#8840,#7402,#7403);
#6429=AXIS2_PLACEMENT_3D('',#8847,#7408,#7409);
#6430=AXIS2_PLACEMENT_3D('',#8853,#7413,#7414);
#6431=AXIS2_PLACEMENT_3D('',#8863,#7420,#7421);
#6432=AXIS2_PLACEMENT_3D('',#8867,#7424,#7425);
#6433=AXIS2_PLACEMENT_3D('',#8871,#7428,#7429);
#6434=AXIS2_PLACEMENT_3D('',#8875,#7432,#7433);
#6435=AXIS2_PLACEMENT_3D('',#8879,#7436,#7437);
#6436=AXIS2_PLACEMENT_3D('',#8891,#7444,#7445);
#6437=AXIS2_PLACEMENT_3D('',#8897,#7449,#7450);
#6438=AXIS2_PLACEMENT_3D('',#8903,#7454,#7455);
#6439=AXIS2_PLACEMENT_3D('',#8912,#7460,#7461);
#6440=AXIS2_PLACEMENT_3D('',#8913,#7462,#7463);
#6441=AXIS2_PLACEMENT_3D('',#8915,#7464,#7465);
#6442=AXIS2_PLACEMENT_3D('',#8918,#7467,#7468);
#6443=AXIS2_PLACEMENT_3D('',#8924,#7472,#7473);
#6444=AXIS2_PLACEMENT_3D('',#8930,#7477,#7478);
#6445=AXIS2_PLACEMENT_3D('',#8931,#7479,#7480);
#6446=AXIS2_PLACEMENT_3D('',#8933,#7481,#7482);
#6447=AXIS2_PLACEMENT_3D('',#8936,#7484,#7485);
#6448=AXIS2_PLACEMENT_3D('',#8942,#7489,#7490);
#6449=AXIS2_PLACEMENT_3D('',#8943,#7491,#7492);
#6450=AXIS2_PLACEMENT_3D('',#8945,#7493,#7494);
#6451=AXIS2_PLACEMENT_3D('',#8948,#7496,#7497);
#6452=AXIS2_PLACEMENT_3D('',#8954,#7501,#7502);
#6453=AXIS2_PLACEMENT_3D('',#8955,#7503,#7504);
#6454=AXIS2_PLACEMENT_3D('',#8960,#7506,#7507);
#6455=AXIS2_PLACEMENT_3D('',#8963,#7509,#7510);
#6456=AXIS2_PLACEMENT_3D('',#8969,#7514,#7515);
#6457=AXIS2_PLACEMENT_3D('',#8970,#7516,#7517);
#6458=AXIS2_PLACEMENT_3D('',#8972,#7518,#7519);
#6459=AXIS2_PLACEMENT_3D('',#8975,#7521,#7522);
#6460=AXIS2_PLACEMENT_3D('',#8982,#7527,#7528);
#6461=AXIS2_PLACEMENT_3D('',#8986,#7531,#7532);
#6462=AXIS2_PLACEMENT_3D('',#8988,#7534,#7535);
#6463=AXIS2_PLACEMENT_3D('',#8992,#7538,#7539);
#6464=AXIS2_PLACEMENT_3D('',#8999,#7544,#7545);
#6465=AXIS2_PLACEMENT_3D('',#9005,#7549,#7550);
#6466=AXIS2_PLACEMENT_3D('',#9011,#7554,#7555);
#6467=AXIS2_PLACEMENT_3D('',#9017,#7559,#7560);
#6468=AXIS2_PLACEMENT_3D('',#9023,#7564,#7565);
#6469=AXIS2_PLACEMENT_3D('',#9029,#7569,#7570);
#6470=AXIS2_PLACEMENT_3D('',#9036,#7575,#7576);
#6471=AXIS2_PLACEMENT_3D('',#9042,#7580,#7581);
#6472=AXIS2_PLACEMENT_3D('',#9048,#7585,#7586);
#6473=AXIS2_PLACEMENT_3D('',#9054,#7590,#7591);
#6474=AXIS2_PLACEMENT_3D('',#9060,#7595,#7596);
#6475=AXIS2_PLACEMENT_3D('',#9066,#7600,#7601);
#6476=AXIS2_PLACEMENT_3D('',#9075,#7606,#7607);
#6477=AXIS2_PLACEMENT_3D('',#9076,#7608,#7609);
#6478=AXIS2_PLACEMENT_3D('',#9078,#7610,#7611);
#6479=AXIS2_PLACEMENT_3D('',#9081,#7613,#7614);
#6480=AXIS2_PLACEMENT_3D('',#9087,#7618,#7619);
#6481=AXIS2_PLACEMENT_3D('',#9093,#7623,#7624);
#6482=AXIS2_PLACEMENT_3D('',#9094,#7625,#7626);
#6483=AXIS2_PLACEMENT_3D('',#9096,#7627,#7628);
#6484=AXIS2_PLACEMENT_3D('',#9099,#7630,#7631);
#6485=AXIS2_PLACEMENT_3D('',#9105,#7635,#7636);
#6486=AXIS2_PLACEMENT_3D('',#9106,#7637,#7638);
#6487=AXIS2_PLACEMENT_3D('',#9108,#7639,#7640);
#6488=AXIS2_PLACEMENT_3D('',#9111,#7642,#7643);
#6489=AXIS2_PLACEMENT_3D('',#9117,#7647,#7648);
#6490=AXIS2_PLACEMENT_3D('',#9118,#7649,#7650);
#6491=AXIS2_PLACEMENT_3D('',#9123,#7652,#7653);
#6492=AXIS2_PLACEMENT_3D('',#9126,#7655,#7656);
#6493=AXIS2_PLACEMENT_3D('',#9132,#7660,#7661);
#6494=AXIS2_PLACEMENT_3D('',#9133,#7662,#7663);
#6495=AXIS2_PLACEMENT_3D('',#9135,#7664,#7665);
#6496=AXIS2_PLACEMENT_3D('',#9138,#7667,#7668);
#6497=AXIS2_PLACEMENT_3D('',#9145,#7673,#7674);
#6498=AXIS2_PLACEMENT_3D('',#9149,#7677,#7678);
#6499=AXIS2_PLACEMENT_3D('',#9151,#7680,#7681);
#6500=AXIS2_PLACEMENT_3D('',#9155,#7684,#7685);
#6501=AXIS2_PLACEMENT_3D('',#9162,#7690,#7691);
#6502=AXIS2_PLACEMENT_3D('',#9168,#7695,#7696);
#6503=AXIS2_PLACEMENT_3D('',#9174,#7700,#7701);
#6504=AXIS2_PLACEMENT_3D('',#9177,#7704,#7705);
#6505=AXIS2_PLACEMENT_3D('',#9189,#7712,#7713);
#6506=AXIS2_PLACEMENT_3D('',#9195,#7717,#7718);
#6507=AXIS2_PLACEMENT_3D('',#9199,#7721,#7722);
#6508=AXIS2_PLACEMENT_3D('',#9207,#7727,#7728);
#6509=AXIS2_PLACEMENT_3D('',#9212,#7732,#7733);
#6510=AXIS2_PLACEMENT_3D('',#9216,#7736,#7737);
#6511=AXIS2_PLACEMENT_3D('',#9218,#7739,#7740);
#6512=AXIS2_PLACEMENT_3D('',#9220,#7742,#7743);
#6513=AXIS2_PLACEMENT_3D('',#9222,#7745,#7746);
#6514=AXIS2_PLACEMENT_3D('',#9234,#7753,#7754);
#6515=AXIS2_PLACEMENT_3D('',#9240,#7758,#7759);
#6516=AXIS2_PLACEMENT_3D('',#9242,#7761,#7762);
#6517=AXIS2_PLACEMENT_3D('',#9250,#7767,#7768);
#6518=AXIS2_PLACEMENT_3D('',#9252,#7770,#7771);
#6519=AXIS2_PLACEMENT_3D('',#9254,#7773,#7774);
#6520=AXIS2_PLACEMENT_3D('',#9256,#7776,#7777);
#6521=AXIS2_PLACEMENT_3D('',#9267,#7784,#7785);
#6522=AXIS2_PLACEMENT_3D('',#9269,#7787,#7788);
#6523=AXIS2_PLACEMENT_3D('',#9271,#7790,#7791);
#6524=AXIS2_PLACEMENT_3D('',#9277,#7795,#7796);
#6525=AXIS2_PLACEMENT_3D('',#9283,#7800,#7801);
#6526=AXIS2_PLACEMENT_3D('',#9284,#7802,#7803);
#6527=AXIS2_PLACEMENT_3D('',#9288,#7805,#7806);
#6528=AXIS2_PLACEMENT_3D('',#9289,#7807,#7808);
#6529=AXIS2_PLACEMENT_3D('',#9295,#7812,#7813);
#6530=AXIS2_PLACEMENT_3D('',#9296,#7814,#7815);
#6531=AXIS2_PLACEMENT_3D('',#9300,#7817,#7818);
#6532=AXIS2_PLACEMENT_3D('',#9301,#7819,#7820);
#6533=AXIS2_PLACEMENT_3D('',#9307,#7824,#7825);
#6534=AXIS2_PLACEMENT_3D('',#9313,#7829,#7830);
#6535=AXIS2_PLACEMENT_3D('',#9314,#7831,#7832);
#6536=AXIS2_PLACEMENT_3D('',#9318,#7834,#7835);
#6537=AXIS2_PLACEMENT_3D('',#9319,#7836,#7837);
#6538=AXIS2_PLACEMENT_3D('',#9325,#7841,#7842);
#6539=AXIS2_PLACEMENT_3D('',#9329,#7844,#7845);
#6540=AXIS2_PLACEMENT_3D('',#9333,#7848,#7849);
#6541=AXIS2_PLACEMENT_3D('',#9337,#7852,#7853);
#6542=AXIS2_PLACEMENT_3D('',#9340,#7855,#7856);
#6543=AXIS2_PLACEMENT_3D('',#9343,#7858,#7859);
#6544=AXIS2_PLACEMENT_3D('',#9345,#7861,#7862);
#6545=AXIS2_PLACEMENT_3D('',#9347,#7864,#7865);
#6546=DIRECTION('',(0.,0.,1.));
#6547=DIRECTION('',(1.,0.,0.));
#6548=DIRECTION('',(-1.,-6.12323399573677E-17,0.));
#6549=DIRECTION('',(-6.12323399573677E-17,1.,0.));
#6550=DIRECTION('',(-1.,-6.12323399573677E-17,0.));
#6551=DIRECTION('',(1.,6.12323399573677E-17,0.));
#6552=DIRECTION('',(6.12323399573677E-17,-1.,0.));
#6553=DIRECTION('',(1.,6.12323399573677E-17,0.));
#6554=DIRECTION('',(-1.,-6.12323399573677E-17,0.));
#6555=DIRECTION('',(0.,0.,-1.));
#6556=DIRECTION('',(-1.,-6.12323399573677E-17,0.));
#6557=DIRECTION('',(-6.12323399573677E-17,1.,0.));
#6558=DIRECTION('',(-1.,-6.12323399573677E-17,0.));
#6559=DIRECTION('',(1.,6.12323399573677E-17,0.));
#6560=DIRECTION('',(6.12323399573677E-17,-1.,0.));
#6561=DIRECTION('',(1.,6.12323399573677E-17,0.));
#6562=DIRECTION('',(-1.,-6.12323399573677E-17,0.));
#6563=DIRECTION('',(0.,0.,-1.));
#6564=DIRECTION('',(-6.12323399573677E-17,1.,0.));
#6565=DIRECTION('',(0.,0.,1.));
#6566=DIRECTION('',(1.,6.12323399573677E-17,0.));
#6567=DIRECTION('',(0.,0.,1.));
#6568=DIRECTION('',(0.,0.,1.));
#6569=DIRECTION('',(-1.,-6.12323399573677E-17,0.));
#6570=DIRECTION('',(-6.12323399573677E-17,1.,0.));
#6571=DIRECTION('',(-1.,-6.12323399573677E-17,0.));
#6572=DIRECTION('',(1.,6.12323399573677E-17,0.));
#6573=DIRECTION('',(0.,0.,1.));
#6574=DIRECTION('',(-1.,-6.12323399573677E-17,0.));
#6575=DIRECTION('',(4.25998738667963E-18,-0.0695708736534583,-0.997577011332506));
#6576=DIRECTION('',(0.,0.,1.));
#6577=DIRECTION('',(1.,6.12323399573677E-17,0.));
#6578=DIRECTION('',(6.12323399573677E-17,-1.,0.));
#6579=DIRECTION('',(-1.,-6.12323399573677E-17,0.));
#6580=DIRECTION('',(6.12323399573677E-17,-1.,0.));
#6581=DIRECTION('',(-1.,-6.12323399573677E-17,0.));
#6582=DIRECTION('',(-1.,-6.12323399573677E-17,0.));
#6583=DIRECTION('',(-6.12323399573677E-17,1.,0.));
#6584=DIRECTION('',(1.,6.12323399573677E-17,0.));
#6585=DIRECTION('',(-4.04687092716288E-20,0.000660904177429846,0.99999978160281));
#6586=DIRECTION('',(1.,6.12323399573677E-17,0.));
#6587=DIRECTION('',(-1.,-6.12323399573677E-17,0.));
#6588=DIRECTION('',(6.12323399573677E-17,-1.,0.));
#6589=DIRECTION('',(-1.47206751021899E-20,0.000240406868534487,-0.999999971102268));
#6590=DIRECTION('',(-6.12323381878919E-17,0.999999971102268,0.000240406868534487));
#6591=DIRECTION('',(6.12323381878919E-17,-0.999999971102268,-0.000240406868534487));
#6592=DIRECTION('',(-1.,-6.12323399573677E-17,0.));
#6593=DIRECTION('',(6.12323381878919E-17,-0.999999971102268,-0.000240406868534536));
#6594=DIRECTION('',(-1.,-6.12323399573677E-17,0.));
#6595=DIRECTION('',(-6.12323399573677E-17,1.,0.));
#6596=DIRECTION('',(1.,6.12323399573677E-17,0.));
#6597=DIRECTION('',(-3.51144410490478E-17,0.573462341525669,0.819231922505402));
#6598=DIRECTION('',(1.,6.12323399573677E-17,0.));
#6599=DIRECTION('',(-1.,-6.12323399573677E-17,0.));
#6600=DIRECTION('',(-5.03840631323006E-20,0.000822834194600107,0.999999661471887));
#6601=DIRECTION('',(3.51171470907888E-17,-0.57350653454104,-0.819200985618747));
#6602=DIRECTION('',(-5.01615932448178E-17,0.819200985618747,-0.57350653454104));
#6603=DIRECTION('',(5.01615932448166E-17,-0.819200985618727,0.573506534541069));
#6604=DIRECTION('',(1.,6.12323399573677E-17,0.));
#6605=DIRECTION('',(-5.01615932448166E-17,0.819200985618727,-0.573506534541069));
#6606=DIRECTION('',(3.30503134806278E-18,-0.0539752580150273,-0.998542273277507));
#6607=DIRECTION('',(-6.1143079939131E-17,0.998542273277507,-0.0539752580150273));
#6608=DIRECTION('',(-6.1143079939131E-17,0.998542273277507,-0.0539752580150273));
#6609=DIRECTION('',(-1.,-6.12323399573677E-17,0.));
#6610=DIRECTION('',(6.1143079939131E-17,-0.998542273277507,0.0539752580150273));
#6611=DIRECTION('',(-1.,-6.12323399573677E-17,0.));
#6612=DIRECTION('',(-6.12323399573677E-17,1.,0.));
#6613=DIRECTION('',(-1.,-6.12323399573677E-17,0.));
#6614=DIRECTION('',(-6.12323399573677E-17,1.,-2.70006239588777E-12));
#6615=DIRECTION('',(1.,6.12323399573677E-17,0.));
#6616=DIRECTION('',(1.,6.12323399573677E-17,0.));
#6617=DIRECTION('',(0.,0.,-1.));
#6618=DIRECTION('',(-6.12323399573677E-17,1.,0.));
#6619=DIRECTION('',(0.,0.,1.));
#6620=DIRECTION('',(0.,0.,1.));
#6621=DIRECTION('',(1.,6.12323399573677E-17,0.));
#6622=DIRECTION('',(0.,0.,1.));
#6623=DIRECTION('',(0.,0.,1.));
#6624=DIRECTION('',(6.12323399573677E-17,-1.,0.));
#6625=DIRECTION('',(-6.12323399573677E-17,1.,0.));
#6626=DIRECTION('',(-6.12323399573677E-17,1.,0.));
#6627=DIRECTION('',(-1.,-6.12323399573677E-17,0.));
#6628=DIRECTION('',(1.,6.12323399573677E-17,0.));
#6629=DIRECTION('',(-6.12323399573677E-17,1.,0.));
#6630=DIRECTION('',(0.,0.,1.));
#6631=DIRECTION('',(6.12323399573677E-17,-1.,0.));
#6632=DIRECTION('',(-6.10839887251335E-17,0.997577240518043,-0.069567587283209));
#6633=DIRECTION('',(-4.25978615453825E-18,0.0695675872831918,0.997577240518044));
#6634=DIRECTION('',(6.10839887251336E-17,-0.997577240518044,0.0695675872831918));
#6635=DIRECTION('',(6.10839887251335E-17,-0.997577240518043,0.069567587283209));
#6636=DIRECTION('',(1.,6.12323399573677E-17,0.));
#6637=DIRECTION('',(-6.12323399573677E-17,1.,0.));
#6638=DIRECTION('',(6.12323399573677E-17,-1.,0.));
#6639=DIRECTION('',(-1.15713282846544E-30,1.88974131851091E-14,1.));
#6640=DIRECTION('',(-1.,-6.12323399573677E-17,0.));
#6641=DIRECTION('',(-6.12323399573677E-17,1.,0.));
#6642=DIRECTION('',(-1.,-6.12323399573677E-17,0.));
#6643=DIRECTION('',(1.,6.12323399573677E-17,0.));
#6644=DIRECTION('',(6.12323399573677E-17,-1.,0.));
#6645=DIRECTION('',(1.,6.12323399573677E-17,0.));
#6646=DIRECTION('',(-1.,-6.12323399573677E-17,0.));
#6647=DIRECTION('',(0.,0.,-1.));
#6648=DIRECTION('',(-6.12323399573677E-17,1.,0.));
#6649=DIRECTION('',(0.,0.,1.));
#6650=DIRECTION('',(1.,6.12323399573677E-17,0.));
#6651=DIRECTION('',(0.,0.,1.));
#6652=DIRECTION('',(0.,0.,1.));
#6653=DIRECTION('',(-1.,-6.12323399573677E-17,0.));
#6654=DIRECTION('',(-6.12323399573677E-17,1.,0.));
#6655=DIRECTION('',(-1.,-6.12323399573677E-17,0.));
#6656=DIRECTION('',(1.,6.12323399573677E-17,0.));
#6657=DIRECTION('',(0.,0.,1.));
#6658=DIRECTION('',(-1.,-6.12323399573677E-17,0.));
#6659=DIRECTION('',(4.25998738667963E-18,-0.0695708736534583,-0.997577011332506));
#6660=DIRECTION('',(0.,0.,1.));
#6661=DIRECTION('',(1.,6.12323399573677E-17,0.));
#6662=DIRECTION('',(6.12323399573677E-17,-1.,0.));
#6663=DIRECTION('',(-1.,-6.12323399573677E-17,0.));
#6664=DIRECTION('',(6.12323399573677E-17,-1.,0.));
#6665=DIRECTION('',(-1.,-6.12323399573677E-17,0.));
#6666=DIRECTION('',(-1.,-6.12323399573677E-17,0.));
#6667=DIRECTION('',(-6.12323399573677E-17,1.,0.));
#6668=DIRECTION('',(1.,6.12323399573677E-17,0.));
#6669=DIRECTION('',(-4.04687092716288E-20,0.000660904177429846,0.99999978160281));
#6670=DIRECTION('',(1.,6.12323399573677E-17,0.));
#6671=DIRECTION('',(-1.,-6.12323399573677E-17,0.));
#6672=DIRECTION('',(6.12323399573677E-17,-1.,0.));
#6673=DIRECTION('',(-1.47206751021899E-20,0.000240406868534487,-0.999999971102268));
#6674=DIRECTION('',(-6.12323381878919E-17,0.999999971102268,0.000240406868534487));
#6675=DIRECTION('',(6.12323381878919E-17,-0.999999971102268,-0.000240406868534487));
#6676=DIRECTION('',(-1.,-6.12323399573677E-17,0.));
#6677=DIRECTION('',(6.12323381878919E-17,-0.999999971102268,-0.000240406868534536));
#6678=DIRECTION('',(-1.,-6.12323399573677E-17,0.));
#6679=DIRECTION('',(-6.12323399573677E-17,1.,0.));
#6680=DIRECTION('',(1.,6.12323399573677E-17,0.));
#6681=DIRECTION('',(-3.51144410490478E-17,0.573462341525669,0.819231922505402));
#6682=DIRECTION('',(1.,6.12323399573677E-17,0.));
#6683=DIRECTION('',(-1.,-6.12323399573677E-17,0.));
#6684=DIRECTION('',(-5.03840631323006E-20,0.000822834194600107,0.999999661471887));
#6685=DIRECTION('',(3.51171470907888E-17,-0.57350653454104,-0.819200985618747));
#6686=DIRECTION('',(-5.01615932448178E-17,0.819200985618747,-0.57350653454104));
#6687=DIRECTION('',(5.01615932448166E-17,-0.819200985618727,0.573506534541069));
#6688=DIRECTION('',(1.,6.12323399573677E-17,0.));
#6689=DIRECTION('',(-5.01615932448166E-17,0.819200985618727,-0.573506534541069));
#6690=DIRECTION('',(3.30503134806278E-18,-0.0539752580150273,-0.998542273277507));
#6691=DIRECTION('',(-6.1143079939131E-17,0.998542273277507,-0.0539752580150273));
#6692=DIRECTION('',(-6.1143079939131E-17,0.998542273277507,-0.0539752580150273));
#6693=DIRECTION('',(-1.,-6.12323399573677E-17,0.));
#6694=DIRECTION('',(6.1143079939131E-17,-0.998542273277507,0.0539752580150273));
#6695=DIRECTION('',(-1.,-6.12323399573677E-17,0.));
#6696=DIRECTION('',(-6.12323399573677E-17,1.,0.));
#6697=DIRECTION('',(-1.,-6.12323399573677E-17,0.));
#6698=DIRECTION('',(-6.12323399573677E-17,1.,-2.70006239588777E-12));
#6699=DIRECTION('',(1.,6.12323399573677E-17,0.));
#6700=DIRECTION('',(1.,6.12323399573677E-17,0.));
#6701=DIRECTION('',(0.,0.,-1.));
#6702=DIRECTION('',(-6.12323399573677E-17,1.,0.));
#6703=DIRECTION('',(0.,0.,1.));
#6704=DIRECTION('',(0.,0.,1.));
#6705=DIRECTION('',(1.,6.12323399573677E-17,0.));
#6706=DIRECTION('',(0.,0.,1.));
#6707=DIRECTION('',(0.,0.,1.));
#6708=DIRECTION('',(6.12323399573677E-17,-1.,0.));
#6709=DIRECTION('',(-6.12323399573677E-17,1.,0.));
#6710=DIRECTION('',(-6.12323399573677E-17,1.,0.));
#6711=DIRECTION('',(-1.,-6.12323399573677E-17,0.));
#6712=DIRECTION('',(1.,6.12323399573677E-17,0.));
#6713=DIRECTION('',(-6.12323399573677E-17,1.,0.));
#6714=DIRECTION('',(0.,0.,1.));
#6715=DIRECTION('',(6.12323399573677E-17,-1.,0.));
#6716=DIRECTION('',(-6.10839887251335E-17,0.997577240518043,-0.0695675872832073));
#6717=DIRECTION('',(-4.25978615453825E-18,0.0695675872831918,0.997577240518044));
#6718=DIRECTION('',(6.10839887251336E-17,-0.997577240518044,0.0695675872831918));
#6719=DIRECTION('',(6.10839887251335E-17,-0.997577240518043,0.0695675872832073));
#6720=DIRECTION('',(1.,6.12323399573677E-17,0.));
#6721=DIRECTION('',(-6.12323399573677E-17,1.,0.));
#6722=DIRECTION('',(6.12323399573677E-17,-1.,0.));
#6723=DIRECTION('',(-1.38855939415853E-30,2.26768958221309E-14,1.));
#6724=DIRECTION('',(6.12323399573677E-17,-1.,0.));
#6725=DIRECTION('',(1.,6.12323399573677E-17,0.));
#6726=DIRECTION('',(0.,0.,-1.));
#6727=DIRECTION('',(1.,6.12323399573677E-17,0.));
#6728=DIRECTION('',(0.,0.,-1.));
#6729=DIRECTION('',(1.,6.12323399573677E-17,0.));
#6730=DIRECTION('',(0.707106781186548,-0.707106781186548,0.));
#6731=DIRECTION('',(0.707106781186548,0.707106781186548,0.));
#6732=DIRECTION('',(0.,0.,-1.));
#6733=DIRECTION('',(-0.707106781186535,-0.70710678118656,0.));
#6734=DIRECTION('',(0.707106781186548,0.707106781186548,0.));
#6735=DIRECTION('',(-1.,-6.12323399573677E-17,0.));
#6736=DIRECTION('',(6.12323399573677E-17,-1.,0.));
#6737=DIRECTION('',(6.12323399573677E-17,-1.,0.));
#6738=DIRECTION('',(0.,0.,1.));
#6739=DIRECTION('',(-6.12323399573677E-17,1.,0.));
#6740=DIRECTION('',(6.12323399573677E-17,-1.,0.));
#6741=DIRECTION('',(0.,0.,-1.));
#6742=DIRECTION('',(1.,6.12323399573677E-17,0.));
#6743=DIRECTION('',(-1.30524583050901E-30,2.1316282072803E-14,1.));
#6744=DIRECTION('',(1.,6.12323399573677E-17,0.));
#6745=DIRECTION('',(1.,6.12323399573677E-17,0.));
#6746=DIRECTION('',(-1.,-6.12323399573677E-17,0.));
#6747=DIRECTION('',(6.12323399573677E-17,-1.,0.));
#6748=DIRECTION('',(0.,0.,-1.));
#6749=DIRECTION('',(-6.12323399573677E-17,1.,0.));
#6750=DIRECTION('',(6.12323399573677E-17,-1.,0.));
#6751=DIRECTION('',(0.707106781186548,0.707106781186548,0.));
#6752=DIRECTION('',(-0.707106781186548,0.707106781186548,0.));
#6753=DIRECTION('',(0.707106781186522,-0.707106781186573,0.));
#6754=DIRECTION('',(0.,0.,-1.));
#6755=DIRECTION('',(-0.707106781186548,0.707106781186548,0.));
#6756=DIRECTION('',(6.12323399573677E-17,-1.,0.));
#6757=DIRECTION('',(1.,6.12323399573677E-17,0.));
#6758=DIRECTION('',(1.,6.12323399573677E-17,0.));
#6759=DIRECTION('',(0.,0.,-1.));
#6760=DIRECTION('',(1.,6.12323399573677E-17,0.));
#6761=DIRECTION('',(0.707106781186548,-0.707106781186548,0.));
#6762=DIRECTION('',(0.707106781186548,0.707106781186548,0.));
#6763=DIRECTION('',(0.,0.,-1.));
#6764=DIRECTION('',(-0.707106781186535,-0.70710678118656,0.));
#6765=DIRECTION('',(0.707106781186535,0.70710678118656,0.));
#6766=DIRECTION('',(-1.,-6.12323399573677E-17,0.));
#6767=DIRECTION('',(6.12323399573677E-17,-1.,0.));
#6768=DIRECTION('',(6.12323399573677E-17,-1.,0.));
#6769=DIRECTION('',(0.,0.,1.));
#6770=DIRECTION('',(-6.12323399573677E-17,1.,0.));
#6771=DIRECTION('',(6.12323399573677E-17,-1.,0.));
#6772=DIRECTION('',(0.,0.,-1.));
#6773=DIRECTION('',(-1.30524583050901E-30,2.1316282072803E-14,1.));
#6774=DIRECTION('',(1.,6.12323399573677E-17,0.));
#6775=DIRECTION('',(1.,6.12323399573677E-17,0.));
#6776=DIRECTION('',(1.,6.12323399573677E-17,0.));
#6777=DIRECTION('',(-1.,-6.12323399573677E-17,0.));
#6778=DIRECTION('',(6.12323399573677E-17,-1.,0.));
#6779=DIRECTION('',(0.,0.,-1.));
#6780=DIRECTION('',(-6.12323399573677E-17,1.,0.));
#6781=DIRECTION('',(6.12323399573677E-17,-1.,0.));
#6782=DIRECTION('',(0.707106781186548,0.707106781186548,0.));
#6783=DIRECTION('',(-0.707106781186548,0.707106781186548,0.));
#6784=DIRECTION('',(0.707106781186548,-0.707106781186548,0.));
#6785=DIRECTION('',(0.,0.,-1.));
#6786=DIRECTION('',(-0.707106781186535,0.70710678118656,0.));
#6787=DIRECTION('',(-6.12323399573677E-17,1.,0.));
#6788=DIRECTION('',(0.,0.,1.));
#6789=DIRECTION('',(0.,0.,1.));
#6790=DIRECTION('',(-1.,-6.12323399573677E-17,0.));
#6791=DIRECTION('',(0.,0.,1.));
#6792=DIRECTION('',(1.,6.12323399573677E-17,0.));
#6793=DIRECTION('',(-1.,-6.12323399573677E-17,0.));
#6794=DIRECTION('',(-6.12323399573677E-17,1.,0.));
#6795=DIRECTION('',(-1.,-6.12323399573677E-17,0.));
#6796=DIRECTION('',(-6.12323399573677E-17,1.,-2.70006239588777E-12));
#6797=DIRECTION('',(1.,6.12323399573677E-17,0.));
#6798=DIRECTION('',(0.,0.,-1.));
#6799=DIRECTION('',(-1.,-6.12323399573677E-17,0.));
#6800=DIRECTION('',(3.30503134806278E-18,-0.0539752580150273,-0.998542273277507));
#6801=DIRECTION('',(-6.1143079939131E-17,0.998542273277507,-0.0539752580150273));
#6802=DIRECTION('',(6.1143079939131E-17,-0.998542273277507,0.0539752580150273));
#6803=DIRECTION('',(-6.1143079939131E-17,0.998542273277507,-0.0539752580150273));
#6804=DIRECTION('',(-1.,-6.12323399573677E-17,0.));
#6805=DIRECTION('',(3.51171470907888E-17,-0.57350653454104,-0.819200985618747));
#6806=DIRECTION('',(-5.01615932448178E-17,0.819200985618747,-0.57350653454104));
#6807=DIRECTION('',(5.01615932448166E-17,-0.819200985618727,0.573506534541069));
#6808=DIRECTION('',(-5.01615932448166E-17,0.819200985618727,-0.573506534541069));
#6809=DIRECTION('',(1.,6.12323399573677E-17,0.));
#6810=DIRECTION('',(-1.,-6.12323399573677E-17,0.));
#6811=DIRECTION('',(-6.12323399573677E-17,1.,0.));
#6812=DIRECTION('',(1.,6.12323399573677E-17,0.));
#6813=DIRECTION('',(-3.51144410490478E-17,0.573462341525669,0.819231922505402));
#6814=DIRECTION('',(-1.,-6.12323399573677E-17,0.));
#6815=DIRECTION('',(-5.03840631323006E-20,0.000822834194600107,0.999999661471887));
#6816=DIRECTION('',(-1.,-6.12323399573677E-17,0.));
#6817=DIRECTION('',(-1.47206751021899E-20,0.000240406868534487,-0.999999971102268));
#6818=DIRECTION('',(-6.12323381878919E-17,0.999999971102268,0.000240406868534487));
#6819=DIRECTION('',(6.12323381878919E-17,-0.999999971102268,-0.000240406868534487));
#6820=DIRECTION('',(6.12323381878919E-17,-0.999999971102268,-0.000240406868534536));
#6821=DIRECTION('',(1.,6.12323399573677E-17,0.));
#6822=DIRECTION('',(-1.,-6.12323399573677E-17,0.));
#6823=DIRECTION('',(-6.12323399573677E-17,1.,0.));
#6824=DIRECTION('',(1.,6.12323399573677E-17,0.));
#6825=DIRECTION('',(-4.04687092716288E-20,0.000660904177429846,0.99999978160281));
#6826=DIRECTION('',(-1.,-6.12323399573677E-17,0.));
#6827=DIRECTION('',(6.12323399573677E-17,-1.,0.));
#6828=DIRECTION('',(-1.,-6.12323399573677E-17,0.));
#6829=DIRECTION('',(0.,0.,1.));
#6830=DIRECTION('',(1.,6.12323399573677E-17,0.));
#6831=DIRECTION('',(6.12323399573677E-17,-1.,0.));
#6832=DIRECTION('',(1.,6.12323399573677E-17,0.));
#6833=DIRECTION('',(6.12323399573677E-17,-1.,0.));
#6834=DIRECTION('',(-1.,-6.12323399573677E-17,0.));
#6835=DIRECTION('',(-6.12323399573677E-17,1.,0.));
#6836=DIRECTION('',(1.,6.12323399573677E-17,0.));
#6837=DIRECTION('',(6.12323399573677E-17,-1.,0.));
#6838=DIRECTION('',(1.,6.12323399573677E-17,0.));
#6839=DIRECTION('',(-1.,-6.12323399573677E-17,0.));
#6840=DIRECTION('',(0.,0.,-1.));
#6841=DIRECTION('',(-1.,-6.12323399573677E-17,0.));
#6842=DIRECTION('',(-6.12323399573677E-17,1.,0.));
#6843=DIRECTION('',(0.,0.,1.));
#6844=DIRECTION('',(0.,0.,1.));
#6845=DIRECTION('',(0.,0.,1.));
#6846=DIRECTION('',(1.,6.12323399573677E-17,0.));
#6847=DIRECTION('',(-1.,-6.12323399573677E-17,0.));
#6848=DIRECTION('',(-6.12323399573677E-17,1.,0.));
#6849=DIRECTION('',(1.,6.12323399573677E-17,0.));
#6850=DIRECTION('',(0.,0.,1.));
#6851=DIRECTION('',(-1.,-6.12323399573677E-17,0.));
#6852=DIRECTION('',(4.25998738667963E-18,-0.0695708736534583,-0.997577011332506));
#6853=DIRECTION('',(-1.,-6.12323399573677E-17,0.));
#6854=DIRECTION('',(1.,6.12323399573677E-17,0.));
#6855=DIRECTION('',(-6.12323399573677E-17,1.,0.));
#6856=DIRECTION('',(-6.12323399573677E-17,1.,0.));
#6857=DIRECTION('',(0.,0.,1.));
#6858=DIRECTION('',(6.12323399573677E-17,-1.,0.));
#6859=DIRECTION('',(-6.10839887251335E-17,0.997577240518043,-0.0695675872832073));
#6860=DIRECTION('',(0.,0.,1.));
#6861=DIRECTION('',(6.12323399573677E-17,-1.,0.));
#6862=DIRECTION('',(1.,6.12323399573677E-17,0.));
#6863=DIRECTION('',(-6.12323399573677E-17,1.,0.));
#6864=DIRECTION('',(-4.25978615453825E-18,0.0695675872831918,0.997577240518044));
#6865=DIRECTION('',(6.10839887251336E-17,-0.997577240518044,0.0695675872831918));
#6866=DIRECTION('',(6.10839887251335E-17,-0.997577240518043,0.0695675872832073));
#6867=DIRECTION('',(1.,6.12323399573677E-17,0.));
#6868=DIRECTION('',(-6.12323399573677E-17,1.,0.));
#6869=DIRECTION('',(6.12323399573677E-17,-1.,0.));
#6870=DIRECTION('',(-1.38855939415853E-30,2.26768958221309E-14,1.));
#6871=DIRECTION('',(1.,6.12323399573677E-17,0.));
#6872=DIRECTION('',(-6.12323399573677E-17,1.,0.));
#6873=DIRECTION('',(0.,0.,-1.));
#6874=DIRECTION('',(-1.,-6.12323399573677E-17,0.));
#6875=DIRECTION('',(0.,0.,-1.));
#6876=DIRECTION('',(0.,0.,1.));
#6877=DIRECTION('',(6.12323399573677E-17,-1.,0.));
#6878=DIRECTION('',(0.,0.,-1.));
#6879=DIRECTION('',(4.32978028117731E-17,-0.707106781186522,-0.707106781186573));
#6880=DIRECTION('',(0.,0.,-1.));
#6881=DIRECTION('',(-4.32978026862083E-17,0.707106779135894,-0.707106783237201));
#6882=DIRECTION('',(0.,0.,-1.));
#6883=DIRECTION('',(-4.32978030351866E-17,0.707106784835141,-0.707106777537954));
#6884=DIRECTION('',(-6.11559427492029E-17,0.998752338907545,0.0499376163498843));
#6885=DIRECTION('',(-4.78144244051841E-17,0.780868809496328,0.624695047487803));
#6886=DIRECTION('',(-6.12323399573677E-17,1.,0.));
#6887=DIRECTION('',(0.,0.,1.));
#6888=DIRECTION('',(-1.,-6.12323399573677E-17,0.));
#6889=DIRECTION('',(6.12323399573677E-17,-1.,6.53699316918234E-12));
#6890=DIRECTION('',(-6.12323399573677E-17,1.,0.));
#6891=DIRECTION('',(0.,0.,1.));
#6892=DIRECTION('',(0.,0.,1.));
#6893=DIRECTION('',(-1.,-6.12323399573677E-17,0.));
#6894=DIRECTION('',(1.,6.12323399573677E-17,0.));
#6895=DIRECTION('',(0.,0.,1.));
#6896=DIRECTION('',(6.12323399573677E-17,-1.,0.));
#6897=DIRECTION('',(6.12323399573677E-17,-1.,0.));
#6898=DIRECTION('',(-1.,-6.12323399573677E-17,0.));
#6899=DIRECTION('',(6.12323399573677E-17,-1.,0.));
#6900=DIRECTION('',(0.,0.,-1.));
#6901=DIRECTION('',(0.,0.,-1.));
#6902=DIRECTION('',(-1.,-6.12323399573677E-17,0.));
#6903=DIRECTION('',(4.32978028117747E-17,-0.707106781186548,0.707106781186548));
#6904=DIRECTION('',(4.32978028117747E-17,-0.707106781186548,-0.707106781186548));
#6905=DIRECTION('',(-4.32978028117731E-17,0.707106781186522,0.707106781186573));
#6906=DIRECTION('',(-1.,-6.12323399573677E-17,0.));
#6907=DIRECTION('',(6.12323399573677E-17,-1.,0.));
#6908=DIRECTION('',(0.,0.,-1.));
#6909=DIRECTION('',(0.,0.,-1.));
#6910=DIRECTION('',(-1.,-6.12323399573677E-17,0.));
#6911=DIRECTION('',(4.32978028117747E-17,-0.707106781186548,-0.707106781186548));
#6912=DIRECTION('',(-4.32978028117747E-17,0.707106781186548,-0.707106781186548));
#6913=DIRECTION('',(4.32978026862083E-17,-0.707106779135894,0.707106783237201));
#6914=DIRECTION('',(-1.,-6.12323399573677E-17,0.));
#6915=DIRECTION('',(6.12323399573677E-17,-1.,0.));
#6916=DIRECTION('',(0.,0.,-1.));
#6917=DIRECTION('',(0.,0.,-1.));
#6918=DIRECTION('',(-1.,-6.12323399573677E-17,0.));
#6919=DIRECTION('',(4.32978028117747E-17,-0.707106781186548,-0.707106781186548));
#6920=DIRECTION('',(-4.32978028117747E-17,0.707106781186548,-0.707106781186548));
#6921=DIRECTION('',(4.32978030351866E-17,-0.707106784835141,0.707106777537954));
#6922=DIRECTION('',(-1.,-6.12323399573677E-17,0.));
#6923=DIRECTION('',(-3.05779710099634E-18,0.0499376163498781,-0.998752338907545));
#6924=DIRECTION('',(-6.11559427492029E-17,0.998752338907545,0.0499376163498781));
#6925=DIRECTION('',(6.11559427492029E-17,-0.998752338907545,-0.0499376163498843));
#6926=DIRECTION('',(-1.,-6.12323399573677E-17,0.));
#6927=DIRECTION('',(3.82515395174558E-17,-0.624695047487783,0.780868809496344));
#6928=DIRECTION('',(4.78144244051851E-17,-0.780868809496344,-0.624695047487783));
#6929=DIRECTION('',(4.78144244051841E-17,-0.780868809496328,-0.624695047487803));
#6930=DIRECTION('',(-1.,-6.12323399573677E-17,0.));
#6931=DIRECTION('',(0.,0.,-1.));
#6932=DIRECTION('',(-6.12323399573677E-17,1.,0.));
#6933=DIRECTION('',(-6.12323399573677E-17,1.,0.));
#6934=DIRECTION('',(-1.,-6.12323399573677E-17,0.));
#6935=DIRECTION('',(-6.12323399573677E-17,1.,0.));
#6936=DIRECTION('',(0.,0.,1.));
#6937=DIRECTION('',(0.,0.,1.));
#6938=DIRECTION('',(-1.,-6.12323399573677E-17,0.));
#6939=DIRECTION('',(-1.,-6.12323399573677E-17,0.));
#6940=DIRECTION('',(6.12323399573677E-17,-1.,0.));
#6941=DIRECTION('',(1.,6.12323399573677E-17,0.));
#6942=DIRECTION('',(-1.83604580163602E-27,2.99849034499472E-11,1.));
#6943=DIRECTION('',(1.,6.12323399573677E-17,0.));
#6944=DIRECTION('',(1.,6.12323399573677E-17,0.));
#6945=DIRECTION('',(-6.12323399573677E-17,1.,0.));
#6946=DIRECTION('',(1.,6.12323399573677E-17,0.));
#6947=DIRECTION('',(6.12323399573677E-17,-1.,3.41060513165037E-12));
#6948=DIRECTION('',(0.,0.,-1.));
#6949=DIRECTION('',(-1.,-6.12323399573677E-17,0.));
#6950=DIRECTION('',(6.12323399573677E-17,-1.,0.));
#6951=DIRECTION('',(-1.,-6.12323399573677E-17,0.));
#6952=DIRECTION('',(-4.32978028117747E-17,0.707106781186548,0.707106781186548));
#6953=DIRECTION('',(-4.32978028117747E-17,0.707106781186548,-0.707106781186548));
#6954=DIRECTION('',(0.57735026918964,-0.57735026918964,0.577350269189598));
#6955=DIRECTION('',(-1.,-6.12323399573677E-17,0.));
#6956=DIRECTION('',(-4.32978028117762E-17,0.707106781186573,-0.707106781186522));
#6957=DIRECTION('',(-1.,-6.12323399573677E-17,0.));
#6958=DIRECTION('',(5.81038920276449E-33,-9.48908568055689E-17,1.));
#6959=DIRECTION('',(6.12323399573677E-17,-1.,-9.48908568055689E-17));
#6960=DIRECTION('',(-1.,-6.12323399573677E-17,0.));
#6961=DIRECTION('',(-6.12323399573677E-17,1.,0.));
#6962=DIRECTION('',(-6.12323399573677E-17,1.,0.));
#6963=DIRECTION('',(0.,0.,-1.));
#6964=DIRECTION('',(-6.12323399573677E-17,1.,0.));
#6965=DIRECTION('',(-1.,-6.12323399573677E-17,0.));
#6966=DIRECTION('',(6.12323399573677E-17,-1.,0.));
#6967=DIRECTION('',(-1.,-6.12323399573677E-17,0.));
#6968=DIRECTION('',(6.12323399573677E-17,-1.,0.));
#6969=DIRECTION('',(0.,0.,-1.));
#6970=DIRECTION('',(-6.12323399573677E-17,1.,0.));
#6971=DIRECTION('',(-1.,-6.12323399573677E-17,0.));
#6972=DIRECTION('',(6.12323399573677E-17,-1.,0.));
#6973=DIRECTION('',(-1.,-6.12323399573677E-17,0.));
#6974=DIRECTION('',(6.12323399573677E-17,-1.,0.));
#6975=DIRECTION('',(0.,0.,-1.));
#6976=DIRECTION('',(-6.12323399573677E-17,1.,0.));
#6977=DIRECTION('',(-1.,-6.12323399573677E-17,0.));
#6978=DIRECTION('',(6.12323399573677E-17,-1.,0.));
#6979=DIRECTION('',(-1.,-6.12323399573677E-17,0.));
#6980=DIRECTION('',(6.12323399573677E-17,-1.,0.));
#6981=DIRECTION('',(0.,0.,1.));
#6982=DIRECTION('',(6.12323399573677E-17,-1.,0.));
#6983=DIRECTION('',(-1.,-6.12323399573677E-17,0.));
#6984=DIRECTION('',(6.12323399573677E-17,-1.,0.));
#6985=DIRECTION('',(1.,6.12323399573677E-17,0.));
#6986=DIRECTION('',(6.12323399573677E-17,-1.,0.));
#6987=DIRECTION('',(1.,6.12323399573677E-17,0.));
#6988=DIRECTION('',(-6.12323399573677E-17,1.,0.));
#6989=DIRECTION('',(0.,0.,1.));
#6990=DIRECTION('',(-1.35703787566871E-17,0.221621103588975,0.975132855791458));
#6991=DIRECTION('',(-1.,-6.12323399573677E-17,0.));
#6992=DIRECTION('',(5.97096665291856E-17,-0.975132855787608,0.221621103605918));
#6993=DIRECTION('',(-6.03992080759719E-17,0.986393923832147,0.164398987305339));
#6994=DIRECTION('',(4.32978028117747E-17,-0.707106781186548,0.707106781186548));
#6995=DIRECTION('',(-4.32978028117747E-17,0.707106781186548,0.707106781186548));
#6996=DIRECTION('',(4.32978028117747E-17,-0.707106781186548,0.707106781186548));
#6997=DIRECTION('',(-1.,-6.12323399573677E-17,0.));
#6998=DIRECTION('',(-4.32978028117747E-17,0.707106781186548,-0.707106781186548));
#6999=DIRECTION('',(1.,6.12323399573677E-17,0.));
#7000=DIRECTION('',(-6.12323399573677E-17,1.,0.));
#7001=DIRECTION('',(6.03992080759719E-17,-0.986393923832147,-0.164398987305339));
#7002=DIRECTION('',(1.,6.12323399573677E-17,0.));
#7003=DIRECTION('',(1.00665346780269E-17,-0.164398987284099,0.986393923835687));
#7004=DIRECTION('',(1.35703787566871E-17,-0.221621103588975,-0.975132855791458));
#7005=DIRECTION('',(0.,0.,1.));
#7006=DIRECTION('',(1.,6.12323399573677E-17,0.));
#7007=DIRECTION('',(6.12323399573677E-17,-1.,0.));
#7008=DIRECTION('',(-1.,-6.12323399573677E-17,0.));
#7009=DIRECTION('',(-1.,-6.12323399573677E-17,0.));
#7010=DIRECTION('',(5.97096665291856E-17,-0.975132855787608,0.221621103605918));
#7011=DIRECTION('',(1.,6.12323399573677E-17,0.));
#7012=DIRECTION('',(0.,0.,1.));
#7013=DIRECTION('',(6.12323399573677E-17,-1.,0.));
#7014=DIRECTION('',(-1.,-6.12323399573677E-17,0.));
#7015=DIRECTION('',(6.12323399573677E-17,-1.,0.));
#7016=DIRECTION('',(1.,6.12323399573677E-17,0.));
#7017=DIRECTION('',(6.12323399573677E-17,-1.,0.));
#7018=DIRECTION('',(1.,6.12323399573677E-17,0.));
#7019=DIRECTION('',(-6.12323399573677E-17,1.,0.));
#7020=DIRECTION('',(0.,0.,1.));
#7021=DIRECTION('',(-1.35703787566871E-17,0.221621103588975,0.975132855791458));
#7022=DIRECTION('',(-6.03992080759719E-17,0.986393923832147,0.164398987305339));
#7023=DIRECTION('',(4.32978028117747E-17,-0.707106781186548,0.707106781186548));
#7024=DIRECTION('',(-4.32978028117747E-17,0.707106781186548,0.707106781186548));
#7025=DIRECTION('',(4.32978028117747E-17,-0.707106781186548,0.707106781186548));
#7026=DIRECTION('',(-1.,-6.12323399573677E-17,0.));
#7027=DIRECTION('',(-4.32978028117747E-17,0.707106781186548,-0.707106781186548));
#7028=DIRECTION('',(1.,6.12323399573677E-17,0.));
#7029=DIRECTION('',(-6.12323399573677E-17,1.,0.));
#7030=DIRECTION('',(6.03992080759719E-17,-0.986393923832147,-0.164398987305339));
#7031=DIRECTION('',(1.,6.12323399573677E-17,0.));
#7032=DIRECTION('',(1.00665346780269E-17,-0.164398987284099,0.986393923835687));
#7033=DIRECTION('',(1.35703787566871E-17,-0.221621103588975,-0.975132855791458));
#7034=DIRECTION('',(0.,0.,1.));
#7035=DIRECTION('',(1.,6.12323399573677E-17,0.));
#7036=DIRECTION('',(6.12323399573677E-17,-1.,0.));
#7037=DIRECTION('',(-1.,-6.12323399573677E-17,0.));
#7038=DIRECTION('',(-1.,-6.12323399573677E-17,0.));
#7039=DIRECTION('',(5.97096665291856E-17,-0.975132855787608,0.221621103605918));
#7040=DIRECTION('',(1.,6.12323399573677E-17,0.));
#7041=DIRECTION('',(0.,0.,1.));
#7042=DIRECTION('',(6.12323399573677E-17,-1.,0.));
#7043=DIRECTION('',(-1.,-6.12323399573677E-17,0.));
#7044=DIRECTION('',(6.12323399573677E-17,-1.,0.));
#7045=DIRECTION('',(1.,6.12323399573677E-17,0.));
#7046=DIRECTION('',(6.12323399573677E-17,-1.,0.));
#7047=DIRECTION('',(1.,6.12323399573677E-17,0.));
#7048=DIRECTION('',(-6.12323399573677E-17,1.,0.));
#7049=DIRECTION('',(0.,0.,1.));
#7050=DIRECTION('',(-1.35703787566871E-17,0.221621103588975,0.975132855791458));
#7051=DIRECTION('',(-6.03992080759719E-17,0.986393923832147,0.164398987305339));
#7052=DIRECTION('',(4.32978028117747E-17,-0.707106781186548,0.707106781186548));
#7053=DIRECTION('',(-4.32978028117747E-17,0.707106781186548,0.707106781186548));
#7054=DIRECTION('',(4.32978028117747E-17,-0.707106781186548,0.707106781186548));
#7055=DIRECTION('',(-1.,-6.12323399573677E-17,0.));
#7056=DIRECTION('',(-4.32978028117747E-17,0.707106781186548,-0.707106781186548));
#7057=DIRECTION('',(1.,6.12323399573677E-17,0.));
#7058=DIRECTION('',(-6.12323399573677E-17,1.,0.));
#7059=DIRECTION('',(6.03992080759719E-17,-0.986393923832147,-0.164398987305339));
#7060=DIRECTION('',(1.,6.12323399573677E-17,0.));
#7061=DIRECTION('',(1.00665346780269E-17,-0.164398987284099,0.986393923835687));
#7062=DIRECTION('',(1.35703787566871E-17,-0.221621103588975,-0.975132855791458));
#7063=DIRECTION('',(0.,0.,1.));
#7064=DIRECTION('',(0.,0.,-1.));
#7065=DIRECTION('',(-6.12323399573677E-17,1.,0.));
#7066=DIRECTION('',(6.12323399573677E-17,-1.,0.));
#7067=DIRECTION('',(1.,6.12323399573677E-17,0.));
#7068=DIRECTION('',(6.12323399573677E-17,-1.,0.));
#7069=DIRECTION('',(1.,6.12323399573677E-17,0.));
#7070=DIRECTION('',(5.81038920276449E-33,-9.48908568055689E-17,1.));
#7071=DIRECTION('',(6.12323399573677E-17,-1.,-9.48908568055689E-17));
#7072=DIRECTION('',(-6.12323399573677E-17,1.,0.));
#7073=DIRECTION('',(1.,6.12323399573677E-17,0.));
#7074=DIRECTION('',(-6.12323399573677E-17,1.,0.));
#7075=DIRECTION('',(1.,6.12323399573677E-17,0.));
#7076=DIRECTION('',(-4.32978028117747E-17,0.707106781186548,-0.707106781186548));
#7077=DIRECTION('',(4.32978028117747E-17,-0.707106781186548,-0.707106781186548));
#7078=DIRECTION('',(1.,6.12323399573677E-17,0.));
#7079=DIRECTION('',(0.577350269189605,-0.577350269189657,-0.577350269189615));
#7080=DIRECTION('',(-0.57735026918964,0.57735026918964,0.577350269189598));
#7081=DIRECTION('',(-0.707106781186548,-4.32978028117747E-17,-0.707106781186548));
#7082=DIRECTION('',(0.707106781186548,4.32978028117747E-17,-0.707106781186548));
#7083=DIRECTION('',(-6.12323399573677E-17,1.,0.));
#7084=DIRECTION('',(-0.57735026918964,-0.57735026918964,0.577350269189598));
#7085=DIRECTION('',(-4.32978028117747E-17,0.707106781186548,0.707106781186548));
#7086=DIRECTION('',(-4.32978028117747E-17,0.707106781186548,-0.707106781186548));
#7087=DIRECTION('',(1.,6.12323399573677E-17,0.));
#7088=DIRECTION('',(4.32978028117762E-17,-0.707106781186573,0.707106781186522));
#7089=DIRECTION('',(0.98058067569092,-0.196116135138185,0.));
#7090=DIRECTION('',(-0.196116135138185,-0.98058067569092,0.));
#7091=DIRECTION('',(-0.174714139453655,-0.873570697268261,0.454256762579505));
#7092=DIRECTION('',(0.,0.,1.));
#7093=DIRECTION('',(0.192450089729878,0.962250448649378,0.192450089729865));
#7094=DIRECTION('',(0.,0.,1.));
#7095=DIRECTION('',(-1.20086498579055E-17,0.196116135138171,-0.980580675690923));
#7096=DIRECTION('',(6.00432492895319E-17,-0.980580675690923,-0.196116135138171));
#7097=DIRECTION('',(1.,6.12323399573677E-17,0.));
#7098=DIRECTION('',(1.,6.12323399573677E-17,0.));
#7099=DIRECTION('',(-0.192450089729864,0.962250448649381,0.192450089729864));
#7100=DIRECTION('',(0.,0.,-1.));
#7101=DIRECTION('',(6.12323399573677E-17,-1.,0.));
#7102=DIRECTION('',(-6.12323399573677E-17,1.,1.77635683940025E-14));
#7103=DIRECTION('',(-1.,-6.12323399573677E-17,0.));
#7104=DIRECTION('',(-6.12323399573677E-17,1.,0.));
#7105=DIRECTION('',(-1.42899719628247E-17,0.233372952475341,-0.972387301980513));
#7106=DIRECTION('',(5.95415498450983E-17,-0.972387301980513,-0.233372952475341));
#7107=DIRECTION('',(1.,6.12323399573677E-17,0.));
#7108=DIRECTION('',(-5.95415498450983E-17,0.972387301980512,0.233372952475347));
#7109=DIRECTION('',(5.95415498450983E-17,-0.972387301980512,-0.233372952475347));
#7110=DIRECTION('',(0.,0.,1.));
#7111=DIRECTION('',(6.12323399573677E-17,-1.,0.));
#7112=DIRECTION('',(-6.12323399573677E-17,1.,0.));
#7113=DIRECTION('',(1.,6.12323399573677E-17,0.));
#7114=DIRECTION('',(-6.12323399573677E-17,1.,0.));
#7115=DIRECTION('',(6.12323399573677E-17,-1.,0.));
#7116=DIRECTION('',(0.,0.,-1.));
#7117=DIRECTION('',(1.,6.12323399573677E-17,0.));
#7118=DIRECTION('',(0.,0.,-1.));
#7119=DIRECTION('',(0.,0.,-1.));
#7120=DIRECTION('',(0.,0.,-1.));
#7121=DIRECTION('',(-6.12323399573677E-17,1.,0.));
#7122=DIRECTION('',(1.,6.12323399573677E-17,0.));
#7123=DIRECTION('',(6.12323399573677E-17,-1.,0.));
#7124=DIRECTION('',(6.12323399573677E-17,-1.,0.));
#7125=DIRECTION('',(-1.22440194324161E-17,0.199960011995962,-0.979804058780415));
#7126=DIRECTION('',(5.9995695218851E-17,-0.979804058780415,-0.199960011995962));
#7127=DIRECTION('',(-5.99956952188511E-17,0.979804058780417,0.199960011995952));
#7128=DIRECTION('',(1.,6.12323399573677E-17,0.));
#7129=DIRECTION('',(5.99956952188511E-17,-0.979804058780417,-0.199960011995952));
#7130=DIRECTION('',(0.,0.,-1.));
#7131=DIRECTION('',(6.12323399573677E-17,-1.,0.));
#7132=DIRECTION('',(6.12323399573677E-17,-1.,-5.63922806158586E-14));
#7133=DIRECTION('',(-1.,-6.12323399573677E-17,0.));
#7134=DIRECTION('',(6.12323399573677E-17,-1.,0.));
#7135=DIRECTION('',(0.,0.,-1.));
#7136=DIRECTION('',(-6.12323399573677E-17,1.,0.));
#7137=DIRECTION('',(6.12323399573677E-17,-1.,0.));
#7138=DIRECTION('',(1.,6.12323399573677E-17,0.));
#7139=DIRECTION('',(6.12323399573677E-17,-1.,0.));
#7140=DIRECTION('',(1.,6.12323399573677E-17,0.));
#7141=DIRECTION('',(0.,0.,-1.));
#7142=DIRECTION('',(-6.12323399573677E-17,1.,0.));
#7143=DIRECTION('',(6.12323399573677E-17,-1.,0.));
#7144=DIRECTION('',(1.,6.12323399573677E-17,0.));
#7145=DIRECTION('',(6.12323399573677E-17,-1.,0.));
#7146=DIRECTION('',(1.,6.12323399573677E-17,0.));
#7147=DIRECTION('',(1.,6.12323399573677E-17,0.));
#7148=DIRECTION('',(6.12323399573677E-17,-1.,0.));
#7149=DIRECTION('',(1.,6.12323399573677E-17,0.));
#7150=DIRECTION('',(1.,6.12323399573677E-17,0.));
#7151=DIRECTION('',(1.00665346780269E-17,-0.164398987284099,0.986393923835687));
#7152=DIRECTION('',(-1.,-6.12323399573677E-17,0.));
#7153=DIRECTION('',(-1.,-6.12323399573677E-17,0.));
#7154=DIRECTION('',(5.97096665291887E-17,-0.975132855787659,0.221621103605693));
#7155=DIRECTION('',(1.,6.12323399573677E-17,0.));
#7156=DIRECTION('',(-6.12323399573677E-17,1.,0.));
#7157=DIRECTION('',(6.12323399573677E-17,-1.,0.));
#7158=DIRECTION('',(0.,0.,1.));
#7159=DIRECTION('',(-1.35703787566869E-17,0.221621103588972,0.975132855791459));
#7160=DIRECTION('',(-6.03992080759719E-17,0.986393923832148,0.164398987305329));
#7161=DIRECTION('',(4.32978028117747E-17,-0.707106781186548,0.707106781186548));
#7162=DIRECTION('',(0.,0.,1.));
#7163=DIRECTION('',(6.12323399573677E-17,-1.,0.));
#7164=DIRECTION('',(6.12323399573677E-17,-1.,0.));
#7165=DIRECTION('',(-1.,-6.12323399573677E-17,0.));
#7166=DIRECTION('',(1.,6.12323399573677E-17,0.));
#7167=DIRECTION('',(-4.32978028117747E-17,0.707106781186548,0.707106781186548));
#7168=DIRECTION('',(4.32978028117747E-17,-0.707106781186548,0.707106781186548));
#7169=DIRECTION('',(1.,6.12323399573677E-17,0.));
#7170=DIRECTION('',(-4.32978028117747E-17,0.707106781186548,-0.707106781186548));
#7171=DIRECTION('',(1.,6.12323399573677E-17,0.));
#7172=DIRECTION('',(-6.12323399573677E-17,1.,0.));
#7173=DIRECTION('',(6.03992080759719E-17,-0.986393923832148,-0.164398987305329));
#7174=DIRECTION('',(1.,6.12323399573677E-17,0.));
#7175=DIRECTION('',(1.00665346780269E-17,-0.164398987284099,0.986393923835687));
#7176=DIRECTION('',(1.35703787566869E-17,-0.221621103588972,-0.975132855791459));
#7177=DIRECTION('',(0.,0.,1.));
#7178=DIRECTION('',(1.,6.12323399573677E-17,0.));
#7179=DIRECTION('',(6.12323399573677E-17,-1.,0.));
#7180=DIRECTION('',(1.,6.12323399573677E-17,0.));
#7181=DIRECTION('',(-1.,-6.12323399573677E-17,0.));
#7182=DIRECTION('',(-1.,-6.12323399573677E-17,0.));
#7183=DIRECTION('',(5.97096665291887E-17,-0.975132855787659,0.221621103605693));
#7184=DIRECTION('',(1.,6.12323399573677E-17,0.));
#7185=DIRECTION('',(-6.12323399573677E-17,1.,0.));
#7186=DIRECTION('',(6.12323399573677E-17,-1.,0.));
#7187=DIRECTION('',(0.,0.,1.));
#7188=DIRECTION('',(-1.35703787566869E-17,0.221621103588972,0.975132855791459));
#7189=DIRECTION('',(-6.03992080759719E-17,0.986393923832148,0.164398987305329));
#7190=DIRECTION('',(4.32978028117747E-17,-0.707106781186548,0.707106781186548));
#7191=DIRECTION('',(0.,0.,1.));
#7192=DIRECTION('',(6.12323399573677E-17,-1.,0.));
#7193=DIRECTION('',(6.12323399573677E-17,-1.,0.));
#7194=DIRECTION('',(-1.,-6.12323399573677E-17,0.));
#7195=DIRECTION('',(1.,6.12323399573677E-17,0.));
#7196=DIRECTION('',(-4.32978028117747E-17,0.707106781186548,0.707106781186548));
#7197=DIRECTION('',(4.32978028117747E-17,-0.707106781186548,0.707106781186548));
#7198=DIRECTION('',(1.,6.12323399573677E-17,0.));
#7199=DIRECTION('',(-4.32978028117747E-17,0.707106781186548,-0.707106781186548));
#7200=DIRECTION('',(1.,6.12323399573677E-17,0.));
#7201=DIRECTION('',(-6.12323399573677E-17,1.,0.));
#7202=DIRECTION('',(6.03992080759719E-17,-0.986393923832148,-0.164398987305329));
#7203=DIRECTION('',(1.,6.12323399573677E-17,0.));
#7204=DIRECTION('',(1.00665346780269E-17,-0.164398987284099,0.986393923835687));
#7205=DIRECTION('',(1.35703787566869E-17,-0.221621103588972,-0.975132855791459));
#7206=DIRECTION('',(0.,0.,1.));
#7207=DIRECTION('',(1.,6.12323399573677E-17,0.));
#7208=DIRECTION('',(6.12323399573677E-17,-1.,0.));
#7209=DIRECTION('',(-1.,-6.12323399573677E-17,0.));
#7210=DIRECTION('',(-1.,-6.12323399573677E-17,0.));
#7211=DIRECTION('',(5.97096665291887E-17,-0.975132855787659,0.221621103605693));
#7212=DIRECTION('',(1.,6.12323399573677E-17,0.));
#7213=DIRECTION('',(-1.,-6.12323399573677E-17,0.));
#7214=DIRECTION('',(6.12323399573677E-17,-1.,0.));
#7215=DIRECTION('',(-6.03992080759716E-17,0.986393923832142,0.164398987305367));
#7216=DIRECTION('',(6.12323399573677E-17,-1.,0.));
#7217=DIRECTION('',(6.12323399573677E-17,-1.,0.));
#7218=DIRECTION('',(0.,0.,-1.));
#7219=DIRECTION('',(6.12323399573677E-17,-1.,0.));
#7220=DIRECTION('',(-1.35703787566869E-17,0.221621103588971,0.975132855791459));
#7221=DIRECTION('',(0.,0.,-1.));
#7222=DIRECTION('',(-6.12323399573677E-17,1.,0.));
#7223=DIRECTION('',(1.,6.12323399573677E-17,0.));
#7224=DIRECTION('',(1.,6.12323399573677E-17,0.));
#7225=DIRECTION('',(6.12323399573677E-17,-1.,0.));
#7226=DIRECTION('',(-6.12323399573677E-17,1.,0.));
#7227=DIRECTION('',(0.,0.,1.));
#7228=DIRECTION('',(-1.,-6.12323399573677E-17,0.));
#7229=DIRECTION('',(0.,0.,1.));
#7230=DIRECTION('',(0.,0.,1.));
#7231=DIRECTION('',(1.,6.12323399573677E-17,0.));
#7232=DIRECTION('',(0.,0.,-1.));
#7233=DIRECTION('',(-4.32978028117747E-17,0.707106781186548,0.707106781186548));
#7234=DIRECTION('',(4.32978028117747E-17,-0.707106781186548,0.707106781186548));
#7235=DIRECTION('',(1.,6.12323399573677E-17,0.));
#7236=DIRECTION('',(4.32978028117747E-17,-0.707106781186548,0.707106781186548));
#7237=DIRECTION('',(1.,6.12323399573677E-17,0.));
#7238=DIRECTION('',(-4.32978028117747E-17,0.707106781186548,-0.707106781186548));
#7239=DIRECTION('',(1.,6.12323399573677E-17,0.));
#7240=DIRECTION('',(-6.12323399573677E-17,1.,0.));
#7241=DIRECTION('',(6.03992080759719E-17,-0.986393923832148,-0.164398987305329));
#7242=DIRECTION('',(1.35703787566869E-17,-0.221621103588972,-0.975132855791459));
#7243=DIRECTION('',(6.12323399573677E-17,-1.,0.));
#7244=DIRECTION('',(0.,0.,1.));
#7245=DIRECTION('',(6.12323399573677E-17,-1.,0.));
#7246=DIRECTION('',(6.12323399573677E-17,-1.,0.));
#7247=DIRECTION('',(1.,6.12323399573677E-17,0.));
#7248=DIRECTION('',(-6.12323399573677E-17,1.,0.));
#7249=DIRECTION('',(-1.35703787566869E-17,0.221621103588972,0.975132855791459));
#7250=DIRECTION('',(-1.,-6.12323399573677E-17,0.));
#7251=DIRECTION('',(5.97096665291887E-17,-0.975132855787659,0.221621103605693));
#7252=DIRECTION('',(-6.03992080759719E-17,0.986393923832148,0.164398987305329));
#7253=DIRECTION('',(1.,6.12323399573677E-17,0.));
#7254=DIRECTION('',(6.12323399573677E-17,-1.,0.));
#7255=DIRECTION('',(1.,6.12323399573677E-17,0.));
#7256=DIRECTION('',(-1.,-6.12323399573677E-17,0.));
#7257=DIRECTION('',(-5.97096665294215E-17,0.97513285579146,-0.221621103588968));
#7258=DIRECTION('',(-1.35703787566867E-17,0.221621103588968,0.97513285579146));
#7259=DIRECTION('',(1.35703787566869E-17,-0.221621103588972,-0.975132855791459));
#7260=DIRECTION('',(1.,6.12323399573677E-17,0.));
#7261=DIRECTION('',(1.,6.12323399573677E-17,0.));
#7262=DIRECTION('',(6.12323399573677E-17,-1.,0.));
#7263=DIRECTION('',(1.,6.12323399573677E-17,0.));
#7264=DIRECTION('',(1.00665346780269E-17,-0.164398987284099,0.986393923835687));
#7265=DIRECTION('',(-1.,-6.12323399573677E-17,0.));
#7266=DIRECTION('',(-1.,-6.12323399573677E-17,0.));
#7267=DIRECTION('',(6.12323399573677E-17,-1.,0.));
#7268=DIRECTION('',(0.,0.,1.));
#7269=DIRECTION('',(6.12323399573677E-17,-1.,0.));
#7270=DIRECTION('',(6.12323399573677E-17,-1.,0.));
#7271=DIRECTION('',(6.03992080759716E-17,-0.986393923832142,-0.164398987305367));
#7272=DIRECTION('',(0.98058067569092,0.196116135138185,0.));
#7273=DIRECTION('',(0.196116135138185,-0.98058067569092,0.));
#7274=DIRECTION('',(0.,0.,1.));
#7275=DIRECTION('',(0.174714139453654,-0.873570697268263,0.454256762579502));
#7276=DIRECTION('',(-2.82497076103243E-17,0.461352736641991,0.887216801234594));
#7277=DIRECTION('',(-5.4326360789085E-17,0.887216801234594,-0.461352736641991));
#7278=DIRECTION('',(-1.,-6.12323399573677E-17,0.));
#7279=DIRECTION('',(-0.707106781186548,-4.32978028117747E-17,-0.707106781186548));
#7280=DIRECTION('',(-0.707106781186548,-4.32978028117747E-17,0.707106781186548));
#7281=DIRECTION('',(0.70710678118638,4.32978028117644E-17,-0.707106781186715));
#7282=DIRECTION('',(6.12323399573677E-17,-1.,0.));
#7283=DIRECTION('',(-0.70710678118638,-4.32978028117644E-17,0.707106781186715));
#7284=DIRECTION('',(-6.7891634312607E-16,-1.,-2.96059473233375E-15));
#7285=DIRECTION('',(-0.707106781186548,-4.32978028117747E-17,0.707106781186548));
#7286=DIRECTION('',(0.707106781186548,4.32978028117747E-17,0.707106781186548));
#7287=DIRECTION('',(6.12323399573677E-17,-1.,0.));
#7288=DIRECTION('',(-0.707106781186464,-4.32978028117695E-17,-0.707106781186631));
#7289=DIRECTION('',(8.01381023040806E-16,-1.,0.));
#7290=DIRECTION('',(0.707106781186464,4.32978028117695E-17,0.707106781186631));
#7291=DIRECTION('',(1.,6.12323399573677E-17,0.));
#7292=DIRECTION('',(-6.12323399573677E-17,1.,0.));
#7293=DIRECTION('',(1.,6.12323399573677E-17,0.));
#7294=DIRECTION('',(-1.83604580163602E-27,2.99849034499472E-11,1.));
#7295=DIRECTION('',(0.,0.,1.));
#7296=DIRECTION('',(-6.12323399573677E-17,1.,0.));
#7297=DIRECTION('',(4.78144244051858E-17,-0.780868809496355,-0.624695047487769));
#7298=DIRECTION('',(6.11559427492029E-17,-0.998752338907545,-0.0499376163498856));
#7299=DIRECTION('',(4.32978030351866E-17,-0.707106784835141,0.707106777537954));
#7300=DIRECTION('',(0.,0.,-1.));
#7301=DIRECTION('',(4.32978026862083E-17,-0.707106779135894,0.707106783237201));
#7302=DIRECTION('',(0.,0.,-1.));
#7303=DIRECTION('',(-4.32978028117731E-17,0.707106781186522,0.707106781186573));
#7304=DIRECTION('',(0.,0.,-1.));
#7305=DIRECTION('',(6.12323399573677E-17,-1.,0.));
#7306=DIRECTION('',(0.,0.,1.));
#7307=DIRECTION('',(1.,6.12323399573677E-17,0.));
#7308=DIRECTION('',(6.12323399573677E-17,-1.,3.41060513165037E-12));
#7309=DIRECTION('',(0.,0.,-1.));
#7310=DIRECTION('',(-1.,-6.12323399573677E-17,0.));
#7311=DIRECTION('',(6.12323399573677E-17,-1.,0.));
#7312=DIRECTION('',(-1.,-6.12323399573677E-17,0.));
#7313=DIRECTION('',(1.,6.12323399573677E-17,0.));
#7314=DIRECTION('',(-1.,-6.12323399573677E-17,0.));
#7315=DIRECTION('',(0.,0.,-1.));
#7316=DIRECTION('',(-6.12323399573677E-17,1.,0.));
#7317=DIRECTION('',(0.,0.,1.));
#7318=DIRECTION('',(1.,6.12323399573677E-17,0.));
#7319=DIRECTION('',(0.,0.,1.));
#7320=DIRECTION('',(0.,0.,1.));
#7321=DIRECTION('',(6.12323399573677E-17,-1.,0.));
#7322=DIRECTION('',(1.,6.12323399573677E-17,0.));
#7323=DIRECTION('',(6.12323399573677E-17,-1.,0.));
#7324=DIRECTION('',(6.12323399573677E-17,-1.,0.));
#7325=DIRECTION('',(0.,0.,-1.));
#7326=DIRECTION('',(1.,6.12323399573677E-17,0.));
#7327=DIRECTION('',(0.,0.,-1.));
#7328=DIRECTION('',(4.32978028117747E-17,-0.707106781186548,0.707106781186548));
#7329=DIRECTION('',(4.32978028117747E-17,-0.707106781186548,-0.707106781186548));
#7330=DIRECTION('',(1.,6.12323399573677E-17,0.));
#7331=DIRECTION('',(4.32978028117731E-17,-0.707106781186522,-0.707106781186573));
#7332=DIRECTION('',(6.12323399573677E-17,-1.,0.));
#7333=DIRECTION('',(0.,0.,-1.));
#7334=DIRECTION('',(1.,6.12323399573677E-17,0.));
#7335=DIRECTION('',(0.,0.,-1.));
#7336=DIRECTION('',(4.32978028117747E-17,-0.707106781186548,-0.707106781186548));
#7337=DIRECTION('',(-4.32978028117747E-17,0.707106781186548,-0.707106781186548));
#7338=DIRECTION('',(1.,6.12323399573677E-17,0.));
#7339=DIRECTION('',(-4.32978026862083E-17,0.707106779135894,-0.707106783237201));
#7340=DIRECTION('',(6.12323399573677E-17,-1.,0.));
#7341=DIRECTION('',(0.,0.,-1.));
#7342=DIRECTION('',(1.,6.12323399573677E-17,0.));
#7343=DIRECTION('',(0.,0.,-1.));
#7344=DIRECTION('',(4.32978028117747E-17,-0.707106781186548,-0.707106781186548));
#7345=DIRECTION('',(-4.32978028117747E-17,0.707106781186548,-0.707106781186548));
#7346=DIRECTION('',(1.,6.12323399573677E-17,0.));
#7347=DIRECTION('',(-4.32978030351866E-17,0.707106784835141,-0.707106777537954));
#7348=DIRECTION('',(-3.05779710099634E-18,0.0499376163498781,-0.998752338907545));
#7349=DIRECTION('',(-6.11559427492029E-17,0.998752338907545,0.0499376163498781));
#7350=DIRECTION('',(1.,6.12323399573677E-17,0.));
#7351=DIRECTION('',(-6.11559427492029E-17,0.998752338907545,0.0499376163498856));
#7352=DIRECTION('',(3.82515395174558E-17,-0.624695047487783,0.780868809496344));
#7353=DIRECTION('',(4.78144244051851E-17,-0.780868809496344,-0.624695047487783));
#7354=DIRECTION('',(1.,6.12323399573677E-17,0.));
#7355=DIRECTION('',(-4.78144244051858E-17,0.780868809496355,0.624695047487769));
#7356=DIRECTION('',(0.,0.,-1.));
#7357=DIRECTION('',(-6.12323399573677E-17,1.,0.));
#7358=DIRECTION('',(1.,6.12323399573677E-17,0.));
#7359=DIRECTION('',(-6.12323399573677E-17,1.,0.));
#7360=DIRECTION('',(-6.12323399573677E-17,1.,0.));
#7361=DIRECTION('',(0.,0.,1.));
#7362=DIRECTION('',(-1.,-6.12323399573677E-17,0.));
#7363=DIRECTION('',(0.,0.,1.));
#7364=DIRECTION('',(-1.,-6.12323399573677E-17,0.));
#7365=DIRECTION('',(6.12323399573677E-17,-1.,0.));
#7366=DIRECTION('',(1.,6.12323399573677E-17,0.));
#7367=DIRECTION('',(-1.,-6.12323399573677E-17,0.));
#7368=DIRECTION('',(6.12323399573677E-17,-1.,6.53699316918234E-12));
#7369=DIRECTION('',(1.,6.12323399573677E-17,0.));
#7370=DIRECTION('',(-6.12323399573677E-17,1.,0.));
#7371=DIRECTION('',(0.,0.,-1.));
#7372=DIRECTION('',(1.,6.12323399573677E-17,0.));
#7373=DIRECTION('',(-6.12323399573677E-17,1.,0.));
#7374=DIRECTION('',(-6.12323399573677E-17,1.,0.));
#7375=DIRECTION('',(0.,0.,1.));
#7376=DIRECTION('',(-6.12323399573677E-17,1.,0.));
#7377=DIRECTION('',(0.,0.,1.));
#7378=DIRECTION('',(-6.12323399573677E-17,1.,0.));
#7379=DIRECTION('',(-1.,-6.12323399573677E-17,0.));
#7380=DIRECTION('',(-1.,-6.12323399573677E-17,0.));
#7381=DIRECTION('',(0.,0.,1.));
#7382=DIRECTION('',(-1.,-6.12323399573677E-17,0.));
#7383=DIRECTION('',(-1.,-6.12323399573677E-17,0.));
#7384=DIRECTION('',(6.12323399573677E-17,-1.,0.));
#7385=DIRECTION('',(6.12323399573677E-17,-1.,0.));
#7386=DIRECTION('',(0.,0.,-1.));
#7387=DIRECTION('',(-6.12323399573677E-17,1.,0.));
#7388=DIRECTION('',(-6.12323399573677E-17,1.,0.));
#7389=DIRECTION('',(0.,0.,1.));
#7390=DIRECTION('',(-1.,-6.12323399573677E-17,0.));
#7391=DIRECTION('',(0.,0.,1.));
#7392=DIRECTION('',(1.,6.12323399573677E-17,0.));
#7393=DIRECTION('',(0.,0.,1.));
#7394=DIRECTION('',(1.,6.12323399573677E-17,0.));
#7395=DIRECTION('',(-6.12323399573677E-17,1.,0.));
#7396=DIRECTION('',(-1.,-6.12323399573677E-17,0.));
#7397=DIRECTION('',(-1.,-6.12323399573677E-17,0.));
#7398=DIRECTION('',(1.,6.12323399573677E-17,0.));
#7399=DIRECTION('',(-6.12323399573677E-17,1.,0.));
#7400=DIRECTION('',(6.12323399573677E-17,-1.,0.));
#7401=DIRECTION('',(0.,0.,1.));
#7402=DIRECTION('',(-6.12323399573677E-17,1.,0.));
#7403=DIRECTION('',(0.,0.,-1.));
#7404=DIRECTION('',(1.,6.12323399573677E-17,0.));
#7405=DIRECTION('',(0.,0.,1.));
#7406=DIRECTION('',(1.,6.12323399573677E-17,0.));
#7407=DIRECTION('',(-1.,-6.12323399573677E-17,0.));
#7408=DIRECTION('',(1.,6.12323399573677E-17,0.));
#7409=DIRECTION('',(-6.12323399573677E-17,1.,0.));
#7410=DIRECTION('',(6.12323399573677E-17,-1.,0.));
#7411=DIRECTION('',(0.,0.,1.));
#7412=DIRECTION('',(-6.12323399573677E-17,1.,0.));
#7413=DIRECTION('',(0.,0.,1.));
#7414=DIRECTION('',(1.,6.12323399573677E-17,0.));
#7415=DIRECTION('',(-1.,-6.12323399573677E-17,0.));
#7416=DIRECTION('',(-6.12323399573677E-17,1.,0.));
#7417=DIRECTION('',(1.,6.12323399573677E-17,0.));
#7418=DIRECTION('',(-6.12323399573677E-17,1.,0.));
#7419=DIRECTION('',(1.,6.12323399573677E-17,0.));
#7420=DIRECTION('',(-6.12323399573677E-17,1.,0.));
#7421=DIRECTION('',(0.,0.,1.));
#7422=DIRECTION('',(1.,6.12323399573677E-17,0.));
#7423=DIRECTION('',(0.,0.,-1.));
#7424=DIRECTION('',(-1.,-6.12323399573677E-17,0.));
#7425=DIRECTION('',(6.12323399573677E-17,-1.,0.));
#7426=DIRECTION('',(0.,0.,1.));
#7427=DIRECTION('',(6.12323399573677E-17,-1.,0.));
#7428=DIRECTION('',(-6.12323399573677E-17,1.,0.));
#7429=DIRECTION('',(-1.,-6.12323399573677E-17,0.));
#7430=DIRECTION('',(0.,0.,1.));
#7431=DIRECTION('',(1.,6.12323399573677E-17,0.));
#7432=DIRECTION('',(1.,6.12323399573677E-17,0.));
#7433=DIRECTION('',(-6.12323399573677E-17,1.,0.));
#7434=DIRECTION('',(0.,0.,1.));
#7435=DIRECTION('',(-6.12323399573677E-17,1.,0.));
#7436=DIRECTION('',(6.12323399573677E-17,-1.,0.));
#7437=DIRECTION('',(1.,6.12323399573677E-17,0.));
#7438=DIRECTION('',(0.,0.,-1.));
#7439=DIRECTION('',(1.,6.12323399573677E-17,0.));
#7440=DIRECTION('',(0.,0.,-1.));
#7441=DIRECTION('',(-1.,-6.12323399573677E-17,0.));
#7442=DIRECTION('',(1.,6.12323399573677E-17,0.));
#7443=DIRECTION('',(0.707106781186617,4.32978028117789E-17,-0.707106781186478));
#7444=DIRECTION('',(0.707106781186548,0.707106781186548,0.));
#7445=DIRECTION('',(-0.707106781186548,0.707106781186548,0.));
#7446=DIRECTION('',(0.707106781186504,-0.707106781186592,0.));
#7447=DIRECTION('',(-0.707106781186541,0.707106781186554,0.));
#7448=DIRECTION('',(0.,0.,-1.));
#7449=DIRECTION('',(-1.,-6.12323399573677E-17,0.));
#7450=DIRECTION('',(6.12323399573677E-17,-1.,0.));
#7451=DIRECTION('',(-6.12323399573677E-17,1.,0.));
#7452=DIRECTION('',(-1.30524583050901E-30,2.1316282072803E-14,1.));
#7453=DIRECTION('',(6.12323399573677E-17,-1.,0.));
#7454=DIRECTION('',(-6.12323399573677E-17,1.,0.));
#7455=DIRECTION('',(0.,0.,1.));
#7456=DIRECTION('',(0.,0.,1.));
#7457=DIRECTION('',(-1.,-6.12323399573677E-17,0.));
#7458=DIRECTION('',(0.,0.,1.));
#7459=DIRECTION('',(1.,6.12323399573677E-17,0.));
#7460=DIRECTION('',(-1.,-6.12323399573677E-17,0.));
#7461=DIRECTION('',(-6.12323399573677E-17,1.,0.));
#7462=DIRECTION('',(-1.,-6.12323399573677E-17,0.));
#7463=DIRECTION('',(-6.12323399573677E-17,1.,-2.70006239588777E-12));
#7464=DIRECTION('',(1.,6.12323399573677E-17,0.));
#7465=DIRECTION('',(0.,0.,-1.));
#7466=DIRECTION('',(-1.,-6.12323399573677E-17,0.));
#7467=DIRECTION('',(3.30503134806278E-18,-0.0539752580150273,-0.998542273277507));
#7468=DIRECTION('',(-6.1143079939131E-17,0.998542273277507,-0.0539752580150273));
#7469=DIRECTION('',(6.1143079939131E-17,-0.998542273277507,0.0539752580150273));
#7470=DIRECTION('',(-6.1143079939131E-17,0.998542273277507,-0.0539752580150273));
#7471=DIRECTION('',(-1.,-6.12323399573677E-17,0.));
#7472=DIRECTION('',(3.51171470907888E-17,-0.57350653454104,-0.819200985618747));
#7473=DIRECTION('',(-5.01615932448178E-17,0.819200985618747,-0.57350653454104));
#7474=DIRECTION('',(5.01615932448166E-17,-0.819200985618727,0.573506534541069));
#7475=DIRECTION('',(-5.01615932448166E-17,0.819200985618727,-0.573506534541069));
#7476=DIRECTION('',(1.,6.12323399573677E-17,0.));
#7477=DIRECTION('',(-1.,-6.12323399573677E-17,0.));
#7478=DIRECTION('',(-6.12323399573677E-17,1.,0.));
#7479=DIRECTION('',(1.,6.12323399573677E-17,0.));
#7480=DIRECTION('',(-3.51144410490478E-17,0.573462341525669,0.819231922505402));
#7481=DIRECTION('',(-1.,-6.12323399573677E-17,0.));
#7482=DIRECTION('',(-5.03840631323006E-20,0.000822834194600107,0.999999661471887));
#7483=DIRECTION('',(-1.,-6.12323399573677E-17,0.));
#7484=DIRECTION('',(-1.47206751021899E-20,0.000240406868534487,-0.999999971102268));
#7485=DIRECTION('',(-6.12323381878919E-17,0.999999971102268,0.000240406868534487));
#7486=DIRECTION('',(6.12323399573677E-17,-1.,0.));
#7487=DIRECTION('',(6.12323381878919E-17,-0.999999971102268,-0.000240406868534536));
#7488=DIRECTION('',(1.,6.12323399573677E-17,0.));
#7489=DIRECTION('',(-1.,-6.12323399573677E-17,0.));
#7490=DIRECTION('',(-6.12323399573677E-17,1.,0.));
#7491=DIRECTION('',(1.,6.12323399573677E-17,0.));
#7492=DIRECTION('',(-4.04687092716288E-20,0.000660904177429846,0.99999978160281));
#7493=DIRECTION('',(-1.,-6.12323399573677E-17,0.));
#7494=DIRECTION('',(6.12323399573677E-17,-1.,0.));
#7495=DIRECTION('',(-1.,-6.12323399573677E-17,0.));
#7496=DIRECTION('',(0.,0.,1.));
#7497=DIRECTION('',(1.,6.12323399573677E-17,0.));
#7498=DIRECTION('',(6.12323399573677E-17,-1.,0.));
#7499=DIRECTION('',(1.,6.12323399573677E-17,0.));
#7500=DIRECTION('',(6.12323399573677E-17,-1.,0.));
#7501=DIRECTION('',(-1.,-6.12323399573677E-17,0.));
#7502=DIRECTION('',(-6.12323399573677E-17,1.,0.));
#7503=DIRECTION('',(1.,6.12323399573677E-17,0.));
#7504=DIRECTION('',(6.12323399573677E-17,-1.,0.));
#7505=DIRECTION('',(1.,6.12323399573677E-17,0.));
#7506=DIRECTION('',(-1.,-6.12323399573677E-17,0.));
#7507=DIRECTION('',(0.,0.,-1.));
#7508=DIRECTION('',(-1.,-6.12323399573677E-17,0.));
#7509=DIRECTION('',(-6.12323399573677E-17,1.,0.));
#7510=DIRECTION('',(0.,0.,1.));
#7511=DIRECTION('',(0.,0.,1.));
#7512=DIRECTION('',(0.,0.,1.));
#7513=DIRECTION('',(1.,6.12323399573677E-17,0.));
#7514=DIRECTION('',(-1.,-6.12323399573677E-17,0.));
#7515=DIRECTION('',(-6.12323399573677E-17,1.,0.));
#7516=DIRECTION('',(1.,6.12323399573677E-17,0.));
#7517=DIRECTION('',(0.,0.,1.));
#7518=DIRECTION('',(-1.,-6.12323399573677E-17,0.));
#7519=DIRECTION('',(4.25998738667963E-18,-0.0695708736534583,-0.997577011332506));
#7520=DIRECTION('',(-1.,-6.12323399573677E-17,0.));
#7521=DIRECTION('',(1.,6.12323399573677E-17,0.));
#7522=DIRECTION('',(-6.12323399573677E-17,1.,0.));
#7523=DIRECTION('',(-6.12323399573677E-17,1.,0.));
#7524=DIRECTION('',(0.,0.,1.));
#7525=DIRECTION('',(6.12323399573677E-17,-1.,0.));
#7526=DIRECTION('',(-6.10839887251335E-17,0.997577240518043,-0.0695675872832073));
#7527=DIRECTION('',(0.,0.,1.));
#7528=DIRECTION('',(6.12323399573677E-17,-1.,0.));
#7529=DIRECTION('',(1.,6.12323399573677E-17,0.));
#7530=DIRECTION('',(-6.12323399573677E-17,1.,0.));
#7531=DIRECTION('',(-4.25978615453825E-18,0.0695675872831918,0.997577240518044));
#7532=DIRECTION('',(6.10839887251336E-17,-0.997577240518044,0.0695675872831918));
#7533=DIRECTION('',(6.10839887251335E-17,-0.997577240518043,0.0695675872832073));
#7534=DIRECTION('',(1.,6.12323399573677E-17,0.));
#7535=DIRECTION('',(-6.12323399573677E-17,1.,0.));
#7536=DIRECTION('',(6.12323399573677E-17,-1.,0.));
#7537=DIRECTION('',(-1.15713282846544E-30,1.88974131851091E-14,1.));
#7538=DIRECTION('',(6.12323399573677E-17,-1.,0.));
#7539=DIRECTION('',(0.,0.,-1.));
#7540=DIRECTION('',(-1.,-6.12323399573677E-17,0.));
#7541=DIRECTION('',(-1.,-6.12323399573677E-17,0.));
#7542=DIRECTION('',(-1.,-6.12323399573677E-17,0.));
#7543=DIRECTION('',(0.,0.,1.));
#7544=DIRECTION('',(-1.,-6.12323399573677E-17,0.));
#7545=DIRECTION('',(6.12323399573677E-17,-1.,0.));
#7546=DIRECTION('',(6.12323399573677E-17,-1.,0.));
#7547=DIRECTION('',(-6.12323399573677E-17,1.,0.));
#7548=DIRECTION('',(0.,0.,-1.));
#7549=DIRECTION('',(0.707106781186548,-0.707106781186548,0.));
#7550=DIRECTION('',(0.707106781186548,0.707106781186548,0.));
#7551=DIRECTION('',(-0.707106781186548,-0.707106781186548,0.));
#7552=DIRECTION('',(0.,0.,-1.));
#7553=DIRECTION('',(0.707106781186548,0.707106781186548,0.));
#7554=DIRECTION('',(6.12323399573677E-17,-1.,0.));
#7555=DIRECTION('',(1.,6.12323399573677E-17,0.));
#7556=DIRECTION('',(-1.,-6.12323399573677E-17,0.));
#7557=DIRECTION('',(0.,0.,-1.));
#7558=DIRECTION('',(-1.,-6.12323399573677E-17,0.));
#7559=DIRECTION('',(0.707106781186548,0.707106781186548,0.));
#7560=DIRECTION('',(-0.707106781186548,0.707106781186548,0.));
#7561=DIRECTION('',(0.707106781186554,-0.707106781186541,0.));
#7562=DIRECTION('',(-0.707106781186548,0.707106781186548,0.));
#7563=DIRECTION('',(0.,0.,-1.));
#7564=DIRECTION('',(-1.,-6.12323399573677E-17,0.));
#7565=DIRECTION('',(6.12323399573677E-17,-1.,0.));
#7566=DIRECTION('',(-6.12323399573677E-17,1.,0.));
#7567=DIRECTION('',(-1.30524583050901E-30,2.1316282072803E-14,1.));
#7568=DIRECTION('',(6.12323399573677E-17,-1.,0.));
#7569=DIRECTION('',(6.12323399573677E-17,-1.,0.));
#7570=DIRECTION('',(0.,0.,-1.));
#7571=DIRECTION('',(-1.,-6.12323399573677E-17,0.));
#7572=DIRECTION('',(-1.,-6.12323399573677E-17,0.));
#7573=DIRECTION('',(0.,0.,1.));
#7574=DIRECTION('',(-1.,-6.12323399573677E-17,0.));
#7575=DIRECTION('',(-1.,-6.12323399573677E-17,0.));
#7576=DIRECTION('',(6.12323399573677E-17,-1.,0.));
#7577=DIRECTION('',(6.12323399573677E-17,-1.,0.));
#7578=DIRECTION('',(-6.12323399573677E-17,1.,0.));
#7579=DIRECTION('',(0.,0.,-1.));
#7580=DIRECTION('',(0.707106781186548,-0.707106781186548,0.));
#7581=DIRECTION('',(0.707106781186548,0.707106781186548,0.));
#7582=DIRECTION('',(-0.707106781186535,-0.70710678118656,0.));
#7583=DIRECTION('',(0.,0.,-1.));
#7584=DIRECTION('',(0.707106781186548,0.707106781186548,0.));
#7585=DIRECTION('',(6.12323399573677E-17,-1.,0.));
#7586=DIRECTION('',(1.,6.12323399573677E-17,0.));
#7587=DIRECTION('',(-1.,-6.12323399573677E-17,0.));
#7588=DIRECTION('',(0.,0.,-1.));
#7589=DIRECTION('',(-1.,-6.12323399573677E-17,0.));
#7590=DIRECTION('',(0.707106781186548,0.707106781186548,0.));
#7591=DIRECTION('',(-0.707106781186548,0.707106781186548,0.));
#7592=DIRECTION('',(0.707106781186535,-0.70710678118656,0.));
#7593=DIRECTION('',(-0.707106781186548,0.707106781186548,0.));
#7594=DIRECTION('',(0.,0.,-1.));
#7595=DIRECTION('',(-1.,-6.12323399573677E-17,0.));
#7596=DIRECTION('',(6.12323399573677E-17,-1.,0.));
#7597=DIRECTION('',(-6.12323399573677E-17,1.,0.));
#7598=DIRECTION('',(-1.30524583050901E-30,2.1316282072803E-14,1.));
#7599=DIRECTION('',(6.12323399573677E-17,-1.,0.));
#7600=DIRECTION('',(-6.12323399573677E-17,1.,0.));
#7601=DIRECTION('',(0.,0.,1.));
#7602=DIRECTION('',(0.,0.,1.));
#7603=DIRECTION('',(-1.,-6.12323399573677E-17,0.));
#7604=DIRECTION('',(0.,0.,1.));
#7605=DIRECTION('',(1.,6.12323399573677E-17,0.));
#7606=DIRECTION('',(-1.,-6.12323399573677E-17,0.));
#7607=DIRECTION('',(-6.12323399573677E-17,1.,0.));
#7608=DIRECTION('',(-1.,-6.12323399573677E-17,0.));
#7609=DIRECTION('',(-6.12323399573677E-17,1.,-2.70006239588777E-12));
#7610=DIRECTION('',(1.,6.12323399573677E-17,0.));
#7611=DIRECTION('',(0.,0.,-1.));
#7612=DIRECTION('',(-1.,-6.12323399573677E-17,0.));
#7613=DIRECTION('',(3.30503134806278E-18,-0.0539752580150273,-0.998542273277507));
#7614=DIRECTION('',(-6.1143079939131E-17,0.998542273277507,-0.0539752580150273));
#7615=DIRECTION('',(6.1143079939131E-17,-0.998542273277507,0.0539752580150273));
#7616=DIRECTION('',(-6.1143079939131E-17,0.998542273277507,-0.0539752580150273));
#7617=DIRECTION('',(-1.,-6.12323399573677E-17,0.));
#7618=DIRECTION('',(3.51171470907888E-17,-0.57350653454104,-0.819200985618747));
#7619=DIRECTION('',(-5.01615932448178E-17,0.819200985618747,-0.57350653454104));
#7620=DIRECTION('',(5.01615932448166E-17,-0.819200985618727,0.573506534541069));
#7621=DIRECTION('',(-5.01615932448166E-17,0.819200985618727,-0.573506534541069));
#7622=DIRECTION('',(1.,6.12323399573677E-17,0.));
#7623=DIRECTION('',(-1.,-6.12323399573677E-17,0.));
#7624=DIRECTION('',(-6.12323399573677E-17,1.,0.));
#7625=DIRECTION('',(1.,6.12323399573677E-17,0.));
#7626=DIRECTION('',(-3.51144410490478E-17,0.573462341525669,0.819231922505402));
#7627=DIRECTION('',(-1.,-6.12323399573677E-17,0.));
#7628=DIRECTION('',(-5.03840631323006E-20,0.000822834194600107,0.999999661471887));
#7629=DIRECTION('',(-1.,-6.12323399573677E-17,0.));
#7630=DIRECTION('',(-1.47206751021899E-20,0.000240406868534487,-0.999999971102268));
#7631=DIRECTION('',(-6.12323381878919E-17,0.999999971102268,0.000240406868534487));
#7632=DIRECTION('',(6.12323381878919E-17,-0.999999971102268,-0.000240406868534487));
#7633=DIRECTION('',(6.12323381878919E-17,-0.999999971102268,-0.000240406868534536));
#7634=DIRECTION('',(1.,6.12323399573677E-17,0.));
#7635=DIRECTION('',(-1.,-6.12323399573677E-17,0.));
#7636=DIRECTION('',(-6.12323399573677E-17,1.,0.));
#7637=DIRECTION('',(1.,6.12323399573677E-17,0.));
#7638=DIRECTION('',(-4.04687092716288E-20,0.000660904177429846,0.99999978160281));
#7639=DIRECTION('',(-1.,-6.12323399573677E-17,0.));
#7640=DIRECTION('',(6.12323399573677E-17,-1.,0.));
#7641=DIRECTION('',(-1.,-6.12323399573677E-17,0.));
#7642=DIRECTION('',(0.,0.,1.));
#7643=DIRECTION('',(1.,6.12323399573677E-17,0.));
#7644=DIRECTION('',(6.12323399573677E-17,-1.,0.));
#7645=DIRECTION('',(1.,6.12323399573677E-17,0.));
#7646=DIRECTION('',(6.12323399573677E-17,-1.,0.));
#7647=DIRECTION('',(-1.,-6.12323399573677E-17,0.));
#7648=DIRECTION('',(-6.12323399573677E-17,1.,0.));
#7649=DIRECTION('',(1.,6.12323399573677E-17,0.));
#7650=DIRECTION('',(6.12323399573677E-17,-1.,0.));
#7651=DIRECTION('',(1.,6.12323399573677E-17,0.));
#7652=DIRECTION('',(-1.,-6.12323399573677E-17,0.));
#7653=DIRECTION('',(0.,0.,-1.));
#7654=DIRECTION('',(-1.,-6.12323399573677E-17,0.));
#7655=DIRECTION('',(-6.12323399573677E-17,1.,0.));
#7656=DIRECTION('',(0.,0.,1.));
#7657=DIRECTION('',(0.,0.,1.));
#7658=DIRECTION('',(0.,0.,1.));
#7659=DIRECTION('',(1.,6.12323399573677E-17,0.));
#7660=DIRECTION('',(-1.,-6.12323399573677E-17,0.));
#7661=DIRECTION('',(-6.12323399573677E-17,1.,0.));
#7662=DIRECTION('',(1.,6.12323399573677E-17,0.));
#7663=DIRECTION('',(0.,0.,1.));
#7664=DIRECTION('',(-1.,-6.12323399573677E-17,0.));
#7665=DIRECTION('',(4.25998738667963E-18,-0.0695708736534583,-0.997577011332506));
#7666=DIRECTION('',(-1.,-6.12323399573677E-17,0.));
#7667=DIRECTION('',(1.,6.12323399573677E-17,0.));
#7668=DIRECTION('',(-6.12323399573677E-17,1.,0.));
#7669=DIRECTION('',(-6.12323399573677E-17,1.,0.));
#7670=DIRECTION('',(0.,0.,1.));
#7671=DIRECTION('',(6.12323399573677E-17,-1.,0.));
#7672=DIRECTION('',(-6.10839887251335E-17,0.997577240518043,-0.069567587283209));
#7673=DIRECTION('',(0.,0.,1.));
#7674=DIRECTION('',(6.12323399573677E-17,-1.,0.));
#7675=DIRECTION('',(1.,6.12323399573677E-17,0.));
#7676=DIRECTION('',(-6.12323399573677E-17,1.,0.));
#7677=DIRECTION('',(-4.25978615453825E-18,0.0695675872831918,0.997577240518044));
#7678=DIRECTION('',(6.10839887251336E-17,-0.997577240518044,0.0695675872831918));
#7679=DIRECTION('',(6.10839887251335E-17,-0.997577240518043,0.069567587283209));
#7680=DIRECTION('',(1.,6.12323399573677E-17,0.));
#7681=DIRECTION('',(-6.12323399573677E-17,1.,0.));
#7682=DIRECTION('',(6.12323399573677E-17,-1.,0.));
#7683=DIRECTION('',(-1.15713282846544E-30,1.88974131851091E-14,1.));
#7684=DIRECTION('',(6.12323399573677E-17,-1.,0.));
#7685=DIRECTION('',(0.,0.,-1.));
#7686=DIRECTION('',(-1.,-6.12323399573677E-17,0.));
#7687=DIRECTION('',(-1.,-6.12323399573677E-17,0.));
#7688=DIRECTION('',(-1.,-6.12323399573677E-17,0.));
#7689=DIRECTION('',(0.,0.,1.));
#7690=DIRECTION('',(-1.,-6.12323399573677E-17,0.));
#7691=DIRECTION('',(6.12323399573677E-17,-1.,0.));
#7692=DIRECTION('',(6.12323399573677E-17,-1.,0.));
#7693=DIRECTION('',(-6.12323399573677E-17,1.,0.));
#7694=DIRECTION('',(0.,0.,-1.));
#7695=DIRECTION('',(0.707106781186548,-0.707106781186548,0.));
#7696=DIRECTION('',(0.707106781186548,0.707106781186548,0.));
#7697=DIRECTION('',(-0.707106781186535,-0.70710678118656,0.));
#7698=DIRECTION('',(0.,0.,-1.));
#7699=DIRECTION('',(0.707106781186548,0.707106781186548,0.));
#7700=DIRECTION('',(6.12323399573677E-17,-1.,0.));
#7701=DIRECTION('',(1.,6.12323399573677E-17,0.));
#7702=DIRECTION('',(-1.,-6.12323399573677E-17,0.));
#7703=DIRECTION('',(-1.,-6.12323399573677E-17,0.));
#7704=DIRECTION('',(0.,0.,1.));
#7705=DIRECTION('',(6.12323399573677E-17,-1.,0.));
#7706=DIRECTION('',(0.707106781186548,-0.707106781186548,0.));
#7707=DIRECTION('',(6.12323399573677E-17,-1.,0.));
#7708=DIRECTION('',(1.,6.12323399573677E-17,0.));
#7709=DIRECTION('',(6.12323399573677E-17,-1.,0.));
#7710=DIRECTION('',(0.707106781186535,0.70710678118656,0.));
#7711=DIRECTION('',(1.,6.12323399573677E-17,0.));
#7712=DIRECTION('',(-1.,-6.12323399573677E-17,0.));
#7713=DIRECTION('',(6.12323399573677E-17,-1.,0.));
#7714=DIRECTION('',(0.,0.,-1.));
#7715=DIRECTION('',(0.,0.,1.));
#7716=DIRECTION('',(-6.12323399573677E-17,1.,0.));
#7717=DIRECTION('',(0.707106781186548,-0.707106781186548,0.));
#7718=DIRECTION('',(0.707106781186548,0.707106781186548,0.));
#7719=DIRECTION('',(-0.707106781186535,-0.70710678118656,0.));
#7720=DIRECTION('',(0.,0.,-1.));
#7721=DIRECTION('',(6.12323399573677E-17,-1.,0.));
#7722=DIRECTION('',(1.,6.12323399573677E-17,0.));
#7723=DIRECTION('',(0.707106781186535,4.32978028117739E-17,0.70710678118656));
#7724=DIRECTION('',(-1.,-6.12323399573677E-17,0.));
#7725=DIRECTION('',(-1.,-6.12323399573677E-17,0.));
#7726=DIRECTION('',(0.,0.,-1.));
#7727=DIRECTION('',(0.707106781186548,4.32978028117747E-17,-0.707106781186548));
#7728=DIRECTION('',(-0.707106781186548,-4.32978028117747E-17,-0.707106781186548));
#7729=DIRECTION('',(6.12323399573677E-17,-1.,0.));
#7730=DIRECTION('',(0.57735026918964,0.57735026918964,0.577350269189598));
#7731=DIRECTION('',(6.12323399573677E-17,-1.,0.));
#7732=DIRECTION('',(-4.32978028117747E-17,0.707106781186548,-0.707106781186548));
#7733=DIRECTION('',(4.32978028117747E-17,-0.707106781186548,-0.707106781186548));
#7734=DIRECTION('',(-0.577350269189626,-0.577350269189667,-0.577350269189585));
#7735=DIRECTION('',(-1.,-6.12323399573677E-17,0.));
#7736=DIRECTION('',(-0.707106781186548,-4.32978028117747E-17,0.707106781186548));
#7737=DIRECTION('',(-0.707106781186548,-4.32978028117747E-17,-0.707106781186548));
#7738=DIRECTION('',(-6.12323399573677E-17,1.,0.));
#7739=DIRECTION('',(-5.81038920276449E-33,9.48908568055689E-17,-1.));
#7740=DIRECTION('',(-6.12323399573677E-17,1.,9.48908568055689E-17));
#7741=DIRECTION('',(6.12323399573677E-17,-1.,0.));
#7742=DIRECTION('',(0.707106781186548,4.32978028117747E-17,0.707106781186548));
#7743=DIRECTION('',(0.707106781186548,4.32978028117747E-17,-0.707106781186548));
#7744=DIRECTION('',(6.12323399573677E-17,-1.,0.));
#7745=DIRECTION('',(-1.,-6.12323399573677E-17,0.));
#7746=DIRECTION('',(6.12323399573677E-17,-1.,0.));
#7747=DIRECTION('',(0.,0.,1.));
#7748=DIRECTION('',(-6.12323399573677E-17,1.,0.));
#7749=DIRECTION('',(0.,0.,1.));
#7750=DIRECTION('',(4.14834257278362E-17,-0.677475754751796,-0.735545105159081));
#7751=DIRECTION('',(-6.12323399573677E-17,1.,0.));
#7752=DIRECTION('',(-6.03992080759716E-17,0.986393923832143,0.164398987305364));
#7753=DIRECTION('',(-6.12323399573677E-17,1.,0.));
#7754=DIRECTION('',(0.,0.,1.));
#7755=DIRECTION('',(0.,0.,1.));
#7756=DIRECTION('',(-1.,-6.12323399573677E-17,0.));
#7757=DIRECTION('',(-1.,-6.12323399573677E-17,0.));
#7758=DIRECTION('',(1.00665346793299E-17,-0.164398987305379,0.98639392383214));
#7759=DIRECTION('',(-6.03992080759714E-17,0.98639392383214,0.164398987305379));
#7760=DIRECTION('',(6.03992080759714E-17,-0.986393923832139,-0.164398987305386));
#7761=DIRECTION('',(-1.,-6.12323399573677E-17,0.));
#7762=DIRECTION('',(6.12323399573677E-17,-1.,0.));
#7763=DIRECTION('',(-6.12323399573677E-17,1.,0.));
#7764=DIRECTION('',(-4.14834257278362E-17,0.677475754751796,0.735545105159081));
#7765=DIRECTION('',(0.,0.,1.));
#7766=DIRECTION('',(-6.12323399573677E-17,1.,-1.03728866534321E-14));
#7767=DIRECTION('',(-5.81038920276449E-33,9.48908568055689E-17,-1.));
#7768=DIRECTION('',(-6.12323399573677E-17,1.,9.48908568055689E-17));
#7769=DIRECTION('',(-1.,-6.12323399573677E-17,0.));
#7770=DIRECTION('',(-6.12323399573677E-17,1.,0.));
#7771=DIRECTION('',(0.,0.,-1.));
#7772=DIRECTION('',(1.,6.12323399573677E-17,0.));
#7773=DIRECTION('',(4.50391479330786E-17,-0.735545105159081,0.677475754751796));
#7774=DIRECTION('',(-4.14834257278362E-17,0.677475754751796,0.735545105159081));
#7775=DIRECTION('',(1.,6.12323399573677E-17,0.));
#7776=DIRECTION('',(0.,0.,-1.));
#7777=DIRECTION('',(-6.12323399573677E-17,1.,0.));
#7778=DIRECTION('',(1.,6.12323399573677E-17,0.));
#7779=DIRECTION('',(6.12323399573677E-17,-1.,0.));
#7780=DIRECTION('',(6.12323399573677E-17,-1.,0.));
#7781=DIRECTION('',(1.,6.12323399573677E-17,0.));
#7782=DIRECTION('',(-6.12323399573677E-17,1.,0.));
#7783=DIRECTION('',(-0.707106781186548,0.707106781186548,0.));
#7784=DIRECTION('',(0.707106781186548,0.707106781186548,0.));
#7785=DIRECTION('',(-0.707106781186548,0.707106781186548,0.));
#7786=DIRECTION('',(0.,0.,-1.));
#7787=DIRECTION('',(-1.,-6.12323399573677E-17,0.));
#7788=DIRECTION('',(6.12323399573677E-17,-1.,0.));
#7789=DIRECTION('',(-1.30524583050901E-30,2.1316282072803E-14,1.));
#7790=DIRECTION('',(6.12323399573677E-17,-1.,0.));
#7791=DIRECTION('',(0.,0.,-1.));
#7792=DIRECTION('',(0.,0.,1.));
#7793=DIRECTION('',(-1.,-6.12323399573677E-17,0.));
#7794=DIRECTION('',(-1.15713282846544E-30,1.88974131851091E-14,1.));
#7795=DIRECTION('',(0.,0.,1.));
#7796=DIRECTION('',(1.,6.12323399573677E-17,0.));
#7797=DIRECTION('',(6.12323399573677E-17,-1.,0.));
#7798=DIRECTION('',(6.12323399573677E-17,-1.,0.));
#7799=DIRECTION('',(-1.,-6.12323399573677E-17,0.));
#7800=DIRECTION('',(-1.,-6.12323399573677E-17,0.));
#7801=DIRECTION('',(-6.12323399573677E-17,1.,0.));
#7802=DIRECTION('',(1.,6.12323399573677E-17,0.));
#7803=DIRECTION('',(-4.04687092716288E-20,0.000660904177429846,0.99999978160281));
#7804=DIRECTION('',(1.,6.12323399573677E-17,0.));
#7805=DIRECTION('',(-1.,-6.12323399573677E-17,0.));
#7806=DIRECTION('',(6.12323399573677E-17,-1.,0.));
#7807=DIRECTION('',(-1.47206751021899E-20,0.000240406868534487,-0.999999971102268));
#7808=DIRECTION('',(-6.12323381878919E-17,0.999999971102268,0.000240406868534487));
#7809=DIRECTION('',(6.12323381878919E-17,-0.999999971102268,-0.000240406868534487));
#7810=DIRECTION('',(-1.,-6.12323399573677E-17,0.));
#7811=DIRECTION('',(6.12323381878919E-17,-0.999999971102268,-0.000240406868534536));
#7812=DIRECTION('',(-1.,-6.12323399573677E-17,0.));
#7813=DIRECTION('',(-6.12323399573677E-17,1.,0.));
#7814=DIRECTION('',(1.,6.12323399573677E-17,0.));
#7815=DIRECTION('',(-3.51144410490478E-17,0.573462341525669,0.819231922505402));
#7816=DIRECTION('',(1.,6.12323399573677E-17,0.));
#7817=DIRECTION('',(-1.,-6.12323399573677E-17,0.));
#7818=DIRECTION('',(-5.03840631323006E-20,0.000822834194600107,0.999999661471887));
#7819=DIRECTION('',(3.51171470907888E-17,-0.57350653454104,-0.819200985618747));
#7820=DIRECTION('',(-5.01615932448178E-17,0.819200985618747,-0.57350653454104));
#7821=DIRECTION('',(5.01615932448166E-17,-0.819200985618727,0.573506534541069));
#7822=DIRECTION('',(1.,6.12323399573677E-17,0.));
#7823=DIRECTION('',(-5.01615932448166E-17,0.819200985618727,-0.573506534541069));
#7824=DIRECTION('',(3.30503134806278E-18,-0.0539752580150273,-0.998542273277507));
#7825=DIRECTION('',(-6.1143079939131E-17,0.998542273277507,-0.0539752580150273));
#7826=DIRECTION('',(-6.1143079939131E-17,0.998542273277507,-0.0539752580150273));
#7827=DIRECTION('',(-1.,-6.12323399573677E-17,0.));
#7828=DIRECTION('',(6.1143079939131E-17,-0.998542273277507,0.0539752580150273));
#7829=DIRECTION('',(-1.,-6.12323399573677E-17,0.));
#7830=DIRECTION('',(-6.12323399573677E-17,1.,0.));
#7831=DIRECTION('',(-1.,-6.12323399573677E-17,0.));
#7832=DIRECTION('',(-6.12323399573677E-17,1.,-2.70006239588777E-12));
#7833=DIRECTION('',(1.,6.12323399573677E-17,0.));
#7834=DIRECTION('',(1.,6.12323399573677E-17,0.));
#7835=DIRECTION('',(0.,0.,-1.));
#7836=DIRECTION('',(-6.12323399573677E-17,1.,0.));
#7837=DIRECTION('',(0.,0.,1.));
#7838=DIRECTION('',(0.,0.,1.));
#7839=DIRECTION('',(1.,6.12323399573677E-17,0.));
#7840=DIRECTION('',(0.,0.,1.));
#7841=DIRECTION('',(1.,6.12323399573677E-17,0.));
#7842=DIRECTION('',(-6.12323399573677E-17,1.,0.));
#7843=DIRECTION('',(6.10839887251335E-17,-0.997577240518043,0.0695675872832073));
#7844=DIRECTION('',(-1.,-6.12323399573677E-17,0.));
#7845=DIRECTION('',(6.12323399573677E-17,-1.,0.));
#7846=DIRECTION('',(0.,0.,1.));
#7847=DIRECTION('',(-6.12323399573677E-17,1.,0.));
#7848=DIRECTION('',(0.,0.,1.));
#7849=DIRECTION('',(6.12323399573677E-17,-1.,0.));
#7850=DIRECTION('',(-6.12323399573677E-17,1.,0.));
#7851=DIRECTION('',(-1.,-6.12323399573677E-17,0.));
#7852=DIRECTION('',(1.,6.12323399573677E-17,0.));
#7853=DIRECTION('',(-6.12323399573677E-17,1.,0.));
#7854=DIRECTION('',(0.,0.,1.));
#7855=DIRECTION('',(1.,6.12323399573677E-17,0.));
#7856=DIRECTION('',(6.12323399573677E-17,-1.,0.));
#7857=DIRECTION('',(-6.10839887251335E-17,0.997577240518043,-0.0695675872832073));
#7858=DIRECTION('',(-4.25978615453825E-18,0.0695675872831918,0.997577240518044));
#7859=DIRECTION('',(6.10839887251336E-17,-0.997577240518044,0.0695675872831918));
#7860=DIRECTION('',(-1.,-6.12323399573677E-17,0.));
#7861=DIRECTION('',(-1.,-6.12323399573677E-17,0.));
#7862=DIRECTION('',(-6.12323399573677E-17,1.,0.));
#7863=DIRECTION('',(1.,6.12323399573677E-17,0.));
#7864=DIRECTION('',(-6.12323399573677E-17,1.,0.));
#7865=DIRECTION('',(0.,0.,1.));
#7866=CARTESIAN_POINT('',(0.,0.,0.));
#7867=CARTESIAN_POINT('',(-0.00107499999999998,0.00109499565456546,0.000499999999999973));
#7868=CARTESIAN_POINT('',(0.00107500000000002,0.00109499565456546,0.000449999999999978));
#7869=CARTESIAN_POINT('',(0.00107500000000002,0.00109499565456546,0.000449999999999978));
#7870=CARTESIAN_POINT('',(0.000925000000000018,0.00109499565456546,0.000449999999999978));
#7871=CARTESIAN_POINT('',(0.000925000000000018,0.00109499565456546,0.000499999999999973));
#7872=CARTESIAN_POINT('',(0.000925000000000018,0.00104499565456546,0.000499999999999973));
#7873=CARTESIAN_POINT('',(0.000925000000000018,0.00104499565456546,0.000499999999999973));
#7874=CARTESIAN_POINT('',(0.00107500000000002,0.00104499565456546,0.000499999999999973));
#7875=CARTESIAN_POINT('',(0.00107500000000002,0.00109499565456546,0.000499999999999973));
#7876=CARTESIAN_POINT('',(-0.00107499999999998,0.00109499565456546,0.000499999999999973));
#7877=CARTESIAN_POINT('',(0.000275000000000019,0.00109499565456546,0.000449999999999978));
#7878=CARTESIAN_POINT('',(0.000275000000000019,0.00109499565456546,0.000449999999999978));
#7879=CARTESIAN_POINT('',(0.000125000000000017,0.00109499565456546,0.000449999999999978));
#7880=CARTESIAN_POINT('',(0.000125000000000017,0.00109499565456546,0.000499999999999973));
#7881=CARTESIAN_POINT('',(0.000125000000000017,0.00104499565456546,0.000499999999999973));
#7882=CARTESIAN_POINT('',(0.000125000000000017,0.00104499565456546,0.000499999999999973));
#7883=CARTESIAN_POINT('',(0.000275000000000019,0.00104499565456546,0.000499999999999973));
#7884=CARTESIAN_POINT('',(0.000275000000000019,0.00109499565456546,0.000499999999999973));
#7885=CARTESIAN_POINT('',(-0.00107499999999998,0.00109499565456546,0.000449999999999978));
#7886=CARTESIAN_POINT('',(0.000125000000000017,0.00109499565456546,0.000289999999999978));
#7887=CARTESIAN_POINT('',(0.000125000000000017,0.00109499565456546,0.000289999999999978));
#7888=CARTESIAN_POINT('',(0.000275000000000019,0.00109499565456546,0.000289999999999978));
#7889=CARTESIAN_POINT('',(0.000125000000000017,0.00109499565456546,0.000289999999999978));
#7890=CARTESIAN_POINT('',(0.000275000000000019,0.00109499565456546,0.000289999999999978));
#7891=CARTESIAN_POINT('',(-0.00107499999999998,0.00109499565456546,0.000239999999999977));
#7892=CARTESIAN_POINT('',(0.000275000000000019,0.00109151711088246,0.000190121149433377));
#7893=CARTESIAN_POINT('',(0.000275000000000019,0.00109151722042834,0.000190121141793925));
#7894=CARTESIAN_POINT('',(0.000125000000000017,0.0010915171930419,0.000190121143703828));
#7895=CARTESIAN_POINT('',(0.000125000000000017,0.00109499565456546,0.000239999999999977));
#7896=CARTESIAN_POINT('',(0.000275000000000019,0.00109499565456546,0.000239999999999977));
#7897=CARTESIAN_POINT('',(0.004,-0.000175004345434539,2.99999999999745E-05));
#7898=CARTESIAN_POINT('',(0.000275000000000019,0.00101427565456546,2.99999999999745E-05));
#7899=CARTESIAN_POINT('',(0.000275000000000019,0.00101427565456546,2.99999999999745E-05));
#7900=CARTESIAN_POINT('',(0.000275000000000019,0.000924995654565462,2.99999999999745E-05));
#7901=CARTESIAN_POINT('',(0.000275000000000019,0.000924995654565462,2.99999999999745E-05));
#7902=CARTESIAN_POINT('',(0.000125000000000017,0.000924995654565462,2.99999999999745E-05));
#7903=CARTESIAN_POINT('',(0.000125000000000017,0.00101427565456546,2.99999999999745E-05));
#7904=CARTESIAN_POINT('',(0.000125000000000017,0.00101427565456546,2.99999999999745E-05));
#7905=CARTESIAN_POINT('',(0.000275000000000019,0.00101427565456546,2.99999999999745E-05));
#7906=CARTESIAN_POINT('',(-0.00107499999999998,0.00105427565456546,2.99999999999745E-05));
#7907=CARTESIAN_POINT('',(0.000125000000000017,0.00105427565456546,2.99999999999745E-05));
#7908=CARTESIAN_POINT('',(0.000125000000000017,0.00105427084642824,6.99999988438768E-05));
#7909=CARTESIAN_POINT('',(0.000125000000000017,0.00105427565456546,6.99999999999729E-05));
#7910=CARTESIAN_POINT('',(0.000275000000000019,0.00105426924371582,6.99999984584768E-05));
#7911=CARTESIAN_POINT('',(0.000275000000000019,0.00105427565456546,2.99999999999745E-05));
#7912=CARTESIAN_POINT('',(-0.00107499999999998,0.00108923253748946,7.0008403874576E-05));
#7913=CARTESIAN_POINT('',(0.000125000000000017,0.000428362446989422,6.98495261610282E-05));
#7914=CARTESIAN_POINT('',(0.000125000000000017,0.00108923253748946,7.00056025831758E-05));
#7915=CARTESIAN_POINT('',(0.000275000000000019,0.00108923253748946,7.0008403874576E-05));
#7916=CARTESIAN_POINT('',(0.000275000000000019,0.00108923710829456,7.00084049734262E-05));
#7917=CARTESIAN_POINT('',(0.000275000000000019,0.00108923253748946,7.0008403874576E-05));
#7918=CARTESIAN_POINT('',(-0.00107499999999998,0.00108923253748946,2.00084038749701E-05));
#7919=CARTESIAN_POINT('',(0.000125000000000017,0.00108923253748946,2.00084038749701E-05));
#7920=CARTESIAN_POINT('',(0.000125000000000017,0.00111790675937002,6.09692265479758E-05));
#7921=CARTESIAN_POINT('',(0.000125000000000017,0.00111790565456546,6.09699999999727E-05));
#7922=CARTESIAN_POINT('',(0.000275000000000019,0.00111790712763822,6.09689687306805E-05));
#7923=CARTESIAN_POINT('',(0.000275000000000019,0.00108923253748946,2.00084038749701E-05));
#7924=CARTESIAN_POINT('',(-0.00107499999999998,0.00120499565456546,-2.77555756156289E-17));
#7925=CARTESIAN_POINT('',(0.000125000000000017,0.00120499565456546,-2.77555756156289E-17));
#7926=CARTESIAN_POINT('',(0.000125000000000017,0.00120510864181852,-7.91001586730733E-08));
#7927=CARTESIAN_POINT('',(-0.00107499999999998,0.00120510864181852,-7.91001586730733E-08));
#7928=CARTESIAN_POINT('',(0.000275000000000018,0.00120510864181852,-7.91001586730733E-08));
#7929=CARTESIAN_POINT('',(0.000275000000000019,0.00111790565456546,6.09699999999727E-05));
#7930=CARTESIAN_POINT('',(-0.00107499999999998,0.00157499172050666,-2.00727800877751E-05));
#7931=CARTESIAN_POINT('',(0.000125000000000017,0.000421949099562302,4.22538480713761E-05));
#7932=CARTESIAN_POINT('',(0.000125000000000017,0.00157229689166471,-1.99271136639284E-05));
#7933=CARTESIAN_POINT('',(-0.00107499999999998,0.00157229689166471,-1.99271136639284E-05));
#7934=CARTESIAN_POINT('',(0.000275000000000018,0.00157229689166471,-1.99271136639284E-05));
#7935=CARTESIAN_POINT('',(0.000275000000000018,0.00157499172050666,-2.00727800877751E-05));
#7936=CARTESIAN_POINT('',(-0.00107499999999998,0.00157499565456546,2.99999999999745E-05));
#7937=CARTESIAN_POINT('',(0.000125000000000017,0.00157499565456546,2.99999999999745E-05));
#7938=CARTESIAN_POINT('',(0.000125000000000017,0.00162499565456546,2.99999999999745E-05));
#7939=CARTESIAN_POINT('',(0.000125000000000017,0.00162499565456546,2.99999999999745E-05));
#7940=CARTESIAN_POINT('',(0.000275000000000018,0.00162499565456546,2.99999999999745E-05));
#7941=CARTESIAN_POINT('',(0.000275000000000018,0.00157499565456546,2.99999999999745E-05));
#7942=CARTESIAN_POINT('',(-0.00107499999999998,0.00162499565456546,0.000179999999999979));
#7943=CARTESIAN_POINT('',(0.000125000000000017,0.00162499565456546,2.99999999999745E-05));
#7944=CARTESIAN_POINT('',(0.000125000000000017,0.00162499565456546,0.000179999999999979));
#7945=CARTESIAN_POINT('',(0.000125000000000017,0.00162499565456546,0.000179999999999979));
#7946=CARTESIAN_POINT('',(0.000275000000000018,0.00162499565456546,0.000179999999999979));
#7947=CARTESIAN_POINT('',(0.000275000000000018,0.00162499565456546,2.99999999999745E-05));
#7948=CARTESIAN_POINT('',(-0.00107499999999998,0.00124361565456546,0.000179999999999979));
#7949=CARTESIAN_POINT('',(0.000275000000000018,0.00123665119870916,0.000179999999999979));
#7950=CARTESIAN_POINT('',(0.000275000000000018,0.00123665119870876,0.000179999999999979));
#7951=CARTESIAN_POINT('',(0.000125000000000017,0.00123665119870856,0.000179999999999979));
#7952=CARTESIAN_POINT('',(0.000125000000000017,0.00123665119870824,0.000179999999999979));
#7953=CARTESIAN_POINT('',(0.000275000000000018,0.00123665119870916,0.000179999999999979));
#7954=CARTESIAN_POINT('',(0.000125000000000017,0.000428340654565462,0.000160497615629973));
#7955=CARTESIAN_POINT('',(0.000125000000000017,0.000924995654565462,2.99999999999745E-05));
#7956=CARTESIAN_POINT('',(0.000125000000000017,0.000924995654565462,0.000499999999999973));
#7957=CARTESIAN_POINT('',(0.000125000000000017,0.00104499565456546,0.000499999999999973));
#7958=CARTESIAN_POINT('',(0.000125000000000017,0.00109151711088276,0.000190121149433273));
#7959=CARTESIAN_POINT('',(-0.00107499999999998,0.00109151711088246,0.000190121149433377));
#7960=CARTESIAN_POINT('',(0.000275000000000018,0.00123665119870856,0.000179999999999979));
#7961=CARTESIAN_POINT('',(0.000275000000000019,0.000428340654565462,0.000160497615629973));
#7962=CARTESIAN_POINT('',(0.000275000000000019,0.00104499565456546,0.000499999999999973));
#7963=CARTESIAN_POINT('',(0.000275000000000019,0.000924995654565462,0.000499999999999973));
#7964=CARTESIAN_POINT('',(0.000275000000000019,0.000924995654565462,2.99999999999745E-05));
#7965=CARTESIAN_POINT('',(-0.00107499999999998,0.00109499565456546,0.000499999999999973));
#7966=CARTESIAN_POINT('',(0.000675000000000018,0.00109499565456546,0.000449999999999978));
#7967=CARTESIAN_POINT('',(0.000675000000000018,0.00109499565456546,0.000449999999999978));
#7968=CARTESIAN_POINT('',(0.000525000000000017,0.00109499565456546,0.000449999999999978));
#7969=CARTESIAN_POINT('',(0.000525000000000017,0.00109499565456546,0.000499999999999973));
#7970=CARTESIAN_POINT('',(0.000525000000000017,0.00104499565456546,0.000499999999999973));
#7971=CARTESIAN_POINT('',(0.000525000000000017,0.00104499565456546,0.000499999999999973));
#7972=CARTESIAN_POINT('',(0.000675000000000018,0.00104499565456546,0.000499999999999973));
#7973=CARTESIAN_POINT('',(0.000675000000000018,0.00109499565456546,0.000499999999999973));
#7974=CARTESIAN_POINT('',(-0.00107499999999998,0.00109499565456546,0.000449999999999978));
#7975=CARTESIAN_POINT('',(0.000525000000000017,0.00109499565456546,0.000289999999999978));
#7976=CARTESIAN_POINT('',(0.000525000000000017,0.00109499565456546,0.000289999999999978));
#7977=CARTESIAN_POINT('',(0.000675000000000018,0.00109499565456546,0.000289999999999978));
#7978=CARTESIAN_POINT('',(0.000525000000000017,0.00109499565456546,0.000289999999999978));
#7979=CARTESIAN_POINT('',(0.000675000000000018,0.00109499565456546,0.000289999999999978));
#7980=CARTESIAN_POINT('',(-0.00107499999999998,0.00109499565456546,0.000239999999999977));
#7981=CARTESIAN_POINT('',(0.000675000000000018,0.00109151711088246,0.000190121149433377));
#7982=CARTESIAN_POINT('',(0.000675000000000018,0.00109151722042836,0.000190121141794023));
#7983=CARTESIAN_POINT('',(0.000525000000000017,0.0010915171930419,0.000190121143703828));
#7984=CARTESIAN_POINT('',(0.000525000000000017,0.00109499565456546,0.000239999999999977));
#7985=CARTESIAN_POINT('',(0.000675000000000018,0.00109499565456546,0.000239999999999977));
#7986=CARTESIAN_POINT('',(0.004,-0.000175004345434539,2.99999999999745E-05));
#7987=CARTESIAN_POINT('',(0.000675000000000018,0.00101427565456546,2.99999999999745E-05));
#7988=CARTESIAN_POINT('',(0.000675000000000018,0.00101427565456546,2.99999999999745E-05));
#7989=CARTESIAN_POINT('',(0.000675000000000018,0.000924995654565462,2.99999999999745E-05));
#7990=CARTESIAN_POINT('',(0.000675000000000018,0.000924995654565462,2.99999999999745E-05));
#7991=CARTESIAN_POINT('',(0.000525000000000017,0.000924995654565462,2.99999999999745E-05));
#7992=CARTESIAN_POINT('',(0.000525000000000017,0.00101427565456546,2.99999999999745E-05));
#7993=CARTESIAN_POINT('',(0.000525000000000017,0.00101427565456546,2.99999999999745E-05));
#7994=CARTESIAN_POINT('',(0.000675000000000018,0.00101427565456546,2.99999999999745E-05));
#7995=CARTESIAN_POINT('',(-0.00107499999999998,0.00105427565456546,2.99999999999745E-05));
#7996=CARTESIAN_POINT('',(0.000525000000000017,0.00105427565456546,2.99999999999745E-05));
#7997=CARTESIAN_POINT('',(0.000525000000000017,0.00105427084642824,6.99999988438768E-05));
#7998=CARTESIAN_POINT('',(0.000525000000000017,0.00105427565456546,6.99999999999729E-05));
#7999=CARTESIAN_POINT('',(0.000675000000000018,0.00105427084642824,6.99999988437797E-05));
#8000=CARTESIAN_POINT('',(0.000675000000000018,0.00105427565456546,2.99999999999745E-05));
#8001=CARTESIAN_POINT('',(-0.00107499999999998,0.00108923253748946,7.0008403874576E-05));
#8002=CARTESIAN_POINT('',(0.000525000000000017,0.000428362446989422,6.98495261610282E-05));
#8003=CARTESIAN_POINT('',(0.000525000000000017,0.00108923253748946,7.00056025831758E-05));
#8004=CARTESIAN_POINT('',(0.000675000000000018,0.00108923253748946,7.0008403874576E-05));
#8005=CARTESIAN_POINT('',(0.000675000000000018,0.00108923710840726,7.00084049734748E-05));
#8006=CARTESIAN_POINT('',(0.000675000000000018,0.00108923253748946,7.0008403874576E-05));
#8007=CARTESIAN_POINT('',(-0.00107499999999998,0.00108923253748946,2.00084038749701E-05));
#8008=CARTESIAN_POINT('',(0.000525000000000017,0.00108923253748946,2.00084038749701E-05));
#8009=CARTESIAN_POINT('',(0.000525000000000017,0.00111790675937002,6.09692265479758E-05));
#8010=CARTESIAN_POINT('',(0.000525000000000017,0.00111790565456546,6.09699999999727E-05));
#8011=CARTESIAN_POINT('',(0.000675000000000018,0.00111790712763822,6.09689687306805E-05));
#8012=CARTESIAN_POINT('',(0.000675000000000018,0.00108923253748946,2.00084038749701E-05));
#8013=CARTESIAN_POINT('',(-0.00107499999999998,0.00120499565456546,-2.77555756156289E-17));
#8014=CARTESIAN_POINT('',(0.000525000000000017,0.00120499565456546,-2.77555756156289E-17));
#8015=CARTESIAN_POINT('',(0.000525000000000017,0.00120510864181852,-7.91001586730733E-08));
#8016=CARTESIAN_POINT('',(-0.00107499999999998,0.00120510864181852,-7.91001586730733E-08));
#8017=CARTESIAN_POINT('',(0.000675000000000018,0.00120510864181852,-7.91001586730733E-08));
#8018=CARTESIAN_POINT('',(0.000675000000000018,0.00111790565456546,6.09699999999727E-05));
#8019=CARTESIAN_POINT('',(-0.00107499999999998,0.00157499172050666,-2.00727800877751E-05));
#8020=CARTESIAN_POINT('',(0.000525000000000017,0.000421949099562302,4.22538480713761E-05));
#8021=CARTESIAN_POINT('',(0.000525000000000017,0.00157229689166471,-1.99271136639284E-05));
#8022=CARTESIAN_POINT('',(-0.00107499999999998,0.00157229689166471,-1.99271136639284E-05));
#8023=CARTESIAN_POINT('',(0.000675000000000018,0.00157229689166471,-1.99271136639284E-05));
#8024=CARTESIAN_POINT('',(0.000675000000000018,0.00157499172050666,-2.00727800877751E-05));
#8025=CARTESIAN_POINT('',(-0.00107499999999998,0.00157499565456546,2.99999999999745E-05));
#8026=CARTESIAN_POINT('',(0.000525000000000017,0.00157499565456546,2.99999999999745E-05));
#8027=CARTESIAN_POINT('',(0.000525000000000017,0.00162499565456546,2.99999999999745E-05));
#8028=CARTESIAN_POINT('',(0.000525000000000017,0.00162499565456546,2.99999999999745E-05));
#8029=CARTESIAN_POINT('',(0.000675000000000018,0.00162499565456546,2.99999999999745E-05));
#8030=CARTESIAN_POINT('',(0.000675000000000018,0.00157499565456546,2.99999999999745E-05));
#8031=CARTESIAN_POINT('',(-0.00107499999999998,0.00162499565456546,0.000179999999999979));
#8032=CARTESIAN_POINT('',(0.000525000000000017,0.00162499565456546,2.99999999999745E-05));
#8033=CARTESIAN_POINT('',(0.000525000000000017,0.00162499565456546,0.000179999999999979));
#8034=CARTESIAN_POINT('',(0.000525000000000017,0.00162499565456546,0.000179999999999979));
#8035=CARTESIAN_POINT('',(0.000675000000000018,0.00162499565456546,0.000179999999999979));
#8036=CARTESIAN_POINT('',(0.000675000000000018,0.00162499565456546,2.99999999999745E-05));
#8037=CARTESIAN_POINT('',(-0.00107499999999998,0.00124361565456546,0.000179999999999979));
#8038=CARTESIAN_POINT('',(0.000675000000000018,0.00123665119870916,0.000179999999999979));
#8039=CARTESIAN_POINT('',(0.000675000000000018,0.00123665119870876,0.000179999999999979));
#8040=CARTESIAN_POINT('',(0.000525000000000017,0.00123665119870856,0.000179999999999979));
#8041=CARTESIAN_POINT('',(0.000525000000000017,0.00123665119870824,0.000179999999999979));
#8042=CARTESIAN_POINT('',(0.000675000000000018,0.00123665119870916,0.000179999999999979));
#8043=CARTESIAN_POINT('',(0.000525000000000017,0.000428340654565462,0.000160497615629973));
#8044=CARTESIAN_POINT('',(0.000525000000000017,0.000924995654565462,2.99999999999745E-05));
#8045=CARTESIAN_POINT('',(0.000525000000000017,0.000924995654565462,0.000499999999999973));
#8046=CARTESIAN_POINT('',(0.000525000000000017,0.00104499565456546,0.000499999999999973));
#8047=CARTESIAN_POINT('',(0.000525000000000017,0.00109151711088276,0.000190121149433273));
#8048=CARTESIAN_POINT('',(-0.00107499999999998,0.00109151711088246,0.000190121149433377));
#8049=CARTESIAN_POINT('',(0.000675000000000018,0.00123665119870856,0.000179999999999979));
#8050=CARTESIAN_POINT('',(0.000675000000000018,0.000428340654565462,0.000160497615629973));
#8051=CARTESIAN_POINT('',(0.000675000000000018,0.00104499565456546,0.000499999999999973));
#8052=CARTESIAN_POINT('',(0.000675000000000018,0.000924995654565462,0.000499999999999973));
#8053=CARTESIAN_POINT('',(0.000675000000000018,0.000924995654565462,2.99999999999745E-05));
#8054=CARTESIAN_POINT('',(-0.00151875,0.00102499565456546,0.000444999999999973));
#8055=CARTESIAN_POINT('',(0.000862500000000018,0.00102499565456546,0.000499999999999973));
#8056=CARTESIAN_POINT('',(0.000862500000000018,0.00102499565456546,0.000499999999999973));
#8057=CARTESIAN_POINT('',(0.000862500000000018,0.00102499565456546,-2.77555756156289E-17));
#8058=CARTESIAN_POINT('',(0.000737500000000018,0.00102499565456546,-2.77555756156289E-17));
#8059=CARTESIAN_POINT('',(0.000737500000000018,0.00102499565456546,-2.77555756156289E-17));
#8060=CARTESIAN_POINT('',(0.000737500000000018,0.00102499565456546,0.000499999999999973));
#8061=CARTESIAN_POINT('',(0.000737500000000018,0.00102499565456546,0.000499999999999973));
#8062=CARTESIAN_POINT('',(0.000737500000000018,0.00102499565456546,0.000499999999999973));
#8063=CARTESIAN_POINT('',(0.000712500000000017,0.000999995654565462,0.000249999999999973));
#8064=CARTESIAN_POINT('',(0.000687500000000018,0.000974995654565461,0.000499999999999973));
#8065=CARTESIAN_POINT('',(0.000687500000000018,0.000974995654565461,0.000499999999999973));
#8066=CARTESIAN_POINT('',(0.000687500000000018,0.000974995654565461,-2.77555756156289E-17));
#8067=CARTESIAN_POINT('',(0.000737500000000018,0.00102499565456546,0.000499999999999973));
#8068=CARTESIAN_POINT('',(0.000687500000000018,0.000974995654565461,-2.77555756156289E-17));
#8069=CARTESIAN_POINT('',(0.000687500000000018,-0.000225004345434539,4.49999999999756E-05));
#8070=CARTESIAN_POINT('',(0.000687500000000018,0.000974995654565461,-2.77555756156289E-17));
#8071=CARTESIAN_POINT('',(0.000687500000000018,0.000924995654565462,-2.77555756156289E-17));
#8072=CARTESIAN_POINT('',(0.000687500000000018,0.000924995654565462,-2.77555756156289E-17));
#8073=CARTESIAN_POINT('',(0.000687500000000018,0.000924995654565462,0.000499999999999973));
#8074=CARTESIAN_POINT('',(0.000687500000000018,0.000924995654565462,0.000499999999999973));
#8075=CARTESIAN_POINT('',(-0.000912499999999983,0.000924995654565462,0.000499999999999973));
#8076=CARTESIAN_POINT('',(0.000512500000000018,0.000924995654565462,-2.77555756156289E-17));
#8077=CARTESIAN_POINT('',(0.000512500000000018,0.000924995654565462,-2.77555756156289E-17));
#8078=CARTESIAN_POINT('',(0.000512500000000018,0.000924995654565462,-2.77555756156289E-17));
#8079=CARTESIAN_POINT('',(0.000512500000000018,0.000924995654565462,0.000499999999999973));
#8080=CARTESIAN_POINT('',(0.000512500000000018,0.000924995654565462,0.000499999999999973));
#8081=CARTESIAN_POINT('',(0.000675000000000018,0.000924995654565462,0.000499999999999973));
#8082=CARTESIAN_POINT('',(0.000512500000000018,-0.000225004345434539,4.49999999999756E-05));
#8083=CARTESIAN_POINT('',(0.000512500000000018,0.000974995654565461,0.000499999999999973));
#8084=CARTESIAN_POINT('',(0.000512500000000018,0.000974995654565461,0.000499999999999973));
#8085=CARTESIAN_POINT('',(0.000512500000000018,0.000974995654565461,-2.77555756156289E-17));
#8086=CARTESIAN_POINT('',(0.000512500000000018,0.000924995654565462,0.000499999999999973));
#8087=CARTESIAN_POINT('',(0.000512500000000018,0.000974995654565461,-2.77555756156289E-17));
#8088=CARTESIAN_POINT('',(0.000487500000000017,0.000999995654565462,0.000249999999999973));
#8089=CARTESIAN_POINT('',(0.000462500000000017,0.00102499565456546,-2.77555756156289E-17));
#8090=CARTESIAN_POINT('',(0.000462500000000017,0.00102499565456546,-2.77555756156289E-17));
#8091=CARTESIAN_POINT('',(0.000462500000000017,0.00102499565456546,0.000499999999999973));
#8092=CARTESIAN_POINT('',(0.000462500000000017,0.00102499565456546,0.000499999999999973));
#8093=CARTESIAN_POINT('',(0.000512500000000018,0.000974995654565461,0.000499999999999973));
#8094=CARTESIAN_POINT('',(-0.00151875,0.00102499565456546,0.000444999999999973));
#8095=CARTESIAN_POINT('',(0.000337500000000016,0.00102499565456546,-2.77555756156289E-17));
#8096=CARTESIAN_POINT('',(0.000337500000000016,0.00102499565456546,-2.77555756156289E-17));
#8097=CARTESIAN_POINT('',(0.000337500000000016,0.00102499565456546,0.000499999999999973));
#8098=CARTESIAN_POINT('',(0.000337500000000016,0.00102499565456546,0.000499999999999973));
#8099=CARTESIAN_POINT('',(0.000337500000000016,0.00102499565456546,0.000499999999999973));
#8100=CARTESIAN_POINT('',(0.000312500000000018,0.000999995654565462,0.000249999999999973));
#8101=CARTESIAN_POINT('',(0.000287500000000017,0.000974995654565461,0.000499999999999973));
#8102=CARTESIAN_POINT('',(0.000287500000000017,0.000974995654565461,0.000499999999999973));
#8103=CARTESIAN_POINT('',(0.000287500000000017,0.000974995654565461,-2.77555756156289E-17));
#8104=CARTESIAN_POINT('',(0.000337500000000016,0.00102499565456546,0.000499999999999973));
#8105=CARTESIAN_POINT('',(0.000287500000000017,0.000974995654565461,-2.77555756156289E-17));
#8106=CARTESIAN_POINT('',(0.000287500000000017,-0.000225004345434539,4.49999999999756E-05));
#8107=CARTESIAN_POINT('',(0.000287500000000017,0.000974995654565461,-2.77555756156289E-17));
#8108=CARTESIAN_POINT('',(0.000287500000000017,0.000924995654565462,-2.77555756156289E-17));
#8109=CARTESIAN_POINT('',(0.000287500000000017,0.000924995654565462,-2.77555756156289E-17));
#8110=CARTESIAN_POINT('',(0.000287500000000017,0.000924995654565462,0.000499999999999973));
#8111=CARTESIAN_POINT('',(0.000287500000000017,0.000924995654565462,0.000499999999999973));
#8112=CARTESIAN_POINT('',(-0.000912499999999983,0.000924995654565462,0.000499999999999973));
#8113=CARTESIAN_POINT('',(0.000112500000000017,0.000924995654565462,-2.77555756156289E-17));
#8114=CARTESIAN_POINT('',(0.000112500000000017,0.000924995654565462,-2.77555756156289E-17));
#8115=CARTESIAN_POINT('',(0.000112500000000017,0.000924995654565462,0.000499999999999973));
#8116=CARTESIAN_POINT('',(0.000112500000000017,0.000924995654565462,0.000499999999999973));
#8117=CARTESIAN_POINT('',(0.000275000000000019,0.000924995654565462,0.000499999999999973));
#8118=CARTESIAN_POINT('',(0.000112500000000017,0.000924995654565462,-2.77555756156289E-17));
#8119=CARTESIAN_POINT('',(0.000112500000000017,-0.000225004345434539,4.49999999999756E-05));
#8120=CARTESIAN_POINT('',(0.000112500000000017,0.000974995654565461,0.000499999999999973));
#8121=CARTESIAN_POINT('',(0.000112500000000017,0.000974995654565461,0.000499999999999973));
#8122=CARTESIAN_POINT('',(0.000112500000000017,0.000974995654565461,-2.77555756156289E-17));
#8123=CARTESIAN_POINT('',(0.000112500000000017,0.000924995654565462,0.000499999999999973));
#8124=CARTESIAN_POINT('',(0.000112500000000017,0.000974995654565461,-2.77555756156289E-17));
#8125=CARTESIAN_POINT('',(8.75000000000181E-05,0.000999995654565462,0.000249999999999973));
#8126=CARTESIAN_POINT('',(6.25000000000173E-05,0.00102499565456546,-2.77555756156289E-17));
#8127=CARTESIAN_POINT('',(6.25000000000173E-05,0.00102499565456546,-2.77555756156289E-17));
#8128=CARTESIAN_POINT('',(6.25000000000173E-05,0.00102499565456546,0.000499999999999973));
#8129=CARTESIAN_POINT('',(6.25000000000173E-05,0.00102499565456546,0.000499999999999973));
#8130=CARTESIAN_POINT('',(0.000112500000000017,0.000974995654565461,0.000499999999999973));
#8131=CARTESIAN_POINT('',(-0.00107499999999998,0.00162499565456546,0.000179999999999979));
#8132=CARTESIAN_POINT('',(-0.000674999999999983,0.00162499565456546,2.99999999999745E-05));
#8133=CARTESIAN_POINT('',(-0.000674999999999983,0.00162499565456546,2.99999999999745E-05));
#8134=CARTESIAN_POINT('',(-0.000674999999999983,0.00162499565456546,0.000179999999999979));
#8135=CARTESIAN_POINT('',(-0.000524999999999983,0.00162499565456546,0.000179999999999979));
#8136=CARTESIAN_POINT('',(-0.000524999999999983,0.00162499565456546,0.000179999999999979));
#8137=CARTESIAN_POINT('',(-0.000524999999999983,0.00162499565456546,2.99999999999745E-05));
#8138=CARTESIAN_POINT('',(-0.000524999999999983,0.00162499565456546,2.99999999999745E-05));
#8139=CARTESIAN_POINT('',(-0.000674999999999983,0.00162499565456546,2.99999999999745E-05));
#8140=CARTESIAN_POINT('',(-0.00107499999999998,0.00157499565456546,2.99999999999745E-05));
#8141=CARTESIAN_POINT('',(-0.000674999999999983,0.00157499565456546,2.99999999999745E-05));
#8142=CARTESIAN_POINT('',(-0.000674999999999983,0.00157229689166471,-1.99271136639284E-05));
#8143=CARTESIAN_POINT('',(-0.000524999999999983,0.00157499565456546,2.99999999999745E-05));
#8144=CARTESIAN_POINT('',(-0.000524999999999983,0.00157229689166471,-1.99271136639284E-05));
#8145=CARTESIAN_POINT('',(-0.00107499999999998,0.00157229689166471,-1.99271136639284E-05));
#8146=CARTESIAN_POINT('',(-0.00107499999999998,0.00157499172050666,-2.00727800877751E-05));
#8147=CARTESIAN_POINT('',(-0.000674999999999983,0.00157499172050666,-2.00727800877751E-05));
#8148=CARTESIAN_POINT('',(-0.000674999999999983,0.00120510864181852,-7.91001586730733E-08));
#8149=CARTESIAN_POINT('',(-0.000524999999999983,0.000421949099562302,4.22538480713761E-05));
#8150=CARTESIAN_POINT('',(-0.000524999999999983,0.00120510864181852,-7.91001586730733E-08));
#8151=CARTESIAN_POINT('',(-0.00107499999999998,0.00120510864181852,-7.91001586730733E-08));
#8152=CARTESIAN_POINT('',(-0.00107499999999998,0.00120499565456546,-2.77555756156289E-17));
#8153=CARTESIAN_POINT('',(-0.000674999999999983,0.00120499565456546,-2.77555756156289E-17));
#8154=CARTESIAN_POINT('',(-0.000674999999999983,0.00111790675937002,6.09692265479758E-05));
#8155=CARTESIAN_POINT('',(-0.000524999999999983,0.00111790565456546,6.09699999999727E-05));
#8156=CARTESIAN_POINT('',(-0.000524999999999983,0.00111790712765212,6.09689687505258E-05));
#8157=CARTESIAN_POINT('',(-0.000674999999999983,0.00111790565456546,6.09699999999727E-05));
#8158=CARTESIAN_POINT('',(-0.00107499999999998,0.00108923253748946,2.00084038749701E-05));
#8159=CARTESIAN_POINT('',(-0.000674999999999983,0.00108923253748946,2.00084038749701E-05));
#8160=CARTESIAN_POINT('',(-0.000674999999999983,0.00108923253748946,7.00056025831758E-05));
#8161=CARTESIAN_POINT('',(-0.000524999999999983,0.00108923253748946,2.00084038749701E-05));
#8162=CARTESIAN_POINT('',(-0.000524999999999983,0.00108922452392742,7.00084019480754E-05));
#8163=CARTESIAN_POINT('',(-0.000524999999999983,0.00108923253748946,7.0008403874576E-05));
#8164=CARTESIAN_POINT('',(-0.00107499999999998,0.00108923253748946,7.0008403874576E-05));
#8165=CARTESIAN_POINT('',(-0.000674999999999983,0.000428362446989422,6.98495261610282E-05));
#8166=CARTESIAN_POINT('',(-0.000674999999999983,0.00105427084642824,6.99999988438768E-05));
#8167=CARTESIAN_POINT('',(-0.000524999999999983,0.00108923253748946,7.0008403874576E-05));
#8168=CARTESIAN_POINT('',(-0.000524999999999983,0.00105426924371582,6.99999984584768E-05));
#8169=CARTESIAN_POINT('',(-0.000674999999999983,0.00105427565456546,6.99999999999729E-05));
#8170=CARTESIAN_POINT('',(-0.00107499999999998,0.00105427565456546,2.99999999999745E-05));
#8171=CARTESIAN_POINT('',(-0.000674999999999983,0.00105427565456546,2.99999999999745E-05));
#8172=CARTESIAN_POINT('',(-0.000674999999999983,0.00101427565456546,2.99999999999745E-05));
#8173=CARTESIAN_POINT('',(-0.000524999999999983,0.00105427565456546,2.99999999999745E-05));
#8174=CARTESIAN_POINT('',(-0.000524999999999983,0.00101427565456546,2.99999999999745E-05));
#8175=CARTESIAN_POINT('',(-0.000524999999999983,0.00101427565456546,2.99999999999745E-05));
#8176=CARTESIAN_POINT('',(0.004,-0.000175004345434539,2.99999999999745E-05));
#8177=CARTESIAN_POINT('',(-0.000524999999999983,0.00101427565456546,2.99999999999745E-05));
#8178=CARTESIAN_POINT('',(-0.000524999999999983,0.000924995654565462,2.99999999999745E-05));
#8179=CARTESIAN_POINT('',(-0.000674999999999983,0.000924995654565462,2.99999999999745E-05));
#8180=CARTESIAN_POINT('',(-0.000674999999999983,0.000924995654565462,2.99999999999745E-05));
#8181=CARTESIAN_POINT('',(-0.000674999999999983,0.00101427565456546,2.99999999999745E-05));
#8182=CARTESIAN_POINT('',(-0.00107499999999998,0.00109499565456546,0.000499999999999973));
#8183=CARTESIAN_POINT('',(-0.000674999999999983,0.00109499565456546,0.000499999999999973));
#8184=CARTESIAN_POINT('',(-0.000674999999999983,0.00104499565456546,0.000499999999999973));
#8185=CARTESIAN_POINT('',(-0.000674999999999983,0.00109499565456546,0.000449999999999978));
#8186=CARTESIAN_POINT('',(-0.000674999999999983,0.00104499565456546,0.000499999999999973));
#8187=CARTESIAN_POINT('',(-0.000524999999999983,0.00104499565456546,0.000499999999999973));
#8188=CARTESIAN_POINT('',(-0.000524999999999983,0.00109499565456546,0.000499999999999973));
#8189=CARTESIAN_POINT('',(-0.000524999999999983,0.00109499565456546,0.000449999999999978));
#8190=CARTESIAN_POINT('',(-0.000524999999999983,0.00109499565456546,0.000449999999999978));
#8191=CARTESIAN_POINT('',(-0.00107499999999998,0.00109499565456546,0.000449999999999978));
#8192=CARTESIAN_POINT('',(-0.000674999999999983,0.00109499565456546,0.000289999999999978));
#8193=CARTESIAN_POINT('',(-0.000674999999999983,0.00109499565456546,0.000289999999999978));
#8194=CARTESIAN_POINT('',(-0.000524999999999983,0.00109499565456546,0.000289999999999978));
#8195=CARTESIAN_POINT('',(-0.000524999999999983,0.00109499565456546,0.000289999999999978));
#8196=CARTESIAN_POINT('',(-0.000674999999999983,0.00109499565456546,0.000289999999999978));
#8197=CARTESIAN_POINT('',(-0.00107499999999998,0.00109499565456546,0.000239999999999977));
#8198=CARTESIAN_POINT('',(-0.000674999999999983,0.00109499565456546,0.000239999999999977));
#8199=CARTESIAN_POINT('',(-0.000674999999999983,0.0010915171930419,0.000190121143703828));
#8200=CARTESIAN_POINT('',(-0.000524999999999983,0.00109499565456546,0.000239999999999977));
#8201=CARTESIAN_POINT('',(-0.000524999999999983,0.00109151722042834,0.000190121141793925));
#8202=CARTESIAN_POINT('',(-0.000524999999999983,0.00109151711088246,0.000190121149433377));
#8203=CARTESIAN_POINT('',(-0.000674999999999983,0.000428340654565462,0.000160497615629973));
#8204=CARTESIAN_POINT('',(-0.000674999999999983,0.00123665119870856,0.000179999999999979));
#8205=CARTESIAN_POINT('',(-0.000674999999999983,0.00123665119870824,0.000179999999999979));
#8206=CARTESIAN_POINT('',(-0.000674999999999983,0.000924995654565462,2.99999999999745E-05));
#8207=CARTESIAN_POINT('',(-0.000674999999999983,0.000924995654565462,0.000499999999999973));
#8208=CARTESIAN_POINT('',(-0.000674999999999983,0.00104499565456546,0.000499999999999973));
#8209=CARTESIAN_POINT('',(-0.000674999999999983,0.00109151711088276,0.000190121149433273));
#8210=CARTESIAN_POINT('',(-0.00107499999999998,0.00124361565456546,0.000179999999999979));
#8211=CARTESIAN_POINT('',(-0.000674999999999983,0.00123665119870916,0.000179999999999979));
#8212=CARTESIAN_POINT('',(-0.000524999999999983,0.00123665119870876,0.000179999999999979));
#8213=CARTESIAN_POINT('',(-0.000524999999999983,0.00123665119870916,0.000179999999999979));
#8214=CARTESIAN_POINT('',(-0.00107499999999998,0.00109151711088246,0.000190121149433377));
#8215=CARTESIAN_POINT('',(-0.000524999999999983,0.00123665119870856,0.000179999999999979));
#8216=CARTESIAN_POINT('',(-0.000524999999999983,0.000428340654565462,0.000160497615629973));
#8217=CARTESIAN_POINT('',(-0.000524999999999983,0.00104499565456546,0.000499999999999973));
#8218=CARTESIAN_POINT('',(-0.000524999999999983,0.000924995654565462,0.000499999999999973));
#8219=CARTESIAN_POINT('',(-0.000524999999999983,0.000924995654565462,2.99999999999745E-05));
#8220=CARTESIAN_POINT('',(-0.001855,0.000249995654565462,0.000369999999999975));
#8221=CARTESIAN_POINT('',(-0.001855,-0.000575004345434538,0.000589999999263978));
#8222=CARTESIAN_POINT('',(-0.001855,-0.000575004345434538,0.000589999999263881));
#8223=CARTESIAN_POINT('',(-0.001855,-0.000575004345434538,0.000289999999999978));
#8224=CARTESIAN_POINT('',(-0.001855,-0.000575004345434538,0.000639999999263875));
#8225=CARTESIAN_POINT('',(-0.001855,-0.000625004345434538,0.000639999999263875));
#8226=CARTESIAN_POINT('',(-0.001855,-0.000625004345434538,0.00063999999926407));
#8227=CARTESIAN_POINT('',(-0.001855,-0.000625004345434538,0.000689999999263974));
#8228=CARTESIAN_POINT('',(-0.001855,-0.000625004345434538,0.000689999999263974));
#8229=CARTESIAN_POINT('',(-0.001855,-0.0012750043456012,0.000689999999263974));
#8230=CARTESIAN_POINT('',(-0.001855,-0.00127500434543454,0.000689999999263974));
#8231=CARTESIAN_POINT('',(-0.001855,-0.00127500434551786,0.000519999999876376));
#8232=CARTESIAN_POINT('',(-0.001855,-0.00127500434543454,0.000519999999959581));
#8233=CARTESIAN_POINT('',(-0.001855,-0.00132500434543454,0.000469999999834776));
#8234=CARTESIAN_POINT('',(-0.001855,-0.00132500434543454,0.000469999999959579));
#8235=CARTESIAN_POINT('',(-0.001855,-0.00132500434545456,0.000240000000019829));
#8236=CARTESIAN_POINT('',(-0.001855,-0.00132500434543454,0.000239999999999977));
#8237=CARTESIAN_POINT('',(-0.001855,-0.00127500434568454,0.000189999999876525));
#8238=CARTESIAN_POINT('',(-0.001855,-0.00127500434568454,0.000189999999959771));
#8239=CARTESIAN_POINT('',(-0.001855,-0.00127500434568454,2.9999999733972E-05));
#8240=CARTESIAN_POINT('',(-0.001855,-0.00127500434568454,2.9999999733972E-05));
#8241=CARTESIAN_POINT('',(-0.001855,-0.0012250043454344,-2.0000000000027E-05));
#8242=CARTESIAN_POINT('',(-0.001855,-0.00122500434543434,-2.0000000000027E-05));
#8243=CARTESIAN_POINT('',(-0.001855,-0.000825004345384637,-2.36123620656059E-13));
#8244=CARTESIAN_POINT('',(-0.001855,-0.000825004345384837,-2.36220765170714E-13));
#8245=CARTESIAN_POINT('',(-0.001855,-0.000725004345400838,7.99999997639772E-05));
#8246=CARTESIAN_POINT('',(-0.001855,-0.000725004345367037,7.99999997639772E-05));
#8247=CARTESIAN_POINT('',(-0.001855,-0.000625004345434538,7.99999997639772E-05));
#8248=CARTESIAN_POINT('',(-0.001855,-0.000625004345434538,7.99999997639772E-05));
#8249=CARTESIAN_POINT('',(-0.001855,-0.000625004345434538,0.000240000000000879));
#8250=CARTESIAN_POINT('',(-0.001855,-0.000575004345436039,0.000240000000001378));
#8251=CARTESIAN_POINT('',(-0.001975,-0.000625004345434538,0.000239999999999977));
#8252=CARTESIAN_POINT('',(-0.001975,-0.000625004345434538,0.000639999999263972));
#8253=CARTESIAN_POINT('',(-0.001975,-0.000625004345434538,0.000639999999263924));
#8254=CARTESIAN_POINT('',(-0.001975,-0.000625004345434538,0.000689999999263974));
#8255=CARTESIAN_POINT('',(-0.001855,-0.000625004345434538,0.000689999999263974));
#8256=CARTESIAN_POINT('',(-0.001975,-0.000625004345434538,0.000639999999263875));
#8257=CARTESIAN_POINT('',(-0.001975,-0.00127500434543454,0.000689999999263974));
#8258=CARTESIAN_POINT('',(-0.001975,-0.000625004345434538,0.000689999999263974));
#8259=CARTESIAN_POINT('',(-0.001975,-0.00127500434568454,0.000689999999263974));
#8260=CARTESIAN_POINT('',(-0.001855,-0.00127500434568454,0.000689999999263974));
#8261=CARTESIAN_POINT('',(-0.001975,-0.00127500434568454,9.99999973397281E-06));
#8262=CARTESIAN_POINT('',(-0.001975,-0.00127500434568454,0.000689999999263974));
#8263=CARTESIAN_POINT('',(-0.001975,-0.00127500434568454,0.000519999999709725));
#8264=CARTESIAN_POINT('',(-0.001855,-0.00127500434568454,0.000519999999709975));
#8265=CARTESIAN_POINT('',(-0.001975,-0.00132500434568454,0.000469999999709973));
#8266=CARTESIAN_POINT('',(-0.001975,-0.00132500434543454,0.000469999999959579));
#8267=CARTESIAN_POINT('',(-0.001975,-0.00132500434543454,0.000469999999959975));
#8268=CARTESIAN_POINT('',(-0.001855,-0.00132500434543454,0.000469999999709973));
#8269=CARTESIAN_POINT('',(-0.001975,-0.00132500434543454,0.000240000000119977));
#8270=CARTESIAN_POINT('',(-0.001975,-0.00132500434543454,0.000469999999709973));
#8271=CARTESIAN_POINT('',(-0.001975,-0.00132500434546456,0.000240000000029876));
#8272=CARTESIAN_POINT('',(-0.001855,-0.00132500434549454,0.000240000000059977));
#8273=CARTESIAN_POINT('',(-0.001975,-0.00127500434536204,0.000189999999782475));
#8274=CARTESIAN_POINT('',(-0.001975,-0.00127500434568454,0.000189999999959771));
#8275=CARTESIAN_POINT('',(-0.001975,-0.00127500434568456,0.000189999999876622));
#8276=CARTESIAN_POINT('',(-0.001855,-0.00127500434568454,0.000189999999709971));
#8277=CARTESIAN_POINT('',(-0.001975,-0.00127500434568454,9.99999973397281E-06));
#8278=CARTESIAN_POINT('',(-0.001975,-0.00127500434568454,0.000189999999709971));
#8279=CARTESIAN_POINT('',(-0.001975,-0.00127500434568454,2.9999999733972E-05));
#8280=CARTESIAN_POINT('',(-0.001855,-0.00127500434568454,2.9999999733972E-05));
#8281=CARTESIAN_POINT('',(-0.001975,-0.00122500434556354,-2.0000000129021E-05));
#8282=CARTESIAN_POINT('',(-0.001975,-0.00122500434543434,-2.0000000000027E-05));
#8283=CARTESIAN_POINT('',(-0.001975,-0.00122500434543442,-2.0000000000027E-05));
#8284=CARTESIAN_POINT('',(-0.001855,-0.00122500434543454,-2.0000000000027E-05));
#8285=CARTESIAN_POINT('',(-0.001975,-0.000825004345384537,-2.360195372475E-13));
#8286=CARTESIAN_POINT('',(-0.001975,-0.000825004345384837,-2.36220765170714E-13));
#8287=CARTESIAN_POINT('',(-0.001975,-0.000825004345384537,-2.360195372475E-13));
#8288=CARTESIAN_POINT('',(-0.001855,-0.000825004345384537,-2.360195372475E-13));
#8289=CARTESIAN_POINT('',(-0.001975,-0.000825004345384537,-2.360195372475E-13));
#8290=CARTESIAN_POINT('',(-0.001975,-0.000725004345367037,7.99999997639772E-05));
#8291=CARTESIAN_POINT('',(-0.001975,-0.000725004345367037,7.99999997639772E-05));
#8292=CARTESIAN_POINT('',(-0.001855,-0.000725004345434539,7.99999997639772E-05));
#8293=CARTESIAN_POINT('',(-0.001975,-0.000625004345434538,7.99999997639772E-05));
#8294=CARTESIAN_POINT('',(-0.001975,-0.000725004345434539,7.99999997639772E-05));
#8295=CARTESIAN_POINT('',(-0.001975,-0.000625004345434538,7.99999997639772E-05));
#8296=CARTESIAN_POINT('',(-0.001855,-0.000625004345434538,7.99999997639772E-05));
#8297=CARTESIAN_POINT('',(-0.001975,-0.000625004345434538,0.000239999999999977));
#8298=CARTESIAN_POINT('',(-0.001975,-0.000625004345434538,7.99999997639772E-05));
#8299=CARTESIAN_POINT('',(-0.001975,-0.000625004345434538,0.000240000000001378));
#8300=CARTESIAN_POINT('',(-0.001855,-0.000625004345434538,0.000240000000001378));
#8301=CARTESIAN_POINT('',(-0.001975,-0.000575004345436039,0.000240000000001378));
#8302=CARTESIAN_POINT('',(-0.001975,-0.000575004345436039,0.000240000000001378));
#8303=CARTESIAN_POINT('',(-0.001975,-0.000575004345434538,0.000289999999999978));
#8304=CARTESIAN_POINT('',(-0.001975,-0.000575004345434538,0.000289999999999978));
#8305=CARTESIAN_POINT('',(-0.001975,0.000249995654565462,0.000369999999999975));
#8306=CARTESIAN_POINT('',(-0.001975,-0.000575004345434538,0.000639999999263875));
#8307=CARTESIAN_POINT('',(-0.001975,-0.000575004345434538,0.000589999999263978));
#8308=CARTESIAN_POINT('',(-0.001975,-0.000575004345434538,0.000589999999263881));
#8309=CARTESIAN_POINT('',(-0.001975,-0.000575004345434538,0.000639999999263875));
#8310=CARTESIAN_POINT('',(-0.001855,-0.000575004345434538,0.000589999999263881));
#8311=CARTESIAN_POINT('',(-0.001625,-0.000650004345434538,0.000854999999999974));
#8312=CARTESIAN_POINT('',(0.001725,-0.000625004345434538,0.000829999999999977));
#8313=CARTESIAN_POINT('',(0.001725,-0.000625004345434538,0.000829999999999977));
#8314=CARTESIAN_POINT('',(0.001775,-0.000675004345434537,0.000879999999999978));
#8315=CARTESIAN_POINT('',(0.001725,-0.000625004345434538,0.000829999999999977));
#8316=CARTESIAN_POINT('',(0.001525,-0.000625004345434538,0.000829999999999977));
#8317=CARTESIAN_POINT('',(0.001525,-0.000675004345434537,0.000879999999999978));
#8318=CARTESIAN_POINT('',(0.001525,-0.000675004345434537,0.000879999999999978));
#8319=CARTESIAN_POINT('',(0.001775,-0.000675004345434537,0.000879999999999978));
#8320=CARTESIAN_POINT('',(-0.001725,-0.000625004345434538,0.000829999999999977));
#8321=CARTESIAN_POINT('',(0.001725,-0.000145004345434538,0.000829999999999977));
#8322=CARTESIAN_POINT('',(0.001725,-0.000145004345434538,0.000829999999999977));
#8323=CARTESIAN_POINT('',(0.001525,-0.000145004345434538,0.000829999999999977));
#8324=CARTESIAN_POINT('',(0.001525,-0.000625004345434538,0.000829999999999977));
#8325=CARTESIAN_POINT('',(0.001725,-0.000625004345434538,0.000829999999999977));
#8326=CARTESIAN_POINT('',(-0.00107499999999998,-0.00022416395979264,0.000669999999999976));
#8327=CARTESIAN_POINT('',(0.000275000000000019,-0.000745004345434538,0.000669999999999976));
#8328=CARTESIAN_POINT('',(0.000275000000000019,-0.000745004345434538,0.000669999999999976));
#8329=CARTESIAN_POINT('',(0.000125000000000017,-0.000745004345434538,0.000669999999999976));
#8330=CARTESIAN_POINT('',(0.000125000000000017,-0.000455458890889037,0.000669999999999976));
#8331=CARTESIAN_POINT('',(0.000125000000000017,-0.000455458890889037,0.000669999999999976));
#8332=CARTESIAN_POINT('',(0.000275000000000019,-0.000455458890889037,0.000669999999999976));
#8333=CARTESIAN_POINT('',(0.000275000000000019,-0.000455458890889037,0.000669999999999976));
#8334=CARTESIAN_POINT('',(0.000275000000000019,-0.000455458890889037,0.000669999999999976));
#8335=CARTESIAN_POINT('',(-0.00107499999999998,-0.00022416395979264,0.000669999999999976));
#8336=CARTESIAN_POINT('',(0.000675000000000018,-0.000745004345434538,0.000669999999999976));
#8337=CARTESIAN_POINT('',(0.000675000000000018,-0.000745004345434538,0.000669999999999976));
#8338=CARTESIAN_POINT('',(0.000525000000000017,-0.000745004345434538,0.000669999999999976));
#8339=CARTESIAN_POINT('',(0.000525000000000017,-0.000455458890889037,0.000669999999999976));
#8340=CARTESIAN_POINT('',(0.000525000000000017,-0.000455458890889037,0.000669999999999976));
#8341=CARTESIAN_POINT('',(0.000675000000000018,-0.000455458890889037,0.000669999999999976));
#8342=CARTESIAN_POINT('',(0.000675000000000018,-0.000455458890889037,0.000669999999999976));
#8343=CARTESIAN_POINT('',(0.000675000000000018,-0.000455458890889037,0.000669999999999976));
#8344=CARTESIAN_POINT('',(-0.00107499999999998,-0.00022416395979264,0.000669999999999976));
#8345=CARTESIAN_POINT('',(0.00107500000000002,-0.000745004345434538,0.000669999999999976));
#8346=CARTESIAN_POINT('',(0.00107500000000002,-0.000745004345434538,0.000669999999999976));
#8347=CARTESIAN_POINT('',(0.000925000000000018,-0.000745004345434538,0.000669999999999976));
#8348=CARTESIAN_POINT('',(0.000925000000000018,-0.000455458890889037,0.000669999999999976));
#8349=CARTESIAN_POINT('',(0.000925000000000018,-0.000455458890889037,0.000669999999999976));
#8350=CARTESIAN_POINT('',(0.00107500000000002,-0.000455458890889037,0.000669999999999976));
#8351=CARTESIAN_POINT('',(0.00107500000000002,-0.000455458890889037,0.000669999999999976));
#8352=CARTESIAN_POINT('',(0.00107500000000002,-0.000455458890889037,0.000669999999999976));
#8353=CARTESIAN_POINT('',(-0.00107499999999998,-0.000745004345434538,0.000819999999999974));
#8354=CARTESIAN_POINT('',(-0.00107499999999998,-0.000249023617841777,0.000819999999999974));
#8355=CARTESIAN_POINT('',(0.00107500000000002,-0.000249023340164537,0.000819999999999974));
#8356=CARTESIAN_POINT('',(0.000925000000000018,-0.000249023340164497,0.000819999999999974));
#8357=CARTESIAN_POINT('',(0.000925000000000018,-0.000249023340164638,0.000819999999999974));
#8358=CARTESIAN_POINT('',(0.000925000000000018,-0.000745004345434538,0.000819999999999974));
#8359=CARTESIAN_POINT('',(0.000925000000000018,-0.000745004345434538,0.000819999999999974));
#8360=CARTESIAN_POINT('',(0.00107500000000002,-0.000745004345434538,0.000819999999999974));
#8361=CARTESIAN_POINT('',(0.00107500000000002,-0.000249023340164438,0.000819999999999974));
#8362=CARTESIAN_POINT('',(0.00107500000000002,0.000428340654565462,0.000160497615629973));
#8363=CARTESIAN_POINT('',(0.00107500000000002,-0.000745004345434538,0.000669999999999976));
#8364=CARTESIAN_POINT('',(0.00107500000000002,-0.000455458890889037,0.000669999999999976));
#8365=CARTESIAN_POINT('',(0.00107500000000002,-0.000439466435654537,0.000740366803031772));
#8366=CARTESIAN_POINT('',(0.00107500000000002,-0.000410212449980838,0.000733718169924076));
#8367=CARTESIAN_POINT('',(0.00107500000000002,-0.000415144419599938,0.000763309987639127));
#8368=CARTESIAN_POINT('',(0.00107500000000002,-0.000415144419599337,0.000763309987639273));
#8369=CARTESIAN_POINT('',(0.00107500000000002,-0.00022416395979264,0.000795140064273676));
#8370=CARTESIAN_POINT('',(0.00107500000000002,0.000419409710546842,0.00015156667161137));
#8371=CARTESIAN_POINT('',(-0.00107499999999998,-0.000234378981638018,0.00080535536379623));
#8372=CARTESIAN_POINT('',(-0.00107499999999998,-0.000224163721783578,0.000795140103941772));
#8373=CARTESIAN_POINT('',(0.000925000000000018,-0.000224163959792558,0.000795140064273628));
#8374=CARTESIAN_POINT('',(0.000925000000000018,0.000419409710546842,0.00015156667161137));
#8375=CARTESIAN_POINT('',(0.000925000000000018,0.000428340654565462,0.000160497615629973));
#8376=CARTESIAN_POINT('',(0.000925000000000018,-0.000224163959792539,0.000795140064273676));
#8377=CARTESIAN_POINT('',(0.000925000000000018,-0.000415144419600017,0.000763309987639071));
#8378=CARTESIAN_POINT('',(0.000925000000000018,-0.000410212449980838,0.000733718169924076));
#8379=CARTESIAN_POINT('',(0.000925000000000018,-0.000439466435654537,0.000740366803031772));
#8380=CARTESIAN_POINT('',(0.000925000000000018,-0.000439466435654438,0.000740366803032272));
#8381=CARTESIAN_POINT('',(0.000925000000000018,-0.000745004345434538,0.000669999999999976));
#8382=CARTESIAN_POINT('',(0.009905,-0.000410212449980837,0.000733718169924076));
#8383=CARTESIAN_POINT('',(0.000925000000000018,-0.000415144419600037,0.000763309987639071));
#8384=CARTESIAN_POINT('',(0.000675000000000018,-0.000415144419599938,0.000763309987639127));
#8385=CARTESIAN_POINT('',(0.000675000000000018,-0.000410212449980838,0.000733718169924076));
#8386=CARTESIAN_POINT('',(0.000675000000000018,-0.000439466435654537,0.000740366803031772));
#8387=CARTESIAN_POINT('',(0.000675000000000018,-0.000439466435654537,0.000740366803031772));
#8388=CARTESIAN_POINT('',(-0.00107499999999998,-0.000745004345434538,0.000819999999999974));
#8389=CARTESIAN_POINT('',(-0.00107499999999998,-0.000249023617841777,0.000819999999999974));
#8390=CARTESIAN_POINT('',(0.000675000000000018,-0.000249023340164537,0.000819999999999974));
#8391=CARTESIAN_POINT('',(0.000525000000000017,-0.000249023340164497,0.000819999999999974));
#8392=CARTESIAN_POINT('',(0.000525000000000017,-0.000249023340164638,0.000819999999999974));
#8393=CARTESIAN_POINT('',(0.000525000000000017,-0.000745004345434538,0.000819999999999974));
#8394=CARTESIAN_POINT('',(0.000525000000000017,-0.000745004345434538,0.000819999999999974));
#8395=CARTESIAN_POINT('',(0.000675000000000018,-0.000745004345434538,0.000819999999999974));
#8396=CARTESIAN_POINT('',(0.000675000000000018,-0.000249023340164438,0.000819999999999974));
#8397=CARTESIAN_POINT('',(0.000675000000000018,0.000428340654565462,0.000160497615629973));
#8398=CARTESIAN_POINT('',(0.000675000000000018,-0.000745004345434538,0.000669999999999976));
#8399=CARTESIAN_POINT('',(0.000675000000000018,-0.000455458890889037,0.000669999999999976));
#8400=CARTESIAN_POINT('',(0.000675000000000018,-0.000415144419599337,0.000763309987639273));
#8401=CARTESIAN_POINT('',(0.000675000000000018,-0.00022416395979264,0.000795140064273676));
#8402=CARTESIAN_POINT('',(0.000675000000000018,0.000419409710546842,0.00015156667161137));
#8403=CARTESIAN_POINT('',(-0.00107499999999998,-0.000234378981638018,0.00080535536379623));
#8404=CARTESIAN_POINT('',(-0.00107499999999998,-0.000224163721783578,0.000795140103941772));
#8405=CARTESIAN_POINT('',(0.000525000000000017,-0.000224163959792558,0.000795140064273628));
#8406=CARTESIAN_POINT('',(0.000525000000000017,0.000419409710546842,0.00015156667161137));
#8407=CARTESIAN_POINT('',(0.000525000000000017,0.000428340654565462,0.000160497615629973));
#8408=CARTESIAN_POINT('',(0.000525000000000017,-0.000224163959792539,0.000795140064273676));
#8409=CARTESIAN_POINT('',(0.000525000000000017,-0.000415144419600017,0.000763309987639071));
#8410=CARTESIAN_POINT('',(0.000525000000000017,-0.000410212449980838,0.000733718169924076));
#8411=CARTESIAN_POINT('',(0.000525000000000017,-0.000439466435654537,0.000740366803031772));
#8412=CARTESIAN_POINT('',(0.000525000000000017,-0.000439466435654438,0.000740366803032272));
#8413=CARTESIAN_POINT('',(0.000525000000000017,-0.000745004345434538,0.000669999999999976));
#8414=CARTESIAN_POINT('',(0.009905,-0.000410212449980837,0.000733718169924076));
#8415=CARTESIAN_POINT('',(0.000525000000000017,-0.000415144419600037,0.000763309987639071));
#8416=CARTESIAN_POINT('',(0.000275000000000019,-0.000415144419599938,0.000763309987639127));
#8417=CARTESIAN_POINT('',(0.000275000000000019,-0.000410212449980838,0.000733718169924076));
#8418=CARTESIAN_POINT('',(0.000275000000000019,-0.000439466435654537,0.000740366803031772));
#8419=CARTESIAN_POINT('',(0.000275000000000019,-0.000439466435654537,0.000740366803031772));
#8420=CARTESIAN_POINT('',(-0.00107499999999998,-0.000745004345434538,0.000819999999999974));
#8421=CARTESIAN_POINT('',(-0.00107499999999998,-0.000249023617841777,0.000819999999999974));
#8422=CARTESIAN_POINT('',(0.000275000000000019,-0.000249023340164537,0.000819999999999974));
#8423=CARTESIAN_POINT('',(0.000125000000000017,-0.000249023340164497,0.000819999999999974));
#8424=CARTESIAN_POINT('',(0.000125000000000017,-0.000249023340164638,0.000819999999999974));
#8425=CARTESIAN_POINT('',(0.000125000000000017,-0.000745004345434538,0.000819999999999974));
#8426=CARTESIAN_POINT('',(0.000125000000000017,-0.000745004345434538,0.000819999999999974));
#8427=CARTESIAN_POINT('',(0.000275000000000019,-0.000745004345434538,0.000819999999999974));
#8428=CARTESIAN_POINT('',(0.000275000000000019,-0.000249023340164438,0.000819999999999974));
#8429=CARTESIAN_POINT('',(0.000275000000000019,0.000428340654565462,0.000160497615629973));
#8430=CARTESIAN_POINT('',(0.000275000000000019,-0.000745004345434538,0.000669999999999976));
#8431=CARTESIAN_POINT('',(0.000275000000000019,-0.000455458890889037,0.000669999999999976));
#8432=CARTESIAN_POINT('',(0.000275000000000019,-0.000415144419599337,0.000763309987639273));
#8433=CARTESIAN_POINT('',(0.000275000000000019,-0.00022416395979264,0.000795140064273676));
#8434=CARTESIAN_POINT('',(0.000275000000000019,0.000419409710546842,0.00015156667161137));
#8435=CARTESIAN_POINT('',(-0.00107499999999998,-0.000234378981638018,0.00080535536379623));
#8436=CARTESIAN_POINT('',(-0.00107499999999998,-0.000224163721783578,0.000795140103941772));
#8437=CARTESIAN_POINT('',(0.000125000000000017,-0.000224163959792558,0.000795140064273628));
#8438=CARTESIAN_POINT('',(0.000125000000000017,0.000419409710546842,0.00015156667161137));
#8439=CARTESIAN_POINT('',(0.000125000000000017,0.000428340654565462,0.000160497615629973));
#8440=CARTESIAN_POINT('',(0.000125000000000017,-0.000224163959792539,0.000795140064273676));
#8441=CARTESIAN_POINT('',(0.000125000000000017,-0.000415144419600037,0.000763309987639071));
#8442=CARTESIAN_POINT('',(0.000125000000000017,-0.000410212449980838,0.000733718169924076));
#8443=CARTESIAN_POINT('',(0.000125000000000017,-0.000439466435654537,0.000740366803031974));
#8444=CARTESIAN_POINT('',(0.000125000000000017,-0.000439466435654438,0.000740366803032272));
#8445=CARTESIAN_POINT('',(0.000125000000000017,-0.000745004345434538,0.000669999999999976));
#8446=CARTESIAN_POINT('',(-0.00107499999999998,-0.00022416395979264,0.000669999999999976));
#8447=CARTESIAN_POINT('',(-0.000274999999999982,-0.000455458890889037,0.000669999999999976));
#8448=CARTESIAN_POINT('',(-0.000274999999999982,-0.000455458890889037,0.000669999999999976));
#8449=CARTESIAN_POINT('',(-0.000274999999999982,-0.000745004345434538,0.000669999999999976));
#8450=CARTESIAN_POINT('',(-0.000274999999999982,-0.000455458890889037,0.000669999999999976));
#8451=CARTESIAN_POINT('',(-0.000124999999999983,-0.000455458890889037,0.000669999999999976));
#8452=CARTESIAN_POINT('',(-0.000124999999999983,-0.000455458890889037,0.000669999999999976));
#8453=CARTESIAN_POINT('',(-0.000124999999999983,-0.000745004345434538,0.000669999999999976));
#8454=CARTESIAN_POINT('',(-0.000274999999999982,-0.000745004345434538,0.000669999999999976));
#8455=CARTESIAN_POINT('',(-0.001725,-0.000625004345434538,0.000829999999999977));
#8456=CARTESIAN_POINT('',(-0.001725,-0.000625004345434538,0.000829999999999977));
#8457=CARTESIAN_POINT('',(-0.001725,-0.000625004345434538,0.000829999999999977));
#8458=CARTESIAN_POINT('',(-0.001725,-0.000145004345434538,0.000829999999999977));
#8459=CARTESIAN_POINT('',(-0.001725,-0.000625004345434538,0.000829999999999977));
#8460=CARTESIAN_POINT('',(-0.001525,-0.000625004345434538,0.000829999999999977));
#8461=CARTESIAN_POINT('',(-0.001525,-0.000625004345434538,0.000829999999999977));
#8462=CARTESIAN_POINT('',(-0.001525,-0.000145004345434538,0.000829999999999977));
#8463=CARTESIAN_POINT('',(-0.001725,-0.000145004345434538,0.000829999999999977));
#8464=CARTESIAN_POINT('',(-0.001675,-0.000120004345434537,0.000854999999999974));
#8465=CARTESIAN_POINT('',(-0.001775,-9.50043454345385E-05,0.000879999999999978));
#8466=CARTESIAN_POINT('',(-0.001775,-9.50043454345385E-05,0.000879999999999978));
#8467=CARTESIAN_POINT('',(-0.001575,-9.50043454345385E-05,0.000879999999999978));
#8468=CARTESIAN_POINT('',(-0.001775,-9.50043454345385E-05,0.000879999999999978));
#8469=CARTESIAN_POINT('',(-0.001525,-0.000145004345434538,0.000829999999999977));
#8470=CARTESIAN_POINT('',(-0.00175,-0.000385004345434539,0.000854999999999974));
#8471=CARTESIAN_POINT('',(-0.001775,-0.000675004345434537,0.000879999999999978));
#8472=CARTESIAN_POINT('',(-0.001775,-0.000675004345434537,0.000879999999999978));
#8473=CARTESIAN_POINT('',(-0.001725,-0.000625004345434538,0.000829999999999977));
#8474=CARTESIAN_POINT('',(-0.001625,-0.000650004345434538,0.000854999999999974));
#8475=CARTESIAN_POINT('',(-0.001775,-0.000675004345434537,0.000879999999999978));
#8476=CARTESIAN_POINT('',(-0.001525,-0.000675004345434537,0.000879999999999978));
#8477=CARTESIAN_POINT('',(-0.001525,-0.000625004345434538,0.000829999999999977));
#8478=CARTESIAN_POINT('',(-0.00155,-0.00125000434543454,0.000404999999999975));
#8479=CARTESIAN_POINT('',(-0.001525,-0.00112500434543454,0.000519999999999979));
#8480=CARTESIAN_POINT('',(-0.001525,-0.00112500434543454,0.000519999999999979));
#8481=CARTESIAN_POINT('',(-0.001575,-0.00137500434543454,0.000649999999999977));
#8482=CARTESIAN_POINT('',(-0.001575,-0.00137500434543454,0.000159999999999973));
#8483=CARTESIAN_POINT('',(-0.001575,-0.00137500434543454,0.000159999999999973));
#8484=CARTESIAN_POINT('',(-0.001575,-0.00137500434543454,0.000159999999999973));
#8485=CARTESIAN_POINT('',(-0.001525,-0.00112500434543454,0.000209999999999974));
#8486=CARTESIAN_POINT('',(-0.001525,-0.00112500434543454,0.000209999999999974));
#8487=CARTESIAN_POINT('',(0.0045125,-0.00112500434543454,0.000209999999999974));
#8488=CARTESIAN_POINT('',(-0.001525,-0.00112500434543454,0.000209999999999974));
#8489=CARTESIAN_POINT('',(0.001525,-0.00112500434543454,0.000209999999999974));
#8490=CARTESIAN_POINT('',(-0.001575,-0.00137500434543454,0.000159999999999973));
#8491=CARTESIAN_POINT('',(0.001575,-0.00137500434543454,0.000159999999999973));
#8492=CARTESIAN_POINT('',(0.001575,-0.00137500434543454,0.000159999999999973));
#8493=CARTESIAN_POINT('',(-0.000799999999999982,7.49956545654616E-05,0.000209999999999974));
#8494=CARTESIAN_POINT('',(0.001525,-0.00112500434543454,0.000209999999999974));
#8495=CARTESIAN_POINT('',(0.001525,7.49956545654617E-05,0.000209999999999974));
#8496=CARTESIAN_POINT('',(0.001525,7.49956545654617E-05,0.000209999999999974));
#8497=CARTESIAN_POINT('',(-0.001525,7.49956545654615E-05,0.000209999999999974));
#8498=CARTESIAN_POINT('',(-0.001525,-0.00112500434543454,0.000209999999999974));
#8499=CARTESIAN_POINT('',(0.000800000000000018,7.49956545654617E-05,0.000209999999999974));
#8500=CARTESIAN_POINT('',(-0.001525,0.000324995654565462,0.000269999999999978));
#8501=CARTESIAN_POINT('',(-0.001525,0.000324995654565462,0.000269999999999978));
#8502=CARTESIAN_POINT('',(0.001525,0.000324995654565462,0.000269999999999978));
#8503=CARTESIAN_POINT('',(-0.001525,7.49956545654615E-05,0.000209999999999974));
#8504=CARTESIAN_POINT('',(0.001525,0.000324995654565462,0.000269999999999978));
#8505=CARTESIAN_POINT('',(-0.000799999999999982,0.000324995654565462,0.000269999999999978));
#8506=CARTESIAN_POINT('',(0.001525,0.000324995654565462,0.000269999999999978));
#8507=CARTESIAN_POINT('',(0.001525,0.000494995654565462,0.000269999999999978));
#8508=CARTESIAN_POINT('',(-0.001525,0.000494995654565462,0.000269999999999978));
#8509=CARTESIAN_POINT('',(-0.001525,0.000494995654565462,0.000269999999999978));
#8510=CARTESIAN_POINT('',(-0.001525,0.000324995654565462,0.000269999999999978));
#8511=CARTESIAN_POINT('',(0.0029125,0.000494995654565462,0.000499999999999973));
#8512=CARTESIAN_POINT('',(-0.001525,0.000494995654565462,0.000499999999999973));
#8513=CARTESIAN_POINT('',(-0.001525,0.000494995654565462,0.000499999999999973));
#8514=CARTESIAN_POINT('',(0.001525,0.000494995654565462,0.000499999999999973));
#8515=CARTESIAN_POINT('',(-0.001525,0.000494995654565462,0.000499999999999973));
#8516=CARTESIAN_POINT('',(0.001525,0.000494995654565462,0.000499999999999973));
#8517=CARTESIAN_POINT('',(-0.004905,0.00121499565456546,0.000499999999999973));
#8518=CARTESIAN_POINT('',(-0.001525,8.49956545654611E-05,0.000499999999999973));
#8519=CARTESIAN_POINT('',(-0.001525,8.49956545654611E-05,0.000499999999999973));
#8520=CARTESIAN_POINT('',(0.001525,8.49956545654613E-05,0.000499999999999973));
#8521=CARTESIAN_POINT('',(-0.001525,0.000494995654565462,0.000499999999999973));
#8522=CARTESIAN_POINT('',(0.001525,0.000494995654565462,0.000499999999999973));
#8523=CARTESIAN_POINT('',(-0.000694999999999983,-0.000405004345434538,0.000399999999999977));
#8524=CARTESIAN_POINT('',(0.001525,-0.000258004345434839,0.000429999999999972));
#8525=CARTESIAN_POINT('',(0.001525,-0.000258004345434698,0.000429999999999972));
#8526=CARTESIAN_POINT('',(-0.001525,-0.000258004345434538,0.000429999999999972));
#8527=CARTESIAN_POINT('',(-0.001525,-0.000258004345434538,0.000429999999999972));
#8528=CARTESIAN_POINT('',(-0.001525,8.49956545654611E-05,0.000499999999999973));
#8529=CARTESIAN_POINT('',(-0.000694999999999983,-0.000510004345434539,0.000429999999999972));
#8530=CARTESIAN_POINT('',(0.001525,-0.000258004345434538,0.000429999999999972));
#8531=CARTESIAN_POINT('',(0.001525,-0.000510004345434539,0.000429999999999972));
#8532=CARTESIAN_POINT('',(0.001525,-0.000510004345434539,0.000429999999999972));
#8533=CARTESIAN_POINT('',(-0.001525,-0.000510004345434539,0.000429999999999972));
#8534=CARTESIAN_POINT('',(-0.001525,-0.000258004345434839,0.000429999999999972));
#8535=CARTESIAN_POINT('',(-0.00107499999999998,-0.00022416395979264,0.000669999999999976));
#8536=CARTESIAN_POINT('',(-0.00107499999999998,-0.000455458890889037,0.000669999999999976));
#8537=CARTESIAN_POINT('',(-0.00107499999999998,-0.000455458890889037,0.000669999999999976));
#8538=CARTESIAN_POINT('',(-0.00107499999999998,-0.000745004345434538,0.000669999999999976));
#8539=CARTESIAN_POINT('',(-0.00107499999999998,-0.000455458890889037,0.000669999999999976));
#8540=CARTESIAN_POINT('',(-0.000924999999999982,-0.000455458890889037,0.000669999999999976));
#8541=CARTESIAN_POINT('',(-0.000924999999999982,-0.000455458890889037,0.000669999999999976));
#8542=CARTESIAN_POINT('',(-0.000924999999999982,-0.000745004345434538,0.000669999999999976));
#8543=CARTESIAN_POINT('',(-0.00107499999999998,-0.000745004345434538,0.000669999999999976));
#8544=CARTESIAN_POINT('',(-0.00107499999999998,-0.00022416395979264,0.000669999999999976));
#8545=CARTESIAN_POINT('',(-0.000674999999999983,-0.000455458890889037,0.000669999999999976));
#8546=CARTESIAN_POINT('',(-0.000674999999999983,-0.000455458890889037,0.000669999999999976));
#8547=CARTESIAN_POINT('',(-0.000674999999999983,-0.000745004345434538,0.000669999999999976));
#8548=CARTESIAN_POINT('',(-0.000674999999999983,-0.000455458890889037,0.000669999999999976));
#8549=CARTESIAN_POINT('',(-0.000524999999999983,-0.000455458890889037,0.000669999999999976));
#8550=CARTESIAN_POINT('',(-0.000524999999999983,-0.000455458890889037,0.000669999999999976));
#8551=CARTESIAN_POINT('',(-0.000524999999999983,-0.000745004345434538,0.000669999999999976));
#8552=CARTESIAN_POINT('',(-0.000674999999999983,-0.000745004345434538,0.000669999999999976));
#8553=CARTESIAN_POINT('',(0.009905,-0.000410212449980837,0.000733718169924076));
#8554=CARTESIAN_POINT('',(-0.000524999999999983,-0.000439466435654537,0.000740366803031772));
#8555=CARTESIAN_POINT('',(-0.000524999999999983,-0.000439466435654537,0.000740366803031974));
#8556=CARTESIAN_POINT('',(-0.000274999999999982,-0.000439466435654537,0.000740366803031974));
#8557=CARTESIAN_POINT('',(-0.000274999999999982,-0.000410212449980838,0.000733718169924076));
#8558=CARTESIAN_POINT('',(-0.000274999999999982,-0.000415144419600037,0.000763309987639071));
#8559=CARTESIAN_POINT('',(-0.000274999999999982,-0.000415144419600037,0.000763309987639071));
#8560=CARTESIAN_POINT('',(-0.000524999999999983,-0.000415144419599737,0.000763309987639071));
#8561=CARTESIAN_POINT('',(-0.000524999999999983,-0.000410212449980838,0.000733718169924076));
#8562=CARTESIAN_POINT('',(-0.000524999999999983,0.000428340654565462,0.000160497615629973));
#8563=CARTESIAN_POINT('',(-0.000524999999999983,-0.000249023340164438,0.000819999999999974));
#8564=CARTESIAN_POINT('',(-0.000524999999999983,-0.000249023340164537,0.000819999999999974));
#8565=CARTESIAN_POINT('',(-0.000524999999999983,-0.000745004345434538,0.000819999999999974));
#8566=CARTESIAN_POINT('',(-0.000524999999999983,-0.000745004345434538,0.000669999999999976));
#8567=CARTESIAN_POINT('',(-0.000524999999999983,-0.000455458890889037,0.000669999999999976));
#8568=CARTESIAN_POINT('',(-0.000524999999999983,-0.000415144419599338,0.000763309987639273));
#8569=CARTESIAN_POINT('',(-0.000524999999999983,-0.00022416395979264,0.000795140064273676));
#8570=CARTESIAN_POINT('',(-0.000524999999999983,0.000419409710546842,0.00015156667161137));
#8571=CARTESIAN_POINT('',(-0.00107499999999998,-0.000745004345434538,0.000819999999999974));
#8572=CARTESIAN_POINT('',(-0.000674999999999983,-0.000249023340164638,0.000819999999999974));
#8573=CARTESIAN_POINT('',(-0.000674999999999983,-0.000249023340164497,0.000819999999999974));
#8574=CARTESIAN_POINT('',(-0.000674999999999983,-0.000745004345434538,0.000819999999999974));
#8575=CARTESIAN_POINT('',(-0.000524999999999983,-0.000745004345434538,0.000819999999999974));
#8576=CARTESIAN_POINT('',(-0.00107499999999998,-0.000249023617841777,0.000819999999999974));
#8577=CARTESIAN_POINT('',(-0.00107499999999998,-0.000234378981638018,0.00080535536379623));
#8578=CARTESIAN_POINT('',(0.004905,-0.000224163721783577,0.000795140103941772));
#8579=CARTESIAN_POINT('',(-0.000674999999999983,-0.000224163959792539,0.000795140064273628));
#8580=CARTESIAN_POINT('',(-0.000674999999999983,0.000419409710546842,0.00015156667161137));
#8581=CARTESIAN_POINT('',(-0.000674999999999983,0.000428340654565462,0.000160497615629973));
#8582=CARTESIAN_POINT('',(-0.000674999999999983,-0.000224163959792539,0.000795140064273676));
#8583=CARTESIAN_POINT('',(-0.000674999999999983,-0.000415144419599737,0.000763309987639071));
#8584=CARTESIAN_POINT('',(-0.000674999999999983,-0.000410212449980838,0.000733718169924076));
#8585=CARTESIAN_POINT('',(-0.000674999999999983,-0.000439466435654537,0.000740366803031974));
#8586=CARTESIAN_POINT('',(-0.000674999999999983,-0.000439466435654438,0.000740366803032272));
#8587=CARTESIAN_POINT('',(-0.000674999999999983,-0.000745004345434538,0.000669999999999976));
#8588=CARTESIAN_POINT('',(0.009905,-0.000410212449980837,0.000733718169924076));
#8589=CARTESIAN_POINT('',(-0.000924999999999982,-0.000439466435654537,0.000740366803031772));
#8590=CARTESIAN_POINT('',(-0.000924999999999982,-0.000439466435654537,0.000740366803031974));
#8591=CARTESIAN_POINT('',(-0.000674999999999983,-0.000415144419600037,0.000763309987639071));
#8592=CARTESIAN_POINT('',(-0.000924999999999982,-0.000415144419599737,0.000763309987639071));
#8593=CARTESIAN_POINT('',(-0.000924999999999982,-0.000410212449980838,0.000733718169924076));
#8594=CARTESIAN_POINT('',(-0.000924999999999982,0.000428340654565461,0.000160497615629973));
#8595=CARTESIAN_POINT('',(-0.000924999999999982,-0.000249023340164438,0.000819999999999974));
#8596=CARTESIAN_POINT('',(-0.000924999999999982,-0.000249023340164537,0.000819999999999974));
#8597=CARTESIAN_POINT('',(-0.000924999999999982,-0.000745004345434538,0.000819999999999974));
#8598=CARTESIAN_POINT('',(-0.000924999999999982,-0.000745004345434538,0.000669999999999976));
#8599=CARTESIAN_POINT('',(-0.000924999999999982,-0.000455458890889037,0.000669999999999976));
#8600=CARTESIAN_POINT('',(-0.000924999999999982,-0.000415144419599338,0.000763309987639273));
#8601=CARTESIAN_POINT('',(-0.000924999999999982,-0.00022416395979264,0.000795140064273676));
#8602=CARTESIAN_POINT('',(-0.000924999999999982,0.000419409710546842,0.00015156667161137));
#8603=CARTESIAN_POINT('',(-0.00107499999999998,-0.000745004345434538,0.000819999999999974));
#8604=CARTESIAN_POINT('',(-0.00107499999999998,-0.000249023340164638,0.000819999999999974));
#8605=CARTESIAN_POINT('',(-0.00107499999999998,-0.000249023340164497,0.000819999999999974));
#8606=CARTESIAN_POINT('',(-0.00107499999999998,-0.000745004345434538,0.000819999999999974));
#8607=CARTESIAN_POINT('',(-0.000924999999999982,-0.000745004345434538,0.000819999999999974));
#8608=CARTESIAN_POINT('',(-0.00107499999999998,-0.000249023617841777,0.000819999999999974));
#8609=CARTESIAN_POINT('',(-0.00107499999999998,-0.000234378981638018,0.00080535536379623));
#8610=CARTESIAN_POINT('',(0.004905,-0.000224163721783577,0.000795140103941772));
#8611=CARTESIAN_POINT('',(-0.00107499999999998,-0.000224163959792539,0.000795140064273628));
#8612=CARTESIAN_POINT('',(-0.00107499999999998,0.000419409710546842,0.00015156667161137));
#8613=CARTESIAN_POINT('',(-0.00107499999999998,0.000428340654565461,0.000160497615629973));
#8614=CARTESIAN_POINT('',(-0.00107499999999998,-0.000224163959792539,0.000795140064273676));
#8615=CARTESIAN_POINT('',(-0.00107499999999998,-0.000415144419599737,0.000763309987639071));
#8616=CARTESIAN_POINT('',(-0.00107499999999998,-0.000410212449980838,0.000733718169924076));
#8617=CARTESIAN_POINT('',(-0.00107499999999998,-0.000439466435654537,0.000740366803031772));
#8618=CARTESIAN_POINT('',(-0.00107499999999998,-0.000439466435654438,0.000740366803032272));
#8619=CARTESIAN_POINT('',(-0.00107499999999998,-0.000745004345434538,0.000669999999999976));
#8620=CARTESIAN_POINT('',(0.009905,-0.000410212449980837,0.000733718169924076));
#8621=CARTESIAN_POINT('',(-0.00107499999999998,-0.000415144419600037,0.000763309987639071));
#8622=CARTESIAN_POINT('',(-0.001525,-0.000415144419599737,0.000763309987639071));
#8623=CARTESIAN_POINT('',(-0.001525,-0.000410212449980838,0.000733718169924076));
#8624=CARTESIAN_POINT('',(-0.001525,-0.000439466435654537,0.000740366803031974));
#8625=CARTESIAN_POINT('',(-0.001525,-0.000439466435654537,0.000740366803031772));
#8626=CARTESIAN_POINT('',(-0.001525,0.000789995654565462,0.000699999999999978));
#8627=CARTESIAN_POINT('',(-0.001525,-0.000415144419599338,0.000763309987639273));
#8628=CARTESIAN_POINT('',(-0.001525,-1.50043454350778E-05,0.000829999999999977));
#8629=CARTESIAN_POINT('',(-0.001525,-1.50043454350379E-05,0.000829999999999977));
#8630=CARTESIAN_POINT('',(-0.001525,-0.000675004345434537,0.000879999999999978));
#8631=CARTESIAN_POINT('',(-0.001525,-0.000745004345434538,0.000879999999999978));
#8632=CARTESIAN_POINT('',(-0.001525,-0.000745004345434538,0.000879999999999978));
#8633=CARTESIAN_POINT('',(-0.001525,-0.000745004345434538,0.000519999999999979));
#8634=CARTESIAN_POINT('',(-0.001525,-0.000745004345434538,0.000519999999999979));
#8635=CARTESIAN_POINT('',(-0.001525,-0.000510004345434539,0.000429999999999972));
#8636=CARTESIAN_POINT('',(-0.0074875,-0.00112500434543454,0.000519999999999979));
#8637=CARTESIAN_POINT('',(-0.001525,-0.00112500434543454,0.000519999999999979));
#8638=CARTESIAN_POINT('',(0.001525,-0.00112500434543454,0.000519999999999979));
#8639=CARTESIAN_POINT('',(-0.001525,-0.000745004345434538,0.000519999999999979));
#8640=CARTESIAN_POINT('',(0.001525,-0.000745004345434538,0.000519999999999979));
#8641=CARTESIAN_POINT('',(0.001525,-0.000745004345434538,0.000519999999999979));
#8642=CARTESIAN_POINT('',(-0.0037125,-0.000745004345434538,0.000809999999999977));
#8643=CARTESIAN_POINT('',(-0.000124999999999983,-0.000745004345434538,0.000819999999999974));
#8644=CARTESIAN_POINT('',(-0.000124999999999983,-0.000745004345434538,0.000819999999999974));
#8645=CARTESIAN_POINT('',(-0.000274999999999982,-0.000745004345434538,0.000819999999999974));
#8646=CARTESIAN_POINT('',(-0.000274999999999982,-0.000745004345434538,0.000669999999999976));
#8647=CARTESIAN_POINT('',(-0.000124999999999983,-0.000745004345434538,0.000669999999999976));
#8648=CARTESIAN_POINT('',(-0.001525,-0.000745004345434538,0.000879999999999978));
#8649=CARTESIAN_POINT('',(0.001525,-0.000745004345434538,0.000879999999999978));
#8650=CARTESIAN_POINT('',(0.001525,-0.000745004345434538,0.000879999999999978));
#8651=CARTESIAN_POINT('',(-0.00107499999999998,-0.000234378981638018,0.00080535536379623));
#8652=CARTESIAN_POINT('',(-0.00107499999999998,-0.000249023617841777,0.000819999999999974));
#8653=CARTESIAN_POINT('',(-0.000274999999999982,-0.000249023340164497,0.000819999999999974));
#8654=CARTESIAN_POINT('',(-0.000124999999999983,-0.000249023340164537,0.000819999999999974));
#8655=CARTESIAN_POINT('',(-0.000124999999999983,0.000419409710546842,0.00015156667161137));
#8656=CARTESIAN_POINT('',(-0.000124999999999983,-0.00022416395979264,0.000795140064273676));
#8657=CARTESIAN_POINT('',(0.004905,-0.000224163721783577,0.000795140103941772));
#8658=CARTESIAN_POINT('',(-0.000274999999999982,-0.000224163959792539,0.000795140064273628));
#8659=CARTESIAN_POINT('',(-0.000274999999999982,0.000419409710546842,0.00015156667161137));
#8660=CARTESIAN_POINT('',(-0.000274999999999982,0.000428340654565462,0.000160497615629973));
#8661=CARTESIAN_POINT('',(-0.000274999999999982,-0.000224163959792539,0.000795140064273676));
#8662=CARTESIAN_POINT('',(-0.000274999999999982,-0.000439466435654438,0.000740366803032272));
#8663=CARTESIAN_POINT('',(-0.000274999999999982,-0.000249023340164638,0.000819999999999974));
#8664=CARTESIAN_POINT('',(-0.00107499999999998,-0.000745004345434538,0.000819999999999974));
#8665=CARTESIAN_POINT('',(-0.000124999999999983,-0.000249023340164438,0.000819999999999974));
#8666=CARTESIAN_POINT('',(-0.000124999999999983,0.000428340654565462,0.000160497615629973));
#8667=CARTESIAN_POINT('',(-0.000124999999999983,-0.000455458890889037,0.000669999999999976));
#8668=CARTESIAN_POINT('',(-0.000124999999999983,-0.000439466435654537,0.000740366803031974));
#8669=CARTESIAN_POINT('',(-0.000124999999999983,-0.000410212449980838,0.000733718169924076));
#8670=CARTESIAN_POINT('',(-0.000124999999999983,-0.000415144419599737,0.000763309987639071));
#8671=CARTESIAN_POINT('',(-0.000124999999999983,-0.000415144419599337,0.000763309987639273));
#8672=CARTESIAN_POINT('',(0.009905,-0.000410212449980837,0.000733718169924076));
#8673=CARTESIAN_POINT('',(-0.000124999999999983,-0.000439466435654537,0.000740366803031772));
#8674=CARTESIAN_POINT('',(0.000125000000000017,-0.000415144419600037,0.000763309987639071));
#8675=CARTESIAN_POINT('',(-0.007705,-0.000435004345434539,0.000759999999999976));
#8676=CARTESIAN_POINT('',(0.001525,-0.000439466435654438,0.000740366803032272));
#8677=CARTESIAN_POINT('',(0.001525,-0.000439466435654558,0.000740366803031772));
#8678=CARTESIAN_POINT('',(0.00107500000000002,-0.000439466435654537,0.000740366803031772));
#8679=CARTESIAN_POINT('',(0.009905,-0.000410212449980837,0.000733718169924076));
#8680=CARTESIAN_POINT('',(0.001525,-0.000410212449980838,0.000733718169924076));
#8681=CARTESIAN_POINT('',(0.001525,-0.000415144419600037,0.000763309987639127));
#8682=CARTESIAN_POINT('',(0.001525,-0.000415144419600037,0.000763309987639071));
#8683=CARTESIAN_POINT('',(0.001525,0.000789995654565462,0.000699999999999978));
#8684=CARTESIAN_POINT('',(0.001525,-0.00112500434543454,0.000209999999999974));
#8685=CARTESIAN_POINT('',(0.001525,-0.000675004345434537,0.000879999999999978));
#8686=CARTESIAN_POINT('',(0.001525,-1.50043454345381E-05,0.000829999999999977));
#8687=CARTESIAN_POINT('',(0.001525,-1.50043454347775E-05,0.000829999999999977));
#8688=CARTESIAN_POINT('',(0.001525,-1.50043454350377E-05,0.000829999999999977));
#8689=CARTESIAN_POINT('',(0.00155,-0.00125000434543454,0.000404999999999975));
#8690=CARTESIAN_POINT('',(0.001575,-0.00137500434543454,0.000159999999999973));
#8691=CARTESIAN_POINT('',(0.001575,-0.00137500434543454,0.000649999999999977));
#8692=CARTESIAN_POINT('',(0.001525,-0.00112500434543454,0.000519999999999979));
#8693=CARTESIAN_POINT('',(0.00108750000000002,-0.00134807198226664,0.000635995171152676));
#8694=CARTESIAN_POINT('',(0.001575,-0.00137500434543454,0.000649999999999977));
#8695=CARTESIAN_POINT('',(-0.001545,-0.000175004345434539,4.99999999997725E-06));
#8696=CARTESIAN_POINT('',(-0.00157000000000008,-0.00137500434543454,2.99999999999745E-05));
#8697=CARTESIAN_POINT('',(-0.00157,-0.00137500434543454,2.99999999999745E-05));
#8698=CARTESIAN_POINT('',(-0.00154000000000006,-0.00137500434543454,-2.77555756156289E-17));
#8699=CARTESIAN_POINT('',(-0.00157,0.00102499565456546,2.99999999999745E-05));
#8700=CARTESIAN_POINT('',(-0.00157,0.00102499565456546,2.99999999999745E-05));
#8701=CARTESIAN_POINT('',(-0.00154000000000009,0.00102499565456546,-2.77555756156289E-17));
#8702=CARTESIAN_POINT('',(-0.00154,0.00102499565456546,-2.77555756156289E-17));
#8703=CARTESIAN_POINT('',(-0.00154,0.00102499565456546,-2.77555756156289E-17));
#8704=CARTESIAN_POINT('',(0.001545,-0.000175004345434539,4.99999999997725E-06));
#8705=CARTESIAN_POINT('',(0.00154,0.00102499565456546,-2.77555756156289E-17));
#8706=CARTESIAN_POINT('',(0.00154,0.00102499565456546,-2.77555756156289E-17));
#8707=CARTESIAN_POINT('',(0.00154,-0.00137500434543454,-2.77555756156289E-17));
#8708=CARTESIAN_POINT('',(0.00157000000000012,0.00102499565456546,2.99999999999745E-05));
#8709=CARTESIAN_POINT('',(0.00157,0.00102499565456546,2.99999999999745E-05));
#8710=CARTESIAN_POINT('',(0.00157,0.00102499565456546,2.99999999999745E-05));
#8711=CARTESIAN_POINT('',(0.00157,-0.00137500434543454,2.99999999999745E-05));
#8712=CARTESIAN_POINT('',(0.00154000000000014,-0.00137500434543454,-2.77555756156289E-17));
#8713=CARTESIAN_POINT('',(0.001855,0.000249995654565462,0.000369999999999975));
#8714=CARTESIAN_POINT('',(0.001855,-0.000575004345436038,0.000240000000001378));
#8715=CARTESIAN_POINT('',(0.001855,-0.000575004345434538,0.000289999999999978));
#8716=CARTESIAN_POINT('',(0.001855,-0.000625004345434538,0.000240000000001378));
#8717=CARTESIAN_POINT('',(0.001855,-0.000625004345434538,7.99999997639772E-05));
#8718=CARTESIAN_POINT('',(0.001855,-0.000625004345434538,7.99999997639772E-05));
#8719=CARTESIAN_POINT('',(0.001855,-0.000725004345434539,7.99999997639772E-05));
#8720=CARTESIAN_POINT('',(0.001855,-0.000725004345389458,7.99999997459777E-05));
#8721=CARTESIAN_POINT('',(0.001855,-0.000725004345366938,7.99999997639772E-05));
#8722=CARTESIAN_POINT('',(0.001855,-0.000825004345384637,-2.36123620656059E-13));
#8723=CARTESIAN_POINT('',(0.001855,-0.000825004345384637,-2.36220765170714E-13));
#8724=CARTESIAN_POINT('',(0.001855,-0.00122500434543442,-2.0000000000027E-05));
#8725=CARTESIAN_POINT('',(0.001855,-0.00122500434543434,-2.0000000000027E-05));
#8726=CARTESIAN_POINT('',(0.001855,-0.00127500434568454,2.9999999733972E-05));
#8727=CARTESIAN_POINT('',(0.001855,-0.00127500434568454,0.000189999999709971));
#8728=CARTESIAN_POINT('',(0.001855,-0.0012750043456012,0.000189999999876525));
#8729=CARTESIAN_POINT('',(0.001855,-0.00127500434568454,0.000189999999959771));
#8730=CARTESIAN_POINT('',(0.001855,-0.00132500434543454,0.000240000000039827));
#8731=CARTESIAN_POINT('',(0.001855,-0.00132500434543454,0.000469999999709973));
#8732=CARTESIAN_POINT('',(0.001855,-0.00132500434555948,0.000469999999834728));
#8733=CARTESIAN_POINT('',(0.001855,-0.00132500434543454,0.000469999999959579));
#8734=CARTESIAN_POINT('',(0.001855,-0.00127500434568454,0.000519999999709725));
#8735=CARTESIAN_POINT('',(0.001855,-0.00127500434568454,0.000689999999263974));
#8736=CARTESIAN_POINT('',(0.001855,-0.00127500434551786,0.000689999999263974));
#8737=CARTESIAN_POINT('',(0.001855,-0.000625004345434538,0.000689999999263974));
#8738=CARTESIAN_POINT('',(0.001855,-0.000625004345434538,0.000689999999263974));
#8739=CARTESIAN_POINT('',(0.001855,-0.000625004345434538,0.000639999999263972));
#8740=CARTESIAN_POINT('',(0.001855,-0.000625004345434538,0.000639999999263924));
#8741=CARTESIAN_POINT('',(0.001855,-0.000575004345434538,0.000639999999263875));
#8742=CARTESIAN_POINT('',(0.001855,-0.000575004345434538,0.000589999999263929));
#8743=CARTESIAN_POINT('',(0.001855,-0.000575004345434538,0.000589999999263881));
#8744=CARTESIAN_POINT('',(-0.001975,-0.000575004345434538,0.000639999999263875));
#8745=CARTESIAN_POINT('',(0.001975,-0.000575004345434538,0.000589999999263881));
#8746=CARTESIAN_POINT('',(0.001975,-0.000575004345434538,0.000589999999263881));
#8747=CARTESIAN_POINT('',(0.001855,-0.000625004345434538,0.000639999999263875));
#8748=CARTESIAN_POINT('',(0.001975,-0.000625004345434538,0.000639999999263924));
#8749=CARTESIAN_POINT('',(0.001975,-0.000575004345434538,0.000639999999263875));
#8750=CARTESIAN_POINT('',(-0.001975,-0.000625004345434538,0.000239999999999977));
#8751=CARTESIAN_POINT('',(0.001855,-0.000625004345434538,0.000689999999263974));
#8752=CARTESIAN_POINT('',(0.001975,-0.000625004345434538,0.000689999999263974));
#8753=CARTESIAN_POINT('',(0.001975,-0.000625004345434538,0.00063999999926407));
#8754=CARTESIAN_POINT('',(-0.001975,-0.00127500434543454,0.000689999999263974));
#8755=CARTESIAN_POINT('',(0.001855,-0.00127500434543454,0.000689999999263974));
#8756=CARTESIAN_POINT('',(0.001975,-0.00127500434543454,0.000689999999263974));
#8757=CARTESIAN_POINT('',(0.001975,-0.000625004345434538,0.000689999999263974));
#8758=CARTESIAN_POINT('',(-0.001975,-0.00127500434568454,9.99999973397281E-06));
#8759=CARTESIAN_POINT('',(0.001855,-0.00127500434568454,0.000519999999709975));
#8760=CARTESIAN_POINT('',(0.001975,-0.00127500434551786,0.000519999999876376));
#8761=CARTESIAN_POINT('',(0.001975,-0.00127500434543454,0.000689999999263974));
#8762=CARTESIAN_POINT('',(-0.001975,-0.00132500434568454,0.000469999999709973));
#8763=CARTESIAN_POINT('',(0.001855,-0.00132500434568454,0.000469999999709973));
#8764=CARTESIAN_POINT('',(0.001975,-0.00132500434555948,0.000469999999834728));
#8765=CARTESIAN_POINT('',(0.001975,-0.00127500434543454,0.000519999999959581));
#8766=CARTESIAN_POINT('',(-0.001975,-0.00132500434543454,0.000240000000119977));
#8767=CARTESIAN_POINT('',(0.001855,-0.00132500434543454,0.000240000000119977));
#8768=CARTESIAN_POINT('',(0.001975,-0.00132500434543454,0.000240000000039827));
#8769=CARTESIAN_POINT('',(0.001975,-0.00132500434543454,0.000469999999959579));
#8770=CARTESIAN_POINT('',(-0.001975,-0.00127500434536204,0.000189999999782475));
#8771=CARTESIAN_POINT('',(0.001855,-0.00127500434543454,0.000189999999709971));
#8772=CARTESIAN_POINT('',(0.001975,-0.0012750043456012,0.000189999999876477));
#8773=CARTESIAN_POINT('',(0.001975,-0.00132500434543454,0.000239999999999977));
#8774=CARTESIAN_POINT('',(-0.001975,-0.00127500434568454,9.99999973397281E-06));
#8775=CARTESIAN_POINT('',(0.001855,-0.00127500434568454,2.9999999733972E-05));
#8776=CARTESIAN_POINT('',(0.001975,-0.00127500434568454,2.9999999733972E-05));
#8777=CARTESIAN_POINT('',(0.001975,-0.00127500434568454,0.000189999999959771));
#8778=CARTESIAN_POINT('',(-0.001975,-0.00122500434556354,-2.0000000129021E-05));
#8779=CARTESIAN_POINT('',(0.001855,-0.00122500434543454,-2.0000000000027E-05));
#8780=CARTESIAN_POINT('',(0.001975,-0.0012250043454344,-2.0000000000027E-05));
#8781=CARTESIAN_POINT('',(0.001975,-0.00127500434568454,2.9999999733972E-05));
#8782=CARTESIAN_POINT('',(-0.001975,-0.000825004345384537,-2.360195372475E-13));
#8783=CARTESIAN_POINT('',(0.001855,-0.000825004345384536,-2.360195372475E-13));
#8784=CARTESIAN_POINT('',(0.001975,-0.000825004345384618,-2.36172192913387E-13));
#8785=CARTESIAN_POINT('',(0.001975,-0.00122500434543434,-2.0000000000027E-05));
#8786=CARTESIAN_POINT('',(-0.001975,-0.000825004345384537,-2.360195372475E-13));
#8787=CARTESIAN_POINT('',(0.001855,-0.000725004345434539,7.99999997099718E-05));
#8788=CARTESIAN_POINT('',(0.001975,-0.000725004345389517,7.99999997459777E-05));
#8789=CARTESIAN_POINT('',(0.001975,-0.000825004345384637,-2.36220765170714E-13));
#8790=CARTESIAN_POINT('',(-0.001975,-0.000625004345434538,7.99999997639772E-05));
#8791=CARTESIAN_POINT('',(0.001855,-0.000625004345434538,7.99999997639772E-05));
#8792=CARTESIAN_POINT('',(0.001975,-0.000625004345434538,7.99999997639772E-05));
#8793=CARTESIAN_POINT('',(0.001975,-0.000725004345366938,7.99999997639772E-05));
#8794=CARTESIAN_POINT('',(-0.001975,-0.000625004345434538,0.000239999999999977));
#8795=CARTESIAN_POINT('',(0.001975,-0.000625004345434538,0.000240000000001378));
#8796=CARTESIAN_POINT('',(0.001975,-0.000625004345434538,0.000240000000001378));
#8797=CARTESIAN_POINT('',(0.001975,-0.000625004345434538,7.99999997639772E-05));
#8798=CARTESIAN_POINT('',(-0.001975,-0.000575004345436039,0.000240000000001378));
#8799=CARTESIAN_POINT('',(0.001855,-0.000575004345434538,0.000289999999999978));
#8800=CARTESIAN_POINT('',(0.001975,-0.000575004345434538,0.000289999999999978));
#8801=CARTESIAN_POINT('',(0.001975,-0.000575004345436038,0.000240000000001378));
#8802=CARTESIAN_POINT('',(0.001975,0.000249995654565462,0.000369999999999975));
#8803=CARTESIAN_POINT('',(0.001975,-0.000575004345434538,0.000589999999263978));
#8804=CARTESIAN_POINT('',(0.00184,-0.000125004345434537,0.000444999999999973));
#8805=CARTESIAN_POINT('',(0.00184,0.000974995654565462,0.000879999999999978));
#8806=CARTESIAN_POINT('',(0.00184,0.000974995654565462,0.000879999999999978));
#8807=CARTESIAN_POINT('',(0.00184,0.00102499565456546,0.000879999999999978));
#8808=CARTESIAN_POINT('',(0.00184,0.000974995654565462,2.99999999999745E-05));
#8809=CARTESIAN_POINT('',(0.00184,0.000974995654565462,2.99999999999745E-05));
#8810=CARTESIAN_POINT('',(0.00184,0.000974995654565462,2.99999999999745E-05));
#8811=CARTESIAN_POINT('',(0.00184,0.00102499565456546,2.99999999999745E-05));
#8812=CARTESIAN_POINT('',(0.00184,0.00102499565456546,2.99999999999745E-05));
#8813=CARTESIAN_POINT('',(-0.00161875,0.000974995654565461,0.000444999999999973));
#8814=CARTESIAN_POINT('',(0.0021,0.000974995654565462,0.000879999999999978));
#8815=CARTESIAN_POINT('',(0.0021,0.000974995654565462,0.000879999999999978));
#8816=CARTESIAN_POINT('',(0.0021,0.000974995654565462,2.99999999999745E-05));
#8817=CARTESIAN_POINT('',(0.0021,0.000974995654565462,2.99999999999745E-05));
#8818=CARTESIAN_POINT('',(0.0021,0.000974995654565462,2.99999999999745E-05));
#8819=CARTESIAN_POINT('',(0.0021,-8.00043454345372E-05,0.000579999999999976));
#8820=CARTESIAN_POINT('',(0.0021,0.000974995654565462,0.000879999999999978));
#8821=CARTESIAN_POINT('',(0.0021,-0.000575004345434538,0.000879999999999978));
#8822=CARTESIAN_POINT('',(0.0021,-0.000575004345434538,0.000879999999999978));
#8823=CARTESIAN_POINT('',(0.0021,-0.000575004345434538,2.99999999999745E-05));
#8824=CARTESIAN_POINT('',(0.0021,-0.000575004345434538,2.99999999999745E-05));
#8825=CARTESIAN_POINT('',(-0.0021,-0.000575004345434538,0.000879999999999978));
#8826=CARTESIAN_POINT('',(0.0021,-0.000575004345434538,0.000879999999999978));
#8827=CARTESIAN_POINT('',(0.00184,-0.000575004345434538,0.000879999999999978));
#8828=CARTESIAN_POINT('',(0.00184,-0.000575004345434538,2.99999999999745E-05));
#8829=CARTESIAN_POINT('',(0.00184,-0.000575004345434538,2.99999999999745E-05));
#8830=CARTESIAN_POINT('',(0.00184,-0.000575004345434538,2.99999999999745E-05));
#8831=CARTESIAN_POINT('',(0.004,-0.000175004345434539,2.99999999999745E-05));
#8832=CARTESIAN_POINT('',(0.00184,-0.00137500434543454,2.99999999999745E-05));
#8833=CARTESIAN_POINT('',(0.00184,-0.00137500434543454,2.99999999999745E-05));
#8834=CARTESIAN_POINT('',(0.00184,-0.00137500434543454,2.99999999999745E-05));
#8835=CARTESIAN_POINT('',(0.00184,0.00102499565456546,2.99999999999745E-05));
#8836=CARTESIAN_POINT('',(0.00184,-0.000125004345434537,0.000444999999999973));
#8837=CARTESIAN_POINT('',(0.00184,-0.000575004345434538,0.000879999999999978));
#8838=CARTESIAN_POINT('',(0.00184,-0.00137500434543454,0.000879999999999978));
#8839=CARTESIAN_POINT('',(0.00184,-0.00137500434543454,2.99999999999745E-05));
#8840=CARTESIAN_POINT('',(0.0050875,-0.00137500434543454,0.000879999999999978));
#8841=CARTESIAN_POINT('',(-0.00184,-0.00137500434543454,0.000879999999999978));
#8842=CARTESIAN_POINT('',(-0.00184,-0.00137500434543454,0.000879999999999978));
#8843=CARTESIAN_POINT('',(-0.00184,-0.00137500434543454,2.99999999999745E-05));
#8844=CARTESIAN_POINT('',(-0.00184,-0.00137500434543454,2.99999999999745E-05));
#8845=CARTESIAN_POINT('',(-0.00184,-0.00137500434543454,2.99999999999745E-05));
#8846=CARTESIAN_POINT('',(0.00154,-0.00137500434543454,-2.77555756156289E-17));
#8847=CARTESIAN_POINT('',(-0.00184,-0.000125004345434537,0.000444999999999973));
#8848=CARTESIAN_POINT('',(-0.00184,-0.000575004345434538,0.000879999999999978));
#8849=CARTESIAN_POINT('',(-0.00184,-0.000575004345434538,0.000879999999999978));
#8850=CARTESIAN_POINT('',(-0.00184,-0.000575004345434538,2.99999999999745E-05));
#8851=CARTESIAN_POINT('',(-0.00184,-0.000575004345434538,2.99999999999745E-05));
#8852=CARTESIAN_POINT('',(-0.00184,-0.00137500434543454,2.99999999999745E-05));
#8853=CARTESIAN_POINT('',(0.004,-0.000175004345434539,2.99999999999745E-05));
#8854=CARTESIAN_POINT('',(-0.00184,-0.000575004345434538,2.99999999999745E-05));
#8855=CARTESIAN_POINT('',(-0.0021,-0.000575004345434538,2.99999999999745E-05));
#8856=CARTESIAN_POINT('',(-0.0021,-0.000575004345434538,2.99999999999745E-05));
#8857=CARTESIAN_POINT('',(-0.0021,0.000974995654565461,2.99999999999745E-05));
#8858=CARTESIAN_POINT('',(-0.0021,0.000974995654565461,2.99999999999745E-05));
#8859=CARTESIAN_POINT('',(-0.00184,0.000974995654565461,2.99999999999745E-05));
#8860=CARTESIAN_POINT('',(-0.00184,0.000974995654565461,2.99999999999745E-05));
#8861=CARTESIAN_POINT('',(-0.00184,0.00102499565456546,2.99999999999745E-05));
#8862=CARTESIAN_POINT('',(-0.00184,0.00102499565456546,2.99999999999745E-05));
#8863=CARTESIAN_POINT('',(-0.0021,-0.000575004345434538,0.000879999999999978));
#8864=CARTESIAN_POINT('',(-0.0021,-0.000575004345434538,0.000879999999999978));
#8865=CARTESIAN_POINT('',(-0.0021,-0.000575004345434538,0.000879999999999978));
#8866=CARTESIAN_POINT('',(-0.0021,-0.000575004345434538,0.000879999999999978));
#8867=CARTESIAN_POINT('',(-0.0021,-8.00043454345374E-05,0.000579999999999976));
#8868=CARTESIAN_POINT('',(-0.0021,0.000974995654565461,2.99999999999745E-05));
#8869=CARTESIAN_POINT('',(-0.0021,0.000974995654565461,0.000879999999999978));
#8870=CARTESIAN_POINT('',(-0.0021,0.000974995654565461,0.000879999999999978));
#8871=CARTESIAN_POINT('',(-0.00161875,0.000974995654565461,0.000444999999999973));
#8872=CARTESIAN_POINT('',(-0.00184,0.000974995654565461,2.99999999999745E-05));
#8873=CARTESIAN_POINT('',(-0.00184,0.000974995654565461,0.000879999999999978));
#8874=CARTESIAN_POINT('',(-0.0021,0.000974995654565461,0.000879999999999978));
#8875=CARTESIAN_POINT('',(-0.00184,-0.000125004345434537,0.000444999999999973));
#8876=CARTESIAN_POINT('',(-0.00184,0.00102499565456546,2.99999999999745E-05));
#8877=CARTESIAN_POINT('',(-0.00184,0.00102499565456546,0.000879999999999978));
#8878=CARTESIAN_POINT('',(-0.00184,0.000974995654565461,0.000879999999999978));
#8879=CARTESIAN_POINT('',(-0.00151875,0.00102499565456546,0.000444999999999973));
#8880=CARTESIAN_POINT('',(-0.001525,0.00102499565456546,0.000829999999999977));
#8881=CARTESIAN_POINT('',(-0.001525,0.00102499565456546,0.000829999999999977));
#8882=CARTESIAN_POINT('',(-0.001525,0.00102499565456546,0.000499999999999973));
#8883=CARTESIAN_POINT('',(-0.001525,0.00102499565456546,0.000499999999999973));
#8884=CARTESIAN_POINT('',(-0.00113749999999998,0.00102499565456546,0.000499999999999973));
#8885=CARTESIAN_POINT('',(-0.00113749999999998,0.00102499565456546,0.000499999999999973));
#8886=CARTESIAN_POINT('',(-0.00113749999999998,0.00102499565456546,-2.77555756156289E-17));
#8887=CARTESIAN_POINT('',(-0.00113749999999998,0.00102499565456546,-2.77555756156289E-17));
#8888=CARTESIAN_POINT('',(-0.00184,0.00102499565456546,0.000879999999999978));
#8889=CARTESIAN_POINT('',(-0.001575,0.00102499565456546,0.000879999999999978));
#8890=CARTESIAN_POINT('',(-0.001575,0.00102499565456546,0.000879999999999978));
#8891=CARTESIAN_POINT('',(-0.00111249999999998,0.000999995654565462,0.000249999999999973));
#8892=CARTESIAN_POINT('',(-0.00113749999999998,0.00102499565456546,-2.77555756156289E-17));
#8893=CARTESIAN_POINT('',(-0.00108749999999998,0.000974995654565461,-2.77555756156289E-17));
#8894=CARTESIAN_POINT('',(-0.00108749999999998,0.000974995654565461,0.000499999999999973));
#8895=CARTESIAN_POINT('',(-0.00108749999999998,0.000974995654565461,0.000499999999999973));
#8896=CARTESIAN_POINT('',(-0.00108749999999998,0.000974995654565461,0.000499999999999973));
#8897=CARTESIAN_POINT('',(-0.00108749999999998,-0.000225004345434539,4.49999999999756E-05));
#8898=CARTESIAN_POINT('',(-0.00108749999999998,0.000924995654565462,0.000499999999999973));
#8899=CARTESIAN_POINT('',(-0.00108749999999998,0.000924995654565462,0.000499999999999973));
#8900=CARTESIAN_POINT('',(-0.00108749999999998,0.000924995654565462,-2.77555756156289E-17));
#8901=CARTESIAN_POINT('',(-0.00108749999999998,0.000924995654565462,-2.77555756156289E-17));
#8902=CARTESIAN_POINT('',(-0.00108749999999998,0.000974995654565461,-2.77555756156289E-17));
#8903=CARTESIAN_POINT('',(-0.00107499999999998,0.00162499565456546,0.000179999999999979));
#8904=CARTESIAN_POINT('',(-0.00107499999999998,0.00162499565456546,2.99999999999745E-05));
#8905=CARTESIAN_POINT('',(-0.00107499999999998,0.00162499565456546,2.99999999999745E-05));
#8906=CARTESIAN_POINT('',(-0.00107499999999998,0.00162499565456546,0.000179999999999979));
#8907=CARTESIAN_POINT('',(-0.000924999999999982,0.00162499565456546,0.000179999999999979));
#8908=CARTESIAN_POINT('',(-0.000924999999999982,0.00162499565456546,0.000179999999999979));
#8909=CARTESIAN_POINT('',(-0.000924999999999982,0.00162499565456546,2.99999999999745E-05));
#8910=CARTESIAN_POINT('',(-0.000924999999999982,0.00162499565456546,2.99999999999745E-05));
#8911=CARTESIAN_POINT('',(-0.00107499999999998,0.00162499565456546,2.99999999999745E-05));
#8912=CARTESIAN_POINT('',(-0.00107499999999998,0.00157499565456546,2.99999999999745E-05));
#8913=CARTESIAN_POINT('',(-0.00107499999999998,0.00157499565456546,2.99999999999745E-05));
#8914=CARTESIAN_POINT('',(-0.00107499999999998,0.00157229689166471,-1.99271136639284E-05));
#8915=CARTESIAN_POINT('',(-0.000924999999999982,0.00157499565456546,2.99999999999745E-05));
#8916=CARTESIAN_POINT('',(-0.000924999999999982,0.00157229689166471,-1.99271136639284E-05));
#8917=CARTESIAN_POINT('',(-0.00107499999999998,0.00157229689166471,-1.99271136639284E-05));
#8918=CARTESIAN_POINT('',(-0.00107499999999998,0.00157499172050666,-2.00727800877751E-05));
#8919=CARTESIAN_POINT('',(-0.00107499999999998,0.00157499172050666,-2.00727800877751E-05));
#8920=CARTESIAN_POINT('',(-0.00107499999999998,0.00120510864181852,-7.91001586730733E-08));
#8921=CARTESIAN_POINT('',(-0.000924999999999982,0.000421949099562302,4.22538480713761E-05));
#8922=CARTESIAN_POINT('',(-0.000924999999999982,0.00120510864181852,-7.91001586730733E-08));
#8923=CARTESIAN_POINT('',(-0.00107499999999998,0.00120510864181852,-7.91001586730733E-08));
#8924=CARTESIAN_POINT('',(-0.00107499999999998,0.00120499565456546,-2.77555756156289E-17));
#8925=CARTESIAN_POINT('',(-0.00107499999999998,0.00120499565456546,-2.77555756156289E-17));
#8926=CARTESIAN_POINT('',(-0.00107499999999998,0.00111790786421626,6.09684531555702E-05));
#8927=CARTESIAN_POINT('',(-0.000924999999999982,0.00111790565456546,6.09699999999727E-05));
#8928=CARTESIAN_POINT('',(-0.000924999999999982,0.00111790565456546,6.09699999999727E-05));
#8929=CARTESIAN_POINT('',(-0.00107499999999998,0.00111790565456546,6.09699999999727E-05));
#8930=CARTESIAN_POINT('',(-0.00107499999999998,0.00108923253748946,2.00084038749701E-05));
#8931=CARTESIAN_POINT('',(-0.00107499999999998,0.00108923253748946,2.00084038749701E-05));
#8932=CARTESIAN_POINT('',(-0.00107499999999998,0.00108925310662256,7.00083996436757E-05));
#8933=CARTESIAN_POINT('',(-0.000924999999999982,0.00108923253748946,2.00084038749701E-05));
#8934=CARTESIAN_POINT('',(-0.000924999999999982,0.00108925310611626,7.00084088193706E-05));
#8935=CARTESIAN_POINT('',(-0.000924999999999982,0.00108923253748946,7.0008403874576E-05));
#8936=CARTESIAN_POINT('',(-0.00107499999999998,0.00108923253748946,7.0008403874576E-05));
#8937=CARTESIAN_POINT('',(-0.00107499999999998,0.00108927367575566,7.00042019374722E-05));
#8938=CARTESIAN_POINT('',(-0.00107499999999998,0.00105428887454476,7.00000031777712E-05));
#8939=CARTESIAN_POINT('',(-0.000924999999999982,0.00108923253748946,7.0008403874576E-05));
#8940=CARTESIAN_POINT('',(-0.000924999999999982,0.00105426603829076,6.9999998844078E-05));
#8941=CARTESIAN_POINT('',(-0.00107499999999998,0.00105427565456546,6.99999999999729E-05));
#8942=CARTESIAN_POINT('',(-0.00107499999999998,0.00105427565456546,2.99999999999745E-05));
#8943=CARTESIAN_POINT('',(-0.00107499999999998,0.00105427565456546,2.99999999999745E-05));
#8944=CARTESIAN_POINT('',(-0.00107499999999998,0.00101427565456546,2.99999999999745E-05));
#8945=CARTESIAN_POINT('',(-0.000924999999999982,0.00105427565456546,2.99999999999745E-05));
#8946=CARTESIAN_POINT('',(-0.000924999999999982,0.00101427565456546,2.99999999999745E-05));
#8947=CARTESIAN_POINT('',(-0.000924999999999982,0.00101427565456546,2.99999999999745E-05));
#8948=CARTESIAN_POINT('',(0.004,-0.000175004345434539,2.99999999999745E-05));
#8949=CARTESIAN_POINT('',(-0.000924999999999982,0.00101427565456546,2.99999999999745E-05));
#8950=CARTESIAN_POINT('',(-0.000924999999999982,0.000924995654565462,2.99999999999745E-05));
#8951=CARTESIAN_POINT('',(-0.00107499999999998,0.000924995654565462,2.99999999999745E-05));
#8952=CARTESIAN_POINT('',(-0.00107499999999998,0.000924995654565462,2.99999999999745E-05));
#8953=CARTESIAN_POINT('',(-0.00107499999999998,0.00101427565456546,2.99999999999745E-05));
#8954=CARTESIAN_POINT('',(-0.00107499999999998,0.00109499565456546,0.000499999999999973));
#8955=CARTESIAN_POINT('',(-0.00107499999999998,0.00109499565456546,0.000499999999999973));
#8956=CARTESIAN_POINT('',(-0.00107499999999998,0.00104499565456546,0.000499999999999973));
#8957=CARTESIAN_POINT('',(-0.00107499999999998,0.00109499565456546,0.000449999999999978));
#8958=CARTESIAN_POINT('',(-0.00107499999999998,0.00104499565456546,0.000499999999999973));
#8959=CARTESIAN_POINT('',(-0.000924999999999982,0.00104499565456546,0.000499999999999973));
#8960=CARTESIAN_POINT('',(-0.000924999999999982,0.00109499565456546,0.000499999999999973));
#8961=CARTESIAN_POINT('',(-0.000924999999999982,0.00109499565456546,0.000449999999999978));
#8962=CARTESIAN_POINT('',(-0.000924999999999982,0.00109499565456546,0.000449999999999978));
#8963=CARTESIAN_POINT('',(-0.00107499999999998,0.00109499565456546,0.000449999999999978));
#8964=CARTESIAN_POINT('',(-0.00107499999999998,0.00109499565456546,0.000289999999999978));
#8965=CARTESIAN_POINT('',(-0.00107499999999998,0.00109499565456546,0.000289999999999978));
#8966=CARTESIAN_POINT('',(-0.000924999999999982,0.00109499565456546,0.000289999999999978));
#8967=CARTESIAN_POINT('',(-0.000924999999999982,0.00109499565456546,0.000289999999999978));
#8968=CARTESIAN_POINT('',(-0.00107499999999998,0.00109499565456546,0.000289999999999978));
#8969=CARTESIAN_POINT('',(-0.00107499999999998,0.00109499565456546,0.000239999999999977));
#8970=CARTESIAN_POINT('',(-0.00107499999999998,0.00109499565456546,0.000239999999999977));
#8971=CARTESIAN_POINT('',(-0.00107499999999998,0.00109151711088266,0.000190121149433377));
#8972=CARTESIAN_POINT('',(-0.000924999999999982,0.00109499565456546,0.000239999999999977));
#8973=CARTESIAN_POINT('',(-0.000924999999999982,0.00109151727520126,0.000190121137974078));
#8974=CARTESIAN_POINT('',(-0.000924999999999982,0.00109151711088246,0.000190121149433377));
#8975=CARTESIAN_POINT('',(-0.00107499999999998,0.000428340654565461,0.000160497615629973));
#8976=CARTESIAN_POINT('',(-0.00107499999999998,0.00123665119870856,0.000179999999999979));
#8977=CARTESIAN_POINT('',(-0.00107499999999998,0.00123665119870886,0.000179999999999979));
#8978=CARTESIAN_POINT('',(-0.00107499999999998,0.000924995654565462,2.99999999999745E-05));
#8979=CARTESIAN_POINT('',(-0.00107499999999998,0.000924995654565462,0.000499999999999973));
#8980=CARTESIAN_POINT('',(-0.00107499999999998,0.00104499565456546,0.000499999999999973));
#8981=CARTESIAN_POINT('',(-0.00107499999999998,0.00109151711088276,0.000190121149433273));
#8982=CARTESIAN_POINT('',(-0.00107499999999998,0.00124361565456546,0.000179999999999979));
#8983=CARTESIAN_POINT('',(-0.00107499999999998,0.00123665119870916,0.000179999999999979));
#8984=CARTESIAN_POINT('',(-0.000924999999999982,0.00123665119870886,0.000179999999999979));
#8985=CARTESIAN_POINT('',(-0.000924999999999982,0.00123665119870916,0.000179999999999979));
#8986=CARTESIAN_POINT('',(-0.00107499999999998,0.00109151711088246,0.000190121149433377));
#8987=CARTESIAN_POINT('',(-0.000924999999999982,0.00123665119870856,0.000179999999999979));
#8988=CARTESIAN_POINT('',(-0.000924999999999982,0.000428340654565461,0.000160497615629973));
#8989=CARTESIAN_POINT('',(-0.000924999999999982,0.00104499565456546,0.000499999999999973));
#8990=CARTESIAN_POINT('',(-0.000924999999999982,0.000924995654565462,0.000499999999999973));
#8991=CARTESIAN_POINT('',(-0.000924999999999982,0.000924995654565462,2.99999999999745E-05));
#8992=CARTESIAN_POINT('',(-0.000912499999999983,0.000924995654565462,0.000499999999999973));
#8993=CARTESIAN_POINT('',(-0.000912499999999983,0.000924995654565462,-2.77555756156289E-17));
#8994=CARTESIAN_POINT('',(-0.000912499999999983,0.000924995654565462,-2.77555756156289E-17));
#8995=CARTESIAN_POINT('',(-0.00107499999999998,0.000924995654565462,0.000499999999999973));
#8996=CARTESIAN_POINT('',(-0.000912499999999983,0.000924995654565462,0.000499999999999973));
#8997=CARTESIAN_POINT('',(-0.000912499999999983,0.000924995654565462,0.000499999999999973));
#8998=CARTESIAN_POINT('',(-0.000912499999999983,0.000924995654565462,-2.77555756156289E-17));
#8999=CARTESIAN_POINT('',(-0.000912499999999983,-0.000225004345434539,4.49999999999756E-05));
#9000=CARTESIAN_POINT('',(-0.000912499999999983,0.000974995654565461,-2.77555756156289E-17));
#9001=CARTESIAN_POINT('',(-0.000912499999999983,0.000974995654565461,-2.77555756156289E-17));
#9002=CARTESIAN_POINT('',(-0.000912499999999983,0.000924995654565462,0.000499999999999973));
#9003=CARTESIAN_POINT('',(-0.000912499999999983,0.000974995654565461,0.000499999999999973));
#9004=CARTESIAN_POINT('',(-0.000912499999999983,0.000974995654565461,0.000499999999999973));
#9005=CARTESIAN_POINT('',(-0.000887499999999983,0.000999995654565462,0.000249999999999973));
#9006=CARTESIAN_POINT('',(-0.000862499999999982,0.00102499565456546,0.000499999999999973));
#9007=CARTESIAN_POINT('',(-0.000862499999999982,0.00102499565456546,0.000499999999999973));
#9008=CARTESIAN_POINT('',(-0.000862499999999982,0.00102499565456546,0.000499999999999973));
#9009=CARTESIAN_POINT('',(-0.000862499999999982,0.00102499565456546,-2.77555756156289E-17));
#9010=CARTESIAN_POINT('',(-0.000912499999999983,0.000974995654565461,-2.77555756156289E-17));
#9011=CARTESIAN_POINT('',(-0.00151875,0.00102499565456546,0.000444999999999973));
#9012=CARTESIAN_POINT('',(-0.000737499999999983,0.00102499565456546,0.000499999999999973));
#9013=CARTESIAN_POINT('',(-0.000737499999999983,0.00102499565456546,0.000499999999999973));
#9014=CARTESIAN_POINT('',(-0.000737499999999983,0.00102499565456546,0.000499999999999973));
#9015=CARTESIAN_POINT('',(-0.000737499999999983,0.00102499565456546,-2.77555756156289E-17));
#9016=CARTESIAN_POINT('',(-0.000737499999999983,0.00102499565456546,-2.77555756156289E-17));
#9017=CARTESIAN_POINT('',(-0.000712499999999982,0.000999995654565462,0.000249999999999973));
#9018=CARTESIAN_POINT('',(-0.000737499999999983,0.00102499565456546,-2.77555756156289E-17));
#9019=CARTESIAN_POINT('',(-0.000687499999999983,0.000974995654565461,-2.77555756156289E-17));
#9020=CARTESIAN_POINT('',(-0.000687499999999983,0.000974995654565461,0.000499999999999973));
#9021=CARTESIAN_POINT('',(-0.000687499999999983,0.000974995654565461,0.000499999999999973));
#9022=CARTESIAN_POINT('',(-0.000687499999999983,0.000974995654565461,0.000499999999999973));
#9023=CARTESIAN_POINT('',(-0.000687499999999982,-0.000225004345434539,4.49999999999756E-05));
#9024=CARTESIAN_POINT('',(-0.000687499999999983,0.000924995654565462,0.000499999999999973));
#9025=CARTESIAN_POINT('',(-0.000687499999999983,0.000924995654565462,0.000499999999999973));
#9026=CARTESIAN_POINT('',(-0.000687499999999983,0.000924995654565462,-2.77555756156289E-17));
#9027=CARTESIAN_POINT('',(-0.000687499999999983,0.000924995654565462,-2.77555756156289E-17));
#9028=CARTESIAN_POINT('',(-0.000687499999999983,0.000974995654565461,-2.77555756156289E-17));
#9029=CARTESIAN_POINT('',(-0.000912499999999983,0.000924995654565462,0.000499999999999973));
#9030=CARTESIAN_POINT('',(-0.000674999999999983,0.000924995654565462,0.000499999999999973));
#9031=CARTESIAN_POINT('',(-0.000512499999999983,0.000924995654565462,0.000499999999999973));
#9032=CARTESIAN_POINT('',(-0.000512499999999983,0.000924995654565462,0.000499999999999973));
#9033=CARTESIAN_POINT('',(-0.000512499999999983,0.000924995654565462,-2.77555756156289E-17));
#9034=CARTESIAN_POINT('',(-0.000512499999999983,0.000924995654565462,-2.77555756156289E-17));
#9035=CARTESIAN_POINT('',(-0.000512499999999983,0.000924995654565462,-2.77555756156289E-17));
#9036=CARTESIAN_POINT('',(-0.000512499999999983,-0.000225004345434539,4.49999999999756E-05));
#9037=CARTESIAN_POINT('',(-0.000512499999999983,0.000974995654565461,-2.77555756156289E-17));
#9038=CARTESIAN_POINT('',(-0.000512499999999983,0.000974995654565461,-2.77555756156289E-17));
#9039=CARTESIAN_POINT('',(-0.000512499999999983,0.000924995654565462,0.000499999999999973));
#9040=CARTESIAN_POINT('',(-0.000512499999999983,0.000974995654565461,0.000499999999999973));
#9041=CARTESIAN_POINT('',(-0.000512499999999983,0.000974995654565461,0.000499999999999973));
#9042=CARTESIAN_POINT('',(-0.000487499999999983,0.000999995654565462,0.000249999999999973));
#9043=CARTESIAN_POINT('',(-0.000462499999999982,0.00102499565456546,0.000499999999999973));
#9044=CARTESIAN_POINT('',(-0.000462499999999982,0.00102499565456546,0.000499999999999973));
#9045=CARTESIAN_POINT('',(-0.000462499999999982,0.00102499565456546,0.000499999999999973));
#9046=CARTESIAN_POINT('',(-0.000462499999999982,0.00102499565456546,-2.77555756156289E-17));
#9047=CARTESIAN_POINT('',(-0.000512499999999983,0.000974995654565461,-2.77555756156289E-17));
#9048=CARTESIAN_POINT('',(-0.00151875,0.00102499565456546,0.000444999999999973));
#9049=CARTESIAN_POINT('',(-0.000337499999999982,0.00102499565456546,0.000499999999999973));
#9050=CARTESIAN_POINT('',(-0.000337499999999982,0.00102499565456546,0.000499999999999973));
#9051=CARTESIAN_POINT('',(-0.000337499999999982,0.00102499565456546,0.000499999999999973));
#9052=CARTESIAN_POINT('',(-0.000337499999999982,0.00102499565456546,-2.77555756156289E-17));
#9053=CARTESIAN_POINT('',(-0.000337499999999982,0.00102499565456546,-2.77555756156289E-17));
#9054=CARTESIAN_POINT('',(-0.000312499999999983,0.000999995654565462,0.000249999999999973));
#9055=CARTESIAN_POINT('',(-0.000337499999999982,0.00102499565456546,-2.77555756156289E-17));
#9056=CARTESIAN_POINT('',(-0.000287499999999982,0.000974995654565461,-2.77555756156289E-17));
#9057=CARTESIAN_POINT('',(-0.000287499999999982,0.000974995654565461,0.000499999999999973));
#9058=CARTESIAN_POINT('',(-0.000287499999999982,0.000974995654565461,0.000499999999999973));
#9059=CARTESIAN_POINT('',(-0.000287499999999982,0.000974995654565461,0.000499999999999973));
#9060=CARTESIAN_POINT('',(-0.000287499999999982,-0.000225004345434539,4.49999999999756E-05));
#9061=CARTESIAN_POINT('',(-0.000287499999999982,0.000924995654565462,0.000499999999999973));
#9062=CARTESIAN_POINT('',(-0.000287499999999982,0.000924995654565462,0.000499999999999973));
#9063=CARTESIAN_POINT('',(-0.000287499999999982,0.000924995654565462,-2.77555756156289E-17));
#9064=CARTESIAN_POINT('',(-0.000287499999999982,0.000924995654565462,-2.77555756156289E-17));
#9065=CARTESIAN_POINT('',(-0.000287499999999982,0.000974995654565461,-2.77555756156289E-17));
#9066=CARTESIAN_POINT('',(-0.00107499999999998,0.00162499565456546,0.000179999999999979));
#9067=CARTESIAN_POINT('',(-0.000274999999999982,0.00162499565456546,2.99999999999745E-05));
#9068=CARTESIAN_POINT('',(-0.000274999999999982,0.00162499565456546,2.99999999999745E-05));
#9069=CARTESIAN_POINT('',(-0.000274999999999982,0.00162499565456546,0.000179999999999979));
#9070=CARTESIAN_POINT('',(-0.000124999999999983,0.00162499565456546,0.000179999999999979));
#9071=CARTESIAN_POINT('',(-0.000124999999999983,0.00162499565456546,0.000179999999999979));
#9072=CARTESIAN_POINT('',(-0.000124999999999983,0.00162499565456546,2.99999999999745E-05));
#9073=CARTESIAN_POINT('',(-0.000124999999999983,0.00162499565456546,2.99999999999745E-05));
#9074=CARTESIAN_POINT('',(-0.000274999999999982,0.00162499565456546,2.99999999999745E-05));
#9075=CARTESIAN_POINT('',(-0.00107499999999998,0.00157499565456546,2.99999999999745E-05));
#9076=CARTESIAN_POINT('',(-0.000274999999999982,0.00157499565456546,2.99999999999745E-05));
#9077=CARTESIAN_POINT('',(-0.000274999999999982,0.00157229689166471,-1.99271136639284E-05));
#9078=CARTESIAN_POINT('',(-0.000124999999999983,0.00157499565456546,2.99999999999745E-05));
#9079=CARTESIAN_POINT('',(-0.000124999999999983,0.00157229689166471,-1.99271136639284E-05));
#9080=CARTESIAN_POINT('',(-0.00107499999999998,0.00157229689166471,-1.99271136639284E-05));
#9081=CARTESIAN_POINT('',(-0.00107499999999998,0.00157499172050666,-2.00727800877751E-05));
#9082=CARTESIAN_POINT('',(-0.000274999999999982,0.00157499172050666,-2.00727800877751E-05));
#9083=CARTESIAN_POINT('',(-0.000274999999999982,0.00120510864181852,-7.91001586730733E-08));
#9084=CARTESIAN_POINT('',(-0.000124999999999983,0.000421949099562302,4.22538480713761E-05));
#9085=CARTESIAN_POINT('',(-0.000124999999999983,0.00120510864181852,-7.91001586730733E-08));
#9086=CARTESIAN_POINT('',(-0.00107499999999998,0.00120510864181852,-7.91001586730733E-08));
#9087=CARTESIAN_POINT('',(-0.00107499999999998,0.00120499565456546,-2.77555756156289E-17));
#9088=CARTESIAN_POINT('',(-0.000274999999999982,0.00120499565456546,-2.77555756156289E-17));
#9089=CARTESIAN_POINT('',(-0.000274999999999982,0.00111790675937002,6.09692265479758E-05));
#9090=CARTESIAN_POINT('',(-0.000124999999999983,0.00111790565456546,6.09699999999727E-05));
#9091=CARTESIAN_POINT('',(-0.000124999999999983,0.00111790712763822,6.09689687306805E-05));
#9092=CARTESIAN_POINT('',(-0.000274999999999982,0.00111790565456546,6.09699999999727E-05));
#9093=CARTESIAN_POINT('',(-0.00107499999999998,0.00108923253748946,2.00084038749701E-05));
#9094=CARTESIAN_POINT('',(-0.000274999999999982,0.00108923253748946,2.00084038749701E-05));
#9095=CARTESIAN_POINT('',(-0.000274999999999982,0.00108923253748946,7.00056025831758E-05));
#9096=CARTESIAN_POINT('',(-0.000124999999999983,0.00108923253748946,2.00084038749701E-05));
#9097=CARTESIAN_POINT('',(-0.000124999999999983,0.00108923710829456,7.00084049734262E-05));
#9098=CARTESIAN_POINT('',(-0.000124999999999983,0.00108923253748946,7.0008403874576E-05));
#9099=CARTESIAN_POINT('',(-0.00107499999999998,0.00108923253748946,7.0008403874576E-05));
#9100=CARTESIAN_POINT('',(-0.000274999999999982,0.000428362446989422,6.98495261610282E-05));
#9101=CARTESIAN_POINT('',(-0.000274999999999982,0.00105427084642824,6.99999988438768E-05));
#9102=CARTESIAN_POINT('',(-0.000124999999999983,0.00108923253748946,7.0008403874576E-05));
#9103=CARTESIAN_POINT('',(-0.000124999999999983,0.00105427084642824,6.99999988437797E-05));
#9104=CARTESIAN_POINT('',(-0.000274999999999982,0.00105427565456546,6.99999999999729E-05));
#9105=CARTESIAN_POINT('',(-0.00107499999999998,0.00105427565456546,2.99999999999745E-05));
#9106=CARTESIAN_POINT('',(-0.000274999999999982,0.00105427565456546,2.99999999999745E-05));
#9107=CARTESIAN_POINT('',(-0.000274999999999982,0.00101427565456546,2.99999999999745E-05));
#9108=CARTESIAN_POINT('',(-0.000124999999999983,0.00105427565456546,2.99999999999745E-05));
#9109=CARTESIAN_POINT('',(-0.000124999999999983,0.00101427565456546,2.99999999999745E-05));
#9110=CARTESIAN_POINT('',(-0.000124999999999983,0.00101427565456546,2.99999999999745E-05));
#9111=CARTESIAN_POINT('',(0.004,-0.000175004345434539,2.99999999999745E-05));
#9112=CARTESIAN_POINT('',(-0.000124999999999983,0.00101427565456546,2.99999999999745E-05));
#9113=CARTESIAN_POINT('',(-0.000124999999999983,0.000924995654565462,2.99999999999745E-05));
#9114=CARTESIAN_POINT('',(-0.000274999999999982,0.000924995654565462,2.99999999999745E-05));
#9115=CARTESIAN_POINT('',(-0.000274999999999982,0.000924995654565462,2.99999999999745E-05));
#9116=CARTESIAN_POINT('',(-0.000274999999999982,0.00101427565456546,2.99999999999745E-05));
#9117=CARTESIAN_POINT('',(-0.00107499999999998,0.00109499565456546,0.000499999999999973));
#9118=CARTESIAN_POINT('',(-0.000274999999999982,0.00109499565456546,0.000499999999999973));
#9119=CARTESIAN_POINT('',(-0.000274999999999982,0.00104499565456546,0.000499999999999973));
#9120=CARTESIAN_POINT('',(-0.000274999999999982,0.00109499565456546,0.000449999999999978));
#9121=CARTESIAN_POINT('',(-0.000274999999999982,0.00104499565456546,0.000499999999999973));
#9122=CARTESIAN_POINT('',(-0.000124999999999983,0.00104499565456546,0.000499999999999973));
#9123=CARTESIAN_POINT('',(-0.000124999999999983,0.00109499565456546,0.000499999999999973));
#9124=CARTESIAN_POINT('',(-0.000124999999999983,0.00109499565456546,0.000449999999999978));
#9125=CARTESIAN_POINT('',(-0.000124999999999983,0.00109499565456546,0.000449999999999978));
#9126=CARTESIAN_POINT('',(-0.00107499999999998,0.00109499565456546,0.000449999999999978));
#9127=CARTESIAN_POINT('',(-0.000274999999999982,0.00109499565456546,0.000289999999999978));
#9128=CARTESIAN_POINT('',(-0.000274999999999982,0.00109499565456546,0.000289999999999978));
#9129=CARTESIAN_POINT('',(-0.000124999999999983,0.00109499565456546,0.000289999999999978));
#9130=CARTESIAN_POINT('',(-0.000124999999999983,0.00109499565456546,0.000289999999999978));
#9131=CARTESIAN_POINT('',(-0.000274999999999982,0.00109499565456546,0.000289999999999978));
#9132=CARTESIAN_POINT('',(-0.00107499999999998,0.00109499565456546,0.000239999999999977));
#9133=CARTESIAN_POINT('',(-0.000274999999999982,0.00109499565456546,0.000239999999999977));
#9134=CARTESIAN_POINT('',(-0.000274999999999982,0.0010915171930419,0.000190121143703828));
#9135=CARTESIAN_POINT('',(-0.000124999999999983,0.00109499565456546,0.000239999999999977));
#9136=CARTESIAN_POINT('',(-0.000124999999999983,0.00109151722042834,0.000190121141793925));
#9137=CARTESIAN_POINT('',(-0.000124999999999983,0.00109151711088246,0.000190121149433377));
#9138=CARTESIAN_POINT('',(-0.000274999999999982,0.000428340654565462,0.000160497615629973));
#9139=CARTESIAN_POINT('',(-0.000274999999999982,0.00123665119870856,0.000179999999999979));
#9140=CARTESIAN_POINT('',(-0.000274999999999982,0.00123665119870824,0.000179999999999979));
#9141=CARTESIAN_POINT('',(-0.000274999999999982,0.000924995654565462,2.99999999999745E-05));
#9142=CARTESIAN_POINT('',(-0.000274999999999982,0.000924995654565462,0.000499999999999973));
#9143=CARTESIAN_POINT('',(-0.000274999999999982,0.00104499565456546,0.000499999999999973));
#9144=CARTESIAN_POINT('',(-0.000274999999999982,0.00109151711088276,0.000190121149433273));
#9145=CARTESIAN_POINT('',(-0.00107499999999998,0.00124361565456546,0.000179999999999979));
#9146=CARTESIAN_POINT('',(-0.000274999999999982,0.00123665119870916,0.000179999999999979));
#9147=CARTESIAN_POINT('',(-0.000124999999999983,0.00123665119870876,0.000179999999999979));
#9148=CARTESIAN_POINT('',(-0.000124999999999983,0.00123665119870916,0.000179999999999979));
#9149=CARTESIAN_POINT('',(-0.00107499999999998,0.00109151711088246,0.000190121149433377));
#9150=CARTESIAN_POINT('',(-0.000124999999999983,0.00123665119870856,0.000179999999999979));
#9151=CARTESIAN_POINT('',(-0.000124999999999983,0.000428340654565462,0.000160497615629973));
#9152=CARTESIAN_POINT('',(-0.000124999999999983,0.00104499565456546,0.000499999999999973));
#9153=CARTESIAN_POINT('',(-0.000124999999999983,0.000924995654565462,0.000499999999999973));
#9154=CARTESIAN_POINT('',(-0.000124999999999983,0.000924995654565462,2.99999999999745E-05));
#9155=CARTESIAN_POINT('',(-0.000912499999999983,0.000924995654565462,0.000499999999999973));
#9156=CARTESIAN_POINT('',(-0.000112499999999982,0.000924995654565462,-2.77555756156289E-17));
#9157=CARTESIAN_POINT('',(-0.000112499999999982,0.000924995654565462,-2.77555756156289E-17));
#9158=CARTESIAN_POINT('',(-0.000274999999999982,0.000924995654565462,0.000499999999999973));
#9159=CARTESIAN_POINT('',(-0.000112499999999982,0.000924995654565462,0.000499999999999973));
#9160=CARTESIAN_POINT('',(-0.000112499999999982,0.000924995654565462,0.000499999999999973));
#9161=CARTESIAN_POINT('',(-0.000112499999999982,0.000924995654565462,-2.77555756156289E-17));
#9162=CARTESIAN_POINT('',(-0.000112499999999982,-0.000225004345434539,4.49999999999756E-05));
#9163=CARTESIAN_POINT('',(-0.000112499999999982,0.000974995654565461,-2.77555756156289E-17));
#9164=CARTESIAN_POINT('',(-0.000112499999999982,0.000974995654565461,-2.77555756156289E-17));
#9165=CARTESIAN_POINT('',(-0.000112499999999982,0.000924995654565462,0.000499999999999973));
#9166=CARTESIAN_POINT('',(-0.000112499999999982,0.000974995654565461,0.000499999999999973));
#9167=CARTESIAN_POINT('',(-0.000112499999999982,0.000974995654565461,0.000499999999999973));
#9168=CARTESIAN_POINT('',(-8.74999999999818E-05,0.000999995654565462,0.000249999999999973));
#9169=CARTESIAN_POINT('',(-6.24999999999828E-05,0.00102499565456546,0.000499999999999973));
#9170=CARTESIAN_POINT('',(-6.24999999999828E-05,0.00102499565456546,0.000499999999999973));
#9171=CARTESIAN_POINT('',(-6.24999999999828E-05,0.00102499565456546,0.000499999999999973));
#9172=CARTESIAN_POINT('',(-6.24999999999828E-05,0.00102499565456546,-2.77555756156289E-17));
#9173=CARTESIAN_POINT('',(-0.000112499999999982,0.000974995654565461,-2.77555756156289E-17));
#9174=CARTESIAN_POINT('',(-0.00151875,0.00102499565456546,0.000444999999999973));
#9175=CARTESIAN_POINT('',(6.25000000000173E-05,0.00102499565456546,0.000499999999999973));
#9176=CARTESIAN_POINT('',(6.25000000000173E-05,0.00102499565456546,-2.77555756156289E-17));
#9177=CARTESIAN_POINT('',(0.00578,-0.000625004345434537,-2.77555756156289E-17));
#9178=CARTESIAN_POINT('',(0.000862500000000018,0.00102499565456546,-2.77555756156289E-17));
#9179=CARTESIAN_POINT('',(0.000912500000000017,0.000974995654565461,-2.77555756156289E-17));
#9180=CARTESIAN_POINT('',(0.000912500000000017,0.000974995654565461,-2.77555756156289E-17));
#9181=CARTESIAN_POINT('',(0.000912500000000017,0.000924995654565462,-2.77555756156289E-17));
#9182=CARTESIAN_POINT('',(0.000912500000000017,0.000924995654565462,-2.77555756156289E-17));
#9183=CARTESIAN_POINT('',(0.00108750000000002,0.000924995654565462,-2.77555756156289E-17));
#9184=CARTESIAN_POINT('',(0.00108750000000002,0.000974995654565461,-2.77555756156289E-17));
#9185=CARTESIAN_POINT('',(0.00108750000000002,0.000974995654565461,-2.77555756156289E-17));
#9186=CARTESIAN_POINT('',(0.00108750000000002,0.000974995654565461,-2.77555756156289E-17));
#9187=CARTESIAN_POINT('',(0.00113750000000002,0.00102499565456546,-2.77555756156289E-17));
#9188=CARTESIAN_POINT('',(0.00113750000000002,0.00102499565456546,-2.77555756156289E-17));
#9189=CARTESIAN_POINT('',(0.00108750000000002,-0.000225004345434538,4.49999999999756E-05));
#9190=CARTESIAN_POINT('',(0.00108750000000002,0.000974995654565461,0.000499999999999973));
#9191=CARTESIAN_POINT('',(0.00108750000000002,0.000974995654565461,0.000499999999999973));
#9192=CARTESIAN_POINT('',(0.00108750000000002,0.000924995654565462,-2.77555756156289E-17));
#9193=CARTESIAN_POINT('',(0.00108750000000002,0.000924995654565462,0.000499999999999973));
#9194=CARTESIAN_POINT('',(0.00108750000000002,0.000924995654565462,0.000499999999999973));
#9195=CARTESIAN_POINT('',(0.00111250000000002,0.000999995654565462,0.000249999999999973));
#9196=CARTESIAN_POINT('',(0.00113750000000002,0.00102499565456546,0.000499999999999973));
#9197=CARTESIAN_POINT('',(0.00113750000000002,0.00102499565456546,0.000499999999999973));
#9198=CARTESIAN_POINT('',(0.00113750000000002,0.00102499565456546,0.000499999999999973));
#9199=CARTESIAN_POINT('',(-0.00151875,0.00102499565456546,0.000444999999999973));
#9200=CARTESIAN_POINT('',(0.001525,0.00102499565456546,0.000829999999999977));
#9201=CARTESIAN_POINT('',(0.001525,0.00102499565456546,0.000829999999999977));
#9202=CARTESIAN_POINT('',(0.001575,0.00102499565456546,0.000879999999999978));
#9203=CARTESIAN_POINT('',(0.00184,0.00102499565456546,0.000879999999999978));
#9204=CARTESIAN_POINT('',(0.001525,0.00102499565456546,0.000499999999999973));
#9205=CARTESIAN_POINT('',(0.001525,0.00102499565456546,0.000499999999999973));
#9206=CARTESIAN_POINT('',(0.001525,0.00102499565456546,0.000829999999999977));
#9207=CARTESIAN_POINT('',(0.00155,0.000439995654565462,0.000854999999999974));
#9208=CARTESIAN_POINT('',(0.001525,0.00102499565456546,0.000829999999999977));
#9209=CARTESIAN_POINT('',(0.001525,-0.000145004345434538,0.000829999999999977));
#9210=CARTESIAN_POINT('',(0.001575,-9.50043454345383E-05,0.000879999999999978));
#9211=CARTESIAN_POINT('',(0.001575,0.00102499565456546,0.000879999999999978));
#9212=CARTESIAN_POINT('',(-0.001675,-0.000120004345434537,0.000854999999999974));
#9213=CARTESIAN_POINT('',(0.001775,-9.50043454345383E-05,0.000879999999999978));
#9214=CARTESIAN_POINT('',(0.001775,-9.50043454345383E-05,0.000879999999999978));
#9215=CARTESIAN_POINT('',(0.001775,-9.50043454345383E-05,0.000879999999999978));
#9216=CARTESIAN_POINT('',(0.00175,-0.000385004345434538,0.000854999999999974));
#9217=CARTESIAN_POINT('',(0.001775,-0.000675004345434537,0.000879999999999978));
#9218=CARTESIAN_POINT('',(-0.003125,-0.000145004345434538,0.000879999999999978));
#9219=CARTESIAN_POINT('',(-0.001575,0.00102499565456546,0.000879999999999978));
#9220=CARTESIAN_POINT('',(-0.00155,0.000439995654565462,0.000854999999999974));
#9221=CARTESIAN_POINT('',(-0.001525,0.00102499565456546,0.000829999999999977));
#9222=CARTESIAN_POINT('',(-0.001525,0.000789995654565462,0.000699999999999978));
#9223=CARTESIAN_POINT('',(-0.001525,0.000104995654565462,0.000849999999999976));
#9224=CARTESIAN_POINT('',(-0.001525,0.000104995654565462,0.000849999999999976));
#9225=CARTESIAN_POINT('',(-0.001525,0.000104995654565462,0.000879999999999978));
#9226=CARTESIAN_POINT('',(-0.001525,0.000104995654565462,0.000879999999999978));
#9227=CARTESIAN_POINT('',(-0.001525,0.00147499565456546,0.000879999999999978));
#9228=CARTESIAN_POINT('',(-0.001525,0.00147499565456546,0.000689999999999975));
#9229=CARTESIAN_POINT('',(-0.001525,0.00147499565456546,0.000689999999999975));
#9230=CARTESIAN_POINT('',(-0.001525,0.00147499565456546,0.000689999999999975));
#9231=CARTESIAN_POINT('',(-0.001525,0.00129999565456546,0.000499999999999973));
#9232=CARTESIAN_POINT('',(-0.001525,0.00102499565456546,0.000499999999999973));
#9233=CARTESIAN_POINT('',(-0.001525,-1.50043454350379E-05,0.000829999999999977));
#9234=CARTESIAN_POINT('',(-0.005305,0.000104995654565462,0.000899999999999977));
#9235=CARTESIAN_POINT('',(0.001525,0.000104995654565462,0.000849999999999976));
#9236=CARTESIAN_POINT('',(0.001525,0.000104995654565462,0.000849999999999976));
#9237=CARTESIAN_POINT('',(0.001525,0.000104995654565462,0.000879999999999978));
#9238=CARTESIAN_POINT('',(0.001525,0.000104995654565462,0.000879999999999978));
#9239=CARTESIAN_POINT('',(0.001525,0.000104995654565462,0.000849999999999976));
#9240=CARTESIAN_POINT('',(0.004905,0.000104995654565462,0.000849999999999976));
#9241=CARTESIAN_POINT('',(0.001525,0.000104995654565462,0.000849999999999976));
#9242=CARTESIAN_POINT('',(0.001525,0.000789995654565462,0.000699999999999978));
#9243=CARTESIAN_POINT('',(0.001525,0.00102499565456546,0.000499999999999973));
#9244=CARTESIAN_POINT('',(0.001525,0.00129999565456546,0.000499999999999973));
#9245=CARTESIAN_POINT('',(0.001525,0.00129999565456546,0.000499999999999973));
#9246=CARTESIAN_POINT('',(0.001525,0.00147499565456546,0.000689999999999975));
#9247=CARTESIAN_POINT('',(0.001525,0.00147499565456546,0.000689999999999975));
#9248=CARTESIAN_POINT('',(0.001525,0.00147499565456546,0.000879999999999978));
#9249=CARTESIAN_POINT('',(0.001525,0.000104995654565462,0.000879999999999978));
#9250=CARTESIAN_POINT('',(-0.003125,-0.000145004345434538,0.000879999999999978));
#9251=CARTESIAN_POINT('',(0.001525,0.00147499565456546,0.000879999999999978));
#9252=CARTESIAN_POINT('',(0.005305,0.00147499565456546,0.000689999999999975));
#9253=CARTESIAN_POINT('',(-0.001525,0.00147499565456546,0.000689999999999975));
#9254=CARTESIAN_POINT('',(0.004105,0.00129999565456546,0.000499999999999973));
#9255=CARTESIAN_POINT('',(-0.001525,0.00129999565456546,0.000499999999999973));
#9256=CARTESIAN_POINT('',(-0.004905,0.00121499565456546,0.000499999999999973));
#9257=CARTESIAN_POINT('',(0.00107500000000002,0.000924995654565462,0.000499999999999973));
#9258=CARTESIAN_POINT('',(0.00107500000000002,0.000924995654565462,0.000499999999999973));
#9259=CARTESIAN_POINT('',(0.00107500000000002,0.00104499565456546,0.000499999999999973));
#9260=CARTESIAN_POINT('',(0.000925000000000018,0.00104499565456546,0.000499999999999973));
#9261=CARTESIAN_POINT('',(0.000925000000000018,0.000924995654565462,0.000499999999999973));
#9262=CARTESIAN_POINT('',(0.000912500000000017,0.000924995654565462,0.000499999999999973));
#9263=CARTESIAN_POINT('',(0.000912500000000017,0.000924995654565462,0.000499999999999973));
#9264=CARTESIAN_POINT('',(0.000912500000000017,0.000924995654565462,0.000499999999999973));
#9265=CARTESIAN_POINT('',(0.000912500000000017,0.000974995654565461,0.000499999999999973));
#9266=CARTESIAN_POINT('',(0.000912500000000017,0.000974995654565461,0.000499999999999973));
#9267=CARTESIAN_POINT('',(0.000887500000000017,0.000999995654565462,0.000249999999999973));
#9268=CARTESIAN_POINT('',(0.000912500000000017,0.000974995654565461,0.000499999999999973));
#9269=CARTESIAN_POINT('',(0.000912500000000017,-0.000225004345434539,4.49999999999756E-05));
#9270=CARTESIAN_POINT('',(0.000912500000000017,0.000924995654565462,-2.77555756156289E-17));
#9271=CARTESIAN_POINT('',(-0.000912499999999983,0.000924995654565462,0.000499999999999973));
#9272=CARTESIAN_POINT('',(0.000925000000000018,0.000924995654565462,2.99999999999745E-05));
#9273=CARTESIAN_POINT('',(0.000925000000000018,0.000924995654565462,2.99999999999745E-05));
#9274=CARTESIAN_POINT('',(0.00107500000000002,0.000924995654565462,2.99999999999745E-05));
#9275=CARTESIAN_POINT('',(0.00107500000000002,0.000924995654565462,2.99999999999745E-05));
#9276=CARTESIAN_POINT('',(0.00107500000000002,0.000924995654565462,2.99999999999745E-05));
#9277=CARTESIAN_POINT('',(0.004,-0.000175004345434539,2.99999999999745E-05));
#9278=CARTESIAN_POINT('',(0.00107500000000002,0.00101427565456546,2.99999999999745E-05));
#9279=CARTESIAN_POINT('',(0.00107500000000002,0.00101427565456546,2.99999999999745E-05));
#9280=CARTESIAN_POINT('',(0.000925000000000018,0.00101427565456546,2.99999999999745E-05));
#9281=CARTESIAN_POINT('',(0.000925000000000018,0.00101427565456546,2.99999999999745E-05));
#9282=CARTESIAN_POINT('',(0.00107500000000002,0.00101427565456546,2.99999999999745E-05));
#9283=CARTESIAN_POINT('',(-0.00107499999999998,0.00105427565456546,2.99999999999745E-05));
#9284=CARTESIAN_POINT('',(0.000925000000000018,0.00105427565456546,2.99999999999745E-05));
#9285=CARTESIAN_POINT('',(0.000925000000000018,0.00105427084642824,6.99999988438768E-05));
#9286=CARTESIAN_POINT('',(0.000925000000000018,0.00105427565456546,6.99999999999729E-05));
#9287=CARTESIAN_POINT('',(0.00107500000000002,0.00105426924371582,6.99999984584768E-05));
#9288=CARTESIAN_POINT('',(0.00107500000000002,0.00105427565456546,2.99999999999745E-05));
#9289=CARTESIAN_POINT('',(-0.00107499999999998,0.00108923253748946,7.0008403874576E-05));
#9290=CARTESIAN_POINT('',(0.000925000000000018,0.000428362446989423,6.98495261610282E-05));
#9291=CARTESIAN_POINT('',(0.000925000000000018,0.00108923253748946,7.00056025831758E-05));
#9292=CARTESIAN_POINT('',(0.00107500000000002,0.00108923253748946,7.0008403874576E-05));
#9293=CARTESIAN_POINT('',(0.00107500000000002,0.00108923710829456,7.00084049734262E-05));
#9294=CARTESIAN_POINT('',(0.00107500000000002,0.00108923253748946,7.0008403874576E-05));
#9295=CARTESIAN_POINT('',(-0.00107499999999998,0.00108923253748946,2.00084038749701E-05));
#9296=CARTESIAN_POINT('',(0.000925000000000018,0.00108923253748946,2.00084038749701E-05));
#9297=CARTESIAN_POINT('',(0.000925000000000018,0.00111790675937002,6.09692265479758E-05));
#9298=CARTESIAN_POINT('',(0.000925000000000018,0.00111790565456546,6.09699999999727E-05));
#9299=CARTESIAN_POINT('',(0.00107500000000002,0.00111790712765212,6.09689687505258E-05));
#9300=CARTESIAN_POINT('',(0.00107500000000002,0.00108923253748946,2.00084038749701E-05));
#9301=CARTESIAN_POINT('',(-0.00107499999999998,0.00120499565456546,-2.77555756156289E-17));
#9302=CARTESIAN_POINT('',(0.000925000000000018,0.00120499565456546,-2.77555756156289E-17));
#9303=CARTESIAN_POINT('',(0.000925000000000018,0.00120510864181852,-7.91001586730733E-08));
#9304=CARTESIAN_POINT('',(-0.00107499999999998,0.00120510864181852,-7.91001586730733E-08));
#9305=CARTESIAN_POINT('',(0.00107500000000002,0.00120510864181852,-7.91001586730733E-08));
#9306=CARTESIAN_POINT('',(0.00107500000000002,0.00111790565456546,6.09699999999727E-05));
#9307=CARTESIAN_POINT('',(-0.00107499999999998,0.00157499172050666,-2.00727800877751E-05));
#9308=CARTESIAN_POINT('',(0.000925000000000018,0.000421949099562302,4.22538480713761E-05));
#9309=CARTESIAN_POINT('',(0.000925000000000018,0.00157229689166471,-1.99271136639284E-05));
#9310=CARTESIAN_POINT('',(-0.00107499999999998,0.00157229689166471,-1.99271136639284E-05));
#9311=CARTESIAN_POINT('',(0.00107500000000002,0.00157229689166471,-1.99271136639284E-05));
#9312=CARTESIAN_POINT('',(0.00107500000000002,0.00157499172050666,-2.00727800877751E-05));
#9313=CARTESIAN_POINT('',(-0.00107499999999998,0.00157499565456546,2.99999999999745E-05));
#9314=CARTESIAN_POINT('',(0.000925000000000018,0.00157499565456546,2.99999999999745E-05));
#9315=CARTESIAN_POINT('',(0.000925000000000018,0.00162499565456546,2.99999999999745E-05));
#9316=CARTESIAN_POINT('',(0.000925000000000018,0.00162499565456546,2.99999999999745E-05));
#9317=CARTESIAN_POINT('',(0.00107500000000002,0.00162499565456546,2.99999999999745E-05));
#9318=CARTESIAN_POINT('',(0.00107500000000002,0.00157499565456546,2.99999999999745E-05));
#9319=CARTESIAN_POINT('',(-0.00107499999999998,0.00162499565456546,0.000179999999999979));
#9320=CARTESIAN_POINT('',(0.000925000000000018,0.00162499565456546,2.99999999999745E-05));
#9321=CARTESIAN_POINT('',(0.000925000000000018,0.00162499565456546,0.000179999999999979));
#9322=CARTESIAN_POINT('',(0.000925000000000018,0.00162499565456546,0.000179999999999979));
#9323=CARTESIAN_POINT('',(0.00107500000000002,0.00162499565456546,0.000179999999999979));
#9324=CARTESIAN_POINT('',(0.00107500000000002,0.00162499565456546,2.99999999999745E-05));
#9325=CARTESIAN_POINT('',(0.00107500000000002,0.000428340654565462,0.000160497615629973));
#9326=CARTESIAN_POINT('',(0.00107500000000002,0.00123665119870856,0.000179999999999979));
#9327=CARTESIAN_POINT('',(0.00107500000000002,0.00123665119870876,0.000179999999999979));
#9328=CARTESIAN_POINT('',(0.00107500000000002,0.00109151722042836,0.000190121141794023));
#9329=CARTESIAN_POINT('',(0.00107500000000002,0.00109499565456546,0.000239999999999977));
#9330=CARTESIAN_POINT('',(0.00107500000000002,0.00109499565456546,0.000289999999999978));
#9331=CARTESIAN_POINT('',(0.00107500000000002,0.00109499565456546,0.000289999999999978));
#9332=CARTESIAN_POINT('',(0.00107500000000002,0.00123665119870916,0.000179999999999979));
#9333=CARTESIAN_POINT('',(-0.00107499999999998,0.00124361565456546,0.000179999999999979));
#9334=CARTESIAN_POINT('',(0.000925000000000018,0.00123665119870856,0.000179999999999979));
#9335=CARTESIAN_POINT('',(0.000925000000000018,0.00123665119870824,0.000179999999999979));
#9336=CARTESIAN_POINT('',(0.00107500000000002,0.00123665119870916,0.000179999999999979));
#9337=CARTESIAN_POINT('',(0.000925000000000018,0.000428340654565462,0.000160497615629973));
#9338=CARTESIAN_POINT('',(0.000925000000000018,0.00109499565456546,0.000289999999999978));
#9339=CARTESIAN_POINT('',(0.000925000000000018,0.00109499565456546,0.000289999999999978));
#9340=CARTESIAN_POINT('',(0.000925000000000018,0.00109499565456546,0.000239999999999977));
#9341=CARTESIAN_POINT('',(0.000925000000000018,0.0010915171930419,0.000190121143703828));
#9342=CARTESIAN_POINT('',(0.000925000000000018,0.00109151711088276,0.000190121149433273));
#9343=CARTESIAN_POINT('',(-0.00107499999999998,0.00109151711088246,0.000190121149433377));
#9344=CARTESIAN_POINT('',(0.00107500000000002,0.00109151711088246,0.000190121149433377));
#9345=CARTESIAN_POINT('',(-0.00107499999999998,0.00109499565456546,0.000239999999999977));
#9346=CARTESIAN_POINT('',(0.000925000000000018,0.00109499565456546,0.000289999999999978));
#9347=CARTESIAN_POINT('',(-0.00107499999999998,0.00109499565456546,0.000449999999999978));
#9348=MECHANICAL_DESIGN_GEOMETRIC_PRESENTATION_REPRESENTATION('',(#5291,#4891,#4892,#4893,#4894,#4895,#4896,#4897,#4898,#4899,#4900,#4901,#4902,#4903,#4904,#4905,#4906,#4907,#4908,#4909,#4910,#4911,#4912,#4913,#4914,#4915,#4916,#4917,#4918,#4919,#4920,#4921,#4922,#4923,#4924,#4925,#4926,#4927,#4928,#4929,#4930,#4931,#4932,#4933,#4934,#4935,#4936,#4937,#4938,#4939,#4940,#4941,#4942,#4943,#4944,#4945,#4946,#4947,#4948,#4949,#4950,#4951,#4952,#4953,#4954,#4955,#4956,#4957,#4958,#4959,#4960,#4961,#4962,#4963,#4964,#4965,#4966,#4967,#4968,#4969,#4970,#4971,#4972,#4973,#4974,#4975,#4976,#4977,#4978,#4979,#4980,#4981,#4982,#4983,#4984,#4985,#4986,#4987,#4988,#4989,#4990,#4991,#4992,#4993,#4994,#4995,#4996,#4997,#4998,#4999,#5000,#5001,#5002,#5003,#5004,#5005,#5006,#5007,#5008,#5009,#5010,#5011,#5012,#5013,#5014,#5015,#5016,#5017,#5018,#5019,#5020,#5021,#5022,#5023,#5024,#5025,#5026,#5027,#5028,#5029,#5030,#5031,#5032,#5033,#5034,#5035,#5036,#5037,#5038,#5039,#5040,#5041,#5042),#9349);
#9349=(
GEOMETRIC_REPRESENTATION_CONTEXT(3)
GLOBAL_UNCERTAINTY_ASSIGNED_CONTEXT((#9350))
GLOBAL_UNIT_ASSIGNED_CONTEXT((#9353,#9352,#9351))
REPRESENTATION_CONTEXT('TF13BA-6S-0_4SH','TOP_LEVEL_ASSEMBLY_PART')
);
#9350=UNCERTAINTY_MEASURE_WITH_UNIT(LENGTH_MEASURE(1.E-06),#9353,'DISTANCE_ACCURACY_VALUE','Maximum Tolerance applied to model');
#9351=(
NAMED_UNIT(*)
SI_UNIT($,.STERADIAN.)
SOLID_ANGLE_UNIT()
);
#9352=(
NAMED_UNIT(*)
PLANE_ANGLE_UNIT()
SI_UNIT($,.RADIAN.)
);
#9353=(
LENGTH_UNIT()
NAMED_UNIT(*)
SI_UNIT($,.METRE.)
);
#9354=PRODUCT_DEFINITION_SHAPE('','',#9355);
#9355=PRODUCT_DEFINITION('','',#9357,#9356);
#9356=PRODUCT_DEFINITION_CONTEXT('',#9363,'design');
#9357=PRODUCT_DEFINITION_FORMATION_WITH_SPECIFIED_SOURCE('','',#9359,.NOT_KNOWN.);
#9358=PRODUCT_RELATED_PRODUCT_CATEGORY('','',(#9359));
#9359=PRODUCT('TF13BA-6S-0_4SH','TF13BA-6S-0_4SH','TF13BA-6S-0_4SH',(#9361));
#9360=PRODUCT_CATEGORY('','');
#9361=PRODUCT_CONTEXT('',#9363,'mechanical');
#9362=APPLICATION_PROTOCOL_DEFINITION('international standard','ap242_managed_model_based_3d_engineering',2020,#9363);
#9363=APPLICATION_CONTEXT('managed model based 3d engineering');
ENDSEC;
END-ISO-10303-21;
