ISO-10303-21;
HEADER;
/*Generated by software containing ST-Developer
 * from STEP Tools, Inc. (www.steptools.com) 
 */
/*OPTION: using custom renumber hook */
/*description */
/*implementation_level */
FILE_DESCRIPTION(('STEP AP242 Edition 2','STEP AP242 Edition 2''CAx-IF Rec.Pracs.---Representation and Presentation of Product Manufa
cturing Information (PMI)---4.0---2014-10-13','STEP AP242 Edition 2''CAx-IF Rec.Pracs.---Representation and Presentation of Product Manufa
cturing Information (PMI)---4.0---2014-10-13''CAx-IF Rec.Pracs.---3D Tessellated Geometry---0.4---2014-09-14','STEP AP242 Edition 2''CAx-IF Rec.Pracs.---Representation and Presentation of Product Manufa
cturing Information (PMI)---4.0---2014-10-13''CAx-IF Rec.Pracs.---3D Tessellated Geometry---0.4---2014-09-14''2;1','STEP AP242 Edition 2''CAx-IF Rec.Pracs.---Representation and Presentation of Product Manufa
cturing Information (PMI)---4.0---2014-10-13''CAx-IF Rec.Pracs.---3D Tessellated Geometry---0.4---2014-09-14''2;1''CAx-IF Rec.Pracs.---User Defined Attributes---1.5---2016-08-15'),'2;1');
/*name */
/*time_stamp */
/*author */
/*organization */
/*preprocessor_version */
/*originating_system */
/*authorisation */
FILE_NAME('/vol/tmp/translate-6404818638925622650/axf382700.step','2026-03-04T11:29:15',(''),(''),'ST-DEVELOPER v20','ONSHAPE BY PTC INC, 1.211','  ');
FILE_SCHEMA(('AP242_MANAGED_MODEL_BASED_3D_ENGINEERING_MIM_LF { 1 0 10303 442 3 1 4 }'));
ENDSEC;
DATA;
#10=SHAPE_REPRESENTATION_RELATIONSHIP('','',#8020,#11);
#11=ADVANCED_BREP_SHAPE_REPRESENTATION('',(#8018),#12790);
#12=(
B_SPLINE_SURFACE(3,2,((#10845,#10846,#10847),(#10848,#10849,#10850),(#10851,
#10852,#10853),(#10854,#10855,#10856)),.UNSPECIFIED.,.F.,.F.,.F.)
B_SPLINE_SURFACE_WITH_KNOTS((4,4),(3,3),(4.26904605416168E-19,0.000127102227722714),(0.,1.),.PIECEWISE_BEZIER_KNOTS.)
BOUNDED_SURFACE()
GEOMETRIC_REPRESENTATION_ITEM()
RATIONAL_B_SPLINE_SURFACE(((1.,0.851712965964912,1.),(1.,0.945076942127206,
1.),(1.,1.00115928521596,1.),(1.,1.,1.)))
REPRESENTATION_ITEM('')
SURFACE()
);
#13=(
B_SPLINE_SURFACE(3,2,((#11389,#11390,#11391),(#11392,#11393,#11394),(#11395,
#11396,#11397),(#11398,#11399,#11400)),.UNSPECIFIED.,.F.,.F.,.F.)
B_SPLINE_SURFACE_WITH_KNOTS((4,4),(3,3),(4.26904605416168E-19,0.000127102227722714),(0.,1.),.PIECEWISE_BEZIER_KNOTS.)
BOUNDED_SURFACE()
GEOMETRIC_REPRESENTATION_ITEM()
RATIONAL_B_SPLINE_SURFACE(((1.,0.851712965964912,1.),(1.,0.945076942127206,
1.),(1.,1.00115928521596,1.),(1.,1.,1.)))
REPRESENTATION_ITEM('')
SURFACE()
);
#14=(
B_SPLINE_SURFACE(3,2,((#11963,#11964,#11965),(#11966,#11967,#11968),(#11969,
#11970,#11971),(#11972,#11973,#11974)),.UNSPECIFIED.,.F.,.F.,.F.)
B_SPLINE_SURFACE_WITH_KNOTS((4,4),(3,3),(4.26904605416168E-19,0.000127102227722714),(0.,1.),.PIECEWISE_BEZIER_KNOTS.)
BOUNDED_SURFACE()
GEOMETRIC_REPRESENTATION_ITEM()
RATIONAL_B_SPLINE_SURFACE(((1.,0.851712965964912,1.),(1.,0.945076942127206,
1.),(1.,1.00115928521596,1.),(1.,1.,1.)))
REPRESENTATION_ITEM('')
SURFACE()
);
#15=(
B_SPLINE_SURFACE(3,2,((#12677,#12678,#12679),(#12680,#12681,#12682),(#12683,
#12684,#12685),(#12686,#12687,#12688)),.UNSPECIFIED.,.F.,.F.,.F.)
B_SPLINE_SURFACE_WITH_KNOTS((4,4),(3,3),(4.26904605416168E-19,0.000127102227722714),(0.,1.),.PIECEWISE_BEZIER_KNOTS.)
BOUNDED_SURFACE()
GEOMETRIC_REPRESENTATION_ITEM()
RATIONAL_B_SPLINE_SURFACE(((1.,0.851712965964912,1.),(1.,0.945076942127206,
1.),(1.,1.00115928521596,1.),(1.,1.,1.)))
REPRESENTATION_ITEM('')
SURFACE()
);
#16=B_SPLINE_SURFACE_WITH_KNOTS('',3,3,((#10794,#10795,#10796,#10797),(#10798,
#10799,#10800,#10801),(#10802,#10803,#10804,#10805),(#10806,#10807,#10808,
#10809)),.UNSPECIFIED.,.F.,.F.,.F.,(4,4),(4,4),(-1.35525271560688E-19,5.96056178525132E-05),(-0.00624878017804896,1.),.UNSPECIFIED.);
#17=B_SPLINE_SURFACE_WITH_KNOTS('',3,3,((#10824,#10825,#10826,#10827),(#10828,
#10829,#10830,#10831),(#10832,#10833,#10834,#10835),(#10836,#10837,#10838,
#10839)),.UNSPECIFIED.,.F.,.F.,.F.,(4,4),(4,4),(0.889095415769194,1.06382913071683),(-0.00608013134828392,1.00600003298053),.UNSPECIFIED.);
#18=B_SPLINE_SURFACE_WITH_KNOTS('',3,3,((#11341,#11342,#11343,#11344),(#11345,
#11346,#11347,#11348),(#11349,#11350,#11351,#11352),(#11353,#11354,#11355,
#11356)),.UNSPECIFIED.,.F.,.F.,.F.,(4,4),(4,4),(-1.35525271560688E-19,5.96056178525132E-05),(0.,1.00624878017805),.UNSPECIFIED.);
#19=B_SPLINE_SURFACE_WITH_KNOTS('',3,3,((#11915,#11916,#11917,#11918),(#11919,
#11920,#11921,#11922),(#11923,#11924,#11925,#11926),(#11927,#11928,#11929,
#11930)),.UNSPECIFIED.,.F.,.F.,.F.,(4,4),(4,4),(-1.35525271560688E-19,5.96056178525132E-05),(0.,1.00624878017805),.UNSPECIFIED.);
#20=B_SPLINE_SURFACE_WITH_KNOTS('',3,3,((#12690,#12691,#12692,#12693),(#12694,
#12695,#12696,#12697),(#12698,#12699,#12700,#12701),(#12702,#12703,#12704,
#12705)),.UNSPECIFIED.,.F.,.F.,.F.,(4,4),(4,4),(0.889095415769194,1.06382913071683),(-0.00608013134828401,1.00600003298053),.UNSPECIFIED.);
#21=B_SPLINE_SURFACE_WITH_KNOTS('',3,3,((#12707,#12708,#12709,#12710),(#12711,
#12712,#12713,#12714),(#12715,#12716,#12717,#12718),(#12719,#12720,#12721,
#12722)),.UNSPECIFIED.,.F.,.F.,.F.,(4,4),(4,4),(-1.35525271560688E-19,5.96056178525132E-05),(-0.00624878017804896,1.),.UNSPECIFIED.);
#22=TOROIDAL_SURFACE('',#8096,0.00013,5.E-05);
#23=TOROIDAL_SURFACE('',#8108,7.E-05,5.E-05);
#24=TOROIDAL_SURFACE('',#8218,0.00013,5.E-05);
#25=TOROIDAL_SURFACE('',#8228,7.E-05,5.E-05);
#26=TOROIDAL_SURFACE('',#8354,0.00013,5.E-05);
#27=TOROIDAL_SURFACE('',#8363,7.E-05,5.E-05);
#28=TOROIDAL_SURFACE('',#8527,7.E-05,5.E-05);
#29=TOROIDAL_SURFACE('',#8537,0.00013,5.E-05);
#30=ELLIPSE('',#8093,5.02153629462096E-05,5.E-05);
#31=ELLIPSE('',#8123,0.000141421356237309,0.0001);
#32=ELLIPSE('',#8126,0.000169705627484771,0.00012);
#33=ELLIPSE('',#8131,0.000169705627484771,0.00012);
#34=ELLIPSE('',#8215,5.02153629462096E-05,5.E-05);
#35=ELLIPSE('',#8247,0.000141421356237309,0.0001);
#36=ELLIPSE('',#8251,0.000169705627484771,0.00012);
#37=ELLIPSE('',#8257,0.000169705627484771,0.00012);
#38=ELLIPSE('',#8351,5.02153629462096E-05,5.E-05);
#39=ELLIPSE('',#8378,0.000141421356237309,0.0001);
#40=ELLIPSE('',#8381,0.000169705627484771,0.00012);
#41=ELLIPSE('',#8386,0.000169705627484771,0.00012);
#42=ELLIPSE('',#8488,0.000169705627484771,0.00012);
#43=ELLIPSE('',#8498,0.000169705627484771,0.00012);
#44=ELLIPSE('',#8508,0.000141421356237309,0.0001);
#45=ELLIPSE('',#8540,5.02153629462096E-05,5.E-05);
#46=SPHERICAL_SURFACE('',#8088,5.E-05);
#47=SPHERICAL_SURFACE('',#8210,5.E-05);
#48=SPHERICAL_SURFACE('',#8346,5.E-05);
#49=SPHERICAL_SURFACE('',#8543,5.E-05);
#50=CONICAL_SURFACE('',#8080,8.E-05,0.78539816339745);
#51=CONICAL_SURFACE('',#8083,8.E-05,0.78539816339745);
#52=CONICAL_SURFACE('',#8114,1.99999999999996E-05,0.785398163397452);
#53=CONICAL_SURFACE('',#8202,8.E-05,0.78539816339745);
#54=CONICAL_SURFACE('',#8205,8.E-05,0.78539816339745);
#55=CONICAL_SURFACE('',#8234,1.99999999999996E-05,0.785398163397452);
#56=CONICAL_SURFACE('',#8338,8.E-05,0.78539816339745);
#57=CONICAL_SURFACE('',#8341,8.E-05,0.78539816339745);
#58=CONICAL_SURFACE('',#8369,1.99999999999996E-05,0.785398163397452);
#59=CONICAL_SURFACE('',#8522,1.99999999999996E-05,0.785398163397452);
#60=CONICAL_SURFACE('',#8546,8.E-05,0.78539816339745);
#61=CONICAL_SURFACE('',#8548,8.E-05,0.78539816339745);
#62=B_SPLINE_CURVE_WITH_KNOTS('',3,(#10642,#10643,#10644,#10645),.UNSPECIFIED.,.F.,.F.,(4,4),(0.,1.),.UNSPECIFIED.);
#63=B_SPLINE_CURVE_WITH_KNOTS('',3,(#10649,#10650,#10651,#10652),.UNSPECIFIED.,.F.,.F.,(4,4),(0.,1.),.UNSPECIFIED.);
#64=B_SPLINE_CURVE_WITH_KNOTS('',3,(#10732,#10733,#10734,#10735),.UNSPECIFIED.,.F.,.F.,(4,4),(0.,8.55299421755834E-05),.UNSPECIFIED.);
#65=B_SPLINE_CURVE_WITH_KNOTS('',3,(#10813,#10814,#10815,#10816,#10817,#10818,#10819),.UNSPECIFIED.,.F.,.F.,(4,3,4),(0.,1.45825706036056E-05,4.05700314587499E-05),.UNSPECIFIED.);
#66=B_SPLINE_CURVE_WITH_KNOTS('',3,(#10820,#10821,#10822,#10823),.UNSPECIFIED.,.F.,.F.,(4,4),(0.,1.),.UNSPECIFIED.);
#67=B_SPLINE_CURVE_WITH_KNOTS('',3,(#10857,#10858,#10859,#10860),.UNSPECIFIED.,.F.,.F.,(4,4),(0.,1.),.UNSPECIFIED.);
#68=B_SPLINE_CURVE_WITH_KNOTS('',3,(#10862,#10863,#10864,#10865),.UNSPECIFIED.,.F.,.F.,(4,4),(0.,1.),.UNSPECIFIED.);
#69=B_SPLINE_CURVE_WITH_KNOTS('',3,(#11181,#11182,#11183,#11184),.UNSPECIFIED.,.F.,.F.,(4,4),(0.,1.),.UNSPECIFIED.);
#70=B_SPLINE_CURVE_WITH_KNOTS('',3,(#11188,#11189,#11190,#11191),.UNSPECIFIED.,.F.,.F.,(4,4),(0.,1.),.UNSPECIFIED.);
#71=B_SPLINE_CURVE_WITH_KNOTS('',3,(#11277,#11278,#11279,#11280),.UNSPECIFIED.,.F.,.F.,(4,4),(0.,8.55234698166804E-05),.UNSPECIFIED.);
#72=B_SPLINE_CURVE_WITH_KNOTS('',3,(#11357,#11358,#11359,#11360),.UNSPECIFIED.,.F.,.F.,(4,4),(0.,1.),.UNSPECIFIED.);
#73=B_SPLINE_CURVE_WITH_KNOTS('',3,(#11363,#11364,#11365,#11366),.UNSPECIFIED.,.F.,.F.,(4,4),(0.,1.),.UNSPECIFIED.);
#74=B_SPLINE_CURVE_WITH_KNOTS('',3,(#11367,#11368,#11369,#11370,#11371,#11372,#11373),.UNSPECIFIED.,.F.,.F.,(4,3,4),(0.,1.45825706036056E-05,4.05700314587499E-05),.UNSPECIFIED.);
#75=B_SPLINE_CURVE_WITH_KNOTS('',3,(#11375,#11376,#11377,#11378),.UNSPECIFIED.,.F.,.F.,(4,4),(0.,1.),.UNSPECIFIED.);
#76=B_SPLINE_CURVE_WITH_KNOTS('',3,(#11381,#11382,#11383,#11384),.UNSPECIFIED.,.F.,.F.,(4,4),(7.7683048264771E-05,0.999983430269168),.UNSPECIFIED.);
#77=B_SPLINE_CURVE_WITH_KNOTS('',3,(#11385,#11386,#11387,#11388),.UNSPECIFIED.,.F.,.F.,(4,4),(1.52669127145957E-05,1.),.UNSPECIFIED.);
#78=B_SPLINE_CURVE_WITH_KNOTS('',3,(#11401,#11402,#11403,#11404),.UNSPECIFIED.,.F.,.F.,(4,4),(0.,1.),.UNSPECIFIED.);
#79=B_SPLINE_CURVE_WITH_KNOTS('',3,(#11406,#11407,#11408,#11409),.UNSPECIFIED.,.F.,.F.,(4,4),(0.,1.),.UNSPECIFIED.);
#80=B_SPLINE_CURVE_WITH_KNOTS('',3,(#11760,#11761,#11762,#11763),.UNSPECIFIED.,.F.,.F.,(4,4),(0.,1.),.UNSPECIFIED.);
#81=B_SPLINE_CURVE_WITH_KNOTS('',3,(#11767,#11768,#11769,#11770),.UNSPECIFIED.,.F.,.F.,(4,4),(0.,1.),.UNSPECIFIED.);
#82=B_SPLINE_CURVE_WITH_KNOTS('',3,(#11851,#11852,#11853,#11854),.UNSPECIFIED.,.F.,.F.,(4,4),(0.,8.55299421755885E-05),.UNSPECIFIED.);
#83=B_SPLINE_CURVE_WITH_KNOTS('',3,(#11931,#11932,#11933,#11934),.UNSPECIFIED.,.F.,.F.,(4,4),(0.,1.),.UNSPECIFIED.);
#84=B_SPLINE_CURVE_WITH_KNOTS('',3,(#11937,#11938,#11939,#11940),.UNSPECIFIED.,.F.,.F.,(4,4),(0.,1.),.UNSPECIFIED.);
#85=B_SPLINE_CURVE_WITH_KNOTS('',3,(#11941,#11942,#11943,#11944,#11945,#11946,#11947),.UNSPECIFIED.,.F.,.F.,(4,3,4),(0.,1.45825706036056E-05,4.05700314587499E-05),.UNSPECIFIED.);
#86=B_SPLINE_CURVE_WITH_KNOTS('',3,(#11949,#11950,#11951,#11952),.UNSPECIFIED.,.F.,.F.,(4,4),(0.,1.),.UNSPECIFIED.);
#87=B_SPLINE_CURVE_WITH_KNOTS('',3,(#11955,#11956,#11957,#11958),.UNSPECIFIED.,.F.,.F.,(4,4),(7.76830482526093E-05,0.999983430269175),.UNSPECIFIED.);
#88=B_SPLINE_CURVE_WITH_KNOTS('',3,(#11959,#11960,#11961,#11962),.UNSPECIFIED.,.F.,.F.,(4,4),(1.52669127419815E-05,1.),.UNSPECIFIED.);
#89=B_SPLINE_CURVE_WITH_KNOTS('',3,(#11975,#11976,#11977,#11978),.UNSPECIFIED.,.F.,.F.,(4,4),(0.,1.),.UNSPECIFIED.);
#90=B_SPLINE_CURVE_WITH_KNOTS('',3,(#11980,#11981,#11982,#11983),.UNSPECIFIED.,.F.,.F.,(4,4),(0.,1.),.UNSPECIFIED.);
#91=B_SPLINE_CURVE_WITH_KNOTS('',3,(#12141,#12142,#12143,#12144),.UNSPECIFIED.,.F.,.F.,(4,4),(0.,1.),.UNSPECIFIED.);
#92=B_SPLINE_CURVE_WITH_KNOTS('',3,(#12349,#12350,#12351,#12352),.UNSPECIFIED.,.F.,.F.,(4,4),(0.,1.),.UNSPECIFIED.);
#93=B_SPLINE_CURVE_WITH_KNOTS('',3,(#12356,#12357,#12358,#12359),.UNSPECIFIED.,.F.,.F.,(4,4),(0.,1.),.UNSPECIFIED.);
#94=B_SPLINE_CURVE_WITH_KNOTS('',3,(#12412,#12413,#12414,#12415),.UNSPECIFIED.,.F.,.F.,(4,4),(0.,1.),.UNSPECIFIED.);
#95=B_SPLINE_CURVE_WITH_KNOTS('',3,(#12429,#12430,#12431,#12432),.UNSPECIFIED.,.F.,.F.,(4,4),(0.,8.55299421755903E-05),.UNSPECIFIED.);
#96=B_SPLINE_CURVE_WITH_KNOTS('',3,(#12451,#12452,#12453,#12454),.UNSPECIFIED.,.F.,.F.,(4,4),(0.,1.),.UNSPECIFIED.);
#97=B_SPLINE_CURVE_WITH_KNOTS('',3,(#12458,#12459,#12460,#12461),.UNSPECIFIED.,.F.,.F.,(4,4),(0.,1.),.UNSPECIFIED.);
#98=B_SPLINE_CURVE_WITH_KNOTS('',3,(#12635,#12636,#12637,#12638,#12639,#12640,#12641),.UNSPECIFIED.,.F.,.F.,(4,3,4),(0.,1.45825706036056E-05,4.05700314587499E-05),.UNSPECIFIED.);
#99=B_SPLINE_CURVE_WITH_KNOTS('',3,(#12645,#12646,#12647,#12648),.UNSPECIFIED.,.F.,.F.,(4,4),(0.,1.),.UNSPECIFIED.);
#100=CYLINDRICAL_SURFACE('',#8031,0.00014);
#101=CYLINDRICAL_SURFACE('',#8043,0.00014);
#102=CYLINDRICAL_SURFACE('',#8059,0.0001);
#103=CYLINDRICAL_SURFACE('',#8063,3.E-05);
#104=CYLINDRICAL_SURFACE('',#8069,0.00014);
#105=CYLINDRICAL_SURFACE('',#8092,5.E-05);
#106=CYLINDRICAL_SURFACE('',#8094,5.E-05);
#107=CYLINDRICAL_SURFACE('',#8105,5.E-05);
#108=CYLINDRICAL_SURFACE('',#8112,5.E-05);
#109=CYLINDRICAL_SURFACE('',#8122,0.0001);
#110=CYLINDRICAL_SURFACE('',#8125,0.00012);
#111=CYLINDRICAL_SURFACE('',#8138,5.E-05);
#112=CYLINDRICAL_SURFACE('',#8139,8.E-05);
#113=CYLINDRICAL_SURFACE('',#8152,0.00014);
#114=CYLINDRICAL_SURFACE('',#8164,0.00014);
#115=CYLINDRICAL_SURFACE('',#8180,0.0001);
#116=CYLINDRICAL_SURFACE('',#8184,3.E-05);
#117=CYLINDRICAL_SURFACE('',#8190,0.00014);
#118=CYLINDRICAL_SURFACE('',#8214,5.E-05);
#119=CYLINDRICAL_SURFACE('',#8216,5.E-05);
#120=CYLINDRICAL_SURFACE('',#8222,4.91657979398839E-05);
#121=CYLINDRICAL_SURFACE('',#8223,5.E-05);
#122=CYLINDRICAL_SURFACE('',#8225,5.E-05);
#123=CYLINDRICAL_SURFACE('',#8232,5.E-05);
#124=CYLINDRICAL_SURFACE('',#8242,5.E-05);
#125=CYLINDRICAL_SURFACE('',#8246,0.0001);
#126=CYLINDRICAL_SURFACE('',#8250,0.00012);
#127=CYLINDRICAL_SURFACE('',#8263,0.00012);
#128=CYLINDRICAL_SURFACE('',#8267,5.E-05);
#129=CYLINDRICAL_SURFACE('',#8269,8.E-05);
#130=CYLINDRICAL_SURFACE('',#8282,0.00014);
#131=CYLINDRICAL_SURFACE('',#8294,0.00014);
#132=CYLINDRICAL_SURFACE('',#8307,0.00013);
#133=CYLINDRICAL_SURFACE('',#8312,7.5E-05);
#134=CYLINDRICAL_SURFACE('',#8317,0.0001);
#135=CYLINDRICAL_SURFACE('',#8321,3.E-05);
#136=CYLINDRICAL_SURFACE('',#8327,0.00014);
#137=CYLINDRICAL_SURFACE('',#8350,5.E-05);
#138=CYLINDRICAL_SURFACE('',#8352,5.E-05);
#139=CYLINDRICAL_SURFACE('',#8358,4.91657979398834E-05);
#140=CYLINDRICAL_SURFACE('',#8360,5.E-05);
#141=CYLINDRICAL_SURFACE('',#8367,5.E-05);
#142=CYLINDRICAL_SURFACE('',#8377,0.0001);
#143=CYLINDRICAL_SURFACE('',#8380,0.00012);
#144=CYLINDRICAL_SURFACE('',#8393,5.E-05);
#145=CYLINDRICAL_SURFACE('',#8394,8.E-05);
#146=CYLINDRICAL_SURFACE('',#8397,5.E-05);
#147=CYLINDRICAL_SURFACE('',#8398,8.E-05);
#148=CYLINDRICAL_SURFACE('',#8399,8.E-05);
#149=CYLINDRICAL_SURFACE('',#8400,8.E-05);
#150=CYLINDRICAL_SURFACE('',#8419,0.00014);
#151=CYLINDRICAL_SURFACE('',#8431,0.00014);
#152=CYLINDRICAL_SURFACE('',#8444,0.00013);
#153=CYLINDRICAL_SURFACE('',#8449,7.5E-05);
#154=CYLINDRICAL_SURFACE('',#8467,8.E-05);
#155=CYLINDRICAL_SURFACE('',#8469,8.E-05);
#156=CYLINDRICAL_SURFACE('',#8470,8.E-05);
#157=CYLINDRICAL_SURFACE('',#8472,5.E-05);
#158=CYLINDRICAL_SURFACE('',#8476,8.E-05);
#159=CYLINDRICAL_SURFACE('',#8479,5.E-05);
#160=CYLINDRICAL_SURFACE('',#8487,0.00012);
#161=CYLINDRICAL_SURFACE('',#8504,0.00012);
#162=CYLINDRICAL_SURFACE('',#8510,0.0001);
#163=CYLINDRICAL_SURFACE('',#8516,5.E-05);
#164=CYLINDRICAL_SURFACE('',#8524,5.E-05);
#165=CYLINDRICAL_SURFACE('',#8530,5.E-05);
#166=CYLINDRICAL_SURFACE('',#8532,5.E-05);
#167=CYLINDRICAL_SURFACE('',#8539,5.E-05);
#168=CYLINDRICAL_SURFACE('',#8541,5.E-05);
#169=CYLINDRICAL_SURFACE('',#8558,0.00014);
#170=CYLINDRICAL_SURFACE('',#8561,3.E-05);
#171=CYLINDRICAL_SURFACE('',#8563,0.0001);
#172=CYLINDRICAL_SURFACE('',#8565,0.0001);
#173=CYLINDRICAL_SURFACE('',#8566,4.5E-05);
#174=CYLINDRICAL_SURFACE('',#8567,0.0001);
#175=CYLINDRICAL_SURFACE('',#8568,4.5E-05);
#176=CIRCLE('',#8028,0.00014);
#177=CIRCLE('',#8030,0.00014);
#178=CIRCLE('',#8044,0.00014);
#179=CIRCLE('',#8045,0.00014);
#180=CIRCLE('',#8052,8.E-05);
#181=CIRCLE('',#8053,8.E-05);
#182=CIRCLE('',#8054,7.5E-05);
#183=CIRCLE('',#8055,0.000129999999999906);
#184=CIRCLE('',#8057,0.0001);
#185=CIRCLE('',#8058,4.5E-05);
#186=CIRCLE('',#8060,0.0001);
#187=CIRCLE('',#8061,0.0001);
#188=CIRCLE('',#8064,3.E-05);
#189=CIRCLE('',#8065,3.E-05);
#190=CIRCLE('',#8067,0.00012);
#191=CIRCLE('',#8068,0.00014);
#192=CIRCLE('',#8070,0.00014);
#193=CIRCLE('',#8071,0.00014);
#194=CIRCLE('',#8072,0.00014);
#195=CIRCLE('',#8074,0.00012);
#196=CIRCLE('',#8076,5.E-05);
#197=CIRCLE('',#8081,8.E-05);
#198=CIRCLE('',#8084,0.00013);
#199=CIRCLE('',#8085,8.E-05);
#200=CIRCLE('',#8089,5.E-05);
#201=CIRCLE('',#8090,5.E-05);
#202=CIRCLE('',#8091,5.E-05);
#203=CIRCLE('',#8095,5.E-05);
#204=CIRCLE('',#8097,5.E-05);
#205=CIRCLE('',#8098,0.00013);
#206=CIRCLE('',#8099,8.E-05);
#207=CIRCLE('',#8100,5.E-05);
#208=CIRCLE('',#8101,5.E-05);
#209=CIRCLE('',#8102,0.000167375230371962);
#210=CIRCLE('',#8103,0.000157473558573765);
#211=CIRCLE('',#8106,5.E-05);
#212=CIRCLE('',#8107,5.E-05);
#213=CIRCLE('',#8109,5.E-05);
#214=CIRCLE('',#8110,0.00012);
#215=CIRCLE('',#8111,7.E-05);
#216=CIRCLE('',#8115,1.99999999999996E-05);
#217=CIRCLE('',#8116,0.0001);
#218=CIRCLE('',#8119,5.E-05);
#219=CIRCLE('',#8137,5.E-05);
#220=CIRCLE('',#8149,0.00014);
#221=CIRCLE('',#8151,0.00014);
#222=CIRCLE('',#8165,0.00014);
#223=CIRCLE('',#8166,0.00014);
#224=CIRCLE('',#8173,8.E-05);
#225=CIRCLE('',#8174,0.000129999999999906);
#226=CIRCLE('',#8175,7.5E-05);
#227=CIRCLE('',#8176,8.E-05);
#228=CIRCLE('',#8178,0.0001);
#229=CIRCLE('',#8179,4.5E-05);
#230=CIRCLE('',#8181,0.0001);
#231=CIRCLE('',#8182,0.0001);
#232=CIRCLE('',#8185,3.E-05);
#233=CIRCLE('',#8186,3.E-05);
#234=CIRCLE('',#8188,0.00014);
#235=CIRCLE('',#8189,0.00012);
#236=CIRCLE('',#8191,0.00014);
#237=CIRCLE('',#8192,0.00014);
#238=CIRCLE('',#8193,0.00014);
#239=CIRCLE('',#8195,0.00012);
#240=CIRCLE('',#8198,5.E-05);
#241=CIRCLE('',#8203,8.E-05);
#242=CIRCLE('',#8206,8.E-05);
#243=CIRCLE('',#8207,0.00013);
#244=CIRCLE('',#8211,5.E-05);
#245=CIRCLE('',#8212,5.E-05);
#246=CIRCLE('',#8213,5.E-05);
#247=CIRCLE('',#8217,5.E-05);
#248=CIRCLE('',#8219,5.E-05);
#249=CIRCLE('',#8220,8.E-05);
#250=CIRCLE('',#8221,0.00013);
#251=CIRCLE('',#8226,5.E-05);
#252=CIRCLE('',#8227,5.E-05);
#253=CIRCLE('',#8229,5.E-05);
#254=CIRCLE('',#8230,7.E-05);
#255=CIRCLE('',#8231,0.00012);
#256=CIRCLE('',#8235,0.0001);
#257=CIRCLE('',#8236,1.99999999999996E-05);
#258=CIRCLE('',#8240,5.E-05);
#259=CIRCLE('',#8265,5.E-05);
#260=CIRCLE('',#8279,0.00014);
#261=CIRCLE('',#8281,0.00014);
#262=CIRCLE('',#8295,0.00014);
#263=CIRCLE('',#8296,0.00014);
#264=CIRCLE('',#8303,8.E-05);
#265=CIRCLE('',#8304,0.000129999999999906);
#266=CIRCLE('',#8305,7.5E-05);
#267=CIRCLE('',#8306,8.E-05);
#268=CIRCLE('',#8314,0.0001);
#269=CIRCLE('',#8315,4.5E-05);
#270=CIRCLE('',#8318,0.0001);
#271=CIRCLE('',#8319,0.0001);
#272=CIRCLE('',#8322,3.E-05);
#273=CIRCLE('',#8323,3.E-05);
#274=CIRCLE('',#8325,0.00014);
#275=CIRCLE('',#8326,0.00012);
#276=CIRCLE('',#8328,0.00014);
#277=CIRCLE('',#8329,0.00014);
#278=CIRCLE('',#8330,0.00014);
#279=CIRCLE('',#8332,0.00012);
#280=CIRCLE('',#8334,5.E-05);
#281=CIRCLE('',#8339,8.E-05);
#282=CIRCLE('',#8342,8.E-05);
#283=CIRCLE('',#8343,0.00013);
#284=CIRCLE('',#8347,5.E-05);
#285=CIRCLE('',#8348,5.E-05);
#286=CIRCLE('',#8349,5.E-05);
#287=CIRCLE('',#8353,5.E-05);
#288=CIRCLE('',#8355,5.E-05);
#289=CIRCLE('',#8356,8.E-05);
#290=CIRCLE('',#8357,0.00013);
#291=CIRCLE('',#8361,5.E-05);
#292=CIRCLE('',#8362,5.E-05);
#293=CIRCLE('',#8364,5.E-05);
#294=CIRCLE('',#8365,7.E-05);
#295=CIRCLE('',#8366,0.00012);
#296=CIRCLE('',#8370,0.0001);
#297=CIRCLE('',#8371,1.99999999999996E-05);
#298=CIRCLE('',#8374,5.E-05);
#299=CIRCLE('',#8392,5.E-05);
#300=CIRCLE('',#8416,0.00014);
#301=CIRCLE('',#8418,0.00014);
#302=CIRCLE('',#8432,0.00014);
#303=CIRCLE('',#8433,0.00014);
#304=CIRCLE('',#8440,8.E-05);
#305=CIRCLE('',#8441,8.E-05);
#306=CIRCLE('',#8442,7.5E-05);
#307=CIRCLE('',#8443,0.000129999999999906);
#308=CIRCLE('',#8451,0.0001);
#309=CIRCLE('',#8452,4.5E-05);
#310=CIRCLE('',#8460,0.00013);
#311=CIRCLE('',#8463,1.99999999999996E-05);
#312=CIRCLE('',#8466,0.000157473558573765);
#313=CIRCLE('',#8468,8.E-05);
#314=CIRCLE('',#8471,8.E-05);
#315=CIRCLE('',#8473,5.E-05);
#316=CIRCLE('',#8477,8.E-05);
#317=CIRCLE('',#8480,5.E-05);
#318=CIRCLE('',#8481,5.E-05);
#319=CIRCLE('',#8483,0.0001);
#320=CIRCLE('',#8486,5.E-05);
#321=CIRCLE('',#8489,0.00012);
#322=CIRCLE('',#8493,3.E-05);
#323=CIRCLE('',#8500,0.00014);
#324=CIRCLE('',#8502,0.00014);
#325=CIRCLE('',#8505,0.00012);
#326=CIRCLE('',#8506,0.00012);
#327=CIRCLE('',#8511,0.0001);
#328=CIRCLE('',#8514,0.00013);
#329=CIRCLE('',#8517,0.000167375230371968);
#330=CIRCLE('',#8525,5.E-05);
#331=CIRCLE('',#8526,5.E-05);
#332=CIRCLE('',#8528,5.E-05);
#333=CIRCLE('',#8529,7.E-05);
#334=CIRCLE('',#8533,5.E-05);
#335=CIRCLE('',#8534,5.E-05);
#336=CIRCLE('',#8535,5.E-05);
#337=CIRCLE('',#8536,5.E-05);
#338=CIRCLE('',#8538,5.E-05);
#339=CIRCLE('',#8542,5.E-05);
#340=CIRCLE('',#8551,3.E-05);
#341=CIRCLE('',#8552,0.0001);
#342=CIRCLE('',#8557,0.00014);
#343=CIRCLE('',#8559,0.00014);
#344=ORIENTED_EDGE('',*,*,#2396,.F.);
#345=ORIENTED_EDGE('',*,*,#2397,.T.);
#346=ORIENTED_EDGE('',*,*,#2398,.T.);
#347=ORIENTED_EDGE('',*,*,#2399,.F.);
#348=ORIENTED_EDGE('',*,*,#2400,.F.);
#349=ORIENTED_EDGE('',*,*,#2401,.F.);
#350=ORIENTED_EDGE('',*,*,#2402,.F.);
#351=ORIENTED_EDGE('',*,*,#2400,.T.);
#352=ORIENTED_EDGE('',*,*,#2403,.F.);
#353=ORIENTED_EDGE('',*,*,#2404,.F.);
#354=ORIENTED_EDGE('',*,*,#2405,.F.);
#355=ORIENTED_EDGE('',*,*,#2406,.F.);
#356=ORIENTED_EDGE('',*,*,#2404,.T.);
#357=ORIENTED_EDGE('',*,*,#2407,.F.);
#358=ORIENTED_EDGE('',*,*,#2408,.F.);
#359=ORIENTED_EDGE('',*,*,#2409,.T.);
#360=ORIENTED_EDGE('',*,*,#2410,.F.);
#361=ORIENTED_EDGE('',*,*,#2411,.F.);
#362=ORIENTED_EDGE('',*,*,#2412,.F.);
#363=ORIENTED_EDGE('',*,*,#2413,.F.);
#364=ORIENTED_EDGE('',*,*,#2397,.F.);
#365=ORIENTED_EDGE('',*,*,#2414,.F.);
#366=ORIENTED_EDGE('',*,*,#2409,.F.);
#367=ORIENTED_EDGE('',*,*,#2415,.F.);
#368=ORIENTED_EDGE('',*,*,#2416,.F.);
#369=ORIENTED_EDGE('',*,*,#2417,.T.);
#370=ORIENTED_EDGE('',*,*,#2418,.F.);
#371=ORIENTED_EDGE('',*,*,#2417,.F.);
#372=ORIENTED_EDGE('',*,*,#2419,.F.);
#373=ORIENTED_EDGE('',*,*,#2420,.T.);
#374=ORIENTED_EDGE('',*,*,#2421,.T.);
#375=ORIENTED_EDGE('',*,*,#2422,.F.);
#376=ORIENTED_EDGE('',*,*,#2423,.F.);
#377=ORIENTED_EDGE('',*,*,#2424,.F.);
#378=ORIENTED_EDGE('',*,*,#2425,.F.);
#379=ORIENTED_EDGE('',*,*,#2426,.F.);
#380=ORIENTED_EDGE('',*,*,#2427,.T.);
#381=ORIENTED_EDGE('',*,*,#2411,.T.);
#382=ORIENTED_EDGE('',*,*,#2425,.T.);
#383=ORIENTED_EDGE('',*,*,#2428,.T.);
#384=ORIENTED_EDGE('',*,*,#2421,.F.);
#385=ORIENTED_EDGE('',*,*,#2429,.T.);
#386=ORIENTED_EDGE('',*,*,#2430,.T.);
#387=ORIENTED_EDGE('',*,*,#2431,.T.);
#388=ORIENTED_EDGE('',*,*,#2426,.T.);
#389=ORIENTED_EDGE('',*,*,#2429,.F.);
#390=ORIENTED_EDGE('',*,*,#2420,.F.);
#391=ORIENTED_EDGE('',*,*,#2432,.T.);
#392=ORIENTED_EDGE('',*,*,#2433,.T.);
#393=ORIENTED_EDGE('',*,*,#2407,.T.);
#394=ORIENTED_EDGE('',*,*,#2403,.T.);
#395=ORIENTED_EDGE('',*,*,#2399,.T.);
#396=ORIENTED_EDGE('',*,*,#2431,.F.);
#397=ORIENTED_EDGE('',*,*,#2434,.F.);
#398=ORIENTED_EDGE('',*,*,#2412,.T.);
#399=ORIENTED_EDGE('',*,*,#2427,.F.);
#400=ORIENTED_EDGE('',*,*,#2416,.T.);
#401=ORIENTED_EDGE('',*,*,#2435,.T.);
#402=ORIENTED_EDGE('',*,*,#2432,.F.);
#403=ORIENTED_EDGE('',*,*,#2419,.T.);
#404=ORIENTED_EDGE('',*,*,#2415,.T.);
#405=ORIENTED_EDGE('',*,*,#2408,.T.);
#406=ORIENTED_EDGE('',*,*,#2433,.F.);
#407=ORIENTED_EDGE('',*,*,#2435,.F.);
#408=ORIENTED_EDGE('',*,*,#2413,.T.);
#409=ORIENTED_EDGE('',*,*,#2434,.T.);
#410=ORIENTED_EDGE('',*,*,#2430,.F.);
#411=ORIENTED_EDGE('',*,*,#2398,.F.);
#412=ORIENTED_EDGE('',*,*,#2436,.F.);
#413=ORIENTED_EDGE('',*,*,#2437,.T.);
#414=ORIENTED_EDGE('',*,*,#2438,.F.);
#415=ORIENTED_EDGE('',*,*,#2439,.T.);
#416=ORIENTED_EDGE('',*,*,#2440,.F.);
#417=ORIENTED_EDGE('',*,*,#2439,.F.);
#418=ORIENTED_EDGE('',*,*,#2441,.F.);
#419=ORIENTED_EDGE('',*,*,#2442,.T.);
#420=ORIENTED_EDGE('',*,*,#2443,.F.);
#421=ORIENTED_EDGE('',*,*,#2444,.T.);
#422=ORIENTED_EDGE('',*,*,#2445,.F.);
#423=ORIENTED_EDGE('',*,*,#2437,.F.);
#424=ORIENTED_EDGE('',*,*,#2446,.F.);
#425=ORIENTED_EDGE('',*,*,#2442,.F.);
#426=ORIENTED_EDGE('',*,*,#2447,.F.);
#427=ORIENTED_EDGE('',*,*,#2444,.F.);
#428=ORIENTED_EDGE('',*,*,#2441,.T.);
#429=ORIENTED_EDGE('',*,*,#2438,.T.);
#430=ORIENTED_EDGE('',*,*,#2445,.T.);
#431=ORIENTED_EDGE('',*,*,#2447,.T.);
#432=ORIENTED_EDGE('',*,*,#2448,.F.);
#433=ORIENTED_EDGE('',*,*,#2449,.T.);
#434=ORIENTED_EDGE('',*,*,#2450,.F.);
#435=ORIENTED_EDGE('',*,*,#2451,.F.);
#436=ORIENTED_EDGE('',*,*,#2452,.F.);
#437=ORIENTED_EDGE('',*,*,#2453,.T.);
#438=ORIENTED_EDGE('',*,*,#2454,.T.);
#439=ORIENTED_EDGE('',*,*,#2455,.T.);
#440=ORIENTED_EDGE('',*,*,#2449,.F.);
#441=ORIENTED_EDGE('',*,*,#2456,.T.);
#442=ORIENTED_EDGE('',*,*,#2457,.T.);
#443=ORIENTED_EDGE('',*,*,#2452,.T.);
#444=ORIENTED_EDGE('',*,*,#2458,.F.);
#445=ORIENTED_EDGE('',*,*,#2459,.F.);
#446=ORIENTED_EDGE('',*,*,#2460,.T.);
#447=ORIENTED_EDGE('',*,*,#2461,.T.);
#448=ORIENTED_EDGE('',*,*,#2451,.T.);
#449=ORIENTED_EDGE('',*,*,#2462,.T.);
#450=ORIENTED_EDGE('',*,*,#2463,.T.);
#451=ORIENTED_EDGE('',*,*,#2454,.F.);
#452=ORIENTED_EDGE('',*,*,#2455,.F.);
#453=ORIENTED_EDGE('',*,*,#2463,.F.);
#454=ORIENTED_EDGE('',*,*,#2464,.T.);
#455=ORIENTED_EDGE('',*,*,#2458,.T.);
#456=ORIENTED_EDGE('',*,*,#2462,.F.);
#457=ORIENTED_EDGE('',*,*,#2450,.T.);
#458=ORIENTED_EDGE('',*,*,#2459,.T.);
#459=ORIENTED_EDGE('',*,*,#2464,.F.);
#460=ORIENTED_EDGE('',*,*,#2465,.T.);
#461=ORIENTED_EDGE('',*,*,#2401,.T.);
#462=ORIENTED_EDGE('',*,*,#2402,.T.);
#463=ORIENTED_EDGE('',*,*,#2406,.T.);
#464=ORIENTED_EDGE('',*,*,#2466,.F.);
#465=ORIENTED_EDGE('',*,*,#2467,.F.);
#466=ORIENTED_EDGE('',*,*,#2468,.F.);
#467=ORIENTED_EDGE('',*,*,#2469,.T.);
#468=ORIENTED_EDGE('',*,*,#2470,.F.);
#469=ORIENTED_EDGE('',*,*,#2471,.F.);
#470=ORIENTED_EDGE('',*,*,#2472,.F.);
#471=ORIENTED_EDGE('',*,*,#2473,.F.);
#472=ORIENTED_EDGE('',*,*,#2474,.F.);
#473=ORIENTED_EDGE('',*,*,#2475,.F.);
#474=ORIENTED_EDGE('',*,*,#2476,.F.);
#475=ORIENTED_EDGE('',*,*,#2477,.F.);
#476=ORIENTED_EDGE('',*,*,#2478,.T.);
#477=ORIENTED_EDGE('',*,*,#2479,.F.);
#478=ORIENTED_EDGE('',*,*,#2480,.F.);
#479=ORIENTED_EDGE('',*,*,#2481,.F.);
#480=ORIENTED_EDGE('',*,*,#2482,.T.);
#481=ORIENTED_EDGE('',*,*,#2483,.T.);
#482=ORIENTED_EDGE('',*,*,#2484,.F.);
#483=ORIENTED_EDGE('',*,*,#2485,.T.);
#484=ORIENTED_EDGE('',*,*,#2486,.T.);
#485=ORIENTED_EDGE('',*,*,#2487,.T.);
#486=ORIENTED_EDGE('',*,*,#2488,.T.);
#487=ORIENTED_EDGE('',*,*,#2489,.T.);
#488=ORIENTED_EDGE('',*,*,#2490,.T.);
#489=ORIENTED_EDGE('',*,*,#2491,.T.);
#490=ORIENTED_EDGE('',*,*,#2492,.F.);
#491=ORIENTED_EDGE('',*,*,#2493,.T.);
#492=ORIENTED_EDGE('',*,*,#2484,.T.);
#493=ORIENTED_EDGE('',*,*,#2494,.T.);
#494=ORIENTED_EDGE('',*,*,#2495,.T.);
#495=ORIENTED_EDGE('',*,*,#2496,.T.);
#496=ORIENTED_EDGE('',*,*,#2497,.T.);
#497=ORIENTED_EDGE('',*,*,#2498,.T.);
#498=ORIENTED_EDGE('',*,*,#2499,.F.);
#499=ORIENTED_EDGE('',*,*,#2500,.T.);
#500=ORIENTED_EDGE('',*,*,#2497,.F.);
#501=ORIENTED_EDGE('',*,*,#2501,.F.);
#502=ORIENTED_EDGE('',*,*,#2502,.T.);
#503=ORIENTED_EDGE('',*,*,#2503,.F.);
#504=ORIENTED_EDGE('',*,*,#2504,.T.);
#505=ORIENTED_EDGE('',*,*,#2505,.T.);
#506=ORIENTED_EDGE('',*,*,#2490,.F.);
#507=ORIENTED_EDGE('',*,*,#2506,.T.);
#508=ORIENTED_EDGE('',*,*,#2499,.T.);
#509=ORIENTED_EDGE('',*,*,#2507,.F.);
#510=ORIENTED_EDGE('',*,*,#2508,.F.);
#511=ORIENTED_EDGE('',*,*,#2486,.F.);
#512=ORIENTED_EDGE('',*,*,#2509,.F.);
#513=ORIENTED_EDGE('',*,*,#2510,.T.);
#514=ORIENTED_EDGE('',*,*,#2492,.T.);
#515=ORIENTED_EDGE('',*,*,#2511,.T.);
#516=ORIENTED_EDGE('',*,*,#2512,.T.);
#517=ORIENTED_EDGE('',*,*,#2513,.F.);
#518=ORIENTED_EDGE('',*,*,#2514,.T.);
#519=ORIENTED_EDGE('',*,*,#2482,.F.);
#520=ORIENTED_EDGE('',*,*,#2515,.T.);
#521=ORIENTED_EDGE('',*,*,#2516,.T.);
#522=ORIENTED_EDGE('',*,*,#2488,.F.);
#523=ORIENTED_EDGE('',*,*,#2506,.F.);
#524=ORIENTED_EDGE('',*,*,#2493,.F.);
#525=ORIENTED_EDGE('',*,*,#2510,.F.);
#526=ORIENTED_EDGE('',*,*,#2517,.F.);
#527=ORIENTED_EDGE('',*,*,#2515,.F.);
#528=ORIENTED_EDGE('',*,*,#2485,.F.);
#529=ORIENTED_EDGE('',*,*,#2498,.F.);
#530=ORIENTED_EDGE('',*,*,#2500,.F.);
#531=ORIENTED_EDGE('',*,*,#2516,.F.);
#532=ORIENTED_EDGE('',*,*,#2517,.T.);
#533=ORIENTED_EDGE('',*,*,#2509,.T.);
#534=ORIENTED_EDGE('',*,*,#2489,.F.);
#535=ORIENTED_EDGE('',*,*,#2518,.F.);
#536=ORIENTED_EDGE('',*,*,#2519,.T.);
#537=ORIENTED_EDGE('',*,*,#2520,.F.);
#538=ORIENTED_EDGE('',*,*,#2519,.F.);
#539=ORIENTED_EDGE('',*,*,#2521,.F.);
#540=ORIENTED_EDGE('',*,*,#2522,.T.);
#541=ORIENTED_EDGE('',*,*,#2523,.F.);
#542=ORIENTED_EDGE('',*,*,#2524,.F.);
#543=ORIENTED_EDGE('',*,*,#2525,.T.);
#544=ORIENTED_EDGE('',*,*,#2526,.F.);
#545=ORIENTED_EDGE('',*,*,#2522,.F.);
#546=ORIENTED_EDGE('',*,*,#2527,.F.);
#547=ORIENTED_EDGE('',*,*,#2528,.F.);
#548=ORIENTED_EDGE('',*,*,#2529,.F.);
#549=ORIENTED_EDGE('',*,*,#2525,.F.);
#550=ORIENTED_EDGE('',*,*,#2530,.F.);
#551=ORIENTED_EDGE('',*,*,#2531,.F.);
#552=ORIENTED_EDGE('',*,*,#2532,.T.);
#553=ORIENTED_EDGE('',*,*,#2533,.T.);
#554=ORIENTED_EDGE('',*,*,#2534,.T.);
#555=ORIENTED_EDGE('',*,*,#2535,.T.);
#556=ORIENTED_EDGE('',*,*,#2536,.F.);
#557=ORIENTED_EDGE('',*,*,#2537,.F.);
#558=ORIENTED_EDGE('',*,*,#2538,.T.);
#559=ORIENTED_EDGE('',*,*,#2539,.T.);
#560=ORIENTED_EDGE('',*,*,#2540,.F.);
#561=ORIENTED_EDGE('',*,*,#2538,.F.);
#562=ORIENTED_EDGE('',*,*,#2541,.F.);
#563=ORIENTED_EDGE('',*,*,#2542,.F.);
#564=ORIENTED_EDGE('',*,*,#2543,.T.);
#565=ORIENTED_EDGE('',*,*,#2539,.F.);
#566=ORIENTED_EDGE('',*,*,#2544,.F.);
#567=ORIENTED_EDGE('',*,*,#2545,.T.);
#568=ORIENTED_EDGE('',*,*,#2546,.T.);
#569=ORIENTED_EDGE('',*,*,#2547,.F.);
#570=ORIENTED_EDGE('',*,*,#2545,.F.);
#571=ORIENTED_EDGE('',*,*,#2548,.F.);
#572=ORIENTED_EDGE('',*,*,#2549,.T.);
#573=ORIENTED_EDGE('',*,*,#2550,.F.);
#574=ORIENTED_EDGE('',*,*,#2546,.F.);
#575=ORIENTED_EDGE('',*,*,#2551,.F.);
#576=ORIENTED_EDGE('',*,*,#2552,.T.);
#577=ORIENTED_EDGE('',*,*,#2553,.F.);
#578=ORIENTED_EDGE('',*,*,#2549,.F.);
#579=ORIENTED_EDGE('',*,*,#2554,.F.);
#580=ORIENTED_EDGE('',*,*,#2555,.F.);
#581=ORIENTED_EDGE('',*,*,#2556,.F.);
#582=ORIENTED_EDGE('',*,*,#2552,.F.);
#583=ORIENTED_EDGE('',*,*,#2557,.F.);
#584=ORIENTED_EDGE('',*,*,#2558,.F.);
#585=ORIENTED_EDGE('',*,*,#2559,.T.);
#586=ORIENTED_EDGE('',*,*,#2560,.F.);
#587=ORIENTED_EDGE('',*,*,#2561,.F.);
#588=ORIENTED_EDGE('',*,*,#2562,.F.);
#589=ORIENTED_EDGE('',*,*,#2563,.T.);
#590=ORIENTED_EDGE('',*,*,#2564,.F.);
#591=ORIENTED_EDGE('',*,*,#2565,.T.);
#592=ORIENTED_EDGE('',*,*,#2566,.F.);
#593=ORIENTED_EDGE('',*,*,#2563,.F.);
#594=ORIENTED_EDGE('',*,*,#2567,.F.);
#595=ORIENTED_EDGE('',*,*,#2512,.F.);
#596=ORIENTED_EDGE('',*,*,#2568,.F.);
#597=ORIENTED_EDGE('',*,*,#2565,.F.);
#598=ORIENTED_EDGE('',*,*,#2569,.F.);
#599=ORIENTED_EDGE('',*,*,#2570,.F.);
#600=ORIENTED_EDGE('',*,*,#2571,.F.);
#601=ORIENTED_EDGE('',*,*,#2572,.F.);
#602=ORIENTED_EDGE('',*,*,#2573,.T.);
#603=ORIENTED_EDGE('',*,*,#2574,.T.);
#604=ORIENTED_EDGE('',*,*,#2575,.F.);
#605=ORIENTED_EDGE('',*,*,#2573,.F.);
#606=ORIENTED_EDGE('',*,*,#2576,.F.);
#607=ORIENTED_EDGE('',*,*,#2577,.F.);
#608=ORIENTED_EDGE('',*,*,#2578,.T.);
#609=ORIENTED_EDGE('',*,*,#2579,.F.);
#610=ORIENTED_EDGE('',*,*,#2580,.F.);
#611=ORIENTED_EDGE('',*,*,#2581,.T.);
#612=ORIENTED_EDGE('',*,*,#2580,.T.);
#613=ORIENTED_EDGE('',*,*,#2582,.F.);
#614=ORIENTED_EDGE('',*,*,#2583,.F.);
#615=ORIENTED_EDGE('',*,*,#2584,.T.);
#616=ORIENTED_EDGE('',*,*,#2585,.T.);
#617=ORIENTED_EDGE('',*,*,#2586,.F.);
#618=ORIENTED_EDGE('',*,*,#2587,.T.);
#619=ORIENTED_EDGE('',*,*,#2588,.T.);
#620=ORIENTED_EDGE('',*,*,#2589,.F.);
#621=ORIENTED_EDGE('',*,*,#2584,.F.);
#622=ORIENTED_EDGE('',*,*,#2590,.F.);
#623=ORIENTED_EDGE('',*,*,#2558,.T.);
#624=ORIENTED_EDGE('',*,*,#2591,.T.);
#625=ORIENTED_EDGE('',*,*,#2592,.T.);
#626=ORIENTED_EDGE('',*,*,#2593,.F.);
#627=ORIENTED_EDGE('',*,*,#2594,.F.);
#628=ORIENTED_EDGE('',*,*,#2576,.T.);
#629=ORIENTED_EDGE('',*,*,#2595,.F.);
#630=ORIENTED_EDGE('',*,*,#2596,.F.);
#631=ORIENTED_EDGE('',*,*,#2597,.F.);
#632=ORIENTED_EDGE('',*,*,#2587,.F.);
#633=ORIENTED_EDGE('',*,*,#2583,.T.);
#634=ORIENTED_EDGE('',*,*,#2598,.F.);
#635=ORIENTED_EDGE('',*,*,#2599,.F.);
#636=ORIENTED_EDGE('',*,*,#2600,.F.);
#637=ORIENTED_EDGE('',*,*,#2532,.F.);
#638=ORIENTED_EDGE('',*,*,#2601,.F.);
#639=ORIENTED_EDGE('',*,*,#2566,.T.);
#640=ORIENTED_EDGE('',*,*,#2602,.F.);
#641=ORIENTED_EDGE('',*,*,#2504,.F.);
#642=ORIENTED_EDGE('',*,*,#2603,.F.);
#643=ORIENTED_EDGE('',*,*,#2604,.T.);
#644=ORIENTED_EDGE('',*,*,#2501,.T.);
#645=ORIENTED_EDGE('',*,*,#2605,.T.);
#646=ORIENTED_EDGE('',*,*,#2606,.F.);
#647=ORIENTED_EDGE('',*,*,#2503,.T.);
#648=ORIENTED_EDGE('',*,*,#2607,.T.);
#649=ORIENTED_EDGE('',*,*,#2608,.T.);
#650=ORIENTED_EDGE('',*,*,#2609,.F.);
#651=ORIENTED_EDGE('',*,*,#2610,.F.);
#652=ORIENTED_EDGE('',*,*,#2603,.T.);
#653=ORIENTED_EDGE('',*,*,#2507,.T.);
#654=ORIENTED_EDGE('',*,*,#2606,.T.);
#655=ORIENTED_EDGE('',*,*,#2611,.T.);
#656=ORIENTED_EDGE('',*,*,#2605,.F.);
#657=ORIENTED_EDGE('',*,*,#2496,.F.);
#658=ORIENTED_EDGE('',*,*,#2612,.T.);
#659=ORIENTED_EDGE('',*,*,#2613,.F.);
#660=ORIENTED_EDGE('',*,*,#2614,.T.);
#661=ORIENTED_EDGE('',*,*,#2595,.T.);
#662=ORIENTED_EDGE('',*,*,#2572,.T.);
#663=ORIENTED_EDGE('',*,*,#2615,.F.);
#664=ORIENTED_EDGE('',*,*,#2599,.T.);
#665=ORIENTED_EDGE('',*,*,#2616,.T.);
#666=ORIENTED_EDGE('',*,*,#2602,.T.);
#667=ORIENTED_EDGE('',*,*,#2568,.T.);
#668=ORIENTED_EDGE('',*,*,#2511,.F.);
#669=ORIENTED_EDGE('',*,*,#2491,.F.);
#670=ORIENTED_EDGE('',*,*,#2505,.F.);
#671=ORIENTED_EDGE('',*,*,#2559,.F.);
#672=ORIENTED_EDGE('',*,*,#2590,.T.);
#673=ORIENTED_EDGE('',*,*,#2617,.T.);
#674=ORIENTED_EDGE('',*,*,#2588,.F.);
#675=ORIENTED_EDGE('',*,*,#2597,.T.);
#676=ORIENTED_EDGE('',*,*,#2535,.F.);
#677=ORIENTED_EDGE('',*,*,#2618,.T.);
#678=ORIENTED_EDGE('',*,*,#2619,.T.);
#679=ORIENTED_EDGE('',*,*,#2564,.T.);
#680=ORIENTED_EDGE('',*,*,#2601,.T.);
#681=ORIENTED_EDGE('',*,*,#2610,.T.);
#682=ORIENTED_EDGE('',*,*,#2619,.F.);
#683=ORIENTED_EDGE('',*,*,#2609,.T.);
#684=ORIENTED_EDGE('',*,*,#2620,.T.);
#685=ORIENTED_EDGE('',*,*,#2621,.T.);
#686=ORIENTED_EDGE('',*,*,#2622,.F.);
#687=ORIENTED_EDGE('',*,*,#2561,.T.);
#688=ORIENTED_EDGE('',*,*,#2623,.F.);
#689=ORIENTED_EDGE('',*,*,#2621,.F.);
#690=ORIENTED_EDGE('',*,*,#2624,.F.);
#691=ORIENTED_EDGE('',*,*,#2586,.T.);
#692=ORIENTED_EDGE('',*,*,#2466,.T.);
#693=ORIENTED_EDGE('',*,*,#2625,.T.);
#694=ORIENTED_EDGE('',*,*,#2527,.T.);
#695=ORIENTED_EDGE('',*,*,#2626,.T.);
#696=ORIENTED_EDGE('',*,*,#2626,.F.);
#697=ORIENTED_EDGE('',*,*,#2521,.T.);
#698=ORIENTED_EDGE('',*,*,#2627,.F.);
#699=ORIENTED_EDGE('',*,*,#2467,.T.);
#700=ORIENTED_EDGE('',*,*,#2476,.T.);
#701=ORIENTED_EDGE('',*,*,#2628,.F.);
#702=ORIENTED_EDGE('',*,*,#2530,.T.);
#703=ORIENTED_EDGE('',*,*,#2625,.F.);
#704=ORIENTED_EDGE('',*,*,#2629,.T.);
#705=ORIENTED_EDGE('',*,*,#2523,.T.);
#706=ORIENTED_EDGE('',*,*,#2526,.T.);
#707=ORIENTED_EDGE('',*,*,#2529,.T.);
#708=ORIENTED_EDGE('',*,*,#2630,.F.);
#709=ORIENTED_EDGE('',*,*,#2615,.T.);
#710=ORIENTED_EDGE('',*,*,#2571,.T.);
#711=ORIENTED_EDGE('',*,*,#2631,.T.);
#712=ORIENTED_EDGE('',*,*,#2632,.T.);
#713=ORIENTED_EDGE('',*,*,#2633,.T.);
#714=ORIENTED_EDGE('',*,*,#2634,.T.);
#715=ORIENTED_EDGE('',*,*,#2635,.F.);
#716=ORIENTED_EDGE('',*,*,#2636,.F.);
#717=ORIENTED_EDGE('',*,*,#2637,.T.);
#718=ORIENTED_EDGE('',*,*,#2638,.T.);
#719=ORIENTED_EDGE('',*,*,#2639,.T.);
#720=ORIENTED_EDGE('',*,*,#2633,.F.);
#721=ORIENTED_EDGE('',*,*,#2640,.T.);
#722=ORIENTED_EDGE('',*,*,#2641,.F.);
#723=ORIENTED_EDGE('',*,*,#2642,.T.);
#724=ORIENTED_EDGE('',*,*,#2643,.T.);
#725=ORIENTED_EDGE('',*,*,#2638,.F.);
#726=ORIENTED_EDGE('',*,*,#2644,.T.);
#727=ORIENTED_EDGE('',*,*,#2645,.T.);
#728=ORIENTED_EDGE('',*,*,#2636,.T.);
#729=ORIENTED_EDGE('',*,*,#2646,.T.);
#730=ORIENTED_EDGE('',*,*,#2647,.T.);
#731=ORIENTED_EDGE('',*,*,#2648,.T.);
#732=ORIENTED_EDGE('',*,*,#2649,.T.);
#733=ORIENTED_EDGE('',*,*,#2650,.F.);
#734=ORIENTED_EDGE('',*,*,#2651,.T.);
#735=ORIENTED_EDGE('',*,*,#2652,.T.);
#736=ORIENTED_EDGE('',*,*,#2641,.T.);
#737=ORIENTED_EDGE('',*,*,#2653,.T.);
#738=ORIENTED_EDGE('',*,*,#2654,.T.);
#739=ORIENTED_EDGE('',*,*,#2655,.F.);
#740=ORIENTED_EDGE('',*,*,#2656,.F.);
#741=ORIENTED_EDGE('',*,*,#2657,.T.);
#742=ORIENTED_EDGE('',*,*,#2650,.T.);
#743=ORIENTED_EDGE('',*,*,#2658,.T.);
#744=ORIENTED_EDGE('',*,*,#2648,.F.);
#745=ORIENTED_EDGE('',*,*,#2659,.F.);
#746=ORIENTED_EDGE('',*,*,#2660,.T.);
#747=ORIENTED_EDGE('',*,*,#2661,.T.);
#748=ORIENTED_EDGE('',*,*,#2662,.T.);
#749=ORIENTED_EDGE('',*,*,#2661,.F.);
#750=ORIENTED_EDGE('',*,*,#2663,.F.);
#751=ORIENTED_EDGE('',*,*,#2655,.T.);
#752=ORIENTED_EDGE('',*,*,#2664,.F.);
#753=ORIENTED_EDGE('',*,*,#2665,.F.);
#754=ORIENTED_EDGE('',*,*,#2634,.F.);
#755=ORIENTED_EDGE('',*,*,#2639,.F.);
#756=ORIENTED_EDGE('',*,*,#2643,.F.);
#757=ORIENTED_EDGE('',*,*,#2666,.F.);
#758=ORIENTED_EDGE('',*,*,#2667,.F.);
#759=ORIENTED_EDGE('',*,*,#2656,.T.);
#760=ORIENTED_EDGE('',*,*,#2663,.T.);
#761=ORIENTED_EDGE('',*,*,#2660,.F.);
#762=ORIENTED_EDGE('',*,*,#2668,.F.);
#763=ORIENTED_EDGE('',*,*,#2668,.T.);
#764=ORIENTED_EDGE('',*,*,#2659,.T.);
#765=ORIENTED_EDGE('',*,*,#2647,.F.);
#766=ORIENTED_EDGE('',*,*,#2669,.T.);
#767=ORIENTED_EDGE('',*,*,#2651,.F.);
#768=ORIENTED_EDGE('',*,*,#2657,.F.);
#769=ORIENTED_EDGE('',*,*,#2667,.T.);
#770=ORIENTED_EDGE('',*,*,#2670,.F.);
#771=ORIENTED_EDGE('',*,*,#2652,.F.);
#772=ORIENTED_EDGE('',*,*,#2670,.T.);
#773=ORIENTED_EDGE('',*,*,#2666,.T.);
#774=ORIENTED_EDGE('',*,*,#2642,.F.);
#775=ORIENTED_EDGE('',*,*,#2646,.F.);
#776=ORIENTED_EDGE('',*,*,#2635,.T.);
#777=ORIENTED_EDGE('',*,*,#2665,.T.);
#778=ORIENTED_EDGE('',*,*,#2669,.F.);
#779=ORIENTED_EDGE('',*,*,#2671,.T.);
#780=ORIENTED_EDGE('',*,*,#2672,.F.);
#781=ORIENTED_EDGE('',*,*,#2673,.T.);
#782=ORIENTED_EDGE('',*,*,#2674,.F.);
#783=ORIENTED_EDGE('',*,*,#2675,.T.);
#784=ORIENTED_EDGE('',*,*,#2676,.F.);
#785=ORIENTED_EDGE('',*,*,#2677,.T.);
#786=ORIENTED_EDGE('',*,*,#2672,.T.);
#787=ORIENTED_EDGE('',*,*,#2678,.T.);
#788=ORIENTED_EDGE('',*,*,#2674,.T.);
#789=ORIENTED_EDGE('',*,*,#2679,.T.);
#790=ORIENTED_EDGE('',*,*,#2680,.F.);
#791=ORIENTED_EDGE('',*,*,#2681,.T.);
#792=ORIENTED_EDGE('',*,*,#2680,.T.);
#793=ORIENTED_EDGE('',*,*,#2682,.T.);
#794=ORIENTED_EDGE('',*,*,#2676,.T.);
#795=ORIENTED_EDGE('',*,*,#2677,.F.);
#796=ORIENTED_EDGE('',*,*,#2682,.F.);
#797=ORIENTED_EDGE('',*,*,#2679,.F.);
#798=ORIENTED_EDGE('',*,*,#2673,.F.);
#799=ORIENTED_EDGE('',*,*,#2683,.T.);
#800=ORIENTED_EDGE('',*,*,#2684,.T.);
#801=ORIENTED_EDGE('',*,*,#2685,.T.);
#802=ORIENTED_EDGE('',*,*,#2686,.F.);
#803=ORIENTED_EDGE('',*,*,#2687,.T.);
#804=ORIENTED_EDGE('',*,*,#2688,.F.);
#805=ORIENTED_EDGE('',*,*,#2689,.F.);
#806=ORIENTED_EDGE('',*,*,#2690,.F.);
#807=ORIENTED_EDGE('',*,*,#2686,.T.);
#808=ORIENTED_EDGE('',*,*,#2691,.T.);
#809=ORIENTED_EDGE('',*,*,#2692,.T.);
#810=ORIENTED_EDGE('',*,*,#2687,.F.);
#811=ORIENTED_EDGE('',*,*,#2693,.F.);
#812=ORIENTED_EDGE('',*,*,#2694,.F.);
#813=ORIENTED_EDGE('',*,*,#2695,.F.);
#814=ORIENTED_EDGE('',*,*,#2689,.T.);
#815=ORIENTED_EDGE('',*,*,#2696,.F.);
#816=ORIENTED_EDGE('',*,*,#2697,.F.);
#817=ORIENTED_EDGE('',*,*,#2684,.F.);
#818=ORIENTED_EDGE('',*,*,#2698,.F.);
#819=ORIENTED_EDGE('',*,*,#2688,.T.);
#820=ORIENTED_EDGE('',*,*,#2692,.F.);
#821=ORIENTED_EDGE('',*,*,#2699,.F.);
#822=ORIENTED_EDGE('',*,*,#2696,.T.);
#823=ORIENTED_EDGE('',*,*,#2697,.T.);
#824=ORIENTED_EDGE('',*,*,#2699,.T.);
#825=ORIENTED_EDGE('',*,*,#2691,.F.);
#826=ORIENTED_EDGE('',*,*,#2685,.F.);
#827=ORIENTED_EDGE('',*,*,#2700,.F.);
#828=ORIENTED_EDGE('',*,*,#2644,.F.);
#829=ORIENTED_EDGE('',*,*,#2637,.F.);
#830=ORIENTED_EDGE('',*,*,#2632,.F.);
#831=ORIENTED_EDGE('',*,*,#2701,.T.);
#832=ORIENTED_EDGE('',*,*,#2702,.T.);
#833=ORIENTED_EDGE('',*,*,#2703,.T.);
#834=ORIENTED_EDGE('',*,*,#2704,.T.);
#835=ORIENTED_EDGE('',*,*,#2705,.T.);
#836=ORIENTED_EDGE('',*,*,#2706,.T.);
#837=ORIENTED_EDGE('',*,*,#2707,.T.);
#838=ORIENTED_EDGE('',*,*,#2708,.T.);
#839=ORIENTED_EDGE('',*,*,#2709,.F.);
#840=ORIENTED_EDGE('',*,*,#2710,.T.);
#841=ORIENTED_EDGE('',*,*,#2711,.T.);
#842=ORIENTED_EDGE('',*,*,#2712,.T.);
#843=ORIENTED_EDGE('',*,*,#2713,.T.);
#844=ORIENTED_EDGE('',*,*,#2714,.T.);
#845=ORIENTED_EDGE('',*,*,#2715,.T.);
#846=ORIENTED_EDGE('',*,*,#2716,.F.);
#847=ORIENTED_EDGE('',*,*,#2717,.F.);
#848=ORIENTED_EDGE('',*,*,#2718,.F.);
#849=ORIENTED_EDGE('',*,*,#2719,.T.);
#850=ORIENTED_EDGE('',*,*,#2720,.F.);
#851=ORIENTED_EDGE('',*,*,#2721,.F.);
#852=ORIENTED_EDGE('',*,*,#2722,.F.);
#853=ORIENTED_EDGE('',*,*,#2723,.F.);
#854=ORIENTED_EDGE('',*,*,#2724,.F.);
#855=ORIENTED_EDGE('',*,*,#2725,.F.);
#856=ORIENTED_EDGE('',*,*,#2726,.F.);
#857=ORIENTED_EDGE('',*,*,#2727,.T.);
#858=ORIENTED_EDGE('',*,*,#2728,.F.);
#859=ORIENTED_EDGE('',*,*,#2719,.F.);
#860=ORIENTED_EDGE('',*,*,#2729,.F.);
#861=ORIENTED_EDGE('',*,*,#2730,.F.);
#862=ORIENTED_EDGE('',*,*,#2731,.F.);
#863=ORIENTED_EDGE('',*,*,#2732,.F.);
#864=ORIENTED_EDGE('',*,*,#2733,.F.);
#865=ORIENTED_EDGE('',*,*,#2734,.T.);
#866=ORIENTED_EDGE('',*,*,#2735,.T.);
#867=ORIENTED_EDGE('',*,*,#2736,.F.);
#868=ORIENTED_EDGE('',*,*,#2737,.T.);
#869=ORIENTED_EDGE('',*,*,#2730,.T.);
#870=ORIENTED_EDGE('',*,*,#2738,.F.);
#871=ORIENTED_EDGE('',*,*,#2739,.F.);
#872=ORIENTED_EDGE('',*,*,#2740,.T.);
#873=ORIENTED_EDGE('',*,*,#2734,.F.);
#874=ORIENTED_EDGE('',*,*,#2741,.F.);
#875=ORIENTED_EDGE('',*,*,#2725,.T.);
#876=ORIENTED_EDGE('',*,*,#2742,.F.);
#877=ORIENTED_EDGE('',*,*,#2743,.T.);
#878=ORIENTED_EDGE('',*,*,#2744,.T.);
#879=ORIENTED_EDGE('',*,*,#2745,.F.);
#880=ORIENTED_EDGE('',*,*,#2614,.F.);
#881=ORIENTED_EDGE('',*,*,#2746,.T.);
#882=ORIENTED_EDGE('',*,*,#2747,.F.);
#883=ORIENTED_EDGE('',*,*,#2748,.F.);
#884=ORIENTED_EDGE('',*,*,#2727,.F.);
#885=ORIENTED_EDGE('',*,*,#2749,.F.);
#886=ORIENTED_EDGE('',*,*,#2750,.T.);
#887=ORIENTED_EDGE('',*,*,#2721,.T.);
#888=ORIENTED_EDGE('',*,*,#2751,.T.);
#889=ORIENTED_EDGE('',*,*,#2723,.T.);
#890=ORIENTED_EDGE('',*,*,#2752,.F.);
#891=ORIENTED_EDGE('',*,*,#2753,.F.);
#892=ORIENTED_EDGE('',*,*,#2717,.T.);
#893=ORIENTED_EDGE('',*,*,#2754,.F.);
#894=ORIENTED_EDGE('',*,*,#2741,.T.);
#895=ORIENTED_EDGE('',*,*,#2738,.T.);
#896=ORIENTED_EDGE('',*,*,#2729,.T.);
#897=ORIENTED_EDGE('',*,*,#2718,.T.);
#898=ORIENTED_EDGE('',*,*,#2753,.T.);
#899=ORIENTED_EDGE('',*,*,#2755,.T.);
#900=ORIENTED_EDGE('',*,*,#2749,.T.);
#901=ORIENTED_EDGE('',*,*,#2726,.T.);
#902=ORIENTED_EDGE('',*,*,#2752,.T.);
#903=ORIENTED_EDGE('',*,*,#2722,.T.);
#904=ORIENTED_EDGE('',*,*,#2750,.F.);
#905=ORIENTED_EDGE('',*,*,#2755,.F.);
#906=ORIENTED_EDGE('',*,*,#2756,.T.);
#907=ORIENTED_EDGE('',*,*,#2757,.T.);
#908=ORIENTED_EDGE('',*,*,#2758,.F.);
#909=ORIENTED_EDGE('',*,*,#2758,.T.);
#910=ORIENTED_EDGE('',*,*,#2759,.T.);
#911=ORIENTED_EDGE('',*,*,#2760,.T.);
#912=ORIENTED_EDGE('',*,*,#2761,.F.);
#913=ORIENTED_EDGE('',*,*,#2762,.T.);
#914=ORIENTED_EDGE('',*,*,#2763,.F.);
#915=ORIENTED_EDGE('',*,*,#2764,.T.);
#916=ORIENTED_EDGE('',*,*,#2761,.T.);
#917=ORIENTED_EDGE('',*,*,#2765,.T.);
#918=ORIENTED_EDGE('',*,*,#2766,.T.);
#919=ORIENTED_EDGE('',*,*,#2767,.T.);
#920=ORIENTED_EDGE('',*,*,#2768,.T.);
#921=ORIENTED_EDGE('',*,*,#2763,.T.);
#922=ORIENTED_EDGE('',*,*,#2769,.T.);
#923=ORIENTED_EDGE('',*,*,#2770,.F.);
#924=ORIENTED_EDGE('',*,*,#2771,.F.);
#925=ORIENTED_EDGE('',*,*,#2772,.F.);
#926=ORIENTED_EDGE('',*,*,#2773,.F.);
#927=ORIENTED_EDGE('',*,*,#2774,.T.);
#928=ORIENTED_EDGE('',*,*,#2775,.F.);
#929=ORIENTED_EDGE('',*,*,#2776,.T.);
#930=ORIENTED_EDGE('',*,*,#2777,.F.);
#931=ORIENTED_EDGE('',*,*,#2778,.T.);
#932=ORIENTED_EDGE('',*,*,#2775,.T.);
#933=ORIENTED_EDGE('',*,*,#2779,.T.);
#934=ORIENTED_EDGE('',*,*,#2780,.T.);
#935=ORIENTED_EDGE('',*,*,#2781,.F.);
#936=ORIENTED_EDGE('',*,*,#2782,.T.);
#937=ORIENTED_EDGE('',*,*,#2777,.T.);
#938=ORIENTED_EDGE('',*,*,#2783,.F.);
#939=ORIENTED_EDGE('',*,*,#2784,.F.);
#940=ORIENTED_EDGE('',*,*,#2785,.T.);
#941=ORIENTED_EDGE('',*,*,#2781,.T.);
#942=ORIENTED_EDGE('',*,*,#2786,.T.);
#943=ORIENTED_EDGE('',*,*,#2787,.F.);
#944=ORIENTED_EDGE('',*,*,#2788,.T.);
#945=ORIENTED_EDGE('',*,*,#2784,.T.);
#946=ORIENTED_EDGE('',*,*,#2789,.T.);
#947=ORIENTED_EDGE('',*,*,#2790,.F.);
#948=ORIENTED_EDGE('',*,*,#2791,.T.);
#949=ORIENTED_EDGE('',*,*,#2787,.T.);
#950=ORIENTED_EDGE('',*,*,#2792,.T.);
#951=ORIENTED_EDGE('',*,*,#2793,.T.);
#952=ORIENTED_EDGE('',*,*,#2790,.T.);
#953=ORIENTED_EDGE('',*,*,#2794,.T.);
#954=ORIENTED_EDGE('',*,*,#2795,.T.);
#955=ORIENTED_EDGE('',*,*,#2774,.F.);
#956=ORIENTED_EDGE('',*,*,#2796,.T.);
#957=ORIENTED_EDGE('',*,*,#2536,.T.);
#958=ORIENTED_EDGE('',*,*,#2797,.T.);
#959=ORIENTED_EDGE('',*,*,#2798,.T.);
#960=ORIENTED_EDGE('',*,*,#2799,.F.);
#961=ORIENTED_EDGE('',*,*,#2800,.T.);
#962=ORIENTED_EDGE('',*,*,#2801,.T.);
#963=ORIENTED_EDGE('',*,*,#2802,.T.);
#964=ORIENTED_EDGE('',*,*,#2803,.F.);
#965=ORIENTED_EDGE('',*,*,#2804,.T.);
#966=ORIENTED_EDGE('',*,*,#2805,.F.);
#967=ORIENTED_EDGE('',*,*,#2806,.T.);
#968=ORIENTED_EDGE('',*,*,#2803,.T.);
#969=ORIENTED_EDGE('',*,*,#2807,.T.);
#970=ORIENTED_EDGE('',*,*,#2747,.T.);
#971=ORIENTED_EDGE('',*,*,#2808,.T.);
#972=ORIENTED_EDGE('',*,*,#2805,.T.);
#973=ORIENTED_EDGE('',*,*,#2809,.T.);
#974=ORIENTED_EDGE('',*,*,#2810,.T.);
#975=ORIENTED_EDGE('',*,*,#2811,.F.);
#976=ORIENTED_EDGE('',*,*,#2812,.T.);
#977=ORIENTED_EDGE('',*,*,#2813,.T.);
#978=ORIENTED_EDGE('',*,*,#2814,.F.);
#979=ORIENTED_EDGE('',*,*,#2815,.T.);
#980=ORIENTED_EDGE('',*,*,#2811,.T.);
#981=ORIENTED_EDGE('',*,*,#2816,.T.);
#982=ORIENTED_EDGE('',*,*,#2817,.T.);
#983=ORIENTED_EDGE('',*,*,#2814,.T.);
#984=ORIENTED_EDGE('',*,*,#2818,.T.);
#985=ORIENTED_EDGE('',*,*,#2574,.F.);
#986=ORIENTED_EDGE('',*,*,#2819,.T.);
#987=ORIENTED_EDGE('',*,*,#2820,.T.);
#988=ORIENTED_EDGE('',*,*,#2821,.T.);
#989=ORIENTED_EDGE('',*,*,#2822,.F.);
#990=ORIENTED_EDGE('',*,*,#2823,.F.);
#991=ORIENTED_EDGE('',*,*,#2824,.T.);
#992=ORIENTED_EDGE('',*,*,#2825,.F.);
#993=ORIENTED_EDGE('',*,*,#2826,.F.);
#994=ORIENTED_EDGE('',*,*,#2827,.T.);
#995=ORIENTED_EDGE('',*,*,#2828,.T.);
#996=ORIENTED_EDGE('',*,*,#2820,.F.);
#997=ORIENTED_EDGE('',*,*,#2829,.F.);
#998=ORIENTED_EDGE('',*,*,#2826,.T.);
#999=ORIENTED_EDGE('',*,*,#2830,.T.);
#1000=ORIENTED_EDGE('',*,*,#2831,.F.);
#1001=ORIENTED_EDGE('',*,*,#2832,.T.);
#1002=ORIENTED_EDGE('',*,*,#2794,.F.);
#1003=ORIENTED_EDGE('',*,*,#2792,.F.);
#1004=ORIENTED_EDGE('',*,*,#2789,.F.);
#1005=ORIENTED_EDGE('',*,*,#2833,.T.);
#1006=ORIENTED_EDGE('',*,*,#2550,.T.);
#1007=ORIENTED_EDGE('',*,*,#2553,.T.);
#1008=ORIENTED_EDGE('',*,*,#2556,.T.);
#1009=ORIENTED_EDGE('',*,*,#2834,.T.);
#1010=ORIENTED_EDGE('',*,*,#2783,.T.);
#1011=ORIENTED_EDGE('',*,*,#2779,.F.);
#1012=ORIENTED_EDGE('',*,*,#2795,.F.);
#1013=ORIENTED_EDGE('',*,*,#2540,.T.);
#1014=ORIENTED_EDGE('',*,*,#2543,.F.);
#1015=ORIENTED_EDGE('',*,*,#2833,.F.);
#1016=ORIENTED_EDGE('',*,*,#2786,.F.);
#1017=ORIENTED_EDGE('',*,*,#2780,.F.);
#1018=ORIENTED_EDGE('',*,*,#2834,.F.);
#1019=ORIENTED_EDGE('',*,*,#2542,.T.);
#1020=ORIENTED_EDGE('',*,*,#2547,.T.);
#1021=ORIENTED_EDGE('',*,*,#2835,.T.);
#1022=ORIENTED_EDGE('',*,*,#2836,.T.);
#1023=ORIENTED_EDGE('',*,*,#2837,.F.);
#1024=ORIENTED_EDGE('',*,*,#2838,.F.);
#1025=ORIENTED_EDGE('',*,*,#2800,.F.);
#1026=ORIENTED_EDGE('',*,*,#2839,.T.);
#1027=ORIENTED_EDGE('',*,*,#2840,.T.);
#1028=ORIENTED_EDGE('',*,*,#2841,.T.);
#1029=ORIENTED_EDGE('',*,*,#2815,.F.);
#1030=ORIENTED_EDGE('',*,*,#2842,.T.);
#1031=ORIENTED_EDGE('',*,*,#2770,.T.);
#1032=ORIENTED_EDGE('',*,*,#2843,.T.);
#1033=ORIENTED_EDGE('',*,*,#2844,.T.);
#1034=ORIENTED_EDGE('',*,*,#2845,.T.);
#1035=ORIENTED_EDGE('',*,*,#2827,.F.);
#1036=ORIENTED_EDGE('',*,*,#2829,.T.);
#1037=ORIENTED_EDGE('',*,*,#2846,.T.);
#1038=ORIENTED_EDGE('',*,*,#2821,.F.);
#1039=ORIENTED_EDGE('',*,*,#2828,.F.);
#1040=ORIENTED_EDGE('',*,*,#2845,.F.);
#1041=ORIENTED_EDGE('',*,*,#2847,.T.);
#1042=ORIENTED_EDGE('',*,*,#2840,.F.);
#1043=ORIENTED_EDGE('',*,*,#2848,.T.);
#1044=ORIENTED_EDGE('',*,*,#2596,.T.);
#1045=ORIENTED_EDGE('',*,*,#2616,.F.);
#1046=ORIENTED_EDGE('',*,*,#2598,.T.);
#1047=ORIENTED_EDGE('',*,*,#2582,.T.);
#1048=ORIENTED_EDGE('',*,*,#2579,.T.);
#1049=ORIENTED_EDGE('',*,*,#2849,.T.);
#1050=ORIENTED_EDGE('',*,*,#2850,.T.);
#1051=ORIENTED_EDGE('',*,*,#2739,.T.);
#1052=ORIENTED_EDGE('',*,*,#2851,.T.);
#1053=ORIENTED_EDGE('',*,*,#2807,.F.);
#1054=ORIENTED_EDGE('',*,*,#2852,.F.);
#1055=ORIENTED_EDGE('',*,*,#2853,.F.);
#1056=ORIENTED_EDGE('',*,*,#2743,.F.);
#1057=ORIENTED_EDGE('',*,*,#2613,.T.);
#1058=ORIENTED_EDGE('',*,*,#2854,.F.);
#1059=ORIENTED_EDGE('',*,*,#2855,.F.);
#1060=ORIENTED_EDGE('',*,*,#2737,.F.);
#1061=ORIENTED_EDGE('',*,*,#2856,.T.);
#1062=ORIENTED_EDGE('',*,*,#2857,.F.);
#1063=ORIENTED_EDGE('',*,*,#2735,.F.);
#1064=ORIENTED_EDGE('',*,*,#2858,.F.);
#1065=ORIENTED_EDGE('',*,*,#2856,.F.);
#1066=ORIENTED_EDGE('',*,*,#2740,.F.);
#1067=ORIENTED_EDGE('',*,*,#2850,.F.);
#1068=ORIENTED_EDGE('',*,*,#2859,.T.);
#1069=ORIENTED_EDGE('',*,*,#2860,.T.);
#1070=ORIENTED_EDGE('',*,*,#2861,.F.);
#1071=ORIENTED_EDGE('',*,*,#2744,.F.);
#1072=ORIENTED_EDGE('',*,*,#2853,.T.);
#1073=ORIENTED_EDGE('',*,*,#2862,.F.);
#1074=ORIENTED_EDGE('',*,*,#2731,.T.);
#1075=ORIENTED_EDGE('',*,*,#2855,.T.);
#1076=ORIENTED_EDGE('',*,*,#2848,.F.);
#1077=ORIENTED_EDGE('',*,*,#2839,.F.);
#1078=ORIENTED_EDGE('',*,*,#2817,.F.);
#1079=ORIENTED_EDGE('',*,*,#2594,.T.);
#1080=ORIENTED_EDGE('',*,*,#2841,.F.);
#1081=ORIENTED_EDGE('',*,*,#2847,.F.);
#1082=ORIENTED_EDGE('',*,*,#2844,.F.);
#1083=ORIENTED_EDGE('',*,*,#2863,.T.);
#1084=ORIENTED_EDGE('',*,*,#2812,.F.);
#1085=ORIENTED_EDGE('',*,*,#2851,.F.);
#1086=ORIENTED_EDGE('',*,*,#2742,.T.);
#1087=ORIENTED_EDGE('',*,*,#2728,.T.);
#1088=ORIENTED_EDGE('',*,*,#2748,.T.);
#1089=ORIENTED_EDGE('',*,*,#2809,.F.);
#1090=ORIENTED_EDGE('',*,*,#2799,.T.);
#1091=ORIENTED_EDGE('',*,*,#2864,.F.);
#1092=ORIENTED_EDGE('',*,*,#2771,.T.);
#1093=ORIENTED_EDGE('',*,*,#2842,.F.);
#1094=ORIENTED_EDGE('',*,*,#2831,.T.);
#1095=ORIENTED_EDGE('',*,*,#2865,.F.);
#1096=ORIENTED_EDGE('',*,*,#2835,.F.);
#1097=ORIENTED_EDGE('',*,*,#2866,.F.);
#1098=ORIENTED_EDGE('',*,*,#2859,.F.);
#1099=ORIENTED_EDGE('',*,*,#2849,.F.);
#1100=ORIENTED_EDGE('',*,*,#2802,.F.);
#1101=ORIENTED_EDGE('',*,*,#2867,.T.);
#1102=ORIENTED_EDGE('',*,*,#2732,.T.);
#1103=ORIENTED_EDGE('',*,*,#2862,.T.);
#1104=ORIENTED_EDGE('',*,*,#2852,.T.);
#1105=ORIENTED_EDGE('',*,*,#2612,.F.);
#1106=ORIENTED_EDGE('',*,*,#2495,.F.);
#1107=ORIENTED_EDGE('',*,*,#2866,.T.);
#1108=ORIENTED_EDGE('',*,*,#2801,.F.);
#1109=ORIENTED_EDGE('',*,*,#2868,.T.);
#1110=ORIENTED_EDGE('',*,*,#2869,.F.);
#1111=ORIENTED_EDGE('',*,*,#2870,.F.);
#1112=ORIENTED_EDGE('',*,*,#2860,.F.);
#1113=ORIENTED_EDGE('',*,*,#2745,.T.);
#1114=ORIENTED_EDGE('',*,*,#2861,.T.);
#1115=ORIENTED_EDGE('',*,*,#2854,.T.);
#1116=ORIENTED_EDGE('',*,*,#2736,.T.);
#1117=ORIENTED_EDGE('',*,*,#2857,.T.);
#1118=ORIENTED_EDGE('',*,*,#2858,.T.);
#1119=ORIENTED_EDGE('',*,*,#2870,.T.);
#1120=ORIENTED_EDGE('',*,*,#2871,.F.);
#1121=ORIENTED_EDGE('',*,*,#2823,.T.);
#1122=ORIENTED_EDGE('',*,*,#2819,.F.);
#1123=ORIENTED_EDGE('',*,*,#2872,.T.);
#1124=ORIENTED_EDGE('',*,*,#2577,.T.);
#1125=ORIENTED_EDGE('',*,*,#2581,.F.);
#1126=ORIENTED_EDGE('',*,*,#2624,.T.);
#1127=ORIENTED_EDGE('',*,*,#2620,.F.);
#1128=ORIENTED_EDGE('',*,*,#2608,.F.);
#1129=ORIENTED_EDGE('',*,*,#2607,.F.);
#1130=ORIENTED_EDGE('',*,*,#2502,.F.);
#1131=ORIENTED_EDGE('',*,*,#2604,.F.);
#1132=ORIENTED_EDGE('',*,*,#2611,.F.);
#1133=ORIENTED_EDGE('',*,*,#2873,.T.);
#1134=ORIENTED_EDGE('',*,*,#2824,.F.);
#1135=ORIENTED_EDGE('',*,*,#2871,.T.);
#1136=ORIENTED_EDGE('',*,*,#2869,.T.);
#1137=ORIENTED_EDGE('',*,*,#2872,.F.);
#1138=ORIENTED_EDGE('',*,*,#2822,.T.);
#1139=ORIENTED_EDGE('',*,*,#2846,.F.);
#1140=ORIENTED_EDGE('',*,*,#2578,.F.);
#1141=ORIENTED_EDGE('',*,*,#2701,.F.);
#1142=ORIENTED_EDGE('',*,*,#2874,.F.);
#1143=ORIENTED_EDGE('',*,*,#2764,.F.);
#1144=ORIENTED_EDGE('',*,*,#2875,.F.);
#1145=ORIENTED_EDGE('',*,*,#2874,.T.);
#1146=ORIENTED_EDGE('',*,*,#2711,.F.);
#1147=ORIENTED_EDGE('',*,*,#2876,.T.);
#1148=ORIENTED_EDGE('',*,*,#2762,.F.);
#1149=ORIENTED_EDGE('',*,*,#2702,.F.);
#1150=ORIENTED_EDGE('',*,*,#2875,.T.);
#1151=ORIENTED_EDGE('',*,*,#2768,.F.);
#1152=ORIENTED_EDGE('',*,*,#2877,.T.);
#1153=ORIENTED_EDGE('',*,*,#2878,.F.);
#1154=ORIENTED_EDGE('',*,*,#2813,.F.);
#1155=ORIENTED_EDGE('',*,*,#2863,.F.);
#1156=ORIENTED_EDGE('',*,*,#2879,.T.);
#1157=ORIENTED_EDGE('',*,*,#2769,.F.);
#1158=ORIENTED_EDGE('',*,*,#2765,.F.);
#1159=ORIENTED_EDGE('',*,*,#2760,.F.);
#1160=ORIENTED_EDGE('',*,*,#2880,.T.);
#1161=ORIENTED_EDGE('',*,*,#2881,.T.);
#1162=ORIENTED_EDGE('',*,*,#2882,.T.);
#1163=ORIENTED_EDGE('',*,*,#2883,.T.);
#1164=ORIENTED_EDGE('',*,*,#2884,.F.);
#1165=ORIENTED_EDGE('',*,*,#2885,.F.);
#1166=ORIENTED_EDGE('',*,*,#2886,.T.);
#1167=ORIENTED_EDGE('',*,*,#2887,.T.);
#1168=ORIENTED_EDGE('',*,*,#2888,.T.);
#1169=ORIENTED_EDGE('',*,*,#2882,.F.);
#1170=ORIENTED_EDGE('',*,*,#2889,.T.);
#1171=ORIENTED_EDGE('',*,*,#2890,.F.);
#1172=ORIENTED_EDGE('',*,*,#2891,.T.);
#1173=ORIENTED_EDGE('',*,*,#2892,.T.);
#1174=ORIENTED_EDGE('',*,*,#2887,.F.);
#1175=ORIENTED_EDGE('',*,*,#2893,.T.);
#1176=ORIENTED_EDGE('',*,*,#2894,.T.);
#1177=ORIENTED_EDGE('',*,*,#2885,.T.);
#1178=ORIENTED_EDGE('',*,*,#2895,.T.);
#1179=ORIENTED_EDGE('',*,*,#2896,.T.);
#1180=ORIENTED_EDGE('',*,*,#2897,.T.);
#1181=ORIENTED_EDGE('',*,*,#2898,.T.);
#1182=ORIENTED_EDGE('',*,*,#2899,.F.);
#1183=ORIENTED_EDGE('',*,*,#2900,.T.);
#1184=ORIENTED_EDGE('',*,*,#2901,.T.);
#1185=ORIENTED_EDGE('',*,*,#2890,.T.);
#1186=ORIENTED_EDGE('',*,*,#2902,.T.);
#1187=ORIENTED_EDGE('',*,*,#2903,.T.);
#1188=ORIENTED_EDGE('',*,*,#2904,.F.);
#1189=ORIENTED_EDGE('',*,*,#2905,.F.);
#1190=ORIENTED_EDGE('',*,*,#2906,.T.);
#1191=ORIENTED_EDGE('',*,*,#2899,.T.);
#1192=ORIENTED_EDGE('',*,*,#2907,.T.);
#1193=ORIENTED_EDGE('',*,*,#2897,.F.);
#1194=ORIENTED_EDGE('',*,*,#2908,.F.);
#1195=ORIENTED_EDGE('',*,*,#2909,.T.);
#1196=ORIENTED_EDGE('',*,*,#2910,.T.);
#1197=ORIENTED_EDGE('',*,*,#2911,.T.);
#1198=ORIENTED_EDGE('',*,*,#2910,.F.);
#1199=ORIENTED_EDGE('',*,*,#2912,.F.);
#1200=ORIENTED_EDGE('',*,*,#2904,.T.);
#1201=ORIENTED_EDGE('',*,*,#2913,.F.);
#1202=ORIENTED_EDGE('',*,*,#2914,.F.);
#1203=ORIENTED_EDGE('',*,*,#2883,.F.);
#1204=ORIENTED_EDGE('',*,*,#2888,.F.);
#1205=ORIENTED_EDGE('',*,*,#2892,.F.);
#1206=ORIENTED_EDGE('',*,*,#2915,.F.);
#1207=ORIENTED_EDGE('',*,*,#2916,.F.);
#1208=ORIENTED_EDGE('',*,*,#2905,.T.);
#1209=ORIENTED_EDGE('',*,*,#2912,.T.);
#1210=ORIENTED_EDGE('',*,*,#2909,.F.);
#1211=ORIENTED_EDGE('',*,*,#2917,.F.);
#1212=ORIENTED_EDGE('',*,*,#2917,.T.);
#1213=ORIENTED_EDGE('',*,*,#2908,.T.);
#1214=ORIENTED_EDGE('',*,*,#2896,.F.);
#1215=ORIENTED_EDGE('',*,*,#2918,.T.);
#1216=ORIENTED_EDGE('',*,*,#2900,.F.);
#1217=ORIENTED_EDGE('',*,*,#2906,.F.);
#1218=ORIENTED_EDGE('',*,*,#2916,.T.);
#1219=ORIENTED_EDGE('',*,*,#2919,.F.);
#1220=ORIENTED_EDGE('',*,*,#2901,.F.);
#1221=ORIENTED_EDGE('',*,*,#2919,.T.);
#1222=ORIENTED_EDGE('',*,*,#2915,.T.);
#1223=ORIENTED_EDGE('',*,*,#2891,.F.);
#1224=ORIENTED_EDGE('',*,*,#2895,.F.);
#1225=ORIENTED_EDGE('',*,*,#2884,.T.);
#1226=ORIENTED_EDGE('',*,*,#2914,.T.);
#1227=ORIENTED_EDGE('',*,*,#2918,.F.);
#1228=ORIENTED_EDGE('',*,*,#2920,.T.);
#1229=ORIENTED_EDGE('',*,*,#2921,.F.);
#1230=ORIENTED_EDGE('',*,*,#2922,.T.);
#1231=ORIENTED_EDGE('',*,*,#2923,.F.);
#1232=ORIENTED_EDGE('',*,*,#2924,.T.);
#1233=ORIENTED_EDGE('',*,*,#2925,.F.);
#1234=ORIENTED_EDGE('',*,*,#2926,.T.);
#1235=ORIENTED_EDGE('',*,*,#2921,.T.);
#1236=ORIENTED_EDGE('',*,*,#2927,.T.);
#1237=ORIENTED_EDGE('',*,*,#2923,.T.);
#1238=ORIENTED_EDGE('',*,*,#2928,.T.);
#1239=ORIENTED_EDGE('',*,*,#2929,.F.);
#1240=ORIENTED_EDGE('',*,*,#2930,.T.);
#1241=ORIENTED_EDGE('',*,*,#2929,.T.);
#1242=ORIENTED_EDGE('',*,*,#2931,.T.);
#1243=ORIENTED_EDGE('',*,*,#2925,.T.);
#1244=ORIENTED_EDGE('',*,*,#2926,.F.);
#1245=ORIENTED_EDGE('',*,*,#2931,.F.);
#1246=ORIENTED_EDGE('',*,*,#2928,.F.);
#1247=ORIENTED_EDGE('',*,*,#2922,.F.);
#1248=ORIENTED_EDGE('',*,*,#2932,.T.);
#1249=ORIENTED_EDGE('',*,*,#2933,.T.);
#1250=ORIENTED_EDGE('',*,*,#2934,.T.);
#1251=ORIENTED_EDGE('',*,*,#2935,.F.);
#1252=ORIENTED_EDGE('',*,*,#2936,.T.);
#1253=ORIENTED_EDGE('',*,*,#2937,.F.);
#1254=ORIENTED_EDGE('',*,*,#2938,.F.);
#1255=ORIENTED_EDGE('',*,*,#2939,.F.);
#1256=ORIENTED_EDGE('',*,*,#2935,.T.);
#1257=ORIENTED_EDGE('',*,*,#2940,.T.);
#1258=ORIENTED_EDGE('',*,*,#2941,.T.);
#1259=ORIENTED_EDGE('',*,*,#2936,.F.);
#1260=ORIENTED_EDGE('',*,*,#2942,.F.);
#1261=ORIENTED_EDGE('',*,*,#2943,.F.);
#1262=ORIENTED_EDGE('',*,*,#2944,.F.);
#1263=ORIENTED_EDGE('',*,*,#2938,.T.);
#1264=ORIENTED_EDGE('',*,*,#2945,.F.);
#1265=ORIENTED_EDGE('',*,*,#2946,.F.);
#1266=ORIENTED_EDGE('',*,*,#2933,.F.);
#1267=ORIENTED_EDGE('',*,*,#2947,.F.);
#1268=ORIENTED_EDGE('',*,*,#2937,.T.);
#1269=ORIENTED_EDGE('',*,*,#2941,.F.);
#1270=ORIENTED_EDGE('',*,*,#2948,.F.);
#1271=ORIENTED_EDGE('',*,*,#2945,.T.);
#1272=ORIENTED_EDGE('',*,*,#2946,.T.);
#1273=ORIENTED_EDGE('',*,*,#2948,.T.);
#1274=ORIENTED_EDGE('',*,*,#2940,.F.);
#1275=ORIENTED_EDGE('',*,*,#2934,.F.);
#1276=ORIENTED_EDGE('',*,*,#2949,.F.);
#1277=ORIENTED_EDGE('',*,*,#2893,.F.);
#1278=ORIENTED_EDGE('',*,*,#2886,.F.);
#1279=ORIENTED_EDGE('',*,*,#2881,.F.);
#1280=ORIENTED_EDGE('',*,*,#2950,.T.);
#1281=ORIENTED_EDGE('',*,*,#2951,.T.);
#1282=ORIENTED_EDGE('',*,*,#2952,.T.);
#1283=ORIENTED_EDGE('',*,*,#2953,.T.);
#1284=ORIENTED_EDGE('',*,*,#2954,.T.);
#1285=ORIENTED_EDGE('',*,*,#2955,.T.);
#1286=ORIENTED_EDGE('',*,*,#2956,.T.);
#1287=ORIENTED_EDGE('',*,*,#2957,.T.);
#1288=ORIENTED_EDGE('',*,*,#2958,.F.);
#1289=ORIENTED_EDGE('',*,*,#2959,.T.);
#1290=ORIENTED_EDGE('',*,*,#2960,.T.);
#1291=ORIENTED_EDGE('',*,*,#2961,.F.);
#1292=ORIENTED_EDGE('',*,*,#2953,.F.);
#1293=ORIENTED_EDGE('',*,*,#2962,.F.);
#1294=ORIENTED_EDGE('',*,*,#2474,.T.);
#1295=ORIENTED_EDGE('',*,*,#2963,.T.);
#1296=ORIENTED_EDGE('',*,*,#2469,.F.);
#1297=ORIENTED_EDGE('',*,*,#2964,.F.);
#1298=ORIENTED_EDGE('',*,*,#2958,.T.);
#1299=ORIENTED_EDGE('',*,*,#2965,.F.);
#1300=ORIENTED_EDGE('',*,*,#2956,.F.);
#1301=ORIENTED_EDGE('',*,*,#2966,.T.);
#1302=ORIENTED_EDGE('',*,*,#2471,.T.);
#1303=ORIENTED_EDGE('',*,*,#2967,.T.);
#1304=ORIENTED_EDGE('',*,*,#2472,.T.);
#1305=ORIENTED_EDGE('',*,*,#2966,.F.);
#1306=ORIENTED_EDGE('',*,*,#2955,.F.);
#1307=ORIENTED_EDGE('',*,*,#2961,.T.);
#1308=ORIENTED_EDGE('',*,*,#2473,.T.);
#1309=ORIENTED_EDGE('',*,*,#2967,.F.);
#1310=ORIENTED_EDGE('',*,*,#2954,.F.);
#1311=ORIENTED_EDGE('',*,*,#2965,.T.);
#1312=ORIENTED_EDGE('',*,*,#2470,.T.);
#1313=ORIENTED_EDGE('',*,*,#2963,.F.);
#1314=ORIENTED_EDGE('',*,*,#2957,.F.);
#1315=ORIENTED_EDGE('',*,*,#2968,.F.);
#1316=ORIENTED_EDGE('',*,*,#2969,.T.);
#1317=ORIENTED_EDGE('',*,*,#2970,.T.);
#1318=ORIENTED_EDGE('',*,*,#2971,.T.);
#1319=ORIENTED_EDGE('',*,*,#2972,.T.);
#1320=ORIENTED_EDGE('',*,*,#2973,.F.);
#1321=ORIENTED_EDGE('',*,*,#2968,.T.);
#1322=ORIENTED_EDGE('',*,*,#2974,.F.);
#1323=ORIENTED_EDGE('',*,*,#2478,.F.);
#1324=ORIENTED_EDGE('',*,*,#2975,.F.);
#1325=ORIENTED_EDGE('',*,*,#2976,.F.);
#1326=ORIENTED_EDGE('',*,*,#2977,.T.);
#1327=ORIENTED_EDGE('',*,*,#2978,.F.);
#1328=ORIENTED_EDGE('',*,*,#2979,.F.);
#1329=ORIENTED_EDGE('',*,*,#2980,.F.);
#1330=ORIENTED_EDGE('',*,*,#2981,.F.);
#1331=ORIENTED_EDGE('',*,*,#2982,.F.);
#1332=ORIENTED_EDGE('',*,*,#2983,.F.);
#1333=ORIENTED_EDGE('',*,*,#2984,.F.);
#1334=ORIENTED_EDGE('',*,*,#2985,.T.);
#1335=ORIENTED_EDGE('',*,*,#2986,.F.);
#1336=ORIENTED_EDGE('',*,*,#2977,.F.);
#1337=ORIENTED_EDGE('',*,*,#2987,.F.);
#1338=ORIENTED_EDGE('',*,*,#2988,.F.);
#1339=ORIENTED_EDGE('',*,*,#2989,.F.);
#1340=ORIENTED_EDGE('',*,*,#2990,.F.);
#1341=ORIENTED_EDGE('',*,*,#2991,.F.);
#1342=ORIENTED_EDGE('',*,*,#2992,.T.);
#1343=ORIENTED_EDGE('',*,*,#2993,.T.);
#1344=ORIENTED_EDGE('',*,*,#2994,.F.);
#1345=ORIENTED_EDGE('',*,*,#2995,.T.);
#1346=ORIENTED_EDGE('',*,*,#2988,.T.);
#1347=ORIENTED_EDGE('',*,*,#2996,.F.);
#1348=ORIENTED_EDGE('',*,*,#2997,.F.);
#1349=ORIENTED_EDGE('',*,*,#2998,.T.);
#1350=ORIENTED_EDGE('',*,*,#2992,.F.);
#1351=ORIENTED_EDGE('',*,*,#2999,.F.);
#1352=ORIENTED_EDGE('',*,*,#2983,.T.);
#1353=ORIENTED_EDGE('',*,*,#3000,.F.);
#1354=ORIENTED_EDGE('',*,*,#3001,.T.);
#1355=ORIENTED_EDGE('',*,*,#3002,.F.);
#1356=ORIENTED_EDGE('',*,*,#3003,.F.);
#1357=ORIENTED_EDGE('',*,*,#2985,.F.);
#1358=ORIENTED_EDGE('',*,*,#3004,.F.);
#1359=ORIENTED_EDGE('',*,*,#3005,.T.);
#1360=ORIENTED_EDGE('',*,*,#2979,.T.);
#1361=ORIENTED_EDGE('',*,*,#3006,.T.);
#1362=ORIENTED_EDGE('',*,*,#2981,.T.);
#1363=ORIENTED_EDGE('',*,*,#3007,.F.);
#1364=ORIENTED_EDGE('',*,*,#3008,.F.);
#1365=ORIENTED_EDGE('',*,*,#2975,.T.);
#1366=ORIENTED_EDGE('',*,*,#3009,.F.);
#1367=ORIENTED_EDGE('',*,*,#2999,.T.);
#1368=ORIENTED_EDGE('',*,*,#2996,.T.);
#1369=ORIENTED_EDGE('',*,*,#2987,.T.);
#1370=ORIENTED_EDGE('',*,*,#2976,.T.);
#1371=ORIENTED_EDGE('',*,*,#3008,.T.);
#1372=ORIENTED_EDGE('',*,*,#3010,.T.);
#1373=ORIENTED_EDGE('',*,*,#3004,.T.);
#1374=ORIENTED_EDGE('',*,*,#2984,.T.);
#1375=ORIENTED_EDGE('',*,*,#3007,.T.);
#1376=ORIENTED_EDGE('',*,*,#2980,.T.);
#1377=ORIENTED_EDGE('',*,*,#3005,.F.);
#1378=ORIENTED_EDGE('',*,*,#3010,.F.);
#1379=ORIENTED_EDGE('',*,*,#3011,.T.);
#1380=ORIENTED_EDGE('',*,*,#3012,.T.);
#1381=ORIENTED_EDGE('',*,*,#3013,.F.);
#1382=ORIENTED_EDGE('',*,*,#3013,.T.);
#1383=ORIENTED_EDGE('',*,*,#3014,.T.);
#1384=ORIENTED_EDGE('',*,*,#3015,.T.);
#1385=ORIENTED_EDGE('',*,*,#3016,.F.);
#1386=ORIENTED_EDGE('',*,*,#3017,.T.);
#1387=ORIENTED_EDGE('',*,*,#3018,.F.);
#1388=ORIENTED_EDGE('',*,*,#3019,.T.);
#1389=ORIENTED_EDGE('',*,*,#3016,.T.);
#1390=ORIENTED_EDGE('',*,*,#3020,.T.);
#1391=ORIENTED_EDGE('',*,*,#3021,.T.);
#1392=ORIENTED_EDGE('',*,*,#3022,.T.);
#1393=ORIENTED_EDGE('',*,*,#3023,.T.);
#1394=ORIENTED_EDGE('',*,*,#3018,.T.);
#1395=ORIENTED_EDGE('',*,*,#3024,.T.);
#1396=ORIENTED_EDGE('',*,*,#3025,.F.);
#1397=ORIENTED_EDGE('',*,*,#3026,.F.);
#1398=ORIENTED_EDGE('',*,*,#3027,.F.);
#1399=ORIENTED_EDGE('',*,*,#3028,.F.);
#1400=ORIENTED_EDGE('',*,*,#3029,.T.);
#1401=ORIENTED_EDGE('',*,*,#3030,.F.);
#1402=ORIENTED_EDGE('',*,*,#3031,.T.);
#1403=ORIENTED_EDGE('',*,*,#3032,.F.);
#1404=ORIENTED_EDGE('',*,*,#3033,.T.);
#1405=ORIENTED_EDGE('',*,*,#3030,.T.);
#1406=ORIENTED_EDGE('',*,*,#3034,.T.);
#1407=ORIENTED_EDGE('',*,*,#3035,.T.);
#1408=ORIENTED_EDGE('',*,*,#3036,.F.);
#1409=ORIENTED_EDGE('',*,*,#3037,.T.);
#1410=ORIENTED_EDGE('',*,*,#3032,.T.);
#1411=ORIENTED_EDGE('',*,*,#3038,.F.);
#1412=ORIENTED_EDGE('',*,*,#3039,.F.);
#1413=ORIENTED_EDGE('',*,*,#3040,.T.);
#1414=ORIENTED_EDGE('',*,*,#3036,.T.);
#1415=ORIENTED_EDGE('',*,*,#3041,.T.);
#1416=ORIENTED_EDGE('',*,*,#3042,.F.);
#1417=ORIENTED_EDGE('',*,*,#3043,.T.);
#1418=ORIENTED_EDGE('',*,*,#3039,.T.);
#1419=ORIENTED_EDGE('',*,*,#3044,.T.);
#1420=ORIENTED_EDGE('',*,*,#3045,.F.);
#1421=ORIENTED_EDGE('',*,*,#3046,.T.);
#1422=ORIENTED_EDGE('',*,*,#3042,.T.);
#1423=ORIENTED_EDGE('',*,*,#3047,.T.);
#1424=ORIENTED_EDGE('',*,*,#3048,.T.);
#1425=ORIENTED_EDGE('',*,*,#3045,.T.);
#1426=ORIENTED_EDGE('',*,*,#3049,.T.);
#1427=ORIENTED_EDGE('',*,*,#3050,.T.);
#1428=ORIENTED_EDGE('',*,*,#3051,.T.);
#1429=ORIENTED_EDGE('',*,*,#3052,.F.);
#1430=ORIENTED_EDGE('',*,*,#3053,.T.);
#1431=ORIENTED_EDGE('',*,*,#3054,.T.);
#1432=ORIENTED_EDGE('',*,*,#3055,.T.);
#1433=ORIENTED_EDGE('',*,*,#3056,.F.);
#1434=ORIENTED_EDGE('',*,*,#3057,.T.);
#1435=ORIENTED_EDGE('',*,*,#3058,.F.);
#1436=ORIENTED_EDGE('',*,*,#3059,.T.);
#1437=ORIENTED_EDGE('',*,*,#3056,.T.);
#1438=ORIENTED_EDGE('',*,*,#3060,.T.);
#1439=ORIENTED_EDGE('',*,*,#3002,.T.);
#1440=ORIENTED_EDGE('',*,*,#3061,.T.);
#1441=ORIENTED_EDGE('',*,*,#3058,.T.);
#1442=ORIENTED_EDGE('',*,*,#3062,.T.);
#1443=ORIENTED_EDGE('',*,*,#3063,.T.);
#1444=ORIENTED_EDGE('',*,*,#3064,.F.);
#1445=ORIENTED_EDGE('',*,*,#3065,.T.);
#1446=ORIENTED_EDGE('',*,*,#3066,.T.);
#1447=ORIENTED_EDGE('',*,*,#3067,.F.);
#1448=ORIENTED_EDGE('',*,*,#3068,.T.);
#1449=ORIENTED_EDGE('',*,*,#3064,.T.);
#1450=ORIENTED_EDGE('',*,*,#3069,.T.);
#1451=ORIENTED_EDGE('',*,*,#3070,.T.);
#1452=ORIENTED_EDGE('',*,*,#3071,.T.);
#1453=ORIENTED_EDGE('',*,*,#3072,.T.);
#1454=ORIENTED_EDGE('',*,*,#3073,.F.);
#1455=ORIENTED_EDGE('',*,*,#3074,.F.);
#1456=ORIENTED_EDGE('',*,*,#3075,.T.);
#1457=ORIENTED_EDGE('',*,*,#3076,.F.);
#1458=ORIENTED_EDGE('',*,*,#3077,.F.);
#1459=ORIENTED_EDGE('',*,*,#3078,.T.);
#1460=ORIENTED_EDGE('',*,*,#3079,.T.);
#1461=ORIENTED_EDGE('',*,*,#3071,.F.);
#1462=ORIENTED_EDGE('',*,*,#3080,.F.);
#1463=ORIENTED_EDGE('',*,*,#3077,.T.);
#1464=ORIENTED_EDGE('',*,*,#3081,.T.);
#1465=ORIENTED_EDGE('',*,*,#3082,.F.);
#1466=ORIENTED_EDGE('',*,*,#3083,.T.);
#1467=ORIENTED_EDGE('',*,*,#3084,.T.);
#1468=ORIENTED_EDGE('',*,*,#3085,.F.);
#1469=ORIENTED_EDGE('',*,*,#3086,.F.);
#1470=ORIENTED_EDGE('',*,*,#3053,.F.);
#1471=ORIENTED_EDGE('',*,*,#3087,.T.);
#1472=ORIENTED_EDGE('',*,*,#3088,.T.);
#1473=ORIENTED_EDGE('',*,*,#3089,.T.);
#1474=ORIENTED_EDGE('',*,*,#3068,.F.);
#1475=ORIENTED_EDGE('',*,*,#3090,.T.);
#1476=ORIENTED_EDGE('',*,*,#3025,.T.);
#1477=ORIENTED_EDGE('',*,*,#3091,.T.);
#1478=ORIENTED_EDGE('',*,*,#3092,.T.);
#1479=ORIENTED_EDGE('',*,*,#3093,.T.);
#1480=ORIENTED_EDGE('',*,*,#3078,.F.);
#1481=ORIENTED_EDGE('',*,*,#3080,.T.);
#1482=ORIENTED_EDGE('',*,*,#3094,.T.);
#1483=ORIENTED_EDGE('',*,*,#3095,.T.);
#1484=ORIENTED_EDGE('',*,*,#2997,.T.);
#1485=ORIENTED_EDGE('',*,*,#3096,.T.);
#1486=ORIENTED_EDGE('',*,*,#3060,.F.);
#1487=ORIENTED_EDGE('',*,*,#3097,.F.);
#1488=ORIENTED_EDGE('',*,*,#3098,.F.);
#1489=ORIENTED_EDGE('',*,*,#2995,.F.);
#1490=ORIENTED_EDGE('',*,*,#3099,.T.);
#1491=ORIENTED_EDGE('',*,*,#3100,.F.);
#1492=ORIENTED_EDGE('',*,*,#2993,.F.);
#1493=ORIENTED_EDGE('',*,*,#3101,.F.);
#1494=ORIENTED_EDGE('',*,*,#3099,.F.);
#1495=ORIENTED_EDGE('',*,*,#2998,.F.);
#1496=ORIENTED_EDGE('',*,*,#3095,.F.);
#1497=ORIENTED_EDGE('',*,*,#3102,.T.);
#1498=ORIENTED_EDGE('',*,*,#3103,.T.);
#1499=ORIENTED_EDGE('',*,*,#3104,.F.);
#1500=ORIENTED_EDGE('',*,*,#3105,.F.);
#1501=ORIENTED_EDGE('',*,*,#3106,.T.);
#1502=ORIENTED_EDGE('',*,*,#3107,.F.);
#1503=ORIENTED_EDGE('',*,*,#2989,.T.);
#1504=ORIENTED_EDGE('',*,*,#3098,.T.);
#1505=ORIENTED_EDGE('',*,*,#3089,.F.);
#1506=ORIENTED_EDGE('',*,*,#3108,.F.);
#1507=ORIENTED_EDGE('',*,*,#3092,.F.);
#1508=ORIENTED_EDGE('',*,*,#3109,.T.);
#1509=ORIENTED_EDGE('',*,*,#3065,.F.);
#1510=ORIENTED_EDGE('',*,*,#3096,.F.);
#1511=ORIENTED_EDGE('',*,*,#3000,.T.);
#1512=ORIENTED_EDGE('',*,*,#2986,.T.);
#1513=ORIENTED_EDGE('',*,*,#3003,.T.);
#1514=ORIENTED_EDGE('',*,*,#3062,.F.);
#1515=ORIENTED_EDGE('',*,*,#3052,.T.);
#1516=ORIENTED_EDGE('',*,*,#3110,.F.);
#1517=ORIENTED_EDGE('',*,*,#3026,.T.);
#1518=ORIENTED_EDGE('',*,*,#3090,.F.);
#1519=ORIENTED_EDGE('',*,*,#3082,.T.);
#1520=ORIENTED_EDGE('',*,*,#3111,.F.);
#1521=ORIENTED_EDGE('',*,*,#3083,.F.);
#1522=ORIENTED_EDGE('',*,*,#3112,.F.);
#1523=ORIENTED_EDGE('',*,*,#3102,.F.);
#1524=ORIENTED_EDGE('',*,*,#3094,.F.);
#1525=ORIENTED_EDGE('',*,*,#3055,.F.);
#1526=ORIENTED_EDGE('',*,*,#3112,.T.);
#1527=ORIENTED_EDGE('',*,*,#3054,.F.);
#1528=ORIENTED_EDGE('',*,*,#3113,.T.);
#1529=ORIENTED_EDGE('',*,*,#3114,.F.);
#1530=ORIENTED_EDGE('',*,*,#3115,.F.);
#1531=ORIENTED_EDGE('',*,*,#3103,.F.);
#1532=ORIENTED_EDGE('',*,*,#3116,.T.);
#1533=ORIENTED_EDGE('',*,*,#3075,.F.);
#1534=ORIENTED_EDGE('',*,*,#3117,.T.);
#1535=ORIENTED_EDGE('',*,*,#3114,.T.);
#1536=ORIENTED_EDGE('',*,*,#2950,.F.);
#1537=ORIENTED_EDGE('',*,*,#3118,.F.);
#1538=ORIENTED_EDGE('',*,*,#3019,.F.);
#1539=ORIENTED_EDGE('',*,*,#3119,.F.);
#1540=ORIENTED_EDGE('',*,*,#3118,.T.);
#1541=ORIENTED_EDGE('',*,*,#2960,.F.);
#1542=ORIENTED_EDGE('',*,*,#3120,.T.);
#1543=ORIENTED_EDGE('',*,*,#3017,.F.);
#1544=ORIENTED_EDGE('',*,*,#2951,.F.);
#1545=ORIENTED_EDGE('',*,*,#3119,.T.);
#1546=ORIENTED_EDGE('',*,*,#3023,.F.);
#1547=ORIENTED_EDGE('',*,*,#3121,.T.);
#1548=ORIENTED_EDGE('',*,*,#3122,.T.);
#1549=ORIENTED_EDGE('',*,*,#3031,.F.);
#1550=ORIENTED_EDGE('',*,*,#3123,.T.);
#1551=ORIENTED_EDGE('',*,*,#2537,.T.);
#1552=ORIENTED_EDGE('',*,*,#2964,.T.);
#1553=ORIENTED_EDGE('',*,*,#2468,.T.);
#1554=ORIENTED_EDGE('',*,*,#2627,.T.);
#1555=ORIENTED_EDGE('',*,*,#2518,.T.);
#1556=ORIENTED_EDGE('',*,*,#3124,.T.);
#1557=ORIENTED_EDGE('',*,*,#3011,.F.);
#1558=ORIENTED_EDGE('',*,*,#3120,.F.);
#1559=ORIENTED_EDGE('',*,*,#2959,.F.);
#1560=ORIENTED_EDGE('',*,*,#3125,.T.);
#1561=ORIENTED_EDGE('',*,*,#3048,.F.);
#1562=ORIENTED_EDGE('',*,*,#3126,.T.);
#1563=ORIENTED_EDGE('',*,*,#2555,.T.);
#1564=ORIENTED_EDGE('',*,*,#3127,.T.);
#1565=ORIENTED_EDGE('',*,*,#3040,.F.);
#1566=ORIENTED_EDGE('',*,*,#3043,.F.);
#1567=ORIENTED_EDGE('',*,*,#3128,.T.);
#1568=ORIENTED_EDGE('',*,*,#2551,.T.);
#1569=ORIENTED_EDGE('',*,*,#2548,.T.);
#1570=ORIENTED_EDGE('',*,*,#3125,.F.);
#1571=ORIENTED_EDGE('',*,*,#2554,.T.);
#1572=ORIENTED_EDGE('',*,*,#3128,.F.);
#1573=ORIENTED_EDGE('',*,*,#3046,.F.);
#1574=ORIENTED_EDGE('',*,*,#2962,.T.);
#1575=ORIENTED_EDGE('',*,*,#2952,.F.);
#1576=ORIENTED_EDGE('',*,*,#3121,.F.);
#1577=ORIENTED_EDGE('',*,*,#3022,.F.);
#1578=ORIENTED_EDGE('',*,*,#3129,.T.);
#1579=ORIENTED_EDGE('',*,*,#2531,.T.);
#1580=ORIENTED_EDGE('',*,*,#2628,.T.);
#1581=ORIENTED_EDGE('',*,*,#2475,.T.);
#1582=ORIENTED_EDGE('',*,*,#2541,.T.);
#1583=ORIENTED_EDGE('',*,*,#3123,.F.);
#1584=ORIENTED_EDGE('',*,*,#3033,.F.);
#1585=ORIENTED_EDGE('',*,*,#3037,.F.);
#1586=ORIENTED_EDGE('',*,*,#3127,.F.);
#1587=ORIENTED_EDGE('',*,*,#2544,.T.);
#1588=ORIENTED_EDGE('',*,*,#3130,.F.);
#1589=ORIENTED_EDGE('',*,*,#2479,.T.);
#1590=ORIENTED_EDGE('',*,*,#2974,.T.);
#1591=ORIENTED_EDGE('',*,*,#2972,.F.);
#1592=ORIENTED_EDGE('',*,*,#3131,.T.);
#1593=ORIENTED_EDGE('',*,*,#2481,.T.);
#1594=ORIENTED_EDGE('',*,*,#3132,.F.);
#1595=ORIENTED_EDGE('',*,*,#2970,.F.);
#1596=ORIENTED_EDGE('',*,*,#3133,.F.);
#1597=ORIENTED_EDGE('',*,*,#3066,.F.);
#1598=ORIENTED_EDGE('',*,*,#3109,.F.);
#1599=ORIENTED_EDGE('',*,*,#3134,.T.);
#1600=ORIENTED_EDGE('',*,*,#3024,.F.);
#1601=ORIENTED_EDGE('',*,*,#3020,.F.);
#1602=ORIENTED_EDGE('',*,*,#3015,.F.);
#1603=ORIENTED_EDGE('',*,*,#3085,.T.);
#1604=ORIENTED_EDGE('',*,*,#3135,.T.);
#1605=ORIENTED_EDGE('',*,*,#2592,.F.);
#1606=ORIENTED_EDGE('',*,*,#3136,.T.);
#1607=ORIENTED_EDGE('',*,*,#3050,.F.);
#1608=ORIENTED_EDGE('',*,*,#3086,.T.);
#1609=ORIENTED_EDGE('',*,*,#3136,.F.);
#1610=ORIENTED_EDGE('',*,*,#2591,.F.);
#1611=ORIENTED_EDGE('',*,*,#2557,.T.);
#1612=ORIENTED_EDGE('',*,*,#3137,.T.);
#1613=ORIENTED_EDGE('',*,*,#3051,.F.);
#1614=ORIENTED_EDGE('',*,*,#3137,.F.);
#1615=ORIENTED_EDGE('',*,*,#2560,.T.);
#1616=ORIENTED_EDGE('',*,*,#2618,.F.);
#1617=ORIENTED_EDGE('',*,*,#2534,.F.);
#1618=ORIENTED_EDGE('',*,*,#3138,.F.);
#1619=ORIENTED_EDGE('',*,*,#3027,.T.);
#1620=ORIENTED_EDGE('',*,*,#3110,.T.);
#1621=ORIENTED_EDGE('',*,*,#3021,.F.);
#1622=ORIENTED_EDGE('',*,*,#3134,.F.);
#1623=ORIENTED_EDGE('',*,*,#3091,.F.);
#1624=ORIENTED_EDGE('',*,*,#3028,.T.);
#1625=ORIENTED_EDGE('',*,*,#3138,.T.);
#1626=ORIENTED_EDGE('',*,*,#2533,.F.);
#1627=ORIENTED_EDGE('',*,*,#2600,.T.);
#1628=ORIENTED_EDGE('',*,*,#2630,.T.);
#1629=ORIENTED_EDGE('',*,*,#2528,.T.);
#1630=ORIENTED_EDGE('',*,*,#3129,.F.);
#1631=ORIENTED_EDGE('',*,*,#3084,.F.);
#1632=ORIENTED_EDGE('',*,*,#3111,.T.);
#1633=ORIENTED_EDGE('',*,*,#3081,.F.);
#1634=ORIENTED_EDGE('',*,*,#3076,.T.);
#1635=ORIENTED_EDGE('',*,*,#3116,.F.);
#1636=ORIENTED_EDGE('',*,*,#3113,.F.);
#1637=ORIENTED_EDGE('',*,*,#3057,.F.);
#1638=ORIENTED_EDGE('',*,*,#3059,.F.);
#1639=ORIENTED_EDGE('',*,*,#3061,.F.);
#1640=ORIENTED_EDGE('',*,*,#3001,.F.);
#1641=ORIENTED_EDGE('',*,*,#2982,.T.);
#1642=ORIENTED_EDGE('',*,*,#3006,.F.);
#1643=ORIENTED_EDGE('',*,*,#3139,.T.);
#1644=ORIENTED_EDGE('',*,*,#2902,.F.);
#1645=ORIENTED_EDGE('',*,*,#2898,.F.);
#1646=ORIENTED_EDGE('',*,*,#2889,.F.);
#1647=ORIENTED_EDGE('',*,*,#2949,.T.);
#1648=ORIENTED_EDGE('',*,*,#2880,.F.);
#1649=ORIENTED_EDGE('',*,*,#2894,.F.);
#1650=ORIENTED_EDGE('',*,*,#2907,.F.);
#1651=ORIENTED_EDGE('',*,*,#3140,.T.);
#1652=ORIENTED_EDGE('',*,*,#2947,.T.);
#1653=ORIENTED_EDGE('',*,*,#2932,.F.);
#1654=ORIENTED_EDGE('',*,*,#2943,.T.);
#1655=ORIENTED_EDGE('',*,*,#3141,.T.);
#1656=ORIENTED_EDGE('',*,*,#2456,.F.);
#1657=ORIENTED_EDGE('',*,*,#2448,.T.);
#1658=ORIENTED_EDGE('',*,*,#2461,.F.);
#1659=ORIENTED_EDGE('',*,*,#3142,.F.);
#1660=ORIENTED_EDGE('',*,*,#2423,.T.);
#1661=ORIENTED_EDGE('',*,*,#2410,.T.);
#1662=ORIENTED_EDGE('',*,*,#2396,.T.);
#1663=ORIENTED_EDGE('',*,*,#2465,.F.);
#1664=ORIENTED_EDGE('',*,*,#2405,.T.);
#1665=ORIENTED_EDGE('',*,*,#2414,.T.);
#1666=ORIENTED_EDGE('',*,*,#2418,.T.);
#1667=ORIENTED_EDGE('',*,*,#3143,.F.);
#1668=ORIENTED_EDGE('',*,*,#2513,.T.);
#1669=ORIENTED_EDGE('',*,*,#2487,.F.);
#1670=ORIENTED_EDGE('',*,*,#2508,.T.);
#1671=ORIENTED_EDGE('',*,*,#2569,.T.);
#1672=ORIENTED_EDGE('',*,*,#2567,.T.);
#1673=ORIENTED_EDGE('',*,*,#2562,.T.);
#1674=ORIENTED_EDGE('',*,*,#2622,.T.);
#1675=ORIENTED_EDGE('',*,*,#2623,.T.);
#1676=ORIENTED_EDGE('',*,*,#2585,.F.);
#1677=ORIENTED_EDGE('',*,*,#2589,.T.);
#1678=ORIENTED_EDGE('',*,*,#2617,.F.);
#1679=ORIENTED_EDGE('',*,*,#2593,.T.);
#1680=ORIENTED_EDGE('',*,*,#3135,.F.);
#1681=ORIENTED_EDGE('',*,*,#3144,.F.);
#1682=ORIENTED_EDGE('',*,*,#3145,.T.);
#1683=ORIENTED_EDGE('',*,*,#3146,.T.);
#1684=ORIENTED_EDGE('',*,*,#3147,.F.);
#1685=ORIENTED_EDGE('',*,*,#3148,.F.);
#1686=ORIENTED_EDGE('',*,*,#3149,.F.);
#1687=ORIENTED_EDGE('',*,*,#3150,.F.);
#1688=ORIENTED_EDGE('',*,*,#3148,.T.);
#1689=ORIENTED_EDGE('',*,*,#3151,.F.);
#1690=ORIENTED_EDGE('',*,*,#3152,.F.);
#1691=ORIENTED_EDGE('',*,*,#3153,.F.);
#1692=ORIENTED_EDGE('',*,*,#3154,.F.);
#1693=ORIENTED_EDGE('',*,*,#3152,.T.);
#1694=ORIENTED_EDGE('',*,*,#3155,.F.);
#1695=ORIENTED_EDGE('',*,*,#3156,.F.);
#1696=ORIENTED_EDGE('',*,*,#3157,.T.);
#1697=ORIENTED_EDGE('',*,*,#3158,.F.);
#1698=ORIENTED_EDGE('',*,*,#3159,.F.);
#1699=ORIENTED_EDGE('',*,*,#3160,.F.);
#1700=ORIENTED_EDGE('',*,*,#3161,.F.);
#1701=ORIENTED_EDGE('',*,*,#3145,.F.);
#1702=ORIENTED_EDGE('',*,*,#3162,.F.);
#1703=ORIENTED_EDGE('',*,*,#3157,.F.);
#1704=ORIENTED_EDGE('',*,*,#3163,.F.);
#1705=ORIENTED_EDGE('',*,*,#3164,.F.);
#1706=ORIENTED_EDGE('',*,*,#3165,.T.);
#1707=ORIENTED_EDGE('',*,*,#3166,.F.);
#1708=ORIENTED_EDGE('',*,*,#3165,.F.);
#1709=ORIENTED_EDGE('',*,*,#3167,.F.);
#1710=ORIENTED_EDGE('',*,*,#3168,.T.);
#1711=ORIENTED_EDGE('',*,*,#3169,.T.);
#1712=ORIENTED_EDGE('',*,*,#3170,.F.);
#1713=ORIENTED_EDGE('',*,*,#3171,.F.);
#1714=ORIENTED_EDGE('',*,*,#3172,.F.);
#1715=ORIENTED_EDGE('',*,*,#3173,.F.);
#1716=ORIENTED_EDGE('',*,*,#3174,.F.);
#1717=ORIENTED_EDGE('',*,*,#3175,.T.);
#1718=ORIENTED_EDGE('',*,*,#3159,.T.);
#1719=ORIENTED_EDGE('',*,*,#3173,.T.);
#1720=ORIENTED_EDGE('',*,*,#3176,.T.);
#1721=ORIENTED_EDGE('',*,*,#3169,.F.);
#1722=ORIENTED_EDGE('',*,*,#3177,.T.);
#1723=ORIENTED_EDGE('',*,*,#3178,.T.);
#1724=ORIENTED_EDGE('',*,*,#3179,.T.);
#1725=ORIENTED_EDGE('',*,*,#3174,.T.);
#1726=ORIENTED_EDGE('',*,*,#3177,.F.);
#1727=ORIENTED_EDGE('',*,*,#3168,.F.);
#1728=ORIENTED_EDGE('',*,*,#3180,.T.);
#1729=ORIENTED_EDGE('',*,*,#3181,.T.);
#1730=ORIENTED_EDGE('',*,*,#3155,.T.);
#1731=ORIENTED_EDGE('',*,*,#3151,.T.);
#1732=ORIENTED_EDGE('',*,*,#3147,.T.);
#1733=ORIENTED_EDGE('',*,*,#3179,.F.);
#1734=ORIENTED_EDGE('',*,*,#3182,.F.);
#1735=ORIENTED_EDGE('',*,*,#3160,.T.);
#1736=ORIENTED_EDGE('',*,*,#3175,.F.);
#1737=ORIENTED_EDGE('',*,*,#3164,.T.);
#1738=ORIENTED_EDGE('',*,*,#3183,.T.);
#1739=ORIENTED_EDGE('',*,*,#3180,.F.);
#1740=ORIENTED_EDGE('',*,*,#3167,.T.);
#1741=ORIENTED_EDGE('',*,*,#3163,.T.);
#1742=ORIENTED_EDGE('',*,*,#3156,.T.);
#1743=ORIENTED_EDGE('',*,*,#3181,.F.);
#1744=ORIENTED_EDGE('',*,*,#3183,.F.);
#1745=ORIENTED_EDGE('',*,*,#3161,.T.);
#1746=ORIENTED_EDGE('',*,*,#3182,.T.);
#1747=ORIENTED_EDGE('',*,*,#3178,.F.);
#1748=ORIENTED_EDGE('',*,*,#3146,.F.);
#1749=ORIENTED_EDGE('',*,*,#3184,.F.);
#1750=ORIENTED_EDGE('',*,*,#3185,.T.);
#1751=ORIENTED_EDGE('',*,*,#3186,.F.);
#1752=ORIENTED_EDGE('',*,*,#3187,.T.);
#1753=ORIENTED_EDGE('',*,*,#3188,.F.);
#1754=ORIENTED_EDGE('',*,*,#3187,.F.);
#1755=ORIENTED_EDGE('',*,*,#3189,.F.);
#1756=ORIENTED_EDGE('',*,*,#3190,.T.);
#1757=ORIENTED_EDGE('',*,*,#3191,.F.);
#1758=ORIENTED_EDGE('',*,*,#3192,.T.);
#1759=ORIENTED_EDGE('',*,*,#3193,.F.);
#1760=ORIENTED_EDGE('',*,*,#3185,.F.);
#1761=ORIENTED_EDGE('',*,*,#3194,.F.);
#1762=ORIENTED_EDGE('',*,*,#3190,.F.);
#1763=ORIENTED_EDGE('',*,*,#3195,.F.);
#1764=ORIENTED_EDGE('',*,*,#3192,.F.);
#1765=ORIENTED_EDGE('',*,*,#3189,.T.);
#1766=ORIENTED_EDGE('',*,*,#3186,.T.);
#1767=ORIENTED_EDGE('',*,*,#3193,.T.);
#1768=ORIENTED_EDGE('',*,*,#3195,.T.);
#1769=ORIENTED_EDGE('',*,*,#3196,.F.);
#1770=ORIENTED_EDGE('',*,*,#3197,.T.);
#1771=ORIENTED_EDGE('',*,*,#3198,.F.);
#1772=ORIENTED_EDGE('',*,*,#3199,.F.);
#1773=ORIENTED_EDGE('',*,*,#3200,.F.);
#1774=ORIENTED_EDGE('',*,*,#3201,.T.);
#1775=ORIENTED_EDGE('',*,*,#3202,.T.);
#1776=ORIENTED_EDGE('',*,*,#3203,.T.);
#1777=ORIENTED_EDGE('',*,*,#3197,.F.);
#1778=ORIENTED_EDGE('',*,*,#3204,.T.);
#1779=ORIENTED_EDGE('',*,*,#3205,.T.);
#1780=ORIENTED_EDGE('',*,*,#3200,.T.);
#1781=ORIENTED_EDGE('',*,*,#3206,.F.);
#1782=ORIENTED_EDGE('',*,*,#3207,.F.);
#1783=ORIENTED_EDGE('',*,*,#3208,.T.);
#1784=ORIENTED_EDGE('',*,*,#3209,.T.);
#1785=ORIENTED_EDGE('',*,*,#3199,.T.);
#1786=ORIENTED_EDGE('',*,*,#3210,.T.);
#1787=ORIENTED_EDGE('',*,*,#3211,.T.);
#1788=ORIENTED_EDGE('',*,*,#3202,.F.);
#1789=ORIENTED_EDGE('',*,*,#3203,.F.);
#1790=ORIENTED_EDGE('',*,*,#3211,.F.);
#1791=ORIENTED_EDGE('',*,*,#3212,.T.);
#1792=ORIENTED_EDGE('',*,*,#3206,.T.);
#1793=ORIENTED_EDGE('',*,*,#3210,.F.);
#1794=ORIENTED_EDGE('',*,*,#3198,.T.);
#1795=ORIENTED_EDGE('',*,*,#3207,.T.);
#1796=ORIENTED_EDGE('',*,*,#3212,.F.);
#1797=ORIENTED_EDGE('',*,*,#3213,.T.);
#1798=ORIENTED_EDGE('',*,*,#3149,.T.);
#1799=ORIENTED_EDGE('',*,*,#3150,.T.);
#1800=ORIENTED_EDGE('',*,*,#3154,.T.);
#1801=ORIENTED_EDGE('',*,*,#3214,.F.);
#1802=ORIENTED_EDGE('',*,*,#3215,.F.);
#1803=ORIENTED_EDGE('',*,*,#3216,.F.);
#1804=ORIENTED_EDGE('',*,*,#3217,.T.);
#1805=ORIENTED_EDGE('',*,*,#3218,.F.);
#1806=ORIENTED_EDGE('',*,*,#3219,.F.);
#1807=ORIENTED_EDGE('',*,*,#3220,.F.);
#1808=ORIENTED_EDGE('',*,*,#3221,.F.);
#1809=ORIENTED_EDGE('',*,*,#3222,.F.);
#1810=ORIENTED_EDGE('',*,*,#3223,.F.);
#1811=ORIENTED_EDGE('',*,*,#3224,.F.);
#1812=ORIENTED_EDGE('',*,*,#3225,.T.);
#1813=ORIENTED_EDGE('',*,*,#2704,.F.);
#1814=ORIENTED_EDGE('',*,*,#3226,.T.);
#1815=ORIENTED_EDGE('',*,*,#3222,.T.);
#1816=ORIENTED_EDGE('',*,*,#3227,.F.);
#1817=ORIENTED_EDGE('',*,*,#3217,.F.);
#1818=ORIENTED_EDGE('',*,*,#3228,.T.);
#1819=ORIENTED_EDGE('',*,*,#2709,.T.);
#1820=ORIENTED_EDGE('',*,*,#3229,.T.);
#1821=ORIENTED_EDGE('',*,*,#2707,.F.);
#1822=ORIENTED_EDGE('',*,*,#3230,.F.);
#1823=ORIENTED_EDGE('',*,*,#3219,.T.);
#1824=ORIENTED_EDGE('',*,*,#3230,.T.);
#1825=ORIENTED_EDGE('',*,*,#2706,.F.);
#1826=ORIENTED_EDGE('',*,*,#3231,.F.);
#1827=ORIENTED_EDGE('',*,*,#3220,.T.);
#1828=ORIENTED_EDGE('',*,*,#3225,.F.);
#1829=ORIENTED_EDGE('',*,*,#3221,.T.);
#1830=ORIENTED_EDGE('',*,*,#3231,.T.);
#1831=ORIENTED_EDGE('',*,*,#2705,.F.);
#1832=ORIENTED_EDGE('',*,*,#3229,.F.);
#1833=ORIENTED_EDGE('',*,*,#3218,.T.);
#1834=ORIENTED_EDGE('',*,*,#3227,.T.);
#1835=ORIENTED_EDGE('',*,*,#2708,.F.);
#1836=ORIENTED_EDGE('',*,*,#3232,.F.);
#1837=ORIENTED_EDGE('',*,*,#3233,.T.);
#1838=ORIENTED_EDGE('',*,*,#3234,.F.);
#1839=ORIENTED_EDGE('',*,*,#3235,.F.);
#1840=ORIENTED_EDGE('',*,*,#3236,.F.);
#1841=ORIENTED_EDGE('',*,*,#3237,.T.);
#1842=ORIENTED_EDGE('',*,*,#2716,.T.);
#1843=ORIENTED_EDGE('',*,*,#3238,.T.);
#1844=ORIENTED_EDGE('',*,*,#3233,.F.);
#1845=ORIENTED_EDGE('',*,*,#3239,.T.);
#1846=ORIENTED_EDGE('',*,*,#3240,.T.);
#1847=ORIENTED_EDGE('',*,*,#2766,.F.);
#1848=ORIENTED_EDGE('',*,*,#2879,.F.);
#1849=ORIENTED_EDGE('',*,*,#2843,.F.);
#1850=ORIENTED_EDGE('',*,*,#2773,.T.);
#1851=ORIENTED_EDGE('',*,*,#3241,.F.);
#1852=ORIENTED_EDGE('',*,*,#3242,.F.);
#1853=ORIENTED_EDGE('',*,*,#3243,.T.);
#1854=ORIENTED_EDGE('',*,*,#3244,.T.);
#1855=ORIENTED_EDGE('',*,*,#3245,.T.);
#1856=ORIENTED_EDGE('',*,*,#3122,.F.);
#1857=ORIENTED_EDGE('',*,*,#2796,.F.);
#1858=ORIENTED_EDGE('',*,*,#3246,.T.);
#1859=ORIENTED_EDGE('',*,*,#3247,.T.);
#1860=ORIENTED_EDGE('',*,*,#3248,.F.);
#1861=ORIENTED_EDGE('',*,*,#3249,.F.);
#1862=ORIENTED_EDGE('',*,*,#3241,.T.);
#1863=ORIENTED_EDGE('',*,*,#2772,.T.);
#1864=ORIENTED_EDGE('',*,*,#2864,.T.);
#1865=ORIENTED_EDGE('',*,*,#2798,.F.);
#1866=ORIENTED_EDGE('',*,*,#3250,.T.);
#1867=ORIENTED_EDGE('',*,*,#3251,.T.);
#1868=ORIENTED_EDGE('',*,*,#3250,.F.);
#1869=ORIENTED_EDGE('',*,*,#2797,.F.);
#1870=ORIENTED_EDGE('',*,*,#2838,.T.);
#1871=ORIENTED_EDGE('',*,*,#3252,.T.);
#1872=ORIENTED_EDGE('',*,*,#3253,.F.);
#1873=ORIENTED_EDGE('',*,*,#3254,.F.);
#1874=ORIENTED_EDGE('',*,*,#3252,.F.);
#1875=ORIENTED_EDGE('',*,*,#2837,.T.);
#1876=ORIENTED_EDGE('',*,*,#3255,.F.);
#1877=ORIENTED_EDGE('',*,*,#3256,.T.);
#1878=ORIENTED_EDGE('',*,*,#3257,.T.);
#1879=ORIENTED_EDGE('',*,*,#3258,.T.);
#1880=ORIENTED_EDGE('',*,*,#3259,.T.);
#1881=ORIENTED_EDGE('',*,*,#3244,.F.);
#1882=ORIENTED_EDGE('',*,*,#3260,.T.);
#1883=ORIENTED_EDGE('',*,*,#3261,.T.);
#1884=ORIENTED_EDGE('',*,*,#3262,.T.);
#1885=ORIENTED_EDGE('',*,*,#2713,.F.);
#1886=ORIENTED_EDGE('',*,*,#3263,.F.);
#1887=ORIENTED_EDGE('',*,*,#3236,.T.);
#1888=ORIENTED_EDGE('',*,*,#2715,.F.);
#1889=ORIENTED_EDGE('',*,*,#3264,.T.);
#1890=ORIENTED_EDGE('',*,*,#3234,.T.);
#1891=ORIENTED_EDGE('',*,*,#3238,.F.);
#1892=ORIENTED_EDGE('',*,*,#2782,.F.);
#1893=ORIENTED_EDGE('',*,*,#3265,.T.);
#1894=ORIENTED_EDGE('',*,*,#3266,.T.);
#1895=ORIENTED_EDGE('',*,*,#3267,.T.);
#1896=ORIENTED_EDGE('',*,*,#3268,.T.);
#1897=ORIENTED_EDGE('',*,*,#2778,.F.);
#1898=ORIENTED_EDGE('',*,*,#3269,.T.);
#1899=ORIENTED_EDGE('',*,*,#2832,.F.);
#1900=ORIENTED_EDGE('',*,*,#3126,.F.);
#1901=ORIENTED_EDGE('',*,*,#3270,.T.);
#1902=ORIENTED_EDGE('',*,*,#2757,.F.);
#1903=ORIENTED_EDGE('',*,*,#3271,.T.);
#1904=ORIENTED_EDGE('',*,*,#3272,.T.);
#1905=ORIENTED_EDGE('',*,*,#3273,.T.);
#1906=ORIENTED_EDGE('',*,*,#3256,.F.);
#1907=ORIENTED_EDGE('',*,*,#3274,.T.);
#1908=ORIENTED_EDGE('',*,*,#3275,.T.);
#1909=ORIENTED_EDGE('',*,*,#3276,.T.);
#1910=ORIENTED_EDGE('',*,*,#3069,.F.);
#1911=ORIENTED_EDGE('',*,*,#3063,.F.);
#1912=ORIENTED_EDGE('',*,*,#3133,.T.);
#1913=ORIENTED_EDGE('',*,*,#3014,.F.);
#1914=ORIENTED_EDGE('',*,*,#3012,.F.);
#1915=ORIENTED_EDGE('',*,*,#3124,.F.);
#1916=ORIENTED_EDGE('',*,*,#2520,.T.);
#1917=ORIENTED_EDGE('',*,*,#2524,.T.);
#1918=ORIENTED_EDGE('',*,*,#2629,.F.);
#1919=ORIENTED_EDGE('',*,*,#2570,.T.);
#1920=ORIENTED_EDGE('',*,*,#2575,.T.);
#1921=ORIENTED_EDGE('',*,*,#2818,.F.);
#1922=ORIENTED_EDGE('',*,*,#2816,.F.);
#1923=ORIENTED_EDGE('',*,*,#2810,.F.);
#1924=ORIENTED_EDGE('',*,*,#2878,.T.);
#1925=ORIENTED_EDGE('',*,*,#2759,.F.);
#1926=ORIENTED_EDGE('',*,*,#3226,.F.);
#1927=ORIENTED_EDGE('',*,*,#2703,.F.);
#1928=ORIENTED_EDGE('',*,*,#2877,.F.);
#1929=ORIENTED_EDGE('',*,*,#2767,.F.);
#1930=ORIENTED_EDGE('',*,*,#3240,.F.);
#1931=ORIENTED_EDGE('',*,*,#3277,.T.);
#1932=ORIENTED_EDGE('',*,*,#3278,.T.);
#1933=ORIENTED_EDGE('',*,*,#3223,.T.);
#1934=ORIENTED_EDGE('',*,*,#3279,.T.);
#1935=ORIENTED_EDGE('',*,*,#3280,.T.);
#1936=ORIENTED_EDGE('',*,*,#3281,.T.);
#1937=ORIENTED_EDGE('',*,*,#2791,.F.);
#1938=ORIENTED_EDGE('',*,*,#3265,.F.);
#1939=ORIENTED_EDGE('',*,*,#2785,.F.);
#1940=ORIENTED_EDGE('',*,*,#2788,.F.);
#1941=ORIENTED_EDGE('',*,*,#3281,.F.);
#1942=ORIENTED_EDGE('',*,*,#3282,.T.);
#1943=ORIENTED_EDGE('',*,*,#3283,.T.);
#1944=ORIENTED_EDGE('',*,*,#3279,.F.);
#1945=ORIENTED_EDGE('',*,*,#2793,.F.);
#1946=ORIENTED_EDGE('',*,*,#3269,.F.);
#1947=ORIENTED_EDGE('',*,*,#3284,.T.);
#1948=ORIENTED_EDGE('',*,*,#3271,.F.);
#1949=ORIENTED_EDGE('',*,*,#2756,.F.);
#1950=ORIENTED_EDGE('',*,*,#2876,.F.);
#1951=ORIENTED_EDGE('',*,*,#2710,.F.);
#1952=ORIENTED_EDGE('',*,*,#3228,.F.);
#1953=ORIENTED_EDGE('',*,*,#3216,.T.);
#1954=ORIENTED_EDGE('',*,*,#3285,.T.);
#1955=ORIENTED_EDGE('',*,*,#3286,.T.);
#1956=ORIENTED_EDGE('',*,*,#3246,.F.);
#1957=ORIENTED_EDGE('',*,*,#2776,.F.);
#1958=ORIENTED_EDGE('',*,*,#3268,.F.);
#1959=ORIENTED_EDGE('',*,*,#3287,.T.);
#1960=ORIENTED_EDGE('',*,*,#3224,.T.);
#1961=ORIENTED_EDGE('',*,*,#3278,.F.);
#1962=ORIENTED_EDGE('',*,*,#3288,.T.);
#1963=ORIENTED_EDGE('',*,*,#3289,.F.);
#1964=ORIENTED_EDGE('',*,*,#3290,.F.);
#1965=ORIENTED_EDGE('',*,*,#3291,.T.);
#1966=ORIENTED_EDGE('',*,*,#3285,.F.);
#1967=ORIENTED_EDGE('',*,*,#3215,.T.);
#1968=ORIENTED_EDGE('',*,*,#3214,.T.);
#1969=ORIENTED_EDGE('',*,*,#3289,.T.);
#1970=ORIENTED_EDGE('',*,*,#3292,.T.);
#1971=ORIENTED_EDGE('',*,*,#3290,.T.);
#1972=ORIENTED_EDGE('',*,*,#3293,.T.);
#1973=ORIENTED_EDGE('',*,*,#3073,.T.);
#1974=ORIENTED_EDGE('',*,*,#3294,.T.);
#1975=ORIENTED_EDGE('',*,*,#3295,.F.);
#1976=ORIENTED_EDGE('',*,*,#3296,.F.);
#1977=ORIENTED_EDGE('',*,*,#3297,.F.);
#1978=ORIENTED_EDGE('',*,*,#3298,.F.);
#1979=ORIENTED_EDGE('',*,*,#3299,.T.);
#1980=ORIENTED_EDGE('',*,*,#2443,.T.);
#1981=ORIENTED_EDGE('',*,*,#2436,.T.);
#1982=ORIENTED_EDGE('',*,*,#2440,.T.);
#1983=ORIENTED_EDGE('',*,*,#2446,.T.);
#1984=ORIENTED_EDGE('',*,*,#2678,.F.);
#1985=ORIENTED_EDGE('',*,*,#2681,.F.);
#1986=ORIENTED_EDGE('',*,*,#2675,.F.);
#1987=ORIENTED_EDGE('',*,*,#2671,.F.);
#1988=ORIENTED_EDGE('',*,*,#2927,.F.);
#1989=ORIENTED_EDGE('',*,*,#2930,.F.);
#1990=ORIENTED_EDGE('',*,*,#2924,.F.);
#1991=ORIENTED_EDGE('',*,*,#2920,.F.);
#1992=ORIENTED_EDGE('',*,*,#3191,.T.);
#1993=ORIENTED_EDGE('',*,*,#3184,.T.);
#1994=ORIENTED_EDGE('',*,*,#3188,.T.);
#1995=ORIENTED_EDGE('',*,*,#3194,.T.);
#1996=ORIENTED_EDGE('',*,*,#3300,.T.);
#1997=ORIENTED_EDGE('',*,*,#2693,.T.);
#1998=ORIENTED_EDGE('',*,*,#2690,.T.);
#1999=ORIENTED_EDGE('',*,*,#2695,.T.);
#2000=ORIENTED_EDGE('',*,*,#3301,.F.);
#2001=ORIENTED_EDGE('',*,*,#2662,.F.);
#2002=ORIENTED_EDGE('',*,*,#2664,.T.);
#2003=ORIENTED_EDGE('',*,*,#2654,.F.);
#2004=ORIENTED_EDGE('',*,*,#3302,.F.);
#2005=ORIENTED_EDGE('',*,*,#2754,.T.);
#2006=ORIENTED_EDGE('',*,*,#2720,.T.);
#2007=ORIENTED_EDGE('',*,*,#2733,.T.);
#2008=ORIENTED_EDGE('',*,*,#2867,.F.);
#2009=ORIENTED_EDGE('',*,*,#2494,.F.);
#2010=ORIENTED_EDGE('',*,*,#2483,.F.);
#2011=ORIENTED_EDGE('',*,*,#2514,.F.);
#2012=ORIENTED_EDGE('',*,*,#3143,.T.);
#2013=ORIENTED_EDGE('',*,*,#2422,.T.);
#2014=ORIENTED_EDGE('',*,*,#2428,.F.);
#2015=ORIENTED_EDGE('',*,*,#2424,.T.);
#2016=ORIENTED_EDGE('',*,*,#3142,.T.);
#2017=ORIENTED_EDGE('',*,*,#2460,.F.);
#2018=ORIENTED_EDGE('',*,*,#2453,.F.);
#2019=ORIENTED_EDGE('',*,*,#2457,.F.);
#2020=ORIENTED_EDGE('',*,*,#3141,.F.);
#2021=ORIENTED_EDGE('',*,*,#2942,.T.);
#2022=ORIENTED_EDGE('',*,*,#2939,.T.);
#2023=ORIENTED_EDGE('',*,*,#2944,.T.);
#2024=ORIENTED_EDGE('',*,*,#3140,.F.);
#2025=ORIENTED_EDGE('',*,*,#2911,.F.);
#2026=ORIENTED_EDGE('',*,*,#2913,.T.);
#2027=ORIENTED_EDGE('',*,*,#2903,.F.);
#2028=ORIENTED_EDGE('',*,*,#3139,.F.);
#2029=ORIENTED_EDGE('',*,*,#3009,.T.);
#2030=ORIENTED_EDGE('',*,*,#2978,.T.);
#2031=ORIENTED_EDGE('',*,*,#2991,.T.);
#2032=ORIENTED_EDGE('',*,*,#3303,.T.);
#2033=ORIENTED_EDGE('',*,*,#3304,.F.);
#2034=ORIENTED_EDGE('',*,*,#3305,.F.);
#2035=ORIENTED_EDGE('',*,*,#3306,.F.);
#2036=ORIENTED_EDGE('',*,*,#3307,.T.);
#2037=ORIENTED_EDGE('',*,*,#3170,.T.);
#2038=ORIENTED_EDGE('',*,*,#3176,.F.);
#2039=ORIENTED_EDGE('',*,*,#3172,.T.);
#2040=ORIENTED_EDGE('',*,*,#3308,.T.);
#2041=ORIENTED_EDGE('',*,*,#3208,.F.);
#2042=ORIENTED_EDGE('',*,*,#3201,.F.);
#2043=ORIENTED_EDGE('',*,*,#3205,.F.);
#2044=ORIENTED_EDGE('',*,*,#3309,.F.);
#2045=ORIENTED_EDGE('',*,*,#3104,.T.);
#2046=ORIENTED_EDGE('',*,*,#3097,.T.);
#2047=ORIENTED_EDGE('',*,*,#2994,.T.);
#2048=ORIENTED_EDGE('',*,*,#3100,.T.);
#2049=ORIENTED_EDGE('',*,*,#3101,.T.);
#2050=ORIENTED_EDGE('',*,*,#3115,.T.);
#2051=ORIENTED_EDGE('',*,*,#3117,.F.);
#2052=ORIENTED_EDGE('',*,*,#3074,.T.);
#2053=ORIENTED_EDGE('',*,*,#3070,.F.);
#2054=ORIENTED_EDGE('',*,*,#3293,.F.);
#2055=ORIENTED_EDGE('',*,*,#3310,.T.);
#2056=ORIENTED_EDGE('',*,*,#3311,.F.);
#2057=ORIENTED_EDGE('',*,*,#3298,.T.);
#2058=ORIENTED_EDGE('',*,*,#3312,.F.);
#2059=ORIENTED_EDGE('',*,*,#3313,.F.);
#2060=ORIENTED_EDGE('',*,*,#3314,.F.);
#2061=ORIENTED_EDGE('',*,*,#3315,.F.);
#2062=ORIENTED_EDGE('',*,*,#3316,.F.);
#2063=ORIENTED_EDGE('',*,*,#3317,.F.);
#2064=ORIENTED_EDGE('',*,*,#3318,.F.);
#2065=ORIENTED_EDGE('',*,*,#3319,.T.);
#2066=ORIENTED_EDGE('',*,*,#3312,.T.);
#2067=ORIENTED_EDGE('',*,*,#3297,.T.);
#2068=ORIENTED_EDGE('',*,*,#3320,.F.);
#2069=ORIENTED_EDGE('',*,*,#3321,.T.);
#2070=ORIENTED_EDGE('',*,*,#3303,.F.);
#2071=ORIENTED_EDGE('',*,*,#2990,.T.);
#2072=ORIENTED_EDGE('',*,*,#3107,.T.);
#2073=ORIENTED_EDGE('',*,*,#3322,.F.);
#2074=ORIENTED_EDGE('',*,*,#3323,.F.);
#2075=ORIENTED_EDGE('',*,*,#3324,.F.);
#2076=ORIENTED_EDGE('',*,*,#3318,.T.);
#2077=ORIENTED_EDGE('',*,*,#3325,.T.);
#2078=ORIENTED_EDGE('',*,*,#3326,.T.);
#2079=ORIENTED_EDGE('',*,*,#3327,.T.);
#2080=ORIENTED_EDGE('',*,*,#3328,.F.);
#2081=ORIENTED_EDGE('',*,*,#3329,.T.);
#2082=ORIENTED_EDGE('',*,*,#3330,.T.);
#2083=ORIENTED_EDGE('',*,*,#3331,.F.);
#2084=ORIENTED_EDGE('',*,*,#3332,.T.);
#2085=ORIENTED_EDGE('',*,*,#3333,.F.);
#2086=ORIENTED_EDGE('',*,*,#3248,.T.);
#2087=ORIENTED_EDGE('',*,*,#3334,.T.);
#2088=ORIENTED_EDGE('',*,*,#3335,.T.);
#2089=ORIENTED_EDGE('',*,*,#3336,.F.);
#2090=ORIENTED_EDGE('',*,*,#3337,.F.);
#2091=ORIENTED_EDGE('',*,*,#3338,.F.);
#2092=ORIENTED_EDGE('',*,*,#3339,.T.);
#2093=ORIENTED_EDGE('',*,*,#3340,.T.);
#2094=ORIENTED_EDGE('',*,*,#3260,.F.);
#2095=ORIENTED_EDGE('',*,*,#3341,.T.);
#2096=ORIENTED_EDGE('',*,*,#3342,.T.);
#2097=ORIENTED_EDGE('',*,*,#3343,.T.);
#2098=ORIENTED_EDGE('',*,*,#3087,.F.);
#2099=ORIENTED_EDGE('',*,*,#3344,.T.);
#2100=ORIENTED_EDGE('',*,*,#3345,.T.);
#2101=ORIENTED_EDGE('',*,*,#3317,.T.);
#2102=ORIENTED_EDGE('',*,*,#3346,.F.);
#2103=ORIENTED_EDGE('',*,*,#3347,.F.);
#2104=ORIENTED_EDGE('',*,*,#3323,.T.);
#2105=ORIENTED_EDGE('',*,*,#3348,.F.);
#2106=ORIENTED_EDGE('',*,*,#3349,.T.);
#2107=ORIENTED_EDGE('',*,*,#3313,.T.);
#2108=ORIENTED_EDGE('',*,*,#3319,.F.);
#2109=ORIENTED_EDGE('',*,*,#3327,.F.);
#2110=ORIENTED_EDGE('',*,*,#3350,.T.);
#2111=ORIENTED_EDGE('',*,*,#3351,.T.);
#2112=ORIENTED_EDGE('',*,*,#3352,.T.);
#2113=ORIENTED_EDGE('',*,*,#3352,.F.);
#2114=ORIENTED_EDGE('',*,*,#3353,.T.);
#2115=ORIENTED_EDGE('',*,*,#3314,.T.);
#2116=ORIENTED_EDGE('',*,*,#3316,.T.);
#2117=ORIENTED_EDGE('',*,*,#3354,.T.);
#2118=ORIENTED_EDGE('',*,*,#3346,.T.);
#2119=ORIENTED_EDGE('',*,*,#3322,.T.);
#2120=ORIENTED_EDGE('',*,*,#3106,.F.);
#2121=ORIENTED_EDGE('',*,*,#3355,.T.);
#2122=ORIENTED_EDGE('',*,*,#3348,.T.);
#2123=ORIENTED_EDGE('',*,*,#3326,.F.);
#2124=ORIENTED_EDGE('',*,*,#3356,.T.);
#2125=ORIENTED_EDGE('',*,*,#3334,.F.);
#2126=ORIENTED_EDGE('',*,*,#3357,.F.);
#2127=ORIENTED_EDGE('',*,*,#3350,.F.);
#2128=ORIENTED_EDGE('',*,*,#3294,.F.);
#2129=ORIENTED_EDGE('',*,*,#3072,.F.);
#2130=ORIENTED_EDGE('',*,*,#3079,.F.);
#2131=ORIENTED_EDGE('',*,*,#3093,.F.);
#2132=ORIENTED_EDGE('',*,*,#3108,.T.);
#2133=ORIENTED_EDGE('',*,*,#3088,.F.);
#2134=ORIENTED_EDGE('',*,*,#3343,.F.);
#2135=ORIENTED_EDGE('',*,*,#3358,.T.);
#2136=ORIENTED_EDGE('',*,*,#3342,.F.);
#2137=ORIENTED_EDGE('',*,*,#3359,.T.);
#2138=ORIENTED_EDGE('',*,*,#3360,.T.);
#2139=ORIENTED_EDGE('',*,*,#3361,.T.);
#2140=ORIENTED_EDGE('',*,*,#3332,.F.);
#2141=ORIENTED_EDGE('',*,*,#3362,.F.);
#2142=ORIENTED_EDGE('',*,*,#3363,.T.);
#2143=ORIENTED_EDGE('',*,*,#3359,.F.);
#2144=ORIENTED_EDGE('',*,*,#3341,.F.);
#2145=ORIENTED_EDGE('',*,*,#3243,.F.);
#2146=ORIENTED_EDGE('',*,*,#3364,.F.);
#2147=ORIENTED_EDGE('',*,*,#3345,.F.);
#2148=ORIENTED_EDGE('',*,*,#3365,.T.);
#2149=ORIENTED_EDGE('',*,*,#3339,.F.);
#2150=ORIENTED_EDGE('',*,*,#3358,.F.);
#2151=ORIENTED_EDGE('',*,*,#3329,.F.);
#2152=ORIENTED_EDGE('',*,*,#3366,.T.);
#2153=ORIENTED_EDGE('',*,*,#3253,.T.);
#2154=ORIENTED_EDGE('',*,*,#3254,.T.);
#2155=ORIENTED_EDGE('',*,*,#3367,.F.);
#2156=ORIENTED_EDGE('',*,*,#3368,.T.);
#2157=ORIENTED_EDGE('',*,*,#3041,.F.);
#2158=ORIENTED_EDGE('',*,*,#3035,.F.);
#2159=ORIENTED_EDGE('',*,*,#3369,.T.);
#2160=ORIENTED_EDGE('',*,*,#3370,.T.);
#2161=ORIENTED_EDGE('',*,*,#3371,.T.);
#2162=ORIENTED_EDGE('',*,*,#3369,.F.);
#2163=ORIENTED_EDGE('',*,*,#3038,.T.);
#2164=ORIENTED_EDGE('',*,*,#3034,.F.);
#2165=ORIENTED_EDGE('',*,*,#3372,.T.);
#2166=ORIENTED_EDGE('',*,*,#3373,.T.);
#2167=ORIENTED_EDGE('',*,*,#3374,.F.);
#2168=ORIENTED_EDGE('',*,*,#3270,.F.);
#2169=ORIENTED_EDGE('',*,*,#3049,.F.);
#2170=ORIENTED_EDGE('',*,*,#3047,.F.);
#2171=ORIENTED_EDGE('',*,*,#3044,.F.);
#2172=ORIENTED_EDGE('',*,*,#3368,.F.);
#2173=ORIENTED_EDGE('',*,*,#3375,.T.);
#2174=ORIENTED_EDGE('',*,*,#3376,.T.);
#2175=ORIENTED_EDGE('',*,*,#3377,.T.);
#2176=ORIENTED_EDGE('',*,*,#3362,.T.);
#2177=ORIENTED_EDGE('',*,*,#3331,.T.);
#2178=ORIENTED_EDGE('',*,*,#3378,.F.);
#2179=ORIENTED_EDGE('',*,*,#3379,.F.);
#2180=ORIENTED_EDGE('',*,*,#3311,.T.);
#2181=ORIENTED_EDGE('',*,*,#3380,.T.);
#2182=ORIENTED_EDGE('',*,*,#3360,.F.);
#2183=ORIENTED_EDGE('',*,*,#3363,.F.);
#2184=ORIENTED_EDGE('',*,*,#3379,.T.);
#2185=ORIENTED_EDGE('',*,*,#3381,.T.);
#2186=ORIENTED_EDGE('',*,*,#3299,.F.);
#2187=ORIENTED_EDGE('',*,*,#3310,.F.);
#2188=ORIENTED_EDGE('',*,*,#3295,.T.);
#2189=ORIENTED_EDGE('',*,*,#3361,.F.);
#2190=ORIENTED_EDGE('',*,*,#3380,.F.);
#2191=ORIENTED_EDGE('',*,*,#3344,.F.);
#2192=ORIENTED_EDGE('',*,*,#3067,.T.);
#2193=ORIENTED_EDGE('',*,*,#3276,.F.);
#2194=ORIENTED_EDGE('',*,*,#3382,.F.);
#2195=ORIENTED_EDGE('',*,*,#3382,.T.);
#2196=ORIENTED_EDGE('',*,*,#3275,.F.);
#2197=ORIENTED_EDGE('',*,*,#3383,.F.);
#2198=ORIENTED_EDGE('',*,*,#3365,.F.);
#2199=ORIENTED_EDGE('',*,*,#3274,.F.);
#2200=ORIENTED_EDGE('',*,*,#3261,.F.);
#2201=ORIENTED_EDGE('',*,*,#3340,.F.);
#2202=ORIENTED_EDGE('',*,*,#3383,.T.);
#2203=ORIENTED_EDGE('',*,*,#3384,.F.);
#2204=ORIENTED_EDGE('',*,*,#3335,.F.);
#2205=ORIENTED_EDGE('',*,*,#3385,.F.);
#2206=ORIENTED_EDGE('',*,*,#3386,.F.);
#2207=ORIENTED_EDGE('',*,*,#3385,.T.);
#2208=ORIENTED_EDGE('',*,*,#3356,.F.);
#2209=ORIENTED_EDGE('',*,*,#3387,.F.);
#2210=ORIENTED_EDGE('',*,*,#3388,.F.);
#2211=ORIENTED_EDGE('',*,*,#3321,.F.);
#2212=ORIENTED_EDGE('',*,*,#3389,.F.);
#2213=ORIENTED_EDGE('',*,*,#3387,.T.);
#2214=ORIENTED_EDGE('',*,*,#3325,.F.);
#2215=ORIENTED_EDGE('',*,*,#3251,.F.);
#2216=ORIENTED_EDGE('',*,*,#3366,.F.);
#2217=ORIENTED_EDGE('',*,*,#3328,.T.);
#2218=ORIENTED_EDGE('',*,*,#3247,.F.);
#2219=ORIENTED_EDGE('',*,*,#3372,.F.);
#2220=ORIENTED_EDGE('',*,*,#3029,.F.);
#2221=ORIENTED_EDGE('',*,*,#3245,.F.);
#2222=ORIENTED_EDGE('',*,*,#3390,.T.);
#2223=ORIENTED_EDGE('',*,*,#3284,.F.);
#2224=ORIENTED_EDGE('',*,*,#3377,.F.);
#2225=ORIENTED_EDGE('',*,*,#3391,.F.);
#2226=ORIENTED_EDGE('',*,*,#3391,.T.);
#2227=ORIENTED_EDGE('',*,*,#3376,.F.);
#2228=ORIENTED_EDGE('',*,*,#3392,.F.);
#2229=ORIENTED_EDGE('',*,*,#3280,.F.);
#2230=ORIENTED_EDGE('',*,*,#3392,.T.);
#2231=ORIENTED_EDGE('',*,*,#3375,.F.);
#2232=ORIENTED_EDGE('',*,*,#3393,.F.);
#2233=ORIENTED_EDGE('',*,*,#3282,.F.);
#2234=ORIENTED_EDGE('',*,*,#3393,.T.);
#2235=ORIENTED_EDGE('',*,*,#3371,.F.);
#2236=ORIENTED_EDGE('',*,*,#3394,.F.);
#2237=ORIENTED_EDGE('',*,*,#3283,.F.);
#2238=ORIENTED_EDGE('',*,*,#3370,.F.);
#2239=ORIENTED_EDGE('',*,*,#3374,.T.);
#2240=ORIENTED_EDGE('',*,*,#3395,.F.);
#2241=ORIENTED_EDGE('',*,*,#3266,.F.);
#2242=ORIENTED_EDGE('',*,*,#3394,.T.);
#2243=ORIENTED_EDGE('',*,*,#3395,.T.);
#2244=ORIENTED_EDGE('',*,*,#3373,.F.);
#2245=ORIENTED_EDGE('',*,*,#3396,.F.);
#2246=ORIENTED_EDGE('',*,*,#3267,.F.);
#2247=ORIENTED_EDGE('',*,*,#3390,.F.);
#2248=ORIENTED_EDGE('',*,*,#3287,.F.);
#2249=ORIENTED_EDGE('',*,*,#3396,.T.);
#2250=ORIENTED_EDGE('',*,*,#3364,.T.);
#2251=ORIENTED_EDGE('',*,*,#3242,.T.);
#2252=ORIENTED_EDGE('',*,*,#3249,.T.);
#2253=ORIENTED_EDGE('',*,*,#3333,.T.);
#2254=ORIENTED_EDGE('',*,*,#3239,.F.);
#2255=ORIENTED_EDGE('',*,*,#3259,.F.);
#2256=ORIENTED_EDGE('',*,*,#3397,.F.);
#2257=ORIENTED_EDGE('',*,*,#3288,.F.);
#2258=ORIENTED_EDGE('',*,*,#3277,.F.);
#2259=ORIENTED_EDGE('',*,*,#3397,.T.);
#2260=ORIENTED_EDGE('',*,*,#3258,.F.);
#2261=ORIENTED_EDGE('',*,*,#3398,.F.);
#2262=ORIENTED_EDGE('',*,*,#3292,.F.);
#2263=ORIENTED_EDGE('',*,*,#3399,.F.);
#2264=ORIENTED_EDGE('',*,*,#3291,.F.);
#2265=ORIENTED_EDGE('',*,*,#3398,.T.);
#2266=ORIENTED_EDGE('',*,*,#3257,.F.);
#2267=ORIENTED_EDGE('',*,*,#3273,.F.);
#2268=ORIENTED_EDGE('',*,*,#3286,.F.);
#2269=ORIENTED_EDGE('',*,*,#3399,.T.);
#2270=ORIENTED_EDGE('',*,*,#3272,.F.);
#2271=ORIENTED_EDGE('',*,*,#3400,.F.);
#2272=ORIENTED_EDGE('',*,*,#3401,.T.);
#2273=ORIENTED_EDGE('',*,*,#3402,.T.);
#2274=ORIENTED_EDGE('',*,*,#3403,.F.);
#2275=ORIENTED_EDGE('',*,*,#3404,.F.);
#2276=ORIENTED_EDGE('',*,*,#3405,.F.);
#2277=ORIENTED_EDGE('',*,*,#3406,.F.);
#2278=ORIENTED_EDGE('',*,*,#3401,.F.);
#2279=ORIENTED_EDGE('',*,*,#3407,.F.);
#2280=ORIENTED_EDGE('',*,*,#3408,.F.);
#2281=ORIENTED_EDGE('',*,*,#3409,.F.);
#2282=ORIENTED_EDGE('',*,*,#3410,.F.);
#2283=ORIENTED_EDGE('',*,*,#3411,.F.);
#2284=ORIENTED_EDGE('',*,*,#3306,.T.);
#2285=ORIENTED_EDGE('',*,*,#3412,.F.);
#2286=ORIENTED_EDGE('',*,*,#3407,.T.);
#2287=ORIENTED_EDGE('',*,*,#3400,.T.);
#2288=ORIENTED_EDGE('',*,*,#3413,.F.);
#2289=ORIENTED_EDGE('',*,*,#3414,.F.);
#2290=ORIENTED_EDGE('',*,*,#3415,.F.);
#2291=ORIENTED_EDGE('',*,*,#3402,.F.);
#2292=ORIENTED_EDGE('',*,*,#3406,.T.);
#2293=ORIENTED_EDGE('',*,*,#3416,.T.);
#2294=ORIENTED_EDGE('',*,*,#3336,.T.);
#2295=ORIENTED_EDGE('',*,*,#3384,.T.);
#2296=ORIENTED_EDGE('',*,*,#3355,.F.);
#2297=ORIENTED_EDGE('',*,*,#3105,.T.);
#2298=ORIENTED_EDGE('',*,*,#3309,.T.);
#2299=ORIENTED_EDGE('',*,*,#3349,.F.);
#2300=ORIENTED_EDGE('',*,*,#3357,.T.);
#2301=ORIENTED_EDGE('',*,*,#3338,.T.);
#2302=ORIENTED_EDGE('',*,*,#3417,.F.);
#2303=ORIENTED_EDGE('',*,*,#3404,.T.);
#2304=ORIENTED_EDGE('',*,*,#3418,.T.);
#2305=ORIENTED_EDGE('',*,*,#3351,.F.);
#2306=ORIENTED_EDGE('',*,*,#3418,.F.);
#2307=ORIENTED_EDGE('',*,*,#3410,.T.);
#2308=ORIENTED_EDGE('',*,*,#3419,.F.);
#2309=ORIENTED_EDGE('',*,*,#3354,.F.);
#2310=ORIENTED_EDGE('',*,*,#3315,.T.);
#2311=ORIENTED_EDGE('',*,*,#3353,.F.);
#2312=ORIENTED_EDGE('',*,*,#3420,.T.);
#2313=ORIENTED_EDGE('',*,*,#3304,.T.);
#2314=ORIENTED_EDGE('',*,*,#3324,.T.);
#2315=ORIENTED_EDGE('',*,*,#3347,.T.);
#2316=ORIENTED_EDGE('',*,*,#3419,.T.);
#2317=ORIENTED_EDGE('',*,*,#3409,.T.);
#2318=ORIENTED_EDGE('',*,*,#3417,.T.);
#2319=ORIENTED_EDGE('',*,*,#3337,.T.);
#2320=ORIENTED_EDGE('',*,*,#3416,.F.);
#2321=ORIENTED_EDGE('',*,*,#3405,.T.);
#2322=ORIENTED_EDGE('',*,*,#3415,.T.);
#2323=ORIENTED_EDGE('',*,*,#3421,.T.);
#2324=ORIENTED_EDGE('',*,*,#3413,.T.);
#2325=ORIENTED_EDGE('',*,*,#3403,.T.);
#2326=ORIENTED_EDGE('',*,*,#3412,.T.);
#2327=ORIENTED_EDGE('',*,*,#3305,.T.);
#2328=ORIENTED_EDGE('',*,*,#3420,.F.);
#2329=ORIENTED_EDGE('',*,*,#3408,.T.);
#2330=ORIENTED_EDGE('',*,*,#3367,.T.);
#2331=ORIENTED_EDGE('',*,*,#3255,.T.);
#2332=ORIENTED_EDGE('',*,*,#2836,.F.);
#2333=ORIENTED_EDGE('',*,*,#2865,.T.);
#2334=ORIENTED_EDGE('',*,*,#2830,.F.);
#2335=ORIENTED_EDGE('',*,*,#2825,.T.);
#2336=ORIENTED_EDGE('',*,*,#2873,.F.);
#2337=ORIENTED_EDGE('',*,*,#2868,.F.);
#2338=ORIENTED_EDGE('',*,*,#2804,.F.);
#2339=ORIENTED_EDGE('',*,*,#2806,.F.);
#2340=ORIENTED_EDGE('',*,*,#2808,.F.);
#2341=ORIENTED_EDGE('',*,*,#2746,.F.);
#2342=ORIENTED_EDGE('',*,*,#2724,.T.);
#2343=ORIENTED_EDGE('',*,*,#2751,.F.);
#2344=ORIENTED_EDGE('',*,*,#3302,.T.);
#2345=ORIENTED_EDGE('',*,*,#2653,.F.);
#2346=ORIENTED_EDGE('',*,*,#2649,.F.);
#2347=ORIENTED_EDGE('',*,*,#2640,.F.);
#2348=ORIENTED_EDGE('',*,*,#2700,.T.);
#2349=ORIENTED_EDGE('',*,*,#2631,.F.);
#2350=ORIENTED_EDGE('',*,*,#2645,.F.);
#2351=ORIENTED_EDGE('',*,*,#2658,.F.);
#2352=ORIENTED_EDGE('',*,*,#3301,.T.);
#2353=ORIENTED_EDGE('',*,*,#2698,.T.);
#2354=ORIENTED_EDGE('',*,*,#2683,.F.);
#2355=ORIENTED_EDGE('',*,*,#2694,.T.);
#2356=ORIENTED_EDGE('',*,*,#3300,.F.);
#2357=ORIENTED_EDGE('',*,*,#3204,.F.);
#2358=ORIENTED_EDGE('',*,*,#3196,.T.);
#2359=ORIENTED_EDGE('',*,*,#3209,.F.);
#2360=ORIENTED_EDGE('',*,*,#3308,.F.);
#2361=ORIENTED_EDGE('',*,*,#3171,.T.);
#2362=ORIENTED_EDGE('',*,*,#3158,.T.);
#2363=ORIENTED_EDGE('',*,*,#3144,.T.);
#2364=ORIENTED_EDGE('',*,*,#3213,.F.);
#2365=ORIENTED_EDGE('',*,*,#3153,.T.);
#2366=ORIENTED_EDGE('',*,*,#3162,.T.);
#2367=ORIENTED_EDGE('',*,*,#3166,.T.);
#2368=ORIENTED_EDGE('',*,*,#3307,.F.);
#2369=ORIENTED_EDGE('',*,*,#3411,.T.);
#2370=ORIENTED_EDGE('',*,*,#3421,.F.);
#2371=ORIENTED_EDGE('',*,*,#3414,.T.);
#2372=ORIENTED_EDGE('',*,*,#3386,.T.);
#2373=ORIENTED_EDGE('',*,*,#3388,.T.);
#2374=ORIENTED_EDGE('',*,*,#3389,.T.);
#2375=ORIENTED_EDGE('',*,*,#3320,.T.);
#2376=ORIENTED_EDGE('',*,*,#3296,.T.);
#2377=ORIENTED_EDGE('',*,*,#3381,.F.);
#2378=ORIENTED_EDGE('',*,*,#3378,.T.);
#2379=ORIENTED_EDGE('',*,*,#3330,.F.);
#2380=ORIENTED_EDGE('',*,*,#3232,.T.);
#2381=ORIENTED_EDGE('',*,*,#3263,.T.);
#2382=ORIENTED_EDGE('',*,*,#2712,.F.);
#2383=ORIENTED_EDGE('',*,*,#3237,.F.);
#2384=ORIENTED_EDGE('',*,*,#3235,.T.);
#2385=ORIENTED_EDGE('',*,*,#3264,.F.);
#2386=ORIENTED_EDGE('',*,*,#2714,.F.);
#2387=ORIENTED_EDGE('',*,*,#3262,.F.);
#2388=ORIENTED_EDGE('',*,*,#2969,.F.);
#2389=ORIENTED_EDGE('',*,*,#2973,.T.);
#2390=ORIENTED_EDGE('',*,*,#2477,.T.);
#2391=ORIENTED_EDGE('',*,*,#3131,.F.);
#2392=ORIENTED_EDGE('',*,*,#2971,.F.);
#2393=ORIENTED_EDGE('',*,*,#3132,.T.);
#2394=ORIENTED_EDGE('',*,*,#2480,.T.);
#2395=ORIENTED_EDGE('',*,*,#3130,.T.);
#2396=EDGE_CURVE('',#3422,#3423,#4082,.T.);
#2397=EDGE_CURVE('',#3422,#3424,#4083,.T.);
#2398=EDGE_CURVE('',#3424,#3425,#4084,.T.);
#2399=EDGE_CURVE('',#3426,#3425,#4085,.T.);
#2400=EDGE_CURVE('',#3427,#3426,#4086,.T.);
#2401=EDGE_CURVE('',#3423,#3427,#4087,.T.);
#2402=EDGE_CURVE('',#3427,#3428,#4088,.T.);
#2403=EDGE_CURVE('',#3429,#3426,#4089,.T.);
#2404=EDGE_CURVE('',#3428,#3429,#4090,.T.);
#2405=EDGE_CURVE('',#3430,#3431,#4091,.T.);
#2406=EDGE_CURVE('',#3428,#3430,#4092,.T.);
#2407=EDGE_CURVE('',#3432,#3429,#4093,.T.);
#2408=EDGE_CURVE('',#3433,#3432,#4094,.T.);
#2409=EDGE_CURVE('',#3433,#3431,#4095,.T.);
#2410=EDGE_CURVE('',#3434,#3422,#4096,.T.);
#2411=EDGE_CURVE('',#3435,#3434,#4097,.T.);
#2412=EDGE_CURVE('',#3436,#3435,#4098,.T.);
#2413=EDGE_CURVE('',#3424,#3436,#4099,.T.);
#2414=EDGE_CURVE('',#3431,#3437,#4100,.T.);
#2415=EDGE_CURVE('',#3438,#3433,#4101,.T.);
#2416=EDGE_CURVE('',#3439,#3438,#4102,.T.);
#2417=EDGE_CURVE('',#3439,#3437,#4103,.T.);
#2418=EDGE_CURVE('',#3437,#3440,#4104,.T.);
#2419=EDGE_CURVE('',#3441,#3439,#4105,.T.);
#2420=EDGE_CURVE('',#3441,#3442,#4106,.T.);
#2421=EDGE_CURVE('',#3442,#3443,#176,.T.);
#2422=EDGE_CURVE('',#3440,#3443,#4107,.T.);
#2423=EDGE_CURVE('',#3444,#3434,#4108,.T.);
#2424=EDGE_CURVE('',#3445,#3444,#4109,.T.);
#2425=EDGE_CURVE('',#3446,#3445,#177,.T.);
#2426=EDGE_CURVE('',#3447,#3446,#4110,.T.);
#2427=EDGE_CURVE('',#3447,#3435,#4111,.T.);
#2428=EDGE_CURVE('',#3445,#3443,#4112,.T.);
#2429=EDGE_CURVE('',#3442,#3446,#4113,.T.);
#2430=EDGE_CURVE('',#3425,#3448,#4114,.T.);
#2431=EDGE_CURVE('',#3448,#3447,#4115,.T.);
#2432=EDGE_CURVE('',#3441,#3449,#4116,.T.);
#2433=EDGE_CURVE('',#3449,#3432,#4117,.T.);
#2434=EDGE_CURVE('',#3436,#3448,#4118,.T.);
#2435=EDGE_CURVE('',#3438,#3449,#4119,.T.);
#2436=EDGE_CURVE('',#3450,#3451,#4120,.T.);
#2437=EDGE_CURVE('',#3450,#3452,#4121,.T.);
#2438=EDGE_CURVE('',#3453,#3452,#4122,.T.);
#2439=EDGE_CURVE('',#3453,#3451,#4123,.T.);
#2440=EDGE_CURVE('',#3451,#3454,#4124,.T.);
#2441=EDGE_CURVE('',#3455,#3453,#4125,.T.);
#2442=EDGE_CURVE('',#3455,#3454,#4126,.T.);
#2443=EDGE_CURVE('',#3456,#3450,#4127,.T.);
#2444=EDGE_CURVE('',#3456,#3457,#4128,.T.);
#2445=EDGE_CURVE('',#3452,#3457,#4129,.T.);
#2446=EDGE_CURVE('',#3454,#3456,#4130,.T.);
#2447=EDGE_CURVE('',#3457,#3455,#4131,.T.);
#2448=EDGE_CURVE('',#3458,#3459,#4132,.T.);
#2449=EDGE_CURVE('',#3458,#3460,#4133,.T.);
#2450=EDGE_CURVE('',#3461,#3460,#4134,.T.);
#2451=EDGE_CURVE('',#3459,#3461,#4135,.T.);
#2452=EDGE_CURVE('',#3462,#3463,#178,.T.);
#2453=EDGE_CURVE('',#3462,#3464,#4136,.T.);
#2454=EDGE_CURVE('',#3464,#3465,#179,.T.);
#2455=EDGE_CURVE('',#3465,#3463,#4137,.T.);
#2456=EDGE_CURVE('',#3458,#3466,#4138,.T.);
#2457=EDGE_CURVE('',#3466,#3462,#4139,.T.);
#2458=EDGE_CURVE('',#3467,#3463,#4140,.T.);
#2459=EDGE_CURVE('',#3460,#3467,#4141,.T.);
#2460=EDGE_CURVE('',#3464,#3468,#4142,.T.);
#2461=EDGE_CURVE('',#3468,#3459,#4143,.T.);
#2462=EDGE_CURVE('',#3461,#3469,#4144,.T.);
#2463=EDGE_CURVE('',#3469,#3465,#4145,.T.);
#2464=EDGE_CURVE('',#3469,#3467,#4146,.T.);
#2465=EDGE_CURVE('',#3430,#3423,#4147,.T.);
#2466=EDGE_CURVE('',#3470,#3471,#180,.T.);
#2467=EDGE_CURVE('',#3472,#3470,#4148,.T.);
#2468=EDGE_CURVE('',#3473,#3472,#181,.T.);
#2469=EDGE_CURVE('',#3473,#3474,#4149,.T.);
#2470=EDGE_CURVE('',#3475,#3474,#182,.T.);
#2471=EDGE_CURVE('',#3476,#3475,#4150,.T.);
#2472=EDGE_CURVE('',#3477,#3476,#4151,.T.);
#2473=EDGE_CURVE('',#3478,#3477,#4152,.T.);
#2474=EDGE_CURVE('',#3479,#3478,#183,.T.);
#2475=EDGE_CURVE('',#3480,#3479,#4153,.T.);
#2476=EDGE_CURVE('',#3471,#3480,#4154,.T.);
#2477=EDGE_CURVE('',#3481,#3482,#184,.T.);
#2478=EDGE_CURVE('',#3481,#3483,#4155,.T.);
#2479=EDGE_CURVE('',#3484,#3483,#62,.F.);
#2480=EDGE_CURVE('',#3485,#3484,#185,.T.);
#2481=EDGE_CURVE('',#3482,#3485,#63,.F.);
#2482=EDGE_CURVE('',#3486,#3487,#4156,.T.);
#2483=EDGE_CURVE('',#3487,#3488,#186,.T.);
#2484=EDGE_CURVE('',#3489,#3488,#4157,.T.);
#2485=EDGE_CURVE('',#3489,#3486,#187,.T.);
#2486=EDGE_CURVE('',#3490,#3491,#4158,.T.);
#2487=EDGE_CURVE('',#3491,#3492,#4159,.T.);
#2488=EDGE_CURVE('',#3492,#3493,#4160,.T.);
#2489=EDGE_CURVE('',#3493,#3490,#4161,.T.);
#2490=EDGE_CURVE('',#3494,#3495,#4162,.T.);
#2491=EDGE_CURVE('',#3495,#3496,#188,.T.);
#2492=EDGE_CURVE('',#3497,#3496,#4163,.T.);
#2493=EDGE_CURVE('',#3497,#3494,#189,.T.);
#2494=EDGE_CURVE('',#3488,#3498,#4164,.T.);
#2495=EDGE_CURVE('',#3498,#3499,#190,.T.);
#2496=EDGE_CURVE('',#3499,#3500,#4165,.T.);
#2497=EDGE_CURVE('',#3500,#3501,#191,.T.);
#2498=EDGE_CURVE('',#3501,#3489,#4166,.T.);
#2499=EDGE_CURVE('',#3502,#3503,#192,.T.);
#2500=EDGE_CURVE('',#3502,#3501,#4167,.T.);
#2501=EDGE_CURVE('',#3504,#3500,#193,.T.);
#2502=EDGE_CURVE('',#3504,#3505,#4168,.T.);
#2503=EDGE_CURVE('',#3503,#3505,#194,.T.);
#2504=EDGE_CURVE('',#3506,#3507,#195,.T.);
#2505=EDGE_CURVE('',#3507,#3495,#4169,.T.);
#2506=EDGE_CURVE('',#3494,#3502,#4170,.T.);
#2507=EDGE_CURVE('',#3506,#3503,#4171,.T.);
#2508=EDGE_CURVE('',#3491,#3508,#4172,.T.);
#2509=EDGE_CURVE('',#3509,#3490,#4173,.T.);
#2510=EDGE_CURVE('',#3509,#3497,#4174,.T.);
#2511=EDGE_CURVE('',#3496,#3510,#4175,.T.);
#2512=EDGE_CURVE('',#3510,#3508,#196,.T.);
#2513=EDGE_CURVE('',#3511,#3492,#4176,.T.);
#2514=EDGE_CURVE('',#3511,#3487,#4177,.T.);
#2515=EDGE_CURVE('',#3486,#3512,#4178,.T.);
#2516=EDGE_CURVE('',#3512,#3493,#4179,.T.);
#2517=EDGE_CURVE('',#3512,#3509,#4180,.T.);
#2518=EDGE_CURVE('',#3513,#3514,#197,.T.);
#2519=EDGE_CURVE('',#3513,#3515,#4181,.T.);
#2520=EDGE_CURVE('',#3514,#3515,#64,.T.);
#2521=EDGE_CURVE('',#3516,#3513,#4182,.T.);
#2522=EDGE_CURVE('',#3516,#3517,#4183,.T.);
#2523=EDGE_CURVE('',#3518,#3517,#4184,.T.);
#2524=EDGE_CURVE('',#3515,#3518,#4185,.T.);
#2525=EDGE_CURVE('',#3519,#3520,#4186,.T.);
#2526=EDGE_CURVE('',#3517,#3520,#198,.T.);
#2527=EDGE_CURVE('',#3519,#3516,#199,.T.);
#2528=EDGE_CURVE('',#3521,#3522,#4187,.T.);
#2529=EDGE_CURVE('',#3520,#3521,#4188,.T.);
#2530=EDGE_CURVE('',#3523,#3519,#4189,.T.);
#2531=EDGE_CURVE('',#3522,#3523,#4190,.T.);
#2532=EDGE_CURVE('',#3524,#3525,#4191,.T.);
#2533=EDGE_CURVE('',#3525,#3526,#4192,.T.);
#2534=EDGE_CURVE('',#3526,#3527,#4193,.T.);
#2535=EDGE_CURVE('',#3527,#3524,#4194,.T.);
#2536=EDGE_CURVE('',#3528,#3529,#200,.T.);
#2537=EDGE_CURVE('',#3530,#3528,#201,.T.);
#2538=EDGE_CURVE('',#3530,#3529,#202,.T.);
#2539=EDGE_CURVE('',#3531,#3532,#30,.T.);
#2540=EDGE_CURVE('',#3529,#3532,#4195,.T.);
#2541=EDGE_CURVE('',#3531,#3530,#4196,.T.);
#2542=EDGE_CURVE('',#3533,#3534,#4197,.T.);
#2543=EDGE_CURVE('',#3533,#3532,#4198,.T.);
#2544=EDGE_CURVE('',#3535,#3531,#4199,.T.);
#2545=EDGE_CURVE('',#3535,#3534,#203,.T.);
#2546=EDGE_CURVE('',#3536,#3537,#204,.T.);
#2547=EDGE_CURVE('',#3534,#3537,#205,.T.);
#2548=EDGE_CURVE('',#3536,#3535,#206,.T.);
#2549=EDGE_CURVE('',#3538,#3539,#207,.T.);
#2550=EDGE_CURVE('',#3537,#3539,#65,.T.);
#2551=EDGE_CURVE('',#3538,#3536,#66,.T.);
#2552=EDGE_CURVE('',#3540,#3541,#208,.T.);
#2553=EDGE_CURVE('',#3539,#3541,#209,.T.);
#2554=EDGE_CURVE('',#3540,#3538,#210,.T.);
#2555=EDGE_CURVE('',#3542,#3540,#67,.T.);
#2556=EDGE_CURVE('',#3541,#3542,#68,.T.);
#2557=EDGE_CURVE('',#3543,#3544,#4200,.T.);
#2558=EDGE_CURVE('',#3545,#3543,#4201,.T.);
#2559=EDGE_CURVE('',#3545,#3546,#4202,.T.);
#2560=EDGE_CURVE('',#3544,#3546,#4203,.T.);
#2561=EDGE_CURVE('',#3547,#3548,#211,.T.);
#2562=EDGE_CURVE('',#3549,#3547,#4204,.T.);
#2563=EDGE_CURVE('',#3549,#3550,#212,.T.);
#2564=EDGE_CURVE('',#3548,#3550,#4205,.T.);
#2565=EDGE_CURVE('',#3551,#3552,#213,.T.);
#2566=EDGE_CURVE('',#3550,#3552,#214,.T.);
#2567=EDGE_CURVE('',#3551,#3549,#215,.T.);
#2568=EDGE_CURVE('',#3552,#3510,#4206,.T.);
#2569=EDGE_CURVE('',#3508,#3551,#4207,.T.);
#2570=EDGE_CURVE('',#3553,#3554,#4208,.T.);
#2571=EDGE_CURVE('',#3555,#3553,#4209,.T.);
#2572=EDGE_CURVE('',#3556,#3555,#4210,.T.);
#2573=EDGE_CURVE('',#3556,#3554,#4211,.T.);
#2574=EDGE_CURVE('',#3557,#3558,#4212,.T.);
#2575=EDGE_CURVE('',#3554,#3558,#216,.T.);
#2576=EDGE_CURVE('',#3557,#3556,#217,.T.);
#2577=EDGE_CURVE('',#3559,#3560,#4213,.T.);
#2578=EDGE_CURVE('',#3559,#3561,#4214,.T.);
#2579=EDGE_CURVE('',#3562,#3561,#4215,.T.);
#2580=EDGE_CURVE('',#3560,#3562,#4216,.T.);
#2581=EDGE_CURVE('',#3563,#3560,#4217,.T.);
#2582=EDGE_CURVE('',#3564,#3562,#4218,.T.);
#2583=EDGE_CURVE('',#3565,#3564,#4219,.T.);
#2584=EDGE_CURVE('',#3565,#3566,#4220,.T.);
#2585=EDGE_CURVE('',#3566,#3567,#4221,.T.);
#2586=EDGE_CURVE('',#3563,#3567,#218,.T.);
#2587=EDGE_CURVE('',#3565,#3568,#4222,.T.);
#2588=EDGE_CURVE('',#3568,#3569,#4223,.T.);
#2589=EDGE_CURVE('',#3566,#3569,#4224,.T.);
#2590=EDGE_CURVE('',#3545,#3570,#4225,.T.);
#2591=EDGE_CURVE('',#3543,#3571,#4226,.T.);
#2592=EDGE_CURVE('',#3571,#3572,#4227,.T.);
#2593=EDGE_CURVE('',#3570,#3572,#4228,.T.);
#2594=EDGE_CURVE('',#3557,#3573,#4229,.T.);
#2595=EDGE_CURVE('',#3574,#3556,#4230,.T.);
#2596=EDGE_CURVE('',#3573,#3574,#31,.T.);
#2597=EDGE_CURVE('',#3568,#3524,#4231,.T.);
#2598=EDGE_CURVE('',#3575,#3564,#4232,.T.);
#2599=EDGE_CURVE('',#3576,#3575,#4233,.T.);
#2600=EDGE_CURVE('',#3525,#3576,#4234,.T.);
#2601=EDGE_CURVE('',#3550,#3577,#4235,.T.);
#2602=EDGE_CURVE('',#3507,#3552,#4236,.T.);
#2603=EDGE_CURVE('',#3577,#3506,#32,.T.);
#2604=EDGE_CURVE('',#3578,#3504,#4237,.T.);
#2605=EDGE_CURVE('',#3500,#3578,#4238,.T.);
#2606=EDGE_CURVE('',#3503,#3579,#4239,.T.);
#2607=EDGE_CURVE('',#3505,#3579,#4240,.T.);
#2608=EDGE_CURVE('',#3579,#3580,#4241,.T.);
#2609=EDGE_CURVE('',#3581,#3580,#4242,.T.);
#2610=EDGE_CURVE('',#3577,#3581,#4243,.T.);
#2611=EDGE_CURVE('',#3582,#3578,#4244,.T.);
#2612=EDGE_CURVE('',#3499,#3583,#33,.T.);
#2613=EDGE_CURVE('',#3584,#3583,#4245,.T.);
#2614=EDGE_CURVE('',#3584,#3582,#4246,.T.);
#2615=EDGE_CURVE('',#3576,#3555,#4247,.T.);
#2616=EDGE_CURVE('',#3575,#3574,#4248,.T.);
#2617=EDGE_CURVE('',#3570,#3569,#4249,.T.);
#2618=EDGE_CURVE('',#3527,#3546,#4250,.T.);
#2619=EDGE_CURVE('',#3581,#3548,#4251,.T.);
#2620=EDGE_CURVE('',#3580,#3585,#4252,.T.);
#2621=EDGE_CURVE('',#3585,#3586,#219,.T.);
#2622=EDGE_CURVE('',#3547,#3586,#4253,.T.);
#2623=EDGE_CURVE('',#3586,#3567,#4254,.T.);
#2624=EDGE_CURVE('',#3563,#3585,#4255,.T.);
#2625=EDGE_CURVE('',#3471,#3519,#4256,.T.);
#2626=EDGE_CURVE('',#3516,#3470,#4257,.T.);
#2627=EDGE_CURVE('',#3472,#3513,#4258,.T.);
#2628=EDGE_CURVE('',#3523,#3480,#4259,.T.);
#2629=EDGE_CURVE('',#3553,#3518,#4260,.T.);
#2630=EDGE_CURVE('',#3576,#3521,#4261,.T.);
#2631=EDGE_CURVE('',#3587,#3588,#4262,.T.);
#2632=EDGE_CURVE('',#3588,#3589,#4263,.T.);
#2633=EDGE_CURVE('',#3589,#3590,#4264,.T.);
#2634=EDGE_CURVE('',#3590,#3591,#4265,.T.);
#2635=EDGE_CURVE('',#3592,#3591,#4266,.T.);
#2636=EDGE_CURVE('',#3587,#3592,#4267,.T.);
#2637=EDGE_CURVE('',#3589,#3593,#4268,.T.);
#2638=EDGE_CURVE('',#3593,#3594,#4269,.T.);
#2639=EDGE_CURVE('',#3594,#3590,#4270,.T.);
#2640=EDGE_CURVE('',#3595,#3596,#4271,.T.);
#2641=EDGE_CURVE('',#3597,#3596,#4272,.T.);
#2642=EDGE_CURVE('',#3597,#3598,#4273,.T.);
#2643=EDGE_CURVE('',#3598,#3594,#4274,.T.);
#2644=EDGE_CURVE('',#3593,#3595,#4275,.T.);
#2645=EDGE_CURVE('',#3599,#3587,#4276,.T.);
#2646=EDGE_CURVE('',#3592,#3600,#4277,.T.);
#2647=EDGE_CURVE('',#3600,#3601,#4278,.T.);
#2648=EDGE_CURVE('',#3601,#3599,#4279,.T.);
#2649=EDGE_CURVE('',#3596,#3602,#4280,.T.);
#2650=EDGE_CURVE('',#3603,#3602,#4281,.T.);
#2651=EDGE_CURVE('',#3603,#3604,#4282,.T.);
#2652=EDGE_CURVE('',#3604,#3597,#4283,.T.);
#2653=EDGE_CURVE('',#3602,#3605,#4284,.T.);
#2654=EDGE_CURVE('',#3605,#3606,#4285,.T.);
#2655=EDGE_CURVE('',#3607,#3606,#220,.T.);
#2656=EDGE_CURVE('',#3608,#3607,#4286,.T.);
#2657=EDGE_CURVE('',#3608,#3603,#4287,.T.);
#2658=EDGE_CURVE('',#3609,#3599,#4288,.T.);
#2659=EDGE_CURVE('',#3610,#3601,#4289,.T.);
#2660=EDGE_CURVE('',#3610,#3611,#4290,.T.);
#2661=EDGE_CURVE('',#3611,#3612,#221,.T.);
#2662=EDGE_CURVE('',#3612,#3609,#4291,.T.);
#2663=EDGE_CURVE('',#3607,#3611,#4292,.T.);
#2664=EDGE_CURVE('',#3612,#3606,#4293,.T.);
#2665=EDGE_CURVE('',#3591,#3613,#4294,.T.);
#2666=EDGE_CURVE('',#3614,#3598,#4295,.T.);
#2667=EDGE_CURVE('',#3608,#3614,#4296,.T.);
#2668=EDGE_CURVE('',#3613,#3610,#4297,.T.);
#2669=EDGE_CURVE('',#3600,#3613,#4298,.T.);
#2670=EDGE_CURVE('',#3604,#3614,#4299,.T.);
#2671=EDGE_CURVE('',#3615,#3616,#4300,.T.);
#2672=EDGE_CURVE('',#3617,#3616,#4301,.T.);
#2673=EDGE_CURVE('',#3617,#3618,#4302,.T.);
#2674=EDGE_CURVE('',#3615,#3618,#4303,.T.);
#2675=EDGE_CURVE('',#3616,#3619,#4304,.T.);
#2676=EDGE_CURVE('',#3620,#3619,#4305,.T.);
#2677=EDGE_CURVE('',#3620,#3617,#4306,.T.);
#2678=EDGE_CURVE('',#3621,#3615,#4307,.T.);
#2679=EDGE_CURVE('',#3618,#3622,#4308,.T.);
#2680=EDGE_CURVE('',#3621,#3622,#4309,.T.);
#2681=EDGE_CURVE('',#3619,#3621,#4310,.T.);
#2682=EDGE_CURVE('',#3622,#3620,#4311,.T.);
#2683=EDGE_CURVE('',#3623,#3624,#4312,.T.);
#2684=EDGE_CURVE('',#3624,#3625,#4313,.T.);
#2685=EDGE_CURVE('',#3625,#3626,#4314,.T.);
#2686=EDGE_CURVE('',#3623,#3626,#4315,.T.);
#2687=EDGE_CURVE('',#3627,#3628,#222,.T.);
#2688=EDGE_CURVE('',#3629,#3628,#4316,.T.);
#2689=EDGE_CURVE('',#3630,#3629,#223,.T.);
#2690=EDGE_CURVE('',#3627,#3630,#4317,.T.);
#2691=EDGE_CURVE('',#3626,#3631,#4318,.T.);
#2692=EDGE_CURVE('',#3631,#3628,#4319,.T.);
#2693=EDGE_CURVE('',#3632,#3627,#4320,.T.);
#2694=EDGE_CURVE('',#3623,#3632,#4321,.T.);
#2695=EDGE_CURVE('',#3630,#3633,#4322,.T.);
#2696=EDGE_CURVE('',#3634,#3629,#4323,.T.);
#2697=EDGE_CURVE('',#3625,#3634,#4324,.T.);
#2698=EDGE_CURVE('',#3633,#3624,#4325,.T.);
#2699=EDGE_CURVE('',#3634,#3631,#4326,.T.);
#2700=EDGE_CURVE('',#3595,#3588,#4327,.T.);
#2701=EDGE_CURVE('',#3635,#3636,#224,.T.);
#2702=EDGE_CURVE('',#3636,#3637,#4328,.T.);
#2703=EDGE_CURVE('',#3637,#3638,#4329,.T.);
#2704=EDGE_CURVE('',#3638,#3639,#225,.T.);
#2705=EDGE_CURVE('',#3639,#3640,#4330,.T.);
#2706=EDGE_CURVE('',#3640,#3641,#4331,.T.);
#2707=EDGE_CURVE('',#3641,#3642,#4332,.T.);
#2708=EDGE_CURVE('',#3642,#3643,#226,.T.);
#2709=EDGE_CURVE('',#3644,#3643,#4333,.T.);
#2710=EDGE_CURVE('',#3644,#3645,#227,.T.);
#2711=EDGE_CURVE('',#3645,#3635,#4334,.T.);
#2712=EDGE_CURVE('',#3646,#3647,#228,.T.);
#2713=EDGE_CURVE('',#3647,#3648,#69,.T.);
#2714=EDGE_CURVE('',#3648,#3649,#229,.F.);
#2715=EDGE_CURVE('',#3649,#3650,#70,.T.);
#2716=EDGE_CURVE('',#3646,#3650,#4335,.T.);
#2717=EDGE_CURVE('',#3651,#3652,#4336,.T.);
#2718=EDGE_CURVE('',#3653,#3651,#230,.T.);
#2719=EDGE_CURVE('',#3653,#3654,#4337,.T.);
#2720=EDGE_CURVE('',#3652,#3654,#231,.T.);
#2721=EDGE_CURVE('',#3655,#3656,#4338,.T.);
#2722=EDGE_CURVE('',#3657,#3655,#4339,.T.);
#2723=EDGE_CURVE('',#3658,#3657,#4340,.T.);
#2724=EDGE_CURVE('',#3656,#3658,#4341,.T.);
#2725=EDGE_CURVE('',#3659,#3660,#4342,.T.);
#2726=EDGE_CURVE('',#3661,#3659,#232,.T.);
#2727=EDGE_CURVE('',#3661,#3662,#4343,.T.);
#2728=EDGE_CURVE('',#3660,#3662,#233,.T.);
#2729=EDGE_CURVE('',#3663,#3653,#4344,.T.);
#2730=EDGE_CURVE('',#3664,#3663,#234,.T.);
#2731=EDGE_CURVE('',#3665,#3664,#4345,.T.);
#2732=EDGE_CURVE('',#3666,#3665,#235,.T.);
#2733=EDGE_CURVE('',#3654,#3666,#4346,.T.);
#2734=EDGE_CURVE('',#3667,#3668,#236,.T.);
#2735=EDGE_CURVE('',#3668,#3669,#237,.T.);
#2736=EDGE_CURVE('',#3670,#3669,#4347,.T.);
#2737=EDGE_CURVE('',#3670,#3664,#238,.T.);
#2738=EDGE_CURVE('',#3667,#3663,#4348,.T.);
#2739=EDGE_CURVE('',#3671,#3672,#239,.T.);
#2740=EDGE_CURVE('',#3671,#3668,#4349,.T.);
#2741=EDGE_CURVE('',#3659,#3667,#4350,.T.);
#2742=EDGE_CURVE('',#3672,#3660,#4351,.T.);
#2743=EDGE_CURVE('',#3584,#3673,#4352,.T.);
#2744=EDGE_CURVE('',#3673,#3674,#4353,.T.);
#2745=EDGE_CURVE('',#3582,#3674,#4354,.T.);
#2746=EDGE_CURVE('',#3656,#3675,#4355,.T.);
#2747=EDGE_CURVE('',#3676,#3675,#240,.T.);
#2748=EDGE_CURVE('',#3662,#3676,#4356,.T.);
#2749=EDGE_CURVE('',#3677,#3661,#4357,.T.);
#2750=EDGE_CURVE('',#3677,#3655,#4358,.T.);
#2751=EDGE_CURVE('',#3678,#3658,#4359,.T.);
#2752=EDGE_CURVE('',#3679,#3657,#4360,.T.);
#2753=EDGE_CURVE('',#3651,#3679,#4361,.T.);
#2754=EDGE_CURVE('',#3678,#3652,#4362,.T.);
#2755=EDGE_CURVE('',#3679,#3677,#4363,.T.);
#2756=EDGE_CURVE('',#3680,#3681,#241,.T.);
#2757=EDGE_CURVE('',#3681,#3682,#71,.T.);
#2758=EDGE_CURVE('',#3680,#3682,#4364,.T.);
#2759=EDGE_CURVE('',#3682,#3683,#4365,.T.);
#2760=EDGE_CURVE('',#3683,#3684,#4366,.T.);
#2761=EDGE_CURVE('',#3685,#3684,#4367,.T.);
#2762=EDGE_CURVE('',#3685,#3680,#4368,.T.);
#2763=EDGE_CURVE('',#3686,#3687,#4369,.T.);
#2764=EDGE_CURVE('',#3686,#3685,#242,.T.);
#2765=EDGE_CURVE('',#3684,#3687,#243,.T.);
#2766=EDGE_CURVE('',#3688,#3689,#4370,.T.);
#2767=EDGE_CURVE('',#3689,#3690,#4371,.T.);
#2768=EDGE_CURVE('',#3690,#3686,#4372,.T.);
#2769=EDGE_CURVE('',#3687,#3688,#4373,.T.);
#2770=EDGE_CURVE('',#3691,#3692,#4374,.T.);
#2771=EDGE_CURVE('',#3693,#3691,#4375,.T.);
#2772=EDGE_CURVE('',#3694,#3693,#4376,.T.);
#2773=EDGE_CURVE('',#3692,#3694,#4377,.T.);
#2774=EDGE_CURVE('',#3695,#3696,#244,.T.);
#2775=EDGE_CURVE('',#3697,#3696,#245,.T.);
#2776=EDGE_CURVE('',#3697,#3695,#246,.T.);
#2777=EDGE_CURVE('',#3698,#3699,#34,.T.);
#2778=EDGE_CURVE('',#3698,#3697,#4378,.T.);
#2779=EDGE_CURVE('',#3696,#3699,#4379,.T.);
#2780=EDGE_CURVE('',#3700,#3701,#4380,.T.);
#2781=EDGE_CURVE('',#3702,#3701,#247,.T.);
#2782=EDGE_CURVE('',#3702,#3698,#4381,.T.);
#2783=EDGE_CURVE('',#3700,#3699,#4382,.T.);
#2784=EDGE_CURVE('',#3703,#3704,#248,.T.);
#2785=EDGE_CURVE('',#3703,#3702,#249,.T.);
#2786=EDGE_CURVE('',#3701,#3704,#250,.T.);
#2787=EDGE_CURVE('',#3705,#3706,#72,.T.);
#2788=EDGE_CURVE('',#3705,#3703,#73,.F.);
#2789=EDGE_CURVE('',#3704,#3706,#74,.T.);
#2790=EDGE_CURVE('',#3707,#3708,#75,.F.);
#2791=EDGE_CURVE('',#3707,#3705,#76,.F.);
#2792=EDGE_CURVE('',#3706,#3708,#77,.T.);
#2793=EDGE_CURVE('',#3709,#3707,#78,.F.);
#2794=EDGE_CURVE('',#3708,#3709,#79,.F.);
#2795=EDGE_CURVE('',#3529,#3696,#4383,.T.);
#2796=EDGE_CURVE('',#3695,#3528,#4384,.T.);
#2797=EDGE_CURVE('',#3710,#3711,#4385,.T.);
#2798=EDGE_CURVE('',#3711,#3712,#4386,.T.);
#2799=EDGE_CURVE('',#3713,#3712,#4387,.T.);
#2800=EDGE_CURVE('',#3713,#3710,#4388,.T.);
#2801=EDGE_CURVE('',#3714,#3715,#251,.T.);
#2802=EDGE_CURVE('',#3715,#3716,#4389,.T.);
#2803=EDGE_CURVE('',#3717,#3716,#252,.T.);
#2804=EDGE_CURVE('',#3717,#3714,#4390,.T.);
#2805=EDGE_CURVE('',#3718,#3719,#253,.T.);
#2806=EDGE_CURVE('',#3718,#3717,#254,.T.);
#2807=EDGE_CURVE('',#3716,#3719,#255,.T.);
#2808=EDGE_CURVE('',#3675,#3718,#4391,.T.);
#2809=EDGE_CURVE('',#3719,#3676,#4392,.T.);
#2810=EDGE_CURVE('',#3720,#3721,#4393,.T.);
#2811=EDGE_CURVE('',#3722,#3721,#4394,.T.);
#2812=EDGE_CURVE('',#3722,#3723,#4395,.T.);
#2813=EDGE_CURVE('',#3723,#3720,#4396,.T.);
#2814=EDGE_CURVE('',#3724,#3725,#4397,.T.);
#2815=EDGE_CURVE('',#3724,#3722,#256,.T.);
#2816=EDGE_CURVE('',#3721,#3725,#257,.T.);
#2817=EDGE_CURVE('',#3557,#3724,#4398,.T.);
#2818=EDGE_CURVE('',#3725,#3558,#4399,.T.);
#2819=EDGE_CURVE('',#3726,#3727,#4400,.T.);
#2820=EDGE_CURVE('',#3727,#3728,#4401,.T.);
#2821=EDGE_CURVE('',#3728,#3729,#4402,.T.);
#2822=EDGE_CURVE('',#3726,#3729,#4403,.T.);
#2823=EDGE_CURVE('',#3730,#3727,#4404,.T.);
#2824=EDGE_CURVE('',#3730,#3731,#258,.T.);
#2825=EDGE_CURVE('',#3732,#3731,#4405,.T.);
#2826=EDGE_CURVE('',#3733,#3732,#4406,.T.);
#2827=EDGE_CURVE('',#3733,#3734,#4407,.T.);
#2828=EDGE_CURVE('',#3734,#3728,#4408,.T.);
#2829=EDGE_CURVE('',#3733,#3735,#4409,.T.);
#2830=EDGE_CURVE('',#3732,#3736,#4410,.T.);
#2831=EDGE_CURVE('',#3735,#3736,#4411,.T.);
#2832=EDGE_CURVE('',#3542,#3709,#4412,.T.);
#2833=EDGE_CURVE('',#3704,#3537,#4413,.T.);
#2834=EDGE_CURVE('',#3533,#3700,#4414,.T.);
#2835=EDGE_CURVE('',#3713,#3737,#4415,.T.);
#2836=EDGE_CURVE('',#3737,#3738,#4416,.T.);
#2837=EDGE_CURVE('',#3739,#3738,#4417,.T.);
#2838=EDGE_CURVE('',#3710,#3739,#4418,.T.);
#2839=EDGE_CURVE('',#3724,#3740,#4419,.T.);
#2840=EDGE_CURVE('',#3740,#3741,#35,.T.);
#2841=EDGE_CURVE('',#3741,#3722,#4420,.T.);
#2842=EDGE_CURVE('',#3735,#3691,#4421,.T.);
#2843=EDGE_CURVE('',#3692,#3742,#4422,.T.);
#2844=EDGE_CURVE('',#3742,#3743,#4423,.T.);
#2845=EDGE_CURVE('',#3743,#3734,#4424,.T.);
#2846=EDGE_CURVE('',#3561,#3729,#4425,.T.);
#2847=EDGE_CURVE('',#3743,#3741,#4426,.T.);
#2848=EDGE_CURVE('',#3740,#3573,#4427,.T.);
#2849=EDGE_CURVE('',#3716,#3744,#4428,.T.);
#2850=EDGE_CURVE('',#3744,#3671,#36,.T.);
#2851=EDGE_CURVE('',#3672,#3719,#4429,.T.);
#2852=EDGE_CURVE('',#3745,#3583,#4430,.T.);
#2853=EDGE_CURVE('',#3673,#3745,#4431,.T.);
#2854=EDGE_CURVE('',#3746,#3670,#4432,.T.);
#2855=EDGE_CURVE('',#3664,#3746,#4433,.T.);
#2856=EDGE_CURVE('',#3668,#3747,#4434,.T.);
#2857=EDGE_CURVE('',#3669,#3747,#4435,.T.);
#2858=EDGE_CURVE('',#3747,#3748,#4436,.T.);
#2859=EDGE_CURVE('',#3744,#3749,#4437,.T.);
#2860=EDGE_CURVE('',#3749,#3748,#4438,.T.);
#2861=EDGE_CURVE('',#3674,#3746,#4439,.T.);
#2862=EDGE_CURVE('',#3665,#3745,#37,.T.);
#2863=EDGE_CURVE('',#3742,#3723,#4440,.T.);
#2864=EDGE_CURVE('',#3693,#3712,#4441,.T.);
#2865=EDGE_CURVE('',#3737,#3736,#4442,.T.);
#2866=EDGE_CURVE('',#3749,#3715,#4443,.T.);
#2867=EDGE_CURVE('',#3498,#3666,#4444,.T.);
#2868=EDGE_CURVE('',#3714,#3750,#4445,.T.);
#2869=EDGE_CURVE('',#3751,#3750,#259,.T.);
#2870=EDGE_CURVE('',#3748,#3751,#4446,.T.);
#2871=EDGE_CURVE('',#3730,#3751,#4447,.T.);
#2872=EDGE_CURVE('',#3726,#3559,#4448,.T.);
#2873=EDGE_CURVE('',#3750,#3731,#4449,.T.);
#2874=EDGE_CURVE('',#3685,#3635,#4450,.T.);
#2875=EDGE_CURVE('',#3636,#3686,#4451,.T.);
#2876=EDGE_CURVE('',#3645,#3680,#4452,.T.);
#2877=EDGE_CURVE('',#3690,#3637,#4453,.T.);
#2878=EDGE_CURVE('',#3720,#3683,#4454,.T.);
#2879=EDGE_CURVE('',#3742,#3688,#4455,.T.);
#2880=EDGE_CURVE('',#3752,#3753,#4456,.T.);
#2881=EDGE_CURVE('',#3753,#3754,#4457,.T.);
#2882=EDGE_CURVE('',#3754,#3755,#4458,.T.);
#2883=EDGE_CURVE('',#3755,#3756,#4459,.T.);
#2884=EDGE_CURVE('',#3757,#3756,#4460,.T.);
#2885=EDGE_CURVE('',#3752,#3757,#4461,.T.);
#2886=EDGE_CURVE('',#3754,#3758,#4462,.T.);
#2887=EDGE_CURVE('',#3758,#3759,#4463,.T.);
#2888=EDGE_CURVE('',#3759,#3755,#4464,.T.);
#2889=EDGE_CURVE('',#3760,#3761,#4465,.T.);
#2890=EDGE_CURVE('',#3762,#3761,#4466,.T.);
#2891=EDGE_CURVE('',#3762,#3763,#4467,.T.);
#2892=EDGE_CURVE('',#3763,#3759,#4468,.T.);
#2893=EDGE_CURVE('',#3758,#3760,#4469,.T.);
#2894=EDGE_CURVE('',#3764,#3752,#4470,.T.);
#2895=EDGE_CURVE('',#3757,#3765,#4471,.T.);
#2896=EDGE_CURVE('',#3765,#3766,#4472,.T.);
#2897=EDGE_CURVE('',#3766,#3764,#4473,.T.);
#2898=EDGE_CURVE('',#3761,#3767,#4474,.T.);
#2899=EDGE_CURVE('',#3768,#3767,#4475,.T.);
#2900=EDGE_CURVE('',#3768,#3769,#4476,.T.);
#2901=EDGE_CURVE('',#3769,#3762,#4477,.T.);
#2902=EDGE_CURVE('',#3767,#3770,#4478,.T.);
#2903=EDGE_CURVE('',#3770,#3771,#4479,.T.);
#2904=EDGE_CURVE('',#3772,#3771,#260,.T.);
#2905=EDGE_CURVE('',#3773,#3772,#4480,.T.);
#2906=EDGE_CURVE('',#3773,#3768,#4481,.T.);
#2907=EDGE_CURVE('',#3774,#3764,#4482,.T.);
#2908=EDGE_CURVE('',#3775,#3766,#4483,.T.);
#2909=EDGE_CURVE('',#3775,#3776,#4484,.T.);
#2910=EDGE_CURVE('',#3776,#3777,#261,.T.);
#2911=EDGE_CURVE('',#3777,#3774,#4485,.T.);
#2912=EDGE_CURVE('',#3772,#3776,#4486,.T.);
#2913=EDGE_CURVE('',#3777,#3771,#4487,.T.);
#2914=EDGE_CURVE('',#3756,#3778,#4488,.T.);
#2915=EDGE_CURVE('',#3779,#3763,#4489,.T.);
#2916=EDGE_CURVE('',#3773,#3779,#4490,.T.);
#2917=EDGE_CURVE('',#3778,#3775,#4491,.T.);
#2918=EDGE_CURVE('',#3765,#3778,#4492,.T.);
#2919=EDGE_CURVE('',#3769,#3779,#4493,.T.);
#2920=EDGE_CURVE('',#3780,#3781,#4494,.T.);
#2921=EDGE_CURVE('',#3782,#3781,#4495,.T.);
#2922=EDGE_CURVE('',#3782,#3783,#4496,.T.);
#2923=EDGE_CURVE('',#3780,#3783,#4497,.T.);
#2924=EDGE_CURVE('',#3781,#3784,#4498,.T.);
#2925=EDGE_CURVE('',#3785,#3784,#4499,.T.);
#2926=EDGE_CURVE('',#3785,#3782,#4500,.T.);
#2927=EDGE_CURVE('',#3786,#3780,#4501,.T.);
#2928=EDGE_CURVE('',#3783,#3787,#4502,.T.);
#2929=EDGE_CURVE('',#3786,#3787,#4503,.T.);
#2930=EDGE_CURVE('',#3784,#3786,#4504,.T.);
#2931=EDGE_CURVE('',#3787,#3785,#4505,.T.);
#2932=EDGE_CURVE('',#3788,#3789,#4506,.T.);
#2933=EDGE_CURVE('',#3789,#3790,#4507,.T.);
#2934=EDGE_CURVE('',#3790,#3791,#4508,.T.);
#2935=EDGE_CURVE('',#3788,#3791,#4509,.T.);
#2936=EDGE_CURVE('',#3792,#3793,#262,.T.);
#2937=EDGE_CURVE('',#3794,#3793,#4510,.T.);
#2938=EDGE_CURVE('',#3795,#3794,#263,.T.);
#2939=EDGE_CURVE('',#3792,#3795,#4511,.T.);
#2940=EDGE_CURVE('',#3791,#3796,#4512,.T.);
#2941=EDGE_CURVE('',#3796,#3793,#4513,.T.);
#2942=EDGE_CURVE('',#3797,#3792,#4514,.T.);
#2943=EDGE_CURVE('',#3788,#3797,#4515,.T.);
#2944=EDGE_CURVE('',#3795,#3798,#4516,.T.);
#2945=EDGE_CURVE('',#3799,#3794,#4517,.T.);
#2946=EDGE_CURVE('',#3790,#3799,#4518,.T.);
#2947=EDGE_CURVE('',#3798,#3789,#4519,.T.);
#2948=EDGE_CURVE('',#3799,#3796,#4520,.T.);
#2949=EDGE_CURVE('',#3760,#3753,#4521,.T.);
#2950=EDGE_CURVE('',#3800,#3801,#264,.T.);
#2951=EDGE_CURVE('',#3801,#3802,#4522,.T.);
#2952=EDGE_CURVE('',#3802,#3803,#4523,.T.);
#2953=EDGE_CURVE('',#3803,#3804,#265,.T.);
#2954=EDGE_CURVE('',#3804,#3805,#4524,.T.);
#2955=EDGE_CURVE('',#3805,#3806,#4525,.T.);
#2956=EDGE_CURVE('',#3806,#3807,#4526,.T.);
#2957=EDGE_CURVE('',#3807,#3808,#266,.T.);
#2958=EDGE_CURVE('',#3809,#3808,#4527,.T.);
#2959=EDGE_CURVE('',#3809,#3810,#267,.T.);
#2960=EDGE_CURVE('',#3810,#3800,#4528,.T.);
#2961=EDGE_CURVE('',#3804,#3478,#4529,.T.);
#2962=EDGE_CURVE('',#3479,#3803,#4530,.T.);
#2963=EDGE_CURVE('',#3808,#3474,#4531,.T.);
#2964=EDGE_CURVE('',#3809,#3473,#4532,.T.);
#2965=EDGE_CURVE('',#3807,#3475,#4533,.T.);
#2966=EDGE_CURVE('',#3806,#3476,#4534,.T.);
#2967=EDGE_CURVE('',#3805,#3477,#4535,.T.);
#2968=EDGE_CURVE('',#3811,#3812,#4536,.T.);
#2969=EDGE_CURVE('',#3811,#3813,#268,.T.);
#2970=EDGE_CURVE('',#3813,#3814,#80,.T.);
#2971=EDGE_CURVE('',#3814,#3815,#269,.F.);
#2972=EDGE_CURVE('',#3815,#3812,#81,.T.);
#2973=EDGE_CURVE('',#3811,#3481,#4537,.T.);
#2974=EDGE_CURVE('',#3483,#3812,#4538,.T.);
#2975=EDGE_CURVE('',#3816,#3817,#4539,.T.);
#2976=EDGE_CURVE('',#3818,#3816,#270,.T.);
#2977=EDGE_CURVE('',#3818,#3819,#4540,.T.);
#2978=EDGE_CURVE('',#3817,#3819,#271,.T.);
#2979=EDGE_CURVE('',#3820,#3821,#4541,.T.);
#2980=EDGE_CURVE('',#3822,#3820,#4542,.T.);
#2981=EDGE_CURVE('',#3823,#3822,#4543,.T.);
#2982=EDGE_CURVE('',#3821,#3823,#4544,.T.);
#2983=EDGE_CURVE('',#3824,#3825,#4545,.T.);
#2984=EDGE_CURVE('',#3826,#3824,#272,.T.);
#2985=EDGE_CURVE('',#3826,#3827,#4546,.T.);
#2986=EDGE_CURVE('',#3825,#3827,#273,.T.);
#2987=EDGE_CURVE('',#3828,#3818,#4547,.T.);
#2988=EDGE_CURVE('',#3829,#3828,#274,.T.);
#2989=EDGE_CURVE('',#3830,#3829,#4548,.T.);
#2990=EDGE_CURVE('',#3831,#3830,#275,.T.);
#2991=EDGE_CURVE('',#3819,#3831,#4549,.T.);
#2992=EDGE_CURVE('',#3832,#3833,#276,.T.);
#2993=EDGE_CURVE('',#3833,#3834,#277,.T.);
#2994=EDGE_CURVE('',#3835,#3834,#4550,.T.);
#2995=EDGE_CURVE('',#3835,#3829,#278,.T.);
#2996=EDGE_CURVE('',#3832,#3828,#4551,.T.);
#2997=EDGE_CURVE('',#3836,#3837,#279,.T.);
#2998=EDGE_CURVE('',#3836,#3833,#4552,.T.);
#2999=EDGE_CURVE('',#3824,#3832,#4553,.T.);
#3000=EDGE_CURVE('',#3837,#3825,#4554,.T.);
#3001=EDGE_CURVE('',#3821,#3838,#4555,.T.);
#3002=EDGE_CURVE('',#3839,#3838,#280,.T.);
#3003=EDGE_CURVE('',#3827,#3839,#4556,.T.);
#3004=EDGE_CURVE('',#3840,#3826,#4557,.T.);
#3005=EDGE_CURVE('',#3840,#3820,#4558,.T.);
#3006=EDGE_CURVE('',#3841,#3823,#4559,.T.);
#3007=EDGE_CURVE('',#3842,#3822,#4560,.T.);
#3008=EDGE_CURVE('',#3816,#3842,#4561,.T.);
#3009=EDGE_CURVE('',#3841,#3817,#4562,.T.);
#3010=EDGE_CURVE('',#3842,#3840,#4563,.T.);
#3011=EDGE_CURVE('',#3843,#3844,#281,.T.);
#3012=EDGE_CURVE('',#3844,#3845,#82,.T.);
#3013=EDGE_CURVE('',#3843,#3845,#4564,.T.);
#3014=EDGE_CURVE('',#3845,#3846,#4565,.T.);
#3015=EDGE_CURVE('',#3846,#3847,#4566,.T.);
#3016=EDGE_CURVE('',#3848,#3847,#4567,.T.);
#3017=EDGE_CURVE('',#3848,#3843,#4568,.T.);
#3018=EDGE_CURVE('',#3849,#3850,#4569,.T.);
#3019=EDGE_CURVE('',#3849,#3848,#282,.T.);
#3020=EDGE_CURVE('',#3847,#3850,#283,.T.);
#3021=EDGE_CURVE('',#3851,#3852,#4570,.T.);
#3022=EDGE_CURVE('',#3852,#3853,#4571,.T.);
#3023=EDGE_CURVE('',#3853,#3849,#4572,.T.);
#3024=EDGE_CURVE('',#3850,#3851,#4573,.T.);
#3025=EDGE_CURVE('',#3854,#3855,#4574,.T.);
#3026=EDGE_CURVE('',#3856,#3854,#4575,.T.);
#3027=EDGE_CURVE('',#3857,#3856,#4576,.T.);
#3028=EDGE_CURVE('',#3855,#3857,#4577,.T.);
#3029=EDGE_CURVE('',#3858,#3859,#284,.T.);
#3030=EDGE_CURVE('',#3860,#3859,#285,.T.);
#3031=EDGE_CURVE('',#3860,#3858,#286,.T.);
#3032=EDGE_CURVE('',#3861,#3862,#38,.T.);
#3033=EDGE_CURVE('',#3861,#3860,#4578,.T.);
#3034=EDGE_CURVE('',#3859,#3862,#4579,.T.);
#3035=EDGE_CURVE('',#3863,#3864,#4580,.T.);
#3036=EDGE_CURVE('',#3865,#3864,#287,.T.);
#3037=EDGE_CURVE('',#3865,#3861,#4581,.T.);
#3038=EDGE_CURVE('',#3863,#3862,#4582,.T.);
#3039=EDGE_CURVE('',#3866,#3867,#288,.T.);
#3040=EDGE_CURVE('',#3866,#3865,#289,.T.);
#3041=EDGE_CURVE('',#3864,#3867,#290,.T.);
#3042=EDGE_CURVE('',#3868,#3869,#83,.T.);
#3043=EDGE_CURVE('',#3868,#3866,#84,.F.);
#3044=EDGE_CURVE('',#3867,#3869,#85,.T.);
#3045=EDGE_CURVE('',#3870,#3871,#86,.F.);
#3046=EDGE_CURVE('',#3870,#3868,#87,.F.);
#3047=EDGE_CURVE('',#3869,#3871,#88,.T.);
#3048=EDGE_CURVE('',#3872,#3870,#89,.F.);
#3049=EDGE_CURVE('',#3871,#3872,#90,.F.);
#3050=EDGE_CURVE('',#3873,#3874,#4583,.T.);
#3051=EDGE_CURVE('',#3874,#3875,#4584,.T.);
#3052=EDGE_CURVE('',#3876,#3875,#4585,.T.);
#3053=EDGE_CURVE('',#3876,#3873,#4586,.T.);
#3054=EDGE_CURVE('',#3877,#3878,#291,.T.);
#3055=EDGE_CURVE('',#3878,#3879,#4587,.T.);
#3056=EDGE_CURVE('',#3880,#3879,#292,.T.);
#3057=EDGE_CURVE('',#3880,#3877,#4588,.T.);
#3058=EDGE_CURVE('',#3881,#3882,#293,.T.);
#3059=EDGE_CURVE('',#3881,#3880,#294,.T.);
#3060=EDGE_CURVE('',#3879,#3882,#295,.T.);
#3061=EDGE_CURVE('',#3838,#3881,#4589,.T.);
#3062=EDGE_CURVE('',#3882,#3839,#4590,.T.);
#3063=EDGE_CURVE('',#3883,#3884,#4591,.T.);
#3064=EDGE_CURVE('',#3885,#3884,#4592,.T.);
#3065=EDGE_CURVE('',#3885,#3886,#4593,.T.);
#3066=EDGE_CURVE('',#3886,#3883,#4594,.T.);
#3067=EDGE_CURVE('',#3887,#3888,#4595,.T.);
#3068=EDGE_CURVE('',#3887,#3885,#296,.T.);
#3069=EDGE_CURVE('',#3884,#3888,#297,.T.);
#3070=EDGE_CURVE('',#3889,#3890,#4596,.T.);
#3071=EDGE_CURVE('',#3890,#3891,#4597,.T.);
#3072=EDGE_CURVE('',#3891,#3892,#4598,.T.);
#3073=EDGE_CURVE('',#3889,#3892,#4599,.T.);
#3074=EDGE_CURVE('',#3893,#3890,#4600,.T.);
#3075=EDGE_CURVE('',#3893,#3894,#298,.T.);
#3076=EDGE_CURVE('',#3895,#3894,#4601,.T.);
#3077=EDGE_CURVE('',#3896,#3895,#4602,.T.);
#3078=EDGE_CURVE('',#3896,#3897,#4603,.T.);
#3079=EDGE_CURVE('',#3897,#3891,#4604,.T.);
#3080=EDGE_CURVE('',#3896,#3898,#4605,.T.);
#3081=EDGE_CURVE('',#3895,#3899,#4606,.T.);
#3082=EDGE_CURVE('',#3898,#3899,#4607,.T.);
#3083=EDGE_CURVE('',#3876,#3900,#4608,.T.);
#3084=EDGE_CURVE('',#3900,#3901,#4609,.T.);
#3085=EDGE_CURVE('',#3902,#3901,#4610,.T.);
#3086=EDGE_CURVE('',#3873,#3902,#4611,.T.);
#3087=EDGE_CURVE('',#3887,#3903,#4612,.T.);
#3088=EDGE_CURVE('',#3903,#3904,#39,.T.);
#3089=EDGE_CURVE('',#3904,#3885,#4613,.T.);
#3090=EDGE_CURVE('',#3898,#3854,#4614,.T.);
#3091=EDGE_CURVE('',#3855,#3905,#4615,.T.);
#3092=EDGE_CURVE('',#3905,#3906,#4616,.T.);
#3093=EDGE_CURVE('',#3906,#3897,#4617,.T.);
#3094=EDGE_CURVE('',#3879,#3907,#4618,.T.);
#3095=EDGE_CURVE('',#3907,#3836,#40,.T.);
#3096=EDGE_CURVE('',#3837,#3882,#4619,.T.);
#3097=EDGE_CURVE('',#3908,#3835,#4620,.T.);
#3098=EDGE_CURVE('',#3829,#3908,#4621,.T.);
#3099=EDGE_CURVE('',#3833,#3909,#4622,.T.);
#3100=EDGE_CURVE('',#3834,#3909,#4623,.T.);
#3101=EDGE_CURVE('',#3909,#3910,#4624,.T.);
#3102=EDGE_CURVE('',#3907,#3911,#4625,.T.);
#3103=EDGE_CURVE('',#3911,#3910,#4626,.T.);
#3104=EDGE_CURVE('',#3912,#3908,#4627,.T.);
#3105=EDGE_CURVE('',#3913,#3912,#4628,.T.);
#3106=EDGE_CURVE('',#3913,#3914,#4629,.T.);
#3107=EDGE_CURVE('',#3830,#3914,#41,.T.);
#3108=EDGE_CURVE('',#3906,#3904,#4630,.T.);
#3109=EDGE_CURVE('',#3905,#3886,#4631,.T.);
#3110=EDGE_CURVE('',#3856,#3875,#4632,.T.);
#3111=EDGE_CURVE('',#3900,#3899,#4633,.T.);
#3112=EDGE_CURVE('',#3911,#3878,#4634,.T.);
#3113=EDGE_CURVE('',#3877,#3915,#4635,.T.);
#3114=EDGE_CURVE('',#3916,#3915,#299,.T.);
#3115=EDGE_CURVE('',#3910,#3916,#4636,.T.);
#3116=EDGE_CURVE('',#3915,#3894,#4637,.T.);
#3117=EDGE_CURVE('',#3893,#3916,#4638,.T.);
#3118=EDGE_CURVE('',#3848,#3800,#4639,.T.);
#3119=EDGE_CURVE('',#3801,#3849,#4640,.T.);
#3120=EDGE_CURVE('',#3810,#3843,#4641,.T.);
#3121=EDGE_CURVE('',#3853,#3802,#4642,.T.);
#3122=EDGE_CURVE('',#3528,#3858,#4643,.T.);
#3123=EDGE_CURVE('',#3860,#3530,#4644,.T.);
#3124=EDGE_CURVE('',#3514,#3844,#4645,.T.);
#3125=EDGE_CURVE('',#3540,#3870,#4646,.T.);
#3126=EDGE_CURVE('',#3872,#3542,#4647,.T.);
#3127=EDGE_CURVE('',#3535,#3865,#4648,.T.);
#3128=EDGE_CURVE('',#3868,#3538,#4649,.T.);
#3129=EDGE_CURVE('',#3852,#3522,#4650,.T.);
#3130=EDGE_CURVE('',#3484,#3815,#91,.F.);
#3131=EDGE_CURVE('',#3813,#3482,#4651,.T.);
#3132=EDGE_CURVE('',#3814,#3485,#4652,.T.);
#3133=EDGE_CURVE('',#3883,#3846,#4653,.T.);
#3134=EDGE_CURVE('',#3905,#3851,#4654,.T.);
#3135=EDGE_CURVE('',#3901,#3572,#4655,.T.);
#3136=EDGE_CURVE('',#3571,#3902,#4656,.T.);
#3137=EDGE_CURVE('',#3544,#3874,#4657,.T.);
#3138=EDGE_CURVE('',#3857,#3526,#4658,.T.);
#3139=EDGE_CURVE('',#3841,#3770,#4659,.T.);
#3140=EDGE_CURVE('',#3774,#3798,#4660,.T.);
#3141=EDGE_CURVE('',#3797,#3466,#4661,.T.);
#3142=EDGE_CURVE('',#3444,#3468,#4662,.T.);
#3143=EDGE_CURVE('',#3511,#3440,#4663,.T.);
#3144=EDGE_CURVE('',#3917,#3918,#4664,.T.);
#3145=EDGE_CURVE('',#3917,#3919,#4665,.T.);
#3146=EDGE_CURVE('',#3919,#3920,#4666,.T.);
#3147=EDGE_CURVE('',#3921,#3920,#4667,.T.);
#3148=EDGE_CURVE('',#3922,#3921,#4668,.T.);
#3149=EDGE_CURVE('',#3918,#3922,#4669,.T.);
#3150=EDGE_CURVE('',#3922,#3923,#4670,.T.);
#3151=EDGE_CURVE('',#3924,#3921,#4671,.T.);
#3152=EDGE_CURVE('',#3923,#3924,#4672,.T.);
#3153=EDGE_CURVE('',#3925,#3926,#4673,.T.);
#3154=EDGE_CURVE('',#3923,#3925,#4674,.T.);
#3155=EDGE_CURVE('',#3927,#3924,#4675,.T.);
#3156=EDGE_CURVE('',#3928,#3927,#4676,.T.);
#3157=EDGE_CURVE('',#3928,#3926,#4677,.T.);
#3158=EDGE_CURVE('',#3929,#3917,#4678,.T.);
#3159=EDGE_CURVE('',#3930,#3929,#4679,.T.);
#3160=EDGE_CURVE('',#3931,#3930,#4680,.T.);
#3161=EDGE_CURVE('',#3919,#3931,#4681,.T.);
#3162=EDGE_CURVE('',#3926,#3932,#4682,.T.);
#3163=EDGE_CURVE('',#3933,#3928,#4683,.T.);
#3164=EDGE_CURVE('',#3934,#3933,#4684,.T.);
#3165=EDGE_CURVE('',#3934,#3932,#4685,.T.);
#3166=EDGE_CURVE('',#3932,#3935,#4686,.T.);
#3167=EDGE_CURVE('',#3936,#3934,#4687,.T.);
#3168=EDGE_CURVE('',#3936,#3937,#4688,.T.);
#3169=EDGE_CURVE('',#3937,#3938,#300,.T.);
#3170=EDGE_CURVE('',#3935,#3938,#4689,.T.);
#3171=EDGE_CURVE('',#3939,#3929,#4690,.T.);
#3172=EDGE_CURVE('',#3940,#3939,#4691,.T.);
#3173=EDGE_CURVE('',#3941,#3940,#301,.T.);
#3174=EDGE_CURVE('',#3942,#3941,#4692,.T.);
#3175=EDGE_CURVE('',#3942,#3930,#4693,.T.);
#3176=EDGE_CURVE('',#3940,#3938,#4694,.T.);
#3177=EDGE_CURVE('',#3937,#3941,#4695,.T.);
#3178=EDGE_CURVE('',#3920,#3943,#4696,.T.);
#3179=EDGE_CURVE('',#3943,#3942,#4697,.T.);
#3180=EDGE_CURVE('',#3936,#3944,#4698,.T.);
#3181=EDGE_CURVE('',#3944,#3927,#4699,.T.);
#3182=EDGE_CURVE('',#3931,#3943,#4700,.T.);
#3183=EDGE_CURVE('',#3933,#3944,#4701,.T.);
#3184=EDGE_CURVE('',#3945,#3946,#4702,.T.);
#3185=EDGE_CURVE('',#3945,#3947,#4703,.T.);
#3186=EDGE_CURVE('',#3948,#3947,#4704,.T.);
#3187=EDGE_CURVE('',#3948,#3946,#4705,.T.);
#3188=EDGE_CURVE('',#3946,#3949,#4706,.T.);
#3189=EDGE_CURVE('',#3950,#3948,#4707,.T.);
#3190=EDGE_CURVE('',#3950,#3949,#4708,.T.);
#3191=EDGE_CURVE('',#3951,#3945,#4709,.T.);
#3192=EDGE_CURVE('',#3951,#3952,#4710,.T.);
#3193=EDGE_CURVE('',#3947,#3952,#4711,.T.);
#3194=EDGE_CURVE('',#3949,#3951,#4712,.T.);
#3195=EDGE_CURVE('',#3952,#3950,#4713,.T.);
#3196=EDGE_CURVE('',#3953,#3954,#4714,.T.);
#3197=EDGE_CURVE('',#3953,#3955,#4715,.T.);
#3198=EDGE_CURVE('',#3956,#3955,#4716,.T.);
#3199=EDGE_CURVE('',#3954,#3956,#4717,.T.);
#3200=EDGE_CURVE('',#3957,#3958,#302,.T.);
#3201=EDGE_CURVE('',#3957,#3959,#4718,.T.);
#3202=EDGE_CURVE('',#3959,#3960,#303,.T.);
#3203=EDGE_CURVE('',#3960,#3958,#4719,.T.);
#3204=EDGE_CURVE('',#3953,#3961,#4720,.T.);
#3205=EDGE_CURVE('',#3961,#3957,#4721,.T.);
#3206=EDGE_CURVE('',#3962,#3958,#4722,.T.);
#3207=EDGE_CURVE('',#3955,#3962,#4723,.T.);
#3208=EDGE_CURVE('',#3959,#3963,#4724,.T.);
#3209=EDGE_CURVE('',#3963,#3954,#4725,.T.);
#3210=EDGE_CURVE('',#3956,#3964,#4726,.T.);
#3211=EDGE_CURVE('',#3964,#3960,#4727,.T.);
#3212=EDGE_CURVE('',#3964,#3962,#4728,.T.);
#3213=EDGE_CURVE('',#3925,#3918,#4729,.T.);
#3214=EDGE_CURVE('',#3965,#3966,#304,.T.);
#3215=EDGE_CURVE('',#3967,#3965,#4730,.T.);
#3216=EDGE_CURVE('',#3968,#3967,#305,.T.);
#3217=EDGE_CURVE('',#3968,#3969,#4731,.T.);
#3218=EDGE_CURVE('',#3970,#3969,#306,.T.);
#3219=EDGE_CURVE('',#3971,#3970,#4732,.T.);
#3220=EDGE_CURVE('',#3972,#3971,#4733,.T.);
#3221=EDGE_CURVE('',#3973,#3972,#4734,.T.);
#3222=EDGE_CURVE('',#3974,#3973,#307,.T.);
#3223=EDGE_CURVE('',#3975,#3974,#4735,.T.);
#3224=EDGE_CURVE('',#3966,#3975,#4736,.T.);
#3225=EDGE_CURVE('',#3973,#3639,#4737,.T.);
#3226=EDGE_CURVE('',#3638,#3974,#4738,.T.);
#3227=EDGE_CURVE('',#3969,#3643,#4739,.T.);
#3228=EDGE_CURVE('',#3968,#3644,#4740,.T.);
#3229=EDGE_CURVE('',#3970,#3642,#4741,.T.);
#3230=EDGE_CURVE('',#3971,#3641,#4742,.T.);
#3231=EDGE_CURVE('',#3972,#3640,#4743,.T.);
#3232=EDGE_CURVE('',#3976,#3977,#308,.T.);
#3233=EDGE_CURVE('',#3976,#3978,#4744,.T.);
#3234=EDGE_CURVE('',#3979,#3978,#92,.F.);
#3235=EDGE_CURVE('',#3980,#3979,#309,.T.);
#3236=EDGE_CURVE('',#3977,#3980,#93,.F.);
#3237=EDGE_CURVE('',#3976,#3646,#4745,.T.);
#3238=EDGE_CURVE('',#3650,#3978,#4746,.T.);
#3239=EDGE_CURVE('',#3981,#3982,#4747,.T.);
#3240=EDGE_CURVE('',#3982,#3689,#4748,.T.);
#3241=EDGE_CURVE('',#3983,#3694,#4749,.T.);
#3242=EDGE_CURVE('',#3984,#3983,#4750,.T.);
#3243=EDGE_CURVE('',#3984,#3985,#4751,.T.);
#3244=EDGE_CURVE('',#3985,#3981,#4752,.T.);
#3245=EDGE_CURVE('',#3986,#3858,#4753,.T.);
#3246=EDGE_CURVE('',#3695,#3986,#4754,.T.);
#3247=EDGE_CURVE('',#3987,#3988,#4755,.T.);
#3248=EDGE_CURVE('',#3989,#3988,#4756,.T.);
#3249=EDGE_CURVE('',#3983,#3989,#4757,.T.);
#3250=EDGE_CURVE('',#3711,#3987,#4758,.T.);
#3251=EDGE_CURVE('',#3990,#3987,#4759,.T.);
#3252=EDGE_CURVE('',#3739,#3991,#4760,.T.);
#3253=EDGE_CURVE('',#3990,#3991,#4761,.T.);
#3254=EDGE_CURVE('',#3991,#3992,#4762,.T.);
#3255=EDGE_CURVE('',#3992,#3738,#4763,.T.);
#3256=EDGE_CURVE('',#3993,#3994,#4764,.T.);
#3257=EDGE_CURVE('',#3994,#3995,#4765,.T.);
#3258=EDGE_CURVE('',#3995,#3996,#310,.T.);
#3259=EDGE_CURVE('',#3996,#3981,#4766,.T.);
#3260=EDGE_CURVE('',#3985,#3997,#4767,.T.);
#3261=EDGE_CURVE('',#3997,#3993,#4768,.T.);
#3262=EDGE_CURVE('',#3980,#3648,#4769,.T.);
#3263=EDGE_CURVE('',#3977,#3647,#4770,.T.);
#3264=EDGE_CURVE('',#3649,#3979,#94,.T.);
#3265=EDGE_CURVE('',#3702,#3998,#4771,.T.);
#3266=EDGE_CURVE('',#3998,#3999,#4772,.T.);
#3267=EDGE_CURVE('',#3999,#4000,#4773,.T.);
#3268=EDGE_CURVE('',#4000,#3697,#4774,.T.);
#3269=EDGE_CURVE('',#4001,#3709,#4775,.T.);
#3270=EDGE_CURVE('',#3872,#4001,#4776,.T.);
#3271=EDGE_CURVE('',#3681,#4002,#4777,.T.);
#3272=EDGE_CURVE('',#4002,#4003,#95,.T.);
#3273=EDGE_CURVE('',#4003,#3994,#4778,.T.);
#3274=EDGE_CURVE('',#3993,#4004,#4779,.T.);
#3275=EDGE_CURVE('',#4004,#4005,#311,.T.);
#3276=EDGE_CURVE('',#4005,#3888,#4780,.T.);
#3277=EDGE_CURVE('',#3982,#4006,#4781,.T.);
#3278=EDGE_CURVE('',#4006,#3975,#4782,.T.);
#3279=EDGE_CURVE('',#3707,#4007,#4783,.T.);
#3280=EDGE_CURVE('',#4007,#4008,#312,.T.);
#3281=EDGE_CURVE('',#4008,#3705,#4784,.T.);
#3282=EDGE_CURVE('',#4008,#4009,#96,.T.);
#3283=EDGE_CURVE('',#4009,#3998,#313,.T.);
#3284=EDGE_CURVE('',#4001,#4007,#97,.T.);
#3285=EDGE_CURVE('',#3967,#4010,#4785,.T.);
#3286=EDGE_CURVE('',#4010,#4002,#314,.T.);
#3287=EDGE_CURVE('',#4000,#3986,#315,.T.);
#3288=EDGE_CURVE('',#4006,#4011,#4786,.T.);
#3289=EDGE_CURVE('',#3966,#4011,#4787,.T.);
#3290=EDGE_CURVE('',#4012,#3965,#4788,.T.);
#3291=EDGE_CURVE('',#4012,#4010,#4789,.T.);
#3292=EDGE_CURVE('',#4011,#4012,#316,.T.);
#3293=EDGE_CURVE('',#4013,#3889,#4790,.T.);
#3294=EDGE_CURVE('',#3892,#4014,#4791,.T.);
#3295=EDGE_CURVE('',#4013,#4014,#4792,.T.);
#3296=EDGE_CURVE('',#4015,#4016,#4793,.T.);
#3297=EDGE_CURVE('',#4017,#4015,#317,.T.);
#3298=EDGE_CURVE('',#4018,#4017,#4794,.T.);
#3299=EDGE_CURVE('',#4018,#4016,#318,.T.);
#3300=EDGE_CURVE('',#3961,#3632,#4795,.T.);
#3301=EDGE_CURVE('',#3609,#3633,#4796,.T.);
#3302=EDGE_CURVE('',#3678,#3605,#4797,.T.);
#3303=EDGE_CURVE('',#3831,#4019,#4798,.T.);
#3304=EDGE_CURVE('',#4020,#4019,#4799,.T.);
#3305=EDGE_CURVE('',#4021,#4020,#319,.T.);
#3306=EDGE_CURVE('',#4022,#4021,#4800,.T.);
#3307=EDGE_CURVE('',#4022,#3935,#4801,.T.);
#3308=EDGE_CURVE('',#3939,#3963,#4802,.T.);
#3309=EDGE_CURVE('',#3912,#4023,#4803,.T.);
#3310=EDGE_CURVE('',#4013,#4024,#4804,.T.);
#3311=EDGE_CURVE('',#4018,#4024,#4805,.T.);
#3312=EDGE_CURVE('',#4025,#4017,#4806,.T.);
#3313=EDGE_CURVE('',#4026,#4025,#4807,.T.);
#3314=EDGE_CURVE('',#4027,#4026,#4808,.T.);
#3315=EDGE_CURVE('',#4028,#4027,#4809,.T.);
#3316=EDGE_CURVE('',#4029,#4028,#4810,.T.);
#3317=EDGE_CURVE('',#4023,#4029,#4811,.T.);
#3318=EDGE_CURVE('',#4030,#4031,#4812,.T.);
#3319=EDGE_CURVE('',#4030,#4025,#4813,.T.);
#3320=EDGE_CURVE('',#4032,#4015,#4814,.T.);
#3321=EDGE_CURVE('',#4032,#4031,#320,.T.);
#3322=EDGE_CURVE('',#4033,#3914,#4815,.T.);
#3323=EDGE_CURVE('',#4034,#4033,#42,.T.);
#3324=EDGE_CURVE('',#4019,#4034,#321,.T.);
#3325=EDGE_CURVE('',#4031,#4035,#4816,.T.);
#3326=EDGE_CURVE('',#4035,#4036,#4817,.T.);
#3327=EDGE_CURVE('',#4036,#4030,#4818,.T.);
#3328=EDGE_CURVE('',#4037,#3988,#4819,.T.);
#3329=EDGE_CURVE('',#4037,#4038,#4820,.T.);
#3330=EDGE_CURVE('',#4038,#4039,#4821,.T.);
#3331=EDGE_CURVE('',#4040,#4039,#4822,.T.);
#3332=EDGE_CURVE('',#4040,#4041,#4823,.T.);
#3333=EDGE_CURVE('',#3989,#4041,#4824,.T.);
#3334=EDGE_CURVE('',#4042,#4043,#4825,.T.);
#3335=EDGE_CURVE('',#4043,#4044,#4826,.T.);
#3336=EDGE_CURVE('',#4045,#4044,#4827,.T.);
#3337=EDGE_CURVE('',#4046,#4045,#322,.T.);
#3338=EDGE_CURVE('',#4042,#4046,#4828,.T.);
#3339=EDGE_CURVE('',#4047,#4048,#4829,.T.);
#3340=EDGE_CURVE('',#4048,#3997,#4830,.T.);
#3341=EDGE_CURVE('',#3985,#4049,#4831,.T.);
#3342=EDGE_CURVE('',#4049,#4047,#4832,.T.);
#3343=EDGE_CURVE('',#4050,#3903,#4833,.T.);
#3344=EDGE_CURVE('',#3887,#4051,#4834,.T.);
#3345=EDGE_CURVE('',#4051,#4050,#4835,.T.);
#3346=EDGE_CURVE('',#4052,#4029,#4836,.T.);
#3347=EDGE_CURVE('',#4034,#4052,#4837,.T.);
#3348=EDGE_CURVE('',#4053,#4033,#4838,.T.);
#3349=EDGE_CURVE('',#4053,#4023,#4839,.T.);
#3350=EDGE_CURVE('',#4036,#4054,#43,.T.);
#3351=EDGE_CURVE('',#4054,#4055,#4840,.T.);
#3352=EDGE_CURVE('',#4055,#4026,#4841,.T.);
#3353=EDGE_CURVE('',#4055,#4027,#323,.T.);
#3354=EDGE_CURVE('',#4028,#4052,#324,.T.);
#3355=EDGE_CURVE('',#3913,#4053,#4842,.T.);
#3356=EDGE_CURVE('',#4035,#4043,#325,.T.);
#3357=EDGE_CURVE('',#4054,#4042,#326,.T.);
#3358=EDGE_CURVE('',#4050,#4047,#44,.T.);
#3359=EDGE_CURVE('',#4049,#4056,#4843,.T.);
#3360=EDGE_CURVE('',#4056,#4057,#4844,.T.);
#3361=EDGE_CURVE('',#4057,#4014,#4845,.T.);
#3362=EDGE_CURVE('',#4058,#4040,#4846,.T.);
#3363=EDGE_CURVE('',#4058,#4056,#4847,.T.);
#3364=EDGE_CURVE('',#4041,#3984,#4848,.T.);
#3365=EDGE_CURVE('',#4051,#4048,#327,.T.);
#3366=EDGE_CURVE('',#4037,#3990,#4849,.T.);
#3367=EDGE_CURVE('',#4038,#3992,#4850,.T.);
#3368=EDGE_CURVE('',#4059,#3867,#4851,.T.);
#3369=EDGE_CURVE('',#3863,#4060,#4852,.T.);
#3370=EDGE_CURVE('',#4060,#4061,#4853,.T.);
#3371=EDGE_CURVE('',#4061,#4059,#328,.T.);
#3372=EDGE_CURVE('',#3859,#4062,#4854,.T.);
#3373=EDGE_CURVE('',#4062,#4063,#4855,.T.);
#3374=EDGE_CURVE('',#4060,#4063,#4856,.T.);
#3375=EDGE_CURVE('',#4059,#4064,#98,.T.);
#3376=EDGE_CURVE('',#4064,#4065,#329,.T.);
#3377=EDGE_CURVE('',#4065,#4001,#99,.T.);
#3378=EDGE_CURVE('',#4066,#4039,#4857,.T.);
#3379=EDGE_CURVE('',#4058,#4066,#4858,.T.);
#3380=EDGE_CURVE('',#4024,#4057,#4859,.T.);
#3381=EDGE_CURVE('',#4066,#4016,#4860,.T.);
#3382=EDGE_CURVE('',#4051,#4005,#4861,.T.);
#3383=EDGE_CURVE('',#4048,#4004,#4862,.T.);
#3384=EDGE_CURVE('',#4044,#4067,#330,.T.);
#3385=EDGE_CURVE('',#4068,#4043,#331,.T.);
#3386=EDGE_CURVE('',#4067,#4068,#4863,.T.);
#3387=EDGE_CURVE('',#4069,#4035,#332,.T.);
#3388=EDGE_CURVE('',#4068,#4069,#333,.T.);
#3389=EDGE_CURVE('',#4069,#4032,#4864,.T.);
#3390=EDGE_CURVE('',#3986,#4062,#334,.T.);
#3391=EDGE_CURVE('',#4007,#4065,#335,.T.);
#3392=EDGE_CURVE('',#4008,#4064,#336,.T.);
#3393=EDGE_CURVE('',#4009,#4059,#337,.T.);
#3394=EDGE_CURVE('',#3998,#4061,#338,.T.);
#3395=EDGE_CURVE('',#3999,#4063,#45,.T.);
#3396=EDGE_CURVE('',#4000,#4062,#339,.T.);
#3397=EDGE_CURVE('',#4011,#3996,#4865,.T.);
#3398=EDGE_CURVE('',#4012,#3995,#4866,.T.);
#3399=EDGE_CURVE('',#4010,#4003,#4867,.T.);
#3400=EDGE_CURVE('',#4070,#4071,#4868,.T.);
#3401=EDGE_CURVE('',#4070,#4072,#4869,.T.);
#3402=EDGE_CURVE('',#4072,#4073,#4870,.T.);
#3403=EDGE_CURVE('',#4071,#4073,#4871,.T.);
#3404=EDGE_CURVE('',#4074,#4075,#4872,.T.);
#3405=EDGE_CURVE('',#4076,#4074,#340,.T.);
#3406=EDGE_CURVE('',#4072,#4076,#4873,.T.);
#3407=EDGE_CURVE('',#4077,#4070,#4874,.T.);
#3408=EDGE_CURVE('',#4078,#4077,#341,.T.);
#3409=EDGE_CURVE('',#4079,#4078,#4875,.T.);
#3410=EDGE_CURVE('',#4075,#4079,#4876,.T.);
#3411=EDGE_CURVE('',#4022,#4080,#4877,.T.);
#3412=EDGE_CURVE('',#4077,#4021,#4878,.T.);
#3413=EDGE_CURVE('',#4080,#4071,#4879,.T.);
#3414=EDGE_CURVE('',#4081,#4067,#4880,.T.);
#3415=EDGE_CURVE('',#4073,#4081,#4881,.T.);
#3416=EDGE_CURVE('',#4076,#4045,#4882,.T.);
#3417=EDGE_CURVE('',#4074,#4046,#4883,.T.);
#3418=EDGE_CURVE('',#4075,#4055,#342,.T.);
#3419=EDGE_CURVE('',#4052,#4079,#343,.T.);
#3420=EDGE_CURVE('',#4078,#4020,#4884,.T.);
#3421=EDGE_CURVE('',#4081,#4080,#4885,.T.);
#3422=VERTEX_POINT('',#10472);
#3423=VERTEX_POINT('',#10473);
#3424=VERTEX_POINT('',#10475);
#3425=VERTEX_POINT('',#10477);
#3426=VERTEX_POINT('',#10479);
#3427=VERTEX_POINT('',#10481);
#3428=VERTEX_POINT('',#10485);
#3429=VERTEX_POINT('',#10487);
#3430=VERTEX_POINT('',#10491);
#3431=VERTEX_POINT('',#10492);
#3432=VERTEX_POINT('',#10495);
#3433=VERTEX_POINT('',#10497);
#3434=VERTEX_POINT('',#10501);
#3435=VERTEX_POINT('',#10503);
#3436=VERTEX_POINT('',#10505);
#3437=VERTEX_POINT('',#10509);
#3438=VERTEX_POINT('',#10511);
#3439=VERTEX_POINT('',#10513);
#3440=VERTEX_POINT('',#10517);
#3441=VERTEX_POINT('',#10519);
#3442=VERTEX_POINT('',#10521);
#3443=VERTEX_POINT('',#10523);
#3444=VERTEX_POINT('',#10527);
#3445=VERTEX_POINT('',#10529);
#3446=VERTEX_POINT('',#10531);
#3447=VERTEX_POINT('',#10533);
#3448=VERTEX_POINT('',#10540);
#3449=VERTEX_POINT('',#10543);
#3450=VERTEX_POINT('',#10553);
#3451=VERTEX_POINT('',#10554);
#3452=VERTEX_POINT('',#10556);
#3453=VERTEX_POINT('',#10558);
#3454=VERTEX_POINT('',#10562);
#3455=VERTEX_POINT('',#10564);
#3456=VERTEX_POINT('',#10568);
#3457=VERTEX_POINT('',#10570);
#3458=VERTEX_POINT('',#10578);
#3459=VERTEX_POINT('',#10579);
#3460=VERTEX_POINT('',#10581);
#3461=VERTEX_POINT('',#10583);
#3462=VERTEX_POINT('',#10587);
#3463=VERTEX_POINT('',#10588);
#3464=VERTEX_POINT('',#10590);
#3465=VERTEX_POINT('',#10592);
#3466=VERTEX_POINT('',#10596);
#3467=VERTEX_POINT('',#10599);
#3468=VERTEX_POINT('',#10603);
#3469=VERTEX_POINT('',#10606);
#3470=VERTEX_POINT('',#10615);
#3471=VERTEX_POINT('',#10616);
#3472=VERTEX_POINT('',#10618);
#3473=VERTEX_POINT('',#10620);
#3474=VERTEX_POINT('',#10622);
#3475=VERTEX_POINT('',#10624);
#3476=VERTEX_POINT('',#10626);
#3477=VERTEX_POINT('',#10628);
#3478=VERTEX_POINT('',#10630);
#3479=VERTEX_POINT('',#10632);
#3480=VERTEX_POINT('',#10634);
#3481=VERTEX_POINT('',#10638);
#3482=VERTEX_POINT('',#10639);
#3483=VERTEX_POINT('',#10641);
#3484=VERTEX_POINT('',#10646);
#3485=VERTEX_POINT('',#10648);
#3486=VERTEX_POINT('',#10655);
#3487=VERTEX_POINT('',#10656);
#3488=VERTEX_POINT('',#10658);
#3489=VERTEX_POINT('',#10660);
#3490=VERTEX_POINT('',#10664);
#3491=VERTEX_POINT('',#10665);
#3492=VERTEX_POINT('',#10667);
#3493=VERTEX_POINT('',#10669);
#3494=VERTEX_POINT('',#10673);
#3495=VERTEX_POINT('',#10674);
#3496=VERTEX_POINT('',#10676);
#3497=VERTEX_POINT('',#10678);
#3498=VERTEX_POINT('',#10682);
#3499=VERTEX_POINT('',#10684);
#3500=VERTEX_POINT('',#10686);
#3501=VERTEX_POINT('',#10688);
#3502=VERTEX_POINT('',#10692);
#3503=VERTEX_POINT('',#10693);
#3504=VERTEX_POINT('',#10696);
#3505=VERTEX_POINT('',#10698);
#3506=VERTEX_POINT('',#10702);
#3507=VERTEX_POINT('',#10703);
#3508=VERTEX_POINT('',#10709);
#3509=VERTEX_POINT('',#10711);
#3510=VERTEX_POINT('',#10714);
#3511=VERTEX_POINT('',#10718);
#3512=VERTEX_POINT('',#10721);
#3513=VERTEX_POINT('',#10728);
#3514=VERTEX_POINT('',#10729);
#3515=VERTEX_POINT('',#10731);
#3516=VERTEX_POINT('',#10738);
#3517=VERTEX_POINT('',#10740);
#3518=VERTEX_POINT('',#10742);
#3519=VERTEX_POINT('',#10746);
#3520=VERTEX_POINT('',#10747);
#3521=VERTEX_POINT('',#10752);
#3522=VERTEX_POINT('',#10753);
#3523=VERTEX_POINT('',#10756);
#3524=VERTEX_POINT('',#10760);
#3525=VERTEX_POINT('',#10761);
#3526=VERTEX_POINT('',#10763);
#3527=VERTEX_POINT('',#10765);
#3528=VERTEX_POINT('',#10769);
#3529=VERTEX_POINT('',#10770);
#3530=VERTEX_POINT('',#10772);
#3531=VERTEX_POINT('',#10776);
#3532=VERTEX_POINT('',#10777);
#3533=VERTEX_POINT('',#10782);
#3534=VERTEX_POINT('',#10783);
#3535=VERTEX_POINT('',#10786);
#3536=VERTEX_POINT('',#10790);
#3537=VERTEX_POINT('',#10791);
#3538=VERTEX_POINT('',#10811);
#3539=VERTEX_POINT('',#10812);
#3540=VERTEX_POINT('',#10841);
#3541=VERTEX_POINT('',#10842);
#3542=VERTEX_POINT('',#10861);
#3543=VERTEX_POINT('',#10868);
#3544=VERTEX_POINT('',#10869);
#3545=VERTEX_POINT('',#10871);
#3546=VERTEX_POINT('',#10873);
#3547=VERTEX_POINT('',#10877);
#3548=VERTEX_POINT('',#10878);
#3549=VERTEX_POINT('',#10880);
#3550=VERTEX_POINT('',#10882);
#3551=VERTEX_POINT('',#10886);
#3552=VERTEX_POINT('',#10887);
#3553=VERTEX_POINT('',#10895);
#3554=VERTEX_POINT('',#10896);
#3555=VERTEX_POINT('',#10898);
#3556=VERTEX_POINT('',#10900);
#3557=VERTEX_POINT('',#10904);
#3558=VERTEX_POINT('',#10905);
#3559=VERTEX_POINT('',#10910);
#3560=VERTEX_POINT('',#10911);
#3561=VERTEX_POINT('',#10913);
#3562=VERTEX_POINT('',#10915);
#3563=VERTEX_POINT('',#10919);
#3564=VERTEX_POINT('',#10921);
#3565=VERTEX_POINT('',#10923);
#3566=VERTEX_POINT('',#10925);
#3567=VERTEX_POINT('',#10927);
#3568=VERTEX_POINT('',#10931);
#3569=VERTEX_POINT('',#10933);
#3570=VERTEX_POINT('',#10937);
#3571=VERTEX_POINT('',#10939);
#3572=VERTEX_POINT('',#10941);
#3573=VERTEX_POINT('',#10945);
#3574=VERTEX_POINT('',#10947);
#3575=VERTEX_POINT('',#10952);
#3576=VERTEX_POINT('',#10954);
#3577=VERTEX_POINT('',#10958);
#3578=VERTEX_POINT('',#10963);
#3579=VERTEX_POINT('',#10967);
#3580=VERTEX_POINT('',#10971);
#3581=VERTEX_POINT('',#10973);
#3582=VERTEX_POINT('',#10977);
#3583=VERTEX_POINT('',#10979);
#3584=VERTEX_POINT('',#10981);
#3585=VERTEX_POINT('',#10994);
#3586=VERTEX_POINT('',#10996);
#3587=VERTEX_POINT('',#11013);
#3588=VERTEX_POINT('',#11014);
#3589=VERTEX_POINT('',#11016);
#3590=VERTEX_POINT('',#11018);
#3591=VERTEX_POINT('',#11020);
#3592=VERTEX_POINT('',#11022);
#3593=VERTEX_POINT('',#11026);
#3594=VERTEX_POINT('',#11028);
#3595=VERTEX_POINT('',#11032);
#3596=VERTEX_POINT('',#11033);
#3597=VERTEX_POINT('',#11035);
#3598=VERTEX_POINT('',#11037);
#3599=VERTEX_POINT('',#11042);
#3600=VERTEX_POINT('',#11044);
#3601=VERTEX_POINT('',#11046);
#3602=VERTEX_POINT('',#11050);
#3603=VERTEX_POINT('',#11052);
#3604=VERTEX_POINT('',#11054);
#3605=VERTEX_POINT('',#11058);
#3606=VERTEX_POINT('',#11060);
#3607=VERTEX_POINT('',#11062);
#3608=VERTEX_POINT('',#11064);
#3609=VERTEX_POINT('',#11068);
#3610=VERTEX_POINT('',#11070);
#3611=VERTEX_POINT('',#11072);
#3612=VERTEX_POINT('',#11074);
#3613=VERTEX_POINT('',#11081);
#3614=VERTEX_POINT('',#11083);
#3615=VERTEX_POINT('',#11094);
#3616=VERTEX_POINT('',#11095);
#3617=VERTEX_POINT('',#11097);
#3618=VERTEX_POINT('',#11099);
#3619=VERTEX_POINT('',#11103);
#3620=VERTEX_POINT('',#11105);
#3621=VERTEX_POINT('',#11109);
#3622=VERTEX_POINT('',#11111);
#3623=VERTEX_POINT('',#11119);
#3624=VERTEX_POINT('',#11120);
#3625=VERTEX_POINT('',#11122);
#3626=VERTEX_POINT('',#11124);
#3627=VERTEX_POINT('',#11128);
#3628=VERTEX_POINT('',#11129);
#3629=VERTEX_POINT('',#11131);
#3630=VERTEX_POINT('',#11133);
#3631=VERTEX_POINT('',#11137);
#3632=VERTEX_POINT('',#11140);
#3633=VERTEX_POINT('',#11144);
#3634=VERTEX_POINT('',#11146);
#3635=VERTEX_POINT('',#11156);
#3636=VERTEX_POINT('',#11157);
#3637=VERTEX_POINT('',#11159);
#3638=VERTEX_POINT('',#11161);
#3639=VERTEX_POINT('',#11163);
#3640=VERTEX_POINT('',#11165);
#3641=VERTEX_POINT('',#11167);
#3642=VERTEX_POINT('',#11169);
#3643=VERTEX_POINT('',#11171);
#3644=VERTEX_POINT('',#11173);
#3645=VERTEX_POINT('',#11175);
#3646=VERTEX_POINT('',#11179);
#3647=VERTEX_POINT('',#11180);
#3648=VERTEX_POINT('',#11185);
#3649=VERTEX_POINT('',#11187);
#3650=VERTEX_POINT('',#11192);
#3651=VERTEX_POINT('',#11196);
#3652=VERTEX_POINT('',#11197);
#3653=VERTEX_POINT('',#11199);
#3654=VERTEX_POINT('',#11201);
#3655=VERTEX_POINT('',#11205);
#3656=VERTEX_POINT('',#11206);
#3657=VERTEX_POINT('',#11208);
#3658=VERTEX_POINT('',#11210);
#3659=VERTEX_POINT('',#11214);
#3660=VERTEX_POINT('',#11215);
#3661=VERTEX_POINT('',#11217);
#3662=VERTEX_POINT('',#11219);
#3663=VERTEX_POINT('',#11223);
#3664=VERTEX_POINT('',#11225);
#3665=VERTEX_POINT('',#11227);
#3666=VERTEX_POINT('',#11229);
#3667=VERTEX_POINT('',#11233);
#3668=VERTEX_POINT('',#11234);
#3669=VERTEX_POINT('',#11236);
#3670=VERTEX_POINT('',#11238);
#3671=VERTEX_POINT('',#11243);
#3672=VERTEX_POINT('',#11244);
#3673=VERTEX_POINT('',#11250);
#3674=VERTEX_POINT('',#11252);
#3675=VERTEX_POINT('',#11256);
#3676=VERTEX_POINT('',#11258);
#3677=VERTEX_POINT('',#11261);
#3678=VERTEX_POINT('',#11265);
#3679=VERTEX_POINT('',#11267);
#3680=VERTEX_POINT('',#11275);
#3681=VERTEX_POINT('',#11276);
#3682=VERTEX_POINT('',#11281);
#3683=VERTEX_POINT('',#11285);
#3684=VERTEX_POINT('',#11287);
#3685=VERTEX_POINT('',#11289);
#3686=VERTEX_POINT('',#11293);
#3687=VERTEX_POINT('',#11294);
#3688=VERTEX_POINT('',#11299);
#3689=VERTEX_POINT('',#11300);
#3690=VERTEX_POINT('',#11302);
#3691=VERTEX_POINT('',#11307);
#3692=VERTEX_POINT('',#11308);
#3693=VERTEX_POINT('',#11310);
#3694=VERTEX_POINT('',#11312);
#3695=VERTEX_POINT('',#11316);
#3696=VERTEX_POINT('',#11317);
#3697=VERTEX_POINT('',#11319);
#3698=VERTEX_POINT('',#11323);
#3699=VERTEX_POINT('',#11324);
#3700=VERTEX_POINT('',#11329);
#3701=VERTEX_POINT('',#11330);
#3702=VERTEX_POINT('',#11332);
#3703=VERTEX_POINT('',#11337);
#3704=VERTEX_POINT('',#11338);
#3705=VERTEX_POINT('',#11361);
#3706=VERTEX_POINT('',#11362);
#3707=VERTEX_POINT('',#11379);
#3708=VERTEX_POINT('',#11380);
#3709=VERTEX_POINT('',#11405);
#3710=VERTEX_POINT('',#11415);
#3711=VERTEX_POINT('',#11416);
#3712=VERTEX_POINT('',#11418);
#3713=VERTEX_POINT('',#11420);
#3714=VERTEX_POINT('',#11424);
#3715=VERTEX_POINT('',#11425);
#3716=VERTEX_POINT('',#11427);
#3717=VERTEX_POINT('',#11429);
#3718=VERTEX_POINT('',#11433);
#3719=VERTEX_POINT('',#11434);
#3720=VERTEX_POINT('',#11442);
#3721=VERTEX_POINT('',#11443);
#3722=VERTEX_POINT('',#11445);
#3723=VERTEX_POINT('',#11447);
#3724=VERTEX_POINT('',#11451);
#3725=VERTEX_POINT('',#11452);
#3726=VERTEX_POINT('',#11460);
#3727=VERTEX_POINT('',#11461);
#3728=VERTEX_POINT('',#11463);
#3729=VERTEX_POINT('',#11465);
#3730=VERTEX_POINT('',#11469);
#3731=VERTEX_POINT('',#11471);
#3732=VERTEX_POINT('',#11473);
#3733=VERTEX_POINT('',#11475);
#3734=VERTEX_POINT('',#11477);
#3735=VERTEX_POINT('',#11481);
#3736=VERTEX_POINT('',#11483);
#3737=VERTEX_POINT('',#11493);
#3738=VERTEX_POINT('',#11495);
#3739=VERTEX_POINT('',#11497);
#3740=VERTEX_POINT('',#11501);
#3741=VERTEX_POINT('',#11503);
#3742=VERTEX_POINT('',#11508);
#3743=VERTEX_POINT('',#11510);
#3744=VERTEX_POINT('',#11518);
#3745=VERTEX_POINT('',#11523);
#3746=VERTEX_POINT('',#11527);
#3747=VERTEX_POINT('',#11531);
#3748=VERTEX_POINT('',#11535);
#3749=VERTEX_POINT('',#11537);
#3750=VERTEX_POINT('',#11555);
#3751=VERTEX_POINT('',#11557);
#3752=VERTEX_POINT('',#11577);
#3753=VERTEX_POINT('',#11578);
#3754=VERTEX_POINT('',#11580);
#3755=VERTEX_POINT('',#11582);
#3756=VERTEX_POINT('',#11584);
#3757=VERTEX_POINT('',#11586);
#3758=VERTEX_POINT('',#11590);
#3759=VERTEX_POINT('',#11592);
#3760=VERTEX_POINT('',#11596);
#3761=VERTEX_POINT('',#11597);
#3762=VERTEX_POINT('',#11599);
#3763=VERTEX_POINT('',#11601);
#3764=VERTEX_POINT('',#11606);
#3765=VERTEX_POINT('',#11608);
#3766=VERTEX_POINT('',#11610);
#3767=VERTEX_POINT('',#11614);
#3768=VERTEX_POINT('',#11616);
#3769=VERTEX_POINT('',#11618);
#3770=VERTEX_POINT('',#11622);
#3771=VERTEX_POINT('',#11624);
#3772=VERTEX_POINT('',#11626);
#3773=VERTEX_POINT('',#11628);
#3774=VERTEX_POINT('',#11632);
#3775=VERTEX_POINT('',#11634);
#3776=VERTEX_POINT('',#11636);
#3777=VERTEX_POINT('',#11638);
#3778=VERTEX_POINT('',#11645);
#3779=VERTEX_POINT('',#11647);
#3780=VERTEX_POINT('',#11658);
#3781=VERTEX_POINT('',#11659);
#3782=VERTEX_POINT('',#11661);
#3783=VERTEX_POINT('',#11663);
#3784=VERTEX_POINT('',#11667);
#3785=VERTEX_POINT('',#11669);
#3786=VERTEX_POINT('',#11673);
#3787=VERTEX_POINT('',#11675);
#3788=VERTEX_POINT('',#11683);
#3789=VERTEX_POINT('',#11684);
#3790=VERTEX_POINT('',#11686);
#3791=VERTEX_POINT('',#11688);
#3792=VERTEX_POINT('',#11692);
#3793=VERTEX_POINT('',#11693);
#3794=VERTEX_POINT('',#11695);
#3795=VERTEX_POINT('',#11697);
#3796=VERTEX_POINT('',#11701);
#3797=VERTEX_POINT('',#11704);
#3798=VERTEX_POINT('',#11708);
#3799=VERTEX_POINT('',#11710);
#3800=VERTEX_POINT('',#11720);
#3801=VERTEX_POINT('',#11721);
#3802=VERTEX_POINT('',#11723);
#3803=VERTEX_POINT('',#11725);
#3804=VERTEX_POINT('',#11727);
#3805=VERTEX_POINT('',#11729);
#3806=VERTEX_POINT('',#11731);
#3807=VERTEX_POINT('',#11733);
#3808=VERTEX_POINT('',#11735);
#3809=VERTEX_POINT('',#11737);
#3810=VERTEX_POINT('',#11739);
#3811=VERTEX_POINT('',#11756);
#3812=VERTEX_POINT('',#11757);
#3813=VERTEX_POINT('',#11759);
#3814=VERTEX_POINT('',#11764);
#3815=VERTEX_POINT('',#11766);
#3816=VERTEX_POINT('',#11776);
#3817=VERTEX_POINT('',#11777);
#3818=VERTEX_POINT('',#11779);
#3819=VERTEX_POINT('',#11781);
#3820=VERTEX_POINT('',#11785);
#3821=VERTEX_POINT('',#11786);
#3822=VERTEX_POINT('',#11788);
#3823=VERTEX_POINT('',#11790);
#3824=VERTEX_POINT('',#11794);
#3825=VERTEX_POINT('',#11795);
#3826=VERTEX_POINT('',#11797);
#3827=VERTEX_POINT('',#11799);
#3828=VERTEX_POINT('',#11803);
#3829=VERTEX_POINT('',#11805);
#3830=VERTEX_POINT('',#11807);
#3831=VERTEX_POINT('',#11809);
#3832=VERTEX_POINT('',#11813);
#3833=VERTEX_POINT('',#11814);
#3834=VERTEX_POINT('',#11816);
#3835=VERTEX_POINT('',#11818);
#3836=VERTEX_POINT('',#11823);
#3837=VERTEX_POINT('',#11824);
#3838=VERTEX_POINT('',#11830);
#3839=VERTEX_POINT('',#11832);
#3840=VERTEX_POINT('',#11835);
#3841=VERTEX_POINT('',#11839);
#3842=VERTEX_POINT('',#11841);
#3843=VERTEX_POINT('',#11849);
#3844=VERTEX_POINT('',#11850);
#3845=VERTEX_POINT('',#11855);
#3846=VERTEX_POINT('',#11859);
#3847=VERTEX_POINT('',#11861);
#3848=VERTEX_POINT('',#11863);
#3849=VERTEX_POINT('',#11867);
#3850=VERTEX_POINT('',#11868);
#3851=VERTEX_POINT('',#11873);
#3852=VERTEX_POINT('',#11874);
#3853=VERTEX_POINT('',#11876);
#3854=VERTEX_POINT('',#11881);
#3855=VERTEX_POINT('',#11882);
#3856=VERTEX_POINT('',#11884);
#3857=VERTEX_POINT('',#11886);
#3858=VERTEX_POINT('',#11890);
#3859=VERTEX_POINT('',#11891);
#3860=VERTEX_POINT('',#11893);
#3861=VERTEX_POINT('',#11897);
#3862=VERTEX_POINT('',#11898);
#3863=VERTEX_POINT('',#11903);
#3864=VERTEX_POINT('',#11904);
#3865=VERTEX_POINT('',#11906);
#3866=VERTEX_POINT('',#11911);
#3867=VERTEX_POINT('',#11912);
#3868=VERTEX_POINT('',#11935);
#3869=VERTEX_POINT('',#11936);
#3870=VERTEX_POINT('',#11953);
#3871=VERTEX_POINT('',#11954);
#3872=VERTEX_POINT('',#11979);
#3873=VERTEX_POINT('',#11986);
#3874=VERTEX_POINT('',#11987);
#3875=VERTEX_POINT('',#11989);
#3876=VERTEX_POINT('',#11991);
#3877=VERTEX_POINT('',#11995);
#3878=VERTEX_POINT('',#11996);
#3879=VERTEX_POINT('',#11998);
#3880=VERTEX_POINT('',#12000);
#3881=VERTEX_POINT('',#12004);
#3882=VERTEX_POINT('',#12005);
#3883=VERTEX_POINT('',#12013);
#3884=VERTEX_POINT('',#12014);
#3885=VERTEX_POINT('',#12016);
#3886=VERTEX_POINT('',#12018);
#3887=VERTEX_POINT('',#12022);
#3888=VERTEX_POINT('',#12023);
#3889=VERTEX_POINT('',#12028);
#3890=VERTEX_POINT('',#12029);
#3891=VERTEX_POINT('',#12031);
#3892=VERTEX_POINT('',#12033);
#3893=VERTEX_POINT('',#12037);
#3894=VERTEX_POINT('',#12039);
#3895=VERTEX_POINT('',#12041);
#3896=VERTEX_POINT('',#12043);
#3897=VERTEX_POINT('',#12045);
#3898=VERTEX_POINT('',#12049);
#3899=VERTEX_POINT('',#12051);
#3900=VERTEX_POINT('',#12055);
#3901=VERTEX_POINT('',#12057);
#3902=VERTEX_POINT('',#12059);
#3903=VERTEX_POINT('',#12063);
#3904=VERTEX_POINT('',#12065);
#3905=VERTEX_POINT('',#12070);
#3906=VERTEX_POINT('',#12072);
#3907=VERTEX_POINT('',#12076);
#3908=VERTEX_POINT('',#12081);
#3909=VERTEX_POINT('',#12085);
#3910=VERTEX_POINT('',#12089);
#3911=VERTEX_POINT('',#12091);
#3912=VERTEX_POINT('',#12095);
#3913=VERTEX_POINT('',#12097);
#3914=VERTEX_POINT('',#12099);
#3915=VERTEX_POINT('',#12112);
#3916=VERTEX_POINT('',#12114);
#3917=VERTEX_POINT('',#12166);
#3918=VERTEX_POINT('',#12167);
#3919=VERTEX_POINT('',#12169);
#3920=VERTEX_POINT('',#12171);
#3921=VERTEX_POINT('',#12173);
#3922=VERTEX_POINT('',#12175);
#3923=VERTEX_POINT('',#12179);
#3924=VERTEX_POINT('',#12181);
#3925=VERTEX_POINT('',#12185);
#3926=VERTEX_POINT('',#12186);
#3927=VERTEX_POINT('',#12189);
#3928=VERTEX_POINT('',#12191);
#3929=VERTEX_POINT('',#12195);
#3930=VERTEX_POINT('',#12197);
#3931=VERTEX_POINT('',#12199);
#3932=VERTEX_POINT('',#12203);
#3933=VERTEX_POINT('',#12205);
#3934=VERTEX_POINT('',#12207);
#3935=VERTEX_POINT('',#12211);
#3936=VERTEX_POINT('',#12213);
#3937=VERTEX_POINT('',#12215);
#3938=VERTEX_POINT('',#12217);
#3939=VERTEX_POINT('',#12221);
#3940=VERTEX_POINT('',#12223);
#3941=VERTEX_POINT('',#12225);
#3942=VERTEX_POINT('',#12227);
#3943=VERTEX_POINT('',#12234);
#3944=VERTEX_POINT('',#12237);
#3945=VERTEX_POINT('',#12247);
#3946=VERTEX_POINT('',#12248);
#3947=VERTEX_POINT('',#12250);
#3948=VERTEX_POINT('',#12252);
#3949=VERTEX_POINT('',#12256);
#3950=VERTEX_POINT('',#12258);
#3951=VERTEX_POINT('',#12262);
#3952=VERTEX_POINT('',#12264);
#3953=VERTEX_POINT('',#12272);
#3954=VERTEX_POINT('',#12273);
#3955=VERTEX_POINT('',#12275);
#3956=VERTEX_POINT('',#12277);
#3957=VERTEX_POINT('',#12281);
#3958=VERTEX_POINT('',#12282);
#3959=VERTEX_POINT('',#12284);
#3960=VERTEX_POINT('',#12286);
#3961=VERTEX_POINT('',#12290);
#3962=VERTEX_POINT('',#12293);
#3963=VERTEX_POINT('',#12297);
#3964=VERTEX_POINT('',#12300);
#3965=VERTEX_POINT('',#12309);
#3966=VERTEX_POINT('',#12310);
#3967=VERTEX_POINT('',#12312);
#3968=VERTEX_POINT('',#12314);
#3969=VERTEX_POINT('',#12316);
#3970=VERTEX_POINT('',#12318);
#3971=VERTEX_POINT('',#12320);
#3972=VERTEX_POINT('',#12322);
#3973=VERTEX_POINT('',#12324);
#3974=VERTEX_POINT('',#12326);
#3975=VERTEX_POINT('',#12328);
#3976=VERTEX_POINT('',#12345);
#3977=VERTEX_POINT('',#12346);
#3978=VERTEX_POINT('',#12348);
#3979=VERTEX_POINT('',#12353);
#3980=VERTEX_POINT('',#12355);
#3981=VERTEX_POINT('',#12365);
#3982=VERTEX_POINT('',#12366);
#3983=VERTEX_POINT('',#12369);
#3984=VERTEX_POINT('',#12371);
#3985=VERTEX_POINT('',#12373);
#3986=VERTEX_POINT('',#12377);
#3987=VERTEX_POINT('',#12381);
#3988=VERTEX_POINT('',#12382);
#3989=VERTEX_POINT('',#12384);
#3990=VERTEX_POINT('',#12389);
#3991=VERTEX_POINT('',#12391);
#3992=VERTEX_POINT('',#12395);
#3993=VERTEX_POINT('',#12399);
#3994=VERTEX_POINT('',#12400);
#3995=VERTEX_POINT('',#12402);
#3996=VERTEX_POINT('',#12404);
#3997=VERTEX_POINT('',#12407);
#3998=VERTEX_POINT('',#12417);
#3999=VERTEX_POINT('',#12419);
#4000=VERTEX_POINT('',#12421);
#4001=VERTEX_POINT('',#12425);
#4002=VERTEX_POINT('',#12428);
#4003=VERTEX_POINT('',#12433);
#4004=VERTEX_POINT('',#12436);
#4005=VERTEX_POINT('',#12438);
#4006=VERTEX_POINT('',#12442);
#4007=VERTEX_POINT('',#12446);
#4008=VERTEX_POINT('',#12448);
#4009=VERTEX_POINT('',#12455);
#4010=VERTEX_POINT('',#12464);
#4011=VERTEX_POINT('',#12470);
#4012=VERTEX_POINT('',#12474);
#4013=VERTEX_POINT('',#12480);
#4014=VERTEX_POINT('',#12482);
#4015=VERTEX_POINT('',#12486);
#4016=VERTEX_POINT('',#12487);
#4017=VERTEX_POINT('',#12489);
#4018=VERTEX_POINT('',#12491);
#4019=VERTEX_POINT('',#12498);
#4020=VERTEX_POINT('',#12500);
#4021=VERTEX_POINT('',#12502);
#4022=VERTEX_POINT('',#12504);
#4023=VERTEX_POINT('',#12509);
#4024=VERTEX_POINT('',#12511);
#4025=VERTEX_POINT('',#12514);
#4026=VERTEX_POINT('',#12516);
#4027=VERTEX_POINT('',#12518);
#4028=VERTEX_POINT('',#12520);
#4029=VERTEX_POINT('',#12522);
#4030=VERTEX_POINT('',#12526);
#4031=VERTEX_POINT('',#12527);
#4032=VERTEX_POINT('',#12530);
#4033=VERTEX_POINT('',#12534);
#4034=VERTEX_POINT('',#12536);
#4035=VERTEX_POINT('',#12540);
#4036=VERTEX_POINT('',#12542);
#4037=VERTEX_POINT('',#12546);
#4038=VERTEX_POINT('',#12548);
#4039=VERTEX_POINT('',#12550);
#4040=VERTEX_POINT('',#12552);
#4041=VERTEX_POINT('',#12554);
#4042=VERTEX_POINT('',#12558);
#4043=VERTEX_POINT('',#12559);
#4044=VERTEX_POINT('',#12561);
#4045=VERTEX_POINT('',#12563);
#4046=VERTEX_POINT('',#12565);
#4047=VERTEX_POINT('',#12569);
#4048=VERTEX_POINT('',#12570);
#4049=VERTEX_POINT('',#12573);
#4050=VERTEX_POINT('',#12577);
#4051=VERTEX_POINT('',#12579);
#4052=VERTEX_POINT('',#12583);
#4053=VERTEX_POINT('',#12586);
#4054=VERTEX_POINT('',#12590);
#4055=VERTEX_POINT('',#12592);
#4056=VERTEX_POINT('',#12606);
#4057=VERTEX_POINT('',#12608);
#4058=VERTEX_POINT('',#12612);
#4059=VERTEX_POINT('',#12622);
#4060=VERTEX_POINT('',#12624);
#4061=VERTEX_POINT('',#12626);
#4062=VERTEX_POINT('',#12630);
#4063=VERTEX_POINT('',#12632);
#4064=VERTEX_POINT('',#12642);
#4065=VERTEX_POINT('',#12644);
#4066=VERTEX_POINT('',#12651);
#4067=VERTEX_POINT('',#12664);
#4068=VERTEX_POINT('',#12666);
#4069=VERTEX_POINT('',#12670);
#4070=VERTEX_POINT('',#12741);
#4071=VERTEX_POINT('',#12742);
#4072=VERTEX_POINT('',#12744);
#4073=VERTEX_POINT('',#12746);
#4074=VERTEX_POINT('',#12750);
#4075=VERTEX_POINT('',#12751);
#4076=VERTEX_POINT('',#12753);
#4077=VERTEX_POINT('',#12756);
#4078=VERTEX_POINT('',#12758);
#4079=VERTEX_POINT('',#12760);
#4080=VERTEX_POINT('',#12764);
#4081=VERTEX_POINT('',#12769);
#4082=LINE('',#10471,#4886);
#4083=LINE('',#10474,#4887);
#4084=LINE('',#10476,#4888);
#4085=LINE('',#10478,#4889);
#4086=LINE('',#10480,#4890);
#4087=LINE('',#10482,#4891);
#4088=LINE('',#10484,#4892);
#4089=LINE('',#10486,#4893);
#4090=LINE('',#10488,#4894);
#4091=LINE('',#10490,#4895);
#4092=LINE('',#10493,#4896);
#4093=LINE('',#10494,#4897);
#4094=LINE('',#10496,#4898);
#4095=LINE('',#10498,#4899);
#4096=LINE('',#10500,#4900);
#4097=LINE('',#10502,#4901);
#4098=LINE('',#10504,#4902);
#4099=LINE('',#10506,#4903);
#4100=LINE('',#10508,#4904);
#4101=LINE('',#10510,#4905);
#4102=LINE('',#10512,#4906);
#4103=LINE('',#10514,#4907);
#4104=LINE('',#10516,#4908);
#4105=LINE('',#10518,#4909);
#4106=LINE('',#10520,#4910);
#4107=LINE('',#10524,#4911);
#4108=LINE('',#10526,#4912);
#4109=LINE('',#10528,#4913);
#4110=LINE('',#10532,#4914);
#4111=LINE('',#10534,#4915);
#4112=LINE('',#10536,#4916);
#4113=LINE('',#10537,#4917);
#4114=LINE('',#10539,#4918);
#4115=LINE('',#10541,#4919);
#4116=LINE('',#10542,#4920);
#4117=LINE('',#10544,#4921);
#4118=LINE('',#10546,#4922);
#4119=LINE('',#10548,#4923);
#4120=LINE('',#10552,#4924);
#4121=LINE('',#10555,#4925);
#4122=LINE('',#10557,#4926);
#4123=LINE('',#10559,#4927);
#4124=LINE('',#10561,#4928);
#4125=LINE('',#10563,#4929);
#4126=LINE('',#10565,#4930);
#4127=LINE('',#10567,#4931);
#4128=LINE('',#10569,#4932);
#4129=LINE('',#10571,#4933);
#4130=LINE('',#10573,#4934);
#4131=LINE('',#10574,#4935);
#4132=LINE('',#10577,#4936);
#4133=LINE('',#10580,#4937);
#4134=LINE('',#10582,#4938);
#4135=LINE('',#10584,#4939);
#4136=LINE('',#10589,#4940);
#4137=LINE('',#10593,#4941);
#4138=LINE('',#10595,#4942);
#4139=LINE('',#10597,#4943);
#4140=LINE('',#10598,#4944);
#4141=LINE('',#10600,#4945);
#4142=LINE('',#10602,#4946);
#4143=LINE('',#10604,#4947);
#4144=LINE('',#10605,#4948);
#4145=LINE('',#10607,#4949);
#4146=LINE('',#10609,#4950);
#4147=LINE('',#10612,#4951);
#4148=LINE('',#10617,#4952);
#4149=LINE('',#10621,#4953);
#4150=LINE('',#10625,#4954);
#4151=LINE('',#10627,#4955);
#4152=LINE('',#10629,#4956);
#4153=LINE('',#10633,#4957);
#4154=LINE('',#10635,#4958);
#4155=LINE('',#10640,#4959);
#4156=LINE('',#10654,#4960);
#4157=LINE('',#10659,#4961);
#4158=LINE('',#10663,#4962);
#4159=LINE('',#10666,#4963);
#4160=LINE('',#10668,#4964);
#4161=LINE('',#10670,#4965);
#4162=LINE('',#10672,#4966);
#4163=LINE('',#10677,#4967);
#4164=LINE('',#10681,#4968);
#4165=LINE('',#10685,#4969);
#4166=LINE('',#10689,#4970);
#4167=LINE('',#10694,#4971);
#4168=LINE('',#10697,#4972);
#4169=LINE('',#10704,#4973);
#4170=LINE('',#10705,#4974);
#4171=LINE('',#10706,#4975);
#4172=LINE('',#10708,#4976);
#4173=LINE('',#10710,#4977);
#4174=LINE('',#10712,#4978);
#4175=LINE('',#10713,#4979);
#4176=LINE('',#10717,#4980);
#4177=LINE('',#10719,#4981);
#4178=LINE('',#10720,#4982);
#4179=LINE('',#10722,#4983);
#4180=LINE('',#10724,#4984);
#4181=LINE('',#10730,#4985);
#4182=LINE('',#10737,#4986);
#4183=LINE('',#10739,#4987);
#4184=LINE('',#10741,#4988);
#4185=LINE('',#10743,#4989);
#4186=LINE('',#10745,#4990);
#4187=LINE('',#10751,#4991);
#4188=LINE('',#10754,#4992);
#4189=LINE('',#10755,#4993);
#4190=LINE('',#10757,#4994);
#4191=LINE('',#10759,#4995);
#4192=LINE('',#10762,#4996);
#4193=LINE('',#10764,#4997);
#4194=LINE('',#10766,#4998);
#4195=LINE('',#10778,#4999);
#4196=LINE('',#10779,#5000);
#4197=LINE('',#10781,#5001);
#4198=LINE('',#10784,#5002);
#4199=LINE('',#10785,#5003);
#4200=LINE('',#10867,#5004);
#4201=LINE('',#10870,#5005);
#4202=LINE('',#10872,#5006);
#4203=LINE('',#10874,#5007);
#4204=LINE('',#10879,#5008);
#4205=LINE('',#10883,#5009);
#4206=LINE('',#10891,#5010);
#4207=LINE('',#10892,#5011);
#4208=LINE('',#10894,#5012);
#4209=LINE('',#10897,#5013);
#4210=LINE('',#10899,#5014);
#4211=LINE('',#10901,#5015);
#4212=LINE('',#10903,#5016);
#4213=LINE('',#10909,#5017);
#4214=LINE('',#10912,#5018);
#4215=LINE('',#10914,#5019);
#4216=LINE('',#10916,#5020);
#4217=LINE('',#10918,#5021);
#4218=LINE('',#10920,#5022);
#4219=LINE('',#10922,#5023);
#4220=LINE('',#10924,#5024);
#4221=LINE('',#10926,#5025);
#4222=LINE('',#10930,#5026);
#4223=LINE('',#10932,#5027);
#4224=LINE('',#10934,#5028);
#4225=LINE('',#10936,#5029);
#4226=LINE('',#10938,#5030);
#4227=LINE('',#10940,#5031);
#4228=LINE('',#10942,#5032);
#4229=LINE('',#10944,#5033);
#4230=LINE('',#10946,#5034);
#4231=LINE('',#10950,#5035);
#4232=LINE('',#10951,#5036);
#4233=LINE('',#10953,#5037);
#4234=LINE('',#10955,#5038);
#4235=LINE('',#10957,#5039);
#4236=LINE('',#10959,#5040);
#4237=LINE('',#10962,#5041);
#4238=LINE('',#10964,#5042);
#4239=LINE('',#10966,#5043);
#4240=LINE('',#10968,#5044);
#4241=LINE('',#10970,#5045);
#4242=LINE('',#10972,#5046);
#4243=LINE('',#10974,#5047);
#4244=LINE('',#10976,#5048);
#4245=LINE('',#10980,#5049);
#4246=LINE('',#10982,#5050);
#4247=LINE('',#10984,#5051);
#4248=LINE('',#10985,#5052);
#4249=LINE('',#10988,#5053);
#4250=LINE('',#10989,#5054);
#4251=LINE('',#10991,#5055);
#4252=LINE('',#10993,#5056);
#4253=LINE('',#10997,#5057);
#4254=LINE('',#10999,#5058);
#4255=LINE('',#11000,#5059);
#4256=LINE('',#11002,#5060);
#4257=LINE('',#11003,#5061);
#4258=LINE('',#11005,#5062);
#4259=LINE('',#11007,#5063);
#4260=LINE('',#11009,#5064);
#4261=LINE('',#11010,#5065);
#4262=LINE('',#11012,#5066);
#4263=LINE('',#11015,#5067);
#4264=LINE('',#11017,#5068);
#4265=LINE('',#11019,#5069);
#4266=LINE('',#11021,#5070);
#4267=LINE('',#11023,#5071);
#4268=LINE('',#11025,#5072);
#4269=LINE('',#11027,#5073);
#4270=LINE('',#11029,#5074);
#4271=LINE('',#11031,#5075);
#4272=LINE('',#11034,#5076);
#4273=LINE('',#11036,#5077);
#4274=LINE('',#11038,#5078);
#4275=LINE('',#11039,#5079);
#4276=LINE('',#11041,#5080);
#4277=LINE('',#11043,#5081);
#4278=LINE('',#11045,#5082);
#4279=LINE('',#11047,#5083);
#4280=LINE('',#11049,#5084);
#4281=LINE('',#11051,#5085);
#4282=LINE('',#11053,#5086);
#4283=LINE('',#11055,#5087);
#4284=LINE('',#11057,#5088);
#4285=LINE('',#11059,#5089);
#4286=LINE('',#11063,#5090);
#4287=LINE('',#11065,#5091);
#4288=LINE('',#11067,#5092);
#4289=LINE('',#11069,#5093);
#4290=LINE('',#11071,#5094);
#4291=LINE('',#11075,#5095);
#4292=LINE('',#11077,#5096);
#4293=LINE('',#11078,#5097);
#4294=LINE('',#11080,#5098);
#4295=LINE('',#11082,#5099);
#4296=LINE('',#11084,#5100);
#4297=LINE('',#11085,#5101);
#4298=LINE('',#11087,#5102);
#4299=LINE('',#11089,#5103);
#4300=LINE('',#11093,#5104);
#4301=LINE('',#11096,#5105);
#4302=LINE('',#11098,#5106);
#4303=LINE('',#11100,#5107);
#4304=LINE('',#11102,#5108);
#4305=LINE('',#11104,#5109);
#4306=LINE('',#11106,#5110);
#4307=LINE('',#11108,#5111);
#4308=LINE('',#11110,#5112);
#4309=LINE('',#11112,#5113);
#4310=LINE('',#11114,#5114);
#4311=LINE('',#11115,#5115);
#4312=LINE('',#11118,#5116);
#4313=LINE('',#11121,#5117);
#4314=LINE('',#11123,#5118);
#4315=LINE('',#11125,#5119);
#4316=LINE('',#11130,#5120);
#4317=LINE('',#11134,#5121);
#4318=LINE('',#11136,#5122);
#4319=LINE('',#11138,#5123);
#4320=LINE('',#11139,#5124);
#4321=LINE('',#11141,#5125);
#4322=LINE('',#11143,#5126);
#4323=LINE('',#11145,#5127);
#4324=LINE('',#11147,#5128);
#4325=LINE('',#11148,#5129);
#4326=LINE('',#11150,#5130);
#4327=LINE('',#11153,#5131);
#4328=LINE('',#11158,#5132);
#4329=LINE('',#11160,#5133);
#4330=LINE('',#11164,#5134);
#4331=LINE('',#11166,#5135);
#4332=LINE('',#11168,#5136);
#4333=LINE('',#11172,#5137);
#4334=LINE('',#11176,#5138);
#4335=LINE('',#11193,#5139);
#4336=LINE('',#11195,#5140);
#4337=LINE('',#11200,#5141);
#4338=LINE('',#11204,#5142);
#4339=LINE('',#11207,#5143);
#4340=LINE('',#11209,#5144);
#4341=LINE('',#11211,#5145);
#4342=LINE('',#11213,#5146);
#4343=LINE('',#11218,#5147);
#4344=LINE('',#11222,#5148);
#4345=LINE('',#11226,#5149);
#4346=LINE('',#11230,#5150);
#4347=LINE('',#11237,#5151);
#4348=LINE('',#11240,#5152);
#4349=LINE('',#11245,#5153);
#4350=LINE('',#11246,#5154);
#4351=LINE('',#11247,#5155);
#4352=LINE('',#11249,#5156);
#4353=LINE('',#11251,#5157);
#4354=LINE('',#11253,#5158);
#4355=LINE('',#11255,#5159);
#4356=LINE('',#11259,#5160);
#4357=LINE('',#11260,#5161);
#4358=LINE('',#11262,#5162);
#4359=LINE('',#11264,#5163);
#4360=LINE('',#11266,#5164);
#4361=LINE('',#11268,#5165);
#4362=LINE('',#11269,#5166);
#4363=LINE('',#11271,#5167);
#4364=LINE('',#11282,#5168);
#4365=LINE('',#11284,#5169);
#4366=LINE('',#11286,#5170);
#4367=LINE('',#11288,#5171);
#4368=LINE('',#11290,#5172);
#4369=LINE('',#11292,#5173);
#4370=LINE('',#11298,#5174);
#4371=LINE('',#11301,#5175);
#4372=LINE('',#11303,#5176);
#4373=LINE('',#11304,#5177);
#4374=LINE('',#11306,#5178);
#4375=LINE('',#11309,#5179);
#4376=LINE('',#11311,#5180);
#4377=LINE('',#11313,#5181);
#4378=LINE('',#11325,#5182);
#4379=LINE('',#11326,#5183);
#4380=LINE('',#11328,#5184);
#4381=LINE('',#11333,#5185);
#4382=LINE('',#11334,#5186);
#4383=LINE('',#11411,#5187);
#4384=LINE('',#11412,#5188);
#4385=LINE('',#11414,#5189);
#4386=LINE('',#11417,#5190);
#4387=LINE('',#11419,#5191);
#4388=LINE('',#11421,#5192);
#4389=LINE('',#11426,#5193);
#4390=LINE('',#11430,#5194);
#4391=LINE('',#11438,#5195);
#4392=LINE('',#11439,#5196);
#4393=LINE('',#11441,#5197);
#4394=LINE('',#11444,#5198);
#4395=LINE('',#11446,#5199);
#4396=LINE('',#11448,#5200);
#4397=LINE('',#11450,#5201);
#4398=LINE('',#11456,#5202);
#4399=LINE('',#11457,#5203);
#4400=LINE('',#11459,#5204);
#4401=LINE('',#11462,#5205);
#4402=LINE('',#11464,#5206);
#4403=LINE('',#11466,#5207);
#4404=LINE('',#11468,#5208);
#4405=LINE('',#11472,#5209);
#4406=LINE('',#11474,#5210);
#4407=LINE('',#11476,#5211);
#4408=LINE('',#11478,#5212);
#4409=LINE('',#11480,#5213);
#4410=LINE('',#11482,#5214);
#4411=LINE('',#11484,#5215);
#4412=LINE('',#11486,#5216);
#4413=LINE('',#11487,#5217);
#4414=LINE('',#11489,#5218);
#4415=LINE('',#11492,#5219);
#4416=LINE('',#11494,#5220);
#4417=LINE('',#11496,#5221);
#4418=LINE('',#11498,#5222);
#4419=LINE('',#11500,#5223);
#4420=LINE('',#11504,#5224);
#4421=LINE('',#11506,#5225);
#4422=LINE('',#11507,#5226);
#4423=LINE('',#11509,#5227);
#4424=LINE('',#11511,#5228);
#4425=LINE('',#11513,#5229);
#4426=LINE('',#11514,#5230);
#4427=LINE('',#11515,#5231);
#4428=LINE('',#11517,#5232);
#4429=LINE('',#11520,#5233);
#4430=LINE('',#11522,#5234);
#4431=LINE('',#11524,#5235);
#4432=LINE('',#11526,#5236);
#4433=LINE('',#11528,#5237);
#4434=LINE('',#11530,#5238);
#4435=LINE('',#11532,#5239);
#4436=LINE('',#11534,#5240);
#4437=LINE('',#11536,#5241);
#4438=LINE('',#11538,#5242);
#4439=LINE('',#11540,#5243);
#4440=LINE('',#11544,#5244);
#4441=LINE('',#11547,#5245);
#4442=LINE('',#11548,#5246);
#4443=LINE('',#11550,#5247);
#4444=LINE('',#11552,#5248);
#4445=LINE('',#11554,#5249);
#4446=LINE('',#11558,#5250);
#4447=LINE('',#11560,#5251);
#4448=LINE('',#11561,#5252);
#4449=LINE('',#11563,#5253);
#4450=LINE('',#11566,#5254);
#4451=LINE('',#11567,#5255);
#4452=LINE('',#11569,#5256);
#4453=LINE('',#11571,#5257);
#4454=LINE('',#11573,#5258);
#4455=LINE('',#11574,#5259);
#4456=LINE('',#11576,#5260);
#4457=LINE('',#11579,#5261);
#4458=LINE('',#11581,#5262);
#4459=LINE('',#11583,#5263);
#4460=LINE('',#11585,#5264);
#4461=LINE('',#11587,#5265);
#4462=LINE('',#11589,#5266);
#4463=LINE('',#11591,#5267);
#4464=LINE('',#11593,#5268);
#4465=LINE('',#11595,#5269);
#4466=LINE('',#11598,#5270);
#4467=LINE('',#11600,#5271);
#4468=LINE('',#11602,#5272);
#4469=LINE('',#11603,#5273);
#4470=LINE('',#11605,#5274);
#4471=LINE('',#11607,#5275);
#4472=LINE('',#11609,#5276);
#4473=LINE('',#11611,#5277);
#4474=LINE('',#11613,#5278);
#4475=LINE('',#11615,#5279);
#4476=LINE('',#11617,#5280);
#4477=LINE('',#11619,#5281);
#4478=LINE('',#11621,#5282);
#4479=LINE('',#11623,#5283);
#4480=LINE('',#11627,#5284);
#4481=LINE('',#11629,#5285);
#4482=LINE('',#11631,#5286);
#4483=LINE('',#11633,#5287);
#4484=LINE('',#11635,#5288);
#4485=LINE('',#11639,#5289);
#4486=LINE('',#11641,#5290);
#4487=LINE('',#11642,#5291);
#4488=LINE('',#11644,#5292);
#4489=LINE('',#11646,#5293);
#4490=LINE('',#11648,#5294);
#4491=LINE('',#11649,#5295);
#4492=LINE('',#11651,#5296);
#4493=LINE('',#11653,#5297);
#4494=LINE('',#11657,#5298);
#4495=LINE('',#11660,#5299);
#4496=LINE('',#11662,#5300);
#4497=LINE('',#11664,#5301);
#4498=LINE('',#11666,#5302);
#4499=LINE('',#11668,#5303);
#4500=LINE('',#11670,#5304);
#4501=LINE('',#11672,#5305);
#4502=LINE('',#11674,#5306);
#4503=LINE('',#11676,#5307);
#4504=LINE('',#11678,#5308);
#4505=LINE('',#11679,#5309);
#4506=LINE('',#11682,#5310);
#4507=LINE('',#11685,#5311);
#4508=LINE('',#11687,#5312);
#4509=LINE('',#11689,#5313);
#4510=LINE('',#11694,#5314);
#4511=LINE('',#11698,#5315);
#4512=LINE('',#11700,#5316);
#4513=LINE('',#11702,#5317);
#4514=LINE('',#11703,#5318);
#4515=LINE('',#11705,#5319);
#4516=LINE('',#11707,#5320);
#4517=LINE('',#11709,#5321);
#4518=LINE('',#11711,#5322);
#4519=LINE('',#11712,#5323);
#4520=LINE('',#11714,#5324);
#4521=LINE('',#11717,#5325);
#4522=LINE('',#11722,#5326);
#4523=LINE('',#11724,#5327);
#4524=LINE('',#11728,#5328);
#4525=LINE('',#11730,#5329);
#4526=LINE('',#11732,#5330);
#4527=LINE('',#11736,#5331);
#4528=LINE('',#11740,#5332);
#4529=LINE('',#11742,#5333);
#4530=LINE('',#11743,#5334);
#4531=LINE('',#11745,#5335);
#4532=LINE('',#11746,#5336);
#4533=LINE('',#11748,#5337);
#4534=LINE('',#11749,#5338);
#4535=LINE('',#11751,#5339);
#4536=LINE('',#11755,#5340);
#4537=LINE('',#11772,#5341);
#4538=LINE('',#11773,#5342);
#4539=LINE('',#11775,#5343);
#4540=LINE('',#11780,#5344);
#4541=LINE('',#11784,#5345);
#4542=LINE('',#11787,#5346);
#4543=LINE('',#11789,#5347);
#4544=LINE('',#11791,#5348);
#4545=LINE('',#11793,#5349);
#4546=LINE('',#11798,#5350);
#4547=LINE('',#11802,#5351);
#4548=LINE('',#11806,#5352);
#4549=LINE('',#11810,#5353);
#4550=LINE('',#11817,#5354);
#4551=LINE('',#11820,#5355);
#4552=LINE('',#11825,#5356);
#4553=LINE('',#11826,#5357);
#4554=LINE('',#11827,#5358);
#4555=LINE('',#11829,#5359);
#4556=LINE('',#11833,#5360);
#4557=LINE('',#11834,#5361);
#4558=LINE('',#11836,#5362);
#4559=LINE('',#11838,#5363);
#4560=LINE('',#11840,#5364);
#4561=LINE('',#11842,#5365);
#4562=LINE('',#11843,#5366);
#4563=LINE('',#11845,#5367);
#4564=LINE('',#11856,#5368);
#4565=LINE('',#11858,#5369);
#4566=LINE('',#11860,#5370);
#4567=LINE('',#11862,#5371);
#4568=LINE('',#11864,#5372);
#4569=LINE('',#11866,#5373);
#4570=LINE('',#11872,#5374);
#4571=LINE('',#11875,#5375);
#4572=LINE('',#11877,#5376);
#4573=LINE('',#11878,#5377);
#4574=LINE('',#11880,#5378);
#4575=LINE('',#11883,#5379);
#4576=LINE('',#11885,#5380);
#4577=LINE('',#11887,#5381);
#4578=LINE('',#11899,#5382);
#4579=LINE('',#11900,#5383);
#4580=LINE('',#11902,#5384);
#4581=LINE('',#11907,#5385);
#4582=LINE('',#11908,#5386);
#4583=LINE('',#11985,#5387);
#4584=LINE('',#11988,#5388);
#4585=LINE('',#11990,#5389);
#4586=LINE('',#11992,#5390);
#4587=LINE('',#11997,#5391);
#4588=LINE('',#12001,#5392);
#4589=LINE('',#12009,#5393);
#4590=LINE('',#12010,#5394);
#4591=LINE('',#12012,#5395);
#4592=LINE('',#12015,#5396);
#4593=LINE('',#12017,#5397);
#4594=LINE('',#12019,#5398);
#4595=LINE('',#12021,#5399);
#4596=LINE('',#12027,#5400);
#4597=LINE('',#12030,#5401);
#4598=LINE('',#12032,#5402);
#4599=LINE('',#12034,#5403);
#4600=LINE('',#12036,#5404);
#4601=LINE('',#12040,#5405);
#4602=LINE('',#12042,#5406);
#4603=LINE('',#12044,#5407);
#4604=LINE('',#12046,#5408);
#4605=LINE('',#12048,#5409);
#4606=LINE('',#12050,#5410);
#4607=LINE('',#12052,#5411);
#4608=LINE('',#12054,#5412);
#4609=LINE('',#12056,#5413);
#4610=LINE('',#12058,#5414);
#4611=LINE('',#12060,#5415);
#4612=LINE('',#12062,#5416);
#4613=LINE('',#12066,#5417);
#4614=LINE('',#12068,#5418);
#4615=LINE('',#12069,#5419);
#4616=LINE('',#12071,#5420);
#4617=LINE('',#12073,#5421);
#4618=LINE('',#12075,#5422);
#4619=LINE('',#12078,#5423);
#4620=LINE('',#12080,#5424);
#4621=LINE('',#12082,#5425);
#4622=LINE('',#12084,#5426);
#4623=LINE('',#12086,#5427);
#4624=LINE('',#12088,#5428);
#4625=LINE('',#12090,#5429);
#4626=LINE('',#12092,#5430);
#4627=LINE('',#12094,#5431);
#4628=LINE('',#12096,#5432);
#4629=LINE('',#12098,#5433);
#4630=LINE('',#12102,#5434);
#4631=LINE('',#12103,#5435);
#4632=LINE('',#12106,#5436);
#4633=LINE('',#12107,#5437);
#4634=LINE('',#12109,#5438);
#4635=LINE('',#12111,#5439);
#4636=LINE('',#12115,#5440);
#4637=LINE('',#12117,#5441);
#4638=LINE('',#12118,#5442);
#4639=LINE('',#12120,#5443);
#4640=LINE('',#12121,#5444);
#4641=LINE('',#12123,#5445);
#4642=LINE('',#12125,#5446);
#4643=LINE('',#12127,#5447);
#4644=LINE('',#12128,#5448);
#4645=LINE('',#12130,#5449);
#4646=LINE('',#12132,#5450);
#4647=LINE('',#12133,#5451);
#4648=LINE('',#12135,#5452);
#4649=LINE('',#12136,#5453);
#4650=LINE('',#12139,#5454);
#4651=LINE('',#12145,#5455);
#4652=LINE('',#12146,#5456);
#4653=LINE('',#12148,#5457);
#4654=LINE('',#12149,#5458);
#4655=LINE('',#12151,#5459);
#4656=LINE('',#12152,#5460);
#4657=LINE('',#12154,#5461);
#4658=LINE('',#12156,#5462);
#4659=LINE('',#12159,#5463);
#4660=LINE('',#12160,#5464);
#4661=LINE('',#12161,#5465);
#4662=LINE('',#12162,#5466);
#4663=LINE('',#12163,#5467);
#4664=LINE('',#12165,#5468);
#4665=LINE('',#12168,#5469);
#4666=LINE('',#12170,#5470);
#4667=LINE('',#12172,#5471);
#4668=LINE('',#12174,#5472);
#4669=LINE('',#12176,#5473);
#4670=LINE('',#12178,#5474);
#4671=LINE('',#12180,#5475);
#4672=LINE('',#12182,#5476);
#4673=LINE('',#12184,#5477);
#4674=LINE('',#12187,#5478);
#4675=LINE('',#12188,#5479);
#4676=LINE('',#12190,#5480);
#4677=LINE('',#12192,#5481);
#4678=LINE('',#12194,#5482);
#4679=LINE('',#12196,#5483);
#4680=LINE('',#12198,#5484);
#4681=LINE('',#12200,#5485);
#4682=LINE('',#12202,#5486);
#4683=LINE('',#12204,#5487);
#4684=LINE('',#12206,#5488);
#4685=LINE('',#12208,#5489);
#4686=LINE('',#12210,#5490);
#4687=LINE('',#12212,#5491);
#4688=LINE('',#12214,#5492);
#4689=LINE('',#12218,#5493);
#4690=LINE('',#12220,#5494);
#4691=LINE('',#12222,#5495);
#4692=LINE('',#12226,#5496);
#4693=LINE('',#12228,#5497);
#4694=LINE('',#12230,#5498);
#4695=LINE('',#12231,#5499);
#4696=LINE('',#12233,#5500);
#4697=LINE('',#12235,#5501);
#4698=LINE('',#12236,#5502);
#4699=LINE('',#12238,#5503);
#4700=LINE('',#12240,#5504);
#4701=LINE('',#12242,#5505);
#4702=LINE('',#12246,#5506);
#4703=LINE('',#12249,#5507);
#4704=LINE('',#12251,#5508);
#4705=LINE('',#12253,#5509);
#4706=LINE('',#12255,#5510);
#4707=LINE('',#12257,#5511);
#4708=LINE('',#12259,#5512);
#4709=LINE('',#12261,#5513);
#4710=LINE('',#12263,#5514);
#4711=LINE('',#12265,#5515);
#4712=LINE('',#12267,#5516);
#4713=LINE('',#12268,#5517);
#4714=LINE('',#12271,#5518);
#4715=LINE('',#12274,#5519);
#4716=LINE('',#12276,#5520);
#4717=LINE('',#12278,#5521);
#4718=LINE('',#12283,#5522);
#4719=LINE('',#12287,#5523);
#4720=LINE('',#12289,#5524);
#4721=LINE('',#12291,#5525);
#4722=LINE('',#12292,#5526);
#4723=LINE('',#12294,#5527);
#4724=LINE('',#12296,#5528);
#4725=LINE('',#12298,#5529);
#4726=LINE('',#12299,#5530);
#4727=LINE('',#12301,#5531);
#4728=LINE('',#12303,#5532);
#4729=LINE('',#12306,#5533);
#4730=LINE('',#12311,#5534);
#4731=LINE('',#12315,#5535);
#4732=LINE('',#12319,#5536);
#4733=LINE('',#12321,#5537);
#4734=LINE('',#12323,#5538);
#4735=LINE('',#12327,#5539);
#4736=LINE('',#12329,#5540);
#4737=LINE('',#12331,#5541);
#4738=LINE('',#12332,#5542);
#4739=LINE('',#12334,#5543);
#4740=LINE('',#12335,#5544);
#4741=LINE('',#12337,#5545);
#4742=LINE('',#12338,#5546);
#4743=LINE('',#12340,#5547);
#4744=LINE('',#12347,#5548);
#4745=LINE('',#12361,#5549);
#4746=LINE('',#12362,#5550);
#4747=LINE('',#12364,#5551);
#4748=LINE('',#12367,#5552);
#4749=LINE('',#12368,#5553);
#4750=LINE('',#12370,#5554);
#4751=LINE('',#12372,#5555);
#4752=LINE('',#12374,#5556);
#4753=LINE('',#12376,#5557);
#4754=LINE('',#12378,#5558);
#4755=LINE('',#12380,#5559);
#4756=LINE('',#12383,#5560);
#4757=LINE('',#12385,#5561);
#4758=LINE('',#12386,#5562);
#4759=LINE('',#12388,#5563);
#4760=LINE('',#12390,#5564);
#4761=LINE('',#12392,#5565);
#4762=LINE('',#12394,#5566);
#4763=LINE('',#12396,#5567);
#4764=LINE('',#12398,#5568);
#4765=LINE('',#12401,#5569);
#4766=LINE('',#12405,#5570);
#4767=LINE('',#12406,#5571);
#4768=LINE('',#12408,#5572);
#4769=LINE('',#12410,#5573);
#4770=LINE('',#12411,#5574);
#4771=LINE('',#12416,#5575);
#4772=LINE('',#12418,#5576);
#4773=LINE('',#12420,#5577);
#4774=LINE('',#12422,#5578);
#4775=LINE('',#12424,#5579);
#4776=LINE('',#12426,#5580);
#4777=LINE('',#12427,#5581);
#4778=LINE('',#12434,#5582);
#4779=LINE('',#12435,#5583);
#4780=LINE('',#12439,#5584);
#4781=LINE('',#12441,#5585);
#4782=LINE('',#12443,#5586);
#4783=LINE('',#12445,#5587);
#4784=LINE('',#12449,#5588);
#4785=LINE('',#12463,#5589);
#4786=LINE('',#12469,#5590);
#4787=LINE('',#12471,#5591);
#4788=LINE('',#12473,#5592);
#4789=LINE('',#12475,#5593);
#4790=LINE('',#12479,#5594);
#4791=LINE('',#12481,#5595);
#4792=LINE('',#12483,#5596);
#4793=LINE('',#12485,#5597);
#4794=LINE('',#12490,#5598);
#4795=LINE('',#12494,#5599);
#4796=LINE('',#12495,#5600);
#4797=LINE('',#12496,#5601);
#4798=LINE('',#12497,#5602);
#4799=LINE('',#12499,#5603);
#4800=LINE('',#12503,#5604);
#4801=LINE('',#12505,#5605);
#4802=LINE('',#12506,#5606);
#4803=LINE('',#12508,#5607);
#4804=LINE('',#12510,#5608);
#4805=LINE('',#12512,#5609);
#4806=LINE('',#12513,#5610);
#4807=LINE('',#12515,#5611);
#4808=LINE('',#12517,#5612);
#4809=LINE('',#12519,#5613);
#4810=LINE('',#12521,#5614);
#4811=LINE('',#12523,#5615);
#4812=LINE('',#12525,#5616);
#4813=LINE('',#12528,#5617);
#4814=LINE('',#12529,#5618);
#4815=LINE('',#12533,#5619);
#4816=LINE('',#12539,#5620);
#4817=LINE('',#12541,#5621);
#4818=LINE('',#12543,#5622);
#4819=LINE('',#12545,#5623);
#4820=LINE('',#12547,#5624);
#4821=LINE('',#12549,#5625);
#4822=LINE('',#12551,#5626);
#4823=LINE('',#12553,#5627);
#4824=LINE('',#12555,#5628);
#4825=LINE('',#12557,#5629);
#4826=LINE('',#12560,#5630);
#4827=LINE('',#12562,#5631);
#4828=LINE('',#12566,#5632);
#4829=LINE('',#12568,#5633);
#4830=LINE('',#12571,#5634);
#4831=LINE('',#12572,#5635);
#4832=LINE('',#12574,#5636);
#4833=LINE('',#12576,#5637);
#4834=LINE('',#12578,#5638);
#4835=LINE('',#12580,#5639);
#4836=LINE('',#12582,#5640);
#4837=LINE('',#12584,#5641);
#4838=LINE('',#12585,#5642);
#4839=LINE('',#12587,#5643);
#4840=LINE('',#12591,#5644);
#4841=LINE('',#12593,#5645);
#4842=LINE('',#12599,#5646);
#4843=LINE('',#12605,#5647);
#4844=LINE('',#12607,#5648);
#4845=LINE('',#12609,#5649);
#4846=LINE('',#12611,#5650);
#4847=LINE('',#12613,#5651);
#4848=LINE('',#12614,#5652);
#4849=LINE('',#12618,#5653);
#4850=LINE('',#12619,#5654);
#4851=LINE('',#12621,#5655);
#4852=LINE('',#12623,#5656);
#4853=LINE('',#12625,#5657);
#4854=LINE('',#12629,#5658);
#4855=LINE('',#12631,#5659);
#4856=LINE('',#12633,#5660);
#4857=LINE('',#12650,#5661);
#4858=LINE('',#12652,#5662);
#4859=LINE('',#12654,#5663);
#4860=LINE('',#12655,#5664);
#4861=LINE('',#12658,#5665);
#4862=LINE('',#12660,#5666);
#4863=LINE('',#12667,#5667);
#4864=LINE('',#12673,#5668);
#4865=LINE('',#12733,#5669);
#4866=LINE('',#12735,#5670);
#4867=LINE('',#12737,#5671);
#4868=LINE('',#12740,#5672);
#4869=LINE('',#12743,#5673);
#4870=LINE('',#12745,#5674);
#4871=LINE('',#12747,#5675);
#4872=LINE('',#12749,#5676);
#4873=LINE('',#12754,#5677);
#4874=LINE('',#12755,#5678);
#4875=LINE('',#12759,#5679);
#4876=LINE('',#12761,#5680);
#4877=LINE('',#12763,#5681);
#4878=LINE('',#12765,#5682);
#4879=LINE('',#12766,#5683);
#4880=LINE('',#12768,#5684);
#4881=LINE('',#12770,#5685);
#4882=LINE('',#12771,#5686);
#4883=LINE('',#12774,#5687);
#4884=LINE('',#12779,#5688);
#4885=LINE('',#12782,#5689);
#4886=VECTOR('',#8573,1.);
#4887=VECTOR('',#8574,1.);
#4888=VECTOR('',#8575,1.);
#4889=VECTOR('',#8576,1.);
#4890=VECTOR('',#8577,1.);
#4891=VECTOR('',#8578,1.);
#4892=VECTOR('',#8581,1.);
#4893=VECTOR('',#8582,1.);
#4894=VECTOR('',#8583,1.);
#4895=VECTOR('',#8586,1.);
#4896=VECTOR('',#8587,1.);
#4897=VECTOR('',#8588,1.);
#4898=VECTOR('',#8589,1.);
#4899=VECTOR('',#8590,1.);
#4900=VECTOR('',#8593,1.);
#4901=VECTOR('',#8594,1.);
#4902=VECTOR('',#8595,1.);
#4903=VECTOR('',#8596,1.);
#4904=VECTOR('',#8599,1.);
#4905=VECTOR('',#8600,1.);
#4906=VECTOR('',#8601,1.);
#4907=VECTOR('',#8602,1.);
#4908=VECTOR('',#8605,1.);
#4909=VECTOR('',#8606,1.);
#4910=VECTOR('',#8607,1.);
#4911=VECTOR('',#8610,1.);
#4912=VECTOR('',#8613,1.);
#4913=VECTOR('',#8614,1.);
#4914=VECTOR('',#8617,1.);
#4915=VECTOR('',#8618,1.);
#4916=VECTOR('',#8621,1.);
#4917=VECTOR('',#8622,1.);
#4918=VECTOR('',#8625,1.);
#4919=VECTOR('',#8626,1.);
#4920=VECTOR('',#8627,1.);
#4921=VECTOR('',#8628,1.);
#4922=VECTOR('',#8631,1.);
#4923=VECTOR('',#8634,1.);
#4924=VECTOR('',#8641,1.);
#4925=VECTOR('',#8642,1.);
#4926=VECTOR('',#8643,1.);
#4927=VECTOR('',#8644,1.);
#4928=VECTOR('',#8647,1.);
#4929=VECTOR('',#8648,1.);
#4930=VECTOR('',#8649,1.);
#4931=VECTOR('',#8652,1.);
#4932=VECTOR('',#8653,1.);
#4933=VECTOR('',#8654,1.);
#4934=VECTOR('',#8657,1.);
#4935=VECTOR('',#8658,1.);
#4936=VECTOR('',#8663,1.);
#4937=VECTOR('',#8664,1.);
#4938=VECTOR('',#8665,1.);
#4939=VECTOR('',#8666,1.);
#4940=VECTOR('',#8671,1.);
#4941=VECTOR('',#8674,1.);
#4942=VECTOR('',#8677,1.);
#4943=VECTOR('',#8678,1.);
#4944=VECTOR('',#8679,1.);
#4945=VECTOR('',#8680,1.);
#4946=VECTOR('',#8683,1.);
#4947=VECTOR('',#8684,1.);
#4948=VECTOR('',#8685,1.);
#4949=VECTOR('',#8686,1.);
#4950=VECTOR('',#8689,1.);
#4951=VECTOR('',#8694,1.);
#4952=VECTOR('',#8699,1.);
#4953=VECTOR('',#8702,1.);
#4954=VECTOR('',#8705,1.);
#4955=VECTOR('',#8706,1.);
#4956=VECTOR('',#8707,1.);
#4957=VECTOR('',#8710,1.);
#4958=VECTOR('',#8711,1.);
#4959=VECTOR('',#8716,1.);
#4960=VECTOR('',#8721,1.);
#4961=VECTOR('',#8724,1.);
#4962=VECTOR('',#8729,1.);
#4963=VECTOR('',#8730,1.);
#4964=VECTOR('',#8731,1.);
#4965=VECTOR('',#8732,1.);
#4966=VECTOR('',#8735,1.);
#4967=VECTOR('',#8738,1.);
#4968=VECTOR('',#8743,1.);
#4969=VECTOR('',#8746,1.);
#4970=VECTOR('',#8749,1.);
#4971=VECTOR('',#8754,1.);
#4972=VECTOR('',#8757,1.);
#4973=VECTOR('',#8764,1.);
#4974=VECTOR('',#8765,1.);
#4975=VECTOR('',#8766,1.);
#4976=VECTOR('',#8769,1.);
#4977=VECTOR('',#8770,1.);
#4978=VECTOR('',#8771,1.);
#4979=VECTOR('',#8772,1.);
#4980=VECTOR('',#8777,1.);
#4981=VECTOR('',#8778,1.);
#4982=VECTOR('',#8779,1.);
#4983=VECTOR('',#8780,1.);
#4984=VECTOR('',#8783,1.);
#4985=VECTOR('',#8790,1.);
#4986=VECTOR('',#8793,1.);
#4987=VECTOR('',#8794,1.);
#4988=VECTOR('',#8795,1.);
#4989=VECTOR('',#8796,1.);
#4990=VECTOR('',#8799,1.);
#4991=VECTOR('',#8806,1.);
#4992=VECTOR('',#8807,1.);
#4993=VECTOR('',#8808,1.);
#4994=VECTOR('',#8809,1.);
#4995=VECTOR('',#8812,1.);
#4996=VECTOR('',#8813,1.);
#4997=VECTOR('',#8814,1.);
#4998=VECTOR('',#8815,1.);
#4999=VECTOR('',#8828,1.);
#5000=VECTOR('',#8829,1.);
#5001=VECTOR('',#8832,1.);
#5002=VECTOR('',#8833,1.);
#5003=VECTOR('',#8834,1.);
#5004=VECTOR('',#8855,1.);
#5005=VECTOR('',#8856,1.);
#5006=VECTOR('',#8857,1.);
#5007=VECTOR('',#8858,1.);
#5008=VECTOR('',#8863,1.);
#5009=VECTOR('',#8866,1.);
#5010=VECTOR('',#8877,1.);
#5011=VECTOR('',#8878,1.);
#5012=VECTOR('',#8881,1.);
#5013=VECTOR('',#8882,1.);
#5014=VECTOR('',#8883,1.);
#5015=VECTOR('',#8884,1.);
#5016=VECTOR('',#8887,1.);
#5017=VECTOR('',#8894,1.);
#5018=VECTOR('',#8895,1.);
#5019=VECTOR('',#8896,1.);
#5020=VECTOR('',#8897,1.);
#5021=VECTOR('',#8900,1.);
#5022=VECTOR('',#8901,1.);
#5023=VECTOR('',#8902,1.);
#5024=VECTOR('',#8903,1.);
#5025=VECTOR('',#8904,1.);
#5026=VECTOR('',#8909,1.);
#5027=VECTOR('',#8910,1.);
#5028=VECTOR('',#8911,1.);
#5029=VECTOR('',#8914,1.);
#5030=VECTOR('',#8915,1.);
#5031=VECTOR('',#8916,1.);
#5032=VECTOR('',#8917,1.);
#5033=VECTOR('',#8920,1.);
#5034=VECTOR('',#8921,1.);
#5035=VECTOR('',#8926,1.);
#5036=VECTOR('',#8927,1.);
#5037=VECTOR('',#8928,1.);
#5038=VECTOR('',#8929,1.);
#5039=VECTOR('',#8932,1.);
#5040=VECTOR('',#8933,1.);
#5041=VECTOR('',#8938,1.);
#5042=VECTOR('',#8939,1.);
#5043=VECTOR('',#8942,1.);
#5044=VECTOR('',#8943,1.);
#5045=VECTOR('',#8946,1.);
#5046=VECTOR('',#8947,1.);
#5047=VECTOR('',#8948,1.);
#5048=VECTOR('',#8951,1.);
#5049=VECTOR('',#8954,1.);
#5050=VECTOR('',#8955,1.);
#5051=VECTOR('',#8958,1.);
#5052=VECTOR('',#8959,1.);
#5053=VECTOR('',#8964,1.);
#5054=VECTOR('',#8965,1.);
#5055=VECTOR('',#8968,1.);
#5056=VECTOR('',#8971,1.);
#5057=VECTOR('',#8974,1.);
#5058=VECTOR('',#8977,1.);
#5059=VECTOR('',#8978,1.);
#5060=VECTOR('',#8981,1.);
#5061=VECTOR('',#8982,1.);
#5062=VECTOR('',#8985,1.);
#5063=VECTOR('',#8988,1.);
#5064=VECTOR('',#8991,1.);
#5065=VECTOR('',#8992,1.);
#5066=VECTOR('',#8995,1.);
#5067=VECTOR('',#8996,1.);
#5068=VECTOR('',#8997,1.);
#5069=VECTOR('',#8998,1.);
#5070=VECTOR('',#8999,1.);
#5071=VECTOR('',#9000,1.);
#5072=VECTOR('',#9003,1.);
#5073=VECTOR('',#9004,1.);
#5074=VECTOR('',#9005,1.);
#5075=VECTOR('',#9008,1.);
#5076=VECTOR('',#9009,1.);
#5077=VECTOR('',#9010,1.);
#5078=VECTOR('',#9011,1.);
#5079=VECTOR('',#9012,1.);
#5080=VECTOR('',#9015,1.);
#5081=VECTOR('',#9016,1.);
#5082=VECTOR('',#9017,1.);
#5083=VECTOR('',#9018,1.);
#5084=VECTOR('',#9021,1.);
#5085=VECTOR('',#9022,1.);
#5086=VECTOR('',#9023,1.);
#5087=VECTOR('',#9024,1.);
#5088=VECTOR('',#9027,1.);
#5089=VECTOR('',#9028,1.);
#5090=VECTOR('',#9031,1.);
#5091=VECTOR('',#9032,1.);
#5092=VECTOR('',#9035,1.);
#5093=VECTOR('',#9036,1.);
#5094=VECTOR('',#9037,1.);
#5095=VECTOR('',#9040,1.);
#5096=VECTOR('',#9043,1.);
#5097=VECTOR('',#9044,1.);
#5098=VECTOR('',#9047,1.);
#5099=VECTOR('',#9048,1.);
#5100=VECTOR('',#9049,1.);
#5101=VECTOR('',#9050,1.);
#5102=VECTOR('',#9053,1.);
#5103=VECTOR('',#9056,1.);
#5104=VECTOR('',#9063,1.);
#5105=VECTOR('',#9064,1.);
#5106=VECTOR('',#9065,1.);
#5107=VECTOR('',#9066,1.);
#5108=VECTOR('',#9069,1.);
#5109=VECTOR('',#9070,1.);
#5110=VECTOR('',#9071,1.);
#5111=VECTOR('',#9074,1.);
#5112=VECTOR('',#9075,1.);
#5113=VECTOR('',#9076,1.);
#5114=VECTOR('',#9079,1.);
#5115=VECTOR('',#9080,1.);
#5116=VECTOR('',#9085,1.);
#5117=VECTOR('',#9086,1.);
#5118=VECTOR('',#9087,1.);
#5119=VECTOR('',#9088,1.);
#5120=VECTOR('',#9093,1.);
#5121=VECTOR('',#9096,1.);
#5122=VECTOR('',#9099,1.);
#5123=VECTOR('',#9100,1.);
#5124=VECTOR('',#9101,1.);
#5125=VECTOR('',#9102,1.);
#5126=VECTOR('',#9105,1.);
#5127=VECTOR('',#9106,1.);
#5128=VECTOR('',#9107,1.);
#5129=VECTOR('',#9108,1.);
#5130=VECTOR('',#9111,1.);
#5131=VECTOR('',#9116,1.);
#5132=VECTOR('',#9121,1.);
#5133=VECTOR('',#9122,1.);
#5134=VECTOR('',#9125,1.);
#5135=VECTOR('',#9126,1.);
#5136=VECTOR('',#9127,1.);
#5137=VECTOR('',#9130,1.);
#5138=VECTOR('',#9133,1.);
#5139=VECTOR('',#9140,1.);
#5140=VECTOR('',#9143,1.);
#5141=VECTOR('',#9146,1.);
#5142=VECTOR('',#9151,1.);
#5143=VECTOR('',#9152,1.);
#5144=VECTOR('',#9153,1.);
#5145=VECTOR('',#9154,1.);
#5146=VECTOR('',#9157,1.);
#5147=VECTOR('',#9160,1.);
#5148=VECTOR('',#9165,1.);
#5149=VECTOR('',#9168,1.);
#5150=VECTOR('',#9171,1.);
#5151=VECTOR('',#9178,1.);
#5152=VECTOR('',#9181,1.);
#5153=VECTOR('',#9186,1.);
#5154=VECTOR('',#9187,1.);
#5155=VECTOR('',#9188,1.);
#5156=VECTOR('',#9191,1.);
#5157=VECTOR('',#9192,1.);
#5158=VECTOR('',#9193,1.);
#5159=VECTOR('',#9196,1.);
#5160=VECTOR('',#9199,1.);
#5161=VECTOR('',#9200,1.);
#5162=VECTOR('',#9201,1.);
#5163=VECTOR('',#9204,1.);
#5164=VECTOR('',#9205,1.);
#5165=VECTOR('',#9206,1.);
#5166=VECTOR('',#9207,1.);
#5167=VECTOR('',#9210,1.);
#5168=VECTOR('',#9217,1.);
#5169=VECTOR('',#9220,1.);
#5170=VECTOR('',#9221,1.);
#5171=VECTOR('',#9222,1.);
#5172=VECTOR('',#9223,1.);
#5173=VECTOR('',#9226,1.);
#5174=VECTOR('',#9233,1.);
#5175=VECTOR('',#9234,1.);
#5176=VECTOR('',#9235,1.);
#5177=VECTOR('',#9236,1.);
#5178=VECTOR('',#9239,1.);
#5179=VECTOR('',#9240,1.);
#5180=VECTOR('',#9241,1.);
#5181=VECTOR('',#9242,1.);
#5182=VECTOR('',#9255,1.);
#5183=VECTOR('',#9256,1.);
#5184=VECTOR('',#9259,1.);
#5185=VECTOR('',#9262,1.);
#5186=VECTOR('',#9263,1.);
#5187=VECTOR('',#9276,1.);
#5188=VECTOR('',#9277,1.);
#5189=VECTOR('',#9280,1.);
#5190=VECTOR('',#9281,1.);
#5191=VECTOR('',#9282,1.);
#5192=VECTOR('',#9283,1.);
#5193=VECTOR('',#9288,1.);
#5194=VECTOR('',#9291,1.);
#5195=VECTOR('',#9302,1.);
#5196=VECTOR('',#9303,1.);
#5197=VECTOR('',#9306,1.);
#5198=VECTOR('',#9307,1.);
#5199=VECTOR('',#9308,1.);
#5200=VECTOR('',#9309,1.);
#5201=VECTOR('',#9312,1.);
#5202=VECTOR('',#9319,1.);
#5203=VECTOR('',#9320,1.);
#5204=VECTOR('',#9323,1.);
#5205=VECTOR('',#9324,1.);
#5206=VECTOR('',#9325,1.);
#5207=VECTOR('',#9326,1.);
#5208=VECTOR('',#9329,1.);
#5209=VECTOR('',#9332,1.);
#5210=VECTOR('',#9333,1.);
#5211=VECTOR('',#9334,1.);
#5212=VECTOR('',#9335,1.);
#5213=VECTOR('',#9338,1.);
#5214=VECTOR('',#9339,1.);
#5215=VECTOR('',#9340,1.);
#5216=VECTOR('',#9343,1.);
#5217=VECTOR('',#9344,1.);
#5218=VECTOR('',#9347,1.);
#5219=VECTOR('',#9352,1.);
#5220=VECTOR('',#9353,1.);
#5221=VECTOR('',#9354,1.);
#5222=VECTOR('',#9355,1.);
#5223=VECTOR('',#9358,1.);
#5224=VECTOR('',#9361,1.);
#5225=VECTOR('',#9364,1.);
#5226=VECTOR('',#9365,1.);
#5227=VECTOR('',#9366,1.);
#5228=VECTOR('',#9367,1.);
#5229=VECTOR('',#9370,1.);
#5230=VECTOR('',#9371,1.);
#5231=VECTOR('',#9372,1.);
#5232=VECTOR('',#9375,1.);
#5233=VECTOR('',#9378,1.);
#5234=VECTOR('',#9381,1.);
#5235=VECTOR('',#9382,1.);
#5236=VECTOR('',#9385,1.);
#5237=VECTOR('',#9386,1.);
#5238=VECTOR('',#9389,1.);
#5239=VECTOR('',#9390,1.);
#5240=VECTOR('',#9393,1.);
#5241=VECTOR('',#9394,1.);
#5242=VECTOR('',#9395,1.);
#5243=VECTOR('',#9398,1.);
#5244=VECTOR('',#9405,1.);
#5245=VECTOR('',#9410,1.);
#5246=VECTOR('',#9411,1.);
#5247=VECTOR('',#9414,1.);
#5248=VECTOR('',#9417,1.);
#5249=VECTOR('',#9420,1.);
#5250=VECTOR('',#9423,1.);
#5251=VECTOR('',#9426,1.);
#5252=VECTOR('',#9427,1.);
#5253=VECTOR('',#9430,1.);
#5254=VECTOR('',#9435,1.);
#5255=VECTOR('',#9436,1.);
#5256=VECTOR('',#9439,1.);
#5257=VECTOR('',#9442,1.);
#5258=VECTOR('',#9445,1.);
#5259=VECTOR('',#9446,1.);
#5260=VECTOR('',#9449,1.);
#5261=VECTOR('',#9450,1.);
#5262=VECTOR('',#9451,1.);
#5263=VECTOR('',#9452,1.);
#5264=VECTOR('',#9453,1.);
#5265=VECTOR('',#9454,1.);
#5266=VECTOR('',#9457,1.);
#5267=VECTOR('',#9458,1.);
#5268=VECTOR('',#9459,1.);
#5269=VECTOR('',#9462,1.);
#5270=VECTOR('',#9463,1.);
#5271=VECTOR('',#9464,1.);
#5272=VECTOR('',#9465,1.);
#5273=VECTOR('',#9466,1.);
#5274=VECTOR('',#9469,1.);
#5275=VECTOR('',#9470,1.);
#5276=VECTOR('',#9471,1.);
#5277=VECTOR('',#9472,1.);
#5278=VECTOR('',#9475,1.);
#5279=VECTOR('',#9476,1.);
#5280=VECTOR('',#9477,1.);
#5281=VECTOR('',#9478,1.);
#5282=VECTOR('',#9481,1.);
#5283=VECTOR('',#9482,1.);
#5284=VECTOR('',#9485,1.);
#5285=VECTOR('',#9486,1.);
#5286=VECTOR('',#9489,1.);
#5287=VECTOR('',#9490,1.);
#5288=VECTOR('',#9491,1.);
#5289=VECTOR('',#9494,1.);
#5290=VECTOR('',#9497,1.);
#5291=VECTOR('',#9498,1.);
#5292=VECTOR('',#9501,1.);
#5293=VECTOR('',#9502,1.);
#5294=VECTOR('',#9503,1.);
#5295=VECTOR('',#9504,1.);
#5296=VECTOR('',#9507,1.);
#5297=VECTOR('',#9510,1.);
#5298=VECTOR('',#9517,1.);
#5299=VECTOR('',#9518,1.);
#5300=VECTOR('',#9519,1.);
#5301=VECTOR('',#9520,1.);
#5302=VECTOR('',#9523,1.);
#5303=VECTOR('',#9524,1.);
#5304=VECTOR('',#9525,1.);
#5305=VECTOR('',#9528,1.);
#5306=VECTOR('',#9529,1.);
#5307=VECTOR('',#9530,1.);
#5308=VECTOR('',#9533,1.);
#5309=VECTOR('',#9534,1.);
#5310=VECTOR('',#9539,1.);
#5311=VECTOR('',#9540,1.);
#5312=VECTOR('',#9541,1.);
#5313=VECTOR('',#9542,1.);
#5314=VECTOR('',#9547,1.);
#5315=VECTOR('',#9550,1.);
#5316=VECTOR('',#9553,1.);
#5317=VECTOR('',#9554,1.);
#5318=VECTOR('',#9555,1.);
#5319=VECTOR('',#9556,1.);
#5320=VECTOR('',#9559,1.);
#5321=VECTOR('',#9560,1.);
#5322=VECTOR('',#9561,1.);
#5323=VECTOR('',#9562,1.);
#5324=VECTOR('',#9565,1.);
#5325=VECTOR('',#9570,1.);
#5326=VECTOR('',#9575,1.);
#5327=VECTOR('',#9576,1.);
#5328=VECTOR('',#9579,1.);
#5329=VECTOR('',#9580,1.);
#5330=VECTOR('',#9581,1.);
#5331=VECTOR('',#9584,1.);
#5332=VECTOR('',#9587,1.);
#5333=VECTOR('',#9590,1.);
#5334=VECTOR('',#9591,1.);
#5335=VECTOR('',#9594,1.);
#5336=VECTOR('',#9595,1.);
#5337=VECTOR('',#9598,1.);
#5338=VECTOR('',#9599,1.);
#5339=VECTOR('',#9602,1.);
#5340=VECTOR('',#9609,1.);
#5341=VECTOR('',#9616,1.);
#5342=VECTOR('',#9617,1.);
#5343=VECTOR('',#9620,1.);
#5344=VECTOR('',#9623,1.);
#5345=VECTOR('',#9628,1.);
#5346=VECTOR('',#9629,1.);
#5347=VECTOR('',#9630,1.);
#5348=VECTOR('',#9631,1.);
#5349=VECTOR('',#9634,1.);
#5350=VECTOR('',#9637,1.);
#5351=VECTOR('',#9642,1.);
#5352=VECTOR('',#9645,1.);
#5353=VECTOR('',#9648,1.);
#5354=VECTOR('',#9655,1.);
#5355=VECTOR('',#9658,1.);
#5356=VECTOR('',#9663,1.);
#5357=VECTOR('',#9664,1.);
#5358=VECTOR('',#9665,1.);
#5359=VECTOR('',#9668,1.);
#5360=VECTOR('',#9671,1.);
#5361=VECTOR('',#9672,1.);
#5362=VECTOR('',#9673,1.);
#5363=VECTOR('',#9676,1.);
#5364=VECTOR('',#9677,1.);
#5365=VECTOR('',#9678,1.);
#5366=VECTOR('',#9679,1.);
#5367=VECTOR('',#9682,1.);
#5368=VECTOR('',#9689,1.);
#5369=VECTOR('',#9692,1.);
#5370=VECTOR('',#9693,1.);
#5371=VECTOR('',#9694,1.);
#5372=VECTOR('',#9695,1.);
#5373=VECTOR('',#9698,1.);
#5374=VECTOR('',#9705,1.);
#5375=VECTOR('',#9706,1.);
#5376=VECTOR('',#9707,1.);
#5377=VECTOR('',#9708,1.);
#5378=VECTOR('',#9711,1.);
#5379=VECTOR('',#9712,1.);
#5380=VECTOR('',#9713,1.);
#5381=VECTOR('',#9714,1.);
#5382=VECTOR('',#9727,1.);
#5383=VECTOR('',#9728,1.);
#5384=VECTOR('',#9731,1.);
#5385=VECTOR('',#9734,1.);
#5386=VECTOR('',#9735,1.);
#5387=VECTOR('',#9748,1.);
#5388=VECTOR('',#9749,1.);
#5389=VECTOR('',#9750,1.);
#5390=VECTOR('',#9751,1.);
#5391=VECTOR('',#9756,1.);
#5392=VECTOR('',#9759,1.);
#5393=VECTOR('',#9770,1.);
#5394=VECTOR('',#9771,1.);
#5395=VECTOR('',#9774,1.);
#5396=VECTOR('',#9775,1.);
#5397=VECTOR('',#9776,1.);
#5398=VECTOR('',#9777,1.);
#5399=VECTOR('',#9780,1.);
#5400=VECTOR('',#9787,1.);
#5401=VECTOR('',#9788,1.);
#5402=VECTOR('',#9789,1.);
#5403=VECTOR('',#9790,1.);
#5404=VECTOR('',#9793,1.);
#5405=VECTOR('',#9796,1.);
#5406=VECTOR('',#9797,1.);
#5407=VECTOR('',#9798,1.);
#5408=VECTOR('',#9799,1.);
#5409=VECTOR('',#9802,1.);
#5410=VECTOR('',#9803,1.);
#5411=VECTOR('',#9804,1.);
#5412=VECTOR('',#9807,1.);
#5413=VECTOR('',#9808,1.);
#5414=VECTOR('',#9809,1.);
#5415=VECTOR('',#9810,1.);
#5416=VECTOR('',#9813,1.);
#5417=VECTOR('',#9816,1.);
#5418=VECTOR('',#9819,1.);
#5419=VECTOR('',#9820,1.);
#5420=VECTOR('',#9821,1.);
#5421=VECTOR('',#9822,1.);
#5422=VECTOR('',#9825,1.);
#5423=VECTOR('',#9828,1.);
#5424=VECTOR('',#9831,1.);
#5425=VECTOR('',#9832,1.);
#5426=VECTOR('',#9835,1.);
#5427=VECTOR('',#9836,1.);
#5428=VECTOR('',#9839,1.);
#5429=VECTOR('',#9840,1.);
#5430=VECTOR('',#9841,1.);
#5431=VECTOR('',#9844,1.);
#5432=VECTOR('',#9845,1.);
#5433=VECTOR('',#9846,1.);
#5434=VECTOR('',#9851,1.);
#5435=VECTOR('',#9852,1.);
#5436=VECTOR('',#9857,1.);
#5437=VECTOR('',#9858,1.);
#5438=VECTOR('',#9861,1.);
#5439=VECTOR('',#9864,1.);
#5440=VECTOR('',#9867,1.);
#5441=VECTOR('',#9870,1.);
#5442=VECTOR('',#9871,1.);
#5443=VECTOR('',#9874,1.);
#5444=VECTOR('',#9875,1.);
#5445=VECTOR('',#9878,1.);
#5446=VECTOR('',#9881,1.);
#5447=VECTOR('',#9884,1.);
#5448=VECTOR('',#9885,1.);
#5449=VECTOR('',#9888,1.);
#5450=VECTOR('',#9891,1.);
#5451=VECTOR('',#9892,1.);
#5452=VECTOR('',#9895,1.);
#5453=VECTOR('',#9896,1.);
#5454=VECTOR('',#9901,1.);
#5455=VECTOR('',#9904,1.);
#5456=VECTOR('',#9905,1.);
#5457=VECTOR('',#9908,1.);
#5458=VECTOR('',#9909,1.);
#5459=VECTOR('',#9912,1.);
#5460=VECTOR('',#9913,1.);
#5461=VECTOR('',#9916,1.);
#5462=VECTOR('',#9919,1.);
#5463=VECTOR('',#9924,1.);
#5464=VECTOR('',#9925,1.);
#5465=VECTOR('',#9926,1.);
#5466=VECTOR('',#9927,1.);
#5467=VECTOR('',#9928,1.);
#5468=VECTOR('',#9931,1.);
#5469=VECTOR('',#9932,1.);
#5470=VECTOR('',#9933,1.);
#5471=VECTOR('',#9934,1.);
#5472=VECTOR('',#9935,1.);
#5473=VECTOR('',#9936,1.);
#5474=VECTOR('',#9939,1.);
#5475=VECTOR('',#9940,1.);
#5476=VECTOR('',#9941,1.);
#5477=VECTOR('',#9944,1.);
#5478=VECTOR('',#9945,1.);
#5479=VECTOR('',#9946,1.);
#5480=VECTOR('',#9947,1.);
#5481=VECTOR('',#9948,1.);
#5482=VECTOR('',#9951,1.);
#5483=VECTOR('',#9952,1.);
#5484=VECTOR('',#9953,1.);
#5485=VECTOR('',#9954,1.);
#5486=VECTOR('',#9957,1.);
#5487=VECTOR('',#9958,1.);
#5488=VECTOR('',#9959,1.);
#5489=VECTOR('',#9960,1.);
#5490=VECTOR('',#9963,1.);
#5491=VECTOR('',#9964,1.);
#5492=VECTOR('',#9965,1.);
#5493=VECTOR('',#9968,1.);
#5494=VECTOR('',#9971,1.);
#5495=VECTOR('',#9972,1.);
#5496=VECTOR('',#9975,1.);
#5497=VECTOR('',#9976,1.);
#5498=VECTOR('',#9979,1.);
#5499=VECTOR('',#9980,1.);
#5500=VECTOR('',#9983,1.);
#5501=VECTOR('',#9984,1.);
#5502=VECTOR('',#9985,1.);
#5503=VECTOR('',#9986,1.);
#5504=VECTOR('',#9989,1.);
#5505=VECTOR('',#9992,1.);
#5506=VECTOR('',#9999,1.);
#5507=VECTOR('',#10000,1.);
#5508=VECTOR('',#10001,1.);
#5509=VECTOR('',#10002,1.);
#5510=VECTOR('',#10005,1.);
#5511=VECTOR('',#10006,1.);
#5512=VECTOR('',#10007,1.);
#5513=VECTOR('',#10010,1.);
#5514=VECTOR('',#10011,1.);
#5515=VECTOR('',#10012,1.);
#5516=VECTOR('',#10015,1.);
#5517=VECTOR('',#10016,1.);
#5518=VECTOR('',#10021,1.);
#5519=VECTOR('',#10022,1.);
#5520=VECTOR('',#10023,1.);
#5521=VECTOR('',#10024,1.);
#5522=VECTOR('',#10029,1.);
#5523=VECTOR('',#10032,1.);
#5524=VECTOR('',#10035,1.);
#5525=VECTOR('',#10036,1.);
#5526=VECTOR('',#10037,1.);
#5527=VECTOR('',#10038,1.);
#5528=VECTOR('',#10041,1.);
#5529=VECTOR('',#10042,1.);
#5530=VECTOR('',#10043,1.);
#5531=VECTOR('',#10044,1.);
#5532=VECTOR('',#10047,1.);
#5533=VECTOR('',#10052,1.);
#5534=VECTOR('',#10057,1.);
#5535=VECTOR('',#10060,1.);
#5536=VECTOR('',#10063,1.);
#5537=VECTOR('',#10064,1.);
#5538=VECTOR('',#10065,1.);
#5539=VECTOR('',#10068,1.);
#5540=VECTOR('',#10069,1.);
#5541=VECTOR('',#10072,1.);
#5542=VECTOR('',#10073,1.);
#5543=VECTOR('',#10076,1.);
#5544=VECTOR('',#10077,1.);
#5545=VECTOR('',#10080,1.);
#5546=VECTOR('',#10081,1.);
#5547=VECTOR('',#10084,1.);
#5548=VECTOR('',#10093,1.);
#5549=VECTOR('',#10098,1.);
#5550=VECTOR('',#10099,1.);
#5551=VECTOR('',#10102,1.);
#5552=VECTOR('',#10103,1.);
#5553=VECTOR('',#10104,1.);
#5554=VECTOR('',#10105,1.);
#5555=VECTOR('',#10106,1.);
#5556=VECTOR('',#10107,1.);
#5557=VECTOR('',#10110,1.);
#5558=VECTOR('',#10111,1.);
#5559=VECTOR('',#10114,1.);
#5560=VECTOR('',#10115,1.);
#5561=VECTOR('',#10116,1.);
#5562=VECTOR('',#10117,1.);
#5563=VECTOR('',#10120,1.);
#5564=VECTOR('',#10121,1.);
#5565=VECTOR('',#10122,1.);
#5566=VECTOR('',#10125,1.);
#5567=VECTOR('',#10126,1.);
#5568=VECTOR('',#10129,1.);
#5569=VECTOR('',#10130,1.);
#5570=VECTOR('',#10133,1.);
#5571=VECTOR('',#10134,1.);
#5572=VECTOR('',#10135,1.);
#5573=VECTOR('',#10138,1.);
#5574=VECTOR('',#10139,1.);
#5575=VECTOR('',#10140,1.);
#5576=VECTOR('',#10141,1.);
#5577=VECTOR('',#10142,1.);
#5578=VECTOR('',#10143,1.);
#5579=VECTOR('',#10146,1.);
#5580=VECTOR('',#10147,1.);
#5581=VECTOR('',#10148,1.);
#5582=VECTOR('',#10149,1.);
#5583=VECTOR('',#10150,1.);
#5584=VECTOR('',#10153,1.);
#5585=VECTOR('',#10156,1.);
#5586=VECTOR('',#10157,1.);
#5587=VECTOR('',#10160,1.);
#5588=VECTOR('',#10163,1.);
#5589=VECTOR('',#10172,1.);
#5590=VECTOR('',#10181,1.);
#5591=VECTOR('',#10182,1.);
#5592=VECTOR('',#10185,1.);
#5593=VECTOR('',#10186,1.);
#5594=VECTOR('',#10193,1.);
#5595=VECTOR('',#10194,1.);
#5596=VECTOR('',#10195,1.);
#5597=VECTOR('',#10198,1.);
#5598=VECTOR('',#10201,1.);
#5599=VECTOR('',#10206,1.);
#5600=VECTOR('',#10207,1.);
#5601=VECTOR('',#10208,1.);
#5602=VECTOR('',#10209,1.);
#5603=VECTOR('',#10210,1.);
#5604=VECTOR('',#10213,1.);
#5605=VECTOR('',#10214,1.);
#5606=VECTOR('',#10215,1.);
#5607=VECTOR('',#10218,1.);
#5608=VECTOR('',#10219,1.);
#5609=VECTOR('',#10220,1.);
#5610=VECTOR('',#10221,1.);
#5611=VECTOR('',#10222,1.);
#5612=VECTOR('',#10223,1.);
#5613=VECTOR('',#10224,1.);
#5614=VECTOR('',#10225,1.);
#5615=VECTOR('',#10226,1.);
#5616=VECTOR('',#10229,1.);
#5617=VECTOR('',#10230,1.);
#5618=VECTOR('',#10231,1.);
#5619=VECTOR('',#10236,1.);
#5620=VECTOR('',#10243,1.);
#5621=VECTOR('',#10244,1.);
#5622=VECTOR('',#10245,1.);
#5623=VECTOR('',#10248,1.);
#5624=VECTOR('',#10249,1.);
#5625=VECTOR('',#10250,1.);
#5626=VECTOR('',#10251,1.);
#5627=VECTOR('',#10252,1.);
#5628=VECTOR('',#10253,1.);
#5629=VECTOR('',#10256,1.);
#5630=VECTOR('',#10257,1.);
#5631=VECTOR('',#10258,1.);
#5632=VECTOR('',#10261,1.);
#5633=VECTOR('',#10264,1.);
#5634=VECTOR('',#10265,1.);
#5635=VECTOR('',#10266,1.);
#5636=VECTOR('',#10267,1.);
#5637=VECTOR('',#10270,1.);
#5638=VECTOR('',#10271,1.);
#5639=VECTOR('',#10272,1.);
#5640=VECTOR('',#10275,1.);
#5641=VECTOR('',#10276,1.);
#5642=VECTOR('',#10277,1.);
#5643=VECTOR('',#10278,1.);
#5644=VECTOR('',#10283,1.);
#5645=VECTOR('',#10284,1.);
#5646=VECTOR('',#10295,1.);
#5647=VECTOR('',#10306,1.);
#5648=VECTOR('',#10307,1.);
#5649=VECTOR('',#10308,1.);
#5650=VECTOR('',#10311,1.);
#5651=VECTOR('',#10312,1.);
#5652=VECTOR('',#10313,1.);
#5653=VECTOR('',#10320,1.);
#5654=VECTOR('',#10321,1.);
#5655=VECTOR('',#10324,1.);
#5656=VECTOR('',#10325,1.);
#5657=VECTOR('',#10326,1.);
#5658=VECTOR('',#10331,1.);
#5659=VECTOR('',#10332,1.);
#5660=VECTOR('',#10333,1.);
#5661=VECTOR('',#10340,1.);
#5662=VECTOR('',#10341,1.);
#5663=VECTOR('',#10344,1.);
#5664=VECTOR('',#10345,1.);
#5665=VECTOR('',#10350,1.);
#5666=VECTOR('',#10353,1.);
#5667=VECTOR('',#10362,1.);
#5668=VECTOR('',#10371,1.);
#5669=VECTOR('',#10402,1.);
#5670=VECTOR('',#10405,1.);
#5671=VECTOR('',#10408,1.);
#5672=VECTOR('',#10413,1.);
#5673=VECTOR('',#10414,1.);
#5674=VECTOR('',#10415,1.);
#5675=VECTOR('',#10416,1.);
#5676=VECTOR('',#10419,1.);
#5677=VECTOR('',#10422,1.);
#5678=VECTOR('',#10423,1.);
#5679=VECTOR('',#10426,1.);
#5680=VECTOR('',#10427,1.);
#5681=VECTOR('',#10430,1.);
#5682=VECTOR('',#10431,1.);
#5683=VECTOR('',#10432,1.);
#5684=VECTOR('',#10435,1.);
#5685=VECTOR('',#10436,1.);
#5686=VECTOR('',#10437,1.);
#5687=VECTOR('',#10442,1.);
#5688=VECTOR('',#10451,1.);
#5689=VECTOR('',#10456,1.);
#5690=EDGE_LOOP('',(#344,#345,#346,#347,#348,#349));
#5691=EDGE_LOOP('',(#350,#351,#352,#353));
#5692=EDGE_LOOP('',(#354,#355,#356,#357,#358,#359));
#5693=EDGE_LOOP('',(#360,#361,#362,#363,#364));
#5694=EDGE_LOOP('',(#365,#366,#367,#368,#369));
#5695=EDGE_LOOP('',(#370,#371,#372,#373,#374,#375));
#5696=EDGE_LOOP('',(#376,#377,#378,#379,#380,#381));
#5697=EDGE_LOOP('',(#382,#383,#384,#385));
#5698=EDGE_LOOP('',(#386,#387,#388,#389,#390,#391,#392,#393,#394,#395));
#5699=EDGE_LOOP('',(#396,#397,#398,#399));
#5700=EDGE_LOOP('',(#400,#401,#402,#403));
#5701=EDGE_LOOP('',(#404,#405,#406,#407));
#5702=EDGE_LOOP('',(#408,#409,#410,#411));
#5703=EDGE_LOOP('',(#412,#413,#414,#415));
#5704=EDGE_LOOP('',(#416,#417,#418,#419));
#5705=EDGE_LOOP('',(#420,#421,#422,#423));
#5706=EDGE_LOOP('',(#424,#425,#426,#427));
#5707=EDGE_LOOP('',(#428,#429,#430,#431));
#5708=EDGE_LOOP('',(#432,#433,#434,#435));
#5709=EDGE_LOOP('',(#436,#437,#438,#439));
#5710=EDGE_LOOP('',(#440,#441,#442,#443,#444,#445));
#5711=EDGE_LOOP('',(#446,#447,#448,#449,#450,#451));
#5712=EDGE_LOOP('',(#452,#453,#454,#455));
#5713=EDGE_LOOP('',(#456,#457,#458,#459));
#5714=EDGE_LOOP('',(#460,#461,#462,#463));
#5715=EDGE_LOOP('',(#464,#465,#466,#467,#468,#469,#470,#471,#472,#473,#474));
#5716=EDGE_LOOP('',(#475,#476,#477,#478,#479));
#5717=EDGE_LOOP('',(#480,#481,#482,#483));
#5718=EDGE_LOOP('',(#484,#485,#486,#487));
#5719=EDGE_LOOP('',(#488,#489,#490,#491));
#5720=EDGE_LOOP('',(#492,#493,#494,#495,#496,#497));
#5721=EDGE_LOOP('',(#498,#499,#500,#501,#502,#503));
#5722=EDGE_LOOP('',(#504,#505,#506,#507,#508,#509));
#5723=EDGE_LOOP('',(#510,#511,#512,#513,#514,#515,#516));
#5724=EDGE_LOOP('',(#517,#518,#519,#520,#521,#522));
#5725=EDGE_LOOP('',(#523,#524,#525,#526,#527,#528,#529,#530));
#5726=EDGE_LOOP('',(#531,#532,#533,#534));
#5727=EDGE_LOOP('',(#535,#536,#537));
#5728=EDGE_LOOP('',(#538,#539,#540,#541,#542));
#5729=EDGE_LOOP('',(#543,#544,#545,#546));
#5730=EDGE_LOOP('',(#547,#548,#549,#550,#551));
#5731=EDGE_LOOP('',(#552,#553,#554,#555));
#5732=EDGE_LOOP('',(#556,#557,#558));
#5733=EDGE_LOOP('',(#559,#560,#561,#562));
#5734=EDGE_LOOP('',(#563,#564,#565,#566,#567));
#5735=EDGE_LOOP('',(#568,#569,#570,#571));
#5736=EDGE_LOOP('',(#572,#573,#574,#575));
#5737=EDGE_LOOP('',(#576,#577,#578,#579));
#5738=EDGE_LOOP('',(#580,#581,#582));
#5739=EDGE_LOOP('',(#583,#584,#585,#586));
#5740=EDGE_LOOP('',(#587,#588,#589,#590));
#5741=EDGE_LOOP('',(#591,#592,#593,#594));
#5742=EDGE_LOOP('',(#595,#596,#597,#598));
#5743=EDGE_LOOP('',(#599,#600,#601,#602));
#5744=EDGE_LOOP('',(#603,#604,#605,#606));
#5745=EDGE_LOOP('',(#607,#608,#609,#610));
#5746=EDGE_LOOP('',(#611,#612,#613,#614,#615,#616,#617));
#5747=EDGE_LOOP('',(#618,#619,#620,#621));
#5748=EDGE_LOOP('',(#622,#623,#624,#625,#626));
#5749=EDGE_LOOP('',(#627,#628,#629,#630));
#5750=EDGE_LOOP('',(#631,#632,#633,#634,#635,#636,#637));
#5751=EDGE_LOOP('',(#638,#639,#640,#641,#642));
#5752=EDGE_LOOP('',(#643,#644,#645));
#5753=EDGE_LOOP('',(#646,#647,#648));
#5754=EDGE_LOOP('',(#649,#650,#651,#652,#653,#654));
#5755=EDGE_LOOP('',(#655,#656,#657,#658,#659,#660));
#5756=EDGE_LOOP('',(#661,#662,#663,#664,#665));
#5757=EDGE_LOOP('',(#666,#667,#668,#669,#670));
#5758=EDGE_LOOP('',(#671,#672,#673,#674,#675,#676,#677));
#5759=EDGE_LOOP('',(#678,#679,#680,#681));
#5760=EDGE_LOOP('',(#682,#683,#684,#685,#686,#687));
#5761=EDGE_LOOP('',(#688,#689,#690,#691));
#5762=EDGE_LOOP('',(#692,#693,#694,#695));
#5763=EDGE_LOOP('',(#696,#697,#698,#699));
#5764=EDGE_LOOP('',(#700,#701,#702,#703));
#5765=EDGE_LOOP('',(#704,#705,#706,#707,#708,#709,#710));
#5766=EDGE_LOOP('',(#711,#712,#713,#714,#715,#716));
#5767=EDGE_LOOP('',(#717,#718,#719,#720));
#5768=EDGE_LOOP('',(#721,#722,#723,#724,#725,#726));
#5769=EDGE_LOOP('',(#727,#728,#729,#730,#731));
#5770=EDGE_LOOP('',(#732,#733,#734,#735,#736));
#5771=EDGE_LOOP('',(#737,#738,#739,#740,#741,#742));
#5772=EDGE_LOOP('',(#743,#744,#745,#746,#747,#748));
#5773=EDGE_LOOP('',(#749,#750,#751,#752));
#5774=EDGE_LOOP('',(#753,#754,#755,#756,#757,#758,#759,#760,#761,#762));
#5775=EDGE_LOOP('',(#763,#764,#765,#766));
#5776=EDGE_LOOP('',(#767,#768,#769,#770));
#5777=EDGE_LOOP('',(#771,#772,#773,#774));
#5778=EDGE_LOOP('',(#775,#776,#777,#778));
#5779=EDGE_LOOP('',(#779,#780,#781,#782));
#5780=EDGE_LOOP('',(#783,#784,#785,#786));
#5781=EDGE_LOOP('',(#787,#788,#789,#790));
#5782=EDGE_LOOP('',(#791,#792,#793,#794));
#5783=EDGE_LOOP('',(#795,#796,#797,#798));
#5784=EDGE_LOOP('',(#799,#800,#801,#802));
#5785=EDGE_LOOP('',(#803,#804,#805,#806));
#5786=EDGE_LOOP('',(#807,#808,#809,#810,#811,#812));
#5787=EDGE_LOOP('',(#813,#814,#815,#816,#817,#818));
#5788=EDGE_LOOP('',(#819,#820,#821,#822));
#5789=EDGE_LOOP('',(#823,#824,#825,#826));
#5790=EDGE_LOOP('',(#827,#828,#829,#830));
#5791=EDGE_LOOP('',(#831,#832,#833,#834,#835,#836,#837,#838,#839,#840,#841));
#5792=EDGE_LOOP('',(#842,#843,#844,#845,#846));
#5793=EDGE_LOOP('',(#847,#848,#849,#850));
#5794=EDGE_LOOP('',(#851,#852,#853,#854));
#5795=EDGE_LOOP('',(#855,#856,#857,#858));
#5796=EDGE_LOOP('',(#859,#860,#861,#862,#863,#864));
#5797=EDGE_LOOP('',(#865,#866,#867,#868,#869,#870));
#5798=EDGE_LOOP('',(#871,#872,#873,#874,#875,#876));
#5799=EDGE_LOOP('',(#877,#878,#879,#880));
#5800=EDGE_LOOP('',(#881,#882,#883,#884,#885,#886,#887));
#5801=EDGE_LOOP('',(#888,#889,#890,#891,#892,#893));
#5802=EDGE_LOOP('',(#894,#895,#896,#897,#898,#899,#900,#901));
#5803=EDGE_LOOP('',(#902,#903,#904,#905));
#5804=EDGE_LOOP('',(#906,#907,#908));
#5805=EDGE_LOOP('',(#909,#910,#911,#912,#913));
#5806=EDGE_LOOP('',(#914,#915,#916,#917));
#5807=EDGE_LOOP('',(#918,#919,#920,#921,#922));
#5808=EDGE_LOOP('',(#923,#924,#925,#926));
#5809=EDGE_LOOP('',(#927,#928,#929));
#5810=EDGE_LOOP('',(#930,#931,#932,#933));
#5811=EDGE_LOOP('',(#934,#935,#936,#937,#938));
#5812=EDGE_LOOP('',(#939,#940,#941,#942));
#5813=EDGE_LOOP('',(#943,#944,#945,#946));
#5814=EDGE_LOOP('',(#947,#948,#949,#950));
#5815=EDGE_LOOP('',(#951,#952,#953));
#5816=EDGE_LOOP('',(#954,#955,#956,#957));
#5817=EDGE_LOOP('',(#958,#959,#960,#961));
#5818=EDGE_LOOP('',(#962,#963,#964,#965));
#5819=EDGE_LOOP('',(#966,#967,#968,#969));
#5820=EDGE_LOOP('',(#970,#971,#972,#973));
#5821=EDGE_LOOP('',(#974,#975,#976,#977));
#5822=EDGE_LOOP('',(#978,#979,#980,#981));
#5823=EDGE_LOOP('',(#982,#983,#984,#985));
#5824=EDGE_LOOP('',(#986,#987,#988,#989));
#5825=EDGE_LOOP('',(#990,#991,#992,#993,#994,#995,#996));
#5826=EDGE_LOOP('',(#997,#998,#999,#1000));
#5827=EDGE_LOOP('',(#1001,#1002,#1003,#1004,#1005,#1006,#1007,#1008));
#5828=EDGE_LOOP('',(#1009,#1010,#1011,#1012,#1013,#1014));
#5829=EDGE_LOOP('',(#1015,#1016,#1017,#1018,#1019,#1020));
#5830=EDGE_LOOP('',(#1021,#1022,#1023,#1024,#1025));
#5831=EDGE_LOOP('',(#1026,#1027,#1028,#1029));
#5832=EDGE_LOOP('',(#1030,#1031,#1032,#1033,#1034,#1035,#1036));
#5833=EDGE_LOOP('',(#1037,#1038,#1039,#1040,#1041,#1042,#1043,#1044,#1045,#1046,#1047,#1048));
#5834=EDGE_LOOP('',(#1049,#1050,#1051,#1052,#1053));
#5835=EDGE_LOOP('',(#1054,#1055,#1056,#1057));
#5836=EDGE_LOOP('',(#1058,#1059,#1060));
#5837=EDGE_LOOP('',(#1061,#1062,#1063));
#5838=EDGE_LOOP('',(#1064,#1065,#1066,#1067,#1068,#1069));
#5839=EDGE_LOOP('',(#1070,#1071,#1072,#1073,#1074,#1075));
#5840=EDGE_LOOP('',(#1076,#1077,#1078,#1079));
#5841=EDGE_LOOP('',(#1080,#1081,#1082,#1083,#1084));
#5842=EDGE_LOOP('',(#1085,#1086,#1087,#1088,#1089));
#5843=EDGE_LOOP('',(#1090,#1091,#1092,#1093,#1094,#1095,#1096));
#5844=EDGE_LOOP('',(#1097,#1098,#1099,#1100));
#5845=EDGE_LOOP('',(#1101,#1102,#1103,#1104,#1105,#1106));
#5846=EDGE_LOOP('',(#1107,#1108,#1109,#1110,#1111,#1112));
#5847=EDGE_LOOP('',(#1113,#1114,#1115,#1116,#1117,#1118,#1119,#1120,#1121,#1122,#1123,#1124,#1125,#1126,#1127,#1128,#1129,#1130,#1131,#1132));
#5848=EDGE_LOOP('',(#1133,#1134,#1135,#1136));
#5849=EDGE_LOOP('',(#1137,#1138,#1139,#1140));
#5850=EDGE_LOOP('',(#1141,#1142,#1143,#1144));
#5851=EDGE_LOOP('',(#1145,#1146,#1147,#1148));
#5852=EDGE_LOOP('',(#1149,#1150,#1151,#1152));
#5853=EDGE_LOOP('',(#1153,#1154,#1155,#1156,#1157,#1158,#1159));
#5854=EDGE_LOOP('',(#1160,#1161,#1162,#1163,#1164,#1165));
#5855=EDGE_LOOP('',(#1166,#1167,#1168,#1169));
#5856=EDGE_LOOP('',(#1170,#1171,#1172,#1173,#1174,#1175));
#5857=EDGE_LOOP('',(#1176,#1177,#1178,#1179,#1180));
#5858=EDGE_LOOP('',(#1181,#1182,#1183,#1184,#1185));
#5859=EDGE_LOOP('',(#1186,#1187,#1188,#1189,#1190,#1191));
#5860=EDGE_LOOP('',(#1192,#1193,#1194,#1195,#1196,#1197));
#5861=EDGE_LOOP('',(#1198,#1199,#1200,#1201));
#5862=EDGE_LOOP('',(#1202,#1203,#1204,#1205,#1206,#1207,#1208,#1209,#1210,#1211));
#5863=EDGE_LOOP('',(#1212,#1213,#1214,#1215));
#5864=EDGE_LOOP('',(#1216,#1217,#1218,#1219));
#5865=EDGE_LOOP('',(#1220,#1221,#1222,#1223));
#5866=EDGE_LOOP('',(#1224,#1225,#1226,#1227));
#5867=EDGE_LOOP('',(#1228,#1229,#1230,#1231));
#5868=EDGE_LOOP('',(#1232,#1233,#1234,#1235));
#5869=EDGE_LOOP('',(#1236,#1237,#1238,#1239));
#5870=EDGE_LOOP('',(#1240,#1241,#1242,#1243));
#5871=EDGE_LOOP('',(#1244,#1245,#1246,#1247));
#5872=EDGE_LOOP('',(#1248,#1249,#1250,#1251));
#5873=EDGE_LOOP('',(#1252,#1253,#1254,#1255));
#5874=EDGE_LOOP('',(#1256,#1257,#1258,#1259,#1260,#1261));
#5875=EDGE_LOOP('',(#1262,#1263,#1264,#1265,#1266,#1267));
#5876=EDGE_LOOP('',(#1268,#1269,#1270,#1271));
#5877=EDGE_LOOP('',(#1272,#1273,#1274,#1275));
#5878=EDGE_LOOP('',(#1276,#1277,#1278,#1279));
#5879=EDGE_LOOP('',(#1280,#1281,#1282,#1283,#1284,#1285,#1286,#1287,#1288,#1289,#1290));
#5880=EDGE_LOOP('',(#1291,#1292,#1293,#1294));
#5881=EDGE_LOOP('',(#1295,#1296,#1297,#1298));
#5882=EDGE_LOOP('',(#1299,#1300,#1301,#1302));
#5883=EDGE_LOOP('',(#1303,#1304,#1305,#1306));
#5884=EDGE_LOOP('',(#1307,#1308,#1309,#1310));
#5885=EDGE_LOOP('',(#1311,#1312,#1313,#1314));
#5886=EDGE_LOOP('',(#1315,#1316,#1317,#1318,#1319));
#5887=EDGE_LOOP('',(#1320,#1321,#1322,#1323));
#5888=EDGE_LOOP('',(#1324,#1325,#1326,#1327));
#5889=EDGE_LOOP('',(#1328,#1329,#1330,#1331));
#5890=EDGE_LOOP('',(#1332,#1333,#1334,#1335));
#5891=EDGE_LOOP('',(#1336,#1337,#1338,#1339,#1340,#1341));
#5892=EDGE_LOOP('',(#1342,#1343,#1344,#1345,#1346,#1347));
#5893=EDGE_LOOP('',(#1348,#1349,#1350,#1351,#1352,#1353));
#5894=EDGE_LOOP('',(#1354,#1355,#1356,#1357,#1358,#1359,#1360));
#5895=EDGE_LOOP('',(#1361,#1362,#1363,#1364,#1365,#1366));
#5896=EDGE_LOOP('',(#1367,#1368,#1369,#1370,#1371,#1372,#1373,#1374));
#5897=EDGE_LOOP('',(#1375,#1376,#1377,#1378));
#5898=EDGE_LOOP('',(#1379,#1380,#1381));
#5899=EDGE_LOOP('',(#1382,#1383,#1384,#1385,#1386));
#5900=EDGE_LOOP('',(#1387,#1388,#1389,#1390));
#5901=EDGE_LOOP('',(#1391,#1392,#1393,#1394,#1395));
#5902=EDGE_LOOP('',(#1396,#1397,#1398,#1399));
#5903=EDGE_LOOP('',(#1400,#1401,#1402));
#5904=EDGE_LOOP('',(#1403,#1404,#1405,#1406));
#5905=EDGE_LOOP('',(#1407,#1408,#1409,#1410,#1411));
#5906=EDGE_LOOP('',(#1412,#1413,#1414,#1415));
#5907=EDGE_LOOP('',(#1416,#1417,#1418,#1419));
#5908=EDGE_LOOP('',(#1420,#1421,#1422,#1423));
#5909=EDGE_LOOP('',(#1424,#1425,#1426));
#5910=EDGE_LOOP('',(#1427,#1428,#1429,#1430));
#5911=EDGE_LOOP('',(#1431,#1432,#1433,#1434));
#5912=EDGE_LOOP('',(#1435,#1436,#1437,#1438));
#5913=EDGE_LOOP('',(#1439,#1440,#1441,#1442));
#5914=EDGE_LOOP('',(#1443,#1444,#1445,#1446));
#5915=EDGE_LOOP('',(#1447,#1448,#1449,#1450));
#5916=EDGE_LOOP('',(#1451,#1452,#1453,#1454));
#5917=EDGE_LOOP('',(#1455,#1456,#1457,#1458,#1459,#1460,#1461));
#5918=EDGE_LOOP('',(#1462,#1463,#1464,#1465));
#5919=EDGE_LOOP('',(#1466,#1467,#1468,#1469,#1470));
#5920=EDGE_LOOP('',(#1471,#1472,#1473,#1474));
#5921=EDGE_LOOP('',(#1475,#1476,#1477,#1478,#1479,#1480,#1481));
#5922=EDGE_LOOP('',(#1482,#1483,#1484,#1485,#1486));
#5923=EDGE_LOOP('',(#1487,#1488,#1489));
#5924=EDGE_LOOP('',(#1490,#1491,#1492));
#5925=EDGE_LOOP('',(#1493,#1494,#1495,#1496,#1497,#1498));
#5926=EDGE_LOOP('',(#1499,#1500,#1501,#1502,#1503,#1504));
#5927=EDGE_LOOP('',(#1505,#1506,#1507,#1508,#1509));
#5928=EDGE_LOOP('',(#1510,#1511,#1512,#1513,#1514));
#5929=EDGE_LOOP('',(#1515,#1516,#1517,#1518,#1519,#1520,#1521));
#5930=EDGE_LOOP('',(#1522,#1523,#1524,#1525));
#5931=EDGE_LOOP('',(#1526,#1527,#1528,#1529,#1530,#1531));
#5932=EDGE_LOOP('',(#1532,#1533,#1534,#1535));
#5933=EDGE_LOOP('',(#1536,#1537,#1538,#1539));
#5934=EDGE_LOOP('',(#1540,#1541,#1542,#1543));
#5935=EDGE_LOOP('',(#1544,#1545,#1546,#1547));
#5936=EDGE_LOOP('',(#1548,#1549,#1550,#1551));
#5937=EDGE_LOOP('',(#1552,#1553,#1554,#1555,#1556,#1557,#1558,#1559));
#5938=EDGE_LOOP('',(#1560,#1561,#1562,#1563));
#5939=EDGE_LOOP('',(#1564,#1565,#1566,#1567,#1568,#1569));
#5940=EDGE_LOOP('',(#1570,#1571,#1572,#1573));
#5941=EDGE_LOOP('',(#1574,#1575,#1576,#1577,#1578,#1579,#1580,#1581));
#5942=EDGE_LOOP('',(#1582,#1583,#1584,#1585,#1586,#1587));
#5943=EDGE_LOOP('',(#1588,#1589,#1590,#1591));
#5944=EDGE_LOOP('',(#1592,#1593,#1594,#1595));
#5945=EDGE_LOOP('',(#1596,#1597,#1598,#1599,#1600,#1601,#1602));
#5946=EDGE_LOOP('',(#1603,#1604,#1605,#1606));
#5947=EDGE_LOOP('',(#1607,#1608,#1609,#1610,#1611,#1612));
#5948=EDGE_LOOP('',(#1613,#1614,#1615,#1616,#1617,#1618,#1619,#1620));
#5949=EDGE_LOOP('',(#1621,#1622,#1623,#1624,#1625,#1626,#1627,#1628,#1629,#1630));
#5950=EDGE_LOOP('',(#1631,#1632,#1633,#1634,#1635,#1636,#1637,#1638,#1639,#1640,#1641,#1642,#1643,#1644,#1645,#1646,#1647,#1648,#1649,#1650,#1651,#1652,#1653,#1654,#1655,#1656,#1657,#1658,#1659,#1660,#1661,#1662,#1663,#1664,#1665,#1666,#1667,#1668,#1669,#1670,#1671,#1672,#1673,#1674,#1675,#1676,#1677,#1678,#1679,#1680));
#5951=EDGE_LOOP('',(#1681,#1682,#1683,#1684,#1685,#1686));
#5952=EDGE_LOOP('',(#1687,#1688,#1689,#1690));
#5953=EDGE_LOOP('',(#1691,#1692,#1693,#1694,#1695,#1696));
#5954=EDGE_LOOP('',(#1697,#1698,#1699,#1700,#1701));
#5955=EDGE_LOOP('',(#1702,#1703,#1704,#1705,#1706));
#5956=EDGE_LOOP('',(#1707,#1708,#1709,#1710,#1711,#1712));
#5957=EDGE_LOOP('',(#1713,#1714,#1715,#1716,#1717,#1718));
#5958=EDGE_LOOP('',(#1719,#1720,#1721,#1722));
#5959=EDGE_LOOP('',(#1723,#1724,#1725,#1726,#1727,#1728,#1729,#1730,#1731,#1732));
#5960=EDGE_LOOP('',(#1733,#1734,#1735,#1736));
#5961=EDGE_LOOP('',(#1737,#1738,#1739,#1740));
#5962=EDGE_LOOP('',(#1741,#1742,#1743,#1744));
#5963=EDGE_LOOP('',(#1745,#1746,#1747,#1748));
#5964=EDGE_LOOP('',(#1749,#1750,#1751,#1752));
#5965=EDGE_LOOP('',(#1753,#1754,#1755,#1756));
#5966=EDGE_LOOP('',(#1757,#1758,#1759,#1760));
#5967=EDGE_LOOP('',(#1761,#1762,#1763,#1764));
#5968=EDGE_LOOP('',(#1765,#1766,#1767,#1768));
#5969=EDGE_LOOP('',(#1769,#1770,#1771,#1772));
#5970=EDGE_LOOP('',(#1773,#1774,#1775,#1776));
#5971=EDGE_LOOP('',(#1777,#1778,#1779,#1780,#1781,#1782));
#5972=EDGE_LOOP('',(#1783,#1784,#1785,#1786,#1787,#1788));
#5973=EDGE_LOOP('',(#1789,#1790,#1791,#1792));
#5974=EDGE_LOOP('',(#1793,#1794,#1795,#1796));
#5975=EDGE_LOOP('',(#1797,#1798,#1799,#1800));
#5976=EDGE_LOOP('',(#1801,#1802,#1803,#1804,#1805,#1806,#1807,#1808,#1809,#1810,#1811));
#5977=EDGE_LOOP('',(#1812,#1813,#1814,#1815));
#5978=EDGE_LOOP('',(#1816,#1817,#1818,#1819));
#5979=EDGE_LOOP('',(#1820,#1821,#1822,#1823));
#5980=EDGE_LOOP('',(#1824,#1825,#1826,#1827));
#5981=EDGE_LOOP('',(#1828,#1829,#1830,#1831));
#5982=EDGE_LOOP('',(#1832,#1833,#1834,#1835));
#5983=EDGE_LOOP('',(#1836,#1837,#1838,#1839,#1840));
#5984=EDGE_LOOP('',(#1841,#1842,#1843,#1844));
#5985=EDGE_LOOP('',(#1845,#1846,#1847,#1848,#1849,#1850,#1851,#1852,#1853,#1854));
#5986=EDGE_LOOP('',(#1855,#1856,#1857,#1858));
#5987=EDGE_LOOP('',(#1859,#1860,#1861,#1862,#1863,#1864,#1865,#1866));
#5988=EDGE_LOOP('',(#1867,#1868,#1869,#1870,#1871,#1872));
#5989=EDGE_LOOP('',(#1873,#1874,#1875,#1876));
#5990=EDGE_LOOP('',(#1877,#1878,#1879,#1880,#1881,#1882,#1883));
#5991=EDGE_LOOP('',(#1884,#1885,#1886,#1887));
#5992=EDGE_LOOP('',(#1888,#1889,#1890,#1891));
#5993=EDGE_LOOP('',(#1892,#1893,#1894,#1895,#1896,#1897));
#5994=EDGE_LOOP('',(#1898,#1899,#1900,#1901));
#5995=EDGE_LOOP('',(#1902,#1903,#1904,#1905,#1906,#1907,#1908,#1909,#1910,#1911,#1912,#1913,#1914,#1915,#1916,#1917,#1918,#1919,#1920,#1921,#1922,#1923,#1924,#1925));
#5996=EDGE_LOOP('',(#1926,#1927,#1928,#1929,#1930,#1931,#1932,#1933));
#5997=EDGE_LOOP('',(#1934,#1935,#1936,#1937));
#5998=EDGE_LOOP('',(#1938,#1939,#1940,#1941,#1942,#1943));
#5999=EDGE_LOOP('',(#1944,#1945,#1946,#1947));
#6000=EDGE_LOOP('',(#1948,#1949,#1950,#1951,#1952,#1953,#1954,#1955));
#6001=EDGE_LOOP('',(#1956,#1957,#1958,#1959));
#6002=EDGE_LOOP('',(#1960,#1961,#1962,#1963));
#6003=EDGE_LOOP('',(#1964,#1965,#1966,#1967));
#6004=EDGE_LOOP('',(#1968,#1969,#1970,#1971));
#6005=EDGE_LOOP('',(#1972,#1973,#1974,#1975));
#6006=EDGE_LOOP('',(#1976,#1977,#1978,#1979));
#6007=EDGE_LOOP('',(#1980,#1981,#1982,#1983));
#6008=EDGE_LOOP('',(#1984,#1985,#1986,#1987));
#6009=EDGE_LOOP('',(#1988,#1989,#1990,#1991));
#6010=EDGE_LOOP('',(#1992,#1993,#1994,#1995));
#6011=EDGE_LOOP('',(#1996,#1997,#1998,#1999,#2000,#2001,#2002,#2003,#2004,#2005,#2006,#2007,#2008,#2009,#2010,#2011,#2012,#2013,#2014,#2015,#2016,#2017,#2018,#2019,#2020,#2021,#2022,#2023,#2024,#2025,#2026,#2027,#2028,#2029,#2030,#2031,#2032,#2033,#2034,#2035,#2036,#2037,#2038,#2039,#2040,#2041,#2042,#2043));
#6012=EDGE_LOOP('',(#2044,#2045,#2046,#2047,#2048,#2049,#2050,#2051,#2052,#2053,#2054,#2055,#2056,#2057,#2058,#2059,#2060,#2061,#2062,#2063));
#6013=EDGE_LOOP('',(#2064,#2065,#2066,#2067,#2068,#2069));
#6014=EDGE_LOOP('',(#2070,#2071,#2072,#2073,#2074,#2075));
#6015=EDGE_LOOP('',(#2076,#2077,#2078,#2079));
#6016=EDGE_LOOP('',(#2080,#2081,#2082,#2083,#2084,#2085,#2086));
#6017=EDGE_LOOP('',(#2087,#2088,#2089,#2090,#2091));
#6018=EDGE_LOOP('',(#2092,#2093,#2094,#2095,#2096));
#6019=EDGE_LOOP('',(#2097,#2098,#2099,#2100));
#6020=EDGE_LOOP('',(#2101,#2102,#2103,#2104,#2105,#2106));
#6021=EDGE_LOOP('',(#2107,#2108,#2109,#2110,#2111,#2112));
#6022=EDGE_LOOP('',(#2113,#2114,#2115));
#6023=EDGE_LOOP('',(#2116,#2117,#2118));
#6024=EDGE_LOOP('',(#2119,#2120,#2121,#2122));
#6025=EDGE_LOOP('',(#2123,#2124,#2125,#2126,#2127));
#6026=EDGE_LOOP('',(#2128,#2129,#2130,#2131,#2132,#2133,#2134,#2135,#2136,#2137,#2138,#2139));
#6027=EDGE_LOOP('',(#2140,#2141,#2142,#2143,#2144,#2145,#2146));
#6028=EDGE_LOOP('',(#2147,#2148,#2149,#2150));
#6029=EDGE_LOOP('',(#2151,#2152,#2153,#2154,#2155));
#6030=EDGE_LOOP('',(#2156,#2157,#2158,#2159,#2160,#2161));
#6031=EDGE_LOOP('',(#2162,#2163,#2164,#2165,#2166,#2167));
#6032=EDGE_LOOP('',(#2168,#2169,#2170,#2171,#2172,#2173,#2174,#2175));
#6033=EDGE_LOOP('',(#2176,#2177,#2178,#2179));
#6034=EDGE_LOOP('',(#2180,#2181,#2182,#2183,#2184,#2185,#2186));
#6035=EDGE_LOOP('',(#2187,#2188,#2189,#2190));
#6036=EDGE_LOOP('',(#2191,#2192,#2193,#2194));
#6037=EDGE_LOOP('',(#2195,#2196,#2197,#2198));
#6038=EDGE_LOOP('',(#2199,#2200,#2201,#2202));
#6039=EDGE_LOOP('',(#2203,#2204,#2205,#2206));
#6040=EDGE_LOOP('',(#2207,#2208,#2209,#2210));
#6041=EDGE_LOOP('',(#2211,#2212,#2213,#2214));
#6042=EDGE_LOOP('',(#2215,#2216,#2217,#2218));
#6043=EDGE_LOOP('',(#2219,#2220,#2221,#2222));
#6044=EDGE_LOOP('',(#2223,#2224,#2225));
#6045=EDGE_LOOP('',(#2226,#2227,#2228,#2229));
#6046=EDGE_LOOP('',(#2230,#2231,#2232,#2233));
#6047=EDGE_LOOP('',(#2234,#2235,#2236,#2237));
#6048=EDGE_LOOP('',(#2238,#2239,#2240,#2241,#2242));
#6049=EDGE_LOOP('',(#2243,#2244,#2245,#2246));
#6050=EDGE_LOOP('',(#2247,#2248,#2249));
#6051=EDGE_LOOP('',(#2250,#2251,#2252,#2253));
#6052=EDGE_LOOP('',(#2254,#2255,#2256,#2257,#2258));
#6053=EDGE_LOOP('',(#2259,#2260,#2261,#2262));
#6054=EDGE_LOOP('',(#2263,#2264,#2265,#2266,#2267));
#6055=EDGE_LOOP('',(#2268,#2269,#2270));
#6056=EDGE_LOOP('',(#2271,#2272,#2273,#2274));
#6057=EDGE_LOOP('',(#2275,#2276,#2277,#2278,#2279,#2280,#2281,#2282));
#6058=EDGE_LOOP('',(#2283,#2284,#2285,#2286,#2287,#2288));
#6059=EDGE_LOOP('',(#2289,#2290,#2291,#2292,#2293,#2294,#2295));
#6060=EDGE_LOOP('',(#2296,#2297,#2298,#2299));
#6061=EDGE_LOOP('',(#2300,#2301,#2302,#2303,#2304,#2305));
#6062=EDGE_LOOP('',(#2306,#2307,#2308,#2309,#2310,#2311));
#6063=EDGE_LOOP('',(#2312,#2313,#2314,#2315,#2316,#2317));
#6064=EDGE_LOOP('',(#2318,#2319,#2320,#2321));
#6065=EDGE_LOOP('',(#2322,#2323,#2324,#2325));
#6066=EDGE_LOOP('',(#2326,#2327,#2328,#2329));
#6067=EDGE_LOOP('',(#2330,#2331,#2332,#2333,#2334,#2335,#2336,#2337,#2338,#2339,#2340,#2341,#2342,#2343,#2344,#2345,#2346,#2347,#2348,#2349,#2350,#2351,#2352,#2353,#2354,#2355,#2356,#2357,#2358,#2359,#2360,#2361,#2362,#2363,#2364,#2365,#2366,#2367,#2368,#2369,#2370,#2371,#2372,#2373,#2374,#2375,#2376,#2377,#2378,#2379));
#6068=EDGE_LOOP('',(#2380,#2381,#2382,#2383));
#6069=EDGE_LOOP('',(#2384,#2385,#2386,#2387));
#6070=EDGE_LOOP('',(#2388,#2389,#2390,#2391));
#6071=EDGE_LOOP('',(#2392,#2393,#2394,#2395));
#6072=FACE_BOUND('',#5690,.T.);
#6073=FACE_BOUND('',#5691,.T.);
#6074=FACE_BOUND('',#5692,.T.);
#6075=FACE_BOUND('',#5693,.T.);
#6076=FACE_BOUND('',#5694,.T.);
#6077=FACE_BOUND('',#5695,.T.);
#6078=FACE_BOUND('',#5696,.T.);
#6079=FACE_BOUND('',#5697,.T.);
#6080=FACE_BOUND('',#5698,.T.);
#6081=FACE_BOUND('',#5699,.T.);
#6082=FACE_BOUND('',#5700,.T.);
#6083=FACE_BOUND('',#5701,.T.);
#6084=FACE_BOUND('',#5702,.T.);
#6085=FACE_BOUND('',#5703,.T.);
#6086=FACE_BOUND('',#5704,.T.);
#6087=FACE_BOUND('',#5705,.T.);
#6088=FACE_BOUND('',#5706,.T.);
#6089=FACE_BOUND('',#5707,.T.);
#6090=FACE_BOUND('',#5708,.T.);
#6091=FACE_BOUND('',#5709,.T.);
#6092=FACE_BOUND('',#5710,.T.);
#6093=FACE_BOUND('',#5711,.T.);
#6094=FACE_BOUND('',#5712,.T.);
#6095=FACE_BOUND('',#5713,.T.);
#6096=FACE_BOUND('',#5714,.T.);
#6097=FACE_BOUND('',#5715,.T.);
#6098=FACE_BOUND('',#5716,.T.);
#6099=FACE_BOUND('',#5717,.T.);
#6100=FACE_BOUND('',#5718,.T.);
#6101=FACE_BOUND('',#5719,.T.);
#6102=FACE_BOUND('',#5720,.T.);
#6103=FACE_BOUND('',#5721,.T.);
#6104=FACE_BOUND('',#5722,.T.);
#6105=FACE_BOUND('',#5723,.T.);
#6106=FACE_BOUND('',#5724,.T.);
#6107=FACE_BOUND('',#5725,.T.);
#6108=FACE_BOUND('',#5726,.T.);
#6109=FACE_BOUND('',#5727,.T.);
#6110=FACE_BOUND('',#5728,.T.);
#6111=FACE_BOUND('',#5729,.T.);
#6112=FACE_BOUND('',#5730,.T.);
#6113=FACE_BOUND('',#5731,.T.);
#6114=FACE_BOUND('',#5732,.T.);
#6115=FACE_BOUND('',#5733,.T.);
#6116=FACE_BOUND('',#5734,.T.);
#6117=FACE_BOUND('',#5735,.T.);
#6118=FACE_BOUND('',#5736,.T.);
#6119=FACE_BOUND('',#5737,.T.);
#6120=FACE_BOUND('',#5738,.T.);
#6121=FACE_BOUND('',#5739,.T.);
#6122=FACE_BOUND('',#5740,.T.);
#6123=FACE_BOUND('',#5741,.T.);
#6124=FACE_BOUND('',#5742,.T.);
#6125=FACE_BOUND('',#5743,.T.);
#6126=FACE_BOUND('',#5744,.T.);
#6127=FACE_BOUND('',#5745,.T.);
#6128=FACE_BOUND('',#5746,.T.);
#6129=FACE_BOUND('',#5747,.T.);
#6130=FACE_BOUND('',#5748,.T.);
#6131=FACE_BOUND('',#5749,.T.);
#6132=FACE_BOUND('',#5750,.T.);
#6133=FACE_BOUND('',#5751,.T.);
#6134=FACE_BOUND('',#5752,.T.);
#6135=FACE_BOUND('',#5753,.T.);
#6136=FACE_BOUND('',#5754,.T.);
#6137=FACE_BOUND('',#5755,.T.);
#6138=FACE_BOUND('',#5756,.T.);
#6139=FACE_BOUND('',#5757,.T.);
#6140=FACE_BOUND('',#5758,.T.);
#6141=FACE_BOUND('',#5759,.T.);
#6142=FACE_BOUND('',#5760,.T.);
#6143=FACE_BOUND('',#5761,.T.);
#6144=FACE_BOUND('',#5762,.T.);
#6145=FACE_BOUND('',#5763,.T.);
#6146=FACE_BOUND('',#5764,.T.);
#6147=FACE_BOUND('',#5765,.T.);
#6148=FACE_BOUND('',#5766,.T.);
#6149=FACE_BOUND('',#5767,.T.);
#6150=FACE_BOUND('',#5768,.T.);
#6151=FACE_BOUND('',#5769,.T.);
#6152=FACE_BOUND('',#5770,.T.);
#6153=FACE_BOUND('',#5771,.T.);
#6154=FACE_BOUND('',#5772,.T.);
#6155=FACE_BOUND('',#5773,.T.);
#6156=FACE_BOUND('',#5774,.T.);
#6157=FACE_BOUND('',#5775,.T.);
#6158=FACE_BOUND('',#5776,.T.);
#6159=FACE_BOUND('',#5777,.T.);
#6160=FACE_BOUND('',#5778,.T.);
#6161=FACE_BOUND('',#5779,.T.);
#6162=FACE_BOUND('',#5780,.T.);
#6163=FACE_BOUND('',#5781,.T.);
#6164=FACE_BOUND('',#5782,.T.);
#6165=FACE_BOUND('',#5783,.T.);
#6166=FACE_BOUND('',#5784,.T.);
#6167=FACE_BOUND('',#5785,.T.);
#6168=FACE_BOUND('',#5786,.T.);
#6169=FACE_BOUND('',#5787,.T.);
#6170=FACE_BOUND('',#5788,.T.);
#6171=FACE_BOUND('',#5789,.T.);
#6172=FACE_BOUND('',#5790,.T.);
#6173=FACE_BOUND('',#5791,.T.);
#6174=FACE_BOUND('',#5792,.T.);
#6175=FACE_BOUND('',#5793,.T.);
#6176=FACE_BOUND('',#5794,.T.);
#6177=FACE_BOUND('',#5795,.T.);
#6178=FACE_BOUND('',#5796,.T.);
#6179=FACE_BOUND('',#5797,.T.);
#6180=FACE_BOUND('',#5798,.T.);
#6181=FACE_BOUND('',#5799,.T.);
#6182=FACE_BOUND('',#5800,.T.);
#6183=FACE_BOUND('',#5801,.T.);
#6184=FACE_BOUND('',#5802,.T.);
#6185=FACE_BOUND('',#5803,.T.);
#6186=FACE_BOUND('',#5804,.T.);
#6187=FACE_BOUND('',#5805,.T.);
#6188=FACE_BOUND('',#5806,.T.);
#6189=FACE_BOUND('',#5807,.T.);
#6190=FACE_BOUND('',#5808,.T.);
#6191=FACE_BOUND('',#5809,.T.);
#6192=FACE_BOUND('',#5810,.T.);
#6193=FACE_BOUND('',#5811,.T.);
#6194=FACE_BOUND('',#5812,.T.);
#6195=FACE_BOUND('',#5813,.T.);
#6196=FACE_BOUND('',#5814,.T.);
#6197=FACE_BOUND('',#5815,.T.);
#6198=FACE_BOUND('',#5816,.T.);
#6199=FACE_BOUND('',#5817,.T.);
#6200=FACE_BOUND('',#5818,.T.);
#6201=FACE_BOUND('',#5819,.T.);
#6202=FACE_BOUND('',#5820,.T.);
#6203=FACE_BOUND('',#5821,.T.);
#6204=FACE_BOUND('',#5822,.T.);
#6205=FACE_BOUND('',#5823,.T.);
#6206=FACE_BOUND('',#5824,.T.);
#6207=FACE_BOUND('',#5825,.T.);
#6208=FACE_BOUND('',#5826,.T.);
#6209=FACE_BOUND('',#5827,.T.);
#6210=FACE_BOUND('',#5828,.T.);
#6211=FACE_BOUND('',#5829,.T.);
#6212=FACE_BOUND('',#5830,.T.);
#6213=FACE_BOUND('',#5831,.T.);
#6214=FACE_BOUND('',#5832,.T.);
#6215=FACE_BOUND('',#5833,.T.);
#6216=FACE_BOUND('',#5834,.T.);
#6217=FACE_BOUND('',#5835,.T.);
#6218=FACE_BOUND('',#5836,.T.);
#6219=FACE_BOUND('',#5837,.T.);
#6220=FACE_BOUND('',#5838,.T.);
#6221=FACE_BOUND('',#5839,.T.);
#6222=FACE_BOUND('',#5840,.T.);
#6223=FACE_BOUND('',#5841,.T.);
#6224=FACE_BOUND('',#5842,.T.);
#6225=FACE_BOUND('',#5843,.T.);
#6226=FACE_BOUND('',#5844,.T.);
#6227=FACE_BOUND('',#5845,.T.);
#6228=FACE_BOUND('',#5846,.T.);
#6229=FACE_BOUND('',#5847,.T.);
#6230=FACE_BOUND('',#5848,.T.);
#6231=FACE_BOUND('',#5849,.T.);
#6232=FACE_BOUND('',#5850,.T.);
#6233=FACE_BOUND('',#5851,.T.);
#6234=FACE_BOUND('',#5852,.T.);
#6235=FACE_BOUND('',#5853,.T.);
#6236=FACE_BOUND('',#5854,.T.);
#6237=FACE_BOUND('',#5855,.T.);
#6238=FACE_BOUND('',#5856,.T.);
#6239=FACE_BOUND('',#5857,.T.);
#6240=FACE_BOUND('',#5858,.T.);
#6241=FACE_BOUND('',#5859,.T.);
#6242=FACE_BOUND('',#5860,.T.);
#6243=FACE_BOUND('',#5861,.T.);
#6244=FACE_BOUND('',#5862,.T.);
#6245=FACE_BOUND('',#5863,.T.);
#6246=FACE_BOUND('',#5864,.T.);
#6247=FACE_BOUND('',#5865,.T.);
#6248=FACE_BOUND('',#5866,.T.);
#6249=FACE_BOUND('',#5867,.T.);
#6250=FACE_BOUND('',#5868,.T.);
#6251=FACE_BOUND('',#5869,.T.);
#6252=FACE_BOUND('',#5870,.T.);
#6253=FACE_BOUND('',#5871,.T.);
#6254=FACE_BOUND('',#5872,.T.);
#6255=FACE_BOUND('',#5873,.T.);
#6256=FACE_BOUND('',#5874,.T.);
#6257=FACE_BOUND('',#5875,.T.);
#6258=FACE_BOUND('',#5876,.T.);
#6259=FACE_BOUND('',#5877,.T.);
#6260=FACE_BOUND('',#5878,.T.);
#6261=FACE_BOUND('',#5879,.T.);
#6262=FACE_BOUND('',#5880,.T.);
#6263=FACE_BOUND('',#5881,.T.);
#6264=FACE_BOUND('',#5882,.T.);
#6265=FACE_BOUND('',#5883,.T.);
#6266=FACE_BOUND('',#5884,.T.);
#6267=FACE_BOUND('',#5885,.T.);
#6268=FACE_BOUND('',#5886,.T.);
#6269=FACE_BOUND('',#5887,.T.);
#6270=FACE_BOUND('',#5888,.T.);
#6271=FACE_BOUND('',#5889,.T.);
#6272=FACE_BOUND('',#5890,.T.);
#6273=FACE_BOUND('',#5891,.T.);
#6274=FACE_BOUND('',#5892,.T.);
#6275=FACE_BOUND('',#5893,.T.);
#6276=FACE_BOUND('',#5894,.T.);
#6277=FACE_BOUND('',#5895,.T.);
#6278=FACE_BOUND('',#5896,.T.);
#6279=FACE_BOUND('',#5897,.T.);
#6280=FACE_BOUND('',#5898,.T.);
#6281=FACE_BOUND('',#5899,.T.);
#6282=FACE_BOUND('',#5900,.T.);
#6283=FACE_BOUND('',#5901,.T.);
#6284=FACE_BOUND('',#5902,.T.);
#6285=FACE_BOUND('',#5903,.T.);
#6286=FACE_BOUND('',#5904,.T.);
#6287=FACE_BOUND('',#5905,.T.);
#6288=FACE_BOUND('',#5906,.T.);
#6289=FACE_BOUND('',#5907,.T.);
#6290=FACE_BOUND('',#5908,.T.);
#6291=FACE_BOUND('',#5909,.T.);
#6292=FACE_BOUND('',#5910,.T.);
#6293=FACE_BOUND('',#5911,.T.);
#6294=FACE_BOUND('',#5912,.T.);
#6295=FACE_BOUND('',#5913,.T.);
#6296=FACE_BOUND('',#5914,.T.);
#6297=FACE_BOUND('',#5915,.T.);
#6298=FACE_BOUND('',#5916,.T.);
#6299=FACE_BOUND('',#5917,.T.);
#6300=FACE_BOUND('',#5918,.T.);
#6301=FACE_BOUND('',#5919,.T.);
#6302=FACE_BOUND('',#5920,.T.);
#6303=FACE_BOUND('',#5921,.T.);
#6304=FACE_BOUND('',#5922,.T.);
#6305=FACE_BOUND('',#5923,.T.);
#6306=FACE_BOUND('',#5924,.T.);
#6307=FACE_BOUND('',#5925,.T.);
#6308=FACE_BOUND('',#5926,.T.);
#6309=FACE_BOUND('',#5927,.T.);
#6310=FACE_BOUND('',#5928,.T.);
#6311=FACE_BOUND('',#5929,.T.);
#6312=FACE_BOUND('',#5930,.T.);
#6313=FACE_BOUND('',#5931,.T.);
#6314=FACE_BOUND('',#5932,.T.);
#6315=FACE_BOUND('',#5933,.T.);
#6316=FACE_BOUND('',#5934,.T.);
#6317=FACE_BOUND('',#5935,.T.);
#6318=FACE_BOUND('',#5936,.T.);
#6319=FACE_BOUND('',#5937,.T.);
#6320=FACE_BOUND('',#5938,.T.);
#6321=FACE_BOUND('',#5939,.T.);
#6322=FACE_BOUND('',#5940,.T.);
#6323=FACE_BOUND('',#5941,.T.);
#6324=FACE_BOUND('',#5942,.T.);
#6325=FACE_BOUND('',#5943,.T.);
#6326=FACE_BOUND('',#5944,.T.);
#6327=FACE_BOUND('',#5945,.T.);
#6328=FACE_BOUND('',#5946,.T.);
#6329=FACE_BOUND('',#5947,.T.);
#6330=FACE_BOUND('',#5948,.T.);
#6331=FACE_BOUND('',#5949,.T.);
#6332=FACE_BOUND('',#5950,.T.);
#6333=FACE_BOUND('',#5951,.T.);
#6334=FACE_BOUND('',#5952,.T.);
#6335=FACE_BOUND('',#5953,.T.);
#6336=FACE_BOUND('',#5954,.T.);
#6337=FACE_BOUND('',#5955,.T.);
#6338=FACE_BOUND('',#5956,.T.);
#6339=FACE_BOUND('',#5957,.T.);
#6340=FACE_BOUND('',#5958,.T.);
#6341=FACE_BOUND('',#5959,.T.);
#6342=FACE_BOUND('',#5960,.T.);
#6343=FACE_BOUND('',#5961,.T.);
#6344=FACE_BOUND('',#5962,.T.);
#6345=FACE_BOUND('',#5963,.T.);
#6346=FACE_BOUND('',#5964,.T.);
#6347=FACE_BOUND('',#5965,.T.);
#6348=FACE_BOUND('',#5966,.T.);
#6349=FACE_BOUND('',#5967,.T.);
#6350=FACE_BOUND('',#5968,.T.);
#6351=FACE_BOUND('',#5969,.T.);
#6352=FACE_BOUND('',#5970,.T.);
#6353=FACE_BOUND('',#5971,.T.);
#6354=FACE_BOUND('',#5972,.T.);
#6355=FACE_BOUND('',#5973,.T.);
#6356=FACE_BOUND('',#5974,.T.);
#6357=FACE_BOUND('',#5975,.T.);
#6358=FACE_BOUND('',#5976,.T.);
#6359=FACE_BOUND('',#5977,.T.);
#6360=FACE_BOUND('',#5978,.T.);
#6361=FACE_BOUND('',#5979,.T.);
#6362=FACE_BOUND('',#5980,.T.);
#6363=FACE_BOUND('',#5981,.T.);
#6364=FACE_BOUND('',#5982,.T.);
#6365=FACE_BOUND('',#5983,.T.);
#6366=FACE_BOUND('',#5984,.T.);
#6367=FACE_BOUND('',#5985,.T.);
#6368=FACE_BOUND('',#5986,.T.);
#6369=FACE_BOUND('',#5987,.T.);
#6370=FACE_BOUND('',#5988,.T.);
#6371=FACE_BOUND('',#5989,.T.);
#6372=FACE_BOUND('',#5990,.T.);
#6373=FACE_BOUND('',#5991,.T.);
#6374=FACE_BOUND('',#5992,.T.);
#6375=FACE_BOUND('',#5993,.T.);
#6376=FACE_BOUND('',#5994,.T.);
#6377=FACE_BOUND('',#5995,.T.);
#6378=FACE_BOUND('',#5996,.T.);
#6379=FACE_BOUND('',#5997,.T.);
#6380=FACE_BOUND('',#5998,.T.);
#6381=FACE_BOUND('',#5999,.T.);
#6382=FACE_BOUND('',#6000,.T.);
#6383=FACE_BOUND('',#6001,.T.);
#6384=FACE_BOUND('',#6002,.T.);
#6385=FACE_BOUND('',#6003,.T.);
#6386=FACE_BOUND('',#6004,.T.);
#6387=FACE_BOUND('',#6005,.T.);
#6388=FACE_BOUND('',#6006,.T.);
#6389=FACE_BOUND('',#6007,.T.);
#6390=FACE_BOUND('',#6008,.T.);
#6391=FACE_BOUND('',#6009,.T.);
#6392=FACE_BOUND('',#6010,.T.);
#6393=FACE_BOUND('',#6011,.T.);
#6394=FACE_BOUND('',#6012,.T.);
#6395=FACE_BOUND('',#6013,.T.);
#6396=FACE_BOUND('',#6014,.T.);
#6397=FACE_BOUND('',#6015,.T.);
#6398=FACE_BOUND('',#6016,.T.);
#6399=FACE_BOUND('',#6017,.T.);
#6400=FACE_BOUND('',#6018,.T.);
#6401=FACE_BOUND('',#6019,.T.);
#6402=FACE_BOUND('',#6020,.T.);
#6403=FACE_BOUND('',#6021,.T.);
#6404=FACE_BOUND('',#6022,.T.);
#6405=FACE_BOUND('',#6023,.T.);
#6406=FACE_BOUND('',#6024,.T.);
#6407=FACE_BOUND('',#6025,.T.);
#6408=FACE_BOUND('',#6026,.T.);
#6409=FACE_BOUND('',#6027,.T.);
#6410=FACE_BOUND('',#6028,.T.);
#6411=FACE_BOUND('',#6029,.T.);
#6412=FACE_BOUND('',#6030,.T.);
#6413=FACE_BOUND('',#6031,.T.);
#6414=FACE_BOUND('',#6032,.T.);
#6415=FACE_BOUND('',#6033,.T.);
#6416=FACE_BOUND('',#6034,.T.);
#6417=FACE_BOUND('',#6035,.T.);
#6418=FACE_BOUND('',#6036,.T.);
#6419=FACE_BOUND('',#6037,.T.);
#6420=FACE_BOUND('',#6038,.T.);
#6421=FACE_BOUND('',#6039,.T.);
#6422=FACE_BOUND('',#6040,.T.);
#6423=FACE_BOUND('',#6041,.T.);
#6424=FACE_BOUND('',#6042,.T.);
#6425=FACE_BOUND('',#6043,.T.);
#6426=FACE_BOUND('',#6044,.T.);
#6427=FACE_BOUND('',#6045,.T.);
#6428=FACE_BOUND('',#6046,.T.);
#6429=FACE_BOUND('',#6047,.T.);
#6430=FACE_BOUND('',#6048,.T.);
#6431=FACE_BOUND('',#6049,.T.);
#6432=FACE_BOUND('',#6050,.T.);
#6433=FACE_BOUND('',#6051,.T.);
#6434=FACE_BOUND('',#6052,.T.);
#6435=FACE_BOUND('',#6053,.T.);
#6436=FACE_BOUND('',#6054,.T.);
#6437=FACE_BOUND('',#6055,.T.);
#6438=FACE_BOUND('',#6056,.T.);
#6439=FACE_BOUND('',#6057,.T.);
#6440=FACE_BOUND('',#6058,.T.);
#6441=FACE_BOUND('',#6059,.T.);
#6442=FACE_BOUND('',#6060,.T.);
#6443=FACE_BOUND('',#6061,.T.);
#6444=FACE_BOUND('',#6062,.T.);
#6445=FACE_BOUND('',#6063,.T.);
#6446=FACE_BOUND('',#6064,.T.);
#6447=FACE_BOUND('',#6065,.T.);
#6448=FACE_BOUND('',#6066,.T.);
#6449=FACE_BOUND('',#6067,.T.);
#6450=FACE_BOUND('',#6068,.T.);
#6451=FACE_BOUND('',#6069,.T.);
#6452=FACE_BOUND('',#6070,.T.);
#6453=FACE_BOUND('',#6071,.T.);
#6454=PLANE('',#8022);
#6455=PLANE('',#8023);
#6456=PLANE('',#8024);
#6457=PLANE('',#8025);
#6458=PLANE('',#8026);
#6459=PLANE('',#8027);
#6460=PLANE('',#8029);
#6461=PLANE('',#8032);
#6462=PLANE('',#8033);
#6463=PLANE('',#8034);
#6464=PLANE('',#8035);
#6465=PLANE('',#8036);
#6466=PLANE('',#8037);
#6467=PLANE('',#8038);
#6468=PLANE('',#8039);
#6469=PLANE('',#8040);
#6470=PLANE('',#8041);
#6471=PLANE('',#8042);
#6472=PLANE('',#8046);
#6473=PLANE('',#8047);
#6474=PLANE('',#8048);
#6475=PLANE('',#8049);
#6476=PLANE('',#8050);
#6477=PLANE('',#8051);
#6478=PLANE('',#8056);
#6479=PLANE('',#8062);
#6480=PLANE('',#8066);
#6481=PLANE('',#8073);
#6482=PLANE('',#8075);
#6483=PLANE('',#8077);
#6484=PLANE('',#8078);
#6485=PLANE('',#8079);
#6486=PLANE('',#8082);
#6487=PLANE('',#8086);
#6488=PLANE('',#8087);
#6489=PLANE('',#8104);
#6490=PLANE('',#8113);
#6491=PLANE('',#8117);
#6492=PLANE('',#8118);
#6493=PLANE('',#8120);
#6494=PLANE('',#8121);
#6495=PLANE('',#8124);
#6496=PLANE('',#8127);
#6497=PLANE('',#8128);
#6498=PLANE('',#8129);
#6499=PLANE('',#8130);
#6500=PLANE('',#8132);
#6501=PLANE('',#8133);
#6502=PLANE('',#8134);
#6503=PLANE('',#8135);
#6504=PLANE('',#8136);
#6505=PLANE('',#8140);
#6506=PLANE('',#8141);
#6507=PLANE('',#8142);
#6508=PLANE('',#8143);
#6509=PLANE('',#8144);
#6510=PLANE('',#8145);
#6511=PLANE('',#8146);
#6512=PLANE('',#8147);
#6513=PLANE('',#8148);
#6514=PLANE('',#8150);
#6515=PLANE('',#8153);
#6516=PLANE('',#8154);
#6517=PLANE('',#8155);
#6518=PLANE('',#8156);
#6519=PLANE('',#8157);
#6520=PLANE('',#8158);
#6521=PLANE('',#8159);
#6522=PLANE('',#8160);
#6523=PLANE('',#8161);
#6524=PLANE('',#8162);
#6525=PLANE('',#8163);
#6526=PLANE('',#8167);
#6527=PLANE('',#8168);
#6528=PLANE('',#8169);
#6529=PLANE('',#8170);
#6530=PLANE('',#8171);
#6531=PLANE('',#8172);
#6532=PLANE('',#8177);
#6533=PLANE('',#8183);
#6534=PLANE('',#8187);
#6535=PLANE('',#8194);
#6536=PLANE('',#8196);
#6537=PLANE('',#8197);
#6538=PLANE('',#8199);
#6539=PLANE('',#8200);
#6540=PLANE('',#8201);
#6541=PLANE('',#8204);
#6542=PLANE('',#8208);
#6543=PLANE('',#8209);
#6544=PLANE('',#8224);
#6545=PLANE('',#8233);
#6546=PLANE('',#8237);
#6547=PLANE('',#8238);
#6548=PLANE('',#8239);
#6549=PLANE('',#8241);
#6550=PLANE('',#8243);
#6551=PLANE('',#8244);
#6552=PLANE('',#8245);
#6553=PLANE('',#8248);
#6554=PLANE('',#8249);
#6555=PLANE('',#8252);
#6556=PLANE('',#8253);
#6557=PLANE('',#8254);
#6558=PLANE('',#8255);
#6559=PLANE('',#8256);
#6560=PLANE('',#8258);
#6561=PLANE('',#8259);
#6562=PLANE('',#8260);
#6563=PLANE('',#8261);
#6564=PLANE('',#8262);
#6565=PLANE('',#8264);
#6566=PLANE('',#8266);
#6567=PLANE('',#8268);
#6568=PLANE('',#8270);
#6569=PLANE('',#8271);
#6570=PLANE('',#8272);
#6571=PLANE('',#8273);
#6572=PLANE('',#8274);
#6573=PLANE('',#8275);
#6574=PLANE('',#8276);
#6575=PLANE('',#8277);
#6576=PLANE('',#8278);
#6577=PLANE('',#8280);
#6578=PLANE('',#8283);
#6579=PLANE('',#8284);
#6580=PLANE('',#8285);
#6581=PLANE('',#8286);
#6582=PLANE('',#8287);
#6583=PLANE('',#8288);
#6584=PLANE('',#8289);
#6585=PLANE('',#8290);
#6586=PLANE('',#8291);
#6587=PLANE('',#8292);
#6588=PLANE('',#8293);
#6589=PLANE('',#8297);
#6590=PLANE('',#8298);
#6591=PLANE('',#8299);
#6592=PLANE('',#8300);
#6593=PLANE('',#8301);
#6594=PLANE('',#8302);
#6595=PLANE('',#8308);
#6596=PLANE('',#8309);
#6597=PLANE('',#8310);
#6598=PLANE('',#8311);
#6599=PLANE('',#8313);
#6600=PLANE('',#8316);
#6601=PLANE('',#8320);
#6602=PLANE('',#8324);
#6603=PLANE('',#8331);
#6604=PLANE('',#8333);
#6605=PLANE('',#8335);
#6606=PLANE('',#8336);
#6607=PLANE('',#8337);
#6608=PLANE('',#8340);
#6609=PLANE('',#8344);
#6610=PLANE('',#8345);
#6611=PLANE('',#8359);
#6612=PLANE('',#8368);
#6613=PLANE('',#8372);
#6614=PLANE('',#8373);
#6615=PLANE('',#8375);
#6616=PLANE('',#8376);
#6617=PLANE('',#8379);
#6618=PLANE('',#8382);
#6619=PLANE('',#8383);
#6620=PLANE('',#8384);
#6621=PLANE('',#8385);
#6622=PLANE('',#8387);
#6623=PLANE('',#8388);
#6624=PLANE('',#8389);
#6625=PLANE('',#8390);
#6626=PLANE('',#8391);
#6627=PLANE('',#8395);
#6628=PLANE('',#8396);
#6629=PLANE('',#8401);
#6630=PLANE('',#8402);
#6631=PLANE('',#8403);
#6632=PLANE('',#8404);
#6633=PLANE('',#8405);
#6634=PLANE('',#8406);
#6635=PLANE('',#8407);
#6636=PLANE('',#8408);
#6637=PLANE('',#8409);
#6638=PLANE('',#8410);
#6639=PLANE('',#8411);
#6640=PLANE('',#8412);
#6641=PLANE('',#8413);
#6642=PLANE('',#8414);
#6643=PLANE('',#8415);
#6644=PLANE('',#8417);
#6645=PLANE('',#8420);
#6646=PLANE('',#8421);
#6647=PLANE('',#8422);
#6648=PLANE('',#8423);
#6649=PLANE('',#8424);
#6650=PLANE('',#8425);
#6651=PLANE('',#8426);
#6652=PLANE('',#8427);
#6653=PLANE('',#8428);
#6654=PLANE('',#8429);
#6655=PLANE('',#8430);
#6656=PLANE('',#8434);
#6657=PLANE('',#8435);
#6658=PLANE('',#8436);
#6659=PLANE('',#8437);
#6660=PLANE('',#8438);
#6661=PLANE('',#8439);
#6662=PLANE('',#8445);
#6663=PLANE('',#8446);
#6664=PLANE('',#8447);
#6665=PLANE('',#8448);
#6666=PLANE('',#8450);
#6667=PLANE('',#8453);
#6668=PLANE('',#8454);
#6669=PLANE('',#8455);
#6670=PLANE('',#8456);
#6671=PLANE('',#8457);
#6672=PLANE('',#8458);
#6673=PLANE('',#8459);
#6674=PLANE('',#8461);
#6675=PLANE('',#8462);
#6676=PLANE('',#8464);
#6677=PLANE('',#8465);
#6678=PLANE('',#8474);
#6679=PLANE('',#8475);
#6680=PLANE('',#8478);
#6681=PLANE('',#8482);
#6682=PLANE('',#8484);
#6683=PLANE('',#8485);
#6684=PLANE('',#8490);
#6685=PLANE('',#8491);
#6686=PLANE('',#8492);
#6687=PLANE('',#8494);
#6688=PLANE('',#8495);
#6689=PLANE('',#8496);
#6690=PLANE('',#8497);
#6691=PLANE('',#8499);
#6692=PLANE('',#8501);
#6693=PLANE('',#8503);
#6694=PLANE('',#8507);
#6695=PLANE('',#8509);
#6696=PLANE('',#8512);
#6697=PLANE('',#8513);
#6698=PLANE('',#8515);
#6699=PLANE('',#8518);
#6700=PLANE('',#8519);
#6701=PLANE('',#8520);
#6702=PLANE('',#8521);
#6703=PLANE('',#8523);
#6704=PLANE('',#8531);
#6705=PLANE('',#8544);
#6706=PLANE('',#8545);
#6707=PLANE('',#8547);
#6708=PLANE('',#8549);
#6709=PLANE('',#8550);
#6710=PLANE('',#8553);
#6711=PLANE('',#8554);
#6712=PLANE('',#8555);
#6713=PLANE('',#8556);
#6714=PLANE('',#8560);
#6715=PLANE('',#8562);
#6716=PLANE('',#8564);
#6717=OVER_RIDING_STYLED_ITEM('',(#7224),#6848,#7222);
#6718=OVER_RIDING_STYLED_ITEM('',(#7225),#6849,#7222);
#6719=OVER_RIDING_STYLED_ITEM('',(#7226),#6850,#7222);
#6720=OVER_RIDING_STYLED_ITEM('',(#7227),#6851,#7222);
#6721=OVER_RIDING_STYLED_ITEM('',(#7228),#6852,#7222);
#6722=OVER_RIDING_STYLED_ITEM('',(#7229),#6853,#7222);
#6723=OVER_RIDING_STYLED_ITEM('',(#7230),#6854,#7222);
#6724=OVER_RIDING_STYLED_ITEM('',(#7231),#6855,#7222);
#6725=OVER_RIDING_STYLED_ITEM('',(#7232),#6856,#7222);
#6726=OVER_RIDING_STYLED_ITEM('',(#7233),#6857,#7222);
#6727=OVER_RIDING_STYLED_ITEM('',(#7234),#6858,#7222);
#6728=OVER_RIDING_STYLED_ITEM('',(#7235),#6859,#7222);
#6729=OVER_RIDING_STYLED_ITEM('',(#7236),#6860,#7222);
#6730=OVER_RIDING_STYLED_ITEM('',(#7237),#6866,#7222);
#6731=OVER_RIDING_STYLED_ITEM('',(#7238),#6867,#7222);
#6732=OVER_RIDING_STYLED_ITEM('',(#7239),#6868,#7222);
#6733=OVER_RIDING_STYLED_ITEM('',(#7240),#6869,#7222);
#6734=OVER_RIDING_STYLED_ITEM('',(#7241),#6870,#7222);
#6735=OVER_RIDING_STYLED_ITEM('',(#7242),#6871,#7222);
#6736=OVER_RIDING_STYLED_ITEM('',(#7243),#6875,#7222);
#6737=OVER_RIDING_STYLED_ITEM('',(#7244),#6877,#7222);
#6738=OVER_RIDING_STYLED_ITEM('',(#7245),#6878,#7222);
#6739=OVER_RIDING_STYLED_ITEM('',(#7246),#6879,#7222);
#6740=OVER_RIDING_STYLED_ITEM('',(#7247),#6880,#7222);
#6741=OVER_RIDING_STYLED_ITEM('',(#7248),#6881,#7222);
#6742=OVER_RIDING_STYLED_ITEM('',(#7249),#6882,#7222);
#6743=OVER_RIDING_STYLED_ITEM('',(#7250),#6883,#7222);
#6744=OVER_RIDING_STYLED_ITEM('',(#7251),#6884,#7222);
#6745=OVER_RIDING_STYLED_ITEM('',(#7252),#6912,#7222);
#6746=OVER_RIDING_STYLED_ITEM('',(#7253),#6913,#7222);
#6747=OVER_RIDING_STYLED_ITEM('',(#7254),#6918,#7222);
#6748=OVER_RIDING_STYLED_ITEM('',(#7255),#6924,#7222);
#6749=OVER_RIDING_STYLED_ITEM('',(#7256),#6925,#7222);
#6750=OVER_RIDING_STYLED_ITEM('',(#7257),#6926,#7222);
#6751=OVER_RIDING_STYLED_ITEM('',(#7258),#6927,#7222);
#6752=OVER_RIDING_STYLED_ITEM('',(#7259),#6928,#7222);
#6753=OVER_RIDING_STYLED_ITEM('',(#7260),#6929,#7222);
#6754=OVER_RIDING_STYLED_ITEM('',(#7261),#6930,#7222);
#6755=OVER_RIDING_STYLED_ITEM('',(#7262),#6931,#7222);
#6756=OVER_RIDING_STYLED_ITEM('',(#7263),#6932,#7222);
#6757=OVER_RIDING_STYLED_ITEM('',(#7264),#6933,#7222);
#6758=OVER_RIDING_STYLED_ITEM('',(#7265),#6934,#7222);
#6759=OVER_RIDING_STYLED_ITEM('',(#7266),#6935,#7222);
#6760=OVER_RIDING_STYLED_ITEM('',(#7267),#6936,#7222);
#6761=OVER_RIDING_STYLED_ITEM('',(#7268),#6942,#7222);
#6762=OVER_RIDING_STYLED_ITEM('',(#7269),#6943,#7222);
#6763=OVER_RIDING_STYLED_ITEM('',(#7270),#6944,#7222);
#6764=OVER_RIDING_STYLED_ITEM('',(#7271),#6945,#7222);
#6765=OVER_RIDING_STYLED_ITEM('',(#7272),#6946,#7222);
#6766=OVER_RIDING_STYLED_ITEM('',(#7273),#6947,#7222);
#6767=OVER_RIDING_STYLED_ITEM('',(#7274),#6951,#7222);
#6768=OVER_RIDING_STYLED_ITEM('',(#7275),#6952,#7222);
#6769=OVER_RIDING_STYLED_ITEM('',(#7276),#6953,#7222);
#6770=OVER_RIDING_STYLED_ITEM('',(#7277),#6954,#7222);
#6771=OVER_RIDING_STYLED_ITEM('',(#7278),#6955,#7222);
#6772=OVER_RIDING_STYLED_ITEM('',(#7279),#6956,#7222);
#6773=OVER_RIDING_STYLED_ITEM('',(#7280),#6957,#7222);
#6774=OVER_RIDING_STYLED_ITEM('',(#7281),#6958,#7222);
#6775=OVER_RIDING_STYLED_ITEM('',(#7282),#6959,#7222);
#6776=OVER_RIDING_STYLED_ITEM('',(#7283),#6960,#7222);
#6777=OVER_RIDING_STYLED_ITEM('',(#7284),#6961,#7222);
#6778=OVER_RIDING_STYLED_ITEM('',(#7285),#6996,#7222);
#6779=OVER_RIDING_STYLED_ITEM('',(#7286),#6997,#7222);
#6780=OVER_RIDING_STYLED_ITEM('',(#7287),#7004,#7222);
#6781=OVER_RIDING_STYLED_ITEM('',(#7288),#7005,#7222);
#6782=OVER_RIDING_STYLED_ITEM('',(#7289),#7012,#7222);
#6783=OVER_RIDING_STYLED_ITEM('',(#7290),#7013,#7222);
#6784=OVER_RIDING_STYLED_ITEM('',(#7291),#7014,#7222);
#6785=OVER_RIDING_STYLED_ITEM('',(#7292),#7015,#7222);
#6786=OVER_RIDING_STYLED_ITEM('',(#7293),#7016,#7222);
#6787=OVER_RIDING_STYLED_ITEM('',(#7294),#7017,#7222);
#6788=OVER_RIDING_STYLED_ITEM('',(#7295),#7018,#7222);
#6789=OVER_RIDING_STYLED_ITEM('',(#7296),#7019,#7222);
#6790=OVER_RIDING_STYLED_ITEM('',(#7297),#7020,#7222);
#6791=OVER_RIDING_STYLED_ITEM('',(#7298),#7021,#7222);
#6792=OVER_RIDING_STYLED_ITEM('',(#7299),#7022,#7222);
#6793=OVER_RIDING_STYLED_ITEM('',(#7300),#7023,#7222);
#6794=OVER_RIDING_STYLED_ITEM('',(#7301),#7024,#7222);
#6795=OVER_RIDING_STYLED_ITEM('',(#7302),#7030,#7222);
#6796=OVER_RIDING_STYLED_ITEM('',(#7303),#7031,#7222);
#6797=OVER_RIDING_STYLED_ITEM('',(#7304),#7032,#7222);
#6798=OVER_RIDING_STYLED_ITEM('',(#7305),#7033,#7222);
#6799=OVER_RIDING_STYLED_ITEM('',(#7306),#7034,#7222);
#6800=OVER_RIDING_STYLED_ITEM('',(#7307),#7035,#7222);
#6801=OVER_RIDING_STYLED_ITEM('',(#7308),#7046,#7222);
#6802=OVER_RIDING_STYLED_ITEM('',(#7309),#7047,#7222);
#6803=OVER_RIDING_STYLED_ITEM('',(#7310),#7048,#7222);
#6804=OVER_RIDING_STYLED_ITEM('',(#7311),#7049,#7222);
#6805=OVER_RIDING_STYLED_ITEM('',(#7312),#7050,#7222);
#6806=OVER_RIDING_STYLED_ITEM('',(#7313),#7051,#7222);
#6807=OVER_RIDING_STYLED_ITEM('',(#7314),#7052,#7222);
#6808=OVER_RIDING_STYLED_ITEM('',(#7315),#7053,#7222);
#6809=OVER_RIDING_STYLED_ITEM('',(#7316),#7054,#7222);
#6810=OVER_RIDING_STYLED_ITEM('',(#7317),#7055,#7222);
#6811=OVER_RIDING_STYLED_ITEM('',(#7318),#7083,#7222);
#6812=OVER_RIDING_STYLED_ITEM('',(#7319),#7084,#7222);
#6813=OVER_RIDING_STYLED_ITEM('',(#7320),#7089,#7222);
#6814=OVER_RIDING_STYLED_ITEM('',(#7321),#7107,#7222);
#6815=OVER_RIDING_STYLED_ITEM('',(#7322),#7108,#7222);
#6816=OVER_RIDING_STYLED_ITEM('',(#7323),#7109,#7222);
#6817=OVER_RIDING_STYLED_ITEM('',(#7324),#7110,#7222);
#6818=OVER_RIDING_STYLED_ITEM('',(#7325),#7111,#7222);
#6819=OVER_RIDING_STYLED_ITEM('',(#7326),#7112,#7222);
#6820=OVER_RIDING_STYLED_ITEM('',(#7327),#7113,#7222);
#6821=OVER_RIDING_STYLED_ITEM('',(#7328),#7114,#7222);
#6822=OVER_RIDING_STYLED_ITEM('',(#7329),#7115,#7222);
#6823=OVER_RIDING_STYLED_ITEM('',(#7330),#7116,#7222);
#6824=OVER_RIDING_STYLED_ITEM('',(#7331),#7117,#7222);
#6825=OVER_RIDING_STYLED_ITEM('',(#7332),#7118,#7222);
#6826=OVER_RIDING_STYLED_ITEM('',(#7333),#7119,#7222);
#6827=OVER_RIDING_STYLED_ITEM('',(#7334),#7125,#7222);
#6828=OVER_RIDING_STYLED_ITEM('',(#7335),#7126,#7222);
#6829=OVER_RIDING_STYLED_ITEM('',(#7336),#7127,#7222);
#6830=OVER_RIDING_STYLED_ITEM('',(#7337),#7128,#7222);
#6831=OVER_RIDING_STYLED_ITEM('',(#7338),#7129,#7222);
#6832=OVER_RIDING_STYLED_ITEM('',(#7339),#7130,#7222);
#6833=OVER_RIDING_STYLED_ITEM('',(#7340),#7161,#7222);
#6834=OVER_RIDING_STYLED_ITEM('',(#7341),#7162,#7222);
#6835=OVER_RIDING_STYLED_ITEM('',(#7342),#7169,#7222);
#6836=OVER_RIDING_STYLED_ITEM('',(#7343),#7170,#7222);
#6837=OVER_RIDING_STYLED_ITEM('',(#7344),#7205,#7222);
#6838=OVER_RIDING_STYLED_ITEM('',(#7345),#7206,#7222);
#6839=OVER_RIDING_STYLED_ITEM('',(#7346),#7207,#7222);
#6840=OVER_RIDING_STYLED_ITEM('',(#7347),#7208,#7222);
#6841=OVER_RIDING_STYLED_ITEM('',(#7348),#7209,#7222);
#6842=OVER_RIDING_STYLED_ITEM('',(#7349),#7210,#7222);
#6843=OVER_RIDING_STYLED_ITEM('',(#7350),#7211,#7222);
#6844=OVER_RIDING_STYLED_ITEM('',(#7351),#7212,#7222);
#6845=OVER_RIDING_STYLED_ITEM('',(#7352),#7213,#7222);
#6846=OVER_RIDING_STYLED_ITEM('',(#7353),#7214,#7222);
#6847=OVER_RIDING_STYLED_ITEM('',(#7354),#7215,#7222);
#6848=ADVANCED_FACE('Face appearance 1',(#6072),#6454,.T.);
#6849=ADVANCED_FACE('Face appearance 1',(#6073),#6455,.T.);
#6850=ADVANCED_FACE('Face appearance 1',(#6074),#6456,.T.);
#6851=ADVANCED_FACE('Face appearance 1',(#6075),#6457,.T.);
#6852=ADVANCED_FACE('Face appearance 1',(#6076),#6458,.T.);
#6853=ADVANCED_FACE('Face appearance 1',(#6077),#6459,.T.);
#6854=ADVANCED_FACE('Face appearance 1',(#6078),#6460,.T.);
#6855=ADVANCED_FACE('Face appearance 1',(#6079),#100,.T.);
#6856=ADVANCED_FACE('Face appearance 1',(#6080),#6461,.T.);
#6857=ADVANCED_FACE('Face appearance 1',(#6081),#6462,.T.);
#6858=ADVANCED_FACE('Face appearance 1',(#6082),#6463,.T.);
#6859=ADVANCED_FACE('Face appearance 1',(#6083),#6464,.T.);
#6860=ADVANCED_FACE('Face appearance 1',(#6084),#6465,.T.);
#6861=ADVANCED_FACE('',(#6085),#6466,.F.);
#6862=ADVANCED_FACE('',(#6086),#6467,.F.);
#6863=ADVANCED_FACE('',(#6087),#6468,.F.);
#6864=ADVANCED_FACE('',(#6088),#6469,.T.);
#6865=ADVANCED_FACE('',(#6089),#6470,.F.);
#6866=ADVANCED_FACE('Face appearance 1',(#6090),#6471,.T.);
#6867=ADVANCED_FACE('Face appearance 1',(#6091),#101,.T.);
#6868=ADVANCED_FACE('Face appearance 1',(#6092),#6472,.F.);
#6869=ADVANCED_FACE('Face appearance 1',(#6093),#6473,.F.);
#6870=ADVANCED_FACE('Face appearance 1',(#6094),#6474,.T.);
#6871=ADVANCED_FACE('Face appearance 1',(#6095),#6475,.T.);
#6872=ADVANCED_FACE('',(#6096),#6476,.T.);
#6873=ADVANCED_FACE('',(#6097),#6477,.T.);
#6874=ADVANCED_FACE('',(#6098),#6478,.T.);
#6875=ADVANCED_FACE('Face appearance 2',(#6099),#102,.T.);
#6876=ADVANCED_FACE('',(#6100),#6479,.T.);
#6877=ADVANCED_FACE('Face appearance 2',(#6101),#103,.F.);
#6878=ADVANCED_FACE('Face appearance 2',(#6102),#6480,.F.);
#6879=ADVANCED_FACE('Face appearance 2',(#6103),#104,.T.);
#6880=ADVANCED_FACE('Face appearance 2',(#6104),#6481,.T.);
#6881=ADVANCED_FACE('Face appearance 2',(#6105),#6482,.F.);
#6882=ADVANCED_FACE('Face appearance 2',(#6106),#6483,.F.);
#6883=ADVANCED_FACE('Face appearance 2',(#6107),#6484,.T.);
#6884=ADVANCED_FACE('Face appearance 2',(#6108),#6485,.T.);
#6885=ADVANCED_FACE('',(#6109),#50,.F.);
#6886=ADVANCED_FACE('',(#6110),#6486,.F.);
#6887=ADVANCED_FACE('',(#6111),#51,.F.);
#6888=ADVANCED_FACE('',(#6112),#6487,.F.);
#6889=ADVANCED_FACE('',(#6113),#6488,.F.);
#6890=ADVANCED_FACE('',(#6114),#46,.T.);
#6891=ADVANCED_FACE('',(#6115),#105,.T.);
#6892=ADVANCED_FACE('',(#6116),#106,.T.);
#6893=ADVANCED_FACE('',(#6117),#22,.T.);
#6894=ADVANCED_FACE('',(#6118),#16,.T.);
#6895=ADVANCED_FACE('',(#6119),#17,.T.);
#6896=ADVANCED_FACE('',(#6120),#12,.T.);
#6897=ADVANCED_FACE('',(#6121),#6489,.F.);
#6898=ADVANCED_FACE('',(#6122),#107,.T.);
#6899=ADVANCED_FACE('',(#6123),#23,.T.);
#6900=ADVANCED_FACE('',(#6124),#108,.T.);
#6901=ADVANCED_FACE('',(#6125),#6490,.T.);
#6902=ADVANCED_FACE('',(#6126),#52,.F.);
#6903=ADVANCED_FACE('',(#6127),#6491,.F.);
#6904=ADVANCED_FACE('',(#6128),#6492,.T.);
#6905=ADVANCED_FACE('',(#6129),#6493,.F.);
#6906=ADVANCED_FACE('',(#6130),#6494,.F.);
#6907=ADVANCED_FACE('',(#6131),#109,.F.);
#6908=ADVANCED_FACE('',(#6132),#6495,.F.);
#6909=ADVANCED_FACE('',(#6133),#110,.T.);
#6910=ADVANCED_FACE('',(#6134),#6496,.T.);
#6911=ADVANCED_FACE('',(#6135),#6497,.F.);
#6912=ADVANCED_FACE('Face appearance 2',(#6136),#6498,.F.);
#6913=ADVANCED_FACE('Face appearance 2',(#6137),#6499,.F.);
#6914=ADVANCED_FACE('',(#6138),#6500,.T.);
#6915=ADVANCED_FACE('',(#6139),#6501,.T.);
#6916=ADVANCED_FACE('',(#6140),#6502,.T.);
#6917=ADVANCED_FACE('',(#6141),#6503,.F.);
#6918=ADVANCED_FACE('Face appearance 2',(#6142),#6504,.F.);
#6919=ADVANCED_FACE('',(#6143),#111,.T.);
#6920=ADVANCED_FACE('',(#6144),#112,.F.);
#6921=ADVANCED_FACE('',(#6145),#6505,.T.);
#6922=ADVANCED_FACE('',(#6146),#6506,.T.);
#6923=ADVANCED_FACE('',(#6147),#6507,.T.);
#6924=ADVANCED_FACE('Face appearance 1',(#6148),#6508,.T.);
#6925=ADVANCED_FACE('Face appearance 1',(#6149),#6509,.T.);
#6926=ADVANCED_FACE('Face appearance 1',(#6150),#6510,.T.);
#6927=ADVANCED_FACE('Face appearance 1',(#6151),#6511,.T.);
#6928=ADVANCED_FACE('Face appearance 1',(#6152),#6512,.T.);
#6929=ADVANCED_FACE('Face appearance 1',(#6153),#6513,.T.);
#6930=ADVANCED_FACE('Face appearance 1',(#6154),#6514,.T.);
#6931=ADVANCED_FACE('Face appearance 1',(#6155),#113,.T.);
#6932=ADVANCED_FACE('Face appearance 1',(#6156),#6515,.T.);
#6933=ADVANCED_FACE('Face appearance 1',(#6157),#6516,.T.);
#6934=ADVANCED_FACE('Face appearance 1',(#6158),#6517,.T.);
#6935=ADVANCED_FACE('Face appearance 1',(#6159),#6518,.T.);
#6936=ADVANCED_FACE('Face appearance 1',(#6160),#6519,.T.);
#6937=ADVANCED_FACE('',(#6161),#6520,.F.);
#6938=ADVANCED_FACE('',(#6162),#6521,.F.);
#6939=ADVANCED_FACE('',(#6163),#6522,.F.);
#6940=ADVANCED_FACE('',(#6164),#6523,.T.);
#6941=ADVANCED_FACE('',(#6165),#6524,.F.);
#6942=ADVANCED_FACE('Face appearance 1',(#6166),#6525,.T.);
#6943=ADVANCED_FACE('Face appearance 1',(#6167),#114,.T.);
#6944=ADVANCED_FACE('Face appearance 1',(#6168),#6526,.F.);
#6945=ADVANCED_FACE('Face appearance 1',(#6169),#6527,.F.);
#6946=ADVANCED_FACE('Face appearance 1',(#6170),#6528,.T.);
#6947=ADVANCED_FACE('Face appearance 1',(#6171),#6529,.T.);
#6948=ADVANCED_FACE('',(#6172),#6530,.T.);
#6949=ADVANCED_FACE('',(#6173),#6531,.T.);
#6950=ADVANCED_FACE('',(#6174),#6532,.T.);
#6951=ADVANCED_FACE('Face appearance 2',(#6175),#115,.T.);
#6952=ADVANCED_FACE('Face appearance 2',(#6176),#6533,.T.);
#6953=ADVANCED_FACE('Face appearance 2',(#6177),#116,.F.);
#6954=ADVANCED_FACE('Face appearance 2',(#6178),#6534,.F.);
#6955=ADVANCED_FACE('Face appearance 2',(#6179),#117,.T.);
#6956=ADVANCED_FACE('Face appearance 2',(#6180),#6535,.T.);
#6957=ADVANCED_FACE('Face appearance 2',(#6181),#6536,.F.);
#6958=ADVANCED_FACE('Face appearance 2',(#6182),#6537,.F.);
#6959=ADVANCED_FACE('Face appearance 2',(#6183),#6538,.F.);
#6960=ADVANCED_FACE('Face appearance 2',(#6184),#6539,.T.);
#6961=ADVANCED_FACE('Face appearance 2',(#6185),#6540,.T.);
#6962=ADVANCED_FACE('',(#6186),#53,.F.);
#6963=ADVANCED_FACE('',(#6187),#6541,.F.);
#6964=ADVANCED_FACE('',(#6188),#54,.F.);
#6965=ADVANCED_FACE('',(#6189),#6542,.F.);
#6966=ADVANCED_FACE('',(#6190),#6543,.F.);
#6967=ADVANCED_FACE('',(#6191),#47,.T.);
#6968=ADVANCED_FACE('',(#6192),#118,.T.);
#6969=ADVANCED_FACE('',(#6193),#119,.T.);
#6970=ADVANCED_FACE('',(#6194),#24,.T.);
#6971=ADVANCED_FACE('',(#6195),#18,.T.);
#6972=ADVANCED_FACE('',(#6196),#120,.T.);
#6973=ADVANCED_FACE('',(#6197),#13,.T.);
#6974=ADVANCED_FACE('',(#6198),#121,.T.);
#6975=ADVANCED_FACE('',(#6199),#6544,.F.);
#6976=ADVANCED_FACE('',(#6200),#122,.T.);
#6977=ADVANCED_FACE('',(#6201),#25,.T.);
#6978=ADVANCED_FACE('',(#6202),#123,.T.);
#6979=ADVANCED_FACE('',(#6203),#6545,.T.);
#6980=ADVANCED_FACE('',(#6204),#55,.F.);
#6981=ADVANCED_FACE('',(#6205),#6546,.T.);
#6982=ADVANCED_FACE('',(#6206),#6547,.F.);
#6983=ADVANCED_FACE('',(#6207),#6548,.T.);
#6984=ADVANCED_FACE('',(#6208),#6549,.F.);
#6985=ADVANCED_FACE('',(#6209),#124,.F.);
#6986=ADVANCED_FACE('',(#6210),#6550,.T.);
#6987=ADVANCED_FACE('',(#6211),#6551,.T.);
#6988=ADVANCED_FACE('',(#6212),#6552,.F.);
#6989=ADVANCED_FACE('',(#6213),#125,.F.);
#6990=ADVANCED_FACE('',(#6214),#6553,.F.);
#6991=ADVANCED_FACE('',(#6215),#6554,.F.);
#6992=ADVANCED_FACE('',(#6216),#126,.T.);
#6993=ADVANCED_FACE('',(#6217),#6555,.F.);
#6994=ADVANCED_FACE('',(#6218),#6556,.T.);
#6995=ADVANCED_FACE('',(#6219),#6557,.F.);
#6996=ADVANCED_FACE('Face appearance 2',(#6220),#6558,.F.);
#6997=ADVANCED_FACE('Face appearance 2',(#6221),#6559,.F.);
#6998=ADVANCED_FACE('',(#6222),#6560,.T.);
#6999=ADVANCED_FACE('',(#6223),#6561,.T.);
#7000=ADVANCED_FACE('',(#6224),#6562,.T.);
#7001=ADVANCED_FACE('',(#6225),#6563,.T.);
#7002=ADVANCED_FACE('',(#6226),#6564,.F.);
#7003=ADVANCED_FACE('',(#6227),#127,.T.);
#7004=ADVANCED_FACE('Face appearance 2',(#6228),#6565,.F.);
#7005=ADVANCED_FACE('Face appearance 2',(#6229),#6566,.F.);
#7006=ADVANCED_FACE('',(#6230),#128,.T.);
#7007=ADVANCED_FACE('',(#6231),#6567,.T.);
#7008=ADVANCED_FACE('',(#6232),#129,.F.);
#7009=ADVANCED_FACE('',(#6233),#6568,.T.);
#7010=ADVANCED_FACE('',(#6234),#6569,.T.);
#7011=ADVANCED_FACE('',(#6235),#6570,.T.);
#7012=ADVANCED_FACE('Face appearance 1',(#6236),#6571,.T.);
#7013=ADVANCED_FACE('Face appearance 1',(#6237),#6572,.T.);
#7014=ADVANCED_FACE('Face appearance 1',(#6238),#6573,.T.);
#7015=ADVANCED_FACE('Face appearance 1',(#6239),#6574,.T.);
#7016=ADVANCED_FACE('Face appearance 1',(#6240),#6575,.T.);
#7017=ADVANCED_FACE('Face appearance 1',(#6241),#6576,.T.);
#7018=ADVANCED_FACE('Face appearance 1',(#6242),#6577,.T.);
#7019=ADVANCED_FACE('Face appearance 1',(#6243),#130,.T.);
#7020=ADVANCED_FACE('Face appearance 1',(#6244),#6578,.T.);
#7021=ADVANCED_FACE('Face appearance 1',(#6245),#6579,.T.);
#7022=ADVANCED_FACE('Face appearance 1',(#6246),#6580,.T.);
#7023=ADVANCED_FACE('Face appearance 1',(#6247),#6581,.T.);
#7024=ADVANCED_FACE('Face appearance 1',(#6248),#6582,.T.);
#7025=ADVANCED_FACE('',(#6249),#6583,.F.);
#7026=ADVANCED_FACE('',(#6250),#6584,.F.);
#7027=ADVANCED_FACE('',(#6251),#6585,.F.);
#7028=ADVANCED_FACE('',(#6252),#6586,.T.);
#7029=ADVANCED_FACE('',(#6253),#6587,.F.);
#7030=ADVANCED_FACE('Face appearance 1',(#6254),#6588,.T.);
#7031=ADVANCED_FACE('Face appearance 1',(#6255),#131,.T.);
#7032=ADVANCED_FACE('Face appearance 1',(#6256),#6589,.F.);
#7033=ADVANCED_FACE('Face appearance 1',(#6257),#6590,.F.);
#7034=ADVANCED_FACE('Face appearance 1',(#6258),#6591,.T.);
#7035=ADVANCED_FACE('Face appearance 1',(#6259),#6592,.T.);
#7036=ADVANCED_FACE('',(#6260),#6593,.T.);
#7037=ADVANCED_FACE('',(#6261),#6594,.T.);
#7038=ADVANCED_FACE('',(#6262),#132,.T.);
#7039=ADVANCED_FACE('',(#6263),#6595,.F.);
#7040=ADVANCED_FACE('',(#6264),#6596,.T.);
#7041=ADVANCED_FACE('',(#6265),#6597,.F.);
#7042=ADVANCED_FACE('',(#6266),#6598,.F.);
#7043=ADVANCED_FACE('',(#6267),#133,.F.);
#7044=ADVANCED_FACE('',(#6268),#6599,.T.);
#7045=ADVANCED_FACE('',(#6269),#6600,.F.);
#7046=ADVANCED_FACE('Face appearance 3',(#6270),#134,.T.);
#7047=ADVANCED_FACE('Face appearance 3',(#6271),#6601,.T.);
#7048=ADVANCED_FACE('Face appearance 3',(#6272),#135,.F.);
#7049=ADVANCED_FACE('Face appearance 3',(#6273),#6602,.F.);
#7050=ADVANCED_FACE('Face appearance 3',(#6274),#136,.T.);
#7051=ADVANCED_FACE('Face appearance 3',(#6275),#6603,.T.);
#7052=ADVANCED_FACE('Face appearance 3',(#6276),#6604,.F.);
#7053=ADVANCED_FACE('Face appearance 3',(#6277),#6605,.F.);
#7054=ADVANCED_FACE('Face appearance 3',(#6278),#6606,.T.);
#7055=ADVANCED_FACE('Face appearance 3',(#6279),#6607,.T.);
#7056=ADVANCED_FACE('',(#6280),#56,.F.);
#7057=ADVANCED_FACE('',(#6281),#6608,.F.);
#7058=ADVANCED_FACE('',(#6282),#57,.F.);
#7059=ADVANCED_FACE('',(#6283),#6609,.F.);
#7060=ADVANCED_FACE('',(#6284),#6610,.F.);
#7061=ADVANCED_FACE('',(#6285),#48,.T.);
#7062=ADVANCED_FACE('',(#6286),#137,.T.);
#7063=ADVANCED_FACE('',(#6287),#138,.T.);
#7064=ADVANCED_FACE('',(#6288),#26,.T.);
#7065=ADVANCED_FACE('',(#6289),#19,.T.);
#7066=ADVANCED_FACE('',(#6290),#139,.T.);
#7067=ADVANCED_FACE('',(#6291),#14,.T.);
#7068=ADVANCED_FACE('',(#6292),#6611,.F.);
#7069=ADVANCED_FACE('',(#6293),#140,.T.);
#7070=ADVANCED_FACE('',(#6294),#27,.T.);
#7071=ADVANCED_FACE('',(#6295),#141,.T.);
#7072=ADVANCED_FACE('',(#6296),#6612,.T.);
#7073=ADVANCED_FACE('',(#6297),#58,.F.);
#7074=ADVANCED_FACE('',(#6298),#6613,.F.);
#7075=ADVANCED_FACE('',(#6299),#6614,.T.);
#7076=ADVANCED_FACE('',(#6300),#6615,.F.);
#7077=ADVANCED_FACE('',(#6301),#6616,.F.);
#7078=ADVANCED_FACE('',(#6302),#142,.F.);
#7079=ADVANCED_FACE('',(#6303),#6617,.F.);
#7080=ADVANCED_FACE('',(#6304),#143,.T.);
#7081=ADVANCED_FACE('',(#6305),#6618,.T.);
#7082=ADVANCED_FACE('',(#6306),#6619,.F.);
#7083=ADVANCED_FACE('Face appearance 3',(#6307),#6620,.F.);
#7084=ADVANCED_FACE('Face appearance 3',(#6308),#6621,.F.);
#7085=ADVANCED_FACE('',(#6309),#6622,.T.);
#7086=ADVANCED_FACE('',(#6310),#6623,.T.);
#7087=ADVANCED_FACE('',(#6311),#6624,.T.);
#7088=ADVANCED_FACE('',(#6312),#6625,.F.);
#7089=ADVANCED_FACE('Face appearance 3',(#6313),#6626,.F.);
#7090=ADVANCED_FACE('',(#6314),#144,.T.);
#7091=ADVANCED_FACE('',(#6315),#145,.F.);
#7092=ADVANCED_FACE('',(#6316),#6627,.T.);
#7093=ADVANCED_FACE('',(#6317),#6628,.T.);
#7094=ADVANCED_FACE('',(#6318),#146,.T.);
#7095=ADVANCED_FACE('',(#6319),#147,.F.);
#7096=ADVANCED_FACE('',(#6320),#148,.F.);
#7097=ADVANCED_FACE('',(#6321),#149,.F.);
#7098=ADVANCED_FACE('',(#6322),#6629,.T.);
#7099=ADVANCED_FACE('',(#6323),#6630,.F.);
#7100=ADVANCED_FACE('',(#6324,#6325,#6326),#6631,.T.);
#7101=ADVANCED_FACE('',(#6327),#6632,.T.);
#7102=ADVANCED_FACE('',(#6328),#6633,.T.);
#7103=ADVANCED_FACE('',(#6329),#6634,.F.);
#7104=ADVANCED_FACE('',(#6330),#6635,.T.);
#7105=ADVANCED_FACE('',(#6331),#6636,.T.);
#7106=ADVANCED_FACE('',(#6332),#6637,.F.);
#7107=ADVANCED_FACE('Face appearance 1',(#6333),#6638,.T.);
#7108=ADVANCED_FACE('Face appearance 1',(#6334),#6639,.T.);
#7109=ADVANCED_FACE('Face appearance 1',(#6335),#6640,.T.);
#7110=ADVANCED_FACE('Face appearance 1',(#6336),#6641,.T.);
#7111=ADVANCED_FACE('Face appearance 1',(#6337),#6642,.T.);
#7112=ADVANCED_FACE('Face appearance 1',(#6338),#6643,.T.);
#7113=ADVANCED_FACE('Face appearance 1',(#6339),#6644,.T.);
#7114=ADVANCED_FACE('Face appearance 1',(#6340),#150,.T.);
#7115=ADVANCED_FACE('Face appearance 1',(#6341),#6645,.T.);
#7116=ADVANCED_FACE('Face appearance 1',(#6342),#6646,.T.);
#7117=ADVANCED_FACE('Face appearance 1',(#6343),#6647,.T.);
#7118=ADVANCED_FACE('Face appearance 1',(#6344),#6648,.T.);
#7119=ADVANCED_FACE('Face appearance 1',(#6345),#6649,.T.);
#7120=ADVANCED_FACE('',(#6346),#6650,.F.);
#7121=ADVANCED_FACE('',(#6347),#6651,.F.);
#7122=ADVANCED_FACE('',(#6348),#6652,.F.);
#7123=ADVANCED_FACE('',(#6349),#6653,.T.);
#7124=ADVANCED_FACE('',(#6350),#6654,.F.);
#7125=ADVANCED_FACE('Face appearance 1',(#6351),#6655,.T.);
#7126=ADVANCED_FACE('Face appearance 1',(#6352),#151,.T.);
#7127=ADVANCED_FACE('Face appearance 1',(#6353),#6656,.F.);
#7128=ADVANCED_FACE('Face appearance 1',(#6354),#6657,.F.);
#7129=ADVANCED_FACE('Face appearance 1',(#6355),#6658,.T.);
#7130=ADVANCED_FACE('Face appearance 1',(#6356),#6659,.T.);
#7131=ADVANCED_FACE('',(#6357),#6660,.T.);
#7132=ADVANCED_FACE('',(#6358),#6661,.T.);
#7133=ADVANCED_FACE('',(#6359),#152,.T.);
#7134=ADVANCED_FACE('',(#6360),#6662,.F.);
#7135=ADVANCED_FACE('',(#6361),#6663,.T.);
#7136=ADVANCED_FACE('',(#6362),#6664,.F.);
#7137=ADVANCED_FACE('',(#6363),#6665,.F.);
#7138=ADVANCED_FACE('',(#6364),#153,.F.);
#7139=ADVANCED_FACE('',(#6365),#6666,.T.);
#7140=ADVANCED_FACE('',(#6366),#6667,.F.);
#7141=ADVANCED_FACE('',(#6367),#6668,.T.);
#7142=ADVANCED_FACE('',(#6368),#6669,.T.);
#7143=ADVANCED_FACE('',(#6369),#6670,.T.);
#7144=ADVANCED_FACE('',(#6370),#6671,.F.);
#7145=ADVANCED_FACE('',(#6371),#6672,.T.);
#7146=ADVANCED_FACE('',(#6372),#6673,.T.);
#7147=ADVANCED_FACE('',(#6373,#6374,#6375),#6674,.T.);
#7148=ADVANCED_FACE('',(#6376,#6377),#6675,.T.);
#7149=ADVANCED_FACE('',(#6378),#6676,.F.);
#7150=ADVANCED_FACE('',(#6379),#6677,.T.);
#7151=ADVANCED_FACE('',(#6380),#154,.F.);
#7152=ADVANCED_FACE('',(#6381),#155,.F.);
#7153=ADVANCED_FACE('',(#6382),#156,.F.);
#7154=ADVANCED_FACE('',(#6383),#157,.T.);
#7155=ADVANCED_FACE('',(#6384),#6678,.T.);
#7156=ADVANCED_FACE('',(#6385),#6679,.T.);
#7157=ADVANCED_FACE('',(#6386),#158,.F.);
#7158=ADVANCED_FACE('',(#6387),#6680,.T.);
#7159=ADVANCED_FACE('',(#6388),#159,.T.);
#7160=ADVANCED_FACE('',(#6389,#6390,#6391,#6392,#6393),#6681,.T.);
#7161=ADVANCED_FACE('Face appearance 3',(#6394),#6682,.F.);
#7162=ADVANCED_FACE('Face appearance 3',(#6395),#6683,.F.);
#7163=ADVANCED_FACE('',(#6396),#160,.T.);
#7164=ADVANCED_FACE('',(#6397),#6684,.F.);
#7165=ADVANCED_FACE('',(#6398),#6685,.T.);
#7166=ADVANCED_FACE('',(#6399),#6686,.T.);
#7167=ADVANCED_FACE('',(#6400),#6687,.T.);
#7168=ADVANCED_FACE('',(#6401),#6688,.T.);
#7169=ADVANCED_FACE('Face appearance 3',(#6402),#6689,.F.);
#7170=ADVANCED_FACE('Face appearance 3',(#6403),#6690,.F.);
#7171=ADVANCED_FACE('',(#6404),#6691,.F.);
#7172=ADVANCED_FACE('',(#6405),#6692,.T.);
#7173=ADVANCED_FACE('',(#6406),#6693,.F.);
#7174=ADVANCED_FACE('',(#6407),#161,.T.);
#7175=ADVANCED_FACE('',(#6408),#6694,.F.);
#7176=ADVANCED_FACE('',(#6409),#6695,.F.);
#7177=ADVANCED_FACE('',(#6410),#162,.F.);
#7178=ADVANCED_FACE('',(#6411),#6696,.F.);
#7179=ADVANCED_FACE('',(#6412),#6697,.T.);
#7180=ADVANCED_FACE('',(#6413),#6698,.T.);
#7181=ADVANCED_FACE('',(#6414),#163,.F.);
#7182=ADVANCED_FACE('',(#6415),#6699,.F.);
#7183=ADVANCED_FACE('',(#6416),#6700,.T.);
#7184=ADVANCED_FACE('',(#6417),#6701,.F.);
#7185=ADVANCED_FACE('',(#6418),#6702,.T.);
#7186=ADVANCED_FACE('',(#6419),#59,.F.);
#7187=ADVANCED_FACE('',(#6420),#6703,.T.);
#7188=ADVANCED_FACE('',(#6421),#164,.T.);
#7189=ADVANCED_FACE('',(#6422),#28,.T.);
#7190=ADVANCED_FACE('',(#6423),#165,.T.);
#7191=ADVANCED_FACE('',(#6424),#6704,.F.);
#7192=ADVANCED_FACE('',(#6425),#166,.T.);
#7193=ADVANCED_FACE('',(#6426),#15,.T.);
#7194=ADVANCED_FACE('',(#6427),#20,.T.);
#7195=ADVANCED_FACE('',(#6428),#21,.T.);
#7196=ADVANCED_FACE('',(#6429),#29,.T.);
#7197=ADVANCED_FACE('',(#6430),#167,.T.);
#7198=ADVANCED_FACE('',(#6431),#168,.T.);
#7199=ADVANCED_FACE('',(#6432),#49,.T.);
#7200=ADVANCED_FACE('',(#6433),#6705,.F.);
#7201=ADVANCED_FACE('',(#6434),#6706,.F.);
#7202=ADVANCED_FACE('',(#6435),#60,.F.);
#7203=ADVANCED_FACE('',(#6436),#6707,.F.);
#7204=ADVANCED_FACE('',(#6437),#61,.F.);
#7205=ADVANCED_FACE('Face appearance 3',(#6438),#6708,.T.);
#7206=ADVANCED_FACE('Face appearance 3',(#6439),#6709,.T.);
#7207=ADVANCED_FACE('Face appearance 3',(#6440),#6710,.F.);
#7208=ADVANCED_FACE('Face appearance 3',(#6441),#6711,.F.);
#7209=ADVANCED_FACE('Face appearance 3',(#6442),#6712,.F.);
#7210=ADVANCED_FACE('Face appearance 3',(#6443),#6713,.T.);
#7211=ADVANCED_FACE('Face appearance 3',(#6444),#169,.T.);
#7212=ADVANCED_FACE('Face appearance 3',(#6445),#6714,.F.);
#7213=ADVANCED_FACE('Face appearance 3',(#6446),#170,.F.);
#7214=ADVANCED_FACE('Face appearance 3',(#6447),#6715,.T.);
#7215=ADVANCED_FACE('Face appearance 3',(#6448),#171,.T.);
#7216=ADVANCED_FACE('',(#6449),#6716,.F.);
#7217=ADVANCED_FACE('',(#6450),#172,.T.);
#7218=ADVANCED_FACE('',(#6451),#173,.F.);
#7219=ADVANCED_FACE('',(#6452),#174,.T.);
#7220=ADVANCED_FACE('',(#6453),#175,.F.);
#7221=CLOSED_SHELL('',(#6848,#6849,#6850,#6851,#6852,#6853,#6854,#6855,#6856,#6857,#6858,#6859,#6860,#6861,#6862,#6863,#6864,#6865,#6866,#6867,#6868,#6869,#6870,#6871,#6872,#6873,#6874,#6875,#6876,#6877,#6878,#6879,#6880,#6881,#6882,#6883,#6884,#6885,#6886,#6887,#6888,#6889,#6890,#6891,#6892,#6893,#6894,#6895,#6896,#6897,#6898,#6899,#6900,#6901,#6902,#6903,#6904,#6905,#6906,#6907,#6908,#6909,#6910,#6911,#6912,#6913,#6914,#6915,#6916,#6917,#6918,#6919,#6920,#6921,#6922,#6923,#6924,#6925,#6926,#6927,#6928,#6929,#6930,#6931,#6932,#6933,#6934,#6935,#6936,#6937,#6938,#6939,#6940,#6941,#6942,#6943,#6944,#6945,#6946,#6947,#6948,#6949,#6950,#6951,#6952,#6953,#6954,#6955,#6956,#6957,#6958,#6959,#6960,#6961,#6962,#6963,#6964,#6965,#6966,#6967,#6968,#6969,#6970,#6971,#6972,#6973,#6974,#6975,#6976,#6977,#6978,#6979,#6980,#6981,#6982,#6983,#6984,#6985,#6986,#6987,#6988,#6989,#6990,#6991,#6992,#6993,#6994,#6995,#6996,#6997,#6998,#6999,#7000,#7001,#7002,#7003,#7004,#7005,#7006,#7007,#7008,#7009,#7010,#7011,#7012,#7013,#7014,#7015,#7016,#7017,#7018,#7019,#7020,#7021,#7022,#7023,#7024,#7025,#7026,#7027,#7028,#7029,#7030,#7031,#7032,#7033,#7034,#7035,#7036,#7037,#7038,#7039,#7040,#7041,#7042,#7043,#7044,#7045,#7046,#7047,#7048,#7049,#7050,#7051,#7052,#7053,#7054,#7055,#7056,#7057,#7058,#7059,#7060,#7061,#7062,#7063,#7064,#7065,#7066,#7067,#7068,#7069,#7070,#7071,#7072,#7073,#7074,#7075,#7076,#7077,#7078,#7079,#7080,#7081,#7082,#7083,#7084,#7085,#7086,#7087,#7088,#7089,#7090,#7091,#7092,#7093,#7094,#7095,#7096,#7097,#7098,#7099,#7100,#7101,#7102,#7103,#7104,#7105,#7106,#7107,#7108,#7109,#7110,#7111,#7112,#7113,#7114,#7115,#7116,#7117,#7118,#7119,#7120,#7121,#7122,#7123,#7124,#7125,#7126,#7127,#7128,#7129,#7130,#7131,#7132,#7133,#7134,#7135,#7136,#7137,#7138,#7139,#7140,#7141,#7142,#7143,#7144,#7145,#7146,#7147,#7148,#7149,#7150,#7151,#7152,#7153,#7154,#7155,#7156,#7157,#7158,#7159,#7160,#7161,#7162,#7163,#7164,#7165,#7166,#7167,#7168,#7169,#7170,#7171,#7172,#7173,#7174,#7175,#7176,#7177,#7178,#7179,#7180,#7181,#7182,#7183,#7184,#7185,#7186,#7187,#7188,#7189,#7190,#7191,#7192,#7193,#7194,#7195,#7196,#7197,#7198,#7199,#7200,#7201,#7202,#7203,#7204,#7205,#7206,#7207,#7208,#7209,#7210,#7211,#7212,#7213,#7214,#7215,#7216,#7217,#7218,#7219,#7220));
#7222=STYLED_ITEM('',(#7223),#8018);
#7223=PRESENTATION_STYLE_ASSIGNMENT((#7355));
#7224=PRESENTATION_STYLE_ASSIGNMENT((#7356));
#7225=PRESENTATION_STYLE_ASSIGNMENT((#7357));
#7226=PRESENTATION_STYLE_ASSIGNMENT((#7358));
#7227=PRESENTATION_STYLE_ASSIGNMENT((#7359));
#7228=PRESENTATION_STYLE_ASSIGNMENT((#7360));
#7229=PRESENTATION_STYLE_ASSIGNMENT((#7361));
#7230=PRESENTATION_STYLE_ASSIGNMENT((#7362));
#7231=PRESENTATION_STYLE_ASSIGNMENT((#7363));
#7232=PRESENTATION_STYLE_ASSIGNMENT((#7364));
#7233=PRESENTATION_STYLE_ASSIGNMENT((#7365));
#7234=PRESENTATION_STYLE_ASSIGNMENT((#7366));
#7235=PRESENTATION_STYLE_ASSIGNMENT((#7367));
#7236=PRESENTATION_STYLE_ASSIGNMENT((#7368));
#7237=PRESENTATION_STYLE_ASSIGNMENT((#7369));
#7238=PRESENTATION_STYLE_ASSIGNMENT((#7370));
#7239=PRESENTATION_STYLE_ASSIGNMENT((#7371));
#7240=PRESENTATION_STYLE_ASSIGNMENT((#7372));
#7241=PRESENTATION_STYLE_ASSIGNMENT((#7373));
#7242=PRESENTATION_STYLE_ASSIGNMENT((#7374));
#7243=PRESENTATION_STYLE_ASSIGNMENT((#7375));
#7244=PRESENTATION_STYLE_ASSIGNMENT((#7376));
#7245=PRESENTATION_STYLE_ASSIGNMENT((#7377));
#7246=PRESENTATION_STYLE_ASSIGNMENT((#7378));
#7247=PRESENTATION_STYLE_ASSIGNMENT((#7379));
#7248=PRESENTATION_STYLE_ASSIGNMENT((#7380));
#7249=PRESENTATION_STYLE_ASSIGNMENT((#7381));
#7250=PRESENTATION_STYLE_ASSIGNMENT((#7382));
#7251=PRESENTATION_STYLE_ASSIGNMENT((#7383));
#7252=PRESENTATION_STYLE_ASSIGNMENT((#7384));
#7253=PRESENTATION_STYLE_ASSIGNMENT((#7385));
#7254=PRESENTATION_STYLE_ASSIGNMENT((#7386));
#7255=PRESENTATION_STYLE_ASSIGNMENT((#7387));
#7256=PRESENTATION_STYLE_ASSIGNMENT((#7388));
#7257=PRESENTATION_STYLE_ASSIGNMENT((#7389));
#7258=PRESENTATION_STYLE_ASSIGNMENT((#7390));
#7259=PRESENTATION_STYLE_ASSIGNMENT((#7391));
#7260=PRESENTATION_STYLE_ASSIGNMENT((#7392));
#7261=PRESENTATION_STYLE_ASSIGNMENT((#7393));
#7262=PRESENTATION_STYLE_ASSIGNMENT((#7394));
#7263=PRESENTATION_STYLE_ASSIGNMENT((#7395));
#7264=PRESENTATION_STYLE_ASSIGNMENT((#7396));
#7265=PRESENTATION_STYLE_ASSIGNMENT((#7397));
#7266=PRESENTATION_STYLE_ASSIGNMENT((#7398));
#7267=PRESENTATION_STYLE_ASSIGNMENT((#7399));
#7268=PRESENTATION_STYLE_ASSIGNMENT((#7400));
#7269=PRESENTATION_STYLE_ASSIGNMENT((#7401));
#7270=PRESENTATION_STYLE_ASSIGNMENT((#7402));
#7271=PRESENTATION_STYLE_ASSIGNMENT((#7403));
#7272=PRESENTATION_STYLE_ASSIGNMENT((#7404));
#7273=PRESENTATION_STYLE_ASSIGNMENT((#7405));
#7274=PRESENTATION_STYLE_ASSIGNMENT((#7406));
#7275=PRESENTATION_STYLE_ASSIGNMENT((#7407));
#7276=PRESENTATION_STYLE_ASSIGNMENT((#7408));
#7277=PRESENTATION_STYLE_ASSIGNMENT((#7409));
#7278=PRESENTATION_STYLE_ASSIGNMENT((#7410));
#7279=PRESENTATION_STYLE_ASSIGNMENT((#7411));
#7280=PRESENTATION_STYLE_ASSIGNMENT((#7412));
#7281=PRESENTATION_STYLE_ASSIGNMENT((#7413));
#7282=PRESENTATION_STYLE_ASSIGNMENT((#7414));
#7283=PRESENTATION_STYLE_ASSIGNMENT((#7415));
#7284=PRESENTATION_STYLE_ASSIGNMENT((#7416));
#7285=PRESENTATION_STYLE_ASSIGNMENT((#7417));
#7286=PRESENTATION_STYLE_ASSIGNMENT((#7418));
#7287=PRESENTATION_STYLE_ASSIGNMENT((#7419));
#7288=PRESENTATION_STYLE_ASSIGNMENT((#7420));
#7289=PRESENTATION_STYLE_ASSIGNMENT((#7421));
#7290=PRESENTATION_STYLE_ASSIGNMENT((#7422));
#7291=PRESENTATION_STYLE_ASSIGNMENT((#7423));
#7292=PRESENTATION_STYLE_ASSIGNMENT((#7424));
#7293=PRESENTATION_STYLE_ASSIGNMENT((#7425));
#7294=PRESENTATION_STYLE_ASSIGNMENT((#7426));
#7295=PRESENTATION_STYLE_ASSIGNMENT((#7427));
#7296=PRESENTATION_STYLE_ASSIGNMENT((#7428));
#7297=PRESENTATION_STYLE_ASSIGNMENT((#7429));
#7298=PRESENTATION_STYLE_ASSIGNMENT((#7430));
#7299=PRESENTATION_STYLE_ASSIGNMENT((#7431));
#7300=PRESENTATION_STYLE_ASSIGNMENT((#7432));
#7301=PRESENTATION_STYLE_ASSIGNMENT((#7433));
#7302=PRESENTATION_STYLE_ASSIGNMENT((#7434));
#7303=PRESENTATION_STYLE_ASSIGNMENT((#7435));
#7304=PRESENTATION_STYLE_ASSIGNMENT((#7436));
#7305=PRESENTATION_STYLE_ASSIGNMENT((#7437));
#7306=PRESENTATION_STYLE_ASSIGNMENT((#7438));
#7307=PRESENTATION_STYLE_ASSIGNMENT((#7439));
#7308=PRESENTATION_STYLE_ASSIGNMENT((#7440));
#7309=PRESENTATION_STYLE_ASSIGNMENT((#7441));
#7310=PRESENTATION_STYLE_ASSIGNMENT((#7442));
#7311=PRESENTATION_STYLE_ASSIGNMENT((#7443));
#7312=PRESENTATION_STYLE_ASSIGNMENT((#7444));
#7313=PRESENTATION_STYLE_ASSIGNMENT((#7445));
#7314=PRESENTATION_STYLE_ASSIGNMENT((#7446));
#7315=PRESENTATION_STYLE_ASSIGNMENT((#7447));
#7316=PRESENTATION_STYLE_ASSIGNMENT((#7448));
#7317=PRESENTATION_STYLE_ASSIGNMENT((#7449));
#7318=PRESENTATION_STYLE_ASSIGNMENT((#7450));
#7319=PRESENTATION_STYLE_ASSIGNMENT((#7451));
#7320=PRESENTATION_STYLE_ASSIGNMENT((#7452));
#7321=PRESENTATION_STYLE_ASSIGNMENT((#7453));
#7322=PRESENTATION_STYLE_ASSIGNMENT((#7454));
#7323=PRESENTATION_STYLE_ASSIGNMENT((#7455));
#7324=PRESENTATION_STYLE_ASSIGNMENT((#7456));
#7325=PRESENTATION_STYLE_ASSIGNMENT((#7457));
#7326=PRESENTATION_STYLE_ASSIGNMENT((#7458));
#7327=PRESENTATION_STYLE_ASSIGNMENT((#7459));
#7328=PRESENTATION_STYLE_ASSIGNMENT((#7460));
#7329=PRESENTATION_STYLE_ASSIGNMENT((#7461));
#7330=PRESENTATION_STYLE_ASSIGNMENT((#7462));
#7331=PRESENTATION_STYLE_ASSIGNMENT((#7463));
#7332=PRESENTATION_STYLE_ASSIGNMENT((#7464));
#7333=PRESENTATION_STYLE_ASSIGNMENT((#7465));
#7334=PRESENTATION_STYLE_ASSIGNMENT((#7466));
#7335=PRESENTATION_STYLE_ASSIGNMENT((#7467));
#7336=PRESENTATION_STYLE_ASSIGNMENT((#7468));
#7337=PRESENTATION_STYLE_ASSIGNMENT((#7469));
#7338=PRESENTATION_STYLE_ASSIGNMENT((#7470));
#7339=PRESENTATION_STYLE_ASSIGNMENT((#7471));
#7340=PRESENTATION_STYLE_ASSIGNMENT((#7472));
#7341=PRESENTATION_STYLE_ASSIGNMENT((#7473));
#7342=PRESENTATION_STYLE_ASSIGNMENT((#7474));
#7343=PRESENTATION_STYLE_ASSIGNMENT((#7475));
#7344=PRESENTATION_STYLE_ASSIGNMENT((#7476));
#7345=PRESENTATION_STYLE_ASSIGNMENT((#7477));
#7346=PRESENTATION_STYLE_ASSIGNMENT((#7478));
#7347=PRESENTATION_STYLE_ASSIGNMENT((#7479));
#7348=PRESENTATION_STYLE_ASSIGNMENT((#7480));
#7349=PRESENTATION_STYLE_ASSIGNMENT((#7481));
#7350=PRESENTATION_STYLE_ASSIGNMENT((#7482));
#7351=PRESENTATION_STYLE_ASSIGNMENT((#7483));
#7352=PRESENTATION_STYLE_ASSIGNMENT((#7484));
#7353=PRESENTATION_STYLE_ASSIGNMENT((#7485));
#7354=PRESENTATION_STYLE_ASSIGNMENT((#7486));
#7355=SURFACE_STYLE_USAGE(.BOTH.,#7487);
#7356=SURFACE_STYLE_USAGE(.BOTH.,#7488);
#7357=SURFACE_STYLE_USAGE(.BOTH.,#7489);
#7358=SURFACE_STYLE_USAGE(.BOTH.,#7490);
#7359=SURFACE_STYLE_USAGE(.BOTH.,#7491);
#7360=SURFACE_STYLE_USAGE(.BOTH.,#7492);
#7361=SURFACE_STYLE_USAGE(.BOTH.,#7493);
#7362=SURFACE_STYLE_USAGE(.BOTH.,#7494);
#7363=SURFACE_STYLE_USAGE(.BOTH.,#7495);
#7364=SURFACE_STYLE_USAGE(.BOTH.,#7496);
#7365=SURFACE_STYLE_USAGE(.BOTH.,#7497);
#7366=SURFACE_STYLE_USAGE(.BOTH.,#7498);
#7367=SURFACE_STYLE_USAGE(.BOTH.,#7499);
#7368=SURFACE_STYLE_USAGE(.BOTH.,#7500);
#7369=SURFACE_STYLE_USAGE(.BOTH.,#7501);
#7370=SURFACE_STYLE_USAGE(.BOTH.,#7502);
#7371=SURFACE_STYLE_USAGE(.BOTH.,#7503);
#7372=SURFACE_STYLE_USAGE(.BOTH.,#7504);
#7373=SURFACE_STYLE_USAGE(.BOTH.,#7505);
#7374=SURFACE_STYLE_USAGE(.BOTH.,#7506);
#7375=SURFACE_STYLE_USAGE(.BOTH.,#7507);
#7376=SURFACE_STYLE_USAGE(.BOTH.,#7508);
#7377=SURFACE_STYLE_USAGE(.BOTH.,#7509);
#7378=SURFACE_STYLE_USAGE(.BOTH.,#7510);
#7379=SURFACE_STYLE_USAGE(.BOTH.,#7511);
#7380=SURFACE_STYLE_USAGE(.BOTH.,#7512);
#7381=SURFACE_STYLE_USAGE(.BOTH.,#7513);
#7382=SURFACE_STYLE_USAGE(.BOTH.,#7514);
#7383=SURFACE_STYLE_USAGE(.BOTH.,#7515);
#7384=SURFACE_STYLE_USAGE(.BOTH.,#7516);
#7385=SURFACE_STYLE_USAGE(.BOTH.,#7517);
#7386=SURFACE_STYLE_USAGE(.BOTH.,#7518);
#7387=SURFACE_STYLE_USAGE(.BOTH.,#7519);
#7388=SURFACE_STYLE_USAGE(.BOTH.,#7520);
#7389=SURFACE_STYLE_USAGE(.BOTH.,#7521);
#7390=SURFACE_STYLE_USAGE(.BOTH.,#7522);
#7391=SURFACE_STYLE_USAGE(.BOTH.,#7523);
#7392=SURFACE_STYLE_USAGE(.BOTH.,#7524);
#7393=SURFACE_STYLE_USAGE(.BOTH.,#7525);
#7394=SURFACE_STYLE_USAGE(.BOTH.,#7526);
#7395=SURFACE_STYLE_USAGE(.BOTH.,#7527);
#7396=SURFACE_STYLE_USAGE(.BOTH.,#7528);
#7397=SURFACE_STYLE_USAGE(.BOTH.,#7529);
#7398=SURFACE_STYLE_USAGE(.BOTH.,#7530);
#7399=SURFACE_STYLE_USAGE(.BOTH.,#7531);
#7400=SURFACE_STYLE_USAGE(.BOTH.,#7532);
#7401=SURFACE_STYLE_USAGE(.BOTH.,#7533);
#7402=SURFACE_STYLE_USAGE(.BOTH.,#7534);
#7403=SURFACE_STYLE_USAGE(.BOTH.,#7535);
#7404=SURFACE_STYLE_USAGE(.BOTH.,#7536);
#7405=SURFACE_STYLE_USAGE(.BOTH.,#7537);
#7406=SURFACE_STYLE_USAGE(.BOTH.,#7538);
#7407=SURFACE_STYLE_USAGE(.BOTH.,#7539);
#7408=SURFACE_STYLE_USAGE(.BOTH.,#7540);
#7409=SURFACE_STYLE_USAGE(.BOTH.,#7541);
#7410=SURFACE_STYLE_USAGE(.BOTH.,#7542);
#7411=SURFACE_STYLE_USAGE(.BOTH.,#7543);
#7412=SURFACE_STYLE_USAGE(.BOTH.,#7544);
#7413=SURFACE_STYLE_USAGE(.BOTH.,#7545);
#7414=SURFACE_STYLE_USAGE(.BOTH.,#7546);
#7415=SURFACE_STYLE_USAGE(.BOTH.,#7547);
#7416=SURFACE_STYLE_USAGE(.BOTH.,#7548);
#7417=SURFACE_STYLE_USAGE(.BOTH.,#7549);
#7418=SURFACE_STYLE_USAGE(.BOTH.,#7550);
#7419=SURFACE_STYLE_USAGE(.BOTH.,#7551);
#7420=SURFACE_STYLE_USAGE(.BOTH.,#7552);
#7421=SURFACE_STYLE_USAGE(.BOTH.,#7553);
#7422=SURFACE_STYLE_USAGE(.BOTH.,#7554);
#7423=SURFACE_STYLE_USAGE(.BOTH.,#7555);
#7424=SURFACE_STYLE_USAGE(.BOTH.,#7556);
#7425=SURFACE_STYLE_USAGE(.BOTH.,#7557);
#7426=SURFACE_STYLE_USAGE(.BOTH.,#7558);
#7427=SURFACE_STYLE_USAGE(.BOTH.,#7559);
#7428=SURFACE_STYLE_USAGE(.BOTH.,#7560);
#7429=SURFACE_STYLE_USAGE(.BOTH.,#7561);
#7430=SURFACE_STYLE_USAGE(.BOTH.,#7562);
#7431=SURFACE_STYLE_USAGE(.BOTH.,#7563);
#7432=SURFACE_STYLE_USAGE(.BOTH.,#7564);
#7433=SURFACE_STYLE_USAGE(.BOTH.,#7565);
#7434=SURFACE_STYLE_USAGE(.BOTH.,#7566);
#7435=SURFACE_STYLE_USAGE(.BOTH.,#7567);
#7436=SURFACE_STYLE_USAGE(.BOTH.,#7568);
#7437=SURFACE_STYLE_USAGE(.BOTH.,#7569);
#7438=SURFACE_STYLE_USAGE(.BOTH.,#7570);
#7439=SURFACE_STYLE_USAGE(.BOTH.,#7571);
#7440=SURFACE_STYLE_USAGE(.BOTH.,#7572);
#7441=SURFACE_STYLE_USAGE(.BOTH.,#7573);
#7442=SURFACE_STYLE_USAGE(.BOTH.,#7574);
#7443=SURFACE_STYLE_USAGE(.BOTH.,#7575);
#7444=SURFACE_STYLE_USAGE(.BOTH.,#7576);
#7445=SURFACE_STYLE_USAGE(.BOTH.,#7577);
#7446=SURFACE_STYLE_USAGE(.BOTH.,#7578);
#7447=SURFACE_STYLE_USAGE(.BOTH.,#7579);
#7448=SURFACE_STYLE_USAGE(.BOTH.,#7580);
#7449=SURFACE_STYLE_USAGE(.BOTH.,#7581);
#7450=SURFACE_STYLE_USAGE(.BOTH.,#7582);
#7451=SURFACE_STYLE_USAGE(.BOTH.,#7583);
#7452=SURFACE_STYLE_USAGE(.BOTH.,#7584);
#7453=SURFACE_STYLE_USAGE(.BOTH.,#7585);
#7454=SURFACE_STYLE_USAGE(.BOTH.,#7586);
#7455=SURFACE_STYLE_USAGE(.BOTH.,#7587);
#7456=SURFACE_STYLE_USAGE(.BOTH.,#7588);
#7457=SURFACE_STYLE_USAGE(.BOTH.,#7589);
#7458=SURFACE_STYLE_USAGE(.BOTH.,#7590);
#7459=SURFACE_STYLE_USAGE(.BOTH.,#7591);
#7460=SURFACE_STYLE_USAGE(.BOTH.,#7592);
#7461=SURFACE_STYLE_USAGE(.BOTH.,#7593);
#7462=SURFACE_STYLE_USAGE(.BOTH.,#7594);
#7463=SURFACE_STYLE_USAGE(.BOTH.,#7595);
#7464=SURFACE_STYLE_USAGE(.BOTH.,#7596);
#7465=SURFACE_STYLE_USAGE(.BOTH.,#7597);
#7466=SURFACE_STYLE_USAGE(.BOTH.,#7598);
#7467=SURFACE_STYLE_USAGE(.BOTH.,#7599);
#7468=SURFACE_STYLE_USAGE(.BOTH.,#7600);
#7469=SURFACE_STYLE_USAGE(.BOTH.,#7601);
#7470=SURFACE_STYLE_USAGE(.BOTH.,#7602);
#7471=SURFACE_STYLE_USAGE(.BOTH.,#7603);
#7472=SURFACE_STYLE_USAGE(.BOTH.,#7604);
#7473=SURFACE_STYLE_USAGE(.BOTH.,#7605);
#7474=SURFACE_STYLE_USAGE(.BOTH.,#7606);
#7475=SURFACE_STYLE_USAGE(.BOTH.,#7607);
#7476=SURFACE_STYLE_USAGE(.BOTH.,#7608);
#7477=SURFACE_STYLE_USAGE(.BOTH.,#7609);
#7478=SURFACE_STYLE_USAGE(.BOTH.,#7610);
#7479=SURFACE_STYLE_USAGE(.BOTH.,#7611);
#7480=SURFACE_STYLE_USAGE(.BOTH.,#7612);
#7481=SURFACE_STYLE_USAGE(.BOTH.,#7613);
#7482=SURFACE_STYLE_USAGE(.BOTH.,#7614);
#7483=SURFACE_STYLE_USAGE(.BOTH.,#7615);
#7484=SURFACE_STYLE_USAGE(.BOTH.,#7616);
#7485=SURFACE_STYLE_USAGE(.BOTH.,#7617);
#7486=SURFACE_STYLE_USAGE(.BOTH.,#7618);
#7487=SURFACE_SIDE_STYLE('',(#7619));
#7488=SURFACE_SIDE_STYLE('',(#7620));
#7489=SURFACE_SIDE_STYLE('',(#7621));
#7490=SURFACE_SIDE_STYLE('',(#7622));
#7491=SURFACE_SIDE_STYLE('',(#7623));
#7492=SURFACE_SIDE_STYLE('',(#7624));
#7493=SURFACE_SIDE_STYLE('',(#7625));
#7494=SURFACE_SIDE_STYLE('',(#7626));
#7495=SURFACE_SIDE_STYLE('',(#7627));
#7496=SURFACE_SIDE_STYLE('',(#7628));
#7497=SURFACE_SIDE_STYLE('',(#7629));
#7498=SURFACE_SIDE_STYLE('',(#7630));
#7499=SURFACE_SIDE_STYLE('',(#7631));
#7500=SURFACE_SIDE_STYLE('',(#7632));
#7501=SURFACE_SIDE_STYLE('',(#7633));
#7502=SURFACE_SIDE_STYLE('',(#7634));
#7503=SURFACE_SIDE_STYLE('',(#7635));
#7504=SURFACE_SIDE_STYLE('',(#7636));
#7505=SURFACE_SIDE_STYLE('',(#7637));
#7506=SURFACE_SIDE_STYLE('',(#7638));
#7507=SURFACE_SIDE_STYLE('',(#7639));
#7508=SURFACE_SIDE_STYLE('',(#7640));
#7509=SURFACE_SIDE_STYLE('',(#7641));
#7510=SURFACE_SIDE_STYLE('',(#7642));
#7511=SURFACE_SIDE_STYLE('',(#7643));
#7512=SURFACE_SIDE_STYLE('',(#7644));
#7513=SURFACE_SIDE_STYLE('',(#7645));
#7514=SURFACE_SIDE_STYLE('',(#7646));
#7515=SURFACE_SIDE_STYLE('',(#7647));
#7516=SURFACE_SIDE_STYLE('',(#7648));
#7517=SURFACE_SIDE_STYLE('',(#7649));
#7518=SURFACE_SIDE_STYLE('',(#7650));
#7519=SURFACE_SIDE_STYLE('',(#7651));
#7520=SURFACE_SIDE_STYLE('',(#7652));
#7521=SURFACE_SIDE_STYLE('',(#7653));
#7522=SURFACE_SIDE_STYLE('',(#7654));
#7523=SURFACE_SIDE_STYLE('',(#7655));
#7524=SURFACE_SIDE_STYLE('',(#7656));
#7525=SURFACE_SIDE_STYLE('',(#7657));
#7526=SURFACE_SIDE_STYLE('',(#7658));
#7527=SURFACE_SIDE_STYLE('',(#7659));
#7528=SURFACE_SIDE_STYLE('',(#7660));
#7529=SURFACE_SIDE_STYLE('',(#7661));
#7530=SURFACE_SIDE_STYLE('',(#7662));
#7531=SURFACE_SIDE_STYLE('',(#7663));
#7532=SURFACE_SIDE_STYLE('',(#7664));
#7533=SURFACE_SIDE_STYLE('',(#7665));
#7534=SURFACE_SIDE_STYLE('',(#7666));
#7535=SURFACE_SIDE_STYLE('',(#7667));
#7536=SURFACE_SIDE_STYLE('',(#7668));
#7537=SURFACE_SIDE_STYLE('',(#7669));
#7538=SURFACE_SIDE_STYLE('',(#7670));
#7539=SURFACE_SIDE_STYLE('',(#7671));
#7540=SURFACE_SIDE_STYLE('',(#7672));
#7541=SURFACE_SIDE_STYLE('',(#7673));
#7542=SURFACE_SIDE_STYLE('',(#7674));
#7543=SURFACE_SIDE_STYLE('',(#7675));
#7544=SURFACE_SIDE_STYLE('',(#7676));
#7545=SURFACE_SIDE_STYLE('',(#7677));
#7546=SURFACE_SIDE_STYLE('',(#7678));
#7547=SURFACE_SIDE_STYLE('',(#7679));
#7548=SURFACE_SIDE_STYLE('',(#7680));
#7549=SURFACE_SIDE_STYLE('',(#7681));
#7550=SURFACE_SIDE_STYLE('',(#7682));
#7551=SURFACE_SIDE_STYLE('',(#7683));
#7552=SURFACE_SIDE_STYLE('',(#7684));
#7553=SURFACE_SIDE_STYLE('',(#7685));
#7554=SURFACE_SIDE_STYLE('',(#7686));
#7555=SURFACE_SIDE_STYLE('',(#7687));
#7556=SURFACE_SIDE_STYLE('',(#7688));
#7557=SURFACE_SIDE_STYLE('',(#7689));
#7558=SURFACE_SIDE_STYLE('',(#7690));
#7559=SURFACE_SIDE_STYLE('',(#7691));
#7560=SURFACE_SIDE_STYLE('',(#7692));
#7561=SURFACE_SIDE_STYLE('',(#7693));
#7562=SURFACE_SIDE_STYLE('',(#7694));
#7563=SURFACE_SIDE_STYLE('',(#7695));
#7564=SURFACE_SIDE_STYLE('',(#7696));
#7565=SURFACE_SIDE_STYLE('',(#7697));
#7566=SURFACE_SIDE_STYLE('',(#7698));
#7567=SURFACE_SIDE_STYLE('',(#7699));
#7568=SURFACE_SIDE_STYLE('',(#7700));
#7569=SURFACE_SIDE_STYLE('',(#7701));
#7570=SURFACE_SIDE_STYLE('',(#7702));
#7571=SURFACE_SIDE_STYLE('',(#7703));
#7572=SURFACE_SIDE_STYLE('',(#7704));
#7573=SURFACE_SIDE_STYLE('',(#7705));
#7574=SURFACE_SIDE_STYLE('',(#7706));
#7575=SURFACE_SIDE_STYLE('',(#7707));
#7576=SURFACE_SIDE_STYLE('',(#7708));
#7577=SURFACE_SIDE_STYLE('',(#7709));
#7578=SURFACE_SIDE_STYLE('',(#7710));
#7579=SURFACE_SIDE_STYLE('',(#7711));
#7580=SURFACE_SIDE_STYLE('',(#7712));
#7581=SURFACE_SIDE_STYLE('',(#7713));
#7582=SURFACE_SIDE_STYLE('',(#7714));
#7583=SURFACE_SIDE_STYLE('',(#7715));
#7584=SURFACE_SIDE_STYLE('',(#7716));
#7585=SURFACE_SIDE_STYLE('',(#7717));
#7586=SURFACE_SIDE_STYLE('',(#7718));
#7587=SURFACE_SIDE_STYLE('',(#7719));
#7588=SURFACE_SIDE_STYLE('',(#7720));
#7589=SURFACE_SIDE_STYLE('',(#7721));
#7590=SURFACE_SIDE_STYLE('',(#7722));
#7591=SURFACE_SIDE_STYLE('',(#7723));
#7592=SURFACE_SIDE_STYLE('',(#7724));
#7593=SURFACE_SIDE_STYLE('',(#7725));
#7594=SURFACE_SIDE_STYLE('',(#7726));
#7595=SURFACE_SIDE_STYLE('',(#7727));
#7596=SURFACE_SIDE_STYLE('',(#7728));
#7597=SURFACE_SIDE_STYLE('',(#7729));
#7598=SURFACE_SIDE_STYLE('',(#7730));
#7599=SURFACE_SIDE_STYLE('',(#7731));
#7600=SURFACE_SIDE_STYLE('',(#7732));
#7601=SURFACE_SIDE_STYLE('',(#7733));
#7602=SURFACE_SIDE_STYLE('',(#7734));
#7603=SURFACE_SIDE_STYLE('',(#7735));
#7604=SURFACE_SIDE_STYLE('',(#7736));
#7605=SURFACE_SIDE_STYLE('',(#7737));
#7606=SURFACE_SIDE_STYLE('',(#7738));
#7607=SURFACE_SIDE_STYLE('',(#7739));
#7608=SURFACE_SIDE_STYLE('',(#7740));
#7609=SURFACE_SIDE_STYLE('',(#7741));
#7610=SURFACE_SIDE_STYLE('',(#7742));
#7611=SURFACE_SIDE_STYLE('',(#7743));
#7612=SURFACE_SIDE_STYLE('',(#7744));
#7613=SURFACE_SIDE_STYLE('',(#7745));
#7614=SURFACE_SIDE_STYLE('',(#7746));
#7615=SURFACE_SIDE_STYLE('',(#7747));
#7616=SURFACE_SIDE_STYLE('',(#7748));
#7617=SURFACE_SIDE_STYLE('',(#7749));
#7618=SURFACE_SIDE_STYLE('',(#7750));
#7619=SURFACE_STYLE_FILL_AREA(#7751);
#7620=SURFACE_STYLE_FILL_AREA(#7752);
#7621=SURFACE_STYLE_FILL_AREA(#7753);
#7622=SURFACE_STYLE_FILL_AREA(#7754);
#7623=SURFACE_STYLE_FILL_AREA(#7755);
#7624=SURFACE_STYLE_FILL_AREA(#7756);
#7625=SURFACE_STYLE_FILL_AREA(#7757);
#7626=SURFACE_STYLE_FILL_AREA(#7758);
#7627=SURFACE_STYLE_FILL_AREA(#7759);
#7628=SURFACE_STYLE_FILL_AREA(#7760);
#7629=SURFACE_STYLE_FILL_AREA(#7761);
#7630=SURFACE_STYLE_FILL_AREA(#7762);
#7631=SURFACE_STYLE_FILL_AREA(#7763);
#7632=SURFACE_STYLE_FILL_AREA(#7764);
#7633=SURFACE_STYLE_FILL_AREA(#7765);
#7634=SURFACE_STYLE_FILL_AREA(#7766);
#7635=SURFACE_STYLE_FILL_AREA(#7767);
#7636=SURFACE_STYLE_FILL_AREA(#7768);
#7637=SURFACE_STYLE_FILL_AREA(#7769);
#7638=SURFACE_STYLE_FILL_AREA(#7770);
#7639=SURFACE_STYLE_FILL_AREA(#7771);
#7640=SURFACE_STYLE_FILL_AREA(#7772);
#7641=SURFACE_STYLE_FILL_AREA(#7773);
#7642=SURFACE_STYLE_FILL_AREA(#7774);
#7643=SURFACE_STYLE_FILL_AREA(#7775);
#7644=SURFACE_STYLE_FILL_AREA(#7776);
#7645=SURFACE_STYLE_FILL_AREA(#7777);
#7646=SURFACE_STYLE_FILL_AREA(#7778);
#7647=SURFACE_STYLE_FILL_AREA(#7779);
#7648=SURFACE_STYLE_FILL_AREA(#7780);
#7649=SURFACE_STYLE_FILL_AREA(#7781);
#7650=SURFACE_STYLE_FILL_AREA(#7782);
#7651=SURFACE_STYLE_FILL_AREA(#7783);
#7652=SURFACE_STYLE_FILL_AREA(#7784);
#7653=SURFACE_STYLE_FILL_AREA(#7785);
#7654=SURFACE_STYLE_FILL_AREA(#7786);
#7655=SURFACE_STYLE_FILL_AREA(#7787);
#7656=SURFACE_STYLE_FILL_AREA(#7788);
#7657=SURFACE_STYLE_FILL_AREA(#7789);
#7658=SURFACE_STYLE_FILL_AREA(#7790);
#7659=SURFACE_STYLE_FILL_AREA(#7791);
#7660=SURFACE_STYLE_FILL_AREA(#7792);
#7661=SURFACE_STYLE_FILL_AREA(#7793);
#7662=SURFACE_STYLE_FILL_AREA(#7794);
#7663=SURFACE_STYLE_FILL_AREA(#7795);
#7664=SURFACE_STYLE_FILL_AREA(#7796);
#7665=SURFACE_STYLE_FILL_AREA(#7797);
#7666=SURFACE_STYLE_FILL_AREA(#7798);
#7667=SURFACE_STYLE_FILL_AREA(#7799);
#7668=SURFACE_STYLE_FILL_AREA(#7800);
#7669=SURFACE_STYLE_FILL_AREA(#7801);
#7670=SURFACE_STYLE_FILL_AREA(#7802);
#7671=SURFACE_STYLE_FILL_AREA(#7803);
#7672=SURFACE_STYLE_FILL_AREA(#7804);
#7673=SURFACE_STYLE_FILL_AREA(#7805);
#7674=SURFACE_STYLE_FILL_AREA(#7806);
#7675=SURFACE_STYLE_FILL_AREA(#7807);
#7676=SURFACE_STYLE_FILL_AREA(#7808);
#7677=SURFACE_STYLE_FILL_AREA(#7809);
#7678=SURFACE_STYLE_FILL_AREA(#7810);
#7679=SURFACE_STYLE_FILL_AREA(#7811);
#7680=SURFACE_STYLE_FILL_AREA(#7812);
#7681=SURFACE_STYLE_FILL_AREA(#7813);
#7682=SURFACE_STYLE_FILL_AREA(#7814);
#7683=SURFACE_STYLE_FILL_AREA(#7815);
#7684=SURFACE_STYLE_FILL_AREA(#7816);
#7685=SURFACE_STYLE_FILL_AREA(#7817);
#7686=SURFACE_STYLE_FILL_AREA(#7818);
#7687=SURFACE_STYLE_FILL_AREA(#7819);
#7688=SURFACE_STYLE_FILL_AREA(#7820);
#7689=SURFACE_STYLE_FILL_AREA(#7821);
#7690=SURFACE_STYLE_FILL_AREA(#7822);
#7691=SURFACE_STYLE_FILL_AREA(#7823);
#7692=SURFACE_STYLE_FILL_AREA(#7824);
#7693=SURFACE_STYLE_FILL_AREA(#7825);
#7694=SURFACE_STYLE_FILL_AREA(#7826);
#7695=SURFACE_STYLE_FILL_AREA(#7827);
#7696=SURFACE_STYLE_FILL_AREA(#7828);
#7697=SURFACE_STYLE_FILL_AREA(#7829);
#7698=SURFACE_STYLE_FILL_AREA(#7830);
#7699=SURFACE_STYLE_FILL_AREA(#7831);
#7700=SURFACE_STYLE_FILL_AREA(#7832);
#7701=SURFACE_STYLE_FILL_AREA(#7833);
#7702=SURFACE_STYLE_FILL_AREA(#7834);
#7703=SURFACE_STYLE_FILL_AREA(#7835);
#7704=SURFACE_STYLE_FILL_AREA(#7836);
#7705=SURFACE_STYLE_FILL_AREA(#7837);
#7706=SURFACE_STYLE_FILL_AREA(#7838);
#7707=SURFACE_STYLE_FILL_AREA(#7839);
#7708=SURFACE_STYLE_FILL_AREA(#7840);
#7709=SURFACE_STYLE_FILL_AREA(#7841);
#7710=SURFACE_STYLE_FILL_AREA(#7842);
#7711=SURFACE_STYLE_FILL_AREA(#7843);
#7712=SURFACE_STYLE_FILL_AREA(#7844);
#7713=SURFACE_STYLE_FILL_AREA(#7845);
#7714=SURFACE_STYLE_FILL_AREA(#7846);
#7715=SURFACE_STYLE_FILL_AREA(#7847);
#7716=SURFACE_STYLE_FILL_AREA(#7848);
#7717=SURFACE_STYLE_FILL_AREA(#7849);
#7718=SURFACE_STYLE_FILL_AREA(#7850);
#7719=SURFACE_STYLE_FILL_AREA(#7851);
#7720=SURFACE_STYLE_FILL_AREA(#7852);
#7721=SURFACE_STYLE_FILL_AREA(#7853);
#7722=SURFACE_STYLE_FILL_AREA(#7854);
#7723=SURFACE_STYLE_FILL_AREA(#7855);
#7724=SURFACE_STYLE_FILL_AREA(#7856);
#7725=SURFACE_STYLE_FILL_AREA(#7857);
#7726=SURFACE_STYLE_FILL_AREA(#7858);
#7727=SURFACE_STYLE_FILL_AREA(#7859);
#7728=SURFACE_STYLE_FILL_AREA(#7860);
#7729=SURFACE_STYLE_FILL_AREA(#7861);
#7730=SURFACE_STYLE_FILL_AREA(#7862);
#7731=SURFACE_STYLE_FILL_AREA(#7863);
#7732=SURFACE_STYLE_FILL_AREA(#7864);
#7733=SURFACE_STYLE_FILL_AREA(#7865);
#7734=SURFACE_STYLE_FILL_AREA(#7866);
#7735=SURFACE_STYLE_FILL_AREA(#7867);
#7736=SURFACE_STYLE_FILL_AREA(#7868);
#7737=SURFACE_STYLE_FILL_AREA(#7869);
#7738=SURFACE_STYLE_FILL_AREA(#7870);
#7739=SURFACE_STYLE_FILL_AREA(#7871);
#7740=SURFACE_STYLE_FILL_AREA(#7872);
#7741=SURFACE_STYLE_FILL_AREA(#7873);
#7742=SURFACE_STYLE_FILL_AREA(#7874);
#7743=SURFACE_STYLE_FILL_AREA(#7875);
#7744=SURFACE_STYLE_FILL_AREA(#7876);
#7745=SURFACE_STYLE_FILL_AREA(#7877);
#7746=SURFACE_STYLE_FILL_AREA(#7878);
#7747=SURFACE_STYLE_FILL_AREA(#7879);
#7748=SURFACE_STYLE_FILL_AREA(#7880);
#7749=SURFACE_STYLE_FILL_AREA(#7881);
#7750=SURFACE_STYLE_FILL_AREA(#7882);
#7751=FILL_AREA_STYLE('',(#7883));
#7752=FILL_AREA_STYLE('',(#7884));
#7753=FILL_AREA_STYLE('',(#7885));
#7754=FILL_AREA_STYLE('',(#7886));
#7755=FILL_AREA_STYLE('',(#7887));
#7756=FILL_AREA_STYLE('',(#7888));
#7757=FILL_AREA_STYLE('',(#7889));
#7758=FILL_AREA_STYLE('',(#7890));
#7759=FILL_AREA_STYLE('',(#7891));
#7760=FILL_AREA_STYLE('',(#7892));
#7761=FILL_AREA_STYLE('',(#7893));
#7762=FILL_AREA_STYLE('',(#7894));
#7763=FILL_AREA_STYLE('',(#7895));
#7764=FILL_AREA_STYLE('',(#7896));
#7765=FILL_AREA_STYLE('',(#7897));
#7766=FILL_AREA_STYLE('',(#7898));
#7767=FILL_AREA_STYLE('',(#7899));
#7768=FILL_AREA_STYLE('',(#7900));
#7769=FILL_AREA_STYLE('',(#7901));
#7770=FILL_AREA_STYLE('',(#7902));
#7771=FILL_AREA_STYLE('',(#7903));
#7772=FILL_AREA_STYLE('',(#7904));
#7773=FILL_AREA_STYLE('',(#7905));
#7774=FILL_AREA_STYLE('',(#7906));
#7775=FILL_AREA_STYLE('',(#7907));
#7776=FILL_AREA_STYLE('',(#7908));
#7777=FILL_AREA_STYLE('',(#7909));
#7778=FILL_AREA_STYLE('',(#7910));
#7779=FILL_AREA_STYLE('',(#7911));
#7780=FILL_AREA_STYLE('',(#7912));
#7781=FILL_AREA_STYLE('',(#7913));
#7782=FILL_AREA_STYLE('',(#7914));
#7783=FILL_AREA_STYLE('',(#7915));
#7784=FILL_AREA_STYLE('',(#7916));
#7785=FILL_AREA_STYLE('',(#7917));
#7786=FILL_AREA_STYLE('',(#7918));
#7787=FILL_AREA_STYLE('',(#7919));
#7788=FILL_AREA_STYLE('',(#7920));
#7789=FILL_AREA_STYLE('',(#7921));
#7790=FILL_AREA_STYLE('',(#7922));
#7791=FILL_AREA_STYLE('',(#7923));
#7792=FILL_AREA_STYLE('',(#7924));
#7793=FILL_AREA_STYLE('',(#7925));
#7794=FILL_AREA_STYLE('',(#7926));
#7795=FILL_AREA_STYLE('',(#7927));
#7796=FILL_AREA_STYLE('',(#7928));
#7797=FILL_AREA_STYLE('',(#7929));
#7798=FILL_AREA_STYLE('',(#7930));
#7799=FILL_AREA_STYLE('',(#7931));
#7800=FILL_AREA_STYLE('',(#7932));
#7801=FILL_AREA_STYLE('',(#7933));
#7802=FILL_AREA_STYLE('',(#7934));
#7803=FILL_AREA_STYLE('',(#7935));
#7804=FILL_AREA_STYLE('',(#7936));
#7805=FILL_AREA_STYLE('',(#7937));
#7806=FILL_AREA_STYLE('',(#7938));
#7807=FILL_AREA_STYLE('',(#7939));
#7808=FILL_AREA_STYLE('',(#7940));
#7809=FILL_AREA_STYLE('',(#7941));
#7810=FILL_AREA_STYLE('',(#7942));
#7811=FILL_AREA_STYLE('',(#7943));
#7812=FILL_AREA_STYLE('',(#7944));
#7813=FILL_AREA_STYLE('',(#7945));
#7814=FILL_AREA_STYLE('',(#7946));
#7815=FILL_AREA_STYLE('',(#7947));
#7816=FILL_AREA_STYLE('',(#7948));
#7817=FILL_AREA_STYLE('',(#7949));
#7818=FILL_AREA_STYLE('',(#7950));
#7819=FILL_AREA_STYLE('',(#7951));
#7820=FILL_AREA_STYLE('',(#7952));
#7821=FILL_AREA_STYLE('',(#7953));
#7822=FILL_AREA_STYLE('',(#7954));
#7823=FILL_AREA_STYLE('',(#7955));
#7824=FILL_AREA_STYLE('',(#7956));
#7825=FILL_AREA_STYLE('',(#7957));
#7826=FILL_AREA_STYLE('',(#7958));
#7827=FILL_AREA_STYLE('',(#7959));
#7828=FILL_AREA_STYLE('',(#7960));
#7829=FILL_AREA_STYLE('',(#7961));
#7830=FILL_AREA_STYLE('',(#7962));
#7831=FILL_AREA_STYLE('',(#7963));
#7832=FILL_AREA_STYLE('',(#7964));
#7833=FILL_AREA_STYLE('',(#7965));
#7834=FILL_AREA_STYLE('',(#7966));
#7835=FILL_AREA_STYLE('',(#7967));
#7836=FILL_AREA_STYLE('',(#7968));
#7837=FILL_AREA_STYLE('',(#7969));
#7838=FILL_AREA_STYLE('',(#7970));
#7839=FILL_AREA_STYLE('',(#7971));
#7840=FILL_AREA_STYLE('',(#7972));
#7841=FILL_AREA_STYLE('',(#7973));
#7842=FILL_AREA_STYLE('',(#7974));
#7843=FILL_AREA_STYLE('',(#7975));
#7844=FILL_AREA_STYLE('',(#7976));
#7845=FILL_AREA_STYLE('',(#7977));
#7846=FILL_AREA_STYLE('',(#7978));
#7847=FILL_AREA_STYLE('',(#7979));
#7848=FILL_AREA_STYLE('',(#7980));
#7849=FILL_AREA_STYLE('',(#7981));
#7850=FILL_AREA_STYLE('',(#7982));
#7851=FILL_AREA_STYLE('',(#7983));
#7852=FILL_AREA_STYLE('',(#7984));
#7853=FILL_AREA_STYLE('',(#7985));
#7854=FILL_AREA_STYLE('',(#7986));
#7855=FILL_AREA_STYLE('',(#7987));
#7856=FILL_AREA_STYLE('',(#7988));
#7857=FILL_AREA_STYLE('',(#7989));
#7858=FILL_AREA_STYLE('',(#7990));
#7859=FILL_AREA_STYLE('',(#7991));
#7860=FILL_AREA_STYLE('',(#7992));
#7861=FILL_AREA_STYLE('',(#7993));
#7862=FILL_AREA_STYLE('',(#7994));
#7863=FILL_AREA_STYLE('',(#7995));
#7864=FILL_AREA_STYLE('',(#7996));
#7865=FILL_AREA_STYLE('',(#7997));
#7866=FILL_AREA_STYLE('',(#7998));
#7867=FILL_AREA_STYLE('',(#7999));
#7868=FILL_AREA_STYLE('',(#8000));
#7869=FILL_AREA_STYLE('',(#8001));
#7870=FILL_AREA_STYLE('',(#8002));
#7871=FILL_AREA_STYLE('',(#8003));
#7872=FILL_AREA_STYLE('',(#8004));
#7873=FILL_AREA_STYLE('',(#8005));
#7874=FILL_AREA_STYLE('',(#8006));
#7875=FILL_AREA_STYLE('',(#8007));
#7876=FILL_AREA_STYLE('',(#8008));
#7877=FILL_AREA_STYLE('',(#8009));
#7878=FILL_AREA_STYLE('',(#8010));
#7879=FILL_AREA_STYLE('',(#8011));
#7880=FILL_AREA_STYLE('',(#8012));
#7881=FILL_AREA_STYLE('',(#8013));
#7882=FILL_AREA_STYLE('',(#8014));
#7883=FILL_AREA_STYLE_COLOUR('',#8015);
#7884=FILL_AREA_STYLE_COLOUR('',#8016);
#7885=FILL_AREA_STYLE_COLOUR('',#8016);
#7886=FILL_AREA_STYLE_COLOUR('',#8016);
#7887=FILL_AREA_STYLE_COLOUR('',#8016);
#7888=FILL_AREA_STYLE_COLOUR('',#8016);
#7889=FILL_AREA_STYLE_COLOUR('',#8016);
#7890=FILL_AREA_STYLE_COLOUR('',#8016);
#7891=FILL_AREA_STYLE_COLOUR('',#8016);
#7892=FILL_AREA_STYLE_COLOUR('',#8016);
#7893=FILL_AREA_STYLE_COLOUR('',#8016);
#7894=FILL_AREA_STYLE_COLOUR('',#8016);
#7895=FILL_AREA_STYLE_COLOUR('',#8016);
#7896=FILL_AREA_STYLE_COLOUR('',#8016);
#7897=FILL_AREA_STYLE_COLOUR('',#8016);
#7898=FILL_AREA_STYLE_COLOUR('',#8016);
#7899=FILL_AREA_STYLE_COLOUR('',#8016);
#7900=FILL_AREA_STYLE_COLOUR('',#8016);
#7901=FILL_AREA_STYLE_COLOUR('',#8016);
#7902=FILL_AREA_STYLE_COLOUR('',#8016);
#7903=FILL_AREA_STYLE_COLOUR('',#8017);
#7904=FILL_AREA_STYLE_COLOUR('',#8017);
#7905=FILL_AREA_STYLE_COLOUR('',#8017);
#7906=FILL_AREA_STYLE_COLOUR('',#8017);
#7907=FILL_AREA_STYLE_COLOUR('',#8017);
#7908=FILL_AREA_STYLE_COLOUR('',#8017);
#7909=FILL_AREA_STYLE_COLOUR('',#8017);
#7910=FILL_AREA_STYLE_COLOUR('',#8017);
#7911=FILL_AREA_STYLE_COLOUR('',#8017);
#7912=FILL_AREA_STYLE_COLOUR('',#8017);
#7913=FILL_AREA_STYLE_COLOUR('',#8017);
#7914=FILL_AREA_STYLE_COLOUR('',#8017);
#7915=FILL_AREA_STYLE_COLOUR('',#8016);
#7916=FILL_AREA_STYLE_COLOUR('',#8016);
#7917=FILL_AREA_STYLE_COLOUR('',#8016);
#7918=FILL_AREA_STYLE_COLOUR('',#8016);
#7919=FILL_AREA_STYLE_COLOUR('',#8016);
#7920=FILL_AREA_STYLE_COLOUR('',#8016);
#7921=FILL_AREA_STYLE_COLOUR('',#8016);
#7922=FILL_AREA_STYLE_COLOUR('',#8016);
#7923=FILL_AREA_STYLE_COLOUR('',#8016);
#7924=FILL_AREA_STYLE_COLOUR('',#8016);
#7925=FILL_AREA_STYLE_COLOUR('',#8016);
#7926=FILL_AREA_STYLE_COLOUR('',#8016);
#7927=FILL_AREA_STYLE_COLOUR('',#8016);
#7928=FILL_AREA_STYLE_COLOUR('',#8016);
#7929=FILL_AREA_STYLE_COLOUR('',#8016);
#7930=FILL_AREA_STYLE_COLOUR('',#8016);
#7931=FILL_AREA_STYLE_COLOUR('',#8016);
#7932=FILL_AREA_STYLE_COLOUR('',#8016);
#7933=FILL_AREA_STYLE_COLOUR('',#8016);
#7934=FILL_AREA_STYLE_COLOUR('',#8017);
#7935=FILL_AREA_STYLE_COLOUR('',#8017);
#7936=FILL_AREA_STYLE_COLOUR('',#8017);
#7937=FILL_AREA_STYLE_COLOUR('',#8017);
#7938=FILL_AREA_STYLE_COLOUR('',#8017);
#7939=FILL_AREA_STYLE_COLOUR('',#8017);
#7940=FILL_AREA_STYLE_COLOUR('',#8017);
#7941=FILL_AREA_STYLE_COLOUR('',#8017);
#7942=FILL_AREA_STYLE_COLOUR('',#8017);
#7943=FILL_AREA_STYLE_COLOUR('',#8017);
#7944=FILL_AREA_STYLE_COLOUR('',#8017);
#7945=FILL_AREA_STYLE_COLOUR('',#8017);
#7946=FILL_AREA_STYLE_COLOUR('',#8017);
#7947=FILL_AREA_STYLE_COLOUR('',#8017);
#7948=FILL_AREA_STYLE_COLOUR('',#8017);
#7949=FILL_AREA_STYLE_COLOUR('',#8016);
#7950=FILL_AREA_STYLE_COLOUR('',#8016);
#7951=FILL_AREA_STYLE_COLOUR('',#8016);
#7952=FILL_AREA_STYLE_COLOUR('',#8016);
#7953=FILL_AREA_STYLE_COLOUR('',#8016);
#7954=FILL_AREA_STYLE_COLOUR('',#8016);
#7955=FILL_AREA_STYLE_COLOUR('',#8016);
#7956=FILL_AREA_STYLE_COLOUR('',#8016);
#7957=FILL_AREA_STYLE_COLOUR('',#8016);
#7958=FILL_AREA_STYLE_COLOUR('',#8016);
#7959=FILL_AREA_STYLE_COLOUR('',#8016);
#7960=FILL_AREA_STYLE_COLOUR('',#8016);
#7961=FILL_AREA_STYLE_COLOUR('',#8016);
#7962=FILL_AREA_STYLE_COLOUR('',#8016);
#7963=FILL_AREA_STYLE_COLOUR('',#8016);
#7964=FILL_AREA_STYLE_COLOUR('',#8016);
#7965=FILL_AREA_STYLE_COLOUR('',#8016);
#7966=FILL_AREA_STYLE_COLOUR('',#8016);
#7967=FILL_AREA_STYLE_COLOUR('',#8016);
#7968=FILL_AREA_STYLE_COLOUR('',#8017);
#7969=FILL_AREA_STYLE_COLOUR('',#8017);
#7970=FILL_AREA_STYLE_COLOUR('',#8017);
#7971=FILL_AREA_STYLE_COLOUR('',#8017);
#7972=FILL_AREA_STYLE_COLOUR('',#8017);
#7973=FILL_AREA_STYLE_COLOUR('',#8017);
#7974=FILL_AREA_STYLE_COLOUR('',#8017);
#7975=FILL_AREA_STYLE_COLOUR('',#8017);
#7976=FILL_AREA_STYLE_COLOUR('',#8017);
#7977=FILL_AREA_STYLE_COLOUR('',#8017);
#7978=FILL_AREA_STYLE_COLOUR('',#8017);
#7979=FILL_AREA_STYLE_COLOUR('',#8017);
#7980=FILL_AREA_STYLE_COLOUR('',#8017);
#7981=FILL_AREA_STYLE_COLOUR('',#8016);
#7982=FILL_AREA_STYLE_COLOUR('',#8016);
#7983=FILL_AREA_STYLE_COLOUR('',#8016);
#7984=FILL_AREA_STYLE_COLOUR('',#8016);
#7985=FILL_AREA_STYLE_COLOUR('',#8016);
#7986=FILL_AREA_STYLE_COLOUR('',#8016);
#7987=FILL_AREA_STYLE_COLOUR('',#8016);
#7988=FILL_AREA_STYLE_COLOUR('',#8016);
#7989=FILL_AREA_STYLE_COLOUR('',#8016);
#7990=FILL_AREA_STYLE_COLOUR('',#8016);
#7991=FILL_AREA_STYLE_COLOUR('',#8016);
#7992=FILL_AREA_STYLE_COLOUR('',#8016);
#7993=FILL_AREA_STYLE_COLOUR('',#8016);
#7994=FILL_AREA_STYLE_COLOUR('',#8016);
#7995=FILL_AREA_STYLE_COLOUR('',#8016);
#7996=FILL_AREA_STYLE_COLOUR('',#8016);
#7997=FILL_AREA_STYLE_COLOUR('',#8016);
#7998=FILL_AREA_STYLE_COLOUR('',#8016);
#7999=FILL_AREA_STYLE_COLOUR('',#8016);
#8000=FILL_AREA_STYLE_COLOUR('',#8017);
#8001=FILL_AREA_STYLE_COLOUR('',#8017);
#8002=FILL_AREA_STYLE_COLOUR('',#8017);
#8003=FILL_AREA_STYLE_COLOUR('',#8017);
#8004=FILL_AREA_STYLE_COLOUR('',#8017);
#8005=FILL_AREA_STYLE_COLOUR('',#8017);
#8006=FILL_AREA_STYLE_COLOUR('',#8017);
#8007=FILL_AREA_STYLE_COLOUR('',#8017);
#8008=FILL_AREA_STYLE_COLOUR('',#8017);
#8009=FILL_AREA_STYLE_COLOUR('',#8017);
#8010=FILL_AREA_STYLE_COLOUR('',#8017);
#8011=FILL_AREA_STYLE_COLOUR('',#8017);
#8012=FILL_AREA_STYLE_COLOUR('',#8017);
#8013=FILL_AREA_STYLE_COLOUR('',#8017);
#8014=FILL_AREA_STYLE_COLOUR('',#8017);
#8015=COLOUR_RGB('',0.301960784313725,0.301960784313725,0.301960784313725);
#8016=COLOUR_RGB('',0.858823529411765,0.737254901960784,0.494117647058824);
#8017=COLOUR_RGB('',0.8,0.8,0.8);
#8018=MANIFOLD_SOLID_BREP('axf382700',#7221);
#8019=SHAPE_DEFINITION_REPRESENTATION(#12795,#8020);
#8020=SHAPE_REPRESENTATION('axf382700',(#8021),#12790);
#8021=AXIS2_PLACEMENT_3D('',#10469,#8569,#8570);
#8022=AXIS2_PLACEMENT_3D('',#10470,#8571,#8572);
#8023=AXIS2_PLACEMENT_3D('',#10483,#8579,#8580);
#8024=AXIS2_PLACEMENT_3D('',#10489,#8584,#8585);
#8025=AXIS2_PLACEMENT_3D('',#10499,#8591,#8592);
#8026=AXIS2_PLACEMENT_3D('',#10507,#8597,#8598);
#8027=AXIS2_PLACEMENT_3D('',#10515,#8603,#8604);
#8028=AXIS2_PLACEMENT_3D('',#10522,#8608,#8609);
#8029=AXIS2_PLACEMENT_3D('',#10525,#8611,#8612);
#8030=AXIS2_PLACEMENT_3D('',#10530,#8615,#8616);
#8031=AXIS2_PLACEMENT_3D('',#10535,#8619,#8620);
#8032=AXIS2_PLACEMENT_3D('',#10538,#8623,#8624);
#8033=AXIS2_PLACEMENT_3D('',#10545,#8629,#8630);
#8034=AXIS2_PLACEMENT_3D('',#10547,#8632,#8633);
#8035=AXIS2_PLACEMENT_3D('',#10549,#8635,#8636);
#8036=AXIS2_PLACEMENT_3D('',#10550,#8637,#8638);
#8037=AXIS2_PLACEMENT_3D('',#10551,#8639,#8640);
#8038=AXIS2_PLACEMENT_3D('',#10560,#8645,#8646);
#8039=AXIS2_PLACEMENT_3D('',#10566,#8650,#8651);
#8040=AXIS2_PLACEMENT_3D('',#10572,#8655,#8656);
#8041=AXIS2_PLACEMENT_3D('',#10575,#8659,#8660);
#8042=AXIS2_PLACEMENT_3D('',#10576,#8661,#8662);
#8043=AXIS2_PLACEMENT_3D('',#10585,#8667,#8668);
#8044=AXIS2_PLACEMENT_3D('',#10586,#8669,#8670);
#8045=AXIS2_PLACEMENT_3D('',#10591,#8672,#8673);
#8046=AXIS2_PLACEMENT_3D('',#10594,#8675,#8676);
#8047=AXIS2_PLACEMENT_3D('',#10601,#8681,#8682);
#8048=AXIS2_PLACEMENT_3D('',#10608,#8687,#8688);
#8049=AXIS2_PLACEMENT_3D('',#10610,#8690,#8691);
#8050=AXIS2_PLACEMENT_3D('',#10611,#8692,#8693);
#8051=AXIS2_PLACEMENT_3D('',#10613,#8695,#8696);
#8052=AXIS2_PLACEMENT_3D('',#10614,#8697,#8698);
#8053=AXIS2_PLACEMENT_3D('',#10619,#8700,#8701);
#8054=AXIS2_PLACEMENT_3D('',#10623,#8703,#8704);
#8055=AXIS2_PLACEMENT_3D('',#10631,#8708,#8709);
#8056=AXIS2_PLACEMENT_3D('',#10636,#8712,#8713);
#8057=AXIS2_PLACEMENT_3D('',#10637,#8714,#8715);
#8058=AXIS2_PLACEMENT_3D('',#10647,#8717,#8718);
#8059=AXIS2_PLACEMENT_3D('',#10653,#8719,#8720);
#8060=AXIS2_PLACEMENT_3D('',#10657,#8722,#8723);
#8061=AXIS2_PLACEMENT_3D('',#10661,#8725,#8726);
#8062=AXIS2_PLACEMENT_3D('',#10662,#8727,#8728);
#8063=AXIS2_PLACEMENT_3D('',#10671,#8733,#8734);
#8064=AXIS2_PLACEMENT_3D('',#10675,#8736,#8737);
#8065=AXIS2_PLACEMENT_3D('',#10679,#8739,#8740);
#8066=AXIS2_PLACEMENT_3D('',#10680,#8741,#8742);
#8067=AXIS2_PLACEMENT_3D('',#10683,#8744,#8745);
#8068=AXIS2_PLACEMENT_3D('',#10687,#8747,#8748);
#8069=AXIS2_PLACEMENT_3D('',#10690,#8750,#8751);
#8070=AXIS2_PLACEMENT_3D('',#10691,#8752,#8753);
#8071=AXIS2_PLACEMENT_3D('',#10695,#8755,#8756);
#8072=AXIS2_PLACEMENT_3D('',#10699,#8758,#8759);
#8073=AXIS2_PLACEMENT_3D('',#10700,#8760,#8761);
#8074=AXIS2_PLACEMENT_3D('',#10701,#8762,#8763);
#8075=AXIS2_PLACEMENT_3D('',#10707,#8767,#8768);
#8076=AXIS2_PLACEMENT_3D('',#10715,#8773,#8774);
#8077=AXIS2_PLACEMENT_3D('',#10716,#8775,#8776);
#8078=AXIS2_PLACEMENT_3D('',#10723,#8781,#8782);
#8079=AXIS2_PLACEMENT_3D('',#10725,#8784,#8785);
#8080=AXIS2_PLACEMENT_3D('',#10726,#8786,#8787);
#8081=AXIS2_PLACEMENT_3D('',#10727,#8788,#8789);
#8082=AXIS2_PLACEMENT_3D('',#10736,#8791,#8792);
#8083=AXIS2_PLACEMENT_3D('',#10744,#8797,#8798);
#8084=AXIS2_PLACEMENT_3D('',#10748,#8800,#8801);
#8085=AXIS2_PLACEMENT_3D('',#10749,#8802,#8803);
#8086=AXIS2_PLACEMENT_3D('',#10750,#8804,#8805);
#8087=AXIS2_PLACEMENT_3D('',#10758,#8810,#8811);
#8088=AXIS2_PLACEMENT_3D('',#10767,#8816,#8817);
#8089=AXIS2_PLACEMENT_3D('',#10768,#8818,#8819);
#8090=AXIS2_PLACEMENT_3D('',#10771,#8820,#8821);
#8091=AXIS2_PLACEMENT_3D('',#10773,#8822,#8823);
#8092=AXIS2_PLACEMENT_3D('',#10774,#8824,#8825);
#8093=AXIS2_PLACEMENT_3D('',#10775,#8826,#8827);
#8094=AXIS2_PLACEMENT_3D('',#10780,#8830,#8831);
#8095=AXIS2_PLACEMENT_3D('',#10787,#8835,#8836);
#8096=AXIS2_PLACEMENT_3D('',#10788,#8837,#8838);
#8097=AXIS2_PLACEMENT_3D('',#10789,#8839,#8840);
#8098=AXIS2_PLACEMENT_3D('',#10792,#8841,#8842);
#8099=AXIS2_PLACEMENT_3D('',#10793,#8843,#8844);
#8100=AXIS2_PLACEMENT_3D('',#10810,#8845,#8846);
#8101=AXIS2_PLACEMENT_3D('',#10840,#8847,#8848);
#8102=AXIS2_PLACEMENT_3D('',#10843,#8849,#8850);
#8103=AXIS2_PLACEMENT_3D('',#10844,#8851,#8852);
#8104=AXIS2_PLACEMENT_3D('',#10866,#8853,#8854);
#8105=AXIS2_PLACEMENT_3D('',#10875,#8859,#8860);
#8106=AXIS2_PLACEMENT_3D('',#10876,#8861,#8862);
#8107=AXIS2_PLACEMENT_3D('',#10881,#8864,#8865);
#8108=AXIS2_PLACEMENT_3D('',#10884,#8867,#8868);
#8109=AXIS2_PLACEMENT_3D('',#10885,#8869,#8870);
#8110=AXIS2_PLACEMENT_3D('',#10888,#8871,#8872);
#8111=AXIS2_PLACEMENT_3D('',#10889,#8873,#8874);
#8112=AXIS2_PLACEMENT_3D('',#10890,#8875,#8876);
#8113=AXIS2_PLACEMENT_3D('',#10893,#8879,#8880);
#8114=AXIS2_PLACEMENT_3D('',#10902,#8885,#8886);
#8115=AXIS2_PLACEMENT_3D('',#10906,#8888,#8889);
#8116=AXIS2_PLACEMENT_3D('',#10907,#8890,#8891);
#8117=AXIS2_PLACEMENT_3D('',#10908,#8892,#8893);
#8118=AXIS2_PLACEMENT_3D('',#10917,#8898,#8899);
#8119=AXIS2_PLACEMENT_3D('',#10928,#8905,#8906);
#8120=AXIS2_PLACEMENT_3D('',#10929,#8907,#8908);
#8121=AXIS2_PLACEMENT_3D('',#10935,#8912,#8913);
#8122=AXIS2_PLACEMENT_3D('',#10943,#8918,#8919);
#8123=AXIS2_PLACEMENT_3D('',#10948,#8922,#8923);
#8124=AXIS2_PLACEMENT_3D('',#10949,#8924,#8925);
#8125=AXIS2_PLACEMENT_3D('',#10956,#8930,#8931);
#8126=AXIS2_PLACEMENT_3D('',#10960,#8934,#8935);
#8127=AXIS2_PLACEMENT_3D('',#10961,#8936,#8937);
#8128=AXIS2_PLACEMENT_3D('',#10965,#8940,#8941);
#8129=AXIS2_PLACEMENT_3D('',#10969,#8944,#8945);
#8130=AXIS2_PLACEMENT_3D('',#10975,#8949,#8950);
#8131=AXIS2_PLACEMENT_3D('',#10978,#8952,#8953);
#8132=AXIS2_PLACEMENT_3D('',#10983,#8956,#8957);
#8133=AXIS2_PLACEMENT_3D('',#10986,#8960,#8961);
#8134=AXIS2_PLACEMENT_3D('',#10987,#8962,#8963);
#8135=AXIS2_PLACEMENT_3D('',#10990,#8966,#8967);
#8136=AXIS2_PLACEMENT_3D('',#10992,#8969,#8970);
#8137=AXIS2_PLACEMENT_3D('',#10995,#8972,#8973);
#8138=AXIS2_PLACEMENT_3D('',#10998,#8975,#8976);
#8139=AXIS2_PLACEMENT_3D('',#11001,#8979,#8980);
#8140=AXIS2_PLACEMENT_3D('',#11004,#8983,#8984);
#8141=AXIS2_PLACEMENT_3D('',#11006,#8986,#8987);
#8142=AXIS2_PLACEMENT_3D('',#11008,#8989,#8990);
#8143=AXIS2_PLACEMENT_3D('',#11011,#8993,#8994);
#8144=AXIS2_PLACEMENT_3D('',#11024,#9001,#9002);
#8145=AXIS2_PLACEMENT_3D('',#11030,#9006,#9007);
#8146=AXIS2_PLACEMENT_3D('',#11040,#9013,#9014);
#8147=AXIS2_PLACEMENT_3D('',#11048,#9019,#9020);
#8148=AXIS2_PLACEMENT_3D('',#11056,#9025,#9026);
#8149=AXIS2_PLACEMENT_3D('',#11061,#9029,#9030);
#8150=AXIS2_PLACEMENT_3D('',#11066,#9033,#9034);
#8151=AXIS2_PLACEMENT_3D('',#11073,#9038,#9039);
#8152=AXIS2_PLACEMENT_3D('',#11076,#9041,#9042);
#8153=AXIS2_PLACEMENT_3D('',#11079,#9045,#9046);
#8154=AXIS2_PLACEMENT_3D('',#11086,#9051,#9052);
#8155=AXIS2_PLACEMENT_3D('',#11088,#9054,#9055);
#8156=AXIS2_PLACEMENT_3D('',#11090,#9057,#9058);
#8157=AXIS2_PLACEMENT_3D('',#11091,#9059,#9060);
#8158=AXIS2_PLACEMENT_3D('',#11092,#9061,#9062);
#8159=AXIS2_PLACEMENT_3D('',#11101,#9067,#9068);
#8160=AXIS2_PLACEMENT_3D('',#11107,#9072,#9073);
#8161=AXIS2_PLACEMENT_3D('',#11113,#9077,#9078);
#8162=AXIS2_PLACEMENT_3D('',#11116,#9081,#9082);
#8163=AXIS2_PLACEMENT_3D('',#11117,#9083,#9084);
#8164=AXIS2_PLACEMENT_3D('',#11126,#9089,#9090);
#8165=AXIS2_PLACEMENT_3D('',#11127,#9091,#9092);
#8166=AXIS2_PLACEMENT_3D('',#11132,#9094,#9095);
#8167=AXIS2_PLACEMENT_3D('',#11135,#9097,#9098);
#8168=AXIS2_PLACEMENT_3D('',#11142,#9103,#9104);
#8169=AXIS2_PLACEMENT_3D('',#11149,#9109,#9110);
#8170=AXIS2_PLACEMENT_3D('',#11151,#9112,#9113);
#8171=AXIS2_PLACEMENT_3D('',#11152,#9114,#9115);
#8172=AXIS2_PLACEMENT_3D('',#11154,#9117,#9118);
#8173=AXIS2_PLACEMENT_3D('',#11155,#9119,#9120);
#8174=AXIS2_PLACEMENT_3D('',#11162,#9123,#9124);
#8175=AXIS2_PLACEMENT_3D('',#11170,#9128,#9129);
#8176=AXIS2_PLACEMENT_3D('',#11174,#9131,#9132);
#8177=AXIS2_PLACEMENT_3D('',#11177,#9134,#9135);
#8178=AXIS2_PLACEMENT_3D('',#11178,#9136,#9137);
#8179=AXIS2_PLACEMENT_3D('',#11186,#9138,#9139);
#8180=AXIS2_PLACEMENT_3D('',#11194,#9141,#9142);
#8181=AXIS2_PLACEMENT_3D('',#11198,#9144,#9145);
#8182=AXIS2_PLACEMENT_3D('',#11202,#9147,#9148);
#8183=AXIS2_PLACEMENT_3D('',#11203,#9149,#9150);
#8184=AXIS2_PLACEMENT_3D('',#11212,#9155,#9156);
#8185=AXIS2_PLACEMENT_3D('',#11216,#9158,#9159);
#8186=AXIS2_PLACEMENT_3D('',#11220,#9161,#9162);
#8187=AXIS2_PLACEMENT_3D('',#11221,#9163,#9164);
#8188=AXIS2_PLACEMENT_3D('',#11224,#9166,#9167);
#8189=AXIS2_PLACEMENT_3D('',#11228,#9169,#9170);
#8190=AXIS2_PLACEMENT_3D('',#11231,#9172,#9173);
#8191=AXIS2_PLACEMENT_3D('',#11232,#9174,#9175);
#8192=AXIS2_PLACEMENT_3D('',#11235,#9176,#9177);
#8193=AXIS2_PLACEMENT_3D('',#11239,#9179,#9180);
#8194=AXIS2_PLACEMENT_3D('',#11241,#9182,#9183);
#8195=AXIS2_PLACEMENT_3D('',#11242,#9184,#9185);
#8196=AXIS2_PLACEMENT_3D('',#11248,#9189,#9190);
#8197=AXIS2_PLACEMENT_3D('',#11254,#9194,#9195);
#8198=AXIS2_PLACEMENT_3D('',#11257,#9197,#9198);
#8199=AXIS2_PLACEMENT_3D('',#11263,#9202,#9203);
#8200=AXIS2_PLACEMENT_3D('',#11270,#9208,#9209);
#8201=AXIS2_PLACEMENT_3D('',#11272,#9211,#9212);
#8202=AXIS2_PLACEMENT_3D('',#11273,#9213,#9214);
#8203=AXIS2_PLACEMENT_3D('',#11274,#9215,#9216);
#8204=AXIS2_PLACEMENT_3D('',#11283,#9218,#9219);
#8205=AXIS2_PLACEMENT_3D('',#11291,#9224,#9225);
#8206=AXIS2_PLACEMENT_3D('',#11295,#9227,#9228);
#8207=AXIS2_PLACEMENT_3D('',#11296,#9229,#9230);
#8208=AXIS2_PLACEMENT_3D('',#11297,#9231,#9232);
#8209=AXIS2_PLACEMENT_3D('',#11305,#9237,#9238);
#8210=AXIS2_PLACEMENT_3D('',#11314,#9243,#9244);
#8211=AXIS2_PLACEMENT_3D('',#11315,#9245,#9246);
#8212=AXIS2_PLACEMENT_3D('',#11318,#9247,#9248);
#8213=AXIS2_PLACEMENT_3D('',#11320,#9249,#9250);
#8214=AXIS2_PLACEMENT_3D('',#11321,#9251,#9252);
#8215=AXIS2_PLACEMENT_3D('',#11322,#9253,#9254);
#8216=AXIS2_PLACEMENT_3D('',#11327,#9257,#9258);
#8217=AXIS2_PLACEMENT_3D('',#11331,#9260,#9261);
#8218=AXIS2_PLACEMENT_3D('',#11335,#9264,#9265);
#8219=AXIS2_PLACEMENT_3D('',#11336,#9266,#9267);
#8220=AXIS2_PLACEMENT_3D('',#11339,#9268,#9269);
#8221=AXIS2_PLACEMENT_3D('',#11340,#9270,#9271);
#8222=AXIS2_PLACEMENT_3D('',#11374,#9272,#9273);
#8223=AXIS2_PLACEMENT_3D('',#11410,#9274,#9275);
#8224=AXIS2_PLACEMENT_3D('',#11413,#9278,#9279);
#8225=AXIS2_PLACEMENT_3D('',#11422,#9284,#9285);
#8226=AXIS2_PLACEMENT_3D('',#11423,#9286,#9287);
#8227=AXIS2_PLACEMENT_3D('',#11428,#9289,#9290);
#8228=AXIS2_PLACEMENT_3D('',#11431,#9292,#9293);
#8229=AXIS2_PLACEMENT_3D('',#11432,#9294,#9295);
#8230=AXIS2_PLACEMENT_3D('',#11435,#9296,#9297);
#8231=AXIS2_PLACEMENT_3D('',#11436,#9298,#9299);
#8232=AXIS2_PLACEMENT_3D('',#11437,#9300,#9301);
#8233=AXIS2_PLACEMENT_3D('',#11440,#9304,#9305);
#8234=AXIS2_PLACEMENT_3D('',#11449,#9310,#9311);
#8235=AXIS2_PLACEMENT_3D('',#11453,#9313,#9314);
#8236=AXIS2_PLACEMENT_3D('',#11454,#9315,#9316);
#8237=AXIS2_PLACEMENT_3D('',#11455,#9317,#9318);
#8238=AXIS2_PLACEMENT_3D('',#11458,#9321,#9322);
#8239=AXIS2_PLACEMENT_3D('',#11467,#9327,#9328);
#8240=AXIS2_PLACEMENT_3D('',#11470,#9330,#9331);
#8241=AXIS2_PLACEMENT_3D('',#11479,#9336,#9337);
#8242=AXIS2_PLACEMENT_3D('',#11485,#9341,#9342);
#8243=AXIS2_PLACEMENT_3D('',#11488,#9345,#9346);
#8244=AXIS2_PLACEMENT_3D('',#11490,#9348,#9349);
#8245=AXIS2_PLACEMENT_3D('',#11491,#9350,#9351);
#8246=AXIS2_PLACEMENT_3D('',#11499,#9356,#9357);
#8247=AXIS2_PLACEMENT_3D('',#11502,#9359,#9360);
#8248=AXIS2_PLACEMENT_3D('',#11505,#9362,#9363);
#8249=AXIS2_PLACEMENT_3D('',#11512,#9368,#9369);
#8250=AXIS2_PLACEMENT_3D('',#11516,#9373,#9374);
#8251=AXIS2_PLACEMENT_3D('',#11519,#9376,#9377);
#8252=AXIS2_PLACEMENT_3D('',#11521,#9379,#9380);
#8253=AXIS2_PLACEMENT_3D('',#11525,#9383,#9384);
#8254=AXIS2_PLACEMENT_3D('',#11529,#9387,#9388);
#8255=AXIS2_PLACEMENT_3D('',#11533,#9391,#9392);
#8256=AXIS2_PLACEMENT_3D('',#11539,#9396,#9397);
#8257=AXIS2_PLACEMENT_3D('',#11541,#9399,#9400);
#8258=AXIS2_PLACEMENT_3D('',#11542,#9401,#9402);
#8259=AXIS2_PLACEMENT_3D('',#11543,#9403,#9404);
#8260=AXIS2_PLACEMENT_3D('',#11545,#9406,#9407);
#8261=AXIS2_PLACEMENT_3D('',#11546,#9408,#9409);
#8262=AXIS2_PLACEMENT_3D('',#11549,#9412,#9413);
#8263=AXIS2_PLACEMENT_3D('',#11551,#9415,#9416);
#8264=AXIS2_PLACEMENT_3D('',#11553,#9418,#9419);
#8265=AXIS2_PLACEMENT_3D('',#11556,#9421,#9422);
#8266=AXIS2_PLACEMENT_3D('',#11559,#9424,#9425);
#8267=AXIS2_PLACEMENT_3D('',#11562,#9428,#9429);
#8268=AXIS2_PLACEMENT_3D('',#11564,#9431,#9432);
#8269=AXIS2_PLACEMENT_3D('',#11565,#9433,#9434);
#8270=AXIS2_PLACEMENT_3D('',#11568,#9437,#9438);
#8271=AXIS2_PLACEMENT_3D('',#11570,#9440,#9441);
#8272=AXIS2_PLACEMENT_3D('',#11572,#9443,#9444);
#8273=AXIS2_PLACEMENT_3D('',#11575,#9447,#9448);
#8274=AXIS2_PLACEMENT_3D('',#11588,#9455,#9456);
#8275=AXIS2_PLACEMENT_3D('',#11594,#9460,#9461);
#8276=AXIS2_PLACEMENT_3D('',#11604,#9467,#9468);
#8277=AXIS2_PLACEMENT_3D('',#11612,#9473,#9474);
#8278=AXIS2_PLACEMENT_3D('',#11620,#9479,#9480);
#8279=AXIS2_PLACEMENT_3D('',#11625,#9483,#9484);
#8280=AXIS2_PLACEMENT_3D('',#11630,#9487,#9488);
#8281=AXIS2_PLACEMENT_3D('',#11637,#9492,#9493);
#8282=AXIS2_PLACEMENT_3D('',#11640,#9495,#9496);
#8283=AXIS2_PLACEMENT_3D('',#11643,#9499,#9500);
#8284=AXIS2_PLACEMENT_3D('',#11650,#9505,#9506);
#8285=AXIS2_PLACEMENT_3D('',#11652,#9508,#9509);
#8286=AXIS2_PLACEMENT_3D('',#11654,#9511,#9512);
#8287=AXIS2_PLACEMENT_3D('',#11655,#9513,#9514);
#8288=AXIS2_PLACEMENT_3D('',#11656,#9515,#9516);
#8289=AXIS2_PLACEMENT_3D('',#11665,#9521,#9522);
#8290=AXIS2_PLACEMENT_3D('',#11671,#9526,#9527);
#8291=AXIS2_PLACEMENT_3D('',#11677,#9531,#9532);
#8292=AXIS2_PLACEMENT_3D('',#11680,#9535,#9536);
#8293=AXIS2_PLACEMENT_3D('',#11681,#9537,#9538);
#8294=AXIS2_PLACEMENT_3D('',#11690,#9543,#9544);
#8295=AXIS2_PLACEMENT_3D('',#11691,#9545,#9546);
#8296=AXIS2_PLACEMENT_3D('',#11696,#9548,#9549);
#8297=AXIS2_PLACEMENT_3D('',#11699,#9551,#9552);
#8298=AXIS2_PLACEMENT_3D('',#11706,#9557,#9558);
#8299=AXIS2_PLACEMENT_3D('',#11713,#9563,#9564);
#8300=AXIS2_PLACEMENT_3D('',#11715,#9566,#9567);
#8301=AXIS2_PLACEMENT_3D('',#11716,#9568,#9569);
#8302=AXIS2_PLACEMENT_3D('',#11718,#9571,#9572);
#8303=AXIS2_PLACEMENT_3D('',#11719,#9573,#9574);
#8304=AXIS2_PLACEMENT_3D('',#11726,#9577,#9578);
#8305=AXIS2_PLACEMENT_3D('',#11734,#9582,#9583);
#8306=AXIS2_PLACEMENT_3D('',#11738,#9585,#9586);
#8307=AXIS2_PLACEMENT_3D('',#11741,#9588,#9589);
#8308=AXIS2_PLACEMENT_3D('',#11744,#9592,#9593);
#8309=AXIS2_PLACEMENT_3D('',#11747,#9596,#9597);
#8310=AXIS2_PLACEMENT_3D('',#11750,#9600,#9601);
#8311=AXIS2_PLACEMENT_3D('',#11752,#9603,#9604);
#8312=AXIS2_PLACEMENT_3D('',#11753,#9605,#9606);
#8313=AXIS2_PLACEMENT_3D('',#11754,#9607,#9608);
#8314=AXIS2_PLACEMENT_3D('',#11758,#9610,#9611);
#8315=AXIS2_PLACEMENT_3D('',#11765,#9612,#9613);
#8316=AXIS2_PLACEMENT_3D('',#11771,#9614,#9615);
#8317=AXIS2_PLACEMENT_3D('',#11774,#9618,#9619);
#8318=AXIS2_PLACEMENT_3D('',#11778,#9621,#9622);
#8319=AXIS2_PLACEMENT_3D('',#11782,#9624,#9625);
#8320=AXIS2_PLACEMENT_3D('',#11783,#9626,#9627);
#8321=AXIS2_PLACEMENT_3D('',#11792,#9632,#9633);
#8322=AXIS2_PLACEMENT_3D('',#11796,#9635,#9636);
#8323=AXIS2_PLACEMENT_3D('',#11800,#9638,#9639);
#8324=AXIS2_PLACEMENT_3D('',#11801,#9640,#9641);
#8325=AXIS2_PLACEMENT_3D('',#11804,#9643,#9644);
#8326=AXIS2_PLACEMENT_3D('',#11808,#9646,#9647);
#8327=AXIS2_PLACEMENT_3D('',#11811,#9649,#9650);
#8328=AXIS2_PLACEMENT_3D('',#11812,#9651,#9652);
#8329=AXIS2_PLACEMENT_3D('',#11815,#9653,#9654);
#8330=AXIS2_PLACEMENT_3D('',#11819,#9656,#9657);
#8331=AXIS2_PLACEMENT_3D('',#11821,#9659,#9660);
#8332=AXIS2_PLACEMENT_3D('',#11822,#9661,#9662);
#8333=AXIS2_PLACEMENT_3D('',#11828,#9666,#9667);
#8334=AXIS2_PLACEMENT_3D('',#11831,#9669,#9670);
#8335=AXIS2_PLACEMENT_3D('',#11837,#9674,#9675);
#8336=AXIS2_PLACEMENT_3D('',#11844,#9680,#9681);
#8337=AXIS2_PLACEMENT_3D('',#11846,#9683,#9684);
#8338=AXIS2_PLACEMENT_3D('',#11847,#9685,#9686);
#8339=AXIS2_PLACEMENT_3D('',#11848,#9687,#9688);
#8340=AXIS2_PLACEMENT_3D('',#11857,#9690,#9691);
#8341=AXIS2_PLACEMENT_3D('',#11865,#9696,#9697);
#8342=AXIS2_PLACEMENT_3D('',#11869,#9699,#9700);
#8343=AXIS2_PLACEMENT_3D('',#11870,#9701,#9702);
#8344=AXIS2_PLACEMENT_3D('',#11871,#9703,#9704);
#8345=AXIS2_PLACEMENT_3D('',#11879,#9709,#9710);
#8346=AXIS2_PLACEMENT_3D('',#11888,#9715,#9716);
#8347=AXIS2_PLACEMENT_3D('',#11889,#9717,#9718);
#8348=AXIS2_PLACEMENT_3D('',#11892,#9719,#9720);
#8349=AXIS2_PLACEMENT_3D('',#11894,#9721,#9722);
#8350=AXIS2_PLACEMENT_3D('',#11895,#9723,#9724);
#8351=AXIS2_PLACEMENT_3D('',#11896,#9725,#9726);
#8352=AXIS2_PLACEMENT_3D('',#11901,#9729,#9730);
#8353=AXIS2_PLACEMENT_3D('',#11905,#9732,#9733);
#8354=AXIS2_PLACEMENT_3D('',#11909,#9736,#9737);
#8355=AXIS2_PLACEMENT_3D('',#11910,#9738,#9739);
#8356=AXIS2_PLACEMENT_3D('',#11913,#9740,#9741);
#8357=AXIS2_PLACEMENT_3D('',#11914,#9742,#9743);
#8358=AXIS2_PLACEMENT_3D('',#11948,#9744,#9745);
#8359=AXIS2_PLACEMENT_3D('',#11984,#9746,#9747);
#8360=AXIS2_PLACEMENT_3D('',#11993,#9752,#9753);
#8361=AXIS2_PLACEMENT_3D('',#11994,#9754,#9755);
#8362=AXIS2_PLACEMENT_3D('',#11999,#9757,#9758);
#8363=AXIS2_PLACEMENT_3D('',#12002,#9760,#9761);
#8364=AXIS2_PLACEMENT_3D('',#12003,#9762,#9763);
#8365=AXIS2_PLACEMENT_3D('',#12006,#9764,#9765);
#8366=AXIS2_PLACEMENT_3D('',#12007,#9766,#9767);
#8367=AXIS2_PLACEMENT_3D('',#12008,#9768,#9769);
#8368=AXIS2_PLACEMENT_3D('',#12011,#9772,#9773);
#8369=AXIS2_PLACEMENT_3D('',#12020,#9778,#9779);
#8370=AXIS2_PLACEMENT_3D('',#12024,#9781,#9782);
#8371=AXIS2_PLACEMENT_3D('',#12025,#9783,#9784);
#8372=AXIS2_PLACEMENT_3D('',#12026,#9785,#9786);
#8373=AXIS2_PLACEMENT_3D('',#12035,#9791,#9792);
#8374=AXIS2_PLACEMENT_3D('',#12038,#9794,#9795);
#8375=AXIS2_PLACEMENT_3D('',#12047,#9800,#9801);
#8376=AXIS2_PLACEMENT_3D('',#12053,#9805,#9806);
#8377=AXIS2_PLACEMENT_3D('',#12061,#9811,#9812);
#8378=AXIS2_PLACEMENT_3D('',#12064,#9814,#9815);
#8379=AXIS2_PLACEMENT_3D('',#12067,#9817,#9818);
#8380=AXIS2_PLACEMENT_3D('',#12074,#9823,#9824);
#8381=AXIS2_PLACEMENT_3D('',#12077,#9826,#9827);
#8382=AXIS2_PLACEMENT_3D('',#12079,#9829,#9830);
#8383=AXIS2_PLACEMENT_3D('',#12083,#9833,#9834);
#8384=AXIS2_PLACEMENT_3D('',#12087,#9837,#9838);
#8385=AXIS2_PLACEMENT_3D('',#12093,#9842,#9843);
#8386=AXIS2_PLACEMENT_3D('',#12100,#9847,#9848);
#8387=AXIS2_PLACEMENT_3D('',#12101,#9849,#9850);
#8388=AXIS2_PLACEMENT_3D('',#12104,#9853,#9854);
#8389=AXIS2_PLACEMENT_3D('',#12105,#9855,#9856);
#8390=AXIS2_PLACEMENT_3D('',#12108,#9859,#9860);
#8391=AXIS2_PLACEMENT_3D('',#12110,#9862,#9863);
#8392=AXIS2_PLACEMENT_3D('',#12113,#9865,#9866);
#8393=AXIS2_PLACEMENT_3D('',#12116,#9868,#9869);
#8394=AXIS2_PLACEMENT_3D('',#12119,#9872,#9873);
#8395=AXIS2_PLACEMENT_3D('',#12122,#9876,#9877);
#8396=AXIS2_PLACEMENT_3D('',#12124,#9879,#9880);
#8397=AXIS2_PLACEMENT_3D('',#12126,#9882,#9883);
#8398=AXIS2_PLACEMENT_3D('',#12129,#9886,#9887);
#8399=AXIS2_PLACEMENT_3D('',#12131,#9889,#9890);
#8400=AXIS2_PLACEMENT_3D('',#12134,#9893,#9894);
#8401=AXIS2_PLACEMENT_3D('',#12137,#9897,#9898);
#8402=AXIS2_PLACEMENT_3D('',#12138,#9899,#9900);
#8403=AXIS2_PLACEMENT_3D('',#12140,#9902,#9903);
#8404=AXIS2_PLACEMENT_3D('',#12147,#9906,#9907);
#8405=AXIS2_PLACEMENT_3D('',#12150,#9910,#9911);
#8406=AXIS2_PLACEMENT_3D('',#12153,#9914,#9915);
#8407=AXIS2_PLACEMENT_3D('',#12155,#9917,#9918);
#8408=AXIS2_PLACEMENT_3D('',#12157,#9920,#9921);
#8409=AXIS2_PLACEMENT_3D('',#12158,#9922,#9923);
#8410=AXIS2_PLACEMENT_3D('',#12164,#9929,#9930);
#8411=AXIS2_PLACEMENT_3D('',#12177,#9937,#9938);
#8412=AXIS2_PLACEMENT_3D('',#12183,#9942,#9943);
#8413=AXIS2_PLACEMENT_3D('',#12193,#9949,#9950);
#8414=AXIS2_PLACEMENT_3D('',#12201,#9955,#9956);
#8415=AXIS2_PLACEMENT_3D('',#12209,#9961,#9962);
#8416=AXIS2_PLACEMENT_3D('',#12216,#9966,#9967);
#8417=AXIS2_PLACEMENT_3D('',#12219,#9969,#9970);
#8418=AXIS2_PLACEMENT_3D('',#12224,#9973,#9974);
#8419=AXIS2_PLACEMENT_3D('',#12229,#9977,#9978);
#8420=AXIS2_PLACEMENT_3D('',#12232,#9981,#9982);
#8421=AXIS2_PLACEMENT_3D('',#12239,#9987,#9988);
#8422=AXIS2_PLACEMENT_3D('',#12241,#9990,#9991);
#8423=AXIS2_PLACEMENT_3D('',#12243,#9993,#9994);
#8424=AXIS2_PLACEMENT_3D('',#12244,#9995,#9996);
#8425=AXIS2_PLACEMENT_3D('',#12245,#9997,#9998);
#8426=AXIS2_PLACEMENT_3D('',#12254,#10003,#10004);
#8427=AXIS2_PLACEMENT_3D('',#12260,#10008,#10009);
#8428=AXIS2_PLACEMENT_3D('',#12266,#10013,#10014);
#8429=AXIS2_PLACEMENT_3D('',#12269,#10017,#10018);
#8430=AXIS2_PLACEMENT_3D('',#12270,#10019,#10020);
#8431=AXIS2_PLACEMENT_3D('',#12279,#10025,#10026);
#8432=AXIS2_PLACEMENT_3D('',#12280,#10027,#10028);
#8433=AXIS2_PLACEMENT_3D('',#12285,#10030,#10031);
#8434=AXIS2_PLACEMENT_3D('',#12288,#10033,#10034);
#8435=AXIS2_PLACEMENT_3D('',#12295,#10039,#10040);
#8436=AXIS2_PLACEMENT_3D('',#12302,#10045,#10046);
#8437=AXIS2_PLACEMENT_3D('',#12304,#10048,#10049);
#8438=AXIS2_PLACEMENT_3D('',#12305,#10050,#10051);
#8439=AXIS2_PLACEMENT_3D('',#12307,#10053,#10054);
#8440=AXIS2_PLACEMENT_3D('',#12308,#10055,#10056);
#8441=AXIS2_PLACEMENT_3D('',#12313,#10058,#10059);
#8442=AXIS2_PLACEMENT_3D('',#12317,#10061,#10062);
#8443=AXIS2_PLACEMENT_3D('',#12325,#10066,#10067);
#8444=AXIS2_PLACEMENT_3D('',#12330,#10070,#10071);
#8445=AXIS2_PLACEMENT_3D('',#12333,#10074,#10075);
#8446=AXIS2_PLACEMENT_3D('',#12336,#10078,#10079);
#8447=AXIS2_PLACEMENT_3D('',#12339,#10082,#10083);
#8448=AXIS2_PLACEMENT_3D('',#12341,#10085,#10086);
#8449=AXIS2_PLACEMENT_3D('',#12342,#10087,#10088);
#8450=AXIS2_PLACEMENT_3D('',#12343,#10089,#10090);
#8451=AXIS2_PLACEMENT_3D('',#12344,#10091,#10092);
#8452=AXIS2_PLACEMENT_3D('',#12354,#10094,#10095);
#8453=AXIS2_PLACEMENT_3D('',#12360,#10096,#10097);
#8454=AXIS2_PLACEMENT_3D('',#12363,#10100,#10101);
#8455=AXIS2_PLACEMENT_3D('',#12375,#10108,#10109);
#8456=AXIS2_PLACEMENT_3D('',#12379,#10112,#10113);
#8457=AXIS2_PLACEMENT_3D('',#12387,#10118,#10119);
#8458=AXIS2_PLACEMENT_3D('',#12393,#10123,#10124);
#8459=AXIS2_PLACEMENT_3D('',#12397,#10127,#10128);
#8460=AXIS2_PLACEMENT_3D('',#12403,#10131,#10132);
#8461=AXIS2_PLACEMENT_3D('',#12409,#10136,#10137);
#8462=AXIS2_PLACEMENT_3D('',#12423,#10144,#10145);
#8463=AXIS2_PLACEMENT_3D('',#12437,#10151,#10152);
#8464=AXIS2_PLACEMENT_3D('',#12440,#10154,#10155);
#8465=AXIS2_PLACEMENT_3D('',#12444,#10158,#10159);
#8466=AXIS2_PLACEMENT_3D('',#12447,#10161,#10162);
#8467=AXIS2_PLACEMENT_3D('',#12450,#10164,#10165);
#8468=AXIS2_PLACEMENT_3D('',#12456,#10166,#10167);
#8469=AXIS2_PLACEMENT_3D('',#12457,#10168,#10169);
#8470=AXIS2_PLACEMENT_3D('',#12462,#10170,#10171);
#8471=AXIS2_PLACEMENT_3D('',#12465,#10173,#10174);
#8472=AXIS2_PLACEMENT_3D('',#12466,#10175,#10176);
#8473=AXIS2_PLACEMENT_3D('',#12467,#10177,#10178);
#8474=AXIS2_PLACEMENT_3D('',#12468,#10179,#10180);
#8475=AXIS2_PLACEMENT_3D('',#12472,#10183,#10184);
#8476=AXIS2_PLACEMENT_3D('',#12476,#10187,#10188);
#8477=AXIS2_PLACEMENT_3D('',#12477,#10189,#10190);
#8478=AXIS2_PLACEMENT_3D('',#12478,#10191,#10192);
#8479=AXIS2_PLACEMENT_3D('',#12484,#10196,#10197);
#8480=AXIS2_PLACEMENT_3D('',#12488,#10199,#10200);
#8481=AXIS2_PLACEMENT_3D('',#12492,#10202,#10203);
#8482=AXIS2_PLACEMENT_3D('',#12493,#10204,#10205);
#8483=AXIS2_PLACEMENT_3D('',#12501,#10211,#10212);
#8484=AXIS2_PLACEMENT_3D('',#12507,#10216,#10217);
#8485=AXIS2_PLACEMENT_3D('',#12524,#10227,#10228);
#8486=AXIS2_PLACEMENT_3D('',#12531,#10232,#10233);
#8487=AXIS2_PLACEMENT_3D('',#12532,#10234,#10235);
#8488=AXIS2_PLACEMENT_3D('',#12535,#10237,#10238);
#8489=AXIS2_PLACEMENT_3D('',#12537,#10239,#10240);
#8490=AXIS2_PLACEMENT_3D('',#12538,#10241,#10242);
#8491=AXIS2_PLACEMENT_3D('',#12544,#10246,#10247);
#8492=AXIS2_PLACEMENT_3D('',#12556,#10254,#10255);
#8493=AXIS2_PLACEMENT_3D('',#12564,#10259,#10260);
#8494=AXIS2_PLACEMENT_3D('',#12567,#10262,#10263);
#8495=AXIS2_PLACEMENT_3D('',#12575,#10268,#10269);
#8496=AXIS2_PLACEMENT_3D('',#12581,#10273,#10274);
#8497=AXIS2_PLACEMENT_3D('',#12588,#10279,#10280);
#8498=AXIS2_PLACEMENT_3D('',#12589,#10281,#10282);
#8499=AXIS2_PLACEMENT_3D('',#12594,#10285,#10286);
#8500=AXIS2_PLACEMENT_3D('',#12595,#10287,#10288);
#8501=AXIS2_PLACEMENT_3D('',#12596,#10289,#10290);
#8502=AXIS2_PLACEMENT_3D('',#12597,#10291,#10292);
#8503=AXIS2_PLACEMENT_3D('',#12598,#10293,#10294);
#8504=AXIS2_PLACEMENT_3D('',#12600,#10296,#10297);
#8505=AXIS2_PLACEMENT_3D('',#12601,#10298,#10299);
#8506=AXIS2_PLACEMENT_3D('',#12602,#10300,#10301);
#8507=AXIS2_PLACEMENT_3D('',#12603,#10302,#10303);
#8508=AXIS2_PLACEMENT_3D('',#12604,#10304,#10305);
#8509=AXIS2_PLACEMENT_3D('',#12610,#10309,#10310);
#8510=AXIS2_PLACEMENT_3D('',#12615,#10314,#10315);
#8511=AXIS2_PLACEMENT_3D('',#12616,#10316,#10317);
#8512=AXIS2_PLACEMENT_3D('',#12617,#10318,#10319);
#8513=AXIS2_PLACEMENT_3D('',#12620,#10322,#10323);
#8514=AXIS2_PLACEMENT_3D('',#12627,#10327,#10328);
#8515=AXIS2_PLACEMENT_3D('',#12628,#10329,#10330);
#8516=AXIS2_PLACEMENT_3D('',#12634,#10334,#10335);
#8517=AXIS2_PLACEMENT_3D('',#12643,#10336,#10337);
#8518=AXIS2_PLACEMENT_3D('',#12649,#10338,#10339);
#8519=AXIS2_PLACEMENT_3D('',#12653,#10342,#10343);
#8520=AXIS2_PLACEMENT_3D('',#12656,#10346,#10347);
#8521=AXIS2_PLACEMENT_3D('',#12657,#10348,#10349);
#8522=AXIS2_PLACEMENT_3D('',#12659,#10351,#10352);
#8523=AXIS2_PLACEMENT_3D('',#12661,#10354,#10355);
#8524=AXIS2_PLACEMENT_3D('',#12662,#10356,#10357);
#8525=AXIS2_PLACEMENT_3D('',#12663,#10358,#10359);
#8526=AXIS2_PLACEMENT_3D('',#12665,#10360,#10361);
#8527=AXIS2_PLACEMENT_3D('',#12668,#10363,#10364);
#8528=AXIS2_PLACEMENT_3D('',#12669,#10365,#10366);
#8529=AXIS2_PLACEMENT_3D('',#12671,#10367,#10368);
#8530=AXIS2_PLACEMENT_3D('',#12672,#10369,#10370);
#8531=AXIS2_PLACEMENT_3D('',#12674,#10372,#10373);
#8532=AXIS2_PLACEMENT_3D('',#12675,#10374,#10375);
#8533=AXIS2_PLACEMENT_3D('',#12676,#10376,#10377);
#8534=AXIS2_PLACEMENT_3D('',#12689,#10378,#10379);
#8535=AXIS2_PLACEMENT_3D('',#12706,#10380,#10381);
#8536=AXIS2_PLACEMENT_3D('',#12723,#10382,#10383);
#8537=AXIS2_PLACEMENT_3D('',#12724,#10384,#10385);
#8538=AXIS2_PLACEMENT_3D('',#12725,#10386,#10387);
#8539=AXIS2_PLACEMENT_3D('',#12726,#10388,#10389);
#8540=AXIS2_PLACEMENT_3D('',#12727,#10390,#10391);
#8541=AXIS2_PLACEMENT_3D('',#12728,#10392,#10393);
#8542=AXIS2_PLACEMENT_3D('',#12729,#10394,#10395);
#8543=AXIS2_PLACEMENT_3D('',#12730,#10396,#10397);
#8544=AXIS2_PLACEMENT_3D('',#12731,#10398,#10399);
#8545=AXIS2_PLACEMENT_3D('',#12732,#10400,#10401);
#8546=AXIS2_PLACEMENT_3D('',#12734,#10403,#10404);
#8547=AXIS2_PLACEMENT_3D('',#12736,#10406,#10407);
#8548=AXIS2_PLACEMENT_3D('',#12738,#10409,#10410);
#8549=AXIS2_PLACEMENT_3D('',#12739,#10411,#10412);
#8550=AXIS2_PLACEMENT_3D('',#12748,#10417,#10418);
#8551=AXIS2_PLACEMENT_3D('',#12752,#10420,#10421);
#8552=AXIS2_PLACEMENT_3D('',#12757,#10424,#10425);
#8553=AXIS2_PLACEMENT_3D('',#12762,#10428,#10429);
#8554=AXIS2_PLACEMENT_3D('',#12767,#10433,#10434);
#8555=AXIS2_PLACEMENT_3D('',#12772,#10438,#10439);
#8556=AXIS2_PLACEMENT_3D('',#12773,#10440,#10441);
#8557=AXIS2_PLACEMENT_3D('',#12775,#10443,#10444);
#8558=AXIS2_PLACEMENT_3D('',#12776,#10445,#10446);
#8559=AXIS2_PLACEMENT_3D('',#12777,#10447,#10448);
#8560=AXIS2_PLACEMENT_3D('',#12778,#10449,#10450);
#8561=AXIS2_PLACEMENT_3D('',#12780,#10452,#10453);
#8562=AXIS2_PLACEMENT_3D('',#12781,#10454,#10455);
#8563=AXIS2_PLACEMENT_3D('',#12783,#10457,#10458);
#8564=AXIS2_PLACEMENT_3D('',#12784,#10459,#10460);
#8565=AXIS2_PLACEMENT_3D('',#12785,#10461,#10462);
#8566=AXIS2_PLACEMENT_3D('',#12786,#10463,#10464);
#8567=AXIS2_PLACEMENT_3D('',#12787,#10465,#10466);
#8568=AXIS2_PLACEMENT_3D('',#12788,#10467,#10468);
#8569=DIRECTION('',(0.,0.,1.));
#8570=DIRECTION('',(1.,0.,0.));
#8571=DIRECTION('',(0.707106781186548,-0.707106781186548,0.));
#8572=DIRECTION('',(0.707106781186548,0.707106781186548,-2.46885013108229E-15));
#8573=DIRECTION('',(3.49148133884307E-15,0.,-1.));
#8574=DIRECTION('',(-0.707106781186541,-0.707106781186555,2.41247904958658E-15));
#8575=DIRECTION('',(0.,-3.49148133884314E-15,-1.));
#8576=DIRECTION('',(-0.70710678118654,-0.707106781186555,2.46885013108229E-15));
#8577=DIRECTION('',(0.,-3.49148133884314E-15,-1.));
#8578=DIRECTION('',(0.707106781186541,0.707106781186555,-8.66561630048918E-17));
#8579=DIRECTION('',(0.,-1.,0.));
#8580=DIRECTION('',(-1.,0.,-3.65713258184695E-29));
#8581=DIRECTION('',(1.,1.04744440165294E-14,-1.28364647636227E-30));
#8582=DIRECTION('',(-1.,-1.04744440165294E-14,3.65713258184695E-29));
#8583=DIRECTION('',(0.,-3.49148133884314E-15,-1.));
#8584=DIRECTION('',(-0.707106781186548,-0.707106781186548,0.));
#8585=DIRECTION('',(0.707106781186548,-0.707106781186548,2.46885013108224E-15));
#8586=DIRECTION('',(3.49148133884322E-15,0.,1.));
#8587=DIRECTION('',(0.707106781186556,-0.70710678118654,8.66561630048899E-17));
#8588=DIRECTION('',(-0.707106781186556,0.70710678118654,-2.46885013108224E-15));
#8589=DIRECTION('',(0.,-3.49148133884314E-15,-1.));
#8590=DIRECTION('',(-0.707106781186556,0.70710678118654,-2.41247904958653E-15));
#8591=DIRECTION('',(0.,0.,1.));
#8592=DIRECTION('',(-1.04744440165294E-14,-1.,0.));
#8593=DIRECTION('',(1.,0.,-8.3503051163963E-31));
#8594=DIRECTION('',(-1.04744440165294E-14,1.,-3.41176059086626E-15));
#8595=DIRECTION('',(-1.,-1.04744440165294E-14,3.65713258184695E-29));
#8596=DIRECTION('',(1.0203393473408E-14,-1.,3.41176059086626E-15));
#8597=DIRECTION('',(0.,0.,1.));
#8598=DIRECTION('',(-1.04744440165294E-14,-1.,0.));
#8599=DIRECTION('',(1.,0.,-8.3503051163963E-31));
#8600=DIRECTION('',(-1.04744440165294E-14,1.,-3.41176059086626E-15));
#8601=DIRECTION('',(-1.,-1.04744440165294E-14,3.65713258184695E-29));
#8602=DIRECTION('',(-1.04744440165294E-14,1.,-3.41176059086626E-15));
#8603=DIRECTION('',(1.,0.,0.));
#8604=DIRECTION('',(0.,1.,-3.49148133884314E-15));
#8605=DIRECTION('',(-3.65713258184695E-29,0.,-1.));
#8606=DIRECTION('',(0.,3.49148133884314E-15,1.));
#8607=DIRECTION('',(-1.04744440165294E-14,1.,-2.40727916635763E-15));
#8608=DIRECTION('',(1.,1.04744440165294E-14,-3.65713258184695E-29));
#8609=DIRECTION('',(-1.0842021724855E-14,1.,-3.4849355544177E-15));
#8610=DIRECTION('',(-1.04744440165294E-14,1.,-1.2255032098473E-16));
#8611=DIRECTION('',(-1.,0.,0.));
#8612=DIRECTION('',(0.,1.,-3.49148133884314E-15));
#8613=DIRECTION('',(3.65713258184695E-29,0.,1.));
#8614=DIRECTION('',(1.04744440165294E-14,-1.,1.2255032098473E-16));
#8615=DIRECTION('',(1.,1.04744440165294E-14,-3.65713258184695E-29));
#8616=DIRECTION('',(-1.0842021724855E-14,1.,-3.4849355544177E-15));
#8617=DIRECTION('',(-1.04744440165294E-14,1.,-2.40727916635763E-15));
#8618=DIRECTION('',(0.,3.49148133884314E-15,1.));
#8619=DIRECTION('',(1.,0.,0.));
#8620=DIRECTION('',(0.,-1.,3.48493555441769E-15));
#8621=DIRECTION('',(1.,1.04744440165294E-14,-3.65713258184695E-29));
#8622=DIRECTION('',(-1.,-1.04744440165294E-14,3.65713258184695E-29));
#8623=DIRECTION('',(0.,0.,-1.));
#8624=DIRECTION('',(-1.,3.49148133884314E-15,0.));
#8625=DIRECTION('',(1.0203393473408E-14,-1.,3.49148133884314E-15));
#8626=DIRECTION('',(-1.,-1.04744440165294E-14,3.65713258184695E-29));
#8627=DIRECTION('',(-1.,-1.04744440165294E-14,3.65713258184695E-29));
#8628=DIRECTION('',(-1.04744440165294E-14,1.,-3.49148133884314E-15));
#8629=DIRECTION('',(0.,-1.,0.));
#8630=DIRECTION('',(-1.,0.,-3.65713258184695E-29));
#8631=DIRECTION('',(0.,-3.49148133884314E-15,-1.));
#8632=DIRECTION('',(0.,-1.,0.));
#8633=DIRECTION('',(-1.,0.,-3.65713258184695E-29));
#8634=DIRECTION('',(0.,-3.49148133884314E-15,-1.));
#8635=DIRECTION('',(-1.,0.,0.));
#8636=DIRECTION('',(0.,-1.,3.49148133884314E-15));
#8637=DIRECTION('',(1.,0.,0.));
#8638=DIRECTION('',(0.,1.,-3.49148133884314E-15));
#8639=DIRECTION('',(0.,0.707106781186548,0.707106781186548));
#8640=DIRECTION('',(2.46885013108227E-15,0.707106781186548,-0.707106781186548));
#8641=DIRECTION('',(1.,3.52912724760998E-15,-4.32495676990561E-31));
#8642=DIRECTION('',(0.577350269189624,0.577350269189626,-0.577350269189628));
#8643=DIRECTION('',(-1.,-3.49148133884314E-15,-3.76459087668456E-17));
#8644=DIRECTION('',(0.577350269189628,-0.577350269189622,0.577350269189628));
#8645=DIRECTION('',(-0.707106781186548,0.,0.707106781186548));
#8646=DIRECTION('',(-0.707106781186548,-4.93770026216453E-15,-0.707106781186548));
#8647=DIRECTION('',(-1.2255032098473E-16,1.,-1.2255032098473E-16));
#8648=DIRECTION('',(3.49148133884314E-15,-1.,3.49148133884314E-15));
#8649=DIRECTION('',(0.577350269189624,0.57735026918963,0.577350269189624));
#8650=DIRECTION('',(0.707106781186548,0.,0.707106781186548));
#8651=DIRECTION('',(-0.707106781186548,7.88860905221011E-31,0.707106781186548));
#8652=DIRECTION('',(6.86041235670154E-15,-1.,1.2255032098473E-16));
#8653=DIRECTION('',(0.577350269189628,-0.577350269189626,-0.577350269189624));
#8654=DIRECTION('',(-3.49148133884314E-15,1.,-3.49148133884314E-15));
#8655=DIRECTION('',(0.,0.707106781186548,-0.707106781186548));
#8656=DIRECTION('',(-2.46885013108227E-15,-0.707106781186548,-0.707106781186548));
#8657=DIRECTION('',(-1.,-3.45383543007628E-15,4.23268640584284E-31));
#8658=DIRECTION('',(1.,3.49148133884314E-15,3.76459087668456E-17));
#8659=DIRECTION('',(0.,0.,1.));
#8660=DIRECTION('',(-1.,3.49148133884314E-15,0.));
#8661=DIRECTION('',(0.,0.,1.));
#8662=DIRECTION('',(-1.04744440165294E-14,-1.,0.));
#8663=DIRECTION('',(1.,0.,-8.35030511639631E-31));
#8664=DIRECTION('',(1.04744440165294E-14,-1.,3.41176059086626E-15));
#8665=DIRECTION('',(-1.,-1.04744440165294E-14,3.65713258184695E-29));
#8666=DIRECTION('',(1.04744440165294E-14,-1.,3.41176059086626E-15));
#8667=DIRECTION('',(1.,0.,0.));
#8668=DIRECTION('',(0.,-1.,3.48493555441769E-15));
#8669=DIRECTION('',(-1.,-1.04744440165294E-14,-1.6427305643716E-16));
#8670=DIRECTION('',(-1.93607530800983E-16,3.87215061601966E-15,1.));
#8671=DIRECTION('',(1.,1.04744440165294E-14,-3.65713258184695E-29));
#8672=DIRECTION('',(-1.,-1.04744440165294E-14,1.64273056437233E-16));
#8673=DIRECTION('',(0.,3.87215061601966E-15,1.));
#8674=DIRECTION('',(-1.,-1.04744440165294E-14,3.65713258184695E-29));
#8675=DIRECTION('',(1.,0.,0.));
#8676=DIRECTION('',(0.,3.49148133884313E-15,1.));
#8677=DIRECTION('',(1.6427305643716E-16,0.,-1.));
#8678=DIRECTION('',(-1.04744440165294E-14,1.,-1.2255032098473E-16));
#8679=DIRECTION('',(-1.04744440165294E-14,1.,-4.57568351132864E-15));
#8680=DIRECTION('',(1.64273056437196E-16,-3.49148133884313E-15,-1.));
#8681=DIRECTION('',(-1.,0.,0.));
#8682=DIRECTION('',(0.,3.49148133884314E-15,1.));
#8683=DIRECTION('',(1.04744440165294E-14,-1.,1.2255032098473E-16));
#8684=DIRECTION('',(1.64273056437233E-16,0.,1.));
#8685=DIRECTION('',(-1.64273056437196E-16,-3.49148133884314E-15,-1.));
#8686=DIRECTION('',(-1.04744440165294E-14,1.,-4.57568351132864E-15));
#8687=DIRECTION('',(0.,0.,-1.));
#8688=DIRECTION('',(-1.,3.49148133884314E-15,0.));
#8689=DIRECTION('',(-1.,-1.04744440165294E-14,3.65713258184695E-29));
#8690=DIRECTION('',(0.,-1.,0.));
#8691=DIRECTION('',(-1.,0.,-3.65713258184695E-29));
#8692=DIRECTION('',(0.,0.,-1.));
#8693=DIRECTION('',(-1.,-3.49148133884314E-15,0.));
#8694=DIRECTION('',(-1.,0.,0.));
#8695=DIRECTION('',(1.,0.,0.));
#8696=DIRECTION('',(0.,1.,-3.49148133884314E-15));
#8697=DIRECTION('',(-1.,-1.04744440165294E-14,3.65713258184695E-29));
#8698=DIRECTION('',(-1.0842021724855E-14,1.,-3.3881317890172E-15));
#8699=DIRECTION('',(7.49418023863798E-15,-0.71547284293196,0.698640544934846));
#8700=DIRECTION('',(-1.,-1.04744440165294E-14,3.65713258184695E-29));
#8701=DIRECTION('',(-1.0842021724855E-14,1.,1.01643953670516E-15));
#8702=DIRECTION('',(2.47081549247671E-15,-0.235889894354063,0.971779788708136));
#8703=DIRECTION('',(1.,1.04744440165294E-14,-3.65713258184695E-29));
#8704=DIRECTION('',(-1.15648231731787E-14,1.,-3.61400724161835E-15));
#8705=DIRECTION('',(4.86017863687726E-29,-8.13151629364127E-15,-1.));
#8706=DIRECTION('',(9.07113460883243E-15,-0.866025403784446,-0.499999999999987));
#8707=DIRECTION('',(-1.61337106587325E-29,-1.95118854303723E-15,-1.));
#8708=DIRECTION('',(-1.,-1.04744440165294E-14,3.65713258184695E-29));
#8709=DIRECTION('',(-1.00080200537196E-14,1.,-5.42101086243145E-15));
#8710=DIRECTION('',(7.58074839741345E-15,-0.723737544966632,0.690075333572844));
#8711=DIRECTION('',(2.49320865036308E-16,-0.0238027779462878,0.999716673744136));
#8712=DIRECTION('',(1.,0.,0.));
#8713=DIRECTION('',(0.,1.,-3.49148133884314E-15));
#8714=DIRECTION('',(-1.,-1.04744440165294E-14,3.65713258184695E-29));
#8715=DIRECTION('',(-1.0842021724855E-14,1.,-1.62630325872826E-15));
#8716=DIRECTION('',(0.,0.715472842931964,-0.698640544934842));
#8717=DIRECTION('',(1.,0.,0.));
#8718=DIRECTION('',(0.,0.,-1.));
#8719=DIRECTION('',(0.,0.,1.));
#8720=DIRECTION('',(-1.,-3.25260651745652E-15,0.));
#8721=DIRECTION('',(0.,3.49148133884314E-15,1.));
#8722=DIRECTION('',(0.,-3.49148133884314E-15,-1.));
#8723=DIRECTION('',(1.,3.25260651745652E-15,0.));
#8724=DIRECTION('',(0.,3.49148133884314E-15,1.));
#8725=DIRECTION('',(0.,3.49148133884314E-15,1.));
#8726=DIRECTION('',(1.,3.25260651745652E-15,-1.15555796663234E-29));
#8727=DIRECTION('',(0.,0.,1.));
#8728=DIRECTION('',(-1.04744440165294E-14,-1.,0.));
#8729=DIRECTION('',(-3.49148133884314E-15,1.,-3.49148133884314E-15));
#8730=DIRECTION('',(-1.,-3.49148133884314E-15,1.21904419394898E-29));
#8731=DIRECTION('',(3.49148133884314E-15,-1.,3.49148133884314E-15));
#8732=DIRECTION('',(1.,3.49148133884314E-15,-1.21904419394898E-29));
#8733=DIRECTION('',(0.,0.,-1.));
#8734=DIRECTION('',(1.,3.61400724161834E-15,0.));
#8735=DIRECTION('',(0.,3.49148133884314E-15,1.));
#8736=DIRECTION('',(0.,3.49148133884314E-15,1.));
#8737=DIRECTION('',(1.,3.61400724161834E-15,0.));
#8738=DIRECTION('',(0.,3.49148133884314E-15,1.));
#8739=DIRECTION('',(0.,-3.49148133884314E-15,-1.));
#8740=DIRECTION('',(1.,3.61400724161834E-15,-1.28395329625815E-29));
#8741=DIRECTION('',(0.,-1.,0.));
#8742=DIRECTION('',(1.,0.,1.34522658237453E-29));
#8743=DIRECTION('',(1.,3.85288206300497E-15,-1.34522658237453E-29));
#8744=DIRECTION('',(3.85288206300497E-15,-1.,3.49148133884314E-15));
#8745=DIRECTION('',(1.,4.06575814682065E-15,0.));
#8746=DIRECTION('',(1.,3.49148133884314E-15,-1.21904419394898E-29));
#8747=DIRECTION('',(-3.85288206300497E-15,1.,-3.85288206300497E-15));
#8748=DIRECTION('',(0.,3.87215061601966E-15,1.));
#8749=DIRECTION('',(-1.,-3.85288206300497E-15,1.34522658237453E-29));
#8750=DIRECTION('',(0.,-1.,0.));
#8751=DIRECTION('',(1.,0.,0.));
#8752=DIRECTION('',(3.49148133884314E-15,-1.,2.76867989051947E-15));
#8753=DIRECTION('',(0.,-3.09772049281573E-15,-1.));
#8754=DIRECTION('',(-3.49148133884314E-15,1.,-3.49148133884314E-15));
#8755=DIRECTION('',(-3.85288206300497E-15,1.,-3.85288206300497E-15));
#8756=DIRECTION('',(3.09772049281573E-15,3.87215061601966E-15,1.));
#8757=DIRECTION('',(3.49148133884314E-15,-1.,3.49148133884314E-15));
#8758=DIRECTION('',(3.49148133884314E-15,-1.,2.76867989051947E-15));
#8759=DIRECTION('',(3.09772049281573E-15,-3.09772049281573E-15,-1.));
#8760=DIRECTION('',(0.,-1.,0.));
#8761=DIRECTION('',(-2.52364776851088E-30,0.,1.));
#8762=DIRECTION('',(-3.49148133884314E-15,1.,-2.76867989051947E-15));
#8763=DIRECTION('',(0.,2.71050543121376E-15,1.));
#8764=DIRECTION('',(-1.,-3.49148133884314E-15,1.21904419394898E-29));
#8765=DIRECTION('',(1.,3.49148133884314E-15,-1.21904419394898E-29));
#8766=DIRECTION('',(1.,3.49148133884314E-15,-1.21904419394898E-29));
#8767=DIRECTION('',(-1.,0.,0.));
#8768=DIRECTION('',(0.,1.,-3.49148133884314E-15));
#8769=DIRECTION('',(0.,-3.49148133884314E-15,-1.));
#8770=DIRECTION('',(0.,3.49148133884314E-15,1.));
#8771=DIRECTION('',(-3.57120208682001E-15,1.,-3.49148133884314E-15));
#8772=DIRECTION('',(3.57120208682001E-15,-1.,3.49148133884314E-15));
#8773=DIRECTION('',(-1.,-3.57120208682001E-15,1.24687854433697E-29));
#8774=DIRECTION('',(0.,-1.,3.5236570605779E-15));
#8775=DIRECTION('',(1.,0.,0.));
#8776=DIRECTION('',(0.,-1.,3.49148133884314E-15));
#8777=DIRECTION('',(0.,3.49148133884314E-15,1.));
#8778=DIRECTION('',(-3.77679770002353E-15,1.,-3.49148133884314E-15));
#8779=DIRECTION('',(3.77679770002353E-15,-1.,3.49148133884314E-15));
#8780=DIRECTION('',(0.,3.49148133884314E-15,1.));
#8781=DIRECTION('',(0.,0.,-1.));
#8782=DIRECTION('',(-1.,3.49148133884314E-15,0.));
#8783=DIRECTION('',(1.,3.49148133884314E-15,-1.21904419394898E-29));
#8784=DIRECTION('',(0.,-1.,0.));
#8785=DIRECTION('',(-1.,0.,-3.65713258184695E-29));
#8786=DIRECTION('',(1.,0.,0.));
#8787=DIRECTION('',(0.,1.,-3.3881317890172E-15));
#8788=DIRECTION('',(1.,3.49148133884314E-15,-1.21904419394898E-29));
#8789=DIRECTION('',(-2.71050543121376E-15,1.,-3.3881317890172E-15));
#8790=DIRECTION('',(0.707106781186548,-0.494013466935293,-0.505915698992008));
#8791=DIRECTION('',(-0.707106781186548,-0.494013466935295,-0.505915698992005));
#8792=DIRECTION('',(-2.58568023224334E-15,0.715472842931961,-0.698640544934846));
#8793=DIRECTION('',(-2.58568023224334E-15,0.715472842931961,-0.698640544934846));
#8794=DIRECTION('',(0.707106781186548,-0.494013466935293,-0.505915698992008));
#8795=DIRECTION('',(2.58568023224334E-15,-0.715472842931961,0.698640544934846));
#8796=DIRECTION('',(0.572714172304562,-0.819755132244685,2.54473821262255E-15));
#8797=DIRECTION('',(1.,0.,0.));
#8798=DIRECTION('',(0.,1.,-3.3881317890172E-15));
#8799=DIRECTION('',(0.707106781186549,-0.706906439269737,-0.0168311056968958));
#8800=DIRECTION('',(-1.,-3.61394601875787E-15,1.26180250840795E-29));
#8801=DIRECTION('',(-3.33600668457079E-15,1.,-3.33600668457079E-15));
#8802=DIRECTION('',(1.,3.49148133884314E-15,-1.21904419394898E-29));
#8803=DIRECTION('',(-2.71050543121376E-15,1.,-3.3881317890172E-15));
#8804=DIRECTION('',(-0.707106781186547,-0.706906439269739,-0.0168311056968958));
#8805=DIRECTION('',(-8.60219545943679E-17,0.0238027779462852,-0.999716673744136));
#8806=DIRECTION('',(-0.707006588939331,0.707206959239212,-2.64751509195441E-15));
#8807=DIRECTION('',(8.60219545943679E-17,-0.0238027779462852,0.999716673744136));
#8808=DIRECTION('',(-8.60219545943679E-17,0.0238027779462852,-0.999716673744136));
#8809=DIRECTION('',(-0.577350269189626,0.590929230954281,-0.563444150444788));
#8810=DIRECTION('',(1.,0.,0.));
#8811=DIRECTION('',(0.,1.,-3.49148133884314E-15));
#8812=DIRECTION('',(-2.65093025855188E-15,0.759256602365295,-0.650791373455971));
#8813=DIRECTION('',(3.49148133884314E-15,-1.,4.46240865748687E-15));
#8814=DIRECTION('',(0.,3.49148133884314E-15,1.));
#8815=DIRECTION('',(-3.49148133884314E-15,1.,-3.49148133884314E-15));
#8816=DIRECTION('',(-2.95144467157546E-30,4.33680868994202E-15,1.));
#8817=DIRECTION('',(4.33680868994202E-15,-1.,4.33680868994202E-15));
#8818=DIRECTION('',(-3.49148133884314E-15,1.,-3.49148133884314E-15));
#8819=DIRECTION('',(1.,3.25260651745652E-15,4.33680868994203E-15));
#8820=DIRECTION('',(-1.,-3.49148133884314E-15,1.21904419394898E-29));
#8821=DIRECTION('',(4.33680868994202E-15,-1.,4.33680868994202E-15));
#8822=DIRECTION('',(-0.184238093839777,0.0233953135034665,0.982603167145496));
#8823=DIRECTION('',(-0.982872186934323,-4.33680868994203E-15,-0.184288535050183));
#8824=DIRECTION('',(0.184238093839777,-0.0233953135034672,-0.982603167145496));
#8825=DIRECTION('',(0.982872186934323,4.33680868994203E-15,0.184288535050183));
#8826=DIRECTION('',(-0.0925158275068225,0.0237006929251808,0.995429102857453));
#8827=DIRECTION('',(0.995711213987634,0.00220213369866581,0.0924896153438068));
#8828=DIRECTION('',(0.184238093839777,-0.0233953135034672,-0.982603167145496));
#8829=DIRECTION('',(-0.184238093839777,0.0233953135034672,0.982603167145496));
#8830=DIRECTION('',(-8.31069550120953E-17,0.0238027779462926,0.999716673744136));
#8831=DIRECTION('',(-4.33680868994202E-15,0.999716673744136,-0.0238027779462927));
#8832=DIRECTION('',(8.31069550120953E-17,-0.0238027779462926,-0.999716673744136));
#8833=DIRECTION('',(3.49148133884314E-15,-1.,3.49148133884314E-15));
#8834=DIRECTION('',(-8.31069550120953E-17,0.0238027779462926,0.999716673744136));
#8835=DIRECTION('',(-8.31069550120966E-17,0.0238027779462929,0.999716673744136));
#8836=DIRECTION('',(-4.33680868994202E-15,0.999716673744136,-0.0238027779462927));
#8837=DIRECTION('',(1.,0.,0.));
#8838=DIRECTION('',(0.,1.,-3.61400724161835E-15));
#8839=DIRECTION('',(-1.70346490792218E-15,0.341989656105864,0.939703716666372));
#8840=DIRECTION('',(-4.33680868994202E-15,0.939703716666372,-0.341989656105864));
#8841=DIRECTION('',(-1.,-3.49148133884314E-15,1.21904419394898E-29));
#8842=DIRECTION('',(-3.33600668457079E-15,1.,-3.33600668457079E-15));
#8843=DIRECTION('',(1.,3.49148133884314E-15,-1.21904419394898E-29));
#8844=DIRECTION('',(-2.71050543121376E-15,1.,-3.3881317890172E-15));
#8845=DIRECTION('',(-0.361737334321814,0.667021061362283,0.651328645659687));
#8846=DIRECTION('',(-4.33680868994202E-15,0.698640544934841,-0.715472842931965));
#8847=DIRECTION('',(-0.493187109540611,0.622406466605306,0.607763659090337));
#8848=DIRECTION('',(-4.33680868994202E-15,0.698640544934838,-0.715472842931968));
#8849=DIRECTION('',(-2.98899353069237E-12,-0.4387372348189,0.898615400927152));
#8850=DIRECTION('',(-0.972070760306531,-0.210894212180975,-0.102966345111637));
#8851=DIRECTION('',(5.48660953256215E-13,0.698640544935039,-0.715472842931772));
#8852=DIRECTION('',(-0.870846685586135,-0.351694058395986,-0.343420062740377));
#8853=DIRECTION('',(-0.707106781186548,0.707106781186548,0.));
#8854=DIRECTION('',(1.74574066942157E-15,1.74574066942157E-15,1.));
#8855=DIRECTION('',(-0.707106781186544,-0.707106781186552,2.46885013108228E-15));
#8856=DIRECTION('',(0.,-3.49148133884314E-15,-1.));
#8857=DIRECTION('',(-0.707106781186545,-0.707106781186551,2.46885013108228E-15));
#8858=DIRECTION('',(0.,3.49148133884314E-15,1.));
#8859=DIRECTION('',(0.,0.,-1.));
#8860=DIRECTION('',(1.,4.33680868994201E-15,0.));
#8861=DIRECTION('',(2.22674803103902E-30,2.85371535502813E-15,1.));
#8862=DIRECTION('',(0.,1.,-2.71050543121376E-15));
#8863=DIRECTION('',(0.,3.49148133884314E-15,1.));
#8864=DIRECTION('',(0.,3.49148133884314E-15,1.));
#8865=DIRECTION('',(-1.,-4.33680868994201E-15,0.));
#8866=DIRECTION('',(0.,-3.49148133884314E-15,-1.));
#8867=DIRECTION('',(0.,1.,0.));
#8868=DIRECTION('',(-1.,0.,-4.27796903064577E-31));
#8869=DIRECTION('',(1.,3.49148133884314E-15,-1.21904419394898E-29));
#8870=DIRECTION('',(0.,1.,-3.52365706057789E-15));
#8871=DIRECTION('',(-3.49148133884314E-15,1.,-3.49148133884314E-15));
#8872=DIRECTION('',(-1.,-3.61400724161835E-15,0.));
#8873=DIRECTION('',(3.49148133884314E-15,-1.,3.49148133884314E-15));
#8874=DIRECTION('',(-1.,-3.09772049281572E-15,0.));
#8875=DIRECTION('',(-1.,0.,0.));
#8876=DIRECTION('',(0.,1.,-3.52365706057789E-15));
#8877=DIRECTION('',(-1.,-3.49148133884314E-15,1.21904419394898E-29));
#8878=DIRECTION('',(1.,3.49148133884314E-15,-1.21904419394898E-29));
#8879=DIRECTION('',(0.,0.707106781186548,0.707106781186548));
#8880=DIRECTION('',(2.46885013108228E-15,0.707106781186548,-0.707106781186548));
#8881=DIRECTION('',(1.,3.49148133884314E-15,-1.21904419394898E-29));
#8882=DIRECTION('',(-2.46885013108228E-15,0.707106781186548,-0.707106781186547));
#8883=DIRECTION('',(-1.,-3.49148133884314E-15,1.21904419394898E-29));
#8884=DIRECTION('',(-2.46885013108228E-15,0.707106781186548,-0.707106781186547));
#8885=DIRECTION('',(0.,0.,1.));
#8886=DIRECTION('',(-1.,-5.42101086242763E-15,0.));
#8887=DIRECTION('',(-0.70710678118655,-4.93770026216453E-15,-0.707106781186545));
#8888=DIRECTION('',(0.,3.49148133884314E-15,1.));
#8889=DIRECTION('',(-1.,-5.42101086242763E-15,0.));
#8890=DIRECTION('',(0.,-3.49148133884314E-15,-1.));
#8891=DIRECTION('',(-1.,-3.25260651745651E-15,0.));
#8892=DIRECTION('',(3.12287584633009E-15,0.894427190999914,-0.447213595499963));
#8893=DIRECTION('',(-1.56143792316505E-15,-0.447213595499963,-0.894427190999914));
#8894=DIRECTION('',(1.56143792316505E-15,-0.447213595499963,-0.894427190999914));
#8895=DIRECTION('',(-1.,-3.49148133884314E-15,1.21904419394898E-29));
#8896=DIRECTION('',(0.666666666666665,0.33333333333334,0.666666666666665));
#8897=DIRECTION('',(-1.,-3.49148133884314E-15,1.21904419394898E-29));
#8898=DIRECTION('',(0.,0.,1.));
#8899=DIRECTION('',(1.,-3.49148133884314E-15,0.));
#8900=DIRECTION('',(-3.49148133884314E-15,1.,-3.49148133884314E-15));
#8901=DIRECTION('',(-3.49148133884314E-15,1.,-3.49148133884314E-15));
#8902=DIRECTION('',(1.,3.49148133884314E-15,-1.21904419394898E-29));
#8903=DIRECTION('',(3.49148133884314E-15,-1.,3.49148133884314E-15));
#8904=DIRECTION('',(1.,3.49148133884314E-15,-1.21904419394898E-29));
#8905=DIRECTION('',(0.,-3.49148133884314E-15,-1.));
#8906=DIRECTION('',(-1.,-4.33680868994201E-15,0.));
#8907=DIRECTION('',(-1.,0.,0.));
#8908=DIRECTION('',(0.,-1.,3.49148133884314E-15));
#8909=DIRECTION('',(2.65093025855188E-15,-0.759256602365295,0.650791373455971));
#8910=DIRECTION('',(3.49148133884314E-15,-1.,3.49148133884314E-15));
#8911=DIRECTION('',(0.,3.49148133884314E-15,1.));
#8912=DIRECTION('',(-1.,0.,0.));
#8913=DIRECTION('',(0.,-1.,3.49148133884314E-15));
#8914=DIRECTION('',(-3.3360066845708E-15,1.,-3.3360066845708E-15));
#8915=DIRECTION('',(-3.49148133884314E-15,1.,-3.49148133884314E-15));
#8916=DIRECTION('',(-1.79635232898922E-15,0.514495755427525,-0.857492925712545));
#8917=DIRECTION('',(0.,-3.49148133884314E-15,-1.));
#8918=DIRECTION('',(0.,0.,-1.));
#8919=DIRECTION('',(1.,3.25260651745652E-15,0.));
#8920=DIRECTION('',(0.,3.49148133884314E-15,1.));
#8921=DIRECTION('',(0.,-3.49148133884314E-15,-1.));
#8922=DIRECTION('',(0.707106781186548,0.,-0.707106781186548));
#8923=DIRECTION('',(-0.707106781186548,0.,-0.707106781186548));
#8924=DIRECTION('',(-2.27222593590161E-15,-0.650791373455971,-0.759256602365295));
#8925=DIRECTION('',(-2.65093025855188E-15,-0.759256602365295,0.650791373455971));
#8926=DIRECTION('',(-1.,-3.49148133884314E-15,1.21904419394898E-29));
#8927=DIRECTION('',(0.545454545454547,-0.636363636363633,0.545454545454547));
#8928=DIRECTION('',(1.,3.49148133884314E-15,-1.21904419394898E-29));
#8929=DIRECTION('',(1.,3.49148133884314E-15,-1.21904419394898E-29));
#8930=DIRECTION('',(0.,1.,0.));
#8931=DIRECTION('',(1.,0.,0.));
#8932=DIRECTION('',(-3.49148133884314E-15,1.,-3.49148133884314E-15));
#8933=DIRECTION('',(3.49148133884314E-15,-1.,3.49148133884314E-15));
#8934=DIRECTION('',(0.,0.707106781186548,0.707106781186548));
#8935=DIRECTION('',(0.,0.707106781186548,-0.707106781186548));
#8936=DIRECTION('',(0.,-1.,0.));
#8937=DIRECTION('',(1.,0.,1.34522658237453E-29));
#8938=DIRECTION('',(0.,3.49148133884314E-15,1.));
#8939=DIRECTION('',(1.,3.49148133884314E-15,-1.21904419394898E-29));
#8940=DIRECTION('',(0.,-1.,0.));
#8941=DIRECTION('',(-2.52364776851088E-30,0.,1.));
#8942=DIRECTION('',(1.,3.49148133884314E-15,-1.21904419394898E-29));
#8943=DIRECTION('',(0.,-3.49148133884314E-15,-1.));
#8944=DIRECTION('',(0.,0.707106781186548,0.707106781186548));
#8945=DIRECTION('',(2.46885013108227E-15,0.707106781186548,-0.707106781186548));
#8946=DIRECTION('',(2.46885013108227E-15,-0.707106781186545,0.70710678118655));
#8947=DIRECTION('',(1.,3.49148133884314E-15,-1.21904419394898E-29));
#8948=DIRECTION('',(2.46885013108227E-15,-0.707106781186545,0.70710678118655));
#8949=DIRECTION('',(0.,-0.707106781186548,0.707106781186548));
#8950=DIRECTION('',(2.46885013108227E-15,0.707106781186548,0.707106781186548));
#8951=DIRECTION('',(2.46885013108227E-15,-0.70710678118655,-0.707106781186545));
#8952=DIRECTION('',(0.,-0.707106781186548,0.707106781186548));
#8953=DIRECTION('',(0.,0.707106781186548,0.707106781186548));
#8954=DIRECTION('',(2.46885013108227E-15,-0.70710678118655,-0.707106781186545));
#8955=DIRECTION('',(1.,3.49148133884314E-15,-1.21904419394898E-29));
#8956=DIRECTION('',(0.,1.,0.));
#8957=DIRECTION('',(1.,0.,1.21904419394898E-29));
#8958=DIRECTION('',(0.,-3.49148133884314E-15,-1.));
#8959=DIRECTION('',(-0.707106781186548,-4.93770026216453E-15,-0.707106781186548));
#8960=DIRECTION('',(0.,0.,-1.));
#8961=DIRECTION('',(-1.,-3.49148133884314E-15,0.));
#8962=DIRECTION('',(0.,0.,1.));
#8963=DIRECTION('',(1.,3.49148133884314E-15,0.));
#8964=DIRECTION('',(1.,3.49148133884314E-15,-1.21904419394898E-29));
#8965=DIRECTION('',(1.,3.49148133884314E-15,-1.21904419394898E-29));
#8966=DIRECTION('',(-1.,0.,0.));
#8967=DIRECTION('',(0.,1.,3.49148133884314E-15));
#8968=DIRECTION('',(3.49148133884314E-15,-1.,2.85371535502813E-15));
#8969=DIRECTION('',(0.,0.,1.));
#8970=DIRECTION('',(-3.49148133884314E-15,1.,0.));
#8971=DIRECTION('',(3.49148133884314E-15,-1.,2.85371535502813E-15));
#8972=DIRECTION('',(-2.22674803103902E-30,-2.85371535502813E-15,-1.));
#8973=DIRECTION('',(0.,1.,-2.71050543121376E-15));
#8974=DIRECTION('',(1.,3.49148133884314E-15,-1.21904419394898E-29));
#8975=DIRECTION('',(0.,0.,-1.));
#8976=DIRECTION('',(1.,4.33680868994201E-15,0.));
#8977=DIRECTION('',(0.,3.49148133884314E-15,1.));
#8978=DIRECTION('',(0.,-3.49148133884314E-15,-1.));
#8979=DIRECTION('',(1.,0.,0.));
#8980=DIRECTION('',(0.,1.,-3.3881317890172E-15));
#8981=DIRECTION('',(1.,3.61394601875787E-15,-1.26180250840795E-29));
#8982=DIRECTION('',(-1.,-3.61394601875787E-15,1.26180250840795E-29));
#8983=DIRECTION('',(2.52484921591011E-15,0.698640544934846,0.715472842931961));
#8984=DIRECTION('',(-2.58568023224334E-15,-0.715472842931961,0.698640544934846));
#8985=DIRECTION('',(1.,3.61394601875787E-15,-1.26180250840795E-29));
#8986=DIRECTION('',(3.61292209296348E-15,0.999716673744136,0.0238027779462852));
#8987=DIRECTION('',(-8.60219545943679E-17,-0.0238027779462852,0.999716673744136));
#8988=DIRECTION('',(-1.,-3.61394601875787E-15,1.26180250840795E-29));
#8989=DIRECTION('',(1.,0.,0.));
#8990=DIRECTION('',(0.,-1.,3.49148133884314E-15));
#8991=DIRECTION('',(-3.49148133884314E-15,1.,-3.36387970534623E-15));
#8992=DIRECTION('',(-3.61394601875787E-15,1.,-3.77018739561785E-15));
#8993=DIRECTION('',(0.707106781186548,0.707106781186548,0.));
#8994=DIRECTION('',(0.707106781186548,-0.707106781186548,-2.46885013108229E-15));
#8995=DIRECTION('',(3.49148133884307E-15,0.,-1.));
#8996=DIRECTION('',(0.707106781186541,-0.707106781186555,-8.66561630048918E-17));
#8997=DIRECTION('',(0.,3.49148133884314E-15,-1.));
#8998=DIRECTION('',(-0.70710678118654,0.707106781186555,2.46885013108229E-15));
#8999=DIRECTION('',(0.,3.49148133884314E-15,-1.));
#9000=DIRECTION('',(-0.707106781186541,0.707106781186555,2.41247904958658E-15));
#9001=DIRECTION('',(0.,1.,0.));
#9002=DIRECTION('',(-1.,0.,-3.65713258184695E-29));
#9003=DIRECTION('',(1.,-1.04744440165294E-14,-1.28364647636227E-30));
#9004=DIRECTION('',(0.,3.49148133884314E-15,-1.));
#9005=DIRECTION('',(-1.,1.04744440165294E-14,3.65713258184695E-29));
#9006=DIRECTION('',(-0.707106781186548,0.707106781186548,0.));
#9007=DIRECTION('',(0.707106781186548,0.707106781186548,2.46885013108224E-15));
#9008=DIRECTION('',(3.49148133884322E-15,0.,1.));
#9009=DIRECTION('',(-0.707106781186556,-0.70710678118654,-2.41247904958653E-15));
#9010=DIRECTION('',(0.,3.49148133884314E-15,-1.));
#9011=DIRECTION('',(-0.707106781186556,-0.70710678118654,-2.46885013108224E-15));
#9012=DIRECTION('',(0.707106781186556,0.70710678118654,8.66561630048899E-17));
#9013=DIRECTION('',(0.,0.,1.));
#9014=DIRECTION('',(-1.04744440165294E-14,-1.,0.));
#9015=DIRECTION('',(1.,0.,-8.3503051163963E-31));
#9016=DIRECTION('',(1.0203393473408E-14,1.,3.41176059086626E-15));
#9017=DIRECTION('',(-1.,1.04744440165294E-14,3.65713258184695E-29));
#9018=DIRECTION('',(-1.04744440165294E-14,-1.,-3.41176059086626E-15));
#9019=DIRECTION('',(0.,0.,1.));
#9020=DIRECTION('',(-1.04744440165294E-14,-1.,0.));
#9021=DIRECTION('',(1.,0.,-8.3503051163963E-31));
#9022=DIRECTION('',(-1.04744440165294E-14,-1.,-3.41176059086626E-15));
#9023=DIRECTION('',(-1.,1.04744440165294E-14,3.65713258184695E-29));
#9024=DIRECTION('',(-1.04744440165294E-14,-1.,-3.41176059086626E-15));
#9025=DIRECTION('',(1.,0.,0.));
#9026=DIRECTION('',(0.,1.,-3.49148133884314E-15));
#9027=DIRECTION('',(-3.65713258184695E-29,0.,-1.));
#9028=DIRECTION('',(-1.04744440165294E-14,-1.,-1.2255032098473E-16));
#9029=DIRECTION('',(-1.,1.04744440165294E-14,3.65713258184695E-29));
#9030=DIRECTION('',(-1.0842021724855E-14,-1.,-3.4849355544177E-15));
#9031=DIRECTION('',(-1.04744440165294E-14,-1.,-2.40727916635763E-15));
#9032=DIRECTION('',(0.,-3.49148133884314E-15,1.));
#9033=DIRECTION('',(-1.,0.,0.));
#9034=DIRECTION('',(0.,1.,-3.49148133884314E-15));
#9035=DIRECTION('',(3.65713258184695E-29,0.,1.));
#9036=DIRECTION('',(0.,-3.49148133884314E-15,1.));
#9037=DIRECTION('',(-1.04744440165294E-14,-1.,-2.40727916635763E-15));
#9038=DIRECTION('',(-1.,1.04744440165294E-14,3.65713258184695E-29));
#9039=DIRECTION('',(-1.0842021724855E-14,-1.,-3.4849355544177E-15));
#9040=DIRECTION('',(1.04744440165294E-14,1.,1.2255032098473E-16));
#9041=DIRECTION('',(1.,0.,0.));
#9042=DIRECTION('',(0.,1.,3.48493555441769E-15));
#9043=DIRECTION('',(-1.,1.04744440165294E-14,3.65713258184695E-29));
#9044=DIRECTION('',(1.,-1.04744440165294E-14,-3.65713258184695E-29));
#9045=DIRECTION('',(0.,0.,-1.));
#9046=DIRECTION('',(-1.,3.49148133884314E-15,0.));
#9047=DIRECTION('',(1.0203393473408E-14,1.,3.49148133884314E-15));
#9048=DIRECTION('',(-1.04744440165294E-14,-1.,-3.49148133884314E-15));
#9049=DIRECTION('',(-1.,1.04744440165294E-14,3.65713258184695E-29));
#9050=DIRECTION('',(-1.,1.04744440165294E-14,3.65713258184695E-29));
#9051=DIRECTION('',(0.,1.,0.));
#9052=DIRECTION('',(-1.,0.,-3.65713258184695E-29));
#9053=DIRECTION('',(0.,3.49148133884314E-15,-1.));
#9054=DIRECTION('',(0.,1.,0.));
#9055=DIRECTION('',(-1.,0.,-3.65713258184695E-29));
#9056=DIRECTION('',(0.,3.49148133884314E-15,-1.));
#9057=DIRECTION('',(-1.,0.,0.));
#9058=DIRECTION('',(0.,-1.,3.49148133884314E-15));
#9059=DIRECTION('',(1.,0.,0.));
#9060=DIRECTION('',(0.,1.,-3.49148133884314E-15));
#9061=DIRECTION('',(0.,-0.707106781186548,0.707106781186548));
#9062=DIRECTION('',(2.46885013108227E-15,-0.707106781186548,-0.707106781186548));
#9063=DIRECTION('',(1.,-3.52912724760998E-15,-4.32495676990561E-31));
#9064=DIRECTION('',(0.577350269189628,0.577350269189622,0.577350269189628));
#9065=DIRECTION('',(-1.,3.49148133884314E-15,-3.76459087668456E-17));
#9066=DIRECTION('',(0.577350269189624,-0.577350269189626,-0.577350269189628));
#9067=DIRECTION('',(-0.707106781186548,0.,0.707106781186548));
#9068=DIRECTION('',(-0.707106781186548,-4.93770026216453E-15,-0.707106781186548));
#9069=DIRECTION('',(-1.2255032098473E-16,-1.,-1.2255032098473E-16));
#9070=DIRECTION('',(0.577350269189624,-0.57735026918963,0.577350269189624));
#9071=DIRECTION('',(3.49148133884314E-15,1.,3.49148133884314E-15));
#9072=DIRECTION('',(0.707106781186548,0.,0.707106781186548));
#9073=DIRECTION('',(-0.707106781186548,7.88860905221011E-31,0.707106781186548));
#9074=DIRECTION('',(6.86041235670154E-15,1.,1.2255032098473E-16));
#9075=DIRECTION('',(-3.49148133884314E-15,-1.,-3.49148133884314E-15));
#9076=DIRECTION('',(0.577350269189628,0.577350269189626,-0.577350269189624));
#9077=DIRECTION('',(0.,-0.707106781186548,-0.707106781186548));
#9078=DIRECTION('',(-2.46885013108227E-15,0.707106781186548,-0.707106781186548));
#9079=DIRECTION('',(-1.,3.45383543007628E-15,4.23268640584284E-31));
#9080=DIRECTION('',(1.,-3.49148133884314E-15,3.76459087668456E-17));
#9081=DIRECTION('',(0.,0.,1.));
#9082=DIRECTION('',(-1.,3.49148133884314E-15,0.));
#9083=DIRECTION('',(0.,0.,1.));
#9084=DIRECTION('',(-1.04744440165294E-14,-1.,0.));
#9085=DIRECTION('',(1.,0.,-8.35030511639631E-31));
#9086=DIRECTION('',(1.04744440165294E-14,1.,3.41176059086626E-15));
#9087=DIRECTION('',(-1.,1.04744440165294E-14,3.65713258184695E-29));
#9088=DIRECTION('',(1.04744440165294E-14,1.,3.41176059086626E-15));
#9089=DIRECTION('',(1.,0.,0.));
#9090=DIRECTION('',(0.,1.,3.48493555441769E-15));
#9091=DIRECTION('',(1.,-1.04744440165294E-14,1.6427305643716E-16));
#9092=DIRECTION('',(-1.93607530800983E-16,-3.87215061601966E-15,1.));
#9093=DIRECTION('',(-1.,1.04744440165294E-14,3.65713258184695E-29));
#9094=DIRECTION('',(1.,-1.04744440165294E-14,-1.64273056437233E-16));
#9095=DIRECTION('',(0.,-3.87215061601966E-15,1.));
#9096=DIRECTION('',(1.,-1.04744440165294E-14,-3.65713258184695E-29));
#9097=DIRECTION('',(1.,0.,0.));
#9098=DIRECTION('',(0.,3.49148133884313E-15,1.));
#9099=DIRECTION('',(1.64273056437196E-16,3.49148133884313E-15,-1.));
#9100=DIRECTION('',(-1.04744440165294E-14,-1.,-4.57568351132864E-15));
#9101=DIRECTION('',(-1.04744440165294E-14,-1.,-1.2255032098473E-16));
#9102=DIRECTION('',(1.6427305643716E-16,0.,-1.));
#9103=DIRECTION('',(-1.,0.,0.));
#9104=DIRECTION('',(0.,3.49148133884314E-15,1.));
#9105=DIRECTION('',(1.04744440165294E-14,1.,1.2255032098473E-16));
#9106=DIRECTION('',(-1.04744440165294E-14,-1.,-4.57568351132864E-15));
#9107=DIRECTION('',(-1.64273056437196E-16,3.49148133884314E-15,-1.));
#9108=DIRECTION('',(1.64273056437233E-16,0.,1.));
#9109=DIRECTION('',(0.,0.,-1.));
#9110=DIRECTION('',(-1.,3.49148133884314E-15,0.));
#9111=DIRECTION('',(-1.,1.04744440165294E-14,3.65713258184695E-29));
#9112=DIRECTION('',(0.,1.,0.));
#9113=DIRECTION('',(-1.,0.,-3.65713258184695E-29));
#9114=DIRECTION('',(0.,0.,-1.));
#9115=DIRECTION('',(-1.,-3.49148133884314E-15,0.));
#9116=DIRECTION('',(-1.,0.,0.));
#9117=DIRECTION('',(1.,0.,0.));
#9118=DIRECTION('',(0.,1.,-3.49148133884314E-15));
#9119=DIRECTION('',(1.,-1.04744440165294E-14,-3.65713258184695E-29));
#9120=DIRECTION('',(-1.0842021724855E-14,-1.,-3.3881317890172E-15));
#9121=DIRECTION('',(2.49320865036308E-16,0.0238027779462878,0.999716673744136));
#9122=DIRECTION('',(7.58074839741345E-15,0.723737544966632,0.690075333572844));
#9123=DIRECTION('',(1.,-1.04744440165294E-14,-3.65713258184695E-29));
#9124=DIRECTION('',(-1.00080200537196E-14,-1.,-5.42101086243145E-15));
#9125=DIRECTION('',(-1.61337106587325E-29,1.95118854303723E-15,-1.));
#9126=DIRECTION('',(9.07113460883243E-15,0.866025403784446,-0.499999999999987));
#9127=DIRECTION('',(4.86017863687726E-29,8.13151629364127E-15,-1.));
#9128=DIRECTION('',(-1.,1.04744440165294E-14,3.65713258184695E-29));
#9129=DIRECTION('',(-1.15648231731787E-14,-1.,-3.61400724161835E-15));
#9130=DIRECTION('',(2.47081549247671E-15,0.235889894354063,0.971779788708136));
#9131=DIRECTION('',(1.,-1.04744440165294E-14,-3.65713258184695E-29));
#9132=DIRECTION('',(-1.0842021724855E-14,-1.,1.01643953670516E-15));
#9133=DIRECTION('',(7.49418023863798E-15,0.71547284293196,0.698640544934846));
#9134=DIRECTION('',(1.,0.,0.));
#9135=DIRECTION('',(0.,1.,-3.49148133884314E-15));
#9136=DIRECTION('',(1.,-1.04744440165294E-14,-3.65713258184695E-29));
#9137=DIRECTION('',(-1.0842021724855E-14,-1.,0.));
#9138=DIRECTION('',(1.,0.,0.));
#9139=DIRECTION('',(0.,0.,-1.));
#9140=DIRECTION('',(0.,-0.715472842931964,-0.698640544934842));
#9141=DIRECTION('',(0.,0.,1.));
#9142=DIRECTION('',(-1.,3.25260651745652E-15,0.));
#9143=DIRECTION('',(0.,-3.49148133884314E-15,1.));
#9144=DIRECTION('',(0.,3.49148133884314E-15,-1.));
#9145=DIRECTION('',(1.,-3.25260651745652E-15,-1.15555796663234E-29));
#9146=DIRECTION('',(0.,-3.49148133884314E-15,1.));
#9147=DIRECTION('',(0.,-3.49148133884314E-15,1.));
#9148=DIRECTION('',(1.,-3.25260651745652E-15,0.));
#9149=DIRECTION('',(0.,0.,1.));
#9150=DIRECTION('',(-1.04744440165294E-14,-1.,0.));
#9151=DIRECTION('',(-3.49148133884314E-15,-1.,-3.49148133884314E-15));
#9152=DIRECTION('',(1.,-3.49148133884314E-15,-1.21904419394898E-29));
#9153=DIRECTION('',(3.49148133884314E-15,1.,3.49148133884314E-15));
#9154=DIRECTION('',(-1.,3.49148133884314E-15,1.21904419394898E-29));
#9155=DIRECTION('',(0.,0.,-1.));
#9156=DIRECTION('',(1.,-3.61400724161834E-15,0.));
#9157=DIRECTION('',(0.,-3.49148133884314E-15,1.));
#9158=DIRECTION('',(0.,-3.49148133884314E-15,1.));
#9159=DIRECTION('',(1.,-3.61400724161834E-15,-1.28395329625815E-29));
#9160=DIRECTION('',(0.,-3.49148133884314E-15,1.));
#9161=DIRECTION('',(0.,3.49148133884314E-15,-1.));
#9162=DIRECTION('',(1.,-3.61400724161834E-15,0.));
#9163=DIRECTION('',(0.,1.,0.));
#9164=DIRECTION('',(1.,0.,1.34522658237453E-29));
#9165=DIRECTION('',(-1.,3.85288206300497E-15,1.34522658237453E-29));
#9166=DIRECTION('',(3.85288206300497E-15,1.,3.85288206300497E-15));
#9167=DIRECTION('',(0.,-3.87215061601966E-15,1.));
#9168=DIRECTION('',(1.,-3.49148133884314E-15,-1.21904419394898E-29));
#9169=DIRECTION('',(-3.85288206300497E-15,-1.,-3.49148133884314E-15));
#9170=DIRECTION('',(1.,-4.06575814682065E-15,0.));
#9171=DIRECTION('',(1.,-3.85288206300497E-15,-1.34522658237453E-29));
#9172=DIRECTION('',(0.,-1.,0.));
#9173=DIRECTION('',(1.,0.,0.));
#9174=DIRECTION('',(-3.49148133884314E-15,-1.,-2.76867989051947E-15));
#9175=DIRECTION('',(0.,3.09772049281573E-15,-1.));
#9176=DIRECTION('',(-3.49148133884314E-15,-1.,-2.76867989051947E-15));
#9177=DIRECTION('',(3.09772049281573E-15,3.09772049281573E-15,-1.));
#9178=DIRECTION('',(3.49148133884314E-15,1.,3.49148133884314E-15));
#9179=DIRECTION('',(3.85288206300497E-15,1.,3.85288206300497E-15));
#9180=DIRECTION('',(3.09772049281573E-15,-3.87215061601966E-15,1.));
#9181=DIRECTION('',(-3.49148133884314E-15,-1.,-3.49148133884314E-15));
#9182=DIRECTION('',(0.,1.,0.));
#9183=DIRECTION('',(-2.52364776851088E-30,0.,1.));
#9184=DIRECTION('',(3.49148133884314E-15,1.,2.76867989051947E-15));
#9185=DIRECTION('',(0.,-2.71050543121376E-15,1.));
#9186=DIRECTION('',(1.,-3.49148133884314E-15,-1.21904419394898E-29));
#9187=DIRECTION('',(1.,-3.49148133884314E-15,-1.21904419394898E-29));
#9188=DIRECTION('',(-1.,3.49148133884314E-15,1.21904419394898E-29));
#9189=DIRECTION('',(0.,0.,1.));
#9190=DIRECTION('',(-3.49148133884314E-15,1.,0.));
#9191=DIRECTION('',(3.49148133884314E-15,1.,3.33659531420235E-15));
#9192=DIRECTION('',(1.,-3.49148133884314E-15,-1.21904419394898E-29));
#9193=DIRECTION('',(3.49148133884314E-15,1.,3.63799514593577E-15));
#9194=DIRECTION('',(-1.,0.,0.));
#9195=DIRECTION('',(0.,1.,-3.49148133884314E-15));
#9196=DIRECTION('',(0.,3.49148133884314E-15,-1.));
#9197=DIRECTION('',(1.,-3.57120208682001E-15,-1.24687854433697E-29));
#9198=DIRECTION('',(0.,1.,3.5236570605779E-15));
#9199=DIRECTION('',(3.57120208682001E-15,1.,3.49148133884314E-15));
#9200=DIRECTION('',(-3.57120208682001E-15,-1.,-3.49148133884314E-15));
#9201=DIRECTION('',(0.,-3.49148133884314E-15,1.));
#9202=DIRECTION('',(1.,0.,0.));
#9203=DIRECTION('',(0.,-1.,3.49148133884314E-15));
#9204=DIRECTION('',(0.,-3.49148133884314E-15,1.));
#9205=DIRECTION('',(0.,-3.49148133884314E-15,1.));
#9206=DIRECTION('',(3.77679770002353E-15,1.,3.49148133884314E-15));
#9207=DIRECTION('',(-3.77679770002353E-15,-1.,-3.49148133884314E-15));
#9208=DIRECTION('',(0.,0.,-1.));
#9209=DIRECTION('',(-1.,3.49148133884314E-15,0.));
#9210=DIRECTION('',(1.,-3.49148133884314E-15,-1.21904419394898E-29));
#9211=DIRECTION('',(0.,1.,0.));
#9212=DIRECTION('',(-1.,0.,-3.65713258184695E-29));
#9213=DIRECTION('',(1.,0.,0.));
#9214=DIRECTION('',(0.,-1.,-3.3881317890172E-15));
#9215=DIRECTION('',(-1.,3.49148133884314E-15,1.21904419394898E-29));
#9216=DIRECTION('',(-2.71050543121376E-15,-1.,-3.3881317890172E-15));
#9217=DIRECTION('',(0.707106781186548,0.494013466935293,-0.505915698992008));
#9218=DIRECTION('',(-0.707106781186548,0.494013466935295,-0.505915698992005));
#9219=DIRECTION('',(-2.58568023224334E-15,-0.715472842931961,-0.698640544934846));
#9220=DIRECTION('',(0.572714172304562,0.819755132244685,2.54473821262255E-15));
#9221=DIRECTION('',(2.58568023224334E-15,0.715472842931961,0.698640544934846));
#9222=DIRECTION('',(0.707106781186548,0.494013466935293,-0.505915698992008));
#9223=DIRECTION('',(-2.58568023224334E-15,-0.715472842931961,-0.698640544934846));
#9224=DIRECTION('',(1.,0.,0.));
#9225=DIRECTION('',(0.,-1.,-3.3881317890172E-15));
#9226=DIRECTION('',(0.707106781186549,0.706906439269737,-0.0168311056968958));
#9227=DIRECTION('',(-1.,3.49148133884314E-15,1.21904419394898E-29));
#9228=DIRECTION('',(-2.71050543121376E-15,-1.,-3.3881317890172E-15));
#9229=DIRECTION('',(1.,-3.61394601875787E-15,-1.26180250840795E-29));
#9230=DIRECTION('',(-3.33600668457079E-15,-1.,-3.33600668457079E-15));
#9231=DIRECTION('',(-0.707106781186547,0.706906439269739,-0.0168311056968958));
#9232=DIRECTION('',(-8.60219545943679E-17,-0.0238027779462852,-0.999716673744136));
#9233=DIRECTION('',(-0.707006588939331,-0.707206959239212,-2.64751509195441E-15));
#9234=DIRECTION('',(-0.577350269189626,-0.590929230954281,-0.563444150444788));
#9235=DIRECTION('',(-8.60219545943679E-17,-0.0238027779462852,-0.999716673744136));
#9236=DIRECTION('',(8.60219545943679E-17,0.0238027779462852,0.999716673744136));
#9237=DIRECTION('',(1.,0.,0.));
#9238=DIRECTION('',(0.,1.,-3.49148133884314E-15));
#9239=DIRECTION('',(-2.65093025855188E-15,-0.759256602365295,-0.650791373455971));
#9240=DIRECTION('',(-3.49148133884314E-15,-1.,-3.49148133884314E-15));
#9241=DIRECTION('',(0.,-3.49148133884314E-15,1.));
#9242=DIRECTION('',(3.49148133884314E-15,1.,4.46240865748687E-15));
#9243=DIRECTION('',(2.95144467157546E-30,4.33680868994202E-15,-1.));
#9244=DIRECTION('',(4.33680868994202E-15,1.,4.33680868994202E-15));
#9245=DIRECTION('',(3.49148133884314E-15,1.,3.49148133884314E-15));
#9246=DIRECTION('',(1.,-3.25260651745652E-15,4.33680868994203E-15));
#9247=DIRECTION('',(0.184238093839777,0.0233953135034665,-0.982603167145496));
#9248=DIRECTION('',(-0.982872186934323,4.33680868994203E-15,-0.184288535050183));
#9249=DIRECTION('',(1.,-3.49148133884314E-15,-1.21904419394898E-29));
#9250=DIRECTION('',(4.33680868994202E-15,1.,4.33680868994202E-15));
#9251=DIRECTION('',(0.184238093839777,0.0233953135034672,-0.982603167145496));
#9252=DIRECTION('',(0.982872186934323,-4.33680868994203E-15,0.184288535050183));
#9253=DIRECTION('',(0.0925158275068225,0.0237006929251808,-0.995429102857453));
#9254=DIRECTION('',(0.995711213987634,-0.00220213369866581,0.0924896153438068));
#9255=DIRECTION('',(-0.184238093839777,-0.0233953135034672,0.982603167145496));
#9256=DIRECTION('',(0.184238093839777,0.0233953135034672,-0.982603167145496));
#9257=DIRECTION('',(-8.31069550120953E-17,-0.0238027779462926,0.999716673744136));
#9258=DIRECTION('',(-4.33680868994202E-15,-0.999716673744136,-0.0238027779462927));
#9259=DIRECTION('',(8.31069550120953E-17,0.0238027779462926,-0.999716673744136));
#9260=DIRECTION('',(8.31069550120966E-17,0.0238027779462929,-0.999716673744136));
#9261=DIRECTION('',(-4.33680868994202E-15,-0.999716673744136,-0.0238027779462927));
#9262=DIRECTION('',(-8.31069550120953E-17,-0.0238027779462926,0.999716673744136));
#9263=DIRECTION('',(3.49148133884314E-15,1.,3.49148133884314E-15));
#9264=DIRECTION('',(1.,0.,0.));
#9265=DIRECTION('',(0.,-1.,-3.61400724161835E-15));
#9266=DIRECTION('',(1.70346490792218E-15,0.341989656105864,-0.939703716666372));
#9267=DIRECTION('',(-4.33680868994202E-15,-0.939703716666372,-0.341989656105864));
#9268=DIRECTION('',(-1.,3.49148133884314E-15,1.21904419394898E-29));
#9269=DIRECTION('',(-2.71050543121376E-15,-1.,-3.3881317890172E-15));
#9270=DIRECTION('',(1.,-3.49148133884314E-15,-1.21904419394898E-29));
#9271=DIRECTION('',(-3.33600668457079E-15,-1.,-3.33600668457079E-15));
#9272=DIRECTION('',(0.41058898568511,0.661748445509128,-0.627300310617112));
#9273=DIRECTION('',(0.,0.687964668211208,0.725744180337013));
#9274=DIRECTION('',(0.,1.,0.));
#9275=DIRECTION('',(1.,0.,0.));
#9276=DIRECTION('',(3.49148133884314E-15,1.,3.49148133884314E-15));
#9277=DIRECTION('',(-3.49148133884314E-15,-1.,-3.49148133884314E-15));
#9278=DIRECTION('',(-0.707106781186548,-0.707106781186548,0.));
#9279=DIRECTION('',(1.74574066942157E-15,-1.74574066942157E-15,1.));
#9280=DIRECTION('',(-0.707106781186544,0.707106781186552,2.46885013108228E-15));
#9281=DIRECTION('',(0.,-3.49148133884314E-15,1.));
#9282=DIRECTION('',(-0.707106781186545,0.707106781186551,2.46885013108228E-15));
#9283=DIRECTION('',(0.,3.49148133884314E-15,-1.));
#9284=DIRECTION('',(0.,0.,-1.));
#9285=DIRECTION('',(1.,-4.33680868994201E-15,0.));
#9286=DIRECTION('',(-2.22674803103902E-30,2.85371535502813E-15,-1.));
#9287=DIRECTION('',(0.,-1.,-2.71050543121376E-15));
#9288=DIRECTION('',(0.,3.49148133884314E-15,-1.));
#9289=DIRECTION('',(0.,3.49148133884314E-15,-1.));
#9290=DIRECTION('',(-1.,4.33680868994201E-15,0.));
#9291=DIRECTION('',(0.,-3.49148133884314E-15,1.));
#9292=DIRECTION('',(0.,-1.,0.));
#9293=DIRECTION('',(-1.,0.,-4.27796903064577E-31));
#9294=DIRECTION('',(-1.,3.49148133884314E-15,1.21904419394898E-29));
#9295=DIRECTION('',(0.,-1.,-3.52365706057789E-15));
#9296=DIRECTION('',(-3.49148133884314E-15,-1.,-3.49148133884314E-15));
#9297=DIRECTION('',(-1.,3.09772049281572E-15,0.));
#9298=DIRECTION('',(3.49148133884314E-15,1.,3.49148133884314E-15));
#9299=DIRECTION('',(-1.,3.61400724161835E-15,0.));
#9300=DIRECTION('',(-1.,0.,0.));
#9301=DIRECTION('',(0.,-1.,-3.52365706057789E-15));
#9302=DIRECTION('',(1.,-3.49148133884314E-15,-1.21904419394898E-29));
#9303=DIRECTION('',(-1.,3.49148133884314E-15,1.21904419394898E-29));
#9304=DIRECTION('',(0.,-0.707106781186548,0.707106781186548));
#9305=DIRECTION('',(2.46885013108228E-15,-0.707106781186548,-0.707106781186548));
#9306=DIRECTION('',(1.,-3.49148133884314E-15,-1.21904419394898E-29));
#9307=DIRECTION('',(-2.46885013108228E-15,-0.707106781186548,-0.707106781186547));
#9308=DIRECTION('',(-1.,3.49148133884314E-15,1.21904419394898E-29));
#9309=DIRECTION('',(-2.46885013108228E-15,-0.707106781186548,-0.707106781186547));
#9310=DIRECTION('',(0.,0.,1.));
#9311=DIRECTION('',(-1.,5.42101086242763E-15,0.));
#9312=DIRECTION('',(-0.70710678118655,4.93770026216453E-15,-0.707106781186545));
#9313=DIRECTION('',(0.,-3.49148133884314E-15,1.));
#9314=DIRECTION('',(-1.,3.25260651745651E-15,0.));
#9315=DIRECTION('',(0.,3.49148133884314E-15,-1.));
#9316=DIRECTION('',(-1.,5.42101086242763E-15,0.));
#9317=DIRECTION('',(-0.707106781186548,0.,0.707106781186548));
#9318=DIRECTION('',(-0.707106781186548,4.93770026216453E-15,-0.707106781186548));
#9319=DIRECTION('',(3.49148133884314E-15,1.,3.49148133884314E-15));
#9320=DIRECTION('',(-3.49148133884314E-15,-1.,-3.49148133884314E-15));
#9321=DIRECTION('',(3.12287584633009E-15,-0.894427190999914,-0.447213595499963));
#9322=DIRECTION('',(-1.56143792316505E-15,0.447213595499963,-0.894427190999914));
#9323=DIRECTION('',(1.56143792316505E-15,0.447213595499963,-0.894427190999914));
#9324=DIRECTION('',(-1.,3.49148133884314E-15,1.21904419394898E-29));
#9325=DIRECTION('',(0.666666666666665,-0.33333333333334,0.666666666666665));
#9326=DIRECTION('',(-1.,3.49148133884314E-15,1.21904419394898E-29));
#9327=DIRECTION('',(0.,0.,1.));
#9328=DIRECTION('',(1.,-3.49148133884314E-15,0.));
#9329=DIRECTION('',(-3.49148133884314E-15,-1.,-3.49148133884314E-15));
#9330=DIRECTION('',(0.,-3.49148133884314E-15,1.));
#9331=DIRECTION('',(-1.,4.33680868994201E-15,0.));
#9332=DIRECTION('',(1.,-3.49148133884314E-15,-1.21904419394898E-29));
#9333=DIRECTION('',(3.49148133884314E-15,1.,3.49148133884314E-15));
#9334=DIRECTION('',(1.,-3.49148133884314E-15,-1.21904419394898E-29));
#9335=DIRECTION('',(-3.49148133884314E-15,-1.,-3.49148133884314E-15));
#9336=DIRECTION('',(-1.,0.,0.));
#9337=DIRECTION('',(0.,-1.,3.49148133884314E-15));
#9338=DIRECTION('',(2.65093025855188E-15,0.759256602365295,0.650791373455971));
#9339=DIRECTION('',(0.,-3.49148133884314E-15,1.));
#9340=DIRECTION('',(3.49148133884314E-15,1.,3.49148133884314E-15));
#9341=DIRECTION('',(0.,1.,0.));
#9342=DIRECTION('',(1.,0.,0.));
#9343=DIRECTION('',(3.49148133884314E-15,1.,3.49148133884314E-15));
#9344=DIRECTION('',(-3.49148133884314E-15,-1.,-3.49148133884314E-15));
#9345=DIRECTION('',(0.982872186934322,-4.07511988023958E-15,0.184288535050183));
#9346=DIRECTION('',(-3.49148133884314E-15,-1.,-3.49148133884314E-15));
#9347=DIRECTION('',(3.49148133884314E-15,1.,3.49148133884314E-15));
#9348=DIRECTION('',(1.,0.,0.));
#9349=DIRECTION('',(0.,-1.,-3.49148133884314E-15));
#9350=DIRECTION('',(-1.,0.,0.));
#9351=DIRECTION('',(0.,-1.,3.49148133884314E-15));
#9352=DIRECTION('',(-3.3360066845708E-15,-1.,-3.3360066845708E-15));
#9353=DIRECTION('',(0.,3.49148133884314E-15,-1.));
#9354=DIRECTION('',(-1.79635232898922E-15,-0.514495755427525,-0.857492925712545));
#9355=DIRECTION('',(-3.49148133884314E-15,-1.,-3.49148133884314E-15));
#9356=DIRECTION('',(0.,0.,-1.));
#9357=DIRECTION('',(1.,-3.25260651745652E-15,0.));
#9358=DIRECTION('',(0.,-3.49148133884314E-15,1.));
#9359=DIRECTION('',(-0.707106781186548,0.,0.707106781186548));
#9360=DIRECTION('',(-0.707106781186548,0.,-0.707106781186548));
#9361=DIRECTION('',(0.,3.49148133884314E-15,-1.));
#9362=DIRECTION('',(-2.27222593590161E-15,0.650791373455971,-0.759256602365295));
#9363=DIRECTION('',(-2.65093025855188E-15,0.759256602365295,0.650791373455971));
#9364=DIRECTION('',(-1.,3.49148133884314E-15,1.21904419394898E-29));
#9365=DIRECTION('',(1.,-3.49148133884314E-15,-1.21904419394898E-29));
#9366=DIRECTION('',(1.,-3.49148133884314E-15,-1.21904419394898E-29));
#9367=DIRECTION('',(0.545454545454547,0.636363636363633,0.545454545454547));
#9368=DIRECTION('',(0.707106781186548,0.,-0.707106781186548));
#9369=DIRECTION('',(0.707106781186548,-4.93770026216453E-15,0.707106781186548));
#9370=DIRECTION('',(3.49148133884314E-15,1.,3.49148133884314E-15));
#9371=DIRECTION('',(-0.707106781186548,4.93770026216453E-15,-0.707106781186548));
#9372=DIRECTION('',(-3.49148133884314E-15,-1.,-3.49148133884314E-15));
#9373=DIRECTION('',(0.,1.,0.));
#9374=DIRECTION('',(1.,0.,0.));
#9375=DIRECTION('',(-3.49148133884314E-15,-1.,-3.49148133884314E-15));
#9376=DIRECTION('',(0.,0.707106781186548,-0.707106781186548));
#9377=DIRECTION('',(0.,0.707106781186548,0.707106781186548));
#9378=DIRECTION('',(3.49148133884314E-15,1.,3.49148133884314E-15));
#9379=DIRECTION('',(-1.,0.,0.));
#9380=DIRECTION('',(0.,1.,3.49148133884314E-15));
#9381=DIRECTION('',(-3.49148133884314E-15,-1.,-3.49148133884314E-15));
#9382=DIRECTION('',(2.46885013108227E-15,0.70710678118655,-0.707106781186545));
#9383=DIRECTION('',(0.,1.,0.));
#9384=DIRECTION('',(1.,0.,1.34522658237453E-29));
#9385=DIRECTION('',(0.,-3.49148133884314E-15,1.));
#9386=DIRECTION('',(1.,-3.49148133884314E-15,-1.21904419394898E-29));
#9387=DIRECTION('',(0.,1.,0.));
#9388=DIRECTION('',(-2.52364776851088E-30,0.,1.));
#9389=DIRECTION('',(1.,-3.49148133884314E-15,-1.21904419394898E-29));
#9390=DIRECTION('',(0.,3.49148133884314E-15,-1.));
#9391=DIRECTION('',(0.,-0.707106781186548,0.707106781186548));
#9392=DIRECTION('',(2.46885013108227E-15,-0.707106781186548,-0.707106781186548));
#9393=DIRECTION('',(2.46885013108227E-15,0.707106781186545,0.70710678118655));
#9394=DIRECTION('',(2.46885013108227E-15,0.707106781186545,0.70710678118655));
#9395=DIRECTION('',(1.,-3.49148133884314E-15,-1.21904419394898E-29));
#9396=DIRECTION('',(0.,0.707106781186548,0.707106781186548));
#9397=DIRECTION('',(2.46885013108227E-15,-0.707106781186548,0.707106781186548));
#9398=DIRECTION('',(2.46885013108227E-15,0.70710678118655,-0.707106781186545));
#9399=DIRECTION('',(0.,-0.707106781186548,-0.707106781186548));
#9400=DIRECTION('',(0.,0.707106781186548,-0.707106781186548));
#9401=DIRECTION('',(-1.,0.,0.));
#9402=DIRECTION('',(0.,1.,3.49148133884314E-15));
#9403=DIRECTION('',(0.,-1.,0.));
#9404=DIRECTION('',(1.,0.,1.21904419394898E-29));
#9405=DIRECTION('',(0.,3.49148133884314E-15,-1.));
#9406=DIRECTION('',(0.,0.,-1.));
#9407=DIRECTION('',(-1.,-3.49148133884314E-15,0.));
#9408=DIRECTION('',(0.,0.,1.));
#9409=DIRECTION('',(1.,3.49148133884314E-15,0.));
#9410=DIRECTION('',(1.,-3.49148133884314E-15,-1.21904419394898E-29));
#9411=DIRECTION('',(1.,-3.49148133884314E-15,-1.21904419394898E-29));
#9412=DIRECTION('',(-1.,0.,0.));
#9413=DIRECTION('',(0.,1.,3.49148133884314E-15));
#9414=DIRECTION('',(3.49148133884314E-15,1.,2.85371535502813E-15));
#9415=DIRECTION('',(0.,1.,0.));
#9416=DIRECTION('',(1.,0.,0.));
#9417=DIRECTION('',(3.49148133884314E-15,1.,3.49148133884314E-15));
#9418=DIRECTION('',(0.,0.,1.));
#9419=DIRECTION('',(-3.49148133884314E-15,1.,0.));
#9420=DIRECTION('',(1.,-3.49148133884314E-15,-1.21904419394898E-29));
#9421=DIRECTION('',(2.22674803103902E-30,-2.85371535502813E-15,1.));
#9422=DIRECTION('',(0.,-1.,-2.71050543121376E-15));
#9423=DIRECTION('',(3.49148133884314E-15,1.,2.85371535502813E-15));
#9424=DIRECTION('',(-1.,0.,0.));
#9425=DIRECTION('',(0.,1.,3.49148133884314E-15));
#9426=DIRECTION('',(0.,3.49148133884314E-15,-1.));
#9427=DIRECTION('',(-3.49148133884314E-15,-1.,-3.49148133884314E-15));
#9428=DIRECTION('',(0.,0.,-1.));
#9429=DIRECTION('',(1.,-4.33680868994201E-15,0.));
#9430=DIRECTION('',(0.,-3.49148133884314E-15,1.));
#9431=DIRECTION('',(0.,0.,1.));
#9432=DIRECTION('',(1.,3.49148133884314E-15,0.));
#9433=DIRECTION('',(1.,0.,0.));
#9434=DIRECTION('',(0.,-1.,-3.3881317890172E-15));
#9435=DIRECTION('',(-1.,3.61394601875787E-15,1.26180250840795E-29));
#9436=DIRECTION('',(1.,-3.61394601875787E-15,-1.26180250840795E-29));
#9437=DIRECTION('',(2.52484921591011E-15,-0.698640544934846,0.715472842931961));
#9438=DIRECTION('',(-2.58568023224334E-15,0.715472842931961,0.698640544934846));
#9439=DIRECTION('',(1.,-3.61394601875787E-15,-1.26180250840795E-29));
#9440=DIRECTION('',(3.61292209296348E-15,-0.999716673744136,0.0238027779462852));
#9441=DIRECTION('',(-8.60219545943679E-17,0.0238027779462852,0.999716673744136));
#9442=DIRECTION('',(-1.,3.61394601875787E-15,1.26180250840795E-29));
#9443=DIRECTION('',(1.,0.,0.));
#9444=DIRECTION('',(0.,-1.,3.49148133884314E-15));
#9445=DIRECTION('',(-3.49148133884314E-15,-1.,-3.36387970534623E-15));
#9446=DIRECTION('',(-3.61394601875787E-15,-1.,-3.77018739561785E-15));
#9447=DIRECTION('',(-0.707106781186548,-0.707106781186548,0.));
#9448=DIRECTION('',(-0.707106781186548,0.707106781186548,-2.46885013108229E-15));
#9449=DIRECTION('',(-3.49148133884307E-15,0.,-1.));
#9450=DIRECTION('',(-0.707106781186541,0.707106781186555,-8.66561630048918E-17));
#9451=DIRECTION('',(0.,-3.49148133884314E-15,-1.));
#9452=DIRECTION('',(0.70710678118654,-0.707106781186555,2.46885013108229E-15));
#9453=DIRECTION('',(0.,-3.49148133884314E-15,-1.));
#9454=DIRECTION('',(0.707106781186541,-0.707106781186555,2.41247904958658E-15));
#9455=DIRECTION('',(0.,-1.,0.));
#9456=DIRECTION('',(-1.,0.,-3.65713258184695E-29));
#9457=DIRECTION('',(-1.,1.04744440165294E-14,-1.28364647636227E-30));
#9458=DIRECTION('',(0.,-3.49148133884314E-15,-1.));
#9459=DIRECTION('',(1.,-1.04744440165294E-14,3.65713258184695E-29));
#9460=DIRECTION('',(0.707106781186548,-0.707106781186548,0.));
#9461=DIRECTION('',(-0.707106781186548,-0.707106781186548,2.46885013108224E-15));
#9462=DIRECTION('',(-3.49148133884322E-15,0.,1.));
#9463=DIRECTION('',(0.707106781186556,0.70710678118654,-2.41247904958653E-15));
#9464=DIRECTION('',(0.,-3.49148133884314E-15,-1.));
#9465=DIRECTION('',(0.707106781186556,0.70710678118654,-2.46885013108224E-15));
#9466=DIRECTION('',(-0.707106781186556,-0.70710678118654,8.66561630048899E-17));
#9467=DIRECTION('',(0.,0.,1.));
#9468=DIRECTION('',(-1.04744440165294E-14,-1.,0.));
#9469=DIRECTION('',(-1.,0.,-8.3503051163963E-31));
#9470=DIRECTION('',(-1.0203393473408E-14,-1.,3.41176059086626E-15));
#9471=DIRECTION('',(1.,-1.04744440165294E-14,3.65713258184695E-29));
#9472=DIRECTION('',(1.04744440165294E-14,1.,-3.41176059086626E-15));
#9473=DIRECTION('',(0.,0.,1.));
#9474=DIRECTION('',(-1.04744440165294E-14,-1.,0.));
#9475=DIRECTION('',(-1.,0.,-8.3503051163963E-31));
#9476=DIRECTION('',(1.04744440165294E-14,1.,-3.41176059086626E-15));
#9477=DIRECTION('',(1.,-1.04744440165294E-14,3.65713258184695E-29));
#9478=DIRECTION('',(1.04744440165294E-14,1.,-3.41176059086626E-15));
#9479=DIRECTION('',(-1.,0.,0.));
#9480=DIRECTION('',(0.,1.,-3.49148133884314E-15));
#9481=DIRECTION('',(3.65713258184695E-29,0.,-1.));
#9482=DIRECTION('',(1.04744440165294E-14,1.,-1.2255032098473E-16));
#9483=DIRECTION('',(1.,-1.04744440165294E-14,3.65713258184695E-29));
#9484=DIRECTION('',(1.0842021724855E-14,1.,-3.4849355544177E-15));
#9485=DIRECTION('',(1.04744440165294E-14,1.,-2.40727916635763E-15));
#9486=DIRECTION('',(0.,3.49148133884314E-15,1.));
#9487=DIRECTION('',(1.,0.,0.));
#9488=DIRECTION('',(0.,1.,-3.49148133884314E-15));
#9489=DIRECTION('',(-3.65713258184695E-29,0.,1.));
#9490=DIRECTION('',(0.,3.49148133884314E-15,1.));
#9491=DIRECTION('',(1.04744440165294E-14,1.,-2.40727916635763E-15));
#9492=DIRECTION('',(1.,-1.04744440165294E-14,3.65713258184695E-29));
#9493=DIRECTION('',(1.0842021724855E-14,1.,-3.4849355544177E-15));
#9494=DIRECTION('',(-1.04744440165294E-14,-1.,1.2255032098473E-16));
#9495=DIRECTION('',(1.,0.,0.));
#9496=DIRECTION('',(0.,-1.,3.48493555441769E-15));
#9497=DIRECTION('',(1.,-1.04744440165294E-14,3.65713258184695E-29));
#9498=DIRECTION('',(-1.,1.04744440165294E-14,-3.65713258184695E-29));
#9499=DIRECTION('',(0.,0.,-1.));
#9500=DIRECTION('',(-1.,3.49148133884314E-15,0.));
#9501=DIRECTION('',(-1.0203393473408E-14,-1.,3.49148133884314E-15));
#9502=DIRECTION('',(1.04744440165294E-14,1.,-3.49148133884314E-15));
#9503=DIRECTION('',(1.,-1.04744440165294E-14,3.65713258184695E-29));
#9504=DIRECTION('',(1.,-1.04744440165294E-14,3.65713258184695E-29));
#9505=DIRECTION('',(0.,-1.,0.));
#9506=DIRECTION('',(-1.,0.,-3.65713258184695E-29));
#9507=DIRECTION('',(0.,-3.49148133884314E-15,-1.));
#9508=DIRECTION('',(0.,-1.,0.));
#9509=DIRECTION('',(-1.,0.,-3.65713258184695E-29));
#9510=DIRECTION('',(0.,-3.49148133884314E-15,-1.));
#9511=DIRECTION('',(1.,0.,0.));
#9512=DIRECTION('',(0.,-1.,3.49148133884314E-15));
#9513=DIRECTION('',(-1.,0.,0.));
#9514=DIRECTION('',(0.,1.,-3.49148133884314E-15));
#9515=DIRECTION('',(0.,0.707106781186548,0.707106781186548));
#9516=DIRECTION('',(2.46885013108227E-15,0.707106781186548,-0.707106781186548));
#9517=DIRECTION('',(-1.,3.52912724760998E-15,-4.32495676990561E-31));
#9518=DIRECTION('',(-0.577350269189628,-0.577350269189622,0.577350269189628));
#9519=DIRECTION('',(1.,-3.49148133884314E-15,-3.76459087668456E-17));
#9520=DIRECTION('',(-0.577350269189624,0.577350269189626,-0.577350269189628));
#9521=DIRECTION('',(0.707106781186548,0.,0.707106781186548));
#9522=DIRECTION('',(0.707106781186548,-4.93770026216453E-15,-0.707106781186548));
#9523=DIRECTION('',(1.2255032098473E-16,1.,-1.2255032098473E-16));
#9524=DIRECTION('',(-0.577350269189624,0.57735026918963,0.577350269189624));
#9525=DIRECTION('',(-3.49148133884314E-15,-1.,3.49148133884314E-15));
#9526=DIRECTION('',(-0.707106781186548,0.,0.707106781186548));
#9527=DIRECTION('',(0.707106781186548,7.88860905221011E-31,0.707106781186548));
#9528=DIRECTION('',(-6.86041235670154E-15,-1.,1.2255032098473E-16));
#9529=DIRECTION('',(3.49148133884314E-15,1.,-3.49148133884314E-15));
#9530=DIRECTION('',(-0.577350269189628,-0.577350269189626,-0.577350269189624));
#9531=DIRECTION('',(0.,0.707106781186548,-0.707106781186548));
#9532=DIRECTION('',(-2.46885013108227E-15,-0.707106781186548,-0.707106781186548));
#9533=DIRECTION('',(1.,-3.45383543007628E-15,4.23268640584284E-31));
#9534=DIRECTION('',(-1.,3.49148133884314E-15,3.76459087668456E-17));
#9535=DIRECTION('',(0.,0.,1.));
#9536=DIRECTION('',(-1.,3.49148133884314E-15,0.));
#9537=DIRECTION('',(0.,0.,1.));
#9538=DIRECTION('',(-1.04744440165294E-14,-1.,0.));
#9539=DIRECTION('',(-1.,0.,-8.35030511639631E-31));
#9540=DIRECTION('',(-1.04744440165294E-14,-1.,3.41176059086626E-15));
#9541=DIRECTION('',(1.,-1.04744440165294E-14,3.65713258184695E-29));
#9542=DIRECTION('',(-1.04744440165294E-14,-1.,3.41176059086626E-15));
#9543=DIRECTION('',(1.,0.,0.));
#9544=DIRECTION('',(0.,-1.,3.48493555441769E-15));
#9545=DIRECTION('',(-1.,1.04744440165294E-14,1.6427305643716E-16));
#9546=DIRECTION('',(1.93607530800983E-16,3.87215061601966E-15,1.));
#9547=DIRECTION('',(1.,-1.04744440165294E-14,3.65713258184695E-29));
#9548=DIRECTION('',(-1.,1.04744440165294E-14,-1.64273056437233E-16));
#9549=DIRECTION('',(0.,3.87215061601966E-15,1.));
#9550=DIRECTION('',(-1.,1.04744440165294E-14,-3.65713258184695E-29));
#9551=DIRECTION('',(-1.,0.,0.));
#9552=DIRECTION('',(0.,3.49148133884313E-15,1.));
#9553=DIRECTION('',(-1.64273056437196E-16,-3.49148133884313E-15,-1.));
#9554=DIRECTION('',(1.04744440165294E-14,1.,-4.57568351132864E-15));
#9555=DIRECTION('',(1.04744440165294E-14,1.,-1.2255032098473E-16));
#9556=DIRECTION('',(-1.6427305643716E-16,0.,-1.));
#9557=DIRECTION('',(1.,0.,0.));
#9558=DIRECTION('',(0.,3.49148133884314E-15,1.));
#9559=DIRECTION('',(-1.04744440165294E-14,-1.,1.2255032098473E-16));
#9560=DIRECTION('',(1.04744440165294E-14,1.,-4.57568351132864E-15));
#9561=DIRECTION('',(1.64273056437196E-16,-3.49148133884314E-15,-1.));
#9562=DIRECTION('',(-1.64273056437233E-16,0.,1.));
#9563=DIRECTION('',(0.,0.,-1.));
#9564=DIRECTION('',(-1.,3.49148133884314E-15,0.));
#9565=DIRECTION('',(1.,-1.04744440165294E-14,3.65713258184695E-29));
#9566=DIRECTION('',(0.,-1.,0.));
#9567=DIRECTION('',(-1.,0.,-3.65713258184695E-29));
#9568=DIRECTION('',(0.,0.,-1.));
#9569=DIRECTION('',(-1.,-3.49148133884314E-15,0.));
#9570=DIRECTION('',(1.,0.,0.));
#9571=DIRECTION('',(-1.,0.,0.));
#9572=DIRECTION('',(0.,1.,-3.49148133884314E-15));
#9573=DIRECTION('',(-1.,1.04744440165294E-14,-3.65713258184695E-29));
#9574=DIRECTION('',(1.0842021724855E-14,1.,-3.3881317890172E-15));
#9575=DIRECTION('',(-2.49320865036308E-16,-0.0238027779462878,0.999716673744136));
#9576=DIRECTION('',(-7.58074839741345E-15,-0.723737544966632,0.690075333572844));
#9577=DIRECTION('',(-1.,1.04744440165294E-14,-3.65713258184695E-29));
#9578=DIRECTION('',(1.00080200537196E-14,1.,-5.42101086243145E-15));
#9579=DIRECTION('',(1.61337106587325E-29,-1.95118854303723E-15,-1.));
#9580=DIRECTION('',(-9.07113460883243E-15,-0.866025403784446,-0.499999999999987));
#9581=DIRECTION('',(-4.86017863687726E-29,-8.13151629364127E-15,-1.));
#9582=DIRECTION('',(1.,-1.04744440165294E-14,3.65713258184695E-29));
#9583=DIRECTION('',(1.15648231731787E-14,1.,-3.61400724161835E-15));
#9584=DIRECTION('',(-2.47081549247671E-15,-0.235889894354063,0.971779788708136));
#9585=DIRECTION('',(-1.,1.04744440165294E-14,-3.65713258184695E-29));
#9586=DIRECTION('',(1.0842021724855E-14,1.,1.01643953670516E-15));
#9587=DIRECTION('',(-7.49418023863798E-15,-0.71547284293196,0.698640544934846));
#9588=DIRECTION('',(1.,0.,0.));
#9589=DIRECTION('',(0.,-1.,3.33600668457079E-15));
#9590=DIRECTION('',(1.,-1.04744440165294E-14,3.65713258184695E-29));
#9591=DIRECTION('',(-1.,1.04744440165294E-14,-3.65713258184695E-29));
#9592=DIRECTION('',(-1.01788529932181E-14,-0.971779788708136,-0.235889894354063));
#9593=DIRECTION('',(2.47081549247671E-15,0.235889894354063,-0.971779788708136));
#9594=DIRECTION('',(1.,-1.04744440165294E-14,3.65713258184695E-29));
#9595=DIRECTION('',(1.,0.,0.));
#9596=DIRECTION('',(0.,1.,0.));
#9597=DIRECTION('',(8.11172497021355E-30,0.,1.));
#9598=DIRECTION('',(1.,-1.04744440165294E-14,3.65713258184695E-29));
#9599=DIRECTION('',(1.,-1.04744440165294E-14,3.65713258184695E-29));
#9600=DIRECTION('',(-5.23722200826473E-15,-0.5,0.866025403784439));
#9601=DIRECTION('',(-9.07113460883236E-15,-0.866025403784439,-0.5));
#9602=DIRECTION('',(1.,-1.04744440165294E-14,3.65713258184695E-29));
#9603=DIRECTION('',(0.,-1.,0.));
#9604=DIRECTION('',(-1.,0.,-3.65713258184695E-29));
#9605=DIRECTION('',(1.,0.,0.));
#9606=DIRECTION('',(0.,-1.,3.61400724161835E-15));
#9607=DIRECTION('',(-1.,0.,0.));
#9608=DIRECTION('',(0.,1.,-3.49148133884314E-15));
#9609=DIRECTION('',(0.,0.715472842931964,-0.698640544934842));
#9610=DIRECTION('',(-1.,1.04744440165294E-14,-3.65713258184695E-29));
#9611=DIRECTION('',(1.0842021724855E-14,1.,-1.62630325872826E-15));
#9612=DIRECTION('',(-1.,0.,0.));
#9613=DIRECTION('',(0.,0.,1.));
#9614=DIRECTION('',(-2.52484921591011E-15,0.698640544934842,0.715472842931964));
#9615=DIRECTION('',(-7.49430523064605E-15,-0.715472842931964,0.698640544934842));
#9616=DIRECTION('',(1.,0.,0.));
#9617=DIRECTION('',(-1.,3.4497201722825E-15,-6.89748555196462E-15));
#9618=DIRECTION('',(0.,0.,1.));
#9619=DIRECTION('',(1.,-3.25260651745652E-15,0.));
#9620=DIRECTION('',(0.,3.49148133884314E-15,1.));
#9621=DIRECTION('',(0.,-3.49148133884314E-15,-1.));
#9622=DIRECTION('',(-1.,3.25260651745652E-15,-1.15555796663234E-29));
#9623=DIRECTION('',(0.,3.49148133884314E-15,1.));
#9624=DIRECTION('',(0.,3.49148133884314E-15,1.));
#9625=DIRECTION('',(-1.,3.25260651745652E-15,0.));
#9626=DIRECTION('',(0.,0.,1.));
#9627=DIRECTION('',(-1.04744440165294E-14,-1.,0.));
#9628=DIRECTION('',(3.49148133884314E-15,1.,-3.49148133884314E-15));
#9629=DIRECTION('',(-1.,3.49148133884314E-15,-1.21904419394898E-29));
#9630=DIRECTION('',(-3.49148133884314E-15,-1.,3.49148133884314E-15));
#9631=DIRECTION('',(1.,-3.49148133884314E-15,1.21904419394898E-29));
#9632=DIRECTION('',(0.,0.,-1.));
#9633=DIRECTION('',(-1.,3.61400724161834E-15,0.));
#9634=DIRECTION('',(0.,3.49148133884314E-15,1.));
#9635=DIRECTION('',(0.,3.49148133884314E-15,1.));
#9636=DIRECTION('',(-1.,3.61400724161834E-15,-1.28395329625815E-29));
#9637=DIRECTION('',(0.,3.49148133884314E-15,1.));
#9638=DIRECTION('',(0.,-3.49148133884314E-15,-1.));
#9639=DIRECTION('',(-1.,3.61400724161834E-15,0.));
#9640=DIRECTION('',(0.,-1.,0.));
#9641=DIRECTION('',(1.,0.,1.34522658237453E-29));
#9642=DIRECTION('',(1.,-3.85288206300497E-15,1.34522658237453E-29));
#9643=DIRECTION('',(-3.85288206300497E-15,-1.,3.85288206300497E-15));
#9644=DIRECTION('',(0.,3.87215061601966E-15,1.));
#9645=DIRECTION('',(-1.,3.49148133884314E-15,-1.21904419394898E-29));
#9646=DIRECTION('',(3.85288206300497E-15,1.,-3.49148133884314E-15));
#9647=DIRECTION('',(-1.,4.06575814682065E-15,0.));
#9648=DIRECTION('',(-1.,3.85288206300497E-15,-1.34522658237453E-29));
#9649=DIRECTION('',(0.,-1.,0.));
#9650=DIRECTION('',(-1.,0.,0.));
#9651=DIRECTION('',(3.49148133884314E-15,1.,-2.76867989051947E-15));
#9652=DIRECTION('',(0.,-3.09772049281573E-15,-1.));
#9653=DIRECTION('',(3.49148133884314E-15,1.,-2.76867989051947E-15));
#9654=DIRECTION('',(-3.09772049281573E-15,-3.09772049281573E-15,-1.));
#9655=DIRECTION('',(-3.49148133884314E-15,-1.,3.49148133884314E-15));
#9656=DIRECTION('',(-3.85288206300497E-15,-1.,3.85288206300497E-15));
#9657=DIRECTION('',(-3.09772049281573E-15,3.87215061601966E-15,1.));
#9658=DIRECTION('',(3.49148133884314E-15,1.,-3.49148133884314E-15));
#9659=DIRECTION('',(0.,-1.,0.));
#9660=DIRECTION('',(-2.52364776851088E-30,0.,1.));
#9661=DIRECTION('',(-3.49148133884314E-15,-1.,2.76867989051947E-15));
#9662=DIRECTION('',(0.,2.71050543121376E-15,1.));
#9663=DIRECTION('',(-1.,3.49148133884314E-15,-1.21904419394898E-29));
#9664=DIRECTION('',(-1.,3.49148133884314E-15,-1.21904419394898E-29));
#9665=DIRECTION('',(1.,-3.49148133884314E-15,1.21904419394898E-29));
#9666=DIRECTION('',(1.,0.,0.));
#9667=DIRECTION('',(0.,1.,-3.49148133884314E-15));
#9668=DIRECTION('',(0.,-3.49148133884314E-15,-1.));
#9669=DIRECTION('',(-1.,3.57120208682001E-15,-1.24687854433697E-29));
#9670=DIRECTION('',(0.,-1.,3.5236570605779E-15));
#9671=DIRECTION('',(-3.57120208682001E-15,-1.,3.49148133884314E-15));
#9672=DIRECTION('',(3.57120208682001E-15,1.,-3.49148133884314E-15));
#9673=DIRECTION('',(0.,3.49148133884314E-15,1.));
#9674=DIRECTION('',(-1.,0.,0.));
#9675=DIRECTION('',(0.,-1.,3.49148133884314E-15));
#9676=DIRECTION('',(0.,3.49148133884314E-15,1.));
#9677=DIRECTION('',(0.,3.49148133884314E-15,1.));
#9678=DIRECTION('',(-3.77679770002353E-15,-1.,3.49148133884314E-15));
#9679=DIRECTION('',(3.77679770002353E-15,1.,-3.49148133884314E-15));
#9680=DIRECTION('',(0.,0.,-1.));
#9681=DIRECTION('',(-1.,3.49148133884314E-15,0.));
#9682=DIRECTION('',(-1.,3.49148133884314E-15,-1.21904419394898E-29));
#9683=DIRECTION('',(0.,-1.,0.));
#9684=DIRECTION('',(-1.,0.,-3.65713258184695E-29));
#9685=DIRECTION('',(-1.,0.,0.));
#9686=DIRECTION('',(0.,1.,-3.3881317890172E-15));
#9687=DIRECTION('',(1.,-3.49148133884314E-15,1.21904419394898E-29));
#9688=DIRECTION('',(2.71050543121376E-15,1.,-3.3881317890172E-15));
#9689=DIRECTION('',(-0.707106781186548,-0.494013466935293,-0.505915698992008));
#9690=DIRECTION('',(0.707106781186548,-0.494013466935295,-0.505915698992005));
#9691=DIRECTION('',(2.58568023224334E-15,0.715472842931961,-0.698640544934846));
#9692=DIRECTION('',(-0.572714172304562,-0.819755132244685,2.54473821262255E-15));
#9693=DIRECTION('',(-2.58568023224334E-15,-0.715472842931961,0.698640544934846));
#9694=DIRECTION('',(-0.707106781186548,-0.494013466935293,-0.505915698992008));
#9695=DIRECTION('',(2.58568023224334E-15,0.715472842931961,-0.698640544934846));
#9696=DIRECTION('',(-1.,0.,0.));
#9697=DIRECTION('',(0.,1.,-3.3881317890172E-15));
#9698=DIRECTION('',(-0.707106781186549,-0.706906439269737,-0.0168311056968958));
#9699=DIRECTION('',(1.,-3.49148133884314E-15,1.21904419394898E-29));
#9700=DIRECTION('',(2.71050543121376E-15,1.,-3.3881317890172E-15));
#9701=DIRECTION('',(-1.,3.61394601875787E-15,-1.26180250840795E-29));
#9702=DIRECTION('',(3.33600668457079E-15,1.,-3.33600668457079E-15));
#9703=DIRECTION('',(0.707106781186547,-0.706906439269739,-0.0168311056968958));
#9704=DIRECTION('',(8.60219545943679E-17,0.0238027779462852,-0.999716673744136));
#9705=DIRECTION('',(0.707006588939331,0.707206959239212,-2.64751509195441E-15));
#9706=DIRECTION('',(0.577350269189626,0.590929230954281,-0.563444150444788));
#9707=DIRECTION('',(8.60219545943679E-17,0.0238027779462852,-0.999716673744136));
#9708=DIRECTION('',(-8.60219545943679E-17,-0.0238027779462852,0.999716673744136));
#9709=DIRECTION('',(-1.,0.,0.));
#9710=DIRECTION('',(0.,1.,-3.49148133884314E-15));
#9711=DIRECTION('',(2.65093025855188E-15,0.759256602365295,-0.650791373455971));
#9712=DIRECTION('',(3.49148133884314E-15,1.,-3.49148133884314E-15));
#9713=DIRECTION('',(0.,3.49148133884314E-15,1.));
#9714=DIRECTION('',(-3.49148133884314E-15,-1.,4.46240865748687E-15));
#9715=DIRECTION('',(-2.95144467157546E-30,-4.33680868994202E-15,-1.));
#9716=DIRECTION('',(-4.33680868994202E-15,-1.,4.33680868994202E-15));
#9717=DIRECTION('',(-3.49148133884314E-15,-1.,3.49148133884314E-15));
#9718=DIRECTION('',(-1.,3.25260651745652E-15,4.33680868994203E-15));
#9719=DIRECTION('',(-0.184238093839777,-0.0233953135034665,-0.982603167145496));
#9720=DIRECTION('',(0.982872186934323,-4.33680868994203E-15,-0.184288535050183));
#9721=DIRECTION('',(-1.,3.49148133884314E-15,-1.21904419394898E-29));
#9722=DIRECTION('',(-4.33680868994202E-15,-1.,4.33680868994202E-15));
#9723=DIRECTION('',(-0.184238093839777,-0.0233953135034672,-0.982603167145496));
#9724=DIRECTION('',(-0.982872186934323,4.33680868994203E-15,0.184288535050183));
#9725=DIRECTION('',(-0.0925158275068225,-0.0237006929251808,-0.995429102857453));
#9726=DIRECTION('',(-0.995711213987634,0.00220213369866581,0.0924896153438068));
#9727=DIRECTION('',(0.184238093839777,0.0233953135034672,0.982603167145496));
#9728=DIRECTION('',(-0.184238093839777,-0.0233953135034672,-0.982603167145496));
#9729=DIRECTION('',(8.31069550120953E-17,0.0238027779462926,0.999716673744136));
#9730=DIRECTION('',(4.33680868994202E-15,0.999716673744136,-0.0238027779462927));
#9731=DIRECTION('',(-8.31069550120953E-17,-0.0238027779462926,-0.999716673744136));
#9732=DIRECTION('',(-8.31069550120966E-17,-0.0238027779462929,-0.999716673744136));
#9733=DIRECTION('',(4.33680868994202E-15,0.999716673744136,-0.0238027779462927));
#9734=DIRECTION('',(8.31069550120953E-17,0.0238027779462926,0.999716673744136));
#9735=DIRECTION('',(-3.49148133884314E-15,-1.,3.49148133884314E-15));
#9736=DIRECTION('',(-1.,0.,0.));
#9737=DIRECTION('',(0.,1.,-3.61400724161835E-15));
#9738=DIRECTION('',(-1.70346490792218E-15,-0.341989656105864,-0.939703716666372));
#9739=DIRECTION('',(4.33680868994202E-15,0.939703716666372,-0.341989656105864));
#9740=DIRECTION('',(1.,-3.49148133884314E-15,1.21904419394898E-29));
#9741=DIRECTION('',(2.71050543121376E-15,1.,-3.3881317890172E-15));
#9742=DIRECTION('',(-1.,3.49148133884314E-15,-1.21904419394898E-29));
#9743=DIRECTION('',(3.33600668457079E-15,1.,-3.33600668457079E-15));
#9744=DIRECTION('',(-0.410588985685139,-0.661748445509112,-0.62730031061711));
#9745=DIRECTION('',(0.,0.687964668211215,-0.725744180337006));
#9746=DIRECTION('',(0.707106781186548,0.707106781186548,0.));
#9747=DIRECTION('',(-1.74574066942157E-15,1.74574066942157E-15,1.));
#9748=DIRECTION('',(0.707106781186544,-0.707106781186552,2.46885013108228E-15));
#9749=DIRECTION('',(0.,3.49148133884314E-15,1.));
#9750=DIRECTION('',(0.707106781186545,-0.707106781186551,2.46885013108228E-15));
#9751=DIRECTION('',(0.,-3.49148133884314E-15,-1.));
#9752=DIRECTION('',(0.,0.,-1.));
#9753=DIRECTION('',(-1.,4.33680868994201E-15,0.));
#9754=DIRECTION('',(2.22674803103902E-30,-2.85371535502813E-15,-1.));
#9755=DIRECTION('',(0.,1.,-2.71050543121376E-15));
#9756=DIRECTION('',(0.,-3.49148133884314E-15,-1.));
#9757=DIRECTION('',(0.,-3.49148133884314E-15,-1.));
#9758=DIRECTION('',(1.,-4.33680868994201E-15,0.));
#9759=DIRECTION('',(0.,3.49148133884314E-15,1.));
#9760=DIRECTION('',(0.,1.,0.));
#9761=DIRECTION('',(1.,0.,-4.27796903064577E-31));
#9762=DIRECTION('',(1.,-3.49148133884314E-15,1.21904419394898E-29));
#9763=DIRECTION('',(0.,1.,-3.52365706057789E-15));
#9764=DIRECTION('',(3.49148133884314E-15,1.,-3.49148133884314E-15));
#9765=DIRECTION('',(1.,-3.09772049281572E-15,0.));
#9766=DIRECTION('',(-3.49148133884314E-15,-1.,3.49148133884314E-15));
#9767=DIRECTION('',(1.,-3.61400724161835E-15,0.));
#9768=DIRECTION('',(-1.,0.,0.));
#9769=DIRECTION('',(0.,1.,-3.52365706057789E-15));
#9770=DIRECTION('',(-1.,3.49148133884314E-15,-1.21904419394898E-29));
#9771=DIRECTION('',(1.,-3.49148133884314E-15,1.21904419394898E-29));
#9772=DIRECTION('',(0.,0.707106781186548,0.707106781186548));
#9773=DIRECTION('',(2.46885013108228E-15,0.707106781186548,-0.707106781186548));
#9774=DIRECTION('',(-1.,3.49148133884314E-15,-1.21904419394898E-29));
#9775=DIRECTION('',(2.46885013108228E-15,0.707106781186548,-0.707106781186547));
#9776=DIRECTION('',(1.,-3.49148133884314E-15,1.21904419394898E-29));
#9777=DIRECTION('',(2.46885013108228E-15,0.707106781186548,-0.707106781186547));
#9778=DIRECTION('',(0.,0.,1.));
#9779=DIRECTION('',(1.,-5.42101086242763E-15,0.));
#9780=DIRECTION('',(0.70710678118655,-4.93770026216453E-15,-0.707106781186545));
#9781=DIRECTION('',(0.,3.49148133884314E-15,1.));
#9782=DIRECTION('',(1.,-3.25260651745651E-15,0.));
#9783=DIRECTION('',(0.,-3.49148133884314E-15,-1.));
#9784=DIRECTION('',(1.,-5.42101086242763E-15,0.));
#9785=DIRECTION('',(3.12287584633009E-15,0.894427190999914,-0.447213595499963));
#9786=DIRECTION('',(-1.56143792316505E-15,-0.447213595499963,-0.894427190999914));
#9787=DIRECTION('',(-1.56143792316505E-15,-0.447213595499963,-0.894427190999914));
#9788=DIRECTION('',(1.,-3.49148133884314E-15,1.21904419394898E-29));
#9789=DIRECTION('',(-0.666666666666665,0.33333333333334,0.666666666666665));
#9790=DIRECTION('',(1.,-3.49148133884314E-15,1.21904419394898E-29));
#9791=DIRECTION('',(0.,0.,1.));
#9792=DIRECTION('',(1.,-3.49148133884314E-15,0.));
#9793=DIRECTION('',(3.49148133884314E-15,1.,-3.49148133884314E-15));
#9794=DIRECTION('',(0.,3.49148133884314E-15,1.));
#9795=DIRECTION('',(1.,-4.33680868994201E-15,0.));
#9796=DIRECTION('',(-1.,3.49148133884314E-15,-1.21904419394898E-29));
#9797=DIRECTION('',(-3.49148133884314E-15,-1.,3.49148133884314E-15));
#9798=DIRECTION('',(-1.,3.49148133884314E-15,-1.21904419394898E-29));
#9799=DIRECTION('',(3.49148133884314E-15,1.,-3.49148133884314E-15));
#9800=DIRECTION('',(1.,0.,0.));
#9801=DIRECTION('',(0.,-1.,3.49148133884314E-15));
#9802=DIRECTION('',(-2.65093025855188E-15,-0.759256602365295,0.650791373455971));
#9803=DIRECTION('',(0.,3.49148133884314E-15,1.));
#9804=DIRECTION('',(-3.49148133884314E-15,-1.,3.49148133884314E-15));
#9805=DIRECTION('',(1.,0.,0.));
#9806=DIRECTION('',(0.,-1.,3.49148133884314E-15));
#9807=DIRECTION('',(3.3360066845708E-15,1.,-3.3360066845708E-15));
#9808=DIRECTION('',(0.,-3.49148133884314E-15,-1.));
#9809=DIRECTION('',(1.79635232898922E-15,0.514495755427525,-0.857492925712545));
#9810=DIRECTION('',(3.49148133884314E-15,1.,-3.49148133884314E-15));
#9811=DIRECTION('',(0.,0.,-1.));
#9812=DIRECTION('',(-1.,3.25260651745652E-15,0.));
#9813=DIRECTION('',(0.,3.49148133884314E-15,1.));
#9814=DIRECTION('',(0.707106781186548,0.,0.707106781186548));
#9815=DIRECTION('',(0.707106781186548,0.,-0.707106781186548));
#9816=DIRECTION('',(0.,-3.49148133884314E-15,-1.));
#9817=DIRECTION('',(-2.27222593590161E-15,-0.650791373455971,-0.759256602365295));
#9818=DIRECTION('',(-2.65093025855188E-15,-0.759256602365295,0.650791373455971));
#9819=DIRECTION('',(1.,-3.49148133884314E-15,1.21904419394898E-29));
#9820=DIRECTION('',(-1.,3.49148133884314E-15,-1.21904419394898E-29));
#9821=DIRECTION('',(-1.,3.49148133884314E-15,-1.21904419394898E-29));
#9822=DIRECTION('',(-0.545454545454547,-0.636363636363633,0.545454545454547));
#9823=DIRECTION('',(0.,1.,0.));
#9824=DIRECTION('',(-1.,0.,0.));
#9825=DIRECTION('',(3.49148133884314E-15,1.,-3.49148133884314E-15));
#9826=DIRECTION('',(0.,-0.707106781186548,-0.707106781186548));
#9827=DIRECTION('',(0.,0.707106781186548,-0.707106781186548));
#9828=DIRECTION('',(-3.49148133884314E-15,-1.,3.49148133884314E-15));
#9829=DIRECTION('',(0.,-1.,0.));
#9830=DIRECTION('',(1.,0.,1.34522658237453E-29));
#9831=DIRECTION('',(0.,3.49148133884314E-15,1.));
#9832=DIRECTION('',(-1.,3.49148133884314E-15,-1.21904419394898E-29));
#9833=DIRECTION('',(0.,-1.,0.));
#9834=DIRECTION('',(-2.52364776851088E-30,0.,1.));
#9835=DIRECTION('',(-1.,3.49148133884314E-15,-1.21904419394898E-29));
#9836=DIRECTION('',(0.,-3.49148133884314E-15,-1.));
#9837=DIRECTION('',(0.,0.707106781186548,0.707106781186548));
#9838=DIRECTION('',(2.46885013108227E-15,0.707106781186548,-0.707106781186548));
#9839=DIRECTION('',(-2.46885013108227E-15,-0.707106781186545,0.70710678118655));
#9840=DIRECTION('',(-2.46885013108227E-15,-0.707106781186545,0.70710678118655));
#9841=DIRECTION('',(-1.,3.49148133884314E-15,-1.21904419394898E-29));
#9842=DIRECTION('',(0.,-0.707106781186548,0.707106781186548));
#9843=DIRECTION('',(2.46885013108227E-15,0.707106781186548,0.707106781186548));
#9844=DIRECTION('',(-2.46885013108227E-15,-0.70710678118655,-0.707106781186545));
#9845=DIRECTION('',(-1.,3.49148133884314E-15,-1.21904419394898E-29));
#9846=DIRECTION('',(-2.46885013108227E-15,-0.70710678118655,-0.707106781186545));
#9847=DIRECTION('',(0.,0.707106781186548,-0.707106781186548));
#9848=DIRECTION('',(0.,0.707106781186548,0.707106781186548));
#9849=DIRECTION('',(0.,1.,0.));
#9850=DIRECTION('',(1.,0.,1.21904419394898E-29));
#9851=DIRECTION('',(0.707106781186548,-4.93770026216453E-15,-0.707106781186548));
#9852=DIRECTION('',(0.,-3.49148133884314E-15,-1.));
#9853=DIRECTION('',(0.,0.,-1.));
#9854=DIRECTION('',(-1.,-3.49148133884314E-15,0.));
#9855=DIRECTION('',(0.,0.,1.));
#9856=DIRECTION('',(1.,3.49148133884314E-15,0.));
#9857=DIRECTION('',(-1.,3.49148133884314E-15,-1.21904419394898E-29));
#9858=DIRECTION('',(-1.,3.49148133884314E-15,-1.21904419394898E-29));
#9859=DIRECTION('',(1.,0.,0.));
#9860=DIRECTION('',(0.,1.,3.49148133884314E-15));
#9861=DIRECTION('',(-3.49148133884314E-15,-1.,2.85371535502813E-15));
#9862=DIRECTION('',(0.,0.,1.));
#9863=DIRECTION('',(-3.49148133884314E-15,1.,0.));
#9864=DIRECTION('',(-1.,3.49148133884314E-15,-1.21904419394898E-29));
#9865=DIRECTION('',(-2.22674803103902E-30,2.85371535502813E-15,1.));
#9866=DIRECTION('',(0.,1.,-2.71050543121376E-15));
#9867=DIRECTION('',(-3.49148133884314E-15,-1.,2.85371535502813E-15));
#9868=DIRECTION('',(0.,0.,-1.));
#9869=DIRECTION('',(-1.,4.33680868994201E-15,0.));
#9870=DIRECTION('',(0.,3.49148133884314E-15,1.));
#9871=DIRECTION('',(0.,-3.49148133884314E-15,-1.));
#9872=DIRECTION('',(1.,0.,0.));
#9873=DIRECTION('',(0.,1.,-3.3881317890172E-15));
#9874=DIRECTION('',(1.,-3.61394601875787E-15,1.26180250840795E-29));
#9875=DIRECTION('',(-1.,3.61394601875787E-15,-1.26180250840795E-29));
#9876=DIRECTION('',(2.52484921591011E-15,0.698640544934846,0.715472842931961));
#9877=DIRECTION('',(-2.58568023224334E-15,-0.715472842931961,0.698640544934846));
#9878=DIRECTION('',(-1.,3.61394601875787E-15,-1.26180250840795E-29));
#9879=DIRECTION('',(3.61292209296348E-15,0.999716673744136,0.0238027779462852));
#9880=DIRECTION('',(-8.60219545943679E-17,-0.0238027779462852,0.999716673744136));
#9881=DIRECTION('',(1.,-3.61394601875787E-15,1.26180250840795E-29));
#9882=DIRECTION('',(1.,0.,0.));
#9883=DIRECTION('',(0.,-1.,4.33680868994202E-15));
#9884=DIRECTION('',(-1.,3.61394601875787E-15,-1.26180250840795E-29));
#9885=DIRECTION('',(1.,-3.61394601875787E-15,1.26180250840795E-29));
#9886=DIRECTION('',(1.,0.,0.));
#9887=DIRECTION('',(0.,-1.,3.3881317890172E-15));
#9888=DIRECTION('',(-1.,3.61394601875787E-15,-1.26180250840795E-29));
#9889=DIRECTION('',(-1.,0.,0.));
#9890=DIRECTION('',(0.,1.,-3.3881317890172E-15));
#9891=DIRECTION('',(-1.,3.61394601875787E-15,-1.26180250840795E-29));
#9892=DIRECTION('',(1.,-3.61394601875787E-15,1.26180250840795E-29));
#9893=DIRECTION('',(1.,0.,0.));
#9894=DIRECTION('',(0.,-1.,3.3881317890172E-15));
#9895=DIRECTION('',(-1.,3.61394601875787E-15,-1.26180250840795E-29));
#9896=DIRECTION('',(1.,-3.61394601875787E-15,1.26180250840795E-29));
#9897=DIRECTION('',(-2.52484921591011E-15,-0.698640544934842,0.715472842931964));
#9898=DIRECTION('',(-2.58568023224334E-15,-0.715472842931964,-0.698640544934842));
#9899=DIRECTION('',(-2.49389500440858E-15,-0.690075333572843,-0.723737544966633));
#9900=DIRECTION('',(2.61554841925777E-15,0.723737544966633,-0.690075333572843));
#9901=DIRECTION('',(1.,-3.61394601875787E-15,1.26180250840795E-29));
#9902=DIRECTION('',(-3.61292209296348E-15,-0.999716673744136,0.0238027779462925));
#9903=DIRECTION('',(-8.60219545943688E-17,-0.0238027779462925,-0.999716673744136));
#9904=DIRECTION('',(1.,-1.04744440165294E-14,3.65713258184695E-29));
#9905=DIRECTION('',(1.,0.,0.));
#9906=DIRECTION('',(-1.,0.,0.));
#9907=DIRECTION('',(0.,-1.,3.49148133884314E-15));
#9908=DIRECTION('',(3.49148133884314E-15,1.,-3.36387970534623E-15));
#9909=DIRECTION('',(3.61394601875787E-15,1.,-3.77018739561785E-15));
#9910=DIRECTION('',(-3.09893314499188E-15,-0.857492925712544,-0.514495755427527));
#9911=DIRECTION('',(1.,-3.61394601875787E-15,1.26180250840795E-29));
#9912=DIRECTION('',(1.,-3.61394601875787E-15,1.26180250840795E-29));
#9913=DIRECTION('',(-1.,3.61394601875787E-15,-1.26180250840795E-29));
#9914=DIRECTION('',(0.,0.,1.));
#9915=DIRECTION('',(-1.,3.61394601875787E-15,0.));
#9916=DIRECTION('',(-1.,3.61394601875787E-15,-1.26180250840795E-29));
#9917=DIRECTION('',(0.,-1.,0.));
#9918=DIRECTION('',(-1.,0.,-1.26180250840795E-29));
#9919=DIRECTION('',(1.,-3.61394601875787E-15,1.26180250840795E-29));
#9920=DIRECTION('',(0.,0.,1.));
#9921=DIRECTION('',(-1.,-3.61394601875787E-15,0.));
#9922=DIRECTION('',(0.,1.,0.));
#9923=DIRECTION('',(1.,0.,1.26180250840795E-29));
#9924=DIRECTION('',(1.,0.,0.));
#9925=DIRECTION('',(1.,0.,0.));
#9926=DIRECTION('',(1.,0.,0.));
#9927=DIRECTION('',(-1.,0.,0.));
#9928=DIRECTION('',(-1.,0.,0.));
#9929=DIRECTION('',(-0.707106781186548,0.707106781186548,0.));
#9930=DIRECTION('',(-0.707106781186548,-0.707106781186548,-2.46885013108229E-15));
#9931=DIRECTION('',(-3.49148133884307E-15,0.,-1.));
#9932=DIRECTION('',(0.707106781186541,0.707106781186555,2.41247904958658E-15));
#9933=DIRECTION('',(0.,3.49148133884314E-15,-1.));
#9934=DIRECTION('',(0.70710678118654,0.707106781186555,2.46885013108229E-15));
#9935=DIRECTION('',(0.,3.49148133884314E-15,-1.));
#9936=DIRECTION('',(-0.707106781186541,-0.707106781186555,-8.66561630048918E-17));
#9937=DIRECTION('',(0.,1.,0.));
#9938=DIRECTION('',(-1.,0.,-3.65713258184695E-29));
#9939=DIRECTION('',(-1.,-1.04744440165294E-14,-1.28364647636227E-30));
#9940=DIRECTION('',(1.,1.04744440165294E-14,3.65713258184695E-29));
#9941=DIRECTION('',(0.,3.49148133884314E-15,-1.));
#9942=DIRECTION('',(0.707106781186548,0.707106781186548,0.));
#9943=DIRECTION('',(-0.707106781186548,0.707106781186548,2.46885013108224E-15));
#9944=DIRECTION('',(-3.49148133884322E-15,0.,1.));
#9945=DIRECTION('',(-0.707106781186556,0.70710678118654,8.66561630048899E-17));
#9946=DIRECTION('',(0.707106781186556,-0.70710678118654,-2.46885013108224E-15));
#9947=DIRECTION('',(0.,3.49148133884314E-15,-1.));
#9948=DIRECTION('',(0.707106781186556,-0.70710678118654,-2.41247904958653E-15));
#9949=DIRECTION('',(0.,0.,1.));
#9950=DIRECTION('',(-1.04744440165294E-14,-1.,0.));
#9951=DIRECTION('',(-1.,0.,-8.3503051163963E-31));
#9952=DIRECTION('',(1.04744440165294E-14,-1.,-3.41176059086626E-15));
#9953=DIRECTION('',(1.,1.04744440165294E-14,3.65713258184695E-29));
#9954=DIRECTION('',(-1.0203393473408E-14,1.,3.41176059086626E-15));
#9955=DIRECTION('',(0.,0.,1.));
#9956=DIRECTION('',(-1.04744440165294E-14,-1.,0.));
#9957=DIRECTION('',(-1.,0.,-8.3503051163963E-31));
#9958=DIRECTION('',(1.04744440165294E-14,-1.,-3.41176059086626E-15));
#9959=DIRECTION('',(1.,1.04744440165294E-14,3.65713258184695E-29));
#9960=DIRECTION('',(1.04744440165294E-14,-1.,-3.41176059086626E-15));
#9961=DIRECTION('',(-1.,0.,0.));
#9962=DIRECTION('',(0.,1.,-3.49148133884314E-15));
#9963=DIRECTION('',(3.65713258184695E-29,0.,-1.));
#9964=DIRECTION('',(0.,-3.49148133884314E-15,1.));
#9965=DIRECTION('',(1.04744440165294E-14,-1.,-2.40727916635763E-15));
#9966=DIRECTION('',(-1.,-1.04744440165294E-14,-3.65713258184695E-29));
#9967=DIRECTION('',(1.0842021724855E-14,-1.,-3.4849355544177E-15));
#9968=DIRECTION('',(1.04744440165294E-14,-1.,-1.2255032098473E-16));
#9969=DIRECTION('',(1.,0.,0.));
#9970=DIRECTION('',(0.,1.,-3.49148133884314E-15));
#9971=DIRECTION('',(-3.65713258184695E-29,0.,1.));
#9972=DIRECTION('',(-1.04744440165294E-14,1.,1.2255032098473E-16));
#9973=DIRECTION('',(-1.,-1.04744440165294E-14,-3.65713258184695E-29));
#9974=DIRECTION('',(1.0842021724855E-14,-1.,-3.4849355544177E-15));
#9975=DIRECTION('',(1.04744440165294E-14,-1.,-2.40727916635763E-15));
#9976=DIRECTION('',(0.,-3.49148133884314E-15,1.));
#9977=DIRECTION('',(1.,0.,0.));
#9978=DIRECTION('',(0.,1.,3.48493555441769E-15));
#9979=DIRECTION('',(-1.,-1.04744440165294E-14,-3.65713258184695E-29));
#9980=DIRECTION('',(1.,1.04744440165294E-14,3.65713258184695E-29));
#9981=DIRECTION('',(0.,0.,-1.));
#9982=DIRECTION('',(-1.,3.49148133884314E-15,0.));
#9983=DIRECTION('',(-1.0203393473408E-14,1.,3.49148133884314E-15));
#9984=DIRECTION('',(1.,1.04744440165294E-14,3.65713258184695E-29));
#9985=DIRECTION('',(1.,1.04744440165294E-14,3.65713258184695E-29));
#9986=DIRECTION('',(1.04744440165294E-14,-1.,-3.49148133884314E-15));
#9987=DIRECTION('',(0.,1.,0.));
#9988=DIRECTION('',(-1.,0.,-3.65713258184695E-29));
#9989=DIRECTION('',(0.,3.49148133884314E-15,-1.));
#9990=DIRECTION('',(0.,1.,0.));
#9991=DIRECTION('',(-1.,0.,-3.65713258184695E-29));
#9992=DIRECTION('',(0.,3.49148133884314E-15,-1.));
#9993=DIRECTION('',(1.,0.,0.));
#9994=DIRECTION('',(0.,-1.,3.49148133884314E-15));
#9995=DIRECTION('',(-1.,0.,0.));
#9996=DIRECTION('',(0.,1.,-3.49148133884314E-15));
#9997=DIRECTION('',(0.,-0.707106781186548,0.707106781186548));
#9998=DIRECTION('',(2.46885013108227E-15,-0.707106781186548,-0.707106781186548));
#9999=DIRECTION('',(-1.,-3.52912724760998E-15,-4.32495676990561E-31));
#10000=DIRECTION('',(-0.577350269189624,-0.577350269189626,-0.577350269189628));
#10001=DIRECTION('',(1.,3.49148133884314E-15,-3.76459087668456E-17));
#10002=DIRECTION('',(-0.577350269189628,0.577350269189622,0.577350269189628));
#10003=DIRECTION('',(0.707106781186548,0.,0.707106781186548));
#10004=DIRECTION('',(0.707106781186548,-4.93770026216453E-15,-0.707106781186548));
#10005=DIRECTION('',(1.2255032098473E-16,-1.,-1.2255032098473E-16));
#10006=DIRECTION('',(-3.49148133884314E-15,1.,3.49148133884314E-15));
#10007=DIRECTION('',(-0.577350269189624,-0.57735026918963,0.577350269189624));
#10008=DIRECTION('',(-0.707106781186548,0.,0.707106781186548));
#10009=DIRECTION('',(0.707106781186548,7.88860905221011E-31,0.707106781186548));
#10010=DIRECTION('',(-6.86041235670154E-15,1.,1.2255032098473E-16));
#10011=DIRECTION('',(-0.577350269189628,0.577350269189626,-0.577350269189624));
#10012=DIRECTION('',(3.49148133884314E-15,-1.,-3.49148133884314E-15));
#10013=DIRECTION('',(0.,-0.707106781186548,-0.707106781186548));
#10014=DIRECTION('',(-2.46885013108227E-15,0.707106781186548,-0.707106781186548));
#10015=DIRECTION('',(1.,3.45383543007628E-15,4.23268640584284E-31));
#10016=DIRECTION('',(-1.,-3.49148133884314E-15,3.76459087668456E-17));
#10017=DIRECTION('',(0.,0.,1.));
#10018=DIRECTION('',(-1.,3.49148133884314E-15,0.));
#10019=DIRECTION('',(0.,0.,1.));
#10020=DIRECTION('',(-1.04744440165294E-14,-1.,0.));
#10021=DIRECTION('',(-1.,0.,-8.35030511639631E-31));
#10022=DIRECTION('',(-1.04744440165294E-14,1.,3.41176059086626E-15));
#10023=DIRECTION('',(1.,1.04744440165294E-14,3.65713258184695E-29));
#10024=DIRECTION('',(-1.04744440165294E-14,1.,3.41176059086626E-15));
#10025=DIRECTION('',(1.,0.,0.));
#10026=DIRECTION('',(0.,1.,3.48493555441769E-15));
#10027=DIRECTION('',(1.,1.04744440165294E-14,-1.6427305643716E-16));
#10028=DIRECTION('',(1.93607530800983E-16,-3.87215061601966E-15,1.));
#10029=DIRECTION('',(-1.,-1.04744440165294E-14,-3.65713258184695E-29));
#10030=DIRECTION('',(1.,1.04744440165294E-14,1.64273056437233E-16));
#10031=DIRECTION('',(0.,-3.87215061601966E-15,1.));
#10032=DIRECTION('',(1.,1.04744440165294E-14,3.65713258184695E-29));
#10033=DIRECTION('',(-1.,0.,0.));
#10034=DIRECTION('',(0.,3.49148133884313E-15,1.));
#10035=DIRECTION('',(-1.6427305643716E-16,0.,-1.));
#10036=DIRECTION('',(1.04744440165294E-14,-1.,-1.2255032098473E-16));
#10037=DIRECTION('',(1.04744440165294E-14,-1.,-4.57568351132864E-15));
#10038=DIRECTION('',(-1.64273056437196E-16,3.49148133884313E-15,-1.));
#10039=DIRECTION('',(1.,0.,0.));
#10040=DIRECTION('',(0.,3.49148133884314E-15,1.));
#10041=DIRECTION('',(-1.04744440165294E-14,1.,1.2255032098473E-16));
#10042=DIRECTION('',(-1.64273056437233E-16,0.,1.));
#10043=DIRECTION('',(1.64273056437196E-16,3.49148133884314E-15,-1.));
#10044=DIRECTION('',(1.04744440165294E-14,-1.,-4.57568351132864E-15));
#10045=DIRECTION('',(0.,0.,-1.));
#10046=DIRECTION('',(-1.,3.49148133884314E-15,0.));
#10047=DIRECTION('',(1.,1.04744440165294E-14,3.65713258184695E-29));
#10048=DIRECTION('',(0.,1.,0.));
#10049=DIRECTION('',(-1.,0.,-3.65713258184695E-29));
#10050=DIRECTION('',(0.,0.,-1.));
#10051=DIRECTION('',(-1.,-3.49148133884314E-15,0.));
#10052=DIRECTION('',(1.,0.,0.));
#10053=DIRECTION('',(-1.,0.,0.));
#10054=DIRECTION('',(0.,1.,-3.49148133884314E-15));
#10055=DIRECTION('',(1.,1.04744440165294E-14,3.65713258184695E-29));
#10056=DIRECTION('',(1.0842021724855E-14,-1.,-3.3881317890172E-15));
#10057=DIRECTION('',(-7.49418023863798E-15,0.71547284293196,0.698640544934846));
#10058=DIRECTION('',(1.,1.04744440165294E-14,3.65713258184695E-29));
#10059=DIRECTION('',(1.0842021724855E-14,-1.,1.01643953670516E-15));
#10060=DIRECTION('',(-2.47081549247671E-15,0.235889894354063,0.971779788708136));
#10061=DIRECTION('',(-1.,-1.04744440165294E-14,-3.65713258184695E-29));
#10062=DIRECTION('',(1.15648231731787E-14,-1.,-3.61400724161835E-15));
#10063=DIRECTION('',(-4.86017863687726E-29,8.13151629364127E-15,-1.));
#10064=DIRECTION('',(-9.07113460883243E-15,0.866025403784446,-0.499999999999987));
#10065=DIRECTION('',(1.61337106587325E-29,1.95118854303723E-15,-1.));
#10066=DIRECTION('',(1.,1.04744440165294E-14,3.65713258184695E-29));
#10067=DIRECTION('',(1.00080200537196E-14,-1.,-5.42101086243145E-15));
#10068=DIRECTION('',(-7.58074839741345E-15,0.723737544966632,0.690075333572844));
#10069=DIRECTION('',(-2.49320865036308E-16,0.0238027779462878,0.999716673744136));
#10070=DIRECTION('',(1.,0.,0.));
#10071=DIRECTION('',(0.,1.,3.33600668457079E-15));
#10072=DIRECTION('',(1.,1.04744440165294E-14,3.65713258184695E-29));
#10073=DIRECTION('',(-1.,-1.04744440165294E-14,-3.65713258184695E-29));
#10074=DIRECTION('',(-1.01788529932181E-14,0.971779788708136,-0.235889894354063));
#10075=DIRECTION('',(2.47081549247671E-15,-0.235889894354063,-0.971779788708136));
#10076=DIRECTION('',(1.,1.04744440165294E-14,3.65713258184695E-29));
#10077=DIRECTION('',(1.,0.,0.));
#10078=DIRECTION('',(0.,-1.,0.));
#10079=DIRECTION('',(8.11172497021355E-30,0.,1.));
#10080=DIRECTION('',(1.,1.04744440165294E-14,3.65713258184695E-29));
#10081=DIRECTION('',(1.,1.04744440165294E-14,3.65713258184695E-29));
#10082=DIRECTION('',(-5.23722200826473E-15,0.5,0.866025403784439));
#10083=DIRECTION('',(-9.07113460883236E-15,0.866025403784439,-0.5));
#10084=DIRECTION('',(1.,1.04744440165294E-14,3.65713258184695E-29));
#10085=DIRECTION('',(0.,1.,0.));
#10086=DIRECTION('',(-1.,0.,-3.65713258184695E-29));
#10087=DIRECTION('',(1.,0.,0.));
#10088=DIRECTION('',(0.,1.,3.61400724161835E-15));
#10089=DIRECTION('',(-1.,0.,0.));
#10090=DIRECTION('',(0.,1.,-3.49148133884314E-15));
#10091=DIRECTION('',(1.,1.04744440165294E-14,3.65713258184695E-29));
#10092=DIRECTION('',(1.0842021724855E-14,-1.,0.));
#10093=DIRECTION('',(0.,-0.715472842931964,-0.698640544934842));
#10094=DIRECTION('',(-1.,0.,0.));
#10095=DIRECTION('',(0.,0.,1.));
#10096=DIRECTION('',(-2.52484921591011E-15,-0.698640544934842,0.715472842931964));
#10097=DIRECTION('',(-7.49430523064605E-15,0.715472842931964,0.698640544934842));
#10098=DIRECTION('',(1.,0.,0.));
#10099=DIRECTION('',(-1.,-3.4497201722825E-15,-6.89748555196462E-15));
#10100=DIRECTION('',(0.,0.,1.));
#10101=DIRECTION('',(-1.,-3.61394601875787E-15,0.));
#10102=DIRECTION('',(0.707006588939331,-0.707206959239212,-2.64751509195441E-15));
#10103=DIRECTION('',(1.,3.61394601875787E-15,1.26180250840795E-29));
#10104=DIRECTION('',(1.,3.61394601875787E-15,1.26180250840795E-29));
#10105=DIRECTION('',(-3.49148133884314E-15,1.,4.46240865748687E-15));
#10106=DIRECTION('',(-1.,-3.49148133884314E-15,-1.21904419394898E-29));
#10107=DIRECTION('',(3.61394601875787E-15,-1.,-3.77018739561785E-15));
#10108=DIRECTION('',(0.,0.,1.));
#10109=DIRECTION('',(-1.,-3.61394601875787E-15,0.));
#10110=DIRECTION('',(3.49148133884314E-15,-1.,-3.49148133884314E-15));
#10111=DIRECTION('',(-1.,-3.61394601875787E-15,-1.26180250840795E-29));
#10112=DIRECTION('',(0.,1.,0.));
#10113=DIRECTION('',(-1.,0.,-1.26180250840795E-29));
#10114=DIRECTION('',(0.,-3.49148133884314E-15,1.));
#10115=DIRECTION('',(-1.,-3.49148133884314E-15,-1.21904419394898E-29));
#10116=DIRECTION('',(0.,-3.49148133884314E-15,1.));
#10117=DIRECTION('',(-1.,-3.61394601875787E-15,-1.26180250840795E-29));
#10118=DIRECTION('',(0.,0.,1.));
#10119=DIRECTION('',(-1.,3.61394601875787E-15,0.));
#10120=DIRECTION('',(0.707106781186544,0.707106781186552,2.46885013108228E-15));
#10121=DIRECTION('',(-1.,-3.61394601875787E-15,-1.26180250840795E-29));
#10122=DIRECTION('',(3.49148133884314E-15,-1.,-3.49148133884314E-15));
#10123=DIRECTION('',(-3.09893314499188E-15,0.857492925712544,-0.514495755427527));
#10124=DIRECTION('',(1.,3.61394601875787E-15,1.26180250840795E-29));
#10125=DIRECTION('',(1.79635232898922E-15,-0.514495755427525,-0.857492925712545));
#10126=DIRECTION('',(1.,3.61394601875787E-15,1.26180250840795E-29));
#10127=DIRECTION('',(-1.,0.,0.));
#10128=DIRECTION('',(0.,-1.,3.49148133884314E-15));
#10129=DIRECTION('',(3.49148133884314E-15,-1.,-3.36387970534623E-15));
#10130=DIRECTION('',(-2.58568023224334E-15,0.715472842931961,0.698640544934846));
#10131=DIRECTION('',(1.,3.61394601875787E-15,1.26180250840795E-29));
#10132=DIRECTION('',(3.33600668457079E-15,-1.,-3.33600668457079E-15));
#10133=DIRECTION('',(-8.60219545943679E-17,0.0238027779462852,0.999716673744136));
#10134=DIRECTION('',(0.,3.49148133884314E-15,-1.));
#10135=DIRECTION('',(2.46885013108228E-15,-0.707106781186548,-0.707106781186547));
#10136=DIRECTION('',(-3.61292209296348E-15,0.999716673744136,0.0238027779462925));
#10137=DIRECTION('',(-8.60219545943688E-17,0.0238027779462925,-0.999716673744136));
#10138=DIRECTION('',(1.,0.,0.));
#10139=DIRECTION('',(1.,1.04744440165294E-14,3.65713258184695E-29));
#10140=DIRECTION('',(-1.,-3.61394601875787E-15,-1.26180250840795E-29));
#10141=DIRECTION('',(8.31069550120953E-17,-0.0238027779462926,0.999716673744136));
#10142=DIRECTION('',(0.184238093839777,-0.0233953135034672,0.982603167145496));
#10143=DIRECTION('',(1.,3.61394601875787E-15,1.26180250840795E-29));
#10144=DIRECTION('',(0.,0.,1.));
#10145=DIRECTION('',(-3.61394601875787E-15,1.,0.));
#10146=DIRECTION('',(1.,3.61394601875787E-15,1.26180250840795E-29));
#10147=DIRECTION('',(-3.49148133884314E-15,1.,3.49148133884314E-15));
#10148=DIRECTION('',(-1.,-3.61394601875787E-15,-1.26180250840795E-29));
#10149=DIRECTION('',(-0.572714172304562,0.819755132244685,2.54473821262255E-15));
#10150=DIRECTION('',(-1.,-3.49148133884314E-15,-1.21904419394898E-29));
#10151=DIRECTION('',(0.,-3.49148133884314E-15,1.));
#10152=DIRECTION('',(1.,5.42101086242763E-15,0.));
#10153=DIRECTION('',(3.49148133884314E-15,-1.,-3.49148133884314E-15));
#10154=DIRECTION('',(-2.49389500440858E-15,0.690075333572843,-0.723737544966633));
#10155=DIRECTION('',(2.61554841925777E-15,-0.723737544966633,-0.690075333572843));
#10156=DIRECTION('',(0.577350269189626,-0.590929230954281,-0.563444150444788));
#10157=DIRECTION('',(1.,3.61394601875787E-15,1.26180250840795E-29));
#10158=DIRECTION('',(-2.52484921591011E-15,0.698640544934842,0.715472842931964));
#10159=DIRECTION('',(-2.58568023224334E-15,0.715472842931964,-0.698640544934842));
#10160=DIRECTION('',(-1.,-3.61394601875787E-15,-1.26180250840795E-29));
#10161=DIRECTION('',(-5.48610249755612E-13,-0.698640544935039,-0.715472842931772));
#10162=DIRECTION('',(0.870846685586135,0.351694058395986,-0.343420062740377));
#10163=DIRECTION('',(1.,3.61394601875787E-15,1.26180250840795E-29));
#10164=DIRECTION('',(1.,0.,0.));
#10165=DIRECTION('',(0.,1.,3.3881317890172E-15));
#10166=DIRECTION('',(-1.,-3.49148133884314E-15,-1.21904419394898E-29));
#10167=DIRECTION('',(2.71050543121376E-15,-1.,-3.3881317890172E-15));
#10168=DIRECTION('',(-1.,0.,0.));
#10169=DIRECTION('',(0.,-1.,-3.3881317890172E-15));
#10170=DIRECTION('',(1.,0.,0.));
#10171=DIRECTION('',(0.,1.,3.3881317890172E-15));
#10172=DIRECTION('',(-1.,-3.61394601875787E-15,-1.26180250840795E-29));
#10173=DIRECTION('',(-1.,-3.49148133884314E-15,-1.21904419394898E-29));
#10174=DIRECTION('',(2.71050543121376E-15,-1.,-3.3881317890172E-15));
#10175=DIRECTION('',(1.,0.,0.));
#10176=DIRECTION('',(0.,1.,4.33680868994202E-15));
#10177=DIRECTION('',(1.,3.49148133884314E-15,1.21904419394898E-29));
#10178=DIRECTION('',(-4.33680868994202E-15,1.,4.33680868994202E-15));
#10179=DIRECTION('',(3.61292209296348E-15,-0.999716673744136,0.0238027779462852));
#10180=DIRECTION('',(-8.60219545943679E-17,0.0238027779462852,0.999716673744136));
#10181=DIRECTION('',(8.60219545943679E-17,-0.0238027779462852,-0.999716673744136));
#10182=DIRECTION('',(-1.,-3.61394601875787E-15,-1.26180250840795E-29));
#10183=DIRECTION('',(2.52484921591011E-15,-0.698640544934846,0.715472842931961));
#10184=DIRECTION('',(-2.58568023224334E-15,0.715472842931961,0.698640544934846));
#10185=DIRECTION('',(1.,3.61394601875787E-15,1.26180250840795E-29));
#10186=DIRECTION('',(2.58568023224334E-15,-0.715472842931961,-0.698640544934846));
#10187=DIRECTION('',(1.,0.,0.));
#10188=DIRECTION('',(0.,-1.,-3.3881317890172E-15));
#10189=DIRECTION('',(-1.,-3.49148133884314E-15,-1.21904419394898E-29));
#10190=DIRECTION('',(2.71050543121376E-15,-1.,-3.3881317890172E-15));
#10191=DIRECTION('',(0.,0.,1.));
#10192=DIRECTION('',(1.,3.49148133884314E-15,0.));
#10193=DIRECTION('',(3.49148133884314E-15,-1.,-3.49148133884314E-15));
#10194=DIRECTION('',(-3.49148133884314E-15,1.,3.49148133884314E-15));
#10195=DIRECTION('',(1.,3.49148133884314E-15,1.21904419394898E-29));
#10196=DIRECTION('',(0.,0.,-1.));
#10197=DIRECTION('',(-1.,-4.33680868994201E-15,0.));
#10198=DIRECTION('',(0.,-3.49148133884314E-15,1.));
#10199=DIRECTION('',(2.22674803103902E-30,2.85371535502813E-15,-1.));
#10200=DIRECTION('',(0.,-1.,-2.71050543121376E-15));
#10201=DIRECTION('',(0.,3.49148133884314E-15,-1.));
#10202=DIRECTION('',(0.,3.49148133884314E-15,-1.));
#10203=DIRECTION('',(1.,4.33680868994201E-15,0.));
#10204=DIRECTION('',(0.,0.,-1.));
#10205=DIRECTION('',(-1.,-3.49148133884314E-15,0.));
#10206=DIRECTION('',(1.,0.,0.));
#10207=DIRECTION('',(-1.,0.,0.));
#10208=DIRECTION('',(-1.,0.,0.));
#10209=DIRECTION('',(-3.49148133884314E-15,1.,3.49148133884314E-15));
#10210=DIRECTION('',(-1.,-3.85288206300497E-15,-1.34522658237453E-29));
#10211=DIRECTION('',(0.,3.49148133884314E-15,-1.));
#10212=DIRECTION('',(-1.,-3.25260651745652E-15,0.));
#10213=DIRECTION('',(3.77679770002353E-15,-1.,-3.49148133884314E-15));
#10214=DIRECTION('',(1.,0.,0.));
#10215=DIRECTION('',(1.,0.,0.));
#10216=DIRECTION('',(1.,0.,0.));
#10217=DIRECTION('',(0.,1.,3.49148133884314E-15));
#10218=DIRECTION('',(-3.49148133884314E-15,1.,3.63799514593577E-15));
#10219=DIRECTION('',(-1.56143792316505E-15,0.447213595499963,-0.894427190999914));
#10220=DIRECTION('',(3.49148133884314E-15,-1.,-3.49148133884314E-15));
#10221=DIRECTION('',(-3.49148133884314E-15,1.,2.85371535502813E-15));
#10222=DIRECTION('',(-2.46885013108227E-15,0.707106781186545,0.70710678118655));
#10223=DIRECTION('',(0.,3.49148133884314E-15,-1.));
#10224=DIRECTION('',(-3.49148133884314E-15,1.,3.49148133884314E-15));
#10225=DIRECTION('',(0.,-3.49148133884314E-15,1.));
#10226=DIRECTION('',(-2.46885013108227E-15,0.70710678118655,-0.707106781186545));
#10227=DIRECTION('',(0.,0.,1.));
#10228=DIRECTION('',(-3.49148133884314E-15,1.,0.));
#10229=DIRECTION('',(-3.49148133884314E-15,1.,2.85371535502813E-15));
#10230=DIRECTION('',(-1.,-3.49148133884314E-15,-1.21904419394898E-29));
#10231=DIRECTION('',(-1.,-3.49148133884314E-15,-1.21904419394898E-29));
#10232=DIRECTION('',(-2.22674803103902E-30,-2.85371535502813E-15,1.));
#10233=DIRECTION('',(0.,-1.,-2.71050543121376E-15));
#10234=DIRECTION('',(0.,1.,0.));
#10235=DIRECTION('',(-1.,0.,0.));
#10236=DIRECTION('',(3.49148133884314E-15,-1.,-3.49148133884314E-15));
#10237=DIRECTION('',(0.,0.707106781186548,0.707106781186548));
#10238=DIRECTION('',(0.,0.707106781186548,-0.707106781186548));
#10239=DIRECTION('',(-3.85288206300497E-15,1.,3.49148133884314E-15));
#10240=DIRECTION('',(-1.,-4.06575814682065E-15,0.));
#10241=DIRECTION('',(1.,0.,0.));
#10242=DIRECTION('',(0.,1.,3.49148133884314E-15));
#10243=DIRECTION('',(0.,3.49148133884314E-15,-1.));
#10244=DIRECTION('',(3.49148133884314E-15,-1.,-3.49148133884314E-15));
#10245=DIRECTION('',(-2.46885013108227E-15,0.707106781186545,0.70710678118655));
#10246=DIRECTION('',(0.,0.,1.));
#10247=DIRECTION('',(1.,3.49148133884314E-15,0.));
#10248=DIRECTION('',(0.707106781186545,0.707106781186551,2.46885013108228E-15));
#10249=DIRECTION('',(3.3360066845708E-15,-1.,-3.3360066845708E-15));
#10250=DIRECTION('',(-1.,-3.49148133884314E-15,-1.21904419394898E-29));
#10251=DIRECTION('',(-3.49148133884314E-15,1.,3.49148133884314E-15));
#10252=DIRECTION('',(1.,3.49148133884314E-15,1.21904419394898E-29));
#10253=DIRECTION('',(3.49148133884314E-15,-1.,-3.49148133884314E-15));
#10254=DIRECTION('',(0.,0.,-1.));
#10255=DIRECTION('',(-1.,-3.49148133884314E-15,0.));
#10256=DIRECTION('',(-3.49148133884314E-15,1.,3.49148133884314E-15));
#10257=DIRECTION('',(1.,3.49148133884314E-15,1.21904419394898E-29));
#10258=DIRECTION('',(-3.57120208682001E-15,1.,3.49148133884314E-15));
#10259=DIRECTION('',(0.,-3.49148133884314E-15,1.));
#10260=DIRECTION('',(-1.,-3.61400724161834E-15,0.));
#10261=DIRECTION('',(1.,3.49148133884314E-15,1.21904419394898E-29));
#10262=DIRECTION('',(0.,-1.,0.));
#10263=DIRECTION('',(1.,0.,1.21904419394898E-29));
#10264=DIRECTION('',(0.,3.49148133884314E-15,-1.));
#10265=DIRECTION('',(1.,3.49148133884314E-15,1.21904419394898E-29));
#10266=DIRECTION('',(-1.,-3.49148133884314E-15,-1.21904419394898E-29));
#10267=DIRECTION('',(0.707106781186548,4.93770026216453E-15,-0.707106781186548));
#10268=DIRECTION('',(1.,0.,0.));
#10269=DIRECTION('',(0.,1.,3.49148133884314E-15));
#10270=DIRECTION('',(3.49148133884314E-15,-1.,-3.49148133884314E-15));
#10271=DIRECTION('',(-3.49148133884314E-15,1.,3.49148133884314E-15));
#10272=DIRECTION('',(0.,-3.49148133884314E-15,1.));
#10273=DIRECTION('',(0.,0.707106781186548,0.707106781186548));
#10274=DIRECTION('',(2.46885013108227E-15,-0.707106781186548,0.707106781186548));
#10275=DIRECTION('',(-1.,-3.49148133884314E-15,-1.21904419394898E-29));
#10276=DIRECTION('',(-1.,-3.49148133884314E-15,-1.21904419394898E-29));
#10277=DIRECTION('',(-2.46885013108227E-15,0.70710678118655,-0.707106781186545));
#10278=DIRECTION('',(-1.,-3.49148133884314E-15,-1.21904419394898E-29));
#10279=DIRECTION('',(0.,-0.707106781186548,0.707106781186548));
#10280=DIRECTION('',(2.46885013108227E-15,-0.707106781186548,-0.707106781186548));
#10281=DIRECTION('',(0.,-0.707106781186548,0.707106781186548));
#10282=DIRECTION('',(0.,0.707106781186548,0.707106781186548));
#10283=DIRECTION('',(-1.,-3.49148133884314E-15,-1.21904419394898E-29));
#10284=DIRECTION('',(-1.,-3.49148133884314E-15,-1.21904419394898E-29));
#10285=DIRECTION('',(0.,1.,0.));
#10286=DIRECTION('',(-2.52364776851088E-30,0.,1.));
#10287=DIRECTION('',(-3.49148133884314E-15,1.,2.76867989051947E-15));
#10288=DIRECTION('',(-3.09772049281573E-15,3.09772049281573E-15,-1.));
#10289=DIRECTION('',(0.,1.,0.));
#10290=DIRECTION('',(1.,0.,1.34522658237453E-29));
#10291=DIRECTION('',(3.85288206300497E-15,-1.,-3.85288206300497E-15));
#10292=DIRECTION('',(-3.09772049281573E-15,-3.87215061601966E-15,1.));
#10293=DIRECTION('',(1.,0.,0.));
#10294=DIRECTION('',(0.,1.,3.49148133884314E-15));
#10295=DIRECTION('',(-3.49148133884314E-15,1.,3.33659531420235E-15));
#10296=DIRECTION('',(0.,1.,0.));
#10297=DIRECTION('',(-1.,0.,0.));
#10298=DIRECTION('',(3.49148133884314E-15,-1.,-3.49148133884314E-15));
#10299=DIRECTION('',(1.,3.61400724161835E-15,0.));
#10300=DIRECTION('',(3.49148133884314E-15,-1.,-2.76867989051947E-15));
#10301=DIRECTION('',(0.,-2.71050543121376E-15,1.));
#10302=DIRECTION('',(-0.707106781186548,0.,-0.707106781186548));
#10303=DIRECTION('',(-0.707106781186548,-4.93770026216453E-15,0.707106781186548));
#10304=DIRECTION('',(-0.707106781186548,0.,-0.707106781186548));
#10305=DIRECTION('',(0.707106781186548,0.,-0.707106781186548));
#10306=DIRECTION('',(-0.545454545454547,0.636363636363633,0.545454545454547));
#10307=DIRECTION('',(3.49148133884314E-15,-1.,-3.49148133884314E-15));
#10308=DIRECTION('',(-0.666666666666665,-0.33333333333334,0.666666666666665));
#10309=DIRECTION('',(-2.27222593590161E-15,0.650791373455971,-0.759256602365295));
#10310=DIRECTION('',(-2.65093025855188E-15,0.759256602365295,0.650791373455971));
#10311=DIRECTION('',(-2.65093025855188E-15,0.759256602365295,0.650791373455971));
#10312=DIRECTION('',(-1.,-3.49148133884314E-15,-1.21904419394898E-29));
#10313=DIRECTION('',(2.65093025855188E-15,-0.759256602365295,-0.650791373455971));
#10314=DIRECTION('',(0.,0.,-1.));
#10315=DIRECTION('',(-1.,-3.25260651745652E-15,0.));
#10316=DIRECTION('',(0.,3.49148133884314E-15,-1.));
#10317=DIRECTION('',(1.,3.25260651745651E-15,0.));
#10318=DIRECTION('',(1.,0.,0.));
#10319=DIRECTION('',(0.,-1.,3.49148133884314E-15));
#10320=DIRECTION('',(0.,3.49148133884314E-15,-1.));
#10321=DIRECTION('',(0.,3.49148133884314E-15,-1.));
#10322=DIRECTION('',(-1.,0.,0.));
#10323=DIRECTION('',(0.,-1.,-3.49148133884314E-15));
#10324=DIRECTION('',(3.49148133884314E-15,-1.,-3.49148133884314E-15));
#10325=DIRECTION('',(-3.49148133884314E-15,1.,3.49148133884314E-15));
#10326=DIRECTION('',(-8.31069550120953E-17,0.0238027779462926,-0.999716673744136));
#10327=DIRECTION('',(1.,3.49148133884314E-15,1.21904419394898E-29));
#10328=DIRECTION('',(3.33600668457079E-15,-1.,-3.33600668457079E-15));
#10329=DIRECTION('',(-0.982872186934322,-4.07511988023958E-15,0.184288535050183));
#10330=DIRECTION('',(3.49148133884314E-15,-1.,-3.49148133884314E-15));
#10331=DIRECTION('',(-3.49148133884314E-15,1.,3.49148133884314E-15));
#10332=DIRECTION('',(-0.184238093839777,0.0233953135034672,-0.982603167145496));
#10333=DIRECTION('',(-3.49148133884314E-15,1.,3.49148133884314E-15));
#10334=DIRECTION('',(0.,1.,0.));
#10335=DIRECTION('',(-1.,0.,0.));
#10336=DIRECTION('',(2.98904607590187E-12,0.4387372348189,0.898615400927152));
#10337=DIRECTION('',(0.972070760306531,0.210894212180977,-0.102966345111638));
#10338=DIRECTION('',(1.,0.,0.));
#10339=DIRECTION('',(0.,-1.,3.49148133884314E-15));
#10340=DIRECTION('',(0.,-3.49148133884314E-15,1.));
#10341=DIRECTION('',(-3.49148133884314E-15,1.,3.49148133884314E-15));
#10342=DIRECTION('',(0.,0.,1.));
#10343=DIRECTION('',(1.,-3.49148133884314E-15,0.));
#10344=DIRECTION('',(1.,3.49148133884314E-15,1.21904419394898E-29));
#10345=DIRECTION('',(-1.,-3.49148133884314E-15,-1.21904419394898E-29));
#10346=DIRECTION('',(3.12287584633009E-15,-0.894427190999914,-0.447213595499963));
#10347=DIRECTION('',(-1.56143792316505E-15,0.447213595499963,-0.894427190999914));
#10348=DIRECTION('',(0.707106781186548,0.,0.707106781186548));
#10349=DIRECTION('',(0.707106781186548,4.93770026216453E-15,-0.707106781186548));
#10350=DIRECTION('',(0.70710678118655,4.93770026216453E-15,-0.707106781186545));
#10351=DIRECTION('',(0.,0.,1.));
#10352=DIRECTION('',(1.,5.42101086242763E-15,0.));
#10353=DIRECTION('',(2.46885013108228E-15,-0.707106781186548,-0.707106781186547));
#10354=DIRECTION('',(0.,-0.707106781186548,0.707106781186548));
#10355=DIRECTION('',(2.46885013108228E-15,-0.707106781186548,-0.707106781186548));
#10356=DIRECTION('',(-1.,0.,0.));
#10357=DIRECTION('',(0.,-1.,-3.52365706057789E-15));
#10358=DIRECTION('',(1.,3.57120208682001E-15,1.24687854433697E-29));
#10359=DIRECTION('',(0.,1.,3.5236570605779E-15));
#10360=DIRECTION('',(-1.,-3.49148133884314E-15,-1.21904419394898E-29));
#10361=DIRECTION('',(0.,-1.,-3.52365706057789E-15));
#10362=DIRECTION('',(-1.,-3.49148133884314E-15,-1.21904419394898E-29));
#10363=DIRECTION('',(0.,-1.,0.));
#10364=DIRECTION('',(1.,0.,-4.27796903064577E-31));
#10365=DIRECTION('',(0.,-3.49148133884314E-15,1.));
#10366=DIRECTION('',(1.,4.33680868994201E-15,0.));
#10367=DIRECTION('',(-3.49148133884314E-15,1.,3.49148133884314E-15));
#10368=DIRECTION('',(1.,3.09772049281572E-15,0.));
#10369=DIRECTION('',(0.,0.,-1.));
#10370=DIRECTION('',(-1.,-4.33680868994201E-15,0.));
#10371=DIRECTION('',(0.,-3.49148133884314E-15,1.));
#10372=DIRECTION('',(0.707106781186548,-0.707106781186548,0.));
#10373=DIRECTION('',(-1.74574066942157E-15,-1.74574066942157E-15,1.));
#10374=DIRECTION('',(0.,1.,0.));
#10375=DIRECTION('',(-1.,0.,0.));
#10376=DIRECTION('',(3.49148133884314E-15,-1.,-3.49148133884314E-15));
#10377=DIRECTION('',(-1.,-3.25260651745652E-15,4.33680868994203E-15));
#10378=DIRECTION('',(0.493187109540611,-0.622406466605306,0.607763659090337));
#10379=DIRECTION('',(4.33680868994202E-15,-0.698640544934838,-0.715472842931968));
#10380=DIRECTION('',(0.361737334321814,-0.667021061362283,0.651328645659687));
#10381=DIRECTION('',(4.33680868994202E-15,-0.698640544934841,-0.715472842931965));
#10382=DIRECTION('',(1.70346490792218E-15,-0.341989656105864,0.939703716666372));
#10383=DIRECTION('',(4.33680868994202E-15,-0.939703716666372,-0.341989656105864));
#10384=DIRECTION('',(-1.,0.,0.));
#10385=DIRECTION('',(0.,-1.,-3.61400724161835E-15));
#10386=DIRECTION('',(8.31069550120966E-17,-0.0238027779462929,0.999716673744136));
#10387=DIRECTION('',(4.33680868994202E-15,-0.999716673744136,-0.0238027779462927));
#10388=DIRECTION('',(8.31069550120953E-17,-0.0238027779462926,0.999716673744136));
#10389=DIRECTION('',(4.33680868994202E-15,-0.999716673744136,-0.0238027779462927));
#10390=DIRECTION('',(0.0925158275068225,-0.0237006929251808,0.995429102857453));
#10391=DIRECTION('',(-0.995711213987634,-0.00220213369866581,0.0924896153438068));
#10392=DIRECTION('',(-0.184238093839777,0.0233953135034672,-0.982603167145496));
#10393=DIRECTION('',(-0.982872186934323,-4.33680868994203E-15,0.184288535050183));
#10394=DIRECTION('',(0.184238093839777,-0.0233953135034665,0.982603167145496));
#10395=DIRECTION('',(0.982872186934323,4.33680868994203E-15,-0.184288535050183));
#10396=DIRECTION('',(2.95144467157546E-30,-4.33680868994202E-15,1.));
#10397=DIRECTION('',(-4.33680868994202E-15,1.,4.33680868994202E-15));
#10398=DIRECTION('',(-1.,0.,0.));
#10399=DIRECTION('',(0.,1.,-3.49148133884314E-15));
#10400=DIRECTION('',(0.707106781186547,0.706906439269739,-0.0168311056968958));
#10401=DIRECTION('',(8.60219545943679E-17,-0.0238027779462852,-0.999716673744136));
#10402=DIRECTION('',(-0.707106781186549,0.706906439269737,-0.0168311056968958));
#10403=DIRECTION('',(-1.,0.,0.));
#10404=DIRECTION('',(0.,-1.,-3.3881317890172E-15));
#10405=DIRECTION('',(-0.707106781186548,0.494013466935293,-0.505915698992008));
#10406=DIRECTION('',(0.707106781186548,0.494013466935295,-0.505915698992005));
#10407=DIRECTION('',(2.58568023224334E-15,-0.715472842931961,-0.698640544934846));
#10408=DIRECTION('',(-0.707106781186548,0.494013466935293,-0.505915698992008));
#10409=DIRECTION('',(-1.,0.,0.));
#10410=DIRECTION('',(0.,-1.,-3.3881317890172E-15));
#10411=DIRECTION('',(0.,1.,0.));
#10412=DIRECTION('',(-1.,0.,-3.65713258184695E-29));
#10413=DIRECTION('',(0.,-3.49148133884314E-15,1.));
#10414=DIRECTION('',(-1.,-3.49148133884314E-15,-1.21904419394898E-29));
#10415=DIRECTION('',(0.,-3.49148133884314E-15,1.));
#10416=DIRECTION('',(-1.,-3.49148133884314E-15,-1.21904419394898E-29));
#10417=DIRECTION('',(0.,0.,-1.));
#10418=DIRECTION('',(-1.,3.49148133884314E-15,0.));
#10419=DIRECTION('',(-1.,-3.49148133884314E-15,-1.21904419394898E-29));
#10420=DIRECTION('',(0.,3.49148133884314E-15,-1.));
#10421=DIRECTION('',(-1.,-3.61400724161834E-15,-1.28395329625815E-29));
#10422=DIRECTION('',(3.57120208682001E-15,-1.,-3.49148133884314E-15));
#10423=DIRECTION('',(-3.77679770002353E-15,1.,3.49148133884314E-15));
#10424=DIRECTION('',(0.,-3.49148133884314E-15,1.));
#10425=DIRECTION('',(-1.,-3.25260651745652E-15,-1.15555796663234E-29));
#10426=DIRECTION('',(1.,3.85288206300497E-15,1.34522658237453E-29));
#10427=DIRECTION('',(3.49148133884314E-15,-1.,-3.49148133884314E-15));
#10428=DIRECTION('',(-1.,0.,0.));
#10429=DIRECTION('',(0.,-1.,3.49148133884314E-15));
#10430=DIRECTION('',(0.,-3.49148133884314E-15,1.));
#10431=DIRECTION('',(0.,-3.49148133884314E-15,1.));
#10432=DIRECTION('',(-3.49148133884314E-15,1.,3.49148133884314E-15));
#10433=DIRECTION('',(1.,0.,0.));
#10434=DIRECTION('',(0.,1.,-3.49148133884314E-15));
#10435=DIRECTION('',(0.,3.49148133884314E-15,-1.));
#10436=DIRECTION('',(3.49148133884314E-15,-1.,-3.49148133884314E-15));
#10437=DIRECTION('',(0.,-3.49148133884314E-15,1.));
#10438=DIRECTION('',(0.,0.,1.));
#10439=DIRECTION('',(-3.49148133884314E-15,1.,0.));
#10440=DIRECTION('',(0.,1.,0.));
#10441=DIRECTION('',(-2.52364776851088E-30,0.,1.));
#10442=DIRECTION('',(0.,-3.49148133884314E-15,1.));
#10443=DIRECTION('',(-3.49148133884314E-15,1.,2.76867989051947E-15));
#10444=DIRECTION('',(0.,3.09772049281573E-15,-1.));
#10445=DIRECTION('',(0.,-1.,0.));
#10446=DIRECTION('',(-1.,0.,0.));
#10447=DIRECTION('',(3.85288206300497E-15,-1.,-3.85288206300497E-15));
#10448=DIRECTION('',(0.,-3.87215061601966E-15,1.));
#10449=DIRECTION('',(0.,1.,0.));
#10450=DIRECTION('',(1.,0.,1.34522658237453E-29));
#10451=DIRECTION('',(0.,-3.49148133884314E-15,1.));
#10452=DIRECTION('',(0.,0.,-1.));
#10453=DIRECTION('',(-1.,-3.61400724161834E-15,0.));
#10454=DIRECTION('',(0.,0.,1.));
#10455=DIRECTION('',(-1.04744440165294E-14,-1.,0.));
#10456=DIRECTION('',(1.,3.49148133884314E-15,1.21904419394898E-29));
#10457=DIRECTION('',(0.,0.,1.));
#10458=DIRECTION('',(1.,3.25260651745652E-15,0.));
#10459=DIRECTION('',(0.,-1.,0.));
#10460=DIRECTION('',(1.,0.,1.26180250840795E-29));
#10461=DIRECTION('',(1.,0.,0.));
#10462=DIRECTION('',(0.,1.,3.25260651745652E-15));
#10463=DIRECTION('',(1.,0.,0.));
#10464=DIRECTION('',(0.,1.,3.61400724161835E-15));
#10465=DIRECTION('',(1.,0.,0.));
#10466=DIRECTION('',(0.,-1.,3.25260651745652E-15));
#10467=DIRECTION('',(1.,0.,0.));
#10468=DIRECTION('',(0.,-1.,3.61400724161835E-15));
#10469=CARTESIAN_POINT('',(0.,0.,0.));
#10470=CARTESIAN_POINT('',(0.00091000000000001,-0.001,0.000314307490277203));
#10471=CARTESIAN_POINT('',(0.00093,-0.00098,0.000314307490277203));
#10472=CARTESIAN_POINT('',(0.00093,-0.00098,8.00000000000034E-05));
#10473=CARTESIAN_POINT('',(0.00093,-0.00098,2.00000000000027E-05));
#10474=CARTESIAN_POINT('',(0.00091000000000001,-0.001,8.00000000000035E-05));
#10475=CARTESIAN_POINT('',(0.00091000000000001,-0.001,8.00000000000035E-05));
#10476=CARTESIAN_POINT('',(0.00091000000000001,-0.001,0.000314307490277203));
#10477=CARTESIAN_POINT('',(0.00091000000000001,-0.001,3.63166598973553E-18));
#10478=CARTESIAN_POINT('',(0.00091000000000001,-0.001,3.63146034569008E-18));
#10479=CARTESIAN_POINT('',(0.00096,-0.00095,3.40686306119221E-18));
#10480=CARTESIAN_POINT('',(0.00096,-0.00095,0.000314307490277203));
#10481=CARTESIAN_POINT('',(0.00096,-0.00095,2.00000000000027E-05));
#10482=CARTESIAN_POINT('',(0.000910000000000011,-0.001,2.00000000000027E-05));
#10483=CARTESIAN_POINT('',(-0.00096,-0.00095,0.000314307490277203));
#10484=CARTESIAN_POINT('',(0.00096,-0.00095,2.00000000000027E-05));
#10485=CARTESIAN_POINT('',(0.00104,-0.00095,2.00000000000027E-05));
#10486=CARTESIAN_POINT('',(0.00096,-0.00095,3.45688627874792E-18));
#10487=CARTESIAN_POINT('',(0.00104,-0.00095,3.46107316981647E-18));
#10488=CARTESIAN_POINT('',(0.00104,-0.00095,0.000314307490277203));
#10489=CARTESIAN_POINT('',(0.00109,-0.001,0.000314307490277203));
#10490=CARTESIAN_POINT('',(0.00107000000000002,-0.00098,0.000314307490277203));
#10491=CARTESIAN_POINT('',(0.00107,-0.00098,2.00000000000027E-05));
#10492=CARTESIAN_POINT('',(0.00107,-0.00098,8.00000000000034E-05));
#10493=CARTESIAN_POINT('',(0.00109,-0.001,2.00000000000027E-05));
#10494=CARTESIAN_POINT('',(0.00109,-0.001,3.63146034569007E-18));
#10495=CARTESIAN_POINT('',(0.00109,-0.001,3.63166598973552E-18));
#10496=CARTESIAN_POINT('',(0.00109,-0.001,0.000314307490277203));
#10497=CARTESIAN_POINT('',(0.00109,-0.001,8.00000000000035E-05));
#10498=CARTESIAN_POINT('',(0.00109,-0.001,8.00000000000035E-05));
#10499=CARTESIAN_POINT('',(-0.0014,1.0240544779078E-17,8.E-05));
#10500=CARTESIAN_POINT('',(0.0014,-0.00098,8.00000000000034E-05));
#10501=CARTESIAN_POINT('',(0.00069000000000001,-0.00098,8.00000000000034E-05));
#10502=CARTESIAN_POINT('',(0.00069,2.80368952734209E-18,8.E-05));
#10503=CARTESIAN_POINT('',(0.000690000000000011,-0.0011,8.00000000000038E-05));
#10504=CARTESIAN_POINT('',(0.0014,-0.0011,8.00000000000038E-05));
#10505=CARTESIAN_POINT('',(0.000910000000000011,-0.0011,8.00000000000038E-05));
#10506=CARTESIAN_POINT('',(0.000910000000000011,-0.0011,8.00000000000038E-05));
#10507=CARTESIAN_POINT('',(-0.0014,1.0240544779078E-17,8.E-05));
#10508=CARTESIAN_POINT('',(0.0014,-0.00098,8.00000000000034E-05));
#10509=CARTESIAN_POINT('',(0.00131,-0.00098,8.00000000000034E-05));
#10510=CARTESIAN_POINT('',(0.00109,-0.0011,8.00000000000038E-05));
#10511=CARTESIAN_POINT('',(0.00109,-0.0011,8.00000000000038E-05));
#10512=CARTESIAN_POINT('',(0.0014,-0.0011,8.00000000000038E-05));
#10513=CARTESIAN_POINT('',(0.00131,-0.0011,8.00000000000038E-05));
#10514=CARTESIAN_POINT('',(0.00131,9.29784481759032E-18,8.E-05));
#10515=CARTESIAN_POINT('',(0.00131000000000001,-0.00129,0.000140000000000004));
#10516=CARTESIAN_POINT('',(0.00131,-0.00098,0.000140000000000004));
#10517=CARTESIAN_POINT('',(0.00131,-0.00098,2.00000000000027E-05));
#10518=CARTESIAN_POINT('',(0.00131,-0.0011,3.98060847957437E-18));
#10519=CARTESIAN_POINT('',(0.00131,-0.0011,3.91001316450621E-18));
#10520=CARTESIAN_POINT('',(0.00131000000000001,-0.00129,4.39945412253319E-18));
#10521=CARTESIAN_POINT('',(0.00131,-0.00093,3.45791978105264E-18));
#10522=CARTESIAN_POINT('',(0.00131,-0.00093,0.000140000000000003));
#10523=CARTESIAN_POINT('',(0.00131,-0.000857888974490718,2.00000000000027E-05));
#10524=CARTESIAN_POINT('',(0.00131000000000001,-0.00129,2.00000000000028E-05));
#10525=CARTESIAN_POINT('',(0.000690000000000013,-0.00129,0.000140000000000004));
#10526=CARTESIAN_POINT('',(0.00069000000000001,-0.00098,0.000140000000000004));
#10527=CARTESIAN_POINT('',(0.00069000000000001,-0.00098,2.00000000000027E-05));
#10528=CARTESIAN_POINT('',(0.000690000000000013,-0.00129,2.00000000000028E-05));
#10529=CARTESIAN_POINT('',(0.000690000000000008,-0.00085788897449072,2.00000000000027E-05));
#10530=CARTESIAN_POINT('',(0.000690000000000009,-0.00093,0.000140000000000003));
#10531=CARTESIAN_POINT('',(0.000690000000000009,-0.00093,3.34565717350378E-18));
#10532=CARTESIAN_POINT('',(0.000690000000000013,-0.00129,4.39945412253321E-18));
#10533=CARTESIAN_POINT('',(0.000690000000000011,-0.0011,3.91001316450624E-18));
#10534=CARTESIAN_POINT('',(0.000690000000000011,-0.0011,3.98060847957439E-18));
#10535=CARTESIAN_POINT('',(-0.0014,-0.00092999999999999,0.000140000000000003));
#10536=CARTESIAN_POINT('',(0.0014,-0.000857888974490711,2.00000000000027E-05));
#10537=CARTESIAN_POINT('',(0.0014,-0.00092999999999999,3.25153138041035E-18));
#10538=CARTESIAN_POINT('',(-0.002255,-0.00076,2.65352581752077E-18));
#10539=CARTESIAN_POINT('',(0.000910000000000011,-0.0011,3.98060847957438E-18));
#10540=CARTESIAN_POINT('',(0.000910000000000011,-0.0011,3.92794791360488E-18));
#10541=CARTESIAN_POINT('',(0.0014,-0.0011,3.84589733166816E-18));
#10542=CARTESIAN_POINT('',(0.0014,-0.0011,3.84589733166816E-18));
#10543=CARTESIAN_POINT('',(0.00109,-0.0011,3.92794791360488E-18));
#10544=CARTESIAN_POINT('',(0.00109,-0.0011,3.98060847957438E-18));
#10545=CARTESIAN_POINT('',(-0.0014,-0.0011,3.98060847957437E-18));
#10546=CARTESIAN_POINT('',(0.000910000000000011,-0.0011,0.000314307490277203));
#10547=CARTESIAN_POINT('',(-0.0014,-0.0011,3.98060847957437E-18));
#10548=CARTESIAN_POINT('',(0.00109,-0.0011,0.000314307490277203));
#10549=CARTESIAN_POINT('',(0.00109,-0.0011,0.000314307490277203));
#10550=CARTESIAN_POINT('',(0.000910000000000011,-0.0011,0.000314307490277203));
#10551=CARTESIAN_POINT('',(-0.0019,-0.00098,3.00000000000032E-05));
#10552=CARTESIAN_POINT('',(0.0019,-0.00097,2.00000000000027E-05));
#10553=CARTESIAN_POINT('',(0.00168,-0.00097,2.00000000000032E-05));
#10554=CARTESIAN_POINT('',(0.00184,-0.00097,2.00000000000028E-05));
#10555=CARTESIAN_POINT('',(0.00168333333333333,-0.000966666666666665,1.66666666666699E-05));
#10556=CARTESIAN_POINT('',(0.00169,-0.00096,1.00000000000036E-05));
#10557=CARTESIAN_POINT('',(0.00167,-0.00096,1.00000000000033E-05));
#10558=CARTESIAN_POINT('',(0.00183,-0.00096,1.00000000000032E-05));
#10559=CARTESIAN_POINT('',(0.00185,-0.00098,3.00000000000032E-05));
#10560=CARTESIAN_POINT('',(0.00185,-0.00098,3.00000000000032E-05));
#10561=CARTESIAN_POINT('',(0.00184,-0.00098,2.00000000000027E-05));
#10562=CARTESIAN_POINT('',(0.00184,-0.00091,2.00000000000025E-05));
#10563=CARTESIAN_POINT('',(0.00183,-0.00098,1.00000000000033E-05));
#10564=CARTESIAN_POINT('',(0.00183,-0.00092,1.00000000000025E-05));
#10565=CARTESIAN_POINT('',(0.00183666666666667,-0.000913333333333331,1.66666666666697E-05));
#10566=CARTESIAN_POINT('',(0.00169,-0.00098,1.00000000000033E-05));
#10567=CARTESIAN_POINT('',(0.00168,-0.00098,2.00000000000027E-05));
#10568=CARTESIAN_POINT('',(0.00168,-0.00091,2.00000000000025E-05));
#10569=CARTESIAN_POINT('',(0.00174333333333334,-0.000973333333333332,-4.33333333333301E-05));
#10570=CARTESIAN_POINT('',(0.00169,-0.00092,1.00000000000029E-05));
#10571=CARTESIAN_POINT('',(0.00169,-0.00098,1.00000000000033E-05));
#10572=CARTESIAN_POINT('',(-0.00185,-0.00092,1.00000000000031E-05));
#10573=CARTESIAN_POINT('',(0.00185,-0.00091,2.00000000000027E-05));
#10574=CARTESIAN_POINT('',(0.00185,-0.00092,1.00000000000031E-05));
#10575=CARTESIAN_POINT('',(-0.00185,-0.00098,1.00000000000033E-05));
#10576=CARTESIAN_POINT('',(-0.0014,1.0240544779078E-17,8.E-05));
#10577=CARTESIAN_POINT('',(0.000275,-0.00098,8.00000000000034E-05));
#10578=CARTESIAN_POINT('',(0.00013000000000001,-0.00098,8.00000000000034E-05));
#10579=CARTESIAN_POINT('',(0.000270000000000011,-0.00098,8.00000000000034E-05));
#10580=CARTESIAN_POINT('',(0.00013,-2.85193495099531E-18,8.E-05));
#10581=CARTESIAN_POINT('',(0.000130000000000011,-0.0011,8.00000000000038E-05));
#10582=CARTESIAN_POINT('',(0.000275000000000012,-0.0011,8.00000000000038E-05));
#10583=CARTESIAN_POINT('',(0.000270000000000011,-0.0011,8.00000000000038E-05));
#10584=CARTESIAN_POINT('',(0.00027,-1.38551278868119E-18,8.E-05));
#10585=CARTESIAN_POINT('',(-0.0014,-0.00092999999999999,0.000140000000000003));
#10586=CARTESIAN_POINT('',(0.000130000000000009,-0.00093,0.000140000000000003));
#10587=CARTESIAN_POINT('',(0.000130000000000009,-0.000857888974490722,2.00000000000027E-05));
#10588=CARTESIAN_POINT('',(0.000130000000000009,-0.00093,3.17265297466166E-18));
#10589=CARTESIAN_POINT('',(0.000275000000000009,-0.000857888974490722,2.00000000000027E-05));
#10590=CARTESIAN_POINT('',(0.000270000000000009,-0.000857888974490721,2.00000000000027E-05));
#10591=CARTESIAN_POINT('',(0.000270000000000009,-0.00093,0.000140000000000003));
#10592=CARTESIAN_POINT('',(0.000270000000000009,-0.00093,3.20619388751644E-18));
#10593=CARTESIAN_POINT('',(0.000275000000000009,-0.00093,3.25153138041039E-18));
#10594=CARTESIAN_POINT('',(0.000130000000000013,-0.00129,0.000165000000000006));
#10595=CARTESIAN_POINT('',(0.00013000000000001,-0.00098,0.000165000000000006));
#10596=CARTESIAN_POINT('',(0.00013000000000001,-0.00098,2.00000000000027E-05));
#10597=CARTESIAN_POINT('',(0.000130000000000013,-0.00129,2.00000000000028E-05));
#10598=CARTESIAN_POINT('',(0.000130000000000013,-0.00129,4.71527719882065E-18));
#10599=CARTESIAN_POINT('',(0.000130000000000011,-0.0011,3.84589733166821E-18));
#10600=CARTESIAN_POINT('',(0.000130000000000011,-0.0011,3.9814298448566E-18));
#10601=CARTESIAN_POINT('',(0.000270000000000014,-0.00129,0.000165000000000006));
#10602=CARTESIAN_POINT('',(0.000270000000000014,-0.00129,2.00000000000028E-05));
#10603=CARTESIAN_POINT('',(0.00027000000000001,-0.00098,2.00000000000027E-05));
#10604=CARTESIAN_POINT('',(0.00027000000000001,-0.00098,0.000165000000000006));
#10605=CARTESIAN_POINT('',(0.000270000000000011,-0.0011,3.98142984485659E-18));
#10606=CARTESIAN_POINT('',(0.000270000000000011,-0.0011,3.8458973316682E-18));
#10607=CARTESIAN_POINT('',(0.000270000000000014,-0.00129,4.71527719882064E-18));
#10608=CARTESIAN_POINT('',(-0.002255,-0.00076,2.65352581752077E-18));
#10609=CARTESIAN_POINT('',(0.000275000000000012,-0.0011,3.8458973316682E-18));
#10610=CARTESIAN_POINT('',(-0.0014,-0.0011,3.98060847957437E-18));
#10611=CARTESIAN_POINT('',(-0.002425,-4.05011835305803E-18,2.E-05));
#10612=CARTESIAN_POINT('',(0.00234423700663074,-0.00098,2.00000000000027E-05));
#10613=CARTESIAN_POINT('',(0.00142,1.01770928121393E-17,1.39979006846921E-19));
#10614=CARTESIAN_POINT('',(0.00142,-0.000552226343078046,0.000244458655293764));
#10615=CARTESIAN_POINT('',(0.00142,-0.000608117586672832,0.000187220827859207));
#10616=CARTESIAN_POINT('',(0.00142,-0.000632203676977573,0.00024255443305806));
#10617=CARTESIAN_POINT('',(0.00142,-0.000203237457754495,-0.000208134043671114));
#10618=CARTESIAN_POINT('',(0.00142,-0.000593310580003951,0.000172762172565445));
#10619=CARTESIAN_POINT('',(0.00142,-0.000537419336409165,0.00023));
#10620=CARTESIAN_POINT('',(0.00142,-0.000574873266632963,0.000159309101641084));
#10621=CARTESIAN_POINT('',(0.00142,-0.000506366085945636,-0.000122915339366122));
#10622=CARTESIAN_POINT('',(0.00142,-0.000582883484153113,0.000192308257923446));
#10623=CARTESIAN_POINT('',(0.00142,-0.000509999999999989,0.00021));
#10624=CARTESIAN_POINT('',(0.00142,-0.00058500000000001,0.00021));
#10625=CARTESIAN_POINT('',(0.00142,-0.000585,0.00025));
#10626=CARTESIAN_POINT('',(0.00142,-0.000585,0.00035));
#10627=CARTESIAN_POINT('',(0.00142,-0.00058,0.000352886751345948));
#10628=CARTESIAN_POINT('',(0.00142,-0.00056,0.000364433756729742));
#10629=CARTESIAN_POINT('',(0.00142,-0.00056,0.00042));
#10630=CARTESIAN_POINT('',(0.00142,-0.000560000000000038,0.00042));
#10631=CARTESIAN_POINT('',(0.00142,-0.00069,0.00042));
#10632=CARTESIAN_POINT('',(0.00142,-0.000654967875700098,0.000545190855365004));
#10633=CARTESIAN_POINT('',(0.00142,-0.000654967875699872,0.000545190855364808));
#10634=CARTESIAN_POINT('',(0.00142,-0.00063904788888215,0.000530011333050237));
#10635=CARTESIAN_POINT('',(0.00142,-0.000639047888882151,0.000530011333050237));
#10636=CARTESIAN_POINT('',(0.00142,1.01770928121393E-17,1.39979006846921E-19));
#10637=CARTESIAN_POINT('',(0.00142,-0.0003,0.0004));
#10638=CARTESIAN_POINT('',(0.00142,-0.000369862237323199,0.000328450941332557));
#10639=CARTESIAN_POINT('',(0.00142,-0.000341885588757808,0.000490805272173002));
#10640=CARTESIAN_POINT('',(0.00142,-1.63500108488602E-05,-1.67439305216685E-05));
#10641=CARTESIAN_POINT('',(0.00142,-0.000346298971506506,0.0003054431967269));
#10642=CARTESIAN_POINT('',(0.00142,-0.000346298971506506,0.000305443196726901));
#10643=CARTESIAN_POINT('',(0.00142,-0.000345613741259191,0.000334222867114115));
#10644=CARTESIAN_POINT('',(0.00142,-0.000344928511011876,0.000363002537501328));
#10645=CARTESIAN_POINT('',(0.00142,-0.000344243280764561,0.000391782207888542));
#10646=CARTESIAN_POINT('',(0.00142,-0.000344243280764572,0.000391782207888542));
#10647=CARTESIAN_POINT('',(0.00142,-0.00029903541257103,0.000399977033632644));
#10648=CARTESIAN_POINT('',(0.00142,-0.000344022662889521,0.000401048158640227));
#10649=CARTESIAN_POINT('',(0.00142,-0.000344022662889521,0.000401048158640227));
#10650=CARTESIAN_POINT('',(0.00142,-0.00034331030484561,0.000430967196484486));
#10651=CARTESIAN_POINT('',(0.00142,-0.0003425979468017,0.000460886234328744));
#10652=CARTESIAN_POINT('',(0.00142,-0.000341885588757789,0.000490805272173002));
#10653=CARTESIAN_POINT('',(0.002125,-0.00053,1.85048510958685E-18));
#10654=CARTESIAN_POINT('',(0.002025,-0.00053,1.85048510958685E-18));
#10655=CARTESIAN_POINT('',(0.002025,-0.00053,1.85048510958685E-18));
#10656=CARTESIAN_POINT('',(0.002025,-0.00053,2.00000000000019E-05));
#10657=CARTESIAN_POINT('',(0.002125,-0.00053,2.00000000000019E-05));
#10658=CARTESIAN_POINT('',(0.002125,-0.00043,2.00000000000015E-05));
#10659=CARTESIAN_POINT('',(0.002125,-0.00043,1.50133697570254E-18));
#10660=CARTESIAN_POINT('',(0.002125,-0.00043,1.50133697570254E-18));
#10661=CARTESIAN_POINT('',(0.002125,-0.00053,1.85048510958685E-18));
#10662=CARTESIAN_POINT('',(-0.0014,1.0240544779078E-17,8.E-05));
#10663=CARTESIAN_POINT('',(0.002225,-0.00076,8.00000000000027E-05));
#10664=CARTESIAN_POINT('',(0.002225,-0.0011,8.00000000000038E-05));
#10665=CARTESIAN_POINT('',(0.002225,-0.00098,8.00000000000034E-05));
#10666=CARTESIAN_POINT('',(0.002425,-0.00098,8.00000000000034E-05));
#10667=CARTESIAN_POINT('',(0.002025,-0.00098,8.00000000000034E-05));
#10668=CARTESIAN_POINT('',(0.002025,-0.00076,8.00000000000027E-05));
#10669=CARTESIAN_POINT('',(0.002025,-0.0011,8.00000000000038E-05));
#10670=CARTESIAN_POINT('',(0.002255,-0.0011,8.00000000000038E-05));
#10671=CARTESIAN_POINT('',(0.002255,-0.00076,2.65352581752077E-18));
#10672=CARTESIAN_POINT('',(0.002255,-0.00073,2.54878137735548E-18));
#10673=CARTESIAN_POINT('',(0.002255,-0.00073,2.54878137735548E-18));
#10674=CARTESIAN_POINT('',(0.002255,-0.00073,2.00000000000026E-05));
#10675=CARTESIAN_POINT('',(0.002255,-0.00076,2.00000000000027E-05));
#10676=CARTESIAN_POINT('',(0.002225,-0.00076,2.00000000000027E-05));
#10677=CARTESIAN_POINT('',(0.002225,-0.00076,2.65352581752077E-18));
#10678=CARTESIAN_POINT('',(0.002225,-0.00076,2.65352581752077E-18));
#10679=CARTESIAN_POINT('',(0.002255,-0.00076,2.65352581752077E-18));
#10680=CARTESIAN_POINT('',(-0.002425,-0.00043,1.50133697570253E-18));
#10681=CARTESIAN_POINT('',(0.002425,-0.00043,2.00000000000015E-05));
#10682=CARTESIAN_POINT('',(0.002285,-0.00043,2.00000000000005E-05));
#10683=CARTESIAN_POINT('',(0.002285,-0.00043,0.000140000000000001));
#10684=CARTESIAN_POINT('',(0.00240458260743101,-0.00043,0.00013));
#10685=CARTESIAN_POINT('',(0.002405,-0.00043,0.000130000000000001));
#10686=CARTESIAN_POINT('',(0.00242464240043769,-0.00043,0.000130000000000001));
#10687=CARTESIAN_POINT('',(0.002285,-0.00043,0.000140000000000001));
#10688=CARTESIAN_POINT('',(0.002285,-0.00043,1.47071225854541E-18));
#10689=CARTESIAN_POINT('',(0.002425,-0.00043,1.50133697570253E-18));
#10690=CARTESIAN_POINT('',(0.002285,-0.00076,0.000140000000000003));
#10691=CARTESIAN_POINT('',(0.002285,-0.00073,0.000140000000000003));
#10692=CARTESIAN_POINT('',(0.002285,-0.00073,2.56654932289205E-18));
#10693=CARTESIAN_POINT('',(0.00242464240043769,-0.00073,0.000130000000000002));
#10694=CARTESIAN_POINT('',(0.002285,-0.00043,1.50133697570253E-18));
#10695=CARTESIAN_POINT('',(0.002285,-0.00043,0.000140000000000001));
#10696=CARTESIAN_POINT('',(0.002425,-0.00043,0.000140000000000001));
#10697=CARTESIAN_POINT('',(0.002425,-0.00073,0.000140000000000003));
#10698=CARTESIAN_POINT('',(0.002425,-0.00073,0.000140000000000003));
#10699=CARTESIAN_POINT('',(0.002285,-0.00073,0.000140000000000003));
#10700=CARTESIAN_POINT('',(-0.002285,-0.00073,0.000140000000000003));
#10701=CARTESIAN_POINT('',(0.002285,-0.00073,0.000140000000000002));
#10702=CARTESIAN_POINT('',(0.00240458260743101,-0.00073,0.000130000000000021));
#10703=CARTESIAN_POINT('',(0.002285,-0.00073,2.00000000000025E-05));
#10704=CARTESIAN_POINT('',(0.002425,-0.00073,2.00000000000026E-05));
#10705=CARTESIAN_POINT('',(0.002425,-0.00073,2.54878137735548E-18));
#10706=CARTESIAN_POINT('',(0.002405,-0.00073,0.000130000000000002));
#10707=CARTESIAN_POINT('',(0.002225,-0.00076,2.65352581752077E-18));
#10708=CARTESIAN_POINT('',(0.002225,-0.00098,0.00069));
#10709=CARTESIAN_POINT('',(0.002225,-0.00098,7.00000000000034E-05));
#10710=CARTESIAN_POINT('',(0.002225,-0.0011,3.84062947272743E-18));
#10711=CARTESIAN_POINT('',(0.002225,-0.0011,3.84062947272743E-18));
#10712=CARTESIAN_POINT('',(0.002225,-0.00076,2.65352581752077E-18));
#10713=CARTESIAN_POINT('',(0.002225,3.33587793569403E-18,2.E-05));
#10714=CARTESIAN_POINT('',(0.002225,-0.00093,2.00000000000033E-05));
#10715=CARTESIAN_POINT('',(0.002225,-0.00093,7.00000000000033E-05));
#10716=CARTESIAN_POINT('',(0.002025,-0.0011,3.84062947272744E-18));
#10717=CARTESIAN_POINT('',(0.002025,-0.00098,0.00069));
#10718=CARTESIAN_POINT('',(0.002025,-0.00098,2.0000000000003E-05));
#10719=CARTESIAN_POINT('',(0.002025,2.53939927304862E-18,2.E-05));
#10720=CARTESIAN_POINT('',(0.002025,-0.0011,3.84062947272744E-18));
#10721=CARTESIAN_POINT('',(0.002025,-0.0011,3.84062947272744E-18));
#10722=CARTESIAN_POINT('',(0.002025,-0.0011,3.84062947272744E-18));
#10723=CARTESIAN_POINT('',(-0.002255,-0.00076,2.65352581752077E-18));
#10724=CARTESIAN_POINT('',(0.002225,-0.0011,3.84062947272743E-18));
#10725=CARTESIAN_POINT('',(-0.0014,-0.0011,3.98060847957437E-18));
#10726=CARTESIAN_POINT('',(0.001485,-0.00053741933640916,0.00023));
#10727=CARTESIAN_POINT('',(0.001485,-0.00053741933640916,0.00023));
#10728=CARTESIAN_POINT('',(0.001485,-0.000593310580003948,0.000172762172565445));
#10729=CARTESIAN_POINT('',(0.001485,-0.000537419336409166,0.00015));
#10730=CARTESIAN_POINT('',(0.001485,-0.000593310580003948,0.000172762172565445));
#10731=CARTESIAN_POINT('',(0.00151681416707889,-0.000615537247028592,0.00015));
#10732=CARTESIAN_POINT('',(0.001485,-0.000537419336409166,0.00015));
#10733=CARTESIAN_POINT('',(0.001485,-0.000566356374365382,0.00015));
#10734=CARTESIAN_POINT('',(0.00150043184138561,-0.000592088385075126,0.00015));
#10735=CARTESIAN_POINT('',(0.00151681416707889,-0.00061553724702859,0.00015));
#10736=CARTESIAN_POINT('',(0.001485,-0.000631428166676776,0.00020998300042465));
#10737=CARTESIAN_POINT('',(0.001485,-0.000593310580003948,0.000172762172565445));
#10738=CARTESIAN_POINT('',(0.001485,-0.000608117586672828,0.000187220827859206));
#10739=CARTESIAN_POINT('',(0.001485,-0.000608117586672828,0.000187220827859206));
#10740=CARTESIAN_POINT('',(0.001535,-0.000643049613919571,0.000151447185712609));
#10741=CARTESIAN_POINT('',(0.001535,-0.000643049613919571,0.000151447185712608));
#10742=CARTESIAN_POINT('',(0.001535,-0.000641567561262368,0.00015));
#10743=CARTESIAN_POINT('',(0.00151383962630124,-0.00061127963444196,0.00015));
#10744=CARTESIAN_POINT('',(0.001485,-0.000552226343078041,0.000244458655293764));
#10745=CARTESIAN_POINT('',(0.001485,-0.000632203676977572,0.00024255443305806));
#10746=CARTESIAN_POINT('',(0.001485,-0.000632203676977572,0.00024255443305806));
#10747=CARTESIAN_POINT('',(0.001535,-0.000682189510664779,0.000241364294160747));
#10748=CARTESIAN_POINT('',(0.001535,-0.00055222634307804,0.000244458655293764));
#10749=CARTESIAN_POINT('',(0.001485,-0.000552226343078041,0.000244458655293764));
#10750=CARTESIAN_POINT('',(0.001485,-0.00063,0.00015));
#10751=CARTESIAN_POINT('',(0.00102013176537263,-0.000175000018668939,0.00057));
#10752=CARTESIAN_POINT('',(0.001535,-0.000690014170327617,0.00057));
#10753=CARTESIAN_POINT('',(0.0015259756097561,-0.000680987222512393,0.00057));
#10754=CARTESIAN_POINT('',(0.001535,-0.000682118999227863,0.000238402813810291));
#10755=CARTESIAN_POINT('',(0.001485,-0.00063,0.00015));
#10756=CARTESIAN_POINT('',(0.001485,-0.000639047888882146,0.000530011333050237));
#10757=CARTESIAN_POINT('',(0.0014989837398374,-0.000653360518613102,0.000543658259072776));
#10758=CARTESIAN_POINT('',(0.001485,6.98296267768627E-19,-2.43808838789797E-33));
#10759=CARTESIAN_POINT('',(0.001485,-0.000875,0.00069));
#10760=CARTESIAN_POINT('',(0.001485,-0.000875,0.00069));
#10761=CARTESIAN_POINT('',(0.001485,-0.000735,0.00057));
#10762=CARTESIAN_POINT('',(0.001485,-0.000735,0.00057));
#10763=CARTESIAN_POINT('',(0.001485,-0.00107,0.00057));
#10764=CARTESIAN_POINT('',(0.001485,-0.00107,0.00057));
#10765=CARTESIAN_POINT('',(0.001485,-0.00107,0.00069));
#10766=CARTESIAN_POINT('',(0.001485,-0.00107,0.00069));
#10767=CARTESIAN_POINT('',(0.00154850368563719,-0.000291176305862854,0.00052));
#10768=CARTESIAN_POINT('',(0.00154850368563719,-0.000291176305862854,0.00052));
#10769=CARTESIAN_POINT('',(0.00154850368563719,-0.00029117630586286,0.00057));
#10770=CARTESIAN_POINT('',(0.0015976472949839,-0.000291176305862854,0.000529214426752509));
#10771=CARTESIAN_POINT('',(0.00154850368563719,-0.000291176305862854,0.00052));
#10772=CARTESIAN_POINT('',(0.00154850368563719,-0.000341162139550064,0.000521190138897316));
#10773=CARTESIAN_POINT('',(0.00154850368563719,-0.000291176305862854,0.00052));
#10774=CARTESIAN_POINT('',(0.00160140136817429,-0.000297893471899313,0.000237879026468762));
#10775=CARTESIAN_POINT('',(0.00157,-0.000293905996575593,0.000405352990065002));
#10776=CARTESIAN_POINT('',(0.00157,-0.0003438918302628,0.000406543128962318));
#10777=CARTESIAN_POINT('',(0.00161999986311023,-0.000294014727212229,0.000410000730078808));
#10778=CARTESIAN_POINT('',(0.00162021463083344,-0.000294041999304067,0.000408855302221617));
#10779=CARTESIAN_POINT('',(0.00155022287044349,-0.000341380448731813,0.000512021153263738));
#10780=CARTESIAN_POINT('',(0.00157,-0.000291176305862854,0.00052));
#10781=CARTESIAN_POINT('',(0.00162,-0.000297810489335219,0.000241364294160745));
#10782=CARTESIAN_POINT('',(0.00162,-0.000293795353481903,0.00041));
#10783=CARTESIAN_POINT('',(0.00162,-0.000297810489335219,0.000241364294160746));
#10784=CARTESIAN_POINT('',(0.00162,-0.000291176305862854,0.00041));
#10785=CARTESIAN_POINT('',(0.00157,-0.000343809523809522,0.00041));
#10786=CARTESIAN_POINT('',(0.00157,-0.000347796323022431,0.00024255443305806));
#10787=CARTESIAN_POINT('',(0.00157,-0.000297810489335219,0.000241364294160746));
#10788=CARTESIAN_POINT('',(0.00157,-0.000427773656921957,0.000244458655293764));
#10789=CARTESIAN_POINT('',(0.00157,-0.000305612173755328,0.0002));
#10790=CARTESIAN_POINT('',(0.00157,-0.000352597359588649,0.000217099482805295));
#10791=CARTESIAN_POINT('',(0.00162,-0.000305612173755328,0.0002));
#10792=CARTESIAN_POINT('',(0.00162,-0.000427773656921956,0.000244458655293764));
#10793=CARTESIAN_POINT('',(0.00157,-0.000427773656921957,0.000244458655293764));
#10794=CARTESIAN_POINT('',(0.00162640454967423,-0.000336684443038346,0.000175515445688036));
#10795=CARTESIAN_POINT('',(0.00162019939620996,-0.000350959488410689,0.000186688177442618));
#10796=CARTESIAN_POINT('',(0.00160044050823842,-0.000366923516650554,0.000192063060951141));
#10797=CARTESIAN_POINT('',(0.00158257789624601,-0.000371882413327169,0.000187220827859206));
#10798=CARTESIAN_POINT('',(0.00162276997519728,-0.000323344821343978,0.000181983247559089));
#10799=CARTESIAN_POINT('',(0.0016182180747916,-0.000340276448684854,0.000194283148825994));
#10800=CARTESIAN_POINT('',(0.00159562240725379,-0.000359591005254399,0.000200677249296626));
#10801=CARTESIAN_POINT('',(0.00157537765732697,-0.000363712557699957,0.000195198478504957));
#10802=CARTESIAN_POINT('',(0.00162002989421865,-0.00031214895165533,0.000190289636567237));
#10803=CARTESIAN_POINT('',(0.00161842525991677,-0.000332478244963219,0.000201542450324675));
#10804=CARTESIAN_POINT('',(0.0015928895137701,-0.000355427644092946,0.000209320959461915));
#10805=CARTESIAN_POINT('',(0.00157000075890929,-0.000356853965708491,0.000205403372938264));
#10806=CARTESIAN_POINT('',(0.00162,-0.000305196960514968,0.000199848889995045));
#10807=CARTESIAN_POINT('',(0.00162,-0.000327484393940454,0.000207960033494301));
#10808=CARTESIAN_POINT('',(0.00159371751120082,-0.000352597359588646,0.000217099482805294));
#10809=CARTESIAN_POINT('',(0.00157,-0.000352597359588646,0.000217099482805293));
#10810=CARTESIAN_POINT('',(0.00158257789624601,-0.000336950386080427,0.000151447185712608));
#10811=CARTESIAN_POINT('',(0.00158257789624601,-0.000371882413327173,0.000187220827859206));
#10812=CARTESIAN_POINT('',(0.001626288948123,-0.000336950386080427,0.000175723592856304));
#10813=CARTESIAN_POINT('',(0.00162,-0.000305612173755327,0.0002));
#10814=CARTESIAN_POINT('',(0.00162,-0.000308472719493364,0.000196069960869087));
#10815=CARTESIAN_POINT('',(0.00162045741100862,-0.00031190826102927,0.000192532044540378));
#10816=CARTESIAN_POINT('',(0.00162113544431083,-0.000315567420328143,0.000189404944676851));
#10817=CARTESIAN_POINT('',(0.00162233983734263,-0.000322067198358856,0.000183850265764932));
#10818=CARTESIAN_POINT('',(0.00162424484376521,-0.000329411984434239,0.000179404119018868));
#10819=CARTESIAN_POINT('',(0.001626288948123,-0.000336950386080427,0.000175723592856304));
#10820=CARTESIAN_POINT('',(0.00158257789624601,-0.000371882413327171,0.000187220827859208));
#10821=CARTESIAN_POINT('',(0.0015741932790368,-0.000362368685677438,0.000196510734436701));
#10822=CARTESIAN_POINT('',(0.0015700006469548,-0.000356226030081353,0.000207128786067334));
#10823=CARTESIAN_POINT('',(0.00157,-0.00035259735958865,0.000217099482805295));
#10824=CARTESIAN_POINT('',(0.00163129984886603,-0.000351508023158367,0.000168340283867374));
#10825=CARTESIAN_POINT('',(0.0016243667756524,-0.000365344457610267,0.000176884039094424));
#10826=CARTESIAN_POINT('',(0.00160745474903235,-0.000380562483145704,0.000178744966381021));
#10827=CARTESIAN_POINT('',(0.00159207628278187,-0.000386800362236374,0.000172653840365275));
#10828=CARTESIAN_POINT('',(0.00162946316983331,-0.000346873644224635,0.000170585328376849));
#10829=CARTESIAN_POINT('',(0.00162262270395737,-0.000360864383604059,0.000180031973067818));
#10830=CARTESIAN_POINT('',(0.00160466704066506,-0.000376302280305661,0.000182904943189509));
#10831=CARTESIAN_POINT('',(0.00158839020846841,-0.00038216194015047,0.000177183138389297));
#10832=CARTESIAN_POINT('',(0.00162782208034268,-0.000341909824308884,0.000172990893842108));
#10833=CARTESIAN_POINT('',(0.00162121273439815,-0.000356073589264069,0.000183349298270868));
#10834=CARTESIAN_POINT('',(0.00160224313070126,-0.000371750747757135,0.000187349395849599));
#10835=CARTESIAN_POINT('',(0.00158510104833479,-0.000377193928035732,0.000182034272468488));
#10836=CARTESIAN_POINT('',(0.00162640142969469,-0.000336691620596454,0.000175521063388665));
#10837=CARTESIAN_POINT('',(0.00162016031630253,-0.000351049392303452,0.000186758543038756));
#10838=CARTESIAN_POINT('',(0.00160022449303916,-0.000366983485318863,0.000192004503112753));
#10839=CARTESIAN_POINT('',(0.00158225836414863,-0.000371971119651667,0.000187134208450099));
#10840=CARTESIAN_POINT('',(0.00159234979265177,-0.000351757392749309,0.000136988530418846));
#10841=CARTESIAN_POINT('',(0.00159234979265177,-0.000386689419996054,0.000172762172565445));
#10842=CARTESIAN_POINT('',(0.00163117489632589,-0.000351757392749309,0.000168494265209423));
#10843=CARTESIAN_POINT('',(0.00178898951556716,-0.000301651918732523,0.000192957608589924));
#10844=CARTESIAN_POINT('',(0.00172948511920318,-0.000331306905091184,0.000226841751930798));
#10845=CARTESIAN_POINT('',(0.00159234979265177,-0.000386689419996051,0.000172762172565444));
#10846=CARTESIAN_POINT('',(0.00161911040894562,-0.000375834664644388,0.000183361557669906));
#10847=CARTESIAN_POINT('',(0.00163117489632589,-0.000351757392749308,0.000168494265209424));
#10848=CARTESIAN_POINT('',(0.00161344936180447,-0.000403075165187782,0.000156761920336439));
#10849=CARTESIAN_POINT('',(0.00162665908671865,-0.00038929099973143,0.000164544874371303));
#10850=CARTESIAN_POINT('',(0.00164173601037506,-0.000378414360661241,0.000155479607700278));
#10851=CARTESIAN_POINT('',(0.00164237590074611,-0.000423198186948139,0.00015));
#10852=CARTESIAN_POINT('',(0.00164915249013183,-0.000416982324399404,0.000150000000269258));
#10853=CARTESIAN_POINT('',(0.00165614753959679,-0.000410991987700388,0.00015));
#10854=CARTESIAN_POINT('',(0.00167,-0.000442580663590837,0.00015));
#10855=CARTESIAN_POINT('',(0.00167,-0.000442580663590837,0.00015));
#10856=CARTESIAN_POINT('',(0.00167,-0.000442580663590837,0.00015));
#10857=CARTESIAN_POINT('',(0.00167,-0.000442580663590838,0.00015));
#10858=CARTESIAN_POINT('',(0.00163114975440728,-0.000415317794981821,0.000150000000000001));
#10859=CARTESIAN_POINT('',(0.00161163519604084,-0.000401664410304719,0.000158139485634703));
#10860=CARTESIAN_POINT('',(0.00159234979265177,-0.000386689419996052,0.000172762172565445));
#10861=CARTESIAN_POINT('',(0.00167,-0.000442580663590841,0.00015));
#10862=CARTESIAN_POINT('',(0.00163117489632588,-0.000351757392749308,0.000168494265209423));
#10863=CARTESIAN_POINT('',(0.0016375954559861,-0.000367964798030731,0.000160582089978133));
#10864=CARTESIAN_POINT('',(0.00165055299561111,-0.000398239221644574,0.00015));
#10865=CARTESIAN_POINT('',(0.00167,-0.000442580663590837,0.00015));
#10866=CARTESIAN_POINT('',(0.00183,-0.00107,0.000190000000000004));
#10867=CARTESIAN_POINT('',(0.00183,-0.00107,0.000270000000000004));
#10868=CARTESIAN_POINT('',(0.00188,-0.00102,0.000270000000000004));
#10869=CARTESIAN_POINT('',(0.00183,-0.00107,0.000270000000000004));
#10870=CARTESIAN_POINT('',(0.00188,-0.00102,0.000100000000000004));
#10871=CARTESIAN_POINT('',(0.00188,-0.00102,0.00069));
#10872=CARTESIAN_POINT('',(0.002235,-0.000665,0.00069));
#10873=CARTESIAN_POINT('',(0.00183,-0.00107,0.00069));
#10874=CARTESIAN_POINT('',(0.00183,-0.00107,0.000190000000000004));
#10875=CARTESIAN_POINT('',(0.002355,-0.00093,-1.99999999999969E-05));
#10876=CARTESIAN_POINT('',(0.002355,-0.00093,0.000210000000000003));
#10877=CARTESIAN_POINT('',(0.002355,-0.00098,0.000210000000000003));
#10878=CARTESIAN_POINT('',(0.002405,-0.00093,0.000210000000000003));
#10879=CARTESIAN_POINT('',(0.002355,-0.00098,0.00069));
#10880=CARTESIAN_POINT('',(0.002355,-0.00098,0.000140000000000003));
#10881=CARTESIAN_POINT('',(0.002355,-0.00093,0.000140000000000003));
#10882=CARTESIAN_POINT('',(0.002405,-0.00093,0.000140000000000003));
#10883=CARTESIAN_POINT('',(0.002405,-0.00093,-1.99999999999969E-05));
#10884=CARTESIAN_POINT('',(0.002285,-0.00093,0.000140000000000003));
#10885=CARTESIAN_POINT('',(0.002285,-0.00093,7.00000000000033E-05));
#10886=CARTESIAN_POINT('',(0.002285,-0.00098,7.00000000000034E-05));
#10887=CARTESIAN_POINT('',(0.002285,-0.00093,2.00000000000033E-05));
#10888=CARTESIAN_POINT('',(0.002285,-0.00093,0.000140000000000003));
#10889=CARTESIAN_POINT('',(0.002285,-0.00098,0.000140000000000003));
#10890=CARTESIAN_POINT('',(-0.002425,-0.00093,7.00000000000033E-05));
#10891=CARTESIAN_POINT('',(0.002225,-0.00093,2.00000000000033E-05));
#10892=CARTESIAN_POINT('',(0.002285,-0.00098,7.00000000000034E-05));
#10893=CARTESIAN_POINT('',(-0.002425,-0.000655,0.000150000000000002));
#10894=CARTESIAN_POINT('',(0.00198,-0.000655,0.000150000000000002));
#10895=CARTESIAN_POINT('',(0.001535,-0.000655,0.000150000000000002));
#10896=CARTESIAN_POINT('',(0.00198,-0.000655,0.00015));
#10897=CARTESIAN_POINT('',(0.001535,-0.000735,0.000230000000000003));
#10898=CARTESIAN_POINT('',(0.001535,-0.000735,0.000230000000000004));
#10899=CARTESIAN_POINT('',(0.00157,-0.000735,0.000230000000000003));
#10900=CARTESIAN_POINT('',(0.00198,-0.000735,0.00023));
#10901=CARTESIAN_POINT('',(0.00198,-0.000735,0.000230000000000003));
#10902=CARTESIAN_POINT('',(0.00198,-0.000635,0.000150000000000002));
#10903=CARTESIAN_POINT('',(0.00208,-0.000635,0.00023));
#10904=CARTESIAN_POINT('',(0.00208,-0.000635,0.00023));
#10905=CARTESIAN_POINT('',(0.002,-0.000635,0.000149999999999999));
#10906=CARTESIAN_POINT('',(0.00198,-0.000635,0.00015));
#10907=CARTESIAN_POINT('',(0.00198,-0.000635,0.00023));
#10908=CARTESIAN_POINT('',(-0.002075,-0.00063,0.00059));
#10909=CARTESIAN_POINT('',(0.002425,-0.000463999999999992,0.000922));
#10910=CARTESIAN_POINT('',(0.002425,-0.00058,0.00069));
#10911=CARTESIAN_POINT('',(0.002425,-0.00063,0.00059));
#10912=CARTESIAN_POINT('',(0.002425,-0.00058,0.00069));
#10913=CARTESIAN_POINT('',(0.00222,-0.00058,0.00069));
#10914=CARTESIAN_POINT('',(0.0021,-0.00064,0.00057));
#10915=CARTESIAN_POINT('',(0.00212,-0.00063,0.00059));
#10916=CARTESIAN_POINT('',(0.002075,-0.00063,0.00059));
#10917=CARTESIAN_POINT('',(-0.002075,-0.00058,0.00059));
#10918=CARTESIAN_POINT('',(0.002425,-0.00058,0.00059));
#10919=CARTESIAN_POINT('',(0.002425,-0.00093,0.00059));
#10920=CARTESIAN_POINT('',(0.00212,4.87065360652437E-18,0.00059));
#10921=CARTESIAN_POINT('',(0.00212,-0.000758333333333328,0.00059));
#10922=CARTESIAN_POINT('',(0.00157,-0.000758333333333331,0.00059));
#10923=CARTESIAN_POINT('',(0.002075,-0.000758333333333332,0.00059));
#10924=CARTESIAN_POINT('',(0.002075,-0.00058,0.00059));
#10925=CARTESIAN_POINT('',(0.002075,-0.00098,0.00059));
#10926=CARTESIAN_POINT('',(0.002425,-0.00098,0.00059));
#10927=CARTESIAN_POINT('',(0.002375,-0.00098,0.00059));
#10928=CARTESIAN_POINT('',(0.002375,-0.00093,0.00059));
#10929=CARTESIAN_POINT('',(0.002075,-0.00058,0.00059));
#10930=CARTESIAN_POINT('',(0.002075,-0.000875,0.00069));
#10931=CARTESIAN_POINT('',(0.002075,-0.000875,0.00069));
#10932=CARTESIAN_POINT('',(0.002075,-0.00058,0.00069));
#10933=CARTESIAN_POINT('',(0.002075,-0.00098,0.00069));
#10934=CARTESIAN_POINT('',(0.002075,-0.00098,0.00059));
#10935=CARTESIAN_POINT('',(0.00188,-0.00098,0.000100000000000003));
#10936=CARTESIAN_POINT('',(0.00188,-0.00107,0.00069));
#10937=CARTESIAN_POINT('',(0.00188,-0.00098,0.00069));
#10938=CARTESIAN_POINT('',(0.00188,-0.00098,0.000270000000000004));
#10939=CARTESIAN_POINT('',(0.00188,-0.00101,0.000270000000000004));
#10940=CARTESIAN_POINT('',(0.00188,-0.000927058823529409,0.000131764705882356));
#10941=CARTESIAN_POINT('',(0.00188,-0.00098,0.000220000000000009));
#10942=CARTESIAN_POINT('',(0.00188,-0.00098,0.00063));
#10943=CARTESIAN_POINT('',(0.00198,-0.000635,-0.000894608853074905));
#10944=CARTESIAN_POINT('',(0.00208,-0.000635,0.00055));
#10945=CARTESIAN_POINT('',(0.00208,-0.000635,0.00055));
#10946=CARTESIAN_POINT('',(0.00198,-0.000735,0.000150000000000002));
#10947=CARTESIAN_POINT('',(0.00198,-0.000735,0.00045));
#10948=CARTESIAN_POINT('',(0.00198,-0.000635,0.00045));
#10949=CARTESIAN_POINT('',(-0.00157,-0.000875,0.00069));
#10950=CARTESIAN_POINT('',(0.00157,-0.000875,0.00069));
#10951=CARTESIAN_POINT('',(0.00202661157024794,-0.000649380165289252,0.000496611570247936));
#10952=CARTESIAN_POINT('',(0.0021,-0.000735,0.00057));
#10953=CARTESIAN_POINT('',(0.00157,-0.000735,0.00057));
#10954=CARTESIAN_POINT('',(0.001535,-0.000735,0.00057));
#10955=CARTESIAN_POINT('',(0.001485,-0.000735,0.00057));
#10956=CARTESIAN_POINT('',(0.002285,0.00058,0.000140000000000002));
#10957=CARTESIAN_POINT('',(0.002405,4.39926648694235E-18,0.00014));
#10958=CARTESIAN_POINT('',(0.002405,-0.00074,0.000140000000000003));
#10959=CARTESIAN_POINT('',(0.002285,-0.00098,2.00000000000034E-05));
#10960=CARTESIAN_POINT('',(0.002285,-0.00074,0.000140000000000002));
#10961=CARTESIAN_POINT('',(-0.002425,-0.00043,1.50133697570253E-18));
#10962=CARTESIAN_POINT('',(0.002425,-0.000429999999999995,0.00015));
#10963=CARTESIAN_POINT('',(0.002425,-0.00043,0.00013));
#10964=CARTESIAN_POINT('',(0.002405,-0.00043,0.000130000000000001));
#10965=CARTESIAN_POINT('',(-0.002285,-0.00073,0.000140000000000003));
#10966=CARTESIAN_POINT('',(0.002405,-0.00073,0.000130000000000002));
#10967=CARTESIAN_POINT('',(0.002425,-0.00073,0.000130000000000002));
#10968=CARTESIAN_POINT('',(0.002425,-0.00073,0.000130000000000002));
#10969=CARTESIAN_POINT('',(-0.002405,-0.00073,0.000130000000000002));
#10970=CARTESIAN_POINT('',(0.002425,-0.00073,0.000130000000000002));
#10971=CARTESIAN_POINT('',(0.002425,-0.00081,0.000210000000000003));
#10972=CARTESIAN_POINT('',(0.002405,-0.00081,0.000210000000000003));
#10973=CARTESIAN_POINT('',(0.002405,-0.00081,0.000210000000000003));
#10974=CARTESIAN_POINT('',(0.002405,-0.00073,0.000130000000000002));
#10975=CARTESIAN_POINT('',(-0.002405,-0.000349999999999995,0.00021));
#10976=CARTESIAN_POINT('',(0.002425,-0.000349999999999995,0.00021));
#10977=CARTESIAN_POINT('',(0.002425,-0.00035,0.00021));
#10978=CARTESIAN_POINT('',(0.002285,-0.000419999999999994,0.000140000000000002));
#10979=CARTESIAN_POINT('',(0.002405,-0.00042,0.00014));
#10980=CARTESIAN_POINT('',(0.002405,-0.000349999999999995,0.00021));
#10981=CARTESIAN_POINT('',(0.002405,-0.000349999999999997,0.00021));
#10982=CARTESIAN_POINT('',(0.002405,-0.000349999999999995,0.00021));
#10983=CARTESIAN_POINT('',(-0.00157,-0.000735,-0.000894608853074904));
#10984=CARTESIAN_POINT('',(0.001535,-0.000735,0.00057));
#10985=CARTESIAN_POINT('',(0.00222,-0.000735,0.00069));
#10986=CARTESIAN_POINT('',(-0.002425,-4.05011835305803E-18,2.E-05));
#10987=CARTESIAN_POINT('',(-0.00157,-3.29948700404496E-18,0.00069));
#10988=CARTESIAN_POINT('',(0.002425,-0.00098,0.00069));
#10989=CARTESIAN_POINT('',(0.00172,-0.00107,0.00069));
#10990=CARTESIAN_POINT('',(0.002405,0.00058,-1.99999999999982E-05));
#10991=CARTESIAN_POINT('',(0.002405,-0.00081,0.000210000000000003));
#10992=CARTESIAN_POINT('',(-0.002425,0.000369999999999995,0.00021));
#10993=CARTESIAN_POINT('',(0.002425,-0.00081,0.000210000000000003));
#10994=CARTESIAN_POINT('',(0.002425,-0.00093,0.000210000000000003));
#10995=CARTESIAN_POINT('',(0.002375,-0.00093,0.000210000000000003));
#10996=CARTESIAN_POINT('',(0.002375,-0.00098,0.000210000000000003));
#10997=CARTESIAN_POINT('',(0.002425,-0.00098,0.000210000000000003));
#10998=CARTESIAN_POINT('',(0.002375,-0.00093,0.00069));
#10999=CARTESIAN_POINT('',(0.002375,-0.00098,0.00069));
#11000=CARTESIAN_POINT('',(0.002425,-0.00093,0.00069));
#11001=CARTESIAN_POINT('',(-0.001445,-0.000552226343078041,0.000244458655293764));
#11002=CARTESIAN_POINT('',(0.001445,-0.000632203676977572,0.00024255443305806));
#11003=CARTESIAN_POINT('',(0.001445,-0.000608117586672828,0.000187220827859206));
#11004=CARTESIAN_POINT('',(-0.001445,-0.000631428166676776,0.00020998300042465));
#11005=CARTESIAN_POINT('',(0.001445,-0.000593310580003948,0.000172762172565445));
#11006=CARTESIAN_POINT('',(-0.001445,-0.00063,0.00015));
#11007=CARTESIAN_POINT('',(0.001445,-0.000639047888882146,0.000530011333050237));
#11008=CARTESIAN_POINT('',(0.001535,-0.000427773656921957,0.000244458655293764));
#11009=CARTESIAN_POINT('',(0.001535,-0.000655,0.000150000000000002));
#11010=CARTESIAN_POINT('',(0.001535,-0.00107,0.00057));
#11011=CARTESIAN_POINT('',(0.00091000000000001,0.001,0.000314307490277203));
#11012=CARTESIAN_POINT('',(0.00093,0.00098,0.000314307490277203));
#11013=CARTESIAN_POINT('',(0.00093,0.00098,8.00000000000034E-05));
#11014=CARTESIAN_POINT('',(0.00093,0.00098,2.00000000000027E-05));
#11015=CARTESIAN_POINT('',(0.000910000000000011,0.001,2.00000000000027E-05));
#11016=CARTESIAN_POINT('',(0.00096,0.00095,2.00000000000027E-05));
#11017=CARTESIAN_POINT('',(0.00096,0.00095,0.000314307490277203));
#11018=CARTESIAN_POINT('',(0.00096,0.00095,3.40686306119221E-18));
#11019=CARTESIAN_POINT('',(0.00091000000000001,0.001,3.63146034569008E-18));
#11020=CARTESIAN_POINT('',(0.00091000000000001,0.001,3.63166598973553E-18));
#11021=CARTESIAN_POINT('',(0.00091000000000001,0.001,0.000314307490277203));
#11022=CARTESIAN_POINT('',(0.00091000000000001,0.001,8.00000000000035E-05));
#11023=CARTESIAN_POINT('',(0.00091000000000001,0.001,8.00000000000035E-05));
#11024=CARTESIAN_POINT('',(-0.00096,0.00095,0.000314307490277203));
#11025=CARTESIAN_POINT('',(0.00096,0.00095,2.00000000000027E-05));
#11026=CARTESIAN_POINT('',(0.00104,0.00095,2.00000000000027E-05));
#11027=CARTESIAN_POINT('',(0.00104,0.00095,0.000314307490277203));
#11028=CARTESIAN_POINT('',(0.00104,0.00095,3.46107316981647E-18));
#11029=CARTESIAN_POINT('',(0.00096,0.00095,3.45688627874792E-18));
#11030=CARTESIAN_POINT('',(0.00109,0.001,0.000314307490277203));
#11031=CARTESIAN_POINT('',(0.00107000000000002,0.00098,0.000314307490277203));
#11032=CARTESIAN_POINT('',(0.00107,0.00098,2.00000000000027E-05));
#11033=CARTESIAN_POINT('',(0.00107,0.00098,8.00000000000034E-05));
#11034=CARTESIAN_POINT('',(0.00109,0.001,8.00000000000035E-05));
#11035=CARTESIAN_POINT('',(0.00109,0.001,8.00000000000035E-05));
#11036=CARTESIAN_POINT('',(0.00109,0.001,0.000314307490277203));
#11037=CARTESIAN_POINT('',(0.00109,0.001,3.63166598973552E-18));
#11038=CARTESIAN_POINT('',(0.00109,0.001,3.63146034569007E-18));
#11039=CARTESIAN_POINT('',(0.00109,0.001,2.00000000000027E-05));
#11040=CARTESIAN_POINT('',(-0.0014,1.0240544779078E-17,8.E-05));
#11041=CARTESIAN_POINT('',(0.0014,0.00098,8.00000000000034E-05));
#11042=CARTESIAN_POINT('',(0.00069000000000001,0.00098,8.00000000000034E-05));
#11043=CARTESIAN_POINT('',(0.000910000000000011,0.0011,8.00000000000038E-05));
#11044=CARTESIAN_POINT('',(0.000910000000000011,0.0011,8.00000000000038E-05));
#11045=CARTESIAN_POINT('',(0.0014,0.0011,8.00000000000038E-05));
#11046=CARTESIAN_POINT('',(0.000690000000000011,0.0011,8.00000000000038E-05));
#11047=CARTESIAN_POINT('',(0.00069,-2.80368952734209E-18,8.E-05));
#11048=CARTESIAN_POINT('',(-0.0014,1.0240544779078E-17,8.E-05));
#11049=CARTESIAN_POINT('',(0.0014,0.00098,8.00000000000034E-05));
#11050=CARTESIAN_POINT('',(0.00131,0.00098,8.00000000000034E-05));
#11051=CARTESIAN_POINT('',(0.00131,-9.29784481759032E-18,8.E-05));
#11052=CARTESIAN_POINT('',(0.00131,0.0011,8.00000000000038E-05));
#11053=CARTESIAN_POINT('',(0.0014,0.0011,8.00000000000038E-05));
#11054=CARTESIAN_POINT('',(0.00109,0.0011,8.00000000000038E-05));
#11055=CARTESIAN_POINT('',(0.00109,0.0011,8.00000000000038E-05));
#11056=CARTESIAN_POINT('',(0.00131000000000001,-0.00129,0.000140000000000004));
#11057=CARTESIAN_POINT('',(0.00131,0.00098,0.000140000000000004));
#11058=CARTESIAN_POINT('',(0.00131,0.00098,2.00000000000027E-05));
#11059=CARTESIAN_POINT('',(0.00131000000000001,0.00129,2.00000000000028E-05));
#11060=CARTESIAN_POINT('',(0.00131,0.000857888974490718,2.00000000000027E-05));
#11061=CARTESIAN_POINT('',(0.00131,0.00093,0.000140000000000003));
#11062=CARTESIAN_POINT('',(0.00131,0.00093,3.45791978105264E-18));
#11063=CARTESIAN_POINT('',(0.00131000000000001,0.00129,4.39945412253319E-18));
#11064=CARTESIAN_POINT('',(0.00131,0.0011,3.91001316450621E-18));
#11065=CARTESIAN_POINT('',(0.00131,0.0011,3.98060847957437E-18));
#11066=CARTESIAN_POINT('',(0.000690000000000013,-0.00129,0.000140000000000004));
#11067=CARTESIAN_POINT('',(0.00069000000000001,0.00098,0.000140000000000004));
#11068=CARTESIAN_POINT('',(0.00069000000000001,0.00098,2.00000000000027E-05));
#11069=CARTESIAN_POINT('',(0.000690000000000011,0.0011,3.98060847957439E-18));
#11070=CARTESIAN_POINT('',(0.000690000000000011,0.0011,3.91001316450624E-18));
#11071=CARTESIAN_POINT('',(0.000690000000000013,0.00129,4.39945412253321E-18));
#11072=CARTESIAN_POINT('',(0.000690000000000009,0.00093,3.34565717350378E-18));
#11073=CARTESIAN_POINT('',(0.000690000000000009,0.00093,0.000140000000000003));
#11074=CARTESIAN_POINT('',(0.000690000000000008,0.00085788897449072,2.00000000000027E-05));
#11075=CARTESIAN_POINT('',(0.000690000000000013,0.00129,2.00000000000028E-05));
#11076=CARTESIAN_POINT('',(-0.0014,0.00092999999999999,0.000140000000000003));
#11077=CARTESIAN_POINT('',(0.0014,0.00092999999999999,3.25153138041035E-18));
#11078=CARTESIAN_POINT('',(0.0014,0.000857888974490711,2.00000000000027E-05));
#11079=CARTESIAN_POINT('',(-0.002255,-0.00076,2.65352581752077E-18));
#11080=CARTESIAN_POINT('',(0.000910000000000011,0.0011,3.98060847957438E-18));
#11081=CARTESIAN_POINT('',(0.000910000000000011,0.0011,3.92794791360488E-18));
#11082=CARTESIAN_POINT('',(0.00109,0.0011,3.98060847957438E-18));
#11083=CARTESIAN_POINT('',(0.00109,0.0011,3.92794791360488E-18));
#11084=CARTESIAN_POINT('',(0.0014,0.0011,3.84589733166816E-18));
#11085=CARTESIAN_POINT('',(0.0014,0.0011,3.84589733166816E-18));
#11086=CARTESIAN_POINT('',(-0.0014,0.0011,3.98060847957437E-18));
#11087=CARTESIAN_POINT('',(0.000910000000000011,0.0011,0.000314307490277203));
#11088=CARTESIAN_POINT('',(-0.0014,0.0011,3.98060847957437E-18));
#11089=CARTESIAN_POINT('',(0.00109,0.0011,0.000314307490277203));
#11090=CARTESIAN_POINT('',(0.00109,-0.0011,0.000314307490277203));
#11091=CARTESIAN_POINT('',(0.000910000000000011,-0.0011,0.000314307490277203));
#11092=CARTESIAN_POINT('',(-0.0019,0.00098,3.00000000000032E-05));
#11093=CARTESIAN_POINT('',(0.0019,0.00097,2.00000000000027E-05));
#11094=CARTESIAN_POINT('',(0.00168,0.00097,2.00000000000032E-05));
#11095=CARTESIAN_POINT('',(0.00184,0.00097,2.00000000000028E-05));
#11096=CARTESIAN_POINT('',(0.00185,0.00098,3.00000000000032E-05));
#11097=CARTESIAN_POINT('',(0.00183,0.00096,1.00000000000032E-05));
#11098=CARTESIAN_POINT('',(0.00167,0.00096,1.00000000000033E-05));
#11099=CARTESIAN_POINT('',(0.00169,0.00096,1.00000000000036E-05));
#11100=CARTESIAN_POINT('',(0.00168333333333333,0.000966666666666665,1.66666666666699E-05));
#11101=CARTESIAN_POINT('',(0.00185,-0.00098,3.00000000000032E-05));
#11102=CARTESIAN_POINT('',(0.00184,0.00098,2.00000000000027E-05));
#11103=CARTESIAN_POINT('',(0.00184,0.00091,2.00000000000025E-05));
#11104=CARTESIAN_POINT('',(0.00183666666666667,0.000913333333333331,1.66666666666697E-05));
#11105=CARTESIAN_POINT('',(0.00183,0.00092,1.00000000000025E-05));
#11106=CARTESIAN_POINT('',(0.00183,0.00098,1.00000000000033E-05));
#11107=CARTESIAN_POINT('',(0.00169,-0.00098,1.00000000000033E-05));
#11108=CARTESIAN_POINT('',(0.00168,0.00098,2.00000000000027E-05));
#11109=CARTESIAN_POINT('',(0.00168,0.00091,2.00000000000025E-05));
#11110=CARTESIAN_POINT('',(0.00169,0.00098,1.00000000000033E-05));
#11111=CARTESIAN_POINT('',(0.00169,0.00092,1.00000000000029E-05));
#11112=CARTESIAN_POINT('',(0.00174333333333334,0.000973333333333332,-4.33333333333301E-05));
#11113=CARTESIAN_POINT('',(-0.00185,0.00092,1.00000000000031E-05));
#11114=CARTESIAN_POINT('',(0.00185,0.00091,2.00000000000027E-05));
#11115=CARTESIAN_POINT('',(0.00185,0.00092,1.00000000000031E-05));
#11116=CARTESIAN_POINT('',(-0.00185,-0.00098,1.00000000000033E-05));
#11117=CARTESIAN_POINT('',(-0.0014,1.0240544779078E-17,8.E-05));
#11118=CARTESIAN_POINT('',(0.000275,0.00098,8.00000000000034E-05));
#11119=CARTESIAN_POINT('',(0.00013000000000001,0.00098,8.00000000000034E-05));
#11120=CARTESIAN_POINT('',(0.000270000000000011,0.00098,8.00000000000034E-05));
#11121=CARTESIAN_POINT('',(0.00027,1.38551278868119E-18,8.E-05));
#11122=CARTESIAN_POINT('',(0.000270000000000011,0.0011,8.00000000000038E-05));
#11123=CARTESIAN_POINT('',(0.000275000000000012,0.0011,8.00000000000038E-05));
#11124=CARTESIAN_POINT('',(0.000130000000000011,0.0011,8.00000000000038E-05));
#11125=CARTESIAN_POINT('',(0.00013,2.85193495099531E-18,8.E-05));
#11126=CARTESIAN_POINT('',(-0.0014,0.00092999999999999,0.000140000000000003));
#11127=CARTESIAN_POINT('',(0.000130000000000009,0.00093,0.000140000000000003));
#11128=CARTESIAN_POINT('',(0.000130000000000009,0.000857888974490722,2.00000000000027E-05));
#11129=CARTESIAN_POINT('',(0.000130000000000009,0.00093,3.17265297466166E-18));
#11130=CARTESIAN_POINT('',(0.000275000000000009,0.00093,3.25153138041039E-18));
#11131=CARTESIAN_POINT('',(0.000270000000000009,0.00093,3.20619388751644E-18));
#11132=CARTESIAN_POINT('',(0.000270000000000009,0.00093,0.000140000000000003));
#11133=CARTESIAN_POINT('',(0.000270000000000009,0.000857888974490721,2.00000000000027E-05));
#11134=CARTESIAN_POINT('',(0.000275000000000009,0.000857888974490722,2.00000000000027E-05));
#11135=CARTESIAN_POINT('',(0.000130000000000013,-0.00129,0.000165000000000006));
#11136=CARTESIAN_POINT('',(0.000130000000000011,0.0011,3.9814298448566E-18));
#11137=CARTESIAN_POINT('',(0.000130000000000011,0.0011,3.84589733166821E-18));
#11138=CARTESIAN_POINT('',(0.000130000000000013,0.00129,4.71527719882065E-18));
#11139=CARTESIAN_POINT('',(0.000130000000000013,0.00129,2.00000000000028E-05));
#11140=CARTESIAN_POINT('',(0.00013000000000001,0.00098,2.00000000000027E-05));
#11141=CARTESIAN_POINT('',(0.00013000000000001,0.00098,0.000165000000000006));
#11142=CARTESIAN_POINT('',(0.000270000000000014,-0.00129,0.000165000000000006));
#11143=CARTESIAN_POINT('',(0.000270000000000014,0.00129,2.00000000000028E-05));
#11144=CARTESIAN_POINT('',(0.00027000000000001,0.00098,2.00000000000027E-05));
#11145=CARTESIAN_POINT('',(0.000270000000000014,0.00129,4.71527719882064E-18));
#11146=CARTESIAN_POINT('',(0.000270000000000011,0.0011,3.8458973316682E-18));
#11147=CARTESIAN_POINT('',(0.000270000000000011,0.0011,3.98142984485659E-18));
#11148=CARTESIAN_POINT('',(0.00027000000000001,0.00098,0.000165000000000006));
#11149=CARTESIAN_POINT('',(-0.002255,-0.00076,2.65352581752077E-18));
#11150=CARTESIAN_POINT('',(0.000275000000000012,0.0011,3.8458973316682E-18));
#11151=CARTESIAN_POINT('',(-0.0014,0.0011,3.98060847957437E-18));
#11152=CARTESIAN_POINT('',(-0.002425,-4.05011835305803E-18,2.E-05));
#11153=CARTESIAN_POINT('',(0.00234423700663074,0.00098,2.00000000000027E-05));
#11154=CARTESIAN_POINT('',(0.00142,1.01770928121393E-17,1.39979006846921E-19));
#11155=CARTESIAN_POINT('',(0.00142,0.000552226343078046,0.000244458655293764));
#11156=CARTESIAN_POINT('',(0.00142,0.000608117586672832,0.000187220827859207));
#11157=CARTESIAN_POINT('',(0.00142,0.000632203676977573,0.00024255443305806));
#11158=CARTESIAN_POINT('',(0.00142,0.000639047888882151,0.000530011333050237));
#11159=CARTESIAN_POINT('',(0.00142,0.00063904788888215,0.000530011333050237));
#11160=CARTESIAN_POINT('',(0.00142,0.000654967875699872,0.000545190855364808));
#11161=CARTESIAN_POINT('',(0.00142,0.000654967875699981,0.00054519085536494));
#11162=CARTESIAN_POINT('',(0.00142,0.00069,0.00042));
#11163=CARTESIAN_POINT('',(0.00142,0.000560000000000038,0.00042));
#11164=CARTESIAN_POINT('',(0.00142,0.00056,0.00042));
#11165=CARTESIAN_POINT('',(0.00142,0.00056,0.000364433756729742));
#11166=CARTESIAN_POINT('',(0.00142,0.00058,0.000352886751345948));
#11167=CARTESIAN_POINT('',(0.00142,0.000585,0.00035));
#11168=CARTESIAN_POINT('',(0.00142,0.000585,0.00025));
#11169=CARTESIAN_POINT('',(0.00142,0.00058500000000001,0.00021));
#11170=CARTESIAN_POINT('',(0.00142,0.000509999999999989,0.00021));
#11171=CARTESIAN_POINT('',(0.00142,0.000582883484153113,0.000192308257923446));
#11172=CARTESIAN_POINT('',(0.00142,0.000506366085945636,-0.000122915339366122));
#11173=CARTESIAN_POINT('',(0.00142,0.000574873266632963,0.000159309101641084));
#11174=CARTESIAN_POINT('',(0.00142,0.000537419336409165,0.00023));
#11175=CARTESIAN_POINT('',(0.00142,0.000593310580003951,0.000172762172565445));
#11176=CARTESIAN_POINT('',(0.00142,0.000203237457754495,-0.000208134043671114));
#11177=CARTESIAN_POINT('',(0.00142,1.01770928121393E-17,1.39979006846921E-19));
#11178=CARTESIAN_POINT('',(0.00142,0.0003,0.0004));
#11179=CARTESIAN_POINT('',(0.00142,0.000369862237323199,0.000328450941332557));
#11180=CARTESIAN_POINT('',(0.00142,0.000341885588757808,0.000490805272173002));
#11181=CARTESIAN_POINT('',(0.00142,0.000341885588757788,0.000490805272173002));
#11182=CARTESIAN_POINT('',(0.00142,0.0003425979468017,0.000460886234328744));
#11183=CARTESIAN_POINT('',(0.00142,0.00034331030484561,0.000430967196484485));
#11184=CARTESIAN_POINT('',(0.00142,0.000344022662889522,0.000401048158640227));
#11185=CARTESIAN_POINT('',(0.00142,0.000344022662889521,0.000401048158640227));
#11186=CARTESIAN_POINT('',(0.00142,0.00029903541257103,0.000399977033632644));
#11187=CARTESIAN_POINT('',(0.00142,0.000344243280764572,0.000391782207888542));
#11188=CARTESIAN_POINT('',(0.00142,0.000344243280764562,0.000391782207888542));
#11189=CARTESIAN_POINT('',(0.00142,0.000344928511011876,0.000363002537501331));
#11190=CARTESIAN_POINT('',(0.00142,0.000345613741259191,0.000334222867114121));
#11191=CARTESIAN_POINT('',(0.00142,0.000346298971506506,0.00030544319672691));
#11192=CARTESIAN_POINT('',(0.00142,0.000346298971506505,0.00030544319672691));
#11193=CARTESIAN_POINT('',(0.00142,1.63495856991097E-05,-1.67443456692961E-05));
#11194=CARTESIAN_POINT('',(0.002125,0.00053,1.85048510958685E-18));
#11195=CARTESIAN_POINT('',(0.002025,0.00053,1.85048510958685E-18));
#11196=CARTESIAN_POINT('',(0.002025,0.00053,1.85048510958685E-18));
#11197=CARTESIAN_POINT('',(0.002025,0.00053,2.00000000000019E-05));
#11198=CARTESIAN_POINT('',(0.002125,0.00053,1.85048510958685E-18));
#11199=CARTESIAN_POINT('',(0.002125,0.00043,1.50133697570254E-18));
#11200=CARTESIAN_POINT('',(0.002125,0.00043,1.50133697570254E-18));
#11201=CARTESIAN_POINT('',(0.002125,0.00043,2.00000000000015E-05));
#11202=CARTESIAN_POINT('',(0.002125,0.00053,2.00000000000019E-05));
#11203=CARTESIAN_POINT('',(-0.0014,1.0240544779078E-17,8.E-05));
#11204=CARTESIAN_POINT('',(0.002225,0.00076,8.00000000000027E-05));
#11205=CARTESIAN_POINT('',(0.002225,0.0011,8.00000000000038E-05));
#11206=CARTESIAN_POINT('',(0.002225,0.00098,8.00000000000035E-05));
#11207=CARTESIAN_POINT('',(0.002255,0.0011,8.00000000000038E-05));
#11208=CARTESIAN_POINT('',(0.002025,0.0011,8.00000000000038E-05));
#11209=CARTESIAN_POINT('',(0.002025,0.00076,8.00000000000027E-05));
#11210=CARTESIAN_POINT('',(0.002025,0.00098,8.00000000000034E-05));
#11211=CARTESIAN_POINT('',(0.002425,0.00098,8.00000000000034E-05));
#11212=CARTESIAN_POINT('',(0.002255,0.00076,2.65352581752077E-18));
#11213=CARTESIAN_POINT('',(0.002255,0.00073,2.54878137735548E-18));
#11214=CARTESIAN_POINT('',(0.002255,0.00073,2.54878137735548E-18));
#11215=CARTESIAN_POINT('',(0.002255,0.00073,2.00000000000026E-05));
#11216=CARTESIAN_POINT('',(0.002255,0.00076,2.65352581752077E-18));
#11217=CARTESIAN_POINT('',(0.002225,0.00076,2.65352581752077E-18));
#11218=CARTESIAN_POINT('',(0.002225,0.00076,2.65352581752077E-18));
#11219=CARTESIAN_POINT('',(0.002225,0.00076,2.00000000000027E-05));
#11220=CARTESIAN_POINT('',(0.002255,0.00076,2.00000000000027E-05));
#11221=CARTESIAN_POINT('',(-0.002425,0.00043,1.50133697570253E-18));
#11222=CARTESIAN_POINT('',(0.002425,0.00043,1.50133697570253E-18));
#11223=CARTESIAN_POINT('',(0.002285,0.00043,1.47071225854541E-18));
#11224=CARTESIAN_POINT('',(0.002285,0.00043,0.000140000000000001));
#11225=CARTESIAN_POINT('',(0.00242464240043769,0.00043,0.000130000000000001));
#11226=CARTESIAN_POINT('',(0.002405,0.00043,0.000130000000000001));
#11227=CARTESIAN_POINT('',(0.00240458260743101,0.00043,0.00013));
#11228=CARTESIAN_POINT('',(0.002285,0.00043,0.000140000000000001));
#11229=CARTESIAN_POINT('',(0.002285,0.00043,2.00000000000015E-05));
#11230=CARTESIAN_POINT('',(0.002425,0.00043,2.00000000000015E-05));
#11231=CARTESIAN_POINT('',(0.002285,-0.00076,0.000140000000000003));
#11232=CARTESIAN_POINT('',(0.002285,0.00073,0.000140000000000003));
#11233=CARTESIAN_POINT('',(0.002285,0.00073,2.56654932289205E-18));
#11234=CARTESIAN_POINT('',(0.00242464240043769,0.00073,0.000130000000000002));
#11235=CARTESIAN_POINT('',(0.002285,0.00073,0.000140000000000003));
#11236=CARTESIAN_POINT('',(0.002425,0.00073,0.000140000000000003));
#11237=CARTESIAN_POINT('',(0.002425,0.00073,0.000140000000000003));
#11238=CARTESIAN_POINT('',(0.002425,0.00043,0.000140000000000001));
#11239=CARTESIAN_POINT('',(0.002285,0.00043,0.000140000000000001));
#11240=CARTESIAN_POINT('',(0.002285,0.00043,1.50133697570253E-18));
#11241=CARTESIAN_POINT('',(-0.002285,0.00073,0.000140000000000003));
#11242=CARTESIAN_POINT('',(0.002285,0.00073,0.000140000000000002));
#11243=CARTESIAN_POINT('',(0.00240458260743101,0.00073,0.000130000000000021));
#11244=CARTESIAN_POINT('',(0.002285,0.00073,2.00000000000025E-05));
#11245=CARTESIAN_POINT('',(0.002405,0.00073,0.000130000000000002));
#11246=CARTESIAN_POINT('',(0.002425,0.00073,2.54878137735548E-18));
#11247=CARTESIAN_POINT('',(0.002425,0.00073,2.00000000000026E-05));
#11248=CARTESIAN_POINT('',(-0.002425,0.000369999999999995,0.00021));
#11249=CARTESIAN_POINT('',(0.002405,-4.64367018066137E-18,0.00021));
#11250=CARTESIAN_POINT('',(0.002405,0.000349999999999995,0.00021));
#11251=CARTESIAN_POINT('',(0.002405,0.000349999999999995,0.00021));
#11252=CARTESIAN_POINT('',(0.002425,0.000349999999999995,0.00021));
#11253=CARTESIAN_POINT('',(0.002425,0.000369999999999995,0.00021));
#11254=CARTESIAN_POINT('',(0.002225,-0.00076,2.65352581752077E-18));
#11255=CARTESIAN_POINT('',(0.002225,0.00098,0.00069));
#11256=CARTESIAN_POINT('',(0.002225,0.00098,7.00000000000035E-05));
#11257=CARTESIAN_POINT('',(0.002225,0.00093,7.00000000000033E-05));
#11258=CARTESIAN_POINT('',(0.002225,0.00093,2.00000000000033E-05));
#11259=CARTESIAN_POINT('',(0.002225,-3.33587793569403E-18,2.E-05));
#11260=CARTESIAN_POINT('',(0.002225,0.00076,2.65352581752077E-18));
#11261=CARTESIAN_POINT('',(0.002225,0.0011,3.84062947272743E-18));
#11262=CARTESIAN_POINT('',(0.002225,0.0011,3.84062947272743E-18));
#11263=CARTESIAN_POINT('',(0.002025,-0.0011,3.84062947272744E-18));
#11264=CARTESIAN_POINT('',(0.002025,0.00098,0.00069));
#11265=CARTESIAN_POINT('',(0.002025,0.00098,2.0000000000003E-05));
#11266=CARTESIAN_POINT('',(0.002025,0.0011,3.84062947272744E-18));
#11267=CARTESIAN_POINT('',(0.002025,0.0011,3.84062947272744E-18));
#11268=CARTESIAN_POINT('',(0.002025,0.0011,3.84062947272744E-18));
#11269=CARTESIAN_POINT('',(0.002025,-2.53939927304862E-18,2.E-05));
#11270=CARTESIAN_POINT('',(-0.002255,-0.00076,2.65352581752077E-18));
#11271=CARTESIAN_POINT('',(0.002225,0.0011,3.84062947272743E-18));
#11272=CARTESIAN_POINT('',(-0.0014,0.0011,3.98060847957437E-18));
#11273=CARTESIAN_POINT('',(0.001485,0.00053741933640916,0.00023));
#11274=CARTESIAN_POINT('',(0.001485,0.00053741933640916,0.00023));
#11275=CARTESIAN_POINT('',(0.001485,0.000593310580003948,0.000172762172565445));
#11276=CARTESIAN_POINT('',(0.00148500000011932,0.000537422426017203,0.00015));
#11277=CARTESIAN_POINT('',(0.00148500000023864,0.000537425515625234,0.00015));
#11278=CARTESIAN_POINT('',(0.00148500223517235,0.000566360366760593,0.00015));
#11279=CARTESIAN_POINT('',(0.00150043301405518,0.00059209006357715,0.00015));
#11280=CARTESIAN_POINT('',(0.00151681416707889,0.000615537247028589,0.00015));
#11281=CARTESIAN_POINT('',(0.00151681416707889,0.000615537247028592,0.00015));
#11282=CARTESIAN_POINT('',(0.001485,0.000593310580003948,0.000172762172565445));
#11283=CARTESIAN_POINT('',(0.001485,0.000631428166676776,0.00020998300042465));
#11284=CARTESIAN_POINT('',(0.00151383962630124,0.00061127963444196,0.00015));
#11285=CARTESIAN_POINT('',(0.001535,0.000641567561262368,0.00015));
#11286=CARTESIAN_POINT('',(0.001535,0.000643049613919571,0.000151447185712608));
#11287=CARTESIAN_POINT('',(0.001535,0.00064304961391957,0.000151447185712608));
#11288=CARTESIAN_POINT('',(0.001485,0.000608117586672828,0.000187220827859206));
#11289=CARTESIAN_POINT('',(0.001485,0.000608117586672828,0.000187220827859206));
#11290=CARTESIAN_POINT('',(0.001485,0.000593310580003948,0.000172762172565445));
#11291=CARTESIAN_POINT('',(0.001485,0.000552226343078041,0.000244458655293764));
#11292=CARTESIAN_POINT('',(0.001485,0.000632203676977572,0.00024255443305806));
#11293=CARTESIAN_POINT('',(0.001485,0.000632203676977572,0.00024255443305806));
#11294=CARTESIAN_POINT('',(0.001535,0.000682189510664779,0.000241364294160747));
#11295=CARTESIAN_POINT('',(0.001485,0.000552226343078041,0.000244458655293764));
#11296=CARTESIAN_POINT('',(0.001535,0.00055222634307804,0.000244458655293764));
#11297=CARTESIAN_POINT('',(0.001485,0.00063,0.00015));
#11298=CARTESIAN_POINT('',(0.00102013176537263,0.000175000018668939,0.00057));
#11299=CARTESIAN_POINT('',(0.001535,0.000690014170327617,0.00057));
#11300=CARTESIAN_POINT('',(0.0015259756097561,0.000680987222512395,0.00057));
#11301=CARTESIAN_POINT('',(0.0014989837398374,0.000653360518613102,0.000543658259072776));
#11302=CARTESIAN_POINT('',(0.001485,0.000639047888882146,0.000530011333050237));
#11303=CARTESIAN_POINT('',(0.001485,0.00063,0.00015));
#11304=CARTESIAN_POINT('',(0.001535,0.000682118999227863,0.000238402813810291));
#11305=CARTESIAN_POINT('',(0.001485,6.98296267768627E-19,-2.43808838789797E-33));
#11306=CARTESIAN_POINT('',(0.001485,0.000875,0.00069));
#11307=CARTESIAN_POINT('',(0.001485,0.000875,0.00069));
#11308=CARTESIAN_POINT('',(0.001485,0.000735,0.00057));
#11309=CARTESIAN_POINT('',(0.001485,0.00107,0.00069));
#11310=CARTESIAN_POINT('',(0.001485,0.00107,0.00069));
#11311=CARTESIAN_POINT('',(0.001485,0.00107,0.00057));
#11312=CARTESIAN_POINT('',(0.001485,0.00107,0.00057));
#11313=CARTESIAN_POINT('',(0.001485,0.000735,0.00057));
#11314=CARTESIAN_POINT('',(0.00154850368563719,0.000291176305862854,0.00052));
#11315=CARTESIAN_POINT('',(0.00154850368563719,0.000291176305862854,0.00052));
#11316=CARTESIAN_POINT('',(0.00154850368563719,0.00029117630586286,0.00057));
#11317=CARTESIAN_POINT('',(0.0015976472949839,0.000291176305862854,0.000529214426752509));
#11318=CARTESIAN_POINT('',(0.00154850368563719,0.000291176305862854,0.00052));
#11319=CARTESIAN_POINT('',(0.00154850368563719,0.000341162139550064,0.000521190138897316));
#11320=CARTESIAN_POINT('',(0.00154850368563719,0.000291176305862854,0.00052));
#11321=CARTESIAN_POINT('',(0.00160140136817429,0.000297893471899313,0.000237879026468762));
#11322=CARTESIAN_POINT('',(0.00157,0.000293905996575593,0.000405352990065004));
#11323=CARTESIAN_POINT('',(0.00157,0.0003438918302628,0.000406543128962318));
#11324=CARTESIAN_POINT('',(0.00161999986311023,0.000294014727212229,0.000410000730078808));
#11325=CARTESIAN_POINT('',(0.00155022287044349,0.000341380448731813,0.000512021153263738));
#11326=CARTESIAN_POINT('',(0.00162021463083344,0.000294041999304067,0.000408855302221617));
#11327=CARTESIAN_POINT('',(0.00157,0.000291176305862854,0.00052));
#11328=CARTESIAN_POINT('',(0.00162,0.000297810489335219,0.000241364294160745));
#11329=CARTESIAN_POINT('',(0.00162,0.000293795353481902,0.00041));
#11330=CARTESIAN_POINT('',(0.00162,0.000297810489335219,0.000241364294160746));
#11331=CARTESIAN_POINT('',(0.00157,0.000297810489335219,0.000241364294160746));
#11332=CARTESIAN_POINT('',(0.00157,0.000347796323022431,0.00024255443305806));
#11333=CARTESIAN_POINT('',(0.00157,0.000343809523809522,0.00041));
#11334=CARTESIAN_POINT('',(0.00162,0.000291176305862854,0.00041));
#11335=CARTESIAN_POINT('',(0.00157,0.000427773656921957,0.000244458655293764));
#11336=CARTESIAN_POINT('',(0.00157,0.000305612173755328,0.0002));
#11337=CARTESIAN_POINT('',(0.00157,0.000352597359588649,0.000217099482805295));
#11338=CARTESIAN_POINT('',(0.00162,0.000305612173755327,0.0002));
#11339=CARTESIAN_POINT('',(0.00157,0.000427773656921957,0.000244458655293764));
#11340=CARTESIAN_POINT('',(0.00162,0.000427773656921956,0.000244458655293764));
#11341=CARTESIAN_POINT('',(0.00158257789624601,0.000371882413327169,0.000187220827859206));
#11342=CARTESIAN_POINT('',(0.00160044050823842,0.000366923516650554,0.000192063060951141));
#11343=CARTESIAN_POINT('',(0.00162019939620996,0.000350959488410689,0.000186688177442618));
#11344=CARTESIAN_POINT('',(0.00162640454967423,0.000336684443038346,0.000175515445688036));
#11345=CARTESIAN_POINT('',(0.00157537765732697,0.000363712557699957,0.000195198478504957));
#11346=CARTESIAN_POINT('',(0.00159562240725379,0.000359591005254399,0.000200677249296626));
#11347=CARTESIAN_POINT('',(0.0016182180747916,0.000340276448684854,0.000194283148825994));
#11348=CARTESIAN_POINT('',(0.00162276997519728,0.000323344821343978,0.000181983247559089));
#11349=CARTESIAN_POINT('',(0.00157000075890929,0.000356853965708491,0.000205403372938264));
#11350=CARTESIAN_POINT('',(0.0015928895137701,0.000355427644092946,0.000209320959461915));
#11351=CARTESIAN_POINT('',(0.00161842525991677,0.000332478244963218,0.000201542450324675));
#11352=CARTESIAN_POINT('',(0.00162002989421865,0.00031214895165533,0.000190289636567237));
#11353=CARTESIAN_POINT('',(0.00157,0.000352597359588646,0.000217099482805293));
#11354=CARTESIAN_POINT('',(0.00159371751120082,0.000352597359588646,0.000217099482805294));
#11355=CARTESIAN_POINT('',(0.00162,0.000327484393940454,0.000207960033494301));
#11356=CARTESIAN_POINT('',(0.00162,0.000305196960514968,0.000199848889995045));
#11357=CARTESIAN_POINT('',(0.00158258053408826,0.000371700217256442,0.000187030353064941));
#11358=CARTESIAN_POINT('',(0.00160168547167949,0.000366475452104171,0.000192292610975228));
#11359=CARTESIAN_POINT('',(0.00162097402170293,0.000348791802347837,0.000184881753636085));
#11360=CARTESIAN_POINT('',(0.00162599895673114,0.000336964885741026,0.000175549079721638));
#11361=CARTESIAN_POINT('',(0.00158257921485136,0.000371791381311642,0.000187125530611915));
#11362=CARTESIAN_POINT('',(0.00162614402952026,0.000336957861491405,0.000175636226923022));
#11363=CARTESIAN_POINT('',(0.00157,0.00035259735958865,0.000217099482805295));
#11364=CARTESIAN_POINT('',(0.0015700006469548,0.000356226030081353,0.000207128786067334));
#11365=CARTESIAN_POINT('',(0.0015741932790368,0.000362368685677438,0.000196510734436701));
#11366=CARTESIAN_POINT('',(0.00158257789624601,0.000371882413327171,0.000187220827859208));
#11367=CARTESIAN_POINT('',(0.00162,0.000305612173755327,0.0002));
#11368=CARTESIAN_POINT('',(0.00162,0.000308472719493364,0.000196069960869087));
#11369=CARTESIAN_POINT('',(0.00162045741100862,0.00031190826102927,0.000192532044540378));
#11370=CARTESIAN_POINT('',(0.00162113544431083,0.000315567420328143,0.000189404944676851));
#11371=CARTESIAN_POINT('',(0.00162233983734263,0.000322067198358856,0.000183850265764932));
#11372=CARTESIAN_POINT('',(0.00162424484376521,0.000329411984434239,0.000179404119018868));
#11373=CARTESIAN_POINT('',(0.001626288948123,0.000336950386080427,0.000175723592856304));
#11374=CARTESIAN_POINT('',(0.00159035210017528,0.000349449635921257,0.000140381376749793));
#11375=CARTESIAN_POINT('',(0.00163080702444441,0.000351740380719794,0.000168235534544038));
#11376=CARTESIAN_POINT('',(0.00162404286809797,0.000366405664550759,0.000176888767345262));
#11377=CARTESIAN_POINT('',(0.00160838457157432,0.000380320362493908,0.000178928684373846));
#11378=CARTESIAN_POINT('',(0.00159234968328154,0.00038672096418611,0.000172795377415133));
#11379=CARTESIAN_POINT('',(0.00159234973958782,0.000386705131419516,0.000172778829662189));
#11380=CARTESIAN_POINT('',(0.00163099095084273,0.000351748811846203,0.000168364940521226));
#11381=CARTESIAN_POINT('',(0.00158257855698412,0.00037188363166762,0.000187219638181583));
#11382=CARTESIAN_POINT('',(0.0015854135104366,0.000377110942531693,0.000182115305645838));
#11383=CARTESIAN_POINT('',(0.00158867052802522,0.000382046128366398,0.000177296225571766));
#11384=CARTESIAN_POINT('',(0.00159234960975,0.000386689189171735,0.000172762397959367));
#11385=CARTESIAN_POINT('',(0.00162599903379979,0.000336965111248011,0.000175548970391788));
#11386=CARTESIAN_POINT('',(0.00162768170154122,0.000341888690090631,0.000173161929899961));
#11387=CARTESIAN_POINT('',(0.00162928314322846,0.00034681632726759,0.000170726005442612));
#11388=CARTESIAN_POINT('',(0.00163080702444441,0.000351740380719795,0.000168235534544038));
#11389=CARTESIAN_POINT('',(0.00163117489632589,0.000351757392749308,0.000168494265209424));
#11390=CARTESIAN_POINT('',(0.00161911040894562,0.000375834664644388,0.000183361557669906));
#11391=CARTESIAN_POINT('',(0.00159234979265177,0.000386689419996051,0.000172762172565444));
#11392=CARTESIAN_POINT('',(0.0016417360103751,0.000378414360661344,0.000155479607700227));
#11393=CARTESIAN_POINT('',(0.00162665908700371,0.000389291000239574,0.00016454487366074));
#11394=CARTESIAN_POINT('',(0.00161344936180441,0.000403075165187738,0.000156761920336482));
#11395=CARTESIAN_POINT('',(0.00165614753959904,0.000410991987699306,0.00015));
#11396=CARTESIAN_POINT('',(0.00164915248983632,0.000416982324036549,0.000150000001644818));
#11397=CARTESIAN_POINT('',(0.00164237590074529,0.000423198186949397,0.00015));
#11398=CARTESIAN_POINT('',(0.00167,0.000442580663590837,0.00015));
#11399=CARTESIAN_POINT('',(0.00167,0.000442580663590837,0.00015));
#11400=CARTESIAN_POINT('',(0.00167,0.000442580663590837,0.00015));
#11401=CARTESIAN_POINT('',(0.00159234979265177,0.000386689419996051,0.000172762172565445));
#11402=CARTESIAN_POINT('',(0.00161163006883457,0.000401660429062386,0.000158143373213862));
#11403=CARTESIAN_POINT('',(0.00163114390938668,0.00041531369328495,0.000150000000000001));
#11404=CARTESIAN_POINT('',(0.00167,0.000442580663590838,0.00015));
#11405=CARTESIAN_POINT('',(0.00167,0.000442580663590839,0.00015));
#11406=CARTESIAN_POINT('',(0.00167,0.000442580663590837,0.00015));
#11407=CARTESIAN_POINT('',(0.00165055299562354,0.000398239221664371,0.00015));
#11408=CARTESIAN_POINT('',(0.00163759545599393,0.000367964798050528,0.000160582089968486));
#11409=CARTESIAN_POINT('',(0.00163117489632588,0.000351757392749308,0.000168494265209423));
#11410=CARTESIAN_POINT('',(0.00154850368563719,-2.85166024830869E-18,0.00052));
#11411=CARTESIAN_POINT('',(0.0015976472949839,0.000291176305862854,0.00052921442675251));
#11412=CARTESIAN_POINT('',(0.00154850368563719,-2.91215136093203E-18,0.00057));
#11413=CARTESIAN_POINT('',(0.00183,0.00107,0.000190000000000004));
#11414=CARTESIAN_POINT('',(0.00183,0.00107,0.000270000000000004));
#11415=CARTESIAN_POINT('',(0.00188,0.00102,0.000270000000000004));
#11416=CARTESIAN_POINT('',(0.00183,0.00107,0.000270000000000004));
#11417=CARTESIAN_POINT('',(0.00183,0.00107,0.000190000000000004));
#11418=CARTESIAN_POINT('',(0.00183,0.00107,0.00069));
#11419=CARTESIAN_POINT('',(0.002235,0.000665,0.00069));
#11420=CARTESIAN_POINT('',(0.00188,0.00102,0.00069));
#11421=CARTESIAN_POINT('',(0.00188,0.00102,0.000100000000000004));
#11422=CARTESIAN_POINT('',(0.002355,0.00093,-1.99999999999969E-05));
#11423=CARTESIAN_POINT('',(0.002355,0.00093,0.000210000000000003));
#11424=CARTESIAN_POINT('',(0.002355,0.00098,0.000210000000000003));
#11425=CARTESIAN_POINT('',(0.002405,0.00093,0.000210000000000003));
#11426=CARTESIAN_POINT('',(0.002405,0.00093,-1.99999999999969E-05));
#11427=CARTESIAN_POINT('',(0.002405,0.00093,0.000140000000000003));
#11428=CARTESIAN_POINT('',(0.002355,0.00093,0.000140000000000003));
#11429=CARTESIAN_POINT('',(0.002355,0.00098,0.000140000000000003));
#11430=CARTESIAN_POINT('',(0.002355,0.00098,0.00069));
#11431=CARTESIAN_POINT('',(0.002285,0.00093,0.000140000000000003));
#11432=CARTESIAN_POINT('',(0.002285,0.00093,7.00000000000033E-05));
#11433=CARTESIAN_POINT('',(0.002285,0.00098,7.00000000000034E-05));
#11434=CARTESIAN_POINT('',(0.002285,0.00093,2.00000000000033E-05));
#11435=CARTESIAN_POINT('',(0.002285,0.00098,0.000140000000000003));
#11436=CARTESIAN_POINT('',(0.002285,0.00093,0.000140000000000003));
#11437=CARTESIAN_POINT('',(-0.002425,0.00093,7.00000000000033E-05));
#11438=CARTESIAN_POINT('',(0.002285,0.00098,7.00000000000034E-05));
#11439=CARTESIAN_POINT('',(0.002225,0.00093,2.00000000000033E-05));
#11440=CARTESIAN_POINT('',(-0.002425,0.000655,0.000150000000000002));
#11441=CARTESIAN_POINT('',(0.00198,0.000655,0.000150000000000002));
#11442=CARTESIAN_POINT('',(0.001535,0.000655,0.000150000000000002));
#11443=CARTESIAN_POINT('',(0.00198,0.000655,0.00015));
#11444=CARTESIAN_POINT('',(0.00198,0.000735,0.000230000000000003));
#11445=CARTESIAN_POINT('',(0.00198,0.000735,0.00023));
#11446=CARTESIAN_POINT('',(0.00157,0.000735,0.000230000000000003));
#11447=CARTESIAN_POINT('',(0.001535,0.000735,0.000230000000000004));
#11448=CARTESIAN_POINT('',(0.001535,0.000735,0.000230000000000003));
#11449=CARTESIAN_POINT('',(0.00198,0.000635,0.000150000000000002));
#11450=CARTESIAN_POINT('',(0.00208,0.000635,0.00023));
#11451=CARTESIAN_POINT('',(0.00208,0.000635,0.00023));
#11452=CARTESIAN_POINT('',(0.002,0.000635,0.00015));
#11453=CARTESIAN_POINT('',(0.00198,0.000635,0.00023));
#11454=CARTESIAN_POINT('',(0.00198,0.000635,0.00015));
#11455=CARTESIAN_POINT('',(0.002,-3.02013135809931E-18,0.00015));
#11456=CARTESIAN_POINT('',(0.00208,0.000635,0.00023));
#11457=CARTESIAN_POINT('',(0.002,-3.02013188743162E-18,0.00015));
#11458=CARTESIAN_POINT('',(-0.002075,0.00063,0.00059));
#11459=CARTESIAN_POINT('',(0.002425,0.000463999999999992,0.000922));
#11460=CARTESIAN_POINT('',(0.002425,0.00058,0.00069));
#11461=CARTESIAN_POINT('',(0.002425,0.00063,0.00059));
#11462=CARTESIAN_POINT('',(0.002075,0.00063,0.00059));
#11463=CARTESIAN_POINT('',(0.00212,0.00063,0.00059));
#11464=CARTESIAN_POINT('',(0.0021,0.00064,0.00057));
#11465=CARTESIAN_POINT('',(0.00222,0.00058,0.00069));
#11466=CARTESIAN_POINT('',(0.002425,0.00058,0.00069));
#11467=CARTESIAN_POINT('',(-0.002075,-0.00058,0.00059));
#11468=CARTESIAN_POINT('',(0.002425,0.00058,0.00059));
#11469=CARTESIAN_POINT('',(0.002425,0.00093,0.00059));
#11470=CARTESIAN_POINT('',(0.002375,0.00093,0.00059));
#11471=CARTESIAN_POINT('',(0.002375,0.00098,0.00059));
#11472=CARTESIAN_POINT('',(0.002425,0.00098,0.00059));
#11473=CARTESIAN_POINT('',(0.002075,0.00098,0.00059));
#11474=CARTESIAN_POINT('',(0.002075,0.00058,0.00059));
#11475=CARTESIAN_POINT('',(0.002075,0.000758333333333332,0.00059));
#11476=CARTESIAN_POINT('',(0.00157,0.000758333333333331,0.00059));
#11477=CARTESIAN_POINT('',(0.00212,0.000758333333333328,0.00059));
#11478=CARTESIAN_POINT('',(0.00212,-4.87065360652437E-18,0.00059));
#11479=CARTESIAN_POINT('',(0.002075,-0.00058,0.00059));
#11480=CARTESIAN_POINT('',(0.002075,0.000875,0.00069));
#11481=CARTESIAN_POINT('',(0.002075,0.000875,0.00069));
#11482=CARTESIAN_POINT('',(0.002075,0.00098,0.00059));
#11483=CARTESIAN_POINT('',(0.002075,0.00098,0.00069));
#11484=CARTESIAN_POINT('',(0.002075,0.00058,0.00069));
#11485=CARTESIAN_POINT('',(0.00167,0.000291176305862855,0.0002));
#11486=CARTESIAN_POINT('',(0.00167,0.000442580663590837,0.00015));
#11487=CARTESIAN_POINT('',(0.00162,-1.8137324076568E-18,0.0002));
#11488=CARTESIAN_POINT('',(0.00162,0.000291176305862854,0.00041));
#11489=CARTESIAN_POINT('',(0.00162,0.000291176305862854,0.00041));
#11490=CARTESIAN_POINT('',(0.00162,0.000291176305862854,0.00052));
#11491=CARTESIAN_POINT('',(0.00188,-0.00098,0.000100000000000003));
#11492=CARTESIAN_POINT('',(0.00188,0.00107,0.00069));
#11493=CARTESIAN_POINT('',(0.00188,0.00098,0.00069));
#11494=CARTESIAN_POINT('',(0.00188,0.00098,0.00063));
#11495=CARTESIAN_POINT('',(0.00188,0.00098,0.000220000000000009));
#11496=CARTESIAN_POINT('',(0.00188,0.000927058823529409,0.000131764705882356));
#11497=CARTESIAN_POINT('',(0.00188,0.00101,0.000270000000000004));
#11498=CARTESIAN_POINT('',(0.00188,0.00098,0.000270000000000004));
#11499=CARTESIAN_POINT('',(0.00198,0.000635,-0.000894608853074905));
#11500=CARTESIAN_POINT('',(0.00208,0.000635,0.00055));
#11501=CARTESIAN_POINT('',(0.00208,0.000635,0.00055));
#11502=CARTESIAN_POINT('',(0.00198,0.000635,0.00045));
#11503=CARTESIAN_POINT('',(0.00198,0.000735,0.00045));
#11504=CARTESIAN_POINT('',(0.00198,0.000735,0.000150000000000002));
#11505=CARTESIAN_POINT('',(-0.00157,0.000875,0.00069));
#11506=CARTESIAN_POINT('',(0.00157,0.000875,0.00069));
#11507=CARTESIAN_POINT('',(0.001485,0.000735,0.00057));
#11508=CARTESIAN_POINT('',(0.001535,0.000735,0.00057));
#11509=CARTESIAN_POINT('',(0.00157,0.000735,0.00057));
#11510=CARTESIAN_POINT('',(0.0021,0.000735,0.00057));
#11511=CARTESIAN_POINT('',(0.00202661157024794,0.000649380165289252,0.000496611570247936));
#11512=CARTESIAN_POINT('',(0.00222,-5.56894987429299E-18,0.00069));
#11513=CARTESIAN_POINT('',(0.00222,-5.56894987429299E-18,0.00069));
#11514=CARTESIAN_POINT('',(0.00222,0.000735,0.00069));
#11515=CARTESIAN_POINT('',(0.00208,-4.59133509941691E-18,0.00055));
#11516=CARTESIAN_POINT('',(0.002285,0.00058,0.000140000000000002));
#11517=CARTESIAN_POINT('',(0.002405,-4.39926648694235E-18,0.00014));
#11518=CARTESIAN_POINT('',(0.002405,0.00074,0.000140000000000002));
#11519=CARTESIAN_POINT('',(0.002285,0.00074,0.000140000000000002));
#11520=CARTESIAN_POINT('',(0.002285,0.00098,2.00000000000034E-05));
#11521=CARTESIAN_POINT('',(0.002405,0.00058,-1.99999999999982E-05));
#11522=CARTESIAN_POINT('',(0.002405,-4.39926648694235E-18,0.00014));
#11523=CARTESIAN_POINT('',(0.002405,0.00042,0.000140000000000001));
#11524=CARTESIAN_POINT('',(0.002405,0.000349999999999995,0.00021));
#11525=CARTESIAN_POINT('',(-0.002425,0.00043,1.50133697570253E-18));
#11526=CARTESIAN_POINT('',(0.002425,0.000429999999999995,0.00015));
#11527=CARTESIAN_POINT('',(0.002425,0.00043,0.00013));
#11528=CARTESIAN_POINT('',(0.002405,0.00043,0.000130000000000001));
#11529=CARTESIAN_POINT('',(-0.002285,0.00073,0.000140000000000003));
#11530=CARTESIAN_POINT('',(0.002405,0.00073,0.000130000000000002));
#11531=CARTESIAN_POINT('',(0.002425,0.00073,0.000130000000000002));
#11532=CARTESIAN_POINT('',(0.002425,0.00073,0.000130000000000002));
#11533=CARTESIAN_POINT('',(-0.002405,0.00073,0.000130000000000002));
#11534=CARTESIAN_POINT('',(0.002425,0.00073,0.000130000000000002));
#11535=CARTESIAN_POINT('',(0.002425,0.00081,0.000210000000000003));
#11536=CARTESIAN_POINT('',(0.002405,0.00073,0.000130000000000002));
#11537=CARTESIAN_POINT('',(0.002405,0.00081,0.000210000000000003));
#11538=CARTESIAN_POINT('',(0.002405,0.00081,0.000210000000000003));
#11539=CARTESIAN_POINT('',(-0.002405,0.000349999999999995,0.00021));
#11540=CARTESIAN_POINT('',(0.002425,0.000349999999999995,0.00021));
#11541=CARTESIAN_POINT('',(0.002285,0.000419999999999994,0.000140000000000002));
#11542=CARTESIAN_POINT('',(0.00208,4.52489753021703E-19,-0.000894608853074907));
#11543=CARTESIAN_POINT('',(-0.00157,0.000735,-0.000894608853074904));
#11544=CARTESIAN_POINT('',(0.001535,0.000735,0.00057));
#11545=CARTESIAN_POINT('',(-0.002425,-4.05011835305803E-18,2.E-05));
#11546=CARTESIAN_POINT('',(-0.00157,-3.29948700404496E-18,0.00069));
#11547=CARTESIAN_POINT('',(0.00172,0.00107,0.00069));
#11548=CARTESIAN_POINT('',(0.002425,0.00098,0.00069));
#11549=CARTESIAN_POINT('',(0.002405,0.00058,-1.99999999999982E-05));
#11550=CARTESIAN_POINT('',(0.002405,0.00081,0.000210000000000003));
#11551=CARTESIAN_POINT('',(0.002285,0.00058,0.000140000000000002));
#11552=CARTESIAN_POINT('',(0.002285,0.00098,2.00000000000034E-05));
#11553=CARTESIAN_POINT('',(-0.002425,0.000369999999999995,0.00021));
#11554=CARTESIAN_POINT('',(0.002425,0.00098,0.000210000000000003));
#11555=CARTESIAN_POINT('',(0.002375,0.00098,0.000210000000000003));
#11556=CARTESIAN_POINT('',(0.002375,0.00093,0.000210000000000003));
#11557=CARTESIAN_POINT('',(0.002425,0.00093,0.000210000000000003));
#11558=CARTESIAN_POINT('',(0.002425,0.00081,0.000210000000000003));
#11559=CARTESIAN_POINT('',(0.002425,-6.38941085008293E-18,0.00069));
#11560=CARTESIAN_POINT('',(0.002425,0.00093,0.00069));
#11561=CARTESIAN_POINT('',(0.002425,-6.38941085008293E-18,0.00069));
#11562=CARTESIAN_POINT('',(0.002375,0.00093,0.00069));
#11563=CARTESIAN_POINT('',(0.002375,0.00098,0.00069));
#11564=CARTESIAN_POINT('',(-0.00157,-3.29948700404496E-18,0.00069));
#11565=CARTESIAN_POINT('',(-0.001445,0.000552226343078041,0.000244458655293764));
#11566=CARTESIAN_POINT('',(0.001445,0.000608117586672828,0.000187220827859206));
#11567=CARTESIAN_POINT('',(0.001445,0.000632203676977572,0.00024255443305806));
#11568=CARTESIAN_POINT('',(-0.001445,0.000631428166676776,0.00020998300042465));
#11569=CARTESIAN_POINT('',(0.001445,0.000593310580003948,0.000172762172565445));
#11570=CARTESIAN_POINT('',(-0.001445,0.00063,0.00015));
#11571=CARTESIAN_POINT('',(0.001445,0.000639047888882146,0.000530011333050237));
#11572=CARTESIAN_POINT('',(0.001535,-0.000427773656921957,0.000244458655293764));
#11573=CARTESIAN_POINT('',(0.001535,0.000655,0.000150000000000002));
#11574=CARTESIAN_POINT('',(0.001535,0.00107,0.00057));
#11575=CARTESIAN_POINT('',(-0.00091000000000001,-0.001,0.000314307490277203));
#11576=CARTESIAN_POINT('',(-0.00093,-0.00098,0.000314307490277203));
#11577=CARTESIAN_POINT('',(-0.00093,-0.00098,8.00000000000034E-05));
#11578=CARTESIAN_POINT('',(-0.00093,-0.00098,2.00000000000027E-05));
#11579=CARTESIAN_POINT('',(-0.000910000000000011,-0.001,2.00000000000027E-05));
#11580=CARTESIAN_POINT('',(-0.00096,-0.00095,2.00000000000027E-05));
#11581=CARTESIAN_POINT('',(-0.00096,-0.00095,0.000314307490277203));
#11582=CARTESIAN_POINT('',(-0.00096,-0.00095,3.40686306119221E-18));
#11583=CARTESIAN_POINT('',(-0.00091000000000001,-0.001,3.63146034569008E-18));
#11584=CARTESIAN_POINT('',(-0.00091000000000001,-0.001,3.63166598973553E-18));
#11585=CARTESIAN_POINT('',(-0.00091000000000001,-0.001,0.000314307490277203));
#11586=CARTESIAN_POINT('',(-0.00091000000000001,-0.001,8.00000000000035E-05));
#11587=CARTESIAN_POINT('',(-0.00091000000000001,-0.001,8.00000000000035E-05));
#11588=CARTESIAN_POINT('',(-0.00096,-0.00095,0.000314307490277203));
#11589=CARTESIAN_POINT('',(-0.00096,-0.00095,2.00000000000027E-05));
#11590=CARTESIAN_POINT('',(-0.00104,-0.00095,2.00000000000027E-05));
#11591=CARTESIAN_POINT('',(-0.00104,-0.00095,0.000314307490277203));
#11592=CARTESIAN_POINT('',(-0.00104,-0.00095,3.46107316981647E-18));
#11593=CARTESIAN_POINT('',(-0.00096,-0.00095,3.45688627874792E-18));
#11594=CARTESIAN_POINT('',(-0.00109,-0.001,0.000314307490277203));
#11595=CARTESIAN_POINT('',(-0.00107000000000002,-0.00098,0.000314307490277203));
#11596=CARTESIAN_POINT('',(-0.00107,-0.00098,2.00000000000027E-05));
#11597=CARTESIAN_POINT('',(-0.00107,-0.00098,8.00000000000034E-05));
#11598=CARTESIAN_POINT('',(-0.00109,-0.001,8.00000000000035E-05));
#11599=CARTESIAN_POINT('',(-0.00109,-0.001,8.00000000000035E-05));
#11600=CARTESIAN_POINT('',(-0.00109,-0.001,0.000314307490277203));
#11601=CARTESIAN_POINT('',(-0.00109,-0.001,3.63166598973552E-18));
#11602=CARTESIAN_POINT('',(-0.00109,-0.001,3.63146034569007E-18));
#11603=CARTESIAN_POINT('',(-0.00109,-0.001,2.00000000000027E-05));
#11604=CARTESIAN_POINT('',(-0.0014,1.0240544779078E-17,8.E-05));
#11605=CARTESIAN_POINT('',(-0.0014,-0.00098,8.00000000000034E-05));
#11606=CARTESIAN_POINT('',(-0.00069000000000001,-0.00098,8.00000000000034E-05));
#11607=CARTESIAN_POINT('',(-0.000910000000000011,-0.0011,8.00000000000038E-05));
#11608=CARTESIAN_POINT('',(-0.000910000000000011,-0.0011,8.00000000000038E-05));
#11609=CARTESIAN_POINT('',(-0.0014,-0.0011,8.00000000000038E-05));
#11610=CARTESIAN_POINT('',(-0.000690000000000011,-0.0011,8.00000000000038E-05));
#11611=CARTESIAN_POINT('',(-0.00069,2.80368952734209E-18,8.E-05));
#11612=CARTESIAN_POINT('',(-0.0014,1.0240544779078E-17,8.E-05));
#11613=CARTESIAN_POINT('',(-0.0014,-0.00098,8.00000000000034E-05));
#11614=CARTESIAN_POINT('',(-0.00131,-0.00098,8.00000000000034E-05));
#11615=CARTESIAN_POINT('',(-0.00131,9.29784481759032E-18,8.E-05));
#11616=CARTESIAN_POINT('',(-0.00131,-0.0011,8.00000000000038E-05));
#11617=CARTESIAN_POINT('',(-0.0014,-0.0011,8.00000000000038E-05));
#11618=CARTESIAN_POINT('',(-0.00109,-0.0011,8.00000000000038E-05));
#11619=CARTESIAN_POINT('',(-0.00109,-0.0011,8.00000000000038E-05));
#11620=CARTESIAN_POINT('',(-0.00131000000000001,-0.00129,0.000140000000000004));
#11621=CARTESIAN_POINT('',(-0.00131,-0.00098,0.000140000000000004));
#11622=CARTESIAN_POINT('',(-0.00131,-0.00098,2.00000000000027E-05));
#11623=CARTESIAN_POINT('',(-0.00131000000000001,-0.00129,2.00000000000028E-05));
#11624=CARTESIAN_POINT('',(-0.00131,-0.000857888974490718,2.00000000000027E-05));
#11625=CARTESIAN_POINT('',(-0.00131,-0.00093,0.000140000000000003));
#11626=CARTESIAN_POINT('',(-0.00131,-0.00093,3.45791978105264E-18));
#11627=CARTESIAN_POINT('',(-0.00131000000000001,-0.00129,4.39945412253319E-18));
#11628=CARTESIAN_POINT('',(-0.00131,-0.0011,3.91001316450621E-18));
#11629=CARTESIAN_POINT('',(-0.00131,-0.0011,3.98060847957437E-18));
#11630=CARTESIAN_POINT('',(-0.000690000000000013,-0.00129,0.000140000000000004));
#11631=CARTESIAN_POINT('',(-0.00069000000000001,-0.00098,0.000140000000000004));
#11632=CARTESIAN_POINT('',(-0.00069000000000001,-0.00098,2.00000000000027E-05));
#11633=CARTESIAN_POINT('',(-0.000690000000000011,-0.0011,3.98060847957439E-18));
#11634=CARTESIAN_POINT('',(-0.000690000000000011,-0.0011,3.91001316450624E-18));
#11635=CARTESIAN_POINT('',(-0.000690000000000013,-0.00129,4.39945412253321E-18));
#11636=CARTESIAN_POINT('',(-0.000690000000000009,-0.00093,3.34565717350378E-18));
#11637=CARTESIAN_POINT('',(-0.000690000000000009,-0.00093,0.000140000000000003));
#11638=CARTESIAN_POINT('',(-0.000690000000000008,-0.00085788897449072,2.00000000000027E-05));
#11639=CARTESIAN_POINT('',(-0.000690000000000013,-0.00129,2.00000000000028E-05));
#11640=CARTESIAN_POINT('',(-0.0014,-0.00092999999999999,0.000140000000000003));
#11641=CARTESIAN_POINT('',(-0.0014,-0.00092999999999999,3.25153138041035E-18));
#11642=CARTESIAN_POINT('',(-0.0014,-0.000857888974490711,2.00000000000027E-05));
#11643=CARTESIAN_POINT('',(-0.002255,-0.00076,2.65352581752077E-18));
#11644=CARTESIAN_POINT('',(-0.000910000000000011,-0.0011,3.98060847957438E-18));
#11645=CARTESIAN_POINT('',(-0.000910000000000011,-0.0011,3.92794791360488E-18));
#11646=CARTESIAN_POINT('',(-0.00109,-0.0011,3.98060847957438E-18));
#11647=CARTESIAN_POINT('',(-0.00109,-0.0011,3.92794791360488E-18));
#11648=CARTESIAN_POINT('',(-0.0014,-0.0011,3.84589733166816E-18));
#11649=CARTESIAN_POINT('',(-0.0014,-0.0011,3.84589733166816E-18));
#11650=CARTESIAN_POINT('',(-0.0014,-0.0011,3.98060847957437E-18));
#11651=CARTESIAN_POINT('',(-0.000910000000000011,-0.0011,0.000314307490277203));
#11652=CARTESIAN_POINT('',(-0.0014,-0.0011,3.98060847957437E-18));
#11653=CARTESIAN_POINT('',(-0.00109,-0.0011,0.000314307490277203));
#11654=CARTESIAN_POINT('',(-0.00109,-0.0011,0.000314307490277203));
#11655=CARTESIAN_POINT('',(-0.000910000000000011,-0.0011,0.000314307490277203));
#11656=CARTESIAN_POINT('',(-0.0019,-0.00098,3.00000000000032E-05));
#11657=CARTESIAN_POINT('',(-0.0019,-0.00097,2.00000000000027E-05));
#11658=CARTESIAN_POINT('',(-0.00168,-0.00097,2.00000000000032E-05));
#11659=CARTESIAN_POINT('',(-0.00184,-0.00097,2.00000000000028E-05));
#11660=CARTESIAN_POINT('',(-0.00185,-0.00098,3.00000000000032E-05));
#11661=CARTESIAN_POINT('',(-0.00183,-0.00096,1.00000000000032E-05));
#11662=CARTESIAN_POINT('',(-0.00167,-0.00096,1.00000000000033E-05));
#11663=CARTESIAN_POINT('',(-0.00169,-0.00096,1.00000000000036E-05));
#11664=CARTESIAN_POINT('',(-0.00168333333333333,-0.000966666666666665,1.66666666666699E-05));
#11665=CARTESIAN_POINT('',(-0.00185,-0.00098,3.00000000000032E-05));
#11666=CARTESIAN_POINT('',(-0.00184,-0.00098,2.00000000000027E-05));
#11667=CARTESIAN_POINT('',(-0.00184,-0.00091,2.00000000000025E-05));
#11668=CARTESIAN_POINT('',(-0.00183666666666667,-0.000913333333333331,1.66666666666697E-05));
#11669=CARTESIAN_POINT('',(-0.00183,-0.00092,1.00000000000025E-05));
#11670=CARTESIAN_POINT('',(-0.00183,-0.00098,1.00000000000033E-05));
#11671=CARTESIAN_POINT('',(-0.00169,-0.00098,1.00000000000033E-05));
#11672=CARTESIAN_POINT('',(-0.00168,-0.00098,2.00000000000027E-05));
#11673=CARTESIAN_POINT('',(-0.00168,-0.00091,2.00000000000025E-05));
#11674=CARTESIAN_POINT('',(-0.00169,-0.00098,1.00000000000033E-05));
#11675=CARTESIAN_POINT('',(-0.00169,-0.00092,1.00000000000029E-05));
#11676=CARTESIAN_POINT('',(-0.00174333333333334,-0.000973333333333332,-4.33333333333301E-05));
#11677=CARTESIAN_POINT('',(-0.00185,-0.00092,1.00000000000031E-05));
#11678=CARTESIAN_POINT('',(-0.00185,-0.00091,2.00000000000027E-05));
#11679=CARTESIAN_POINT('',(-0.00185,-0.00092,1.00000000000031E-05));
#11680=CARTESIAN_POINT('',(-0.00185,-0.00098,1.00000000000033E-05));
#11681=CARTESIAN_POINT('',(-0.0014,1.0240544779078E-17,8.E-05));
#11682=CARTESIAN_POINT('',(-0.000275,-0.00098,8.00000000000034E-05));
#11683=CARTESIAN_POINT('',(-0.00013000000000001,-0.00098,8.00000000000034E-05));
#11684=CARTESIAN_POINT('',(-0.000270000000000011,-0.00098,8.00000000000034E-05));
#11685=CARTESIAN_POINT('',(-0.00027,-1.38551278868119E-18,8.E-05));
#11686=CARTESIAN_POINT('',(-0.000270000000000011,-0.0011,8.00000000000038E-05));
#11687=CARTESIAN_POINT('',(-0.000275000000000012,-0.0011,8.00000000000038E-05));
#11688=CARTESIAN_POINT('',(-0.000130000000000011,-0.0011,8.00000000000038E-05));
#11689=CARTESIAN_POINT('',(-0.00013,-2.85193495099531E-18,8.E-05));
#11690=CARTESIAN_POINT('',(-0.0014,-0.00092999999999999,0.000140000000000003));
#11691=CARTESIAN_POINT('',(-0.000130000000000009,-0.00093,0.000140000000000003));
#11692=CARTESIAN_POINT('',(-0.000130000000000009,-0.000857888974490722,2.00000000000027E-05));
#11693=CARTESIAN_POINT('',(-0.000130000000000009,-0.00093,3.17265297466166E-18));
#11694=CARTESIAN_POINT('',(-0.000275000000000009,-0.00093,3.25153138041039E-18));
#11695=CARTESIAN_POINT('',(-0.000270000000000009,-0.00093,3.20619388751644E-18));
#11696=CARTESIAN_POINT('',(-0.000270000000000009,-0.00093,0.000140000000000003));
#11697=CARTESIAN_POINT('',(-0.000270000000000009,-0.000857888974490721,2.00000000000027E-05));
#11698=CARTESIAN_POINT('',(-0.000275000000000009,-0.000857888974490722,2.00000000000027E-05));
#11699=CARTESIAN_POINT('',(-0.000130000000000013,-0.00129,0.000165000000000006));
#11700=CARTESIAN_POINT('',(-0.000130000000000011,-0.0011,3.9814298448566E-18));
#11701=CARTESIAN_POINT('',(-0.000130000000000011,-0.0011,3.84589733166821E-18));
#11702=CARTESIAN_POINT('',(-0.000130000000000013,-0.00129,4.71527719882065E-18));
#11703=CARTESIAN_POINT('',(-0.000130000000000013,-0.00129,2.00000000000028E-05));
#11704=CARTESIAN_POINT('',(-0.00013000000000001,-0.00098,2.00000000000027E-05));
#11705=CARTESIAN_POINT('',(-0.00013000000000001,-0.00098,0.000165000000000006));
#11706=CARTESIAN_POINT('',(-0.000270000000000014,-0.00129,0.000165000000000006));
#11707=CARTESIAN_POINT('',(-0.000270000000000014,-0.00129,2.00000000000028E-05));
#11708=CARTESIAN_POINT('',(-0.00027000000000001,-0.00098,2.00000000000027E-05));
#11709=CARTESIAN_POINT('',(-0.000270000000000014,-0.00129,4.71527719882064E-18));
#11710=CARTESIAN_POINT('',(-0.000270000000000011,-0.0011,3.8458973316682E-18));
#11711=CARTESIAN_POINT('',(-0.000270000000000011,-0.0011,3.98142984485659E-18));
#11712=CARTESIAN_POINT('',(-0.00027000000000001,-0.00098,0.000165000000000006));
#11713=CARTESIAN_POINT('',(-0.002255,-0.00076,2.65352581752077E-18));
#11714=CARTESIAN_POINT('',(-0.000275000000000012,-0.0011,3.8458973316682E-18));
#11715=CARTESIAN_POINT('',(-0.0014,-0.0011,3.98060847957437E-18));
#11716=CARTESIAN_POINT('',(-0.002425,-4.05011835305803E-18,2.E-05));
#11717=CARTESIAN_POINT('',(-0.00234423700663074,-0.00098,2.00000000000027E-05));
#11718=CARTESIAN_POINT('',(-0.00142,1.01770928121393E-17,1.39979006846921E-19));
#11719=CARTESIAN_POINT('',(-0.00142,-0.000552226343078046,0.000244458655293764));
#11720=CARTESIAN_POINT('',(-0.00142,-0.000608117586672832,0.000187220827859207));
#11721=CARTESIAN_POINT('',(-0.00142,-0.000632203676977573,0.00024255443305806));
#11722=CARTESIAN_POINT('',(-0.00142,-0.000639047888882151,0.000530011333050237));
#11723=CARTESIAN_POINT('',(-0.00142,-0.00063904788888215,0.000530011333050237));
#11724=CARTESIAN_POINT('',(-0.00142,-0.000654967875699872,0.000545190855364808));
#11725=CARTESIAN_POINT('',(-0.00142,-0.000654967875700059,0.000545190855365024));
#11726=CARTESIAN_POINT('',(-0.00142,-0.00069,0.00042));
#11727=CARTESIAN_POINT('',(-0.00142,-0.000560000000000028,0.00042));
#11728=CARTESIAN_POINT('',(-0.00142,-0.00056,0.00042));
#11729=CARTESIAN_POINT('',(-0.00142,-0.00056,0.000364433756729742));
#11730=CARTESIAN_POINT('',(-0.00142,-0.00058,0.000352886751345948));
#11731=CARTESIAN_POINT('',(-0.00142,-0.000585,0.00035));
#11732=CARTESIAN_POINT('',(-0.00142,-0.000585,0.00025));
#11733=CARTESIAN_POINT('',(-0.00142,-0.000585,0.00021));
#11734=CARTESIAN_POINT('',(-0.00142,-0.000509999999999989,0.00021));
#11735=CARTESIAN_POINT('',(-0.00142,-0.000582883484153098,0.000192308257923446));
#11736=CARTESIAN_POINT('',(-0.00142,-0.000506366085945636,-0.000122915339366122));
#11737=CARTESIAN_POINT('',(-0.00142,-0.000574873266632963,0.000159309101641084));
#11738=CARTESIAN_POINT('',(-0.00142,-0.000537419336409165,0.00023));
#11739=CARTESIAN_POINT('',(-0.00142,-0.000593310580003951,0.000172762172565445));
#11740=CARTESIAN_POINT('',(-0.00142,-0.000203237457754495,-0.000208134043671114));
#11741=CARTESIAN_POINT('',(-0.0014,-0.000689999999999989,0.00042));
#11742=CARTESIAN_POINT('',(-0.0014,-0.000559999999999989,0.00042));
#11743=CARTESIAN_POINT('',(-0.0014,-0.000654967875700166,0.000545190855365088));
#11744=CARTESIAN_POINT('',(-0.0014,-0.000506366085945637,-0.000122915339366122));
#11745=CARTESIAN_POINT('',(-0.0014,-0.000582883484153099,0.000192308257923447));
#11746=CARTESIAN_POINT('',(-0.00268807938225207,-0.000574873266632953,0.000159309101641079));
#11747=CARTESIAN_POINT('',(-0.0014,-0.00058499999999999,2.63553721214445E-18));
#11748=CARTESIAN_POINT('',(-0.0014,-0.000584999999999989,0.00021));
#11749=CARTESIAN_POINT('',(-0.0014,-0.000584999999999989,0.00035));
#11750=CARTESIAN_POINT('',(-0.0014,-0.000297804445662267,0.000515812430606949));
#11751=CARTESIAN_POINT('',(-0.0014,-0.000559999999999989,0.000364433756729743));
#11752=CARTESIAN_POINT('',(-0.0014,-0.00055999999999999,2.09520855659908E-18));
#11753=CARTESIAN_POINT('',(-0.0014,-0.000509999999999989,0.00021));
#11754=CARTESIAN_POINT('',(-0.00142,1.01770928121393E-17,1.39979006846921E-19));
#11755=CARTESIAN_POINT('',(-0.00142,-1.63495856991147E-05,-1.67443456693013E-05));
#11756=CARTESIAN_POINT('',(-0.00142,-0.000369862237323187,0.000328450941332555));
#11757=CARTESIAN_POINT('',(-0.00142,-0.000346298971506505,0.000305443196726919));
#11758=CARTESIAN_POINT('',(-0.00142,-0.0003,0.0004));
#11759=CARTESIAN_POINT('',(-0.00142,-0.000341885588757788,0.000490805272173002));
#11760=CARTESIAN_POINT('',(-0.00142,-0.000341885588757789,0.000490805272173001));
#11761=CARTESIAN_POINT('',(-0.00142,-0.0003425979468017,0.000460886234328743));
#11762=CARTESIAN_POINT('',(-0.00142,-0.00034331030484561,0.000430967196484485));
#11763=CARTESIAN_POINT('',(-0.00142,-0.000344022662889521,0.000401048158640227));
#11764=CARTESIAN_POINT('',(-0.00142,-0.000344022662889516,0.000401048158640227));
#11765=CARTESIAN_POINT('',(-0.00142,-0.00029903541257103,0.000399977033632644));
#11766=CARTESIAN_POINT('',(-0.00142,-0.000344243280764561,0.000391782207888542));
#11767=CARTESIAN_POINT('',(-0.00142,-0.000344243280764561,0.000391782207888541));
#11768=CARTESIAN_POINT('',(-0.00142,-0.000344928511011876,0.000363002537501334));
#11769=CARTESIAN_POINT('',(-0.00142,-0.000345613741259191,0.000334222867114127));
#11770=CARTESIAN_POINT('',(-0.00142,-0.000346298971506505,0.000305443196726919));
#11771=CARTESIAN_POINT('',(-0.0014,-1.63495856991146E-05,-1.67443456693012E-05));
#11772=CARTESIAN_POINT('',(-0.0014,-0.000369863908391555,0.000328452865328745));
#11773=CARTESIAN_POINT('',(-0.000555,-0.000346298985107625,0.000305442625479802));
#11774=CARTESIAN_POINT('',(-0.002125,-0.00053,1.85048510958685E-18));
#11775=CARTESIAN_POINT('',(-0.002025,-0.00053,1.85048510958685E-18));
#11776=CARTESIAN_POINT('',(-0.002025,-0.00053,1.85048510958685E-18));
#11777=CARTESIAN_POINT('',(-0.002025,-0.00053,2.00000000000019E-05));
#11778=CARTESIAN_POINT('',(-0.002125,-0.00053,1.85048510958685E-18));
#11779=CARTESIAN_POINT('',(-0.002125,-0.00043,1.50133697570254E-18));
#11780=CARTESIAN_POINT('',(-0.002125,-0.00043,1.50133697570254E-18));
#11781=CARTESIAN_POINT('',(-0.002125,-0.00043,2.00000000000015E-05));
#11782=CARTESIAN_POINT('',(-0.002125,-0.00053,2.00000000000019E-05));
#11783=CARTESIAN_POINT('',(-0.0014,1.0240544779078E-17,8.E-05));
#11784=CARTESIAN_POINT('',(-0.002225,-0.00076,8.00000000000027E-05));
#11785=CARTESIAN_POINT('',(-0.002225,-0.0011,8.00000000000038E-05));
#11786=CARTESIAN_POINT('',(-0.002225,-0.00098,8.00000000000035E-05));
#11787=CARTESIAN_POINT('',(-0.002255,-0.0011,8.00000000000038E-05));
#11788=CARTESIAN_POINT('',(-0.002025,-0.0011,8.00000000000038E-05));
#11789=CARTESIAN_POINT('',(-0.002025,-0.00076,8.00000000000027E-05));
#11790=CARTESIAN_POINT('',(-0.002025,-0.00098,8.00000000000034E-05));
#11791=CARTESIAN_POINT('',(-0.002425,-0.00098,8.00000000000034E-05));
#11792=CARTESIAN_POINT('',(-0.002255,-0.00076,2.65352581752077E-18));
#11793=CARTESIAN_POINT('',(-0.002255,-0.00073,2.54878137735548E-18));
#11794=CARTESIAN_POINT('',(-0.002255,-0.00073,2.54878137735548E-18));
#11795=CARTESIAN_POINT('',(-0.002255,-0.00073,2.00000000000026E-05));
#11796=CARTESIAN_POINT('',(-0.002255,-0.00076,2.65352581752077E-18));
#11797=CARTESIAN_POINT('',(-0.002225,-0.00076,2.65352581752077E-18));
#11798=CARTESIAN_POINT('',(-0.002225,-0.00076,2.65352581752077E-18));
#11799=CARTESIAN_POINT('',(-0.002225,-0.00076,2.00000000000027E-05));
#11800=CARTESIAN_POINT('',(-0.002255,-0.00076,2.00000000000027E-05));
#11801=CARTESIAN_POINT('',(-0.002425,-0.00043,1.50133697570253E-18));
#11802=CARTESIAN_POINT('',(-0.002425,-0.00043,1.50133697570253E-18));
#11803=CARTESIAN_POINT('',(-0.002285,-0.00043,1.47071225854541E-18));
#11804=CARTESIAN_POINT('',(-0.002285,-0.00043,0.000140000000000001));
#11805=CARTESIAN_POINT('',(-0.00242464240043769,-0.00043,0.000130000000000001));
#11806=CARTESIAN_POINT('',(-0.002405,-0.00043,0.000130000000000001));
#11807=CARTESIAN_POINT('',(-0.00240458260743101,-0.00043,0.00013));
#11808=CARTESIAN_POINT('',(-0.002285,-0.00043,0.000140000000000001));
#11809=CARTESIAN_POINT('',(-0.002285,-0.00043,2.00000000000005E-05));
#11810=CARTESIAN_POINT('',(-0.002425,-0.00043,2.00000000000015E-05));
#11811=CARTESIAN_POINT('',(-0.002285,-0.00076,0.000140000000000003));
#11812=CARTESIAN_POINT('',(-0.002285,-0.00073,0.000140000000000003));
#11813=CARTESIAN_POINT('',(-0.002285,-0.00073,2.56654932289205E-18));
#11814=CARTESIAN_POINT('',(-0.00242464240043769,-0.00073,0.000130000000000002));
#11815=CARTESIAN_POINT('',(-0.002285,-0.00073,0.000140000000000003));
#11816=CARTESIAN_POINT('',(-0.002425,-0.00073,0.000140000000000003));
#11817=CARTESIAN_POINT('',(-0.002425,-0.00073,0.000140000000000003));
#11818=CARTESIAN_POINT('',(-0.002425,-0.00043,0.000140000000000001));
#11819=CARTESIAN_POINT('',(-0.002285,-0.00043,0.000140000000000001));
#11820=CARTESIAN_POINT('',(-0.002285,-0.00043,1.50133697570253E-18));
#11821=CARTESIAN_POINT('',(-0.002285,-0.00073,0.000140000000000003));
#11822=CARTESIAN_POINT('',(-0.002285,-0.00073,0.000140000000000002));
#11823=CARTESIAN_POINT('',(-0.00240458260743101,-0.00073,0.000130000000000021));
#11824=CARTESIAN_POINT('',(-0.002285,-0.00073,2.00000000000025E-05));
#11825=CARTESIAN_POINT('',(-0.002405,-0.00073,0.000130000000000002));
#11826=CARTESIAN_POINT('',(-0.002425,-0.00073,2.54878137735548E-18));
#11827=CARTESIAN_POINT('',(-0.002425,-0.00073,2.00000000000026E-05));
#11828=CARTESIAN_POINT('',(-0.002225,-0.00076,2.65352581752077E-18));
#11829=CARTESIAN_POINT('',(-0.002225,-0.00098,0.00069));
#11830=CARTESIAN_POINT('',(-0.002225,-0.00098,7.00000000000035E-05));
#11831=CARTESIAN_POINT('',(-0.002225,-0.00093,7.00000000000033E-05));
#11832=CARTESIAN_POINT('',(-0.002225,-0.00093,2.00000000000033E-05));
#11833=CARTESIAN_POINT('',(-0.002225,3.33587793569403E-18,2.E-05));
#11834=CARTESIAN_POINT('',(-0.002225,-0.00076,2.65352581752077E-18));
#11835=CARTESIAN_POINT('',(-0.002225,-0.0011,3.84062947272743E-18));
#11836=CARTESIAN_POINT('',(-0.002225,-0.0011,3.84062947272743E-18));
#11837=CARTESIAN_POINT('',(-0.002025,-0.0011,3.84062947272744E-18));
#11838=CARTESIAN_POINT('',(-0.002025,-0.00098,0.00069));
#11839=CARTESIAN_POINT('',(-0.002025,-0.00098,2.0000000000003E-05));
#11840=CARTESIAN_POINT('',(-0.002025,-0.0011,3.84062947272744E-18));
#11841=CARTESIAN_POINT('',(-0.002025,-0.0011,3.84062947272744E-18));
#11842=CARTESIAN_POINT('',(-0.002025,-0.0011,3.84062947272744E-18));
#11843=CARTESIAN_POINT('',(-0.002025,2.53939927304862E-18,2.E-05));
#11844=CARTESIAN_POINT('',(-0.002255,-0.00076,2.65352581752077E-18));
#11845=CARTESIAN_POINT('',(-0.002225,-0.0011,3.84062947272743E-18));
#11846=CARTESIAN_POINT('',(-0.0014,-0.0011,3.98060847957437E-18));
#11847=CARTESIAN_POINT('',(-0.001485,-0.00053741933640916,0.00023));
#11848=CARTESIAN_POINT('',(-0.001485,-0.00053741933640916,0.00023));
#11849=CARTESIAN_POINT('',(-0.001485,-0.000593310580003948,0.000172762172565445));
#11850=CARTESIAN_POINT('',(-0.001485,-0.00053741933640916,0.00015));
#11851=CARTESIAN_POINT('',(-0.001485,-0.00053741933640916,0.00015));
#11852=CARTESIAN_POINT('',(-0.001485,-0.000566356374365378,0.00015));
#11853=CARTESIAN_POINT('',(-0.00150043184138561,-0.000592088385075125,0.00015));
#11854=CARTESIAN_POINT('',(-0.00151681416707889,-0.000615537247028591,0.00015));
#11855=CARTESIAN_POINT('',(-0.00151681416707889,-0.000615537247028591,0.00015));
#11856=CARTESIAN_POINT('',(-0.001485,-0.000593310580003948,0.000172762172565445));
#11857=CARTESIAN_POINT('',(-0.001485,-0.000631428166676776,0.00020998300042465));
#11858=CARTESIAN_POINT('',(-0.00151383962630124,-0.00061127963444196,0.00015));
#11859=CARTESIAN_POINT('',(-0.001535,-0.000641567561262368,0.00015));
#11860=CARTESIAN_POINT('',(-0.001535,-0.000643049613919571,0.000151447185712608));
#11861=CARTESIAN_POINT('',(-0.001535,-0.00064304961391957,0.000151447185712608));
#11862=CARTESIAN_POINT('',(-0.001485,-0.000608117586672828,0.000187220827859206));
#11863=CARTESIAN_POINT('',(-0.001485,-0.000608117586672828,0.000187220827859206));
#11864=CARTESIAN_POINT('',(-0.001485,-0.000593310580003948,0.000172762172565445));
#11865=CARTESIAN_POINT('',(-0.001485,-0.000552226343078041,0.000244458655293764));
#11866=CARTESIAN_POINT('',(-0.001485,-0.000632203676977572,0.00024255443305806));
#11867=CARTESIAN_POINT('',(-0.001485,-0.000632203676977572,0.00024255443305806));
#11868=CARTESIAN_POINT('',(-0.001535,-0.000682189510664779,0.000241364294160747));
#11869=CARTESIAN_POINT('',(-0.001485,-0.000552226343078041,0.000244458655293764));
#11870=CARTESIAN_POINT('',(-0.001535,-0.00055222634307804,0.000244458655293764));
#11871=CARTESIAN_POINT('',(-0.001485,-0.00063,0.00015));
#11872=CARTESIAN_POINT('',(-0.00102013176537263,-0.000175000018668939,0.00057));
#11873=CARTESIAN_POINT('',(-0.001535,-0.000690014170327617,0.00057));
#11874=CARTESIAN_POINT('',(-0.0015259756097561,-0.000680987222512387,0.00057));
#11875=CARTESIAN_POINT('',(-0.0014989837398374,-0.000653360518613102,0.000543658259072776));
#11876=CARTESIAN_POINT('',(-0.001485,-0.000639047888882146,0.000530011333050237));
#11877=CARTESIAN_POINT('',(-0.001485,-0.00063,0.00015));
#11878=CARTESIAN_POINT('',(-0.001535,-0.000682118999227863,0.000238402813810291));
#11879=CARTESIAN_POINT('',(-0.001485,6.98296267768627E-19,-2.43808838789797E-33));
#11880=CARTESIAN_POINT('',(-0.001485,-0.000875,0.00069));
#11881=CARTESIAN_POINT('',(-0.001485,-0.000875,0.00069));
#11882=CARTESIAN_POINT('',(-0.001485,-0.000735,0.00057));
#11883=CARTESIAN_POINT('',(-0.001485,-0.00107,0.00069));
#11884=CARTESIAN_POINT('',(-0.001485,-0.00107,0.00069));
#11885=CARTESIAN_POINT('',(-0.001485,-0.00107,0.00057));
#11886=CARTESIAN_POINT('',(-0.001485,-0.00107,0.00057));
#11887=CARTESIAN_POINT('',(-0.001485,-0.000735,0.00057));
#11888=CARTESIAN_POINT('',(-0.00154850368563719,-0.000291176305862854,0.00052));
#11889=CARTESIAN_POINT('',(-0.00154850368563719,-0.000291176305862854,0.00052));
#11890=CARTESIAN_POINT('',(-0.00154850368563719,-0.000291176305862854,0.00057));
#11891=CARTESIAN_POINT('',(-0.0015976472949839,-0.000291176305862854,0.000529214426752509));
#11892=CARTESIAN_POINT('',(-0.00154850368563719,-0.000291176305862854,0.00052));
#11893=CARTESIAN_POINT('',(-0.00154850368563719,-0.000341162139550061,0.000521190138897315));
#11894=CARTESIAN_POINT('',(-0.00154850368563719,-0.000291176305862854,0.00052));
#11895=CARTESIAN_POINT('',(-0.00160140136817429,-0.000297893471899313,0.000237879026468762));
#11896=CARTESIAN_POINT('',(-0.00157,-0.000293905996575593,0.000405352990065004));
#11897=CARTESIAN_POINT('',(-0.00157,-0.0003438918302628,0.000406543128962318));
#11898=CARTESIAN_POINT('',(-0.00161999986311023,-0.000294014727212229,0.000410000730078808));
#11899=CARTESIAN_POINT('',(-0.00155022287044349,-0.000341380448731813,0.000512021153263738));
#11900=CARTESIAN_POINT('',(-0.00162021463083344,-0.000294041999304067,0.000408855302221617));
#11901=CARTESIAN_POINT('',(-0.00157,-0.000291176305862854,0.00052));
#11902=CARTESIAN_POINT('',(-0.00162,-0.000297810489335219,0.000241364294160745));
#11903=CARTESIAN_POINT('',(-0.00162,-0.000293795353481903,0.00041));
#11904=CARTESIAN_POINT('',(-0.00162,-0.000297810489335219,0.000241364294160746));
#11905=CARTESIAN_POINT('',(-0.00157,-0.000297810489335219,0.000241364294160746));
#11906=CARTESIAN_POINT('',(-0.00157,-0.000347796323022425,0.00024255443305806));
#11907=CARTESIAN_POINT('',(-0.00157,-0.000343809523809522,0.00041));
#11908=CARTESIAN_POINT('',(-0.00162,-0.000291176305862854,0.00041));
#11909=CARTESIAN_POINT('',(-0.00157,-0.000427773656921957,0.000244458655293764));
#11910=CARTESIAN_POINT('',(-0.00157,-0.000305612173755328,0.0002));
#11911=CARTESIAN_POINT('',(-0.00157,-0.000352597359588647,0.000217099482805294));
#11912=CARTESIAN_POINT('',(-0.00162,-0.000305612173755328,0.0002));
#11913=CARTESIAN_POINT('',(-0.00157,-0.000427773656921957,0.000244458655293764));
#11914=CARTESIAN_POINT('',(-0.00162,-0.000427773656921956,0.000244458655293764));
#11915=CARTESIAN_POINT('',(-0.00158257789624601,-0.000371882413327169,0.000187220827859206));
#11916=CARTESIAN_POINT('',(-0.00160044050823842,-0.000366923516650554,0.000192063060951141));
#11917=CARTESIAN_POINT('',(-0.00162019939620996,-0.000350959488410689,0.000186688177442618));
#11918=CARTESIAN_POINT('',(-0.00162640454967423,-0.000336684443038346,0.000175515445688036));
#11919=CARTESIAN_POINT('',(-0.00157537765732697,-0.000363712557699957,0.000195198478504957));
#11920=CARTESIAN_POINT('',(-0.00159562240725379,-0.000359591005254399,0.000200677249296626));
#11921=CARTESIAN_POINT('',(-0.0016182180747916,-0.000340276448684854,0.000194283148825994));
#11922=CARTESIAN_POINT('',(-0.00162276997519728,-0.000323344821343978,0.000181983247559089));
#11923=CARTESIAN_POINT('',(-0.00157000075890929,-0.000356853965708491,0.000205403372938264));
#11924=CARTESIAN_POINT('',(-0.0015928895137701,-0.000355427644092946,0.000209320959461915));
#11925=CARTESIAN_POINT('',(-0.00161842525991677,-0.000332478244963218,0.000201542450324675));
#11926=CARTESIAN_POINT('',(-0.00162002989421865,-0.00031214895165533,0.000190289636567237));
#11927=CARTESIAN_POINT('',(-0.00157,-0.000352597359588646,0.000217099482805293));
#11928=CARTESIAN_POINT('',(-0.00159371751120082,-0.000352597359588646,0.000217099482805294));
#11929=CARTESIAN_POINT('',(-0.00162,-0.000327484393940454,0.000207960033494301));
#11930=CARTESIAN_POINT('',(-0.00162,-0.000305196960514968,0.000199848889995045));
#11931=CARTESIAN_POINT('',(-0.00158258053408826,-0.000371700217256443,0.000187030353064941));
#11932=CARTESIAN_POINT('',(-0.00160489090881879,-0.000365598838077914,0.000193175515557443));
#11933=CARTESIAN_POINT('',(-0.00162080280488145,-0.000349194786079539,0.000185199749939418));
#11934=CARTESIAN_POINT('',(-0.00162599895673113,-0.000336964885741027,0.000175549079721638));
#11935=CARTESIAN_POINT('',(-0.00158257921485136,-0.000371791381311642,0.000187125530611916));
#11936=CARTESIAN_POINT('',(-0.00162614402952026,-0.000336957861491406,0.000175636226923021));
#11937=CARTESIAN_POINT('',(-0.00157,-0.00035259735958865,0.000217099482805295));
#11938=CARTESIAN_POINT('',(-0.00157000064695479,-0.000356226030081354,0.000207128786067334));
#11939=CARTESIAN_POINT('',(-0.0015741932790368,-0.000362368685677439,0.000196510734436701));
#11940=CARTESIAN_POINT('',(-0.00158257789624601,-0.000371882413327171,0.000187220827859208));
#11941=CARTESIAN_POINT('',(-0.00162,-0.000305612173755327,0.0002));
#11942=CARTESIAN_POINT('',(-0.00162,-0.000308472719493364,0.000196069960869087));
#11943=CARTESIAN_POINT('',(-0.00162045741100862,-0.00031190826102927,0.000192532044540378));
#11944=CARTESIAN_POINT('',(-0.00162113544431083,-0.000315567420328143,0.000189404944676851));
#11945=CARTESIAN_POINT('',(-0.00162233983734263,-0.000322067198358856,0.000183850265764932));
#11946=CARTESIAN_POINT('',(-0.00162424484376521,-0.000329411984434239,0.000179404119018868));
#11947=CARTESIAN_POINT('',(-0.001626288948123,-0.000336950386080427,0.000175723592856304));
#11948=CARTESIAN_POINT('',(-0.00159035210017528,-0.000349449635921257,0.000140381376749793));
#11949=CARTESIAN_POINT('',(-0.00163080702444441,-0.000351740380719795,0.000168235534544039));
#11950=CARTESIAN_POINT('',(-0.00162404286809797,-0.000366405664550759,0.000176888767345263));
#11951=CARTESIAN_POINT('',(-0.00160838457157432,-0.000380320362493908,0.000178928684373846));
#11952=CARTESIAN_POINT('',(-0.00159234968328154,-0.00038672096418611,0.000172795377415133));
#11953=CARTESIAN_POINT('',(-0.00159234973958782,-0.000386705131419516,0.000172778829662189));
#11954=CARTESIAN_POINT('',(-0.00163099095084273,-0.000351748811846203,0.000168364940521226));
#11955=CARTESIAN_POINT('',(-0.00158257855698412,-0.000371883631667615,0.000187219638181577));
#11956=CARTESIAN_POINT('',(-0.0015854135104366,-0.000377110942531687,0.000182115305645832));
#11957=CARTESIAN_POINT('',(-0.00158867052802522,-0.000382046128366392,0.00017729622557176));
#11958=CARTESIAN_POINT('',(-0.00159234960975,-0.00038668918917173,0.000172762397959361));
#11959=CARTESIAN_POINT('',(-0.00162599903379979,-0.000336965111248012,0.000175548970391787));
#11960=CARTESIAN_POINT('',(-0.00162768170154122,-0.000341888690090631,0.000173161929899961));
#11961=CARTESIAN_POINT('',(-0.00162928314322846,-0.00034681632726759,0.000170726005442612));
#11962=CARTESIAN_POINT('',(-0.00163080702444441,-0.000351740380719795,0.000168235534544039));
#11963=CARTESIAN_POINT('',(-0.00163117489632589,-0.000351757392749308,0.000168494265209424));
#11964=CARTESIAN_POINT('',(-0.00161911040894562,-0.000375834664644388,0.000183361557669906));
#11965=CARTESIAN_POINT('',(-0.00159234979265177,-0.000386689419996051,0.000172762172565444));
#11966=CARTESIAN_POINT('',(-0.0016417360103751,-0.000378414360661344,0.000155479607700227));
#11967=CARTESIAN_POINT('',(-0.00162665908700371,-0.000389291000239574,0.00016454487366074));
#11968=CARTESIAN_POINT('',(-0.00161344936180441,-0.000403075165187738,0.000156761920336482));
#11969=CARTESIAN_POINT('',(-0.00165614753959904,-0.000410991987699306,0.00015));
#11970=CARTESIAN_POINT('',(-0.00164915248983632,-0.000416982324036549,0.000150000001644818));
#11971=CARTESIAN_POINT('',(-0.00164237590074529,-0.000423198186949397,0.00015));
#11972=CARTESIAN_POINT('',(-0.00167,-0.000442580663590837,0.00015));
#11973=CARTESIAN_POINT('',(-0.00167,-0.000442580663590837,0.00015));
#11974=CARTESIAN_POINT('',(-0.00167,-0.000442580663590837,0.00015));
#11975=CARTESIAN_POINT('',(-0.00159234979265177,-0.000386689419996052,0.000172762172565445));
#11976=CARTESIAN_POINT('',(-0.00161163006883481,-0.000401660429062581,0.000158143373213672));
#11977=CARTESIAN_POINT('',(-0.00163114390938696,-0.000415313693285148,0.000150000000000001));
#11978=CARTESIAN_POINT('',(-0.00167,-0.000442580663590838,0.00015));
#11979=CARTESIAN_POINT('',(-0.00167,-0.000442580663590837,0.00015));
#11980=CARTESIAN_POINT('',(-0.00167,-0.000442580663590837,0.00015));
#11981=CARTESIAN_POINT('',(-0.00165055299562354,-0.000398239221664371,0.00015));
#11982=CARTESIAN_POINT('',(-0.00163759545599393,-0.000367964798050528,0.000160582089968486));
#11983=CARTESIAN_POINT('',(-0.00163117489632588,-0.000351757392749308,0.000168494265209423));
#11984=CARTESIAN_POINT('',(-0.00183,-0.00107,0.000190000000000004));
#11985=CARTESIAN_POINT('',(-0.00183,-0.00107,0.000270000000000004));
#11986=CARTESIAN_POINT('',(-0.00188,-0.00102,0.000270000000000004));
#11987=CARTESIAN_POINT('',(-0.00183,-0.00107,0.000270000000000004));
#11988=CARTESIAN_POINT('',(-0.00183,-0.00107,0.000190000000000004));
#11989=CARTESIAN_POINT('',(-0.00183,-0.00107,0.00069));
#11990=CARTESIAN_POINT('',(-0.002235,-0.000665,0.00069));
#11991=CARTESIAN_POINT('',(-0.00188,-0.00102,0.00069));
#11992=CARTESIAN_POINT('',(-0.00188,-0.00102,0.000100000000000004));
#11993=CARTESIAN_POINT('',(-0.002355,-0.00093,-1.99999999999969E-05));
#11994=CARTESIAN_POINT('',(-0.002355,-0.00093,0.000210000000000003));
#11995=CARTESIAN_POINT('',(-0.002355,-0.00098,0.000210000000000003));
#11996=CARTESIAN_POINT('',(-0.002405,-0.00093,0.000210000000000003));
#11997=CARTESIAN_POINT('',(-0.002405,-0.00093,-1.99999999999969E-05));
#11998=CARTESIAN_POINT('',(-0.002405,-0.00093,0.000140000000000003));
#11999=CARTESIAN_POINT('',(-0.002355,-0.00093,0.000140000000000003));
#12000=CARTESIAN_POINT('',(-0.002355,-0.00098,0.000140000000000003));
#12001=CARTESIAN_POINT('',(-0.002355,-0.00098,0.00069));
#12002=CARTESIAN_POINT('',(-0.002285,-0.00093,0.000140000000000003));
#12003=CARTESIAN_POINT('',(-0.002285,-0.00093,7.00000000000033E-05));
#12004=CARTESIAN_POINT('',(-0.002285,-0.00098,7.00000000000034E-05));
#12005=CARTESIAN_POINT('',(-0.002285,-0.00093,2.00000000000033E-05));
#12006=CARTESIAN_POINT('',(-0.002285,-0.00098,0.000140000000000003));
#12007=CARTESIAN_POINT('',(-0.002285,-0.00093,0.000140000000000003));
#12008=CARTESIAN_POINT('',(-0.002425,-0.00093,7.00000000000033E-05));
#12009=CARTESIAN_POINT('',(-0.002285,-0.00098,7.00000000000034E-05));
#12010=CARTESIAN_POINT('',(-0.002225,-0.00093,2.00000000000033E-05));
#12011=CARTESIAN_POINT('',(-0.002425,-0.000655,0.000150000000000002));
#12012=CARTESIAN_POINT('',(-0.00198,-0.000655,0.000150000000000002));
#12013=CARTESIAN_POINT('',(-0.001535,-0.000655,0.000150000000000002));
#12014=CARTESIAN_POINT('',(-0.00198,-0.000655,0.00015));
#12015=CARTESIAN_POINT('',(-0.00198,-0.000735,0.000230000000000003));
#12016=CARTESIAN_POINT('',(-0.00198,-0.000735,0.00023));
#12017=CARTESIAN_POINT('',(-0.00157,-0.000735,0.000230000000000003));
#12018=CARTESIAN_POINT('',(-0.001535,-0.000735,0.000230000000000004));
#12019=CARTESIAN_POINT('',(-0.001535,-0.000735,0.000230000000000003));
#12020=CARTESIAN_POINT('',(-0.00198,-0.000635,0.000150000000000002));
#12021=CARTESIAN_POINT('',(-0.00208,-0.000635,0.00023));
#12022=CARTESIAN_POINT('',(-0.00208,-0.000635,0.00023));
#12023=CARTESIAN_POINT('',(-0.002,-0.000635,0.000149999999999999));
#12024=CARTESIAN_POINT('',(-0.00198,-0.000635,0.00023));
#12025=CARTESIAN_POINT('',(-0.00198,-0.000635,0.00015));
#12026=CARTESIAN_POINT('',(-0.002075,-0.00063,0.00059));
#12027=CARTESIAN_POINT('',(-0.002425,-0.000463999999999992,0.000922));
#12028=CARTESIAN_POINT('',(-0.002425,-0.00058,0.00069));
#12029=CARTESIAN_POINT('',(-0.002425,-0.00063,0.00059));
#12030=CARTESIAN_POINT('',(-0.002075,-0.00063,0.00059));
#12031=CARTESIAN_POINT('',(-0.00212,-0.00063,0.00059));
#12032=CARTESIAN_POINT('',(-0.0021,-0.00064,0.00057));
#12033=CARTESIAN_POINT('',(-0.00222,-0.00058,0.00069));
#12034=CARTESIAN_POINT('',(-0.002425,-0.00058,0.00069));
#12035=CARTESIAN_POINT('',(-0.002075,-0.00058,0.00059));
#12036=CARTESIAN_POINT('',(-0.002425,-0.00058,0.00059));
#12037=CARTESIAN_POINT('',(-0.002425,-0.00093,0.00059));
#12038=CARTESIAN_POINT('',(-0.002375,-0.00093,0.00059));
#12039=CARTESIAN_POINT('',(-0.002375,-0.00098,0.00059));
#12040=CARTESIAN_POINT('',(-0.002425,-0.00098,0.00059));
#12041=CARTESIAN_POINT('',(-0.002075,-0.00098,0.00059));
#12042=CARTESIAN_POINT('',(-0.002075,-0.00058,0.00059));
#12043=CARTESIAN_POINT('',(-0.002075,-0.000758333333333332,0.00059));
#12044=CARTESIAN_POINT('',(-0.00157,-0.000758333333333331,0.00059));
#12045=CARTESIAN_POINT('',(-0.00212,-0.000758333333333328,0.00059));
#12046=CARTESIAN_POINT('',(-0.00212,4.87065360652437E-18,0.00059));
#12047=CARTESIAN_POINT('',(-0.002075,-0.00058,0.00059));
#12048=CARTESIAN_POINT('',(-0.002075,-0.000875,0.00069));
#12049=CARTESIAN_POINT('',(-0.002075,-0.000875,0.00069));
#12050=CARTESIAN_POINT('',(-0.002075,-0.00098,0.00059));
#12051=CARTESIAN_POINT('',(-0.002075,-0.00098,0.00069));
#12052=CARTESIAN_POINT('',(-0.002075,-0.00058,0.00069));
#12053=CARTESIAN_POINT('',(-0.00188,-0.00098,0.000100000000000003));
#12054=CARTESIAN_POINT('',(-0.00188,-0.00107,0.00069));
#12055=CARTESIAN_POINT('',(-0.00188,-0.00098,0.00069));
#12056=CARTESIAN_POINT('',(-0.00188,-0.00098,0.00063));
#12057=CARTESIAN_POINT('',(-0.00188,-0.00098,0.000220000000000009));
#12058=CARTESIAN_POINT('',(-0.00188,-0.000927058823529409,0.000131764705882356));
#12059=CARTESIAN_POINT('',(-0.00188,-0.00101,0.000270000000000004));
#12060=CARTESIAN_POINT('',(-0.00188,-0.00098,0.000270000000000004));
#12061=CARTESIAN_POINT('',(-0.00198,-0.000635,-0.000894608853074905));
#12062=CARTESIAN_POINT('',(-0.00208,-0.000635,0.00055));
#12063=CARTESIAN_POINT('',(-0.00208,-0.000635,0.00055));
#12064=CARTESIAN_POINT('',(-0.00198,-0.000635,0.00045));
#12065=CARTESIAN_POINT('',(-0.00198,-0.000735,0.00045));
#12066=CARTESIAN_POINT('',(-0.00198,-0.000735,0.000150000000000002));
#12067=CARTESIAN_POINT('',(-0.00157,-0.000875,0.00069));
#12068=CARTESIAN_POINT('',(-0.00157,-0.000875,0.00069));
#12069=CARTESIAN_POINT('',(-0.001485,-0.000735,0.00057));
#12070=CARTESIAN_POINT('',(-0.001535,-0.000735,0.00057));
#12071=CARTESIAN_POINT('',(-0.00157,-0.000735,0.00057));
#12072=CARTESIAN_POINT('',(-0.0021,-0.000735,0.00057));
#12073=CARTESIAN_POINT('',(-0.00202661157024794,-0.000649380165289252,0.000496611570247936));
#12074=CARTESIAN_POINT('',(-0.002285,0.00058,0.000140000000000002));
#12075=CARTESIAN_POINT('',(-0.002405,4.39926648694235E-18,0.00014));
#12076=CARTESIAN_POINT('',(-0.002405,-0.00074,0.000140000000000002));
#12077=CARTESIAN_POINT('',(-0.002285,-0.00074,0.000140000000000002));
#12078=CARTESIAN_POINT('',(-0.002285,-0.00098,2.00000000000034E-05));
#12079=CARTESIAN_POINT('',(-0.002425,-0.00043,1.50133697570253E-18));
#12080=CARTESIAN_POINT('',(-0.002425,-0.000429999999999995,0.00015));
#12081=CARTESIAN_POINT('',(-0.002425,-0.00043,0.00013));
#12082=CARTESIAN_POINT('',(-0.002405,-0.00043,0.000130000000000001));
#12083=CARTESIAN_POINT('',(-0.002285,-0.00073,0.000140000000000003));
#12084=CARTESIAN_POINT('',(-0.002405,-0.00073,0.000130000000000002));
#12085=CARTESIAN_POINT('',(-0.002425,-0.00073,0.000130000000000002));
#12086=CARTESIAN_POINT('',(-0.002425,-0.00073,0.000130000000000002));
#12087=CARTESIAN_POINT('',(-0.002405,-0.00073,0.000130000000000002));
#12088=CARTESIAN_POINT('',(-0.002425,-0.00073,0.000130000000000002));
#12089=CARTESIAN_POINT('',(-0.002425,-0.00081,0.000210000000000003));
#12090=CARTESIAN_POINT('',(-0.002405,-0.00073,0.000130000000000002));
#12091=CARTESIAN_POINT('',(-0.002405,-0.00081,0.000210000000000003));
#12092=CARTESIAN_POINT('',(-0.002405,-0.00081,0.000210000000000003));
#12093=CARTESIAN_POINT('',(-0.002405,-0.000349999999999995,0.00021));
#12094=CARTESIAN_POINT('',(-0.002425,-0.000349999999999995,0.00021));
#12095=CARTESIAN_POINT('',(-0.002425,-0.00035,0.00021));
#12096=CARTESIAN_POINT('',(-0.002405,-0.000349999999999995,0.00021));
#12097=CARTESIAN_POINT('',(-0.002405,-0.000349999999999996,0.00021));
#12098=CARTESIAN_POINT('',(-0.002405,-0.000349999999999995,0.00021));
#12099=CARTESIAN_POINT('',(-0.002405,-0.00042,0.00014));
#12100=CARTESIAN_POINT('',(-0.002285,-0.000419999999999994,0.000140000000000002));
#12101=CARTESIAN_POINT('',(-0.00157,-0.000735,-0.000894608853074904));
#12102=CARTESIAN_POINT('',(-0.00222,-0.000735,0.00069));
#12103=CARTESIAN_POINT('',(-0.001535,-0.000735,0.00057));
#12104=CARTESIAN_POINT('',(-0.002425,-4.05011835305803E-18,2.E-05));
#12105=CARTESIAN_POINT('',(-0.00157,-3.29948700404496E-18,0.00069));
#12106=CARTESIAN_POINT('',(-0.00172,-0.00107,0.00069));
#12107=CARTESIAN_POINT('',(-0.002425,-0.00098,0.00069));
#12108=CARTESIAN_POINT('',(-0.002405,0.00058,-1.99999999999982E-05));
#12109=CARTESIAN_POINT('',(-0.002405,-0.00081,0.000210000000000003));
#12110=CARTESIAN_POINT('',(-0.002425,0.000369999999999995,0.00021));
#12111=CARTESIAN_POINT('',(-0.002425,-0.00098,0.000210000000000003));
#12112=CARTESIAN_POINT('',(-0.002375,-0.00098,0.000210000000000003));
#12113=CARTESIAN_POINT('',(-0.002375,-0.00093,0.000210000000000003));
#12114=CARTESIAN_POINT('',(-0.002425,-0.00093,0.000210000000000003));
#12115=CARTESIAN_POINT('',(-0.002425,-0.00081,0.000210000000000003));
#12116=CARTESIAN_POINT('',(-0.002375,-0.00093,0.00069));
#12117=CARTESIAN_POINT('',(-0.002375,-0.00098,0.00069));
#12118=CARTESIAN_POINT('',(-0.002425,-0.00093,0.00069));
#12119=CARTESIAN_POINT('',(-0.001445,-0.000552226343078041,0.000244458655293764));
#12120=CARTESIAN_POINT('',(-0.001445,-0.000608117586672828,0.000187220827859206));
#12121=CARTESIAN_POINT('',(-0.001445,-0.000632203676977572,0.00024255443305806));
#12122=CARTESIAN_POINT('',(-0.001445,-0.000631428166676776,0.00020998300042465));
#12123=CARTESIAN_POINT('',(-0.001445,-0.000593310580003948,0.000172762172565445));
#12124=CARTESIAN_POINT('',(-0.001445,-0.00063,0.00015));
#12125=CARTESIAN_POINT('',(-0.001445,-0.000639047888882146,0.000530011333050237));
#12126=CARTESIAN_POINT('',(-0.000555,-0.000291176305862858,0.00052));
#12127=CARTESIAN_POINT('',(-0.000485,-0.000291176305862858,0.00057));
#12128=CARTESIAN_POINT('',(-0.000555,-0.000341162139550065,0.000521190138897316));
#12129=CARTESIAN_POINT('',(-0.000555,-0.000537419336409164,0.00023));
#12130=CARTESIAN_POINT('',(-0.000555,-0.000537419336409164,0.00015));
#12131=CARTESIAN_POINT('',(-0.000555,-0.000442580663590841,0.00023));
#12132=CARTESIAN_POINT('',(-0.000555,-0.000386689419996054,0.000172762172565445));
#12133=CARTESIAN_POINT('',(-0.000555,-0.000442580663590841,0.00015));
#12134=CARTESIAN_POINT('',(-0.000555,-0.00042777365692196,0.000244458655293764));
#12135=CARTESIAN_POINT('',(-0.000555,-0.000347796323022429,0.00024255443305806));
#12136=CARTESIAN_POINT('',(-0.000555,-0.000371882413327172,0.000187220827859206));
#12137=CARTESIAN_POINT('',(-0.000555,-0.00041,0.00015));
#12138=CARTESIAN_POINT('',(-0.000555,-0.000680987222512391,0.00057));
#12139=CARTESIAN_POINT('',(-0.000555,-0.000680987222512391,0.00057));
#12140=CARTESIAN_POINT('',(-0.000555,-0.00034,0.00057));
#12141=CARTESIAN_POINT('',(-0.00142,-0.000344243280764556,0.000391782207888541));
#12142=CARTESIAN_POINT('',(-0.000473333333333333,-0.000344243280764559,0.000391782207888541));
#12143=CARTESIAN_POINT('',(0.000473333333333333,-0.000344243280764563,0.000391782207888541));
#12144=CARTESIAN_POINT('',(0.00142,-0.000344243280764566,0.000391782207888541));
#12145=CARTESIAN_POINT('',(-0.0014,-0.000341885588757789,0.000490805272173));
#12146=CARTESIAN_POINT('',(-0.0014,-0.000344022662889516,0.000401048158640227));
#12147=CARTESIAN_POINT('',(-0.001535,-0.000427773656921957,0.000244458655293764));
#12148=CARTESIAN_POINT('',(-0.001535,-0.000655,0.000150000000000002));
#12149=CARTESIAN_POINT('',(-0.001535,-0.00107,0.00057));
#12150=CARTESIAN_POINT('',(-0.000465,-0.00101,0.000270000000000004));
#12151=CARTESIAN_POINT('',(-0.000465,-0.00098,0.000220000000000004));
#12152=CARTESIAN_POINT('',(-0.001,-0.00101,0.000270000000000004));
#12153=CARTESIAN_POINT('',(-0.000465,-0.00107,0.000270000000000004));
#12154=CARTESIAN_POINT('',(-0.000465,-0.00107,0.000270000000000004));
#12155=CARTESIAN_POINT('',(-0.000555,-0.00107,0.00057));
#12156=CARTESIAN_POINT('',(-0.000555,-0.00107,0.00057));
#12157=CARTESIAN_POINT('',(-0.000485,0.00025,0.00057));
#12158=CARTESIAN_POINT('',(-0.000465,-0.00098,0.000190000000000004));
#12159=CARTESIAN_POINT('',(-0.00234423700663074,-0.00098,2.00000000000027E-05));
#12160=CARTESIAN_POINT('',(-0.00234423700663074,-0.00098,2.00000000000027E-05));
#12161=CARTESIAN_POINT('',(-0.00234423700663074,-0.00098,2.00000000000027E-05));
#12162=CARTESIAN_POINT('',(0.00234423700663074,-0.00098,2.00000000000027E-05));
#12163=CARTESIAN_POINT('',(0.00234423700663074,-0.00098,2.00000000000027E-05));
#12164=CARTESIAN_POINT('',(-0.00091000000000001,0.001,0.000314307490277203));
#12165=CARTESIAN_POINT('',(-0.00093,0.00098,0.000314307490277203));
#12166=CARTESIAN_POINT('',(-0.00093,0.00098,8.00000000000034E-05));
#12167=CARTESIAN_POINT('',(-0.00093,0.00098,2.00000000000027E-05));
#12168=CARTESIAN_POINT('',(-0.00091000000000001,0.001,8.00000000000035E-05));
#12169=CARTESIAN_POINT('',(-0.00091000000000001,0.001,8.00000000000035E-05));
#12170=CARTESIAN_POINT('',(-0.00091000000000001,0.001,0.000314307490277203));
#12171=CARTESIAN_POINT('',(-0.00091000000000001,0.001,3.63166598973553E-18));
#12172=CARTESIAN_POINT('',(-0.00091000000000001,0.001,3.63146034569008E-18));
#12173=CARTESIAN_POINT('',(-0.00096,0.00095,3.40686306119221E-18));
#12174=CARTESIAN_POINT('',(-0.00096,0.00095,0.000314307490277203));
#12175=CARTESIAN_POINT('',(-0.00096,0.00095,2.00000000000027E-05));
#12176=CARTESIAN_POINT('',(-0.000910000000000011,0.001,2.00000000000027E-05));
#12177=CARTESIAN_POINT('',(-0.00096,0.00095,0.000314307490277203));
#12178=CARTESIAN_POINT('',(-0.00096,0.00095,2.00000000000027E-05));
#12179=CARTESIAN_POINT('',(-0.00104,0.00095,2.00000000000027E-05));
#12180=CARTESIAN_POINT('',(-0.00096,0.00095,3.45688627874792E-18));
#12181=CARTESIAN_POINT('',(-0.00104,0.00095,3.46107316981647E-18));
#12182=CARTESIAN_POINT('',(-0.00104,0.00095,0.000314307490277203));
#12183=CARTESIAN_POINT('',(-0.00109,0.001,0.000314307490277203));
#12184=CARTESIAN_POINT('',(-0.00107000000000002,0.00098,0.000314307490277203));
#12185=CARTESIAN_POINT('',(-0.00107,0.00098,2.00000000000027E-05));
#12186=CARTESIAN_POINT('',(-0.00107,0.00098,8.00000000000034E-05));
#12187=CARTESIAN_POINT('',(-0.00109,0.001,2.00000000000027E-05));
#12188=CARTESIAN_POINT('',(-0.00109,0.001,3.63146034569007E-18));
#12189=CARTESIAN_POINT('',(-0.00109,0.001,3.63166598973552E-18));
#12190=CARTESIAN_POINT('',(-0.00109,0.001,0.000314307490277203));
#12191=CARTESIAN_POINT('',(-0.00109,0.001,8.00000000000035E-05));
#12192=CARTESIAN_POINT('',(-0.00109,0.001,8.00000000000035E-05));
#12193=CARTESIAN_POINT('',(-0.0014,1.0240544779078E-17,8.E-05));
#12194=CARTESIAN_POINT('',(-0.0014,0.00098,8.00000000000034E-05));
#12195=CARTESIAN_POINT('',(-0.00069000000000001,0.00098,8.00000000000034E-05));
#12196=CARTESIAN_POINT('',(-0.00069,-2.80368952734209E-18,8.E-05));
#12197=CARTESIAN_POINT('',(-0.000690000000000011,0.0011,8.00000000000038E-05));
#12198=CARTESIAN_POINT('',(-0.0014,0.0011,8.00000000000038E-05));
#12199=CARTESIAN_POINT('',(-0.000910000000000011,0.0011,8.00000000000038E-05));
#12200=CARTESIAN_POINT('',(-0.000910000000000011,0.0011,8.00000000000038E-05));
#12201=CARTESIAN_POINT('',(-0.0014,1.0240544779078E-17,8.E-05));
#12202=CARTESIAN_POINT('',(-0.0014,0.00098,8.00000000000034E-05));
#12203=CARTESIAN_POINT('',(-0.00131,0.00098,8.00000000000034E-05));
#12204=CARTESIAN_POINT('',(-0.00109,0.0011,8.00000000000038E-05));
#12205=CARTESIAN_POINT('',(-0.00109,0.0011,8.00000000000038E-05));
#12206=CARTESIAN_POINT('',(-0.0014,0.0011,8.00000000000038E-05));
#12207=CARTESIAN_POINT('',(-0.00131,0.0011,8.00000000000038E-05));
#12208=CARTESIAN_POINT('',(-0.00131,-9.29784481759032E-18,8.E-05));
#12209=CARTESIAN_POINT('',(-0.00131000000000001,-0.00129,0.000140000000000004));
#12210=CARTESIAN_POINT('',(-0.00131,0.00098,0.000140000000000004));
#12211=CARTESIAN_POINT('',(-0.00131,0.00098,2.00000000000027E-05));
#12212=CARTESIAN_POINT('',(-0.00131,0.0011,3.98060847957437E-18));
#12213=CARTESIAN_POINT('',(-0.00131,0.0011,3.91001316450621E-18));
#12214=CARTESIAN_POINT('',(-0.00131000000000001,0.00129,4.39945412253319E-18));
#12215=CARTESIAN_POINT('',(-0.00131,0.00093,3.45791978105264E-18));
#12216=CARTESIAN_POINT('',(-0.00131,0.00093,0.000140000000000003));
#12217=CARTESIAN_POINT('',(-0.00131,0.000857888974490718,2.00000000000027E-05));
#12218=CARTESIAN_POINT('',(-0.00131000000000001,0.00129,2.00000000000028E-05));
#12219=CARTESIAN_POINT('',(-0.000690000000000013,-0.00129,0.000140000000000004));
#12220=CARTESIAN_POINT('',(-0.00069000000000001,0.00098,0.000140000000000004));
#12221=CARTESIAN_POINT('',(-0.00069000000000001,0.00098,2.00000000000027E-05));
#12222=CARTESIAN_POINT('',(-0.000690000000000013,0.00129,2.00000000000028E-05));
#12223=CARTESIAN_POINT('',(-0.000690000000000008,0.00085788897449072,2.00000000000027E-05));
#12224=CARTESIAN_POINT('',(-0.000690000000000009,0.00093,0.000140000000000003));
#12225=CARTESIAN_POINT('',(-0.000690000000000009,0.00093,3.34565717350378E-18));
#12226=CARTESIAN_POINT('',(-0.000690000000000013,0.00129,4.39945412253321E-18));
#12227=CARTESIAN_POINT('',(-0.000690000000000011,0.0011,3.91001316450624E-18));
#12228=CARTESIAN_POINT('',(-0.000690000000000011,0.0011,3.98060847957439E-18));
#12229=CARTESIAN_POINT('',(-0.0014,0.00092999999999999,0.000140000000000003));
#12230=CARTESIAN_POINT('',(-0.0014,0.000857888974490711,2.00000000000027E-05));
#12231=CARTESIAN_POINT('',(-0.0014,0.00092999999999999,3.25153138041035E-18));
#12232=CARTESIAN_POINT('',(-0.002255,-0.00076,2.65352581752077E-18));
#12233=CARTESIAN_POINT('',(-0.000910000000000011,0.0011,3.98060847957438E-18));
#12234=CARTESIAN_POINT('',(-0.000910000000000011,0.0011,3.92794791360488E-18));
#12235=CARTESIAN_POINT('',(-0.0014,0.0011,3.84589733166816E-18));
#12236=CARTESIAN_POINT('',(-0.0014,0.0011,3.84589733166816E-18));
#12237=CARTESIAN_POINT('',(-0.00109,0.0011,3.92794791360488E-18));
#12238=CARTESIAN_POINT('',(-0.00109,0.0011,3.98060847957438E-18));
#12239=CARTESIAN_POINT('',(-0.0014,0.0011,3.98060847957437E-18));
#12240=CARTESIAN_POINT('',(-0.000910000000000011,0.0011,0.000314307490277203));
#12241=CARTESIAN_POINT('',(-0.0014,0.0011,3.98060847957437E-18));
#12242=CARTESIAN_POINT('',(-0.00109,0.0011,0.000314307490277203));
#12243=CARTESIAN_POINT('',(-0.00109,-0.0011,0.000314307490277203));
#12244=CARTESIAN_POINT('',(-0.000910000000000011,-0.0011,0.000314307490277203));
#12245=CARTESIAN_POINT('',(-0.0019,0.00098,3.00000000000032E-05));
#12246=CARTESIAN_POINT('',(-0.0019,0.00097,2.00000000000027E-05));
#12247=CARTESIAN_POINT('',(-0.00168,0.00097,2.00000000000032E-05));
#12248=CARTESIAN_POINT('',(-0.00184,0.00097,2.00000000000028E-05));
#12249=CARTESIAN_POINT('',(-0.00168333333333333,0.000966666666666665,1.66666666666699E-05));
#12250=CARTESIAN_POINT('',(-0.00169,0.00096,1.00000000000036E-05));
#12251=CARTESIAN_POINT('',(-0.00167,0.00096,1.00000000000033E-05));
#12252=CARTESIAN_POINT('',(-0.00183,0.00096,1.00000000000032E-05));
#12253=CARTESIAN_POINT('',(-0.00185,0.00098,3.00000000000032E-05));
#12254=CARTESIAN_POINT('',(-0.00185,-0.00098,3.00000000000032E-05));
#12255=CARTESIAN_POINT('',(-0.00184,0.00098,2.00000000000027E-05));
#12256=CARTESIAN_POINT('',(-0.00184,0.00091,2.00000000000025E-05));
#12257=CARTESIAN_POINT('',(-0.00183,0.00098,1.00000000000033E-05));
#12258=CARTESIAN_POINT('',(-0.00183,0.00092,1.00000000000025E-05));
#12259=CARTESIAN_POINT('',(-0.00183666666666667,0.000913333333333331,1.66666666666697E-05));
#12260=CARTESIAN_POINT('',(-0.00169,-0.00098,1.00000000000033E-05));
#12261=CARTESIAN_POINT('',(-0.00168,0.00098,2.00000000000027E-05));
#12262=CARTESIAN_POINT('',(-0.00168,0.00091,2.00000000000025E-05));
#12263=CARTESIAN_POINT('',(-0.00174333333333334,0.000973333333333332,-4.33333333333301E-05));
#12264=CARTESIAN_POINT('',(-0.00169,0.00092,1.00000000000029E-05));
#12265=CARTESIAN_POINT('',(-0.00169,0.00098,1.00000000000033E-05));
#12266=CARTESIAN_POINT('',(-0.00185,0.00092,1.00000000000031E-05));
#12267=CARTESIAN_POINT('',(-0.00185,0.00091,2.00000000000027E-05));
#12268=CARTESIAN_POINT('',(-0.00185,0.00092,1.00000000000031E-05));
#12269=CARTESIAN_POINT('',(-0.00185,-0.00098,1.00000000000033E-05));
#12270=CARTESIAN_POINT('',(-0.0014,1.0240544779078E-17,8.E-05));
#12271=CARTESIAN_POINT('',(-0.000275,0.00098,8.00000000000034E-05));
#12272=CARTESIAN_POINT('',(-0.00013000000000001,0.00098,8.00000000000034E-05));
#12273=CARTESIAN_POINT('',(-0.000270000000000011,0.00098,8.00000000000034E-05));
#12274=CARTESIAN_POINT('',(-0.00013,2.85193495099531E-18,8.E-05));
#12275=CARTESIAN_POINT('',(-0.000130000000000011,0.0011,8.00000000000038E-05));
#12276=CARTESIAN_POINT('',(-0.000275000000000012,0.0011,8.00000000000038E-05));
#12277=CARTESIAN_POINT('',(-0.000270000000000011,0.0011,8.00000000000038E-05));
#12278=CARTESIAN_POINT('',(-0.00027,1.38551278868119E-18,8.E-05));
#12279=CARTESIAN_POINT('',(-0.0014,0.00092999999999999,0.000140000000000003));
#12280=CARTESIAN_POINT('',(-0.000130000000000009,0.00093,0.000140000000000003));
#12281=CARTESIAN_POINT('',(-0.000130000000000009,0.000857888974490722,2.00000000000027E-05));
#12282=CARTESIAN_POINT('',(-0.000130000000000009,0.00093,3.17265297466166E-18));
#12283=CARTESIAN_POINT('',(-0.000275000000000009,0.000857888974490722,2.00000000000027E-05));
#12284=CARTESIAN_POINT('',(-0.000270000000000009,0.000857888974490721,2.00000000000027E-05));
#12285=CARTESIAN_POINT('',(-0.000270000000000009,0.00093,0.000140000000000003));
#12286=CARTESIAN_POINT('',(-0.000270000000000009,0.00093,3.20619388751644E-18));
#12287=CARTESIAN_POINT('',(-0.000275000000000009,0.00093,3.25153138041039E-18));
#12288=CARTESIAN_POINT('',(-0.000130000000000013,-0.00129,0.000165000000000006));
#12289=CARTESIAN_POINT('',(-0.00013000000000001,0.00098,0.000165000000000006));
#12290=CARTESIAN_POINT('',(-0.00013000000000001,0.00098,2.00000000000027E-05));
#12291=CARTESIAN_POINT('',(-0.000130000000000013,0.00129,2.00000000000028E-05));
#12292=CARTESIAN_POINT('',(-0.000130000000000013,0.00129,4.71527719882065E-18));
#12293=CARTESIAN_POINT('',(-0.000130000000000011,0.0011,3.84589733166821E-18));
#12294=CARTESIAN_POINT('',(-0.000130000000000011,0.0011,3.9814298448566E-18));
#12295=CARTESIAN_POINT('',(-0.000270000000000014,-0.00129,0.000165000000000006));
#12296=CARTESIAN_POINT('',(-0.000270000000000014,0.00129,2.00000000000028E-05));
#12297=CARTESIAN_POINT('',(-0.00027000000000001,0.00098,2.00000000000027E-05));
#12298=CARTESIAN_POINT('',(-0.00027000000000001,0.00098,0.000165000000000006));
#12299=CARTESIAN_POINT('',(-0.000270000000000011,0.0011,3.98142984485659E-18));
#12300=CARTESIAN_POINT('',(-0.000270000000000011,0.0011,3.8458973316682E-18));
#12301=CARTESIAN_POINT('',(-0.000270000000000014,0.00129,4.71527719882064E-18));
#12302=CARTESIAN_POINT('',(-0.002255,-0.00076,2.65352581752077E-18));
#12303=CARTESIAN_POINT('',(-0.000275000000000012,0.0011,3.8458973316682E-18));
#12304=CARTESIAN_POINT('',(-0.0014,0.0011,3.98060847957437E-18));
#12305=CARTESIAN_POINT('',(-0.002425,-4.05011835305803E-18,2.E-05));
#12306=CARTESIAN_POINT('',(-0.00234423700663074,0.00098,2.00000000000027E-05));
#12307=CARTESIAN_POINT('',(-0.00142,1.01770928121393E-17,1.39979006846921E-19));
#12308=CARTESIAN_POINT('',(-0.00142,0.000552226343078046,0.000244458655293764));
#12309=CARTESIAN_POINT('',(-0.00142,0.000608117586672831,0.000187220827859206));
#12310=CARTESIAN_POINT('',(-0.00142,0.000632203676977573,0.00024255443305806));
#12311=CARTESIAN_POINT('',(-0.00142,0.000203237457754495,-0.000208134043671114));
#12312=CARTESIAN_POINT('',(-0.00142,0.000593310580003951,0.000172762172565445));
#12313=CARTESIAN_POINT('',(-0.00142,0.000537419336409165,0.00023));
#12314=CARTESIAN_POINT('',(-0.00142,0.000574873266632963,0.000159309101641084));
#12315=CARTESIAN_POINT('',(-0.00142,0.000506366085945636,-0.000122915339366122));
#12316=CARTESIAN_POINT('',(-0.00142,0.000582883484153098,0.000192308257923446));
#12317=CARTESIAN_POINT('',(-0.00142,0.000509999999999989,0.00021));
#12318=CARTESIAN_POINT('',(-0.00142,0.000585,0.00021));
#12319=CARTESIAN_POINT('',(-0.00142,0.000585,0.00025));
#12320=CARTESIAN_POINT('',(-0.00142,0.000585,0.00035));
#12321=CARTESIAN_POINT('',(-0.00142,0.00058,0.000352886751345948));
#12322=CARTESIAN_POINT('',(-0.00142,0.00056,0.000364433756729742));
#12323=CARTESIAN_POINT('',(-0.00142,0.00056,0.00042));
#12324=CARTESIAN_POINT('',(-0.00142,0.000560000000000028,0.00042));
#12325=CARTESIAN_POINT('',(-0.00142,0.00069,0.00042));
#12326=CARTESIAN_POINT('',(-0.00142,0.000654967875700059,0.000545190855365024));
#12327=CARTESIAN_POINT('',(-0.00142,0.000654967875699872,0.000545190855364808));
#12328=CARTESIAN_POINT('',(-0.00142,0.00063904788888215,0.000530011333050237));
#12329=CARTESIAN_POINT('',(-0.00142,0.000639047888882151,0.000530011333050237));
#12330=CARTESIAN_POINT('',(-0.0014,0.000689999999999989,0.00042));
#12331=CARTESIAN_POINT('',(-0.0014,0.000559999999999989,0.00042));
#12332=CARTESIAN_POINT('',(-0.0014,0.000654967875700166,0.000545190855365088));
#12333=CARTESIAN_POINT('',(-0.0014,0.000506366085945637,-0.000122915339366122));
#12334=CARTESIAN_POINT('',(-0.0014,0.000582883484153099,0.000192308257923447));
#12335=CARTESIAN_POINT('',(-0.00268807938225207,0.000574873266632953,0.000159309101641079));
#12336=CARTESIAN_POINT('',(-0.0014,0.00058499999999999,2.63553721214445E-18));
#12337=CARTESIAN_POINT('',(-0.0014,0.000584999999999989,0.00021));
#12338=CARTESIAN_POINT('',(-0.0014,0.000584999999999989,0.00035));
#12339=CARTESIAN_POINT('',(-0.0014,0.000297804445662267,0.000515812430606949));
#12340=CARTESIAN_POINT('',(-0.0014,0.000559999999999989,0.000364433756729743));
#12341=CARTESIAN_POINT('',(-0.0014,0.00055999999999999,2.09520855659908E-18));
#12342=CARTESIAN_POINT('',(-0.0014,0.000509999999999989,0.00021));
#12343=CARTESIAN_POINT('',(-0.00142,1.01770928121393E-17,1.39979006846921E-19));
#12344=CARTESIAN_POINT('',(-0.00142,0.0003,0.0004));
#12345=CARTESIAN_POINT('',(-0.00142,0.000369862237323187,0.000328450941332555));
#12346=CARTESIAN_POINT('',(-0.00142,0.000341885588757788,0.000490805272173002));
#12347=CARTESIAN_POINT('',(-0.00142,1.63500108488756E-05,-1.67439305216635E-05));
#12348=CARTESIAN_POINT('',(-0.00142,0.000346298971506505,0.000305443196726919));
#12349=CARTESIAN_POINT('',(-0.00142,0.000346298971506505,0.000305443196726919));
#12350=CARTESIAN_POINT('',(-0.00142,0.000345613741259191,0.000334222867114127));
#12351=CARTESIAN_POINT('',(-0.00142,0.000344928511011876,0.000363002537501334));
#12352=CARTESIAN_POINT('',(-0.00142,0.000344243280764562,0.000391782207888541));
#12353=CARTESIAN_POINT('',(-0.00142,0.000344243280764561,0.000391782207888542));
#12354=CARTESIAN_POINT('',(-0.00142,0.00029903541257103,0.000399977033632644));
#12355=CARTESIAN_POINT('',(-0.00142,0.000344022662889516,0.000401048158640227));
#12356=CARTESIAN_POINT('',(-0.00142,0.000344022662889522,0.000401048158640227));
#12357=CARTESIAN_POINT('',(-0.00142,0.00034331030484561,0.000430967196484485));
#12358=CARTESIAN_POINT('',(-0.00142,0.0003425979468017,0.000460886234328744));
#12359=CARTESIAN_POINT('',(-0.00142,0.000341885588757788,0.000490805272173002));
#12360=CARTESIAN_POINT('',(-0.0014,1.63495856991146E-05,-1.67443456693012E-05));
#12361=CARTESIAN_POINT('',(-0.0014,0.000369863908391555,0.000328452865328745));
#12362=CARTESIAN_POINT('',(-0.0014,0.000346298985107622,0.000305442625479796));
#12363=CARTESIAN_POINT('',(-0.000485,0.00025,0.00057));
#12364=CARTESIAN_POINT('',(-0.00102013176537263,0.000175000018668939,0.00057));
#12365=CARTESIAN_POINT('',(-0.001535,0.000690014170327617,0.00057));
#12366=CARTESIAN_POINT('',(-0.0015259756097561,0.000680987222512387,0.00057));
#12367=CARTESIAN_POINT('',(-0.000555,0.000680987222512391,0.00057));
#12368=CARTESIAN_POINT('',(-0.000555,0.00107,0.00057));
#12369=CARTESIAN_POINT('',(-0.001485,0.00107,0.00057));
#12370=CARTESIAN_POINT('',(-0.001485,0.000735,0.00057));
#12371=CARTESIAN_POINT('',(-0.001485,0.000735,0.00057));
#12372=CARTESIAN_POINT('',(-0.001485,0.000735,0.00057));
#12373=CARTESIAN_POINT('',(-0.001535,0.000735,0.00057));
#12374=CARTESIAN_POINT('',(-0.001535,0.00107,0.00057));
#12375=CARTESIAN_POINT('',(-0.000485,0.00025,0.00057));
#12376=CARTESIAN_POINT('',(-0.00154850368563719,-2.91215136093203E-18,0.00057));
#12377=CARTESIAN_POINT('',(-0.00154850368563719,0.000291176305862854,0.00057));
#12378=CARTESIAN_POINT('',(-0.000485,0.000291176305862858,0.00057));
#12379=CARTESIAN_POINT('',(-0.000555,0.00107,0.00057));
#12380=CARTESIAN_POINT('',(-0.00183,0.00107,0.000190000000000004));
#12381=CARTESIAN_POINT('',(-0.00183,0.00107,0.000270000000000004));
#12382=CARTESIAN_POINT('',(-0.00183,0.00107,0.00069));
#12383=CARTESIAN_POINT('',(-0.00172,0.00107,0.00069));
#12384=CARTESIAN_POINT('',(-0.001485,0.00107,0.00069));
#12385=CARTESIAN_POINT('',(-0.001485,0.00107,0.00057));
#12386=CARTESIAN_POINT('',(-0.000465,0.00107,0.000270000000000004));
#12387=CARTESIAN_POINT('',(-0.000465,-0.00107,0.000270000000000004));
#12388=CARTESIAN_POINT('',(-0.00183,0.00107,0.000270000000000004));
#12389=CARTESIAN_POINT('',(-0.00188,0.00102,0.000270000000000004));
#12390=CARTESIAN_POINT('',(-0.001,0.00101,0.000270000000000004));
#12391=CARTESIAN_POINT('',(-0.00188,0.00101,0.000270000000000004));
#12392=CARTESIAN_POINT('',(-0.00188,0.00098,0.000270000000000004));
#12393=CARTESIAN_POINT('',(-0.000465,0.00101,0.000270000000000004));
#12394=CARTESIAN_POINT('',(-0.00188,0.000927058823529409,0.000131764705882356));
#12395=CARTESIAN_POINT('',(-0.00188,0.00098,0.000220000000000009));
#12396=CARTESIAN_POINT('',(-0.000465,0.00098,0.000220000000000004));
#12397=CARTESIAN_POINT('',(-0.001535,-0.000427773656921957,0.000244458655293764));
#12398=CARTESIAN_POINT('',(-0.001535,0.000655,0.000150000000000002));
#12399=CARTESIAN_POINT('',(-0.001535,0.000655,0.000150000000000002));
#12400=CARTESIAN_POINT('',(-0.001535,0.000641567561262368,0.00015));
#12401=CARTESIAN_POINT('',(-0.001535,0.000643049613919571,0.000151447185712608));
#12402=CARTESIAN_POINT('',(-0.001535,0.00064304961391957,0.000151447185712608));
#12403=CARTESIAN_POINT('',(-0.001535,0.00055222634307804,0.000244458655293764));
#12404=CARTESIAN_POINT('',(-0.001535,0.000682189510664779,0.000241364294160747));
#12405=CARTESIAN_POINT('',(-0.001535,0.000682118999227863,0.000238402813810291));
#12406=CARTESIAN_POINT('',(-0.001535,0.000735,0.00057));
#12407=CARTESIAN_POINT('',(-0.001535,0.000735,0.000230000000000004));
#12408=CARTESIAN_POINT('',(-0.001535,0.000735,0.000230000000000003));
#12409=CARTESIAN_POINT('',(-0.000555,0.00034,0.00057));
#12410=CARTESIAN_POINT('',(-0.0014,0.000344022662889516,0.000401048158640227));
#12411=CARTESIAN_POINT('',(-0.0014,0.000341885588757789,0.000490805272173));
#12412=CARTESIAN_POINT('',(0.00142,0.000344243280764566,0.000391782207888541));
#12413=CARTESIAN_POINT('',(0.000473333333333333,0.000344243280764563,0.000391782207888541));
#12414=CARTESIAN_POINT('',(-0.000473333333333333,0.000344243280764559,0.000391782207888541));
#12415=CARTESIAN_POINT('',(-0.00142,0.000344243280764556,0.000391782207888541));
#12416=CARTESIAN_POINT('',(-0.000555,0.000347796323022429,0.00024255443305806));
#12417=CARTESIAN_POINT('',(-0.00157,0.000347796323022425,0.00024255443305806));
#12418=CARTESIAN_POINT('',(-0.00157,0.000343809523809522,0.00041));
#12419=CARTESIAN_POINT('',(-0.00157,0.0003438918302628,0.000406543128962318));
#12420=CARTESIAN_POINT('',(-0.00155022287044349,0.000341380448731813,0.000512021153263738));
#12421=CARTESIAN_POINT('',(-0.00154850368563719,0.000341162139550061,0.000521190138897315));
#12422=CARTESIAN_POINT('',(-0.000555,0.000341162139550065,0.000521190138897316));
#12423=CARTESIAN_POINT('',(-0.000555,0.00035,0.00015));
#12424=CARTESIAN_POINT('',(-0.000555,0.000442580663590841,0.00015));
#12425=CARTESIAN_POINT('',(-0.00167,0.000442580663590837,0.00015));
#12426=CARTESIAN_POINT('',(-0.00167,0.000442580663590837,0.00015));
#12427=CARTESIAN_POINT('',(-0.000555,0.000537419336409164,0.00015));
#12428=CARTESIAN_POINT('',(-0.001485,0.00053741933640916,0.00015));
#12429=CARTESIAN_POINT('',(-0.001485,0.00053741933640916,0.00015));
#12430=CARTESIAN_POINT('',(-0.001485,0.000566356374365379,0.00015));
#12431=CARTESIAN_POINT('',(-0.00150043184138562,0.000592088385075125,0.00015));
#12432=CARTESIAN_POINT('',(-0.00151681416707889,0.000615537247028591,0.00015));
#12433=CARTESIAN_POINT('',(-0.00151681416707889,0.000615537247028592,0.00015));
#12434=CARTESIAN_POINT('',(-0.00151383962630124,0.00061127963444196,0.00015));
#12435=CARTESIAN_POINT('',(-0.00198,0.000655,0.000150000000000002));
#12436=CARTESIAN_POINT('',(-0.00198,0.000655,0.00015));
#12437=CARTESIAN_POINT('',(-0.00198,0.000635,0.00015));
#12438=CARTESIAN_POINT('',(-0.002,0.000635,0.00015));
#12439=CARTESIAN_POINT('',(-0.002,-3.02013188743162E-18,0.00015));
#12440=CARTESIAN_POINT('',(-0.000555,0.000680987222512391,0.00057));
#12441=CARTESIAN_POINT('',(-0.0014989837398374,0.000653360518613102,0.000543658259072776));
#12442=CARTESIAN_POINT('',(-0.001485,0.000639047888882146,0.000530011333050237));
#12443=CARTESIAN_POINT('',(-0.001445,0.000639047888882146,0.000530011333050237));
#12444=CARTESIAN_POINT('',(-0.000555,0.00041,0.00015));
#12445=CARTESIAN_POINT('',(-0.000555,0.000386689419996054,0.000172762172565445));
#12446=CARTESIAN_POINT('',(-0.00159234979265177,0.000386689419996052,0.000172762172565443));
#12447=CARTESIAN_POINT('',(-0.00172948511920318,0.000331306905091184,0.000226841751930798));
#12448=CARTESIAN_POINT('',(-0.00158257789624601,0.00037188241332717,0.000187220827859205));
#12449=CARTESIAN_POINT('',(-0.000555,0.000371882413327172,0.000187220827859206));
#12450=CARTESIAN_POINT('',(-0.000555,0.00042777365692196,0.000244458655293764));
#12451=CARTESIAN_POINT('',(-0.00158257789624601,0.000371882413327171,0.000187220827859208));
#12452=CARTESIAN_POINT('',(-0.0015741932790368,0.000362368685677438,0.000196510734436701));
#12453=CARTESIAN_POINT('',(-0.00157000064695479,0.000356226030081354,0.000207128786067334));
#12454=CARTESIAN_POINT('',(-0.00157,0.00035259735958865,0.000217099482805295));
#12455=CARTESIAN_POINT('',(-0.00157,0.000352597359588647,0.000217099482805294));
#12456=CARTESIAN_POINT('',(-0.00157,0.000427773656921957,0.000244458655293764));
#12457=CARTESIAN_POINT('',(-0.000555,0.000442580663590841,0.00023));
#12458=CARTESIAN_POINT('',(-0.00167,0.000442580663590838,0.00015));
#12459=CARTESIAN_POINT('',(-0.00163114975440699,0.000415317794981623,0.000150000000000001));
#12460=CARTESIAN_POINT('',(-0.00161163519604059,0.000401664410304522,0.000158139485634895));
#12461=CARTESIAN_POINT('',(-0.00159234979265177,0.000386689419996051,0.000172762172565445));
#12462=CARTESIAN_POINT('',(-0.000555,0.000537419336409164,0.00023));
#12463=CARTESIAN_POINT('',(-0.001445,0.000593310580003948,0.000172762172565445));
#12464=CARTESIAN_POINT('',(-0.001485,0.000593310580003948,0.000172762172565445));
#12465=CARTESIAN_POINT('',(-0.001485,0.00053741933640916,0.00023));
#12466=CARTESIAN_POINT('',(-0.000555,0.000291176305862858,0.00052));
#12467=CARTESIAN_POINT('',(-0.00154850368563719,0.000291176305862854,0.00052));
#12468=CARTESIAN_POINT('',(-0.001445,0.00063,0.00015));
#12469=CARTESIAN_POINT('',(-0.001485,0.00063,0.00015));
#12470=CARTESIAN_POINT('',(-0.001485,0.000632203676977572,0.00024255443305806));
#12471=CARTESIAN_POINT('',(-0.001445,0.000632203676977572,0.00024255443305806));
#12472=CARTESIAN_POINT('',(-0.001445,0.000631428166676776,0.00020998300042465));
#12473=CARTESIAN_POINT('',(-0.001445,0.000608117586672828,0.000187220827859206));
#12474=CARTESIAN_POINT('',(-0.001485,0.000608117586672828,0.000187220827859206));
#12475=CARTESIAN_POINT('',(-0.001485,0.000593310580003948,0.000172762172565445));
#12476=CARTESIAN_POINT('',(-0.001445,0.000552226343078041,0.000244458655293764));
#12477=CARTESIAN_POINT('',(-0.001485,0.000552226343078041,0.000244458655293764));
#12478=CARTESIAN_POINT('',(-0.00157,-3.29948700404496E-18,0.00069));
#12479=CARTESIAN_POINT('',(-0.002425,-6.38941085008293E-18,0.00069));
#12480=CARTESIAN_POINT('',(-0.002425,0.00058,0.00069));
#12481=CARTESIAN_POINT('',(-0.00222,-5.56894987429299E-18,0.00069));
#12482=CARTESIAN_POINT('',(-0.00222,0.00058,0.00069));
#12483=CARTESIAN_POINT('',(-0.002425,0.00058,0.00069));
#12484=CARTESIAN_POINT('',(-0.002375,0.00093,0.00069));
#12485=CARTESIAN_POINT('',(-0.002375,0.00098,0.00069));
#12486=CARTESIAN_POINT('',(-0.002375,0.00098,0.000210000000000003));
#12487=CARTESIAN_POINT('',(-0.002375,0.00098,0.00059));
#12488=CARTESIAN_POINT('',(-0.002375,0.00093,0.000210000000000003));
#12489=CARTESIAN_POINT('',(-0.002425,0.00093,0.000210000000000003));
#12490=CARTESIAN_POINT('',(-0.002425,0.00093,0.00069));
#12491=CARTESIAN_POINT('',(-0.002425,0.00093,0.00059));
#12492=CARTESIAN_POINT('',(-0.002375,0.00093,0.00059));
#12493=CARTESIAN_POINT('',(-0.002425,-4.05011835305803E-18,2.E-05));
#12494=CARTESIAN_POINT('',(-0.00234423700663074,0.00098,2.00000000000027E-05));
#12495=CARTESIAN_POINT('',(0.00234423700663074,0.00098,2.00000000000027E-05));
#12496=CARTESIAN_POINT('',(0.00234423700663074,0.00098,2.00000000000027E-05));
#12497=CARTESIAN_POINT('',(-0.002285,0.00098,2.00000000000034E-05));
#12498=CARTESIAN_POINT('',(-0.002285,0.00043,2.00000000000015E-05));
#12499=CARTESIAN_POINT('',(-0.002425,0.00043,2.00000000000015E-05));
#12500=CARTESIAN_POINT('',(-0.002125,0.00043,2.00000000000015E-05));
#12501=CARTESIAN_POINT('',(-0.002125,0.00053,2.00000000000019E-05));
#12502=CARTESIAN_POINT('',(-0.002025,0.00053,2.00000000000019E-05));
#12503=CARTESIAN_POINT('',(-0.002025,-2.53939927304862E-18,2.E-05));
#12504=CARTESIAN_POINT('',(-0.002025,0.00098,2.0000000000003E-05));
#12505=CARTESIAN_POINT('',(-0.00234423700663074,0.00098,2.00000000000027E-05));
#12506=CARTESIAN_POINT('',(-0.00234423700663074,0.00098,2.00000000000027E-05));
#12507=CARTESIAN_POINT('',(-0.002425,-6.38941085008293E-18,0.00069));
#12508=CARTESIAN_POINT('',(-0.002425,0.000369999999999995,0.00021));
#12509=CARTESIAN_POINT('',(-0.002425,0.000349999999999995,0.00021));
#12510=CARTESIAN_POINT('',(-0.002425,0.000463999999999992,0.000922));
#12511=CARTESIAN_POINT('',(-0.002425,0.00063,0.00059));
#12512=CARTESIAN_POINT('',(-0.002425,0.00058,0.00059));
#12513=CARTESIAN_POINT('',(-0.002425,0.00081,0.000210000000000003));
#12514=CARTESIAN_POINT('',(-0.002425,0.00081,0.000210000000000003));
#12515=CARTESIAN_POINT('',(-0.002425,0.00073,0.000130000000000002));
#12516=CARTESIAN_POINT('',(-0.002425,0.00073,0.000130000000000002));
#12517=CARTESIAN_POINT('',(-0.002425,0.00073,0.000130000000000002));
#12518=CARTESIAN_POINT('',(-0.002425,0.00073,0.000140000000000003));
#12519=CARTESIAN_POINT('',(-0.002425,0.00073,0.000140000000000003));
#12520=CARTESIAN_POINT('',(-0.002425,0.00043,0.000140000000000001));
#12521=CARTESIAN_POINT('',(-0.002425,0.000429999999999995,0.00015));
#12522=CARTESIAN_POINT('',(-0.002425,0.00043,0.00013));
#12523=CARTESIAN_POINT('',(-0.002425,0.000349999999999995,0.00021));
#12524=CARTESIAN_POINT('',(-0.002425,0.000369999999999995,0.00021));
#12525=CARTESIAN_POINT('',(-0.002405,0.00081,0.000210000000000003));
#12526=CARTESIAN_POINT('',(-0.002405,0.00081,0.000210000000000003));
#12527=CARTESIAN_POINT('',(-0.002405,0.00093,0.000210000000000003));
#12528=CARTESIAN_POINT('',(-0.002405,0.00081,0.000210000000000003));
#12529=CARTESIAN_POINT('',(-0.002425,0.00098,0.000210000000000003));
#12530=CARTESIAN_POINT('',(-0.002355,0.00098,0.000210000000000003));
#12531=CARTESIAN_POINT('',(-0.002355,0.00093,0.000210000000000003));
#12532=CARTESIAN_POINT('',(-0.002285,0.00058,0.000140000000000002));
#12533=CARTESIAN_POINT('',(-0.002405,-4.39926648694235E-18,0.00014));
#12534=CARTESIAN_POINT('',(-0.002405,0.00042,0.000140000000000001));
#12535=CARTESIAN_POINT('',(-0.002285,0.000419999999999994,0.000140000000000002));
#12536=CARTESIAN_POINT('',(-0.00240458260743101,0.00043,0.00013));
#12537=CARTESIAN_POINT('',(-0.002285,0.00043,0.000140000000000001));
#12538=CARTESIAN_POINT('',(-0.002405,0.00058,-1.99999999999982E-05));
#12539=CARTESIAN_POINT('',(-0.002405,0.00093,-1.99999999999969E-05));
#12540=CARTESIAN_POINT('',(-0.002405,0.00093,0.000140000000000003));
#12541=CARTESIAN_POINT('',(-0.002405,-4.39926648694235E-18,0.00014));
#12542=CARTESIAN_POINT('',(-0.002405,0.00074,0.000140000000000002));
#12543=CARTESIAN_POINT('',(-0.002405,0.00073,0.000130000000000002));
#12544=CARTESIAN_POINT('',(-0.00157,-3.29948700404496E-18,0.00069));
#12545=CARTESIAN_POINT('',(-0.002235,0.000665,0.00069));
#12546=CARTESIAN_POINT('',(-0.00188,0.00102,0.00069));
#12547=CARTESIAN_POINT('',(-0.00188,0.00107,0.00069));
#12548=CARTESIAN_POINT('',(-0.00188,0.00098,0.00069));
#12549=CARTESIAN_POINT('',(-0.002425,0.00098,0.00069));
#12550=CARTESIAN_POINT('',(-0.002075,0.00098,0.00069));
#12551=CARTESIAN_POINT('',(-0.002075,0.00058,0.00069));
#12552=CARTESIAN_POINT('',(-0.002075,0.000875,0.00069));
#12553=CARTESIAN_POINT('',(-0.00157,0.000875,0.00069));
#12554=CARTESIAN_POINT('',(-0.001485,0.000875,0.00069));
#12555=CARTESIAN_POINT('',(-0.001485,0.00107,0.00069));
#12556=CARTESIAN_POINT('',(-0.002425,-4.05011835305803E-18,2.E-05));
#12557=CARTESIAN_POINT('',(-0.002285,0.00098,2.00000000000034E-05));
#12558=CARTESIAN_POINT('',(-0.002285,0.00073,2.00000000000025E-05));
#12559=CARTESIAN_POINT('',(-0.002285,0.00093,2.00000000000033E-05));
#12560=CARTESIAN_POINT('',(-0.002225,0.00093,2.00000000000033E-05));
#12561=CARTESIAN_POINT('',(-0.002225,0.00093,2.00000000000033E-05));
#12562=CARTESIAN_POINT('',(-0.002225,-3.33587793569403E-18,2.E-05));
#12563=CARTESIAN_POINT('',(-0.002225,0.00076,2.00000000000027E-05));
#12564=CARTESIAN_POINT('',(-0.002255,0.00076,2.00000000000027E-05));
#12565=CARTESIAN_POINT('',(-0.002255,0.00073,2.00000000000026E-05));
#12566=CARTESIAN_POINT('',(-0.002425,0.00073,2.00000000000026E-05));
#12567=CARTESIAN_POINT('',(-0.00157,0.000735,-0.000894608853074904));
#12568=CARTESIAN_POINT('',(-0.00198,0.000735,0.000150000000000002));
#12569=CARTESIAN_POINT('',(-0.00198,0.000735,0.00045));
#12570=CARTESIAN_POINT('',(-0.00198,0.000735,0.00023));
#12571=CARTESIAN_POINT('',(-0.00157,0.000735,0.000230000000000003));
#12572=CARTESIAN_POINT('',(-0.00157,0.000735,0.00057));
#12573=CARTESIAN_POINT('',(-0.0021,0.000735,0.00057));
#12574=CARTESIAN_POINT('',(-0.00222,0.000735,0.00069));
#12575=CARTESIAN_POINT('',(-0.00208,4.52489753021703E-19,-0.000894608853074907));
#12576=CARTESIAN_POINT('',(-0.00208,-4.59133509941691E-18,0.00055));
#12577=CARTESIAN_POINT('',(-0.00208,0.000635,0.00055));
#12578=CARTESIAN_POINT('',(-0.00208,0.000635,0.00023));
#12579=CARTESIAN_POINT('',(-0.00208,0.000635,0.00023));
#12580=CARTESIAN_POINT('',(-0.00208,0.000635,0.00055));
#12581=CARTESIAN_POINT('',(-0.002405,0.000349999999999995,0.00021));
#12582=CARTESIAN_POINT('',(-0.002405,0.00043,0.000130000000000001));
#12583=CARTESIAN_POINT('',(-0.00242464240043769,0.00043,0.000130000000000001));
#12584=CARTESIAN_POINT('',(-0.002405,0.00043,0.000130000000000001));
#12585=CARTESIAN_POINT('',(-0.002405,0.000349999999999995,0.00021));
#12586=CARTESIAN_POINT('',(-0.002405,0.000349999999999995,0.00021));
#12587=CARTESIAN_POINT('',(-0.002405,0.000349999999999995,0.00021));
#12588=CARTESIAN_POINT('',(-0.002405,0.00073,0.000130000000000002));
#12589=CARTESIAN_POINT('',(-0.002285,0.00074,0.000140000000000002));
#12590=CARTESIAN_POINT('',(-0.00240458260743101,0.00073,0.000130000000000021));
#12591=CARTESIAN_POINT('',(-0.002405,0.00073,0.000130000000000002));
#12592=CARTESIAN_POINT('',(-0.00242464240043769,0.00073,0.000130000000000002));
#12593=CARTESIAN_POINT('',(-0.002405,0.00073,0.000130000000000002));
#12594=CARTESIAN_POINT('',(-0.002285,0.00073,0.000140000000000003));
#12595=CARTESIAN_POINT('',(-0.002285,0.00073,0.000140000000000003));
#12596=CARTESIAN_POINT('',(-0.002425,0.00043,1.50133697570253E-18));
#12597=CARTESIAN_POINT('',(-0.002285,0.00043,0.000140000000000001));
#12598=CARTESIAN_POINT('',(-0.002405,0.00058,-1.99999999999982E-05));
#12599=CARTESIAN_POINT('',(-0.002405,-4.64367018066137E-18,0.00021));
#12600=CARTESIAN_POINT('',(-0.002285,0.00058,0.000140000000000002));
#12601=CARTESIAN_POINT('',(-0.002285,0.00093,0.000140000000000003));
#12602=CARTESIAN_POINT('',(-0.002285,0.00073,0.000140000000000002));
#12603=CARTESIAN_POINT('',(-0.00222,-5.56894987429299E-18,0.00069));
#12604=CARTESIAN_POINT('',(-0.00198,0.000635,0.00045));
#12605=CARTESIAN_POINT('',(-0.00202661157024794,0.000649380165289252,0.000496611570247936));
#12606=CARTESIAN_POINT('',(-0.00212,0.000758333333333328,0.00059));
#12607=CARTESIAN_POINT('',(-0.00212,-4.87065360652437E-18,0.00059));
#12608=CARTESIAN_POINT('',(-0.00212,0.00063,0.00059));
#12609=CARTESIAN_POINT('',(-0.0021,0.00064,0.00057));
#12610=CARTESIAN_POINT('',(-0.00157,0.000875,0.00069));
#12611=CARTESIAN_POINT('',(-0.002075,0.000875,0.00069));
#12612=CARTESIAN_POINT('',(-0.002075,0.000758333333333332,0.00059));
#12613=CARTESIAN_POINT('',(-0.00157,0.000758333333333331,0.00059));
#12614=CARTESIAN_POINT('',(-0.001485,0.000875,0.00069));
#12615=CARTESIAN_POINT('',(-0.00198,0.000635,-0.000894608853074905));
#12616=CARTESIAN_POINT('',(-0.00198,0.000635,0.00023));
#12617=CARTESIAN_POINT('',(-0.00188,-0.00098,0.000100000000000003));
#12618=CARTESIAN_POINT('',(-0.00188,0.00102,0.000100000000000004));
#12619=CARTESIAN_POINT('',(-0.00188,0.00098,0.00063));
#12620=CARTESIAN_POINT('',(-0.00162,0.000291176305862854,0.00052));
#12621=CARTESIAN_POINT('',(-0.00162,-1.8137324076568E-18,0.0002));
#12622=CARTESIAN_POINT('',(-0.00162,0.000305612173755327,0.0002));
#12623=CARTESIAN_POINT('',(-0.00162,0.000291176305862854,0.00041));
#12624=CARTESIAN_POINT('',(-0.00162,0.000293795353481902,0.00041));
#12625=CARTESIAN_POINT('',(-0.00162,0.000297810489335219,0.000241364294160745));
#12626=CARTESIAN_POINT('',(-0.00162,0.000297810489335219,0.000241364294160746));
#12627=CARTESIAN_POINT('',(-0.00162,0.000427773656921956,0.000244458655293764));
#12628=CARTESIAN_POINT('',(-0.00162,0.000291176305862854,0.00041));
#12629=CARTESIAN_POINT('',(-0.0015976472949839,0.000291176305862854,0.00052921442675251));
#12630=CARTESIAN_POINT('',(-0.0015976472949839,0.000291176305862854,0.000529214426752509));
#12631=CARTESIAN_POINT('',(-0.00162021463083344,0.000294041999304067,0.000408855302221617));
#12632=CARTESIAN_POINT('',(-0.00161999986311023,0.000294014727212229,0.000410000730078808));
#12633=CARTESIAN_POINT('',(-0.00162,0.000291176305862854,0.00041));
#12634=CARTESIAN_POINT('',(-0.00167,0.000291176305862855,0.0002));
#12635=CARTESIAN_POINT('',(-0.00162,0.000305612173755327,0.0002));
#12636=CARTESIAN_POINT('',(-0.00162,0.000308472719493364,0.000196069960869087));
#12637=CARTESIAN_POINT('',(-0.00162045741100862,0.00031190826102927,0.000192532044540378));
#12638=CARTESIAN_POINT('',(-0.00162113544431083,0.000315567420328143,0.000189404944676851));
#12639=CARTESIAN_POINT('',(-0.00162233983734263,0.000322067198358856,0.000183850265764932));
#12640=CARTESIAN_POINT('',(-0.00162424484376521,0.000329411984434239,0.000179404119018868));
#12641=CARTESIAN_POINT('',(-0.001626288948123,0.000336950386080427,0.000175723592856304));
#12642=CARTESIAN_POINT('',(-0.001626288948123,0.000336950386080427,0.000175723592856304));
#12643=CARTESIAN_POINT('',(-0.00178898951556717,0.000301651918732521,0.000192957608589924));
#12644=CARTESIAN_POINT('',(-0.00163117489632589,0.000351757392749309,0.000168494265209424));
#12645=CARTESIAN_POINT('',(-0.00163117489632588,0.000351757392749308,0.000168494265209423));
#12646=CARTESIAN_POINT('',(-0.0016375954559861,0.000367964798030731,0.000160582089978133));
#12647=CARTESIAN_POINT('',(-0.00165055299561111,0.000398239221644574,0.00015));
#12648=CARTESIAN_POINT('',(-0.00167,0.000442580663590837,0.00015));
#12649=CARTESIAN_POINT('',(-0.002075,-0.00058,0.00059));
#12650=CARTESIAN_POINT('',(-0.002075,0.00098,0.00059));
#12651=CARTESIAN_POINT('',(-0.002075,0.00098,0.00059));
#12652=CARTESIAN_POINT('',(-0.002075,0.00058,0.00059));
#12653=CARTESIAN_POINT('',(-0.002075,-0.00058,0.00059));
#12654=CARTESIAN_POINT('',(-0.002075,0.00063,0.00059));
#12655=CARTESIAN_POINT('',(-0.002425,0.00098,0.00059));
#12656=CARTESIAN_POINT('',(-0.002075,0.00063,0.00059));
#12657=CARTESIAN_POINT('',(-0.002,-3.02013135809931E-18,0.00015));
#12658=CARTESIAN_POINT('',(-0.00208,0.000635,0.00023));
#12659=CARTESIAN_POINT('',(-0.00198,0.000635,0.000150000000000002));
#12660=CARTESIAN_POINT('',(-0.00198,0.000735,0.000230000000000003));
#12661=CARTESIAN_POINT('',(-0.002425,0.000655,0.000150000000000002));
#12662=CARTESIAN_POINT('',(-0.002425,0.00093,7.00000000000033E-05));
#12663=CARTESIAN_POINT('',(-0.002225,0.00093,7.00000000000033E-05));
#12664=CARTESIAN_POINT('',(-0.002225,0.00098,7.00000000000034E-05));
#12665=CARTESIAN_POINT('',(-0.002285,0.00093,7.00000000000033E-05));
#12666=CARTESIAN_POINT('',(-0.002285,0.00098,7.00000000000034E-05));
#12667=CARTESIAN_POINT('',(-0.002285,0.00098,7.00000000000034E-05));
#12668=CARTESIAN_POINT('',(-0.002285,0.00093,0.000140000000000003));
#12669=CARTESIAN_POINT('',(-0.002355,0.00093,0.000140000000000003));
#12670=CARTESIAN_POINT('',(-0.002355,0.00098,0.000140000000000003));
#12671=CARTESIAN_POINT('',(-0.002285,0.00098,0.000140000000000003));
#12672=CARTESIAN_POINT('',(-0.002355,0.00093,-1.99999999999969E-05));
#12673=CARTESIAN_POINT('',(-0.002355,0.00098,0.00069));
#12674=CARTESIAN_POINT('',(-0.00183,0.00107,0.000190000000000004));
#12675=CARTESIAN_POINT('',(-0.00154850368563719,-2.85166024830869E-18,0.00052));
#12676=CARTESIAN_POINT('',(-0.00154850368563719,0.000291176305862854,0.00052));
#12677=CARTESIAN_POINT('',(-0.00159234979265177,0.000386689419996051,0.000172762172565444));
#12678=CARTESIAN_POINT('',(-0.00161911040894562,0.000375834664644388,0.000183361557669906));
#12679=CARTESIAN_POINT('',(-0.00163117489632589,0.000351757392749308,0.000168494265209424));
#12680=CARTESIAN_POINT('',(-0.00161344936180447,0.000403075165187782,0.000156761920336439));
#12681=CARTESIAN_POINT('',(-0.00162665908671865,0.00038929099973143,0.000164544874371303));
#12682=CARTESIAN_POINT('',(-0.00164173601037506,0.000378414360661241,0.000155479607700278));
#12683=CARTESIAN_POINT('',(-0.00164237590074611,0.000423198186948139,0.00015));
#12684=CARTESIAN_POINT('',(-0.00164915249013183,0.000416982324399404,0.000150000000269258));
#12685=CARTESIAN_POINT('',(-0.00165614753959679,0.000410991987700388,0.00015));
#12686=CARTESIAN_POINT('',(-0.00167,0.000442580663590837,0.00015));
#12687=CARTESIAN_POINT('',(-0.00167,0.000442580663590837,0.00015));
#12688=CARTESIAN_POINT('',(-0.00167,0.000442580663590837,0.00015));
#12689=CARTESIAN_POINT('',(-0.00159234979265177,0.000351757392749309,0.000136988530418846));
#12690=CARTESIAN_POINT('',(-0.00163129984886603,0.000351508023158367,0.000168340283867374));
#12691=CARTESIAN_POINT('',(-0.0016243667756524,0.000365344457610267,0.000176884039094424));
#12692=CARTESIAN_POINT('',(-0.00160745474903235,0.000380562483145704,0.000178744966381021));
#12693=CARTESIAN_POINT('',(-0.00159207628278187,0.000386800362236374,0.000172653840365275));
#12694=CARTESIAN_POINT('',(-0.00162946316983331,0.000346873644224635,0.000170585328376849));
#12695=CARTESIAN_POINT('',(-0.00162262270395737,0.000360864383604059,0.000180031973067818));
#12696=CARTESIAN_POINT('',(-0.00160466704066506,0.000376302280305661,0.000182904943189509));
#12697=CARTESIAN_POINT('',(-0.00158839020846841,0.00038216194015047,0.000177183138389297));
#12698=CARTESIAN_POINT('',(-0.00162782208034268,0.000341909824308884,0.000172990893842108));
#12699=CARTESIAN_POINT('',(-0.00162121273439815,0.000356073589264069,0.000183349298270868));
#12700=CARTESIAN_POINT('',(-0.00160224313070126,0.000371750747757135,0.000187349395849599));
#12701=CARTESIAN_POINT('',(-0.00158510104833479,0.000377193928035732,0.000182034272468488));
#12702=CARTESIAN_POINT('',(-0.00162640142969469,0.000336691620596454,0.000175521063388665));
#12703=CARTESIAN_POINT('',(-0.00162016031630253,0.000351049392303452,0.000186758543038756));
#12704=CARTESIAN_POINT('',(-0.00160022449303916,0.000366983485318863,0.000192004503112753));
#12705=CARTESIAN_POINT('',(-0.00158225836414863,0.000371971119651667,0.000187134208450099));
#12706=CARTESIAN_POINT('',(-0.00158257789624601,0.000336950386080427,0.000151447185712608));
#12707=CARTESIAN_POINT('',(-0.00162640454967423,0.000336684443038346,0.000175515445688036));
#12708=CARTESIAN_POINT('',(-0.00162019939620996,0.000350959488410689,0.000186688177442618));
#12709=CARTESIAN_POINT('',(-0.00160044050823842,0.000366923516650554,0.000192063060951141));
#12710=CARTESIAN_POINT('',(-0.00158257789624601,0.000371882413327169,0.000187220827859206));
#12711=CARTESIAN_POINT('',(-0.00162276997519728,0.000323344821343978,0.000181983247559089));
#12712=CARTESIAN_POINT('',(-0.0016182180747916,0.000340276448684854,0.000194283148825994));
#12713=CARTESIAN_POINT('',(-0.00159562240725379,0.000359591005254399,0.000200677249296626));
#12714=CARTESIAN_POINT('',(-0.00157537765732697,0.000363712557699957,0.000195198478504957));
#12715=CARTESIAN_POINT('',(-0.00162002989421865,0.00031214895165533,0.000190289636567237));
#12716=CARTESIAN_POINT('',(-0.00161842525991677,0.000332478244963219,0.000201542450324675));
#12717=CARTESIAN_POINT('',(-0.0015928895137701,0.000355427644092946,0.000209320959461915));
#12718=CARTESIAN_POINT('',(-0.00157000075890929,0.000356853965708491,0.000205403372938264));
#12719=CARTESIAN_POINT('',(-0.00162,0.000305196960514968,0.000199848889995045));
#12720=CARTESIAN_POINT('',(-0.00162,0.000327484393940454,0.000207960033494301));
#12721=CARTESIAN_POINT('',(-0.00159371751120082,0.000352597359588646,0.000217099482805294));
#12722=CARTESIAN_POINT('',(-0.00157,0.000352597359588646,0.000217099482805293));
#12723=CARTESIAN_POINT('',(-0.00157,0.000305612173755328,0.0002));
#12724=CARTESIAN_POINT('',(-0.00157,0.000427773656921957,0.000244458655293764));
#12725=CARTESIAN_POINT('',(-0.00157,0.000297810489335219,0.000241364294160746));
#12726=CARTESIAN_POINT('',(-0.00157,0.000291176305862854,0.00052));
#12727=CARTESIAN_POINT('',(-0.00157,0.000293905996575593,0.000405352990065002));
#12728=CARTESIAN_POINT('',(-0.00160140136817429,0.000297893471899313,0.000237879026468762));
#12729=CARTESIAN_POINT('',(-0.00154850368563719,0.000291176305862854,0.00052));
#12730=CARTESIAN_POINT('',(-0.00154850368563719,0.000291176305862854,0.00052));
#12731=CARTESIAN_POINT('',(-0.001485,6.98296267768627E-19,-2.43808838789797E-33));
#12732=CARTESIAN_POINT('',(-0.001485,0.00063,0.00015));
#12733=CARTESIAN_POINT('',(-0.001485,0.000632203676977572,0.00024255443305806));
#12734=CARTESIAN_POINT('',(-0.001485,0.000552226343078041,0.000244458655293764));
#12735=CARTESIAN_POINT('',(-0.001485,0.000608117586672828,0.000187220827859206));
#12736=CARTESIAN_POINT('',(-0.001485,0.000631428166676776,0.00020998300042465));
#12737=CARTESIAN_POINT('',(-0.001485,0.000593310580003948,0.000172762172565445));
#12738=CARTESIAN_POINT('',(-0.001485,0.00053741933640916,0.00023));
#12739=CARTESIAN_POINT('',(-0.0014,0.0011,3.98060847957437E-18));
#12740=CARTESIAN_POINT('',(-0.002025,0.0011,3.84062947272744E-18));
#12741=CARTESIAN_POINT('',(-0.002025,0.0011,3.84062947272744E-18));
#12742=CARTESIAN_POINT('',(-0.002025,0.0011,8.00000000000038E-05));
#12743=CARTESIAN_POINT('',(-0.002225,0.0011,3.84062947272743E-18));
#12744=CARTESIAN_POINT('',(-0.002225,0.0011,3.84062947272743E-18));
#12745=CARTESIAN_POINT('',(-0.002225,0.0011,3.84062947272743E-18));
#12746=CARTESIAN_POINT('',(-0.002225,0.0011,8.00000000000038E-05));
#12747=CARTESIAN_POINT('',(-0.002255,0.0011,8.00000000000038E-05));
#12748=CARTESIAN_POINT('',(-0.002255,-0.00076,2.65352581752077E-18));
#12749=CARTESIAN_POINT('',(-0.002425,0.00073,2.54878137735548E-18));
#12750=CARTESIAN_POINT('',(-0.002255,0.00073,2.54878137735548E-18));
#12751=CARTESIAN_POINT('',(-0.002285,0.00073,2.56654932289205E-18));
#12752=CARTESIAN_POINT('',(-0.002255,0.00076,2.65352581752077E-18));
#12753=CARTESIAN_POINT('',(-0.002225,0.00076,2.65352581752077E-18));
#12754=CARTESIAN_POINT('',(-0.002225,0.00076,2.65352581752077E-18));
#12755=CARTESIAN_POINT('',(-0.002025,0.0011,3.84062947272744E-18));
#12756=CARTESIAN_POINT('',(-0.002025,0.00053,1.85048510958685E-18));
#12757=CARTESIAN_POINT('',(-0.002125,0.00053,1.85048510958685E-18));
#12758=CARTESIAN_POINT('',(-0.002125,0.00043,1.50133697570254E-18));
#12759=CARTESIAN_POINT('',(-0.002425,0.00043,1.50133697570253E-18));
#12760=CARTESIAN_POINT('',(-0.002285,0.00043,1.47071225854541E-18));
#12761=CARTESIAN_POINT('',(-0.002285,0.00043,1.50133697570253E-18));
#12762=CARTESIAN_POINT('',(-0.002025,-0.0011,3.84062947272744E-18));
#12763=CARTESIAN_POINT('',(-0.002025,0.00098,0.00069));
#12764=CARTESIAN_POINT('',(-0.002025,0.00098,8.00000000000034E-05));
#12765=CARTESIAN_POINT('',(-0.002025,0.00053,1.85048510958685E-18));
#12766=CARTESIAN_POINT('',(-0.002025,0.00076,8.00000000000027E-05));
#12767=CARTESIAN_POINT('',(-0.002225,-0.00076,2.65352581752077E-18));
#12768=CARTESIAN_POINT('',(-0.002225,0.00098,0.00069));
#12769=CARTESIAN_POINT('',(-0.002225,0.00098,8.00000000000034E-05));
#12770=CARTESIAN_POINT('',(-0.002225,0.00076,8.00000000000027E-05));
#12771=CARTESIAN_POINT('',(-0.002225,0.00076,2.65352581752077E-18));
#12772=CARTESIAN_POINT('',(-0.002425,0.000369999999999995,0.00021));
#12773=CARTESIAN_POINT('',(-0.002285,0.00073,0.000140000000000003));
#12774=CARTESIAN_POINT('',(-0.002255,0.00073,2.54878137735548E-18));
#12775=CARTESIAN_POINT('',(-0.002285,0.00073,0.000140000000000003));
#12776=CARTESIAN_POINT('',(-0.002285,-0.00076,0.000140000000000003));
#12777=CARTESIAN_POINT('',(-0.002285,0.00043,0.000140000000000001));
#12778=CARTESIAN_POINT('',(-0.002425,0.00043,1.50133697570253E-18));
#12779=CARTESIAN_POINT('',(-0.002125,0.00043,1.50133697570254E-18));
#12780=CARTESIAN_POINT('',(-0.002255,0.00076,2.65352581752077E-18));
#12781=CARTESIAN_POINT('',(-0.0014,1.0240544779078E-17,8.E-05));
#12782=CARTESIAN_POINT('',(-0.002425,0.00098,8.00000000000034E-05));
#12783=CARTESIAN_POINT('',(-0.002125,0.00053,1.85048510958685E-18));
#12784=CARTESIAN_POINT('',(-0.000465,0.00098,0.000190000000000004));
#12785=CARTESIAN_POINT('',(-0.0014,0.000299999999999989,0.0004));
#12786=CARTESIAN_POINT('',(-0.0014,0.00029903541257103,0.000399977033632644));
#12787=CARTESIAN_POINT('',(-0.0014,-0.000299999999999989,0.0004));
#12788=CARTESIAN_POINT('',(-0.0014,-0.00029903541257103,0.000399977033632644));
#12789=MECHANICAL_DESIGN_GEOMETRIC_PRESENTATION_REPRESENTATION('',(#7222,#6717,#6718,#6719,#6720,#6721,#6722,#6723,#6724,#6725,#6726,#6727,#6728,#6729,#6730,#6731,#6732,#6733,#6734,#6735,#6736,#6737,#6738,#6739,#6740,#6741,#6742,#6743,#6744,#6745,#6746,#6747,#6748,#6749,#6750,#6751,#6752,#6753,#6754,#6755,#6756,#6757,#6758,#6759,#6760,#6761,#6762,#6763,#6764,#6765,#6766,#6767,#6768,#6769,#6770,#6771,#6772,#6773,#6774,#6775,#6776,#6777,#6778,#6779,#6780,#6781,#6782,#6783,#6784,#6785,#6786,#6787,#6788,#6789,#6790,#6791,#6792,#6793,#6794,#6795,#6796,#6797,#6798,#6799,#6800,#6801,#6802,#6803,#6804,#6805,#6806,#6807,#6808,#6809,#6810,#6811,#6812,#6813,#6814,#6815,#6816,#6817,#6818,#6819,#6820,#6821,#6822,#6823,#6824,#6825,#6826,#6827,#6828,#6829,#6830,#6831,#6832,#6833,#6834,#6835,#6836,#6837,#6838,#6839,#6840,#6841,#6842,#6843,#6844,#6845,#6846,#6847),#12790);
#12790=(
GEOMETRIC_REPRESENTATION_CONTEXT(3)
GLOBAL_UNCERTAINTY_ASSIGNED_CONTEXT((#12791))
GLOBAL_UNIT_ASSIGNED_CONTEXT((#12794,#12793,#12792))
REPRESENTATION_CONTEXT('axf382700','TOP_LEVEL_ASSEMBLY_PART')
);
#12791=UNCERTAINTY_MEASURE_WITH_UNIT(LENGTH_MEASURE(2.E-05),#12794,'DISTANCE_ACCURACY_VALUE','Maximum Tolerance applied to model');
#12792=(
NAMED_UNIT(*)
SI_UNIT($,.STERADIAN.)
SOLID_ANGLE_UNIT()
);
#12793=(
NAMED_UNIT(*)
PLANE_ANGLE_UNIT()
SI_UNIT($,.RADIAN.)
);
#12794=(
LENGTH_UNIT()
NAMED_UNIT(*)
SI_UNIT($,.METRE.)
);
#12795=PRODUCT_DEFINITION_SHAPE('','',#12796);
#12796=PRODUCT_DEFINITION('','',#12798,#12797);
#12797=PRODUCT_DEFINITION_CONTEXT('',#12804,'design');
#12798=PRODUCT_DEFINITION_FORMATION_WITH_SPECIFIED_SOURCE('','',#12800,.NOT_KNOWN.);
#12799=PRODUCT_RELATED_PRODUCT_CATEGORY('','',(#12800));
#12800=PRODUCT('axf382700','axf382700','axf382700',(#12802));
#12801=PRODUCT_CATEGORY('','');
#12802=PRODUCT_CONTEXT('',#12804,'mechanical');
#12803=APPLICATION_PROTOCOL_DEFINITION('international standard','ap242_managed_model_based_3d_engineering',2020,#12804);
#12804=APPLICATION_CONTEXT('managed model based 3d engineering');
ENDSEC;
END-ISO-10303-21;
