ISO-10303-21;
HEADER;
/*Generated by software containing ST-Developer
 * from STEP Tools, Inc. (www.steptools.com) 
 */
/*OPTION: using custom renumber hook */
/*description */
/*implementation_level */
FILE_DESCRIPTION(('STEP AP242 Edition 2','STEP AP242 Edition 2''CAx-IF Rec.Pracs.---Representation and Presentation of Product Manufa
cturing Information (PMI)---4.0---2014-10-13','STEP AP242 Edition 2''CAx-IF Rec.Pracs.---Representation and Presentation of Product Manufa
cturing Information (PMI)---4.0---2014-10-13''CAx-IF Rec.Pracs.---3D Tessellated Geometry---0.4---2014-09-14','STEP AP242 Edition 2''CAx-IF Rec.Pracs.---Representation and Presentation of Product Manufa
cturing Information (PMI)---4.0---2014-10-13''CAx-IF Rec.Pracs.---3D Tessellated Geometry---0.4---2014-09-14''2;1','STEP AP242 Edition 2''CAx-IF Rec.Pracs.---Representation and Presentation of Product Manufa
cturing Information (PMI)---4.0---2014-10-13''CAx-IF Rec.Pracs.---3D Tessellated Geometry---0.4---2014-09-14''2;1''CAx-IF Rec.Pracs.---User Defined Attributes---1.5---2016-08-15'),'2;1');
/*name */
/*time_stamp */
/*author */
/*organization */
/*preprocessor_version */
/*originating_system */
/*authorisation */
FILE_NAME('/vol/tmp/translate-3601072139997140007/69a825a88fad9885e76630f8.step','2026-03-04T12:29:29',(''),(''),'ST-DEVELOPER v20','ONSHAPE BY PTC INC, 1.211','  ');
FILE_SCHEMA(('AP242_MANAGED_MODEL_BASED_3D_ENGINEERING_MIM_LF { 1 0 10303 442 3 1 4 }'));
ENDSEC;
DATA;
#10=CONTEXT_DEPENDENT_SHAPE_REPRESENTATION(#14,#3216);
#11=CONTEXT_DEPENDENT_SHAPE_REPRESENTATION(#15,#3218);
#12=NEXT_ASSEMBLY_USAGE_OCCURRENCE('NAUO1','TSW-102-07-L-S_body','TSW-102-07-L-S_body',#3219,#3220,'');
#13=NEXT_ASSEMBLY_USAGE_OCCURRENCE('NAUO2','T-1S6-07-TSW-1-07-2-S','T-1S6-07-TSW-1-07-2-S',#3219,#3221,'');
#14=(
REPRESENTATION_RELATIONSHIP(' ',' ',#2038,#2037)
REPRESENTATION_RELATIONSHIP_WITH_TRANSFORMATION(#16)
SHAPE_REPRESENTATION_RELATIONSHIP()
);
#15=(
REPRESENTATION_RELATIONSHIP(' ',' ',#2039,#2037)
REPRESENTATION_RELATIONSHIP_WITH_TRANSFORMATION(#17)
SHAPE_REPRESENTATION_RELATIONSHIP()
);
#16=ITEM_DEFINED_TRANSFORMATION(' ',' ',#2040,#2110);
#17=ITEM_DEFINED_TRANSFORMATION(' ',' ',#2040,#2149);
#18=SHAPE_REPRESENTATION_RELATIONSHIP('','',#2038,#20);
#19=SHAPE_REPRESENTATION_RELATIONSHIP('','',#2039,#21);
#20=ADVANCED_BREP_SHAPE_REPRESENTATION('',(#2032),#3206);
#21=ADVANCED_BREP_SHAPE_REPRESENTATION('',(#2033),#3207);
#22=ORIENTED_EDGE('',*,*,#570,.T.);
#23=ORIENTED_EDGE('',*,*,#571,.F.);
#24=ORIENTED_EDGE('',*,*,#572,.F.);
#25=ORIENTED_EDGE('',*,*,#573,.F.);
#26=ORIENTED_EDGE('',*,*,#574,.F.);
#27=ORIENTED_EDGE('',*,*,#575,.F.);
#28=ORIENTED_EDGE('',*,*,#573,.T.);
#29=ORIENTED_EDGE('',*,*,#576,.F.);
#30=ORIENTED_EDGE('',*,*,#577,.F.);
#31=ORIENTED_EDGE('',*,*,#578,.F.);
#32=ORIENTED_EDGE('',*,*,#579,.T.);
#33=ORIENTED_EDGE('',*,*,#580,.F.);
#34=ORIENTED_EDGE('',*,*,#570,.F.);
#35=ORIENTED_EDGE('',*,*,#581,.F.);
#36=ORIENTED_EDGE('',*,*,#582,.T.);
#37=ORIENTED_EDGE('',*,*,#583,.F.);
#38=ORIENTED_EDGE('',*,*,#584,.F.);
#39=ORIENTED_EDGE('',*,*,#585,.F.);
#40=ORIENTED_EDGE('',*,*,#586,.F.);
#41=ORIENTED_EDGE('',*,*,#584,.T.);
#42=ORIENTED_EDGE('',*,*,#587,.F.);
#43=ORIENTED_EDGE('',*,*,#588,.F.);
#44=ORIENTED_EDGE('',*,*,#589,.F.);
#45=ORIENTED_EDGE('',*,*,#590,.F.);
#46=ORIENTED_EDGE('',*,*,#589,.T.);
#47=ORIENTED_EDGE('',*,*,#591,.F.);
#48=ORIENTED_EDGE('',*,*,#592,.F.);
#49=ORIENTED_EDGE('',*,*,#593,.F.);
#50=ORIENTED_EDGE('',*,*,#594,.T.);
#51=ORIENTED_EDGE('',*,*,#595,.F.);
#52=ORIENTED_EDGE('',*,*,#596,.T.);
#53=ORIENTED_EDGE('',*,*,#597,.F.);
#54=ORIENTED_EDGE('',*,*,#598,.T.);
#55=ORIENTED_EDGE('',*,*,#599,.F.);
#56=ORIENTED_EDGE('',*,*,#600,.F.);
#57=ORIENTED_EDGE('',*,*,#601,.F.);
#58=ORIENTED_EDGE('',*,*,#602,.F.);
#59=ORIENTED_EDGE('',*,*,#603,.F.);
#60=ORIENTED_EDGE('',*,*,#604,.T.);
#61=ORIENTED_EDGE('',*,*,#605,.F.);
#62=ORIENTED_EDGE('',*,*,#606,.T.);
#63=ORIENTED_EDGE('',*,*,#607,.F.);
#64=ORIENTED_EDGE('',*,*,#608,.T.);
#65=ORIENTED_EDGE('',*,*,#609,.F.);
#66=ORIENTED_EDGE('',*,*,#610,.T.);
#67=ORIENTED_EDGE('',*,*,#611,.F.);
#68=ORIENTED_EDGE('',*,*,#612,.F.);
#69=ORIENTED_EDGE('',*,*,#613,.F.);
#70=ORIENTED_EDGE('',*,*,#614,.T.);
#71=ORIENTED_EDGE('',*,*,#615,.F.);
#72=ORIENTED_EDGE('',*,*,#616,.T.);
#73=ORIENTED_EDGE('',*,*,#617,.F.);
#74=ORIENTED_EDGE('',*,*,#618,.F.);
#75=ORIENTED_EDGE('',*,*,#619,.F.);
#76=ORIENTED_EDGE('',*,*,#620,.T.);
#77=ORIENTED_EDGE('',*,*,#621,.F.);
#78=ORIENTED_EDGE('',*,*,#622,.T.);
#79=ORIENTED_EDGE('',*,*,#623,.F.);
#80=ORIENTED_EDGE('',*,*,#624,.T.);
#81=ORIENTED_EDGE('',*,*,#625,.F.);
#82=ORIENTED_EDGE('',*,*,#626,.F.);
#83=ORIENTED_EDGE('',*,*,#627,.F.);
#84=ORIENTED_EDGE('',*,*,#628,.F.);
#85=ORIENTED_EDGE('',*,*,#629,.F.);
#86=ORIENTED_EDGE('',*,*,#630,.T.);
#87=ORIENTED_EDGE('',*,*,#631,.T.);
#88=ORIENTED_EDGE('',*,*,#632,.T.);
#89=ORIENTED_EDGE('',*,*,#612,.T.);
#90=ORIENTED_EDGE('',*,*,#633,.F.);
#91=ORIENTED_EDGE('',*,*,#634,.T.);
#92=ORIENTED_EDGE('',*,*,#635,.T.);
#93=ORIENTED_EDGE('',*,*,#618,.T.);
#94=ORIENTED_EDGE('',*,*,#636,.F.);
#95=ORIENTED_EDGE('',*,*,#624,.F.);
#96=ORIENTED_EDGE('',*,*,#637,.T.);
#97=ORIENTED_EDGE('',*,*,#638,.T.);
#98=ORIENTED_EDGE('',*,*,#639,.F.);
#99=ORIENTED_EDGE('',*,*,#614,.F.);
#100=ORIENTED_EDGE('',*,*,#640,.T.);
#101=ORIENTED_EDGE('',*,*,#641,.T.);
#102=ORIENTED_EDGE('',*,*,#642,.F.);
#103=ORIENTED_EDGE('',*,*,#643,.F.);
#104=ORIENTED_EDGE('',*,*,#644,.F.);
#105=ORIENTED_EDGE('',*,*,#645,.F.);
#106=ORIENTED_EDGE('',*,*,#602,.T.);
#107=ORIENTED_EDGE('',*,*,#646,.F.);
#108=ORIENTED_EDGE('',*,*,#647,.T.);
#109=ORIENTED_EDGE('',*,*,#648,.T.);
#110=ORIENTED_EDGE('',*,*,#649,.F.);
#111=ORIENTED_EDGE('',*,*,#650,.T.);
#112=ORIENTED_EDGE('',*,*,#651,.F.);
#113=ORIENTED_EDGE('',*,*,#652,.T.);
#114=ORIENTED_EDGE('',*,*,#653,.T.);
#115=ORIENTED_EDGE('',*,*,#654,.F.);
#116=ORIENTED_EDGE('',*,*,#608,.F.);
#117=ORIENTED_EDGE('',*,*,#655,.T.);
#118=ORIENTED_EDGE('',*,*,#656,.T.);
#119=ORIENTED_EDGE('',*,*,#657,.F.);
#120=ORIENTED_EDGE('',*,*,#594,.F.);
#121=ORIENTED_EDGE('',*,*,#658,.F.);
#122=ORIENTED_EDGE('',*,*,#600,.T.);
#123=ORIENTED_EDGE('',*,*,#659,.F.);
#124=ORIENTED_EDGE('',*,*,#660,.T.);
#125=ORIENTED_EDGE('',*,*,#661,.T.);
#126=ORIENTED_EDGE('',*,*,#662,.F.);
#127=ORIENTED_EDGE('',*,*,#663,.F.);
#128=ORIENTED_EDGE('',*,*,#664,.F.);
#129=ORIENTED_EDGE('',*,*,#665,.F.);
#130=ORIENTED_EDGE('',*,*,#666,.F.);
#131=ORIENTED_EDGE('',*,*,#667,.T.);
#132=ORIENTED_EDGE('',*,*,#668,.T.);
#133=ORIENTED_EDGE('',*,*,#663,.T.);
#134=ORIENTED_EDGE('',*,*,#668,.F.);
#135=ORIENTED_EDGE('',*,*,#669,.T.);
#136=ORIENTED_EDGE('',*,*,#670,.T.);
#137=ORIENTED_EDGE('',*,*,#664,.T.);
#138=ORIENTED_EDGE('',*,*,#670,.F.);
#139=ORIENTED_EDGE('',*,*,#671,.T.);
#140=ORIENTED_EDGE('',*,*,#672,.T.);
#141=ORIENTED_EDGE('',*,*,#665,.T.);
#142=ORIENTED_EDGE('',*,*,#672,.F.);
#143=ORIENTED_EDGE('',*,*,#673,.T.);
#144=ORIENTED_EDGE('',*,*,#666,.T.);
#145=ORIENTED_EDGE('',*,*,#662,.T.);
#146=ORIENTED_EDGE('',*,*,#674,.T.);
#147=ORIENTED_EDGE('',*,*,#675,.T.);
#148=ORIENTED_EDGE('',*,*,#676,.T.);
#149=ORIENTED_EDGE('',*,*,#677,.T.);
#150=ORIENTED_EDGE('',*,*,#678,.F.);
#151=ORIENTED_EDGE('',*,*,#679,.F.);
#152=ORIENTED_EDGE('',*,*,#680,.F.);
#153=ORIENTED_EDGE('',*,*,#681,.F.);
#154=ORIENTED_EDGE('',*,*,#682,.T.);
#155=ORIENTED_EDGE('',*,*,#683,.T.);
#156=ORIENTED_EDGE('',*,*,#684,.T.);
#157=ORIENTED_EDGE('',*,*,#685,.T.);
#158=ORIENTED_EDGE('',*,*,#686,.T.);
#159=ORIENTED_EDGE('',*,*,#687,.T.);
#160=ORIENTED_EDGE('',*,*,#688,.T.);
#161=ORIENTED_EDGE('',*,*,#689,.F.);
#162=ORIENTED_EDGE('',*,*,#690,.F.);
#163=ORIENTED_EDGE('',*,*,#691,.F.);
#164=ORIENTED_EDGE('',*,*,#692,.F.);
#165=ORIENTED_EDGE('',*,*,#693,.F.);
#166=ORIENTED_EDGE('',*,*,#694,.T.);
#167=ORIENTED_EDGE('',*,*,#651,.T.);
#168=ORIENTED_EDGE('',*,*,#695,.T.);
#169=ORIENTED_EDGE('',*,*,#689,.T.);
#170=ORIENTED_EDGE('',*,*,#696,.T.);
#171=ORIENTED_EDGE('',*,*,#649,.T.);
#172=ORIENTED_EDGE('',*,*,#697,.T.);
#173=ORIENTED_EDGE('',*,*,#683,.F.);
#174=ORIENTED_EDGE('',*,*,#630,.F.);
#175=ORIENTED_EDGE('',*,*,#698,.F.);
#176=ORIENTED_EDGE('',*,*,#677,.F.);
#177=ORIENTED_EDGE('',*,*,#699,.T.);
#178=ORIENTED_EDGE('',*,*,#652,.F.);
#179=ORIENTED_EDGE('',*,*,#694,.F.);
#180=ORIENTED_EDGE('',*,*,#688,.F.);
#181=ORIENTED_EDGE('',*,*,#700,.T.);
#182=ORIENTED_EDGE('',*,*,#648,.F.);
#183=ORIENTED_EDGE('',*,*,#701,.F.);
#184=ORIENTED_EDGE('',*,*,#684,.F.);
#185=ORIENTED_EDGE('',*,*,#697,.F.);
#186=ORIENTED_EDGE('',*,*,#650,.F.);
#187=ORIENTED_EDGE('',*,*,#696,.F.);
#188=ORIENTED_EDGE('',*,*,#682,.F.);
#189=ORIENTED_EDGE('',*,*,#695,.F.);
#190=ORIENTED_EDGE('',*,*,#673,.F.);
#191=ORIENTED_EDGE('',*,*,#671,.F.);
#192=ORIENTED_EDGE('',*,*,#669,.F.);
#193=ORIENTED_EDGE('',*,*,#667,.F.);
#194=ORIENTED_EDGE('',*,*,#702,.T.);
#195=ORIENTED_EDGE('',*,*,#642,.T.);
#196=ORIENTED_EDGE('',*,*,#703,.F.);
#197=ORIENTED_EDGE('',*,*,#693,.T.);
#198=ORIENTED_EDGE('',*,*,#704,.T.);
#199=ORIENTED_EDGE('',*,*,#626,.T.);
#200=ORIENTED_EDGE('',*,*,#705,.F.);
#201=ORIENTED_EDGE('',*,*,#681,.T.);
#202=ORIENTED_EDGE('',*,*,#706,.T.);
#203=ORIENTED_EDGE('',*,*,#643,.T.);
#204=ORIENTED_EDGE('',*,*,#702,.F.);
#205=ORIENTED_EDGE('',*,*,#692,.T.);
#206=ORIENTED_EDGE('',*,*,#707,.T.);
#207=ORIENTED_EDGE('',*,*,#644,.T.);
#208=ORIENTED_EDGE('',*,*,#706,.F.);
#209=ORIENTED_EDGE('',*,*,#691,.T.);
#210=ORIENTED_EDGE('',*,*,#703,.T.);
#211=ORIENTED_EDGE('',*,*,#645,.T.);
#212=ORIENTED_EDGE('',*,*,#707,.F.);
#213=ORIENTED_EDGE('',*,*,#690,.T.);
#214=ORIENTED_EDGE('',*,*,#708,.T.);
#215=ORIENTED_EDGE('',*,*,#627,.T.);
#216=ORIENTED_EDGE('',*,*,#704,.F.);
#217=ORIENTED_EDGE('',*,*,#680,.T.);
#218=ORIENTED_EDGE('',*,*,#709,.T.);
#219=ORIENTED_EDGE('',*,*,#628,.T.);
#220=ORIENTED_EDGE('',*,*,#708,.F.);
#221=ORIENTED_EDGE('',*,*,#679,.T.);
#222=ORIENTED_EDGE('',*,*,#705,.T.);
#223=ORIENTED_EDGE('',*,*,#629,.T.);
#224=ORIENTED_EDGE('',*,*,#709,.F.);
#225=ORIENTED_EDGE('',*,*,#678,.T.);
#226=ORIENTED_EDGE('',*,*,#637,.F.);
#227=ORIENTED_EDGE('',*,*,#623,.T.);
#228=ORIENTED_EDGE('',*,*,#710,.T.);
#229=ORIENTED_EDGE('',*,*,#711,.T.);
#230=ORIENTED_EDGE('',*,*,#712,.T.);
#231=ORIENTED_EDGE('',*,*,#619,.T.);
#232=ORIENTED_EDGE('',*,*,#635,.F.);
#233=ORIENTED_EDGE('',*,*,#713,.T.);
#234=ORIENTED_EDGE('',*,*,#714,.T.);
#235=ORIENTED_EDGE('',*,*,#615,.T.);
#236=ORIENTED_EDGE('',*,*,#639,.T.);
#237=ORIENTED_EDGE('',*,*,#715,.T.);
#238=ORIENTED_EDGE('',*,*,#633,.T.);
#239=ORIENTED_EDGE('',*,*,#611,.T.);
#240=ORIENTED_EDGE('',*,*,#716,.T.);
#241=ORIENTED_EDGE('',*,*,#717,.T.);
#242=ORIENTED_EDGE('',*,*,#655,.F.);
#243=ORIENTED_EDGE('',*,*,#607,.T.);
#244=ORIENTED_EDGE('',*,*,#718,.T.);
#245=ORIENTED_EDGE('',*,*,#719,.T.);
#246=ORIENTED_EDGE('',*,*,#720,.T.);
#247=ORIENTED_EDGE('',*,*,#603,.T.);
#248=ORIENTED_EDGE('',*,*,#661,.F.);
#249=ORIENTED_EDGE('',*,*,#721,.T.);
#250=ORIENTED_EDGE('',*,*,#722,.F.);
#251=ORIENTED_EDGE('',*,*,#595,.T.);
#252=ORIENTED_EDGE('',*,*,#657,.T.);
#253=ORIENTED_EDGE('',*,*,#723,.T.);
#254=ORIENTED_EDGE('',*,*,#659,.T.);
#255=ORIENTED_EDGE('',*,*,#599,.T.);
#256=ORIENTED_EDGE('',*,*,#724,.F.);
#257=ORIENTED_EDGE('',*,*,#725,.T.);
#258=ORIENTED_EDGE('',*,*,#640,.F.);
#259=ORIENTED_EDGE('',*,*,#617,.T.);
#260=ORIENTED_EDGE('',*,*,#726,.T.);
#261=ORIENTED_EDGE('',*,*,#727,.T.);
#262=ORIENTED_EDGE('',*,*,#728,.T.);
#263=ORIENTED_EDGE('',*,*,#613,.T.);
#264=ORIENTED_EDGE('',*,*,#632,.F.);
#265=ORIENTED_EDGE('',*,*,#729,.T.);
#266=ORIENTED_EDGE('',*,*,#730,.F.);
#267=ORIENTED_EDGE('',*,*,#609,.T.);
#268=ORIENTED_EDGE('',*,*,#654,.T.);
#269=ORIENTED_EDGE('',*,*,#731,.T.);
#270=ORIENTED_EDGE('',*,*,#646,.T.);
#271=ORIENTED_EDGE('',*,*,#605,.T.);
#272=ORIENTED_EDGE('',*,*,#732,.F.);
#273=ORIENTED_EDGE('',*,*,#733,.T.);
#274=ORIENTED_EDGE('',*,*,#734,.T.);
#275=ORIENTED_EDGE('',*,*,#625,.T.);
#276=ORIENTED_EDGE('',*,*,#735,.T.);
#277=ORIENTED_EDGE('',*,*,#736,.T.);
#278=ORIENTED_EDGE('',*,*,#737,.T.);
#279=ORIENTED_EDGE('',*,*,#621,.T.);
#280=ORIENTED_EDGE('',*,*,#738,.T.);
#281=ORIENTED_EDGE('',*,*,#739,.T.);
#282=ORIENTED_EDGE('',*,*,#740,.F.);
#283=ORIENTED_EDGE('',*,*,#597,.T.);
#284=ORIENTED_EDGE('',*,*,#741,.T.);
#285=ORIENTED_EDGE('',*,*,#742,.T.);
#286=ORIENTED_EDGE('',*,*,#743,.T.);
#287=ORIENTED_EDGE('',*,*,#601,.T.);
#288=ORIENTED_EDGE('',*,*,#744,.F.);
#289=ORIENTED_EDGE('',*,*,#745,.T.);
#290=ORIENTED_EDGE('',*,*,#622,.F.);
#291=ORIENTED_EDGE('',*,*,#734,.F.);
#292=ORIENTED_EDGE('',*,*,#746,.F.);
#293=ORIENTED_EDGE('',*,*,#710,.F.);
#294=ORIENTED_EDGE('',*,*,#620,.F.);
#295=ORIENTED_EDGE('',*,*,#712,.F.);
#296=ORIENTED_EDGE('',*,*,#747,.F.);
#297=ORIENTED_EDGE('',*,*,#738,.F.);
#298=ORIENTED_EDGE('',*,*,#616,.F.);
#299=ORIENTED_EDGE('',*,*,#714,.F.);
#300=ORIENTED_EDGE('',*,*,#748,.F.);
#301=ORIENTED_EDGE('',*,*,#726,.F.);
#302=ORIENTED_EDGE('',*,*,#610,.F.);
#303=ORIENTED_EDGE('',*,*,#728,.F.);
#304=ORIENTED_EDGE('',*,*,#749,.F.);
#305=ORIENTED_EDGE('',*,*,#716,.F.);
#306=ORIENTED_EDGE('',*,*,#596,.F.);
#307=ORIENTED_EDGE('',*,*,#722,.T.);
#308=ORIENTED_EDGE('',*,*,#750,.F.);
#309=ORIENTED_EDGE('',*,*,#741,.F.);
#310=ORIENTED_EDGE('',*,*,#598,.F.);
#311=ORIENTED_EDGE('',*,*,#743,.F.);
#312=ORIENTED_EDGE('',*,*,#751,.F.);
#313=ORIENTED_EDGE('',*,*,#724,.T.);
#314=ORIENTED_EDGE('',*,*,#606,.F.);
#315=ORIENTED_EDGE('',*,*,#730,.T.);
#316=ORIENTED_EDGE('',*,*,#752,.F.);
#317=ORIENTED_EDGE('',*,*,#718,.F.);
#318=ORIENTED_EDGE('',*,*,#604,.F.);
#319=ORIENTED_EDGE('',*,*,#720,.F.);
#320=ORIENTED_EDGE('',*,*,#753,.F.);
#321=ORIENTED_EDGE('',*,*,#732,.T.);
#322=ORIENTED_EDGE('',*,*,#582,.F.);
#323=ORIENTED_EDGE('',*,*,#674,.F.);
#324=ORIENTED_EDGE('',*,*,#698,.T.);
#325=ORIENTED_EDGE('',*,*,#641,.F.);
#326=ORIENTED_EDGE('',*,*,#727,.F.);
#327=ORIENTED_EDGE('',*,*,#748,.T.);
#328=ORIENTED_EDGE('',*,*,#715,.F.);
#329=ORIENTED_EDGE('',*,*,#638,.F.);
#330=ORIENTED_EDGE('',*,*,#711,.F.);
#331=ORIENTED_EDGE('',*,*,#746,.T.);
#332=ORIENTED_EDGE('',*,*,#736,.F.);
#333=ORIENTED_EDGE('',*,*,#592,.T.);
#334=ORIENTED_EDGE('',*,*,#742,.F.);
#335=ORIENTED_EDGE('',*,*,#750,.T.);
#336=ORIENTED_EDGE('',*,*,#723,.F.);
#337=ORIENTED_EDGE('',*,*,#656,.F.);
#338=ORIENTED_EDGE('',*,*,#719,.F.);
#339=ORIENTED_EDGE('',*,*,#752,.T.);
#340=ORIENTED_EDGE('',*,*,#731,.F.);
#341=ORIENTED_EDGE('',*,*,#653,.F.);
#342=ORIENTED_EDGE('',*,*,#700,.F.);
#343=ORIENTED_EDGE('',*,*,#687,.F.);
#344=ORIENTED_EDGE('',*,*,#577,.T.);
#345=ORIENTED_EDGE('',*,*,#739,.F.);
#346=ORIENTED_EDGE('',*,*,#747,.T.);
#347=ORIENTED_EDGE('',*,*,#713,.F.);
#348=ORIENTED_EDGE('',*,*,#634,.F.);
#349=ORIENTED_EDGE('',*,*,#717,.F.);
#350=ORIENTED_EDGE('',*,*,#749,.T.);
#351=ORIENTED_EDGE('',*,*,#729,.F.);
#352=ORIENTED_EDGE('',*,*,#631,.F.);
#353=ORIENTED_EDGE('',*,*,#699,.F.);
#354=ORIENTED_EDGE('',*,*,#676,.F.);
#355=ORIENTED_EDGE('',*,*,#579,.F.);
#356=ORIENTED_EDGE('',*,*,#685,.F.);
#357=ORIENTED_EDGE('',*,*,#701,.T.);
#358=ORIENTED_EDGE('',*,*,#647,.F.);
#359=ORIENTED_EDGE('',*,*,#733,.F.);
#360=ORIENTED_EDGE('',*,*,#753,.T.);
#361=ORIENTED_EDGE('',*,*,#721,.F.);
#362=ORIENTED_EDGE('',*,*,#660,.F.);
#363=ORIENTED_EDGE('',*,*,#725,.F.);
#364=ORIENTED_EDGE('',*,*,#751,.T.);
#365=ORIENTED_EDGE('',*,*,#745,.F.);
#366=ORIENTED_EDGE('',*,*,#737,.F.);
#367=ORIENTED_EDGE('',*,*,#576,.T.);
#368=ORIENTED_EDGE('',*,*,#572,.T.);
#369=ORIENTED_EDGE('',*,*,#754,.T.);
#370=ORIENTED_EDGE('',*,*,#587,.T.);
#371=ORIENTED_EDGE('',*,*,#583,.T.);
#372=ORIENTED_EDGE('',*,*,#735,.F.);
#373=ORIENTED_EDGE('',*,*,#636,.T.);
#374=ORIENTED_EDGE('',*,*,#571,.T.);
#375=ORIENTED_EDGE('',*,*,#580,.T.);
#376=ORIENTED_EDGE('',*,*,#744,.T.);
#377=ORIENTED_EDGE('',*,*,#658,.T.);
#378=ORIENTED_EDGE('',*,*,#740,.T.);
#379=ORIENTED_EDGE('',*,*,#591,.T.);
#380=ORIENTED_EDGE('',*,*,#588,.T.);
#381=ORIENTED_EDGE('',*,*,#754,.F.);
#382=ORIENTED_EDGE('',*,*,#574,.T.);
#383=ORIENTED_EDGE('',*,*,#578,.T.);
#384=ORIENTED_EDGE('',*,*,#675,.F.);
#385=ORIENTED_EDGE('',*,*,#585,.T.);
#386=ORIENTED_EDGE('',*,*,#586,.T.);
#387=ORIENTED_EDGE('',*,*,#755,.F.);
#388=ORIENTED_EDGE('',*,*,#686,.F.);
#389=ORIENTED_EDGE('',*,*,#581,.T.);
#390=ORIENTED_EDGE('',*,*,#575,.T.);
#391=ORIENTED_EDGE('',*,*,#755,.T.);
#392=ORIENTED_EDGE('',*,*,#590,.T.);
#393=ORIENTED_EDGE('',*,*,#593,.T.);
#394=ORIENTED_EDGE('',*,*,#756,.T.);
#395=ORIENTED_EDGE('',*,*,#757,.T.);
#396=ORIENTED_EDGE('',*,*,#758,.F.);
#397=ORIENTED_EDGE('',*,*,#759,.T.);
#398=ORIENTED_EDGE('',*,*,#760,.T.);
#399=ORIENTED_EDGE('',*,*,#761,.F.);
#400=ORIENTED_EDGE('',*,*,#762,.F.);
#401=ORIENTED_EDGE('',*,*,#763,.T.);
#402=ORIENTED_EDGE('',*,*,#764,.T.);
#403=ORIENTED_EDGE('',*,*,#765,.F.);
#404=ORIENTED_EDGE('',*,*,#766,.F.);
#405=ORIENTED_EDGE('',*,*,#767,.T.);
#406=ORIENTED_EDGE('',*,*,#768,.T.);
#407=ORIENTED_EDGE('',*,*,#769,.F.);
#408=ORIENTED_EDGE('',*,*,#770,.F.);
#409=ORIENTED_EDGE('',*,*,#771,.F.);
#410=ORIENTED_EDGE('',*,*,#772,.F.);
#411=ORIENTED_EDGE('',*,*,#773,.F.);
#412=ORIENTED_EDGE('',*,*,#774,.T.);
#413=ORIENTED_EDGE('',*,*,#775,.F.);
#414=ORIENTED_EDGE('',*,*,#776,.F.);
#415=ORIENTED_EDGE('',*,*,#777,.F.);
#416=ORIENTED_EDGE('',*,*,#778,.T.);
#417=ORIENTED_EDGE('',*,*,#779,.F.);
#418=ORIENTED_EDGE('',*,*,#780,.F.);
#419=ORIENTED_EDGE('',*,*,#781,.F.);
#420=ORIENTED_EDGE('',*,*,#782,.T.);
#421=ORIENTED_EDGE('',*,*,#783,.F.);
#422=ORIENTED_EDGE('',*,*,#784,.F.);
#423=ORIENTED_EDGE('',*,*,#785,.F.);
#424=ORIENTED_EDGE('',*,*,#786,.T.);
#425=ORIENTED_EDGE('',*,*,#787,.F.);
#426=ORIENTED_EDGE('',*,*,#788,.F.);
#427=ORIENTED_EDGE('',*,*,#789,.F.);
#428=ORIENTED_EDGE('',*,*,#790,.F.);
#429=ORIENTED_EDGE('',*,*,#791,.F.);
#430=ORIENTED_EDGE('',*,*,#792,.T.);
#431=ORIENTED_EDGE('',*,*,#793,.T.);
#432=ORIENTED_EDGE('',*,*,#794,.T.);
#433=ORIENTED_EDGE('',*,*,#795,.T.);
#434=ORIENTED_EDGE('',*,*,#789,.T.);
#435=ORIENTED_EDGE('',*,*,#796,.F.);
#436=ORIENTED_EDGE('',*,*,#795,.F.);
#437=ORIENTED_EDGE('',*,*,#797,.T.);
#438=ORIENTED_EDGE('',*,*,#790,.T.);
#439=ORIENTED_EDGE('',*,*,#797,.F.);
#440=ORIENTED_EDGE('',*,*,#794,.F.);
#441=ORIENTED_EDGE('',*,*,#798,.T.);
#442=ORIENTED_EDGE('',*,*,#799,.T.);
#443=ORIENTED_EDGE('',*,*,#800,.F.);
#444=ORIENTED_EDGE('',*,*,#801,.F.);
#445=ORIENTED_EDGE('',*,*,#802,.T.);
#446=ORIENTED_EDGE('',*,*,#803,.F.);
#447=ORIENTED_EDGE('',*,*,#804,.T.);
#448=ORIENTED_EDGE('',*,*,#805,.T.);
#449=ORIENTED_EDGE('',*,*,#806,.T.);
#450=ORIENTED_EDGE('',*,*,#791,.T.);
#451=ORIENTED_EDGE('',*,*,#798,.F.);
#452=ORIENTED_EDGE('',*,*,#793,.F.);
#453=ORIENTED_EDGE('',*,*,#807,.T.);
#454=ORIENTED_EDGE('',*,*,#796,.T.);
#455=ORIENTED_EDGE('',*,*,#788,.T.);
#456=ORIENTED_EDGE('',*,*,#807,.F.);
#457=ORIENTED_EDGE('',*,*,#792,.F.);
#458=ORIENTED_EDGE('',*,*,#808,.F.);
#459=ORIENTED_EDGE('',*,*,#809,.T.);
#460=ORIENTED_EDGE('',*,*,#810,.T.);
#461=ORIENTED_EDGE('',*,*,#811,.T.);
#462=ORIENTED_EDGE('',*,*,#812,.F.);
#463=ORIENTED_EDGE('',*,*,#813,.F.);
#464=ORIENTED_EDGE('',*,*,#814,.T.);
#465=ORIENTED_EDGE('',*,*,#815,.T.);
#466=ORIENTED_EDGE('',*,*,#816,.F.);
#467=ORIENTED_EDGE('',*,*,#817,.F.);
#468=ORIENTED_EDGE('',*,*,#810,.F.);
#469=ORIENTED_EDGE('',*,*,#818,.F.);
#470=ORIENTED_EDGE('',*,*,#819,.F.);
#471=ORIENTED_EDGE('',*,*,#820,.F.);
#472=ORIENTED_EDGE('',*,*,#815,.F.);
#473=ORIENTED_EDGE('',*,*,#821,.F.);
#474=ORIENTED_EDGE('',*,*,#822,.T.);
#475=ORIENTED_EDGE('',*,*,#823,.T.);
#476=ORIENTED_EDGE('',*,*,#824,.T.);
#477=ORIENTED_EDGE('',*,*,#808,.T.);
#478=ORIENTED_EDGE('',*,*,#825,.T.);
#479=ORIENTED_EDGE('',*,*,#826,.T.);
#480=ORIENTED_EDGE('',*,*,#827,.T.);
#481=ORIENTED_EDGE('',*,*,#813,.T.);
#482=ORIENTED_EDGE('',*,*,#828,.T.);
#483=ORIENTED_EDGE('',*,*,#781,.T.);
#484=ORIENTED_EDGE('',*,*,#826,.F.);
#485=ORIENTED_EDGE('',*,*,#785,.T.);
#486=ORIENTED_EDGE('',*,*,#819,.T.);
#487=ORIENTED_EDGE('',*,*,#783,.T.);
#488=ORIENTED_EDGE('',*,*,#829,.F.);
#489=ORIENTED_EDGE('',*,*,#787,.T.);
#490=ORIENTED_EDGE('',*,*,#830,.T.);
#491=ORIENTED_EDGE('',*,*,#773,.T.);
#492=ORIENTED_EDGE('',*,*,#823,.F.);
#493=ORIENTED_EDGE('',*,*,#777,.T.);
#494=ORIENTED_EDGE('',*,*,#816,.T.);
#495=ORIENTED_EDGE('',*,*,#775,.T.);
#496=ORIENTED_EDGE('',*,*,#831,.F.);
#497=ORIENTED_EDGE('',*,*,#779,.T.);
#498=ORIENTED_EDGE('',*,*,#824,.F.);
#499=ORIENTED_EDGE('',*,*,#772,.T.);
#500=ORIENTED_EDGE('',*,*,#818,.T.);
#501=ORIENTED_EDGE('',*,*,#809,.F.);
#502=ORIENTED_EDGE('',*,*,#820,.T.);
#503=ORIENTED_EDGE('',*,*,#786,.F.);
#504=ORIENTED_EDGE('',*,*,#825,.F.);
#505=ORIENTED_EDGE('',*,*,#812,.T.);
#506=ORIENTED_EDGE('',*,*,#778,.F.);
#507=ORIENTED_EDGE('',*,*,#822,.F.);
#508=ORIENTED_EDGE('',*,*,#811,.F.);
#509=ORIENTED_EDGE('',*,*,#817,.T.);
#510=ORIENTED_EDGE('',*,*,#780,.T.);
#511=ORIENTED_EDGE('',*,*,#821,.T.);
#512=ORIENTED_EDGE('',*,*,#814,.F.);
#513=ORIENTED_EDGE('',*,*,#827,.F.);
#514=ORIENTED_EDGE('',*,*,#774,.F.);
#515=ORIENTED_EDGE('',*,*,#830,.F.);
#516=ORIENTED_EDGE('',*,*,#776,.T.);
#517=ORIENTED_EDGE('',*,*,#831,.T.);
#518=ORIENTED_EDGE('',*,*,#782,.F.);
#519=ORIENTED_EDGE('',*,*,#828,.F.);
#520=ORIENTED_EDGE('',*,*,#784,.T.);
#521=ORIENTED_EDGE('',*,*,#829,.T.);
#522=ORIENTED_EDGE('',*,*,#832,.T.);
#523=ORIENTED_EDGE('',*,*,#771,.T.);
#524=ORIENTED_EDGE('',*,*,#833,.F.);
#525=ORIENTED_EDGE('',*,*,#800,.T.);
#526=ORIENTED_EDGE('',*,*,#834,.F.);
#527=ORIENTED_EDGE('',*,*,#765,.T.);
#528=ORIENTED_EDGE('',*,*,#835,.T.);
#529=ORIENTED_EDGE('',*,*,#804,.F.);
#530=ORIENTED_EDGE('',*,*,#763,.F.);
#531=ORIENTED_EDGE('',*,*,#836,.F.);
#532=ORIENTED_EDGE('',*,*,#806,.F.);
#533=ORIENTED_EDGE('',*,*,#837,.T.);
#534=ORIENTED_EDGE('',*,*,#757,.F.);
#535=ORIENTED_EDGE('',*,*,#838,.T.);
#536=ORIENTED_EDGE('',*,*,#802,.F.);
#537=ORIENTED_EDGE('',*,*,#839,.F.);
#538=ORIENTED_EDGE('',*,*,#840,.T.);
#539=ORIENTED_EDGE('',*,*,#758,.T.);
#540=ORIENTED_EDGE('',*,*,#839,.T.);
#541=ORIENTED_EDGE('',*,*,#801,.T.);
#542=ORIENTED_EDGE('',*,*,#833,.T.);
#543=ORIENTED_EDGE('',*,*,#770,.T.);
#544=ORIENTED_EDGE('',*,*,#836,.T.);
#545=ORIENTED_EDGE('',*,*,#762,.T.);
#546=ORIENTED_EDGE('',*,*,#841,.T.);
#547=ORIENTED_EDGE('',*,*,#766,.T.);
#548=ORIENTED_EDGE('',*,*,#834,.T.);
#549=ORIENTED_EDGE('',*,*,#803,.T.);
#550=ORIENTED_EDGE('',*,*,#756,.F.);
#551=ORIENTED_EDGE('',*,*,#842,.F.);
#552=ORIENTED_EDGE('',*,*,#768,.F.);
#553=ORIENTED_EDGE('',*,*,#832,.F.);
#554=ORIENTED_EDGE('',*,*,#799,.F.);
#555=ORIENTED_EDGE('',*,*,#838,.F.);
#556=ORIENTED_EDGE('',*,*,#760,.F.);
#557=ORIENTED_EDGE('',*,*,#837,.F.);
#558=ORIENTED_EDGE('',*,*,#805,.F.);
#559=ORIENTED_EDGE('',*,*,#835,.F.);
#560=ORIENTED_EDGE('',*,*,#764,.F.);
#561=ORIENTED_EDGE('',*,*,#843,.F.);
#562=ORIENTED_EDGE('',*,*,#759,.F.);
#563=ORIENTED_EDGE('',*,*,#840,.F.);
#564=ORIENTED_EDGE('',*,*,#769,.T.);
#565=ORIENTED_EDGE('',*,*,#842,.T.);
#566=ORIENTED_EDGE('',*,*,#761,.T.);
#567=ORIENTED_EDGE('',*,*,#843,.T.);
#568=ORIENTED_EDGE('',*,*,#767,.F.);
#569=ORIENTED_EDGE('',*,*,#841,.F.);
#570=EDGE_CURVE('',#844,#845,#1020,.T.);
#571=EDGE_CURVE('',#846,#845,#1021,.T.);
#572=EDGE_CURVE('',#847,#846,#1022,.T.);
#573=EDGE_CURVE('',#848,#847,#1023,.T.);
#574=EDGE_CURVE('',#849,#848,#1024,.T.);
#575=EDGE_CURVE('',#844,#849,#1025,.T.);
#576=EDGE_CURVE('',#850,#847,#1026,.T.);
#577=EDGE_CURVE('',#851,#850,#1027,.T.);
#578=EDGE_CURVE('',#848,#851,#1028,.T.);
#579=EDGE_CURVE('',#852,#853,#1029,.T.);
#580=EDGE_CURVE('',#845,#853,#1030,.T.);
#581=EDGE_CURVE('',#852,#844,#1031,.T.);
#582=EDGE_CURVE('',#854,#855,#1032,.T.);
#583=EDGE_CURVE('',#856,#855,#1033,.T.);
#584=EDGE_CURVE('',#857,#856,#1034,.T.);
#585=EDGE_CURVE('',#854,#857,#1035,.T.);
#586=EDGE_CURVE('',#857,#858,#1036,.T.);
#587=EDGE_CURVE('',#859,#856,#1037,.T.);
#588=EDGE_CURVE('',#860,#859,#1038,.T.);
#589=EDGE_CURVE('',#861,#860,#1039,.T.);
#590=EDGE_CURVE('',#858,#861,#1040,.T.);
#591=EDGE_CURVE('',#862,#860,#1041,.T.);
#592=EDGE_CURVE('',#863,#862,#1042,.T.);
#593=EDGE_CURVE('',#861,#863,#1043,.T.);
#594=EDGE_CURVE('',#864,#865,#1044,.T.);
#595=EDGE_CURVE('',#866,#865,#1045,.T.);
#596=EDGE_CURVE('',#866,#867,#1046,.T.);
#597=EDGE_CURVE('',#864,#867,#1047,.T.);
#598=EDGE_CURVE('',#868,#869,#1048,.T.);
#599=EDGE_CURVE('',#870,#869,#1049,.T.);
#600=EDGE_CURVE('',#871,#870,#1050,.T.);
#601=EDGE_CURVE('',#868,#871,#1051,.T.);
#602=EDGE_CURVE('',#872,#873,#1052,.T.);
#603=EDGE_CURVE('',#874,#872,#1053,.T.);
#604=EDGE_CURVE('',#874,#875,#1054,.T.);
#605=EDGE_CURVE('',#873,#875,#1055,.T.);
#606=EDGE_CURVE('',#876,#877,#1056,.T.);
#607=EDGE_CURVE('',#878,#877,#1057,.T.);
#608=EDGE_CURVE('',#878,#879,#1058,.T.);
#609=EDGE_CURVE('',#876,#879,#1059,.T.);
#610=EDGE_CURVE('',#880,#881,#1060,.T.);
#611=EDGE_CURVE('',#882,#881,#1061,.T.);
#612=EDGE_CURVE('',#883,#882,#1062,.T.);
#613=EDGE_CURVE('',#880,#883,#1063,.T.);
#614=EDGE_CURVE('',#884,#885,#1064,.T.);
#615=EDGE_CURVE('',#886,#885,#1065,.T.);
#616=EDGE_CURVE('',#886,#887,#1066,.T.);
#617=EDGE_CURVE('',#884,#887,#1067,.T.);
#618=EDGE_CURVE('',#888,#889,#1068,.T.);
#619=EDGE_CURVE('',#890,#888,#1069,.T.);
#620=EDGE_CURVE('',#890,#891,#1070,.T.);
#621=EDGE_CURVE('',#889,#891,#1071,.T.);
#622=EDGE_CURVE('',#892,#893,#1072,.T.);
#623=EDGE_CURVE('',#894,#893,#1073,.T.);
#624=EDGE_CURVE('',#894,#895,#1074,.T.);
#625=EDGE_CURVE('',#892,#895,#1075,.T.);
#626=EDGE_CURVE('',#896,#897,#1076,.T.);
#627=EDGE_CURVE('',#898,#896,#1077,.T.);
#628=EDGE_CURVE('',#899,#898,#1078,.T.);
#629=EDGE_CURVE('',#897,#899,#1079,.T.);
#630=EDGE_CURVE('',#900,#901,#1080,.T.);
#631=EDGE_CURVE('',#901,#902,#1081,.T.);
#632=EDGE_CURVE('',#902,#883,#1082,.T.);
#633=EDGE_CURVE('',#903,#882,#1083,.T.);
#634=EDGE_CURVE('',#903,#904,#1084,.T.);
#635=EDGE_CURVE('',#904,#888,#1085,.T.);
#636=EDGE_CURVE('',#895,#889,#1086,.T.);
#637=EDGE_CURVE('',#894,#905,#1087,.T.);
#638=EDGE_CURVE('',#905,#906,#1088,.T.);
#639=EDGE_CURVE('',#885,#906,#1089,.T.);
#640=EDGE_CURVE('',#884,#907,#1090,.T.);
#641=EDGE_CURVE('',#907,#900,#1091,.T.);
#642=EDGE_CURVE('',#908,#909,#1092,.T.);
#643=EDGE_CURVE('',#910,#908,#1093,.T.);
#644=EDGE_CURVE('',#911,#910,#1094,.T.);
#645=EDGE_CURVE('',#909,#911,#1095,.T.);
#646=EDGE_CURVE('',#912,#873,#1096,.T.);
#647=EDGE_CURVE('',#912,#913,#1097,.T.);
#648=EDGE_CURVE('',#913,#914,#1098,.T.);
#649=EDGE_CURVE('',#915,#914,#1099,.T.);
#650=EDGE_CURVE('',#915,#916,#1100,.T.);
#651=EDGE_CURVE('',#917,#916,#1101,.T.);
#652=EDGE_CURVE('',#917,#918,#1102,.T.);
#653=EDGE_CURVE('',#918,#919,#1103,.T.);
#654=EDGE_CURVE('',#879,#919,#1104,.T.);
#655=EDGE_CURVE('',#878,#920,#1105,.T.);
#656=EDGE_CURVE('',#920,#921,#1106,.T.);
#657=EDGE_CURVE('',#865,#921,#1107,.T.);
#658=EDGE_CURVE('',#871,#864,#1108,.T.);
#659=EDGE_CURVE('',#922,#870,#1109,.T.);
#660=EDGE_CURVE('',#922,#923,#1110,.T.);
#661=EDGE_CURVE('',#923,#872,#1111,.T.);
#662=EDGE_CURVE('',#924,#925,#1112,.T.);
#663=EDGE_CURVE('',#926,#924,#1113,.T.);
#664=EDGE_CURVE('',#927,#926,#1114,.T.);
#665=EDGE_CURVE('',#925,#927,#1115,.T.);
#666=EDGE_CURVE('',#928,#924,#1116,.T.);
#667=EDGE_CURVE('',#928,#929,#1117,.T.);
#668=EDGE_CURVE('',#929,#926,#1118,.T.);
#669=EDGE_CURVE('',#929,#930,#1119,.T.);
#670=EDGE_CURVE('',#930,#927,#1120,.T.);
#671=EDGE_CURVE('',#930,#931,#1121,.T.);
#672=EDGE_CURVE('',#931,#925,#1122,.T.);
#673=EDGE_CURVE('',#931,#928,#1123,.T.);
#674=EDGE_CURVE('',#932,#854,#1124,.T.);
#675=EDGE_CURVE('',#854,#851,#1125,.T.);
#676=EDGE_CURVE('',#851,#933,#1126,.T.);
#677=EDGE_CURVE('',#933,#932,#1127,.T.);
#678=EDGE_CURVE('',#934,#935,#1128,.T.);
#679=EDGE_CURVE('',#936,#934,#1129,.T.);
#680=EDGE_CURVE('',#937,#936,#1130,.T.);
#681=EDGE_CURVE('',#935,#937,#1131,.T.);
#682=EDGE_CURVE('',#938,#939,#1132,.T.);
#683=EDGE_CURVE('',#939,#940,#1133,.T.);
#684=EDGE_CURVE('',#940,#941,#1134,.T.);
#685=EDGE_CURVE('',#941,#852,#1135,.T.);
#686=EDGE_CURVE('',#852,#863,#1136,.T.);
#687=EDGE_CURVE('',#863,#942,#1137,.T.);
#688=EDGE_CURVE('',#942,#943,#1138,.T.);
#689=EDGE_CURVE('',#938,#943,#1139,.T.);
#690=EDGE_CURVE('',#944,#945,#1140,.T.);
#691=EDGE_CURVE('',#946,#944,#1141,.T.);
#692=EDGE_CURVE('',#947,#946,#1142,.T.);
#693=EDGE_CURVE('',#945,#947,#1143,.T.);
#694=EDGE_CURVE('',#943,#917,#1144,.T.);
#695=EDGE_CURVE('',#916,#938,#1145,.T.);
#696=EDGE_CURVE('',#939,#915,#1146,.T.);
#697=EDGE_CURVE('',#914,#940,#1147,.T.);
#698=EDGE_CURVE('',#932,#900,#1148,.T.);
#699=EDGE_CURVE('',#933,#901,#1149,.T.);
#700=EDGE_CURVE('',#942,#918,#1150,.T.);
#701=EDGE_CURVE('',#941,#913,#1151,.T.);
#702=EDGE_CURVE('',#947,#908,#1152,.T.);
#703=EDGE_CURVE('',#945,#909,#1153,.T.);
#704=EDGE_CURVE('',#937,#896,#1154,.T.);
#705=EDGE_CURVE('',#935,#897,#1155,.T.);
#706=EDGE_CURVE('',#946,#910,#1156,.T.);
#707=EDGE_CURVE('',#944,#911,#1157,.T.);
#708=EDGE_CURVE('',#936,#898,#1158,.T.);
#709=EDGE_CURVE('',#934,#899,#1159,.T.);
#710=EDGE_CURVE('',#893,#948,#1160,.T.);
#711=EDGE_CURVE('',#948,#905,#1161,.T.);
#712=EDGE_CURVE('',#949,#890,#1162,.T.);
#713=EDGE_CURVE('',#904,#949,#1163,.T.);
#714=EDGE_CURVE('',#950,#886,#1164,.T.);
#715=EDGE_CURVE('',#906,#950,#1165,.T.);
#716=EDGE_CURVE('',#881,#951,#1166,.T.);
#717=EDGE_CURVE('',#951,#903,#1167,.T.);
#718=EDGE_CURVE('',#877,#952,#1168,.T.);
#719=EDGE_CURVE('',#952,#920,#1169,.T.);
#720=EDGE_CURVE('',#953,#874,#1170,.T.);
#721=EDGE_CURVE('',#923,#953,#1171,.T.);
#722=EDGE_CURVE('',#866,#954,#1172,.T.);
#723=EDGE_CURVE('',#921,#954,#1173,.T.);
#724=EDGE_CURVE('',#955,#869,#1174,.T.);
#725=EDGE_CURVE('',#955,#922,#1175,.T.);
#726=EDGE_CURVE('',#887,#956,#1176,.T.);
#727=EDGE_CURVE('',#956,#907,#1177,.T.);
#728=EDGE_CURVE('',#957,#880,#1178,.T.);
#729=EDGE_CURVE('',#902,#957,#1179,.T.);
#730=EDGE_CURVE('',#876,#958,#1180,.T.);
#731=EDGE_CURVE('',#919,#958,#1181,.T.);
#732=EDGE_CURVE('',#959,#875,#1182,.T.);
#733=EDGE_CURVE('',#959,#912,#1183,.T.);
#734=EDGE_CURVE('',#960,#892,#1184,.T.);
#735=EDGE_CURVE('',#895,#855,#1185,.T.);
#736=EDGE_CURVE('',#855,#960,#1186,.T.);
#737=EDGE_CURVE('',#850,#889,#1187,.T.);
#738=EDGE_CURVE('',#891,#961,#1188,.T.);
#739=EDGE_CURVE('',#961,#850,#1189,.T.);
#740=EDGE_CURVE('',#864,#862,#1190,.T.);
#741=EDGE_CURVE('',#867,#962,#1191,.T.);
#742=EDGE_CURVE('',#962,#862,#1192,.T.);
#743=EDGE_CURVE('',#963,#868,#1193,.T.);
#744=EDGE_CURVE('',#853,#871,#1194,.T.);
#745=EDGE_CURVE('',#853,#963,#1195,.T.);
#746=EDGE_CURVE('',#948,#960,#1196,.T.);
#747=EDGE_CURVE('',#961,#949,#1197,.T.);
#748=EDGE_CURVE('',#956,#950,#1198,.T.);
#749=EDGE_CURVE('',#951,#957,#1199,.T.);
#750=EDGE_CURVE('',#962,#954,#1200,.T.);
#751=EDGE_CURVE('',#955,#963,#1201,.T.);
#752=EDGE_CURVE('',#952,#958,#1202,.T.);
#753=EDGE_CURVE('',#959,#953,#1203,.T.);
#754=EDGE_CURVE('',#846,#859,#1204,.T.);
#755=EDGE_CURVE('',#849,#858,#1205,.T.);
#756=EDGE_CURVE('',#964,#965,#1206,.T.);
#757=EDGE_CURVE('',#965,#966,#1207,.T.);
#758=EDGE_CURVE('',#967,#966,#1208,.T.);
#759=EDGE_CURVE('',#967,#964,#1209,.T.);
#760=EDGE_CURVE('',#968,#969,#1210,.T.);
#761=EDGE_CURVE('',#970,#969,#1211,.T.);
#762=EDGE_CURVE('',#971,#970,#1212,.T.);
#763=EDGE_CURVE('',#971,#968,#1213,.T.);
#764=EDGE_CURVE('',#972,#973,#1214,.T.);
#765=EDGE_CURVE('',#974,#973,#1215,.T.);
#766=EDGE_CURVE('',#975,#974,#1216,.T.);
#767=EDGE_CURVE('',#975,#972,#1217,.T.);
#768=EDGE_CURVE('',#976,#977,#1218,.T.);
#769=EDGE_CURVE('',#978,#977,#1219,.T.);
#770=EDGE_CURVE('',#979,#978,#1220,.T.);
#771=EDGE_CURVE('',#976,#979,#1221,.T.);
#772=EDGE_CURVE('',#980,#981,#1222,.T.);
#773=EDGE_CURVE('',#982,#980,#1223,.T.);
#774=EDGE_CURVE('',#982,#983,#1224,.T.);
#775=EDGE_CURVE('',#981,#983,#1225,.T.);
#776=EDGE_CURVE('',#984,#985,#1226,.T.);
#777=EDGE_CURVE('',#986,#984,#1227,.T.);
#778=EDGE_CURVE('',#986,#987,#1228,.T.);
#779=EDGE_CURVE('',#985,#987,#1229,.T.);
#780=EDGE_CURVE('',#988,#989,#1230,.T.);
#781=EDGE_CURVE('',#990,#988,#1231,.T.);
#782=EDGE_CURVE('',#990,#991,#1232,.T.);
#783=EDGE_CURVE('',#989,#991,#1233,.T.);
#784=EDGE_CURVE('',#992,#993,#1234,.T.);
#785=EDGE_CURVE('',#994,#992,#1235,.T.);
#786=EDGE_CURVE('',#994,#995,#1236,.T.);
#787=EDGE_CURVE('',#993,#995,#1237,.T.);
#788=EDGE_CURVE('',#996,#997,#1238,.T.);
#789=EDGE_CURVE('',#998,#996,#1239,.T.);
#790=EDGE_CURVE('',#999,#998,#1240,.T.);
#791=EDGE_CURVE('',#997,#999,#1241,.T.);
#792=EDGE_CURVE('',#1000,#1001,#1242,.T.);
#793=EDGE_CURVE('',#1001,#1002,#1243,.T.);
#794=EDGE_CURVE('',#1002,#1003,#1244,.T.);
#795=EDGE_CURVE('',#1003,#1000,#1245,.T.);
#796=EDGE_CURVE('',#1000,#996,#1246,.T.);
#797=EDGE_CURVE('',#1003,#998,#1247,.T.);
#798=EDGE_CURVE('',#1002,#999,#1248,.T.);
#799=EDGE_CURVE('',#1004,#1005,#1249,.T.);
#800=EDGE_CURVE('',#1006,#1005,#1250,.T.);
#801=EDGE_CURVE('',#1007,#1006,#1251,.T.);
#802=EDGE_CURVE('',#1007,#1004,#1252,.T.);
#803=EDGE_CURVE('',#1008,#1009,#1253,.T.);
#804=EDGE_CURVE('',#1008,#1010,#1254,.T.);
#805=EDGE_CURVE('',#1010,#1011,#1255,.T.);
#806=EDGE_CURVE('',#1011,#1009,#1256,.T.);
#807=EDGE_CURVE('',#1001,#997,#1257,.T.);
#808=EDGE_CURVE('',#1012,#1013,#1258,.T.);
#809=EDGE_CURVE('',#1012,#1014,#1259,.T.);
#810=EDGE_CURVE('',#1014,#1015,#1260,.T.);
#811=EDGE_CURVE('',#1015,#1013,#1261,.T.);
#812=EDGE_CURVE('',#1016,#1017,#1262,.T.);
#813=EDGE_CURVE('',#1018,#1016,#1263,.T.);
#814=EDGE_CURVE('',#1018,#1019,#1264,.T.);
#815=EDGE_CURVE('',#1019,#1017,#1265,.T.);
#816=EDGE_CURVE('',#987,#981,#1266,.T.);
#817=EDGE_CURVE('',#1015,#987,#1267,.T.);
#818=EDGE_CURVE('',#981,#1014,#1268,.T.);
#819=EDGE_CURVE('',#995,#989,#1269,.T.);
#820=EDGE_CURVE('',#1017,#995,#1270,.T.);
#821=EDGE_CURVE('',#989,#1019,#1271,.T.);
#822=EDGE_CURVE('',#1013,#986,#1272,.T.);
#823=EDGE_CURVE('',#986,#980,#1273,.T.);
#824=EDGE_CURVE('',#980,#1012,#1274,.T.);
#825=EDGE_CURVE('',#1016,#994,#1275,.T.);
#826=EDGE_CURVE('',#994,#988,#1276,.T.);
#827=EDGE_CURVE('',#988,#1018,#1277,.T.);
#828=EDGE_CURVE('',#992,#990,#1278,.T.);
#829=EDGE_CURVE('',#993,#991,#1279,.T.);
#830=EDGE_CURVE('',#984,#982,#1280,.T.);
#831=EDGE_CURVE('',#985,#983,#1281,.T.);
#832=EDGE_CURVE('',#1005,#976,#1282,.T.);
#833=EDGE_CURVE('',#1006,#979,#1283,.T.);
#834=EDGE_CURVE('',#974,#1008,#1284,.T.);
#835=EDGE_CURVE('',#973,#1010,#1285,.T.);
#836=EDGE_CURVE('',#1009,#971,#1286,.T.);
#837=EDGE_CURVE('',#1011,#968,#1287,.T.);
#838=EDGE_CURVE('',#965,#1004,#1288,.T.);
#839=EDGE_CURVE('',#966,#1007,#1289,.T.);
#840=EDGE_CURVE('',#978,#967,#1290,.T.);
#841=EDGE_CURVE('',#970,#975,#1291,.T.);
#842=EDGE_CURVE('',#977,#964,#1292,.T.);
#843=EDGE_CURVE('',#969,#972,#1293,.T.);
#844=VERTEX_POINT('',#2647);
#845=VERTEX_POINT('',#2648);
#846=VERTEX_POINT('',#2650);
#847=VERTEX_POINT('',#2652);
#848=VERTEX_POINT('',#2654);
#849=VERTEX_POINT('',#2656);
#850=VERTEX_POINT('',#2660);
#851=VERTEX_POINT('',#2662);
#852=VERTEX_POINT('',#2666);
#853=VERTEX_POINT('',#2667);
#854=VERTEX_POINT('',#2672);
#855=VERTEX_POINT('',#2673);
#856=VERTEX_POINT('',#2675);
#857=VERTEX_POINT('',#2677);
#858=VERTEX_POINT('',#2681);
#859=VERTEX_POINT('',#2683);
#860=VERTEX_POINT('',#2685);
#861=VERTEX_POINT('',#2687);
#862=VERTEX_POINT('',#2691);
#863=VERTEX_POINT('',#2693);
#864=VERTEX_POINT('',#2697);
#865=VERTEX_POINT('',#2698);
#866=VERTEX_POINT('',#2700);
#867=VERTEX_POINT('',#2702);
#868=VERTEX_POINT('',#2706);
#869=VERTEX_POINT('',#2707);
#870=VERTEX_POINT('',#2709);
#871=VERTEX_POINT('',#2711);
#872=VERTEX_POINT('',#2715);
#873=VERTEX_POINT('',#2716);
#874=VERTEX_POINT('',#2718);
#875=VERTEX_POINT('',#2720);
#876=VERTEX_POINT('',#2724);
#877=VERTEX_POINT('',#2725);
#878=VERTEX_POINT('',#2727);
#879=VERTEX_POINT('',#2729);
#880=VERTEX_POINT('',#2733);
#881=VERTEX_POINT('',#2734);
#882=VERTEX_POINT('',#2736);
#883=VERTEX_POINT('',#2738);
#884=VERTEX_POINT('',#2742);
#885=VERTEX_POINT('',#2743);
#886=VERTEX_POINT('',#2745);
#887=VERTEX_POINT('',#2747);
#888=VERTEX_POINT('',#2751);
#889=VERTEX_POINT('',#2752);
#890=VERTEX_POINT('',#2754);
#891=VERTEX_POINT('',#2756);
#892=VERTEX_POINT('',#2760);
#893=VERTEX_POINT('',#2761);
#894=VERTEX_POINT('',#2763);
#895=VERTEX_POINT('',#2765);
#896=VERTEX_POINT('',#2769);
#897=VERTEX_POINT('',#2770);
#898=VERTEX_POINT('',#2772);
#899=VERTEX_POINT('',#2774);
#900=VERTEX_POINT('',#2777);
#901=VERTEX_POINT('',#2778);
#902=VERTEX_POINT('',#2780);
#903=VERTEX_POINT('',#2783);
#904=VERTEX_POINT('',#2785);
#905=VERTEX_POINT('',#2789);
#906=VERTEX_POINT('',#2791);
#907=VERTEX_POINT('',#2794);
#908=VERTEX_POINT('',#2798);
#909=VERTEX_POINT('',#2799);
#910=VERTEX_POINT('',#2801);
#911=VERTEX_POINT('',#2803);
#912=VERTEX_POINT('',#2806);
#913=VERTEX_POINT('',#2808);
#914=VERTEX_POINT('',#2810);
#915=VERTEX_POINT('',#2812);
#916=VERTEX_POINT('',#2814);
#917=VERTEX_POINT('',#2816);
#918=VERTEX_POINT('',#2818);
#919=VERTEX_POINT('',#2820);
#920=VERTEX_POINT('',#2823);
#921=VERTEX_POINT('',#2825);
#922=VERTEX_POINT('',#2829);
#923=VERTEX_POINT('',#2831);
#924=VERTEX_POINT('',#2835);
#925=VERTEX_POINT('',#2836);
#926=VERTEX_POINT('',#2838);
#927=VERTEX_POINT('',#2840);
#928=VERTEX_POINT('',#2844);
#929=VERTEX_POINT('',#2846);
#930=VERTEX_POINT('',#2850);
#931=VERTEX_POINT('',#2854);
#932=VERTEX_POINT('',#2860);
#933=VERTEX_POINT('',#2863);
#934=VERTEX_POINT('',#2866);
#935=VERTEX_POINT('',#2867);
#936=VERTEX_POINT('',#2869);
#937=VERTEX_POINT('',#2871);
#938=VERTEX_POINT('',#2875);
#939=VERTEX_POINT('',#2876);
#940=VERTEX_POINT('',#2878);
#941=VERTEX_POINT('',#2880);
#942=VERTEX_POINT('',#2884);
#943=VERTEX_POINT('',#2886);
#944=VERTEX_POINT('',#2889);
#945=VERTEX_POINT('',#2890);
#946=VERTEX_POINT('',#2892);
#947=VERTEX_POINT('',#2894);
#948=VERTEX_POINT('',#2928);
#949=VERTEX_POINT('',#2932);
#950=VERTEX_POINT('',#2936);
#951=VERTEX_POINT('',#2940);
#952=VERTEX_POINT('',#2944);
#953=VERTEX_POINT('',#2948);
#954=VERTEX_POINT('',#2952);
#955=VERTEX_POINT('',#2956);
#956=VERTEX_POINT('',#2960);
#957=VERTEX_POINT('',#2964);
#958=VERTEX_POINT('',#2968);
#959=VERTEX_POINT('',#2972);
#960=VERTEX_POINT('',#2976);
#961=VERTEX_POINT('',#2982);
#962=VERTEX_POINT('',#2987);
#963=VERTEX_POINT('',#2991);
#964=VERTEX_POINT('',#3023);
#965=VERTEX_POINT('',#3024);
#966=VERTEX_POINT('',#3026);
#967=VERTEX_POINT('',#3028);
#968=VERTEX_POINT('',#3032);
#969=VERTEX_POINT('',#3033);
#970=VERTEX_POINT('',#3035);
#971=VERTEX_POINT('',#3037);
#972=VERTEX_POINT('',#3041);
#973=VERTEX_POINT('',#3042);
#974=VERTEX_POINT('',#3044);
#975=VERTEX_POINT('',#3046);
#976=VERTEX_POINT('',#3050);
#977=VERTEX_POINT('',#3051);
#978=VERTEX_POINT('',#3053);
#979=VERTEX_POINT('',#3055);
#980=VERTEX_POINT('',#3059);
#981=VERTEX_POINT('',#3060);
#982=VERTEX_POINT('',#3062);
#983=VERTEX_POINT('',#3064);
#984=VERTEX_POINT('',#3068);
#985=VERTEX_POINT('',#3069);
#986=VERTEX_POINT('',#3071);
#987=VERTEX_POINT('',#3073);
#988=VERTEX_POINT('',#3077);
#989=VERTEX_POINT('',#3078);
#990=VERTEX_POINT('',#3080);
#991=VERTEX_POINT('',#3082);
#992=VERTEX_POINT('',#3086);
#993=VERTEX_POINT('',#3087);
#994=VERTEX_POINT('',#3089);
#995=VERTEX_POINT('',#3091);
#996=VERTEX_POINT('',#3095);
#997=VERTEX_POINT('',#3096);
#998=VERTEX_POINT('',#3098);
#999=VERTEX_POINT('',#3100);
#1000=VERTEX_POINT('',#3104);
#1001=VERTEX_POINT('',#3105);
#1002=VERTEX_POINT('',#3107);
#1003=VERTEX_POINT('',#3109);
#1004=VERTEX_POINT('',#3117);
#1005=VERTEX_POINT('',#3118);
#1006=VERTEX_POINT('',#3120);
#1007=VERTEX_POINT('',#3122);
#1008=VERTEX_POINT('',#3125);
#1009=VERTEX_POINT('',#3126);
#1010=VERTEX_POINT('',#3128);
#1011=VERTEX_POINT('',#3130);
#1012=VERTEX_POINT('',#3136);
#1013=VERTEX_POINT('',#3137);
#1014=VERTEX_POINT('',#3139);
#1015=VERTEX_POINT('',#3141);
#1016=VERTEX_POINT('',#3144);
#1017=VERTEX_POINT('',#3145);
#1018=VERTEX_POINT('',#3147);
#1019=VERTEX_POINT('',#3149);
#1020=LINE('',#2646,#1294);
#1021=LINE('',#2649,#1295);
#1022=LINE('',#2651,#1296);
#1023=LINE('',#2653,#1297);
#1024=LINE('',#2655,#1298);
#1025=LINE('',#2657,#1299);
#1026=LINE('',#2659,#1300);
#1027=LINE('',#2661,#1301);
#1028=LINE('',#2663,#1302);
#1029=LINE('',#2665,#1303);
#1030=LINE('',#2668,#1304);
#1031=LINE('',#2669,#1305);
#1032=LINE('',#2671,#1306);
#1033=LINE('',#2674,#1307);
#1034=LINE('',#2676,#1308);
#1035=LINE('',#2678,#1309);
#1036=LINE('',#2680,#1310);
#1037=LINE('',#2682,#1311);
#1038=LINE('',#2684,#1312);
#1039=LINE('',#2686,#1313);
#1040=LINE('',#2688,#1314);
#1041=LINE('',#2690,#1315);
#1042=LINE('',#2692,#1316);
#1043=LINE('',#2694,#1317);
#1044=LINE('',#2696,#1318);
#1045=LINE('',#2699,#1319);
#1046=LINE('',#2701,#1320);
#1047=LINE('',#2703,#1321);
#1048=LINE('',#2705,#1322);
#1049=LINE('',#2708,#1323);
#1050=LINE('',#2710,#1324);
#1051=LINE('',#2712,#1325);
#1052=LINE('',#2714,#1326);
#1053=LINE('',#2717,#1327);
#1054=LINE('',#2719,#1328);
#1055=LINE('',#2721,#1329);
#1056=LINE('',#2723,#1330);
#1057=LINE('',#2726,#1331);
#1058=LINE('',#2728,#1332);
#1059=LINE('',#2730,#1333);
#1060=LINE('',#2732,#1334);
#1061=LINE('',#2735,#1335);
#1062=LINE('',#2737,#1336);
#1063=LINE('',#2739,#1337);
#1064=LINE('',#2741,#1338);
#1065=LINE('',#2744,#1339);
#1066=LINE('',#2746,#1340);
#1067=LINE('',#2748,#1341);
#1068=LINE('',#2750,#1342);
#1069=LINE('',#2753,#1343);
#1070=LINE('',#2755,#1344);
#1071=LINE('',#2757,#1345);
#1072=LINE('',#2759,#1346);
#1073=LINE('',#2762,#1347);
#1074=LINE('',#2764,#1348);
#1075=LINE('',#2766,#1349);
#1076=LINE('',#2768,#1350);
#1077=LINE('',#2771,#1351);
#1078=LINE('',#2773,#1352);
#1079=LINE('',#2775,#1353);
#1080=LINE('',#2776,#1354);
#1081=LINE('',#2779,#1355);
#1082=LINE('',#2781,#1356);
#1083=LINE('',#2782,#1357);
#1084=LINE('',#2784,#1358);
#1085=LINE('',#2786,#1359);
#1086=LINE('',#2787,#1360);
#1087=LINE('',#2788,#1361);
#1088=LINE('',#2790,#1362);
#1089=LINE('',#2792,#1363);
#1090=LINE('',#2793,#1364);
#1091=LINE('',#2795,#1365);
#1092=LINE('',#2797,#1366);
#1093=LINE('',#2800,#1367);
#1094=LINE('',#2802,#1368);
#1095=LINE('',#2804,#1369);
#1096=LINE('',#2805,#1370);
#1097=LINE('',#2807,#1371);
#1098=LINE('',#2809,#1372);
#1099=LINE('',#2811,#1373);
#1100=LINE('',#2813,#1374);
#1101=LINE('',#2815,#1375);
#1102=LINE('',#2817,#1376);
#1103=LINE('',#2819,#1377);
#1104=LINE('',#2821,#1378);
#1105=LINE('',#2822,#1379);
#1106=LINE('',#2824,#1380);
#1107=LINE('',#2826,#1381);
#1108=LINE('',#2827,#1382);
#1109=LINE('',#2828,#1383);
#1110=LINE('',#2830,#1384);
#1111=LINE('',#2832,#1385);
#1112=LINE('',#2834,#1386);
#1113=LINE('',#2837,#1387);
#1114=LINE('',#2839,#1388);
#1115=LINE('',#2841,#1389);
#1116=LINE('',#2843,#1390);
#1117=LINE('',#2845,#1391);
#1118=LINE('',#2847,#1392);
#1119=LINE('',#2849,#1393);
#1120=LINE('',#2851,#1394);
#1121=LINE('',#2853,#1395);
#1122=LINE('',#2855,#1396);
#1123=LINE('',#2857,#1397);
#1124=LINE('',#2859,#1398);
#1125=LINE('',#2861,#1399);
#1126=LINE('',#2862,#1400);
#1127=LINE('',#2864,#1401);
#1128=LINE('',#2865,#1402);
#1129=LINE('',#2868,#1403);
#1130=LINE('',#2870,#1404);
#1131=LINE('',#2872,#1405);
#1132=LINE('',#2874,#1406);
#1133=LINE('',#2877,#1407);
#1134=LINE('',#2879,#1408);
#1135=LINE('',#2881,#1409);
#1136=LINE('',#2882,#1410);
#1137=LINE('',#2883,#1411);
#1138=LINE('',#2885,#1412);
#1139=LINE('',#2887,#1413);
#1140=LINE('',#2888,#1414);
#1141=LINE('',#2891,#1415);
#1142=LINE('',#2893,#1416);
#1143=LINE('',#2895,#1417);
#1144=LINE('',#2897,#1418);
#1145=LINE('',#2898,#1419);
#1146=LINE('',#2900,#1420);
#1147=LINE('',#2901,#1421);
#1148=LINE('',#2903,#1422);
#1149=LINE('',#2904,#1423);
#1150=LINE('',#2906,#1424);
#1151=LINE('',#2908,#1425);
#1152=LINE('',#2911,#1426);
#1153=LINE('',#2912,#1427);
#1154=LINE('',#2914,#1428);
#1155=LINE('',#2915,#1429);
#1156=LINE('',#2917,#1430);
#1157=LINE('',#2919,#1431);
#1158=LINE('',#2922,#1432);
#1159=LINE('',#2924,#1433);
#1160=LINE('',#2927,#1434);
#1161=LINE('',#2929,#1435);
#1162=LINE('',#2931,#1436);
#1163=LINE('',#2933,#1437);
#1164=LINE('',#2935,#1438);
#1165=LINE('',#2937,#1439);
#1166=LINE('',#2939,#1440);
#1167=LINE('',#2941,#1441);
#1168=LINE('',#2943,#1442);
#1169=LINE('',#2945,#1443);
#1170=LINE('',#2947,#1444);
#1171=LINE('',#2949,#1445);
#1172=LINE('',#2951,#1446);
#1173=LINE('',#2953,#1447);
#1174=LINE('',#2955,#1448);
#1175=LINE('',#2957,#1449);
#1176=LINE('',#2959,#1450);
#1177=LINE('',#2961,#1451);
#1178=LINE('',#2963,#1452);
#1179=LINE('',#2965,#1453);
#1180=LINE('',#2967,#1454);
#1181=LINE('',#2969,#1455);
#1182=LINE('',#2971,#1456);
#1183=LINE('',#2973,#1457);
#1184=LINE('',#2975,#1458);
#1185=LINE('',#2977,#1459);
#1186=LINE('',#2978,#1460);
#1187=LINE('',#2980,#1461);
#1188=LINE('',#2981,#1462);
#1189=LINE('',#2983,#1463);
#1190=LINE('',#2985,#1464);
#1191=LINE('',#2986,#1465);
#1192=LINE('',#2988,#1466);
#1193=LINE('',#2990,#1467);
#1194=LINE('',#2992,#1468);
#1195=LINE('',#2993,#1469);
#1196=LINE('',#2995,#1470);
#1197=LINE('',#2997,#1471);
#1198=LINE('',#2999,#1472);
#1199=LINE('',#3001,#1473);
#1200=LINE('',#3003,#1474);
#1201=LINE('',#3005,#1475);
#1202=LINE('',#3007,#1476);
#1203=LINE('',#3009,#1477);
#1204=LINE('',#3015,#1478);
#1205=LINE('',#3018,#1479);
#1206=LINE('',#3022,#1480);
#1207=LINE('',#3025,#1481);
#1208=LINE('',#3027,#1482);
#1209=LINE('',#3029,#1483);
#1210=LINE('',#3031,#1484);
#1211=LINE('',#3034,#1485);
#1212=LINE('',#3036,#1486);
#1213=LINE('',#3038,#1487);
#1214=LINE('',#3040,#1488);
#1215=LINE('',#3043,#1489);
#1216=LINE('',#3045,#1490);
#1217=LINE('',#3047,#1491);
#1218=LINE('',#3049,#1492);
#1219=LINE('',#3052,#1493);
#1220=LINE('',#3054,#1494);
#1221=LINE('',#3056,#1495);
#1222=LINE('',#3058,#1496);
#1223=LINE('',#3061,#1497);
#1224=LINE('',#3063,#1498);
#1225=LINE('',#3065,#1499);
#1226=LINE('',#3067,#1500);
#1227=LINE('',#3070,#1501);
#1228=LINE('',#3072,#1502);
#1229=LINE('',#3074,#1503);
#1230=LINE('',#3076,#1504);
#1231=LINE('',#3079,#1505);
#1232=LINE('',#3081,#1506);
#1233=LINE('',#3083,#1507);
#1234=LINE('',#3085,#1508);
#1235=LINE('',#3088,#1509);
#1236=LINE('',#3090,#1510);
#1237=LINE('',#3092,#1511);
#1238=LINE('',#3094,#1512);
#1239=LINE('',#3097,#1513);
#1240=LINE('',#3099,#1514);
#1241=LINE('',#3101,#1515);
#1242=LINE('',#3103,#1516);
#1243=LINE('',#3106,#1517);
#1244=LINE('',#3108,#1518);
#1245=LINE('',#3110,#1519);
#1246=LINE('',#3112,#1520);
#1247=LINE('',#3113,#1521);
#1248=LINE('',#3115,#1522);
#1249=LINE('',#3116,#1523);
#1250=LINE('',#3119,#1524);
#1251=LINE('',#3121,#1525);
#1252=LINE('',#3123,#1526);
#1253=LINE('',#3124,#1527);
#1254=LINE('',#3127,#1528);
#1255=LINE('',#3129,#1529);
#1256=LINE('',#3131,#1530);
#1257=LINE('',#3133,#1531);
#1258=LINE('',#3135,#1532);
#1259=LINE('',#3138,#1533);
#1260=LINE('',#3140,#1534);
#1261=LINE('',#3142,#1535);
#1262=LINE('',#3143,#1536);
#1263=LINE('',#3146,#1537);
#1264=LINE('',#3148,#1538);
#1265=LINE('',#3150,#1539);
#1266=LINE('',#3152,#1540);
#1267=LINE('',#3153,#1541);
#1268=LINE('',#3154,#1542);
#1269=LINE('',#3156,#1543);
#1270=LINE('',#3157,#1544);
#1271=LINE('',#3158,#1545);
#1272=LINE('',#3160,#1546);
#1273=LINE('',#3161,#1547);
#1274=LINE('',#3162,#1548);
#1275=LINE('',#3164,#1549);
#1276=LINE('',#3165,#1550);
#1277=LINE('',#3166,#1551);
#1278=LINE('',#3168,#1552);
#1279=LINE('',#3170,#1553);
#1280=LINE('',#3172,#1554);
#1281=LINE('',#3174,#1555);
#1282=LINE('',#3182,#1556);
#1283=LINE('',#3183,#1557);
#1284=LINE('',#3185,#1558);
#1285=LINE('',#3186,#1559);
#1286=LINE('',#3188,#1560);
#1287=LINE('',#3189,#1561);
#1288=LINE('',#3191,#1562);
#1289=LINE('',#3192,#1563);
#1290=LINE('',#3194,#1564);
#1291=LINE('',#3196,#1565);
#1292=LINE('',#3198,#1566);
#1293=LINE('',#3200,#1567);
#1294=VECTOR('',#2154,1.);
#1295=VECTOR('',#2155,1.);
#1296=VECTOR('',#2156,1.);
#1297=VECTOR('',#2157,1.);
#1298=VECTOR('',#2158,1.);
#1299=VECTOR('',#2159,1.);
#1300=VECTOR('',#2162,1.);
#1301=VECTOR('',#2163,1.);
#1302=VECTOR('',#2164,1.);
#1303=VECTOR('',#2167,1.);
#1304=VECTOR('',#2168,1.);
#1305=VECTOR('',#2169,1.);
#1306=VECTOR('',#2172,1.);
#1307=VECTOR('',#2173,1.);
#1308=VECTOR('',#2174,1.);
#1309=VECTOR('',#2175,1.);
#1310=VECTOR('',#2178,1.);
#1311=VECTOR('',#2179,1.);
#1312=VECTOR('',#2180,1.);
#1313=VECTOR('',#2181,1.);
#1314=VECTOR('',#2182,1.);
#1315=VECTOR('',#2185,1.);
#1316=VECTOR('',#2186,1.);
#1317=VECTOR('',#2187,1.);
#1318=VECTOR('',#2190,1.);
#1319=VECTOR('',#2191,1.);
#1320=VECTOR('',#2192,1.);
#1321=VECTOR('',#2193,1.);
#1322=VECTOR('',#2196,1.);
#1323=VECTOR('',#2197,1.);
#1324=VECTOR('',#2198,1.);
#1325=VECTOR('',#2199,1.);
#1326=VECTOR('',#2202,1.);
#1327=VECTOR('',#2203,1.);
#1328=VECTOR('',#2204,1.);
#1329=VECTOR('',#2205,1.);
#1330=VECTOR('',#2208,1.);
#1331=VECTOR('',#2209,1.);
#1332=VECTOR('',#2210,1.);
#1333=VECTOR('',#2211,1.);
#1334=VECTOR('',#2214,1.);
#1335=VECTOR('',#2215,1.);
#1336=VECTOR('',#2216,1.);
#1337=VECTOR('',#2217,1.);
#1338=VECTOR('',#2220,1.);
#1339=VECTOR('',#2221,1.);
#1340=VECTOR('',#2222,1.);
#1341=VECTOR('',#2223,1.);
#1342=VECTOR('',#2226,1.);
#1343=VECTOR('',#2227,1.);
#1344=VECTOR('',#2228,1.);
#1345=VECTOR('',#2229,1.);
#1346=VECTOR('',#2232,1.);
#1347=VECTOR('',#2233,1.);
#1348=VECTOR('',#2234,1.);
#1349=VECTOR('',#2235,1.);
#1350=VECTOR('',#2238,1.);
#1351=VECTOR('',#2239,1.);
#1352=VECTOR('',#2240,1.);
#1353=VECTOR('',#2241,1.);
#1354=VECTOR('',#2242,1.);
#1355=VECTOR('',#2243,1.);
#1356=VECTOR('',#2244,1.);
#1357=VECTOR('',#2245,1.);
#1358=VECTOR('',#2246,1.);
#1359=VECTOR('',#2247,1.);
#1360=VECTOR('',#2248,1.);
#1361=VECTOR('',#2249,1.);
#1362=VECTOR('',#2250,1.);
#1363=VECTOR('',#2251,1.);
#1364=VECTOR('',#2252,1.);
#1365=VECTOR('',#2253,1.);
#1366=VECTOR('',#2256,1.);
#1367=VECTOR('',#2257,1.);
#1368=VECTOR('',#2258,1.);
#1369=VECTOR('',#2259,1.);
#1370=VECTOR('',#2260,1.);
#1371=VECTOR('',#2261,1.);
#1372=VECTOR('',#2262,1.);
#1373=VECTOR('',#2263,1.);
#1374=VECTOR('',#2264,1.);
#1375=VECTOR('',#2265,1.);
#1376=VECTOR('',#2266,1.);
#1377=VECTOR('',#2267,1.);
#1378=VECTOR('',#2268,1.);
#1379=VECTOR('',#2269,1.);
#1380=VECTOR('',#2270,1.);
#1381=VECTOR('',#2271,1.);
#1382=VECTOR('',#2272,1.);
#1383=VECTOR('',#2273,1.);
#1384=VECTOR('',#2274,1.);
#1385=VECTOR('',#2275,1.);
#1386=VECTOR('',#2278,1.);
#1387=VECTOR('',#2279,1.);
#1388=VECTOR('',#2280,1.);
#1389=VECTOR('',#2281,1.);
#1390=VECTOR('',#2284,1.);
#1391=VECTOR('',#2285,1.);
#1392=VECTOR('',#2286,1.);
#1393=VECTOR('',#2289,1.);
#1394=VECTOR('',#2290,1.);
#1395=VECTOR('',#2293,1.);
#1396=VECTOR('',#2294,1.);
#1397=VECTOR('',#2297,1.);
#1398=VECTOR('',#2300,1.);
#1399=VECTOR('',#2301,1.);
#1400=VECTOR('',#2302,1.);
#1401=VECTOR('',#2303,1.);
#1402=VECTOR('',#2304,1.);
#1403=VECTOR('',#2305,1.);
#1404=VECTOR('',#2306,1.);
#1405=VECTOR('',#2307,1.);
#1406=VECTOR('',#2310,1.);
#1407=VECTOR('',#2311,1.);
#1408=VECTOR('',#2312,1.);
#1409=VECTOR('',#2313,1.);
#1410=VECTOR('',#2314,1.);
#1411=VECTOR('',#2315,1.);
#1412=VECTOR('',#2316,1.);
#1413=VECTOR('',#2317,1.);
#1414=VECTOR('',#2318,1.);
#1415=VECTOR('',#2319,1.);
#1416=VECTOR('',#2320,1.);
#1417=VECTOR('',#2321,1.);
#1418=VECTOR('',#2324,1.);
#1419=VECTOR('',#2325,1.);
#1420=VECTOR('',#2328,1.);
#1421=VECTOR('',#2329,1.);
#1422=VECTOR('',#2332,1.);
#1423=VECTOR('',#2333,1.);
#1424=VECTOR('',#2336,1.);
#1425=VECTOR('',#2339,1.);
#1426=VECTOR('',#2344,1.);
#1427=VECTOR('',#2345,1.);
#1428=VECTOR('',#2348,1.);
#1429=VECTOR('',#2349,1.);
#1430=VECTOR('',#2352,1.);
#1431=VECTOR('',#2355,1.);
#1432=VECTOR('',#2360,1.);
#1433=VECTOR('',#2363,1.);
#1434=VECTOR('',#2368,1.);
#1435=VECTOR('',#2369,1.);
#1436=VECTOR('',#2372,1.);
#1437=VECTOR('',#2373,1.);
#1438=VECTOR('',#2376,1.);
#1439=VECTOR('',#2377,1.);
#1440=VECTOR('',#2380,1.);
#1441=VECTOR('',#2381,1.);
#1442=VECTOR('',#2384,1.);
#1443=VECTOR('',#2385,1.);
#1444=VECTOR('',#2388,1.);
#1445=VECTOR('',#2389,1.);
#1446=VECTOR('',#2392,1.);
#1447=VECTOR('',#2393,1.);
#1448=VECTOR('',#2396,1.);
#1449=VECTOR('',#2397,1.);
#1450=VECTOR('',#2400,1.);
#1451=VECTOR('',#2401,1.);
#1452=VECTOR('',#2404,1.);
#1453=VECTOR('',#2405,1.);
#1454=VECTOR('',#2408,1.);
#1455=VECTOR('',#2409,1.);
#1456=VECTOR('',#2412,1.);
#1457=VECTOR('',#2413,1.);
#1458=VECTOR('',#2416,1.);
#1459=VECTOR('',#2417,1.);
#1460=VECTOR('',#2418,1.);
#1461=VECTOR('',#2421,1.);
#1462=VECTOR('',#2422,1.);
#1463=VECTOR('',#2423,1.);
#1464=VECTOR('',#2426,1.);
#1465=VECTOR('',#2427,1.);
#1466=VECTOR('',#2428,1.);
#1467=VECTOR('',#2431,1.);
#1468=VECTOR('',#2432,1.);
#1469=VECTOR('',#2433,1.);
#1470=VECTOR('',#2436,1.);
#1471=VECTOR('',#2439,1.);
#1472=VECTOR('',#2442,1.);
#1473=VECTOR('',#2445,1.);
#1474=VECTOR('',#2448,1.);
#1475=VECTOR('',#2451,1.);
#1476=VECTOR('',#2454,1.);
#1477=VECTOR('',#2457,1.);
#1478=VECTOR('',#2468,1.);
#1479=VECTOR('',#2473,1.);
#1480=VECTOR('',#2480,1.);
#1481=VECTOR('',#2481,1.);
#1482=VECTOR('',#2482,1.);
#1483=VECTOR('',#2483,1.);
#1484=VECTOR('',#2486,1.);
#1485=VECTOR('',#2487,1.);
#1486=VECTOR('',#2488,1.);
#1487=VECTOR('',#2489,1.);
#1488=VECTOR('',#2492,1.);
#1489=VECTOR('',#2493,1.);
#1490=VECTOR('',#2494,1.);
#1491=VECTOR('',#2495,1.);
#1492=VECTOR('',#2498,1.);
#1493=VECTOR('',#2499,1.);
#1494=VECTOR('',#2500,1.);
#1495=VECTOR('',#2501,1.);
#1496=VECTOR('',#2504,1.);
#1497=VECTOR('',#2505,1.);
#1498=VECTOR('',#2506,1.);
#1499=VECTOR('',#2507,1.);
#1500=VECTOR('',#2510,1.);
#1501=VECTOR('',#2511,1.);
#1502=VECTOR('',#2512,1.);
#1503=VECTOR('',#2513,1.);
#1504=VECTOR('',#2516,1.);
#1505=VECTOR('',#2517,1.);
#1506=VECTOR('',#2518,1.);
#1507=VECTOR('',#2519,1.);
#1508=VECTOR('',#2522,1.);
#1509=VECTOR('',#2523,1.);
#1510=VECTOR('',#2524,1.);
#1511=VECTOR('',#2525,1.);
#1512=VECTOR('',#2528,1.);
#1513=VECTOR('',#2529,1.);
#1514=VECTOR('',#2530,1.);
#1515=VECTOR('',#2531,1.);
#1516=VECTOR('',#2534,1.);
#1517=VECTOR('',#2535,1.);
#1518=VECTOR('',#2536,1.);
#1519=VECTOR('',#2537,1.);
#1520=VECTOR('',#2540,1.);
#1521=VECTOR('',#2541,1.);
#1522=VECTOR('',#2544,1.);
#1523=VECTOR('',#2545,1.);
#1524=VECTOR('',#2546,1.);
#1525=VECTOR('',#2547,1.);
#1526=VECTOR('',#2548,1.);
#1527=VECTOR('',#2549,1.);
#1528=VECTOR('',#2550,1.);
#1529=VECTOR('',#2551,1.);
#1530=VECTOR('',#2552,1.);
#1531=VECTOR('',#2555,1.);
#1532=VECTOR('',#2558,1.);
#1533=VECTOR('',#2559,1.);
#1534=VECTOR('',#2560,1.);
#1535=VECTOR('',#2561,1.);
#1536=VECTOR('',#2562,1.);
#1537=VECTOR('',#2563,1.);
#1538=VECTOR('',#2564,1.);
#1539=VECTOR('',#2565,1.);
#1540=VECTOR('',#2568,1.);
#1541=VECTOR('',#2569,1.);
#1542=VECTOR('',#2570,1.);
#1543=VECTOR('',#2573,1.);
#1544=VECTOR('',#2574,1.);
#1545=VECTOR('',#2575,1.);
#1546=VECTOR('',#2578,1.);
#1547=VECTOR('',#2579,1.);
#1548=VECTOR('',#2580,1.);
#1549=VECTOR('',#2583,1.);
#1550=VECTOR('',#2584,1.);
#1551=VECTOR('',#2585,1.);
#1552=VECTOR('',#2588,1.);
#1553=VECTOR('',#2591,1.);
#1554=VECTOR('',#2594,1.);
#1555=VECTOR('',#2597,1.);
#1556=VECTOR('',#2612,1.);
#1557=VECTOR('',#2613,1.);
#1558=VECTOR('',#2616,1.);
#1559=VECTOR('',#2617,1.);
#1560=VECTOR('',#2620,1.);
#1561=VECTOR('',#2621,1.);
#1562=VECTOR('',#2624,1.);
#1563=VECTOR('',#2625,1.);
#1564=VECTOR('',#2628,1.);
#1565=VECTOR('',#2631,1.);
#1566=VECTOR('',#2634,1.);
#1567=VECTOR('',#2637,1.);
#1568=EDGE_LOOP('',(#22,#23,#24,#25,#26,#27));
#1569=EDGE_LOOP('',(#28,#29,#30,#31));
#1570=EDGE_LOOP('',(#32,#33,#34,#35));
#1571=EDGE_LOOP('',(#36,#37,#38,#39));
#1572=EDGE_LOOP('',(#40,#41,#42,#43,#44,#45));
#1573=EDGE_LOOP('',(#46,#47,#48,#49));
#1574=EDGE_LOOP('',(#50,#51,#52,#53));
#1575=EDGE_LOOP('',(#54,#55,#56,#57));
#1576=EDGE_LOOP('',(#58,#59,#60,#61));
#1577=EDGE_LOOP('',(#62,#63,#64,#65));
#1578=EDGE_LOOP('',(#66,#67,#68,#69));
#1579=EDGE_LOOP('',(#70,#71,#72,#73));
#1580=EDGE_LOOP('',(#74,#75,#76,#77));
#1581=EDGE_LOOP('',(#78,#79,#80,#81));
#1582=EDGE_LOOP('',(#82,#83,#84,#85));
#1583=EDGE_LOOP('',(#86,#87,#88,#89,#90,#91,#92,#93,#94,#95,#96,#97,#98,#99,#100,#101));
#1584=EDGE_LOOP('',(#102,#103,#104,#105));
#1585=EDGE_LOOP('',(#106,#107,#108,#109,#110,#111,#112,#113,#114,#115,#116,#117,#118,#119,#120,#121,#122,#123,#124,#125));
#1586=EDGE_LOOP('',(#126,#127,#128,#129));
#1587=EDGE_LOOP('',(#130,#131,#132,#133));
#1588=EDGE_LOOP('',(#134,#135,#136,#137));
#1589=EDGE_LOOP('',(#138,#139,#140,#141));
#1590=EDGE_LOOP('',(#142,#143,#144,#145));
#1591=EDGE_LOOP('',(#146,#147,#148,#149));
#1592=EDGE_LOOP('',(#150,#151,#152,#153));
#1593=EDGE_LOOP('',(#154,#155,#156,#157,#158,#159,#160,#161));
#1594=EDGE_LOOP('',(#162,#163,#164,#165));
#1595=EDGE_LOOP('',(#166,#167,#168,#169));
#1596=EDGE_LOOP('',(#170,#171,#172,#173));
#1597=EDGE_LOOP('',(#174,#175,#176,#177));
#1598=EDGE_LOOP('',(#178,#179,#180,#181));
#1599=EDGE_LOOP('',(#182,#183,#184,#185));
#1600=EDGE_LOOP('',(#186,#187,#188,#189));
#1601=EDGE_LOOP('',(#190,#191,#192,#193));
#1602=EDGE_LOOP('',(#194,#195,#196,#197));
#1603=EDGE_LOOP('',(#198,#199,#200,#201));
#1604=EDGE_LOOP('',(#202,#203,#204,#205));
#1605=EDGE_LOOP('',(#206,#207,#208,#209));
#1606=EDGE_LOOP('',(#210,#211,#212,#213));
#1607=EDGE_LOOP('',(#214,#215,#216,#217));
#1608=EDGE_LOOP('',(#218,#219,#220,#221));
#1609=EDGE_LOOP('',(#222,#223,#224,#225));
#1610=EDGE_LOOP('',(#226,#227,#228,#229));
#1611=EDGE_LOOP('',(#230,#231,#232,#233));
#1612=EDGE_LOOP('',(#234,#235,#236,#237));
#1613=EDGE_LOOP('',(#238,#239,#240,#241));
#1614=EDGE_LOOP('',(#242,#243,#244,#245));
#1615=EDGE_LOOP('',(#246,#247,#248,#249));
#1616=EDGE_LOOP('',(#250,#251,#252,#253));
#1617=EDGE_LOOP('',(#254,#255,#256,#257));
#1618=EDGE_LOOP('',(#258,#259,#260,#261));
#1619=EDGE_LOOP('',(#262,#263,#264,#265));
#1620=EDGE_LOOP('',(#266,#267,#268,#269));
#1621=EDGE_LOOP('',(#270,#271,#272,#273));
#1622=EDGE_LOOP('',(#274,#275,#276,#277));
#1623=EDGE_LOOP('',(#278,#279,#280,#281));
#1624=EDGE_LOOP('',(#282,#283,#284,#285));
#1625=EDGE_LOOP('',(#286,#287,#288,#289));
#1626=EDGE_LOOP('',(#290,#291,#292,#293));
#1627=EDGE_LOOP('',(#294,#295,#296,#297));
#1628=EDGE_LOOP('',(#298,#299,#300,#301));
#1629=EDGE_LOOP('',(#302,#303,#304,#305));
#1630=EDGE_LOOP('',(#306,#307,#308,#309));
#1631=EDGE_LOOP('',(#310,#311,#312,#313));
#1632=EDGE_LOOP('',(#314,#315,#316,#317));
#1633=EDGE_LOOP('',(#318,#319,#320,#321));
#1634=EDGE_LOOP('',(#322,#323,#324,#325,#326,#327,#328,#329,#330,#331,#332));
#1635=EDGE_LOOP('',(#333,#334,#335,#336,#337,#338,#339,#340,#341,#342,#343));
#1636=EDGE_LOOP('',(#344,#345,#346,#347,#348,#349,#350,#351,#352,#353,#354));
#1637=EDGE_LOOP('',(#355,#356,#357,#358,#359,#360,#361,#362,#363,#364,#365));
#1638=EDGE_LOOP('',(#366,#367,#368,#369,#370,#371,#372,#373));
#1639=EDGE_LOOP('',(#374,#375,#376,#377,#378,#379,#380,#381));
#1640=EDGE_LOOP('',(#382,#383,#384,#385,#386,#387));
#1641=EDGE_LOOP('',(#388,#389,#390,#391,#392,#393));
#1642=EDGE_LOOP('',(#394,#395,#396,#397));
#1643=EDGE_LOOP('',(#398,#399,#400,#401));
#1644=EDGE_LOOP('',(#402,#403,#404,#405));
#1645=EDGE_LOOP('',(#406,#407,#408,#409));
#1646=EDGE_LOOP('',(#410,#411,#412,#413));
#1647=EDGE_LOOP('',(#414,#415,#416,#417));
#1648=EDGE_LOOP('',(#418,#419,#420,#421));
#1649=EDGE_LOOP('',(#422,#423,#424,#425));
#1650=EDGE_LOOP('',(#426,#427,#428,#429));
#1651=EDGE_LOOP('',(#430,#431,#432,#433));
#1652=EDGE_LOOP('',(#434,#435,#436,#437));
#1653=EDGE_LOOP('',(#438,#439,#440,#441));
#1654=EDGE_LOOP('',(#442,#443,#444,#445));
#1655=EDGE_LOOP('',(#446,#447,#448,#449));
#1656=EDGE_LOOP('',(#450,#451,#452,#453));
#1657=EDGE_LOOP('',(#454,#455,#456,#457));
#1658=EDGE_LOOP('',(#458,#459,#460,#461));
#1659=EDGE_LOOP('',(#462,#463,#464,#465));
#1660=EDGE_LOOP('',(#466,#467,#468,#469));
#1661=EDGE_LOOP('',(#470,#471,#472,#473));
#1662=EDGE_LOOP('',(#474,#475,#476,#477));
#1663=EDGE_LOOP('',(#478,#479,#480,#481));
#1664=EDGE_LOOP('',(#482,#483,#484,#485));
#1665=EDGE_LOOP('',(#486,#487,#488,#489));
#1666=EDGE_LOOP('',(#490,#491,#492,#493));
#1667=EDGE_LOOP('',(#494,#495,#496,#497));
#1668=EDGE_LOOP('',(#498,#499,#500,#501));
#1669=EDGE_LOOP('',(#502,#503,#504,#505));
#1670=EDGE_LOOP('',(#506,#507,#508,#509));
#1671=EDGE_LOOP('',(#510,#511,#512,#513));
#1672=EDGE_LOOP('',(#514,#515,#516,#517));
#1673=EDGE_LOOP('',(#518,#519,#520,#521));
#1674=EDGE_LOOP('',(#522,#523,#524,#525));
#1675=EDGE_LOOP('',(#526,#527,#528,#529));
#1676=EDGE_LOOP('',(#530,#531,#532,#533));
#1677=EDGE_LOOP('',(#534,#535,#536,#537));
#1678=EDGE_LOOP('',(#538,#539,#540,#541,#542,#543));
#1679=EDGE_LOOP('',(#544,#545,#546,#547,#548,#549));
#1680=EDGE_LOOP('',(#550,#551,#552,#553,#554,#555));
#1681=EDGE_LOOP('',(#556,#557,#558,#559,#560,#561));
#1682=EDGE_LOOP('',(#562,#563,#564,#565));
#1683=EDGE_LOOP('',(#566,#567,#568,#569));
#1684=FACE_BOUND('',#1568,.T.);
#1685=FACE_BOUND('',#1569,.T.);
#1686=FACE_BOUND('',#1570,.T.);
#1687=FACE_BOUND('',#1571,.T.);
#1688=FACE_BOUND('',#1572,.T.);
#1689=FACE_BOUND('',#1573,.T.);
#1690=FACE_BOUND('',#1574,.T.);
#1691=FACE_BOUND('',#1575,.T.);
#1692=FACE_BOUND('',#1576,.T.);
#1693=FACE_BOUND('',#1577,.T.);
#1694=FACE_BOUND('',#1578,.T.);
#1695=FACE_BOUND('',#1579,.T.);
#1696=FACE_BOUND('',#1580,.T.);
#1697=FACE_BOUND('',#1581,.T.);
#1698=FACE_BOUND('',#1582,.T.);
#1699=FACE_BOUND('',#1583,.T.);
#1700=FACE_BOUND('',#1584,.T.);
#1701=FACE_BOUND('',#1585,.T.);
#1702=FACE_BOUND('',#1586,.T.);
#1703=FACE_BOUND('',#1587,.T.);
#1704=FACE_BOUND('',#1588,.T.);
#1705=FACE_BOUND('',#1589,.T.);
#1706=FACE_BOUND('',#1590,.T.);
#1707=FACE_BOUND('',#1591,.T.);
#1708=FACE_BOUND('',#1592,.T.);
#1709=FACE_BOUND('',#1593,.T.);
#1710=FACE_BOUND('',#1594,.T.);
#1711=FACE_BOUND('',#1595,.T.);
#1712=FACE_BOUND('',#1596,.T.);
#1713=FACE_BOUND('',#1597,.T.);
#1714=FACE_BOUND('',#1598,.T.);
#1715=FACE_BOUND('',#1599,.T.);
#1716=FACE_BOUND('',#1600,.T.);
#1717=FACE_BOUND('',#1601,.T.);
#1718=FACE_BOUND('',#1602,.T.);
#1719=FACE_BOUND('',#1603,.T.);
#1720=FACE_BOUND('',#1604,.T.);
#1721=FACE_BOUND('',#1605,.T.);
#1722=FACE_BOUND('',#1606,.T.);
#1723=FACE_BOUND('',#1607,.T.);
#1724=FACE_BOUND('',#1608,.T.);
#1725=FACE_BOUND('',#1609,.T.);
#1726=FACE_BOUND('',#1610,.T.);
#1727=FACE_BOUND('',#1611,.T.);
#1728=FACE_BOUND('',#1612,.T.);
#1729=FACE_BOUND('',#1613,.T.);
#1730=FACE_BOUND('',#1614,.T.);
#1731=FACE_BOUND('',#1615,.T.);
#1732=FACE_BOUND('',#1616,.T.);
#1733=FACE_BOUND('',#1617,.T.);
#1734=FACE_BOUND('',#1618,.T.);
#1735=FACE_BOUND('',#1619,.T.);
#1736=FACE_BOUND('',#1620,.T.);
#1737=FACE_BOUND('',#1621,.T.);
#1738=FACE_BOUND('',#1622,.T.);
#1739=FACE_BOUND('',#1623,.T.);
#1740=FACE_BOUND('',#1624,.T.);
#1741=FACE_BOUND('',#1625,.T.);
#1742=FACE_BOUND('',#1626,.T.);
#1743=FACE_BOUND('',#1627,.T.);
#1744=FACE_BOUND('',#1628,.T.);
#1745=FACE_BOUND('',#1629,.T.);
#1746=FACE_BOUND('',#1630,.T.);
#1747=FACE_BOUND('',#1631,.T.);
#1748=FACE_BOUND('',#1632,.T.);
#1749=FACE_BOUND('',#1633,.T.);
#1750=FACE_BOUND('',#1634,.T.);
#1751=FACE_BOUND('',#1635,.T.);
#1752=FACE_BOUND('',#1636,.T.);
#1753=FACE_BOUND('',#1637,.T.);
#1754=FACE_BOUND('',#1638,.T.);
#1755=FACE_BOUND('',#1639,.T.);
#1756=FACE_BOUND('',#1640,.T.);
#1757=FACE_BOUND('',#1641,.T.);
#1758=FACE_BOUND('',#1642,.T.);
#1759=FACE_BOUND('',#1643,.T.);
#1760=FACE_BOUND('',#1644,.T.);
#1761=FACE_BOUND('',#1645,.T.);
#1762=FACE_BOUND('',#1646,.T.);
#1763=FACE_BOUND('',#1647,.T.);
#1764=FACE_BOUND('',#1648,.T.);
#1765=FACE_BOUND('',#1649,.T.);
#1766=FACE_BOUND('',#1650,.T.);
#1767=FACE_BOUND('',#1651,.T.);
#1768=FACE_BOUND('',#1652,.T.);
#1769=FACE_BOUND('',#1653,.T.);
#1770=FACE_BOUND('',#1654,.T.);
#1771=FACE_BOUND('',#1655,.T.);
#1772=FACE_BOUND('',#1656,.T.);
#1773=FACE_BOUND('',#1657,.T.);
#1774=FACE_BOUND('',#1658,.T.);
#1775=FACE_BOUND('',#1659,.T.);
#1776=FACE_BOUND('',#1660,.T.);
#1777=FACE_BOUND('',#1661,.T.);
#1778=FACE_BOUND('',#1662,.T.);
#1779=FACE_BOUND('',#1663,.T.);
#1780=FACE_BOUND('',#1664,.T.);
#1781=FACE_BOUND('',#1665,.T.);
#1782=FACE_BOUND('',#1666,.T.);
#1783=FACE_BOUND('',#1667,.T.);
#1784=FACE_BOUND('',#1668,.T.);
#1785=FACE_BOUND('',#1669,.T.);
#1786=FACE_BOUND('',#1670,.T.);
#1787=FACE_BOUND('',#1671,.T.);
#1788=FACE_BOUND('',#1672,.T.);
#1789=FACE_BOUND('',#1673,.T.);
#1790=FACE_BOUND('',#1674,.T.);
#1791=FACE_BOUND('',#1675,.T.);
#1792=FACE_BOUND('',#1676,.T.);
#1793=FACE_BOUND('',#1677,.T.);
#1794=FACE_BOUND('',#1678,.T.);
#1795=FACE_BOUND('',#1679,.T.);
#1796=FACE_BOUND('',#1680,.T.);
#1797=FACE_BOUND('',#1681,.T.);
#1798=FACE_BOUND('',#1682,.T.);
#1799=FACE_BOUND('',#1683,.T.);
#1800=PLANE('',#2041);
#1801=PLANE('',#2042);
#1802=PLANE('',#2043);
#1803=PLANE('',#2044);
#1804=PLANE('',#2045);
#1805=PLANE('',#2046);
#1806=PLANE('',#2047);
#1807=PLANE('',#2048);
#1808=PLANE('',#2049);
#1809=PLANE('',#2050);
#1810=PLANE('',#2051);
#1811=PLANE('',#2052);
#1812=PLANE('',#2053);
#1813=PLANE('',#2054);
#1814=PLANE('',#2055);
#1815=PLANE('',#2056);
#1816=PLANE('',#2057);
#1817=PLANE('',#2058);
#1818=PLANE('',#2059);
#1819=PLANE('',#2060);
#1820=PLANE('',#2061);
#1821=PLANE('',#2062);
#1822=PLANE('',#2063);
#1823=PLANE('',#2064);
#1824=PLANE('',#2065);
#1825=PLANE('',#2066);
#1826=PLANE('',#2067);
#1827=PLANE('',#2068);
#1828=PLANE('',#2069);
#1829=PLANE('',#2070);
#1830=PLANE('',#2071);
#1831=PLANE('',#2072);
#1832=PLANE('',#2073);
#1833=PLANE('',#2074);
#1834=PLANE('',#2075);
#1835=PLANE('',#2076);
#1836=PLANE('',#2077);
#1837=PLANE('',#2078);
#1838=PLANE('',#2079);
#1839=PLANE('',#2080);
#1840=PLANE('',#2081);
#1841=PLANE('',#2082);
#1842=PLANE('',#2083);
#1843=PLANE('',#2084);
#1844=PLANE('',#2085);
#1845=PLANE('',#2086);
#1846=PLANE('',#2087);
#1847=PLANE('',#2088);
#1848=PLANE('',#2089);
#1849=PLANE('',#2090);
#1850=PLANE('',#2091);
#1851=PLANE('',#2092);
#1852=PLANE('',#2093);
#1853=PLANE('',#2094);
#1854=PLANE('',#2095);
#1855=PLANE('',#2096);
#1856=PLANE('',#2097);
#1857=PLANE('',#2098);
#1858=PLANE('',#2099);
#1859=PLANE('',#2100);
#1860=PLANE('',#2101);
#1861=PLANE('',#2102);
#1862=PLANE('',#2103);
#1863=PLANE('',#2104);
#1864=PLANE('',#2105);
#1865=PLANE('',#2106);
#1866=PLANE('',#2107);
#1867=PLANE('',#2108);
#1868=PLANE('',#2109);
#1869=PLANE('',#2111);
#1870=PLANE('',#2112);
#1871=PLANE('',#2113);
#1872=PLANE('',#2114);
#1873=PLANE('',#2115);
#1874=PLANE('',#2116);
#1875=PLANE('',#2117);
#1876=PLANE('',#2118);
#1877=PLANE('',#2119);
#1878=PLANE('',#2120);
#1879=PLANE('',#2121);
#1880=PLANE('',#2122);
#1881=PLANE('',#2123);
#1882=PLANE('',#2124);
#1883=PLANE('',#2125);
#1884=PLANE('',#2126);
#1885=PLANE('',#2127);
#1886=PLANE('',#2128);
#1887=PLANE('',#2129);
#1888=PLANE('',#2130);
#1889=PLANE('',#2131);
#1890=PLANE('',#2132);
#1891=PLANE('',#2133);
#1892=PLANE('',#2134);
#1893=PLANE('',#2135);
#1894=PLANE('',#2136);
#1895=PLANE('',#2137);
#1896=PLANE('',#2138);
#1897=PLANE('',#2139);
#1898=PLANE('',#2140);
#1899=PLANE('',#2141);
#1900=PLANE('',#2142);
#1901=PLANE('',#2143);
#1902=PLANE('',#2144);
#1903=PLANE('',#2145);
#1904=PLANE('',#2146);
#1905=PLANE('',#2147);
#1906=PLANE('',#2148);
#1907=ADVANCED_FACE('',(#1684),#1800,.T.);
#1908=ADVANCED_FACE('',(#1685),#1801,.T.);
#1909=ADVANCED_FACE('',(#1686),#1802,.T.);
#1910=ADVANCED_FACE('',(#1687),#1803,.T.);
#1911=ADVANCED_FACE('',(#1688),#1804,.T.);
#1912=ADVANCED_FACE('',(#1689),#1805,.T.);
#1913=ADVANCED_FACE('',(#1690),#1806,.T.);
#1914=ADVANCED_FACE('',(#1691),#1807,.T.);
#1915=ADVANCED_FACE('',(#1692),#1808,.T.);
#1916=ADVANCED_FACE('',(#1693),#1809,.T.);
#1917=ADVANCED_FACE('',(#1694),#1810,.T.);
#1918=ADVANCED_FACE('',(#1695),#1811,.T.);
#1919=ADVANCED_FACE('',(#1696),#1812,.T.);
#1920=ADVANCED_FACE('',(#1697),#1813,.T.);
#1921=ADVANCED_FACE('',(#1698,#1699),#1814,.T.);
#1922=ADVANCED_FACE('',(#1700,#1701),#1815,.T.);
#1923=ADVANCED_FACE('',(#1702),#1816,.F.);
#1924=ADVANCED_FACE('',(#1703),#1817,.F.);
#1925=ADVANCED_FACE('',(#1704),#1818,.F.);
#1926=ADVANCED_FACE('',(#1705),#1819,.F.);
#1927=ADVANCED_FACE('',(#1706),#1820,.F.);
#1928=ADVANCED_FACE('',(#1707,#1708),#1821,.T.);
#1929=ADVANCED_FACE('',(#1709,#1710),#1822,.T.);
#1930=ADVANCED_FACE('',(#1711),#1823,.T.);
#1931=ADVANCED_FACE('',(#1712),#1824,.T.);
#1932=ADVANCED_FACE('',(#1713),#1825,.F.);
#1933=ADVANCED_FACE('',(#1714),#1826,.F.);
#1934=ADVANCED_FACE('',(#1715),#1827,.F.);
#1935=ADVANCED_FACE('',(#1716,#1717),#1828,.F.);
#1936=ADVANCED_FACE('',(#1718),#1829,.T.);
#1937=ADVANCED_FACE('',(#1719),#1830,.T.);
#1938=ADVANCED_FACE('',(#1720),#1831,.T.);
#1939=ADVANCED_FACE('',(#1721),#1832,.T.);
#1940=ADVANCED_FACE('',(#1722),#1833,.T.);
#1941=ADVANCED_FACE('',(#1723),#1834,.T.);
#1942=ADVANCED_FACE('',(#1724),#1835,.T.);
#1943=ADVANCED_FACE('',(#1725),#1836,.T.);
#1944=ADVANCED_FACE('',(#1726),#1837,.T.);
#1945=ADVANCED_FACE('',(#1727),#1838,.T.);
#1946=ADVANCED_FACE('',(#1728),#1839,.T.);
#1947=ADVANCED_FACE('',(#1729),#1840,.T.);
#1948=ADVANCED_FACE('',(#1730),#1841,.T.);
#1949=ADVANCED_FACE('',(#1731),#1842,.T.);
#1950=ADVANCED_FACE('',(#1732),#1843,.T.);
#1951=ADVANCED_FACE('',(#1733),#1844,.T.);
#1952=ADVANCED_FACE('',(#1734),#1845,.T.);
#1953=ADVANCED_FACE('',(#1735),#1846,.T.);
#1954=ADVANCED_FACE('',(#1736),#1847,.T.);
#1955=ADVANCED_FACE('',(#1737),#1848,.T.);
#1956=ADVANCED_FACE('',(#1738),#1849,.T.);
#1957=ADVANCED_FACE('',(#1739),#1850,.T.);
#1958=ADVANCED_FACE('',(#1740),#1851,.T.);
#1959=ADVANCED_FACE('',(#1741),#1852,.T.);
#1960=ADVANCED_FACE('',(#1742),#1853,.F.);
#1961=ADVANCED_FACE('',(#1743),#1854,.F.);
#1962=ADVANCED_FACE('',(#1744),#1855,.F.);
#1963=ADVANCED_FACE('',(#1745),#1856,.F.);
#1964=ADVANCED_FACE('',(#1746),#1857,.F.);
#1965=ADVANCED_FACE('',(#1747),#1858,.F.);
#1966=ADVANCED_FACE('',(#1748),#1859,.F.);
#1967=ADVANCED_FACE('',(#1749),#1860,.F.);
#1968=ADVANCED_FACE('',(#1750),#1861,.F.);
#1969=ADVANCED_FACE('',(#1751),#1862,.F.);
#1970=ADVANCED_FACE('',(#1752),#1863,.F.);
#1971=ADVANCED_FACE('',(#1753),#1864,.F.);
#1972=ADVANCED_FACE('',(#1754),#1865,.T.);
#1973=ADVANCED_FACE('',(#1755),#1866,.T.);
#1974=ADVANCED_FACE('',(#1756),#1867,.T.);
#1975=ADVANCED_FACE('',(#1757),#1868,.T.);
#1976=ADVANCED_FACE('',(#1758),#1869,.T.);
#1977=ADVANCED_FACE('',(#1759),#1870,.T.);
#1978=ADVANCED_FACE('',(#1760),#1871,.T.);
#1979=ADVANCED_FACE('',(#1761),#1872,.T.);
#1980=ADVANCED_FACE('',(#1762),#1873,.T.);
#1981=ADVANCED_FACE('',(#1763),#1874,.T.);
#1982=ADVANCED_FACE('',(#1764),#1875,.T.);
#1983=ADVANCED_FACE('',(#1765),#1876,.T.);
#1984=ADVANCED_FACE('',(#1766),#1877,.F.);
#1985=ADVANCED_FACE('',(#1767),#1878,.T.);
#1986=ADVANCED_FACE('',(#1768),#1879,.F.);
#1987=ADVANCED_FACE('',(#1769,#1770,#1771),#1880,.F.);
#1988=ADVANCED_FACE('',(#1772),#1881,.F.);
#1989=ADVANCED_FACE('',(#1773,#1774,#1775),#1882,.F.);
#1990=ADVANCED_FACE('',(#1776),#1883,.F.);
#1991=ADVANCED_FACE('',(#1777),#1884,.F.);
#1992=ADVANCED_FACE('',(#1778),#1885,.T.);
#1993=ADVANCED_FACE('',(#1779),#1886,.T.);
#1994=ADVANCED_FACE('',(#1780),#1887,.T.);
#1995=ADVANCED_FACE('',(#1781),#1888,.T.);
#1996=ADVANCED_FACE('',(#1782),#1889,.T.);
#1997=ADVANCED_FACE('',(#1783),#1890,.T.);
#1998=ADVANCED_FACE('',(#1784),#1891,.T.);
#1999=ADVANCED_FACE('',(#1785),#1892,.T.);
#2000=ADVANCED_FACE('',(#1786),#1893,.F.);
#2001=ADVANCED_FACE('',(#1787),#1894,.F.);
#2002=ADVANCED_FACE('',(#1788),#1895,.F.);
#2003=ADVANCED_FACE('',(#1789),#1896,.F.);
#2004=ADVANCED_FACE('',(#1790),#1897,.T.);
#2005=ADVANCED_FACE('',(#1791),#1898,.T.);
#2006=ADVANCED_FACE('',(#1792),#1899,.F.);
#2007=ADVANCED_FACE('',(#1793),#1900,.F.);
#2008=ADVANCED_FACE('',(#1794),#1901,.T.);
#2009=ADVANCED_FACE('',(#1795),#1902,.T.);
#2010=ADVANCED_FACE('',(#1796),#1903,.F.);
#2011=ADVANCED_FACE('',(#1797),#1904,.F.);
#2012=ADVANCED_FACE('',(#1798),#1905,.F.);
#2013=ADVANCED_FACE('',(#1799),#1906,.F.);
#2014=CLOSED_SHELL('',(#1907,#1908,#1909,#1910,#1911,#1912,#1913,#1914,#1915,#1916,#1917,#1918,#1919,#1920,#1921,#1922,#1923,#1924,#1925,#1926,#1927,#1928,#1929,#1930,#1931,#1932,#1933,#1934,#1935,#1936,#1937,#1938,#1939,#1940,#1941,#1942,#1943,#1944,#1945,#1946,#1947,#1948,#1949,#1950,#1951,#1952,#1953,#1954,#1955,#1956,#1957,#1958,#1959,#1960,#1961,#1962,#1963,#1964,#1965,#1966,#1967,#1968,#1969,#1970,#1971,#1972,#1973,#1974,#1975));
#2015=CLOSED_SHELL('',(#1976,#1977,#1978,#1979,#1980,#1981,#1982,#1983,#1984,#1985,#1986,#1987,#1988,#1989,#1990,#1991,#1992,#1993,#1994,#1995,#1996,#1997,#1998,#1999,#2000,#2001,#2002,#2003,#2004,#2005,#2006,#2007,#2008,#2009,#2010,#2011,#2012,#2013));
#2016=STYLED_ITEM('',(#2018),#2032);
#2017=STYLED_ITEM('',(#2019),#2033);
#2018=PRESENTATION_STYLE_ASSIGNMENT((#2020));
#2019=PRESENTATION_STYLE_ASSIGNMENT((#2021));
#2020=SURFACE_STYLE_USAGE(.BOTH.,#2022);
#2021=SURFACE_STYLE_USAGE(.BOTH.,#2023);
#2022=SURFACE_SIDE_STYLE('',(#2024));
#2023=SURFACE_SIDE_STYLE('',(#2025));
#2024=SURFACE_STYLE_FILL_AREA(#2026);
#2025=SURFACE_STYLE_FILL_AREA(#2027);
#2026=FILL_AREA_STYLE('',(#2028));
#2027=FILL_AREA_STYLE('',(#2029));
#2028=FILL_AREA_STYLE_COLOUR('',#2030);
#2029=FILL_AREA_STYLE_COLOUR('',#2031);
#2030=COLOUR_RGB('',0.301960784313725,0.301960784313725,0.301960784313725);
#2031=COLOUR_RGB('',0.858823529411765,0.737254901960784,0.494117647058824);
#2032=MANIFOLD_SOLID_BREP('TSW-102-07-L-S_body',#2014);
#2033=MANIFOLD_SOLID_BREP('T-1S6-07-TSW-1-07-2-S',#2015);
#2034=SHAPE_DEFINITION_REPRESENTATION(#3214,#2037);
#2035=SHAPE_DEFINITION_REPRESENTATION(#3215,#2038);
#2036=SHAPE_DEFINITION_REPRESENTATION(#3217,#2039);
#2037=SHAPE_REPRESENTATION('TSW-102-07-L-S',(#2040,#2110,#2149),#3205);
#2038=SHAPE_REPRESENTATION('TSW-102-07-L-S_body',(#2040),#3206);
#2039=SHAPE_REPRESENTATION('T-1S6-07-TSW-1-07-2-S',(#2040),#3207);
#2040=AXIS2_PLACEMENT_3D('',#2644,#2150,#2151);
#2041=AXIS2_PLACEMENT_3D('',#2645,#2152,#2153);
#2042=AXIS2_PLACEMENT_3D('',#2658,#2160,#2161);
#2043=AXIS2_PLACEMENT_3D('',#2664,#2165,#2166);
#2044=AXIS2_PLACEMENT_3D('',#2670,#2170,#2171);
#2045=AXIS2_PLACEMENT_3D('',#2679,#2176,#2177);
#2046=AXIS2_PLACEMENT_3D('',#2689,#2183,#2184);
#2047=AXIS2_PLACEMENT_3D('',#2695,#2188,#2189);
#2048=AXIS2_PLACEMENT_3D('',#2704,#2194,#2195);
#2049=AXIS2_PLACEMENT_3D('',#2713,#2200,#2201);
#2050=AXIS2_PLACEMENT_3D('',#2722,#2206,#2207);
#2051=AXIS2_PLACEMENT_3D('',#2731,#2212,#2213);
#2052=AXIS2_PLACEMENT_3D('',#2740,#2218,#2219);
#2053=AXIS2_PLACEMENT_3D('',#2749,#2224,#2225);
#2054=AXIS2_PLACEMENT_3D('',#2758,#2230,#2231);
#2055=AXIS2_PLACEMENT_3D('',#2767,#2236,#2237);
#2056=AXIS2_PLACEMENT_3D('',#2796,#2254,#2255);
#2057=AXIS2_PLACEMENT_3D('',#2833,#2276,#2277);
#2058=AXIS2_PLACEMENT_3D('',#2842,#2282,#2283);
#2059=AXIS2_PLACEMENT_3D('',#2848,#2287,#2288);
#2060=AXIS2_PLACEMENT_3D('',#2852,#2291,#2292);
#2061=AXIS2_PLACEMENT_3D('',#2856,#2295,#2296);
#2062=AXIS2_PLACEMENT_3D('',#2858,#2298,#2299);
#2063=AXIS2_PLACEMENT_3D('',#2873,#2308,#2309);
#2064=AXIS2_PLACEMENT_3D('',#2896,#2322,#2323);
#2065=AXIS2_PLACEMENT_3D('',#2899,#2326,#2327);
#2066=AXIS2_PLACEMENT_3D('',#2902,#2330,#2331);
#2067=AXIS2_PLACEMENT_3D('',#2905,#2334,#2335);
#2068=AXIS2_PLACEMENT_3D('',#2907,#2337,#2338);
#2069=AXIS2_PLACEMENT_3D('',#2909,#2340,#2341);
#2070=AXIS2_PLACEMENT_3D('',#2910,#2342,#2343);
#2071=AXIS2_PLACEMENT_3D('',#2913,#2346,#2347);
#2072=AXIS2_PLACEMENT_3D('',#2916,#2350,#2351);
#2073=AXIS2_PLACEMENT_3D('',#2918,#2353,#2354);
#2074=AXIS2_PLACEMENT_3D('',#2920,#2356,#2357);
#2075=AXIS2_PLACEMENT_3D('',#2921,#2358,#2359);
#2076=AXIS2_PLACEMENT_3D('',#2923,#2361,#2362);
#2077=AXIS2_PLACEMENT_3D('',#2925,#2364,#2365);
#2078=AXIS2_PLACEMENT_3D('',#2926,#2366,#2367);
#2079=AXIS2_PLACEMENT_3D('',#2930,#2370,#2371);
#2080=AXIS2_PLACEMENT_3D('',#2934,#2374,#2375);
#2081=AXIS2_PLACEMENT_3D('',#2938,#2378,#2379);
#2082=AXIS2_PLACEMENT_3D('',#2942,#2382,#2383);
#2083=AXIS2_PLACEMENT_3D('',#2946,#2386,#2387);
#2084=AXIS2_PLACEMENT_3D('',#2950,#2390,#2391);
#2085=AXIS2_PLACEMENT_3D('',#2954,#2394,#2395);
#2086=AXIS2_PLACEMENT_3D('',#2958,#2398,#2399);
#2087=AXIS2_PLACEMENT_3D('',#2962,#2402,#2403);
#2088=AXIS2_PLACEMENT_3D('',#2966,#2406,#2407);
#2089=AXIS2_PLACEMENT_3D('',#2970,#2410,#2411);
#2090=AXIS2_PLACEMENT_3D('',#2974,#2414,#2415);
#2091=AXIS2_PLACEMENT_3D('',#2979,#2419,#2420);
#2092=AXIS2_PLACEMENT_3D('',#2984,#2424,#2425);
#2093=AXIS2_PLACEMENT_3D('',#2989,#2429,#2430);
#2094=AXIS2_PLACEMENT_3D('',#2994,#2434,#2435);
#2095=AXIS2_PLACEMENT_3D('',#2996,#2437,#2438);
#2096=AXIS2_PLACEMENT_3D('',#2998,#2440,#2441);
#2097=AXIS2_PLACEMENT_3D('',#3000,#2443,#2444);
#2098=AXIS2_PLACEMENT_3D('',#3002,#2446,#2447);
#2099=AXIS2_PLACEMENT_3D('',#3004,#2449,#2450);
#2100=AXIS2_PLACEMENT_3D('',#3006,#2452,#2453);
#2101=AXIS2_PLACEMENT_3D('',#3008,#2455,#2456);
#2102=AXIS2_PLACEMENT_3D('',#3010,#2458,#2459);
#2103=AXIS2_PLACEMENT_3D('',#3011,#2460,#2461);
#2104=AXIS2_PLACEMENT_3D('',#3012,#2462,#2463);
#2105=AXIS2_PLACEMENT_3D('',#3013,#2464,#2465);
#2106=AXIS2_PLACEMENT_3D('',#3014,#2466,#2467);
#2107=AXIS2_PLACEMENT_3D('',#3016,#2469,#2470);
#2108=AXIS2_PLACEMENT_3D('',#3017,#2471,#2472);
#2109=AXIS2_PLACEMENT_3D('',#3019,#2474,#2475);
#2110=AXIS2_PLACEMENT_3D('',#3020,#2476,#2477);
#2111=AXIS2_PLACEMENT_3D('',#3021,#2478,#2479);
#2112=AXIS2_PLACEMENT_3D('',#3030,#2484,#2485);
#2113=AXIS2_PLACEMENT_3D('',#3039,#2490,#2491);
#2114=AXIS2_PLACEMENT_3D('',#3048,#2496,#2497);
#2115=AXIS2_PLACEMENT_3D('',#3057,#2502,#2503);
#2116=AXIS2_PLACEMENT_3D('',#3066,#2508,#2509);
#2117=AXIS2_PLACEMENT_3D('',#3075,#2514,#2515);
#2118=AXIS2_PLACEMENT_3D('',#3084,#2520,#2521);
#2119=AXIS2_PLACEMENT_3D('',#3093,#2526,#2527);
#2120=AXIS2_PLACEMENT_3D('',#3102,#2532,#2533);
#2121=AXIS2_PLACEMENT_3D('',#3111,#2538,#2539);
#2122=AXIS2_PLACEMENT_3D('',#3114,#2542,#2543);
#2123=AXIS2_PLACEMENT_3D('',#3132,#2553,#2554);
#2124=AXIS2_PLACEMENT_3D('',#3134,#2556,#2557);
#2125=AXIS2_PLACEMENT_3D('',#3151,#2566,#2567);
#2126=AXIS2_PLACEMENT_3D('',#3155,#2571,#2572);
#2127=AXIS2_PLACEMENT_3D('',#3159,#2576,#2577);
#2128=AXIS2_PLACEMENT_3D('',#3163,#2581,#2582);
#2129=AXIS2_PLACEMENT_3D('',#3167,#2586,#2587);
#2130=AXIS2_PLACEMENT_3D('',#3169,#2589,#2590);
#2131=AXIS2_PLACEMENT_3D('',#3171,#2592,#2593);
#2132=AXIS2_PLACEMENT_3D('',#3173,#2595,#2596);
#2133=AXIS2_PLACEMENT_3D('',#3175,#2598,#2599);
#2134=AXIS2_PLACEMENT_3D('',#3176,#2600,#2601);
#2135=AXIS2_PLACEMENT_3D('',#3177,#2602,#2603);
#2136=AXIS2_PLACEMENT_3D('',#3178,#2604,#2605);
#2137=AXIS2_PLACEMENT_3D('',#3179,#2606,#2607);
#2138=AXIS2_PLACEMENT_3D('',#3180,#2608,#2609);
#2139=AXIS2_PLACEMENT_3D('',#3181,#2610,#2611);
#2140=AXIS2_PLACEMENT_3D('',#3184,#2614,#2615);
#2141=AXIS2_PLACEMENT_3D('',#3187,#2618,#2619);
#2142=AXIS2_PLACEMENT_3D('',#3190,#2622,#2623);
#2143=AXIS2_PLACEMENT_3D('',#3193,#2626,#2627);
#2144=AXIS2_PLACEMENT_3D('',#3195,#2629,#2630);
#2145=AXIS2_PLACEMENT_3D('',#3197,#2632,#2633);
#2146=AXIS2_PLACEMENT_3D('',#3199,#2635,#2636);
#2147=AXIS2_PLACEMENT_3D('',#3201,#2638,#2639);
#2148=AXIS2_PLACEMENT_3D('',#3202,#2640,#2641);
#2149=AXIS2_PLACEMENT_3D('',#3203,#2642,#2643);
#2150=DIRECTION('',(0.,0.,1.));
#2151=DIRECTION('',(1.,0.,0.));
#2152=DIRECTION('',(0.,0.,1.));
#2153=DIRECTION('',(1.,0.,0.));
#2154=DIRECTION('',(0.,-1.,0.));
#2155=DIRECTION('',(-0.707106781186548,-0.707106781186547,0.));
#2156=DIRECTION('',(-0.707106781186548,0.707106781186547,0.));
#2157=DIRECTION('',(0.,-1.,0.));
#2158=DIRECTION('',(0.707106781186548,0.707106781186547,0.));
#2159=DIRECTION('',(0.707106781186548,-0.707106781186547,0.));
#2160=DIRECTION('',(-0.898794046299161,0.,0.43837114678909));
#2161=DIRECTION('',(0.43837114678909,0.,0.898794046299161));
#2162=DIRECTION('',(-0.401488399504238,0.401488399504237,-0.823173207853033));
#2163=DIRECTION('',(0.,-1.,0.));
#2164=DIRECTION('',(0.401488399504237,0.401488399504237,0.823173207853033));
#2165=DIRECTION('',(0.898794046299169,0.,0.438371146789074));
#2166=DIRECTION('',(0.438371146789074,0.,-0.898794046299169));
#2167=DIRECTION('',(0.,-1.,0.));
#2168=DIRECTION('',(-0.401488399504225,-0.401488399504224,0.823173207853045));
#2169=DIRECTION('',(0.401488399504225,-0.401488399504225,-0.823173207853044));
#2170=DIRECTION('',(-0.898794046299167,0.,-0.438371146789077));
#2171=DIRECTION('',(-0.438371146789077,0.,0.898794046299167));
#2172=DIRECTION('',(0.,-1.,0.));
#2173=DIRECTION('',(0.401488399504228,-0.401488399504227,-0.823173207853042));
#2174=DIRECTION('',(0.,-1.,0.));
#2175=DIRECTION('',(-0.401488399504228,-0.401488399504228,0.823173207853042));
#2176=DIRECTION('',(0.,0.,-1.));
#2177=DIRECTION('',(-1.,0.,0.));
#2178=DIRECTION('',(-0.707106781186548,-0.707106781186547,0.));
#2179=DIRECTION('',(0.707106781186548,-0.707106781186547,0.));
#2180=DIRECTION('',(0.707106781186548,0.707106781186547,0.));
#2181=DIRECTION('',(0.,-1.,0.));
#2182=DIRECTION('',(-0.707106781186548,0.707106781186547,0.));
#2183=DIRECTION('',(0.898794046299167,0.,-0.438371146789077));
#2184=DIRECTION('',(-0.438371146789077,0.,-0.898794046299167));
#2185=DIRECTION('',(0.401488399504228,0.401488399504227,0.823173207853042));
#2186=DIRECTION('',(0.,-1.,0.));
#2187=DIRECTION('',(-0.401488399504228,0.401488399504228,-0.823173207853042));
#2188=DIRECTION('',(0.,0.,1.));
#2189=DIRECTION('',(1.,0.,0.));
#2190=DIRECTION('',(-1.,0.,0.));
#2191=DIRECTION('',(0.,1.,0.));
#2192=DIRECTION('',(1.,0.,0.));
#2193=DIRECTION('',(0.,-1.,0.));
#2194=DIRECTION('',(0.,0.,-1.));
#2195=DIRECTION('',(-1.,0.,0.));
#2196=DIRECTION('',(-1.,0.,0.));
#2197=DIRECTION('',(0.,-1.,0.));
#2198=DIRECTION('',(-1.,0.,0.));
#2199=DIRECTION('',(0.,1.,0.));
#2200=DIRECTION('',(0.,0.,-1.));
#2201=DIRECTION('',(-1.,0.,0.));
#2202=DIRECTION('',(-1.,0.,0.));
#2203=DIRECTION('',(0.,1.,0.));
#2204=DIRECTION('',(-1.,0.,0.));
#2205=DIRECTION('',(0.,-1.,0.));
#2206=DIRECTION('',(0.,0.,1.));
#2207=DIRECTION('',(1.,0.,0.));
#2208=DIRECTION('',(1.,0.,0.));
#2209=DIRECTION('',(0.,-1.,0.));
#2210=DIRECTION('',(-1.,0.,0.));
#2211=DIRECTION('',(0.,1.,0.));
#2212=DIRECTION('',(0.,0.,-1.));
#2213=DIRECTION('',(-1.,0.,0.));
#2214=DIRECTION('',(-1.,0.,0.));
#2215=DIRECTION('',(0.,-1.,0.));
#2216=DIRECTION('',(-1.,0.,0.));
#2217=DIRECTION('',(0.,1.,0.));
#2218=DIRECTION('',(0.,0.,1.));
#2219=DIRECTION('',(1.,0.,0.));
#2220=DIRECTION('',(-1.,0.,0.));
#2221=DIRECTION('',(0.,1.,0.));
#2222=DIRECTION('',(1.,0.,0.));
#2223=DIRECTION('',(0.,-1.,0.));
#2224=DIRECTION('',(0.,0.,-1.));
#2225=DIRECTION('',(-1.,0.,0.));
#2226=DIRECTION('',(-1.,0.,0.));
#2227=DIRECTION('',(0.,1.,0.));
#2228=DIRECTION('',(-1.,0.,0.));
#2229=DIRECTION('',(0.,-1.,0.));
#2230=DIRECTION('',(0.,0.,1.));
#2231=DIRECTION('',(1.,0.,0.));
#2232=DIRECTION('',(1.,0.,0.));
#2233=DIRECTION('',(0.,-1.,0.));
#2234=DIRECTION('',(-1.,0.,0.));
#2235=DIRECTION('',(0.,1.,0.));
#2236=DIRECTION('',(9.23014419849868E-17,-1.,0.));
#2237=DIRECTION('',(1.,9.23014419849868E-17,0.));
#2238=DIRECTION('',(0.,0.,-1.));
#2239=DIRECTION('',(-1.,0.,0.));
#2240=DIRECTION('',(0.,0.,1.));
#2241=DIRECTION('',(1.,0.,0.));
#2242=DIRECTION('',(0.,0.,1.));
#2243=DIRECTION('',(-1.,0.,0.));
#2244=DIRECTION('',(0.,0.,-1.));
#2245=DIRECTION('',(0.,0.,-1.));
#2246=DIRECTION('',(-1.,0.,0.));
#2247=DIRECTION('',(0.,0.,-1.));
#2248=DIRECTION('',(0.,0.,1.));
#2249=DIRECTION('',(0.,0.,-1.));
#2250=DIRECTION('',(1.,0.,0.));
#2251=DIRECTION('',(0.,0.,-1.));
#2252=DIRECTION('',(0.,0.,-1.));
#2253=DIRECTION('',(1.,0.,0.));
#2254=DIRECTION('',(9.23014419849868E-17,-1.,0.));
#2255=DIRECTION('',(1.,9.23014419849868E-17,0.));
#2256=DIRECTION('',(0.,0.,-1.));
#2257=DIRECTION('',(-1.,0.,0.));
#2258=DIRECTION('',(0.,0.,1.));
#2259=DIRECTION('',(1.,0.,0.));
#2260=DIRECTION('',(0.,0.,-1.));
#2261=DIRECTION('',(-1.,-9.23014419849868E-17,0.));
#2262=DIRECTION('',(0.,0.,-1.));
#2263=DIRECTION('',(-1.,-9.23014419849868E-17,0.));
#2264=DIRECTION('',(0.,0.,-1.));
#2265=DIRECTION('',(1.,9.23014419849868E-17,0.));
#2266=DIRECTION('',(0.,0.,-1.));
#2267=DIRECTION('',(1.,9.23014419849868E-17,0.));
#2268=DIRECTION('',(0.,0.,-1.));
#2269=DIRECTION('',(0.,0.,-1.));
#2270=DIRECTION('',(1.,0.,0.));
#2271=DIRECTION('',(0.,0.,-1.));
#2272=DIRECTION('',(0.,0.,-1.));
#2273=DIRECTION('',(0.,0.,-1.));
#2274=DIRECTION('',(-1.,0.,0.));
#2275=DIRECTION('',(0.,0.,-1.));
#2276=DIRECTION('',(1.,0.,0.));
#2277=DIRECTION('',(0.,0.,-1.));
#2278=DIRECTION('',(0.,0.,1.));
#2279=DIRECTION('',(0.,1.,0.));
#2280=DIRECTION('',(0.,0.,-1.));
#2281=DIRECTION('',(0.,-1.,0.));
#2282=DIRECTION('',(0.,0.,1.));
#2283=DIRECTION('',(1.,0.,0.));
#2284=DIRECTION('',(-1.,0.,0.));
#2285=DIRECTION('',(0.,-1.,0.));
#2286=DIRECTION('',(-1.,0.,0.));
#2287=DIRECTION('',(0.,1.,0.));
#2288=DIRECTION('',(0.,0.,1.));
#2289=DIRECTION('',(0.,0.,1.));
#2290=DIRECTION('',(-1.,0.,0.));
#2291=DIRECTION('',(0.,0.,-1.));
#2292=DIRECTION('',(-1.,0.,0.));
#2293=DIRECTION('',(0.,1.,0.));
#2294=DIRECTION('',(-1.,0.,0.));
#2295=DIRECTION('',(0.,-1.,0.));
#2296=DIRECTION('',(0.,0.,-1.));
#2297=DIRECTION('',(0.,0.,-1.));
#2298=DIRECTION('',(0.,1.,0.));
#2299=DIRECTION('',(0.,0.,1.));
#2300=DIRECTION('',(-1.,0.,0.));
#2301=DIRECTION('',(0.,0.,1.));
#2302=DIRECTION('',(1.,0.,0.));
#2303=DIRECTION('',(0.,0.,-1.));
#2304=DIRECTION('',(-1.,0.,0.));
#2305=DIRECTION('',(0.,0.,-1.));
#2306=DIRECTION('',(1.,0.,0.));
#2307=DIRECTION('',(0.,0.,1.));
#2308=DIRECTION('',(0.,1.,0.));
#2309=DIRECTION('',(0.,0.,1.));
#2310=DIRECTION('',(0.,0.,1.));
#2311=DIRECTION('',(-1.,0.,0.));
#2312=DIRECTION('',(0.,0.,1.));
#2313=DIRECTION('',(1.,0.,0.));
#2314=DIRECTION('',(0.,0.,-1.));
#2315=DIRECTION('',(-1.,0.,0.));
#2316=DIRECTION('',(0.,0.,1.));
#2317=DIRECTION('',(-1.,0.,0.));
#2318=DIRECTION('',(-1.,0.,0.));
#2319=DIRECTION('',(0.,0.,-1.));
#2320=DIRECTION('',(1.,0.,0.));
#2321=DIRECTION('',(0.,0.,1.));
#2322=DIRECTION('',(0.,0.,1.));
#2323=DIRECTION('',(1.,0.,0.));
#2324=DIRECTION('',(0.,-1.,0.));
#2325=DIRECTION('',(0.,1.,0.));
#2326=DIRECTION('',(0.,0.,-1.));
#2327=DIRECTION('',(-1.,0.,0.));
#2328=DIRECTION('',(0.,-1.,0.));
#2329=DIRECTION('',(0.,1.,0.));
#2330=DIRECTION('',(-1.,0.,0.));
#2331=DIRECTION('',(0.,0.,1.));
#2332=DIRECTION('',(0.,-1.,0.));
#2333=DIRECTION('',(0.,-1.,0.));
#2334=DIRECTION('',(1.,0.,0.));
#2335=DIRECTION('',(0.,0.,-1.));
#2336=DIRECTION('',(0.,-1.,0.));
#2337=DIRECTION('',(1.,0.,0.));
#2338=DIRECTION('',(0.,0.,-1.));
#2339=DIRECTION('',(0.,-1.,0.));
#2340=DIRECTION('',(1.,0.,0.));
#2341=DIRECTION('',(0.,0.,-1.));
#2342=DIRECTION('',(1.,0.,0.));
#2343=DIRECTION('',(0.,0.,-1.));
#2344=DIRECTION('',(0.,-1.,0.));
#2345=DIRECTION('',(0.,-1.,0.));
#2346=DIRECTION('',(1.,0.,0.));
#2347=DIRECTION('',(0.,0.,-1.));
#2348=DIRECTION('',(0.,-1.,0.));
#2349=DIRECTION('',(0.,-1.,0.));
#2350=DIRECTION('',(0.,0.,-1.));
#2351=DIRECTION('',(-1.,0.,0.));
#2352=DIRECTION('',(0.,-1.,0.));
#2353=DIRECTION('',(-1.,0.,0.));
#2354=DIRECTION('',(0.,0.,1.));
#2355=DIRECTION('',(0.,-1.,0.));
#2356=DIRECTION('',(0.,0.,1.));
#2357=DIRECTION('',(1.,0.,0.));
#2358=DIRECTION('',(0.,0.,-1.));
#2359=DIRECTION('',(-1.,0.,0.));
#2360=DIRECTION('',(0.,-1.,0.));
#2361=DIRECTION('',(-1.,0.,0.));
#2362=DIRECTION('',(0.,0.,1.));
#2363=DIRECTION('',(0.,-1.,0.));
#2364=DIRECTION('',(0.,0.,1.));
#2365=DIRECTION('',(1.,0.,0.));
#2366=DIRECTION('',(1.,0.,0.));
#2367=DIRECTION('',(0.,0.,-1.));
#2368=DIRECTION('',(0.,0.,-1.));
#2369=DIRECTION('',(0.,1.,0.));
#2370=DIRECTION('',(1.,0.,0.));
#2371=DIRECTION('',(0.,0.,-1.));
#2372=DIRECTION('',(0.,0.,-1.));
#2373=DIRECTION('',(0.,-1.,0.));
#2374=DIRECTION('',(-1.,0.,0.));
#2375=DIRECTION('',(0.,0.,1.));
#2376=DIRECTION('',(0.,0.,1.));
#2377=DIRECTION('',(0.,-1.,0.));
#2378=DIRECTION('',(-1.,0.,0.));
#2379=DIRECTION('',(0.,0.,1.));
#2380=DIRECTION('',(0.,0.,1.));
#2381=DIRECTION('',(0.,1.,0.));
#2382=DIRECTION('',(1.,0.,0.));
#2383=DIRECTION('',(0.,0.,-1.));
#2384=DIRECTION('',(0.,0.,-1.));
#2385=DIRECTION('',(0.,1.,0.));
#2386=DIRECTION('',(1.,0.,0.));
#2387=DIRECTION('',(0.,0.,-1.));
#2388=DIRECTION('',(0.,0.,-1.));
#2389=DIRECTION('',(0.,-1.,0.));
#2390=DIRECTION('',(-1.,0.,0.));
#2391=DIRECTION('',(0.,0.,1.));
#2392=DIRECTION('',(0.,0.,-1.));
#2393=DIRECTION('',(0.,-1.,0.));
#2394=DIRECTION('',(-1.,0.,0.));
#2395=DIRECTION('',(0.,0.,1.));
#2396=DIRECTION('',(0.,0.,-1.));
#2397=DIRECTION('',(0.,1.,0.));
#2398=DIRECTION('',(1.,0.,0.));
#2399=DIRECTION('',(0.,0.,-1.));
#2400=DIRECTION('',(0.,0.,-1.));
#2401=DIRECTION('',(0.,1.,0.));
#2402=DIRECTION('',(1.,0.,0.));
#2403=DIRECTION('',(0.,0.,-1.));
#2404=DIRECTION('',(0.,0.,-1.));
#2405=DIRECTION('',(0.,-1.,0.));
#2406=DIRECTION('',(-1.,0.,0.));
#2407=DIRECTION('',(0.,0.,1.));
#2408=DIRECTION('',(0.,0.,-1.));
#2409=DIRECTION('',(0.,-1.,0.));
#2410=DIRECTION('',(-1.,0.,0.));
#2411=DIRECTION('',(0.,0.,1.));
#2412=DIRECTION('',(0.,0.,-1.));
#2413=DIRECTION('',(0.,1.,0.));
#2414=DIRECTION('',(-1.,0.,0.));
#2415=DIRECTION('',(0.,0.,1.));
#2416=DIRECTION('',(0.,0.,1.));
#2417=DIRECTION('',(0.,0.,-1.));
#2418=DIRECTION('',(0.,-1.,0.));
#2419=DIRECTION('',(-1.,0.,0.));
#2420=DIRECTION('',(0.,0.,1.));
#2421=DIRECTION('',(0.,0.,-1.));
#2422=DIRECTION('',(0.,0.,1.));
#2423=DIRECTION('',(0.,1.,0.));
#2424=DIRECTION('',(1.,0.,0.));
#2425=DIRECTION('',(0.,0.,-1.));
#2426=DIRECTION('',(0.,0.,-1.));
#2427=DIRECTION('',(0.,0.,-1.));
#2428=DIRECTION('',(0.,1.,0.));
#2429=DIRECTION('',(1.,0.,0.));
#2430=DIRECTION('',(0.,0.,-1.));
#2431=DIRECTION('',(0.,0.,-1.));
#2432=DIRECTION('',(0.,0.,-1.));
#2433=DIRECTION('',(0.,-1.,0.));
#2434=DIRECTION('',(0.,1.,0.));
#2435=DIRECTION('',(0.,0.,1.));
#2436=DIRECTION('',(-1.,0.,0.));
#2437=DIRECTION('',(0.,1.,0.));
#2438=DIRECTION('',(0.,0.,1.));
#2439=DIRECTION('',(1.,0.,0.));
#2440=DIRECTION('',(0.,1.,0.));
#2441=DIRECTION('',(0.,0.,1.));
#2442=DIRECTION('',(-1.,0.,0.));
#2443=DIRECTION('',(0.,1.,0.));
#2444=DIRECTION('',(0.,0.,1.));
#2445=DIRECTION('',(1.,0.,0.));
#2446=DIRECTION('',(0.,1.,0.));
#2447=DIRECTION('',(0.,0.,1.));
#2448=DIRECTION('',(-1.,0.,0.));
#2449=DIRECTION('',(0.,1.,0.));
#2450=DIRECTION('',(0.,0.,1.));
#2451=DIRECTION('',(1.,0.,0.));
#2452=DIRECTION('',(0.,1.,0.));
#2453=DIRECTION('',(0.,0.,1.));
#2454=DIRECTION('',(-1.,0.,0.));
#2455=DIRECTION('',(0.,1.,0.));
#2456=DIRECTION('',(0.,0.,1.));
#2457=DIRECTION('',(1.,0.,0.));
#2458=DIRECTION('',(0.,0.,1.));
#2459=DIRECTION('',(1.,0.,0.));
#2460=DIRECTION('',(0.,0.,1.));
#2461=DIRECTION('',(1.,0.,0.));
#2462=DIRECTION('',(0.,0.,-1.));
#2463=DIRECTION('',(-1.,0.,0.));
#2464=DIRECTION('',(0.,0.,-1.));
#2465=DIRECTION('',(-1.,0.,0.));
#2466=DIRECTION('',(-0.707106781186548,-0.707106781186548,0.));
#2467=DIRECTION('',(0.707106781186548,-0.707106781186548,0.));
#2468=DIRECTION('',(0.,0.,-1.));
#2469=DIRECTION('',(0.707106781186548,-0.707106781186548,0.));
#2470=DIRECTION('',(0.707106781186548,0.707106781186548,0.));
#2471=DIRECTION('',(-0.707106781186548,0.707106781186548,0.));
#2472=DIRECTION('',(-0.707106781186548,-0.707106781186548,0.));
#2473=DIRECTION('',(0.,0.,-1.));
#2474=DIRECTION('',(0.707106781186548,0.707106781186548,0.));
#2475=DIRECTION('',(-0.707106781186548,0.707106781186548,0.));
#2476=DIRECTION('',(0.,0.,1.));
#2477=DIRECTION('',(1.,0.,0.));
#2478=DIRECTION('',(0.866025403784437,-0.5,0.));
#2479=DIRECTION('',(0.5,0.866025403784437,0.));
#2480=DIRECTION('',(0.5,0.866025403784437,0.));
#2481=DIRECTION('',(0.,0.,1.));
#2482=DIRECTION('',(0.5,0.866025403784437,0.));
#2483=DIRECTION('',(0.,0.,-1.));
#2484=DIRECTION('',(-0.866025403784437,-0.5,0.));
#2485=DIRECTION('',(0.5,-0.866025403784437,0.));
#2486=DIRECTION('',(0.5,-0.866025403784437,0.));
#2487=DIRECTION('',(0.,0.,-1.));
#2488=DIRECTION('',(0.5,-0.866025403784437,0.));
#2489=DIRECTION('',(0.,0.,-1.));
#2490=DIRECTION('',(0.866025403784437,-0.5,0.));
#2491=DIRECTION('',(0.5,0.866025403784437,0.));
#2492=DIRECTION('',(0.5,0.866025403784437,0.));
#2493=DIRECTION('',(0.,0.,-1.));
#2494=DIRECTION('',(0.5,0.866025403784437,0.));
#2495=DIRECTION('',(0.,0.,-1.));
#2496=DIRECTION('',(-0.866025403784451,-0.499999999999979,0.));
#2497=DIRECTION('',(0.499999999999979,-0.866025403784451,0.));
#2498=DIRECTION('',(0.499999999999979,-0.866025403784451,0.));
#2499=DIRECTION('',(0.,0.,-1.));
#2500=DIRECTION('',(0.499999999999979,-0.866025403784451,0.));
#2501=DIRECTION('',(0.,0.,1.));
#2502=DIRECTION('',(-0.866025403784439,0.5,0.));
#2503=DIRECTION('',(-0.5,-0.866025403784439,0.));
#2504=DIRECTION('',(0.,0.,-1.));
#2505=DIRECTION('',(-0.447213595499957,-0.774596669241485,0.447213595499956));
#2506=DIRECTION('',(0.,0.,-1.));
#2507=DIRECTION('',(0.447213595499957,0.774596669241485,0.447213595499957));
#2508=DIRECTION('',(0.866025403784439,0.5,0.));
#2509=DIRECTION('',(-0.5,0.866025403784439,0.));
#2510=DIRECTION('',(0.,0.,-1.));
#2511=DIRECTION('',(-0.447213595499958,0.774596669241485,-0.447213595499956));
#2512=DIRECTION('',(0.,0.,-1.));
#2513=DIRECTION('',(0.447213595499958,-0.774596669241485,-0.447213595499957));
#2514=DIRECTION('',(-0.866025403784439,0.5,0.));
#2515=DIRECTION('',(-0.5,-0.866025403784439,0.));
#2516=DIRECTION('',(0.,0.,-1.));
#2517=DIRECTION('',(-0.447213595499958,-0.774596669241485,0.447213595499956));
#2518=DIRECTION('',(0.,0.,-1.));
#2519=DIRECTION('',(0.447213595499958,0.774596669241485,0.447213595499957));
#2520=DIRECTION('',(0.866025403784439,0.5,0.));
#2521=DIRECTION('',(-0.5,0.866025403784439,0.));
#2522=DIRECTION('',(0.,0.,-1.));
#2523=DIRECTION('',(-0.447213595499958,0.774596669241484,-0.447213595499956));
#2524=DIRECTION('',(0.,0.,-1.));
#2525=DIRECTION('',(0.447213595499958,-0.774596669241484,-0.447213595499957));
#2526=DIRECTION('',(1.,0.,0.));
#2527=DIRECTION('',(0.,0.,-1.));
#2528=DIRECTION('',(0.,0.,1.));
#2529=DIRECTION('',(0.,1.,0.));
#2530=DIRECTION('',(0.,0.,-1.));
#2531=DIRECTION('',(0.,-1.,0.));
#2532=DIRECTION('',(1.,0.,0.));
#2533=DIRECTION('',(0.,0.,-1.));
#2534=DIRECTION('',(0.,0.,1.));
#2535=DIRECTION('',(0.,-1.,0.));
#2536=DIRECTION('',(0.,0.,-1.));
#2537=DIRECTION('',(0.,1.,0.));
#2538=DIRECTION('',(0.,0.,1.));
#2539=DIRECTION('',(1.,0.,0.));
#2540=DIRECTION('',(-1.,0.,0.));
#2541=DIRECTION('',(-1.,0.,0.));
#2542=DIRECTION('',(0.,1.,0.));
#2543=DIRECTION('',(0.,0.,1.));
#2544=DIRECTION('',(-1.,0.,0.));
#2545=DIRECTION('',(-1.,0.,0.));
#2546=DIRECTION('',(0.,0.,-1.));
#2547=DIRECTION('',(-1.,0.,0.));
#2548=DIRECTION('',(0.,0.,-1.));
#2549=DIRECTION('',(-1.,0.,0.));
#2550=DIRECTION('',(0.,0.,-1.));
#2551=DIRECTION('',(-1.,0.,0.));
#2552=DIRECTION('',(0.,0.,1.));
#2553=DIRECTION('',(0.,0.,-1.));
#2554=DIRECTION('',(-1.,0.,0.));
#2555=DIRECTION('',(-1.,0.,0.));
#2556=DIRECTION('',(0.,-1.,0.));
#2557=DIRECTION('',(0.,0.,-1.));
#2558=DIRECTION('',(1.,0.,0.));
#2559=DIRECTION('',(0.,0.,-1.));
#2560=DIRECTION('',(1.,0.,0.));
#2561=DIRECTION('',(0.,0.,1.));
#2562=DIRECTION('',(0.,0.,-1.));
#2563=DIRECTION('',(1.,0.,0.));
#2564=DIRECTION('',(0.,0.,-1.));
#2565=DIRECTION('',(1.,0.,0.));
#2566=DIRECTION('',(0.,0.,1.));
#2567=DIRECTION('',(1.,0.,0.));
#2568=DIRECTION('',(-1.,0.,0.));
#2569=DIRECTION('',(0.,1.,0.));
#2570=DIRECTION('',(0.,-1.,0.));
#2571=DIRECTION('',(0.,0.,1.));
#2572=DIRECTION('',(1.,0.,0.));
#2573=DIRECTION('',(-1.,0.,0.));
#2574=DIRECTION('',(0.,1.,0.));
#2575=DIRECTION('',(0.,-1.,0.));
#2576=DIRECTION('',(0.,0.,1.));
#2577=DIRECTION('',(1.,0.,0.));
#2578=DIRECTION('',(0.,1.,0.));
#2579=DIRECTION('',(-1.,0.,0.));
#2580=DIRECTION('',(0.,-1.,0.));
#2581=DIRECTION('',(0.,0.,1.));
#2582=DIRECTION('',(1.,0.,0.));
#2583=DIRECTION('',(0.,1.,0.));
#2584=DIRECTION('',(-1.,0.,0.));
#2585=DIRECTION('',(0.,-1.,0.));
#2586=DIRECTION('',(0.,0.5,0.86602540378444));
#2587=DIRECTION('',(0.,-0.86602540378444,0.5));
#2588=DIRECTION('',(-1.,0.,0.));
#2589=DIRECTION('',(0.,0.5,-0.86602540378444));
#2590=DIRECTION('',(0.,0.86602540378444,0.5));
#2591=DIRECTION('',(-1.,0.,0.));
#2592=DIRECTION('',(0.,0.5,0.86602540378444));
#2593=DIRECTION('',(0.,-0.86602540378444,0.5));
#2594=DIRECTION('',(-1.,0.,0.));
#2595=DIRECTION('',(0.,0.5,-0.86602540378444));
#2596=DIRECTION('',(0.,0.86602540378444,0.5));
#2597=DIRECTION('',(-1.,0.,0.));
#2598=DIRECTION('',(-1.,0.,0.));
#2599=DIRECTION('',(0.,0.,1.));
#2600=DIRECTION('',(1.,0.,0.));
#2601=DIRECTION('',(0.,0.,-1.));
#2602=DIRECTION('',(-1.,0.,0.));
#2603=DIRECTION('',(0.,0.,1.));
#2604=DIRECTION('',(1.,0.,0.));
#2605=DIRECTION('',(0.,0.,-1.));
#2606=DIRECTION('',(0.,-1.,0.));
#2607=DIRECTION('',(0.,0.,-1.));
#2608=DIRECTION('',(0.,-1.,0.));
#2609=DIRECTION('',(0.,0.,-1.));
#2610=DIRECTION('',(-1.,0.,0.));
#2611=DIRECTION('',(0.,0.,1.));
#2612=DIRECTION('',(0.,-1.,0.));
#2613=DIRECTION('',(0.,-1.,0.));
#2614=DIRECTION('',(1.,0.,0.));
#2615=DIRECTION('',(0.,0.,-1.));
#2616=DIRECTION('',(0.,1.,0.));
#2617=DIRECTION('',(0.,1.,0.));
#2618=DIRECTION('',(1.,0.,0.));
#2619=DIRECTION('',(0.,0.,-1.));
#2620=DIRECTION('',(0.,-1.,0.));
#2621=DIRECTION('',(0.,-1.,0.));
#2622=DIRECTION('',(-1.,0.,0.));
#2623=DIRECTION('',(0.,0.,1.));
#2624=DIRECTION('',(0.,1.,0.));
#2625=DIRECTION('',(0.,1.,0.));
#2626=DIRECTION('',(0.,0.,1.));
#2627=DIRECTION('',(1.,0.,0.));
#2628=DIRECTION('',(1.,0.,0.));
#2629=DIRECTION('',(0.,0.,1.));
#2630=DIRECTION('',(1.,0.,0.));
#2631=DIRECTION('',(1.,0.,0.));
#2632=DIRECTION('',(0.,0.,1.));
#2633=DIRECTION('',(1.,0.,0.));
#2634=DIRECTION('',(1.,0.,0.));
#2635=DIRECTION('',(0.,0.,1.));
#2636=DIRECTION('',(1.,0.,0.));
#2637=DIRECTION('',(1.,0.,0.));
#2638=DIRECTION('',(0.,1.,0.));
#2639=DIRECTION('',(0.,0.,1.));
#2640=DIRECTION('',(0.,1.,0.));
#2641=DIRECTION('',(0.,0.,1.));
#2642=DIRECTION('',(0.,0.,1.));
#2643=DIRECTION('',(1.,0.,0.));
#2644=CARTESIAN_POINT('',(0.,0.,0.));
#2645=CARTESIAN_POINT('',(0.000130115922504267,0.00254,0.001016));
#2646=CARTESIAN_POINT('',(-0.000130115922504273,0.00254,0.001016));
#2647=CARTESIAN_POINT('',(-0.000130115922504272,0.00241611592250428,0.001016));
#2648=CARTESIAN_POINT('',(-0.000130115922504276,0.000631884077495724,0.001016));
#2649=CARTESIAN_POINT('',(0.,0.000762,0.001016));
#2650=CARTESIAN_POINT('',(-3.16225633641606E-20,0.000762,0.001016));
#2651=CARTESIAN_POINT('',(0.000254,0.000508,0.001016));
#2652=CARTESIAN_POINT('',(0.000130115922504266,0.000631884077495734,0.001016));
#2653=CARTESIAN_POINT('',(0.000130115922504267,0.00254,0.001016));
#2654=CARTESIAN_POINT('',(0.000130115922504269,0.00241611592250427,0.001016));
#2655=CARTESIAN_POINT('',(0.,0.002286,0.001016));
#2656=CARTESIAN_POINT('',(1.0842021724855E-19,0.002286,0.001016));
#2657=CARTESIAN_POINT('',(-0.000254,0.00254,0.001016));
#2658=CARTESIAN_POINT('',(0.000254,0.00254,0.00127));
#2659=CARTESIAN_POINT('',(0.00151318402113296,-0.000751184021132951,0.00385170983578408));
#2660=CARTESIAN_POINT('',(0.000254,0.000508,0.00127));
#2661=CARTESIAN_POINT('',(0.000254,0.00254,0.00127));
#2662=CARTESIAN_POINT('',(0.000254,0.00254,0.00127));
#2663=CARTESIAN_POINT('',(0.00143129801018522,0.00371729801018523,0.00368381863296634));
#2664=CARTESIAN_POINT('',(-0.000130115922504273,0.00254,0.001016));
#2665=CARTESIAN_POINT('',(-0.000254,0.00254,0.00127));
#2666=CARTESIAN_POINT('',(-0.000254,0.00254,0.00127));
#2667=CARTESIAN_POINT('',(-0.000254,0.000508,0.00127));
#2668=CARTESIAN_POINT('',(-0.00143129801018521,-0.000669298010185206,0.00368381863296641));
#2669=CARTESIAN_POINT('',(-0.00151318402113293,0.00379918402113294,0.00385170983578415));
#2670=CARTESIAN_POINT('',(0.000130115922504271,0.00254,-0.001016));
#2671=CARTESIAN_POINT('',(0.000254,0.00254,-0.00127));
#2672=CARTESIAN_POINT('',(0.000254,0.00254,-0.00127));
#2673=CARTESIAN_POINT('',(0.000254,0.000508,-0.00127));
#2674=CARTESIAN_POINT('',(-0.00184464003522156,0.00260664003522157,0.00303284972630688));
#2675=CARTESIAN_POINT('',(0.000130115922504271,0.000631884077495735,-0.001016));
#2676=CARTESIAN_POINT('',(0.000130115922504271,0.00254,-0.001016));
#2677=CARTESIAN_POINT('',(0.000130115922504268,0.00241611592250427,-0.001016));
#2678=CARTESIAN_POINT('',(-0.00192652604616928,0.000359473953830715,0.00320074092912459));
#2679=CARTESIAN_POINT('',(-0.000130115922504271,0.00254,-0.001016));
#2680=CARTESIAN_POINT('',(0.,0.002286,-0.001016));
#2681=CARTESIAN_POINT('',(2.6201552501733E-19,0.002286,-0.001016));
#2682=CARTESIAN_POINT('',(0.000254,0.000508,-0.001016));
#2683=CARTESIAN_POINT('',(-1.17455235352596E-19,0.000762,-0.001016));
#2684=CARTESIAN_POINT('',(0.,0.000762,-0.001016));
#2685=CARTESIAN_POINT('',(-0.000130115922504275,0.000631884077495726,-0.001016));
#2686=CARTESIAN_POINT('',(-0.000130115922504271,0.00254,-0.001016));
#2687=CARTESIAN_POINT('',(-0.000130115922504273,0.00241611592250428,-0.001016));
#2688=CARTESIAN_POINT('',(-0.000254,0.00254,-0.001016));
#2689=CARTESIAN_POINT('',(-0.000254,0.00254,-0.00127));
#2690=CARTESIAN_POINT('',(0.00192652604616928,0.00268852604616929,0.00320074092912462));
#2691=CARTESIAN_POINT('',(-0.000254,0.000508,-0.00127));
#2692=CARTESIAN_POINT('',(-0.000254,0.00254,-0.00127));
#2693=CARTESIAN_POINT('',(-0.000254,0.00254,-0.00127));
#2694=CARTESIAN_POINT('',(0.00184464003522156,0.000441359964778439,0.00303284972630688));
#2695=CARTESIAN_POINT('',(0.00508,-0.000254,-0.0008382));
#2696=CARTESIAN_POINT('',(0.00508,0.000508,-0.0008382));
#2697=CARTESIAN_POINT('',(-0.000254,0.000508,-0.0008382));
#2698=CARTESIAN_POINT('',(-0.000682683928,0.000508,-0.0008382));
#2699=CARTESIAN_POINT('',(-0.000682683928,0.,-0.0008382));
#2700=CARTESIAN_POINT('',(-0.000682683928,0.,-0.0008382));
#2701=CARTESIAN_POINT('',(0.,0.,-0.0008382));
#2702=CARTESIAN_POINT('',(-0.000254,0.,-0.0008382));
#2703=CARTESIAN_POINT('',(-0.000254,0.000508,-0.0008382));
#2704=CARTESIAN_POINT('',(0.00508,0.000508,0.0008382));
#2705=CARTESIAN_POINT('',(0.,0.,0.0008382));
#2706=CARTESIAN_POINT('',(-0.000254,0.,0.0008382));
#2707=CARTESIAN_POINT('',(-0.000682683928,0.,0.0008382));
#2708=CARTESIAN_POINT('',(-0.000682683928,0.,0.0008382));
#2709=CARTESIAN_POINT('',(-0.000682683928,0.000508,0.0008382));
#2710=CARTESIAN_POINT('',(0.00508,0.000508,0.0008382));
#2711=CARTESIAN_POINT('',(-0.000254,0.000508,0.0008382));
#2712=CARTESIAN_POINT('',(-0.000254,0.000508,0.0008382));
#2713=CARTESIAN_POINT('',(0.00508,0.000508,0.0008382));
#2714=CARTESIAN_POINT('',(0.00508,0.000508,0.0008382));
#2715=CARTESIAN_POINT('',(-0.001857315818,0.000508,0.0008382));
#2716=CARTESIAN_POINT('',(-0.002289115818,0.000508,0.0008382));
#2717=CARTESIAN_POINT('',(-0.001857315818,0.000508,0.0008382));
#2718=CARTESIAN_POINT('',(-0.001857315818,0.,0.0008382));
#2719=CARTESIAN_POINT('',(0.,0.,0.0008382));
#2720=CARTESIAN_POINT('',(-0.002289115818,0.,0.0008382));
#2721=CARTESIAN_POINT('',(-0.002289115818,-4.4061976289811E-20,0.0008382));
#2722=CARTESIAN_POINT('',(0.00508,-0.000254,-0.0008382));
#2723=CARTESIAN_POINT('',(0.,0.,-0.0008382));
#2724=CARTESIAN_POINT('',(-0.002289115818,0.,-0.0008382));
#2725=CARTESIAN_POINT('',(-0.001857315818,0.,-0.0008382));
#2726=CARTESIAN_POINT('',(-0.001857315818,0.000508,-0.0008382));
#2727=CARTESIAN_POINT('',(-0.001857315818,0.000508,-0.0008382));
#2728=CARTESIAN_POINT('',(0.00508,0.000508,-0.0008382));
#2729=CARTESIAN_POINT('',(-0.002289115818,0.000508,-0.0008382));
#2730=CARTESIAN_POINT('',(-0.002289115818,-4.4061976289811E-20,-0.0008382));
#2731=CARTESIAN_POINT('',(0.00508,0.000508,0.0008382));
#2732=CARTESIAN_POINT('',(0.,0.,0.0008382));
#2733=CARTESIAN_POINT('',(0.002289115818,0.,0.0008382));
#2734=CARTESIAN_POINT('',(0.001857316072,0.,0.0008382));
#2735=CARTESIAN_POINT('',(0.001857316072,-0.000254,0.0008382));
#2736=CARTESIAN_POINT('',(0.001857316072,0.000508,0.0008382));
#2737=CARTESIAN_POINT('',(0.00508,0.000508,0.0008382));
#2738=CARTESIAN_POINT('',(0.002289115818,0.000508,0.0008382));
#2739=CARTESIAN_POINT('',(0.002289115818,0.000508,0.0008382));
#2740=CARTESIAN_POINT('',(0.00508,-0.000254,-0.0008382));
#2741=CARTESIAN_POINT('',(0.00508,0.000508,-0.0008382));
#2742=CARTESIAN_POINT('',(0.002289115818,0.000508,-0.0008382));
#2743=CARTESIAN_POINT('',(0.001857316072,0.000508,-0.0008382));
#2744=CARTESIAN_POINT('',(0.001857316072,-0.000254,-0.0008382));
#2745=CARTESIAN_POINT('',(0.001857316072,0.,-0.0008382));
#2746=CARTESIAN_POINT('',(0.,0.,-0.0008382));
#2747=CARTESIAN_POINT('',(0.002289115818,0.,-0.0008382));
#2748=CARTESIAN_POINT('',(0.002289115818,0.000508,-0.0008382));
#2749=CARTESIAN_POINT('',(0.00508,0.000508,0.0008382));
#2750=CARTESIAN_POINT('',(0.00508,0.000508,0.0008382));
#2751=CARTESIAN_POINT('',(0.000682684182,0.000508,0.0008382));
#2752=CARTESIAN_POINT('',(0.000254,0.000508,0.0008382));
#2753=CARTESIAN_POINT('',(0.000682684182,0.000508,0.0008382));
#2754=CARTESIAN_POINT('',(0.000682684182,0.,0.0008382));
#2755=CARTESIAN_POINT('',(0.,0.,0.0008382));
#2756=CARTESIAN_POINT('',(0.000254,0.,0.0008382));
#2757=CARTESIAN_POINT('',(0.000254,-0.000508,0.0008382));
#2758=CARTESIAN_POINT('',(0.00508,-0.000254,-0.0008382));
#2759=CARTESIAN_POINT('',(0.,0.,-0.0008382));
#2760=CARTESIAN_POINT('',(0.000254,0.,-0.0008382));
#2761=CARTESIAN_POINT('',(0.000682684182,0.,-0.0008382));
#2762=CARTESIAN_POINT('',(0.000682684182,0.000508,-0.0008382));
#2763=CARTESIAN_POINT('',(0.000682684182,0.000508,-0.0008382));
#2764=CARTESIAN_POINT('',(0.00508,0.000508,-0.0008382));
#2765=CARTESIAN_POINT('',(0.000254,0.000508,-0.0008382));
#2766=CARTESIAN_POINT('',(0.000254,-0.000508,-0.0008382));
#2767=CARTESIAN_POINT('',(-0.002289115818,0.000508,0.00254));
#2768=CARTESIAN_POINT('',(0.0009525,0.000508,-0.0003175));
#2769=CARTESIAN_POINT('',(0.0009525,0.000508,0.0003175));
#2770=CARTESIAN_POINT('',(0.0009525,0.000508,-0.0003175));
#2771=CARTESIAN_POINT('',(0.0009525,0.000508,0.0003175));
#2772=CARTESIAN_POINT('',(0.0015875,0.000508,0.0003175));
#2773=CARTESIAN_POINT('',(0.0015875,0.000508,0.0003175));
#2774=CARTESIAN_POINT('',(0.0015875,0.000508,-0.0003175));
#2775=CARTESIAN_POINT('',(0.0015875,0.000508,-0.0003175));
#2776=CARTESIAN_POINT('',(0.00254,0.000508,0.00127));
#2777=CARTESIAN_POINT('',(0.00254,0.000508,-0.00127));
#2778=CARTESIAN_POINT('',(0.00254,0.000508,0.00127));
#2779=CARTESIAN_POINT('',(-0.00254,0.000508,0.00127));
#2780=CARTESIAN_POINT('',(0.002289115818,0.000508,0.00127));
#2781=CARTESIAN_POINT('',(0.002289115818,0.000508,0.00254));
#2782=CARTESIAN_POINT('',(0.001857316072,0.000508,0.00254));
#2783=CARTESIAN_POINT('',(0.001857316072,0.000508,0.00127));
#2784=CARTESIAN_POINT('',(-0.00254,0.000508,0.00127));
#2785=CARTESIAN_POINT('',(0.000682684182,0.000508,0.00127));
#2786=CARTESIAN_POINT('',(0.000682684182,0.000508,0.00254));
#2787=CARTESIAN_POINT('',(0.000254,0.000508,0.00508));
#2788=CARTESIAN_POINT('',(0.000682684182,0.000508,0.00254));
#2789=CARTESIAN_POINT('',(0.000682684182,0.000508,-0.00127));
#2790=CARTESIAN_POINT('',(0.00254,0.000508,-0.00127));
#2791=CARTESIAN_POINT('',(0.001857316072,0.000508,-0.00127));
#2792=CARTESIAN_POINT('',(0.001857316072,0.000508,0.00254));
#2793=CARTESIAN_POINT('',(0.002289115818,0.000508,0.00254));
#2794=CARTESIAN_POINT('',(0.002289115818,0.000508,-0.00127));
#2795=CARTESIAN_POINT('',(0.00254,0.000508,-0.00127));
#2796=CARTESIAN_POINT('',(-0.002289115818,0.000508,0.00254));
#2797=CARTESIAN_POINT('',(-0.0015875,0.000508,-0.0003175));
#2798=CARTESIAN_POINT('',(-0.0015875,0.000508,0.0003175));
#2799=CARTESIAN_POINT('',(-0.0015875,0.000508,-0.0003175));
#2800=CARTESIAN_POINT('',(-0.0015875,0.000508,0.0003175));
#2801=CARTESIAN_POINT('',(-0.0009525,0.000508,0.0003175));
#2802=CARTESIAN_POINT('',(-0.0009525,0.000508,0.0003175));
#2803=CARTESIAN_POINT('',(-0.0009525,0.000508,-0.0003175));
#2804=CARTESIAN_POINT('',(-0.0009525,0.000508,-0.0003175));
#2805=CARTESIAN_POINT('',(-0.002289115818,0.000508,0.00254));
#2806=CARTESIAN_POINT('',(-0.002289115818,0.000508,0.00127));
#2807=CARTESIAN_POINT('',(-0.00254,0.000508,0.00127));
#2808=CARTESIAN_POINT('',(-0.00254,0.000508,0.00127));
#2809=CARTESIAN_POINT('',(-0.00254,0.000508,-0.00127));
#2810=CARTESIAN_POINT('',(-0.00254,0.000508,0.0009398));
#2811=CARTESIAN_POINT('',(-0.0023368,0.000508,0.0009398));
#2812=CARTESIAN_POINT('',(-0.0023368,0.000508,0.0009398));
#2813=CARTESIAN_POINT('',(-0.0023368,0.000508,0.));
#2814=CARTESIAN_POINT('',(-0.0023368,0.000508,-0.0009398));
#2815=CARTESIAN_POINT('',(-0.0023368,0.000508,-0.0009398));
#2816=CARTESIAN_POINT('',(-0.00254,0.000508,-0.0009398));
#2817=CARTESIAN_POINT('',(-0.00254,0.000508,-0.00127));
#2818=CARTESIAN_POINT('',(-0.00254,0.000508,-0.00127));
#2819=CARTESIAN_POINT('',(0.00254,0.000508,-0.00127));
#2820=CARTESIAN_POINT('',(-0.002289115818,0.000508,-0.00127));
#2821=CARTESIAN_POINT('',(-0.002289115818,0.000508,0.00254));
#2822=CARTESIAN_POINT('',(-0.001857315818,0.000508,0.00254));
#2823=CARTESIAN_POINT('',(-0.001857315818,0.000508,-0.00127));
#2824=CARTESIAN_POINT('',(0.00254,0.000508,-0.00127));
#2825=CARTESIAN_POINT('',(-0.000682683928,0.000508,-0.00127));
#2826=CARTESIAN_POINT('',(-0.000682683928,0.000508,0.00254));
#2827=CARTESIAN_POINT('',(-0.000254,0.000508,0.00508));
#2828=CARTESIAN_POINT('',(-0.000682683928,0.000508,0.00254));
#2829=CARTESIAN_POINT('',(-0.000682683928,0.000508,0.00127));
#2830=CARTESIAN_POINT('',(-0.00254,0.000508,0.00127));
#2831=CARTESIAN_POINT('',(-0.001857315818,0.000508,0.00127));
#2832=CARTESIAN_POINT('',(-0.001857315818,0.000508,0.00254));
#2833=CARTESIAN_POINT('',(-0.002667,0.,0.));
#2834=CARTESIAN_POINT('',(-0.002667,0.001613692734,-8.6104984E-05));
#2835=CARTESIAN_POINT('',(-0.002667,0.001613692734,-8.6104984E-05));
#2836=CARTESIAN_POINT('',(-0.002667,0.001613692734,8.6104984E-05));
#2837=CARTESIAN_POINT('',(-0.002667,0.001434307266,-8.6104984E-05));
#2838=CARTESIAN_POINT('',(-0.002667,0.001434307266,-8.6104984E-05));
#2839=CARTESIAN_POINT('',(-0.002667,0.001434307266,8.6104984E-05));
#2840=CARTESIAN_POINT('',(-0.002667,0.001434307266,8.6104984E-05));
#2841=CARTESIAN_POINT('',(-0.002667,0.001613692734,8.6104984E-05));
#2842=CARTESIAN_POINT('',(-0.0020066,0.001434307266,-8.6104984E-05));
#2843=CARTESIAN_POINT('',(-0.0020066,0.001613692734,-8.6104984E-05));
#2844=CARTESIAN_POINT('',(-0.0023368,0.001613692734,-8.6104984E-05));
#2845=CARTESIAN_POINT('',(-0.0023368,0.,-8.6104984E-05));
#2846=CARTESIAN_POINT('',(-0.0023368,0.001434307266,-8.6104984E-05));
#2847=CARTESIAN_POINT('',(-0.0020066,0.001434307266,-8.6104984E-05));
#2848=CARTESIAN_POINT('',(-0.0020066,0.001434307266,8.6104984E-05));
#2849=CARTESIAN_POINT('',(-0.0023368,0.001434307266,0.));
#2850=CARTESIAN_POINT('',(-0.0023368,0.001434307266,8.6104984E-05));
#2851=CARTESIAN_POINT('',(-0.0020066,0.001434307266,8.6104984E-05));
#2852=CARTESIAN_POINT('',(-0.0020066,0.001613692734,8.6104984E-05));
#2853=CARTESIAN_POINT('',(-0.0023368,0.,8.6104984E-05));
#2854=CARTESIAN_POINT('',(-0.0023368,0.001613692734,8.6104984E-05));
#2855=CARTESIAN_POINT('',(-0.0020066,0.001613692734,8.6104984E-05));
#2856=CARTESIAN_POINT('',(-0.0020066,0.001613692734,-8.6104984E-05));
#2857=CARTESIAN_POINT('',(-0.0023368,0.001613692734,0.));
#2858=CARTESIAN_POINT('',(0.,0.00254,0.));
#2859=CARTESIAN_POINT('',(0.00254,0.00254,-0.00127));
#2860=CARTESIAN_POINT('',(0.00254,0.00254,-0.00127));
#2861=CARTESIAN_POINT('',(0.000254,0.00254,0.));
#2862=CARTESIAN_POINT('',(-0.00254,0.00254,0.00127));
#2863=CARTESIAN_POINT('',(0.00254,0.00254,0.00127));
#2864=CARTESIAN_POINT('',(0.00254,0.00254,0.00127));
#2865=CARTESIAN_POINT('',(0.0015875,0.00254,-0.0003175));
#2866=CARTESIAN_POINT('',(0.0015875,0.00254,-0.0003175));
#2867=CARTESIAN_POINT('',(0.0009525,0.00254,-0.0003175));
#2868=CARTESIAN_POINT('',(0.0015875,0.00254,0.0003175));
#2869=CARTESIAN_POINT('',(0.0015875,0.00254,0.0003175));
#2870=CARTESIAN_POINT('',(0.0009525,0.00254,0.0003175));
#2871=CARTESIAN_POINT('',(0.0009525,0.00254,0.0003175));
#2872=CARTESIAN_POINT('',(0.0009525,0.00254,-0.0003175));
#2873=CARTESIAN_POINT('',(0.,0.00254,0.));
#2874=CARTESIAN_POINT('',(-0.0023368,0.00254,-0.0009398));
#2875=CARTESIAN_POINT('',(-0.0023368,0.00254,-0.0009398));
#2876=CARTESIAN_POINT('',(-0.0023368,0.00254,0.0009398));
#2877=CARTESIAN_POINT('',(-0.0023368,0.00254,0.0009398));
#2878=CARTESIAN_POINT('',(-0.00254,0.00254,0.0009398));
#2879=CARTESIAN_POINT('',(-0.00254,0.00254,-0.00127));
#2880=CARTESIAN_POINT('',(-0.00254,0.00254,0.00127));
#2881=CARTESIAN_POINT('',(-0.00254,0.00254,0.00127));
#2882=CARTESIAN_POINT('',(-0.000254,0.00254,0.));
#2883=CARTESIAN_POINT('',(0.00254,0.00254,-0.00127));
#2884=CARTESIAN_POINT('',(-0.00254,0.00254,-0.00127));
#2885=CARTESIAN_POINT('',(-0.00254,0.00254,-0.00127));
#2886=CARTESIAN_POINT('',(-0.00254,0.00254,-0.0009398));
#2887=CARTESIAN_POINT('',(-0.0023368,0.00254,-0.0009398));
#2888=CARTESIAN_POINT('',(-0.0009525,0.00254,-0.0003175));
#2889=CARTESIAN_POINT('',(-0.0009525,0.00254,-0.0003175));
#2890=CARTESIAN_POINT('',(-0.0015875,0.00254,-0.0003175));
#2891=CARTESIAN_POINT('',(-0.0009525,0.00254,0.0003175));
#2892=CARTESIAN_POINT('',(-0.0009525,0.00254,0.0003175));
#2893=CARTESIAN_POINT('',(-0.0015875,0.00254,0.0003175));
#2894=CARTESIAN_POINT('',(-0.0015875,0.00254,0.0003175));
#2895=CARTESIAN_POINT('',(-0.0015875,0.00254,-0.0003175));
#2896=CARTESIAN_POINT('',(-0.0023368,0.,-0.0009398));
#2897=CARTESIAN_POINT('',(-0.00254,0.00254,-0.0009398));
#2898=CARTESIAN_POINT('',(-0.0023368,0.,-0.0009398));
#2899=CARTESIAN_POINT('',(-0.0023368,0.00254,0.0009398));
#2900=CARTESIAN_POINT('',(-0.0023368,0.00254,0.0009398));
#2901=CARTESIAN_POINT('',(-0.00254,0.00254,0.0009398));
#2902=CARTESIAN_POINT('',(0.00254,0.00254,0.00127));
#2903=CARTESIAN_POINT('',(0.00254,0.00254,-0.00127));
#2904=CARTESIAN_POINT('',(0.00254,0.00254,0.00127));
#2905=CARTESIAN_POINT('',(-0.00254,0.00254,-0.00127));
#2906=CARTESIAN_POINT('',(-0.00254,0.00254,-0.00127));
#2907=CARTESIAN_POINT('',(-0.00254,0.00254,-0.00127));
#2908=CARTESIAN_POINT('',(-0.00254,0.00254,0.00127));
#2909=CARTESIAN_POINT('',(-0.0023368,0.,0.));
#2910=CARTESIAN_POINT('',(-0.0015875,0.00254,-0.0003175));
#2911=CARTESIAN_POINT('',(-0.0015875,0.00254,0.0003175));
#2912=CARTESIAN_POINT('',(-0.0015875,0.00254,-0.0003175));
#2913=CARTESIAN_POINT('',(0.0009525,0.00254,-0.0003175));
#2914=CARTESIAN_POINT('',(0.0009525,0.00254,0.0003175));
#2915=CARTESIAN_POINT('',(0.0009525,0.00254,-0.0003175));
#2916=CARTESIAN_POINT('',(-0.0015875,0.00254,0.0003175));
#2917=CARTESIAN_POINT('',(-0.0009525,0.00254,0.0003175));
#2918=CARTESIAN_POINT('',(-0.0009525,0.00254,0.0003175));
#2919=CARTESIAN_POINT('',(-0.0009525,0.00254,-0.0003175));
#2920=CARTESIAN_POINT('',(-0.0009525,0.00254,-0.0003175));
#2921=CARTESIAN_POINT('',(-0.0015875,0.00254,0.0003175));
#2922=CARTESIAN_POINT('',(0.0015875,0.00254,0.0003175));
#2923=CARTESIAN_POINT('',(0.0015875,0.00254,0.0003175));
#2924=CARTESIAN_POINT('',(0.0015875,0.00254,-0.0003175));
#2925=CARTESIAN_POINT('',(-0.0009525,0.00254,-0.0003175));
#2926=CARTESIAN_POINT('',(0.000682684182,0.000508,0.00254));
#2927=CARTESIAN_POINT('',(0.000682684182,0.,0.00254));
#2928=CARTESIAN_POINT('',(0.000682684182,0.,-0.00127));
#2929=CARTESIAN_POINT('',(0.000682684182,0.00254,-0.00127));
#2930=CARTESIAN_POINT('',(0.000682684182,0.000508,0.00254));
#2931=CARTESIAN_POINT('',(0.000682684182,0.,0.00254));
#2932=CARTESIAN_POINT('',(0.000682684182,0.,0.00127));
#2933=CARTESIAN_POINT('',(0.000682684182,0.00254,0.00127));
#2934=CARTESIAN_POINT('',(0.001857316072,-0.000254,0.00254));
#2935=CARTESIAN_POINT('',(0.001857316072,0.,0.));
#2936=CARTESIAN_POINT('',(0.001857316072,0.,-0.00127));
#2937=CARTESIAN_POINT('',(0.001857316072,0.00254,-0.00127));
#2938=CARTESIAN_POINT('',(0.001857316072,-0.000254,0.00254));
#2939=CARTESIAN_POINT('',(0.001857316072,0.,0.));
#2940=CARTESIAN_POINT('',(0.001857316072,0.,0.00127));
#2941=CARTESIAN_POINT('',(0.001857316072,0.00254,0.00127));
#2942=CARTESIAN_POINT('',(-0.001857315818,0.000508,0.00254));
#2943=CARTESIAN_POINT('',(-0.001857315818,0.,0.));
#2944=CARTESIAN_POINT('',(-0.001857315818,0.,-0.00127));
#2945=CARTESIAN_POINT('',(-0.001857315818,0.00254,-0.00127));
#2946=CARTESIAN_POINT('',(-0.001857315818,0.000508,0.00254));
#2947=CARTESIAN_POINT('',(-0.001857315818,0.,0.));
#2948=CARTESIAN_POINT('',(-0.001857315818,0.,0.00127));
#2949=CARTESIAN_POINT('',(-0.001857315818,0.00254,0.00127));
#2950=CARTESIAN_POINT('',(-0.000682683928,0.,0.00254));
#2951=CARTESIAN_POINT('',(-0.000682683928,0.,0.00254));
#2952=CARTESIAN_POINT('',(-0.000682683928,0.,-0.00127));
#2953=CARTESIAN_POINT('',(-0.000682683928,0.00254,-0.00127));
#2954=CARTESIAN_POINT('',(-0.000682683928,0.,0.00254));
#2955=CARTESIAN_POINT('',(-0.000682683928,0.,0.00254));
#2956=CARTESIAN_POINT('',(-0.000682683928,0.,0.00127));
#2957=CARTESIAN_POINT('',(-0.000682683928,0.00254,0.00127));
#2958=CARTESIAN_POINT('',(0.002289115818,0.000508,0.00254));
#2959=CARTESIAN_POINT('',(0.002289115818,0.,0.00254));
#2960=CARTESIAN_POINT('',(0.002289115818,0.,-0.00127));
#2961=CARTESIAN_POINT('',(0.002289115818,0.00254,-0.00127));
#2962=CARTESIAN_POINT('',(0.002289115818,0.000508,0.00254));
#2963=CARTESIAN_POINT('',(0.002289115818,0.,0.00254));
#2964=CARTESIAN_POINT('',(0.002289115818,0.,0.00127));
#2965=CARTESIAN_POINT('',(0.002289115818,0.00254,0.00127));
#2966=CARTESIAN_POINT('',(-0.002289115818,-4.4061976289811E-20,0.00254));
#2967=CARTESIAN_POINT('',(-0.002289115818,-4.4061976289811E-20,0.00254));
#2968=CARTESIAN_POINT('',(-0.002289115818,-4.4061976289811E-20,-0.00127));
#2969=CARTESIAN_POINT('',(-0.002289115818,0.00254,-0.00127));
#2970=CARTESIAN_POINT('',(-0.002289115818,-4.4061976289811E-20,0.00254));
#2971=CARTESIAN_POINT('',(-0.002289115818,-4.4061976289811E-20,0.00254));
#2972=CARTESIAN_POINT('',(-0.002289115818,-4.4061976289811E-20,0.00127));
#2973=CARTESIAN_POINT('',(-0.002289115818,0.00254,0.00127));
#2974=CARTESIAN_POINT('',(0.000254,-0.000508,0.00508));
#2975=CARTESIAN_POINT('',(0.000254,0.,0.));
#2976=CARTESIAN_POINT('',(0.000254,0.,-0.00127));
#2977=CARTESIAN_POINT('',(0.000254,0.000508,0.00508));
#2978=CARTESIAN_POINT('',(0.000254,0.00254,-0.00127));
#2979=CARTESIAN_POINT('',(0.000254,-0.000508,0.00508));
#2980=CARTESIAN_POINT('',(0.000254,0.000508,0.00508));
#2981=CARTESIAN_POINT('',(0.000254,0.,0.));
#2982=CARTESIAN_POINT('',(0.000254,0.,0.00127));
#2983=CARTESIAN_POINT('',(0.000254,0.00254,0.00127));
#2984=CARTESIAN_POINT('',(-0.000254,0.000508,0.00508));
#2985=CARTESIAN_POINT('',(-0.000254,0.000508,0.00508));
#2986=CARTESIAN_POINT('',(-0.000254,0.,0.));
#2987=CARTESIAN_POINT('',(-0.000254,0.,-0.00127));
#2988=CARTESIAN_POINT('',(-0.000254,0.00254,-0.00127));
#2989=CARTESIAN_POINT('',(-0.000254,0.000508,0.00508));
#2990=CARTESIAN_POINT('',(-0.000254,0.,0.));
#2991=CARTESIAN_POINT('',(-0.000254,0.,0.00127));
#2992=CARTESIAN_POINT('',(-0.000254,0.000508,0.00508));
#2993=CARTESIAN_POINT('',(-0.000254,0.00254,0.00127));
#2994=CARTESIAN_POINT('',(0.,0.,0.));
#2995=CARTESIAN_POINT('',(0.00254,0.,-0.00127));
#2996=CARTESIAN_POINT('',(0.,0.,0.));
#2997=CARTESIAN_POINT('',(-0.00254,0.,0.00127));
#2998=CARTESIAN_POINT('',(0.,0.,0.));
#2999=CARTESIAN_POINT('',(0.00254,0.,-0.00127));
#3000=CARTESIAN_POINT('',(0.,0.,0.));
#3001=CARTESIAN_POINT('',(-0.00254,0.,0.00127));
#3002=CARTESIAN_POINT('',(0.,0.,0.));
#3003=CARTESIAN_POINT('',(0.00254,0.,-0.00127));
#3004=CARTESIAN_POINT('',(0.,0.,0.));
#3005=CARTESIAN_POINT('',(-0.00254,0.,0.00127));
#3006=CARTESIAN_POINT('',(0.,0.,0.));
#3007=CARTESIAN_POINT('',(0.00254,0.,-0.00127));
#3008=CARTESIAN_POINT('',(0.,0.,0.));
#3009=CARTESIAN_POINT('',(-0.00254,0.,0.00127));
#3010=CARTESIAN_POINT('',(0.00254,0.00254,-0.00127));
#3011=CARTESIAN_POINT('',(0.00254,0.00254,-0.00127));
#3012=CARTESIAN_POINT('',(-0.00254,0.00254,0.00127));
#3013=CARTESIAN_POINT('',(-0.00254,0.00254,0.00127));
#3014=CARTESIAN_POINT('',(0.000254,0.000508,0.00508));
#3015=CARTESIAN_POINT('',(0.,0.000762,0.00508));
#3016=CARTESIAN_POINT('',(0.,0.000762,0.00508));
#3017=CARTESIAN_POINT('',(0.,0.002286,0.00508));
#3018=CARTESIAN_POINT('',(0.,0.002286,0.00508));
#3019=CARTESIAN_POINT('',(-0.000254,0.00254,0.00508));
#3020=CARTESIAN_POINT('',(0.,0.,0.));
#3021=CARTESIAN_POINT('',(0.0015875,0.0003048,0.00254));
#3022=CARTESIAN_POINT('',(0.00105864272846325,-0.000611207664253901,-0.0003175));
#3023=CARTESIAN_POINT('',(0.001411523637951,-5.42101086242753E-20,-0.0003175));
#3024=CARTESIAN_POINT('',(0.0015875,0.0003048,-0.0003175));
#3025=CARTESIAN_POINT('',(0.0015875,0.0003048,0.0003175));
#3026=CARTESIAN_POINT('',(0.0015875,0.0003048,0.0003175));
#3027=CARTESIAN_POINT('',(0.00105864272846325,-0.000611207664253901,0.0003175));
#3028=CARTESIAN_POINT('',(0.001411523637951,-5.42101086242753E-20,0.0003175));
#3029=CARTESIAN_POINT('',(0.001411523637951,-5.42101086242753E-20,0.00254));
#3030=CARTESIAN_POINT('',(-0.001411523637951,0.,0.00254));
#3031=CARTESIAN_POINT('',(-0.00105864272846324,-0.000611207664253901,-0.0003175));
#3032=CARTESIAN_POINT('',(-0.0015875,0.0003048,-0.0003175));
#3033=CARTESIAN_POINT('',(-0.001411523637951,0.,-0.0003175));
#3034=CARTESIAN_POINT('',(-0.001411523637951,0.,0.00254));
#3035=CARTESIAN_POINT('',(-0.001411523637951,0.,0.0003175));
#3036=CARTESIAN_POINT('',(-0.00105864272846324,-0.000611207664253901,0.0003175));
#3037=CARTESIAN_POINT('',(-0.0015875,0.0003048,0.0003175));
#3038=CARTESIAN_POINT('',(-0.0015875,0.0003048,0.0003175));
#3039=CARTESIAN_POINT('',(-0.0009525,0.0003048,0.00254));
#3040=CARTESIAN_POINT('',(-0.000846357271536745,0.000488644598552341,-0.0003175));
#3041=CARTESIAN_POINT('',(-0.001128476362049,-5.42101086242753E-20,-0.0003175));
#3042=CARTESIAN_POINT('',(-0.0009525,0.0003048,-0.0003175));
#3043=CARTESIAN_POINT('',(-0.0009525,0.0003048,0.00254));
#3044=CARTESIAN_POINT('',(-0.0009525,0.0003048,0.0003175));
#3045=CARTESIAN_POINT('',(-0.000846357271536745,0.000488644598552341,0.0003175));
#3046=CARTESIAN_POINT('',(-0.001128476362049,-5.42101086242753E-20,0.0003175));
#3047=CARTESIAN_POINT('',(-0.001128476362049,-5.42101086242753E-20,0.00254));
#3048=CARTESIAN_POINT('',(0.00112847636204899,0.,0.00254));
#3049=CARTESIAN_POINT('',(0.000846357271536768,0.000488644598552323,-0.0003175));
#3050=CARTESIAN_POINT('',(0.0009525,0.000304800000000005,-0.0003175));
#3051=CARTESIAN_POINT('',(0.00112847636204899,0.,-0.0003175));
#3052=CARTESIAN_POINT('',(0.00112847636204899,0.,0.00254));
#3053=CARTESIAN_POINT('',(0.00112847636204899,0.,0.0003175));
#3054=CARTESIAN_POINT('',(0.000846357271536768,0.000488644598552323,0.0003175));
#3055=CARTESIAN_POINT('',(0.0009525,0.000304800000000005,0.0003175));
#3056=CARTESIAN_POINT('',(0.0009525,0.0003048,0.00254));
#3057=CARTESIAN_POINT('',(0.0009525,0.0106172,0.00254));
#3058=CARTESIAN_POINT('',(0.0009525,0.0106172,0.00254));
#3059=CARTESIAN_POINT('',(0.0009525,0.0106172,0.0003175));
#3060=CARTESIAN_POINT('',(0.0009525,0.0106172,-0.0003175));
#3061=CARTESIAN_POINT('',(0.001778,0.0120470079416481,-0.000508));
#3062=CARTESIAN_POINT('',(0.001128476362049,0.010922,0.000141523637951003));
#3063=CARTESIAN_POINT('',(0.001128476362049,0.010922,0.00254));
#3064=CARTESIAN_POINT('',(0.001128476362049,0.010922,-0.000141523637951003));
#3065=CARTESIAN_POINT('',(0.00191878108963919,0.0122908479416481,0.000648781089639193));
#3066=CARTESIAN_POINT('',(0.001411523637951,0.010922,0.00254));
#3067=CARTESIAN_POINT('',(0.001411523637951,0.010922,0.00254));
#3068=CARTESIAN_POINT('',(0.001411523637951,0.010922,0.000141523637951003));
#3069=CARTESIAN_POINT('',(0.001411523637951,0.010922,-0.000141523637951003));
#3070=CARTESIAN_POINT('',(0.002286,0.00940736251091314,0.001016));
#3071=CARTESIAN_POINT('',(0.0015875,0.0106172,0.0003175));
#3072=CARTESIAN_POINT('',(0.0015875,0.0106172,0.00254));
#3073=CARTESIAN_POINT('',(0.0015875,0.0106172,-0.0003175));
#3074=CARTESIAN_POINT('',(0.0021452189103608,0.00965120251091314,-0.000875218910360799));
#3075=CARTESIAN_POINT('',(-0.0015875,0.0106172,0.00254));
#3076=CARTESIAN_POINT('',(-0.0015875,0.0106172,0.00254));
#3077=CARTESIAN_POINT('',(-0.0015875,0.0106172,0.0003175));
#3078=CARTESIAN_POINT('',(-0.0015875,0.0106172,-0.0003175));
#3079=CARTESIAN_POINT('',(-0.000254,0.0129268897518931,-0.001016));
#3080=CARTESIAN_POINT('',(-0.001411523637951,0.010922,0.000141523637951003));
#3081=CARTESIAN_POINT('',(-0.001411523637951,0.010922,0.00254));
#3082=CARTESIAN_POINT('',(-0.001411523637951,0.010922,-0.000141523637951003));
#3083=CARTESIAN_POINT('',(-0.000113218910360804,0.0131707297518931,0.00115678108963919));
#3084=CARTESIAN_POINT('',(-0.001128476362049,0.010922,0.00254));
#3085=CARTESIAN_POINT('',(-0.001128476362049,0.010922,0.00254));
#3086=CARTESIAN_POINT('',(-0.001128476362049,0.010922,0.000141523637951002));
#3087=CARTESIAN_POINT('',(-0.001128476362049,0.010922,-0.000141523637951002));
#3088=CARTESIAN_POINT('',(0.000254,0.00852748070066814,0.001524));
#3089=CARTESIAN_POINT('',(-0.0009525,0.0106172,0.0003175));
#3090=CARTESIAN_POINT('',(-0.0009525,0.0106172,0.00254));
#3091=CARTESIAN_POINT('',(-0.0009525,0.0106172,-0.0003175));
#3092=CARTESIAN_POINT('',(0.000113218910360799,0.00877132070066814,-0.0013832189103608));
#3093=CARTESIAN_POINT('',(-0.0017145,0.,0.));
#3094=CARTESIAN_POINT('',(-0.0017145,0.003937,-0.0004445));
#3095=CARTESIAN_POINT('',(-0.0017145,0.003937,-0.0004445));
#3096=CARTESIAN_POINT('',(-0.0017145,0.003937,0.0004445));
#3097=CARTESIAN_POINT('',(-0.0017145,0.00381,-0.0004445));
#3098=CARTESIAN_POINT('',(-0.0017145,0.00381,-0.0004445));
#3099=CARTESIAN_POINT('',(-0.0017145,0.00381,0.0004445));
#3100=CARTESIAN_POINT('',(-0.0017145,0.00381,0.0004445));
#3101=CARTESIAN_POINT('',(-0.0017145,0.003937,0.0004445));
#3102=CARTESIAN_POINT('',(0.0017145,0.,0.));
#3103=CARTESIAN_POINT('',(0.0017145,0.003937,-0.0004445));
#3104=CARTESIAN_POINT('',(0.0017145,0.003937,-0.0004445));
#3105=CARTESIAN_POINT('',(0.0017145,0.003937,0.0004445));
#3106=CARTESIAN_POINT('',(0.0017145,0.003937,0.0004445));
#3107=CARTESIAN_POINT('',(0.0017145,0.00381,0.0004445));
#3108=CARTESIAN_POINT('',(0.0017145,0.00381,0.0004445));
#3109=CARTESIAN_POINT('',(0.0017145,0.00381,-0.0004445));
#3110=CARTESIAN_POINT('',(0.0017145,0.00381,-0.0004445));
#3111=CARTESIAN_POINT('',(0.0017145,0.00381,-0.0004445));
#3112=CARTESIAN_POINT('',(0.0017145,0.003937,-0.0004445));
#3113=CARTESIAN_POINT('',(0.0017145,0.00381,-0.0004445));
#3114=CARTESIAN_POINT('',(0.0017145,0.00381,0.0004445));
#3115=CARTESIAN_POINT('',(0.0017145,0.00381,0.0004445));
#3116=CARTESIAN_POINT('',(0.,0.00381,-0.0003175));
#3117=CARTESIAN_POINT('',(0.0015875,0.00381,-0.0003175));
#3118=CARTESIAN_POINT('',(0.0009525,0.00381,-0.0003175));
#3119=CARTESIAN_POINT('',(0.0009525,0.00381,0.00254));
#3120=CARTESIAN_POINT('',(0.0009525,0.00381,0.0003175));
#3121=CARTESIAN_POINT('',(0.,0.00381,0.0003175));
#3122=CARTESIAN_POINT('',(0.0015875,0.00381,0.0003175));
#3123=CARTESIAN_POINT('',(0.0015875,0.00381,0.0003175));
#3124=CARTESIAN_POINT('',(0.,0.00381,0.0003175));
#3125=CARTESIAN_POINT('',(-0.0009525,0.00381,0.0003175));
#3126=CARTESIAN_POINT('',(-0.0015875,0.00381,0.0003175));
#3127=CARTESIAN_POINT('',(-0.0009525,0.00381,0.00254));
#3128=CARTESIAN_POINT('',(-0.0009525,0.00381,-0.0003175));
#3129=CARTESIAN_POINT('',(0.,0.00381,-0.0003175));
#3130=CARTESIAN_POINT('',(-0.0015875,0.00381,-0.0003175));
#3131=CARTESIAN_POINT('',(-0.0015875,0.00381,0.0003175));
#3132=CARTESIAN_POINT('',(0.0017145,0.003937,0.0004445));
#3133=CARTESIAN_POINT('',(0.0017145,0.003937,0.0004445));
#3134=CARTESIAN_POINT('',(0.0017145,0.003937,-0.0004445));
#3135=CARTESIAN_POINT('',(0.,0.003937,0.0003175));
#3136=CARTESIAN_POINT('',(0.0009525,0.003937,0.0003175));
#3137=CARTESIAN_POINT('',(0.0015875,0.003937,0.0003175));
#3138=CARTESIAN_POINT('',(0.0009525,0.003937,0.00254));
#3139=CARTESIAN_POINT('',(0.0009525,0.003937,-0.0003175));
#3140=CARTESIAN_POINT('',(0.,0.003937,-0.0003175));
#3141=CARTESIAN_POINT('',(0.0015875,0.003937,-0.0003175));
#3142=CARTESIAN_POINT('',(0.0015875,0.003937,0.0003175));
#3143=CARTESIAN_POINT('',(-0.0009525,0.003937,0.00254));
#3144=CARTESIAN_POINT('',(-0.0009525,0.003937,0.0003175));
#3145=CARTESIAN_POINT('',(-0.0009525,0.003937,-0.0003175));
#3146=CARTESIAN_POINT('',(0.,0.003937,0.0003175));
#3147=CARTESIAN_POINT('',(-0.0015875,0.003937,0.0003175));
#3148=CARTESIAN_POINT('',(-0.0015875,0.003937,0.0003175));
#3149=CARTESIAN_POINT('',(-0.0015875,0.003937,-0.0003175));
#3150=CARTESIAN_POINT('',(0.,0.003937,-0.0003175));
#3151=CARTESIAN_POINT('',(0.,0.,-0.0003175));
#3152=CARTESIAN_POINT('',(0.00508,0.0106172,-0.0003175));
#3153=CARTESIAN_POINT('',(0.0015875,0.,-0.0003175));
#3154=CARTESIAN_POINT('',(0.0009525,0.,-0.0003175));
#3155=CARTESIAN_POINT('',(0.,0.,-0.0003175));
#3156=CARTESIAN_POINT('',(0.00508,0.0106172,-0.0003175));
#3157=CARTESIAN_POINT('',(-0.0009525,0.,-0.0003175));
#3158=CARTESIAN_POINT('',(-0.0015875,0.010922,-0.0003175));
#3159=CARTESIAN_POINT('',(0.,0.,0.0003175));
#3160=CARTESIAN_POINT('',(0.0015875,0.,0.0003175));
#3161=CARTESIAN_POINT('',(0.00508,0.0106172,0.0003175));
#3162=CARTESIAN_POINT('',(0.0009525,0.,0.0003175));
#3163=CARTESIAN_POINT('',(0.,0.,0.0003175));
#3164=CARTESIAN_POINT('',(-0.0009525,0.,0.0003175));
#3165=CARTESIAN_POINT('',(0.00508,0.0106172,0.0003175));
#3166=CARTESIAN_POINT('',(-0.0015875,0.010922,0.0003175));
#3167=CARTESIAN_POINT('',(0.00508,0.0106172,0.0003175));
#3168=CARTESIAN_POINT('',(0.00508,0.010922,0.000141523637951003));
#3169=CARTESIAN_POINT('',(0.00508,0.010922,-0.000141523637951002));
#3170=CARTESIAN_POINT('',(0.00508,0.010922,-0.000141523637951002));
#3171=CARTESIAN_POINT('',(0.00508,0.0106172,0.0003175));
#3172=CARTESIAN_POINT('',(0.00508,0.010922,0.000141523637951003));
#3173=CARTESIAN_POINT('',(0.00508,0.010922,-0.000141523637951002));
#3174=CARTESIAN_POINT('',(0.00508,0.010922,-0.000141523637951002));
#3175=CARTESIAN_POINT('',(0.0009525,0.003937,0.00254));
#3176=CARTESIAN_POINT('',(-0.0009525,0.014859,0.00254));
#3177=CARTESIAN_POINT('',(0.0015875,0.,0.0003175));
#3178=CARTESIAN_POINT('',(-0.0015875,0.010922,0.0003175));
#3179=CARTESIAN_POINT('',(0.0015875,0.010922,0.0003175));
#3180=CARTESIAN_POINT('',(0.0015875,0.010922,0.0003175));
#3181=CARTESIAN_POINT('',(0.0009525,0.003937,0.00254));
#3182=CARTESIAN_POINT('',(0.0009525,0.,-0.0003175));
#3183=CARTESIAN_POINT('',(0.0009525,0.,0.0003175));
#3184=CARTESIAN_POINT('',(-0.0009525,0.014859,0.00254));
#3185=CARTESIAN_POINT('',(-0.0009525,0.,0.0003175));
#3186=CARTESIAN_POINT('',(-0.0009525,0.,-0.0003175));
#3187=CARTESIAN_POINT('',(-0.0015875,0.010922,0.0003175));
#3188=CARTESIAN_POINT('',(-0.0015875,0.010922,0.0003175));
#3189=CARTESIAN_POINT('',(-0.0015875,0.010922,-0.0003175));
#3190=CARTESIAN_POINT('',(0.0015875,0.,0.0003175));
#3191=CARTESIAN_POINT('',(0.0015875,0.,-0.0003175));
#3192=CARTESIAN_POINT('',(0.0015875,0.,0.0003175));
#3193=CARTESIAN_POINT('',(0.,0.,0.0003175));
#3194=CARTESIAN_POINT('',(-0.0015875,0.,0.0003175));
#3195=CARTESIAN_POINT('',(0.,0.,0.0003175));
#3196=CARTESIAN_POINT('',(-0.0015875,0.,0.0003175));
#3197=CARTESIAN_POINT('',(0.,0.,-0.0003175));
#3198=CARTESIAN_POINT('',(-0.0015875,0.,-0.0003175));
#3199=CARTESIAN_POINT('',(0.,0.,-0.0003175));
#3200=CARTESIAN_POINT('',(-0.0015875,0.,-0.0003175));
#3201=CARTESIAN_POINT('',(-0.0015875,0.,0.0003175));
#3202=CARTESIAN_POINT('',(-0.0015875,0.,0.0003175));
#3203=CARTESIAN_POINT('',(0.,-0.00254,0.));
#3204=MECHANICAL_DESIGN_GEOMETRIC_PRESENTATION_REPRESENTATION('',(#2016,#2017),#3205);
#3205=(
GEOMETRIC_REPRESENTATION_CONTEXT(3)
GLOBAL_UNCERTAINTY_ASSIGNED_CONTEXT((#3208))
GLOBAL_UNIT_ASSIGNED_CONTEXT((#3213,#3212,#3211))
REPRESENTATION_CONTEXT('TSW-102-07-L-S','TOP_LEVEL_ASSEMBLY_PART')
);
#3206=(
GEOMETRIC_REPRESENTATION_CONTEXT(3)
GLOBAL_UNCERTAINTY_ASSIGNED_CONTEXT((#3209))
GLOBAL_UNIT_ASSIGNED_CONTEXT((#3213,#3212,#3211))
REPRESENTATION_CONTEXT('TSW-102-07-L-S_body','COMPONENT_PART')
);
#3207=(
GEOMETRIC_REPRESENTATION_CONTEXT(3)
GLOBAL_UNCERTAINTY_ASSIGNED_CONTEXT((#3210))
GLOBAL_UNIT_ASSIGNED_CONTEXT((#3213,#3212,#3211))
REPRESENTATION_CONTEXT('T-1S6-07-TSW-1-07-2-S','COMPONENT_PART')
);
#3208=UNCERTAINTY_MEASURE_WITH_UNIT(LENGTH_MEASURE(1.E-08),#3213,'DISTANCE_ACCURACY_VALUE','Maximum Tolerance applied to model');
#3209=UNCERTAINTY_MEASURE_WITH_UNIT(LENGTH_MEASURE(1.E-06),#3213,'DISTANCE_ACCURACY_VALUE','Maximum Tolerance applied to model');
#3210=UNCERTAINTY_MEASURE_WITH_UNIT(LENGTH_MEASURE(1.E-06),#3213,'DISTANCE_ACCURACY_VALUE','Maximum Tolerance applied to model');
#3211=(
NAMED_UNIT(*)
SI_UNIT($,.STERADIAN.)
SOLID_ANGLE_UNIT()
);
#3212=(
NAMED_UNIT(*)
PLANE_ANGLE_UNIT()
SI_UNIT($,.RADIAN.)
);
#3213=(
LENGTH_UNIT()
NAMED_UNIT(*)
SI_UNIT($,.METRE.)
);
#3214=PRODUCT_DEFINITION_SHAPE('','',#3219);
#3215=PRODUCT_DEFINITION_SHAPE('','',#3220);
#3216=PRODUCT_DEFINITION_SHAPE(' ','NAUO PRDDFN',#12);
#3217=PRODUCT_DEFINITION_SHAPE('','',#3221);
#3218=PRODUCT_DEFINITION_SHAPE(' ','NAUO PRDDFN',#13);
#3219=PRODUCT_DEFINITION('','',#3225,#3222);
#3220=PRODUCT_DEFINITION('','',#3226,#3223);
#3221=PRODUCT_DEFINITION('','',#3227,#3224);
#3222=PRODUCT_DEFINITION_CONTEXT('',#3241,'design');
#3223=PRODUCT_DEFINITION_CONTEXT('',#3241,'design');
#3224=PRODUCT_DEFINITION_CONTEXT('',#3241,'design');
#3225=PRODUCT_DEFINITION_FORMATION_WITH_SPECIFIED_SOURCE('','',#3231,.NOT_KNOWN.);
#3226=PRODUCT_DEFINITION_FORMATION_WITH_SPECIFIED_SOURCE('','',#3232,.NOT_KNOWN.);
#3227=PRODUCT_DEFINITION_FORMATION_WITH_SPECIFIED_SOURCE('','',#3233,.NOT_KNOWN.);
#3228=PRODUCT_RELATED_PRODUCT_CATEGORY('','',(#3231));
#3229=PRODUCT_RELATED_PRODUCT_CATEGORY('','',(#3232));
#3230=PRODUCT_RELATED_PRODUCT_CATEGORY('','',(#3233));
#3231=PRODUCT('TSW-102-07-L-S','TSW-102-07-L-S','TSW-102-07-L-S',(#3237));
#3232=PRODUCT('TSW-102-07-L-S_body','TSW-102-07-L-S_body','TSW-102-07-L-S_body',(#3238));
#3233=PRODUCT('T-1S6-07-TSW-1-07-2-S','T-1S6-07-TSW-1-07-2-S','T-1S6-07-TSW-1-07-2-S',(#3239));
#3234=PRODUCT_CATEGORY('','');
#3235=PRODUCT_CATEGORY('','');
#3236=PRODUCT_CATEGORY('','');
#3237=PRODUCT_CONTEXT('',#3241,'mechanical');
#3238=PRODUCT_CONTEXT('',#3241,'mechanical');
#3239=PRODUCT_CONTEXT('',#3241,'mechanical');
#3240=APPLICATION_PROTOCOL_DEFINITION('international standard','ap242_managed_model_based_3d_engineering',2020,#3241);
#3241=APPLICATION_CONTEXT('managed model based 3d engineering');
ENDSEC;
END-ISO-10303-21;
