ISO-10303-21;
HEADER;
/*Generated by software containing ST-Developer
 * from STEP Tools, Inc. (www.steptools.com) 
 */
/*OPTION: using custom renumber hook */
/*description */
/*implementation_level */
FILE_DESCRIPTION(('STEP AP242 Edition 2','STEP AP242 Edition 2''CAx-IF Rec.Pracs.---Representation and Presentation of Product Manufa
cturing Information (PMI)---4.0---2014-10-13','STEP AP242 Edition 2''CAx-IF Rec.Pracs.---Representation and Presentation of Product Manufa
cturing Information (PMI)---4.0---2014-10-13''CAx-IF Rec.Pracs.---3D Tessellated Geometry---0.4---2014-09-14','STEP AP242 Edition 2''CAx-IF Rec.Pracs.---Representation and Presentation of Product Manufa
cturing Information (PMI)---4.0---2014-10-13''CAx-IF Rec.Pracs.---3D Tessellated Geometry---0.4---2014-09-14''2;1','STEP AP242 Edition 2''CAx-IF Rec.Pracs.---Representation and Presentation of Product Manufa
cturing Information (PMI)---4.0---2014-10-13''CAx-IF Rec.Pracs.---3D Tessellated Geometry---0.4---2014-09-14''2;1''CAx-IF Rec.Pracs.---User Defined Attributes---1.5---2016-08-15'),'2;1');
/*name */
/*time_stamp */
/*author */
/*organization */
/*preprocessor_version */
/*originating_system */
/*authorisation */
FILE_NAME('/vol/tmp/translate-10889626028043761646/TI_VQFN-HR_RPW_200X200X100.step','2026-03-12T10:54:45',(''),(''),'ST-DEVELOPER v20','ONSHAPE BY PTC INC, 1.211','  ');
FILE_SCHEMA(('AP242_MANAGED_MODEL_BASED_3D_ENGINEERING_MIM_LF { 1 0 10303 442 3 1 4 }'));
ENDSEC;
DATA;
#10=LINE('',#3212,#300);
#11=LINE('',#3215,#301);
#12=LINE('',#3217,#302);
#13=LINE('',#3219,#303);
#14=LINE('',#3221,#304);
#15=LINE('',#3223,#305);
#16=LINE('',#3225,#306);
#17=LINE('',#3227,#307);
#18=LINE('',#3229,#308);
#19=LINE('',#3231,#309);
#20=LINE('',#3233,#310);
#21=LINE('',#3235,#311);
#22=LINE('',#3237,#312);
#23=LINE('',#3239,#313);
#24=LINE('',#3241,#314);
#25=LINE('',#3243,#315);
#26=LINE('',#3245,#316);
#27=LINE('',#3246,#317);
#28=LINE('',#3251,#318);
#29=LINE('',#3254,#319);
#30=LINE('',#3256,#320);
#31=LINE('',#3258,#321);
#32=LINE('',#3260,#322);
#33=LINE('',#3262,#323);
#34=LINE('',#3264,#324);
#35=LINE('',#3266,#325);
#36=LINE('',#3268,#326);
#37=LINE('',#3270,#327);
#38=LINE('',#3272,#328);
#39=LINE('',#3273,#329);
#40=LINE('',#3278,#330);
#41=LINE('',#3281,#331);
#42=LINE('',#3283,#332);
#43=LINE('',#3285,#333);
#44=LINE('',#3287,#334);
#45=LINE('',#3289,#335);
#46=LINE('',#3291,#336);
#47=LINE('',#3293,#337);
#48=LINE('',#3295,#338);
#49=LINE('',#3297,#339);
#50=LINE('',#3299,#340);
#51=LINE('',#3300,#341);
#52=LINE('',#3305,#342);
#53=LINE('',#3308,#343);
#54=LINE('',#3310,#344);
#55=LINE('',#3312,#345);
#56=LINE('',#3314,#346);
#57=LINE('',#3316,#347);
#58=LINE('',#3318,#348);
#59=LINE('',#3320,#349);
#60=LINE('',#3322,#350);
#61=LINE('',#3324,#351);
#62=LINE('',#3326,#352);
#63=LINE('',#3328,#353);
#64=LINE('',#3330,#354);
#65=LINE('',#3332,#355);
#66=LINE('',#3334,#356);
#67=LINE('',#3336,#357);
#68=LINE('',#3338,#358);
#69=LINE('',#3340,#359);
#70=LINE('',#3342,#360);
#71=LINE('',#3344,#361);
#72=LINE('',#3345,#362);
#73=LINE('',#3350,#363);
#74=LINE('',#3353,#364);
#75=LINE('',#3355,#365);
#76=LINE('',#3357,#366);
#77=LINE('',#3359,#367);
#78=LINE('',#3361,#368);
#79=LINE('',#3363,#369);
#80=LINE('',#3365,#370);
#81=LINE('',#3367,#371);
#82=LINE('',#3369,#372);
#83=LINE('',#3371,#373);
#84=LINE('',#3373,#374);
#85=LINE('',#3375,#375);
#86=LINE('',#3377,#376);
#87=LINE('',#3379,#377);
#88=LINE('',#3381,#378);
#89=LINE('',#3383,#379);
#90=LINE('',#3384,#380);
#91=LINE('',#3389,#381);
#92=LINE('',#3392,#382);
#93=LINE('',#3394,#383);
#94=LINE('',#3396,#384);
#95=LINE('',#3398,#385);
#96=LINE('',#3400,#386);
#97=LINE('',#3402,#387);
#98=LINE('',#3404,#388);
#99=LINE('',#3406,#389);
#100=LINE('',#3408,#390);
#101=LINE('',#3410,#391);
#102=LINE('',#3412,#392);
#103=LINE('',#3414,#393);
#104=LINE('',#3416,#394);
#105=LINE('',#3418,#395);
#106=LINE('',#3420,#396);
#107=LINE('',#3422,#397);
#108=LINE('',#3423,#398);
#109=LINE('',#3428,#399);
#110=LINE('',#3431,#400);
#111=LINE('',#3433,#401);
#112=LINE('',#3435,#402);
#113=LINE('',#3437,#403);
#114=LINE('',#3439,#404);
#115=LINE('',#3441,#405);
#116=LINE('',#3445,#406);
#117=LINE('',#3449,#407);
#118=LINE('',#3450,#408);
#119=LINE('',#3455,#409);
#120=LINE('',#3458,#410);
#121=LINE('',#3460,#411);
#122=LINE('',#3462,#412);
#123=LINE('',#3464,#413);
#124=LINE('',#3466,#414);
#125=LINE('',#3468,#415);
#126=LINE('',#3472,#416);
#127=LINE('',#3476,#417);
#128=LINE('',#3477,#418);
#129=LINE('',#3482,#419);
#130=LINE('',#3485,#420);
#131=LINE('',#3487,#421);
#132=LINE('',#3489,#422);
#133=LINE('',#3491,#423);
#134=LINE('',#3493,#424);
#135=LINE('',#3495,#425);
#136=LINE('',#3497,#426);
#137=LINE('',#3499,#427);
#138=LINE('',#3501,#428);
#139=LINE('',#3509,#429);
#140=LINE('',#3512,#430);
#141=LINE('',#3514,#431);
#142=LINE('',#3516,#432);
#143=LINE('',#3518,#433);
#144=LINE('',#3520,#434);
#145=LINE('',#3522,#435);
#146=LINE('',#3524,#436);
#147=LINE('',#3526,#437);
#148=LINE('',#3528,#438);
#149=LINE('',#3536,#439);
#150=LINE('',#3539,#440);
#151=LINE('',#3541,#441);
#152=LINE('',#3543,#442);
#153=LINE('',#3545,#443);
#154=LINE('',#3547,#444);
#155=LINE('',#3549,#445);
#156=LINE('',#3551,#446);
#157=LINE('',#3553,#447);
#158=LINE('',#3555,#448);
#159=LINE('',#3557,#449);
#160=LINE('',#3559,#450);
#161=LINE('',#3561,#451);
#162=LINE('',#3563,#452);
#163=LINE('',#3565,#453);
#164=LINE('',#3567,#454);
#165=LINE('',#3569,#455);
#166=LINE('',#3571,#456);
#167=LINE('',#3573,#457);
#168=LINE('',#3575,#458);
#169=LINE('',#3577,#459);
#170=LINE('',#3580,#460);
#171=LINE('',#3582,#461);
#172=LINE('',#3584,#462);
#173=LINE('',#3586,#463);
#174=LINE('',#3588,#464);
#175=LINE('',#3590,#465);
#176=LINE('',#3592,#466);
#177=LINE('',#3594,#467);
#178=LINE('',#3596,#468);
#179=LINE('',#3598,#469);
#180=LINE('',#3600,#470);
#181=LINE('',#3602,#471);
#182=LINE('',#3604,#472);
#183=LINE('',#3606,#473);
#184=LINE('',#3607,#474);
#185=LINE('',#3609,#475);
#186=LINE('',#3611,#476);
#187=LINE('',#3613,#477);
#188=LINE('',#3615,#478);
#189=LINE('',#3618,#479);
#190=LINE('',#3619,#480);
#191=LINE('',#3621,#481);
#192=LINE('',#3623,#482);
#193=LINE('',#3627,#483);
#194=LINE('',#3628,#484);
#195=LINE('',#3630,#485);
#196=LINE('',#3631,#486);
#197=LINE('',#3633,#487);
#198=LINE('',#3635,#488);
#199=LINE('',#3637,#489);
#200=LINE('',#3638,#490);
#201=LINE('',#3642,#491);
#202=LINE('',#3645,#492);
#203=LINE('',#3646,#493);
#204=LINE('',#3648,#494);
#205=LINE('',#3651,#495);
#206=LINE('',#3653,#496);
#207=LINE('',#3655,#497);
#208=LINE('',#3657,#498);
#209=LINE('',#3659,#499);
#210=LINE('',#3661,#500);
#211=LINE('',#3663,#501);
#212=LINE('',#3667,#502);
#213=LINE('',#3669,#503);
#214=LINE('',#3671,#504);
#215=LINE('',#3675,#505);
#216=LINE('',#3677,#506);
#217=LINE('',#3679,#507);
#218=LINE('',#3681,#508);
#219=LINE('',#3683,#509);
#220=LINE('',#3685,#510);
#221=LINE('',#3687,#511);
#222=LINE('',#3689,#512);
#223=LINE('',#3691,#513);
#224=LINE('',#3693,#514);
#225=LINE('',#3695,#515);
#226=LINE('',#3697,#516);
#227=LINE('',#3699,#517);
#228=LINE('',#3702,#518);
#229=LINE('',#3703,#519);
#230=LINE('',#3705,#520);
#231=LINE('',#3707,#521);
#232=LINE('',#3708,#522);
#233=LINE('',#3710,#523);
#234=LINE('',#3712,#524);
#235=LINE('',#3713,#525);
#236=LINE('',#3715,#526);
#237=LINE('',#3716,#527);
#238=LINE('',#3718,#528);
#239=LINE('',#3720,#529);
#240=LINE('',#3721,#530);
#241=LINE('',#3723,#531);
#242=LINE('',#3726,#532);
#243=LINE('',#3727,#533);
#244=LINE('',#3728,#534);
#245=LINE('',#3730,#535);
#246=LINE('',#3732,#536);
#247=LINE('',#3733,#537);
#248=LINE('',#3735,#538);
#249=LINE('',#3737,#539);
#250=LINE('',#3738,#540);
#251=LINE('',#3740,#541);
#252=LINE('',#3742,#542);
#253=LINE('',#3743,#543);
#254=LINE('',#3748,#544);
#255=LINE('',#3750,#545);
#256=LINE('',#3752,#546);
#257=LINE('',#3754,#547);
#258=LINE('',#3759,#548);
#259=LINE('',#3761,#549);
#260=LINE('',#3763,#550);
#261=LINE('',#3765,#551);
#262=LINE('',#3767,#552);
#263=LINE('',#3769,#553);
#264=LINE('',#3771,#554);
#265=LINE('',#3773,#555);
#266=LINE('',#3776,#556);
#267=LINE('',#3778,#557);
#268=LINE('',#3780,#558);
#269=LINE('',#3782,#559);
#270=LINE('',#3787,#560);
#271=LINE('',#3789,#561);
#272=LINE('',#3793,#562);
#273=LINE('',#3795,#563);
#274=LINE('',#3798,#564);
#275=LINE('',#3800,#565);
#276=LINE('',#3804,#566);
#277=LINE('',#3806,#567);
#278=LINE('',#3809,#568);
#279=LINE('',#3811,#569);
#280=LINE('',#3813,#570);
#281=LINE('',#3815,#571);
#282=LINE('',#3817,#572);
#283=LINE('',#3819,#573);
#284=LINE('',#3822,#574);
#285=LINE('',#3824,#575);
#286=LINE('',#3827,#576);
#287=LINE('',#3829,#577);
#288=LINE('',#3832,#578);
#289=LINE('',#3834,#579);
#290=LINE('',#3836,#580);
#291=LINE('',#3838,#581);
#292=LINE('',#3840,#582);
#293=LINE('',#3842,#583);
#294=LINE('',#3845,#584);
#295=LINE('',#3847,#585);
#296=LINE('',#3849,#586);
#297=LINE('',#3851,#587);
#298=LINE('',#3853,#588);
#299=LINE('',#3855,#589);
#300=VECTOR('',#2606,1.);
#301=VECTOR('',#2607,1.);
#302=VECTOR('',#2608,1.);
#303=VECTOR('',#2609,1.);
#304=VECTOR('',#2612,1.);
#305=VECTOR('',#2613,1.);
#306=VECTOR('',#2614,1.);
#307=VECTOR('',#2617,1.);
#308=VECTOR('',#2618,1.);
#309=VECTOR('',#2619,1.);
#310=VECTOR('',#2622,1.);
#311=VECTOR('',#2623,1.);
#312=VECTOR('',#2624,1.);
#313=VECTOR('',#2627,1.);
#314=VECTOR('',#2628,1.);
#315=VECTOR('',#2629,1.);
#316=VECTOR('',#2632,1.);
#317=VECTOR('',#2633,1.);
#318=VECTOR('',#2642,1.);
#319=VECTOR('',#2643,1.);
#320=VECTOR('',#2644,1.);
#321=VECTOR('',#2645,1.);
#322=VECTOR('',#2648,1.);
#323=VECTOR('',#2649,1.);
#324=VECTOR('',#2650,1.);
#325=VECTOR('',#2653,1.);
#326=VECTOR('',#2654,1.);
#327=VECTOR('',#2655,1.);
#328=VECTOR('',#2658,1.);
#329=VECTOR('',#2659,1.);
#330=VECTOR('',#2668,1.);
#331=VECTOR('',#2669,1.);
#332=VECTOR('',#2670,1.);
#333=VECTOR('',#2671,1.);
#334=VECTOR('',#2674,1.);
#335=VECTOR('',#2675,1.);
#336=VECTOR('',#2676,1.);
#337=VECTOR('',#2679,1.);
#338=VECTOR('',#2680,1.);
#339=VECTOR('',#2681,1.);
#340=VECTOR('',#2684,1.);
#341=VECTOR('',#2685,1.);
#342=VECTOR('',#2694,1.);
#343=VECTOR('',#2695,1.);
#344=VECTOR('',#2696,1.);
#345=VECTOR('',#2697,1.);
#346=VECTOR('',#2700,1.);
#347=VECTOR('',#2701,1.);
#348=VECTOR('',#2702,1.);
#349=VECTOR('',#2705,1.);
#350=VECTOR('',#2706,1.);
#351=VECTOR('',#2707,1.);
#352=VECTOR('',#2710,1.);
#353=VECTOR('',#2711,1.);
#354=VECTOR('',#2712,1.);
#355=VECTOR('',#2715,1.);
#356=VECTOR('',#2716,1.);
#357=VECTOR('',#2717,1.);
#358=VECTOR('',#2720,1.);
#359=VECTOR('',#2721,1.);
#360=VECTOR('',#2722,1.);
#361=VECTOR('',#2725,1.);
#362=VECTOR('',#2726,1.);
#363=VECTOR('',#2735,1.);
#364=VECTOR('',#2736,1.);
#365=VECTOR('',#2737,1.);
#366=VECTOR('',#2738,1.);
#367=VECTOR('',#2741,1.);
#368=VECTOR('',#2742,1.);
#369=VECTOR('',#2743,1.);
#370=VECTOR('',#2746,1.);
#371=VECTOR('',#2747,1.);
#372=VECTOR('',#2748,1.);
#373=VECTOR('',#2751,1.);
#374=VECTOR('',#2752,1.);
#375=VECTOR('',#2753,1.);
#376=VECTOR('',#2756,1.);
#377=VECTOR('',#2757,1.);
#378=VECTOR('',#2758,1.);
#379=VECTOR('',#2761,1.);
#380=VECTOR('',#2762,1.);
#381=VECTOR('',#2771,1.);
#382=VECTOR('',#2772,1.);
#383=VECTOR('',#2773,1.);
#384=VECTOR('',#2774,1.);
#385=VECTOR('',#2777,1.);
#386=VECTOR('',#2778,1.);
#387=VECTOR('',#2779,1.);
#388=VECTOR('',#2782,1.);
#389=VECTOR('',#2783,1.);
#390=VECTOR('',#2784,1.);
#391=VECTOR('',#2787,1.);
#392=VECTOR('',#2788,1.);
#393=VECTOR('',#2789,1.);
#394=VECTOR('',#2792,1.);
#395=VECTOR('',#2793,1.);
#396=VECTOR('',#2794,1.);
#397=VECTOR('',#2797,1.);
#398=VECTOR('',#2798,1.);
#399=VECTOR('',#2807,1.);
#400=VECTOR('',#2808,1.);
#401=VECTOR('',#2809,1.);
#402=VECTOR('',#2810,1.);
#403=VECTOR('',#2813,1.);
#404=VECTOR('',#2814,1.);
#405=VECTOR('',#2815,1.);
#406=VECTOR('',#2820,1.);
#407=VECTOR('',#2825,1.);
#408=VECTOR('',#2826,1.);
#409=VECTOR('',#2835,1.);
#410=VECTOR('',#2836,1.);
#411=VECTOR('',#2837,1.);
#412=VECTOR('',#2838,1.);
#413=VECTOR('',#2841,1.);
#414=VECTOR('',#2842,1.);
#415=VECTOR('',#2843,1.);
#416=VECTOR('',#2848,1.);
#417=VECTOR('',#2853,1.);
#418=VECTOR('',#2854,1.);
#419=VECTOR('',#2863,1.);
#420=VECTOR('',#2864,1.);
#421=VECTOR('',#2865,1.);
#422=VECTOR('',#2866,1.);
#423=VECTOR('',#2869,1.);
#424=VECTOR('',#2870,1.);
#425=VECTOR('',#2871,1.);
#426=VECTOR('',#2874,1.);
#427=VECTOR('',#2875,1.);
#428=VECTOR('',#2876,1.);
#429=VECTOR('',#2891,1.);
#430=VECTOR('',#2892,1.);
#431=VECTOR('',#2893,1.);
#432=VECTOR('',#2894,1.);
#433=VECTOR('',#2897,1.);
#434=VECTOR('',#2898,1.);
#435=VECTOR('',#2899,1.);
#436=VECTOR('',#2902,1.);
#437=VECTOR('',#2903,1.);
#438=VECTOR('',#2904,1.);
#439=VECTOR('',#2919,1.);
#440=VECTOR('',#2920,1.);
#441=VECTOR('',#2921,1.);
#442=VECTOR('',#2922,1.);
#443=VECTOR('',#2923,1.);
#444=VECTOR('',#2924,1.);
#445=VECTOR('',#2925,1.);
#446=VECTOR('',#2926,1.);
#447=VECTOR('',#2927,1.);
#448=VECTOR('',#2928,1.);
#449=VECTOR('',#2929,1.);
#450=VECTOR('',#2930,1.);
#451=VECTOR('',#2931,1.);
#452=VECTOR('',#2932,1.);
#453=VECTOR('',#2933,1.);
#454=VECTOR('',#2934,1.);
#455=VECTOR('',#2935,1.);
#456=VECTOR('',#2936,1.);
#457=VECTOR('',#2937,1.);
#458=VECTOR('',#2938,1.);
#459=VECTOR('',#2941,1.);
#460=VECTOR('',#2942,1.);
#461=VECTOR('',#2943,1.);
#462=VECTOR('',#2944,1.);
#463=VECTOR('',#2945,1.);
#464=VECTOR('',#2946,1.);
#465=VECTOR('',#2947,1.);
#466=VECTOR('',#2948,1.);
#467=VECTOR('',#2949,1.);
#468=VECTOR('',#2950,1.);
#469=VECTOR('',#2951,1.);
#470=VECTOR('',#2952,1.);
#471=VECTOR('',#2953,1.);
#472=VECTOR('',#2954,1.);
#473=VECTOR('',#2955,1.);
#474=VECTOR('',#2956,1.);
#475=VECTOR('',#2957,1.);
#476=VECTOR('',#2958,1.);
#477=VECTOR('',#2959,1.);
#478=VECTOR('',#2962,1.);
#479=VECTOR('',#2963,1.);
#480=VECTOR('',#2964,1.);
#481=VECTOR('',#2967,1.);
#482=VECTOR('',#2968,1.);
#483=VECTOR('',#2971,1.);
#484=VECTOR('',#2972,1.);
#485=VECTOR('',#2973,1.);
#486=VECTOR('',#2974,1.);
#487=VECTOR('',#2975,1.);
#488=VECTOR('',#2976,1.);
#489=VECTOR('',#2977,1.);
#490=VECTOR('',#2978,1.);
#491=VECTOR('',#2983,1.);
#492=VECTOR('',#2984,1.);
#493=VECTOR('',#2985,1.);
#494=VECTOR('',#2988,1.);
#495=VECTOR('',#2989,1.);
#496=VECTOR('',#2990,1.);
#497=VECTOR('',#2991,1.);
#498=VECTOR('',#2994,1.);
#499=VECTOR('',#2995,1.);
#500=VECTOR('',#2996,1.);
#501=VECTOR('',#2997,1.);
#502=VECTOR('',#3000,1.);
#503=VECTOR('',#3001,1.);
#504=VECTOR('',#3002,1.);
#505=VECTOR('',#3005,1.);
#506=VECTOR('',#3006,1.);
#507=VECTOR('',#3007,1.);
#508=VECTOR('',#3008,1.);
#509=VECTOR('',#3009,1.);
#510=VECTOR('',#3010,1.);
#511=VECTOR('',#3011,1.);
#512=VECTOR('',#3014,1.);
#513=VECTOR('',#3015,1.);
#514=VECTOR('',#3018,1.);
#515=VECTOR('',#3019,1.);
#516=VECTOR('',#3020,1.);
#517=VECTOR('',#3023,1.);
#518=VECTOR('',#3024,1.);
#519=VECTOR('',#3025,1.);
#520=VECTOR('',#3026,1.);
#521=VECTOR('',#3027,1.);
#522=VECTOR('',#3028,1.);
#523=VECTOR('',#3029,1.);
#524=VECTOR('',#3030,1.);
#525=VECTOR('',#3031,1.);
#526=VECTOR('',#3032,1.);
#527=VECTOR('',#3033,1.);
#528=VECTOR('',#3034,1.);
#529=VECTOR('',#3035,1.);
#530=VECTOR('',#3036,1.);
#531=VECTOR('',#3039,1.);
#532=VECTOR('',#3040,1.);
#533=VECTOR('',#3041,1.);
#534=VECTOR('',#3042,1.);
#535=VECTOR('',#3043,1.);
#536=VECTOR('',#3044,1.);
#537=VECTOR('',#3045,1.);
#538=VECTOR('',#3046,1.);
#539=VECTOR('',#3047,1.);
#540=VECTOR('',#3048,1.);
#541=VECTOR('',#3049,1.);
#542=VECTOR('',#3050,1.);
#543=VECTOR('',#3051,1.);
#544=VECTOR('',#3058,1.);
#545=VECTOR('',#3059,1.);
#546=VECTOR('',#3062,1.);
#547=VECTOR('',#3063,1.);
#548=VECTOR('',#3072,1.);
#549=VECTOR('',#3073,1.);
#550=VECTOR('',#3076,1.);
#551=VECTOR('',#3077,1.);
#552=VECTOR('',#3080,1.);
#553=VECTOR('',#3081,1.);
#554=VECTOR('',#3084,1.);
#555=VECTOR('',#3087,1.);
#556=VECTOR('',#3092,1.);
#557=VECTOR('',#3093,1.);
#558=VECTOR('',#3096,1.);
#559=VECTOR('',#3097,1.);
#560=VECTOR('',#3106,1.);
#561=VECTOR('',#3107,1.);
#562=VECTOR('',#3112,1.);
#563=VECTOR('',#3115,1.);
#564=VECTOR('',#3120,1.);
#565=VECTOR('',#3121,1.);
#566=VECTOR('',#3126,1.);
#567=VECTOR('',#3129,1.);
#568=VECTOR('',#3134,1.);
#569=VECTOR('',#3135,1.);
#570=VECTOR('',#3138,1.);
#571=VECTOR('',#3141,1.);
#572=VECTOR('',#3142,1.);
#573=VECTOR('',#3145,1.);
#574=VECTOR('',#3150,1.);
#575=VECTOR('',#3153,1.);
#576=VECTOR('',#3158,1.);
#577=VECTOR('',#3161,1.);
#578=VECTOR('',#3166,1.);
#579=VECTOR('',#3167,1.);
#580=VECTOR('',#3170,1.);
#581=VECTOR('',#3173,1.);
#582=VECTOR('',#3174,1.);
#583=VECTOR('',#3177,1.);
#584=VECTOR('',#3182,1.);
#585=VECTOR('',#3183,1.);
#586=VECTOR('',#3186,1.);
#587=VECTOR('',#3187,1.);
#588=VECTOR('',#3190,1.);
#589=VECTOR('',#3193,1.);
#590=SHAPE_REPRESENTATION_RELATIONSHIP('','',#2417,#602);
#591=SHAPE_REPRESENTATION_RELATIONSHIP('','',#2418,#603);
#592=SHAPE_REPRESENTATION_RELATIONSHIP('','',#2419,#604);
#593=SHAPE_REPRESENTATION_RELATIONSHIP('','',#2420,#605);
#594=SHAPE_REPRESENTATION_RELATIONSHIP('','',#2421,#606);
#595=SHAPE_REPRESENTATION_RELATIONSHIP('','',#2422,#607);
#596=SHAPE_REPRESENTATION_RELATIONSHIP('','',#2423,#608);
#597=SHAPE_REPRESENTATION_RELATIONSHIP('','',#2424,#609);
#598=SHAPE_REPRESENTATION_RELATIONSHIP('','',#2425,#610);
#599=SHAPE_REPRESENTATION_RELATIONSHIP('','',#2426,#611);
#600=SHAPE_REPRESENTATION_RELATIONSHIP('','',#2427,#612);
#601=SHAPE_REPRESENTATION_RELATIONSHIP('','',#2428,#613);
#602=ADVANCED_BREP_SHAPE_REPRESENTATION('',(#2393),#3873);
#603=ADVANCED_BREP_SHAPE_REPRESENTATION('',(#2394),#3874);
#604=ADVANCED_BREP_SHAPE_REPRESENTATION('',(#2395),#3875);
#605=ADVANCED_BREP_SHAPE_REPRESENTATION('',(#2396),#3876);
#606=ADVANCED_BREP_SHAPE_REPRESENTATION('',(#2397),#3877);
#607=ADVANCED_BREP_SHAPE_REPRESENTATION('',(#2398),#3878);
#608=ADVANCED_BREP_SHAPE_REPRESENTATION('',(#2399),#3879);
#609=ADVANCED_BREP_SHAPE_REPRESENTATION('',(#2400),#3880);
#610=ADVANCED_BREP_SHAPE_REPRESENTATION('',(#2401),#3881);
#611=ADVANCED_BREP_SHAPE_REPRESENTATION('',(#2402),#3882);
#612=ADVANCED_BREP_SHAPE_REPRESENTATION('',(#2403),#3883);
#613=ADVANCED_BREP_SHAPE_REPRESENTATION('',(#2404),#3884);
#614=PLANE('',#2433);
#615=PLANE('',#2434);
#616=PLANE('',#2436);
#617=PLANE('',#2437);
#618=PLANE('',#2438);
#619=PLANE('',#2439);
#620=PLANE('',#2440);
#621=PLANE('',#2441);
#622=PLANE('',#2442);
#623=PLANE('',#2443);
#624=PLANE('',#2445);
#625=PLANE('',#2446);
#626=PLANE('',#2447);
#627=PLANE('',#2448);
#628=PLANE('',#2449);
#629=PLANE('',#2450);
#630=PLANE('',#2452);
#631=PLANE('',#2453);
#632=PLANE('',#2454);
#633=PLANE('',#2455);
#634=PLANE('',#2456);
#635=PLANE('',#2457);
#636=PLANE('',#2459);
#637=PLANE('',#2460);
#638=PLANE('',#2461);
#639=PLANE('',#2462);
#640=PLANE('',#2463);
#641=PLANE('',#2464);
#642=PLANE('',#2465);
#643=PLANE('',#2466);
#644=PLANE('',#2467);
#645=PLANE('',#2469);
#646=PLANE('',#2470);
#647=PLANE('',#2471);
#648=PLANE('',#2472);
#649=PLANE('',#2473);
#650=PLANE('',#2474);
#651=PLANE('',#2475);
#652=PLANE('',#2476);
#653=PLANE('',#2478);
#654=PLANE('',#2479);
#655=PLANE('',#2480);
#656=PLANE('',#2481);
#657=PLANE('',#2482);
#658=PLANE('',#2483);
#659=PLANE('',#2484);
#660=PLANE('',#2485);
#661=PLANE('',#2487);
#662=PLANE('',#2488);
#663=PLANE('',#2492);
#664=PLANE('',#2493);
#665=PLANE('',#2494);
#666=PLANE('',#2496);
#667=PLANE('',#2497);
#668=PLANE('',#2501);
#669=PLANE('',#2502);
#670=PLANE('',#2503);
#671=PLANE('',#2505);
#672=PLANE('',#2506);
#673=PLANE('',#2507);
#674=PLANE('',#2511);
#675=PLANE('',#2512);
#676=PLANE('',#2514);
#677=PLANE('',#2515);
#678=PLANE('',#2516);
#679=PLANE('',#2520);
#680=PLANE('',#2521);
#681=PLANE('',#2523);
#682=PLANE('',#2524);
#683=PLANE('',#2525);
#684=PLANE('',#2526);
#685=PLANE('',#2529);
#686=PLANE('',#2530);
#687=PLANE('',#2531);
#688=PLANE('',#2534);
#689=PLANE('',#2535);
#690=PLANE('',#2536);
#691=PLANE('',#2537);
#692=PLANE('',#2538);
#693=PLANE('',#2540);
#694=PLANE('',#2541);
#695=PLANE('',#2544);
#696=PLANE('',#2545);
#697=PLANE('',#2546);
#698=PLANE('',#2547);
#699=PLANE('',#2548);
#700=PLANE('',#2549);
#701=PLANE('',#2550);
#702=PLANE('',#2551);
#703=PLANE('',#2552);
#704=PLANE('',#2555);
#705=PLANE('',#2556);
#706=PLANE('',#2559);
#707=PLANE('',#2560);
#708=PLANE('',#2561);
#709=PLANE('',#2564);
#710=PLANE('',#2565);
#711=PLANE('',#2566);
#712=PLANE('',#2567);
#713=PLANE('',#2568);
#714=PLANE('',#2569);
#715=PLANE('',#2570);
#716=PLANE('',#2571);
#717=PLANE('',#2572);
#718=PLANE('',#2573);
#719=PLANE('',#2574);
#720=PLANE('',#2575);
#721=PLANE('',#2576);
#722=PLANE('',#2577);
#723=PLANE('',#2578);
#724=PLANE('',#2579);
#725=PLANE('',#2580);
#726=PLANE('',#2581);
#727=PLANE('',#2582);
#728=PLANE('',#2583);
#729=PLANE('',#2584);
#730=PLANE('',#2585);
#731=PLANE('',#2586);
#732=PLANE('',#2589);
#733=ORIENTED_EDGE('',*,*,#1353,.F.);
#734=ORIENTED_EDGE('',*,*,#1354,.T.);
#735=ORIENTED_EDGE('',*,*,#1353,.T.);
#736=ORIENTED_EDGE('',*,*,#1354,.F.);
#737=ORIENTED_EDGE('',*,*,#1355,.T.);
#738=ORIENTED_EDGE('',*,*,#1356,.F.);
#739=ORIENTED_EDGE('',*,*,#1357,.F.);
#740=ORIENTED_EDGE('',*,*,#1358,.T.);
#741=ORIENTED_EDGE('',*,*,#1359,.T.);
#742=ORIENTED_EDGE('',*,*,#1360,.F.);
#743=ORIENTED_EDGE('',*,*,#1361,.F.);
#744=ORIENTED_EDGE('',*,*,#1356,.T.);
#745=ORIENTED_EDGE('',*,*,#1362,.T.);
#746=ORIENTED_EDGE('',*,*,#1363,.F.);
#747=ORIENTED_EDGE('',*,*,#1364,.F.);
#748=ORIENTED_EDGE('',*,*,#1360,.T.);
#749=ORIENTED_EDGE('',*,*,#1365,.T.);
#750=ORIENTED_EDGE('',*,*,#1366,.F.);
#751=ORIENTED_EDGE('',*,*,#1367,.F.);
#752=ORIENTED_EDGE('',*,*,#1363,.T.);
#753=ORIENTED_EDGE('',*,*,#1368,.F.);
#754=ORIENTED_EDGE('',*,*,#1369,.F.);
#755=ORIENTED_EDGE('',*,*,#1370,.T.);
#756=ORIENTED_EDGE('',*,*,#1366,.T.);
#757=ORIENTED_EDGE('',*,*,#1371,.T.);
#758=ORIENTED_EDGE('',*,*,#1358,.F.);
#759=ORIENTED_EDGE('',*,*,#1372,.F.);
#760=ORIENTED_EDGE('',*,*,#1369,.T.);
#761=ORIENTED_EDGE('',*,*,#1357,.T.);
#762=ORIENTED_EDGE('',*,*,#1361,.T.);
#763=ORIENTED_EDGE('',*,*,#1364,.T.);
#764=ORIENTED_EDGE('',*,*,#1367,.T.);
#765=ORIENTED_EDGE('',*,*,#1370,.F.);
#766=ORIENTED_EDGE('',*,*,#1372,.T.);
#767=ORIENTED_EDGE('',*,*,#1355,.F.);
#768=ORIENTED_EDGE('',*,*,#1371,.F.);
#769=ORIENTED_EDGE('',*,*,#1368,.T.);
#770=ORIENTED_EDGE('',*,*,#1365,.F.);
#771=ORIENTED_EDGE('',*,*,#1362,.F.);
#772=ORIENTED_EDGE('',*,*,#1359,.F.);
#773=ORIENTED_EDGE('',*,*,#1373,.F.);
#774=ORIENTED_EDGE('',*,*,#1374,.F.);
#775=ORIENTED_EDGE('',*,*,#1375,.T.);
#776=ORIENTED_EDGE('',*,*,#1376,.T.);
#777=ORIENTED_EDGE('',*,*,#1377,.T.);
#778=ORIENTED_EDGE('',*,*,#1378,.F.);
#779=ORIENTED_EDGE('',*,*,#1379,.F.);
#780=ORIENTED_EDGE('',*,*,#1374,.T.);
#781=ORIENTED_EDGE('',*,*,#1380,.T.);
#782=ORIENTED_EDGE('',*,*,#1381,.F.);
#783=ORIENTED_EDGE('',*,*,#1382,.F.);
#784=ORIENTED_EDGE('',*,*,#1378,.T.);
#785=ORIENTED_EDGE('',*,*,#1383,.F.);
#786=ORIENTED_EDGE('',*,*,#1376,.F.);
#787=ORIENTED_EDGE('',*,*,#1384,.T.);
#788=ORIENTED_EDGE('',*,*,#1381,.T.);
#789=ORIENTED_EDGE('',*,*,#1375,.F.);
#790=ORIENTED_EDGE('',*,*,#1379,.T.);
#791=ORIENTED_EDGE('',*,*,#1382,.T.);
#792=ORIENTED_EDGE('',*,*,#1384,.F.);
#793=ORIENTED_EDGE('',*,*,#1373,.T.);
#794=ORIENTED_EDGE('',*,*,#1383,.T.);
#795=ORIENTED_EDGE('',*,*,#1380,.F.);
#796=ORIENTED_EDGE('',*,*,#1377,.F.);
#797=ORIENTED_EDGE('',*,*,#1385,.F.);
#798=ORIENTED_EDGE('',*,*,#1386,.F.);
#799=ORIENTED_EDGE('',*,*,#1387,.T.);
#800=ORIENTED_EDGE('',*,*,#1388,.T.);
#801=ORIENTED_EDGE('',*,*,#1389,.T.);
#802=ORIENTED_EDGE('',*,*,#1390,.F.);
#803=ORIENTED_EDGE('',*,*,#1391,.F.);
#804=ORIENTED_EDGE('',*,*,#1386,.T.);
#805=ORIENTED_EDGE('',*,*,#1392,.T.);
#806=ORIENTED_EDGE('',*,*,#1393,.F.);
#807=ORIENTED_EDGE('',*,*,#1394,.F.);
#808=ORIENTED_EDGE('',*,*,#1390,.T.);
#809=ORIENTED_EDGE('',*,*,#1395,.F.);
#810=ORIENTED_EDGE('',*,*,#1388,.F.);
#811=ORIENTED_EDGE('',*,*,#1396,.T.);
#812=ORIENTED_EDGE('',*,*,#1393,.T.);
#813=ORIENTED_EDGE('',*,*,#1387,.F.);
#814=ORIENTED_EDGE('',*,*,#1391,.T.);
#815=ORIENTED_EDGE('',*,*,#1394,.T.);
#816=ORIENTED_EDGE('',*,*,#1396,.F.);
#817=ORIENTED_EDGE('',*,*,#1385,.T.);
#818=ORIENTED_EDGE('',*,*,#1395,.T.);
#819=ORIENTED_EDGE('',*,*,#1392,.F.);
#820=ORIENTED_EDGE('',*,*,#1389,.F.);
#821=ORIENTED_EDGE('',*,*,#1397,.F.);
#822=ORIENTED_EDGE('',*,*,#1398,.F.);
#823=ORIENTED_EDGE('',*,*,#1399,.T.);
#824=ORIENTED_EDGE('',*,*,#1400,.T.);
#825=ORIENTED_EDGE('',*,*,#1401,.T.);
#826=ORIENTED_EDGE('',*,*,#1402,.F.);
#827=ORIENTED_EDGE('',*,*,#1403,.F.);
#828=ORIENTED_EDGE('',*,*,#1398,.T.);
#829=ORIENTED_EDGE('',*,*,#1404,.F.);
#830=ORIENTED_EDGE('',*,*,#1405,.F.);
#831=ORIENTED_EDGE('',*,*,#1406,.T.);
#832=ORIENTED_EDGE('',*,*,#1402,.T.);
#833=ORIENTED_EDGE('',*,*,#1407,.T.);
#834=ORIENTED_EDGE('',*,*,#1408,.F.);
#835=ORIENTED_EDGE('',*,*,#1409,.F.);
#836=ORIENTED_EDGE('',*,*,#1405,.T.);
#837=ORIENTED_EDGE('',*,*,#1410,.F.);
#838=ORIENTED_EDGE('',*,*,#1411,.F.);
#839=ORIENTED_EDGE('',*,*,#1412,.T.);
#840=ORIENTED_EDGE('',*,*,#1408,.T.);
#841=ORIENTED_EDGE('',*,*,#1413,.T.);
#842=ORIENTED_EDGE('',*,*,#1414,.F.);
#843=ORIENTED_EDGE('',*,*,#1415,.F.);
#844=ORIENTED_EDGE('',*,*,#1411,.T.);
#845=ORIENTED_EDGE('',*,*,#1416,.F.);
#846=ORIENTED_EDGE('',*,*,#1400,.F.);
#847=ORIENTED_EDGE('',*,*,#1417,.T.);
#848=ORIENTED_EDGE('',*,*,#1414,.T.);
#849=ORIENTED_EDGE('',*,*,#1399,.F.);
#850=ORIENTED_EDGE('',*,*,#1403,.T.);
#851=ORIENTED_EDGE('',*,*,#1406,.F.);
#852=ORIENTED_EDGE('',*,*,#1409,.T.);
#853=ORIENTED_EDGE('',*,*,#1412,.F.);
#854=ORIENTED_EDGE('',*,*,#1415,.T.);
#855=ORIENTED_EDGE('',*,*,#1417,.F.);
#856=ORIENTED_EDGE('',*,*,#1397,.T.);
#857=ORIENTED_EDGE('',*,*,#1416,.T.);
#858=ORIENTED_EDGE('',*,*,#1413,.F.);
#859=ORIENTED_EDGE('',*,*,#1410,.T.);
#860=ORIENTED_EDGE('',*,*,#1407,.F.);
#861=ORIENTED_EDGE('',*,*,#1404,.T.);
#862=ORIENTED_EDGE('',*,*,#1401,.F.);
#863=ORIENTED_EDGE('',*,*,#1418,.F.);
#864=ORIENTED_EDGE('',*,*,#1419,.F.);
#865=ORIENTED_EDGE('',*,*,#1420,.T.);
#866=ORIENTED_EDGE('',*,*,#1421,.T.);
#867=ORIENTED_EDGE('',*,*,#1422,.F.);
#868=ORIENTED_EDGE('',*,*,#1423,.F.);
#869=ORIENTED_EDGE('',*,*,#1424,.T.);
#870=ORIENTED_EDGE('',*,*,#1419,.T.);
#871=ORIENTED_EDGE('',*,*,#1425,.F.);
#872=ORIENTED_EDGE('',*,*,#1426,.F.);
#873=ORIENTED_EDGE('',*,*,#1427,.T.);
#874=ORIENTED_EDGE('',*,*,#1423,.T.);
#875=ORIENTED_EDGE('',*,*,#1428,.F.);
#876=ORIENTED_EDGE('',*,*,#1429,.F.);
#877=ORIENTED_EDGE('',*,*,#1430,.T.);
#878=ORIENTED_EDGE('',*,*,#1426,.T.);
#879=ORIENTED_EDGE('',*,*,#1431,.F.);
#880=ORIENTED_EDGE('',*,*,#1432,.F.);
#881=ORIENTED_EDGE('',*,*,#1433,.T.);
#882=ORIENTED_EDGE('',*,*,#1429,.T.);
#883=ORIENTED_EDGE('',*,*,#1434,.F.);
#884=ORIENTED_EDGE('',*,*,#1421,.F.);
#885=ORIENTED_EDGE('',*,*,#1435,.T.);
#886=ORIENTED_EDGE('',*,*,#1432,.T.);
#887=ORIENTED_EDGE('',*,*,#1420,.F.);
#888=ORIENTED_EDGE('',*,*,#1424,.F.);
#889=ORIENTED_EDGE('',*,*,#1427,.F.);
#890=ORIENTED_EDGE('',*,*,#1430,.F.);
#891=ORIENTED_EDGE('',*,*,#1433,.F.);
#892=ORIENTED_EDGE('',*,*,#1435,.F.);
#893=ORIENTED_EDGE('',*,*,#1418,.T.);
#894=ORIENTED_EDGE('',*,*,#1434,.T.);
#895=ORIENTED_EDGE('',*,*,#1431,.T.);
#896=ORIENTED_EDGE('',*,*,#1428,.T.);
#897=ORIENTED_EDGE('',*,*,#1425,.T.);
#898=ORIENTED_EDGE('',*,*,#1422,.T.);
#899=ORIENTED_EDGE('',*,*,#1436,.F.);
#900=ORIENTED_EDGE('',*,*,#1437,.F.);
#901=ORIENTED_EDGE('',*,*,#1438,.T.);
#902=ORIENTED_EDGE('',*,*,#1439,.T.);
#903=ORIENTED_EDGE('',*,*,#1440,.T.);
#904=ORIENTED_EDGE('',*,*,#1441,.F.);
#905=ORIENTED_EDGE('',*,*,#1442,.F.);
#906=ORIENTED_EDGE('',*,*,#1437,.T.);
#907=ORIENTED_EDGE('',*,*,#1443,.T.);
#908=ORIENTED_EDGE('',*,*,#1444,.F.);
#909=ORIENTED_EDGE('',*,*,#1445,.F.);
#910=ORIENTED_EDGE('',*,*,#1441,.T.);
#911=ORIENTED_EDGE('',*,*,#1446,.T.);
#912=ORIENTED_EDGE('',*,*,#1447,.F.);
#913=ORIENTED_EDGE('',*,*,#1448,.F.);
#914=ORIENTED_EDGE('',*,*,#1444,.T.);
#915=ORIENTED_EDGE('',*,*,#1449,.T.);
#916=ORIENTED_EDGE('',*,*,#1450,.F.);
#917=ORIENTED_EDGE('',*,*,#1451,.F.);
#918=ORIENTED_EDGE('',*,*,#1447,.T.);
#919=ORIENTED_EDGE('',*,*,#1452,.T.);
#920=ORIENTED_EDGE('',*,*,#1439,.F.);
#921=ORIENTED_EDGE('',*,*,#1453,.F.);
#922=ORIENTED_EDGE('',*,*,#1450,.T.);
#923=ORIENTED_EDGE('',*,*,#1438,.F.);
#924=ORIENTED_EDGE('',*,*,#1442,.T.);
#925=ORIENTED_EDGE('',*,*,#1445,.T.);
#926=ORIENTED_EDGE('',*,*,#1448,.T.);
#927=ORIENTED_EDGE('',*,*,#1451,.T.);
#928=ORIENTED_EDGE('',*,*,#1453,.T.);
#929=ORIENTED_EDGE('',*,*,#1436,.T.);
#930=ORIENTED_EDGE('',*,*,#1452,.F.);
#931=ORIENTED_EDGE('',*,*,#1449,.F.);
#932=ORIENTED_EDGE('',*,*,#1446,.F.);
#933=ORIENTED_EDGE('',*,*,#1443,.F.);
#934=ORIENTED_EDGE('',*,*,#1440,.F.);
#935=ORIENTED_EDGE('',*,*,#1454,.F.);
#936=ORIENTED_EDGE('',*,*,#1455,.F.);
#937=ORIENTED_EDGE('',*,*,#1456,.T.);
#938=ORIENTED_EDGE('',*,*,#1457,.T.);
#939=ORIENTED_EDGE('',*,*,#1458,.F.);
#940=ORIENTED_EDGE('',*,*,#1459,.F.);
#941=ORIENTED_EDGE('',*,*,#1460,.T.);
#942=ORIENTED_EDGE('',*,*,#1455,.T.);
#943=ORIENTED_EDGE('',*,*,#1461,.F.);
#944=ORIENTED_EDGE('',*,*,#1462,.F.);
#945=ORIENTED_EDGE('',*,*,#1463,.T.);
#946=ORIENTED_EDGE('',*,*,#1459,.T.);
#947=ORIENTED_EDGE('',*,*,#1464,.F.);
#948=ORIENTED_EDGE('',*,*,#1457,.F.);
#949=ORIENTED_EDGE('',*,*,#1465,.T.);
#950=ORIENTED_EDGE('',*,*,#1462,.T.);
#951=ORIENTED_EDGE('',*,*,#1456,.F.);
#952=ORIENTED_EDGE('',*,*,#1460,.F.);
#953=ORIENTED_EDGE('',*,*,#1463,.F.);
#954=ORIENTED_EDGE('',*,*,#1465,.F.);
#955=ORIENTED_EDGE('',*,*,#1454,.T.);
#956=ORIENTED_EDGE('',*,*,#1464,.T.);
#957=ORIENTED_EDGE('',*,*,#1461,.T.);
#958=ORIENTED_EDGE('',*,*,#1458,.T.);
#959=ORIENTED_EDGE('',*,*,#1466,.F.);
#960=ORIENTED_EDGE('',*,*,#1467,.F.);
#961=ORIENTED_EDGE('',*,*,#1468,.T.);
#962=ORIENTED_EDGE('',*,*,#1469,.T.);
#963=ORIENTED_EDGE('',*,*,#1470,.T.);
#964=ORIENTED_EDGE('',*,*,#1471,.F.);
#965=ORIENTED_EDGE('',*,*,#1472,.F.);
#966=ORIENTED_EDGE('',*,*,#1467,.T.);
#967=ORIENTED_EDGE('',*,*,#1473,.T.);
#968=ORIENTED_EDGE('',*,*,#1474,.F.);
#969=ORIENTED_EDGE('',*,*,#1475,.F.);
#970=ORIENTED_EDGE('',*,*,#1471,.T.);
#971=ORIENTED_EDGE('',*,*,#1476,.T.);
#972=ORIENTED_EDGE('',*,*,#1469,.F.);
#973=ORIENTED_EDGE('',*,*,#1477,.F.);
#974=ORIENTED_EDGE('',*,*,#1474,.T.);
#975=ORIENTED_EDGE('',*,*,#1468,.F.);
#976=ORIENTED_EDGE('',*,*,#1472,.T.);
#977=ORIENTED_EDGE('',*,*,#1475,.T.);
#978=ORIENTED_EDGE('',*,*,#1477,.T.);
#979=ORIENTED_EDGE('',*,*,#1466,.T.);
#980=ORIENTED_EDGE('',*,*,#1476,.F.);
#981=ORIENTED_EDGE('',*,*,#1473,.F.);
#982=ORIENTED_EDGE('',*,*,#1470,.F.);
#983=ORIENTED_EDGE('',*,*,#1478,.T.);
#984=ORIENTED_EDGE('',*,*,#1479,.F.);
#985=ORIENTED_EDGE('',*,*,#1480,.F.);
#986=ORIENTED_EDGE('',*,*,#1481,.T.);
#987=ORIENTED_EDGE('',*,*,#1482,.T.);
#988=ORIENTED_EDGE('',*,*,#1483,.F.);
#989=ORIENTED_EDGE('',*,*,#1484,.F.);
#990=ORIENTED_EDGE('',*,*,#1479,.T.);
#991=ORIENTED_EDGE('',*,*,#1485,.T.);
#992=ORIENTED_EDGE('',*,*,#1486,.F.);
#993=ORIENTED_EDGE('',*,*,#1487,.F.);
#994=ORIENTED_EDGE('',*,*,#1483,.T.);
#995=ORIENTED_EDGE('',*,*,#1488,.T.);
#996=ORIENTED_EDGE('',*,*,#1481,.F.);
#997=ORIENTED_EDGE('',*,*,#1489,.F.);
#998=ORIENTED_EDGE('',*,*,#1486,.T.);
#999=ORIENTED_EDGE('',*,*,#1480,.T.);
#1000=ORIENTED_EDGE('',*,*,#1484,.T.);
#1001=ORIENTED_EDGE('',*,*,#1487,.T.);
#1002=ORIENTED_EDGE('',*,*,#1489,.T.);
#1003=ORIENTED_EDGE('',*,*,#1478,.F.);
#1004=ORIENTED_EDGE('',*,*,#1488,.F.);
#1005=ORIENTED_EDGE('',*,*,#1485,.F.);
#1006=ORIENTED_EDGE('',*,*,#1482,.F.);
#1007=ORIENTED_EDGE('',*,*,#1490,.F.);
#1008=ORIENTED_EDGE('',*,*,#1491,.F.);
#1009=ORIENTED_EDGE('',*,*,#1492,.T.);
#1010=ORIENTED_EDGE('',*,*,#1493,.T.);
#1011=ORIENTED_EDGE('',*,*,#1494,.T.);
#1012=ORIENTED_EDGE('',*,*,#1495,.F.);
#1013=ORIENTED_EDGE('',*,*,#1496,.F.);
#1014=ORIENTED_EDGE('',*,*,#1491,.T.);
#1015=ORIENTED_EDGE('',*,*,#1497,.F.);
#1016=ORIENTED_EDGE('',*,*,#1498,.F.);
#1017=ORIENTED_EDGE('',*,*,#1499,.T.);
#1018=ORIENTED_EDGE('',*,*,#1495,.T.);
#1019=ORIENTED_EDGE('',*,*,#1500,.F.);
#1020=ORIENTED_EDGE('',*,*,#1493,.F.);
#1021=ORIENTED_EDGE('',*,*,#1501,.T.);
#1022=ORIENTED_EDGE('',*,*,#1498,.T.);
#1023=ORIENTED_EDGE('',*,*,#1492,.F.);
#1024=ORIENTED_EDGE('',*,*,#1496,.T.);
#1025=ORIENTED_EDGE('',*,*,#1499,.F.);
#1026=ORIENTED_EDGE('',*,*,#1501,.F.);
#1027=ORIENTED_EDGE('',*,*,#1490,.T.);
#1028=ORIENTED_EDGE('',*,*,#1500,.T.);
#1029=ORIENTED_EDGE('',*,*,#1497,.T.);
#1030=ORIENTED_EDGE('',*,*,#1494,.F.);
#1031=ORIENTED_EDGE('',*,*,#1502,.F.);
#1032=ORIENTED_EDGE('',*,*,#1503,.T.);
#1033=ORIENTED_EDGE('',*,*,#1504,.F.);
#1034=ORIENTED_EDGE('',*,*,#1505,.F.);
#1035=ORIENTED_EDGE('',*,*,#1506,.F.);
#1036=ORIENTED_EDGE('',*,*,#1507,.T.);
#1037=ORIENTED_EDGE('',*,*,#1508,.F.);
#1038=ORIENTED_EDGE('',*,*,#1509,.F.);
#1039=ORIENTED_EDGE('',*,*,#1510,.T.);
#1040=ORIENTED_EDGE('',*,*,#1511,.T.);
#1041=ORIENTED_EDGE('',*,*,#1512,.F.);
#1042=ORIENTED_EDGE('',*,*,#1513,.F.);
#1043=ORIENTED_EDGE('',*,*,#1514,.F.);
#1044=ORIENTED_EDGE('',*,*,#1515,.T.);
#1045=ORIENTED_EDGE('',*,*,#1516,.F.);
#1046=ORIENTED_EDGE('',*,*,#1517,.F.);
#1047=ORIENTED_EDGE('',*,*,#1518,.F.);
#1048=ORIENTED_EDGE('',*,*,#1519,.T.);
#1049=ORIENTED_EDGE('',*,*,#1520,.F.);
#1050=ORIENTED_EDGE('',*,*,#1521,.F.);
#1051=ORIENTED_EDGE('',*,*,#1522,.F.);
#1052=ORIENTED_EDGE('',*,*,#1523,.T.);
#1053=ORIENTED_EDGE('',*,*,#1524,.F.);
#1054=ORIENTED_EDGE('',*,*,#1525,.F.);
#1055=ORIENTED_EDGE('',*,*,#1526,.F.);
#1056=ORIENTED_EDGE('',*,*,#1527,.T.);
#1057=ORIENTED_EDGE('',*,*,#1528,.F.);
#1058=ORIENTED_EDGE('',*,*,#1529,.F.);
#1059=ORIENTED_EDGE('',*,*,#1530,.F.);
#1060=ORIENTED_EDGE('',*,*,#1531,.T.);
#1061=ORIENTED_EDGE('',*,*,#1532,.F.);
#1062=ORIENTED_EDGE('',*,*,#1533,.F.);
#1063=ORIENTED_EDGE('',*,*,#1534,.F.);
#1064=ORIENTED_EDGE('',*,*,#1535,.T.);
#1065=ORIENTED_EDGE('',*,*,#1536,.F.);
#1066=ORIENTED_EDGE('',*,*,#1511,.F.);
#1067=ORIENTED_EDGE('',*,*,#1537,.T.);
#1068=ORIENTED_EDGE('',*,*,#1538,.T.);
#1069=ORIENTED_EDGE('',*,*,#1539,.F.);
#1070=ORIENTED_EDGE('',*,*,#1540,.F.);
#1071=ORIENTED_EDGE('',*,*,#1541,.T.);
#1072=ORIENTED_EDGE('',*,*,#1542,.T.);
#1073=ORIENTED_EDGE('',*,*,#1539,.T.);
#1074=ORIENTED_EDGE('',*,*,#1543,.F.);
#1075=ORIENTED_EDGE('',*,*,#1544,.F.);
#1076=ORIENTED_EDGE('',*,*,#1520,.T.);
#1077=ORIENTED_EDGE('',*,*,#1545,.T.);
#1078=ORIENTED_EDGE('',*,*,#1546,.T.);
#1079=ORIENTED_EDGE('',*,*,#1547,.T.);
#1080=ORIENTED_EDGE('',*,*,#1516,.T.);
#1081=ORIENTED_EDGE('',*,*,#1548,.F.);
#1082=ORIENTED_EDGE('',*,*,#1549,.F.);
#1083=ORIENTED_EDGE('',*,*,#1532,.T.);
#1084=ORIENTED_EDGE('',*,*,#1550,.F.);
#1085=ORIENTED_EDGE('',*,*,#1551,.F.);
#1086=ORIENTED_EDGE('',*,*,#1552,.T.);
#1087=ORIENTED_EDGE('',*,*,#1553,.T.);
#1088=ORIENTED_EDGE('',*,*,#1504,.T.);
#1089=ORIENTED_EDGE('',*,*,#1554,.F.);
#1090=ORIENTED_EDGE('',*,*,#1555,.F.);
#1091=ORIENTED_EDGE('',*,*,#1556,.F.);
#1092=ORIENTED_EDGE('',*,*,#1557,.T.);
#1093=ORIENTED_EDGE('',*,*,#1528,.T.);
#1094=ORIENTED_EDGE('',*,*,#1558,.F.);
#1095=ORIENTED_EDGE('',*,*,#1559,.F.);
#1096=ORIENTED_EDGE('',*,*,#1560,.F.);
#1097=ORIENTED_EDGE('',*,*,#1561,.F.);
#1098=ORIENTED_EDGE('',*,*,#1562,.F.);
#1099=ORIENTED_EDGE('',*,*,#1563,.T.);
#1100=ORIENTED_EDGE('',*,*,#1564,.T.);
#1101=ORIENTED_EDGE('',*,*,#1565,.F.);
#1102=ORIENTED_EDGE('',*,*,#1566,.F.);
#1103=ORIENTED_EDGE('',*,*,#1567,.F.);
#1104=ORIENTED_EDGE('',*,*,#1568,.F.);
#1105=ORIENTED_EDGE('',*,*,#1569,.F.);
#1106=ORIENTED_EDGE('',*,*,#1570,.T.);
#1107=ORIENTED_EDGE('',*,*,#1571,.T.);
#1108=ORIENTED_EDGE('',*,*,#1572,.T.);
#1109=ORIENTED_EDGE('',*,*,#1573,.F.);
#1110=ORIENTED_EDGE('',*,*,#1574,.F.);
#1111=ORIENTED_EDGE('',*,*,#1575,.T.);
#1112=ORIENTED_EDGE('',*,*,#1576,.F.);
#1113=ORIENTED_EDGE('',*,*,#1577,.F.);
#1114=ORIENTED_EDGE('',*,*,#1578,.T.);
#1115=ORIENTED_EDGE('',*,*,#1524,.T.);
#1116=ORIENTED_EDGE('',*,*,#1579,.F.);
#1117=ORIENTED_EDGE('',*,*,#1512,.T.);
#1118=ORIENTED_EDGE('',*,*,#1536,.T.);
#1119=ORIENTED_EDGE('',*,*,#1580,.F.);
#1120=ORIENTED_EDGE('',*,*,#1581,.T.);
#1121=ORIENTED_EDGE('',*,*,#1582,.T.);
#1122=ORIENTED_EDGE('',*,*,#1583,.F.);
#1123=ORIENTED_EDGE('',*,*,#1508,.T.);
#1124=ORIENTED_EDGE('',*,*,#1584,.T.);
#1125=ORIENTED_EDGE('',*,*,#1585,.T.);
#1126=ORIENTED_EDGE('',*,*,#1556,.T.);
#1127=ORIENTED_EDGE('',*,*,#1586,.F.);
#1128=ORIENTED_EDGE('',*,*,#1587,.T.);
#1129=ORIENTED_EDGE('',*,*,#1588,.T.);
#1130=ORIENTED_EDGE('',*,*,#1577,.T.);
#1131=ORIENTED_EDGE('',*,*,#1589,.F.);
#1132=ORIENTED_EDGE('',*,*,#1590,.T.);
#1133=ORIENTED_EDGE('',*,*,#1591,.T.);
#1134=ORIENTED_EDGE('',*,*,#1561,.T.);
#1135=ORIENTED_EDGE('',*,*,#1592,.F.);
#1136=ORIENTED_EDGE('',*,*,#1593,.F.);
#1137=ORIENTED_EDGE('',*,*,#1509,.T.);
#1138=ORIENTED_EDGE('',*,*,#1583,.T.);
#1139=ORIENTED_EDGE('',*,*,#1594,.F.);
#1140=ORIENTED_EDGE('',*,*,#1595,.T.);
#1141=ORIENTED_EDGE('',*,*,#1596,.T.);
#1142=ORIENTED_EDGE('',*,*,#1551,.T.);
#1143=ORIENTED_EDGE('',*,*,#1597,.F.);
#1144=ORIENTED_EDGE('',*,*,#1598,.T.);
#1145=ORIENTED_EDGE('',*,*,#1599,.T.);
#1146=ORIENTED_EDGE('',*,*,#1543,.T.);
#1147=ORIENTED_EDGE('',*,*,#1538,.F.);
#1148=ORIENTED_EDGE('',*,*,#1600,.F.);
#1149=ORIENTED_EDGE('',*,*,#1592,.T.);
#1150=ORIENTED_EDGE('',*,*,#1560,.T.);
#1151=ORIENTED_EDGE('',*,*,#1601,.F.);
#1152=ORIENTED_EDGE('',*,*,#1602,.T.);
#1153=ORIENTED_EDGE('',*,*,#1603,.T.);
#1154=ORIENTED_EDGE('',*,*,#1573,.T.);
#1155=ORIENTED_EDGE('',*,*,#1604,.F.);
#1156=ORIENTED_EDGE('',*,*,#1605,.T.);
#1157=ORIENTED_EDGE('',*,*,#1606,.T.);
#1158=ORIENTED_EDGE('',*,*,#1569,.T.);
#1159=ORIENTED_EDGE('',*,*,#1607,.F.);
#1160=ORIENTED_EDGE('',*,*,#1608,.T.);
#1161=ORIENTED_EDGE('',*,*,#1609,.T.);
#1162=ORIENTED_EDGE('',*,*,#1565,.T.);
#1163=ORIENTED_EDGE('',*,*,#1610,.F.);
#1164=ORIENTED_EDGE('',*,*,#1611,.F.);
#1165=ORIENTED_EDGE('',*,*,#1510,.F.);
#1166=ORIENTED_EDGE('',*,*,#1593,.T.);
#1167=ORIENTED_EDGE('',*,*,#1600,.T.);
#1168=ORIENTED_EDGE('',*,*,#1537,.F.);
#1169=ORIENTED_EDGE('',*,*,#1568,.T.);
#1170=ORIENTED_EDGE('',*,*,#1612,.F.);
#1171=ORIENTED_EDGE('',*,*,#1613,.F.);
#1172=ORIENTED_EDGE('',*,*,#1607,.T.);
#1173=ORIENTED_EDGE('',*,*,#1566,.T.);
#1174=ORIENTED_EDGE('',*,*,#1609,.F.);
#1175=ORIENTED_EDGE('',*,*,#1614,.F.);
#1176=ORIENTED_EDGE('',*,*,#1615,.T.);
#1177=ORIENTED_EDGE('',*,*,#1567,.T.);
#1178=ORIENTED_EDGE('',*,*,#1615,.F.);
#1179=ORIENTED_EDGE('',*,*,#1616,.F.);
#1180=ORIENTED_EDGE('',*,*,#1612,.T.);
#1181=ORIENTED_EDGE('',*,*,#1613,.T.);
#1182=ORIENTED_EDGE('',*,*,#1616,.T.);
#1183=ORIENTED_EDGE('',*,*,#1614,.T.);
#1184=ORIENTED_EDGE('',*,*,#1608,.F.);
#1185=ORIENTED_EDGE('',*,*,#1559,.T.);
#1186=ORIENTED_EDGE('',*,*,#1617,.F.);
#1187=ORIENTED_EDGE('',*,*,#1618,.F.);
#1188=ORIENTED_EDGE('',*,*,#1601,.T.);
#1189=ORIENTED_EDGE('',*,*,#1574,.T.);
#1190=ORIENTED_EDGE('',*,*,#1603,.F.);
#1191=ORIENTED_EDGE('',*,*,#1619,.F.);
#1192=ORIENTED_EDGE('',*,*,#1620,.T.);
#1193=ORIENTED_EDGE('',*,*,#1575,.F.);
#1194=ORIENTED_EDGE('',*,*,#1620,.F.);
#1195=ORIENTED_EDGE('',*,*,#1621,.T.);
#1196=ORIENTED_EDGE('',*,*,#1622,.T.);
#1197=ORIENTED_EDGE('',*,*,#1576,.T.);
#1198=ORIENTED_EDGE('',*,*,#1622,.F.);
#1199=ORIENTED_EDGE('',*,*,#1623,.F.);
#1200=ORIENTED_EDGE('',*,*,#1589,.T.);
#1201=ORIENTED_EDGE('',*,*,#1562,.T.);
#1202=ORIENTED_EDGE('',*,*,#1591,.F.);
#1203=ORIENTED_EDGE('',*,*,#1624,.F.);
#1204=ORIENTED_EDGE('',*,*,#1617,.T.);
#1205=ORIENTED_EDGE('',*,*,#1618,.T.);
#1206=ORIENTED_EDGE('',*,*,#1624,.T.);
#1207=ORIENTED_EDGE('',*,*,#1590,.F.);
#1208=ORIENTED_EDGE('',*,*,#1623,.T.);
#1209=ORIENTED_EDGE('',*,*,#1621,.F.);
#1210=ORIENTED_EDGE('',*,*,#1619,.T.);
#1211=ORIENTED_EDGE('',*,*,#1602,.F.);
#1212=ORIENTED_EDGE('',*,*,#1572,.F.);
#1213=ORIENTED_EDGE('',*,*,#1625,.F.);
#1214=ORIENTED_EDGE('',*,*,#1626,.T.);
#1215=ORIENTED_EDGE('',*,*,#1604,.T.);
#1216=ORIENTED_EDGE('',*,*,#1570,.F.);
#1217=ORIENTED_EDGE('',*,*,#1606,.F.);
#1218=ORIENTED_EDGE('',*,*,#1627,.T.);
#1219=ORIENTED_EDGE('',*,*,#1628,.T.);
#1220=ORIENTED_EDGE('',*,*,#1571,.F.);
#1221=ORIENTED_EDGE('',*,*,#1628,.F.);
#1222=ORIENTED_EDGE('',*,*,#1629,.T.);
#1223=ORIENTED_EDGE('',*,*,#1625,.T.);
#1224=ORIENTED_EDGE('',*,*,#1626,.F.);
#1225=ORIENTED_EDGE('',*,*,#1629,.F.);
#1226=ORIENTED_EDGE('',*,*,#1627,.F.);
#1227=ORIENTED_EDGE('',*,*,#1605,.F.);
#1228=ORIENTED_EDGE('',*,*,#1545,.F.);
#1229=ORIENTED_EDGE('',*,*,#1519,.F.);
#1230=ORIENTED_EDGE('',*,*,#1630,.T.);
#1231=ORIENTED_EDGE('',*,*,#1631,.T.);
#1232=ORIENTED_EDGE('',*,*,#1546,.F.);
#1233=ORIENTED_EDGE('',*,*,#1631,.F.);
#1234=ORIENTED_EDGE('',*,*,#1632,.T.);
#1235=ORIENTED_EDGE('',*,*,#1633,.T.);
#1236=ORIENTED_EDGE('',*,*,#1547,.F.);
#1237=ORIENTED_EDGE('',*,*,#1633,.F.);
#1238=ORIENTED_EDGE('',*,*,#1634,.T.);
#1239=ORIENTED_EDGE('',*,*,#1517,.T.);
#1240=ORIENTED_EDGE('',*,*,#1518,.T.);
#1241=ORIENTED_EDGE('',*,*,#1634,.F.);
#1242=ORIENTED_EDGE('',*,*,#1632,.F.);
#1243=ORIENTED_EDGE('',*,*,#1630,.F.);
#1244=ORIENTED_EDGE('',*,*,#1554,.T.);
#1245=ORIENTED_EDGE('',*,*,#1503,.F.);
#1246=ORIENTED_EDGE('',*,*,#1635,.F.);
#1247=ORIENTED_EDGE('',*,*,#1636,.T.);
#1248=ORIENTED_EDGE('',*,*,#1555,.T.);
#1249=ORIENTED_EDGE('',*,*,#1636,.F.);
#1250=ORIENTED_EDGE('',*,*,#1637,.F.);
#1251=ORIENTED_EDGE('',*,*,#1638,.T.);
#1252=ORIENTED_EDGE('',*,*,#1544,.T.);
#1253=ORIENTED_EDGE('',*,*,#1638,.F.);
#1254=ORIENTED_EDGE('',*,*,#1639,.F.);
#1255=ORIENTED_EDGE('',*,*,#1521,.T.);
#1256=ORIENTED_EDGE('',*,*,#1502,.T.);
#1257=ORIENTED_EDGE('',*,*,#1639,.T.);
#1258=ORIENTED_EDGE('',*,*,#1637,.T.);
#1259=ORIENTED_EDGE('',*,*,#1635,.T.);
#1260=ORIENTED_EDGE('',*,*,#1580,.T.);
#1261=ORIENTED_EDGE('',*,*,#1535,.F.);
#1262=ORIENTED_EDGE('',*,*,#1640,.F.);
#1263=ORIENTED_EDGE('',*,*,#1641,.T.);
#1264=ORIENTED_EDGE('',*,*,#1579,.T.);
#1265=ORIENTED_EDGE('',*,*,#1641,.F.);
#1266=ORIENTED_EDGE('',*,*,#1642,.F.);
#1267=ORIENTED_EDGE('',*,*,#1513,.T.);
#1268=ORIENTED_EDGE('',*,*,#1548,.T.);
#1269=ORIENTED_EDGE('',*,*,#1515,.F.);
#1270=ORIENTED_EDGE('',*,*,#1643,.F.);
#1271=ORIENTED_EDGE('',*,*,#1644,.T.);
#1272=ORIENTED_EDGE('',*,*,#1549,.T.);
#1273=ORIENTED_EDGE('',*,*,#1644,.F.);
#1274=ORIENTED_EDGE('',*,*,#1645,.F.);
#1275=ORIENTED_EDGE('',*,*,#1533,.T.);
#1276=ORIENTED_EDGE('',*,*,#1534,.T.);
#1277=ORIENTED_EDGE('',*,*,#1645,.T.);
#1278=ORIENTED_EDGE('',*,*,#1643,.T.);
#1279=ORIENTED_EDGE('',*,*,#1514,.T.);
#1280=ORIENTED_EDGE('',*,*,#1642,.T.);
#1281=ORIENTED_EDGE('',*,*,#1640,.T.);
#1282=ORIENTED_EDGE('',*,*,#1558,.T.);
#1283=ORIENTED_EDGE('',*,*,#1527,.F.);
#1284=ORIENTED_EDGE('',*,*,#1646,.F.);
#1285=ORIENTED_EDGE('',*,*,#1586,.T.);
#1286=ORIENTED_EDGE('',*,*,#1578,.F.);
#1287=ORIENTED_EDGE('',*,*,#1588,.F.);
#1288=ORIENTED_EDGE('',*,*,#1647,.T.);
#1289=ORIENTED_EDGE('',*,*,#1525,.T.);
#1290=ORIENTED_EDGE('',*,*,#1646,.T.);
#1291=ORIENTED_EDGE('',*,*,#1526,.T.);
#1292=ORIENTED_EDGE('',*,*,#1647,.F.);
#1293=ORIENTED_EDGE('',*,*,#1587,.F.);
#1294=ORIENTED_EDGE('',*,*,#1550,.T.);
#1295=ORIENTED_EDGE('',*,*,#1531,.F.);
#1296=ORIENTED_EDGE('',*,*,#1648,.F.);
#1297=ORIENTED_EDGE('',*,*,#1597,.T.);
#1298=ORIENTED_EDGE('',*,*,#1557,.F.);
#1299=ORIENTED_EDGE('',*,*,#1585,.F.);
#1300=ORIENTED_EDGE('',*,*,#1649,.T.);
#1301=ORIENTED_EDGE('',*,*,#1529,.T.);
#1302=ORIENTED_EDGE('',*,*,#1648,.T.);
#1303=ORIENTED_EDGE('',*,*,#1530,.T.);
#1304=ORIENTED_EDGE('',*,*,#1649,.F.);
#1305=ORIENTED_EDGE('',*,*,#1584,.F.);
#1306=ORIENTED_EDGE('',*,*,#1563,.F.);
#1307=ORIENTED_EDGE('',*,*,#1523,.F.);
#1308=ORIENTED_EDGE('',*,*,#1650,.T.);
#1309=ORIENTED_EDGE('',*,*,#1651,.T.);
#1310=ORIENTED_EDGE('',*,*,#1564,.F.);
#1311=ORIENTED_EDGE('',*,*,#1651,.F.);
#1312=ORIENTED_EDGE('',*,*,#1652,.T.);
#1313=ORIENTED_EDGE('',*,*,#1610,.T.);
#1314=ORIENTED_EDGE('',*,*,#1541,.F.);
#1315=ORIENTED_EDGE('',*,*,#1599,.F.);
#1316=ORIENTED_EDGE('',*,*,#1653,.T.);
#1317=ORIENTED_EDGE('',*,*,#1654,.T.);
#1318=ORIENTED_EDGE('',*,*,#1542,.F.);
#1319=ORIENTED_EDGE('',*,*,#1654,.F.);
#1320=ORIENTED_EDGE('',*,*,#1655,.T.);
#1321=ORIENTED_EDGE('',*,*,#1540,.T.);
#1322=ORIENTED_EDGE('',*,*,#1522,.T.);
#1323=ORIENTED_EDGE('',*,*,#1655,.F.);
#1324=ORIENTED_EDGE('',*,*,#1653,.F.);
#1325=ORIENTED_EDGE('',*,*,#1598,.F.);
#1326=ORIENTED_EDGE('',*,*,#1652,.F.);
#1327=ORIENTED_EDGE('',*,*,#1650,.F.);
#1328=ORIENTED_EDGE('',*,*,#1582,.F.);
#1329=ORIENTED_EDGE('',*,*,#1656,.F.);
#1330=ORIENTED_EDGE('',*,*,#1657,.T.);
#1331=ORIENTED_EDGE('',*,*,#1594,.T.);
#1332=ORIENTED_EDGE('',*,*,#1552,.F.);
#1333=ORIENTED_EDGE('',*,*,#1596,.F.);
#1334=ORIENTED_EDGE('',*,*,#1658,.T.);
#1335=ORIENTED_EDGE('',*,*,#1659,.T.);
#1336=ORIENTED_EDGE('',*,*,#1553,.F.);
#1337=ORIENTED_EDGE('',*,*,#1659,.F.);
#1338=ORIENTED_EDGE('',*,*,#1660,.T.);
#1339=ORIENTED_EDGE('',*,*,#1505,.T.);
#1340=ORIENTED_EDGE('',*,*,#1581,.F.);
#1341=ORIENTED_EDGE('',*,*,#1507,.F.);
#1342=ORIENTED_EDGE('',*,*,#1661,.T.);
#1343=ORIENTED_EDGE('',*,*,#1656,.T.);
#1344=ORIENTED_EDGE('',*,*,#1657,.F.);
#1345=ORIENTED_EDGE('',*,*,#1661,.F.);
#1346=ORIENTED_EDGE('',*,*,#1506,.T.);
#1347=ORIENTED_EDGE('',*,*,#1660,.F.);
#1348=ORIENTED_EDGE('',*,*,#1658,.F.);
#1349=ORIENTED_EDGE('',*,*,#1595,.F.);
#1350=ORIENTED_EDGE('',*,*,#1662,.F.);
#1351=ORIENTED_EDGE('',*,*,#1611,.T.);
#1352=ORIENTED_EDGE('',*,*,#1662,.T.);
#1353=EDGE_CURVE('',#1663,#1663,#1871,.T.);
#1354=EDGE_CURVE('',#1664,#1664,#1872,.T.);
#1355=EDGE_CURVE('',#1665,#1666,#10,.T.);
#1356=EDGE_CURVE('',#1667,#1666,#11,.T.);
#1357=EDGE_CURVE('',#1668,#1667,#12,.T.);
#1358=EDGE_CURVE('',#1668,#1665,#13,.T.);
#1359=EDGE_CURVE('',#1666,#1669,#14,.T.);
#1360=EDGE_CURVE('',#1670,#1669,#15,.T.);
#1361=EDGE_CURVE('',#1667,#1670,#16,.T.);
#1362=EDGE_CURVE('',#1669,#1671,#17,.T.);
#1363=EDGE_CURVE('',#1672,#1671,#18,.T.);
#1364=EDGE_CURVE('',#1670,#1672,#19,.T.);
#1365=EDGE_CURVE('',#1671,#1673,#20,.T.);
#1366=EDGE_CURVE('',#1674,#1673,#21,.T.);
#1367=EDGE_CURVE('',#1672,#1674,#22,.T.);
#1368=EDGE_CURVE('',#1675,#1673,#23,.T.);
#1369=EDGE_CURVE('',#1676,#1675,#24,.T.);
#1370=EDGE_CURVE('',#1676,#1674,#25,.T.);
#1371=EDGE_CURVE('',#1675,#1665,#26,.T.);
#1372=EDGE_CURVE('',#1676,#1668,#27,.T.);
#1373=EDGE_CURVE('',#1677,#1678,#28,.T.);
#1374=EDGE_CURVE('',#1679,#1677,#29,.T.);
#1375=EDGE_CURVE('',#1679,#1680,#30,.T.);
#1376=EDGE_CURVE('',#1680,#1678,#31,.T.);
#1377=EDGE_CURVE('',#1677,#1681,#32,.T.);
#1378=EDGE_CURVE('',#1682,#1681,#33,.T.);
#1379=EDGE_CURVE('',#1679,#1682,#34,.T.);
#1380=EDGE_CURVE('',#1681,#1683,#35,.T.);
#1381=EDGE_CURVE('',#1684,#1683,#36,.T.);
#1382=EDGE_CURVE('',#1682,#1684,#37,.T.);
#1383=EDGE_CURVE('',#1678,#1683,#38,.T.);
#1384=EDGE_CURVE('',#1680,#1684,#39,.T.);
#1385=EDGE_CURVE('',#1685,#1686,#40,.T.);
#1386=EDGE_CURVE('',#1687,#1685,#41,.T.);
#1387=EDGE_CURVE('',#1687,#1688,#42,.T.);
#1388=EDGE_CURVE('',#1688,#1686,#43,.T.);
#1389=EDGE_CURVE('',#1685,#1689,#44,.T.);
#1390=EDGE_CURVE('',#1690,#1689,#45,.T.);
#1391=EDGE_CURVE('',#1687,#1690,#46,.T.);
#1392=EDGE_CURVE('',#1689,#1691,#47,.T.);
#1393=EDGE_CURVE('',#1692,#1691,#48,.T.);
#1394=EDGE_CURVE('',#1690,#1692,#49,.T.);
#1395=EDGE_CURVE('',#1686,#1691,#50,.T.);
#1396=EDGE_CURVE('',#1688,#1692,#51,.T.);
#1397=EDGE_CURVE('',#1693,#1694,#52,.T.);
#1398=EDGE_CURVE('',#1695,#1693,#53,.T.);
#1399=EDGE_CURVE('',#1695,#1696,#54,.T.);
#1400=EDGE_CURVE('',#1696,#1694,#55,.T.);
#1401=EDGE_CURVE('',#1693,#1697,#56,.T.);
#1402=EDGE_CURVE('',#1698,#1697,#57,.T.);
#1403=EDGE_CURVE('',#1695,#1698,#58,.T.);
#1404=EDGE_CURVE('',#1699,#1697,#59,.T.);
#1405=EDGE_CURVE('',#1700,#1699,#60,.T.);
#1406=EDGE_CURVE('',#1700,#1698,#61,.T.);
#1407=EDGE_CURVE('',#1699,#1701,#62,.T.);
#1408=EDGE_CURVE('',#1702,#1701,#63,.T.);
#1409=EDGE_CURVE('',#1700,#1702,#64,.T.);
#1410=EDGE_CURVE('',#1703,#1701,#65,.T.);
#1411=EDGE_CURVE('',#1704,#1703,#66,.T.);
#1412=EDGE_CURVE('',#1704,#1702,#67,.T.);
#1413=EDGE_CURVE('',#1703,#1705,#68,.T.);
#1414=EDGE_CURVE('',#1706,#1705,#69,.T.);
#1415=EDGE_CURVE('',#1704,#1706,#70,.T.);
#1416=EDGE_CURVE('',#1694,#1705,#71,.T.);
#1417=EDGE_CURVE('',#1696,#1706,#72,.T.);
#1418=EDGE_CURVE('',#1707,#1708,#73,.T.);
#1419=EDGE_CURVE('',#1709,#1707,#74,.T.);
#1420=EDGE_CURVE('',#1709,#1710,#75,.T.);
#1421=EDGE_CURVE('',#1710,#1708,#76,.T.);
#1422=EDGE_CURVE('',#1711,#1707,#77,.T.);
#1423=EDGE_CURVE('',#1712,#1711,#78,.T.);
#1424=EDGE_CURVE('',#1712,#1709,#79,.T.);
#1425=EDGE_CURVE('',#1713,#1711,#80,.T.);
#1426=EDGE_CURVE('',#1714,#1713,#81,.T.);
#1427=EDGE_CURVE('',#1714,#1712,#82,.T.);
#1428=EDGE_CURVE('',#1715,#1713,#83,.T.);
#1429=EDGE_CURVE('',#1716,#1715,#84,.T.);
#1430=EDGE_CURVE('',#1716,#1714,#85,.T.);
#1431=EDGE_CURVE('',#1717,#1715,#86,.T.);
#1432=EDGE_CURVE('',#1718,#1717,#87,.T.);
#1433=EDGE_CURVE('',#1718,#1716,#88,.T.);
#1434=EDGE_CURVE('',#1708,#1717,#89,.T.);
#1435=EDGE_CURVE('',#1710,#1718,#90,.T.);
#1436=EDGE_CURVE('',#1719,#1720,#91,.T.);
#1437=EDGE_CURVE('',#1721,#1719,#92,.T.);
#1438=EDGE_CURVE('',#1721,#1722,#93,.T.);
#1439=EDGE_CURVE('',#1722,#1720,#94,.T.);
#1440=EDGE_CURVE('',#1719,#1723,#95,.T.);
#1441=EDGE_CURVE('',#1724,#1723,#96,.T.);
#1442=EDGE_CURVE('',#1721,#1724,#97,.T.);
#1443=EDGE_CURVE('',#1723,#1725,#98,.T.);
#1444=EDGE_CURVE('',#1726,#1725,#99,.T.);
#1445=EDGE_CURVE('',#1724,#1726,#100,.T.);
#1446=EDGE_CURVE('',#1725,#1727,#101,.T.);
#1447=EDGE_CURVE('',#1728,#1727,#102,.T.);
#1448=EDGE_CURVE('',#1726,#1728,#103,.T.);
#1449=EDGE_CURVE('',#1727,#1729,#104,.T.);
#1450=EDGE_CURVE('',#1730,#1729,#105,.T.);
#1451=EDGE_CURVE('',#1728,#1730,#106,.T.);
#1452=EDGE_CURVE('',#1729,#1720,#107,.T.);
#1453=EDGE_CURVE('',#1730,#1722,#108,.T.);
#1454=EDGE_CURVE('',#1731,#1732,#109,.T.);
#1455=EDGE_CURVE('',#1733,#1731,#110,.T.);
#1456=EDGE_CURVE('',#1733,#1734,#111,.T.);
#1457=EDGE_CURVE('',#1734,#1732,#112,.T.);
#1458=EDGE_CURVE('',#1735,#1731,#113,.T.);
#1459=EDGE_CURVE('',#1736,#1735,#114,.T.);
#1460=EDGE_CURVE('',#1736,#1733,#115,.T.);
#1461=EDGE_CURVE('',#1737,#1735,#1873,.T.);
#1462=EDGE_CURVE('',#1738,#1737,#116,.T.);
#1463=EDGE_CURVE('',#1738,#1736,#1874,.T.);
#1464=EDGE_CURVE('',#1732,#1737,#117,.T.);
#1465=EDGE_CURVE('',#1734,#1738,#118,.T.);
#1466=EDGE_CURVE('',#1739,#1740,#119,.T.);
#1467=EDGE_CURVE('',#1741,#1739,#120,.T.);
#1468=EDGE_CURVE('',#1741,#1742,#121,.T.);
#1469=EDGE_CURVE('',#1742,#1740,#122,.T.);
#1470=EDGE_CURVE('',#1739,#1743,#123,.T.);
#1471=EDGE_CURVE('',#1744,#1743,#124,.T.);
#1472=EDGE_CURVE('',#1741,#1744,#125,.T.);
#1473=EDGE_CURVE('',#1743,#1745,#1875,.T.);
#1474=EDGE_CURVE('',#1746,#1745,#126,.T.);
#1475=EDGE_CURVE('',#1744,#1746,#1876,.T.);
#1476=EDGE_CURVE('',#1745,#1740,#127,.T.);
#1477=EDGE_CURVE('',#1746,#1742,#128,.T.);
#1478=EDGE_CURVE('',#1747,#1748,#129,.T.);
#1479=EDGE_CURVE('',#1749,#1748,#130,.T.);
#1480=EDGE_CURVE('',#1750,#1749,#131,.T.);
#1481=EDGE_CURVE('',#1750,#1747,#132,.T.);
#1482=EDGE_CURVE('',#1748,#1751,#133,.T.);
#1483=EDGE_CURVE('',#1752,#1751,#134,.T.);
#1484=EDGE_CURVE('',#1749,#1752,#135,.T.);
#1485=EDGE_CURVE('',#1751,#1753,#136,.T.);
#1486=EDGE_CURVE('',#1754,#1753,#137,.T.);
#1487=EDGE_CURVE('',#1752,#1754,#138,.T.);
#1488=EDGE_CURVE('',#1753,#1747,#1877,.T.);
#1489=EDGE_CURVE('',#1754,#1750,#1878,.T.);
#1490=EDGE_CURVE('',#1755,#1756,#139,.T.);
#1491=EDGE_CURVE('',#1757,#1755,#140,.T.);
#1492=EDGE_CURVE('',#1757,#1758,#141,.T.);
#1493=EDGE_CURVE('',#1758,#1756,#142,.T.);
#1494=EDGE_CURVE('',#1755,#1759,#143,.T.);
#1495=EDGE_CURVE('',#1760,#1759,#144,.T.);
#1496=EDGE_CURVE('',#1757,#1760,#145,.T.);
#1497=EDGE_CURVE('',#1761,#1759,#146,.T.);
#1498=EDGE_CURVE('',#1762,#1761,#147,.T.);
#1499=EDGE_CURVE('',#1762,#1760,#148,.T.);
#1500=EDGE_CURVE('',#1756,#1761,#1879,.T.);
#1501=EDGE_CURVE('',#1758,#1762,#1880,.T.);
#1502=EDGE_CURVE('',#1763,#1764,#149,.T.);
#1503=EDGE_CURVE('',#1763,#1765,#150,.T.);
#1504=EDGE_CURVE('',#1766,#1765,#151,.T.);
#1505=EDGE_CURVE('',#1767,#1766,#152,.T.);
#1506=EDGE_CURVE('',#1768,#1767,#153,.T.);
#1507=EDGE_CURVE('',#1768,#1769,#154,.T.);
#1508=EDGE_CURVE('',#1770,#1769,#155,.T.);
#1509=EDGE_CURVE('',#1771,#1770,#156,.T.);
#1510=EDGE_CURVE('',#1771,#1772,#157,.T.);
#1511=EDGE_CURVE('',#1772,#1773,#158,.T.);
#1512=EDGE_CURVE('',#1774,#1773,#159,.T.);
#1513=EDGE_CURVE('',#1775,#1774,#160,.T.);
#1514=EDGE_CURVE('',#1776,#1775,#161,.T.);
#1515=EDGE_CURVE('',#1776,#1777,#162,.T.);
#1516=EDGE_CURVE('',#1778,#1777,#163,.T.);
#1517=EDGE_CURVE('',#1779,#1778,#164,.T.);
#1518=EDGE_CURVE('',#1780,#1779,#165,.T.);
#1519=EDGE_CURVE('',#1780,#1781,#166,.T.);
#1520=EDGE_CURVE('',#1782,#1781,#167,.T.);
#1521=EDGE_CURVE('',#1764,#1782,#168,.T.);
#1522=EDGE_CURVE('',#1783,#1784,#169,.T.);
#1523=EDGE_CURVE('',#1783,#1785,#170,.T.);
#1524=EDGE_CURVE('',#1786,#1785,#171,.T.);
#1525=EDGE_CURVE('',#1787,#1786,#172,.T.);
#1526=EDGE_CURVE('',#1788,#1787,#173,.T.);
#1527=EDGE_CURVE('',#1788,#1789,#174,.T.);
#1528=EDGE_CURVE('',#1790,#1789,#175,.T.);
#1529=EDGE_CURVE('',#1791,#1790,#176,.T.);
#1530=EDGE_CURVE('',#1792,#1791,#177,.T.);
#1531=EDGE_CURVE('',#1792,#1793,#178,.T.);
#1532=EDGE_CURVE('',#1794,#1793,#179,.T.);
#1533=EDGE_CURVE('',#1795,#1794,#180,.T.);
#1534=EDGE_CURVE('',#1796,#1795,#181,.T.);
#1535=EDGE_CURVE('',#1796,#1797,#182,.T.);
#1536=EDGE_CURVE('',#1773,#1797,#183,.T.);
#1537=EDGE_CURVE('',#1772,#1798,#184,.T.);
#1538=EDGE_CURVE('',#1798,#1799,#185,.T.);
#1539=EDGE_CURVE('',#1800,#1799,#186,.T.);
#1540=EDGE_CURVE('',#1784,#1800,#187,.T.);
#1541=EDGE_CURVE('',#1801,#1802,#188,.T.);
#1542=EDGE_CURVE('',#1802,#1800,#189,.T.);
#1543=EDGE_CURVE('',#1801,#1799,#190,.T.);
#1544=EDGE_CURVE('',#1782,#1803,#191,.T.);
#1545=EDGE_CURVE('',#1781,#1804,#192,.T.);
#1546=EDGE_CURVE('',#1804,#1805,#1881,.T.);
#1547=EDGE_CURVE('',#1805,#1778,#193,.T.);
#1548=EDGE_CURVE('',#1806,#1777,#194,.T.);
#1549=EDGE_CURVE('',#1794,#1806,#195,.T.);
#1550=EDGE_CURVE('',#1807,#1793,#196,.T.);
#1551=EDGE_CURVE('',#1808,#1807,#197,.T.);
#1552=EDGE_CURVE('',#1808,#1809,#198,.T.);
#1553=EDGE_CURVE('',#1809,#1766,#199,.T.);
#1554=EDGE_CURVE('',#1810,#1765,#200,.T.);
#1555=EDGE_CURVE('',#1803,#1810,#1882,.T.);
#1556=EDGE_CURVE('',#1811,#1812,#201,.T.);
#1557=EDGE_CURVE('',#1811,#1790,#202,.T.);
#1558=EDGE_CURVE('',#1812,#1789,#203,.T.);
#1559=EDGE_CURVE('',#1813,#1814,#204,.T.);
#1560=EDGE_CURVE('',#1815,#1813,#205,.T.);
#1561=EDGE_CURVE('',#1816,#1815,#206,.T.);
#1562=EDGE_CURVE('',#1814,#1816,#207,.T.);
#1563=EDGE_CURVE('',#1785,#1817,#208,.T.);
#1564=EDGE_CURVE('',#1817,#1818,#209,.T.);
#1565=EDGE_CURVE('',#1819,#1818,#210,.T.);
#1566=EDGE_CURVE('',#1820,#1819,#211,.T.);
#1567=EDGE_CURVE('',#1821,#1820,#1883,.T.);
#1568=EDGE_CURVE('',#1822,#1821,#212,.T.);
#1569=EDGE_CURVE('',#1823,#1822,#213,.T.);
#1570=EDGE_CURVE('',#1823,#1824,#214,.T.);
#1571=EDGE_CURVE('',#1824,#1825,#1884,.T.);
#1572=EDGE_CURVE('',#1825,#1826,#215,.T.);
#1573=EDGE_CURVE('',#1827,#1826,#216,.T.);
#1574=EDGE_CURVE('',#1828,#1827,#217,.T.);
#1575=EDGE_CURVE('',#1828,#1829,#218,.T.);
#1576=EDGE_CURVE('',#1830,#1829,#219,.T.);
#1577=EDGE_CURVE('',#1831,#1830,#220,.T.);
#1578=EDGE_CURVE('',#1831,#1786,#221,.T.);
#1579=EDGE_CURVE('',#1774,#1832,#222,.T.);
#1580=EDGE_CURVE('',#1832,#1797,#223,.T.);
#1581=EDGE_CURVE('',#1769,#1833,#224,.T.);
#1582=EDGE_CURVE('',#1833,#1834,#225,.T.);
#1583=EDGE_CURVE('',#1770,#1834,#226,.T.);
#1584=EDGE_CURVE('',#1835,#1836,#227,.T.);
#1585=EDGE_CURVE('',#1836,#1811,#228,.T.);
#1586=EDGE_CURVE('',#1837,#1812,#229,.T.);
#1587=EDGE_CURVE('',#1837,#1838,#230,.T.);
#1588=EDGE_CURVE('',#1838,#1831,#231,.T.);
#1589=EDGE_CURVE('',#1839,#1830,#232,.T.);
#1590=EDGE_CURVE('',#1839,#1840,#233,.T.);
#1591=EDGE_CURVE('',#1840,#1816,#234,.T.);
#1592=EDGE_CURVE('',#1841,#1815,#235,.T.);
#1593=EDGE_CURVE('',#1771,#1841,#236,.T.);
#1594=EDGE_CURVE('',#1842,#1834,#237,.T.);
#1595=EDGE_CURVE('',#1842,#1843,#238,.T.);
#1596=EDGE_CURVE('',#1843,#1808,#239,.T.);
#1597=EDGE_CURVE('',#1835,#1807,#240,.T.);
#1598=EDGE_CURVE('',#1844,#1845,#241,.T.);
#1599=EDGE_CURVE('',#1845,#1801,#242,.T.);
#1600=EDGE_CURVE('',#1841,#1798,#243,.T.);
#1601=EDGE_CURVE('',#1846,#1813,#244,.T.);
#1602=EDGE_CURVE('',#1846,#1847,#245,.T.);
#1603=EDGE_CURVE('',#1847,#1827,#246,.T.);
#1604=EDGE_CURVE('',#1848,#1826,#247,.T.);
#1605=EDGE_CURVE('',#1848,#1849,#248,.T.);
#1606=EDGE_CURVE('',#1849,#1823,#249,.T.);
#1607=EDGE_CURVE('',#1850,#1822,#250,.T.);
#1608=EDGE_CURVE('',#1850,#1851,#251,.T.);
#1609=EDGE_CURVE('',#1851,#1819,#252,.T.);
#1610=EDGE_CURVE('',#1844,#1818,#253,.T.);
#1611=EDGE_CURVE('',#1852,#1852,#1885,.T.);
#1612=EDGE_CURVE('',#1853,#1821,#254,.T.);
#1613=EDGE_CURVE('',#1850,#1853,#255,.T.);
#1614=EDGE_CURVE('',#1854,#1851,#256,.T.);
#1615=EDGE_CURVE('',#1854,#1820,#257,.T.);
#1616=EDGE_CURVE('',#1853,#1854,#1886,.T.);
#1617=EDGE_CURVE('',#1855,#1814,#258,.T.);
#1618=EDGE_CURVE('',#1846,#1855,#259,.T.);
#1619=EDGE_CURVE('',#1856,#1847,#260,.T.);
#1620=EDGE_CURVE('',#1856,#1828,#261,.T.);
#1621=EDGE_CURVE('',#1856,#1857,#262,.T.);
#1622=EDGE_CURVE('',#1857,#1829,#263,.T.);
#1623=EDGE_CURVE('',#1839,#1857,#264,.T.);
#1624=EDGE_CURVE('',#1855,#1840,#265,.T.);
#1625=EDGE_CURVE('',#1858,#1825,#266,.T.);
#1626=EDGE_CURVE('',#1858,#1848,#267,.T.);
#1627=EDGE_CURVE('',#1849,#1859,#268,.T.);
#1628=EDGE_CURVE('',#1859,#1824,#269,.T.);
#1629=EDGE_CURVE('',#1859,#1858,#1887,.T.);
#1630=EDGE_CURVE('',#1780,#1860,#270,.T.);
#1631=EDGE_CURVE('',#1860,#1804,#271,.T.);
#1632=EDGE_CURVE('',#1860,#1861,#1888,.T.);
#1633=EDGE_CURVE('',#1861,#1805,#272,.T.);
#1634=EDGE_CURVE('',#1861,#1779,#273,.T.);
#1635=EDGE_CURVE('',#1862,#1763,#274,.T.);
#1636=EDGE_CURVE('',#1862,#1810,#275,.T.);
#1637=EDGE_CURVE('',#1863,#1862,#1889,.T.);
#1638=EDGE_CURVE('',#1863,#1803,#276,.T.);
#1639=EDGE_CURVE('',#1764,#1863,#277,.T.);
#1640=EDGE_CURVE('',#1864,#1796,#278,.T.);
#1641=EDGE_CURVE('',#1864,#1832,#279,.T.);
#1642=EDGE_CURVE('',#1775,#1864,#280,.T.);
#1643=EDGE_CURVE('',#1865,#1776,#281,.T.);
#1644=EDGE_CURVE('',#1865,#1806,#282,.T.);
#1645=EDGE_CURVE('',#1795,#1865,#283,.T.);
#1646=EDGE_CURVE('',#1837,#1788,#284,.T.);
#1647=EDGE_CURVE('',#1838,#1787,#285,.T.);
#1648=EDGE_CURVE('',#1835,#1792,#286,.T.);
#1649=EDGE_CURVE('',#1836,#1791,#287,.T.);
#1650=EDGE_CURVE('',#1783,#1866,#288,.T.);
#1651=EDGE_CURVE('',#1866,#1817,#289,.T.);
#1652=EDGE_CURVE('',#1866,#1844,#290,.T.);
#1653=EDGE_CURVE('',#1845,#1867,#291,.T.);
#1654=EDGE_CURVE('',#1867,#1802,#292,.T.);
#1655=EDGE_CURVE('',#1867,#1784,#293,.T.);
#1656=EDGE_CURVE('',#1868,#1833,#294,.T.);
#1657=EDGE_CURVE('',#1868,#1842,#295,.T.);
#1658=EDGE_CURVE('',#1843,#1869,#296,.T.);
#1659=EDGE_CURVE('',#1869,#1809,#297,.T.);
#1660=EDGE_CURVE('',#1869,#1767,#298,.T.);
#1661=EDGE_CURVE('',#1768,#1868,#299,.T.);
#1662=EDGE_CURVE('',#1870,#1870,#1890,.T.);
#1663=VERTEX_POINT('',#3205);
#1664=VERTEX_POINT('',#3207);
#1665=VERTEX_POINT('',#3213);
#1666=VERTEX_POINT('',#3214);
#1667=VERTEX_POINT('',#3216);
#1668=VERTEX_POINT('',#3218);
#1669=VERTEX_POINT('',#3222);
#1670=VERTEX_POINT('',#3224);
#1671=VERTEX_POINT('',#3228);
#1672=VERTEX_POINT('',#3230);
#1673=VERTEX_POINT('',#3234);
#1674=VERTEX_POINT('',#3236);
#1675=VERTEX_POINT('',#3240);
#1676=VERTEX_POINT('',#3242);
#1677=VERTEX_POINT('',#3252);
#1678=VERTEX_POINT('',#3253);
#1679=VERTEX_POINT('',#3255);
#1680=VERTEX_POINT('',#3257);
#1681=VERTEX_POINT('',#3261);
#1682=VERTEX_POINT('',#3263);
#1683=VERTEX_POINT('',#3267);
#1684=VERTEX_POINT('',#3269);
#1685=VERTEX_POINT('',#3279);
#1686=VERTEX_POINT('',#3280);
#1687=VERTEX_POINT('',#3282);
#1688=VERTEX_POINT('',#3284);
#1689=VERTEX_POINT('',#3288);
#1690=VERTEX_POINT('',#3290);
#1691=VERTEX_POINT('',#3294);
#1692=VERTEX_POINT('',#3296);
#1693=VERTEX_POINT('',#3306);
#1694=VERTEX_POINT('',#3307);
#1695=VERTEX_POINT('',#3309);
#1696=VERTEX_POINT('',#3311);
#1697=VERTEX_POINT('',#3315);
#1698=VERTEX_POINT('',#3317);
#1699=VERTEX_POINT('',#3321);
#1700=VERTEX_POINT('',#3323);
#1701=VERTEX_POINT('',#3327);
#1702=VERTEX_POINT('',#3329);
#1703=VERTEX_POINT('',#3333);
#1704=VERTEX_POINT('',#3335);
#1705=VERTEX_POINT('',#3339);
#1706=VERTEX_POINT('',#3341);
#1707=VERTEX_POINT('',#3351);
#1708=VERTEX_POINT('',#3352);
#1709=VERTEX_POINT('',#3354);
#1710=VERTEX_POINT('',#3356);
#1711=VERTEX_POINT('',#3360);
#1712=VERTEX_POINT('',#3362);
#1713=VERTEX_POINT('',#3366);
#1714=VERTEX_POINT('',#3368);
#1715=VERTEX_POINT('',#3372);
#1716=VERTEX_POINT('',#3374);
#1717=VERTEX_POINT('',#3378);
#1718=VERTEX_POINT('',#3380);
#1719=VERTEX_POINT('',#3390);
#1720=VERTEX_POINT('',#3391);
#1721=VERTEX_POINT('',#3393);
#1722=VERTEX_POINT('',#3395);
#1723=VERTEX_POINT('',#3399);
#1724=VERTEX_POINT('',#3401);
#1725=VERTEX_POINT('',#3405);
#1726=VERTEX_POINT('',#3407);
#1727=VERTEX_POINT('',#3411);
#1728=VERTEX_POINT('',#3413);
#1729=VERTEX_POINT('',#3417);
#1730=VERTEX_POINT('',#3419);
#1731=VERTEX_POINT('',#3429);
#1732=VERTEX_POINT('',#3430);
#1733=VERTEX_POINT('',#3432);
#1734=VERTEX_POINT('',#3434);
#1735=VERTEX_POINT('',#3438);
#1736=VERTEX_POINT('',#3440);
#1737=VERTEX_POINT('',#3444);
#1738=VERTEX_POINT('',#3446);
#1739=VERTEX_POINT('',#3456);
#1740=VERTEX_POINT('',#3457);
#1741=VERTEX_POINT('',#3459);
#1742=VERTEX_POINT('',#3461);
#1743=VERTEX_POINT('',#3465);
#1744=VERTEX_POINT('',#3467);
#1745=VERTEX_POINT('',#3471);
#1746=VERTEX_POINT('',#3473);
#1747=VERTEX_POINT('',#3483);
#1748=VERTEX_POINT('',#3484);
#1749=VERTEX_POINT('',#3486);
#1750=VERTEX_POINT('',#3488);
#1751=VERTEX_POINT('',#3492);
#1752=VERTEX_POINT('',#3494);
#1753=VERTEX_POINT('',#3498);
#1754=VERTEX_POINT('',#3500);
#1755=VERTEX_POINT('',#3510);
#1756=VERTEX_POINT('',#3511);
#1757=VERTEX_POINT('',#3513);
#1758=VERTEX_POINT('',#3515);
#1759=VERTEX_POINT('',#3519);
#1760=VERTEX_POINT('',#3521);
#1761=VERTEX_POINT('',#3525);
#1762=VERTEX_POINT('',#3527);
#1763=VERTEX_POINT('',#3537);
#1764=VERTEX_POINT('',#3538);
#1765=VERTEX_POINT('',#3540);
#1766=VERTEX_POINT('',#3542);
#1767=VERTEX_POINT('',#3544);
#1768=VERTEX_POINT('',#3546);
#1769=VERTEX_POINT('',#3548);
#1770=VERTEX_POINT('',#3550);
#1771=VERTEX_POINT('',#3552);
#1772=VERTEX_POINT('',#3554);
#1773=VERTEX_POINT('',#3556);
#1774=VERTEX_POINT('',#3558);
#1775=VERTEX_POINT('',#3560);
#1776=VERTEX_POINT('',#3562);
#1777=VERTEX_POINT('',#3564);
#1778=VERTEX_POINT('',#3566);
#1779=VERTEX_POINT('',#3568);
#1780=VERTEX_POINT('',#3570);
#1781=VERTEX_POINT('',#3572);
#1782=VERTEX_POINT('',#3574);
#1783=VERTEX_POINT('',#3578);
#1784=VERTEX_POINT('',#3579);
#1785=VERTEX_POINT('',#3581);
#1786=VERTEX_POINT('',#3583);
#1787=VERTEX_POINT('',#3585);
#1788=VERTEX_POINT('',#3587);
#1789=VERTEX_POINT('',#3589);
#1790=VERTEX_POINT('',#3591);
#1791=VERTEX_POINT('',#3593);
#1792=VERTEX_POINT('',#3595);
#1793=VERTEX_POINT('',#3597);
#1794=VERTEX_POINT('',#3599);
#1795=VERTEX_POINT('',#3601);
#1796=VERTEX_POINT('',#3603);
#1797=VERTEX_POINT('',#3605);
#1798=VERTEX_POINT('',#3608);
#1799=VERTEX_POINT('',#3610);
#1800=VERTEX_POINT('',#3612);
#1801=VERTEX_POINT('',#3616);
#1802=VERTEX_POINT('',#3617);
#1803=VERTEX_POINT('',#3622);
#1804=VERTEX_POINT('',#3624);
#1805=VERTEX_POINT('',#3626);
#1806=VERTEX_POINT('',#3629);
#1807=VERTEX_POINT('',#3632);
#1808=VERTEX_POINT('',#3634);
#1809=VERTEX_POINT('',#3636);
#1810=VERTEX_POINT('',#3639);
#1811=VERTEX_POINT('',#3643);
#1812=VERTEX_POINT('',#3644);
#1813=VERTEX_POINT('',#3649);
#1814=VERTEX_POINT('',#3650);
#1815=VERTEX_POINT('',#3652);
#1816=VERTEX_POINT('',#3654);
#1817=VERTEX_POINT('',#3658);
#1818=VERTEX_POINT('',#3660);
#1819=VERTEX_POINT('',#3662);
#1820=VERTEX_POINT('',#3664);
#1821=VERTEX_POINT('',#3666);
#1822=VERTEX_POINT('',#3668);
#1823=VERTEX_POINT('',#3670);
#1824=VERTEX_POINT('',#3672);
#1825=VERTEX_POINT('',#3674);
#1826=VERTEX_POINT('',#3676);
#1827=VERTEX_POINT('',#3678);
#1828=VERTEX_POINT('',#3680);
#1829=VERTEX_POINT('',#3682);
#1830=VERTEX_POINT('',#3684);
#1831=VERTEX_POINT('',#3686);
#1832=VERTEX_POINT('',#3690);
#1833=VERTEX_POINT('',#3694);
#1834=VERTEX_POINT('',#3696);
#1835=VERTEX_POINT('',#3700);
#1836=VERTEX_POINT('',#3701);
#1837=VERTEX_POINT('',#3704);
#1838=VERTEX_POINT('',#3706);
#1839=VERTEX_POINT('',#3709);
#1840=VERTEX_POINT('',#3711);
#1841=VERTEX_POINT('',#3714);
#1842=VERTEX_POINT('',#3717);
#1843=VERTEX_POINT('',#3719);
#1844=VERTEX_POINT('',#3724);
#1845=VERTEX_POINT('',#3725);
#1846=VERTEX_POINT('',#3729);
#1847=VERTEX_POINT('',#3731);
#1848=VERTEX_POINT('',#3734);
#1849=VERTEX_POINT('',#3736);
#1850=VERTEX_POINT('',#3739);
#1851=VERTEX_POINT('',#3741);
#1852=VERTEX_POINT('',#3746);
#1853=VERTEX_POINT('',#3749);
#1854=VERTEX_POINT('',#3753);
#1855=VERTEX_POINT('',#3760);
#1856=VERTEX_POINT('',#3764);
#1857=VERTEX_POINT('',#3768);
#1858=VERTEX_POINT('',#3777);
#1859=VERTEX_POINT('',#3781);
#1860=VERTEX_POINT('',#3788);
#1861=VERTEX_POINT('',#3792);
#1862=VERTEX_POINT('',#3799);
#1863=VERTEX_POINT('',#3803);
#1864=VERTEX_POINT('',#3810);
#1865=VERTEX_POINT('',#3816);
#1866=VERTEX_POINT('',#3833);
#1867=VERTEX_POINT('',#3839);
#1868=VERTEX_POINT('',#3846);
#1869=VERTEX_POINT('',#3850);
#1870=VERTEX_POINT('',#3859);
#1871=CIRCLE('',#2431,0.0001);
#1872=CIRCLE('',#2432,0.0001);
#1873=CIRCLE('',#2490,0.000125);
#1874=CIRCLE('',#2491,0.000125);
#1875=CIRCLE('',#2499,0.000125);
#1876=CIRCLE('',#2500,0.000125);
#1877=CIRCLE('',#2509,0.000125);
#1878=CIRCLE('',#2510,0.000125);
#1879=CIRCLE('',#2518,0.000125);
#1880=CIRCLE('',#2519,0.000125);
#1881=CIRCLE('',#2527,0.000125);
#1882=CIRCLE('',#2528,0.000125);
#1883=CIRCLE('',#2532,0.000125);
#1884=CIRCLE('',#2533,0.000125);
#1885=CIRCLE('',#2539,0.0001);
#1886=CIRCLE('',#2543,0.000125);
#1887=CIRCLE('',#2554,0.000125);
#1888=CIRCLE('',#2558,0.000125);
#1889=CIRCLE('',#2563,0.000125);
#1890=CIRCLE('',#2588,0.0001);
#1891=EDGE_LOOP('',(#733));
#1892=EDGE_LOOP('',(#734));
#1893=EDGE_LOOP('',(#735));
#1894=EDGE_LOOP('',(#736));
#1895=EDGE_LOOP('',(#737,#738,#739,#740));
#1896=EDGE_LOOP('',(#741,#742,#743,#744));
#1897=EDGE_LOOP('',(#745,#746,#747,#748));
#1898=EDGE_LOOP('',(#749,#750,#751,#752));
#1899=EDGE_LOOP('',(#753,#754,#755,#756));
#1900=EDGE_LOOP('',(#757,#758,#759,#760));
#1901=EDGE_LOOP('',(#761,#762,#763,#764,#765,#766));
#1902=EDGE_LOOP('',(#767,#768,#769,#770,#771,#772));
#1903=EDGE_LOOP('',(#773,#774,#775,#776));
#1904=EDGE_LOOP('',(#777,#778,#779,#780));
#1905=EDGE_LOOP('',(#781,#782,#783,#784));
#1906=EDGE_LOOP('',(#785,#786,#787,#788));
#1907=EDGE_LOOP('',(#789,#790,#791,#792));
#1908=EDGE_LOOP('',(#793,#794,#795,#796));
#1909=EDGE_LOOP('',(#797,#798,#799,#800));
#1910=EDGE_LOOP('',(#801,#802,#803,#804));
#1911=EDGE_LOOP('',(#805,#806,#807,#808));
#1912=EDGE_LOOP('',(#809,#810,#811,#812));
#1913=EDGE_LOOP('',(#813,#814,#815,#816));
#1914=EDGE_LOOP('',(#817,#818,#819,#820));
#1915=EDGE_LOOP('',(#821,#822,#823,#824));
#1916=EDGE_LOOP('',(#825,#826,#827,#828));
#1917=EDGE_LOOP('',(#829,#830,#831,#832));
#1918=EDGE_LOOP('',(#833,#834,#835,#836));
#1919=EDGE_LOOP('',(#837,#838,#839,#840));
#1920=EDGE_LOOP('',(#841,#842,#843,#844));
#1921=EDGE_LOOP('',(#845,#846,#847,#848));
#1922=EDGE_LOOP('',(#849,#850,#851,#852,#853,#854,#855));
#1923=EDGE_LOOP('',(#856,#857,#858,#859,#860,#861,#862));
#1924=EDGE_LOOP('',(#863,#864,#865,#866));
#1925=EDGE_LOOP('',(#867,#868,#869,#870));
#1926=EDGE_LOOP('',(#871,#872,#873,#874));
#1927=EDGE_LOOP('',(#875,#876,#877,#878));
#1928=EDGE_LOOP('',(#879,#880,#881,#882));
#1929=EDGE_LOOP('',(#883,#884,#885,#886));
#1930=EDGE_LOOP('',(#887,#888,#889,#890,#891,#892));
#1931=EDGE_LOOP('',(#893,#894,#895,#896,#897,#898));
#1932=EDGE_LOOP('',(#899,#900,#901,#902));
#1933=EDGE_LOOP('',(#903,#904,#905,#906));
#1934=EDGE_LOOP('',(#907,#908,#909,#910));
#1935=EDGE_LOOP('',(#911,#912,#913,#914));
#1936=EDGE_LOOP('',(#915,#916,#917,#918));
#1937=EDGE_LOOP('',(#919,#920,#921,#922));
#1938=EDGE_LOOP('',(#923,#924,#925,#926,#927,#928));
#1939=EDGE_LOOP('',(#929,#930,#931,#932,#933,#934));
#1940=EDGE_LOOP('',(#935,#936,#937,#938));
#1941=EDGE_LOOP('',(#939,#940,#941,#942));
#1942=EDGE_LOOP('',(#943,#944,#945,#946));
#1943=EDGE_LOOP('',(#947,#948,#949,#950));
#1944=EDGE_LOOP('',(#951,#952,#953,#954));
#1945=EDGE_LOOP('',(#955,#956,#957,#958));
#1946=EDGE_LOOP('',(#959,#960,#961,#962));
#1947=EDGE_LOOP('',(#963,#964,#965,#966));
#1948=EDGE_LOOP('',(#967,#968,#969,#970));
#1949=EDGE_LOOP('',(#971,#972,#973,#974));
#1950=EDGE_LOOP('',(#975,#976,#977,#978));
#1951=EDGE_LOOP('',(#979,#980,#981,#982));
#1952=EDGE_LOOP('',(#983,#984,#985,#986));
#1953=EDGE_LOOP('',(#987,#988,#989,#990));
#1954=EDGE_LOOP('',(#991,#992,#993,#994));
#1955=EDGE_LOOP('',(#995,#996,#997,#998));
#1956=EDGE_LOOP('',(#999,#1000,#1001,#1002));
#1957=EDGE_LOOP('',(#1003,#1004,#1005,#1006));
#1958=EDGE_LOOP('',(#1007,#1008,#1009,#1010));
#1959=EDGE_LOOP('',(#1011,#1012,#1013,#1014));
#1960=EDGE_LOOP('',(#1015,#1016,#1017,#1018));
#1961=EDGE_LOOP('',(#1019,#1020,#1021,#1022));
#1962=EDGE_LOOP('',(#1023,#1024,#1025,#1026));
#1963=EDGE_LOOP('',(#1027,#1028,#1029,#1030));
#1964=EDGE_LOOP('',(#1031,#1032,#1033,#1034,#1035,#1036,#1037,#1038,#1039,#1040,#1041,#1042,#1043,#1044,#1045,#1046,#1047,#1048,#1049,#1050));
#1965=EDGE_LOOP('',(#1051,#1052,#1053,#1054,#1055,#1056,#1057,#1058,#1059,#1060,#1061,#1062,#1063,#1064,#1065,#1066,#1067,#1068,#1069,#1070));
#1966=EDGE_LOOP('',(#1071,#1072,#1073,#1074));
#1967=EDGE_LOOP('',(#1075,#1076,#1077,#1078,#1079,#1080,#1081,#1082,#1083,#1084,#1085,#1086,#1087,#1088,#1089,#1090));
#1968=EDGE_LOOP('',(#1091,#1092,#1093,#1094));
#1969=EDGE_LOOP('',(#1095,#1096,#1097,#1098));
#1970=EDGE_LOOP('',(#1099,#1100,#1101,#1102,#1103,#1104,#1105,#1106,#1107,#1108,#1109,#1110,#1111,#1112,#1113,#1114,#1115));
#1971=EDGE_LOOP('',(#1116,#1117,#1118,#1119));
#1972=EDGE_LOOP('',(#1120,#1121,#1122,#1123));
#1973=EDGE_LOOP('',(#1124,#1125,#1126,#1127,#1128,#1129,#1130,#1131,#1132,#1133,#1134,#1135,#1136,#1137,#1138,#1139,#1140,#1141,#1142,#1143));
#1974=EDGE_LOOP('',(#1144,#1145,#1146,#1147,#1148,#1149,#1150,#1151,#1152,#1153,#1154,#1155,#1156,#1157,#1158,#1159,#1160,#1161,#1162,#1163));
#1975=EDGE_LOOP('',(#1164));
#1976=EDGE_LOOP('',(#1165,#1166,#1167,#1168));
#1977=EDGE_LOOP('',(#1169,#1170,#1171,#1172));
#1978=EDGE_LOOP('',(#1173,#1174,#1175,#1176));
#1979=EDGE_LOOP('',(#1177,#1178,#1179,#1180));
#1980=EDGE_LOOP('',(#1181,#1182,#1183,#1184));
#1981=EDGE_LOOP('',(#1185,#1186,#1187,#1188));
#1982=EDGE_LOOP('',(#1189,#1190,#1191,#1192));
#1983=EDGE_LOOP('',(#1193,#1194,#1195,#1196));
#1984=EDGE_LOOP('',(#1197,#1198,#1199,#1200));
#1985=EDGE_LOOP('',(#1201,#1202,#1203,#1204));
#1986=EDGE_LOOP('',(#1205,#1206,#1207,#1208,#1209,#1210,#1211));
#1987=EDGE_LOOP('',(#1212,#1213,#1214,#1215));
#1988=EDGE_LOOP('',(#1216,#1217,#1218,#1219));
#1989=EDGE_LOOP('',(#1220,#1221,#1222,#1223));
#1990=EDGE_LOOP('',(#1224,#1225,#1226,#1227));
#1991=EDGE_LOOP('',(#1228,#1229,#1230,#1231));
#1992=EDGE_LOOP('',(#1232,#1233,#1234,#1235));
#1993=EDGE_LOOP('',(#1236,#1237,#1238,#1239));
#1994=EDGE_LOOP('',(#1240,#1241,#1242,#1243));
#1995=EDGE_LOOP('',(#1244,#1245,#1246,#1247));
#1996=EDGE_LOOP('',(#1248,#1249,#1250,#1251));
#1997=EDGE_LOOP('',(#1252,#1253,#1254,#1255));
#1998=EDGE_LOOP('',(#1256,#1257,#1258,#1259));
#1999=EDGE_LOOP('',(#1260,#1261,#1262,#1263));
#2000=EDGE_LOOP('',(#1264,#1265,#1266,#1267));
#2001=EDGE_LOOP('',(#1268,#1269,#1270,#1271));
#2002=EDGE_LOOP('',(#1272,#1273,#1274,#1275));
#2003=EDGE_LOOP('',(#1276,#1277,#1278,#1279,#1280,#1281));
#2004=EDGE_LOOP('',(#1282,#1283,#1284,#1285));
#2005=EDGE_LOOP('',(#1286,#1287,#1288,#1289));
#2006=EDGE_LOOP('',(#1290,#1291,#1292,#1293));
#2007=EDGE_LOOP('',(#1294,#1295,#1296,#1297));
#2008=EDGE_LOOP('',(#1298,#1299,#1300,#1301));
#2009=EDGE_LOOP('',(#1302,#1303,#1304,#1305));
#2010=EDGE_LOOP('',(#1306,#1307,#1308,#1309));
#2011=EDGE_LOOP('',(#1310,#1311,#1312,#1313));
#2012=EDGE_LOOP('',(#1314,#1315,#1316,#1317));
#2013=EDGE_LOOP('',(#1318,#1319,#1320,#1321));
#2014=EDGE_LOOP('',(#1322,#1323,#1324,#1325,#1326,#1327));
#2015=EDGE_LOOP('',(#1328,#1329,#1330,#1331));
#2016=EDGE_LOOP('',(#1332,#1333,#1334,#1335));
#2017=EDGE_LOOP('',(#1336,#1337,#1338,#1339));
#2018=EDGE_LOOP('',(#1340,#1341,#1342,#1343));
#2019=EDGE_LOOP('',(#1344,#1345,#1346,#1347,#1348,#1349));
#2020=EDGE_LOOP('',(#1350));
#2021=EDGE_LOOP('',(#1351));
#2022=EDGE_LOOP('',(#1352));
#2023=FACE_BOUND('',#1891,.T.);
#2024=FACE_BOUND('',#1892,.T.);
#2025=FACE_BOUND('',#1893,.T.);
#2026=FACE_BOUND('',#1894,.T.);
#2027=FACE_BOUND('',#1895,.T.);
#2028=FACE_BOUND('',#1896,.T.);
#2029=FACE_BOUND('',#1897,.T.);
#2030=FACE_BOUND('',#1898,.T.);
#2031=FACE_BOUND('',#1899,.T.);
#2032=FACE_BOUND('',#1900,.T.);
#2033=FACE_BOUND('',#1901,.T.);
#2034=FACE_BOUND('',#1902,.T.);
#2035=FACE_BOUND('',#1903,.T.);
#2036=FACE_BOUND('',#1904,.T.);
#2037=FACE_BOUND('',#1905,.T.);
#2038=FACE_BOUND('',#1906,.T.);
#2039=FACE_BOUND('',#1907,.T.);
#2040=FACE_BOUND('',#1908,.T.);
#2041=FACE_BOUND('',#1909,.T.);
#2042=FACE_BOUND('',#1910,.T.);
#2043=FACE_BOUND('',#1911,.T.);
#2044=FACE_BOUND('',#1912,.T.);
#2045=FACE_BOUND('',#1913,.T.);
#2046=FACE_BOUND('',#1914,.T.);
#2047=FACE_BOUND('',#1915,.T.);
#2048=FACE_BOUND('',#1916,.T.);
#2049=FACE_BOUND('',#1917,.T.);
#2050=FACE_BOUND('',#1918,.T.);
#2051=FACE_BOUND('',#1919,.T.);
#2052=FACE_BOUND('',#1920,.T.);
#2053=FACE_BOUND('',#1921,.T.);
#2054=FACE_BOUND('',#1922,.T.);
#2055=FACE_BOUND('',#1923,.T.);
#2056=FACE_BOUND('',#1924,.T.);
#2057=FACE_BOUND('',#1925,.T.);
#2058=FACE_BOUND('',#1926,.T.);
#2059=FACE_BOUND('',#1927,.T.);
#2060=FACE_BOUND('',#1928,.T.);
#2061=FACE_BOUND('',#1929,.T.);
#2062=FACE_BOUND('',#1930,.T.);
#2063=FACE_BOUND('',#1931,.T.);
#2064=FACE_BOUND('',#1932,.T.);
#2065=FACE_BOUND('',#1933,.T.);
#2066=FACE_BOUND('',#1934,.T.);
#2067=FACE_BOUND('',#1935,.T.);
#2068=FACE_BOUND('',#1936,.T.);
#2069=FACE_BOUND('',#1937,.T.);
#2070=FACE_BOUND('',#1938,.T.);
#2071=FACE_BOUND('',#1939,.T.);
#2072=FACE_BOUND('',#1940,.T.);
#2073=FACE_BOUND('',#1941,.T.);
#2074=FACE_BOUND('',#1942,.T.);
#2075=FACE_BOUND('',#1943,.T.);
#2076=FACE_BOUND('',#1944,.T.);
#2077=FACE_BOUND('',#1945,.T.);
#2078=FACE_BOUND('',#1946,.T.);
#2079=FACE_BOUND('',#1947,.T.);
#2080=FACE_BOUND('',#1948,.T.);
#2081=FACE_BOUND('',#1949,.T.);
#2082=FACE_BOUND('',#1950,.T.);
#2083=FACE_BOUND('',#1951,.T.);
#2084=FACE_BOUND('',#1952,.T.);
#2085=FACE_BOUND('',#1953,.T.);
#2086=FACE_BOUND('',#1954,.T.);
#2087=FACE_BOUND('',#1955,.T.);
#2088=FACE_BOUND('',#1956,.T.);
#2089=FACE_BOUND('',#1957,.T.);
#2090=FACE_BOUND('',#1958,.T.);
#2091=FACE_BOUND('',#1959,.T.);
#2092=FACE_BOUND('',#1960,.T.);
#2093=FACE_BOUND('',#1961,.T.);
#2094=FACE_BOUND('',#1962,.T.);
#2095=FACE_BOUND('',#1963,.T.);
#2096=FACE_BOUND('',#1964,.T.);
#2097=FACE_BOUND('',#1965,.T.);
#2098=FACE_BOUND('',#1966,.T.);
#2099=FACE_BOUND('',#1967,.T.);
#2100=FACE_BOUND('',#1968,.T.);
#2101=FACE_BOUND('',#1969,.T.);
#2102=FACE_BOUND('',#1970,.T.);
#2103=FACE_BOUND('',#1971,.T.);
#2104=FACE_BOUND('',#1972,.T.);
#2105=FACE_BOUND('',#1973,.T.);
#2106=FACE_BOUND('',#1974,.T.);
#2107=FACE_BOUND('',#1975,.T.);
#2108=FACE_BOUND('',#1976,.T.);
#2109=FACE_BOUND('',#1977,.T.);
#2110=FACE_BOUND('',#1978,.T.);
#2111=FACE_BOUND('',#1979,.T.);
#2112=FACE_BOUND('',#1980,.T.);
#2113=FACE_BOUND('',#1981,.T.);
#2114=FACE_BOUND('',#1982,.T.);
#2115=FACE_BOUND('',#1983,.T.);
#2116=FACE_BOUND('',#1984,.T.);
#2117=FACE_BOUND('',#1985,.T.);
#2118=FACE_BOUND('',#1986,.T.);
#2119=FACE_BOUND('',#1987,.T.);
#2120=FACE_BOUND('',#1988,.T.);
#2121=FACE_BOUND('',#1989,.T.);
#2122=FACE_BOUND('',#1990,.T.);
#2123=FACE_BOUND('',#1991,.T.);
#2124=FACE_BOUND('',#1992,.T.);
#2125=FACE_BOUND('',#1993,.T.);
#2126=FACE_BOUND('',#1994,.T.);
#2127=FACE_BOUND('',#1995,.T.);
#2128=FACE_BOUND('',#1996,.T.);
#2129=FACE_BOUND('',#1997,.T.);
#2130=FACE_BOUND('',#1998,.T.);
#2131=FACE_BOUND('',#1999,.T.);
#2132=FACE_BOUND('',#2000,.T.);
#2133=FACE_BOUND('',#2001,.T.);
#2134=FACE_BOUND('',#2002,.T.);
#2135=FACE_BOUND('',#2003,.T.);
#2136=FACE_BOUND('',#2004,.T.);
#2137=FACE_BOUND('',#2005,.T.);
#2138=FACE_BOUND('',#2006,.T.);
#2139=FACE_BOUND('',#2007,.T.);
#2140=FACE_BOUND('',#2008,.T.);
#2141=FACE_BOUND('',#2009,.T.);
#2142=FACE_BOUND('',#2010,.T.);
#2143=FACE_BOUND('',#2011,.T.);
#2144=FACE_BOUND('',#2012,.T.);
#2145=FACE_BOUND('',#2013,.T.);
#2146=FACE_BOUND('',#2014,.T.);
#2147=FACE_BOUND('',#2015,.T.);
#2148=FACE_BOUND('',#2016,.T.);
#2149=FACE_BOUND('',#2017,.T.);
#2150=FACE_BOUND('',#2018,.T.);
#2151=FACE_BOUND('',#2019,.T.);
#2152=FACE_BOUND('',#2020,.T.);
#2153=FACE_BOUND('',#2021,.T.);
#2154=FACE_BOUND('',#2022,.T.);
#2155=CYLINDRICAL_SURFACE('',#2430,0.0001);
#2156=CYLINDRICAL_SURFACE('',#2489,0.000125);
#2157=CYLINDRICAL_SURFACE('',#2498,0.000125);
#2158=CYLINDRICAL_SURFACE('',#2508,0.000125);
#2159=CYLINDRICAL_SURFACE('',#2517,0.000125);
#2160=CYLINDRICAL_SURFACE('',#2542,0.000125);
#2161=CYLINDRICAL_SURFACE('',#2553,0.000125);
#2162=CYLINDRICAL_SURFACE('',#2557,0.000125);
#2163=CYLINDRICAL_SURFACE('',#2562,0.000125);
#2164=CYLINDRICAL_SURFACE('',#2587,0.0001);
#2165=ADVANCED_FACE('',(#2023,#2024),#2155,.T.);
#2166=ADVANCED_FACE('',(#2025),#614,.T.);
#2167=ADVANCED_FACE('',(#2026),#615,.F.);
#2168=ADVANCED_FACE('',(#2027),#616,.F.);
#2169=ADVANCED_FACE('',(#2028),#617,.F.);
#2170=ADVANCED_FACE('',(#2029),#618,.F.);
#2171=ADVANCED_FACE('',(#2030),#619,.F.);
#2172=ADVANCED_FACE('',(#2031),#620,.T.);
#2173=ADVANCED_FACE('',(#2032),#621,.F.);
#2174=ADVANCED_FACE('',(#2033),#622,.T.);
#2175=ADVANCED_FACE('',(#2034),#623,.F.);
#2176=ADVANCED_FACE('',(#2035),#624,.T.);
#2177=ADVANCED_FACE('',(#2036),#625,.F.);
#2178=ADVANCED_FACE('',(#2037),#626,.F.);
#2179=ADVANCED_FACE('',(#2038),#627,.T.);
#2180=ADVANCED_FACE('',(#2039),#628,.T.);
#2181=ADVANCED_FACE('',(#2040),#629,.F.);
#2182=ADVANCED_FACE('',(#2041),#630,.T.);
#2183=ADVANCED_FACE('',(#2042),#631,.F.);
#2184=ADVANCED_FACE('',(#2043),#632,.F.);
#2185=ADVANCED_FACE('',(#2044),#633,.T.);
#2186=ADVANCED_FACE('',(#2045),#634,.T.);
#2187=ADVANCED_FACE('',(#2046),#635,.F.);
#2188=ADVANCED_FACE('',(#2047),#636,.T.);
#2189=ADVANCED_FACE('',(#2048),#637,.F.);
#2190=ADVANCED_FACE('',(#2049),#638,.T.);
#2191=ADVANCED_FACE('',(#2050),#639,.F.);
#2192=ADVANCED_FACE('',(#2051),#640,.T.);
#2193=ADVANCED_FACE('',(#2052),#641,.F.);
#2194=ADVANCED_FACE('',(#2053),#642,.T.);
#2195=ADVANCED_FACE('',(#2054),#643,.T.);
#2196=ADVANCED_FACE('',(#2055),#644,.F.);
#2197=ADVANCED_FACE('',(#2056),#645,.T.);
#2198=ADVANCED_FACE('',(#2057),#646,.T.);
#2199=ADVANCED_FACE('',(#2058),#647,.T.);
#2200=ADVANCED_FACE('',(#2059),#648,.T.);
#2201=ADVANCED_FACE('',(#2060),#649,.T.);
#2202=ADVANCED_FACE('',(#2061),#650,.T.);
#2203=ADVANCED_FACE('',(#2062),#651,.T.);
#2204=ADVANCED_FACE('',(#2063),#652,.F.);
#2205=ADVANCED_FACE('',(#2064),#653,.T.);
#2206=ADVANCED_FACE('',(#2065),#654,.F.);
#2207=ADVANCED_FACE('',(#2066),#655,.F.);
#2208=ADVANCED_FACE('',(#2067),#656,.F.);
#2209=ADVANCED_FACE('',(#2068),#657,.F.);
#2210=ADVANCED_FACE('',(#2069),#658,.F.);
#2211=ADVANCED_FACE('',(#2070),#659,.T.);
#2212=ADVANCED_FACE('',(#2071),#660,.F.);
#2213=ADVANCED_FACE('',(#2072),#661,.T.);
#2214=ADVANCED_FACE('',(#2073),#662,.T.);
#2215=ADVANCED_FACE('',(#2074),#2156,.T.);
#2216=ADVANCED_FACE('',(#2075),#663,.T.);
#2217=ADVANCED_FACE('',(#2076),#664,.T.);
#2218=ADVANCED_FACE('',(#2077),#665,.F.);
#2219=ADVANCED_FACE('',(#2078),#666,.T.);
#2220=ADVANCED_FACE('',(#2079),#667,.F.);
#2221=ADVANCED_FACE('',(#2080),#2157,.T.);
#2222=ADVANCED_FACE('',(#2081),#668,.F.);
#2223=ADVANCED_FACE('',(#2082),#669,.T.);
#2224=ADVANCED_FACE('',(#2083),#670,.F.);
#2225=ADVANCED_FACE('',(#2084),#671,.F.);
#2226=ADVANCED_FACE('',(#2085),#672,.F.);
#2227=ADVANCED_FACE('',(#2086),#673,.F.);
#2228=ADVANCED_FACE('',(#2087),#2158,.T.);
#2229=ADVANCED_FACE('',(#2088),#674,.T.);
#2230=ADVANCED_FACE('',(#2089),#675,.F.);
#2231=ADVANCED_FACE('',(#2090),#676,.T.);
#2232=ADVANCED_FACE('',(#2091),#677,.F.);
#2233=ADVANCED_FACE('',(#2092),#678,.T.);
#2234=ADVANCED_FACE('',(#2093),#2159,.T.);
#2235=ADVANCED_FACE('',(#2094),#679,.T.);
#2236=ADVANCED_FACE('',(#2095),#680,.F.);
#2237=ADVANCED_FACE('',(#2096),#681,.T.);
#2238=ADVANCED_FACE('',(#2097),#682,.T.);
#2239=ADVANCED_FACE('',(#2098),#683,.F.);
#2240=ADVANCED_FACE('',(#2099),#684,.F.);
#2241=ADVANCED_FACE('',(#2100),#685,.F.);
#2242=ADVANCED_FACE('',(#2101),#686,.F.);
#2243=ADVANCED_FACE('',(#2102),#687,.F.);
#2244=ADVANCED_FACE('',(#2103),#688,.F.);
#2245=ADVANCED_FACE('',(#2104),#689,.F.);
#2246=ADVANCED_FACE('',(#2105),#690,.F.);
#2247=ADVANCED_FACE('',(#2106),#691,.F.);
#2248=ADVANCED_FACE('',(#2107,#2108),#692,.T.);
#2249=ADVANCED_FACE('',(#2109),#693,.F.);
#2250=ADVANCED_FACE('',(#2110),#694,.F.);
#2251=ADVANCED_FACE('',(#2111),#2160,.F.);
#2252=ADVANCED_FACE('',(#2112),#695,.F.);
#2253=ADVANCED_FACE('',(#2113),#696,.F.);
#2254=ADVANCED_FACE('',(#2114),#697,.F.);
#2255=ADVANCED_FACE('',(#2115),#698,.T.);
#2256=ADVANCED_FACE('',(#2116),#699,.F.);
#2257=ADVANCED_FACE('',(#2117),#700,.F.);
#2258=ADVANCED_FACE('',(#2118),#701,.F.);
#2259=ADVANCED_FACE('',(#2119),#702,.T.);
#2260=ADVANCED_FACE('',(#2120),#703,.T.);
#2261=ADVANCED_FACE('',(#2121),#2161,.F.);
#2262=ADVANCED_FACE('',(#2122),#704,.F.);
#2263=ADVANCED_FACE('',(#2123),#705,.T.);
#2264=ADVANCED_FACE('',(#2124),#2162,.F.);
#2265=ADVANCED_FACE('',(#2125),#706,.T.);
#2266=ADVANCED_FACE('',(#2126),#707,.F.);
#2267=ADVANCED_FACE('',(#2127),#708,.F.);
#2268=ADVANCED_FACE('',(#2128),#2163,.F.);
#2269=ADVANCED_FACE('',(#2129),#709,.F.);
#2270=ADVANCED_FACE('',(#2130),#710,.F.);
#2271=ADVANCED_FACE('',(#2131),#711,.F.);
#2272=ADVANCED_FACE('',(#2132),#712,.F.);
#2273=ADVANCED_FACE('',(#2133),#713,.F.);
#2274=ADVANCED_FACE('',(#2134),#714,.F.);
#2275=ADVANCED_FACE('',(#2135),#715,.F.);
#2276=ADVANCED_FACE('',(#2136),#716,.F.);
#2277=ADVANCED_FACE('',(#2137),#717,.T.);
#2278=ADVANCED_FACE('',(#2138),#718,.F.);
#2279=ADVANCED_FACE('',(#2139),#719,.F.);
#2280=ADVANCED_FACE('',(#2140),#720,.T.);
#2281=ADVANCED_FACE('',(#2141),#721,.F.);
#2282=ADVANCED_FACE('',(#2142),#722,.T.);
#2283=ADVANCED_FACE('',(#2143),#723,.T.);
#2284=ADVANCED_FACE('',(#2144),#724,.T.);
#2285=ADVANCED_FACE('',(#2145),#725,.T.);
#2286=ADVANCED_FACE('',(#2146),#726,.F.);
#2287=ADVANCED_FACE('',(#2147),#727,.T.);
#2288=ADVANCED_FACE('',(#2148),#728,.T.);
#2289=ADVANCED_FACE('',(#2149),#729,.T.);
#2290=ADVANCED_FACE('',(#2150),#730,.T.);
#2291=ADVANCED_FACE('',(#2151),#731,.F.);
#2292=ADVANCED_FACE('',(#2152,#2153),#2164,.F.);
#2293=ADVANCED_FACE('',(#2154),#732,.T.);
#2294=CLOSED_SHELL('',(#2165,#2166,#2167));
#2295=CLOSED_SHELL('',(#2168,#2169,#2170,#2171,#2172,#2173,#2174,#2175));
#2296=CLOSED_SHELL('',(#2176,#2177,#2178,#2179,#2180,#2181));
#2297=CLOSED_SHELL('',(#2182,#2183,#2184,#2185,#2186,#2187));
#2298=CLOSED_SHELL('',(#2188,#2189,#2190,#2191,#2192,#2193,#2194,#2195,#2196));
#2299=CLOSED_SHELL('',(#2197,#2198,#2199,#2200,#2201,#2202,#2203,#2204));
#2300=CLOSED_SHELL('',(#2205,#2206,#2207,#2208,#2209,#2210,#2211,#2212));
#2301=CLOSED_SHELL('',(#2213,#2214,#2215,#2216,#2217,#2218));
#2302=CLOSED_SHELL('',(#2219,#2220,#2221,#2222,#2223,#2224));
#2303=CLOSED_SHELL('',(#2225,#2226,#2227,#2228,#2229,#2230));
#2304=CLOSED_SHELL('',(#2231,#2232,#2233,#2234,#2235,#2236));
#2305=CLOSED_SHELL('',(#2237,#2238,#2239,#2240,#2241,#2242,#2243,#2244,#2245,#2246,#2247,#2248,#2249,#2250,#2251,#2252,#2253,#2254,#2255,#2256,#2257,#2258,#2259,#2260,#2261,#2262,#2263,#2264,#2265,#2266,#2267,#2268,#2269,#2270,#2271,#2272,#2273,#2274,#2275,#2276,#2277,#2278,#2279,#2280,#2281,#2282,#2283,#2284,#2285,#2286,#2287,#2288,#2289,#2290,#2291,#2292,#2293));
#2306=STYLED_ITEM('',(#2318),#2393);
#2307=STYLED_ITEM('',(#2319),#2394);
#2308=STYLED_ITEM('',(#2320),#2395);
#2309=STYLED_ITEM('',(#2321),#2396);
#2310=STYLED_ITEM('',(#2322),#2397);
#2311=STYLED_ITEM('',(#2323),#2398);
#2312=STYLED_ITEM('',(#2324),#2399);
#2313=STYLED_ITEM('',(#2325),#2400);
#2314=STYLED_ITEM('',(#2326),#2401);
#2315=STYLED_ITEM('',(#2327),#2402);
#2316=STYLED_ITEM('',(#2328),#2403);
#2317=STYLED_ITEM('',(#2329),#2404);
#2318=PRESENTATION_STYLE_ASSIGNMENT((#2330));
#2319=PRESENTATION_STYLE_ASSIGNMENT((#2331));
#2320=PRESENTATION_STYLE_ASSIGNMENT((#2332));
#2321=PRESENTATION_STYLE_ASSIGNMENT((#2333));
#2322=PRESENTATION_STYLE_ASSIGNMENT((#2334));
#2323=PRESENTATION_STYLE_ASSIGNMENT((#2335));
#2324=PRESENTATION_STYLE_ASSIGNMENT((#2336));
#2325=PRESENTATION_STYLE_ASSIGNMENT((#2337));
#2326=PRESENTATION_STYLE_ASSIGNMENT((#2338));
#2327=PRESENTATION_STYLE_ASSIGNMENT((#2339));
#2328=PRESENTATION_STYLE_ASSIGNMENT((#2340));
#2329=PRESENTATION_STYLE_ASSIGNMENT((#2341));
#2330=SURFACE_STYLE_USAGE(.BOTH.,#2342);
#2331=SURFACE_STYLE_USAGE(.BOTH.,#2343);
#2332=SURFACE_STYLE_USAGE(.BOTH.,#2344);
#2333=SURFACE_STYLE_USAGE(.BOTH.,#2345);
#2334=SURFACE_STYLE_USAGE(.BOTH.,#2346);
#2335=SURFACE_STYLE_USAGE(.BOTH.,#2347);
#2336=SURFACE_STYLE_USAGE(.BOTH.,#2348);
#2337=SURFACE_STYLE_USAGE(.BOTH.,#2349);
#2338=SURFACE_STYLE_USAGE(.BOTH.,#2350);
#2339=SURFACE_STYLE_USAGE(.BOTH.,#2351);
#2340=SURFACE_STYLE_USAGE(.BOTH.,#2352);
#2341=SURFACE_STYLE_USAGE(.BOTH.,#2353);
#2342=SURFACE_SIDE_STYLE('',(#2354));
#2343=SURFACE_SIDE_STYLE('',(#2355));
#2344=SURFACE_SIDE_STYLE('',(#2356));
#2345=SURFACE_SIDE_STYLE('',(#2357));
#2346=SURFACE_SIDE_STYLE('',(#2358));
#2347=SURFACE_SIDE_STYLE('',(#2359));
#2348=SURFACE_SIDE_STYLE('',(#2360));
#2349=SURFACE_SIDE_STYLE('',(#2361));
#2350=SURFACE_SIDE_STYLE('',(#2362));
#2351=SURFACE_SIDE_STYLE('',(#2363));
#2352=SURFACE_SIDE_STYLE('',(#2364));
#2353=SURFACE_SIDE_STYLE('',(#2365));
#2354=SURFACE_STYLE_FILL_AREA(#2366);
#2355=SURFACE_STYLE_FILL_AREA(#2367);
#2356=SURFACE_STYLE_FILL_AREA(#2368);
#2357=SURFACE_STYLE_FILL_AREA(#2369);
#2358=SURFACE_STYLE_FILL_AREA(#2370);
#2359=SURFACE_STYLE_FILL_AREA(#2371);
#2360=SURFACE_STYLE_FILL_AREA(#2372);
#2361=SURFACE_STYLE_FILL_AREA(#2373);
#2362=SURFACE_STYLE_FILL_AREA(#2374);
#2363=SURFACE_STYLE_FILL_AREA(#2375);
#2364=SURFACE_STYLE_FILL_AREA(#2376);
#2365=SURFACE_STYLE_FILL_AREA(#2377);
#2366=FILL_AREA_STYLE('',(#2378));
#2367=FILL_AREA_STYLE('',(#2379));
#2368=FILL_AREA_STYLE('',(#2380));
#2369=FILL_AREA_STYLE('',(#2381));
#2370=FILL_AREA_STYLE('',(#2382));
#2371=FILL_AREA_STYLE('',(#2383));
#2372=FILL_AREA_STYLE('',(#2384));
#2373=FILL_AREA_STYLE('',(#2385));
#2374=FILL_AREA_STYLE('',(#2386));
#2375=FILL_AREA_STYLE('',(#2387));
#2376=FILL_AREA_STYLE('',(#2388));
#2377=FILL_AREA_STYLE('',(#2389));
#2378=FILL_AREA_STYLE_COLOUR('',#2390);
#2379=FILL_AREA_STYLE_COLOUR('',#2391);
#2380=FILL_AREA_STYLE_COLOUR('',#2391);
#2381=FILL_AREA_STYLE_COLOUR('',#2391);
#2382=FILL_AREA_STYLE_COLOUR('',#2391);
#2383=FILL_AREA_STYLE_COLOUR('',#2391);
#2384=FILL_AREA_STYLE_COLOUR('',#2391);
#2385=FILL_AREA_STYLE_COLOUR('',#2391);
#2386=FILL_AREA_STYLE_COLOUR('',#2391);
#2387=FILL_AREA_STYLE_COLOUR('',#2391);
#2388=FILL_AREA_STYLE_COLOUR('',#2391);
#2389=FILL_AREA_STYLE_COLOUR('',#2392);
#2390=COLOUR_RGB('',0.870588235294118,0.870588235294118,0.870588235294118);
#2391=COLOUR_RGB('',0.8,0.8,0.8);
#2392=COLOUR_RGB('',0.2,0.2,0.2);
#2393=MANIFOLD_SOLID_BREP('Part 12',#2294);
#2394=MANIFOLD_SOLID_BREP('Part 1',#2295);
#2395=MANIFOLD_SOLID_BREP('Part 2',#2296);
#2396=MANIFOLD_SOLID_BREP('Part 3',#2297);
#2397=MANIFOLD_SOLID_BREP('Part 4',#2298);
#2398=MANIFOLD_SOLID_BREP('Part 5',#2299);
#2399=MANIFOLD_SOLID_BREP('Part 6',#2300);
#2400=MANIFOLD_SOLID_BREP('Part 7',#2301);
#2401=MANIFOLD_SOLID_BREP('Part 8',#2302);
#2402=MANIFOLD_SOLID_BREP('Part 9',#2303);
#2403=MANIFOLD_SOLID_BREP('Part 10',#2304);
#2404=MANIFOLD_SOLID_BREP('Part 11',#2305);
#2405=SHAPE_DEFINITION_REPRESENTATION(#3933,#2417);
#2406=SHAPE_DEFINITION_REPRESENTATION(#3934,#2418);
#2407=SHAPE_DEFINITION_REPRESENTATION(#3935,#2419);
#2408=SHAPE_DEFINITION_REPRESENTATION(#3936,#2420);
#2409=SHAPE_DEFINITION_REPRESENTATION(#3937,#2421);
#2410=SHAPE_DEFINITION_REPRESENTATION(#3938,#2422);
#2411=SHAPE_DEFINITION_REPRESENTATION(#3939,#2423);
#2412=SHAPE_DEFINITION_REPRESENTATION(#3940,#2424);
#2413=SHAPE_DEFINITION_REPRESENTATION(#3941,#2425);
#2414=SHAPE_DEFINITION_REPRESENTATION(#3942,#2426);
#2415=SHAPE_DEFINITION_REPRESENTATION(#3943,#2427);
#2416=SHAPE_DEFINITION_REPRESENTATION(#3944,#2428);
#2417=SHAPE_REPRESENTATION('Part 12',(#2429),#3873);
#2418=SHAPE_REPRESENTATION('Part 1',(#2435),#3874);
#2419=SHAPE_REPRESENTATION('Part 2',(#2444),#3875);
#2420=SHAPE_REPRESENTATION('Part 3',(#2451),#3876);
#2421=SHAPE_REPRESENTATION('Part 4',(#2458),#3877);
#2422=SHAPE_REPRESENTATION('Part 5',(#2468),#3878);
#2423=SHAPE_REPRESENTATION('Part 6',(#2477),#3879);
#2424=SHAPE_REPRESENTATION('Part 7',(#2486),#3880);
#2425=SHAPE_REPRESENTATION('Part 8',(#2495),#3881);
#2426=SHAPE_REPRESENTATION('Part 9',(#2504),#3882);
#2427=SHAPE_REPRESENTATION('Part 10',(#2513),#3883);
#2428=SHAPE_REPRESENTATION('Part 11',(#2522),#3884);
#2429=AXIS2_PLACEMENT_3D('',#3202,#2590,#2591);
#2430=AXIS2_PLACEMENT_3D('',#3203,#2592,#2593);
#2431=AXIS2_PLACEMENT_3D('',#3204,#2594,#2595);
#2432=AXIS2_PLACEMENT_3D('',#3206,#2596,#2597);
#2433=AXIS2_PLACEMENT_3D('',#3208,#2598,#2599);
#2434=AXIS2_PLACEMENT_3D('',#3209,#2600,#2601);
#2435=AXIS2_PLACEMENT_3D('',#3210,#2602,#2603);
#2436=AXIS2_PLACEMENT_3D('',#3211,#2604,#2605);
#2437=AXIS2_PLACEMENT_3D('',#3220,#2610,#2611);
#2438=AXIS2_PLACEMENT_3D('',#3226,#2615,#2616);
#2439=AXIS2_PLACEMENT_3D('',#3232,#2620,#2621);
#2440=AXIS2_PLACEMENT_3D('',#3238,#2625,#2626);
#2441=AXIS2_PLACEMENT_3D('',#3244,#2630,#2631);
#2442=AXIS2_PLACEMENT_3D('',#3247,#2634,#2635);
#2443=AXIS2_PLACEMENT_3D('',#3248,#2636,#2637);
#2444=AXIS2_PLACEMENT_3D('',#3249,#2638,#2639);
#2445=AXIS2_PLACEMENT_3D('',#3250,#2640,#2641);
#2446=AXIS2_PLACEMENT_3D('',#3259,#2646,#2647);
#2447=AXIS2_PLACEMENT_3D('',#3265,#2651,#2652);
#2448=AXIS2_PLACEMENT_3D('',#3271,#2656,#2657);
#2449=AXIS2_PLACEMENT_3D('',#3274,#2660,#2661);
#2450=AXIS2_PLACEMENT_3D('',#3275,#2662,#2663);
#2451=AXIS2_PLACEMENT_3D('',#3276,#2664,#2665);
#2452=AXIS2_PLACEMENT_3D('',#3277,#2666,#2667);
#2453=AXIS2_PLACEMENT_3D('',#3286,#2672,#2673);
#2454=AXIS2_PLACEMENT_3D('',#3292,#2677,#2678);
#2455=AXIS2_PLACEMENT_3D('',#3298,#2682,#2683);
#2456=AXIS2_PLACEMENT_3D('',#3301,#2686,#2687);
#2457=AXIS2_PLACEMENT_3D('',#3302,#2688,#2689);
#2458=AXIS2_PLACEMENT_3D('',#3303,#2690,#2691);
#2459=AXIS2_PLACEMENT_3D('',#3304,#2692,#2693);
#2460=AXIS2_PLACEMENT_3D('',#3313,#2698,#2699);
#2461=AXIS2_PLACEMENT_3D('',#3319,#2703,#2704);
#2462=AXIS2_PLACEMENT_3D('',#3325,#2708,#2709);
#2463=AXIS2_PLACEMENT_3D('',#3331,#2713,#2714);
#2464=AXIS2_PLACEMENT_3D('',#3337,#2718,#2719);
#2465=AXIS2_PLACEMENT_3D('',#3343,#2723,#2724);
#2466=AXIS2_PLACEMENT_3D('',#3346,#2727,#2728);
#2467=AXIS2_PLACEMENT_3D('',#3347,#2729,#2730);
#2468=AXIS2_PLACEMENT_3D('',#3348,#2731,#2732);
#2469=AXIS2_PLACEMENT_3D('',#3349,#2733,#2734);
#2470=AXIS2_PLACEMENT_3D('',#3358,#2739,#2740);
#2471=AXIS2_PLACEMENT_3D('',#3364,#2744,#2745);
#2472=AXIS2_PLACEMENT_3D('',#3370,#2749,#2750);
#2473=AXIS2_PLACEMENT_3D('',#3376,#2754,#2755);
#2474=AXIS2_PLACEMENT_3D('',#3382,#2759,#2760);
#2475=AXIS2_PLACEMENT_3D('',#3385,#2763,#2764);
#2476=AXIS2_PLACEMENT_3D('',#3386,#2765,#2766);
#2477=AXIS2_PLACEMENT_3D('',#3387,#2767,#2768);
#2478=AXIS2_PLACEMENT_3D('',#3388,#2769,#2770);
#2479=AXIS2_PLACEMENT_3D('',#3397,#2775,#2776);
#2480=AXIS2_PLACEMENT_3D('',#3403,#2780,#2781);
#2481=AXIS2_PLACEMENT_3D('',#3409,#2785,#2786);
#2482=AXIS2_PLACEMENT_3D('',#3415,#2790,#2791);
#2483=AXIS2_PLACEMENT_3D('',#3421,#2795,#2796);
#2484=AXIS2_PLACEMENT_3D('',#3424,#2799,#2800);
#2485=AXIS2_PLACEMENT_3D('',#3425,#2801,#2802);
#2486=AXIS2_PLACEMENT_3D('',#3426,#2803,#2804);
#2487=AXIS2_PLACEMENT_3D('',#3427,#2805,#2806);
#2488=AXIS2_PLACEMENT_3D('',#3436,#2811,#2812);
#2489=AXIS2_PLACEMENT_3D('',#3442,#2816,#2817);
#2490=AXIS2_PLACEMENT_3D('',#3443,#2818,#2819);
#2491=AXIS2_PLACEMENT_3D('',#3447,#2821,#2822);
#2492=AXIS2_PLACEMENT_3D('',#3448,#2823,#2824);
#2493=AXIS2_PLACEMENT_3D('',#3451,#2827,#2828);
#2494=AXIS2_PLACEMENT_3D('',#3452,#2829,#2830);
#2495=AXIS2_PLACEMENT_3D('',#3453,#2831,#2832);
#2496=AXIS2_PLACEMENT_3D('',#3454,#2833,#2834);
#2497=AXIS2_PLACEMENT_3D('',#3463,#2839,#2840);
#2498=AXIS2_PLACEMENT_3D('',#3469,#2844,#2845);
#2499=AXIS2_PLACEMENT_3D('',#3470,#2846,#2847);
#2500=AXIS2_PLACEMENT_3D('',#3474,#2849,#2850);
#2501=AXIS2_PLACEMENT_3D('',#3475,#2851,#2852);
#2502=AXIS2_PLACEMENT_3D('',#3478,#2855,#2856);
#2503=AXIS2_PLACEMENT_3D('',#3479,#2857,#2858);
#2504=AXIS2_PLACEMENT_3D('',#3480,#2859,#2860);
#2505=AXIS2_PLACEMENT_3D('',#3481,#2861,#2862);
#2506=AXIS2_PLACEMENT_3D('',#3490,#2867,#2868);
#2507=AXIS2_PLACEMENT_3D('',#3496,#2872,#2873);
#2508=AXIS2_PLACEMENT_3D('',#3502,#2877,#2878);
#2509=AXIS2_PLACEMENT_3D('',#3503,#2879,#2880);
#2510=AXIS2_PLACEMENT_3D('',#3504,#2881,#2882);
#2511=AXIS2_PLACEMENT_3D('',#3505,#2883,#2884);
#2512=AXIS2_PLACEMENT_3D('',#3506,#2885,#2886);
#2513=AXIS2_PLACEMENT_3D('',#3507,#2887,#2888);
#2514=AXIS2_PLACEMENT_3D('',#3508,#2889,#2890);
#2515=AXIS2_PLACEMENT_3D('',#3517,#2895,#2896);
#2516=AXIS2_PLACEMENT_3D('',#3523,#2900,#2901);
#2517=AXIS2_PLACEMENT_3D('',#3529,#2905,#2906);
#2518=AXIS2_PLACEMENT_3D('',#3530,#2907,#2908);
#2519=AXIS2_PLACEMENT_3D('',#3531,#2909,#2910);
#2520=AXIS2_PLACEMENT_3D('',#3532,#2911,#2912);
#2521=AXIS2_PLACEMENT_3D('',#3533,#2913,#2914);
#2522=AXIS2_PLACEMENT_3D('',#3534,#2915,#2916);
#2523=AXIS2_PLACEMENT_3D('',#3535,#2917,#2918);
#2524=AXIS2_PLACEMENT_3D('',#3576,#2939,#2940);
#2525=AXIS2_PLACEMENT_3D('',#3614,#2960,#2961);
#2526=AXIS2_PLACEMENT_3D('',#3620,#2965,#2966);
#2527=AXIS2_PLACEMENT_3D('',#3625,#2969,#2970);
#2528=AXIS2_PLACEMENT_3D('',#3640,#2979,#2980);
#2529=AXIS2_PLACEMENT_3D('',#3641,#2981,#2982);
#2530=AXIS2_PLACEMENT_3D('',#3647,#2986,#2987);
#2531=AXIS2_PLACEMENT_3D('',#3656,#2992,#2993);
#2532=AXIS2_PLACEMENT_3D('',#3665,#2998,#2999);
#2533=AXIS2_PLACEMENT_3D('',#3673,#3003,#3004);
#2534=AXIS2_PLACEMENT_3D('',#3688,#3012,#3013);
#2535=AXIS2_PLACEMENT_3D('',#3692,#3016,#3017);
#2536=AXIS2_PLACEMENT_3D('',#3698,#3021,#3022);
#2537=AXIS2_PLACEMENT_3D('',#3722,#3037,#3038);
#2538=AXIS2_PLACEMENT_3D('',#3744,#3052,#3053);
#2539=AXIS2_PLACEMENT_3D('',#3745,#3054,#3055);
#2540=AXIS2_PLACEMENT_3D('',#3747,#3056,#3057);
#2541=AXIS2_PLACEMENT_3D('',#3751,#3060,#3061);
#2542=AXIS2_PLACEMENT_3D('',#3755,#3064,#3065);
#2543=AXIS2_PLACEMENT_3D('',#3756,#3066,#3067);
#2544=AXIS2_PLACEMENT_3D('',#3757,#3068,#3069);
#2545=AXIS2_PLACEMENT_3D('',#3758,#3070,#3071);
#2546=AXIS2_PLACEMENT_3D('',#3762,#3074,#3075);
#2547=AXIS2_PLACEMENT_3D('',#3766,#3078,#3079);
#2548=AXIS2_PLACEMENT_3D('',#3770,#3082,#3083);
#2549=AXIS2_PLACEMENT_3D('',#3772,#3085,#3086);
#2550=AXIS2_PLACEMENT_3D('',#3774,#3088,#3089);
#2551=AXIS2_PLACEMENT_3D('',#3775,#3090,#3091);
#2552=AXIS2_PLACEMENT_3D('',#3779,#3094,#3095);
#2553=AXIS2_PLACEMENT_3D('',#3783,#3098,#3099);
#2554=AXIS2_PLACEMENT_3D('',#3784,#3100,#3101);
#2555=AXIS2_PLACEMENT_3D('',#3785,#3102,#3103);
#2556=AXIS2_PLACEMENT_3D('',#3786,#3104,#3105);
#2557=AXIS2_PLACEMENT_3D('',#3790,#3108,#3109);
#2558=AXIS2_PLACEMENT_3D('',#3791,#3110,#3111);
#2559=AXIS2_PLACEMENT_3D('',#3794,#3113,#3114);
#2560=AXIS2_PLACEMENT_3D('',#3796,#3116,#3117);
#2561=AXIS2_PLACEMENT_3D('',#3797,#3118,#3119);
#2562=AXIS2_PLACEMENT_3D('',#3801,#3122,#3123);
#2563=AXIS2_PLACEMENT_3D('',#3802,#3124,#3125);
#2564=AXIS2_PLACEMENT_3D('',#3805,#3127,#3128);
#2565=AXIS2_PLACEMENT_3D('',#3807,#3130,#3131);
#2566=AXIS2_PLACEMENT_3D('',#3808,#3132,#3133);
#2567=AXIS2_PLACEMENT_3D('',#3812,#3136,#3137);
#2568=AXIS2_PLACEMENT_3D('',#3814,#3139,#3140);
#2569=AXIS2_PLACEMENT_3D('',#3818,#3143,#3144);
#2570=AXIS2_PLACEMENT_3D('',#3820,#3146,#3147);
#2571=AXIS2_PLACEMENT_3D('',#3821,#3148,#3149);
#2572=AXIS2_PLACEMENT_3D('',#3823,#3151,#3152);
#2573=AXIS2_PLACEMENT_3D('',#3825,#3154,#3155);
#2574=AXIS2_PLACEMENT_3D('',#3826,#3156,#3157);
#2575=AXIS2_PLACEMENT_3D('',#3828,#3159,#3160);
#2576=AXIS2_PLACEMENT_3D('',#3830,#3162,#3163);
#2577=AXIS2_PLACEMENT_3D('',#3831,#3164,#3165);
#2578=AXIS2_PLACEMENT_3D('',#3835,#3168,#3169);
#2579=AXIS2_PLACEMENT_3D('',#3837,#3171,#3172);
#2580=AXIS2_PLACEMENT_3D('',#3841,#3175,#3176);
#2581=AXIS2_PLACEMENT_3D('',#3843,#3178,#3179);
#2582=AXIS2_PLACEMENT_3D('',#3844,#3180,#3181);
#2583=AXIS2_PLACEMENT_3D('',#3848,#3184,#3185);
#2584=AXIS2_PLACEMENT_3D('',#3852,#3188,#3189);
#2585=AXIS2_PLACEMENT_3D('',#3854,#3191,#3192);
#2586=AXIS2_PLACEMENT_3D('',#3856,#3194,#3195);
#2587=AXIS2_PLACEMENT_3D('',#3857,#3196,#3197);
#2588=AXIS2_PLACEMENT_3D('',#3858,#3198,#3199);
#2589=AXIS2_PLACEMENT_3D('',#3860,#3200,#3201);
#2590=DIRECTION('',(0.,0.,1.));
#2591=DIRECTION('',(1.,0.,0.));
#2592=DIRECTION('',(0.,0.,-1.));
#2593=DIRECTION('',(-1.,0.,0.));
#2594=DIRECTION('',(0.,0.,1.));
#2595=DIRECTION('',(1.,0.,0.));
#2596=DIRECTION('',(0.,0.,1.));
#2597=DIRECTION('',(1.,0.,0.));
#2598=DIRECTION('',(0.,0.,1.));
#2599=DIRECTION('',(1.,0.,0.));
#2600=DIRECTION('',(0.,0.,1.));
#2601=DIRECTION('',(1.,0.,0.));
#2602=DIRECTION('',(0.,0.,1.));
#2603=DIRECTION('',(1.,0.,0.));
#2604=DIRECTION('',(-1.,0.,0.));
#2605=DIRECTION('',(0.,0.,1.));
#2606=DIRECTION('',(0.,1.,0.));
#2607=DIRECTION('',(0.,0.,-1.));
#2608=DIRECTION('',(0.,1.,0.));
#2609=DIRECTION('',(0.,0.,-1.));
#2610=DIRECTION('',(0.,-1.,0.));
#2611=DIRECTION('',(0.,0.,-1.));
#2612=DIRECTION('',(-1.,0.,0.));
#2613=DIRECTION('',(0.,0.,-1.));
#2614=DIRECTION('',(-1.,0.,0.));
#2615=DIRECTION('',(1.,0.,0.));
#2616=DIRECTION('',(0.,0.,-1.));
#2617=DIRECTION('',(0.,-1.,0.));
#2618=DIRECTION('',(0.,0.,-1.));
#2619=DIRECTION('',(0.,-1.,0.));
#2620=DIRECTION('',(0.,1.,0.));
#2621=DIRECTION('',(0.,0.,1.));
#2622=DIRECTION('',(1.,0.,0.));
#2623=DIRECTION('',(0.,0.,-1.));
#2624=DIRECTION('',(1.,0.,0.));
#2625=DIRECTION('',(1.,0.,0.));
#2626=DIRECTION('',(0.,0.,-1.));
#2627=DIRECTION('',(0.,-1.,0.));
#2628=DIRECTION('',(0.,0.,-1.));
#2629=DIRECTION('',(0.,-1.,0.));
#2630=DIRECTION('',(0.,-1.,0.));
#2631=DIRECTION('',(0.,0.,-1.));
#2632=DIRECTION('',(-1.,0.,0.));
#2633=DIRECTION('',(-1.,0.,0.));
#2634=DIRECTION('',(0.,0.,1.));
#2635=DIRECTION('',(1.,0.,0.));
#2636=DIRECTION('',(0.,0.,1.));
#2637=DIRECTION('',(1.,0.,0.));
#2638=DIRECTION('',(0.,0.,1.));
#2639=DIRECTION('',(1.,0.,0.));
#2640=DIRECTION('',(1.,-5.42101086242753E-17,0.));
#2641=DIRECTION('',(5.42101086242753E-17,1.,0.));
#2642=DIRECTION('',(-5.42101086242753E-17,-1.,0.));
#2643=DIRECTION('',(0.,0.,-1.));
#2644=DIRECTION('',(-5.42101086242753E-17,-1.,0.));
#2645=DIRECTION('',(0.,0.,-1.));
#2646=DIRECTION('',(0.,-1.,0.));
#2647=DIRECTION('',(0.,0.,-1.));
#2648=DIRECTION('',(-1.,0.,0.));
#2649=DIRECTION('',(0.,0.,-1.));
#2650=DIRECTION('',(-1.,0.,0.));
#2651=DIRECTION('',(1.,-6.77626357803441E-17,0.));
#2652=DIRECTION('',(6.77626357803441E-17,1.,0.));
#2653=DIRECTION('',(-6.77626357803441E-17,-1.,0.));
#2654=DIRECTION('',(0.,0.,-1.));
#2655=DIRECTION('',(-6.77626357803441E-17,-1.,0.));
#2656=DIRECTION('',(0.,-1.,0.));
#2657=DIRECTION('',(0.,0.,-1.));
#2658=DIRECTION('',(-1.,0.,0.));
#2659=DIRECTION('',(-1.,0.,0.));
#2660=DIRECTION('',(0.,0.,1.));
#2661=DIRECTION('',(1.,0.,0.));
#2662=DIRECTION('',(0.,0.,1.));
#2663=DIRECTION('',(1.,0.,0.));
#2664=DIRECTION('',(0.,0.,1.));
#2665=DIRECTION('',(1.,0.,0.));
#2666=DIRECTION('',(1.,-6.77626357803441E-17,0.));
#2667=DIRECTION('',(6.77626357803441E-17,1.,0.));
#2668=DIRECTION('',(-6.77626357803441E-17,-1.,0.));
#2669=DIRECTION('',(0.,0.,-1.));
#2670=DIRECTION('',(-6.77626357803441E-17,-1.,0.));
#2671=DIRECTION('',(0.,0.,-1.));
#2672=DIRECTION('',(0.,-1.,0.));
#2673=DIRECTION('',(0.,0.,-1.));
#2674=DIRECTION('',(-1.,0.,0.));
#2675=DIRECTION('',(0.,0.,-1.));
#2676=DIRECTION('',(-1.,0.,0.));
#2677=DIRECTION('',(1.,1.62630325872826E-16,0.));
#2678=DIRECTION('',(-1.62630325872826E-16,1.,0.));
#2679=DIRECTION('',(1.62630325872826E-16,-1.,0.));
#2680=DIRECTION('',(0.,0.,-1.));
#2681=DIRECTION('',(1.62630325872826E-16,-1.,0.));
#2682=DIRECTION('',(0.,-1.,0.));
#2683=DIRECTION('',(0.,0.,-1.));
#2684=DIRECTION('',(-1.,0.,0.));
#2685=DIRECTION('',(-1.,0.,0.));
#2686=DIRECTION('',(0.,0.,1.));
#2687=DIRECTION('',(1.,0.,0.));
#2688=DIRECTION('',(0.,0.,1.));
#2689=DIRECTION('',(1.,0.,0.));
#2690=DIRECTION('',(0.,0.,1.));
#2691=DIRECTION('',(1.,0.,0.));
#2692=DIRECTION('',(0.,1.,0.));
#2693=DIRECTION('',(0.,0.,1.));
#2694=DIRECTION('',(1.,0.,0.));
#2695=DIRECTION('',(0.,0.,-1.));
#2696=DIRECTION('',(1.,0.,0.));
#2697=DIRECTION('',(0.,0.,-1.));
#2698=DIRECTION('',(1.,0.,0.));
#2699=DIRECTION('',(0.,0.,-1.));
#2700=DIRECTION('',(0.,-1.,0.));
#2701=DIRECTION('',(0.,0.,-1.));
#2702=DIRECTION('',(0.,-1.,0.));
#2703=DIRECTION('',(0.,-1.,0.));
#2704=DIRECTION('',(0.,0.,-1.));
#2705=DIRECTION('',(-1.,0.,0.));
#2706=DIRECTION('',(0.,0.,-1.));
#2707=DIRECTION('',(-1.,0.,0.));
#2708=DIRECTION('',(-0.707106781186548,0.707106781186548,0.));
#2709=DIRECTION('',(-0.707106781186548,-0.707106781186548,0.));
#2710=DIRECTION('',(0.707106781186548,0.707106781186548,0.));
#2711=DIRECTION('',(0.,0.,-1.));
#2712=DIRECTION('',(0.707106781186548,0.707106781186548,0.));
#2713=DIRECTION('',(1.,0.,0.));
#2714=DIRECTION('',(0.,0.,-1.));
#2715=DIRECTION('',(0.,-1.,0.));
#2716=DIRECTION('',(0.,0.,-1.));
#2717=DIRECTION('',(0.,-1.,0.));
#2718=DIRECTION('',(0.,-1.,0.));
#2719=DIRECTION('',(0.,0.,-1.));
#2720=DIRECTION('',(-1.,0.,0.));
#2721=DIRECTION('',(0.,0.,-1.));
#2722=DIRECTION('',(-1.,0.,0.));
#2723=DIRECTION('',(-1.,0.,0.));
#2724=DIRECTION('',(0.,0.,1.));
#2725=DIRECTION('',(0.,1.,0.));
#2726=DIRECTION('',(0.,1.,0.));
#2727=DIRECTION('',(0.,0.,1.));
#2728=DIRECTION('',(1.,0.,0.));
#2729=DIRECTION('',(0.,0.,1.));
#2730=DIRECTION('',(1.,0.,0.));
#2731=DIRECTION('',(0.,0.,1.));
#2732=DIRECTION('',(1.,0.,0.));
#2733=DIRECTION('',(0.,-1.,0.));
#2734=DIRECTION('',(0.,0.,-1.));
#2735=DIRECTION('',(-1.,0.,0.));
#2736=DIRECTION('',(0.,0.,-1.));
#2737=DIRECTION('',(-1.,0.,0.));
#2738=DIRECTION('',(0.,0.,-1.));
#2739=DIRECTION('',(1.,0.,0.));
#2740=DIRECTION('',(0.,0.,-1.));
#2741=DIRECTION('',(0.,-1.,0.));
#2742=DIRECTION('',(0.,0.,-1.));
#2743=DIRECTION('',(0.,-1.,0.));
#2744=DIRECTION('',(0.,-1.,0.));
#2745=DIRECTION('',(0.,0.,-1.));
#2746=DIRECTION('',(-1.,0.,0.));
#2747=DIRECTION('',(0.,0.,-1.));
#2748=DIRECTION('',(-1.,0.,0.));
#2749=DIRECTION('',(1.,0.,0.));
#2750=DIRECTION('',(0.,0.,-1.));
#2751=DIRECTION('',(0.,-1.,0.));
#2752=DIRECTION('',(0.,0.,-1.));
#2753=DIRECTION('',(0.,-1.,0.));
#2754=DIRECTION('',(0.,1.,0.));
#2755=DIRECTION('',(0.,0.,1.));
#2756=DIRECTION('',(1.,0.,0.));
#2757=DIRECTION('',(0.,0.,-1.));
#2758=DIRECTION('',(1.,0.,0.));
#2759=DIRECTION('',(-1.,0.,0.));
#2760=DIRECTION('',(0.,0.,1.));
#2761=DIRECTION('',(0.,1.,0.));
#2762=DIRECTION('',(0.,1.,0.));
#2763=DIRECTION('',(0.,0.,1.));
#2764=DIRECTION('',(1.,0.,0.));
#2765=DIRECTION('',(0.,0.,1.));
#2766=DIRECTION('',(1.,0.,0.));
#2767=DIRECTION('',(0.,0.,1.));
#2768=DIRECTION('',(1.,0.,0.));
#2769=DIRECTION('',(0.,-1.,0.));
#2770=DIRECTION('',(0.,0.,-1.));
#2771=DIRECTION('',(-1.,0.,0.));
#2772=DIRECTION('',(0.,0.,-1.));
#2773=DIRECTION('',(-1.,0.,0.));
#2774=DIRECTION('',(0.,0.,-1.));
#2775=DIRECTION('',(-1.,0.,0.));
#2776=DIRECTION('',(0.,0.,1.));
#2777=DIRECTION('',(0.,1.,0.));
#2778=DIRECTION('',(0.,0.,-1.));
#2779=DIRECTION('',(0.,1.,0.));
#2780=DIRECTION('',(0.,-1.,0.));
#2781=DIRECTION('',(0.,0.,-1.));
#2782=DIRECTION('',(-1.,0.,0.));
#2783=DIRECTION('',(0.,0.,-1.));
#2784=DIRECTION('',(-1.,0.,0.));
#2785=DIRECTION('',(1.,0.,0.));
#2786=DIRECTION('',(0.,0.,-1.));
#2787=DIRECTION('',(0.,-1.,0.));
#2788=DIRECTION('',(0.,0.,-1.));
#2789=DIRECTION('',(0.,-1.,0.));
#2790=DIRECTION('',(0.,1.,0.));
#2791=DIRECTION('',(0.,0.,1.));
#2792=DIRECTION('',(1.,0.,0.));
#2793=DIRECTION('',(0.,0.,-1.));
#2794=DIRECTION('',(1.,0.,0.));
#2795=DIRECTION('',(1.,0.,0.));
#2796=DIRECTION('',(0.,0.,-1.));
#2797=DIRECTION('',(0.,-1.,0.));
#2798=DIRECTION('',(0.,-1.,0.));
#2799=DIRECTION('',(0.,0.,1.));
#2800=DIRECTION('',(1.,0.,0.));
#2801=DIRECTION('',(0.,0.,1.));
#2802=DIRECTION('',(1.,0.,0.));
#2803=DIRECTION('',(0.,0.,1.));
#2804=DIRECTION('',(1.,0.,0.));
#2805=DIRECTION('',(1.,0.,0.));
#2806=DIRECTION('',(0.,0.,-1.));
#2807=DIRECTION('',(0.,-1.,0.));
#2808=DIRECTION('',(0.,0.,-1.));
#2809=DIRECTION('',(0.,-1.,0.));
#2810=DIRECTION('',(0.,0.,-1.));
#2811=DIRECTION('',(0.,1.,0.));
#2812=DIRECTION('',(0.,0.,1.));
#2813=DIRECTION('',(1.,0.,0.));
#2814=DIRECTION('',(0.,0.,-1.));
#2815=DIRECTION('',(1.,0.,0.));
#2816=DIRECTION('',(0.,0.,-1.));
#2817=DIRECTION('',(-1.,0.,0.));
#2818=DIRECTION('',(0.,0.,-1.));
#2819=DIRECTION('',(1.,0.,0.));
#2820=DIRECTION('',(0.,0.,-1.));
#2821=DIRECTION('',(0.,0.,-1.));
#2822=DIRECTION('',(1.,0.,0.));
#2823=DIRECTION('',(0.,-1.,0.));
#2824=DIRECTION('',(0.,0.,-1.));
#2825=DIRECTION('',(-1.,0.,0.));
#2826=DIRECTION('',(-1.,0.,0.));
#2827=DIRECTION('',(0.,0.,1.));
#2828=DIRECTION('',(1.,0.,0.));
#2829=DIRECTION('',(0.,0.,1.));
#2830=DIRECTION('',(1.,0.,0.));
#2831=DIRECTION('',(0.,0.,1.));
#2832=DIRECTION('',(1.,0.,0.));
#2833=DIRECTION('',(1.,0.,0.));
#2834=DIRECTION('',(0.,0.,-1.));
#2835=DIRECTION('',(0.,-1.,0.));
#2836=DIRECTION('',(0.,0.,-1.));
#2837=DIRECTION('',(0.,-1.,0.));
#2838=DIRECTION('',(0.,0.,-1.));
#2839=DIRECTION('',(0.,-1.,0.));
#2840=DIRECTION('',(0.,0.,-1.));
#2841=DIRECTION('',(-1.,0.,0.));
#2842=DIRECTION('',(0.,0.,-1.));
#2843=DIRECTION('',(-1.,0.,0.));
#2844=DIRECTION('',(0.,0.,-1.));
#2845=DIRECTION('',(-1.,0.,0.));
#2846=DIRECTION('',(0.,0.,1.));
#2847=DIRECTION('',(1.,0.,0.));
#2848=DIRECTION('',(0.,0.,-1.));
#2849=DIRECTION('',(0.,0.,1.));
#2850=DIRECTION('',(1.,0.,0.));
#2851=DIRECTION('',(0.,1.,0.));
#2852=DIRECTION('',(0.,0.,1.));
#2853=DIRECTION('',(1.,0.,0.));
#2854=DIRECTION('',(1.,0.,0.));
#2855=DIRECTION('',(0.,0.,1.));
#2856=DIRECTION('',(1.,0.,0.));
#2857=DIRECTION('',(0.,0.,1.));
#2858=DIRECTION('',(1.,0.,0.));
#2859=DIRECTION('',(0.,0.,1.));
#2860=DIRECTION('',(1.,0.,0.));
#2861=DIRECTION('',(0.,-1.,0.));
#2862=DIRECTION('',(0.,0.,-1.));
#2863=DIRECTION('',(-1.,0.,0.));
#2864=DIRECTION('',(0.,0.,-1.));
#2865=DIRECTION('',(-1.,0.,0.));
#2866=DIRECTION('',(0.,0.,-1.));
#2867=DIRECTION('',(1.,0.,0.));
#2868=DIRECTION('',(0.,0.,-1.));
#2869=DIRECTION('',(0.,-1.,0.));
#2870=DIRECTION('',(0.,0.,-1.));
#2871=DIRECTION('',(0.,-1.,0.));
#2872=DIRECTION('',(0.,1.,0.));
#2873=DIRECTION('',(0.,0.,1.));
#2874=DIRECTION('',(1.,0.,0.));
#2875=DIRECTION('',(0.,0.,-1.));
#2876=DIRECTION('',(1.,0.,0.));
#2877=DIRECTION('',(0.,0.,-1.));
#2878=DIRECTION('',(-1.,0.,0.));
#2879=DIRECTION('',(0.,0.,1.));
#2880=DIRECTION('',(1.,0.,0.));
#2881=DIRECTION('',(0.,0.,1.));
#2882=DIRECTION('',(1.,0.,0.));
#2883=DIRECTION('',(0.,0.,1.));
#2884=DIRECTION('',(1.,0.,0.));
#2885=DIRECTION('',(0.,0.,1.));
#2886=DIRECTION('',(1.,0.,0.));
#2887=DIRECTION('',(0.,0.,1.));
#2888=DIRECTION('',(1.,0.,0.));
#2889=DIRECTION('',(0.,1.,0.));
#2890=DIRECTION('',(0.,0.,1.));
#2891=DIRECTION('',(1.,0.,0.));
#2892=DIRECTION('',(0.,0.,-1.));
#2893=DIRECTION('',(1.,0.,0.));
#2894=DIRECTION('',(0.,0.,-1.));
#2895=DIRECTION('',(1.,0.,0.));
#2896=DIRECTION('',(0.,0.,-1.));
#2897=DIRECTION('',(0.,-1.,0.));
#2898=DIRECTION('',(0.,0.,-1.));
#2899=DIRECTION('',(0.,-1.,0.));
#2900=DIRECTION('',(0.,-1.,0.));
#2901=DIRECTION('',(0.,0.,-1.));
#2902=DIRECTION('',(-1.,0.,0.));
#2903=DIRECTION('',(0.,0.,-1.));
#2904=DIRECTION('',(-1.,0.,0.));
#2905=DIRECTION('',(0.,0.,-1.));
#2906=DIRECTION('',(-1.,0.,0.));
#2907=DIRECTION('',(0.,0.,-1.));
#2908=DIRECTION('',(1.,0.,0.));
#2909=DIRECTION('',(0.,0.,-1.));
#2910=DIRECTION('',(1.,0.,0.));
#2911=DIRECTION('',(0.,0.,1.));
#2912=DIRECTION('',(1.,0.,0.));
#2913=DIRECTION('',(0.,0.,1.));
#2914=DIRECTION('',(1.,0.,0.));
#2915=DIRECTION('',(0.,0.,1.));
#2916=DIRECTION('',(1.,0.,0.));
#2917=DIRECTION('',(1.,0.,0.));
#2918=DIRECTION('',(0.,0.,-1.));
#2919=DIRECTION('',(0.,-1.,0.));
#2920=DIRECTION('',(0.,0.,-1.));
#2921=DIRECTION('',(0.,-1.,0.));
#2922=DIRECTION('',(0.,0.,-1.));
#2923=DIRECTION('',(0.,-1.,0.));
#2924=DIRECTION('',(0.,0.,-1.));
#2925=DIRECTION('',(0.,-1.,0.));
#2926=DIRECTION('',(0.,0.,-1.));
#2927=DIRECTION('',(0.,-1.,0.));
#2928=DIRECTION('',(0.,0.,-1.));
#2929=DIRECTION('',(0.,-1.,0.));
#2930=DIRECTION('',(0.,0.,-1.));
#2931=DIRECTION('',(0.,-1.,0.));
#2932=DIRECTION('',(0.,0.,-1.));
#2933=DIRECTION('',(0.,-1.,0.));
#2934=DIRECTION('',(0.,0.,-1.));
#2935=DIRECTION('',(0.,-1.,0.));
#2936=DIRECTION('',(0.,0.,-1.));
#2937=DIRECTION('',(0.,-1.,0.));
#2938=DIRECTION('',(0.,0.,-1.));
#2939=DIRECTION('',(0.,-1.,0.));
#2940=DIRECTION('',(0.,0.,-1.));
#2941=DIRECTION('',(-1.,0.,0.));
#2942=DIRECTION('',(0.,0.,-1.));
#2943=DIRECTION('',(-1.,0.,0.));
#2944=DIRECTION('',(0.,0.,-1.));
#2945=DIRECTION('',(-1.,0.,0.));
#2946=DIRECTION('',(0.,0.,-1.));
#2947=DIRECTION('',(-1.,0.,0.));
#2948=DIRECTION('',(0.,0.,-1.));
#2949=DIRECTION('',(-1.,0.,0.));
#2950=DIRECTION('',(0.,0.,-1.));
#2951=DIRECTION('',(-1.,0.,0.));
#2952=DIRECTION('',(0.,0.,-1.));
#2953=DIRECTION('',(-1.,0.,0.));
#2954=DIRECTION('',(0.,0.,-1.));
#2955=DIRECTION('',(-1.,0.,0.));
#2956=DIRECTION('',(-1.,0.,0.));
#2957=DIRECTION('',(0.,0.,-1.));
#2958=DIRECTION('',(-1.,0.,0.));
#2959=DIRECTION('',(0.,0.,-1.));
#2960=DIRECTION('',(0.,0.,1.));
#2961=DIRECTION('',(1.,0.,0.));
#2962=DIRECTION('',(1.,0.,0.));
#2963=DIRECTION('',(0.,-1.,0.));
#2964=DIRECTION('',(0.,-1.,0.));
#2965=DIRECTION('',(0.,0.,1.));
#2966=DIRECTION('',(1.,0.,0.));
#2967=DIRECTION('',(-1.,0.,0.));
#2968=DIRECTION('',(-1.,0.,0.));
#2969=DIRECTION('',(0.,0.,1.));
#2970=DIRECTION('',(1.,0.,0.));
#2971=DIRECTION('',(1.,0.,0.));
#2972=DIRECTION('',(1.,0.,0.));
#2973=DIRECTION('',(0.,1.,0.));
#2974=DIRECTION('',(-5.42101086242753E-17,-1.,0.));
#2975=DIRECTION('',(-1.,0.,0.));
#2976=DIRECTION('',(0.,-1.,0.));
#2977=DIRECTION('',(1.,0.,0.));
#2978=DIRECTION('',(1.,0.,0.));
#2979=DIRECTION('',(0.,0.,-1.));
#2980=DIRECTION('',(1.,0.,0.));
#2981=DIRECTION('',(0.,0.,1.));
#2982=DIRECTION('',(1.,0.,0.));
#2983=DIRECTION('',(-1.,0.,0.));
#2984=DIRECTION('',(-6.77626357803441E-17,-1.,0.));
#2985=DIRECTION('',(-6.77626357803441E-17,-1.,0.));
#2986=DIRECTION('',(0.,0.,1.));
#2987=DIRECTION('',(1.,0.,0.));
#2988=DIRECTION('',(1.,0.,0.));
#2989=DIRECTION('',(0.,-1.,0.));
#2990=DIRECTION('',(-1.,0.,0.));
#2991=DIRECTION('',(0.,1.,0.));
#2992=DIRECTION('',(0.,0.,1.));
#2993=DIRECTION('',(1.,0.,0.));
#2994=DIRECTION('',(0.,1.,0.));
#2995=DIRECTION('',(-1.,0.,0.));
#2996=DIRECTION('',(0.,-1.,0.));
#2997=DIRECTION('',(-1.,0.,0.));
#2998=DIRECTION('',(0.,0.,-1.));
#2999=DIRECTION('',(1.,0.,0.));
#3000=DIRECTION('',(1.,0.,0.));
#3001=DIRECTION('',(0.,-1.,0.));
#3002=DIRECTION('',(1.,0.,0.));
#3003=DIRECTION('',(0.,0.,1.));
#3004=DIRECTION('',(1.,0.,0.));
#3005=DIRECTION('',(-1.,0.,0.));
#3006=DIRECTION('',(0.,-1.,0.));
#3007=DIRECTION('',(-1.,0.,0.));
#3008=DIRECTION('',(0.707106781186548,0.707106781186548,0.));
#3009=DIRECTION('',(0.,-1.,0.));
#3010=DIRECTION('',(-1.,0.,0.));
#3011=DIRECTION('',(1.62630325872826E-16,-1.,0.));
#3012=DIRECTION('',(0.,0.,1.));
#3013=DIRECTION('',(1.,0.,0.));
#3014=DIRECTION('',(-1.,0.,0.));
#3015=DIRECTION('',(0.,-1.,0.));
#3016=DIRECTION('',(0.,0.,1.));
#3017=DIRECTION('',(1.,0.,0.));
#3018=DIRECTION('',(-1.,0.,0.));
#3019=DIRECTION('',(0.,1.,0.));
#3020=DIRECTION('',(-1.,0.,0.));
#3021=DIRECTION('',(0.,-1.,0.));
#3022=DIRECTION('',(0.,0.,-1.));
#3023=DIRECTION('',(-1.,0.,0.));
#3024=DIRECTION('',(0.,0.,-1.));
#3025=DIRECTION('',(0.,0.,-1.));
#3026=DIRECTION('',(-1.,0.,0.));
#3027=DIRECTION('',(0.,0.,-1.));
#3028=DIRECTION('',(0.,0.,-1.));
#3029=DIRECTION('',(-1.,0.,0.));
#3030=DIRECTION('',(0.,0.,-1.));
#3031=DIRECTION('',(0.,0.,-1.));
#3032=DIRECTION('',(-1.,0.,0.));
#3033=DIRECTION('',(0.,0.,-1.));
#3034=DIRECTION('',(-1.,0.,0.));
#3035=DIRECTION('',(0.,0.,-1.));
#3036=DIRECTION('',(0.,0.,-1.));
#3037=DIRECTION('',(1.,0.,0.));
#3038=DIRECTION('',(0.,0.,-1.));
#3039=DIRECTION('',(0.,-1.,0.));
#3040=DIRECTION('',(0.,0.,-1.));
#3041=DIRECTION('',(0.,-1.,0.));
#3042=DIRECTION('',(0.,0.,-1.));
#3043=DIRECTION('',(0.,-1.,0.));
#3044=DIRECTION('',(0.,0.,-1.));
#3045=DIRECTION('',(0.,0.,-1.));
#3046=DIRECTION('',(0.,-1.,0.));
#3047=DIRECTION('',(0.,0.,-1.));
#3048=DIRECTION('',(0.,0.,-1.));
#3049=DIRECTION('',(0.,-1.,0.));
#3050=DIRECTION('',(0.,0.,-1.));
#3051=DIRECTION('',(0.,0.,-1.));
#3052=DIRECTION('',(0.,0.,1.));
#3053=DIRECTION('',(1.,0.,0.));
#3054=DIRECTION('',(0.,0.,1.));
#3055=DIRECTION('',(1.,0.,0.));
#3056=DIRECTION('',(0.,1.,0.));
#3057=DIRECTION('',(0.,0.,1.));
#3058=DIRECTION('',(0.,0.,-1.));
#3059=DIRECTION('',(1.,0.,0.));
#3060=DIRECTION('',(0.,-1.,0.));
#3061=DIRECTION('',(0.,0.,-1.));
#3062=DIRECTION('',(-1.,0.,0.));
#3063=DIRECTION('',(0.,0.,-1.));
#3064=DIRECTION('',(0.,0.,-1.));
#3065=DIRECTION('',(-1.,0.,0.));
#3066=DIRECTION('',(0.,0.,-1.));
#3067=DIRECTION('',(1.,0.,0.));
#3068=DIRECTION('',(0.,0.,1.));
#3069=DIRECTION('',(1.,0.,0.));
#3070=DIRECTION('',(0.,1.,0.));
#3071=DIRECTION('',(0.,0.,1.));
#3072=DIRECTION('',(0.,0.,-1.));
#3073=DIRECTION('',(1.,0.,0.));
#3074=DIRECTION('',(0.,-1.,0.));
#3075=DIRECTION('',(0.,0.,-1.));
#3076=DIRECTION('',(-1.,0.,0.));
#3077=DIRECTION('',(0.,0.,-1.));
#3078=DIRECTION('',(-0.707106781186548,0.707106781186548,0.));
#3079=DIRECTION('',(-0.707106781186548,-0.707106781186548,0.));
#3080=DIRECTION('',(0.707106781186548,0.707106781186548,0.));
#3081=DIRECTION('',(0.,0.,-1.));
#3082=DIRECTION('',(1.,0.,0.));
#3083=DIRECTION('',(0.,0.,-1.));
#3084=DIRECTION('',(0.,-1.,0.));
#3085=DIRECTION('',(-1.,0.,0.));
#3086=DIRECTION('',(0.,0.,1.));
#3087=DIRECTION('',(0.,1.,0.));
#3088=DIRECTION('',(0.,0.,1.));
#3089=DIRECTION('',(1.,0.,0.));
#3090=DIRECTION('',(0.,-1.,0.));
#3091=DIRECTION('',(0.,0.,-1.));
#3092=DIRECTION('',(0.,0.,-1.));
#3093=DIRECTION('',(-1.,0.,0.));
#3094=DIRECTION('',(0.,1.,0.));
#3095=DIRECTION('',(0.,0.,1.));
#3096=DIRECTION('',(1.,0.,0.));
#3097=DIRECTION('',(0.,0.,-1.));
#3098=DIRECTION('',(0.,0.,-1.));
#3099=DIRECTION('',(-1.,0.,0.));
#3100=DIRECTION('',(0.,0.,1.));
#3101=DIRECTION('',(1.,0.,0.));
#3102=DIRECTION('',(0.,0.,1.));
#3103=DIRECTION('',(1.,0.,0.));
#3104=DIRECTION('',(0.,-1.,0.));
#3105=DIRECTION('',(0.,0.,-1.));
#3106=DIRECTION('',(-1.,0.,0.));
#3107=DIRECTION('',(0.,0.,-1.));
#3108=DIRECTION('',(0.,0.,-1.));
#3109=DIRECTION('',(-1.,0.,0.));
#3110=DIRECTION('',(0.,0.,1.));
#3111=DIRECTION('',(1.,0.,0.));
#3112=DIRECTION('',(0.,0.,-1.));
#3113=DIRECTION('',(0.,1.,0.));
#3114=DIRECTION('',(0.,0.,1.));
#3115=DIRECTION('',(1.,0.,0.));
#3116=DIRECTION('',(0.,0.,1.));
#3117=DIRECTION('',(1.,0.,0.));
#3118=DIRECTION('',(0.,1.,0.));
#3119=DIRECTION('',(0.,0.,1.));
#3120=DIRECTION('',(1.,0.,0.));
#3121=DIRECTION('',(0.,0.,-1.));
#3122=DIRECTION('',(0.,0.,-1.));
#3123=DIRECTION('',(-1.,0.,0.));
#3124=DIRECTION('',(0.,0.,-1.));
#3125=DIRECTION('',(1.,0.,0.));
#3126=DIRECTION('',(0.,0.,-1.));
#3127=DIRECTION('',(0.,-1.,0.));
#3128=DIRECTION('',(0.,0.,-1.));
#3129=DIRECTION('',(-1.,0.,0.));
#3130=DIRECTION('',(0.,0.,1.));
#3131=DIRECTION('',(1.,0.,0.));
#3132=DIRECTION('',(1.,0.,0.));
#3133=DIRECTION('',(0.,0.,-1.));
#3134=DIRECTION('',(0.,-1.,0.));
#3135=DIRECTION('',(0.,0.,-1.));
#3136=DIRECTION('',(0.,-1.,0.));
#3137=DIRECTION('',(0.,0.,-1.));
#3138=DIRECTION('',(-1.,0.,0.));
#3139=DIRECTION('',(0.,1.,0.));
#3140=DIRECTION('',(0.,0.,1.));
#3141=DIRECTION('',(1.,0.,0.));
#3142=DIRECTION('',(0.,0.,-1.));
#3143=DIRECTION('',(-1.,0.,0.));
#3144=DIRECTION('',(0.,0.,1.));
#3145=DIRECTION('',(0.,1.,0.));
#3146=DIRECTION('',(0.,0.,1.));
#3147=DIRECTION('',(1.,0.,0.));
#3148=DIRECTION('',(1.,-6.77626357803441E-17,0.));
#3149=DIRECTION('',(6.77626357803441E-17,1.,0.));
#3150=DIRECTION('',(-6.77626357803441E-17,-1.,0.));
#3151=DIRECTION('',(1.,1.62630325872826E-16,0.));
#3152=DIRECTION('',(-1.62630325872826E-16,1.,0.));
#3153=DIRECTION('',(1.62630325872826E-16,-1.,0.));
#3154=DIRECTION('',(0.,0.,1.));
#3155=DIRECTION('',(1.,0.,0.));
#3156=DIRECTION('',(1.,-5.42101086242753E-17,0.));
#3157=DIRECTION('',(5.42101086242753E-17,1.,0.));
#3158=DIRECTION('',(-5.42101086242753E-17,-1.,0.));
#3159=DIRECTION('',(1.,-6.77626357803441E-17,0.));
#3160=DIRECTION('',(6.77626357803441E-17,1.,0.));
#3161=DIRECTION('',(-6.77626357803441E-17,-1.,0.));
#3162=DIRECTION('',(0.,0.,1.));
#3163=DIRECTION('',(1.,0.,0.));
#3164=DIRECTION('',(-1.,0.,0.));
#3165=DIRECTION('',(0.,0.,1.));
#3166=DIRECTION('',(0.,1.,0.));
#3167=DIRECTION('',(0.,0.,-1.));
#3168=DIRECTION('',(0.,-1.,0.));
#3169=DIRECTION('',(0.,0.,-1.));
#3170=DIRECTION('',(-1.,0.,0.));
#3171=DIRECTION('',(0.,1.,0.));
#3172=DIRECTION('',(0.,0.,1.));
#3173=DIRECTION('',(1.,0.,0.));
#3174=DIRECTION('',(0.,0.,-1.));
#3175=DIRECTION('',(1.,0.,0.));
#3176=DIRECTION('',(0.,0.,-1.));
#3177=DIRECTION('',(0.,-1.,0.));
#3178=DIRECTION('',(0.,0.,1.));
#3179=DIRECTION('',(1.,0.,0.));
#3180=DIRECTION('',(-1.,0.,0.));
#3181=DIRECTION('',(0.,0.,1.));
#3182=DIRECTION('',(0.,0.,-1.));
#3183=DIRECTION('',(0.,1.,0.));
#3184=DIRECTION('',(1.,0.,0.));
#3185=DIRECTION('',(0.,0.,-1.));
#3186=DIRECTION('',(0.,-1.,0.));
#3187=DIRECTION('',(0.,0.,-1.));
#3188=DIRECTION('',(0.,1.,0.));
#3189=DIRECTION('',(0.,0.,1.));
#3190=DIRECTION('',(1.,0.,0.));
#3191=DIRECTION('',(0.,-1.,0.));
#3192=DIRECTION('',(0.,0.,-1.));
#3193=DIRECTION('',(-1.,0.,0.));
#3194=DIRECTION('',(0.,0.,1.));
#3195=DIRECTION('',(1.,0.,0.));
#3196=DIRECTION('',(0.,0.,1.));
#3197=DIRECTION('',(1.,0.,0.));
#3198=DIRECTION('',(0.,0.,1.));
#3199=DIRECTION('',(1.,0.,0.));
#3200=DIRECTION('',(0.,0.,1.));
#3201=DIRECTION('',(1.,0.,0.));
#3202=CARTESIAN_POINT('',(0.,0.,0.));
#3203=CARTESIAN_POINT('',(-0.00075,0.00075,0.001));
#3204=CARTESIAN_POINT('',(-0.00075,0.00075,0.001));
#3205=CARTESIAN_POINT('',(-0.00065,0.00075,0.001));
#3206=CARTESIAN_POINT('',(-0.00075,0.00075,0.00099));
#3207=CARTESIAN_POINT('',(-0.00065,0.00075,0.00099));
#3208=CARTESIAN_POINT('',(-3.46944695195361E-18,0.,0.001));
#3209=CARTESIAN_POINT('',(-3.46944695195361E-18,0.,0.00099));
#3210=CARTESIAN_POINT('',(0.,0.,0.));
#3211=CARTESIAN_POINT('',(0.00085,0.000925,0.0001));
#3212=CARTESIAN_POINT('',(0.00085,0.000925,0.));
#3213=CARTESIAN_POINT('',(0.00085,0.00085,0.));
#3214=CARTESIAN_POINT('',(0.00085,0.001,0.));
#3215=CARTESIAN_POINT('',(0.00085,0.001,0.0001));
#3216=CARTESIAN_POINT('',(0.00085,0.001,0.0001));
#3217=CARTESIAN_POINT('',(0.00085,0.000925,0.0001));
#3218=CARTESIAN_POINT('',(0.00085,0.00085,0.0001));
#3219=CARTESIAN_POINT('',(0.00085,0.00085,0.0001));
#3220=CARTESIAN_POINT('',(0.000725,0.001,0.0001));
#3221=CARTESIAN_POINT('',(0.000725,0.001,0.));
#3222=CARTESIAN_POINT('',(0.0006,0.001,0.));
#3223=CARTESIAN_POINT('',(0.0006,0.001,0.0001));
#3224=CARTESIAN_POINT('',(0.0006,0.001,0.0001));
#3225=CARTESIAN_POINT('',(0.000725,0.001,0.0001));
#3226=CARTESIAN_POINT('',(0.0006,0.000775,0.0001));
#3227=CARTESIAN_POINT('',(0.0006,0.000775,0.));
#3228=CARTESIAN_POINT('',(0.0006,0.00055,0.));
#3229=CARTESIAN_POINT('',(0.0006,0.00055,0.0001));
#3230=CARTESIAN_POINT('',(0.0006,0.00055,0.0001));
#3231=CARTESIAN_POINT('',(0.0006,0.000775,0.0001));
#3232=CARTESIAN_POINT('',(0.0008,0.00055,0.0001));
#3233=CARTESIAN_POINT('',(0.0008,0.00055,0.));
#3234=CARTESIAN_POINT('',(0.001,0.00055,0.));
#3235=CARTESIAN_POINT('',(0.001,0.00055,0.0001));
#3236=CARTESIAN_POINT('',(0.001,0.00055,0.0001));
#3237=CARTESIAN_POINT('',(0.0008,0.00055,0.0001));
#3238=CARTESIAN_POINT('',(0.001,0.0007,0.0001));
#3239=CARTESIAN_POINT('',(0.001,0.0007,0.));
#3240=CARTESIAN_POINT('',(0.001,0.00085,0.));
#3241=CARTESIAN_POINT('',(0.001,0.00085,0.0001));
#3242=CARTESIAN_POINT('',(0.001,0.00085,0.0001));
#3243=CARTESIAN_POINT('',(0.001,0.0007,0.0001));
#3244=CARTESIAN_POINT('',(0.000925,0.00085,0.0001));
#3245=CARTESIAN_POINT('',(0.000925,0.00085,0.));
#3246=CARTESIAN_POINT('',(0.000925,0.00085,0.0001));
#3247=CARTESIAN_POINT('',(-1.7347234759768E-18,-8.67361737988404E-19,0.0001));
#3248=CARTESIAN_POINT('',(-1.7347234759768E-18,-8.67361737988404E-19,0.));
#3249=CARTESIAN_POINT('',(0.,0.,0.));
#3250=CARTESIAN_POINT('',(0.0004,-1.3010426069826E-18,0.0001));
#3251=CARTESIAN_POINT('',(0.0004,-1.3010426069826E-18,0.));
#3252=CARTESIAN_POINT('',(0.0004,0.001,0.));
#3253=CARTESIAN_POINT('',(0.0004,-0.001,0.));
#3254=CARTESIAN_POINT('',(0.0004,0.001,0.0001));
#3255=CARTESIAN_POINT('',(0.0004,0.001,0.0001));
#3256=CARTESIAN_POINT('',(0.0004,-1.3010426069826E-18,0.0001));
#3257=CARTESIAN_POINT('',(0.0004,-0.001,0.0001));
#3258=CARTESIAN_POINT('',(0.0004,-0.001,0.0001));
#3259=CARTESIAN_POINT('',(0.00025,0.001,0.0001));
#3260=CARTESIAN_POINT('',(0.00025,0.001,0.));
#3261=CARTESIAN_POINT('',(0.000100000000000003,0.001,0.));
#3262=CARTESIAN_POINT('',(0.000100000000000003,0.001,0.0001));
#3263=CARTESIAN_POINT('',(0.000100000000000003,0.001,0.0001));
#3264=CARTESIAN_POINT('',(0.00025,0.001,0.0001));
#3265=CARTESIAN_POINT('',(0.0001,-4.33680868994202E-19,0.0001));
#3266=CARTESIAN_POINT('',(0.0001,-4.33680868994202E-19,0.));
#3267=CARTESIAN_POINT('',(0.0001,-0.001,0.));
#3268=CARTESIAN_POINT('',(0.0001,-0.001,0.0001));
#3269=CARTESIAN_POINT('',(0.0001,-0.001,0.0001));
#3270=CARTESIAN_POINT('',(0.0001,-4.33680868994202E-19,0.0001));
#3271=CARTESIAN_POINT('',(0.00025,-0.001,0.0001));
#3272=CARTESIAN_POINT('',(0.00025,-0.001,0.));
#3273=CARTESIAN_POINT('',(0.00025,-0.001,0.0001));
#3274=CARTESIAN_POINT('',(-1.7347234759768E-18,-8.67361737988404E-19,0.0001));
#3275=CARTESIAN_POINT('',(-1.7347234759768E-18,-8.67361737988404E-19,0.));
#3276=CARTESIAN_POINT('',(0.,0.,0.));
#3277=CARTESIAN_POINT('',(-0.0001,0.,0.0001));
#3278=CARTESIAN_POINT('',(-0.0001,0.,0.));
#3279=CARTESIAN_POINT('',(-0.0001,0.001,0.));
#3280=CARTESIAN_POINT('',(-0.0001,-0.001,0.));
#3281=CARTESIAN_POINT('',(-0.0001,0.001,0.0001));
#3282=CARTESIAN_POINT('',(-0.0001,0.001,0.0001));
#3283=CARTESIAN_POINT('',(-0.0001,0.,0.0001));
#3284=CARTESIAN_POINT('',(-0.0001,-0.001,0.0001));
#3285=CARTESIAN_POINT('',(-0.0001,-0.001,0.0001));
#3286=CARTESIAN_POINT('',(-0.00025,0.001,0.0001));
#3287=CARTESIAN_POINT('',(-0.00025,0.001,0.));
#3288=CARTESIAN_POINT('',(-0.0004,0.001,0.));
#3289=CARTESIAN_POINT('',(-0.0004,0.001,0.0001));
#3290=CARTESIAN_POINT('',(-0.0004,0.001,0.0001));
#3291=CARTESIAN_POINT('',(-0.00025,0.001,0.0001));
#3292=CARTESIAN_POINT('',(-0.0004,0.,0.0001));
#3293=CARTESIAN_POINT('',(-0.0004,0.,0.));
#3294=CARTESIAN_POINT('',(-0.0004,-0.001,0.));
#3295=CARTESIAN_POINT('',(-0.0004,-0.001,0.0001));
#3296=CARTESIAN_POINT('',(-0.0004,-0.001,0.0001));
#3297=CARTESIAN_POINT('',(-0.0004,0.,0.0001));
#3298=CARTESIAN_POINT('',(-0.00025,-0.001,0.0001));
#3299=CARTESIAN_POINT('',(-0.00025,-0.001,0.));
#3300=CARTESIAN_POINT('',(-0.00025,-0.001,0.0001));
#3301=CARTESIAN_POINT('',(-1.7347234759768E-18,-8.67361737988404E-19,0.0001));
#3302=CARTESIAN_POINT('',(-1.7347234759768E-18,-8.67361737988404E-19,0.));
#3303=CARTESIAN_POINT('',(0.,0.,0.));
#3304=CARTESIAN_POINT('',(-0.000925,0.00085,0.0001));
#3305=CARTESIAN_POINT('',(-0.000925,0.00085,0.));
#3306=CARTESIAN_POINT('',(-0.001,0.00085,0.));
#3307=CARTESIAN_POINT('',(-0.00085,0.00085,0.));
#3308=CARTESIAN_POINT('',(-0.001,0.00085,0.0001));
#3309=CARTESIAN_POINT('',(-0.001,0.00085,0.0001));
#3310=CARTESIAN_POINT('',(-0.000925,0.00085,0.0001));
#3311=CARTESIAN_POINT('',(-0.00085,0.00085,0.0001));
#3312=CARTESIAN_POINT('',(-0.00085,0.00085,0.0001));
#3313=CARTESIAN_POINT('',(-0.001,0.0007,0.0001));
#3314=CARTESIAN_POINT('',(-0.001,0.0007,0.));
#3315=CARTESIAN_POINT('',(-0.001,0.00055,0.));
#3316=CARTESIAN_POINT('',(-0.001,0.00055,0.0001));
#3317=CARTESIAN_POINT('',(-0.001,0.00055,0.0001));
#3318=CARTESIAN_POINT('',(-0.001,0.0007,0.0001));
#3319=CARTESIAN_POINT('',(-0.000849851028073652,0.00055,0.0001));
#3320=CARTESIAN_POINT('',(-0.000849851028073652,0.00055,0.));
#3321=CARTESIAN_POINT('',(-0.000699702056147303,0.00055,0.));
#3322=CARTESIAN_POINT('',(-0.000699702056147303,0.00055,0.0001));
#3323=CARTESIAN_POINT('',(-0.000699702056147303,0.00055,0.0001));
#3324=CARTESIAN_POINT('',(-0.000849851028073652,0.00055,0.0001));
#3325=CARTESIAN_POINT('',(-0.000649851028073652,0.000599851028073651,0.0001));
#3326=CARTESIAN_POINT('',(-0.000649851028073652,0.000599851028073651,0.));
#3327=CARTESIAN_POINT('',(-0.0006,0.000649702056147302,0.));
#3328=CARTESIAN_POINT('',(-0.0006,0.000649702056147302,0.0001));
#3329=CARTESIAN_POINT('',(-0.0006,0.000649702056147302,0.0001));
#3330=CARTESIAN_POINT('',(-0.000649851028073652,0.000599851028073651,0.0001));
#3331=CARTESIAN_POINT('',(-0.0006,0.000824851028073651,0.0001));
#3332=CARTESIAN_POINT('',(-0.0006,0.000824851028073651,0.));
#3333=CARTESIAN_POINT('',(-0.0006,0.001,0.));
#3334=CARTESIAN_POINT('',(-0.0006,0.001,0.0001));
#3335=CARTESIAN_POINT('',(-0.0006,0.001,0.0001));
#3336=CARTESIAN_POINT('',(-0.0006,0.000824851028073651,0.0001));
#3337=CARTESIAN_POINT('',(-0.000725,0.001,0.0001));
#3338=CARTESIAN_POINT('',(-0.000725,0.001,0.));
#3339=CARTESIAN_POINT('',(-0.00085,0.001,0.));
#3340=CARTESIAN_POINT('',(-0.00085,0.001,0.0001));
#3341=CARTESIAN_POINT('',(-0.00085,0.001,0.0001));
#3342=CARTESIAN_POINT('',(-0.000725,0.001,0.0001));
#3343=CARTESIAN_POINT('',(-0.00085,0.000925,0.0001));
#3344=CARTESIAN_POINT('',(-0.00085,0.000925,0.));
#3345=CARTESIAN_POINT('',(-0.00085,0.000925,0.0001));
#3346=CARTESIAN_POINT('',(-1.7347234759768E-18,-8.67361737988404E-19,0.0001));
#3347=CARTESIAN_POINT('',(-1.7347234759768E-18,-8.67361737988404E-19,0.));
#3348=CARTESIAN_POINT('',(0.,0.,0.));
#3349=CARTESIAN_POINT('',(0.000725,-0.001,0.0001));
#3350=CARTESIAN_POINT('',(0.000725,-0.001,0.));
#3351=CARTESIAN_POINT('',(0.00085,-0.001,0.));
#3352=CARTESIAN_POINT('',(0.0006,-0.001,0.));
#3353=CARTESIAN_POINT('',(0.00085,-0.001,0.0001));
#3354=CARTESIAN_POINT('',(0.00085,-0.001,0.0001));
#3355=CARTESIAN_POINT('',(0.000725,-0.001,0.0001));
#3356=CARTESIAN_POINT('',(0.0006,-0.001,0.0001));
#3357=CARTESIAN_POINT('',(0.0006,-0.001,0.0001));
#3358=CARTESIAN_POINT('',(0.00085,-0.000925,0.0001));
#3359=CARTESIAN_POINT('',(0.00085,-0.000925,0.));
#3360=CARTESIAN_POINT('',(0.00085,-0.00085,0.));
#3361=CARTESIAN_POINT('',(0.00085,-0.00085,0.0001));
#3362=CARTESIAN_POINT('',(0.00085,-0.00085,0.0001));
#3363=CARTESIAN_POINT('',(0.00085,-0.000925,0.0001));
#3364=CARTESIAN_POINT('',(0.000925,-0.00085,0.0001));
#3365=CARTESIAN_POINT('',(0.000925,-0.00085,0.));
#3366=CARTESIAN_POINT('',(0.001,-0.00085,0.));
#3367=CARTESIAN_POINT('',(0.001,-0.00085,0.0001));
#3368=CARTESIAN_POINT('',(0.001,-0.00085,0.0001));
#3369=CARTESIAN_POINT('',(0.000925,-0.00085,0.0001));
#3370=CARTESIAN_POINT('',(0.001,-0.0007,0.0001));
#3371=CARTESIAN_POINT('',(0.001,-0.0007,0.));
#3372=CARTESIAN_POINT('',(0.001,-0.00055,0.));
#3373=CARTESIAN_POINT('',(0.001,-0.00055,0.0001));
#3374=CARTESIAN_POINT('',(0.001,-0.00055,0.0001));
#3375=CARTESIAN_POINT('',(0.001,-0.0007,0.0001));
#3376=CARTESIAN_POINT('',(0.0008,-0.00055,0.0001));
#3377=CARTESIAN_POINT('',(0.0008,-0.00055,0.));
#3378=CARTESIAN_POINT('',(0.0006,-0.00055,0.));
#3379=CARTESIAN_POINT('',(0.0006,-0.00055,0.0001));
#3380=CARTESIAN_POINT('',(0.0006,-0.00055,0.0001));
#3381=CARTESIAN_POINT('',(0.0008,-0.00055,0.0001));
#3382=CARTESIAN_POINT('',(0.0006,-0.000775,0.0001));
#3383=CARTESIAN_POINT('',(0.0006,-0.000775,0.));
#3384=CARTESIAN_POINT('',(0.0006,-0.000775,0.0001));
#3385=CARTESIAN_POINT('',(-1.7347234759768E-18,-8.67361737988404E-19,0.0001));
#3386=CARTESIAN_POINT('',(-1.7347234759768E-18,-8.67361737988404E-19,0.));
#3387=CARTESIAN_POINT('',(0.,0.,0.));
#3388=CARTESIAN_POINT('',(-0.000725,-0.001,0.0001));
#3389=CARTESIAN_POINT('',(-0.000725,-0.001,0.));
#3390=CARTESIAN_POINT('',(-0.0006,-0.001,0.));
#3391=CARTESIAN_POINT('',(-0.00085,-0.001,0.));
#3392=CARTESIAN_POINT('',(-0.0006,-0.001,0.0001));
#3393=CARTESIAN_POINT('',(-0.0006,-0.001,0.0001));
#3394=CARTESIAN_POINT('',(-0.000725,-0.001,0.0001));
#3395=CARTESIAN_POINT('',(-0.00085,-0.001,0.0001));
#3396=CARTESIAN_POINT('',(-0.00085,-0.001,0.0001));
#3397=CARTESIAN_POINT('',(-0.0006,-0.000775,0.0001));
#3398=CARTESIAN_POINT('',(-0.0006,-0.000775,0.));
#3399=CARTESIAN_POINT('',(-0.0006,-0.00055,0.));
#3400=CARTESIAN_POINT('',(-0.0006,-0.00055,0.0001));
#3401=CARTESIAN_POINT('',(-0.0006,-0.00055,0.0001));
#3402=CARTESIAN_POINT('',(-0.0006,-0.000775,0.0001));
#3403=CARTESIAN_POINT('',(-0.0008,-0.00055,0.0001));
#3404=CARTESIAN_POINT('',(-0.0008,-0.00055,0.));
#3405=CARTESIAN_POINT('',(-0.001,-0.00055,0.));
#3406=CARTESIAN_POINT('',(-0.001,-0.00055,0.0001));
#3407=CARTESIAN_POINT('',(-0.001,-0.00055,0.0001));
#3408=CARTESIAN_POINT('',(-0.0008,-0.00055,0.0001));
#3409=CARTESIAN_POINT('',(-0.001,-0.0007,0.0001));
#3410=CARTESIAN_POINT('',(-0.001,-0.0007,0.));
#3411=CARTESIAN_POINT('',(-0.001,-0.00085,0.));
#3412=CARTESIAN_POINT('',(-0.001,-0.00085,0.0001));
#3413=CARTESIAN_POINT('',(-0.001,-0.00085,0.0001));
#3414=CARTESIAN_POINT('',(-0.001,-0.0007,0.0001));
#3415=CARTESIAN_POINT('',(-0.000925,-0.00085,0.0001));
#3416=CARTESIAN_POINT('',(-0.000925,-0.00085,0.));
#3417=CARTESIAN_POINT('',(-0.00085,-0.00085,0.));
#3418=CARTESIAN_POINT('',(-0.00085,-0.00085,0.0001));
#3419=CARTESIAN_POINT('',(-0.00085,-0.00085,0.0001));
#3420=CARTESIAN_POINT('',(-0.000925,-0.00085,0.0001));
#3421=CARTESIAN_POINT('',(-0.00085,-0.000925,0.0001));
#3422=CARTESIAN_POINT('',(-0.00085,-0.000925,0.));
#3423=CARTESIAN_POINT('',(-0.00085,-0.000925,0.0001));
#3424=CARTESIAN_POINT('',(-1.7347234759768E-18,-8.67361737988404E-19,0.0001));
#3425=CARTESIAN_POINT('',(-1.7347234759768E-18,-8.67361737988404E-19,0.));
#3426=CARTESIAN_POINT('',(0.,0.,0.));
#3427=CARTESIAN_POINT('',(0.001,0.000225000000000003,0.0001));
#3428=CARTESIAN_POINT('',(0.001,0.000225000000000003,0.));
#3429=CARTESIAN_POINT('',(0.001,0.00035,0.));
#3430=CARTESIAN_POINT('',(0.001,0.0001,0.));
#3431=CARTESIAN_POINT('',(0.001,0.00035,0.0001));
#3432=CARTESIAN_POINT('',(0.001,0.00035,0.0001));
#3433=CARTESIAN_POINT('',(0.001,0.000225000000000003,0.0001));
#3434=CARTESIAN_POINT('',(0.001,0.0001,0.0001));
#3435=CARTESIAN_POINT('',(0.001,0.0001,0.0001));
#3436=CARTESIAN_POINT('',(0.0008625,0.00035,0.0001));
#3437=CARTESIAN_POINT('',(0.0008625,0.00035,0.));
#3438=CARTESIAN_POINT('',(0.000725,0.00035,0.));
#3439=CARTESIAN_POINT('',(0.000725,0.00035,0.0001));
#3440=CARTESIAN_POINT('',(0.000725,0.00035,0.0001));
#3441=CARTESIAN_POINT('',(0.0008625,0.00035,0.0001));
#3442=CARTESIAN_POINT('',(0.000725,0.000225,0.0001));
#3443=CARTESIAN_POINT('',(0.000725,0.000225,0.));
#3444=CARTESIAN_POINT('',(0.000725,0.0001,0.));
#3445=CARTESIAN_POINT('',(0.000725,0.0001,0.0001));
#3446=CARTESIAN_POINT('',(0.000725,0.0001,0.0001));
#3447=CARTESIAN_POINT('',(0.000725,0.000225,0.0001));
#3448=CARTESIAN_POINT('',(0.0008625,0.0001,0.0001));
#3449=CARTESIAN_POINT('',(0.0008625,0.0001,0.));
#3450=CARTESIAN_POINT('',(0.0008625,0.0001,0.0001));
#3451=CARTESIAN_POINT('',(-1.7347234759768E-18,-8.67361737988404E-19,0.0001));
#3452=CARTESIAN_POINT('',(-1.7347234759768E-18,-8.67361737988404E-19,0.));
#3453=CARTESIAN_POINT('',(0.,0.,0.));
#3454=CARTESIAN_POINT('',(0.001,-0.000225000000000003,0.0001));
#3455=CARTESIAN_POINT('',(0.001,-0.000225000000000003,0.));
#3456=CARTESIAN_POINT('',(0.001,-0.0001,0.));
#3457=CARTESIAN_POINT('',(0.001,-0.00035,0.));
#3458=CARTESIAN_POINT('',(0.001,-0.0001,0.0001));
#3459=CARTESIAN_POINT('',(0.001,-0.0001,0.0001));
#3460=CARTESIAN_POINT('',(0.001,-0.000225000000000003,0.0001));
#3461=CARTESIAN_POINT('',(0.001,-0.00035,0.0001));
#3462=CARTESIAN_POINT('',(0.001,-0.00035,0.0001));
#3463=CARTESIAN_POINT('',(0.0008625,-0.0001,0.0001));
#3464=CARTESIAN_POINT('',(0.0008625,-0.0001,0.));
#3465=CARTESIAN_POINT('',(0.000725,-0.0001,0.));
#3466=CARTESIAN_POINT('',(0.000725,-0.0001,0.0001));
#3467=CARTESIAN_POINT('',(0.000725,-0.0001,0.0001));
#3468=CARTESIAN_POINT('',(0.0008625,-0.0001,0.0001));
#3469=CARTESIAN_POINT('',(0.000725,-0.000225,0.0001));
#3470=CARTESIAN_POINT('',(0.000725,-0.000225,0.));
#3471=CARTESIAN_POINT('',(0.000725,-0.00035,0.));
#3472=CARTESIAN_POINT('',(0.000725,-0.00035,0.0001));
#3473=CARTESIAN_POINT('',(0.000725,-0.00035,0.0001));
#3474=CARTESIAN_POINT('',(0.000725,-0.000225,0.0001));
#3475=CARTESIAN_POINT('',(0.0008625,-0.00035,0.0001));
#3476=CARTESIAN_POINT('',(0.0008625,-0.00035,0.));
#3477=CARTESIAN_POINT('',(0.0008625,-0.00035,0.0001));
#3478=CARTESIAN_POINT('',(-1.7347234759768E-18,-8.67361737988404E-19,0.0001));
#3479=CARTESIAN_POINT('',(-1.7347234759768E-18,-8.67361737988404E-19,0.));
#3480=CARTESIAN_POINT('',(0.,0.,0.));
#3481=CARTESIAN_POINT('',(-0.0008625,0.00035,0.0001));
#3482=CARTESIAN_POINT('',(-0.0008625,0.00035,0.));
#3483=CARTESIAN_POINT('',(-0.000725,0.00035,0.));
#3484=CARTESIAN_POINT('',(-0.001,0.00035,0.));
#3485=CARTESIAN_POINT('',(-0.001,0.00035,0.0001));
#3486=CARTESIAN_POINT('',(-0.001,0.00035,0.0001));
#3487=CARTESIAN_POINT('',(-0.0008625,0.00035,0.0001));
#3488=CARTESIAN_POINT('',(-0.000725,0.00035,0.0001));
#3489=CARTESIAN_POINT('',(-0.000725,0.00035,0.0001));
#3490=CARTESIAN_POINT('',(-0.001,0.000225000000000003,0.0001));
#3491=CARTESIAN_POINT('',(-0.001,0.000225000000000003,0.));
#3492=CARTESIAN_POINT('',(-0.001,0.000100000000000003,0.));
#3493=CARTESIAN_POINT('',(-0.001,0.000100000000000003,0.0001));
#3494=CARTESIAN_POINT('',(-0.001,0.000100000000000003,0.0001));
#3495=CARTESIAN_POINT('',(-0.001,0.000225000000000003,0.0001));
#3496=CARTESIAN_POINT('',(-0.0008625,0.0001,0.0001));
#3497=CARTESIAN_POINT('',(-0.0008625,0.0001,0.));
#3498=CARTESIAN_POINT('',(-0.000725,0.0001,0.));
#3499=CARTESIAN_POINT('',(-0.000725,0.0001,0.0001));
#3500=CARTESIAN_POINT('',(-0.000725,0.0001,0.0001));
#3501=CARTESIAN_POINT('',(-0.0008625,0.0001,0.0001));
#3502=CARTESIAN_POINT('',(-0.000725,0.000225,0.0001));
#3503=CARTESIAN_POINT('',(-0.000725,0.000225,0.));
#3504=CARTESIAN_POINT('',(-0.000725,0.000225,0.0001));
#3505=CARTESIAN_POINT('',(-1.7347234759768E-18,-8.67361737988404E-19,0.0001));
#3506=CARTESIAN_POINT('',(-1.7347234759768E-18,-8.67361737988404E-19,0.));
#3507=CARTESIAN_POINT('',(0.,0.,0.));
#3508=CARTESIAN_POINT('',(-0.0008625,-0.0001,0.0001));
#3509=CARTESIAN_POINT('',(-0.0008625,-0.0001,0.));
#3510=CARTESIAN_POINT('',(-0.001,-0.0001,0.));
#3511=CARTESIAN_POINT('',(-0.000725,-0.0001,0.));
#3512=CARTESIAN_POINT('',(-0.001,-0.0001,0.0001));
#3513=CARTESIAN_POINT('',(-0.001,-0.0001,0.0001));
#3514=CARTESIAN_POINT('',(-0.0008625,-0.0001,0.0001));
#3515=CARTESIAN_POINT('',(-0.000725,-0.0001,0.0001));
#3516=CARTESIAN_POINT('',(-0.000725,-0.0001,0.0001));
#3517=CARTESIAN_POINT('',(-0.001,-0.000225000000000003,0.0001));
#3518=CARTESIAN_POINT('',(-0.001,-0.000225000000000003,0.));
#3519=CARTESIAN_POINT('',(-0.001,-0.00035,0.));
#3520=CARTESIAN_POINT('',(-0.001,-0.00035,0.0001));
#3521=CARTESIAN_POINT('',(-0.001,-0.00035,0.0001));
#3522=CARTESIAN_POINT('',(-0.001,-0.000225000000000003,0.0001));
#3523=CARTESIAN_POINT('',(-0.0008625,-0.00035,0.0001));
#3524=CARTESIAN_POINT('',(-0.0008625,-0.00035,0.));
#3525=CARTESIAN_POINT('',(-0.000725,-0.00035,0.));
#3526=CARTESIAN_POINT('',(-0.000725,-0.00035,0.0001));
#3527=CARTESIAN_POINT('',(-0.000725,-0.00035,0.0001));
#3528=CARTESIAN_POINT('',(-0.0008625,-0.00035,0.0001));
#3529=CARTESIAN_POINT('',(-0.000725,-0.000225,0.0001));
#3530=CARTESIAN_POINT('',(-0.000725,-0.000225,0.));
#3531=CARTESIAN_POINT('',(-0.000725,-0.000225,0.0001));
#3532=CARTESIAN_POINT('',(-1.7347234759768E-18,-8.67361737988404E-19,0.0001));
#3533=CARTESIAN_POINT('',(-1.7347234759768E-18,-8.67361737988404E-19,0.));
#3534=CARTESIAN_POINT('',(0.,0.,0.));
#3535=CARTESIAN_POINT('',(0.001,-0.000925,0.001));
#3536=CARTESIAN_POINT('',(0.001,0.000225000000000003,0.0001));
#3537=CARTESIAN_POINT('',(0.001,0.00035,0.0001));
#3538=CARTESIAN_POINT('',(0.001,0.0001,0.0001));
#3539=CARTESIAN_POINT('',(0.001,0.00035,0.0001));
#3540=CARTESIAN_POINT('',(0.001,0.00035,0.));
#3541=CARTESIAN_POINT('',(0.001,-0.000925,0.));
#3542=CARTESIAN_POINT('',(0.001,0.00055,0.));
#3543=CARTESIAN_POINT('',(0.001,0.00055,0.0001));
#3544=CARTESIAN_POINT('',(0.001,0.00055,0.0001));
#3545=CARTESIAN_POINT('',(0.001,0.0007,0.0001));
#3546=CARTESIAN_POINT('',(0.001,0.00085,0.0001));
#3547=CARTESIAN_POINT('',(0.001,0.00085,0.0001));
#3548=CARTESIAN_POINT('',(0.001,0.00085,0.));
#3549=CARTESIAN_POINT('',(0.001,-0.000925,0.));
#3550=CARTESIAN_POINT('',(0.001,0.001,0.));
#3551=CARTESIAN_POINT('',(0.001,0.001,0.001));
#3552=CARTESIAN_POINT('',(0.001,0.001,0.001));
#3553=CARTESIAN_POINT('',(0.001,-0.000925,0.001));
#3554=CARTESIAN_POINT('',(0.001,-0.001,0.001));
#3555=CARTESIAN_POINT('',(0.001,-0.001,0.001));
#3556=CARTESIAN_POINT('',(0.001,-0.001,0.));
#3557=CARTESIAN_POINT('',(0.001,-0.000925,0.));
#3558=CARTESIAN_POINT('',(0.001,-0.00085,0.));
#3559=CARTESIAN_POINT('',(0.001,-0.00085,0.0001));
#3560=CARTESIAN_POINT('',(0.001,-0.00085,0.0001));
#3561=CARTESIAN_POINT('',(0.001,-0.0007,0.0001));
#3562=CARTESIAN_POINT('',(0.001,-0.00055,0.0001));
#3563=CARTESIAN_POINT('',(0.001,-0.00055,0.0001));
#3564=CARTESIAN_POINT('',(0.001,-0.00055,0.));
#3565=CARTESIAN_POINT('',(0.001,-0.000925,0.));
#3566=CARTESIAN_POINT('',(0.001,-0.00035,0.));
#3567=CARTESIAN_POINT('',(0.001,-0.00035,0.0001));
#3568=CARTESIAN_POINT('',(0.001,-0.00035,0.0001));
#3569=CARTESIAN_POINT('',(0.001,-0.000225000000000003,0.0001));
#3570=CARTESIAN_POINT('',(0.001,-0.0001,0.0001));
#3571=CARTESIAN_POINT('',(0.001,-0.0001,0.0001));
#3572=CARTESIAN_POINT('',(0.001,-0.0001,0.));
#3573=CARTESIAN_POINT('',(0.001,-0.000925,0.));
#3574=CARTESIAN_POINT('',(0.001,0.0001,0.));
#3575=CARTESIAN_POINT('',(0.001,0.0001,0.0001));
#3576=CARTESIAN_POINT('',(-0.0005,-0.001,0.001));
#3577=CARTESIAN_POINT('',(-0.000725,-0.001,0.0001));
#3578=CARTESIAN_POINT('',(-0.0006,-0.001,0.0001));
#3579=CARTESIAN_POINT('',(-0.00085,-0.001,0.0001));
#3580=CARTESIAN_POINT('',(-0.0006,-0.001,0.0001));
#3581=CARTESIAN_POINT('',(-0.0006,-0.001,0.));
#3582=CARTESIAN_POINT('',(-0.0005,-0.001,0.));
#3583=CARTESIAN_POINT('',(-0.0004,-0.001,0.));
#3584=CARTESIAN_POINT('',(-0.0004,-0.001,0.0001));
#3585=CARTESIAN_POINT('',(-0.0004,-0.001,0.0001));
#3586=CARTESIAN_POINT('',(-0.00025,-0.001,0.0001));
#3587=CARTESIAN_POINT('',(-0.0001,-0.001,0.0001));
#3588=CARTESIAN_POINT('',(-0.0001,-0.001,0.0001));
#3589=CARTESIAN_POINT('',(-0.0001,-0.001,0.));
#3590=CARTESIAN_POINT('',(-0.0005,-0.001,0.));
#3591=CARTESIAN_POINT('',(0.0001,-0.001,0.));
#3592=CARTESIAN_POINT('',(0.0001,-0.001,0.0001));
#3593=CARTESIAN_POINT('',(0.0001,-0.001,0.0001));
#3594=CARTESIAN_POINT('',(0.00025,-0.001,0.0001));
#3595=CARTESIAN_POINT('',(0.0004,-0.001,0.0001));
#3596=CARTESIAN_POINT('',(0.0004,-0.001,0.0001));
#3597=CARTESIAN_POINT('',(0.0004,-0.001,0.));
#3598=CARTESIAN_POINT('',(-0.0005,-0.001,0.));
#3599=CARTESIAN_POINT('',(0.0006,-0.001,0.));
#3600=CARTESIAN_POINT('',(0.0006,-0.001,0.0001));
#3601=CARTESIAN_POINT('',(0.0006,-0.001,0.0001));
#3602=CARTESIAN_POINT('',(0.000725,-0.001,0.0001));
#3603=CARTESIAN_POINT('',(0.00085,-0.001,0.0001));
#3604=CARTESIAN_POINT('',(0.00085,-0.001,0.0001));
#3605=CARTESIAN_POINT('',(0.00085,-0.001,0.));
#3606=CARTESIAN_POINT('',(-0.0005,-0.001,0.));
#3607=CARTESIAN_POINT('',(-0.0005,-0.001,0.001));
#3608=CARTESIAN_POINT('',(-0.001,-0.001,0.001));
#3609=CARTESIAN_POINT('',(-0.001,-0.001,0.001));
#3610=CARTESIAN_POINT('',(-0.001,-0.001,0.));
#3611=CARTESIAN_POINT('',(-0.0005,-0.001,0.));
#3612=CARTESIAN_POINT('',(-0.00085,-0.001,0.));
#3613=CARTESIAN_POINT('',(-0.00085,-0.001,0.0001));
#3614=CARTESIAN_POINT('',(-1.7347234759768E-18,-8.67361737988404E-19,0.));
#3615=CARTESIAN_POINT('',(-0.000925,-0.00085,0.));
#3616=CARTESIAN_POINT('',(-0.001,-0.00085,0.));
#3617=CARTESIAN_POINT('',(-0.00085,-0.00085,0.));
#3618=CARTESIAN_POINT('',(-0.00085,-0.000925,0.));
#3619=CARTESIAN_POINT('',(-0.001,0.000925,0.));
#3620=CARTESIAN_POINT('',(-1.7347234759768E-18,-8.67361737988404E-19,0.));
#3621=CARTESIAN_POINT('',(0.0008625,0.0001,0.));
#3622=CARTESIAN_POINT('',(0.000725,0.0001,0.));
#3623=CARTESIAN_POINT('',(0.0008625,-0.0001,0.));
#3624=CARTESIAN_POINT('',(0.000725,-0.0001,0.));
#3625=CARTESIAN_POINT('',(0.000725,-0.000225,0.));
#3626=CARTESIAN_POINT('',(0.000725,-0.00035,0.));
#3627=CARTESIAN_POINT('',(0.0008625,-0.00035,0.));
#3628=CARTESIAN_POINT('',(0.0008,-0.00055,0.));
#3629=CARTESIAN_POINT('',(0.0006,-0.00055,0.));
#3630=CARTESIAN_POINT('',(0.0006,-0.000775,0.));
#3631=CARTESIAN_POINT('',(0.0004,-1.3010426069826E-18,0.));
#3632=CARTESIAN_POINT('',(0.0004,0.001,0.));
#3633=CARTESIAN_POINT('',(-0.000925,0.001,0.));
#3634=CARTESIAN_POINT('',(0.0006,0.001,0.));
#3635=CARTESIAN_POINT('',(0.0006,0.000775,0.));
#3636=CARTESIAN_POINT('',(0.0006,0.00055,0.));
#3637=CARTESIAN_POINT('',(0.0008,0.00055,0.));
#3638=CARTESIAN_POINT('',(0.0008625,0.00035,0.));
#3639=CARTESIAN_POINT('',(0.000725,0.00035,0.));
#3640=CARTESIAN_POINT('',(0.000725,0.000225,0.));
#3641=CARTESIAN_POINT('',(-1.7347234759768E-18,-8.67361737988404E-19,0.));
#3642=CARTESIAN_POINT('',(-0.000925,0.001,0.));
#3643=CARTESIAN_POINT('',(0.000100000000000003,0.001,0.));
#3644=CARTESIAN_POINT('',(-0.0001,0.001,0.));
#3645=CARTESIAN_POINT('',(0.0001,-4.33680868994202E-19,0.));
#3646=CARTESIAN_POINT('',(-0.0001,0.,0.));
#3647=CARTESIAN_POINT('',(-1.7347234759768E-18,-8.67361737988404E-19,0.));
#3648=CARTESIAN_POINT('',(-0.000925,0.00085,0.));
#3649=CARTESIAN_POINT('',(-0.001,0.00085,0.));
#3650=CARTESIAN_POINT('',(-0.00085,0.00085,0.));
#3651=CARTESIAN_POINT('',(-0.001,0.000925,0.));
#3652=CARTESIAN_POINT('',(-0.001,0.001,0.));
#3653=CARTESIAN_POINT('',(-0.000925,0.001,0.));
#3654=CARTESIAN_POINT('',(-0.00085,0.001,0.));
#3655=CARTESIAN_POINT('',(-0.00085,0.000925,0.));
#3656=CARTESIAN_POINT('',(-1.7347234759768E-18,-8.67361737988404E-19,0.));
#3657=CARTESIAN_POINT('',(-0.0006,-0.000775,0.));
#3658=CARTESIAN_POINT('',(-0.0006,-0.00055,0.));
#3659=CARTESIAN_POINT('',(-0.0008,-0.00055,0.));
#3660=CARTESIAN_POINT('',(-0.001,-0.00055,0.));
#3661=CARTESIAN_POINT('',(-0.001,0.000925,0.));
#3662=CARTESIAN_POINT('',(-0.001,-0.00035,0.));
#3663=CARTESIAN_POINT('',(-0.0008625,-0.00035,0.));
#3664=CARTESIAN_POINT('',(-0.000725,-0.00035,0.));
#3665=CARTESIAN_POINT('',(-0.000725,-0.000225,0.));
#3666=CARTESIAN_POINT('',(-0.000725,-0.0001,0.));
#3667=CARTESIAN_POINT('',(-0.0008625,-0.0001,0.));
#3668=CARTESIAN_POINT('',(-0.001,-0.0001,0.));
#3669=CARTESIAN_POINT('',(-0.001,0.000925,0.));
#3670=CARTESIAN_POINT('',(-0.001,0.000100000000000003,0.));
#3671=CARTESIAN_POINT('',(-0.0008625,0.0001,0.));
#3672=CARTESIAN_POINT('',(-0.000725,0.0001,0.));
#3673=CARTESIAN_POINT('',(-0.000725,0.000225,0.));
#3674=CARTESIAN_POINT('',(-0.000725,0.00035,0.));
#3675=CARTESIAN_POINT('',(-0.0008625,0.00035,0.));
#3676=CARTESIAN_POINT('',(-0.001,0.00035,0.));
#3677=CARTESIAN_POINT('',(-0.001,0.000925,0.));
#3678=CARTESIAN_POINT('',(-0.001,0.00055,0.));
#3679=CARTESIAN_POINT('',(-0.000849851028073652,0.00055,0.));
#3680=CARTESIAN_POINT('',(-0.000699702056147303,0.00055,0.));
#3681=CARTESIAN_POINT('',(-0.000649851028073652,0.000599851028073651,0.));
#3682=CARTESIAN_POINT('',(-0.0006,0.000649702056147302,0.));
#3683=CARTESIAN_POINT('',(-0.0006,0.000824851028073651,0.));
#3684=CARTESIAN_POINT('',(-0.0006,0.001,0.));
#3685=CARTESIAN_POINT('',(-0.000925,0.001,0.));
#3686=CARTESIAN_POINT('',(-0.0004,0.001,0.));
#3687=CARTESIAN_POINT('',(-0.0004,0.,0.));
#3688=CARTESIAN_POINT('',(-1.7347234759768E-18,-8.67361737988404E-19,0.));
#3689=CARTESIAN_POINT('',(0.000925,-0.00085,0.));
#3690=CARTESIAN_POINT('',(0.00085,-0.00085,0.));
#3691=CARTESIAN_POINT('',(0.00085,-0.000925,0.));
#3692=CARTESIAN_POINT('',(-1.7347234759768E-18,-8.67361737988404E-19,0.));
#3693=CARTESIAN_POINT('',(0.000925,0.00085,0.));
#3694=CARTESIAN_POINT('',(0.00085,0.00085,0.));
#3695=CARTESIAN_POINT('',(0.00085,0.000925,0.));
#3696=CARTESIAN_POINT('',(0.00085,0.001,0.));
#3697=CARTESIAN_POINT('',(-0.000925,0.001,0.));
#3698=CARTESIAN_POINT('',(-0.000925,0.001,0.001));
#3699=CARTESIAN_POINT('',(0.00025,0.001,0.0001));
#3700=CARTESIAN_POINT('',(0.0004,0.001,0.0001));
#3701=CARTESIAN_POINT('',(0.000100000000000003,0.001,0.0001));
#3702=CARTESIAN_POINT('',(0.000100000000000003,0.001,0.0001));
#3703=CARTESIAN_POINT('',(-0.0001,0.001,0.0001));
#3704=CARTESIAN_POINT('',(-0.0001,0.001,0.0001));
#3705=CARTESIAN_POINT('',(-0.00025,0.001,0.0001));
#3706=CARTESIAN_POINT('',(-0.0004,0.001,0.0001));
#3707=CARTESIAN_POINT('',(-0.0004,0.001,0.0001));
#3708=CARTESIAN_POINT('',(-0.0006,0.001,0.0001));
#3709=CARTESIAN_POINT('',(-0.0006,0.001,0.0001));
#3710=CARTESIAN_POINT('',(-0.000725,0.001,0.0001));
#3711=CARTESIAN_POINT('',(-0.00085,0.001,0.0001));
#3712=CARTESIAN_POINT('',(-0.00085,0.001,0.0001));
#3713=CARTESIAN_POINT('',(-0.001,0.001,0.001));
#3714=CARTESIAN_POINT('',(-0.001,0.001,0.001));
#3715=CARTESIAN_POINT('',(-0.000925,0.001,0.001));
#3716=CARTESIAN_POINT('',(0.00085,0.001,0.0001));
#3717=CARTESIAN_POINT('',(0.00085,0.001,0.0001));
#3718=CARTESIAN_POINT('',(0.000725,0.001,0.0001));
#3719=CARTESIAN_POINT('',(0.0006,0.001,0.0001));
#3720=CARTESIAN_POINT('',(0.0006,0.001,0.0001));
#3721=CARTESIAN_POINT('',(0.0004,0.001,0.0001));
#3722=CARTESIAN_POINT('',(-0.001,0.000925,0.001));
#3723=CARTESIAN_POINT('',(-0.001,-0.0007,0.0001));
#3724=CARTESIAN_POINT('',(-0.001,-0.00055,0.0001));
#3725=CARTESIAN_POINT('',(-0.001,-0.00085,0.0001));
#3726=CARTESIAN_POINT('',(-0.001,-0.00085,0.0001));
#3727=CARTESIAN_POINT('',(-0.001,0.000925,0.001));
#3728=CARTESIAN_POINT('',(-0.001,0.00085,0.0001));
#3729=CARTESIAN_POINT('',(-0.001,0.00085,0.0001));
#3730=CARTESIAN_POINT('',(-0.001,0.0007,0.0001));
#3731=CARTESIAN_POINT('',(-0.001,0.00055,0.0001));
#3732=CARTESIAN_POINT('',(-0.001,0.00055,0.0001));
#3733=CARTESIAN_POINT('',(-0.001,0.00035,0.0001));
#3734=CARTESIAN_POINT('',(-0.001,0.00035,0.0001));
#3735=CARTESIAN_POINT('',(-0.001,0.000225000000000003,0.0001));
#3736=CARTESIAN_POINT('',(-0.001,0.000100000000000003,0.0001));
#3737=CARTESIAN_POINT('',(-0.001,0.000100000000000003,0.0001));
#3738=CARTESIAN_POINT('',(-0.001,-0.0001,0.0001));
#3739=CARTESIAN_POINT('',(-0.001,-0.0001,0.0001));
#3740=CARTESIAN_POINT('',(-0.001,-0.000225000000000003,0.0001));
#3741=CARTESIAN_POINT('',(-0.001,-0.00035,0.0001));
#3742=CARTESIAN_POINT('',(-0.001,-0.00035,0.0001));
#3743=CARTESIAN_POINT('',(-0.001,-0.00055,0.0001));
#3744=CARTESIAN_POINT('',(-1.7347234759768E-18,-8.67361737988404E-19,0.001));
#3745=CARTESIAN_POINT('',(-0.00075,0.00075,0.001));
#3746=CARTESIAN_POINT('',(-0.00065,0.00075,0.001));
#3747=CARTESIAN_POINT('',(-0.0008625,-0.0001,0.0001));
#3748=CARTESIAN_POINT('',(-0.000725,-0.0001,0.0001));
#3749=CARTESIAN_POINT('',(-0.000725,-0.0001,0.0001));
#3750=CARTESIAN_POINT('',(-0.0008625,-0.0001,0.0001));
#3751=CARTESIAN_POINT('',(-0.0008625,-0.00035,0.0001));
#3752=CARTESIAN_POINT('',(-0.0008625,-0.00035,0.0001));
#3753=CARTESIAN_POINT('',(-0.000725,-0.00035,0.0001));
#3754=CARTESIAN_POINT('',(-0.000725,-0.00035,0.0001));
#3755=CARTESIAN_POINT('',(-0.000725,-0.000225,0.0001));
#3756=CARTESIAN_POINT('',(-0.000725,-0.000225,0.0001));
#3757=CARTESIAN_POINT('',(-1.7347234759768E-18,-8.67361737988404E-19,0.0001));
#3758=CARTESIAN_POINT('',(-0.000925,0.00085,0.0001));
#3759=CARTESIAN_POINT('',(-0.00085,0.00085,0.0001));
#3760=CARTESIAN_POINT('',(-0.00085,0.00085,0.0001));
#3761=CARTESIAN_POINT('',(-0.000925,0.00085,0.0001));
#3762=CARTESIAN_POINT('',(-0.000849851028073652,0.00055,0.0001));
#3763=CARTESIAN_POINT('',(-0.000849851028073652,0.00055,0.0001));
#3764=CARTESIAN_POINT('',(-0.000699702056147303,0.00055,0.0001));
#3765=CARTESIAN_POINT('',(-0.000699702056147303,0.00055,0.0001));
#3766=CARTESIAN_POINT('',(-0.000649851028073652,0.000599851028073651,0.0001));
#3767=CARTESIAN_POINT('',(-0.000649851028073652,0.000599851028073651,0.0001));
#3768=CARTESIAN_POINT('',(-0.0006,0.000649702056147302,0.0001));
#3769=CARTESIAN_POINT('',(-0.0006,0.000649702056147302,0.0001));
#3770=CARTESIAN_POINT('',(-0.0006,0.000824851028073651,0.0001));
#3771=CARTESIAN_POINT('',(-0.0006,0.000824851028073651,0.0001));
#3772=CARTESIAN_POINT('',(-0.00085,0.000925,0.0001));
#3773=CARTESIAN_POINT('',(-0.00085,0.000925,0.0001));
#3774=CARTESIAN_POINT('',(-1.7347234759768E-18,-8.67361737988404E-19,0.0001));
#3775=CARTESIAN_POINT('',(-0.0008625,0.00035,0.0001));
#3776=CARTESIAN_POINT('',(-0.000725,0.00035,0.0001));
#3777=CARTESIAN_POINT('',(-0.000725,0.00035,0.0001));
#3778=CARTESIAN_POINT('',(-0.0008625,0.00035,0.0001));
#3779=CARTESIAN_POINT('',(-0.0008625,0.0001,0.0001));
#3780=CARTESIAN_POINT('',(-0.0008625,0.0001,0.0001));
#3781=CARTESIAN_POINT('',(-0.000725,0.0001,0.0001));
#3782=CARTESIAN_POINT('',(-0.000725,0.0001,0.0001));
#3783=CARTESIAN_POINT('',(-0.000725,0.000225,0.0001));
#3784=CARTESIAN_POINT('',(-0.000725,0.000225,0.0001));
#3785=CARTESIAN_POINT('',(-1.7347234759768E-18,-8.67361737988404E-19,0.0001));
#3786=CARTESIAN_POINT('',(0.0008625,-0.0001,0.0001));
#3787=CARTESIAN_POINT('',(0.0008625,-0.0001,0.0001));
#3788=CARTESIAN_POINT('',(0.000725,-0.0001,0.0001));
#3789=CARTESIAN_POINT('',(0.000725,-0.0001,0.0001));
#3790=CARTESIAN_POINT('',(0.000725,-0.000225,0.0001));
#3791=CARTESIAN_POINT('',(0.000725,-0.000225,0.0001));
#3792=CARTESIAN_POINT('',(0.000725,-0.00035,0.0001));
#3793=CARTESIAN_POINT('',(0.000725,-0.00035,0.0001));
#3794=CARTESIAN_POINT('',(0.0008625,-0.00035,0.0001));
#3795=CARTESIAN_POINT('',(0.0008625,-0.00035,0.0001));
#3796=CARTESIAN_POINT('',(-1.7347234759768E-18,-8.67361737988404E-19,0.0001));
#3797=CARTESIAN_POINT('',(0.0008625,0.00035,0.0001));
#3798=CARTESIAN_POINT('',(0.0008625,0.00035,0.0001));
#3799=CARTESIAN_POINT('',(0.000725,0.00035,0.0001));
#3800=CARTESIAN_POINT('',(0.000725,0.00035,0.0001));
#3801=CARTESIAN_POINT('',(0.000725,0.000225,0.0001));
#3802=CARTESIAN_POINT('',(0.000725,0.000225,0.0001));
#3803=CARTESIAN_POINT('',(0.000725,0.0001,0.0001));
#3804=CARTESIAN_POINT('',(0.000725,0.0001,0.0001));
#3805=CARTESIAN_POINT('',(0.0008625,0.0001,0.0001));
#3806=CARTESIAN_POINT('',(0.0008625,0.0001,0.0001));
#3807=CARTESIAN_POINT('',(-1.7347234759768E-18,-8.67361737988404E-19,0.0001));
#3808=CARTESIAN_POINT('',(0.00085,-0.000925,0.0001));
#3809=CARTESIAN_POINT('',(0.00085,-0.000925,0.0001));
#3810=CARTESIAN_POINT('',(0.00085,-0.00085,0.0001));
#3811=CARTESIAN_POINT('',(0.00085,-0.00085,0.0001));
#3812=CARTESIAN_POINT('',(0.000925,-0.00085,0.0001));
#3813=CARTESIAN_POINT('',(0.000925,-0.00085,0.0001));
#3814=CARTESIAN_POINT('',(0.0008,-0.00055,0.0001));
#3815=CARTESIAN_POINT('',(0.0008,-0.00055,0.0001));
#3816=CARTESIAN_POINT('',(0.0006,-0.00055,0.0001));
#3817=CARTESIAN_POINT('',(0.0006,-0.00055,0.0001));
#3818=CARTESIAN_POINT('',(0.0006,-0.000775,0.0001));
#3819=CARTESIAN_POINT('',(0.0006,-0.000775,0.0001));
#3820=CARTESIAN_POINT('',(-1.7347234759768E-18,-8.67361737988404E-19,0.0001));
#3821=CARTESIAN_POINT('',(-0.0001,0.,0.0001));
#3822=CARTESIAN_POINT('',(-0.0001,0.,0.0001));
#3823=CARTESIAN_POINT('',(-0.0004,0.,0.0001));
#3824=CARTESIAN_POINT('',(-0.0004,0.,0.0001));
#3825=CARTESIAN_POINT('',(-1.7347234759768E-18,-8.67361737988404E-19,0.0001));
#3826=CARTESIAN_POINT('',(0.0004,-1.3010426069826E-18,0.0001));
#3827=CARTESIAN_POINT('',(0.0004,-1.3010426069826E-18,0.0001));
#3828=CARTESIAN_POINT('',(0.0001,-4.33680868994202E-19,0.0001));
#3829=CARTESIAN_POINT('',(0.0001,-4.33680868994202E-19,0.0001));
#3830=CARTESIAN_POINT('',(-1.7347234759768E-18,-8.67361737988404E-19,0.0001));
#3831=CARTESIAN_POINT('',(-0.0006,-0.000775,0.0001));
#3832=CARTESIAN_POINT('',(-0.0006,-0.000775,0.0001));
#3833=CARTESIAN_POINT('',(-0.0006,-0.00055,0.0001));
#3834=CARTESIAN_POINT('',(-0.0006,-0.00055,0.0001));
#3835=CARTESIAN_POINT('',(-0.0008,-0.00055,0.0001));
#3836=CARTESIAN_POINT('',(-0.0008,-0.00055,0.0001));
#3837=CARTESIAN_POINT('',(-0.000925,-0.00085,0.0001));
#3838=CARTESIAN_POINT('',(-0.000925,-0.00085,0.0001));
#3839=CARTESIAN_POINT('',(-0.00085,-0.00085,0.0001));
#3840=CARTESIAN_POINT('',(-0.00085,-0.00085,0.0001));
#3841=CARTESIAN_POINT('',(-0.00085,-0.000925,0.0001));
#3842=CARTESIAN_POINT('',(-0.00085,-0.000925,0.0001));
#3843=CARTESIAN_POINT('',(-1.7347234759768E-18,-8.67361737988404E-19,0.0001));
#3844=CARTESIAN_POINT('',(0.00085,0.000925,0.0001));
#3845=CARTESIAN_POINT('',(0.00085,0.00085,0.0001));
#3846=CARTESIAN_POINT('',(0.00085,0.00085,0.0001));
#3847=CARTESIAN_POINT('',(0.00085,0.000925,0.0001));
#3848=CARTESIAN_POINT('',(0.0006,0.000775,0.0001));
#3849=CARTESIAN_POINT('',(0.0006,0.000775,0.0001));
#3850=CARTESIAN_POINT('',(0.0006,0.00055,0.0001));
#3851=CARTESIAN_POINT('',(0.0006,0.00055,0.0001));
#3852=CARTESIAN_POINT('',(0.0008,0.00055,0.0001));
#3853=CARTESIAN_POINT('',(0.0008,0.00055,0.0001));
#3854=CARTESIAN_POINT('',(0.000925,0.00085,0.0001));
#3855=CARTESIAN_POINT('',(0.000925,0.00085,0.0001));
#3856=CARTESIAN_POINT('',(-1.7347234759768E-18,-8.67361737988404E-19,0.0001));
#3857=CARTESIAN_POINT('',(-0.00075,0.00075,0.00099));
#3858=CARTESIAN_POINT('',(-0.00075,0.00075,0.00099));
#3859=CARTESIAN_POINT('',(-0.00065,0.00075,0.00099));
#3860=CARTESIAN_POINT('',(-3.46944695195361E-18,0.,0.00099));
#3861=MECHANICAL_DESIGN_GEOMETRIC_PRESENTATION_REPRESENTATION('',(#2306),#3873);
#3862=MECHANICAL_DESIGN_GEOMETRIC_PRESENTATION_REPRESENTATION('',(#2307),#3874);
#3863=MECHANICAL_DESIGN_GEOMETRIC_PRESENTATION_REPRESENTATION('',(#2308),#3875);
#3864=MECHANICAL_DESIGN_GEOMETRIC_PRESENTATION_REPRESENTATION('',(#2309),#3876);
#3865=MECHANICAL_DESIGN_GEOMETRIC_PRESENTATION_REPRESENTATION('',(#2310),#3877);
#3866=MECHANICAL_DESIGN_GEOMETRIC_PRESENTATION_REPRESENTATION('',(#2311),#3878);
#3867=MECHANICAL_DESIGN_GEOMETRIC_PRESENTATION_REPRESENTATION('',(#2312),#3879);
#3868=MECHANICAL_DESIGN_GEOMETRIC_PRESENTATION_REPRESENTATION('',(#2313),#3880);
#3869=MECHANICAL_DESIGN_GEOMETRIC_PRESENTATION_REPRESENTATION('',(#2314),#3881);
#3870=MECHANICAL_DESIGN_GEOMETRIC_PRESENTATION_REPRESENTATION('',(#2315),#3882);
#3871=MECHANICAL_DESIGN_GEOMETRIC_PRESENTATION_REPRESENTATION('',(#2316),#3883);
#3872=MECHANICAL_DESIGN_GEOMETRIC_PRESENTATION_REPRESENTATION('',(#2317),#3884);
#3873=(
GEOMETRIC_REPRESENTATION_CONTEXT(3)
GLOBAL_UNCERTAINTY_ASSIGNED_CONTEXT((#3885))
GLOBAL_UNIT_ASSIGNED_CONTEXT((#3921,#3909,#3897))
REPRESENTATION_CONTEXT('Part 12','TOP_LEVEL_ASSEMBLY_PART')
);
#3874=(
GEOMETRIC_REPRESENTATION_CONTEXT(3)
GLOBAL_UNCERTAINTY_ASSIGNED_CONTEXT((#3886))
GLOBAL_UNIT_ASSIGNED_CONTEXT((#3922,#3910,#3898))
REPRESENTATION_CONTEXT('Part 1','TOP_LEVEL_ASSEMBLY_PART')
);
#3875=(
GEOMETRIC_REPRESENTATION_CONTEXT(3)
GLOBAL_UNCERTAINTY_ASSIGNED_CONTEXT((#3887))
GLOBAL_UNIT_ASSIGNED_CONTEXT((#3923,#3911,#3899))
REPRESENTATION_CONTEXT('Part 2','TOP_LEVEL_ASSEMBLY_PART')
);
#3876=(
GEOMETRIC_REPRESENTATION_CONTEXT(3)
GLOBAL_UNCERTAINTY_ASSIGNED_CONTEXT((#3888))
GLOBAL_UNIT_ASSIGNED_CONTEXT((#3924,#3912,#3900))
REPRESENTATION_CONTEXT('Part 3','TOP_LEVEL_ASSEMBLY_PART')
);
#3877=(
GEOMETRIC_REPRESENTATION_CONTEXT(3)
GLOBAL_UNCERTAINTY_ASSIGNED_CONTEXT((#3889))
GLOBAL_UNIT_ASSIGNED_CONTEXT((#3925,#3913,#3901))
REPRESENTATION_CONTEXT('Part 4','TOP_LEVEL_ASSEMBLY_PART')
);
#3878=(
GEOMETRIC_REPRESENTATION_CONTEXT(3)
GLOBAL_UNCERTAINTY_ASSIGNED_CONTEXT((#3890))
GLOBAL_UNIT_ASSIGNED_CONTEXT((#3926,#3914,#3902))
REPRESENTATION_CONTEXT('Part 5','TOP_LEVEL_ASSEMBLY_PART')
);
#3879=(
GEOMETRIC_REPRESENTATION_CONTEXT(3)
GLOBAL_UNCERTAINTY_ASSIGNED_CONTEXT((#3891))
GLOBAL_UNIT_ASSIGNED_CONTEXT((#3927,#3915,#3903))
REPRESENTATION_CONTEXT('Part 6','TOP_LEVEL_ASSEMBLY_PART')
);
#3880=(
GEOMETRIC_REPRESENTATION_CONTEXT(3)
GLOBAL_UNCERTAINTY_ASSIGNED_CONTEXT((#3892))
GLOBAL_UNIT_ASSIGNED_CONTEXT((#3928,#3916,#3904))
REPRESENTATION_CONTEXT('Part 7','TOP_LEVEL_ASSEMBLY_PART')
);
#3881=(
GEOMETRIC_REPRESENTATION_CONTEXT(3)
GLOBAL_UNCERTAINTY_ASSIGNED_CONTEXT((#3893))
GLOBAL_UNIT_ASSIGNED_CONTEXT((#3929,#3917,#3905))
REPRESENTATION_CONTEXT('Part 8','TOP_LEVEL_ASSEMBLY_PART')
);
#3882=(
GEOMETRIC_REPRESENTATION_CONTEXT(3)
GLOBAL_UNCERTAINTY_ASSIGNED_CONTEXT((#3894))
GLOBAL_UNIT_ASSIGNED_CONTEXT((#3930,#3918,#3906))
REPRESENTATION_CONTEXT('Part 9','TOP_LEVEL_ASSEMBLY_PART')
);
#3883=(
GEOMETRIC_REPRESENTATION_CONTEXT(3)
GLOBAL_UNCERTAINTY_ASSIGNED_CONTEXT((#3895))
GLOBAL_UNIT_ASSIGNED_CONTEXT((#3931,#3919,#3907))
REPRESENTATION_CONTEXT('Part 10','TOP_LEVEL_ASSEMBLY_PART')
);
#3884=(
GEOMETRIC_REPRESENTATION_CONTEXT(3)
GLOBAL_UNCERTAINTY_ASSIGNED_CONTEXT((#3896))
GLOBAL_UNIT_ASSIGNED_CONTEXT((#3932,#3920,#3908))
REPRESENTATION_CONTEXT('Part 11','TOP_LEVEL_ASSEMBLY_PART')
);
#3885=UNCERTAINTY_MEASURE_WITH_UNIT(LENGTH_MEASURE(1.E-08),#3921,'DISTANCE_ACCURACY_VALUE','Maximum Tolerance applied to model');
#3886=UNCERTAINTY_MEASURE_WITH_UNIT(LENGTH_MEASURE(1.E-08),#3922,'DISTANCE_ACCURACY_VALUE','Maximum Tolerance applied to model');
#3887=UNCERTAINTY_MEASURE_WITH_UNIT(LENGTH_MEASURE(1.E-08),#3923,'DISTANCE_ACCURACY_VALUE','Maximum Tolerance applied to model');
#3888=UNCERTAINTY_MEASURE_WITH_UNIT(LENGTH_MEASURE(1.E-08),#3924,'DISTANCE_ACCURACY_VALUE','Maximum Tolerance applied to model');
#3889=UNCERTAINTY_MEASURE_WITH_UNIT(LENGTH_MEASURE(1.E-08),#3925,'DISTANCE_ACCURACY_VALUE','Maximum Tolerance applied to model');
#3890=UNCERTAINTY_MEASURE_WITH_UNIT(LENGTH_MEASURE(1.E-08),#3926,'DISTANCE_ACCURACY_VALUE','Maximum Tolerance applied to model');
#3891=UNCERTAINTY_MEASURE_WITH_UNIT(LENGTH_MEASURE(1.E-08),#3927,'DISTANCE_ACCURACY_VALUE','Maximum Tolerance applied to model');
#3892=UNCERTAINTY_MEASURE_WITH_UNIT(LENGTH_MEASURE(1.E-08),#3928,'DISTANCE_ACCURACY_VALUE','Maximum Tolerance applied to model');
#3893=UNCERTAINTY_MEASURE_WITH_UNIT(LENGTH_MEASURE(1.E-08),#3929,'DISTANCE_ACCURACY_VALUE','Maximum Tolerance applied to model');
#3894=UNCERTAINTY_MEASURE_WITH_UNIT(LENGTH_MEASURE(1.E-08),#3930,'DISTANCE_ACCURACY_VALUE','Maximum Tolerance applied to model');
#3895=UNCERTAINTY_MEASURE_WITH_UNIT(LENGTH_MEASURE(1.E-08),#3931,'DISTANCE_ACCURACY_VALUE','Maximum Tolerance applied to model');
#3896=UNCERTAINTY_MEASURE_WITH_UNIT(LENGTH_MEASURE(1.E-08),#3932,'DISTANCE_ACCURACY_VALUE','Maximum Tolerance applied to model');
#3897=(
NAMED_UNIT(*)
SI_UNIT($,.STERADIAN.)
SOLID_ANGLE_UNIT()
);
#3898=(
NAMED_UNIT(*)
SI_UNIT($,.STERADIAN.)
SOLID_ANGLE_UNIT()
);
#3899=(
NAMED_UNIT(*)
SI_UNIT($,.STERADIAN.)
SOLID_ANGLE_UNIT()
);
#3900=(
NAMED_UNIT(*)
SI_UNIT($,.STERADIAN.)
SOLID_ANGLE_UNIT()
);
#3901=(
NAMED_UNIT(*)
SI_UNIT($,.STERADIAN.)
SOLID_ANGLE_UNIT()
);
#3902=(
NAMED_UNIT(*)
SI_UNIT($,.STERADIAN.)
SOLID_ANGLE_UNIT()
);
#3903=(
NAMED_UNIT(*)
SI_UNIT($,.STERADIAN.)
SOLID_ANGLE_UNIT()
);
#3904=(
NAMED_UNIT(*)
SI_UNIT($,.STERADIAN.)
SOLID_ANGLE_UNIT()
);
#3905=(
NAMED_UNIT(*)
SI_UNIT($,.STERADIAN.)
SOLID_ANGLE_UNIT()
);
#3906=(
NAMED_UNIT(*)
SI_UNIT($,.STERADIAN.)
SOLID_ANGLE_UNIT()
);
#3907=(
NAMED_UNIT(*)
SI_UNIT($,.STERADIAN.)
SOLID_ANGLE_UNIT()
);
#3908=(
NAMED_UNIT(*)
SI_UNIT($,.STERADIAN.)
SOLID_ANGLE_UNIT()
);
#3909=(
NAMED_UNIT(*)
PLANE_ANGLE_UNIT()
SI_UNIT($,.RADIAN.)
);
#3910=(
NAMED_UNIT(*)
PLANE_ANGLE_UNIT()
SI_UNIT($,.RADIAN.)
);
#3911=(
NAMED_UNIT(*)
PLANE_ANGLE_UNIT()
SI_UNIT($,.RADIAN.)
);
#3912=(
NAMED_UNIT(*)
PLANE_ANGLE_UNIT()
SI_UNIT($,.RADIAN.)
);
#3913=(
NAMED_UNIT(*)
PLANE_ANGLE_UNIT()
SI_UNIT($,.RADIAN.)
);
#3914=(
NAMED_UNIT(*)
PLANE_ANGLE_UNIT()
SI_UNIT($,.RADIAN.)
);
#3915=(
NAMED_UNIT(*)
PLANE_ANGLE_UNIT()
SI_UNIT($,.RADIAN.)
);
#3916=(
NAMED_UNIT(*)
PLANE_ANGLE_UNIT()
SI_UNIT($,.RADIAN.)
);
#3917=(
NAMED_UNIT(*)
PLANE_ANGLE_UNIT()
SI_UNIT($,.RADIAN.)
);
#3918=(
NAMED_UNIT(*)
PLANE_ANGLE_UNIT()
SI_UNIT($,.RADIAN.)
);
#3919=(
NAMED_UNIT(*)
PLANE_ANGLE_UNIT()
SI_UNIT($,.RADIAN.)
);
#3920=(
NAMED_UNIT(*)
PLANE_ANGLE_UNIT()
SI_UNIT($,.RADIAN.)
);
#3921=(
LENGTH_UNIT()
NAMED_UNIT(*)
SI_UNIT($,.METRE.)
);
#3922=(
LENGTH_UNIT()
NAMED_UNIT(*)
SI_UNIT($,.METRE.)
);
#3923=(
LENGTH_UNIT()
NAMED_UNIT(*)
SI_UNIT($,.METRE.)
);
#3924=(
LENGTH_UNIT()
NAMED_UNIT(*)
SI_UNIT($,.METRE.)
);
#3925=(
LENGTH_UNIT()
NAMED_UNIT(*)
SI_UNIT($,.METRE.)
);
#3926=(
LENGTH_UNIT()
NAMED_UNIT(*)
SI_UNIT($,.METRE.)
);
#3927=(
LENGTH_UNIT()
NAMED_UNIT(*)
SI_UNIT($,.METRE.)
);
#3928=(
LENGTH_UNIT()
NAMED_UNIT(*)
SI_UNIT($,.METRE.)
);
#3929=(
LENGTH_UNIT()
NAMED_UNIT(*)
SI_UNIT($,.METRE.)
);
#3930=(
LENGTH_UNIT()
NAMED_UNIT(*)
SI_UNIT($,.METRE.)
);
#3931=(
LENGTH_UNIT()
NAMED_UNIT(*)
SI_UNIT($,.METRE.)
);
#3932=(
LENGTH_UNIT()
NAMED_UNIT(*)
SI_UNIT($,.METRE.)
);
#3933=PRODUCT_DEFINITION_SHAPE('','',#3945);
#3934=PRODUCT_DEFINITION_SHAPE('','',#3946);
#3935=PRODUCT_DEFINITION_SHAPE('','',#3947);
#3936=PRODUCT_DEFINITION_SHAPE('','',#3948);
#3937=PRODUCT_DEFINITION_SHAPE('','',#3949);
#3938=PRODUCT_DEFINITION_SHAPE('','',#3950);
#3939=PRODUCT_DEFINITION_SHAPE('','',#3951);
#3940=PRODUCT_DEFINITION_SHAPE('','',#3952);
#3941=PRODUCT_DEFINITION_SHAPE('','',#3953);
#3942=PRODUCT_DEFINITION_SHAPE('','',#3954);
#3943=PRODUCT_DEFINITION_SHAPE('','',#3955);
#3944=PRODUCT_DEFINITION_SHAPE('','',#3956);
#3945=PRODUCT_DEFINITION('','',#3969,#3957);
#3946=PRODUCT_DEFINITION('','',#3970,#3958);
#3947=PRODUCT_DEFINITION('','',#3971,#3959);
#3948=PRODUCT_DEFINITION('','',#3972,#3960);
#3949=PRODUCT_DEFINITION('','',#3973,#3961);
#3950=PRODUCT_DEFINITION('','',#3974,#3962);
#3951=PRODUCT_DEFINITION('','',#3975,#3963);
#3952=PRODUCT_DEFINITION('','',#3976,#3964);
#3953=PRODUCT_DEFINITION('','',#3977,#3965);
#3954=PRODUCT_DEFINITION('','',#3978,#3966);
#3955=PRODUCT_DEFINITION('','',#3979,#3967);
#3956=PRODUCT_DEFINITION('','',#3980,#3968);
#3957=PRODUCT_DEFINITION_CONTEXT('',#4041,'design');
#3958=PRODUCT_DEFINITION_CONTEXT('',#4042,'design');
#3959=PRODUCT_DEFINITION_CONTEXT('',#4043,'design');
#3960=PRODUCT_DEFINITION_CONTEXT('',#4044,'design');
#3961=PRODUCT_DEFINITION_CONTEXT('',#4045,'design');
#3962=PRODUCT_DEFINITION_CONTEXT('',#4046,'design');
#3963=PRODUCT_DEFINITION_CONTEXT('',#4047,'design');
#3964=PRODUCT_DEFINITION_CONTEXT('',#4048,'design');
#3965=PRODUCT_DEFINITION_CONTEXT('',#4049,'design');
#3966=PRODUCT_DEFINITION_CONTEXT('',#4050,'design');
#3967=PRODUCT_DEFINITION_CONTEXT('',#4051,'design');
#3968=PRODUCT_DEFINITION_CONTEXT('',#4052,'design');
#3969=PRODUCT_DEFINITION_FORMATION_WITH_SPECIFIED_SOURCE('','',#3993,.NOT_KNOWN.);
#3970=PRODUCT_DEFINITION_FORMATION_WITH_SPECIFIED_SOURCE('','',#3994,.NOT_KNOWN.);
#3971=PRODUCT_DEFINITION_FORMATION_WITH_SPECIFIED_SOURCE('','',#3995,.NOT_KNOWN.);
#3972=PRODUCT_DEFINITION_FORMATION_WITH_SPECIFIED_SOURCE('','',#3996,.NOT_KNOWN.);
#3973=PRODUCT_DEFINITION_FORMATION_WITH_SPECIFIED_SOURCE('','',#3997,.NOT_KNOWN.);
#3974=PRODUCT_DEFINITION_FORMATION_WITH_SPECIFIED_SOURCE('','',#3998,.NOT_KNOWN.);
#3975=PRODUCT_DEFINITION_FORMATION_WITH_SPECIFIED_SOURCE('','',#3999,.NOT_KNOWN.);
#3976=PRODUCT_DEFINITION_FORMATION_WITH_SPECIFIED_SOURCE('','',#4000,.NOT_KNOWN.);
#3977=PRODUCT_DEFINITION_FORMATION_WITH_SPECIFIED_SOURCE('','',#4001,.NOT_KNOWN.);
#3978=PRODUCT_DEFINITION_FORMATION_WITH_SPECIFIED_SOURCE('','',#4002,.NOT_KNOWN.);
#3979=PRODUCT_DEFINITION_FORMATION_WITH_SPECIFIED_SOURCE('','',#4003,.NOT_KNOWN.);
#3980=PRODUCT_DEFINITION_FORMATION_WITH_SPECIFIED_SOURCE('','',#4004,.NOT_KNOWN.);
#3981=PRODUCT_RELATED_PRODUCT_CATEGORY('','',(#3993));
#3982=PRODUCT_RELATED_PRODUCT_CATEGORY('','',(#3994));
#3983=PRODUCT_RELATED_PRODUCT_CATEGORY('','',(#3995));
#3984=PRODUCT_RELATED_PRODUCT_CATEGORY('','',(#3996));
#3985=PRODUCT_RELATED_PRODUCT_CATEGORY('','',(#3997));
#3986=PRODUCT_RELATED_PRODUCT_CATEGORY('','',(#3998));
#3987=PRODUCT_RELATED_PRODUCT_CATEGORY('','',(#3999));
#3988=PRODUCT_RELATED_PRODUCT_CATEGORY('','',(#4000));
#3989=PRODUCT_RELATED_PRODUCT_CATEGORY('','',(#4001));
#3990=PRODUCT_RELATED_PRODUCT_CATEGORY('','',(#4002));
#3991=PRODUCT_RELATED_PRODUCT_CATEGORY('','',(#4003));
#3992=PRODUCT_RELATED_PRODUCT_CATEGORY('','',(#4004));
#3993=PRODUCT('Part 12','Part 12','Part 12',(#4017));
#3994=PRODUCT('Part 1','Part 1','Part 1',(#4018));
#3995=PRODUCT('Part 2','Part 2','Part 2',(#4019));
#3996=PRODUCT('Part 3','Part 3','Part 3',(#4020));
#3997=PRODUCT('Part 4','Part 4','Part 4',(#4021));
#3998=PRODUCT('Part 5','Part 5','Part 5',(#4022));
#3999=PRODUCT('Part 6','Part 6','Part 6',(#4023));
#4000=PRODUCT('Part 7','Part 7','Part 7',(#4024));
#4001=PRODUCT('Part 8','Part 8','Part 8',(#4025));
#4002=PRODUCT('Part 9','Part 9','Part 9',(#4026));
#4003=PRODUCT('Part 10','Part 10','Part 10',(#4027));
#4004=PRODUCT('Part 11','Part 11','Part 11',(#4028));
#4005=PRODUCT_CATEGORY('','');
#4006=PRODUCT_CATEGORY('','');
#4007=PRODUCT_CATEGORY('','');
#4008=PRODUCT_CATEGORY('','');
#4009=PRODUCT_CATEGORY('','');
#4010=PRODUCT_CATEGORY('','');
#4011=PRODUCT_CATEGORY('','');
#4012=PRODUCT_CATEGORY('','');
#4013=PRODUCT_CATEGORY('','');
#4014=PRODUCT_CATEGORY('','');
#4015=PRODUCT_CATEGORY('','');
#4016=PRODUCT_CATEGORY('','');
#4017=PRODUCT_CONTEXT('',#4041,'mechanical');
#4018=PRODUCT_CONTEXT('',#4042,'mechanical');
#4019=PRODUCT_CONTEXT('',#4043,'mechanical');
#4020=PRODUCT_CONTEXT('',#4044,'mechanical');
#4021=PRODUCT_CONTEXT('',#4045,'mechanical');
#4022=PRODUCT_CONTEXT('',#4046,'mechanical');
#4023=PRODUCT_CONTEXT('',#4047,'mechanical');
#4024=PRODUCT_CONTEXT('',#4048,'mechanical');
#4025=PRODUCT_CONTEXT('',#4049,'mechanical');
#4026=PRODUCT_CONTEXT('',#4050,'mechanical');
#4027=PRODUCT_CONTEXT('',#4051,'mechanical');
#4028=PRODUCT_CONTEXT('',#4052,'mechanical');
#4029=APPLICATION_PROTOCOL_DEFINITION('international standard','ap242_managed_model_based_3d_engineering',2020,#4041);
#4030=APPLICATION_PROTOCOL_DEFINITION('international standard','ap242_managed_model_based_3d_engineering',2020,#4042);
#4031=APPLICATION_PROTOCOL_DEFINITION('international standard','ap242_managed_model_based_3d_engineering',2020,#4043);
#4032=APPLICATION_PROTOCOL_DEFINITION('international standard','ap242_managed_model_based_3d_engineering',2020,#4044);
#4033=APPLICATION_PROTOCOL_DEFINITION('international standard','ap242_managed_model_based_3d_engineering',2020,#4045);
#4034=APPLICATION_PROTOCOL_DEFINITION('international standard','ap242_managed_model_based_3d_engineering',2020,#4046);
#4035=APPLICATION_PROTOCOL_DEFINITION('international standard','ap242_managed_model_based_3d_engineering',2020,#4047);
#4036=APPLICATION_PROTOCOL_DEFINITION('international standard','ap242_managed_model_based_3d_engineering',2020,#4048);
#4037=APPLICATION_PROTOCOL_DEFINITION('international standard','ap242_managed_model_based_3d_engineering',2020,#4049);
#4038=APPLICATION_PROTOCOL_DEFINITION('international standard','ap242_managed_model_based_3d_engineering',2020,#4050);
#4039=APPLICATION_PROTOCOL_DEFINITION('international standard','ap242_managed_model_based_3d_engineering',2020,#4051);
#4040=APPLICATION_PROTOCOL_DEFINITION('international standard','ap242_managed_model_based_3d_engineering',2020,#4052);
#4041=APPLICATION_CONTEXT('managed model based 3d engineering');
#4042=APPLICATION_CONTEXT('managed model based 3d engineering');
#4043=APPLICATION_CONTEXT('managed model based 3d engineering');
#4044=APPLICATION_CONTEXT('managed model based 3d engineering');
#4045=APPLICATION_CONTEXT('managed model based 3d engineering');
#4046=APPLICATION_CONTEXT('managed model based 3d engineering');
#4047=APPLICATION_CONTEXT('managed model based 3d engineering');
#4048=APPLICATION_CONTEXT('managed model based 3d engineering');
#4049=APPLICATION_CONTEXT('managed model based 3d engineering');
#4050=APPLICATION_CONTEXT('managed model based 3d engineering');
#4051=APPLICATION_CONTEXT('managed model based 3d engineering');
#4052=APPLICATION_CONTEXT('managed model based 3d engineering');
ENDSEC;
END-ISO-10303-21;
