ISO-10303-21;
HEADER;
/* Generated by software containing ST-Developer
 * from STEP Tools, Inc. (www.steptools.com) 
 */
/* OPTION: using custom renumber hook */

FILE_DESCRIPTION(
/* description */ ('STEP AP242 Edition 2',
'CAx-IF Rec.Pracs.---Representation and Presentation of Product Manufa
cturing Information (PMI)---4.0---2014-10-13',
'CAx-IF Rec.Pracs.---3D Tessellated Geometry---0.4---2014-09-14','2;1',
'CAx-IF Rec.Pracs.---User Defined Attributes---1.5---2016-08-15'),
/* implementation_level */ '2;1');

FILE_NAME(
/* name */ 'SOIC',
/* time_stamp */ '2026-08-27T08:10:14Z',
/* author */ (''),
/* organization */ (''),
/* preprocessor_version */ 'ST-DEVELOPER v20',
/* originating_system */ 'ONSHAPE BY PTC INC, 1.219',
/* authorisation */ '  ');

FILE_SCHEMA (('AP242_MANAGED_MODEL_BASED_3D_ENGINEERING_MIM_LF { 1 0 10303 442 3 1 4 }'));
ENDSEC;

DATA;
#10=SHAPE_REPRESENTATION_RELATIONSHIP('','',#2407,#20);
#11=SHAPE_REPRESENTATION_RELATIONSHIP('','',#2408,#21);
#12=SHAPE_REPRESENTATION_RELATIONSHIP('','',#2409,#22);
#13=SHAPE_REPRESENTATION_RELATIONSHIP('','',#2410,#23);
#14=SHAPE_REPRESENTATION_RELATIONSHIP('','',#2411,#24);
#15=SHAPE_REPRESENTATION_RELATIONSHIP('','',#2412,#25);
#16=SHAPE_REPRESENTATION_RELATIONSHIP('','',#2413,#26);
#17=SHAPE_REPRESENTATION_RELATIONSHIP('','',#2414,#27);
#18=SHAPE_REPRESENTATION_RELATIONSHIP('','',#2415,#28);
#19=SHAPE_REPRESENTATION_RELATIONSHIP('','',#2416,#29);
#20=ADVANCED_BREP_SHAPE_REPRESENTATION('',(#2387),#3979);
#21=ADVANCED_BREP_SHAPE_REPRESENTATION('',(#2388),#3980);
#22=ADVANCED_BREP_SHAPE_REPRESENTATION('',(#2389),#3981);
#23=ADVANCED_BREP_SHAPE_REPRESENTATION('',(#2390),#3982);
#24=ADVANCED_BREP_SHAPE_REPRESENTATION('',(#2391),#3983);
#25=ADVANCED_BREP_SHAPE_REPRESENTATION('',(#2392),#3984);
#26=ADVANCED_BREP_SHAPE_REPRESENTATION('',(#2393),#3985);
#27=ADVANCED_BREP_SHAPE_REPRESENTATION('',(#2394),#3986);
#28=ADVANCED_BREP_SHAPE_REPRESENTATION('',(#2395),#3987);
#29=ADVANCED_BREP_SHAPE_REPRESENTATION('',(#2396),#3988);
#30=CIRCLE('',#2421,2.5E-5);
#31=CIRCLE('',#2422,2.5E-5);
#32=CIRCLE('',#2425,0.000275);
#33=CIRCLE('',#2426,0.000275);
#34=CIRCLE('',#2431,2.5E-5);
#35=CIRCLE('',#2432,2.5E-5);
#36=CIRCLE('',#2435,0.000275);
#37=CIRCLE('',#2436,0.000275);
#38=CIRCLE('',#2443,0.00025);
#39=CIRCLE('',#2457,0.00025);
#40=CIRCLE('',#2463,2.5E-5);
#41=CIRCLE('',#2464,2.5E-5);
#42=CIRCLE('',#2467,0.000275);
#43=CIRCLE('',#2468,0.000275);
#44=CIRCLE('',#2473,2.5E-5);
#45=CIRCLE('',#2474,2.5E-5);
#46=CIRCLE('',#2477,0.000275);
#47=CIRCLE('',#2478,0.000275);
#48=CIRCLE('',#2486,2.5E-5);
#49=CIRCLE('',#2487,2.5E-5);
#50=CIRCLE('',#2490,0.000275);
#51=CIRCLE('',#2491,0.000275);
#52=CIRCLE('',#2496,2.5E-5);
#53=CIRCLE('',#2497,2.5E-5);
#54=CIRCLE('',#2500,0.000275);
#55=CIRCLE('',#2501,0.000275);
#56=CIRCLE('',#2509,2.5E-5);
#57=CIRCLE('',#2510,2.5E-5);
#58=CIRCLE('',#2513,0.000275);
#59=CIRCLE('',#2514,0.000275);
#60=CIRCLE('',#2519,2.5E-5);
#61=CIRCLE('',#2520,2.5E-5);
#62=CIRCLE('',#2523,0.000275);
#63=CIRCLE('',#2524,0.000275);
#64=CIRCLE('',#2532,2.5E-5);
#65=CIRCLE('',#2533,2.5E-5);
#66=CIRCLE('',#2536,0.000275);
#67=CIRCLE('',#2537,0.000275);
#68=CIRCLE('',#2542,2.5E-5);
#69=CIRCLE('',#2543,2.5E-5);
#70=CIRCLE('',#2546,0.000275);
#71=CIRCLE('',#2547,0.000275);
#72=CIRCLE('',#2555,2.5E-5);
#73=CIRCLE('',#2556,2.5E-5);
#74=CIRCLE('',#2559,0.000275);
#75=CIRCLE('',#2560,0.000275);
#76=CIRCLE('',#2565,2.5E-5);
#77=CIRCLE('',#2566,2.5E-5);
#78=CIRCLE('',#2569,0.000275);
#79=CIRCLE('',#2570,0.000275);
#80=CIRCLE('',#2578,2.5E-5);
#81=CIRCLE('',#2579,2.5E-5);
#82=CIRCLE('',#2582,0.000275);
#83=CIRCLE('',#2583,0.000275);
#84=CIRCLE('',#2588,2.5E-5);
#85=CIRCLE('',#2589,2.5E-5);
#86=CIRCLE('',#2592,0.000275);
#87=CIRCLE('',#2593,0.000275);
#88=CIRCLE('',#2601,2.5E-5);
#89=CIRCLE('',#2602,2.5E-5);
#90=CIRCLE('',#2605,0.000275);
#91=CIRCLE('',#2606,0.000275);
#92=CIRCLE('',#2611,2.5E-5);
#93=CIRCLE('',#2612,2.5E-5);
#94=CIRCLE('',#2615,0.000275);
#95=CIRCLE('',#2616,0.000275);
#96=CIRCLE('',#2622,0.00025);
#97=CIRCLE('',#2624,0.00025);
#98=CYLINDRICAL_SURFACE('',#2420,2.5E-5);
#99=CYLINDRICAL_SURFACE('',#2424,0.000275);
#100=CYLINDRICAL_SURFACE('',#2430,2.5E-5);
#101=CYLINDRICAL_SURFACE('',#2434,0.000275);
#102=CYLINDRICAL_SURFACE('',#2456,0.00025);
#103=CYLINDRICAL_SURFACE('',#2462,2.5E-5);
#104=CYLINDRICAL_SURFACE('',#2466,0.000275);
#105=CYLINDRICAL_SURFACE('',#2472,2.5E-5);
#106=CYLINDRICAL_SURFACE('',#2476,0.000275);
#107=CYLINDRICAL_SURFACE('',#2485,2.5E-5);
#108=CYLINDRICAL_SURFACE('',#2489,0.000275);
#109=CYLINDRICAL_SURFACE('',#2495,2.5E-5);
#110=CYLINDRICAL_SURFACE('',#2499,0.000275);
#111=CYLINDRICAL_SURFACE('',#2508,2.5E-5);
#112=CYLINDRICAL_SURFACE('',#2512,0.000275);
#113=CYLINDRICAL_SURFACE('',#2518,2.5E-5);
#114=CYLINDRICAL_SURFACE('',#2522,0.000275);
#115=CYLINDRICAL_SURFACE('',#2531,2.5E-5);
#116=CYLINDRICAL_SURFACE('',#2535,0.000275);
#117=CYLINDRICAL_SURFACE('',#2541,2.5E-5);
#118=CYLINDRICAL_SURFACE('',#2545,0.000275);
#119=CYLINDRICAL_SURFACE('',#2554,2.5E-5);
#120=CYLINDRICAL_SURFACE('',#2558,0.000275);
#121=CYLINDRICAL_SURFACE('',#2564,2.5E-5);
#122=CYLINDRICAL_SURFACE('',#2568,0.000275);
#123=CYLINDRICAL_SURFACE('',#2577,2.5E-5);
#124=CYLINDRICAL_SURFACE('',#2581,0.000275);
#125=CYLINDRICAL_SURFACE('',#2587,2.5E-5);
#126=CYLINDRICAL_SURFACE('',#2591,0.000275);
#127=CYLINDRICAL_SURFACE('',#2600,2.5E-5);
#128=CYLINDRICAL_SURFACE('',#2604,0.000275);
#129=CYLINDRICAL_SURFACE('',#2610,2.5E-5);
#130=CYLINDRICAL_SURFACE('',#2614,0.000275);
#131=CYLINDRICAL_SURFACE('',#2623,0.00025);
#132=ORIENTED_EDGE('',*,*,#772,.F.);
#133=ORIENTED_EDGE('',*,*,#773,.F.);
#134=ORIENTED_EDGE('',*,*,#774,.T.);
#135=ORIENTED_EDGE('',*,*,#775,.T.);
#136=ORIENTED_EDGE('',*,*,#776,.F.);
#137=ORIENTED_EDGE('',*,*,#777,.F.);
#138=ORIENTED_EDGE('',*,*,#778,.T.);
#139=ORIENTED_EDGE('',*,*,#773,.T.);
#140=ORIENTED_EDGE('',*,*,#779,.F.);
#141=ORIENTED_EDGE('',*,*,#780,.F.);
#142=ORIENTED_EDGE('',*,*,#781,.T.);
#143=ORIENTED_EDGE('',*,*,#777,.T.);
#144=ORIENTED_EDGE('',*,*,#782,.F.);
#145=ORIENTED_EDGE('',*,*,#783,.F.);
#146=ORIENTED_EDGE('',*,*,#784,.T.);
#147=ORIENTED_EDGE('',*,*,#780,.T.);
#148=ORIENTED_EDGE('',*,*,#785,.T.);
#149=ORIENTED_EDGE('',*,*,#786,.F.);
#150=ORIENTED_EDGE('',*,*,#787,.F.);
#151=ORIENTED_EDGE('',*,*,#783,.T.);
#152=ORIENTED_EDGE('',*,*,#788,.F.);
#153=ORIENTED_EDGE('',*,*,#789,.F.);
#154=ORIENTED_EDGE('',*,*,#790,.T.);
#155=ORIENTED_EDGE('',*,*,#786,.T.);
#156=ORIENTED_EDGE('',*,*,#791,.T.);
#157=ORIENTED_EDGE('',*,*,#792,.F.);
#158=ORIENTED_EDGE('',*,*,#793,.F.);
#159=ORIENTED_EDGE('',*,*,#789,.T.);
#160=ORIENTED_EDGE('',*,*,#794,.T.);
#161=ORIENTED_EDGE('',*,*,#795,.F.);
#162=ORIENTED_EDGE('',*,*,#796,.F.);
#163=ORIENTED_EDGE('',*,*,#792,.T.);
#164=ORIENTED_EDGE('',*,*,#797,.F.);
#165=ORIENTED_EDGE('',*,*,#798,.F.);
#166=ORIENTED_EDGE('',*,*,#799,.T.);
#167=ORIENTED_EDGE('',*,*,#795,.T.);
#168=ORIENTED_EDGE('',*,*,#800,.T.);
#169=ORIENTED_EDGE('',*,*,#801,.F.);
#170=ORIENTED_EDGE('',*,*,#802,.F.);
#171=ORIENTED_EDGE('',*,*,#798,.T.);
#172=ORIENTED_EDGE('',*,*,#803,.T.);
#173=ORIENTED_EDGE('',*,*,#804,.F.);
#174=ORIENTED_EDGE('',*,*,#805,.F.);
#175=ORIENTED_EDGE('',*,*,#801,.T.);
#176=ORIENTED_EDGE('',*,*,#806,.T.);
#177=ORIENTED_EDGE('',*,*,#775,.F.);
#178=ORIENTED_EDGE('',*,*,#807,.F.);
#179=ORIENTED_EDGE('',*,*,#804,.T.);
#180=ORIENTED_EDGE('',*,*,#774,.F.);
#181=ORIENTED_EDGE('',*,*,#778,.F.);
#182=ORIENTED_EDGE('',*,*,#781,.F.);
#183=ORIENTED_EDGE('',*,*,#784,.F.);
#184=ORIENTED_EDGE('',*,*,#787,.T.);
#185=ORIENTED_EDGE('',*,*,#790,.F.);
#186=ORIENTED_EDGE('',*,*,#793,.T.);
#187=ORIENTED_EDGE('',*,*,#796,.T.);
#188=ORIENTED_EDGE('',*,*,#799,.F.);
#189=ORIENTED_EDGE('',*,*,#802,.T.);
#190=ORIENTED_EDGE('',*,*,#805,.T.);
#191=ORIENTED_EDGE('',*,*,#807,.T.);
#192=ORIENTED_EDGE('',*,*,#772,.T.);
#193=ORIENTED_EDGE('',*,*,#806,.F.);
#194=ORIENTED_EDGE('',*,*,#803,.F.);
#195=ORIENTED_EDGE('',*,*,#800,.F.);
#196=ORIENTED_EDGE('',*,*,#797,.T.);
#197=ORIENTED_EDGE('',*,*,#794,.F.);
#198=ORIENTED_EDGE('',*,*,#791,.F.);
#199=ORIENTED_EDGE('',*,*,#788,.T.);
#200=ORIENTED_EDGE('',*,*,#785,.F.);
#201=ORIENTED_EDGE('',*,*,#782,.T.);
#202=ORIENTED_EDGE('',*,*,#779,.T.);
#203=ORIENTED_EDGE('',*,*,#776,.T.);
#204=ORIENTED_EDGE('',*,*,#808,.F.);
#205=ORIENTED_EDGE('',*,*,#809,.F.);
#206=ORIENTED_EDGE('',*,*,#810,.T.);
#207=ORIENTED_EDGE('',*,*,#811,.T.);
#208=ORIENTED_EDGE('',*,*,#812,.F.);
#209=ORIENTED_EDGE('',*,*,#813,.F.);
#210=ORIENTED_EDGE('',*,*,#814,.T.);
#211=ORIENTED_EDGE('',*,*,#815,.T.);
#212=ORIENTED_EDGE('',*,*,#816,.F.);
#213=ORIENTED_EDGE('',*,*,#809,.T.);
#214=ORIENTED_EDGE('',*,*,#817,.T.);
#215=ORIENTED_EDGE('',*,*,#818,.F.);
#216=ORIENTED_EDGE('',*,*,#819,.F.);
#217=ORIENTED_EDGE('',*,*,#814,.F.);
#218=ORIENTED_EDGE('',*,*,#820,.T.);
#219=ORIENTED_EDGE('',*,*,#821,.T.);
#220=ORIENTED_EDGE('',*,*,#822,.F.);
#221=ORIENTED_EDGE('',*,*,#823,.F.);
#222=ORIENTED_EDGE('',*,*,#816,.T.);
#223=ORIENTED_EDGE('',*,*,#824,.T.);
#224=ORIENTED_EDGE('',*,*,#825,.F.);
#225=ORIENTED_EDGE('',*,*,#826,.F.);
#226=ORIENTED_EDGE('',*,*,#811,.F.);
#227=ORIENTED_EDGE('',*,*,#827,.T.);
#228=ORIENTED_EDGE('',*,*,#828,.T.);
#229=ORIENTED_EDGE('',*,*,#829,.F.);
#230=ORIENTED_EDGE('',*,*,#830,.T.);
#231=ORIENTED_EDGE('',*,*,#831,.T.);
#232=ORIENTED_EDGE('',*,*,#832,.F.);
#233=ORIENTED_EDGE('',*,*,#833,.F.);
#234=ORIENTED_EDGE('',*,*,#834,.T.);
#235=ORIENTED_EDGE('',*,*,#835,.T.);
#236=ORIENTED_EDGE('',*,*,#836,.F.);
#237=ORIENTED_EDGE('',*,*,#833,.T.);
#238=ORIENTED_EDGE('',*,*,#821,.F.);
#239=ORIENTED_EDGE('',*,*,#830,.F.);
#240=ORIENTED_EDGE('',*,*,#818,.T.);
#241=ORIENTED_EDGE('',*,*,#835,.F.);
#242=ORIENTED_EDGE('',*,*,#828,.F.);
#243=ORIENTED_EDGE('',*,*,#832,.T.);
#244=ORIENTED_EDGE('',*,*,#825,.T.);
#245=ORIENTED_EDGE('',*,*,#819,.T.);
#246=ORIENTED_EDGE('',*,*,#829,.T.);
#247=ORIENTED_EDGE('',*,*,#827,.F.);
#248=ORIENTED_EDGE('',*,*,#810,.F.);
#249=ORIENTED_EDGE('',*,*,#808,.T.);
#250=ORIENTED_EDGE('',*,*,#826,.T.);
#251=ORIENTED_EDGE('',*,*,#834,.F.);
#252=ORIENTED_EDGE('',*,*,#817,.F.);
#253=ORIENTED_EDGE('',*,*,#822,.T.);
#254=ORIENTED_EDGE('',*,*,#836,.T.);
#255=ORIENTED_EDGE('',*,*,#824,.F.);
#256=ORIENTED_EDGE('',*,*,#815,.F.);
#257=ORIENTED_EDGE('',*,*,#813,.T.);
#258=ORIENTED_EDGE('',*,*,#823,.T.);
#259=ORIENTED_EDGE('',*,*,#831,.F.);
#260=ORIENTED_EDGE('',*,*,#820,.F.);
#261=ORIENTED_EDGE('',*,*,#837,.F.);
#262=ORIENTED_EDGE('',*,*,#812,.T.);
#263=ORIENTED_EDGE('',*,*,#837,.T.);
#264=ORIENTED_EDGE('',*,*,#838,.F.);
#265=ORIENTED_EDGE('',*,*,#839,.F.);
#266=ORIENTED_EDGE('',*,*,#840,.T.);
#267=ORIENTED_EDGE('',*,*,#841,.T.);
#268=ORIENTED_EDGE('',*,*,#842,.F.);
#269=ORIENTED_EDGE('',*,*,#843,.F.);
#270=ORIENTED_EDGE('',*,*,#844,.T.);
#271=ORIENTED_EDGE('',*,*,#839,.T.);
#272=ORIENTED_EDGE('',*,*,#845,.F.);
#273=ORIENTED_EDGE('',*,*,#846,.F.);
#274=ORIENTED_EDGE('',*,*,#847,.T.);
#275=ORIENTED_EDGE('',*,*,#843,.T.);
#276=ORIENTED_EDGE('',*,*,#848,.F.);
#277=ORIENTED_EDGE('',*,*,#849,.F.);
#278=ORIENTED_EDGE('',*,*,#850,.T.);
#279=ORIENTED_EDGE('',*,*,#846,.T.);
#280=ORIENTED_EDGE('',*,*,#851,.T.);
#281=ORIENTED_EDGE('',*,*,#852,.F.);
#282=ORIENTED_EDGE('',*,*,#853,.F.);
#283=ORIENTED_EDGE('',*,*,#849,.T.);
#284=ORIENTED_EDGE('',*,*,#854,.F.);
#285=ORIENTED_EDGE('',*,*,#855,.F.);
#286=ORIENTED_EDGE('',*,*,#856,.T.);
#287=ORIENTED_EDGE('',*,*,#852,.T.);
#288=ORIENTED_EDGE('',*,*,#857,.T.);
#289=ORIENTED_EDGE('',*,*,#858,.F.);
#290=ORIENTED_EDGE('',*,*,#859,.F.);
#291=ORIENTED_EDGE('',*,*,#855,.T.);
#292=ORIENTED_EDGE('',*,*,#860,.T.);
#293=ORIENTED_EDGE('',*,*,#861,.F.);
#294=ORIENTED_EDGE('',*,*,#862,.F.);
#295=ORIENTED_EDGE('',*,*,#858,.T.);
#296=ORIENTED_EDGE('',*,*,#863,.F.);
#297=ORIENTED_EDGE('',*,*,#864,.F.);
#298=ORIENTED_EDGE('',*,*,#865,.T.);
#299=ORIENTED_EDGE('',*,*,#861,.T.);
#300=ORIENTED_EDGE('',*,*,#866,.T.);
#301=ORIENTED_EDGE('',*,*,#867,.F.);
#302=ORIENTED_EDGE('',*,*,#868,.F.);
#303=ORIENTED_EDGE('',*,*,#864,.T.);
#304=ORIENTED_EDGE('',*,*,#869,.T.);
#305=ORIENTED_EDGE('',*,*,#870,.F.);
#306=ORIENTED_EDGE('',*,*,#871,.F.);
#307=ORIENTED_EDGE('',*,*,#867,.T.);
#308=ORIENTED_EDGE('',*,*,#872,.T.);
#309=ORIENTED_EDGE('',*,*,#841,.F.);
#310=ORIENTED_EDGE('',*,*,#873,.F.);
#311=ORIENTED_EDGE('',*,*,#870,.T.);
#312=ORIENTED_EDGE('',*,*,#840,.F.);
#313=ORIENTED_EDGE('',*,*,#844,.F.);
#314=ORIENTED_EDGE('',*,*,#847,.F.);
#315=ORIENTED_EDGE('',*,*,#850,.F.);
#316=ORIENTED_EDGE('',*,*,#853,.T.);
#317=ORIENTED_EDGE('',*,*,#856,.F.);
#318=ORIENTED_EDGE('',*,*,#859,.T.);
#319=ORIENTED_EDGE('',*,*,#862,.T.);
#320=ORIENTED_EDGE('',*,*,#865,.F.);
#321=ORIENTED_EDGE('',*,*,#868,.T.);
#322=ORIENTED_EDGE('',*,*,#871,.T.);
#323=ORIENTED_EDGE('',*,*,#873,.T.);
#324=ORIENTED_EDGE('',*,*,#838,.T.);
#325=ORIENTED_EDGE('',*,*,#872,.F.);
#326=ORIENTED_EDGE('',*,*,#869,.F.);
#327=ORIENTED_EDGE('',*,*,#866,.F.);
#328=ORIENTED_EDGE('',*,*,#863,.T.);
#329=ORIENTED_EDGE('',*,*,#860,.F.);
#330=ORIENTED_EDGE('',*,*,#857,.F.);
#331=ORIENTED_EDGE('',*,*,#854,.T.);
#332=ORIENTED_EDGE('',*,*,#851,.F.);
#333=ORIENTED_EDGE('',*,*,#848,.T.);
#334=ORIENTED_EDGE('',*,*,#845,.T.);
#335=ORIENTED_EDGE('',*,*,#842,.T.);
#336=ORIENTED_EDGE('',*,*,#874,.T.);
#337=ORIENTED_EDGE('',*,*,#875,.F.);
#338=ORIENTED_EDGE('',*,*,#876,.F.);
#339=ORIENTED_EDGE('',*,*,#877,.T.);
#340=ORIENTED_EDGE('',*,*,#878,.T.);
#341=ORIENTED_EDGE('',*,*,#877,.F.);
#342=ORIENTED_EDGE('',*,*,#879,.F.);
#343=ORIENTED_EDGE('',*,*,#880,.T.);
#344=ORIENTED_EDGE('',*,*,#881,.T.);
#345=ORIENTED_EDGE('',*,*,#880,.F.);
#346=ORIENTED_EDGE('',*,*,#882,.F.);
#347=ORIENTED_EDGE('',*,*,#883,.T.);
#348=ORIENTED_EDGE('',*,*,#884,.T.);
#349=ORIENTED_EDGE('',*,*,#883,.F.);
#350=ORIENTED_EDGE('',*,*,#885,.F.);
#351=ORIENTED_EDGE('',*,*,#886,.T.);
#352=ORIENTED_EDGE('',*,*,#887,.F.);
#353=ORIENTED_EDGE('',*,*,#886,.F.);
#354=ORIENTED_EDGE('',*,*,#888,.T.);
#355=ORIENTED_EDGE('',*,*,#889,.T.);
#356=ORIENTED_EDGE('',*,*,#890,.T.);
#357=ORIENTED_EDGE('',*,*,#889,.F.);
#358=ORIENTED_EDGE('',*,*,#891,.F.);
#359=ORIENTED_EDGE('',*,*,#892,.T.);
#360=ORIENTED_EDGE('',*,*,#893,.F.);
#361=ORIENTED_EDGE('',*,*,#892,.F.);
#362=ORIENTED_EDGE('',*,*,#894,.T.);
#363=ORIENTED_EDGE('',*,*,#895,.T.);
#364=ORIENTED_EDGE('',*,*,#896,.F.);
#365=ORIENTED_EDGE('',*,*,#895,.F.);
#366=ORIENTED_EDGE('',*,*,#897,.T.);
#367=ORIENTED_EDGE('',*,*,#898,.T.);
#368=ORIENTED_EDGE('',*,*,#899,.T.);
#369=ORIENTED_EDGE('',*,*,#898,.F.);
#370=ORIENTED_EDGE('',*,*,#900,.F.);
#371=ORIENTED_EDGE('',*,*,#901,.T.);
#372=ORIENTED_EDGE('',*,*,#902,.F.);
#373=ORIENTED_EDGE('',*,*,#901,.F.);
#374=ORIENTED_EDGE('',*,*,#903,.T.);
#375=ORIENTED_EDGE('',*,*,#904,.T.);
#376=ORIENTED_EDGE('',*,*,#905,.F.);
#377=ORIENTED_EDGE('',*,*,#904,.F.);
#378=ORIENTED_EDGE('',*,*,#906,.T.);
#379=ORIENTED_EDGE('',*,*,#907,.T.);
#380=ORIENTED_EDGE('',*,*,#908,.F.);
#381=ORIENTED_EDGE('',*,*,#907,.F.);
#382=ORIENTED_EDGE('',*,*,#909,.T.);
#383=ORIENTED_EDGE('',*,*,#875,.T.);
#384=ORIENTED_EDGE('',*,*,#876,.T.);
#385=ORIENTED_EDGE('',*,*,#909,.F.);
#386=ORIENTED_EDGE('',*,*,#906,.F.);
#387=ORIENTED_EDGE('',*,*,#903,.F.);
#388=ORIENTED_EDGE('',*,*,#900,.T.);
#389=ORIENTED_EDGE('',*,*,#897,.F.);
#390=ORIENTED_EDGE('',*,*,#894,.F.);
#391=ORIENTED_EDGE('',*,*,#891,.T.);
#392=ORIENTED_EDGE('',*,*,#888,.F.);
#393=ORIENTED_EDGE('',*,*,#885,.T.);
#394=ORIENTED_EDGE('',*,*,#882,.T.);
#395=ORIENTED_EDGE('',*,*,#879,.T.);
#396=ORIENTED_EDGE('',*,*,#874,.F.);
#397=ORIENTED_EDGE('',*,*,#878,.F.);
#398=ORIENTED_EDGE('',*,*,#881,.F.);
#399=ORIENTED_EDGE('',*,*,#884,.F.);
#400=ORIENTED_EDGE('',*,*,#887,.T.);
#401=ORIENTED_EDGE('',*,*,#890,.F.);
#402=ORIENTED_EDGE('',*,*,#893,.T.);
#403=ORIENTED_EDGE('',*,*,#896,.T.);
#404=ORIENTED_EDGE('',*,*,#899,.F.);
#405=ORIENTED_EDGE('',*,*,#902,.T.);
#406=ORIENTED_EDGE('',*,*,#905,.T.);
#407=ORIENTED_EDGE('',*,*,#908,.T.);
#408=ORIENTED_EDGE('',*,*,#910,.T.);
#409=ORIENTED_EDGE('',*,*,#911,.F.);
#410=ORIENTED_EDGE('',*,*,#912,.F.);
#411=ORIENTED_EDGE('',*,*,#913,.T.);
#412=ORIENTED_EDGE('',*,*,#914,.T.);
#413=ORIENTED_EDGE('',*,*,#913,.F.);
#414=ORIENTED_EDGE('',*,*,#915,.F.);
#415=ORIENTED_EDGE('',*,*,#916,.T.);
#416=ORIENTED_EDGE('',*,*,#917,.T.);
#417=ORIENTED_EDGE('',*,*,#916,.F.);
#418=ORIENTED_EDGE('',*,*,#918,.F.);
#419=ORIENTED_EDGE('',*,*,#919,.T.);
#420=ORIENTED_EDGE('',*,*,#920,.T.);
#421=ORIENTED_EDGE('',*,*,#919,.F.);
#422=ORIENTED_EDGE('',*,*,#921,.F.);
#423=ORIENTED_EDGE('',*,*,#922,.T.);
#424=ORIENTED_EDGE('',*,*,#923,.F.);
#425=ORIENTED_EDGE('',*,*,#922,.F.);
#426=ORIENTED_EDGE('',*,*,#924,.T.);
#427=ORIENTED_EDGE('',*,*,#925,.T.);
#428=ORIENTED_EDGE('',*,*,#926,.T.);
#429=ORIENTED_EDGE('',*,*,#925,.F.);
#430=ORIENTED_EDGE('',*,*,#927,.F.);
#431=ORIENTED_EDGE('',*,*,#928,.T.);
#432=ORIENTED_EDGE('',*,*,#929,.F.);
#433=ORIENTED_EDGE('',*,*,#928,.F.);
#434=ORIENTED_EDGE('',*,*,#930,.T.);
#435=ORIENTED_EDGE('',*,*,#931,.T.);
#436=ORIENTED_EDGE('',*,*,#932,.F.);
#437=ORIENTED_EDGE('',*,*,#931,.F.);
#438=ORIENTED_EDGE('',*,*,#933,.T.);
#439=ORIENTED_EDGE('',*,*,#934,.T.);
#440=ORIENTED_EDGE('',*,*,#935,.T.);
#441=ORIENTED_EDGE('',*,*,#934,.F.);
#442=ORIENTED_EDGE('',*,*,#936,.F.);
#443=ORIENTED_EDGE('',*,*,#937,.T.);
#444=ORIENTED_EDGE('',*,*,#938,.F.);
#445=ORIENTED_EDGE('',*,*,#937,.F.);
#446=ORIENTED_EDGE('',*,*,#939,.T.);
#447=ORIENTED_EDGE('',*,*,#940,.T.);
#448=ORIENTED_EDGE('',*,*,#941,.F.);
#449=ORIENTED_EDGE('',*,*,#940,.F.);
#450=ORIENTED_EDGE('',*,*,#942,.T.);
#451=ORIENTED_EDGE('',*,*,#943,.T.);
#452=ORIENTED_EDGE('',*,*,#944,.F.);
#453=ORIENTED_EDGE('',*,*,#943,.F.);
#454=ORIENTED_EDGE('',*,*,#945,.T.);
#455=ORIENTED_EDGE('',*,*,#911,.T.);
#456=ORIENTED_EDGE('',*,*,#912,.T.);
#457=ORIENTED_EDGE('',*,*,#945,.F.);
#458=ORIENTED_EDGE('',*,*,#942,.F.);
#459=ORIENTED_EDGE('',*,*,#939,.F.);
#460=ORIENTED_EDGE('',*,*,#936,.T.);
#461=ORIENTED_EDGE('',*,*,#933,.F.);
#462=ORIENTED_EDGE('',*,*,#930,.F.);
#463=ORIENTED_EDGE('',*,*,#927,.T.);
#464=ORIENTED_EDGE('',*,*,#924,.F.);
#465=ORIENTED_EDGE('',*,*,#921,.T.);
#466=ORIENTED_EDGE('',*,*,#918,.T.);
#467=ORIENTED_EDGE('',*,*,#915,.T.);
#468=ORIENTED_EDGE('',*,*,#910,.F.);
#469=ORIENTED_EDGE('',*,*,#914,.F.);
#470=ORIENTED_EDGE('',*,*,#917,.F.);
#471=ORIENTED_EDGE('',*,*,#920,.F.);
#472=ORIENTED_EDGE('',*,*,#923,.T.);
#473=ORIENTED_EDGE('',*,*,#926,.F.);
#474=ORIENTED_EDGE('',*,*,#929,.T.);
#475=ORIENTED_EDGE('',*,*,#932,.T.);
#476=ORIENTED_EDGE('',*,*,#935,.F.);
#477=ORIENTED_EDGE('',*,*,#938,.T.);
#478=ORIENTED_EDGE('',*,*,#941,.T.);
#479=ORIENTED_EDGE('',*,*,#944,.T.);
#480=ORIENTED_EDGE('',*,*,#946,.T.);
#481=ORIENTED_EDGE('',*,*,#947,.F.);
#482=ORIENTED_EDGE('',*,*,#948,.F.);
#483=ORIENTED_EDGE('',*,*,#949,.T.);
#484=ORIENTED_EDGE('',*,*,#950,.T.);
#485=ORIENTED_EDGE('',*,*,#949,.F.);
#486=ORIENTED_EDGE('',*,*,#951,.F.);
#487=ORIENTED_EDGE('',*,*,#952,.T.);
#488=ORIENTED_EDGE('',*,*,#953,.T.);
#489=ORIENTED_EDGE('',*,*,#952,.F.);
#490=ORIENTED_EDGE('',*,*,#954,.F.);
#491=ORIENTED_EDGE('',*,*,#955,.T.);
#492=ORIENTED_EDGE('',*,*,#956,.T.);
#493=ORIENTED_EDGE('',*,*,#955,.F.);
#494=ORIENTED_EDGE('',*,*,#957,.F.);
#495=ORIENTED_EDGE('',*,*,#958,.T.);
#496=ORIENTED_EDGE('',*,*,#959,.F.);
#497=ORIENTED_EDGE('',*,*,#958,.F.);
#498=ORIENTED_EDGE('',*,*,#960,.T.);
#499=ORIENTED_EDGE('',*,*,#961,.T.);
#500=ORIENTED_EDGE('',*,*,#962,.T.);
#501=ORIENTED_EDGE('',*,*,#961,.F.);
#502=ORIENTED_EDGE('',*,*,#963,.F.);
#503=ORIENTED_EDGE('',*,*,#964,.T.);
#504=ORIENTED_EDGE('',*,*,#965,.F.);
#505=ORIENTED_EDGE('',*,*,#964,.F.);
#506=ORIENTED_EDGE('',*,*,#966,.T.);
#507=ORIENTED_EDGE('',*,*,#967,.T.);
#508=ORIENTED_EDGE('',*,*,#968,.F.);
#509=ORIENTED_EDGE('',*,*,#967,.F.);
#510=ORIENTED_EDGE('',*,*,#969,.T.);
#511=ORIENTED_EDGE('',*,*,#970,.T.);
#512=ORIENTED_EDGE('',*,*,#971,.T.);
#513=ORIENTED_EDGE('',*,*,#970,.F.);
#514=ORIENTED_EDGE('',*,*,#972,.F.);
#515=ORIENTED_EDGE('',*,*,#973,.T.);
#516=ORIENTED_EDGE('',*,*,#974,.F.);
#517=ORIENTED_EDGE('',*,*,#973,.F.);
#518=ORIENTED_EDGE('',*,*,#975,.T.);
#519=ORIENTED_EDGE('',*,*,#976,.T.);
#520=ORIENTED_EDGE('',*,*,#977,.F.);
#521=ORIENTED_EDGE('',*,*,#976,.F.);
#522=ORIENTED_EDGE('',*,*,#978,.T.);
#523=ORIENTED_EDGE('',*,*,#979,.T.);
#524=ORIENTED_EDGE('',*,*,#980,.F.);
#525=ORIENTED_EDGE('',*,*,#979,.F.);
#526=ORIENTED_EDGE('',*,*,#981,.T.);
#527=ORIENTED_EDGE('',*,*,#947,.T.);
#528=ORIENTED_EDGE('',*,*,#948,.T.);
#529=ORIENTED_EDGE('',*,*,#981,.F.);
#530=ORIENTED_EDGE('',*,*,#978,.F.);
#531=ORIENTED_EDGE('',*,*,#975,.F.);
#532=ORIENTED_EDGE('',*,*,#972,.T.);
#533=ORIENTED_EDGE('',*,*,#969,.F.);
#534=ORIENTED_EDGE('',*,*,#966,.F.);
#535=ORIENTED_EDGE('',*,*,#963,.T.);
#536=ORIENTED_EDGE('',*,*,#960,.F.);
#537=ORIENTED_EDGE('',*,*,#957,.T.);
#538=ORIENTED_EDGE('',*,*,#954,.T.);
#539=ORIENTED_EDGE('',*,*,#951,.T.);
#540=ORIENTED_EDGE('',*,*,#946,.F.);
#541=ORIENTED_EDGE('',*,*,#950,.F.);
#542=ORIENTED_EDGE('',*,*,#953,.F.);
#543=ORIENTED_EDGE('',*,*,#956,.F.);
#544=ORIENTED_EDGE('',*,*,#959,.T.);
#545=ORIENTED_EDGE('',*,*,#962,.F.);
#546=ORIENTED_EDGE('',*,*,#965,.T.);
#547=ORIENTED_EDGE('',*,*,#968,.T.);
#548=ORIENTED_EDGE('',*,*,#971,.F.);
#549=ORIENTED_EDGE('',*,*,#974,.T.);
#550=ORIENTED_EDGE('',*,*,#977,.T.);
#551=ORIENTED_EDGE('',*,*,#980,.T.);
#552=ORIENTED_EDGE('',*,*,#982,.T.);
#553=ORIENTED_EDGE('',*,*,#983,.F.);
#554=ORIENTED_EDGE('',*,*,#984,.F.);
#555=ORIENTED_EDGE('',*,*,#985,.T.);
#556=ORIENTED_EDGE('',*,*,#986,.T.);
#557=ORIENTED_EDGE('',*,*,#985,.F.);
#558=ORIENTED_EDGE('',*,*,#987,.F.);
#559=ORIENTED_EDGE('',*,*,#988,.T.);
#560=ORIENTED_EDGE('',*,*,#989,.T.);
#561=ORIENTED_EDGE('',*,*,#988,.F.);
#562=ORIENTED_EDGE('',*,*,#990,.F.);
#563=ORIENTED_EDGE('',*,*,#991,.T.);
#564=ORIENTED_EDGE('',*,*,#992,.T.);
#565=ORIENTED_EDGE('',*,*,#991,.F.);
#566=ORIENTED_EDGE('',*,*,#993,.F.);
#567=ORIENTED_EDGE('',*,*,#994,.T.);
#568=ORIENTED_EDGE('',*,*,#995,.F.);
#569=ORIENTED_EDGE('',*,*,#994,.F.);
#570=ORIENTED_EDGE('',*,*,#996,.T.);
#571=ORIENTED_EDGE('',*,*,#997,.T.);
#572=ORIENTED_EDGE('',*,*,#998,.T.);
#573=ORIENTED_EDGE('',*,*,#997,.F.);
#574=ORIENTED_EDGE('',*,*,#999,.F.);
#575=ORIENTED_EDGE('',*,*,#1000,.T.);
#576=ORIENTED_EDGE('',*,*,#1001,.F.);
#577=ORIENTED_EDGE('',*,*,#1000,.F.);
#578=ORIENTED_EDGE('',*,*,#1002,.T.);
#579=ORIENTED_EDGE('',*,*,#1003,.T.);
#580=ORIENTED_EDGE('',*,*,#1004,.F.);
#581=ORIENTED_EDGE('',*,*,#1003,.F.);
#582=ORIENTED_EDGE('',*,*,#1005,.T.);
#583=ORIENTED_EDGE('',*,*,#1006,.T.);
#584=ORIENTED_EDGE('',*,*,#1007,.T.);
#585=ORIENTED_EDGE('',*,*,#1006,.F.);
#586=ORIENTED_EDGE('',*,*,#1008,.F.);
#587=ORIENTED_EDGE('',*,*,#1009,.T.);
#588=ORIENTED_EDGE('',*,*,#1010,.F.);
#589=ORIENTED_EDGE('',*,*,#1009,.F.);
#590=ORIENTED_EDGE('',*,*,#1011,.T.);
#591=ORIENTED_EDGE('',*,*,#1012,.T.);
#592=ORIENTED_EDGE('',*,*,#1013,.F.);
#593=ORIENTED_EDGE('',*,*,#1012,.F.);
#594=ORIENTED_EDGE('',*,*,#1014,.T.);
#595=ORIENTED_EDGE('',*,*,#1015,.T.);
#596=ORIENTED_EDGE('',*,*,#1016,.F.);
#597=ORIENTED_EDGE('',*,*,#1015,.F.);
#598=ORIENTED_EDGE('',*,*,#1017,.T.);
#599=ORIENTED_EDGE('',*,*,#983,.T.);
#600=ORIENTED_EDGE('',*,*,#984,.T.);
#601=ORIENTED_EDGE('',*,*,#1017,.F.);
#602=ORIENTED_EDGE('',*,*,#1014,.F.);
#603=ORIENTED_EDGE('',*,*,#1011,.F.);
#604=ORIENTED_EDGE('',*,*,#1008,.T.);
#605=ORIENTED_EDGE('',*,*,#1005,.F.);
#606=ORIENTED_EDGE('',*,*,#1002,.F.);
#607=ORIENTED_EDGE('',*,*,#999,.T.);
#608=ORIENTED_EDGE('',*,*,#996,.F.);
#609=ORIENTED_EDGE('',*,*,#993,.T.);
#610=ORIENTED_EDGE('',*,*,#990,.T.);
#611=ORIENTED_EDGE('',*,*,#987,.T.);
#612=ORIENTED_EDGE('',*,*,#982,.F.);
#613=ORIENTED_EDGE('',*,*,#986,.F.);
#614=ORIENTED_EDGE('',*,*,#989,.F.);
#615=ORIENTED_EDGE('',*,*,#992,.F.);
#616=ORIENTED_EDGE('',*,*,#995,.T.);
#617=ORIENTED_EDGE('',*,*,#998,.F.);
#618=ORIENTED_EDGE('',*,*,#1001,.T.);
#619=ORIENTED_EDGE('',*,*,#1004,.T.);
#620=ORIENTED_EDGE('',*,*,#1007,.F.);
#621=ORIENTED_EDGE('',*,*,#1010,.T.);
#622=ORIENTED_EDGE('',*,*,#1013,.T.);
#623=ORIENTED_EDGE('',*,*,#1016,.T.);
#624=ORIENTED_EDGE('',*,*,#1018,.F.);
#625=ORIENTED_EDGE('',*,*,#1019,.F.);
#626=ORIENTED_EDGE('',*,*,#1020,.T.);
#627=ORIENTED_EDGE('',*,*,#1021,.T.);
#628=ORIENTED_EDGE('',*,*,#1022,.F.);
#629=ORIENTED_EDGE('',*,*,#1023,.F.);
#630=ORIENTED_EDGE('',*,*,#1024,.T.);
#631=ORIENTED_EDGE('',*,*,#1019,.T.);
#632=ORIENTED_EDGE('',*,*,#1025,.F.);
#633=ORIENTED_EDGE('',*,*,#1026,.F.);
#634=ORIENTED_EDGE('',*,*,#1027,.T.);
#635=ORIENTED_EDGE('',*,*,#1023,.T.);
#636=ORIENTED_EDGE('',*,*,#1028,.F.);
#637=ORIENTED_EDGE('',*,*,#1029,.F.);
#638=ORIENTED_EDGE('',*,*,#1030,.T.);
#639=ORIENTED_EDGE('',*,*,#1026,.T.);
#640=ORIENTED_EDGE('',*,*,#1031,.T.);
#641=ORIENTED_EDGE('',*,*,#1032,.F.);
#642=ORIENTED_EDGE('',*,*,#1033,.F.);
#643=ORIENTED_EDGE('',*,*,#1029,.T.);
#644=ORIENTED_EDGE('',*,*,#1034,.F.);
#645=ORIENTED_EDGE('',*,*,#1035,.F.);
#646=ORIENTED_EDGE('',*,*,#1036,.T.);
#647=ORIENTED_EDGE('',*,*,#1032,.T.);
#648=ORIENTED_EDGE('',*,*,#1037,.T.);
#649=ORIENTED_EDGE('',*,*,#1038,.F.);
#650=ORIENTED_EDGE('',*,*,#1039,.F.);
#651=ORIENTED_EDGE('',*,*,#1035,.T.);
#652=ORIENTED_EDGE('',*,*,#1040,.T.);
#653=ORIENTED_EDGE('',*,*,#1041,.F.);
#654=ORIENTED_EDGE('',*,*,#1042,.F.);
#655=ORIENTED_EDGE('',*,*,#1038,.T.);
#656=ORIENTED_EDGE('',*,*,#1043,.F.);
#657=ORIENTED_EDGE('',*,*,#1044,.F.);
#658=ORIENTED_EDGE('',*,*,#1045,.T.);
#659=ORIENTED_EDGE('',*,*,#1041,.T.);
#660=ORIENTED_EDGE('',*,*,#1046,.T.);
#661=ORIENTED_EDGE('',*,*,#1047,.F.);
#662=ORIENTED_EDGE('',*,*,#1048,.F.);
#663=ORIENTED_EDGE('',*,*,#1044,.T.);
#664=ORIENTED_EDGE('',*,*,#1049,.T.);
#665=ORIENTED_EDGE('',*,*,#1050,.F.);
#666=ORIENTED_EDGE('',*,*,#1051,.F.);
#667=ORIENTED_EDGE('',*,*,#1047,.T.);
#668=ORIENTED_EDGE('',*,*,#1052,.T.);
#669=ORIENTED_EDGE('',*,*,#1021,.F.);
#670=ORIENTED_EDGE('',*,*,#1053,.F.);
#671=ORIENTED_EDGE('',*,*,#1050,.T.);
#672=ORIENTED_EDGE('',*,*,#1020,.F.);
#673=ORIENTED_EDGE('',*,*,#1024,.F.);
#674=ORIENTED_EDGE('',*,*,#1027,.F.);
#675=ORIENTED_EDGE('',*,*,#1030,.F.);
#676=ORIENTED_EDGE('',*,*,#1033,.T.);
#677=ORIENTED_EDGE('',*,*,#1036,.F.);
#678=ORIENTED_EDGE('',*,*,#1039,.T.);
#679=ORIENTED_EDGE('',*,*,#1042,.T.);
#680=ORIENTED_EDGE('',*,*,#1045,.F.);
#681=ORIENTED_EDGE('',*,*,#1048,.T.);
#682=ORIENTED_EDGE('',*,*,#1051,.T.);
#683=ORIENTED_EDGE('',*,*,#1053,.T.);
#684=ORIENTED_EDGE('',*,*,#1018,.T.);
#685=ORIENTED_EDGE('',*,*,#1052,.F.);
#686=ORIENTED_EDGE('',*,*,#1049,.F.);
#687=ORIENTED_EDGE('',*,*,#1046,.F.);
#688=ORIENTED_EDGE('',*,*,#1043,.T.);
#689=ORIENTED_EDGE('',*,*,#1040,.F.);
#690=ORIENTED_EDGE('',*,*,#1037,.F.);
#691=ORIENTED_EDGE('',*,*,#1034,.T.);
#692=ORIENTED_EDGE('',*,*,#1031,.F.);
#693=ORIENTED_EDGE('',*,*,#1028,.T.);
#694=ORIENTED_EDGE('',*,*,#1025,.T.);
#695=ORIENTED_EDGE('',*,*,#1022,.T.);
#696=ORIENTED_EDGE('',*,*,#1054,.F.);
#697=ORIENTED_EDGE('',*,*,#1055,.F.);
#698=ORIENTED_EDGE('',*,*,#1056,.T.);
#699=ORIENTED_EDGE('',*,*,#1057,.T.);
#700=ORIENTED_EDGE('',*,*,#1058,.F.);
#701=ORIENTED_EDGE('',*,*,#1059,.F.);
#702=ORIENTED_EDGE('',*,*,#1060,.T.);
#703=ORIENTED_EDGE('',*,*,#1055,.T.);
#704=ORIENTED_EDGE('',*,*,#1061,.F.);
#705=ORIENTED_EDGE('',*,*,#1062,.F.);
#706=ORIENTED_EDGE('',*,*,#1063,.T.);
#707=ORIENTED_EDGE('',*,*,#1059,.T.);
#708=ORIENTED_EDGE('',*,*,#1064,.F.);
#709=ORIENTED_EDGE('',*,*,#1065,.F.);
#710=ORIENTED_EDGE('',*,*,#1066,.T.);
#711=ORIENTED_EDGE('',*,*,#1062,.T.);
#712=ORIENTED_EDGE('',*,*,#1067,.T.);
#713=ORIENTED_EDGE('',*,*,#1068,.F.);
#714=ORIENTED_EDGE('',*,*,#1069,.F.);
#715=ORIENTED_EDGE('',*,*,#1065,.T.);
#716=ORIENTED_EDGE('',*,*,#1070,.F.);
#717=ORIENTED_EDGE('',*,*,#1071,.F.);
#718=ORIENTED_EDGE('',*,*,#1072,.T.);
#719=ORIENTED_EDGE('',*,*,#1068,.T.);
#720=ORIENTED_EDGE('',*,*,#1073,.T.);
#721=ORIENTED_EDGE('',*,*,#1074,.F.);
#722=ORIENTED_EDGE('',*,*,#1075,.F.);
#723=ORIENTED_EDGE('',*,*,#1071,.T.);
#724=ORIENTED_EDGE('',*,*,#1076,.T.);
#725=ORIENTED_EDGE('',*,*,#1077,.F.);
#726=ORIENTED_EDGE('',*,*,#1078,.F.);
#727=ORIENTED_EDGE('',*,*,#1074,.T.);
#728=ORIENTED_EDGE('',*,*,#1079,.F.);
#729=ORIENTED_EDGE('',*,*,#1080,.F.);
#730=ORIENTED_EDGE('',*,*,#1081,.T.);
#731=ORIENTED_EDGE('',*,*,#1077,.T.);
#732=ORIENTED_EDGE('',*,*,#1082,.T.);
#733=ORIENTED_EDGE('',*,*,#1083,.F.);
#734=ORIENTED_EDGE('',*,*,#1084,.F.);
#735=ORIENTED_EDGE('',*,*,#1080,.T.);
#736=ORIENTED_EDGE('',*,*,#1085,.T.);
#737=ORIENTED_EDGE('',*,*,#1086,.F.);
#738=ORIENTED_EDGE('',*,*,#1087,.F.);
#739=ORIENTED_EDGE('',*,*,#1083,.T.);
#740=ORIENTED_EDGE('',*,*,#1088,.T.);
#741=ORIENTED_EDGE('',*,*,#1057,.F.);
#742=ORIENTED_EDGE('',*,*,#1089,.F.);
#743=ORIENTED_EDGE('',*,*,#1086,.T.);
#744=ORIENTED_EDGE('',*,*,#1056,.F.);
#745=ORIENTED_EDGE('',*,*,#1060,.F.);
#746=ORIENTED_EDGE('',*,*,#1063,.F.);
#747=ORIENTED_EDGE('',*,*,#1066,.F.);
#748=ORIENTED_EDGE('',*,*,#1069,.T.);
#749=ORIENTED_EDGE('',*,*,#1072,.F.);
#750=ORIENTED_EDGE('',*,*,#1075,.T.);
#751=ORIENTED_EDGE('',*,*,#1078,.T.);
#752=ORIENTED_EDGE('',*,*,#1081,.F.);
#753=ORIENTED_EDGE('',*,*,#1084,.T.);
#754=ORIENTED_EDGE('',*,*,#1087,.T.);
#755=ORIENTED_EDGE('',*,*,#1089,.T.);
#756=ORIENTED_EDGE('',*,*,#1054,.T.);
#757=ORIENTED_EDGE('',*,*,#1088,.F.);
#758=ORIENTED_EDGE('',*,*,#1085,.F.);
#759=ORIENTED_EDGE('',*,*,#1082,.F.);
#760=ORIENTED_EDGE('',*,*,#1079,.T.);
#761=ORIENTED_EDGE('',*,*,#1076,.F.);
#762=ORIENTED_EDGE('',*,*,#1073,.F.);
#763=ORIENTED_EDGE('',*,*,#1070,.T.);
#764=ORIENTED_EDGE('',*,*,#1067,.F.);
#765=ORIENTED_EDGE('',*,*,#1064,.T.);
#766=ORIENTED_EDGE('',*,*,#1061,.T.);
#767=ORIENTED_EDGE('',*,*,#1058,.T.);
#768=ORIENTED_EDGE('',*,*,#1090,.F.);
#769=ORIENTED_EDGE('',*,*,#1090,.T.);
#770=ORIENTED_EDGE('',*,*,#1091,.T.);
#771=ORIENTED_EDGE('',*,*,#1091,.F.);
#772=EDGE_CURVE('',#1092,#1093,#1304,.T.);
#773=EDGE_CURVE('',#1094,#1092,#1305,.T.);
#774=EDGE_CURVE('',#1094,#1095,#1306,.T.);
#775=EDGE_CURVE('',#1095,#1093,#1307,.T.);
#776=EDGE_CURVE('',#1096,#1092,#1308,.T.);
#777=EDGE_CURVE('',#1097,#1096,#1309,.T.);
#778=EDGE_CURVE('',#1097,#1094,#1310,.T.);
#779=EDGE_CURVE('',#1098,#1096,#30,.T.);
#780=EDGE_CURVE('',#1099,#1098,#1311,.T.);
#781=EDGE_CURVE('',#1099,#1097,#31,.T.);
#782=EDGE_CURVE('',#1100,#1098,#1312,.T.);
#783=EDGE_CURVE('',#1101,#1100,#1313,.T.);
#784=EDGE_CURVE('',#1101,#1099,#1314,.T.);
#785=EDGE_CURVE('',#1100,#1102,#32,.T.);
#786=EDGE_CURVE('',#1103,#1102,#1315,.T.);
#787=EDGE_CURVE('',#1101,#1103,#33,.T.);
#788=EDGE_CURVE('',#1104,#1102,#1316,.T.);
#789=EDGE_CURVE('',#1105,#1104,#1317,.T.);
#790=EDGE_CURVE('',#1105,#1103,#1318,.T.);
#791=EDGE_CURVE('',#1104,#1106,#1319,.T.);
#792=EDGE_CURVE('',#1107,#1106,#1320,.T.);
#793=EDGE_CURVE('',#1105,#1107,#1321,.T.);
#794=EDGE_CURVE('',#1106,#1108,#1322,.T.);
#795=EDGE_CURVE('',#1109,#1108,#1323,.T.);
#796=EDGE_CURVE('',#1107,#1109,#1324,.T.);
#797=EDGE_CURVE('',#1110,#1108,#34,.T.);
#798=EDGE_CURVE('',#1111,#1110,#1325,.T.);
#799=EDGE_CURVE('',#1111,#1109,#35,.T.);
#800=EDGE_CURVE('',#1110,#1112,#1326,.T.);
#801=EDGE_CURVE('',#1113,#1112,#1327,.T.);
#802=EDGE_CURVE('',#1111,#1113,#1328,.T.);
#803=EDGE_CURVE('',#1112,#1114,#36,.T.);
#804=EDGE_CURVE('',#1115,#1114,#1329,.T.);
#805=EDGE_CURVE('',#1113,#1115,#37,.T.);
#806=EDGE_CURVE('',#1114,#1093,#1330,.T.);
#807=EDGE_CURVE('',#1115,#1095,#1331,.T.);
#808=EDGE_CURVE('',#1116,#1117,#1332,.T.);
#809=EDGE_CURVE('',#1118,#1116,#1333,.T.);
#810=EDGE_CURVE('',#1118,#1119,#1334,.T.);
#811=EDGE_CURVE('',#1119,#1117,#1335,.T.);
#812=EDGE_CURVE('',#1120,#1120,#38,.T.);
#813=EDGE_CURVE('',#1121,#1122,#1336,.T.);
#814=EDGE_CURVE('',#1121,#1123,#1337,.T.);
#815=EDGE_CURVE('',#1123,#1124,#1338,.T.);
#816=EDGE_CURVE('',#1122,#1124,#1339,.T.);
#817=EDGE_CURVE('',#1116,#1125,#1340,.T.);
#818=EDGE_CURVE('',#1126,#1125,#1341,.T.);
#819=EDGE_CURVE('',#1118,#1126,#1342,.T.);
#820=EDGE_CURVE('',#1121,#1127,#1343,.T.);
#821=EDGE_CURVE('',#1127,#1128,#1344,.T.);
#822=EDGE_CURVE('',#1123,#1128,#1345,.T.);
#823=EDGE_CURVE('',#1122,#1129,#1346,.T.);
#824=EDGE_CURVE('',#1124,#1130,#1347,.T.);
#825=EDGE_CURVE('',#1129,#1130,#1348,.T.);
#826=EDGE_CURVE('',#1117,#1131,#1349,.T.);
#827=EDGE_CURVE('',#1119,#1132,#1350,.T.);
#828=EDGE_CURVE('',#1132,#1131,#1351,.T.);
#829=EDGE_CURVE('',#1126,#1132,#1352,.T.);
#830=EDGE_CURVE('',#1126,#1127,#1353,.T.);
#831=EDGE_CURVE('',#1127,#1129,#1354,.T.);
#832=EDGE_CURVE('',#1132,#1129,#1355,.T.);
#833=EDGE_CURVE('',#1125,#1128,#1356,.T.);
#834=EDGE_CURVE('',#1125,#1131,#1357,.T.);
#835=EDGE_CURVE('',#1131,#1130,#1358,.T.);
#836=EDGE_CURVE('',#1128,#1130,#1359,.T.);
#837=EDGE_CURVE('',#1133,#1133,#39,.T.);
#838=EDGE_CURVE('',#1134,#1135,#1360,.T.);
#839=EDGE_CURVE('',#1136,#1134,#1361,.T.);
#840=EDGE_CURVE('',#1136,#1137,#1362,.T.);
#841=EDGE_CURVE('',#1137,#1135,#1363,.T.);
#842=EDGE_CURVE('',#1138,#1134,#1364,.T.);
#843=EDGE_CURVE('',#1139,#1138,#1365,.T.);
#844=EDGE_CURVE('',#1139,#1136,#1366,.T.);
#845=EDGE_CURVE('',#1140,#1138,#40,.T.);
#846=EDGE_CURVE('',#1141,#1140,#1367,.T.);
#847=EDGE_CURVE('',#1141,#1139,#41,.T.);
#848=EDGE_CURVE('',#1142,#1140,#1368,.T.);
#849=EDGE_CURVE('',#1143,#1142,#1369,.T.);
#850=EDGE_CURVE('',#1143,#1141,#1370,.T.);
#851=EDGE_CURVE('',#1142,#1144,#42,.T.);
#852=EDGE_CURVE('',#1145,#1144,#1371,.T.);
#853=EDGE_CURVE('',#1143,#1145,#43,.T.);
#854=EDGE_CURVE('',#1146,#1144,#1372,.T.);
#855=EDGE_CURVE('',#1147,#1146,#1373,.T.);
#856=EDGE_CURVE('',#1147,#1145,#1374,.T.);
#857=EDGE_CURVE('',#1146,#1148,#1375,.T.);
#858=EDGE_CURVE('',#1149,#1148,#1376,.T.);
#859=EDGE_CURVE('',#1147,#1149,#1377,.T.);
#860=EDGE_CURVE('',#1148,#1150,#1378,.T.);
#861=EDGE_CURVE('',#1151,#1150,#1379,.T.);
#862=EDGE_CURVE('',#1149,#1151,#1380,.T.);
#863=EDGE_CURVE('',#1152,#1150,#44,.T.);
#864=EDGE_CURVE('',#1153,#1152,#1381,.T.);
#865=EDGE_CURVE('',#1153,#1151,#45,.T.);
#866=EDGE_CURVE('',#1152,#1154,#1382,.T.);
#867=EDGE_CURVE('',#1155,#1154,#1383,.T.);
#868=EDGE_CURVE('',#1153,#1155,#1384,.T.);
#869=EDGE_CURVE('',#1154,#1156,#46,.T.);
#870=EDGE_CURVE('',#1157,#1156,#1385,.T.);
#871=EDGE_CURVE('',#1155,#1157,#47,.T.);
#872=EDGE_CURVE('',#1156,#1135,#1386,.T.);
#873=EDGE_CURVE('',#1157,#1137,#1387,.T.);
#874=EDGE_CURVE('',#1158,#1159,#1388,.T.);
#875=EDGE_CURVE('',#1160,#1159,#1389,.T.);
#876=EDGE_CURVE('',#1161,#1160,#1390,.T.);
#877=EDGE_CURVE('',#1161,#1158,#1391,.T.);
#878=EDGE_CURVE('',#1162,#1158,#1392,.T.);
#879=EDGE_CURVE('',#1163,#1161,#1393,.T.);
#880=EDGE_CURVE('',#1163,#1162,#1394,.T.);
#881=EDGE_CURVE('',#1164,#1162,#48,.T.);
#882=EDGE_CURVE('',#1165,#1163,#49,.T.);
#883=EDGE_CURVE('',#1165,#1164,#1395,.T.);
#884=EDGE_CURVE('',#1166,#1164,#1396,.T.);
#885=EDGE_CURVE('',#1167,#1165,#1397,.T.);
#886=EDGE_CURVE('',#1167,#1166,#1398,.T.);
#887=EDGE_CURVE('',#1166,#1168,#50,.T.);
#888=EDGE_CURVE('',#1167,#1169,#51,.T.);
#889=EDGE_CURVE('',#1169,#1168,#1399,.T.);
#890=EDGE_CURVE('',#1170,#1168,#1400,.T.);
#891=EDGE_CURVE('',#1171,#1169,#1401,.T.);
#892=EDGE_CURVE('',#1171,#1170,#1402,.T.);
#893=EDGE_CURVE('',#1170,#1172,#1403,.T.);
#894=EDGE_CURVE('',#1171,#1173,#1404,.T.);
#895=EDGE_CURVE('',#1173,#1172,#1405,.T.);
#896=EDGE_CURVE('',#1172,#1174,#1406,.T.);
#897=EDGE_CURVE('',#1173,#1175,#1407,.T.);
#898=EDGE_CURVE('',#1175,#1174,#1408,.T.);
#899=EDGE_CURVE('',#1176,#1174,#52,.T.);
#900=EDGE_CURVE('',#1177,#1175,#53,.T.);
#901=EDGE_CURVE('',#1177,#1176,#1409,.T.);
#902=EDGE_CURVE('',#1176,#1178,#1410,.T.);
#903=EDGE_CURVE('',#1177,#1179,#1411,.T.);
#904=EDGE_CURVE('',#1179,#1178,#1412,.T.);
#905=EDGE_CURVE('',#1178,#1180,#54,.T.);
#906=EDGE_CURVE('',#1179,#1181,#55,.T.);
#907=EDGE_CURVE('',#1181,#1180,#1413,.T.);
#908=EDGE_CURVE('',#1180,#1159,#1414,.T.);
#909=EDGE_CURVE('',#1181,#1160,#1415,.T.);
#910=EDGE_CURVE('',#1182,#1183,#1416,.T.);
#911=EDGE_CURVE('',#1184,#1183,#1417,.T.);
#912=EDGE_CURVE('',#1185,#1184,#1418,.T.);
#913=EDGE_CURVE('',#1185,#1182,#1419,.T.);
#914=EDGE_CURVE('',#1186,#1182,#1420,.T.);
#915=EDGE_CURVE('',#1187,#1185,#1421,.T.);
#916=EDGE_CURVE('',#1187,#1186,#1422,.T.);
#917=EDGE_CURVE('',#1188,#1186,#56,.T.);
#918=EDGE_CURVE('',#1189,#1187,#57,.T.);
#919=EDGE_CURVE('',#1189,#1188,#1423,.T.);
#920=EDGE_CURVE('',#1190,#1188,#1424,.T.);
#921=EDGE_CURVE('',#1191,#1189,#1425,.T.);
#922=EDGE_CURVE('',#1191,#1190,#1426,.T.);
#923=EDGE_CURVE('',#1190,#1192,#58,.T.);
#924=EDGE_CURVE('',#1191,#1193,#59,.T.);
#925=EDGE_CURVE('',#1193,#1192,#1427,.T.);
#926=EDGE_CURVE('',#1194,#1192,#1428,.T.);
#927=EDGE_CURVE('',#1195,#1193,#1429,.T.);
#928=EDGE_CURVE('',#1195,#1194,#1430,.T.);
#929=EDGE_CURVE('',#1194,#1196,#1431,.T.);
#930=EDGE_CURVE('',#1195,#1197,#1432,.T.);
#931=EDGE_CURVE('',#1197,#1196,#1433,.T.);
#932=EDGE_CURVE('',#1196,#1198,#1434,.T.);
#933=EDGE_CURVE('',#1197,#1199,#1435,.T.);
#934=EDGE_CURVE('',#1199,#1198,#1436,.T.);
#935=EDGE_CURVE('',#1200,#1198,#60,.T.);
#936=EDGE_CURVE('',#1201,#1199,#61,.T.);
#937=EDGE_CURVE('',#1201,#1200,#1437,.T.);
#938=EDGE_CURVE('',#1200,#1202,#1438,.T.);
#939=EDGE_CURVE('',#1201,#1203,#1439,.T.);
#940=EDGE_CURVE('',#1203,#1202,#1440,.T.);
#941=EDGE_CURVE('',#1202,#1204,#62,.T.);
#942=EDGE_CURVE('',#1203,#1205,#63,.T.);
#943=EDGE_CURVE('',#1205,#1204,#1441,.T.);
#944=EDGE_CURVE('',#1204,#1183,#1442,.T.);
#945=EDGE_CURVE('',#1205,#1184,#1443,.T.);
#946=EDGE_CURVE('',#1206,#1207,#1444,.T.);
#947=EDGE_CURVE('',#1208,#1207,#1445,.T.);
#948=EDGE_CURVE('',#1209,#1208,#1446,.T.);
#949=EDGE_CURVE('',#1209,#1206,#1447,.T.);
#950=EDGE_CURVE('',#1210,#1206,#1448,.T.);
#951=EDGE_CURVE('',#1211,#1209,#1449,.T.);
#952=EDGE_CURVE('',#1211,#1210,#1450,.T.);
#953=EDGE_CURVE('',#1212,#1210,#64,.T.);
#954=EDGE_CURVE('',#1213,#1211,#65,.T.);
#955=EDGE_CURVE('',#1213,#1212,#1451,.T.);
#956=EDGE_CURVE('',#1214,#1212,#1452,.T.);
#957=EDGE_CURVE('',#1215,#1213,#1453,.T.);
#958=EDGE_CURVE('',#1215,#1214,#1454,.T.);
#959=EDGE_CURVE('',#1214,#1216,#66,.T.);
#960=EDGE_CURVE('',#1215,#1217,#67,.T.);
#961=EDGE_CURVE('',#1217,#1216,#1455,.T.);
#962=EDGE_CURVE('',#1218,#1216,#1456,.T.);
#963=EDGE_CURVE('',#1219,#1217,#1457,.T.);
#964=EDGE_CURVE('',#1219,#1218,#1458,.T.);
#965=EDGE_CURVE('',#1218,#1220,#1459,.T.);
#966=EDGE_CURVE('',#1219,#1221,#1460,.T.);
#967=EDGE_CURVE('',#1221,#1220,#1461,.T.);
#968=EDGE_CURVE('',#1220,#1222,#1462,.T.);
#969=EDGE_CURVE('',#1221,#1223,#1463,.T.);
#970=EDGE_CURVE('',#1223,#1222,#1464,.T.);
#971=EDGE_CURVE('',#1224,#1222,#68,.T.);
#972=EDGE_CURVE('',#1225,#1223,#69,.T.);
#973=EDGE_CURVE('',#1225,#1224,#1465,.T.);
#974=EDGE_CURVE('',#1224,#1226,#1466,.T.);
#975=EDGE_CURVE('',#1225,#1227,#1467,.T.);
#976=EDGE_CURVE('',#1227,#1226,#1468,.T.);
#977=EDGE_CURVE('',#1226,#1228,#70,.T.);
#978=EDGE_CURVE('',#1227,#1229,#71,.T.);
#979=EDGE_CURVE('',#1229,#1228,#1469,.T.);
#980=EDGE_CURVE('',#1228,#1207,#1470,.T.);
#981=EDGE_CURVE('',#1229,#1208,#1471,.T.);
#982=EDGE_CURVE('',#1230,#1231,#1472,.T.);
#983=EDGE_CURVE('',#1232,#1231,#1473,.T.);
#984=EDGE_CURVE('',#1233,#1232,#1474,.T.);
#985=EDGE_CURVE('',#1233,#1230,#1475,.T.);
#986=EDGE_CURVE('',#1234,#1230,#1476,.T.);
#987=EDGE_CURVE('',#1235,#1233,#1477,.T.);
#988=EDGE_CURVE('',#1235,#1234,#1478,.T.);
#989=EDGE_CURVE('',#1236,#1234,#72,.T.);
#990=EDGE_CURVE('',#1237,#1235,#73,.T.);
#991=EDGE_CURVE('',#1237,#1236,#1479,.T.);
#992=EDGE_CURVE('',#1238,#1236,#1480,.T.);
#993=EDGE_CURVE('',#1239,#1237,#1481,.T.);
#994=EDGE_CURVE('',#1239,#1238,#1482,.T.);
#995=EDGE_CURVE('',#1238,#1240,#74,.T.);
#996=EDGE_CURVE('',#1239,#1241,#75,.T.);
#997=EDGE_CURVE('',#1241,#1240,#1483,.T.);
#998=EDGE_CURVE('',#1242,#1240,#1484,.T.);
#999=EDGE_CURVE('',#1243,#1241,#1485,.T.);
#1000=EDGE_CURVE('',#1243,#1242,#1486,.T.);
#1001=EDGE_CURVE('',#1242,#1244,#1487,.T.);
#1002=EDGE_CURVE('',#1243,#1245,#1488,.T.);
#1003=EDGE_CURVE('',#1245,#1244,#1489,.T.);
#1004=EDGE_CURVE('',#1244,#1246,#1490,.T.);
#1005=EDGE_CURVE('',#1245,#1247,#1491,.T.);
#1006=EDGE_CURVE('',#1247,#1246,#1492,.T.);
#1007=EDGE_CURVE('',#1248,#1246,#76,.T.);
#1008=EDGE_CURVE('',#1249,#1247,#77,.T.);
#1009=EDGE_CURVE('',#1249,#1248,#1493,.T.);
#1010=EDGE_CURVE('',#1248,#1250,#1494,.T.);
#1011=EDGE_CURVE('',#1249,#1251,#1495,.T.);
#1012=EDGE_CURVE('',#1251,#1250,#1496,.T.);
#1013=EDGE_CURVE('',#1250,#1252,#78,.T.);
#1014=EDGE_CURVE('',#1251,#1253,#79,.T.);
#1015=EDGE_CURVE('',#1253,#1252,#1497,.T.);
#1016=EDGE_CURVE('',#1252,#1231,#1498,.T.);
#1017=EDGE_CURVE('',#1253,#1232,#1499,.T.);
#1018=EDGE_CURVE('',#1254,#1255,#1500,.T.);
#1019=EDGE_CURVE('',#1256,#1254,#1501,.T.);
#1020=EDGE_CURVE('',#1256,#1257,#1502,.T.);
#1021=EDGE_CURVE('',#1257,#1255,#1503,.T.);
#1022=EDGE_CURVE('',#1258,#1254,#1504,.T.);
#1023=EDGE_CURVE('',#1259,#1258,#1505,.T.);
#1024=EDGE_CURVE('',#1259,#1256,#1506,.T.);
#1025=EDGE_CURVE('',#1260,#1258,#80,.T.);
#1026=EDGE_CURVE('',#1261,#1260,#1507,.T.);
#1027=EDGE_CURVE('',#1261,#1259,#81,.T.);
#1028=EDGE_CURVE('',#1262,#1260,#1508,.T.);
#1029=EDGE_CURVE('',#1263,#1262,#1509,.T.);
#1030=EDGE_CURVE('',#1263,#1261,#1510,.T.);
#1031=EDGE_CURVE('',#1262,#1264,#82,.T.);
#1032=EDGE_CURVE('',#1265,#1264,#1511,.T.);
#1033=EDGE_CURVE('',#1263,#1265,#83,.T.);
#1034=EDGE_CURVE('',#1266,#1264,#1512,.T.);
#1035=EDGE_CURVE('',#1267,#1266,#1513,.T.);
#1036=EDGE_CURVE('',#1267,#1265,#1514,.T.);
#1037=EDGE_CURVE('',#1266,#1268,#1515,.T.);
#1038=EDGE_CURVE('',#1269,#1268,#1516,.T.);
#1039=EDGE_CURVE('',#1267,#1269,#1517,.T.);
#1040=EDGE_CURVE('',#1268,#1270,#1518,.T.);
#1041=EDGE_CURVE('',#1271,#1270,#1519,.T.);
#1042=EDGE_CURVE('',#1269,#1271,#1520,.T.);
#1043=EDGE_CURVE('',#1272,#1270,#84,.T.);
#1044=EDGE_CURVE('',#1273,#1272,#1521,.T.);
#1045=EDGE_CURVE('',#1273,#1271,#85,.T.);
#1046=EDGE_CURVE('',#1272,#1274,#1522,.T.);
#1047=EDGE_CURVE('',#1275,#1274,#1523,.T.);
#1048=EDGE_CURVE('',#1273,#1275,#1524,.T.);
#1049=EDGE_CURVE('',#1274,#1276,#86,.T.);
#1050=EDGE_CURVE('',#1277,#1276,#1525,.T.);
#1051=EDGE_CURVE('',#1275,#1277,#87,.T.);
#1052=EDGE_CURVE('',#1276,#1255,#1526,.T.);
#1053=EDGE_CURVE('',#1277,#1257,#1527,.T.);
#1054=EDGE_CURVE('',#1278,#1279,#1528,.T.);
#1055=EDGE_CURVE('',#1280,#1278,#1529,.T.);
#1056=EDGE_CURVE('',#1280,#1281,#1530,.T.);
#1057=EDGE_CURVE('',#1281,#1279,#1531,.T.);
#1058=EDGE_CURVE('',#1282,#1278,#1532,.T.);
#1059=EDGE_CURVE('',#1283,#1282,#1533,.T.);
#1060=EDGE_CURVE('',#1283,#1280,#1534,.T.);
#1061=EDGE_CURVE('',#1284,#1282,#88,.T.);
#1062=EDGE_CURVE('',#1285,#1284,#1535,.T.);
#1063=EDGE_CURVE('',#1285,#1283,#89,.T.);
#1064=EDGE_CURVE('',#1286,#1284,#1536,.T.);
#1065=EDGE_CURVE('',#1287,#1286,#1537,.T.);
#1066=EDGE_CURVE('',#1287,#1285,#1538,.T.);
#1067=EDGE_CURVE('',#1286,#1288,#90,.T.);
#1068=EDGE_CURVE('',#1289,#1288,#1539,.T.);
#1069=EDGE_CURVE('',#1287,#1289,#91,.T.);
#1070=EDGE_CURVE('',#1290,#1288,#1540,.T.);
#1071=EDGE_CURVE('',#1291,#1290,#1541,.T.);
#1072=EDGE_CURVE('',#1291,#1289,#1542,.T.);
#1073=EDGE_CURVE('',#1290,#1292,#1543,.T.);
#1074=EDGE_CURVE('',#1293,#1292,#1544,.T.);
#1075=EDGE_CURVE('',#1291,#1293,#1545,.T.);
#1076=EDGE_CURVE('',#1292,#1294,#1546,.T.);
#1077=EDGE_CURVE('',#1295,#1294,#1547,.T.);
#1078=EDGE_CURVE('',#1293,#1295,#1548,.T.);
#1079=EDGE_CURVE('',#1296,#1294,#92,.T.);
#1080=EDGE_CURVE('',#1297,#1296,#1549,.T.);
#1081=EDGE_CURVE('',#1297,#1295,#93,.T.);
#1082=EDGE_CURVE('',#1296,#1298,#1550,.T.);
#1083=EDGE_CURVE('',#1299,#1298,#1551,.T.);
#1084=EDGE_CURVE('',#1297,#1299,#1552,.T.);
#1085=EDGE_CURVE('',#1298,#1300,#94,.T.);
#1086=EDGE_CURVE('',#1301,#1300,#1553,.T.);
#1087=EDGE_CURVE('',#1299,#1301,#95,.T.);
#1088=EDGE_CURVE('',#1300,#1279,#1554,.T.);
#1089=EDGE_CURVE('',#1301,#1281,#1555,.T.);
#1090=EDGE_CURVE('',#1302,#1302,#96,.T.);
#1091=EDGE_CURVE('',#1303,#1303,#97,.T.);
#1092=VERTEX_POINT('',#3299);
#1093=VERTEX_POINT('',#3300);
#1094=VERTEX_POINT('',#3302);
#1095=VERTEX_POINT('',#3304);
#1096=VERTEX_POINT('',#3308);
#1097=VERTEX_POINT('',#3310);
#1098=VERTEX_POINT('',#3314);
#1099=VERTEX_POINT('',#3316);
#1100=VERTEX_POINT('',#3320);
#1101=VERTEX_POINT('',#3322);
#1102=VERTEX_POINT('',#3326);
#1103=VERTEX_POINT('',#3328);
#1104=VERTEX_POINT('',#3332);
#1105=VERTEX_POINT('',#3334);
#1106=VERTEX_POINT('',#3338);
#1107=VERTEX_POINT('',#3340);
#1108=VERTEX_POINT('',#3344);
#1109=VERTEX_POINT('',#3346);
#1110=VERTEX_POINT('',#3350);
#1111=VERTEX_POINT('',#3352);
#1112=VERTEX_POINT('',#3356);
#1113=VERTEX_POINT('',#3358);
#1114=VERTEX_POINT('',#3362);
#1115=VERTEX_POINT('',#3364);
#1116=VERTEX_POINT('',#3374);
#1117=VERTEX_POINT('',#3375);
#1118=VERTEX_POINT('',#3377);
#1119=VERTEX_POINT('',#3379);
#1120=VERTEX_POINT('',#3383);
#1121=VERTEX_POINT('',#3385);
#1122=VERTEX_POINT('',#3386);
#1123=VERTEX_POINT('',#3388);
#1124=VERTEX_POINT('',#3390);
#1125=VERTEX_POINT('',#3394);
#1126=VERTEX_POINT('',#3396);
#1127=VERTEX_POINT('',#3400);
#1128=VERTEX_POINT('',#3402);
#1129=VERTEX_POINT('',#3406);
#1130=VERTEX_POINT('',#3408);
#1131=VERTEX_POINT('',#3412);
#1132=VERTEX_POINT('',#3414);
#1133=VERTEX_POINT('',#3434);
#1134=VERTEX_POINT('',#3439);
#1135=VERTEX_POINT('',#3440);
#1136=VERTEX_POINT('',#3442);
#1137=VERTEX_POINT('',#3444);
#1138=VERTEX_POINT('',#3448);
#1139=VERTEX_POINT('',#3450);
#1140=VERTEX_POINT('',#3454);
#1141=VERTEX_POINT('',#3456);
#1142=VERTEX_POINT('',#3460);
#1143=VERTEX_POINT('',#3462);
#1144=VERTEX_POINT('',#3466);
#1145=VERTEX_POINT('',#3468);
#1146=VERTEX_POINT('',#3472);
#1147=VERTEX_POINT('',#3474);
#1148=VERTEX_POINT('',#3478);
#1149=VERTEX_POINT('',#3480);
#1150=VERTEX_POINT('',#3484);
#1151=VERTEX_POINT('',#3486);
#1152=VERTEX_POINT('',#3490);
#1153=VERTEX_POINT('',#3492);
#1154=VERTEX_POINT('',#3496);
#1155=VERTEX_POINT('',#3498);
#1156=VERTEX_POINT('',#3502);
#1157=VERTEX_POINT('',#3504);
#1158=VERTEX_POINT('',#3514);
#1159=VERTEX_POINT('',#3515);
#1160=VERTEX_POINT('',#3517);
#1161=VERTEX_POINT('',#3519);
#1162=VERTEX_POINT('',#3523);
#1163=VERTEX_POINT('',#3525);
#1164=VERTEX_POINT('',#3529);
#1165=VERTEX_POINT('',#3531);
#1166=VERTEX_POINT('',#3535);
#1167=VERTEX_POINT('',#3537);
#1168=VERTEX_POINT('',#3541);
#1169=VERTEX_POINT('',#3543);
#1170=VERTEX_POINT('',#3547);
#1171=VERTEX_POINT('',#3549);
#1172=VERTEX_POINT('',#3553);
#1173=VERTEX_POINT('',#3555);
#1174=VERTEX_POINT('',#3559);
#1175=VERTEX_POINT('',#3561);
#1176=VERTEX_POINT('',#3565);
#1177=VERTEX_POINT('',#3567);
#1178=VERTEX_POINT('',#3571);
#1179=VERTEX_POINT('',#3573);
#1180=VERTEX_POINT('',#3577);
#1181=VERTEX_POINT('',#3579);
#1182=VERTEX_POINT('',#3589);
#1183=VERTEX_POINT('',#3590);
#1184=VERTEX_POINT('',#3592);
#1185=VERTEX_POINT('',#3594);
#1186=VERTEX_POINT('',#3598);
#1187=VERTEX_POINT('',#3600);
#1188=VERTEX_POINT('',#3604);
#1189=VERTEX_POINT('',#3606);
#1190=VERTEX_POINT('',#3610);
#1191=VERTEX_POINT('',#3612);
#1192=VERTEX_POINT('',#3616);
#1193=VERTEX_POINT('',#3618);
#1194=VERTEX_POINT('',#3622);
#1195=VERTEX_POINT('',#3624);
#1196=VERTEX_POINT('',#3628);
#1197=VERTEX_POINT('',#3630);
#1198=VERTEX_POINT('',#3634);
#1199=VERTEX_POINT('',#3636);
#1200=VERTEX_POINT('',#3640);
#1201=VERTEX_POINT('',#3642);
#1202=VERTEX_POINT('',#3646);
#1203=VERTEX_POINT('',#3648);
#1204=VERTEX_POINT('',#3652);
#1205=VERTEX_POINT('',#3654);
#1206=VERTEX_POINT('',#3664);
#1207=VERTEX_POINT('',#3665);
#1208=VERTEX_POINT('',#3667);
#1209=VERTEX_POINT('',#3669);
#1210=VERTEX_POINT('',#3673);
#1211=VERTEX_POINT('',#3675);
#1212=VERTEX_POINT('',#3679);
#1213=VERTEX_POINT('',#3681);
#1214=VERTEX_POINT('',#3685);
#1215=VERTEX_POINT('',#3687);
#1216=VERTEX_POINT('',#3691);
#1217=VERTEX_POINT('',#3693);
#1218=VERTEX_POINT('',#3697);
#1219=VERTEX_POINT('',#3699);
#1220=VERTEX_POINT('',#3703);
#1221=VERTEX_POINT('',#3705);
#1222=VERTEX_POINT('',#3709);
#1223=VERTEX_POINT('',#3711);
#1224=VERTEX_POINT('',#3715);
#1225=VERTEX_POINT('',#3717);
#1226=VERTEX_POINT('',#3721);
#1227=VERTEX_POINT('',#3723);
#1228=VERTEX_POINT('',#3727);
#1229=VERTEX_POINT('',#3729);
#1230=VERTEX_POINT('',#3739);
#1231=VERTEX_POINT('',#3740);
#1232=VERTEX_POINT('',#3742);
#1233=VERTEX_POINT('',#3744);
#1234=VERTEX_POINT('',#3748);
#1235=VERTEX_POINT('',#3750);
#1236=VERTEX_POINT('',#3754);
#1237=VERTEX_POINT('',#3756);
#1238=VERTEX_POINT('',#3760);
#1239=VERTEX_POINT('',#3762);
#1240=VERTEX_POINT('',#3766);
#1241=VERTEX_POINT('',#3768);
#1242=VERTEX_POINT('',#3772);
#1243=VERTEX_POINT('',#3774);
#1244=VERTEX_POINT('',#3778);
#1245=VERTEX_POINT('',#3780);
#1246=VERTEX_POINT('',#3784);
#1247=VERTEX_POINT('',#3786);
#1248=VERTEX_POINT('',#3790);
#1249=VERTEX_POINT('',#3792);
#1250=VERTEX_POINT('',#3796);
#1251=VERTEX_POINT('',#3798);
#1252=VERTEX_POINT('',#3802);
#1253=VERTEX_POINT('',#3804);
#1254=VERTEX_POINT('',#3814);
#1255=VERTEX_POINT('',#3815);
#1256=VERTEX_POINT('',#3817);
#1257=VERTEX_POINT('',#3819);
#1258=VERTEX_POINT('',#3823);
#1259=VERTEX_POINT('',#3825);
#1260=VERTEX_POINT('',#3829);
#1261=VERTEX_POINT('',#3831);
#1262=VERTEX_POINT('',#3835);
#1263=VERTEX_POINT('',#3837);
#1264=VERTEX_POINT('',#3841);
#1265=VERTEX_POINT('',#3843);
#1266=VERTEX_POINT('',#3847);
#1267=VERTEX_POINT('',#3849);
#1268=VERTEX_POINT('',#3853);
#1269=VERTEX_POINT('',#3855);
#1270=VERTEX_POINT('',#3859);
#1271=VERTEX_POINT('',#3861);
#1272=VERTEX_POINT('',#3865);
#1273=VERTEX_POINT('',#3867);
#1274=VERTEX_POINT('',#3871);
#1275=VERTEX_POINT('',#3873);
#1276=VERTEX_POINT('',#3877);
#1277=VERTEX_POINT('',#3879);
#1278=VERTEX_POINT('',#3889);
#1279=VERTEX_POINT('',#3890);
#1280=VERTEX_POINT('',#3892);
#1281=VERTEX_POINT('',#3894);
#1282=VERTEX_POINT('',#3898);
#1283=VERTEX_POINT('',#3900);
#1284=VERTEX_POINT('',#3904);
#1285=VERTEX_POINT('',#3906);
#1286=VERTEX_POINT('',#3910);
#1287=VERTEX_POINT('',#3912);
#1288=VERTEX_POINT('',#3916);
#1289=VERTEX_POINT('',#3918);
#1290=VERTEX_POINT('',#3922);
#1291=VERTEX_POINT('',#3924);
#1292=VERTEX_POINT('',#3928);
#1293=VERTEX_POINT('',#3930);
#1294=VERTEX_POINT('',#3934);
#1295=VERTEX_POINT('',#3936);
#1296=VERTEX_POINT('',#3940);
#1297=VERTEX_POINT('',#3942);
#1298=VERTEX_POINT('',#3946);
#1299=VERTEX_POINT('',#3948);
#1300=VERTEX_POINT('',#3952);
#1301=VERTEX_POINT('',#3954);
#1302=VERTEX_POINT('',#3964);
#1303=VERTEX_POINT('',#3967);
#1304=LINE('',#3298,#1556);
#1305=LINE('',#3301,#1557);
#1306=LINE('',#3303,#1558);
#1307=LINE('',#3305,#1559);
#1308=LINE('',#3307,#1560);
#1309=LINE('',#3309,#1561);
#1310=LINE('',#3311,#1562);
#1311=LINE('',#3315,#1563);
#1312=LINE('',#3319,#1564);
#1313=LINE('',#3321,#1565);
#1314=LINE('',#3323,#1566);
#1315=LINE('',#3327,#1567);
#1316=LINE('',#3331,#1568);
#1317=LINE('',#3333,#1569);
#1318=LINE('',#3335,#1570);
#1319=LINE('',#3337,#1571);
#1320=LINE('',#3339,#1572);
#1321=LINE('',#3341,#1573);
#1322=LINE('',#3343,#1574);
#1323=LINE('',#3345,#1575);
#1324=LINE('',#3347,#1576);
#1325=LINE('',#3351,#1577);
#1326=LINE('',#3355,#1578);
#1327=LINE('',#3357,#1579);
#1328=LINE('',#3359,#1580);
#1329=LINE('',#3363,#1581);
#1330=LINE('',#3367,#1582);
#1331=LINE('',#3368,#1583);
#1332=LINE('',#3373,#1584);
#1333=LINE('',#3376,#1585);
#1334=LINE('',#3378,#1586);
#1335=LINE('',#3380,#1587);
#1336=LINE('',#3384,#1588);
#1337=LINE('',#3387,#1589);
#1338=LINE('',#3389,#1590);
#1339=LINE('',#3391,#1591);
#1340=LINE('',#3393,#1592);
#1341=LINE('',#3395,#1593);
#1342=LINE('',#3397,#1594);
#1343=LINE('',#3399,#1595);
#1344=LINE('',#3401,#1596);
#1345=LINE('',#3403,#1597);
#1346=LINE('',#3405,#1598);
#1347=LINE('',#3407,#1599);
#1348=LINE('',#3409,#1600);
#1349=LINE('',#3411,#1601);
#1350=LINE('',#3413,#1602);
#1351=LINE('',#3415,#1603);
#1352=LINE('',#3417,#1604);
#1353=LINE('',#3418,#1605);
#1354=LINE('',#3419,#1606);
#1355=LINE('',#3420,#1607);
#1356=LINE('',#3422,#1608);
#1357=LINE('',#3423,#1609);
#1358=LINE('',#3424,#1610);
#1359=LINE('',#3425,#1611);
#1360=LINE('',#3438,#1612);
#1361=LINE('',#3441,#1613);
#1362=LINE('',#3443,#1614);
#1363=LINE('',#3445,#1615);
#1364=LINE('',#3447,#1616);
#1365=LINE('',#3449,#1617);
#1366=LINE('',#3451,#1618);
#1367=LINE('',#3455,#1619);
#1368=LINE('',#3459,#1620);
#1369=LINE('',#3461,#1621);
#1370=LINE('',#3463,#1622);
#1371=LINE('',#3467,#1623);
#1372=LINE('',#3471,#1624);
#1373=LINE('',#3473,#1625);
#1374=LINE('',#3475,#1626);
#1375=LINE('',#3477,#1627);
#1376=LINE('',#3479,#1628);
#1377=LINE('',#3481,#1629);
#1378=LINE('',#3483,#1630);
#1379=LINE('',#3485,#1631);
#1380=LINE('',#3487,#1632);
#1381=LINE('',#3491,#1633);
#1382=LINE('',#3495,#1634);
#1383=LINE('',#3497,#1635);
#1384=LINE('',#3499,#1636);
#1385=LINE('',#3503,#1637);
#1386=LINE('',#3507,#1638);
#1387=LINE('',#3508,#1639);
#1388=LINE('',#3513,#1640);
#1389=LINE('',#3516,#1641);
#1390=LINE('',#3518,#1642);
#1391=LINE('',#3520,#1643);
#1392=LINE('',#3522,#1644);
#1393=LINE('',#3524,#1645);
#1394=LINE('',#3526,#1646);
#1395=LINE('',#3532,#1647);
#1396=LINE('',#3534,#1648);
#1397=LINE('',#3536,#1649);
#1398=LINE('',#3538,#1650);
#1399=LINE('',#3544,#1651);
#1400=LINE('',#3546,#1652);
#1401=LINE('',#3548,#1653);
#1402=LINE('',#3550,#1654);
#1403=LINE('',#3552,#1655);
#1404=LINE('',#3554,#1656);
#1405=LINE('',#3556,#1657);
#1406=LINE('',#3558,#1658);
#1407=LINE('',#3560,#1659);
#1408=LINE('',#3562,#1660);
#1409=LINE('',#3568,#1661);
#1410=LINE('',#3570,#1662);
#1411=LINE('',#3572,#1663);
#1412=LINE('',#3574,#1664);
#1413=LINE('',#3580,#1665);
#1414=LINE('',#3582,#1666);
#1415=LINE('',#3583,#1667);
#1416=LINE('',#3588,#1668);
#1417=LINE('',#3591,#1669);
#1418=LINE('',#3593,#1670);
#1419=LINE('',#3595,#1671);
#1420=LINE('',#3597,#1672);
#1421=LINE('',#3599,#1673);
#1422=LINE('',#3601,#1674);
#1423=LINE('',#3607,#1675);
#1424=LINE('',#3609,#1676);
#1425=LINE('',#3611,#1677);
#1426=LINE('',#3613,#1678);
#1427=LINE('',#3619,#1679);
#1428=LINE('',#3621,#1680);
#1429=LINE('',#3623,#1681);
#1430=LINE('',#3625,#1682);
#1431=LINE('',#3627,#1683);
#1432=LINE('',#3629,#1684);
#1433=LINE('',#3631,#1685);
#1434=LINE('',#3633,#1686);
#1435=LINE('',#3635,#1687);
#1436=LINE('',#3637,#1688);
#1437=LINE('',#3643,#1689);
#1438=LINE('',#3645,#1690);
#1439=LINE('',#3647,#1691);
#1440=LINE('',#3649,#1692);
#1441=LINE('',#3655,#1693);
#1442=LINE('',#3657,#1694);
#1443=LINE('',#3658,#1695);
#1444=LINE('',#3663,#1696);
#1445=LINE('',#3666,#1697);
#1446=LINE('',#3668,#1698);
#1447=LINE('',#3670,#1699);
#1448=LINE('',#3672,#1700);
#1449=LINE('',#3674,#1701);
#1450=LINE('',#3676,#1702);
#1451=LINE('',#3682,#1703);
#1452=LINE('',#3684,#1704);
#1453=LINE('',#3686,#1705);
#1454=LINE('',#3688,#1706);
#1455=LINE('',#3694,#1707);
#1456=LINE('',#3696,#1708);
#1457=LINE('',#3698,#1709);
#1458=LINE('',#3700,#1710);
#1459=LINE('',#3702,#1711);
#1460=LINE('',#3704,#1712);
#1461=LINE('',#3706,#1713);
#1462=LINE('',#3708,#1714);
#1463=LINE('',#3710,#1715);
#1464=LINE('',#3712,#1716);
#1465=LINE('',#3718,#1717);
#1466=LINE('',#3720,#1718);
#1467=LINE('',#3722,#1719);
#1468=LINE('',#3724,#1720);
#1469=LINE('',#3730,#1721);
#1470=LINE('',#3732,#1722);
#1471=LINE('',#3733,#1723);
#1472=LINE('',#3738,#1724);
#1473=LINE('',#3741,#1725);
#1474=LINE('',#3743,#1726);
#1475=LINE('',#3745,#1727);
#1476=LINE('',#3747,#1728);
#1477=LINE('',#3749,#1729);
#1478=LINE('',#3751,#1730);
#1479=LINE('',#3757,#1731);
#1480=LINE('',#3759,#1732);
#1481=LINE('',#3761,#1733);
#1482=LINE('',#3763,#1734);
#1483=LINE('',#3769,#1735);
#1484=LINE('',#3771,#1736);
#1485=LINE('',#3773,#1737);
#1486=LINE('',#3775,#1738);
#1487=LINE('',#3777,#1739);
#1488=LINE('',#3779,#1740);
#1489=LINE('',#3781,#1741);
#1490=LINE('',#3783,#1742);
#1491=LINE('',#3785,#1743);
#1492=LINE('',#3787,#1744);
#1493=LINE('',#3793,#1745);
#1494=LINE('',#3795,#1746);
#1495=LINE('',#3797,#1747);
#1496=LINE('',#3799,#1748);
#1497=LINE('',#3805,#1749);
#1498=LINE('',#3807,#1750);
#1499=LINE('',#3808,#1751);
#1500=LINE('',#3813,#1752);
#1501=LINE('',#3816,#1753);
#1502=LINE('',#3818,#1754);
#1503=LINE('',#3820,#1755);
#1504=LINE('',#3822,#1756);
#1505=LINE('',#3824,#1757);
#1506=LINE('',#3826,#1758);
#1507=LINE('',#3830,#1759);
#1508=LINE('',#3834,#1760);
#1509=LINE('',#3836,#1761);
#1510=LINE('',#3838,#1762);
#1511=LINE('',#3842,#1763);
#1512=LINE('',#3846,#1764);
#1513=LINE('',#3848,#1765);
#1514=LINE('',#3850,#1766);
#1515=LINE('',#3852,#1767);
#1516=LINE('',#3854,#1768);
#1517=LINE('',#3856,#1769);
#1518=LINE('',#3858,#1770);
#1519=LINE('',#3860,#1771);
#1520=LINE('',#3862,#1772);
#1521=LINE('',#3866,#1773);
#1522=LINE('',#3870,#1774);
#1523=LINE('',#3872,#1775);
#1524=LINE('',#3874,#1776);
#1525=LINE('',#3878,#1777);
#1526=LINE('',#3882,#1778);
#1527=LINE('',#3883,#1779);
#1528=LINE('',#3888,#1780);
#1529=LINE('',#3891,#1781);
#1530=LINE('',#3893,#1782);
#1531=LINE('',#3895,#1783);
#1532=LINE('',#3897,#1784);
#1533=LINE('',#3899,#1785);
#1534=LINE('',#3901,#1786);
#1535=LINE('',#3905,#1787);
#1536=LINE('',#3909,#1788);
#1537=LINE('',#3911,#1789);
#1538=LINE('',#3913,#1790);
#1539=LINE('',#3917,#1791);
#1540=LINE('',#3921,#1792);
#1541=LINE('',#3923,#1793);
#1542=LINE('',#3925,#1794);
#1543=LINE('',#3927,#1795);
#1544=LINE('',#3929,#1796);
#1545=LINE('',#3931,#1797);
#1546=LINE('',#3933,#1798);
#1547=LINE('',#3935,#1799);
#1548=LINE('',#3937,#1800);
#1549=LINE('',#3941,#1801);
#1550=LINE('',#3945,#1802);
#1551=LINE('',#3947,#1803);
#1552=LINE('',#3949,#1804);
#1553=LINE('',#3953,#1805);
#1554=LINE('',#3957,#1806);
#1555=LINE('',#3958,#1807);
#1556=VECTOR('',#2630,1.);
#1557=VECTOR('',#2631,1.);
#1558=VECTOR('',#2632,1.);
#1559=VECTOR('',#2633,1.);
#1560=VECTOR('',#2636,1.);
#1561=VECTOR('',#2637,1.);
#1562=VECTOR('',#2638,1.);
#1563=VECTOR('',#2643,1.);
#1564=VECTOR('',#2648,1.);
#1565=VECTOR('',#2649,1.);
#1566=VECTOR('',#2650,1.);
#1567=VECTOR('',#2655,1.);
#1568=VECTOR('',#2660,1.);
#1569=VECTOR('',#2661,1.);
#1570=VECTOR('',#2662,1.);
#1571=VECTOR('',#2665,1.);
#1572=VECTOR('',#2666,1.);
#1573=VECTOR('',#2667,1.);
#1574=VECTOR('',#2670,1.);
#1575=VECTOR('',#2671,1.);
#1576=VECTOR('',#2672,1.);
#1577=VECTOR('',#2677,1.);
#1578=VECTOR('',#2682,1.);
#1579=VECTOR('',#2683,1.);
#1580=VECTOR('',#2684,1.);
#1581=VECTOR('',#2689,1.);
#1582=VECTOR('',#2694,1.);
#1583=VECTOR('',#2695,1.);
#1584=VECTOR('',#2704,1.);
#1585=VECTOR('',#2705,1.);
#1586=VECTOR('',#2706,1.);
#1587=VECTOR('',#2707,1.);
#1588=VECTOR('',#2712,1.);
#1589=VECTOR('',#2713,1.);
#1590=VECTOR('',#2714,1.);
#1591=VECTOR('',#2715,1.);
#1592=VECTOR('',#2718,1.);
#1593=VECTOR('',#2719,1.);
#1594=VECTOR('',#2720,1.);
#1595=VECTOR('',#2723,1.);
#1596=VECTOR('',#2724,1.);
#1597=VECTOR('',#2725,1.);
#1598=VECTOR('',#2728,1.);
#1599=VECTOR('',#2729,1.);
#1600=VECTOR('',#2730,1.);
#1601=VECTOR('',#2733,1.);
#1602=VECTOR('',#2734,1.);
#1603=VECTOR('',#2735,1.);
#1604=VECTOR('',#2738,1.);
#1605=VECTOR('',#2739,1.);
#1606=VECTOR('',#2740,1.);
#1607=VECTOR('',#2741,1.);
#1608=VECTOR('',#2744,1.);
#1609=VECTOR('',#2745,1.);
#1610=VECTOR('',#2746,1.);
#1611=VECTOR('',#2747,1.);
#1612=VECTOR('',#2770,1.);
#1613=VECTOR('',#2771,1.);
#1614=VECTOR('',#2772,1.);
#1615=VECTOR('',#2773,1.);
#1616=VECTOR('',#2776,1.);
#1617=VECTOR('',#2777,1.);
#1618=VECTOR('',#2778,1.);
#1619=VECTOR('',#2783,1.);
#1620=VECTOR('',#2788,1.);
#1621=VECTOR('',#2789,1.);
#1622=VECTOR('',#2790,1.);
#1623=VECTOR('',#2795,1.);
#1624=VECTOR('',#2800,1.);
#1625=VECTOR('',#2801,1.);
#1626=VECTOR('',#2802,1.);
#1627=VECTOR('',#2805,1.);
#1628=VECTOR('',#2806,1.);
#1629=VECTOR('',#2807,1.);
#1630=VECTOR('',#2810,1.);
#1631=VECTOR('',#2811,1.);
#1632=VECTOR('',#2812,1.);
#1633=VECTOR('',#2817,1.);
#1634=VECTOR('',#2822,1.);
#1635=VECTOR('',#2823,1.);
#1636=VECTOR('',#2824,1.);
#1637=VECTOR('',#2829,1.);
#1638=VECTOR('',#2834,1.);
#1639=VECTOR('',#2835,1.);
#1640=VECTOR('',#2844,1.);
#1641=VECTOR('',#2845,1.);
#1642=VECTOR('',#2846,1.);
#1643=VECTOR('',#2847,1.);
#1644=VECTOR('',#2850,1.);
#1645=VECTOR('',#2851,1.);
#1646=VECTOR('',#2852,1.);
#1647=VECTOR('',#2859,1.);
#1648=VECTOR('',#2862,1.);
#1649=VECTOR('',#2863,1.);
#1650=VECTOR('',#2864,1.);
#1651=VECTOR('',#2871,1.);
#1652=VECTOR('',#2874,1.);
#1653=VECTOR('',#2875,1.);
#1654=VECTOR('',#2876,1.);
#1655=VECTOR('',#2879,1.);
#1656=VECTOR('',#2880,1.);
#1657=VECTOR('',#2881,1.);
#1658=VECTOR('',#2884,1.);
#1659=VECTOR('',#2885,1.);
#1660=VECTOR('',#2886,1.);
#1661=VECTOR('',#2893,1.);
#1662=VECTOR('',#2896,1.);
#1663=VECTOR('',#2897,1.);
#1664=VECTOR('',#2898,1.);
#1665=VECTOR('',#2905,1.);
#1666=VECTOR('',#2908,1.);
#1667=VECTOR('',#2909,1.);
#1668=VECTOR('',#2918,1.);
#1669=VECTOR('',#2919,1.);
#1670=VECTOR('',#2920,1.);
#1671=VECTOR('',#2921,1.);
#1672=VECTOR('',#2924,1.);
#1673=VECTOR('',#2925,1.);
#1674=VECTOR('',#2926,1.);
#1675=VECTOR('',#2933,1.);
#1676=VECTOR('',#2936,1.);
#1677=VECTOR('',#2937,1.);
#1678=VECTOR('',#2938,1.);
#1679=VECTOR('',#2945,1.);
#1680=VECTOR('',#2948,1.);
#1681=VECTOR('',#2949,1.);
#1682=VECTOR('',#2950,1.);
#1683=VECTOR('',#2953,1.);
#1684=VECTOR('',#2954,1.);
#1685=VECTOR('',#2955,1.);
#1686=VECTOR('',#2958,1.);
#1687=VECTOR('',#2959,1.);
#1688=VECTOR('',#2960,1.);
#1689=VECTOR('',#2967,1.);
#1690=VECTOR('',#2970,1.);
#1691=VECTOR('',#2971,1.);
#1692=VECTOR('',#2972,1.);
#1693=VECTOR('',#2979,1.);
#1694=VECTOR('',#2982,1.);
#1695=VECTOR('',#2983,1.);
#1696=VECTOR('',#2992,1.);
#1697=VECTOR('',#2993,1.);
#1698=VECTOR('',#2994,1.);
#1699=VECTOR('',#2995,1.);
#1700=VECTOR('',#2998,1.);
#1701=VECTOR('',#2999,1.);
#1702=VECTOR('',#3000,1.);
#1703=VECTOR('',#3007,1.);
#1704=VECTOR('',#3010,1.);
#1705=VECTOR('',#3011,1.);
#1706=VECTOR('',#3012,1.);
#1707=VECTOR('',#3019,1.);
#1708=VECTOR('',#3022,1.);
#1709=VECTOR('',#3023,1.);
#1710=VECTOR('',#3024,1.);
#1711=VECTOR('',#3027,1.);
#1712=VECTOR('',#3028,1.);
#1713=VECTOR('',#3029,1.);
#1714=VECTOR('',#3032,1.);
#1715=VECTOR('',#3033,1.);
#1716=VECTOR('',#3034,1.);
#1717=VECTOR('',#3041,1.);
#1718=VECTOR('',#3044,1.);
#1719=VECTOR('',#3045,1.);
#1720=VECTOR('',#3046,1.);
#1721=VECTOR('',#3053,1.);
#1722=VECTOR('',#3056,1.);
#1723=VECTOR('',#3057,1.);
#1724=VECTOR('',#3066,1.);
#1725=VECTOR('',#3067,1.);
#1726=VECTOR('',#3068,1.);
#1727=VECTOR('',#3069,1.);
#1728=VECTOR('',#3072,1.);
#1729=VECTOR('',#3073,1.);
#1730=VECTOR('',#3074,1.);
#1731=VECTOR('',#3081,1.);
#1732=VECTOR('',#3084,1.);
#1733=VECTOR('',#3085,1.);
#1734=VECTOR('',#3086,1.);
#1735=VECTOR('',#3093,1.);
#1736=VECTOR('',#3096,1.);
#1737=VECTOR('',#3097,1.);
#1738=VECTOR('',#3098,1.);
#1739=VECTOR('',#3101,1.);
#1740=VECTOR('',#3102,1.);
#1741=VECTOR('',#3103,1.);
#1742=VECTOR('',#3106,1.);
#1743=VECTOR('',#3107,1.);
#1744=VECTOR('',#3108,1.);
#1745=VECTOR('',#3115,1.);
#1746=VECTOR('',#3118,1.);
#1747=VECTOR('',#3119,1.);
#1748=VECTOR('',#3120,1.);
#1749=VECTOR('',#3127,1.);
#1750=VECTOR('',#3130,1.);
#1751=VECTOR('',#3131,1.);
#1752=VECTOR('',#3140,1.);
#1753=VECTOR('',#3141,1.);
#1754=VECTOR('',#3142,1.);
#1755=VECTOR('',#3143,1.);
#1756=VECTOR('',#3146,1.);
#1757=VECTOR('',#3147,1.);
#1758=VECTOR('',#3148,1.);
#1759=VECTOR('',#3153,1.);
#1760=VECTOR('',#3158,1.);
#1761=VECTOR('',#3159,1.);
#1762=VECTOR('',#3160,1.);
#1763=VECTOR('',#3165,1.);
#1764=VECTOR('',#3170,1.);
#1765=VECTOR('',#3171,1.);
#1766=VECTOR('',#3172,1.);
#1767=VECTOR('',#3175,1.);
#1768=VECTOR('',#3176,1.);
#1769=VECTOR('',#3177,1.);
#1770=VECTOR('',#3180,1.);
#1771=VECTOR('',#3181,1.);
#1772=VECTOR('',#3182,1.);
#1773=VECTOR('',#3187,1.);
#1774=VECTOR('',#3192,1.);
#1775=VECTOR('',#3193,1.);
#1776=VECTOR('',#3194,1.);
#1777=VECTOR('',#3199,1.);
#1778=VECTOR('',#3204,1.);
#1779=VECTOR('',#3205,1.);
#1780=VECTOR('',#3214,1.);
#1781=VECTOR('',#3215,1.);
#1782=VECTOR('',#3216,1.);
#1783=VECTOR('',#3217,1.);
#1784=VECTOR('',#3220,1.);
#1785=VECTOR('',#3221,1.);
#1786=VECTOR('',#3222,1.);
#1787=VECTOR('',#3227,1.);
#1788=VECTOR('',#3232,1.);
#1789=VECTOR('',#3233,1.);
#1790=VECTOR('',#3234,1.);
#1791=VECTOR('',#3239,1.);
#1792=VECTOR('',#3244,1.);
#1793=VECTOR('',#3245,1.);
#1794=VECTOR('',#3246,1.);
#1795=VECTOR('',#3249,1.);
#1796=VECTOR('',#3250,1.);
#1797=VECTOR('',#3251,1.);
#1798=VECTOR('',#3254,1.);
#1799=VECTOR('',#3255,1.);
#1800=VECTOR('',#3256,1.);
#1801=VECTOR('',#3261,1.);
#1802=VECTOR('',#3266,1.);
#1803=VECTOR('',#3267,1.);
#1804=VECTOR('',#3268,1.);
#1805=VECTOR('',#3273,1.);
#1806=VECTOR('',#3278,1.);
#1807=VECTOR('',#3279,1.);
#1808=EDGE_LOOP('',(#132,#133,#134,#135));
#1809=EDGE_LOOP('',(#136,#137,#138,#139));
#1810=EDGE_LOOP('',(#140,#141,#142,#143));
#1811=EDGE_LOOP('',(#144,#145,#146,#147));
#1812=EDGE_LOOP('',(#148,#149,#150,#151));
#1813=EDGE_LOOP('',(#152,#153,#154,#155));
#1814=EDGE_LOOP('',(#156,#157,#158,#159));
#1815=EDGE_LOOP('',(#160,#161,#162,#163));
#1816=EDGE_LOOP('',(#164,#165,#166,#167));
#1817=EDGE_LOOP('',(#168,#169,#170,#171));
#1818=EDGE_LOOP('',(#172,#173,#174,#175));
#1819=EDGE_LOOP('',(#176,#177,#178,#179));
#1820=EDGE_LOOP('',(#180,#181,#182,#183,#184,#185,#186,#187,#188,#189,#190,
#191));
#1821=EDGE_LOOP('',(#192,#193,#194,#195,#196,#197,#198,#199,#200,#201,#202,
#203));
#1822=EDGE_LOOP('',(#204,#205,#206,#207));
#1823=EDGE_LOOP('',(#208));
#1824=EDGE_LOOP('',(#209,#210,#211,#212));
#1825=EDGE_LOOP('',(#213,#214,#215,#216));
#1826=EDGE_LOOP('',(#217,#218,#219,#220));
#1827=EDGE_LOOP('',(#221,#222,#223,#224));
#1828=EDGE_LOOP('',(#225,#226,#227,#228));
#1829=EDGE_LOOP('',(#229,#230,#231,#232));
#1830=EDGE_LOOP('',(#233,#234,#235,#236));
#1831=EDGE_LOOP('',(#237,#238,#239,#240));
#1832=EDGE_LOOP('',(#241,#242,#243,#244));
#1833=EDGE_LOOP('',(#245,#246,#247,#248));
#1834=EDGE_LOOP('',(#249,#250,#251,#252));
#1835=EDGE_LOOP('',(#253,#254,#255,#256));
#1836=EDGE_LOOP('',(#257,#258,#259,#260));
#1837=EDGE_LOOP('',(#261));
#1838=EDGE_LOOP('',(#262));
#1839=EDGE_LOOP('',(#263));
#1840=EDGE_LOOP('',(#264,#265,#266,#267));
#1841=EDGE_LOOP('',(#268,#269,#270,#271));
#1842=EDGE_LOOP('',(#272,#273,#274,#275));
#1843=EDGE_LOOP('',(#276,#277,#278,#279));
#1844=EDGE_LOOP('',(#280,#281,#282,#283));
#1845=EDGE_LOOP('',(#284,#285,#286,#287));
#1846=EDGE_LOOP('',(#288,#289,#290,#291));
#1847=EDGE_LOOP('',(#292,#293,#294,#295));
#1848=EDGE_LOOP('',(#296,#297,#298,#299));
#1849=EDGE_LOOP('',(#300,#301,#302,#303));
#1850=EDGE_LOOP('',(#304,#305,#306,#307));
#1851=EDGE_LOOP('',(#308,#309,#310,#311));
#1852=EDGE_LOOP('',(#312,#313,#314,#315,#316,#317,#318,#319,#320,#321,#322,
#323));
#1853=EDGE_LOOP('',(#324,#325,#326,#327,#328,#329,#330,#331,#332,#333,#334,
#335));
#1854=EDGE_LOOP('',(#336,#337,#338,#339));
#1855=EDGE_LOOP('',(#340,#341,#342,#343));
#1856=EDGE_LOOP('',(#344,#345,#346,#347));
#1857=EDGE_LOOP('',(#348,#349,#350,#351));
#1858=EDGE_LOOP('',(#352,#353,#354,#355));
#1859=EDGE_LOOP('',(#356,#357,#358,#359));
#1860=EDGE_LOOP('',(#360,#361,#362,#363));
#1861=EDGE_LOOP('',(#364,#365,#366,#367));
#1862=EDGE_LOOP('',(#368,#369,#370,#371));
#1863=EDGE_LOOP('',(#372,#373,#374,#375));
#1864=EDGE_LOOP('',(#376,#377,#378,#379));
#1865=EDGE_LOOP('',(#380,#381,#382,#383));
#1866=EDGE_LOOP('',(#384,#385,#386,#387,#388,#389,#390,#391,#392,#393,#394,
#395));
#1867=EDGE_LOOP('',(#396,#397,#398,#399,#400,#401,#402,#403,#404,#405,#406,
#407));
#1868=EDGE_LOOP('',(#408,#409,#410,#411));
#1869=EDGE_LOOP('',(#412,#413,#414,#415));
#1870=EDGE_LOOP('',(#416,#417,#418,#419));
#1871=EDGE_LOOP('',(#420,#421,#422,#423));
#1872=EDGE_LOOP('',(#424,#425,#426,#427));
#1873=EDGE_LOOP('',(#428,#429,#430,#431));
#1874=EDGE_LOOP('',(#432,#433,#434,#435));
#1875=EDGE_LOOP('',(#436,#437,#438,#439));
#1876=EDGE_LOOP('',(#440,#441,#442,#443));
#1877=EDGE_LOOP('',(#444,#445,#446,#447));
#1878=EDGE_LOOP('',(#448,#449,#450,#451));
#1879=EDGE_LOOP('',(#452,#453,#454,#455));
#1880=EDGE_LOOP('',(#456,#457,#458,#459,#460,#461,#462,#463,#464,#465,#466,
#467));
#1881=EDGE_LOOP('',(#468,#469,#470,#471,#472,#473,#474,#475,#476,#477,#478,
#479));
#1882=EDGE_LOOP('',(#480,#481,#482,#483));
#1883=EDGE_LOOP('',(#484,#485,#486,#487));
#1884=EDGE_LOOP('',(#488,#489,#490,#491));
#1885=EDGE_LOOP('',(#492,#493,#494,#495));
#1886=EDGE_LOOP('',(#496,#497,#498,#499));
#1887=EDGE_LOOP('',(#500,#501,#502,#503));
#1888=EDGE_LOOP('',(#504,#505,#506,#507));
#1889=EDGE_LOOP('',(#508,#509,#510,#511));
#1890=EDGE_LOOP('',(#512,#513,#514,#515));
#1891=EDGE_LOOP('',(#516,#517,#518,#519));
#1892=EDGE_LOOP('',(#520,#521,#522,#523));
#1893=EDGE_LOOP('',(#524,#525,#526,#527));
#1894=EDGE_LOOP('',(#528,#529,#530,#531,#532,#533,#534,#535,#536,#537,#538,
#539));
#1895=EDGE_LOOP('',(#540,#541,#542,#543,#544,#545,#546,#547,#548,#549,#550,
#551));
#1896=EDGE_LOOP('',(#552,#553,#554,#555));
#1897=EDGE_LOOP('',(#556,#557,#558,#559));
#1898=EDGE_LOOP('',(#560,#561,#562,#563));
#1899=EDGE_LOOP('',(#564,#565,#566,#567));
#1900=EDGE_LOOP('',(#568,#569,#570,#571));
#1901=EDGE_LOOP('',(#572,#573,#574,#575));
#1902=EDGE_LOOP('',(#576,#577,#578,#579));
#1903=EDGE_LOOP('',(#580,#581,#582,#583));
#1904=EDGE_LOOP('',(#584,#585,#586,#587));
#1905=EDGE_LOOP('',(#588,#589,#590,#591));
#1906=EDGE_LOOP('',(#592,#593,#594,#595));
#1907=EDGE_LOOP('',(#596,#597,#598,#599));
#1908=EDGE_LOOP('',(#600,#601,#602,#603,#604,#605,#606,#607,#608,#609,#610,
#611));
#1909=EDGE_LOOP('',(#612,#613,#614,#615,#616,#617,#618,#619,#620,#621,#622,
#623));
#1910=EDGE_LOOP('',(#624,#625,#626,#627));
#1911=EDGE_LOOP('',(#628,#629,#630,#631));
#1912=EDGE_LOOP('',(#632,#633,#634,#635));
#1913=EDGE_LOOP('',(#636,#637,#638,#639));
#1914=EDGE_LOOP('',(#640,#641,#642,#643));
#1915=EDGE_LOOP('',(#644,#645,#646,#647));
#1916=EDGE_LOOP('',(#648,#649,#650,#651));
#1917=EDGE_LOOP('',(#652,#653,#654,#655));
#1918=EDGE_LOOP('',(#656,#657,#658,#659));
#1919=EDGE_LOOP('',(#660,#661,#662,#663));
#1920=EDGE_LOOP('',(#664,#665,#666,#667));
#1921=EDGE_LOOP('',(#668,#669,#670,#671));
#1922=EDGE_LOOP('',(#672,#673,#674,#675,#676,#677,#678,#679,#680,#681,#682,
#683));
#1923=EDGE_LOOP('',(#684,#685,#686,#687,#688,#689,#690,#691,#692,#693,#694,
#695));
#1924=EDGE_LOOP('',(#696,#697,#698,#699));
#1925=EDGE_LOOP('',(#700,#701,#702,#703));
#1926=EDGE_LOOP('',(#704,#705,#706,#707));
#1927=EDGE_LOOP('',(#708,#709,#710,#711));
#1928=EDGE_LOOP('',(#712,#713,#714,#715));
#1929=EDGE_LOOP('',(#716,#717,#718,#719));
#1930=EDGE_LOOP('',(#720,#721,#722,#723));
#1931=EDGE_LOOP('',(#724,#725,#726,#727));
#1932=EDGE_LOOP('',(#728,#729,#730,#731));
#1933=EDGE_LOOP('',(#732,#733,#734,#735));
#1934=EDGE_LOOP('',(#736,#737,#738,#739));
#1935=EDGE_LOOP('',(#740,#741,#742,#743));
#1936=EDGE_LOOP('',(#744,#745,#746,#747,#748,#749,#750,#751,#752,#753,#754,
#755));
#1937=EDGE_LOOP('',(#756,#757,#758,#759,#760,#761,#762,#763,#764,#765,#766,
#767));
#1938=EDGE_LOOP('',(#768));
#1939=EDGE_LOOP('',(#769));
#1940=EDGE_LOOP('',(#770));
#1941=EDGE_LOOP('',(#771));
#1942=FACE_BOUND('',#1808,.T.);
#1943=FACE_BOUND('',#1809,.T.);
#1944=FACE_BOUND('',#1810,.T.);
#1945=FACE_BOUND('',#1811,.T.);
#1946=FACE_BOUND('',#1812,.T.);
#1947=FACE_BOUND('',#1813,.T.);
#1948=FACE_BOUND('',#1814,.T.);
#1949=FACE_BOUND('',#1815,.T.);
#1950=FACE_BOUND('',#1816,.T.);
#1951=FACE_BOUND('',#1817,.T.);
#1952=FACE_BOUND('',#1818,.T.);
#1953=FACE_BOUND('',#1819,.T.);
#1954=FACE_BOUND('',#1820,.T.);
#1955=FACE_BOUND('',#1821,.T.);
#1956=FACE_BOUND('',#1822,.T.);
#1957=FACE_BOUND('',#1823,.T.);
#1958=FACE_BOUND('',#1824,.T.);
#1959=FACE_BOUND('',#1825,.T.);
#1960=FACE_BOUND('',#1826,.T.);
#1961=FACE_BOUND('',#1827,.T.);
#1962=FACE_BOUND('',#1828,.T.);
#1963=FACE_BOUND('',#1829,.T.);
#1964=FACE_BOUND('',#1830,.T.);
#1965=FACE_BOUND('',#1831,.T.);
#1966=FACE_BOUND('',#1832,.T.);
#1967=FACE_BOUND('',#1833,.T.);
#1968=FACE_BOUND('',#1834,.T.);
#1969=FACE_BOUND('',#1835,.T.);
#1970=FACE_BOUND('',#1836,.T.);
#1971=FACE_BOUND('',#1837,.T.);
#1972=FACE_BOUND('',#1838,.T.);
#1973=FACE_BOUND('',#1839,.T.);
#1974=FACE_BOUND('',#1840,.T.);
#1975=FACE_BOUND('',#1841,.T.);
#1976=FACE_BOUND('',#1842,.T.);
#1977=FACE_BOUND('',#1843,.T.);
#1978=FACE_BOUND('',#1844,.T.);
#1979=FACE_BOUND('',#1845,.T.);
#1980=FACE_BOUND('',#1846,.T.);
#1981=FACE_BOUND('',#1847,.T.);
#1982=FACE_BOUND('',#1848,.T.);
#1983=FACE_BOUND('',#1849,.T.);
#1984=FACE_BOUND('',#1850,.T.);
#1985=FACE_BOUND('',#1851,.T.);
#1986=FACE_BOUND('',#1852,.T.);
#1987=FACE_BOUND('',#1853,.T.);
#1988=FACE_BOUND('',#1854,.T.);
#1989=FACE_BOUND('',#1855,.T.);
#1990=FACE_BOUND('',#1856,.T.);
#1991=FACE_BOUND('',#1857,.T.);
#1992=FACE_BOUND('',#1858,.T.);
#1993=FACE_BOUND('',#1859,.T.);
#1994=FACE_BOUND('',#1860,.T.);
#1995=FACE_BOUND('',#1861,.T.);
#1996=FACE_BOUND('',#1862,.T.);
#1997=FACE_BOUND('',#1863,.T.);
#1998=FACE_BOUND('',#1864,.T.);
#1999=FACE_BOUND('',#1865,.T.);
#2000=FACE_BOUND('',#1866,.T.);
#2001=FACE_BOUND('',#1867,.T.);
#2002=FACE_BOUND('',#1868,.T.);
#2003=FACE_BOUND('',#1869,.T.);
#2004=FACE_BOUND('',#1870,.T.);
#2005=FACE_BOUND('',#1871,.T.);
#2006=FACE_BOUND('',#1872,.T.);
#2007=FACE_BOUND('',#1873,.T.);
#2008=FACE_BOUND('',#1874,.T.);
#2009=FACE_BOUND('',#1875,.T.);
#2010=FACE_BOUND('',#1876,.T.);
#2011=FACE_BOUND('',#1877,.T.);
#2012=FACE_BOUND('',#1878,.T.);
#2013=FACE_BOUND('',#1879,.T.);
#2014=FACE_BOUND('',#1880,.T.);
#2015=FACE_BOUND('',#1881,.T.);
#2016=FACE_BOUND('',#1882,.T.);
#2017=FACE_BOUND('',#1883,.T.);
#2018=FACE_BOUND('',#1884,.T.);
#2019=FACE_BOUND('',#1885,.T.);
#2020=FACE_BOUND('',#1886,.T.);
#2021=FACE_BOUND('',#1887,.T.);
#2022=FACE_BOUND('',#1888,.T.);
#2023=FACE_BOUND('',#1889,.T.);
#2024=FACE_BOUND('',#1890,.T.);
#2025=FACE_BOUND('',#1891,.T.);
#2026=FACE_BOUND('',#1892,.T.);
#2027=FACE_BOUND('',#1893,.T.);
#2028=FACE_BOUND('',#1894,.T.);
#2029=FACE_BOUND('',#1895,.T.);
#2030=FACE_BOUND('',#1896,.T.);
#2031=FACE_BOUND('',#1897,.T.);
#2032=FACE_BOUND('',#1898,.T.);
#2033=FACE_BOUND('',#1899,.T.);
#2034=FACE_BOUND('',#1900,.T.);
#2035=FACE_BOUND('',#1901,.T.);
#2036=FACE_BOUND('',#1902,.T.);
#2037=FACE_BOUND('',#1903,.T.);
#2038=FACE_BOUND('',#1904,.T.);
#2039=FACE_BOUND('',#1905,.T.);
#2040=FACE_BOUND('',#1906,.T.);
#2041=FACE_BOUND('',#1907,.T.);
#2042=FACE_BOUND('',#1908,.T.);
#2043=FACE_BOUND('',#1909,.T.);
#2044=FACE_BOUND('',#1910,.T.);
#2045=FACE_BOUND('',#1911,.T.);
#2046=FACE_BOUND('',#1912,.T.);
#2047=FACE_BOUND('',#1913,.T.);
#2048=FACE_BOUND('',#1914,.T.);
#2049=FACE_BOUND('',#1915,.T.);
#2050=FACE_BOUND('',#1916,.T.);
#2051=FACE_BOUND('',#1917,.T.);
#2052=FACE_BOUND('',#1918,.T.);
#2053=FACE_BOUND('',#1919,.T.);
#2054=FACE_BOUND('',#1920,.T.);
#2055=FACE_BOUND('',#1921,.T.);
#2056=FACE_BOUND('',#1922,.T.);
#2057=FACE_BOUND('',#1923,.T.);
#2058=FACE_BOUND('',#1924,.T.);
#2059=FACE_BOUND('',#1925,.T.);
#2060=FACE_BOUND('',#1926,.T.);
#2061=FACE_BOUND('',#1927,.T.);
#2062=FACE_BOUND('',#1928,.T.);
#2063=FACE_BOUND('',#1929,.T.);
#2064=FACE_BOUND('',#1930,.T.);
#2065=FACE_BOUND('',#1931,.T.);
#2066=FACE_BOUND('',#1932,.T.);
#2067=FACE_BOUND('',#1933,.T.);
#2068=FACE_BOUND('',#1934,.T.);
#2069=FACE_BOUND('',#1935,.T.);
#2070=FACE_BOUND('',#1936,.T.);
#2071=FACE_BOUND('',#1937,.T.);
#2072=FACE_BOUND('',#1938,.T.);
#2073=FACE_BOUND('',#1939,.T.);
#2074=FACE_BOUND('',#1940,.T.);
#2075=FACE_BOUND('',#1941,.T.);
#2076=PLANE('',#2418);
#2077=PLANE('',#2419);
#2078=PLANE('',#2423);
#2079=PLANE('',#2427);
#2080=PLANE('',#2428);
#2081=PLANE('',#2429);
#2082=PLANE('',#2433);
#2083=PLANE('',#2437);
#2084=PLANE('',#2438);
#2085=PLANE('',#2439);
#2086=PLANE('',#2441);
#2087=PLANE('',#2442);
#2088=PLANE('',#2444);
#2089=PLANE('',#2445);
#2090=PLANE('',#2446);
#2091=PLANE('',#2447);
#2092=PLANE('',#2448);
#2093=PLANE('',#2449);
#2094=PLANE('',#2450);
#2095=PLANE('',#2451);
#2096=PLANE('',#2452);
#2097=PLANE('',#2453);
#2098=PLANE('',#2454);
#2099=PLANE('',#2455);
#2100=PLANE('',#2458);
#2101=PLANE('',#2460);
#2102=PLANE('',#2461);
#2103=PLANE('',#2465);
#2104=PLANE('',#2469);
#2105=PLANE('',#2470);
#2106=PLANE('',#2471);
#2107=PLANE('',#2475);
#2108=PLANE('',#2479);
#2109=PLANE('',#2480);
#2110=PLANE('',#2481);
#2111=PLANE('',#2483);
#2112=PLANE('',#2484);
#2113=PLANE('',#2488);
#2114=PLANE('',#2492);
#2115=PLANE('',#2493);
#2116=PLANE('',#2494);
#2117=PLANE('',#2498);
#2118=PLANE('',#2502);
#2119=PLANE('',#2503);
#2120=PLANE('',#2504);
#2121=PLANE('',#2506);
#2122=PLANE('',#2507);
#2123=PLANE('',#2511);
#2124=PLANE('',#2515);
#2125=PLANE('',#2516);
#2126=PLANE('',#2517);
#2127=PLANE('',#2521);
#2128=PLANE('',#2525);
#2129=PLANE('',#2526);
#2130=PLANE('',#2527);
#2131=PLANE('',#2529);
#2132=PLANE('',#2530);
#2133=PLANE('',#2534);
#2134=PLANE('',#2538);
#2135=PLANE('',#2539);
#2136=PLANE('',#2540);
#2137=PLANE('',#2544);
#2138=PLANE('',#2548);
#2139=PLANE('',#2549);
#2140=PLANE('',#2550);
#2141=PLANE('',#2552);
#2142=PLANE('',#2553);
#2143=PLANE('',#2557);
#2144=PLANE('',#2561);
#2145=PLANE('',#2562);
#2146=PLANE('',#2563);
#2147=PLANE('',#2567);
#2148=PLANE('',#2571);
#2149=PLANE('',#2572);
#2150=PLANE('',#2573);
#2151=PLANE('',#2575);
#2152=PLANE('',#2576);
#2153=PLANE('',#2580);
#2154=PLANE('',#2584);
#2155=PLANE('',#2585);
#2156=PLANE('',#2586);
#2157=PLANE('',#2590);
#2158=PLANE('',#2594);
#2159=PLANE('',#2595);
#2160=PLANE('',#2596);
#2161=PLANE('',#2598);
#2162=PLANE('',#2599);
#2163=PLANE('',#2603);
#2164=PLANE('',#2607);
#2165=PLANE('',#2608);
#2166=PLANE('',#2609);
#2167=PLANE('',#2613);
#2168=PLANE('',#2617);
#2169=PLANE('',#2618);
#2170=PLANE('',#2619);
#2171=PLANE('',#2621);
#2172=PLANE('',#2625);
#2173=ADVANCED_FACE('',(#1942),#2076,.T.);
#2174=ADVANCED_FACE('',(#1943),#2077,.T.);
#2175=ADVANCED_FACE('',(#1944),#98,.F.);
#2176=ADVANCED_FACE('',(#1945),#2078,.T.);
#2177=ADVANCED_FACE('',(#1946),#99,.T.);
#2178=ADVANCED_FACE('',(#1947),#2079,.T.);
#2179=ADVANCED_FACE('',(#1948),#2080,.F.);
#2180=ADVANCED_FACE('',(#1949),#2081,.F.);
#2181=ADVANCED_FACE('',(#1950),#100,.F.);
#2182=ADVANCED_FACE('',(#1951),#2082,.F.);
#2183=ADVANCED_FACE('',(#1952),#101,.T.);
#2184=ADVANCED_FACE('',(#1953),#2083,.F.);
#2185=ADVANCED_FACE('',(#1954),#2084,.T.);
#2186=ADVANCED_FACE('',(#1955),#2085,.F.);
#2187=ADVANCED_FACE('',(#1956),#2086,.T.);
#2188=ADVANCED_FACE('',(#1957,#1958),#2087,.F.);
#2189=ADVANCED_FACE('',(#1959),#2088,.F.);
#2190=ADVANCED_FACE('',(#1960),#2089,.F.);
#2191=ADVANCED_FACE('',(#1961),#2090,.T.);
#2192=ADVANCED_FACE('',(#1962),#2091,.T.);
#2193=ADVANCED_FACE('',(#1963),#2092,.T.);
#2194=ADVANCED_FACE('',(#1964),#2093,.F.);
#2195=ADVANCED_FACE('',(#1965),#2094,.F.);
#2196=ADVANCED_FACE('',(#1966),#2095,.T.);
#2197=ADVANCED_FACE('',(#1967),#2096,.T.);
#2198=ADVANCED_FACE('',(#1968),#2097,.F.);
#2199=ADVANCED_FACE('',(#1969),#2098,.T.);
#2200=ADVANCED_FACE('',(#1970),#2099,.F.);
#2201=ADVANCED_FACE('',(#1971,#1972),#102,.F.);
#2202=ADVANCED_FACE('',(#1973),#2100,.T.);
#2203=ADVANCED_FACE('',(#1974),#2101,.T.);
#2204=ADVANCED_FACE('',(#1975),#2102,.T.);
#2205=ADVANCED_FACE('',(#1976),#103,.F.);
#2206=ADVANCED_FACE('',(#1977),#2103,.T.);
#2207=ADVANCED_FACE('',(#1978),#104,.T.);
#2208=ADVANCED_FACE('',(#1979),#2104,.T.);
#2209=ADVANCED_FACE('',(#1980),#2105,.F.);
#2210=ADVANCED_FACE('',(#1981),#2106,.F.);
#2211=ADVANCED_FACE('',(#1982),#105,.F.);
#2212=ADVANCED_FACE('',(#1983),#2107,.F.);
#2213=ADVANCED_FACE('',(#1984),#106,.T.);
#2214=ADVANCED_FACE('',(#1985),#2108,.F.);
#2215=ADVANCED_FACE('',(#1986),#2109,.T.);
#2216=ADVANCED_FACE('',(#1987),#2110,.F.);
#2217=ADVANCED_FACE('',(#1988),#2111,.T.);
#2218=ADVANCED_FACE('',(#1989),#2112,.T.);
#2219=ADVANCED_FACE('',(#1990),#107,.F.);
#2220=ADVANCED_FACE('',(#1991),#2113,.T.);
#2221=ADVANCED_FACE('',(#1992),#108,.T.);
#2222=ADVANCED_FACE('',(#1993),#2114,.T.);
#2223=ADVANCED_FACE('',(#1994),#2115,.F.);
#2224=ADVANCED_FACE('',(#1995),#2116,.F.);
#2225=ADVANCED_FACE('',(#1996),#109,.F.);
#2226=ADVANCED_FACE('',(#1997),#2117,.F.);
#2227=ADVANCED_FACE('',(#1998),#110,.T.);
#2228=ADVANCED_FACE('',(#1999),#2118,.F.);
#2229=ADVANCED_FACE('',(#2000),#2119,.T.);
#2230=ADVANCED_FACE('',(#2001),#2120,.F.);
#2231=ADVANCED_FACE('',(#2002),#2121,.T.);
#2232=ADVANCED_FACE('',(#2003),#2122,.T.);
#2233=ADVANCED_FACE('',(#2004),#111,.F.);
#2234=ADVANCED_FACE('',(#2005),#2123,.T.);
#2235=ADVANCED_FACE('',(#2006),#112,.T.);
#2236=ADVANCED_FACE('',(#2007),#2124,.T.);
#2237=ADVANCED_FACE('',(#2008),#2125,.F.);
#2238=ADVANCED_FACE('',(#2009),#2126,.F.);
#2239=ADVANCED_FACE('',(#2010),#113,.F.);
#2240=ADVANCED_FACE('',(#2011),#2127,.F.);
#2241=ADVANCED_FACE('',(#2012),#114,.T.);
#2242=ADVANCED_FACE('',(#2013),#2128,.F.);
#2243=ADVANCED_FACE('',(#2014),#2129,.T.);
#2244=ADVANCED_FACE('',(#2015),#2130,.F.);
#2245=ADVANCED_FACE('',(#2016),#2131,.T.);
#2246=ADVANCED_FACE('',(#2017),#2132,.T.);
#2247=ADVANCED_FACE('',(#2018),#115,.F.);
#2248=ADVANCED_FACE('',(#2019),#2133,.T.);
#2249=ADVANCED_FACE('',(#2020),#116,.T.);
#2250=ADVANCED_FACE('',(#2021),#2134,.T.);
#2251=ADVANCED_FACE('',(#2022),#2135,.F.);
#2252=ADVANCED_FACE('',(#2023),#2136,.F.);
#2253=ADVANCED_FACE('',(#2024),#117,.F.);
#2254=ADVANCED_FACE('',(#2025),#2137,.F.);
#2255=ADVANCED_FACE('',(#2026),#118,.T.);
#2256=ADVANCED_FACE('',(#2027),#2138,.F.);
#2257=ADVANCED_FACE('',(#2028),#2139,.T.);
#2258=ADVANCED_FACE('',(#2029),#2140,.F.);
#2259=ADVANCED_FACE('',(#2030),#2141,.T.);
#2260=ADVANCED_FACE('',(#2031),#2142,.T.);
#2261=ADVANCED_FACE('',(#2032),#119,.F.);
#2262=ADVANCED_FACE('',(#2033),#2143,.T.);
#2263=ADVANCED_FACE('',(#2034),#120,.T.);
#2264=ADVANCED_FACE('',(#2035),#2144,.T.);
#2265=ADVANCED_FACE('',(#2036),#2145,.F.);
#2266=ADVANCED_FACE('',(#2037),#2146,.F.);
#2267=ADVANCED_FACE('',(#2038),#121,.F.);
#2268=ADVANCED_FACE('',(#2039),#2147,.F.);
#2269=ADVANCED_FACE('',(#2040),#122,.T.);
#2270=ADVANCED_FACE('',(#2041),#2148,.F.);
#2271=ADVANCED_FACE('',(#2042),#2149,.T.);
#2272=ADVANCED_FACE('',(#2043),#2150,.F.);
#2273=ADVANCED_FACE('',(#2044),#2151,.T.);
#2274=ADVANCED_FACE('',(#2045),#2152,.T.);
#2275=ADVANCED_FACE('',(#2046),#123,.F.);
#2276=ADVANCED_FACE('',(#2047),#2153,.T.);
#2277=ADVANCED_FACE('',(#2048),#124,.T.);
#2278=ADVANCED_FACE('',(#2049),#2154,.T.);
#2279=ADVANCED_FACE('',(#2050),#2155,.F.);
#2280=ADVANCED_FACE('',(#2051),#2156,.F.);
#2281=ADVANCED_FACE('',(#2052),#125,.F.);
#2282=ADVANCED_FACE('',(#2053),#2157,.F.);
#2283=ADVANCED_FACE('',(#2054),#126,.T.);
#2284=ADVANCED_FACE('',(#2055),#2158,.F.);
#2285=ADVANCED_FACE('',(#2056),#2159,.T.);
#2286=ADVANCED_FACE('',(#2057),#2160,.F.);
#2287=ADVANCED_FACE('',(#2058),#2161,.T.);
#2288=ADVANCED_FACE('',(#2059),#2162,.T.);
#2289=ADVANCED_FACE('',(#2060),#127,.F.);
#2290=ADVANCED_FACE('',(#2061),#2163,.T.);
#2291=ADVANCED_FACE('',(#2062),#128,.T.);
#2292=ADVANCED_FACE('',(#2063),#2164,.T.);
#2293=ADVANCED_FACE('',(#2064),#2165,.F.);
#2294=ADVANCED_FACE('',(#2065),#2166,.F.);
#2295=ADVANCED_FACE('',(#2066),#129,.F.);
#2296=ADVANCED_FACE('',(#2067),#2167,.F.);
#2297=ADVANCED_FACE('',(#2068),#130,.T.);
#2298=ADVANCED_FACE('',(#2069),#2168,.F.);
#2299=ADVANCED_FACE('',(#2070),#2169,.T.);
#2300=ADVANCED_FACE('',(#2071),#2170,.F.);
#2301=ADVANCED_FACE('',(#2072),#2171,.F.);
#2302=ADVANCED_FACE('',(#2073,#2074),#131,.T.);
#2303=ADVANCED_FACE('',(#2075),#2172,.F.);
#2304=CLOSED_SHELL('',(#2173,#2174,#2175,#2176,#2177,#2178,#2179,#2180,
#2181,#2182,#2183,#2184,#2185,#2186));
#2305=CLOSED_SHELL('',(#2187,#2188,#2189,#2190,#2191,#2192,#2193,#2194,
#2195,#2196,#2197,#2198,#2199,#2200,#2201,#2202));
#2306=CLOSED_SHELL('',(#2203,#2204,#2205,#2206,#2207,#2208,#2209,#2210,
#2211,#2212,#2213,#2214,#2215,#2216));
#2307=CLOSED_SHELL('',(#2217,#2218,#2219,#2220,#2221,#2222,#2223,#2224,
#2225,#2226,#2227,#2228,#2229,#2230));
#2308=CLOSED_SHELL('',(#2231,#2232,#2233,#2234,#2235,#2236,#2237,#2238,
#2239,#2240,#2241,#2242,#2243,#2244));
#2309=CLOSED_SHELL('',(#2245,#2246,#2247,#2248,#2249,#2250,#2251,#2252,
#2253,#2254,#2255,#2256,#2257,#2258));
#2310=CLOSED_SHELL('',(#2259,#2260,#2261,#2262,#2263,#2264,#2265,#2266,
#2267,#2268,#2269,#2270,#2271,#2272));
#2311=CLOSED_SHELL('',(#2273,#2274,#2275,#2276,#2277,#2278,#2279,#2280,
#2281,#2282,#2283,#2284,#2285,#2286));
#2312=CLOSED_SHELL('',(#2287,#2288,#2289,#2290,#2291,#2292,#2293,#2294,
#2295,#2296,#2297,#2298,#2299,#2300));
#2313=CLOSED_SHELL('',(#2301,#2302,#2303));
#2314=STYLED_ITEM('',(#2324),#2387);
#2315=STYLED_ITEM('',(#2325),#2388);
#2316=STYLED_ITEM('',(#2326),#2389);
#2317=STYLED_ITEM('',(#2327),#2390);
#2318=STYLED_ITEM('',(#2328),#2391);
#2319=STYLED_ITEM('',(#2329),#2392);
#2320=STYLED_ITEM('',(#2330),#2393);
#2321=STYLED_ITEM('',(#2331),#2394);
#2322=STYLED_ITEM('',(#2332),#2395);
#2323=STYLED_ITEM('',(#2333),#2396);
#2324=PRESENTATION_STYLE_ASSIGNMENT((#2334));
#2325=PRESENTATION_STYLE_ASSIGNMENT((#2335));
#2326=PRESENTATION_STYLE_ASSIGNMENT((#2336));
#2327=PRESENTATION_STYLE_ASSIGNMENT((#2337));
#2328=PRESENTATION_STYLE_ASSIGNMENT((#2338));
#2329=PRESENTATION_STYLE_ASSIGNMENT((#2339));
#2330=PRESENTATION_STYLE_ASSIGNMENT((#2340));
#2331=PRESENTATION_STYLE_ASSIGNMENT((#2341));
#2332=PRESENTATION_STYLE_ASSIGNMENT((#2342));
#2333=PRESENTATION_STYLE_ASSIGNMENT((#2343));
#2334=SURFACE_STYLE_USAGE(.BOTH.,#2344);
#2335=SURFACE_STYLE_USAGE(.BOTH.,#2345);
#2336=SURFACE_STYLE_USAGE(.BOTH.,#2346);
#2337=SURFACE_STYLE_USAGE(.BOTH.,#2347);
#2338=SURFACE_STYLE_USAGE(.BOTH.,#2348);
#2339=SURFACE_STYLE_USAGE(.BOTH.,#2349);
#2340=SURFACE_STYLE_USAGE(.BOTH.,#2350);
#2341=SURFACE_STYLE_USAGE(.BOTH.,#2351);
#2342=SURFACE_STYLE_USAGE(.BOTH.,#2352);
#2343=SURFACE_STYLE_USAGE(.BOTH.,#2353);
#2344=SURFACE_SIDE_STYLE('',(#2354));
#2345=SURFACE_SIDE_STYLE('',(#2355));
#2346=SURFACE_SIDE_STYLE('',(#2356));
#2347=SURFACE_SIDE_STYLE('',(#2357));
#2348=SURFACE_SIDE_STYLE('',(#2358));
#2349=SURFACE_SIDE_STYLE('',(#2359));
#2350=SURFACE_SIDE_STYLE('',(#2360));
#2351=SURFACE_SIDE_STYLE('',(#2361));
#2352=SURFACE_SIDE_STYLE('',(#2362));
#2353=SURFACE_SIDE_STYLE('',(#2363));
#2354=SURFACE_STYLE_FILL_AREA(#2364);
#2355=SURFACE_STYLE_FILL_AREA(#2365);
#2356=SURFACE_STYLE_FILL_AREA(#2366);
#2357=SURFACE_STYLE_FILL_AREA(#2367);
#2358=SURFACE_STYLE_FILL_AREA(#2368);
#2359=SURFACE_STYLE_FILL_AREA(#2369);
#2360=SURFACE_STYLE_FILL_AREA(#2370);
#2361=SURFACE_STYLE_FILL_AREA(#2371);
#2362=SURFACE_STYLE_FILL_AREA(#2372);
#2363=SURFACE_STYLE_FILL_AREA(#2373);
#2364=FILL_AREA_STYLE('',(#2374));
#2365=FILL_AREA_STYLE('',(#2375));
#2366=FILL_AREA_STYLE('',(#2376));
#2367=FILL_AREA_STYLE('',(#2377));
#2368=FILL_AREA_STYLE('',(#2378));
#2369=FILL_AREA_STYLE('',(#2379));
#2370=FILL_AREA_STYLE('',(#2380));
#2371=FILL_AREA_STYLE('',(#2381));
#2372=FILL_AREA_STYLE('',(#2382));
#2373=FILL_AREA_STYLE('',(#2383));
#2374=FILL_AREA_STYLE_COLOUR('',#2384);
#2375=FILL_AREA_STYLE_COLOUR('',#2385);
#2376=FILL_AREA_STYLE_COLOUR('',#2384);
#2377=FILL_AREA_STYLE_COLOUR('',#2384);
#2378=FILL_AREA_STYLE_COLOUR('',#2384);
#2379=FILL_AREA_STYLE_COLOUR('',#2384);
#2380=FILL_AREA_STYLE_COLOUR('',#2384);
#2381=FILL_AREA_STYLE_COLOUR('',#2384);
#2382=FILL_AREA_STYLE_COLOUR('',#2384);
#2383=FILL_AREA_STYLE_COLOUR('',#2386);
#2384=COLOUR_RGB('',0.8,0.8,0.8);
#2385=COLOUR_RGB('',0.2,0.2,0.2);
#2386=COLOUR_RGB('',0.870588235294118,0.870588235294118,0.870588235294118);
#2387=MANIFOLD_SOLID_BREP('Part 2',#2304);
#2388=MANIFOLD_SOLID_BREP('Part 1',#2305);
#2389=MANIFOLD_SOLID_BREP('Part 3',#2306);
#2390=MANIFOLD_SOLID_BREP('Part 4',#2307);
#2391=MANIFOLD_SOLID_BREP('Part 5',#2308);
#2392=MANIFOLD_SOLID_BREP('Part 6',#2309);
#2393=MANIFOLD_SOLID_BREP('Part 7',#2310);
#2394=MANIFOLD_SOLID_BREP('Part 8',#2311);
#2395=MANIFOLD_SOLID_BREP('Part 9',#2312);
#2396=MANIFOLD_SOLID_BREP('Part 10',#2313);
#2397=SHAPE_DEFINITION_REPRESENTATION(#4029,#2407);
#2398=SHAPE_DEFINITION_REPRESENTATION(#4030,#2408);
#2399=SHAPE_DEFINITION_REPRESENTATION(#4031,#2409);
#2400=SHAPE_DEFINITION_REPRESENTATION(#4032,#2410);
#2401=SHAPE_DEFINITION_REPRESENTATION(#4033,#2411);
#2402=SHAPE_DEFINITION_REPRESENTATION(#4034,#2412);
#2403=SHAPE_DEFINITION_REPRESENTATION(#4035,#2413);
#2404=SHAPE_DEFINITION_REPRESENTATION(#4036,#2414);
#2405=SHAPE_DEFINITION_REPRESENTATION(#4037,#2415);
#2406=SHAPE_DEFINITION_REPRESENTATION(#4038,#2416);
#2407=SHAPE_REPRESENTATION('Part 2',(#2417),#3979);
#2408=SHAPE_REPRESENTATION('Part 1',(#2440),#3980);
#2409=SHAPE_REPRESENTATION('Part 3',(#2459),#3981);
#2410=SHAPE_REPRESENTATION('Part 4',(#2482),#3982);
#2411=SHAPE_REPRESENTATION('Part 5',(#2505),#3983);
#2412=SHAPE_REPRESENTATION('Part 6',(#2528),#3984);
#2413=SHAPE_REPRESENTATION('Part 7',(#2551),#3985);
#2414=SHAPE_REPRESENTATION('Part 8',(#2574),#3986);
#2415=SHAPE_REPRESENTATION('Part 9',(#2597),#3987);
#2416=SHAPE_REPRESENTATION('Part 10',(#2620),#3988);
#2417=AXIS2_PLACEMENT_3D('',#3296,#2626,#2627);
#2418=AXIS2_PLACEMENT_3D('',#3297,#2628,#2629);
#2419=AXIS2_PLACEMENT_3D('',#3306,#2634,#2635);
#2420=AXIS2_PLACEMENT_3D('',#3312,#2639,#2640);
#2421=AXIS2_PLACEMENT_3D('',#3313,#2641,#2642);
#2422=AXIS2_PLACEMENT_3D('',#3317,#2644,#2645);
#2423=AXIS2_PLACEMENT_3D('',#3318,#2646,#2647);
#2424=AXIS2_PLACEMENT_3D('',#3324,#2651,#2652);
#2425=AXIS2_PLACEMENT_3D('',#3325,#2653,#2654);
#2426=AXIS2_PLACEMENT_3D('',#3329,#2656,#2657);
#2427=AXIS2_PLACEMENT_3D('',#3330,#2658,#2659);
#2428=AXIS2_PLACEMENT_3D('',#3336,#2663,#2664);
#2429=AXIS2_PLACEMENT_3D('',#3342,#2668,#2669);
#2430=AXIS2_PLACEMENT_3D('',#3348,#2673,#2674);
#2431=AXIS2_PLACEMENT_3D('',#3349,#2675,#2676);
#2432=AXIS2_PLACEMENT_3D('',#3353,#2678,#2679);
#2433=AXIS2_PLACEMENT_3D('',#3354,#2680,#2681);
#2434=AXIS2_PLACEMENT_3D('',#3360,#2685,#2686);
#2435=AXIS2_PLACEMENT_3D('',#3361,#2687,#2688);
#2436=AXIS2_PLACEMENT_3D('',#3365,#2690,#2691);
#2437=AXIS2_PLACEMENT_3D('',#3366,#2692,#2693);
#2438=AXIS2_PLACEMENT_3D('',#3369,#2696,#2697);
#2439=AXIS2_PLACEMENT_3D('',#3370,#2698,#2699);
#2440=AXIS2_PLACEMENT_3D('',#3371,#2700,#2701);
#2441=AXIS2_PLACEMENT_3D('',#3372,#2702,#2703);
#2442=AXIS2_PLACEMENT_3D('',#3381,#2708,#2709);
#2443=AXIS2_PLACEMENT_3D('',#3382,#2710,#2711);
#2444=AXIS2_PLACEMENT_3D('',#3392,#2716,#2717);
#2445=AXIS2_PLACEMENT_3D('',#3398,#2721,#2722);
#2446=AXIS2_PLACEMENT_3D('',#3404,#2726,#2727);
#2447=AXIS2_PLACEMENT_3D('',#3410,#2731,#2732);
#2448=AXIS2_PLACEMENT_3D('',#3416,#2736,#2737);
#2449=AXIS2_PLACEMENT_3D('',#3421,#2742,#2743);
#2450=AXIS2_PLACEMENT_3D('',#3426,#2748,#2749);
#2451=AXIS2_PLACEMENT_3D('',#3427,#2750,#2751);
#2452=AXIS2_PLACEMENT_3D('',#3428,#2752,#2753);
#2453=AXIS2_PLACEMENT_3D('',#3429,#2754,#2755);
#2454=AXIS2_PLACEMENT_3D('',#3430,#2756,#2757);
#2455=AXIS2_PLACEMENT_3D('',#3431,#2758,#2759);
#2456=AXIS2_PLACEMENT_3D('',#3432,#2760,#2761);
#2457=AXIS2_PLACEMENT_3D('',#3433,#2762,#2763);
#2458=AXIS2_PLACEMENT_3D('',#3435,#2764,#2765);
#2459=AXIS2_PLACEMENT_3D('',#3436,#2766,#2767);
#2460=AXIS2_PLACEMENT_3D('',#3437,#2768,#2769);
#2461=AXIS2_PLACEMENT_3D('',#3446,#2774,#2775);
#2462=AXIS2_PLACEMENT_3D('',#3452,#2779,#2780);
#2463=AXIS2_PLACEMENT_3D('',#3453,#2781,#2782);
#2464=AXIS2_PLACEMENT_3D('',#3457,#2784,#2785);
#2465=AXIS2_PLACEMENT_3D('',#3458,#2786,#2787);
#2466=AXIS2_PLACEMENT_3D('',#3464,#2791,#2792);
#2467=AXIS2_PLACEMENT_3D('',#3465,#2793,#2794);
#2468=AXIS2_PLACEMENT_3D('',#3469,#2796,#2797);
#2469=AXIS2_PLACEMENT_3D('',#3470,#2798,#2799);
#2470=AXIS2_PLACEMENT_3D('',#3476,#2803,#2804);
#2471=AXIS2_PLACEMENT_3D('',#3482,#2808,#2809);
#2472=AXIS2_PLACEMENT_3D('',#3488,#2813,#2814);
#2473=AXIS2_PLACEMENT_3D('',#3489,#2815,#2816);
#2474=AXIS2_PLACEMENT_3D('',#3493,#2818,#2819);
#2475=AXIS2_PLACEMENT_3D('',#3494,#2820,#2821);
#2476=AXIS2_PLACEMENT_3D('',#3500,#2825,#2826);
#2477=AXIS2_PLACEMENT_3D('',#3501,#2827,#2828);
#2478=AXIS2_PLACEMENT_3D('',#3505,#2830,#2831);
#2479=AXIS2_PLACEMENT_3D('',#3506,#2832,#2833);
#2480=AXIS2_PLACEMENT_3D('',#3509,#2836,#2837);
#2481=AXIS2_PLACEMENT_3D('',#3510,#2838,#2839);
#2482=AXIS2_PLACEMENT_3D('',#3511,#2840,#2841);
#2483=AXIS2_PLACEMENT_3D('',#3512,#2842,#2843);
#2484=AXIS2_PLACEMENT_3D('',#3521,#2848,#2849);
#2485=AXIS2_PLACEMENT_3D('',#3527,#2853,#2854);
#2486=AXIS2_PLACEMENT_3D('',#3528,#2855,#2856);
#2487=AXIS2_PLACEMENT_3D('',#3530,#2857,#2858);
#2488=AXIS2_PLACEMENT_3D('',#3533,#2860,#2861);
#2489=AXIS2_PLACEMENT_3D('',#3539,#2865,#2866);
#2490=AXIS2_PLACEMENT_3D('',#3540,#2867,#2868);
#2491=AXIS2_PLACEMENT_3D('',#3542,#2869,#2870);
#2492=AXIS2_PLACEMENT_3D('',#3545,#2872,#2873);
#2493=AXIS2_PLACEMENT_3D('',#3551,#2877,#2878);
#2494=AXIS2_PLACEMENT_3D('',#3557,#2882,#2883);
#2495=AXIS2_PLACEMENT_3D('',#3563,#2887,#2888);
#2496=AXIS2_PLACEMENT_3D('',#3564,#2889,#2890);
#2497=AXIS2_PLACEMENT_3D('',#3566,#2891,#2892);
#2498=AXIS2_PLACEMENT_3D('',#3569,#2894,#2895);
#2499=AXIS2_PLACEMENT_3D('',#3575,#2899,#2900);
#2500=AXIS2_PLACEMENT_3D('',#3576,#2901,#2902);
#2501=AXIS2_PLACEMENT_3D('',#3578,#2903,#2904);
#2502=AXIS2_PLACEMENT_3D('',#3581,#2906,#2907);
#2503=AXIS2_PLACEMENT_3D('',#3584,#2910,#2911);
#2504=AXIS2_PLACEMENT_3D('',#3585,#2912,#2913);
#2505=AXIS2_PLACEMENT_3D('',#3586,#2914,#2915);
#2506=AXIS2_PLACEMENT_3D('',#3587,#2916,#2917);
#2507=AXIS2_PLACEMENT_3D('',#3596,#2922,#2923);
#2508=AXIS2_PLACEMENT_3D('',#3602,#2927,#2928);
#2509=AXIS2_PLACEMENT_3D('',#3603,#2929,#2930);
#2510=AXIS2_PLACEMENT_3D('',#3605,#2931,#2932);
#2511=AXIS2_PLACEMENT_3D('',#3608,#2934,#2935);
#2512=AXIS2_PLACEMENT_3D('',#3614,#2939,#2940);
#2513=AXIS2_PLACEMENT_3D('',#3615,#2941,#2942);
#2514=AXIS2_PLACEMENT_3D('',#3617,#2943,#2944);
#2515=AXIS2_PLACEMENT_3D('',#3620,#2946,#2947);
#2516=AXIS2_PLACEMENT_3D('',#3626,#2951,#2952);
#2517=AXIS2_PLACEMENT_3D('',#3632,#2956,#2957);
#2518=AXIS2_PLACEMENT_3D('',#3638,#2961,#2962);
#2519=AXIS2_PLACEMENT_3D('',#3639,#2963,#2964);
#2520=AXIS2_PLACEMENT_3D('',#3641,#2965,#2966);
#2521=AXIS2_PLACEMENT_3D('',#3644,#2968,#2969);
#2522=AXIS2_PLACEMENT_3D('',#3650,#2973,#2974);
#2523=AXIS2_PLACEMENT_3D('',#3651,#2975,#2976);
#2524=AXIS2_PLACEMENT_3D('',#3653,#2977,#2978);
#2525=AXIS2_PLACEMENT_3D('',#3656,#2980,#2981);
#2526=AXIS2_PLACEMENT_3D('',#3659,#2984,#2985);
#2527=AXIS2_PLACEMENT_3D('',#3660,#2986,#2987);
#2528=AXIS2_PLACEMENT_3D('',#3661,#2988,#2989);
#2529=AXIS2_PLACEMENT_3D('',#3662,#2990,#2991);
#2530=AXIS2_PLACEMENT_3D('',#3671,#2996,#2997);
#2531=AXIS2_PLACEMENT_3D('',#3677,#3001,#3002);
#2532=AXIS2_PLACEMENT_3D('',#3678,#3003,#3004);
#2533=AXIS2_PLACEMENT_3D('',#3680,#3005,#3006);
#2534=AXIS2_PLACEMENT_3D('',#3683,#3008,#3009);
#2535=AXIS2_PLACEMENT_3D('',#3689,#3013,#3014);
#2536=AXIS2_PLACEMENT_3D('',#3690,#3015,#3016);
#2537=AXIS2_PLACEMENT_3D('',#3692,#3017,#3018);
#2538=AXIS2_PLACEMENT_3D('',#3695,#3020,#3021);
#2539=AXIS2_PLACEMENT_3D('',#3701,#3025,#3026);
#2540=AXIS2_PLACEMENT_3D('',#3707,#3030,#3031);
#2541=AXIS2_PLACEMENT_3D('',#3713,#3035,#3036);
#2542=AXIS2_PLACEMENT_3D('',#3714,#3037,#3038);
#2543=AXIS2_PLACEMENT_3D('',#3716,#3039,#3040);
#2544=AXIS2_PLACEMENT_3D('',#3719,#3042,#3043);
#2545=AXIS2_PLACEMENT_3D('',#3725,#3047,#3048);
#2546=AXIS2_PLACEMENT_3D('',#3726,#3049,#3050);
#2547=AXIS2_PLACEMENT_3D('',#3728,#3051,#3052);
#2548=AXIS2_PLACEMENT_3D('',#3731,#3054,#3055);
#2549=AXIS2_PLACEMENT_3D('',#3734,#3058,#3059);
#2550=AXIS2_PLACEMENT_3D('',#3735,#3060,#3061);
#2551=AXIS2_PLACEMENT_3D('',#3736,#3062,#3063);
#2552=AXIS2_PLACEMENT_3D('',#3737,#3064,#3065);
#2553=AXIS2_PLACEMENT_3D('',#3746,#3070,#3071);
#2554=AXIS2_PLACEMENT_3D('',#3752,#3075,#3076);
#2555=AXIS2_PLACEMENT_3D('',#3753,#3077,#3078);
#2556=AXIS2_PLACEMENT_3D('',#3755,#3079,#3080);
#2557=AXIS2_PLACEMENT_3D('',#3758,#3082,#3083);
#2558=AXIS2_PLACEMENT_3D('',#3764,#3087,#3088);
#2559=AXIS2_PLACEMENT_3D('',#3765,#3089,#3090);
#2560=AXIS2_PLACEMENT_3D('',#3767,#3091,#3092);
#2561=AXIS2_PLACEMENT_3D('',#3770,#3094,#3095);
#2562=AXIS2_PLACEMENT_3D('',#3776,#3099,#3100);
#2563=AXIS2_PLACEMENT_3D('',#3782,#3104,#3105);
#2564=AXIS2_PLACEMENT_3D('',#3788,#3109,#3110);
#2565=AXIS2_PLACEMENT_3D('',#3789,#3111,#3112);
#2566=AXIS2_PLACEMENT_3D('',#3791,#3113,#3114);
#2567=AXIS2_PLACEMENT_3D('',#3794,#3116,#3117);
#2568=AXIS2_PLACEMENT_3D('',#3800,#3121,#3122);
#2569=AXIS2_PLACEMENT_3D('',#3801,#3123,#3124);
#2570=AXIS2_PLACEMENT_3D('',#3803,#3125,#3126);
#2571=AXIS2_PLACEMENT_3D('',#3806,#3128,#3129);
#2572=AXIS2_PLACEMENT_3D('',#3809,#3132,#3133);
#2573=AXIS2_PLACEMENT_3D('',#3810,#3134,#3135);
#2574=AXIS2_PLACEMENT_3D('',#3811,#3136,#3137);
#2575=AXIS2_PLACEMENT_3D('',#3812,#3138,#3139);
#2576=AXIS2_PLACEMENT_3D('',#3821,#3144,#3145);
#2577=AXIS2_PLACEMENT_3D('',#3827,#3149,#3150);
#2578=AXIS2_PLACEMENT_3D('',#3828,#3151,#3152);
#2579=AXIS2_PLACEMENT_3D('',#3832,#3154,#3155);
#2580=AXIS2_PLACEMENT_3D('',#3833,#3156,#3157);
#2581=AXIS2_PLACEMENT_3D('',#3839,#3161,#3162);
#2582=AXIS2_PLACEMENT_3D('',#3840,#3163,#3164);
#2583=AXIS2_PLACEMENT_3D('',#3844,#3166,#3167);
#2584=AXIS2_PLACEMENT_3D('',#3845,#3168,#3169);
#2585=AXIS2_PLACEMENT_3D('',#3851,#3173,#3174);
#2586=AXIS2_PLACEMENT_3D('',#3857,#3178,#3179);
#2587=AXIS2_PLACEMENT_3D('',#3863,#3183,#3184);
#2588=AXIS2_PLACEMENT_3D('',#3864,#3185,#3186);
#2589=AXIS2_PLACEMENT_3D('',#3868,#3188,#3189);
#2590=AXIS2_PLACEMENT_3D('',#3869,#3190,#3191);
#2591=AXIS2_PLACEMENT_3D('',#3875,#3195,#3196);
#2592=AXIS2_PLACEMENT_3D('',#3876,#3197,#3198);
#2593=AXIS2_PLACEMENT_3D('',#3880,#3200,#3201);
#2594=AXIS2_PLACEMENT_3D('',#3881,#3202,#3203);
#2595=AXIS2_PLACEMENT_3D('',#3884,#3206,#3207);
#2596=AXIS2_PLACEMENT_3D('',#3885,#3208,#3209);
#2597=AXIS2_PLACEMENT_3D('',#3886,#3210,#3211);
#2598=AXIS2_PLACEMENT_3D('',#3887,#3212,#3213);
#2599=AXIS2_PLACEMENT_3D('',#3896,#3218,#3219);
#2600=AXIS2_PLACEMENT_3D('',#3902,#3223,#3224);
#2601=AXIS2_PLACEMENT_3D('',#3903,#3225,#3226);
#2602=AXIS2_PLACEMENT_3D('',#3907,#3228,#3229);
#2603=AXIS2_PLACEMENT_3D('',#3908,#3230,#3231);
#2604=AXIS2_PLACEMENT_3D('',#3914,#3235,#3236);
#2605=AXIS2_PLACEMENT_3D('',#3915,#3237,#3238);
#2606=AXIS2_PLACEMENT_3D('',#3919,#3240,#3241);
#2607=AXIS2_PLACEMENT_3D('',#3920,#3242,#3243);
#2608=AXIS2_PLACEMENT_3D('',#3926,#3247,#3248);
#2609=AXIS2_PLACEMENT_3D('',#3932,#3252,#3253);
#2610=AXIS2_PLACEMENT_3D('',#3938,#3257,#3258);
#2611=AXIS2_PLACEMENT_3D('',#3939,#3259,#3260);
#2612=AXIS2_PLACEMENT_3D('',#3943,#3262,#3263);
#2613=AXIS2_PLACEMENT_3D('',#3944,#3264,#3265);
#2614=AXIS2_PLACEMENT_3D('',#3950,#3269,#3270);
#2615=AXIS2_PLACEMENT_3D('',#3951,#3271,#3272);
#2616=AXIS2_PLACEMENT_3D('',#3955,#3274,#3275);
#2617=AXIS2_PLACEMENT_3D('',#3956,#3276,#3277);
#2618=AXIS2_PLACEMENT_3D('',#3959,#3280,#3281);
#2619=AXIS2_PLACEMENT_3D('',#3960,#3282,#3283);
#2620=AXIS2_PLACEMENT_3D('',#3961,#3284,#3285);
#2621=AXIS2_PLACEMENT_3D('',#3962,#3286,#3287);
#2622=AXIS2_PLACEMENT_3D('',#3963,#3288,#3289);
#2623=AXIS2_PLACEMENT_3D('',#3965,#3290,#3291);
#2624=AXIS2_PLACEMENT_3D('',#3966,#3292,#3293);
#2625=AXIS2_PLACEMENT_3D('',#3968,#3294,#3295);
#2626=DIRECTION('',(0.,0.,1.));
#2627=DIRECTION('',(1.,0.,0.));
#2628=DIRECTION('',(1.,0.,0.));
#2629=DIRECTION('',(0.,0.,-1.));
#2630=DIRECTION('',(0.,0.,-1.));
#2631=DIRECTION('',(0.,1.,0.));
#2632=DIRECTION('',(0.,0.,-1.));
#2633=DIRECTION('',(0.,1.,0.));
#2634=DIRECTION('',(0.,0.,1.));
#2635=DIRECTION('',(1.,0.,0.));
#2636=DIRECTION('',(1.,0.,0.));
#2637=DIRECTION('',(0.,1.,0.));
#2638=DIRECTION('',(1.,0.,0.));
#2639=DIRECTION('',(0.,1.,0.));
#2640=DIRECTION('',(0.,0.,1.));
#2641=DIRECTION('',(0.,-1.,0.));
#2642=DIRECTION('',(0.,0.,-1.));
#2643=DIRECTION('',(0.,1.,0.));
#2644=DIRECTION('',(0.,-1.,0.));
#2645=DIRECTION('',(0.,0.,-1.));
#2646=DIRECTION('',(0.984807753012208,0.,0.17364817766693));
#2647=DIRECTION('',(0.17364817766693,0.,-0.984807753012208));
#2648=DIRECTION('',(0.17364817766693,0.,-0.984807753012208));
#2649=DIRECTION('',(0.,1.,0.));
#2650=DIRECTION('',(0.17364817766693,0.,-0.984807753012208));
#2651=DIRECTION('',(0.,1.,0.));
#2652=DIRECTION('',(0.,0.,1.));
#2653=DIRECTION('',(0.,-1.,0.));
#2654=DIRECTION('',(0.,0.,-1.));
#2655=DIRECTION('',(0.,1.,0.));
#2656=DIRECTION('',(0.,-1.,0.));
#2657=DIRECTION('',(0.,0.,-1.));
#2658=DIRECTION('',(0.,0.,1.));
#2659=DIRECTION('',(1.,0.,0.));
#2660=DIRECTION('',(1.,0.,0.));
#2661=DIRECTION('',(0.,1.,0.));
#2662=DIRECTION('',(1.,0.,0.));
#2663=DIRECTION('',(0.99843881893208,0.,0.0558562874662629));
#2664=DIRECTION('',(0.0558562874662629,0.,-0.99843881893208));
#2665=DIRECTION('',(0.0558562874662629,0.,-0.99843881893208));
#2666=DIRECTION('',(0.,1.,0.));
#2667=DIRECTION('',(0.0558562874662629,0.,-0.99843881893208));
#2668=DIRECTION('',(0.,0.,1.));
#2669=DIRECTION('',(1.,0.,0.));
#2670=DIRECTION('',(1.,0.,0.));
#2671=DIRECTION('',(0.,1.,0.));
#2672=DIRECTION('',(1.,0.,0.));
#2673=DIRECTION('',(0.,1.,0.));
#2674=DIRECTION('',(0.,0.,1.));
#2675=DIRECTION('',(0.,-1.,0.));
#2676=DIRECTION('',(0.,0.,-1.));
#2677=DIRECTION('',(0.,1.,0.));
#2678=DIRECTION('',(0.,-1.,0.));
#2679=DIRECTION('',(0.,0.,-1.));
#2680=DIRECTION('',(0.984807753012208,0.,0.17364817766693));
#2681=DIRECTION('',(0.17364817766693,0.,-0.984807753012208));
#2682=DIRECTION('',(0.17364817766693,0.,-0.984807753012208));
#2683=DIRECTION('',(0.,1.,0.));
#2684=DIRECTION('',(0.17364817766693,0.,-0.984807753012208));
#2685=DIRECTION('',(0.,1.,0.));
#2686=DIRECTION('',(0.,0.,1.));
#2687=DIRECTION('',(0.,-1.,0.));
#2688=DIRECTION('',(0.,0.,-1.));
#2689=DIRECTION('',(0.,1.,0.));
#2690=DIRECTION('',(0.,-1.,0.));
#2691=DIRECTION('',(0.,0.,-1.));
#2692=DIRECTION('',(0.,0.,1.));
#2693=DIRECTION('',(1.,0.,0.));
#2694=DIRECTION('',(1.,0.,0.));
#2695=DIRECTION('',(1.,0.,0.));
#2696=DIRECTION('',(0.,-1.,0.));
#2697=DIRECTION('',(1.,0.,0.));
#2698=DIRECTION('',(0.,-1.,0.));
#2699=DIRECTION('',(1.,0.,0.));
#2700=DIRECTION('',(0.,0.,1.));
#2701=DIRECTION('',(1.,0.,0.));
#2702=DIRECTION('',(1.33232249215009E-16,0.,-1.));
#2703=DIRECTION('',(-1.,0.,-1.33232249215009E-16));
#2704=DIRECTION('',(-1.,0.,0.));
#2705=DIRECTION('',(0.,1.,0.));
#2706=DIRECTION('',(-1.,0.,0.));
#2707=DIRECTION('',(0.,1.,0.));
#2708=DIRECTION('',(2.36857331937794E-16,0.,-1.));
#2709=DIRECTION('',(-1.,0.,-2.36857331937794E-16));
#2710=DIRECTION('',(-2.36857331937794E-16,0.,1.));
#2711=DIRECTION('',(1.,0.,2.36857331937794E-16));
#2712=DIRECTION('',(-1.,0.,0.));
#2713=DIRECTION('',(0.,1.,0.));
#2714=DIRECTION('',(-1.,0.,0.));
#2715=DIRECTION('',(0.,1.,0.));
#2716=DIRECTION('',(-0.984807753012208,0.,0.17364817766693));
#2717=DIRECTION('',(0.17364817766693,0.,0.984807753012208));
#2718=DIRECTION('',(0.171087869746036,0.171087869746035,0.970287525247814));
#2719=DIRECTION('',(0.,1.,0.));
#2720=DIRECTION('',(0.171087869746036,-0.171087869746035,0.970287525247814));
#2721=DIRECTION('',(-0.984807753012208,0.,-0.17364817766693));
#2722=DIRECTION('',(-0.17364817766693,0.,0.984807753012208));
#2723=DIRECTION('',(0.171087869746036,-0.171087869746035,-0.970287525247814));
#2724=DIRECTION('',(0.,1.,0.));
#2725=DIRECTION('',(0.171087869746036,0.171087869746035,-0.970287525247814));
#2726=DIRECTION('',(-0.984807753012208,0.,0.17364817766693));
#2727=DIRECTION('',(0.17364817766693,0.,0.984807753012208));
#2728=DIRECTION('',(-0.171087869746036,-0.171087869746035,-0.970287525247814));
#2729=DIRECTION('',(-0.171087869746036,0.171087869746035,-0.970287525247814));
#2730=DIRECTION('',(0.,1.,0.));
#2731=DIRECTION('',(-0.984807753012208,0.,-0.173648177666929));
#2732=DIRECTION('',(-0.173648177666929,0.,0.984807753012208));
#2733=DIRECTION('',(-0.171087869746035,0.171087869746035,0.970287525247814));
#2734=DIRECTION('',(-0.171087869746035,-0.171087869746035,0.970287525247814));
#2735=DIRECTION('',(0.,1.,0.));
#2736=DIRECTION('',(0.,-1.,0.));
#2737=DIRECTION('',(1.,0.,0.));
#2738=DIRECTION('',(-1.,0.,0.));
#2739=DIRECTION('',(0.,0.,1.));
#2740=DIRECTION('',(-1.,0.,0.));
#2741=DIRECTION('',(0.,0.,1.));
#2742=DIRECTION('',(0.,-1.,0.));
#2743=DIRECTION('',(1.,0.,0.));
#2744=DIRECTION('',(0.,0.,1.));
#2745=DIRECTION('',(-1.,0.,0.));
#2746=DIRECTION('',(0.,0.,1.));
#2747=DIRECTION('',(-1.,0.,0.));
#2748=DIRECTION('',(-1.,0.,0.));
#2749=DIRECTION('',(0.,0.,1.));
#2750=DIRECTION('',(-1.,0.,0.));
#2751=DIRECTION('',(0.,0.,1.));
#2752=DIRECTION('',(0.,-0.984807753012208,-0.17364817766693));
#2753=DIRECTION('',(0.,0.17364817766693,-0.984807753012208));
#2754=DIRECTION('',(0.,-0.984807753012208,0.17364817766693));
#2755=DIRECTION('',(0.,-0.17364817766693,-0.984807753012208));
#2756=DIRECTION('',(0.,0.984807753012208,0.17364817766693));
#2757=DIRECTION('',(0.,-0.17364817766693,0.984807753012208));
#2758=DIRECTION('',(0.,0.984807753012208,-0.17364817766693));
#2759=DIRECTION('',(0.,0.17364817766693,0.984807753012208));
#2760=DIRECTION('',(-2.36857331937794E-16,0.,1.));
#2761=DIRECTION('',(1.,0.,2.36857331937794E-16));
#2762=DIRECTION('',(-2.36857331937794E-16,0.,1.));
#2763=DIRECTION('',(1.,0.,2.36857331937794E-16));
#2764=DIRECTION('',(-2.36857331937794E-16,0.,1.));
#2765=DIRECTION('',(1.,0.,2.36857331937794E-16));
#2766=DIRECTION('',(0.,0.,1.));
#2767=DIRECTION('',(1.,0.,0.));
#2768=DIRECTION('',(1.,0.,0.));
#2769=DIRECTION('',(0.,0.,-1.));
#2770=DIRECTION('',(0.,0.,-1.));
#2771=DIRECTION('',(0.,1.,0.));
#2772=DIRECTION('',(0.,0.,-1.));
#2773=DIRECTION('',(0.,1.,0.));
#2774=DIRECTION('',(0.,0.,1.));
#2775=DIRECTION('',(1.,0.,0.));
#2776=DIRECTION('',(1.,0.,0.));
#2777=DIRECTION('',(0.,1.,0.));
#2778=DIRECTION('',(1.,0.,0.));
#2779=DIRECTION('',(0.,1.,0.));
#2780=DIRECTION('',(0.,0.,1.));
#2781=DIRECTION('',(0.,-1.,0.));
#2782=DIRECTION('',(0.,0.,-1.));
#2783=DIRECTION('',(0.,1.,0.));
#2784=DIRECTION('',(0.,-1.,0.));
#2785=DIRECTION('',(0.,0.,-1.));
#2786=DIRECTION('',(0.984807753012208,0.,0.17364817766693));
#2787=DIRECTION('',(0.17364817766693,0.,-0.984807753012208));
#2788=DIRECTION('',(0.17364817766693,0.,-0.984807753012208));
#2789=DIRECTION('',(0.,1.,0.));
#2790=DIRECTION('',(0.17364817766693,0.,-0.984807753012208));
#2791=DIRECTION('',(0.,1.,0.));
#2792=DIRECTION('',(0.,0.,1.));
#2793=DIRECTION('',(0.,-1.,0.));
#2794=DIRECTION('',(0.,0.,-1.));
#2795=DIRECTION('',(0.,1.,0.));
#2796=DIRECTION('',(0.,-1.,0.));
#2797=DIRECTION('',(0.,0.,-1.));
#2798=DIRECTION('',(0.,0.,1.));
#2799=DIRECTION('',(1.,0.,0.));
#2800=DIRECTION('',(1.,0.,0.));
#2801=DIRECTION('',(0.,1.,0.));
#2802=DIRECTION('',(1.,0.,0.));
#2803=DIRECTION('',(0.99843881893208,0.,0.0558562874662629));
#2804=DIRECTION('',(0.0558562874662629,0.,-0.99843881893208));
#2805=DIRECTION('',(0.0558562874662629,0.,-0.99843881893208));
#2806=DIRECTION('',(0.,1.,0.));
#2807=DIRECTION('',(0.0558562874662629,0.,-0.99843881893208));
#2808=DIRECTION('',(0.,0.,1.));
#2809=DIRECTION('',(1.,0.,0.));
#2810=DIRECTION('',(1.,0.,0.));
#2811=DIRECTION('',(0.,1.,0.));
#2812=DIRECTION('',(1.,0.,0.));
#2813=DIRECTION('',(0.,1.,0.));
#2814=DIRECTION('',(0.,0.,1.));
#2815=DIRECTION('',(0.,-1.,0.));
#2816=DIRECTION('',(0.,0.,-1.));
#2817=DIRECTION('',(0.,1.,0.));
#2818=DIRECTION('',(0.,-1.,0.));
#2819=DIRECTION('',(0.,0.,-1.));
#2820=DIRECTION('',(0.984807753012208,0.,0.17364817766693));
#2821=DIRECTION('',(0.17364817766693,0.,-0.984807753012208));
#2822=DIRECTION('',(0.17364817766693,0.,-0.984807753012208));
#2823=DIRECTION('',(0.,1.,0.));
#2824=DIRECTION('',(0.17364817766693,0.,-0.984807753012208));
#2825=DIRECTION('',(0.,1.,0.));
#2826=DIRECTION('',(0.,0.,1.));
#2827=DIRECTION('',(0.,-1.,0.));
#2828=DIRECTION('',(0.,0.,-1.));
#2829=DIRECTION('',(0.,1.,0.));
#2830=DIRECTION('',(0.,-1.,0.));
#2831=DIRECTION('',(0.,0.,-1.));
#2832=DIRECTION('',(0.,0.,1.));
#2833=DIRECTION('',(1.,0.,0.));
#2834=DIRECTION('',(1.,0.,0.));
#2835=DIRECTION('',(1.,0.,0.));
#2836=DIRECTION('',(0.,-1.,0.));
#2837=DIRECTION('',(1.,0.,0.));
#2838=DIRECTION('',(0.,-1.,0.));
#2839=DIRECTION('',(1.,0.,0.));
#2840=DIRECTION('',(0.,0.,1.));
#2841=DIRECTION('',(1.,0.,0.));
#2842=DIRECTION('',(1.,0.,0.));
#2843=DIRECTION('',(0.,0.,-1.));
#2844=DIRECTION('',(0.,0.,-1.));
#2845=DIRECTION('',(0.,-1.,0.));
#2846=DIRECTION('',(0.,0.,-1.));
#2847=DIRECTION('',(0.,-1.,0.));
#2848=DIRECTION('',(0.,0.,1.));
#2849=DIRECTION('',(1.,0.,0.));
#2850=DIRECTION('',(1.,0.,0.));
#2851=DIRECTION('',(1.,0.,0.));
#2852=DIRECTION('',(0.,-1.,0.));
#2853=DIRECTION('',(0.,-1.,0.));
#2854=DIRECTION('',(0.,0.,1.));
#2855=DIRECTION('',(0.,-1.,0.));
#2856=DIRECTION('',(0.,0.,-1.));
#2857=DIRECTION('',(0.,-1.,0.));
#2858=DIRECTION('',(0.,0.,-1.));
#2859=DIRECTION('',(0.,-1.,0.));
#2860=DIRECTION('',(0.984807753012208,0.,0.17364817766693));
#2861=DIRECTION('',(0.17364817766693,0.,-0.984807753012208));
#2862=DIRECTION('',(0.17364817766693,0.,-0.984807753012208));
#2863=DIRECTION('',(0.17364817766693,0.,-0.984807753012208));
#2864=DIRECTION('',(0.,-1.,0.));
#2865=DIRECTION('',(0.,-1.,0.));
#2866=DIRECTION('',(0.,0.,1.));
#2867=DIRECTION('',(0.,-1.,0.));
#2868=DIRECTION('',(0.,0.,-1.));
#2869=DIRECTION('',(0.,-1.,0.));
#2870=DIRECTION('',(0.,0.,-1.));
#2871=DIRECTION('',(0.,-1.,0.));
#2872=DIRECTION('',(0.,0.,1.));
#2873=DIRECTION('',(1.,0.,0.));
#2874=DIRECTION('',(1.,0.,0.));
#2875=DIRECTION('',(1.,0.,0.));
#2876=DIRECTION('',(0.,-1.,0.));
#2877=DIRECTION('',(0.99843881893208,0.,0.0558562874662629));
#2878=DIRECTION('',(0.0558562874662629,0.,-0.99843881893208));
#2879=DIRECTION('',(0.0558562874662629,0.,-0.99843881893208));
#2880=DIRECTION('',(0.0558562874662629,0.,-0.99843881893208));
#2881=DIRECTION('',(0.,-1.,0.));
#2882=DIRECTION('',(0.,0.,1.));
#2883=DIRECTION('',(1.,0.,0.));
#2884=DIRECTION('',(1.,0.,0.));
#2885=DIRECTION('',(1.,0.,0.));
#2886=DIRECTION('',(0.,-1.,0.));
#2887=DIRECTION('',(0.,-1.,0.));
#2888=DIRECTION('',(0.,0.,1.));
#2889=DIRECTION('',(0.,-1.,0.));
#2890=DIRECTION('',(0.,0.,-1.));
#2891=DIRECTION('',(0.,-1.,0.));
#2892=DIRECTION('',(0.,0.,-1.));
#2893=DIRECTION('',(0.,-1.,0.));
#2894=DIRECTION('',(0.984807753012208,0.,0.17364817766693));
#2895=DIRECTION('',(0.17364817766693,0.,-0.984807753012208));
#2896=DIRECTION('',(0.17364817766693,0.,-0.984807753012208));
#2897=DIRECTION('',(0.17364817766693,0.,-0.984807753012208));
#2898=DIRECTION('',(0.,-1.,0.));
#2899=DIRECTION('',(0.,-1.,0.));
#2900=DIRECTION('',(0.,0.,1.));
#2901=DIRECTION('',(0.,-1.,0.));
#2902=DIRECTION('',(0.,0.,-1.));
#2903=DIRECTION('',(0.,-1.,0.));
#2904=DIRECTION('',(0.,0.,-1.));
#2905=DIRECTION('',(0.,-1.,0.));
#2906=DIRECTION('',(0.,0.,1.));
#2907=DIRECTION('',(1.,0.,0.));
#2908=DIRECTION('',(1.,0.,0.));
#2909=DIRECTION('',(1.,0.,0.));
#2910=DIRECTION('',(0.,1.,0.));
#2911=DIRECTION('',(1.,0.,0.));
#2912=DIRECTION('',(0.,1.,0.));
#2913=DIRECTION('',(1.,0.,0.));
#2914=DIRECTION('',(0.,0.,1.));
#2915=DIRECTION('',(1.,0.,0.));
#2916=DIRECTION('',(1.,0.,0.));
#2917=DIRECTION('',(0.,0.,-1.));
#2918=DIRECTION('',(0.,0.,-1.));
#2919=DIRECTION('',(0.,-1.,0.));
#2920=DIRECTION('',(0.,0.,-1.));
#2921=DIRECTION('',(0.,-1.,0.));
#2922=DIRECTION('',(0.,0.,1.));
#2923=DIRECTION('',(1.,0.,0.));
#2924=DIRECTION('',(1.,0.,0.));
#2925=DIRECTION('',(1.,0.,0.));
#2926=DIRECTION('',(0.,-1.,0.));
#2927=DIRECTION('',(0.,-1.,0.));
#2928=DIRECTION('',(0.,0.,1.));
#2929=DIRECTION('',(0.,-1.,0.));
#2930=DIRECTION('',(0.,0.,-1.));
#2931=DIRECTION('',(0.,-1.,0.));
#2932=DIRECTION('',(0.,0.,-1.));
#2933=DIRECTION('',(0.,-1.,0.));
#2934=DIRECTION('',(0.984807753012208,0.,0.17364817766693));
#2935=DIRECTION('',(0.17364817766693,0.,-0.984807753012208));
#2936=DIRECTION('',(0.17364817766693,0.,-0.984807753012208));
#2937=DIRECTION('',(0.17364817766693,0.,-0.984807753012208));
#2938=DIRECTION('',(0.,-1.,0.));
#2939=DIRECTION('',(0.,-1.,0.));
#2940=DIRECTION('',(0.,0.,1.));
#2941=DIRECTION('',(0.,-1.,0.));
#2942=DIRECTION('',(0.,0.,-1.));
#2943=DIRECTION('',(0.,-1.,0.));
#2944=DIRECTION('',(0.,0.,-1.));
#2945=DIRECTION('',(0.,-1.,0.));
#2946=DIRECTION('',(0.,0.,1.));
#2947=DIRECTION('',(1.,0.,0.));
#2948=DIRECTION('',(1.,0.,0.));
#2949=DIRECTION('',(1.,0.,0.));
#2950=DIRECTION('',(0.,-1.,0.));
#2951=DIRECTION('',(0.99843881893208,0.,0.0558562874662629));
#2952=DIRECTION('',(0.0558562874662629,0.,-0.99843881893208));
#2953=DIRECTION('',(0.0558562874662629,0.,-0.99843881893208));
#2954=DIRECTION('',(0.0558562874662629,0.,-0.99843881893208));
#2955=DIRECTION('',(0.,-1.,0.));
#2956=DIRECTION('',(0.,0.,1.));
#2957=DIRECTION('',(1.,0.,0.));
#2958=DIRECTION('',(1.,0.,0.));
#2959=DIRECTION('',(1.,0.,0.));
#2960=DIRECTION('',(0.,-1.,0.));
#2961=DIRECTION('',(0.,-1.,0.));
#2962=DIRECTION('',(0.,0.,1.));
#2963=DIRECTION('',(0.,-1.,0.));
#2964=DIRECTION('',(0.,0.,-1.));
#2965=DIRECTION('',(0.,-1.,0.));
#2966=DIRECTION('',(0.,0.,-1.));
#2967=DIRECTION('',(0.,-1.,0.));
#2968=DIRECTION('',(0.984807753012208,0.,0.17364817766693));
#2969=DIRECTION('',(0.17364817766693,0.,-0.984807753012208));
#2970=DIRECTION('',(0.17364817766693,0.,-0.984807753012208));
#2971=DIRECTION('',(0.17364817766693,0.,-0.984807753012208));
#2972=DIRECTION('',(0.,-1.,0.));
#2973=DIRECTION('',(0.,-1.,0.));
#2974=DIRECTION('',(0.,0.,1.));
#2975=DIRECTION('',(0.,-1.,0.));
#2976=DIRECTION('',(0.,0.,-1.));
#2977=DIRECTION('',(0.,-1.,0.));
#2978=DIRECTION('',(0.,0.,-1.));
#2979=DIRECTION('',(0.,-1.,0.));
#2980=DIRECTION('',(0.,0.,1.));
#2981=DIRECTION('',(1.,0.,0.));
#2982=DIRECTION('',(1.,0.,0.));
#2983=DIRECTION('',(1.,0.,0.));
#2984=DIRECTION('',(0.,1.,0.));
#2985=DIRECTION('',(1.,0.,0.));
#2986=DIRECTION('',(0.,1.,0.));
#2987=DIRECTION('',(1.,0.,0.));
#2988=DIRECTION('',(0.,0.,1.));
#2989=DIRECTION('',(1.,0.,0.));
#2990=DIRECTION('',(-1.,0.,0.));
#2991=DIRECTION('',(0.,0.,-1.));
#2992=DIRECTION('',(0.,0.,-1.));
#2993=DIRECTION('',(0.,1.,0.));
#2994=DIRECTION('',(0.,0.,-1.));
#2995=DIRECTION('',(0.,1.,0.));
#2996=DIRECTION('',(0.,0.,1.));
#2997=DIRECTION('',(-1.,0.,0.));
#2998=DIRECTION('',(-1.,0.,0.));
#2999=DIRECTION('',(-1.,0.,0.));
#3000=DIRECTION('',(0.,1.,0.));
#3001=DIRECTION('',(0.,1.,0.));
#3002=DIRECTION('',(0.,0.,1.));
#3003=DIRECTION('',(0.,1.,0.));
#3004=DIRECTION('',(0.,0.,-1.));
#3005=DIRECTION('',(0.,1.,0.));
#3006=DIRECTION('',(0.,0.,-1.));
#3007=DIRECTION('',(0.,1.,0.));
#3008=DIRECTION('',(-0.984807753012208,0.,0.17364817766693));
#3009=DIRECTION('',(-0.17364817766693,0.,-0.984807753012208));
#3010=DIRECTION('',(-0.17364817766693,0.,-0.984807753012208));
#3011=DIRECTION('',(-0.17364817766693,0.,-0.984807753012208));
#3012=DIRECTION('',(0.,1.,0.));
#3013=DIRECTION('',(0.,1.,0.));
#3014=DIRECTION('',(0.,0.,1.));
#3015=DIRECTION('',(0.,1.,0.));
#3016=DIRECTION('',(0.,0.,-1.));
#3017=DIRECTION('',(0.,1.,0.));
#3018=DIRECTION('',(0.,0.,-1.));
#3019=DIRECTION('',(0.,1.,0.));
#3020=DIRECTION('',(0.,0.,1.));
#3021=DIRECTION('',(-1.,0.,0.));
#3022=DIRECTION('',(-1.,0.,0.));
#3023=DIRECTION('',(-1.,0.,0.));
#3024=DIRECTION('',(0.,1.,0.));
#3025=DIRECTION('',(-0.99843881893208,0.,0.0558562874662629));
#3026=DIRECTION('',(-0.0558562874662629,0.,-0.99843881893208));
#3027=DIRECTION('',(-0.0558562874662629,0.,-0.99843881893208));
#3028=DIRECTION('',(-0.0558562874662629,0.,-0.99843881893208));
#3029=DIRECTION('',(0.,1.,0.));
#3030=DIRECTION('',(0.,0.,1.));
#3031=DIRECTION('',(-1.,0.,0.));
#3032=DIRECTION('',(-1.,0.,0.));
#3033=DIRECTION('',(-1.,0.,0.));
#3034=DIRECTION('',(0.,1.,0.));
#3035=DIRECTION('',(0.,1.,0.));
#3036=DIRECTION('',(0.,0.,1.));
#3037=DIRECTION('',(0.,1.,0.));
#3038=DIRECTION('',(0.,0.,-1.));
#3039=DIRECTION('',(0.,1.,0.));
#3040=DIRECTION('',(0.,0.,-1.));
#3041=DIRECTION('',(0.,1.,0.));
#3042=DIRECTION('',(-0.984807753012208,0.,0.17364817766693));
#3043=DIRECTION('',(-0.17364817766693,0.,-0.984807753012208));
#3044=DIRECTION('',(-0.17364817766693,0.,-0.984807753012208));
#3045=DIRECTION('',(-0.17364817766693,0.,-0.984807753012208));
#3046=DIRECTION('',(0.,1.,0.));
#3047=DIRECTION('',(0.,1.,0.));
#3048=DIRECTION('',(0.,0.,1.));
#3049=DIRECTION('',(0.,1.,0.));
#3050=DIRECTION('',(0.,0.,-1.));
#3051=DIRECTION('',(0.,1.,0.));
#3052=DIRECTION('',(0.,0.,-1.));
#3053=DIRECTION('',(0.,1.,0.));
#3054=DIRECTION('',(0.,0.,1.));
#3055=DIRECTION('',(-1.,0.,0.));
#3056=DIRECTION('',(-1.,0.,0.));
#3057=DIRECTION('',(-1.,0.,0.));
#3058=DIRECTION('',(0.,-1.,0.));
#3059=DIRECTION('',(-1.,0.,0.));
#3060=DIRECTION('',(0.,-1.,0.));
#3061=DIRECTION('',(-1.,0.,0.));
#3062=DIRECTION('',(0.,0.,1.));
#3063=DIRECTION('',(1.,0.,0.));
#3064=DIRECTION('',(-1.,0.,0.));
#3065=DIRECTION('',(0.,0.,-1.));
#3066=DIRECTION('',(0.,0.,-1.));
#3067=DIRECTION('',(0.,1.,0.));
#3068=DIRECTION('',(0.,0.,-1.));
#3069=DIRECTION('',(0.,1.,0.));
#3070=DIRECTION('',(0.,0.,1.));
#3071=DIRECTION('',(-1.,0.,0.));
#3072=DIRECTION('',(-1.,0.,0.));
#3073=DIRECTION('',(-1.,0.,0.));
#3074=DIRECTION('',(0.,1.,0.));
#3075=DIRECTION('',(0.,1.,0.));
#3076=DIRECTION('',(0.,0.,1.));
#3077=DIRECTION('',(0.,1.,0.));
#3078=DIRECTION('',(0.,0.,-1.));
#3079=DIRECTION('',(0.,1.,0.));
#3080=DIRECTION('',(0.,0.,-1.));
#3081=DIRECTION('',(0.,1.,0.));
#3082=DIRECTION('',(-0.984807753012208,0.,0.17364817766693));
#3083=DIRECTION('',(-0.17364817766693,0.,-0.984807753012208));
#3084=DIRECTION('',(-0.17364817766693,0.,-0.984807753012208));
#3085=DIRECTION('',(-0.17364817766693,0.,-0.984807753012208));
#3086=DIRECTION('',(0.,1.,0.));
#3087=DIRECTION('',(0.,1.,0.));
#3088=DIRECTION('',(0.,0.,1.));
#3089=DIRECTION('',(0.,1.,0.));
#3090=DIRECTION('',(0.,0.,-1.));
#3091=DIRECTION('',(0.,1.,0.));
#3092=DIRECTION('',(0.,0.,-1.));
#3093=DIRECTION('',(0.,1.,0.));
#3094=DIRECTION('',(0.,0.,1.));
#3095=DIRECTION('',(-1.,0.,0.));
#3096=DIRECTION('',(-1.,0.,0.));
#3097=DIRECTION('',(-1.,0.,0.));
#3098=DIRECTION('',(0.,1.,0.));
#3099=DIRECTION('',(-0.99843881893208,0.,0.0558562874662629));
#3100=DIRECTION('',(-0.0558562874662629,0.,-0.99843881893208));
#3101=DIRECTION('',(-0.0558562874662629,0.,-0.99843881893208));
#3102=DIRECTION('',(-0.0558562874662629,0.,-0.99843881893208));
#3103=DIRECTION('',(0.,1.,0.));
#3104=DIRECTION('',(0.,0.,1.));
#3105=DIRECTION('',(-1.,0.,0.));
#3106=DIRECTION('',(-1.,0.,0.));
#3107=DIRECTION('',(-1.,0.,0.));
#3108=DIRECTION('',(0.,1.,0.));
#3109=DIRECTION('',(0.,1.,0.));
#3110=DIRECTION('',(0.,0.,1.));
#3111=DIRECTION('',(0.,1.,0.));
#3112=DIRECTION('',(0.,0.,-1.));
#3113=DIRECTION('',(0.,1.,0.));
#3114=DIRECTION('',(0.,0.,-1.));
#3115=DIRECTION('',(0.,1.,0.));
#3116=DIRECTION('',(-0.984807753012208,0.,0.17364817766693));
#3117=DIRECTION('',(-0.17364817766693,0.,-0.984807753012208));
#3118=DIRECTION('',(-0.17364817766693,0.,-0.984807753012208));
#3119=DIRECTION('',(-0.17364817766693,0.,-0.984807753012208));
#3120=DIRECTION('',(0.,1.,0.));
#3121=DIRECTION('',(0.,1.,0.));
#3122=DIRECTION('',(0.,0.,1.));
#3123=DIRECTION('',(0.,1.,0.));
#3124=DIRECTION('',(0.,0.,-1.));
#3125=DIRECTION('',(0.,1.,0.));
#3126=DIRECTION('',(0.,0.,-1.));
#3127=DIRECTION('',(0.,1.,0.));
#3128=DIRECTION('',(0.,0.,1.));
#3129=DIRECTION('',(-1.,0.,0.));
#3130=DIRECTION('',(-1.,0.,0.));
#3131=DIRECTION('',(-1.,0.,0.));
#3132=DIRECTION('',(0.,-1.,0.));
#3133=DIRECTION('',(-1.,0.,0.));
#3134=DIRECTION('',(0.,-1.,0.));
#3135=DIRECTION('',(-1.,0.,0.));
#3136=DIRECTION('',(0.,0.,1.));
#3137=DIRECTION('',(1.,0.,0.));
#3138=DIRECTION('',(-1.,0.,0.));
#3139=DIRECTION('',(0.,0.,-1.));
#3140=DIRECTION('',(0.,0.,-1.));
#3141=DIRECTION('',(0.,-1.,0.));
#3142=DIRECTION('',(0.,0.,-1.));
#3143=DIRECTION('',(0.,-1.,0.));
#3144=DIRECTION('',(0.,0.,1.));
#3145=DIRECTION('',(-1.,0.,0.));
#3146=DIRECTION('',(-1.,0.,0.));
#3147=DIRECTION('',(0.,-1.,0.));
#3148=DIRECTION('',(-1.,0.,0.));
#3149=DIRECTION('',(0.,-1.,0.));
#3150=DIRECTION('',(0.,0.,1.));
#3151=DIRECTION('',(0.,1.,0.));
#3152=DIRECTION('',(0.,0.,-1.));
#3153=DIRECTION('',(0.,-1.,0.));
#3154=DIRECTION('',(0.,1.,0.));
#3155=DIRECTION('',(0.,0.,-1.));
#3156=DIRECTION('',(-0.984807753012208,0.,0.17364817766693));
#3157=DIRECTION('',(-0.17364817766693,0.,-0.984807753012208));
#3158=DIRECTION('',(-0.17364817766693,0.,-0.984807753012208));
#3159=DIRECTION('',(0.,-1.,0.));
#3160=DIRECTION('',(-0.17364817766693,0.,-0.984807753012208));
#3161=DIRECTION('',(0.,-1.,0.));
#3162=DIRECTION('',(0.,0.,1.));
#3163=DIRECTION('',(0.,1.,0.));
#3164=DIRECTION('',(0.,0.,-1.));
#3165=DIRECTION('',(0.,-1.,0.));
#3166=DIRECTION('',(0.,1.,0.));
#3167=DIRECTION('',(0.,0.,-1.));
#3168=DIRECTION('',(0.,0.,1.));
#3169=DIRECTION('',(-1.,0.,0.));
#3170=DIRECTION('',(-1.,0.,0.));
#3171=DIRECTION('',(0.,-1.,0.));
#3172=DIRECTION('',(-1.,0.,0.));
#3173=DIRECTION('',(-0.99843881893208,0.,0.0558562874662629));
#3174=DIRECTION('',(-0.0558562874662629,0.,-0.99843881893208));
#3175=DIRECTION('',(-0.0558562874662629,0.,-0.99843881893208));
#3176=DIRECTION('',(0.,-1.,0.));
#3177=DIRECTION('',(-0.0558562874662629,0.,-0.99843881893208));
#3178=DIRECTION('',(0.,0.,1.));
#3179=DIRECTION('',(-1.,0.,0.));
#3180=DIRECTION('',(-1.,0.,0.));
#3181=DIRECTION('',(0.,-1.,0.));
#3182=DIRECTION('',(-1.,0.,0.));
#3183=DIRECTION('',(0.,-1.,0.));
#3184=DIRECTION('',(0.,0.,1.));
#3185=DIRECTION('',(0.,1.,0.));
#3186=DIRECTION('',(0.,0.,-1.));
#3187=DIRECTION('',(0.,-1.,0.));
#3188=DIRECTION('',(0.,1.,0.));
#3189=DIRECTION('',(0.,0.,-1.));
#3190=DIRECTION('',(-0.984807753012208,0.,0.17364817766693));
#3191=DIRECTION('',(-0.17364817766693,0.,-0.984807753012208));
#3192=DIRECTION('',(-0.17364817766693,0.,-0.984807753012208));
#3193=DIRECTION('',(0.,-1.,0.));
#3194=DIRECTION('',(-0.17364817766693,0.,-0.984807753012208));
#3195=DIRECTION('',(0.,-1.,0.));
#3196=DIRECTION('',(0.,0.,1.));
#3197=DIRECTION('',(0.,1.,0.));
#3198=DIRECTION('',(0.,0.,-1.));
#3199=DIRECTION('',(0.,-1.,0.));
#3200=DIRECTION('',(0.,1.,0.));
#3201=DIRECTION('',(0.,0.,-1.));
#3202=DIRECTION('',(0.,0.,1.));
#3203=DIRECTION('',(-1.,0.,0.));
#3204=DIRECTION('',(-1.,0.,0.));
#3205=DIRECTION('',(-1.,0.,0.));
#3206=DIRECTION('',(0.,1.,0.));
#3207=DIRECTION('',(-1.,0.,0.));
#3208=DIRECTION('',(0.,1.,0.));
#3209=DIRECTION('',(-1.,0.,0.));
#3210=DIRECTION('',(0.,0.,1.));
#3211=DIRECTION('',(1.,0.,0.));
#3212=DIRECTION('',(-1.,0.,0.));
#3213=DIRECTION('',(0.,0.,-1.));
#3214=DIRECTION('',(0.,0.,-1.));
#3215=DIRECTION('',(0.,-1.,0.));
#3216=DIRECTION('',(0.,0.,-1.));
#3217=DIRECTION('',(0.,-1.,0.));
#3218=DIRECTION('',(0.,0.,1.));
#3219=DIRECTION('',(-1.,0.,0.));
#3220=DIRECTION('',(-1.,0.,0.));
#3221=DIRECTION('',(0.,-1.,0.));
#3222=DIRECTION('',(-1.,0.,0.));
#3223=DIRECTION('',(0.,-1.,0.));
#3224=DIRECTION('',(0.,0.,1.));
#3225=DIRECTION('',(0.,1.,0.));
#3226=DIRECTION('',(0.,0.,-1.));
#3227=DIRECTION('',(0.,-1.,0.));
#3228=DIRECTION('',(0.,1.,0.));
#3229=DIRECTION('',(0.,0.,-1.));
#3230=DIRECTION('',(-0.984807753012208,0.,0.17364817766693));
#3231=DIRECTION('',(-0.17364817766693,0.,-0.984807753012208));
#3232=DIRECTION('',(-0.17364817766693,0.,-0.984807753012208));
#3233=DIRECTION('',(0.,-1.,0.));
#3234=DIRECTION('',(-0.17364817766693,0.,-0.984807753012208));
#3235=DIRECTION('',(0.,-1.,0.));
#3236=DIRECTION('',(0.,0.,1.));
#3237=DIRECTION('',(0.,1.,0.));
#3238=DIRECTION('',(0.,0.,-1.));
#3239=DIRECTION('',(0.,-1.,0.));
#3240=DIRECTION('',(0.,1.,0.));
#3241=DIRECTION('',(0.,0.,-1.));
#3242=DIRECTION('',(0.,0.,1.));
#3243=DIRECTION('',(-1.,0.,0.));
#3244=DIRECTION('',(-1.,0.,0.));
#3245=DIRECTION('',(0.,-1.,0.));
#3246=DIRECTION('',(-1.,0.,0.));
#3247=DIRECTION('',(-0.99843881893208,0.,0.0558562874662629));
#3248=DIRECTION('',(-0.0558562874662629,0.,-0.99843881893208));
#3249=DIRECTION('',(-0.0558562874662629,0.,-0.99843881893208));
#3250=DIRECTION('',(0.,-1.,0.));
#3251=DIRECTION('',(-0.0558562874662629,0.,-0.99843881893208));
#3252=DIRECTION('',(0.,0.,1.));
#3253=DIRECTION('',(-1.,0.,0.));
#3254=DIRECTION('',(-1.,0.,0.));
#3255=DIRECTION('',(0.,-1.,0.));
#3256=DIRECTION('',(-1.,0.,0.));
#3257=DIRECTION('',(0.,-1.,0.));
#3258=DIRECTION('',(0.,0.,1.));
#3259=DIRECTION('',(0.,1.,0.));
#3260=DIRECTION('',(0.,0.,-1.));
#3261=DIRECTION('',(0.,-1.,0.));
#3262=DIRECTION('',(0.,1.,0.));
#3263=DIRECTION('',(0.,0.,-1.));
#3264=DIRECTION('',(-0.984807753012208,0.,0.17364817766693));
#3265=DIRECTION('',(-0.17364817766693,0.,-0.984807753012208));
#3266=DIRECTION('',(-0.17364817766693,0.,-0.984807753012208));
#3267=DIRECTION('',(0.,-1.,0.));
#3268=DIRECTION('',(-0.17364817766693,0.,-0.984807753012208));
#3269=DIRECTION('',(0.,-1.,0.));
#3270=DIRECTION('',(0.,0.,1.));
#3271=DIRECTION('',(0.,1.,0.));
#3272=DIRECTION('',(0.,0.,-1.));
#3273=DIRECTION('',(0.,-1.,0.));
#3274=DIRECTION('',(0.,1.,0.));
#3275=DIRECTION('',(0.,0.,-1.));
#3276=DIRECTION('',(0.,0.,1.));
#3277=DIRECTION('',(-1.,0.,0.));
#3278=DIRECTION('',(-1.,0.,0.));
#3279=DIRECTION('',(-1.,0.,0.));
#3280=DIRECTION('',(0.,1.,0.));
#3281=DIRECTION('',(-1.,0.,0.));
#3282=DIRECTION('',(0.,1.,0.));
#3283=DIRECTION('',(-1.,0.,0.));
#3284=DIRECTION('',(0.,0.,1.));
#3285=DIRECTION('',(1.,0.,0.));
#3286=DIRECTION('',(2.36857331937794E-16,0.,-1.));
#3287=DIRECTION('',(-1.,0.,-2.36857331937794E-16));
#3288=DIRECTION('',(2.36857331937794E-16,0.,-1.));
#3289=DIRECTION('',(-1.,0.,-2.36857331937794E-16));
#3290=DIRECTION('',(2.36857331937794E-16,0.,-1.));
#3291=DIRECTION('',(-1.,0.,-2.36857331937794E-16));
#3292=DIRECTION('',(-2.36857331937794E-16,0.,1.));
#3293=DIRECTION('',(1.,0.,2.36857331937794E-16));
#3294=DIRECTION('',(-2.36857331937794E-16,0.,1.));
#3295=DIRECTION('',(1.,0.,2.36857331937794E-16));
#3296=CARTESIAN_POINT('',(0.,0.,0.));
#3297=CARTESIAN_POINT('',(0.003,-0.00084,0.000125));
#3298=CARTESIAN_POINT('',(0.003,-0.00043,0.000125));
#3299=CARTESIAN_POINT('',(0.003,-0.00043,0.00025));
#3300=CARTESIAN_POINT('',(0.003,-0.00043,3.3881317890172E-19));
#3301=CARTESIAN_POINT('',(0.003,-0.00084,0.00025));
#3302=CARTESIAN_POINT('',(0.003,-0.00084,0.00025));
#3303=CARTESIAN_POINT('',(0.003,-0.00084,0.000125));
#3304=CARTESIAN_POINT('',(0.003,-0.00084,3.3881317890172E-19));
#3305=CARTESIAN_POINT('',(0.003,-0.00084,3.3881317890172E-19));
#3306=CARTESIAN_POINT('',(0.00278041106603918,-0.00084,0.00025));
#3307=CARTESIAN_POINT('',(0.00278041106603918,-0.00043,0.00025));
#3308=CARTESIAN_POINT('',(0.00256082213207835,-0.00043,0.00025));
#3309=CARTESIAN_POINT('',(0.00256082213207835,-0.00084,0.00025));
#3310=CARTESIAN_POINT('',(0.00256082213207835,-0.00084,0.00025));
#3311=CARTESIAN_POINT('',(0.00278041106603918,-0.00084,0.00025));
#3312=CARTESIAN_POINT('',(0.00256082213207835,-0.00084,0.000275));
#3313=CARTESIAN_POINT('',(0.00256082213207835,-0.00043,0.000275));
#3314=CARTESIAN_POINT('',(0.00253620193825305,-0.00043,0.000270658795558326));
#3315=CARTESIAN_POINT('',(0.00253620193825305,-0.00084,0.000270658795558326));
#3316=CARTESIAN_POINT('',(0.00253620193825305,-0.00084,0.000270658795558326));
#3317=CARTESIAN_POINT('',(0.00256082213207835,-0.00084,0.000275));
#3318=CARTESIAN_POINT('',(0.00248532327698605,-0.00084,0.000559206022208366));
#3319=CARTESIAN_POINT('',(0.00248532327698605,-0.00043,0.000559206022208366));
#3320=CARTESIAN_POINT('',(0.00243444461571905,-0.00043,0.000847753248858405));
#3321=CARTESIAN_POINT('',(0.00243444461571905,-0.00084,0.000847753248858405));
#3322=CARTESIAN_POINT('',(0.00243444461571905,-0.00084,0.000847753248858405));
#3323=CARTESIAN_POINT('',(0.00248532327698605,-0.00084,0.000559206022208366));
#3324=CARTESIAN_POINT('',(0.00216362248364069,-0.00084,0.0008));
#3325=CARTESIAN_POINT('',(0.00216362248364069,-0.00043,0.0008));
#3326=CARTESIAN_POINT('',(0.00216362248364069,-0.00043,0.001075));
#3327=CARTESIAN_POINT('',(0.00216362248364069,-0.00084,0.001075));
#3328=CARTESIAN_POINT('',(0.00216362248364069,-0.00084,0.001075));
#3329=CARTESIAN_POINT('',(0.00216362248364069,-0.00084,0.0008));
#3330=CARTESIAN_POINT('',(0.00205331476522063,-0.00084,0.001075));
#3331=CARTESIAN_POINT('',(0.00205331476522063,-0.00043,0.001075));
#3332=CARTESIAN_POINT('',(0.00194300704680058,-0.00043,0.001075));
#3333=CARTESIAN_POINT('',(0.00194300704680058,-0.00084,0.001075));
#3334=CARTESIAN_POINT('',(0.00194300704680058,-0.00084,0.001075));
#3335=CARTESIAN_POINT('',(0.00205331476522063,-0.00084,0.001075));
#3336=CARTESIAN_POINT('',(0.00195,-0.00084,0.00095));
#3337=CARTESIAN_POINT('',(0.00195,-0.00043,0.00095));
#3338=CARTESIAN_POINT('',(0.00195699295319943,-0.00043,0.000825));
#3339=CARTESIAN_POINT('',(0.00195699295319943,-0.00084,0.000825));
#3340=CARTESIAN_POINT('',(0.00195699295319943,-0.00084,0.000825));
#3341=CARTESIAN_POINT('',(0.00195,-0.00084,0.00095));
#3342=CARTESIAN_POINT('',(0.00206030771842006,-0.00084,0.000825));
#3343=CARTESIAN_POINT('',(0.00206030771842006,-0.00043,0.000825));
#3344=CARTESIAN_POINT('',(0.00216362248364069,-0.00043,0.000825));
#3345=CARTESIAN_POINT('',(0.00216362248364069,-0.00084,0.000825));
#3346=CARTESIAN_POINT('',(0.00216362248364069,-0.00084,0.000825));
#3347=CARTESIAN_POINT('',(0.00206030771842006,-0.00084,0.000825));
#3348=CARTESIAN_POINT('',(0.00216362248364069,-0.00084,0.0008));
#3349=CARTESIAN_POINT('',(0.00216362248364069,-0.00043,0.0008));
#3350=CARTESIAN_POINT('',(0.00218824267746599,-0.00043,0.000804341204441673));
#3351=CARTESIAN_POINT('',(0.00218824267746599,-0.00084,0.000804341204441673));
#3352=CARTESIAN_POINT('',(0.00218824267746599,-0.00084,0.000804341204441673));
#3353=CARTESIAN_POINT('',(0.00216362248364069,-0.00084,0.0008));
#3354=CARTESIAN_POINT('',(0.00223912133873299,-0.00084,0.000515793977791634));
#3355=CARTESIAN_POINT('',(0.00223912133873299,-0.00043,0.000515793977791634));
#3356=CARTESIAN_POINT('',(0.00229,-0.00043,0.000227246751141594));
#3357=CARTESIAN_POINT('',(0.00229,-0.00084,0.000227246751141594));
#3358=CARTESIAN_POINT('',(0.00229,-0.00084,0.000227246751141594));
#3359=CARTESIAN_POINT('',(0.00223912133873299,-0.00084,0.000515793977791634));
#3360=CARTESIAN_POINT('',(0.00256082213207835,-0.00084,0.000275));
#3361=CARTESIAN_POINT('',(0.00256082213207835,-0.00043,0.000275));
#3362=CARTESIAN_POINT('',(0.00256082213207835,-0.00043,4.33680868994202E-19));
#3363=CARTESIAN_POINT('',(0.00256082213207835,-0.00084,4.33680868994202E-19));
#3364=CARTESIAN_POINT('',(0.00256082213207835,-0.00084,4.33680868994202E-19));
#3365=CARTESIAN_POINT('',(0.00256082213207835,-0.00084,0.000275));
#3366=CARTESIAN_POINT('',(0.00278041106603918,-0.00084,3.3881317890172E-19));
#3367=CARTESIAN_POINT('',(0.00278041106603918,-0.00043,3.3881317890172E-19));
#3368=CARTESIAN_POINT('',(0.00278041106603918,-0.00084,3.3881317890172E-19));
#3369=CARTESIAN_POINT('',(0.00247150352340028,-0.00084,0.0005375));
#3370=CARTESIAN_POINT('',(0.00247150352340028,-0.00043,0.0005375));
#3371=CARTESIAN_POINT('',(0.,0.,0.));
#3372=CARTESIAN_POINT('',(-0.00091548964401089,-0.002425,0.00015));
#3373=CARTESIAN_POINT('',(0.00448592405806356,0.00230597928802178,0.00015));
#3374=CARTESIAN_POINT('',(0.00183097928802179,0.00230597928802178,0.00015));
#3375=CARTESIAN_POINT('',(-0.00183097928802179,0.00230597928802179,0.000150000000000011));
#3376=CARTESIAN_POINT('',(0.00183097928802179,-0.002425,0.00015));
#3377=CARTESIAN_POINT('',(0.00183097928802179,-0.00230597928802178,0.00015));
#3378=CARTESIAN_POINT('',(0.00448592405806356,-0.00230597928802178,0.00015));
#3379=CARTESIAN_POINT('',(-0.00183097928802179,-0.00230597928802178,0.00015));
#3380=CARTESIAN_POINT('',(-0.00183097928802179,-0.002425,0.000150000000000011));
#3381=CARTESIAN_POINT('',(0.000915489644010893,-0.002425,0.00175));
#3382=CARTESIAN_POINT('',(-0.00125597928802178,0.001905,0.00175));
#3383=CARTESIAN_POINT('',(-0.00100597928802178,0.001905,0.00175));
#3384=CARTESIAN_POINT('',(0.00448592405806356,-0.00230597928802178,0.00175));
#3385=CARTESIAN_POINT('',(0.00183097928802179,-0.00230597928802178,0.00175));
#3386=CARTESIAN_POINT('',(-0.00183097928802179,-0.00230597928802178,0.00175));
#3387=CARTESIAN_POINT('',(0.00183097928802179,-0.002425,0.00175));
#3388=CARTESIAN_POINT('',(0.00183097928802179,0.00230597928802178,0.00175));
#3389=CARTESIAN_POINT('',(0.00448592405806356,0.00230597928802178,0.00175));
#3390=CARTESIAN_POINT('',(-0.00183097928802179,0.00230597928802178,0.00175));
#3391=CARTESIAN_POINT('',(-0.00183097928802179,-0.002425,0.00175));
#3392=CARTESIAN_POINT('',(0.00189048964401089,-0.002425,0.0004875));
#3393=CARTESIAN_POINT('',(0.00175026693816748,0.00222526693816748,-0.000307742482347328));
#3394=CARTESIAN_POINT('',(0.00195,0.002425,0.000825));
#3395=CARTESIAN_POINT('',(0.00195,-0.002425,0.000825));
#3396=CARTESIAN_POINT('',(0.00195,-0.002425,0.000825));
#3397=CARTESIAN_POINT('',(0.00189223157516253,-0.00236723157516253,0.000497378982471305));
#3398=CARTESIAN_POINT('',(0.00189048964401089,-0.002425,0.0014125));
#3399=CARTESIAN_POINT('',(0.00189223157516253,-0.00236723157516253,0.0014026210175287));
#3400=CARTESIAN_POINT('',(0.00195,-0.002425,0.001075));
#3401=CARTESIAN_POINT('',(0.00195,-0.002425,0.001075));
#3402=CARTESIAN_POINT('',(0.00195,0.002425,0.001075));
#3403=CARTESIAN_POINT('',(0.00175026693816748,0.00222526693816748,0.00220774248234733));
#3404=CARTESIAN_POINT('',(-0.00189048964401089,-0.002425,0.0014125));
#3405=CARTESIAN_POINT('',(-0.00189223157516253,-0.00236723157516253,0.0014026210175287));
#3406=CARTESIAN_POINT('',(-0.00195,-0.002425,0.001075));
#3407=CARTESIAN_POINT('',(-0.00175026693816748,0.00222526693816748,0.00220774248234733));
#3408=CARTESIAN_POINT('',(-0.00195,0.002425,0.001075));
#3409=CARTESIAN_POINT('',(-0.00195,-0.002425,0.001075));
#3410=CARTESIAN_POINT('',(-0.00189048964401089,-0.002425,0.000487500000000011));
#3411=CARTESIAN_POINT('',(-0.00175026693816748,0.00222526693816748,-0.000307742482347318));
#3412=CARTESIAN_POINT('',(-0.00195,0.002425,0.000825));
#3413=CARTESIAN_POINT('',(-0.00189223157516253,-0.00236723157516253,0.000497378982471315));
#3414=CARTESIAN_POINT('',(-0.00195,-0.002425,0.000825));
#3415=CARTESIAN_POINT('',(-0.00195,-0.002425,0.000825));
#3416=CARTESIAN_POINT('',(0.,-0.002425,0.00095));
#3417=CARTESIAN_POINT('',(0.00448592405806356,-0.002425,0.000825));
#3418=CARTESIAN_POINT('',(0.00195,-0.002425,0.00095));
#3419=CARTESIAN_POINT('',(0.00448592405806356,-0.002425,0.001075));
#3420=CARTESIAN_POINT('',(-0.00195,-0.002425,0.00095));
#3421=CARTESIAN_POINT('',(0.,0.002425,0.00095));
#3422=CARTESIAN_POINT('',(0.00195,0.002425,0.00095));
#3423=CARTESIAN_POINT('',(0.00448592405806356,0.002425,0.000825));
#3424=CARTESIAN_POINT('',(-0.00195,0.002425,0.00095));
#3425=CARTESIAN_POINT('',(0.00448592405806356,0.002425,0.001075));
#3426=CARTESIAN_POINT('',(0.00195,-0.002425,0.00095));
#3427=CARTESIAN_POINT('',(-0.00195,-0.002425,0.00095));
#3428=CARTESIAN_POINT('',(0.00448592405806356,-0.0023654896440109,0.0004875));
#3429=CARTESIAN_POINT('',(0.00448592405806356,0.0023654896440109,0.0004875));
#3430=CARTESIAN_POINT('',(0.00448592405806356,0.0023654896440109,0.0014125));
#3431=CARTESIAN_POINT('',(0.00448592405806356,-0.0023654896440109,0.0014125));
#3432=CARTESIAN_POINT('',(-0.00125597928802178,0.001905,0.00165));
#3433=CARTESIAN_POINT('',(-0.00125597928802178,0.001905,0.00165));
#3434=CARTESIAN_POINT('',(-0.00100597928802178,0.001905,0.00165));
#3435=CARTESIAN_POINT('',(-5.60138793893948E-5,0.,0.00165));
#3436=CARTESIAN_POINT('',(0.,0.,0.));
#3437=CARTESIAN_POINT('',(0.003,-0.00211,0.000125));
#3438=CARTESIAN_POINT('',(0.003,-0.0017,0.000125));
#3439=CARTESIAN_POINT('',(0.003,-0.0017,0.00025));
#3440=CARTESIAN_POINT('',(0.003,-0.0017,2.82032281621036E-19));
#3441=CARTESIAN_POINT('',(0.003,-0.00211,0.00025));
#3442=CARTESIAN_POINT('',(0.003,-0.00211,0.00025));
#3443=CARTESIAN_POINT('',(0.003,-0.00211,0.000125));
#3444=CARTESIAN_POINT('',(0.003,-0.00211,2.82032281621036E-19));
#3445=CARTESIAN_POINT('',(0.003,-0.00211,2.82032281621036E-19));
#3446=CARTESIAN_POINT('',(0.00278041106603918,-0.00211,0.00025));
#3447=CARTESIAN_POINT('',(0.00278041106603918,-0.0017,0.00025));
#3448=CARTESIAN_POINT('',(0.00256082213207835,-0.0017,0.00025));
#3449=CARTESIAN_POINT('',(0.00256082213207835,-0.00211,0.00025));
#3450=CARTESIAN_POINT('',(0.00256082213207835,-0.00211,0.00025));
#3451=CARTESIAN_POINT('',(0.00278041106603918,-0.00211,0.00025));
#3452=CARTESIAN_POINT('',(0.00256082213207835,-0.00211,0.000275));
#3453=CARTESIAN_POINT('',(0.00256082213207835,-0.0017,0.000275));
#3454=CARTESIAN_POINT('',(0.00253620193825305,-0.0017,0.000270658795558326));
#3455=CARTESIAN_POINT('',(0.00253620193825305,-0.00211,0.000270658795558326));
#3456=CARTESIAN_POINT('',(0.00253620193825305,-0.00211,0.000270658795558326));
#3457=CARTESIAN_POINT('',(0.00256082213207835,-0.00211,0.000275));
#3458=CARTESIAN_POINT('',(0.00248532327698605,-0.00211,0.000559206022208366));
#3459=CARTESIAN_POINT('',(0.00248532327698605,-0.0017,0.000559206022208366));
#3460=CARTESIAN_POINT('',(0.00243444461571905,-0.0017,0.000847753248858405));
#3461=CARTESIAN_POINT('',(0.00243444461571905,-0.00211,0.000847753248858405));
#3462=CARTESIAN_POINT('',(0.00243444461571905,-0.00211,0.000847753248858405));
#3463=CARTESIAN_POINT('',(0.00248532327698605,-0.00211,0.000559206022208366));
#3464=CARTESIAN_POINT('',(0.00216362248364069,-0.00211,0.0008));
#3465=CARTESIAN_POINT('',(0.00216362248364069,-0.0017,0.0008));
#3466=CARTESIAN_POINT('',(0.00216362248364069,-0.0017,0.001075));
#3467=CARTESIAN_POINT('',(0.00216362248364069,-0.00211,0.001075));
#3468=CARTESIAN_POINT('',(0.00216362248364069,-0.00211,0.001075));
#3469=CARTESIAN_POINT('',(0.00216362248364069,-0.00211,0.0008));
#3470=CARTESIAN_POINT('',(0.00205331476522063,-0.00211,0.001075));
#3471=CARTESIAN_POINT('',(0.00205331476522063,-0.0017,0.001075));
#3472=CARTESIAN_POINT('',(0.00194300704680058,-0.0017,0.001075));
#3473=CARTESIAN_POINT('',(0.00194300704680058,-0.00211,0.001075));
#3474=CARTESIAN_POINT('',(0.00194300704680058,-0.00211,0.001075));
#3475=CARTESIAN_POINT('',(0.00205331476522063,-0.00211,0.001075));
#3476=CARTESIAN_POINT('',(0.00195,-0.00211,0.00095));
#3477=CARTESIAN_POINT('',(0.00195,-0.0017,0.00095));
#3478=CARTESIAN_POINT('',(0.00195699295319943,-0.0017,0.000825));
#3479=CARTESIAN_POINT('',(0.00195699295319943,-0.00211,0.000825));
#3480=CARTESIAN_POINT('',(0.00195699295319943,-0.00211,0.000825));
#3481=CARTESIAN_POINT('',(0.00195,-0.00211,0.00095));
#3482=CARTESIAN_POINT('',(0.00206030771842006,-0.00211,0.000825));
#3483=CARTESIAN_POINT('',(0.00206030771842006,-0.0017,0.000825));
#3484=CARTESIAN_POINT('',(0.00216362248364069,-0.0017,0.000825));
#3485=CARTESIAN_POINT('',(0.00216362248364069,-0.00211,0.000825));
#3486=CARTESIAN_POINT('',(0.00216362248364069,-0.00211,0.000825));
#3487=CARTESIAN_POINT('',(0.00206030771842006,-0.00211,0.000825));
#3488=CARTESIAN_POINT('',(0.00216362248364069,-0.00211,0.0008));
#3489=CARTESIAN_POINT('',(0.00216362248364069,-0.0017,0.0008));
#3490=CARTESIAN_POINT('',(0.00218824267746599,-0.0017,0.000804341204441673));
#3491=CARTESIAN_POINT('',(0.00218824267746599,-0.00211,0.000804341204441673));
#3492=CARTESIAN_POINT('',(0.00218824267746599,-0.00211,0.000804341204441673));
#3493=CARTESIAN_POINT('',(0.00216362248364069,-0.00211,0.0008));
#3494=CARTESIAN_POINT('',(0.00223912133873299,-0.00211,0.000515793977791634));
#3495=CARTESIAN_POINT('',(0.00223912133873299,-0.0017,0.000515793977791634));
#3496=CARTESIAN_POINT('',(0.00229,-0.0017,0.000227246751141594));
#3497=CARTESIAN_POINT('',(0.00229,-0.00211,0.000227246751141594));
#3498=CARTESIAN_POINT('',(0.00229,-0.00211,0.000227246751141594));
#3499=CARTESIAN_POINT('',(0.00223912133873299,-0.00211,0.000515793977791634));
#3500=CARTESIAN_POINT('',(0.00256082213207835,-0.00211,0.000275));
#3501=CARTESIAN_POINT('',(0.00256082213207835,-0.0017,0.000275));
#3502=CARTESIAN_POINT('',(0.00256082213207835,-0.0017,3.76899971713517E-19));
#3503=CARTESIAN_POINT('',(0.00256082213207835,-0.00211,3.76899971713517E-19));
#3504=CARTESIAN_POINT('',(0.00256082213207835,-0.00211,3.76899971713517E-19));
#3505=CARTESIAN_POINT('',(0.00256082213207835,-0.00211,0.000275));
#3506=CARTESIAN_POINT('',(0.00278041106603918,-0.00211,2.82032281621036E-19));
#3507=CARTESIAN_POINT('',(0.00278041106603918,-0.0017,2.82032281621036E-19));
#3508=CARTESIAN_POINT('',(0.00278041106603918,-0.00211,2.82032281621036E-19));
#3509=CARTESIAN_POINT('',(0.00247150352340028,-0.00211,0.0005375));
#3510=CARTESIAN_POINT('',(0.00247150352340028,-0.0017,0.0005375));
#3511=CARTESIAN_POINT('',(0.,0.,0.));
#3512=CARTESIAN_POINT('',(0.003,0.00084,0.000125));
#3513=CARTESIAN_POINT('',(0.003,0.00043,0.000125));
#3514=CARTESIAN_POINT('',(0.003,0.00043,0.00025));
#3515=CARTESIAN_POINT('',(0.003,0.00043,3.3881317890172E-19));
#3516=CARTESIAN_POINT('',(0.003,0.00084,3.3881317890172E-19));
#3517=CARTESIAN_POINT('',(0.003,0.00084,3.3881317890172E-19));
#3518=CARTESIAN_POINT('',(0.003,0.00084,0.000125));
#3519=CARTESIAN_POINT('',(0.003,0.00084,0.00025));
#3520=CARTESIAN_POINT('',(0.003,0.00084,0.00025));
#3521=CARTESIAN_POINT('',(0.00278041106603918,0.00084,0.00025));
#3522=CARTESIAN_POINT('',(0.00278041106603918,0.00043,0.00025));
#3523=CARTESIAN_POINT('',(0.00256082213207835,0.00043,0.00025));
#3524=CARTESIAN_POINT('',(0.00278041106603918,0.00084,0.00025));
#3525=CARTESIAN_POINT('',(0.00256082213207835,0.00084,0.00025));
#3526=CARTESIAN_POINT('',(0.00256082213207835,0.00084,0.00025));
#3527=CARTESIAN_POINT('',(0.00256082213207835,0.00084,0.000275));
#3528=CARTESIAN_POINT('',(0.00256082213207835,0.00043,0.000275));
#3529=CARTESIAN_POINT('',(0.00253620193825305,0.00043,0.000270658795558326));
#3530=CARTESIAN_POINT('',(0.00256082213207835,0.00084,0.000275));
#3531=CARTESIAN_POINT('',(0.00253620193825305,0.00084,0.000270658795558326));
#3532=CARTESIAN_POINT('',(0.00253620193825305,0.00084,0.000270658795558326));
#3533=CARTESIAN_POINT('',(0.00248532327698605,0.00084,0.000559206022208366));
#3534=CARTESIAN_POINT('',(0.00248532327698605,0.00043,0.000559206022208366));
#3535=CARTESIAN_POINT('',(0.00243444461571905,0.00043,0.000847753248858405));
#3536=CARTESIAN_POINT('',(0.00248532327698605,0.00084,0.000559206022208366));
#3537=CARTESIAN_POINT('',(0.00243444461571905,0.00084,0.000847753248858405));
#3538=CARTESIAN_POINT('',(0.00243444461571905,0.00084,0.000847753248858405));
#3539=CARTESIAN_POINT('',(0.00216362248364069,0.00084,0.0008));
#3540=CARTESIAN_POINT('',(0.00216362248364069,0.00043,0.0008));
#3541=CARTESIAN_POINT('',(0.00216362248364069,0.00043,0.001075));
#3542=CARTESIAN_POINT('',(0.00216362248364069,0.00084,0.0008));
#3543=CARTESIAN_POINT('',(0.00216362248364069,0.00084,0.001075));
#3544=CARTESIAN_POINT('',(0.00216362248364069,0.00084,0.001075));
#3545=CARTESIAN_POINT('',(0.00205331476522063,0.00084,0.001075));
#3546=CARTESIAN_POINT('',(0.00205331476522063,0.00043,0.001075));
#3547=CARTESIAN_POINT('',(0.00194300704680058,0.00043,0.001075));
#3548=CARTESIAN_POINT('',(0.00205331476522063,0.00084,0.001075));
#3549=CARTESIAN_POINT('',(0.00194300704680058,0.00084,0.001075));
#3550=CARTESIAN_POINT('',(0.00194300704680058,0.00084,0.001075));
#3551=CARTESIAN_POINT('',(0.00195,0.00084,0.00095));
#3552=CARTESIAN_POINT('',(0.00195,0.00043,0.00095));
#3553=CARTESIAN_POINT('',(0.00195699295319943,0.00043,0.000825));
#3554=CARTESIAN_POINT('',(0.00195,0.00084,0.00095));
#3555=CARTESIAN_POINT('',(0.00195699295319943,0.00084,0.000825));
#3556=CARTESIAN_POINT('',(0.00195699295319943,0.00084,0.000825));
#3557=CARTESIAN_POINT('',(0.00206030771842006,0.00084,0.000825));
#3558=CARTESIAN_POINT('',(0.00206030771842006,0.00043,0.000825));
#3559=CARTESIAN_POINT('',(0.00216362248364069,0.00043,0.000825));
#3560=CARTESIAN_POINT('',(0.00206030771842006,0.00084,0.000825));
#3561=CARTESIAN_POINT('',(0.00216362248364069,0.00084,0.000825));
#3562=CARTESIAN_POINT('',(0.00216362248364069,0.00084,0.000825));
#3563=CARTESIAN_POINT('',(0.00216362248364069,0.00084,0.0008));
#3564=CARTESIAN_POINT('',(0.00216362248364069,0.00043,0.0008));
#3565=CARTESIAN_POINT('',(0.00218824267746599,0.00043,0.000804341204441673));
#3566=CARTESIAN_POINT('',(0.00216362248364069,0.00084,0.0008));
#3567=CARTESIAN_POINT('',(0.00218824267746599,0.00084,0.000804341204441673));
#3568=CARTESIAN_POINT('',(0.00218824267746599,0.00084,0.000804341204441673));
#3569=CARTESIAN_POINT('',(0.00223912133873299,0.00084,0.000515793977791634));
#3570=CARTESIAN_POINT('',(0.00223912133873299,0.00043,0.000515793977791634));
#3571=CARTESIAN_POINT('',(0.00229,0.00043,0.000227246751141594));
#3572=CARTESIAN_POINT('',(0.00223912133873299,0.00084,0.000515793977791634));
#3573=CARTESIAN_POINT('',(0.00229,0.00084,0.000227246751141594));
#3574=CARTESIAN_POINT('',(0.00229,0.00084,0.000227246751141594));
#3575=CARTESIAN_POINT('',(0.00256082213207835,0.00084,0.000275));
#3576=CARTESIAN_POINT('',(0.00256082213207835,0.00043,0.000275));
#3577=CARTESIAN_POINT('',(0.00256082213207835,0.00043,4.33680868994202E-19));
#3578=CARTESIAN_POINT('',(0.00256082213207835,0.00084,0.000275));
#3579=CARTESIAN_POINT('',(0.00256082213207835,0.00084,4.33680868994202E-19));
#3580=CARTESIAN_POINT('',(0.00256082213207835,0.00084,4.33680868994202E-19));
#3581=CARTESIAN_POINT('',(0.00278041106603918,0.00084,3.3881317890172E-19));
#3582=CARTESIAN_POINT('',(0.00278041106603918,0.00043,3.3881317890172E-19));
#3583=CARTESIAN_POINT('',(0.00278041106603918,0.00084,3.3881317890172E-19));
#3584=CARTESIAN_POINT('',(0.00247150352340028,0.00084,0.0005375));
#3585=CARTESIAN_POINT('',(0.00247150352340028,0.00043,0.0005375));
#3586=CARTESIAN_POINT('',(0.,0.,0.));
#3587=CARTESIAN_POINT('',(0.003,0.00211,0.000125));
#3588=CARTESIAN_POINT('',(0.003,0.0017,0.000125));
#3589=CARTESIAN_POINT('',(0.003,0.0017,0.00025));
#3590=CARTESIAN_POINT('',(0.003,0.0017,2.82032281621036E-19));
#3591=CARTESIAN_POINT('',(0.003,0.00211,2.82032281621036E-19));
#3592=CARTESIAN_POINT('',(0.003,0.00211,2.82032281621036E-19));
#3593=CARTESIAN_POINT('',(0.003,0.00211,0.000125));
#3594=CARTESIAN_POINT('',(0.003,0.00211,0.00025));
#3595=CARTESIAN_POINT('',(0.003,0.00211,0.00025));
#3596=CARTESIAN_POINT('',(0.00278041106603918,0.00211,0.00025));
#3597=CARTESIAN_POINT('',(0.00278041106603918,0.0017,0.00025));
#3598=CARTESIAN_POINT('',(0.00256082213207835,0.0017,0.00025));
#3599=CARTESIAN_POINT('',(0.00278041106603918,0.00211,0.00025));
#3600=CARTESIAN_POINT('',(0.00256082213207835,0.00211,0.00025));
#3601=CARTESIAN_POINT('',(0.00256082213207835,0.00211,0.00025));
#3602=CARTESIAN_POINT('',(0.00256082213207835,0.00211,0.000275));
#3603=CARTESIAN_POINT('',(0.00256082213207835,0.0017,0.000275));
#3604=CARTESIAN_POINT('',(0.00253620193825305,0.0017,0.000270658795558326));
#3605=CARTESIAN_POINT('',(0.00256082213207835,0.00211,0.000275));
#3606=CARTESIAN_POINT('',(0.00253620193825305,0.00211,0.000270658795558326));
#3607=CARTESIAN_POINT('',(0.00253620193825305,0.00211,0.000270658795558326));
#3608=CARTESIAN_POINT('',(0.00248532327698605,0.00211,0.000559206022208366));
#3609=CARTESIAN_POINT('',(0.00248532327698605,0.0017,0.000559206022208366));
#3610=CARTESIAN_POINT('',(0.00243444461571905,0.0017,0.000847753248858405));
#3611=CARTESIAN_POINT('',(0.00248532327698605,0.00211,0.000559206022208366));
#3612=CARTESIAN_POINT('',(0.00243444461571905,0.00211,0.000847753248858405));
#3613=CARTESIAN_POINT('',(0.00243444461571905,0.00211,0.000847753248858405));
#3614=CARTESIAN_POINT('',(0.00216362248364069,0.00211,0.0008));
#3615=CARTESIAN_POINT('',(0.00216362248364069,0.0017,0.0008));
#3616=CARTESIAN_POINT('',(0.00216362248364069,0.0017,0.001075));
#3617=CARTESIAN_POINT('',(0.00216362248364069,0.00211,0.0008));
#3618=CARTESIAN_POINT('',(0.00216362248364069,0.00211,0.001075));
#3619=CARTESIAN_POINT('',(0.00216362248364069,0.00211,0.001075));
#3620=CARTESIAN_POINT('',(0.00205331476522063,0.00211,0.001075));
#3621=CARTESIAN_POINT('',(0.00205331476522063,0.0017,0.001075));
#3622=CARTESIAN_POINT('',(0.00194300704680058,0.0017,0.001075));
#3623=CARTESIAN_POINT('',(0.00205331476522063,0.00211,0.001075));
#3624=CARTESIAN_POINT('',(0.00194300704680058,0.00211,0.001075));
#3625=CARTESIAN_POINT('',(0.00194300704680058,0.00211,0.001075));
#3626=CARTESIAN_POINT('',(0.00195,0.00211,0.00095));
#3627=CARTESIAN_POINT('',(0.00195,0.0017,0.00095));
#3628=CARTESIAN_POINT('',(0.00195699295319943,0.0017,0.000825));
#3629=CARTESIAN_POINT('',(0.00195,0.00211,0.00095));
#3630=CARTESIAN_POINT('',(0.00195699295319943,0.00211,0.000825));
#3631=CARTESIAN_POINT('',(0.00195699295319943,0.00211,0.000825));
#3632=CARTESIAN_POINT('',(0.00206030771842006,0.00211,0.000825));
#3633=CARTESIAN_POINT('',(0.00206030771842006,0.0017,0.000825));
#3634=CARTESIAN_POINT('',(0.00216362248364069,0.0017,0.000825));
#3635=CARTESIAN_POINT('',(0.00206030771842006,0.00211,0.000825));
#3636=CARTESIAN_POINT('',(0.00216362248364069,0.00211,0.000825));
#3637=CARTESIAN_POINT('',(0.00216362248364069,0.00211,0.000825));
#3638=CARTESIAN_POINT('',(0.00216362248364069,0.00211,0.0008));
#3639=CARTESIAN_POINT('',(0.00216362248364069,0.0017,0.0008));
#3640=CARTESIAN_POINT('',(0.00218824267746599,0.0017,0.000804341204441673));
#3641=CARTESIAN_POINT('',(0.00216362248364069,0.00211,0.0008));
#3642=CARTESIAN_POINT('',(0.00218824267746599,0.00211,0.000804341204441673));
#3643=CARTESIAN_POINT('',(0.00218824267746599,0.00211,0.000804341204441673));
#3644=CARTESIAN_POINT('',(0.00223912133873299,0.00211,0.000515793977791634));
#3645=CARTESIAN_POINT('',(0.00223912133873299,0.0017,0.000515793977791634));
#3646=CARTESIAN_POINT('',(0.00229,0.0017,0.000227246751141594));
#3647=CARTESIAN_POINT('',(0.00223912133873299,0.00211,0.000515793977791634));
#3648=CARTESIAN_POINT('',(0.00229,0.00211,0.000227246751141594));
#3649=CARTESIAN_POINT('',(0.00229,0.00211,0.000227246751141594));
#3650=CARTESIAN_POINT('',(0.00256082213207835,0.00211,0.000275));
#3651=CARTESIAN_POINT('',(0.00256082213207835,0.0017,0.000275));
#3652=CARTESIAN_POINT('',(0.00256082213207835,0.0017,3.76899971713517E-19));
#3653=CARTESIAN_POINT('',(0.00256082213207835,0.00211,0.000275));
#3654=CARTESIAN_POINT('',(0.00256082213207835,0.00211,3.76899971713517E-19));
#3655=CARTESIAN_POINT('',(0.00256082213207835,0.00211,3.76899971713517E-19));
#3656=CARTESIAN_POINT('',(0.00278041106603918,0.00211,2.82032281621036E-19));
#3657=CARTESIAN_POINT('',(0.00278041106603918,0.0017,2.82032281621036E-19));
#3658=CARTESIAN_POINT('',(0.00278041106603918,0.00211,2.82032281621036E-19));
#3659=CARTESIAN_POINT('',(0.00247150352340028,0.00211,0.0005375));
#3660=CARTESIAN_POINT('',(0.00247150352340028,0.0017,0.0005375));
#3661=CARTESIAN_POINT('',(0.,0.,0.));
#3662=CARTESIAN_POINT('',(-0.003,-0.00084,0.000125));
#3663=CARTESIAN_POINT('',(-0.003,-0.00043,0.000125));
#3664=CARTESIAN_POINT('',(-0.003,-0.00043,0.00025));
#3665=CARTESIAN_POINT('',(-0.003,-0.00043,3.3881317890172E-19));
#3666=CARTESIAN_POINT('',(-0.003,-0.00084,3.3881317890172E-19));
#3667=CARTESIAN_POINT('',(-0.003,-0.00084,3.3881317890172E-19));
#3668=CARTESIAN_POINT('',(-0.003,-0.00084,0.000125));
#3669=CARTESIAN_POINT('',(-0.003,-0.00084,0.00025));
#3670=CARTESIAN_POINT('',(-0.003,-0.00084,0.00025));
#3671=CARTESIAN_POINT('',(-0.00278041106603918,-0.00084,0.00025));
#3672=CARTESIAN_POINT('',(-0.00278041106603918,-0.00043,0.00025));
#3673=CARTESIAN_POINT('',(-0.00256082213207835,-0.00043,0.00025));
#3674=CARTESIAN_POINT('',(-0.00278041106603918,-0.00084,0.00025));
#3675=CARTESIAN_POINT('',(-0.00256082213207835,-0.00084,0.00025));
#3676=CARTESIAN_POINT('',(-0.00256082213207835,-0.00084,0.00025));
#3677=CARTESIAN_POINT('',(-0.00256082213207835,-0.00084,0.000275));
#3678=CARTESIAN_POINT('',(-0.00256082213207835,-0.00043,0.000275));
#3679=CARTESIAN_POINT('',(-0.00253620193825305,-0.00043,0.000270658795558326));
#3680=CARTESIAN_POINT('',(-0.00256082213207835,-0.00084,0.000275));
#3681=CARTESIAN_POINT('',(-0.00253620193825305,-0.00084,0.000270658795558326));
#3682=CARTESIAN_POINT('',(-0.00253620193825305,-0.00084,0.000270658795558326));
#3683=CARTESIAN_POINT('',(-0.00248532327698605,-0.00084,0.000559206022208366));
#3684=CARTESIAN_POINT('',(-0.00248532327698605,-0.00043,0.000559206022208366));
#3685=CARTESIAN_POINT('',(-0.00243444461571905,-0.00043,0.000847753248858405));
#3686=CARTESIAN_POINT('',(-0.00248532327698605,-0.00084,0.000559206022208366));
#3687=CARTESIAN_POINT('',(-0.00243444461571905,-0.00084,0.000847753248858405));
#3688=CARTESIAN_POINT('',(-0.00243444461571905,-0.00084,0.000847753248858405));
#3689=CARTESIAN_POINT('',(-0.00216362248364069,-0.00084,0.0008));
#3690=CARTESIAN_POINT('',(-0.00216362248364069,-0.00043,0.0008));
#3691=CARTESIAN_POINT('',(-0.00216362248364069,-0.00043,0.001075));
#3692=CARTESIAN_POINT('',(-0.00216362248364069,-0.00084,0.0008));
#3693=CARTESIAN_POINT('',(-0.00216362248364069,-0.00084,0.001075));
#3694=CARTESIAN_POINT('',(-0.00216362248364069,-0.00084,0.001075));
#3695=CARTESIAN_POINT('',(-0.00205331476522063,-0.00084,0.001075));
#3696=CARTESIAN_POINT('',(-0.00205331476522063,-0.00043,0.001075));
#3697=CARTESIAN_POINT('',(-0.00194300704680058,-0.00043,0.001075));
#3698=CARTESIAN_POINT('',(-0.00205331476522063,-0.00084,0.001075));
#3699=CARTESIAN_POINT('',(-0.00194300704680058,-0.00084,0.001075));
#3700=CARTESIAN_POINT('',(-0.00194300704680058,-0.00084,0.001075));
#3701=CARTESIAN_POINT('',(-0.00195,-0.00084,0.00095));
#3702=CARTESIAN_POINT('',(-0.00195,-0.00043,0.00095));
#3703=CARTESIAN_POINT('',(-0.00195699295319943,-0.00043,0.000825));
#3704=CARTESIAN_POINT('',(-0.00195,-0.00084,0.00095));
#3705=CARTESIAN_POINT('',(-0.00195699295319943,-0.00084,0.000825));
#3706=CARTESIAN_POINT('',(-0.00195699295319943,-0.00084,0.000825));
#3707=CARTESIAN_POINT('',(-0.00206030771842006,-0.00084,0.000825));
#3708=CARTESIAN_POINT('',(-0.00206030771842006,-0.00043,0.000825));
#3709=CARTESIAN_POINT('',(-0.00216362248364069,-0.00043,0.000825));
#3710=CARTESIAN_POINT('',(-0.00206030771842006,-0.00084,0.000825));
#3711=CARTESIAN_POINT('',(-0.00216362248364069,-0.00084,0.000825));
#3712=CARTESIAN_POINT('',(-0.00216362248364069,-0.00084,0.000825));
#3713=CARTESIAN_POINT('',(-0.00216362248364069,-0.00084,0.0008));
#3714=CARTESIAN_POINT('',(-0.00216362248364069,-0.00043,0.0008));
#3715=CARTESIAN_POINT('',(-0.00218824267746599,-0.00043,0.000804341204441673));
#3716=CARTESIAN_POINT('',(-0.00216362248364069,-0.00084,0.0008));
#3717=CARTESIAN_POINT('',(-0.00218824267746599,-0.00084,0.000804341204441673));
#3718=CARTESIAN_POINT('',(-0.00218824267746599,-0.00084,0.000804341204441673));
#3719=CARTESIAN_POINT('',(-0.00223912133873299,-0.00084,0.000515793977791634));
#3720=CARTESIAN_POINT('',(-0.00223912133873299,-0.00043,0.000515793977791634));
#3721=CARTESIAN_POINT('',(-0.00229,-0.00043,0.000227246751141594));
#3722=CARTESIAN_POINT('',(-0.00223912133873299,-0.00084,0.000515793977791634));
#3723=CARTESIAN_POINT('',(-0.00229,-0.00084,0.000227246751141594));
#3724=CARTESIAN_POINT('',(-0.00229,-0.00084,0.000227246751141594));
#3725=CARTESIAN_POINT('',(-0.00256082213207835,-0.00084,0.000275));
#3726=CARTESIAN_POINT('',(-0.00256082213207835,-0.00043,0.000275));
#3727=CARTESIAN_POINT('',(-0.00256082213207835,-0.00043,4.33680868994202E-19));
#3728=CARTESIAN_POINT('',(-0.00256082213207835,-0.00084,0.000275));
#3729=CARTESIAN_POINT('',(-0.00256082213207835,-0.00084,4.33680868994202E-19));
#3730=CARTESIAN_POINT('',(-0.00256082213207835,-0.00084,4.33680868994202E-19));
#3731=CARTESIAN_POINT('',(-0.00278041106603918,-0.00084,3.3881317890172E-19));
#3732=CARTESIAN_POINT('',(-0.00278041106603918,-0.00043,3.3881317890172E-19));
#3733=CARTESIAN_POINT('',(-0.00278041106603918,-0.00084,3.3881317890172E-19));
#3734=CARTESIAN_POINT('',(-0.00247150352340028,-0.00084,0.0005375));
#3735=CARTESIAN_POINT('',(-0.00247150352340028,-0.00043,0.0005375));
#3736=CARTESIAN_POINT('',(0.,0.,0.));
#3737=CARTESIAN_POINT('',(-0.003,-0.00211,0.000125));
#3738=CARTESIAN_POINT('',(-0.003,-0.0017,0.000125));
#3739=CARTESIAN_POINT('',(-0.003,-0.0017,0.00025));
#3740=CARTESIAN_POINT('',(-0.003,-0.0017,2.82032281621036E-19));
#3741=CARTESIAN_POINT('',(-0.003,-0.00211,2.82032281621036E-19));
#3742=CARTESIAN_POINT('',(-0.003,-0.00211,2.82032281621036E-19));
#3743=CARTESIAN_POINT('',(-0.003,-0.00211,0.000125));
#3744=CARTESIAN_POINT('',(-0.003,-0.00211,0.00025));
#3745=CARTESIAN_POINT('',(-0.003,-0.00211,0.00025));
#3746=CARTESIAN_POINT('',(-0.00278041106603918,-0.00211,0.00025));
#3747=CARTESIAN_POINT('',(-0.00278041106603918,-0.0017,0.00025));
#3748=CARTESIAN_POINT('',(-0.00256082213207835,-0.0017,0.00025));
#3749=CARTESIAN_POINT('',(-0.00278041106603918,-0.00211,0.00025));
#3750=CARTESIAN_POINT('',(-0.00256082213207835,-0.00211,0.00025));
#3751=CARTESIAN_POINT('',(-0.00256082213207835,-0.00211,0.00025));
#3752=CARTESIAN_POINT('',(-0.00256082213207835,-0.00211,0.000275));
#3753=CARTESIAN_POINT('',(-0.00256082213207835,-0.0017,0.000275));
#3754=CARTESIAN_POINT('',(-0.00253620193825305,-0.0017,0.000270658795558326));
#3755=CARTESIAN_POINT('',(-0.00256082213207835,-0.00211,0.000275));
#3756=CARTESIAN_POINT('',(-0.00253620193825305,-0.00211,0.000270658795558326));
#3757=CARTESIAN_POINT('',(-0.00253620193825305,-0.00211,0.000270658795558326));
#3758=CARTESIAN_POINT('',(-0.00248532327698605,-0.00211,0.000559206022208366));
#3759=CARTESIAN_POINT('',(-0.00248532327698605,-0.0017,0.000559206022208366));
#3760=CARTESIAN_POINT('',(-0.00243444461571905,-0.0017,0.000847753248858405));
#3761=CARTESIAN_POINT('',(-0.00248532327698605,-0.00211,0.000559206022208366));
#3762=CARTESIAN_POINT('',(-0.00243444461571905,-0.00211,0.000847753248858405));
#3763=CARTESIAN_POINT('',(-0.00243444461571905,-0.00211,0.000847753248858405));
#3764=CARTESIAN_POINT('',(-0.00216362248364069,-0.00211,0.0008));
#3765=CARTESIAN_POINT('',(-0.00216362248364069,-0.0017,0.0008));
#3766=CARTESIAN_POINT('',(-0.00216362248364069,-0.0017,0.001075));
#3767=CARTESIAN_POINT('',(-0.00216362248364069,-0.00211,0.0008));
#3768=CARTESIAN_POINT('',(-0.00216362248364069,-0.00211,0.001075));
#3769=CARTESIAN_POINT('',(-0.00216362248364069,-0.00211,0.001075));
#3770=CARTESIAN_POINT('',(-0.00205331476522063,-0.00211,0.001075));
#3771=CARTESIAN_POINT('',(-0.00205331476522063,-0.0017,0.001075));
#3772=CARTESIAN_POINT('',(-0.00194300704680058,-0.0017,0.001075));
#3773=CARTESIAN_POINT('',(-0.00205331476522063,-0.00211,0.001075));
#3774=CARTESIAN_POINT('',(-0.00194300704680058,-0.00211,0.001075));
#3775=CARTESIAN_POINT('',(-0.00194300704680058,-0.00211,0.001075));
#3776=CARTESIAN_POINT('',(-0.00195,-0.00211,0.00095));
#3777=CARTESIAN_POINT('',(-0.00195,-0.0017,0.00095));
#3778=CARTESIAN_POINT('',(-0.00195699295319943,-0.0017,0.000825));
#3779=CARTESIAN_POINT('',(-0.00195,-0.00211,0.00095));
#3780=CARTESIAN_POINT('',(-0.00195699295319943,-0.00211,0.000825));
#3781=CARTESIAN_POINT('',(-0.00195699295319943,-0.00211,0.000825));
#3782=CARTESIAN_POINT('',(-0.00206030771842006,-0.00211,0.000825));
#3783=CARTESIAN_POINT('',(-0.00206030771842006,-0.0017,0.000825));
#3784=CARTESIAN_POINT('',(-0.00216362248364069,-0.0017,0.000825));
#3785=CARTESIAN_POINT('',(-0.00206030771842006,-0.00211,0.000825));
#3786=CARTESIAN_POINT('',(-0.00216362248364069,-0.00211,0.000825));
#3787=CARTESIAN_POINT('',(-0.00216362248364069,-0.00211,0.000825));
#3788=CARTESIAN_POINT('',(-0.00216362248364069,-0.00211,0.0008));
#3789=CARTESIAN_POINT('',(-0.00216362248364069,-0.0017,0.0008));
#3790=CARTESIAN_POINT('',(-0.00218824267746599,-0.0017,0.000804341204441673));
#3791=CARTESIAN_POINT('',(-0.00216362248364069,-0.00211,0.0008));
#3792=CARTESIAN_POINT('',(-0.00218824267746599,-0.00211,0.000804341204441673));
#3793=CARTESIAN_POINT('',(-0.00218824267746599,-0.00211,0.000804341204441673));
#3794=CARTESIAN_POINT('',(-0.00223912133873299,-0.00211,0.000515793977791634));
#3795=CARTESIAN_POINT('',(-0.00223912133873299,-0.0017,0.000515793977791634));
#3796=CARTESIAN_POINT('',(-0.00229,-0.0017,0.000227246751141594));
#3797=CARTESIAN_POINT('',(-0.00223912133873299,-0.00211,0.000515793977791634));
#3798=CARTESIAN_POINT('',(-0.00229,-0.00211,0.000227246751141594));
#3799=CARTESIAN_POINT('',(-0.00229,-0.00211,0.000227246751141594));
#3800=CARTESIAN_POINT('',(-0.00256082213207835,-0.00211,0.000275));
#3801=CARTESIAN_POINT('',(-0.00256082213207835,-0.0017,0.000275));
#3802=CARTESIAN_POINT('',(-0.00256082213207835,-0.0017,3.76899971713517E-19));
#3803=CARTESIAN_POINT('',(-0.00256082213207835,-0.00211,0.000275));
#3804=CARTESIAN_POINT('',(-0.00256082213207835,-0.00211,3.76899971713517E-19));
#3805=CARTESIAN_POINT('',(-0.00256082213207835,-0.00211,3.76899971713517E-19));
#3806=CARTESIAN_POINT('',(-0.00278041106603918,-0.00211,2.82032281621036E-19));
#3807=CARTESIAN_POINT('',(-0.00278041106603918,-0.0017,2.82032281621036E-19));
#3808=CARTESIAN_POINT('',(-0.00278041106603918,-0.00211,2.82032281621036E-19));
#3809=CARTESIAN_POINT('',(-0.00247150352340028,-0.00211,0.0005375));
#3810=CARTESIAN_POINT('',(-0.00247150352340028,-0.0017,0.0005375));
#3811=CARTESIAN_POINT('',(0.,0.,0.));
#3812=CARTESIAN_POINT('',(-0.003,0.00084,0.000125));
#3813=CARTESIAN_POINT('',(-0.003,0.00043,0.000125));
#3814=CARTESIAN_POINT('',(-0.003,0.00043,0.00025));
#3815=CARTESIAN_POINT('',(-0.003,0.00043,3.3881317890172E-19));
#3816=CARTESIAN_POINT('',(-0.003,0.00084,0.00025));
#3817=CARTESIAN_POINT('',(-0.003,0.00084,0.00025));
#3818=CARTESIAN_POINT('',(-0.003,0.00084,0.000125));
#3819=CARTESIAN_POINT('',(-0.003,0.00084,3.3881317890172E-19));
#3820=CARTESIAN_POINT('',(-0.003,0.00084,3.3881317890172E-19));
#3821=CARTESIAN_POINT('',(-0.00278041106603918,0.00084,0.00025));
#3822=CARTESIAN_POINT('',(-0.00278041106603918,0.00043,0.00025));
#3823=CARTESIAN_POINT('',(-0.00256082213207835,0.00043,0.00025));
#3824=CARTESIAN_POINT('',(-0.00256082213207835,0.00084,0.00025));
#3825=CARTESIAN_POINT('',(-0.00256082213207835,0.00084,0.00025));
#3826=CARTESIAN_POINT('',(-0.00278041106603918,0.00084,0.00025));
#3827=CARTESIAN_POINT('',(-0.00256082213207835,0.00084,0.000275));
#3828=CARTESIAN_POINT('',(-0.00256082213207835,0.00043,0.000275));
#3829=CARTESIAN_POINT('',(-0.00253620193825305,0.00043,0.000270658795558326));
#3830=CARTESIAN_POINT('',(-0.00253620193825305,0.00084,0.000270658795558326));
#3831=CARTESIAN_POINT('',(-0.00253620193825305,0.00084,0.000270658795558326));
#3832=CARTESIAN_POINT('',(-0.00256082213207835,0.00084,0.000275));
#3833=CARTESIAN_POINT('',(-0.00248532327698605,0.00084,0.000559206022208366));
#3834=CARTESIAN_POINT('',(-0.00248532327698605,0.00043,0.000559206022208366));
#3835=CARTESIAN_POINT('',(-0.00243444461571905,0.00043,0.000847753248858405));
#3836=CARTESIAN_POINT('',(-0.00243444461571905,0.00084,0.000847753248858405));
#3837=CARTESIAN_POINT('',(-0.00243444461571905,0.00084,0.000847753248858405));
#3838=CARTESIAN_POINT('',(-0.00248532327698605,0.00084,0.000559206022208366));
#3839=CARTESIAN_POINT('',(-0.00216362248364069,0.00084,0.0008));
#3840=CARTESIAN_POINT('',(-0.00216362248364069,0.00043,0.0008));
#3841=CARTESIAN_POINT('',(-0.00216362248364069,0.00043,0.001075));
#3842=CARTESIAN_POINT('',(-0.00216362248364069,0.00084,0.001075));
#3843=CARTESIAN_POINT('',(-0.00216362248364069,0.00084,0.001075));
#3844=CARTESIAN_POINT('',(-0.00216362248364069,0.00084,0.0008));
#3845=CARTESIAN_POINT('',(-0.00205331476522063,0.00084,0.001075));
#3846=CARTESIAN_POINT('',(-0.00205331476522063,0.00043,0.001075));
#3847=CARTESIAN_POINT('',(-0.00194300704680058,0.00043,0.001075));
#3848=CARTESIAN_POINT('',(-0.00194300704680058,0.00084,0.001075));
#3849=CARTESIAN_POINT('',(-0.00194300704680058,0.00084,0.001075));
#3850=CARTESIAN_POINT('',(-0.00205331476522063,0.00084,0.001075));
#3851=CARTESIAN_POINT('',(-0.00195,0.00084,0.00095));
#3852=CARTESIAN_POINT('',(-0.00195,0.00043,0.00095));
#3853=CARTESIAN_POINT('',(-0.00195699295319943,0.00043,0.000825));
#3854=CARTESIAN_POINT('',(-0.00195699295319943,0.00084,0.000825));
#3855=CARTESIAN_POINT('',(-0.00195699295319943,0.00084,0.000825));
#3856=CARTESIAN_POINT('',(-0.00195,0.00084,0.00095));
#3857=CARTESIAN_POINT('',(-0.00206030771842006,0.00084,0.000825));
#3858=CARTESIAN_POINT('',(-0.00206030771842006,0.00043,0.000825));
#3859=CARTESIAN_POINT('',(-0.00216362248364069,0.00043,0.000825));
#3860=CARTESIAN_POINT('',(-0.00216362248364069,0.00084,0.000825));
#3861=CARTESIAN_POINT('',(-0.00216362248364069,0.00084,0.000825));
#3862=CARTESIAN_POINT('',(-0.00206030771842006,0.00084,0.000825));
#3863=CARTESIAN_POINT('',(-0.00216362248364069,0.00084,0.0008));
#3864=CARTESIAN_POINT('',(-0.00216362248364069,0.00043,0.0008));
#3865=CARTESIAN_POINT('',(-0.00218824267746599,0.00043,0.000804341204441673));
#3866=CARTESIAN_POINT('',(-0.00218824267746599,0.00084,0.000804341204441673));
#3867=CARTESIAN_POINT('',(-0.00218824267746599,0.00084,0.000804341204441673));
#3868=CARTESIAN_POINT('',(-0.00216362248364069,0.00084,0.0008));
#3869=CARTESIAN_POINT('',(-0.00223912133873299,0.00084,0.000515793977791634));
#3870=CARTESIAN_POINT('',(-0.00223912133873299,0.00043,0.000515793977791634));
#3871=CARTESIAN_POINT('',(-0.00229,0.00043,0.000227246751141594));
#3872=CARTESIAN_POINT('',(-0.00229,0.00084,0.000227246751141594));
#3873=CARTESIAN_POINT('',(-0.00229,0.00084,0.000227246751141594));
#3874=CARTESIAN_POINT('',(-0.00223912133873299,0.00084,0.000515793977791634));
#3875=CARTESIAN_POINT('',(-0.00256082213207835,0.00084,0.000275));
#3876=CARTESIAN_POINT('',(-0.00256082213207835,0.00043,0.000275));
#3877=CARTESIAN_POINT('',(-0.00256082213207835,0.00043,4.33680868994202E-19));
#3878=CARTESIAN_POINT('',(-0.00256082213207835,0.00084,4.33680868994202E-19));
#3879=CARTESIAN_POINT('',(-0.00256082213207835,0.00084,4.33680868994202E-19));
#3880=CARTESIAN_POINT('',(-0.00256082213207835,0.00084,0.000275));
#3881=CARTESIAN_POINT('',(-0.00278041106603918,0.00084,3.3881317890172E-19));
#3882=CARTESIAN_POINT('',(-0.00278041106603918,0.00043,3.3881317890172E-19));
#3883=CARTESIAN_POINT('',(-0.00278041106603918,0.00084,3.3881317890172E-19));
#3884=CARTESIAN_POINT('',(-0.00247150352340028,0.00084,0.0005375));
#3885=CARTESIAN_POINT('',(-0.00247150352340028,0.00043,0.0005375));
#3886=CARTESIAN_POINT('',(0.,0.,0.));
#3887=CARTESIAN_POINT('',(-0.003,0.00211,0.000125));
#3888=CARTESIAN_POINT('',(-0.003,0.0017,0.000125));
#3889=CARTESIAN_POINT('',(-0.003,0.0017,0.00025));
#3890=CARTESIAN_POINT('',(-0.003,0.0017,2.82032281621036E-19));
#3891=CARTESIAN_POINT('',(-0.003,0.00211,0.00025));
#3892=CARTESIAN_POINT('',(-0.003,0.00211,0.00025));
#3893=CARTESIAN_POINT('',(-0.003,0.00211,0.000125));
#3894=CARTESIAN_POINT('',(-0.003,0.00211,2.82032281621036E-19));
#3895=CARTESIAN_POINT('',(-0.003,0.00211,2.82032281621036E-19));
#3896=CARTESIAN_POINT('',(-0.00278041106603918,0.00211,0.00025));
#3897=CARTESIAN_POINT('',(-0.00278041106603918,0.0017,0.00025));
#3898=CARTESIAN_POINT('',(-0.00256082213207835,0.0017,0.00025));
#3899=CARTESIAN_POINT('',(-0.00256082213207835,0.00211,0.00025));
#3900=CARTESIAN_POINT('',(-0.00256082213207835,0.00211,0.00025));
#3901=CARTESIAN_POINT('',(-0.00278041106603918,0.00211,0.00025));
#3902=CARTESIAN_POINT('',(-0.00256082213207835,0.00211,0.000275));
#3903=CARTESIAN_POINT('',(-0.00256082213207835,0.0017,0.000275));
#3904=CARTESIAN_POINT('',(-0.00253620193825305,0.0017,0.000270658795558326));
#3905=CARTESIAN_POINT('',(-0.00253620193825305,0.00211,0.000270658795558326));
#3906=CARTESIAN_POINT('',(-0.00253620193825305,0.00211,0.000270658795558326));
#3907=CARTESIAN_POINT('',(-0.00256082213207835,0.00211,0.000275));
#3908=CARTESIAN_POINT('',(-0.00248532327698605,0.00211,0.000559206022208366));
#3909=CARTESIAN_POINT('',(-0.00248532327698605,0.0017,0.000559206022208366));
#3910=CARTESIAN_POINT('',(-0.00243444461571905,0.0017,0.000847753248858405));
#3911=CARTESIAN_POINT('',(-0.00243444461571905,0.00211,0.000847753248858405));
#3912=CARTESIAN_POINT('',(-0.00243444461571905,0.00211,0.000847753248858405));
#3913=CARTESIAN_POINT('',(-0.00248532327698605,0.00211,0.000559206022208366));
#3914=CARTESIAN_POINT('',(-0.00216362248364069,0.00211,0.0008));
#3915=CARTESIAN_POINT('',(-0.00216362248364069,0.0017,0.0008));
#3916=CARTESIAN_POINT('',(-0.00216362248364069,0.0017,0.001075));
#3917=CARTESIAN_POINT('',(-0.00216362248364069,0.00211,0.001075));
#3918=CARTESIAN_POINT('',(-0.00216362248364069,0.00211,0.001075));
#3919=CARTESIAN_POINT('',(-0.00216362248364069,0.00211,0.0008));
#3920=CARTESIAN_POINT('',(-0.00205331476522063,0.00211,0.001075));
#3921=CARTESIAN_POINT('',(-0.00205331476522063,0.0017,0.001075));
#3922=CARTESIAN_POINT('',(-0.00194300704680058,0.0017,0.001075));
#3923=CARTESIAN_POINT('',(-0.00194300704680058,0.00211,0.001075));
#3924=CARTESIAN_POINT('',(-0.00194300704680058,0.00211,0.001075));
#3925=CARTESIAN_POINT('',(-0.00205331476522063,0.00211,0.001075));
#3926=CARTESIAN_POINT('',(-0.00195,0.00211,0.00095));
#3927=CARTESIAN_POINT('',(-0.00195,0.0017,0.00095));
#3928=CARTESIAN_POINT('',(-0.00195699295319943,0.0017,0.000825));
#3929=CARTESIAN_POINT('',(-0.00195699295319943,0.00211,0.000825));
#3930=CARTESIAN_POINT('',(-0.00195699295319943,0.00211,0.000825));
#3931=CARTESIAN_POINT('',(-0.00195,0.00211,0.00095));
#3932=CARTESIAN_POINT('',(-0.00206030771842006,0.00211,0.000825));
#3933=CARTESIAN_POINT('',(-0.00206030771842006,0.0017,0.000825));
#3934=CARTESIAN_POINT('',(-0.00216362248364069,0.0017,0.000825));
#3935=CARTESIAN_POINT('',(-0.00216362248364069,0.00211,0.000825));
#3936=CARTESIAN_POINT('',(-0.00216362248364069,0.00211,0.000825));
#3937=CARTESIAN_POINT('',(-0.00206030771842006,0.00211,0.000825));
#3938=CARTESIAN_POINT('',(-0.00216362248364069,0.00211,0.0008));
#3939=CARTESIAN_POINT('',(-0.00216362248364069,0.0017,0.0008));
#3940=CARTESIAN_POINT('',(-0.00218824267746599,0.0017,0.000804341204441673));
#3941=CARTESIAN_POINT('',(-0.00218824267746599,0.00211,0.000804341204441673));
#3942=CARTESIAN_POINT('',(-0.00218824267746599,0.00211,0.000804341204441673));
#3943=CARTESIAN_POINT('',(-0.00216362248364069,0.00211,0.0008));
#3944=CARTESIAN_POINT('',(-0.00223912133873299,0.00211,0.000515793977791634));
#3945=CARTESIAN_POINT('',(-0.00223912133873299,0.0017,0.000515793977791634));
#3946=CARTESIAN_POINT('',(-0.00229,0.0017,0.000227246751141594));
#3947=CARTESIAN_POINT('',(-0.00229,0.00211,0.000227246751141594));
#3948=CARTESIAN_POINT('',(-0.00229,0.00211,0.000227246751141594));
#3949=CARTESIAN_POINT('',(-0.00223912133873299,0.00211,0.000515793977791634));
#3950=CARTESIAN_POINT('',(-0.00256082213207835,0.00211,0.000275));
#3951=CARTESIAN_POINT('',(-0.00256082213207835,0.0017,0.000275));
#3952=CARTESIAN_POINT('',(-0.00256082213207835,0.0017,3.76899971713517E-19));
#3953=CARTESIAN_POINT('',(-0.00256082213207835,0.00211,3.76899971713517E-19));
#3954=CARTESIAN_POINT('',(-0.00256082213207835,0.00211,3.76899971713517E-19));
#3955=CARTESIAN_POINT('',(-0.00256082213207835,0.00211,0.000275));
#3956=CARTESIAN_POINT('',(-0.00278041106603918,0.00211,2.82032281621036E-19));
#3957=CARTESIAN_POINT('',(-0.00278041106603918,0.0017,2.82032281621036E-19));
#3958=CARTESIAN_POINT('',(-0.00278041106603918,0.00211,2.82032281621036E-19));
#3959=CARTESIAN_POINT('',(-0.00247150352340028,0.00211,0.0005375));
#3960=CARTESIAN_POINT('',(-0.00247150352340028,0.0017,0.0005375));
#3961=CARTESIAN_POINT('',(0.,0.,0.));
#3962=CARTESIAN_POINT('',(0.000915489644010893,-0.002425,0.00175));
#3963=CARTESIAN_POINT('',(-0.00125597928802178,0.001905,0.00175));
#3964=CARTESIAN_POINT('',(-0.00150597928802178,0.001905,0.00175));
#3965=CARTESIAN_POINT('',(-0.00125597928802178,0.001905,0.001752));
#3966=CARTESIAN_POINT('',(-0.00125597928802178,0.001905,0.00165));
#3967=CARTESIAN_POINT('',(-0.00100597928802178,0.001905,0.00165));
#3968=CARTESIAN_POINT('',(-5.60138793893948E-5,0.,0.00165));
#3969=MECHANICAL_DESIGN_GEOMETRIC_PRESENTATION_REPRESENTATION('',(#2314),
#3979);
#3970=MECHANICAL_DESIGN_GEOMETRIC_PRESENTATION_REPRESENTATION('',(#2315),
#3980);
#3971=MECHANICAL_DESIGN_GEOMETRIC_PRESENTATION_REPRESENTATION('',(#2316),
#3981);
#3972=MECHANICAL_DESIGN_GEOMETRIC_PRESENTATION_REPRESENTATION('',(#2317),
#3982);
#3973=MECHANICAL_DESIGN_GEOMETRIC_PRESENTATION_REPRESENTATION('',(#2318),
#3983);
#3974=MECHANICAL_DESIGN_GEOMETRIC_PRESENTATION_REPRESENTATION('',(#2319),
#3984);
#3975=MECHANICAL_DESIGN_GEOMETRIC_PRESENTATION_REPRESENTATION('',(#2320),
#3985);
#3976=MECHANICAL_DESIGN_GEOMETRIC_PRESENTATION_REPRESENTATION('',(#2321),
#3986);
#3977=MECHANICAL_DESIGN_GEOMETRIC_PRESENTATION_REPRESENTATION('',(#2322),
#3987);
#3978=MECHANICAL_DESIGN_GEOMETRIC_PRESENTATION_REPRESENTATION('',(#2323),
#3988);
#3979=(
GEOMETRIC_REPRESENTATION_CONTEXT(3)
GLOBAL_UNCERTAINTY_ASSIGNED_CONTEXT((#3989))
GLOBAL_UNIT_ASSIGNED_CONTEXT((#4019,#4009,#3999))
REPRESENTATION_CONTEXT('Part 2','TOP_LEVEL_ASSEMBLY_PART')
);
#3980=(
GEOMETRIC_REPRESENTATION_CONTEXT(3)
GLOBAL_UNCERTAINTY_ASSIGNED_CONTEXT((#3990))
GLOBAL_UNIT_ASSIGNED_CONTEXT((#4020,#4010,#4000))
REPRESENTATION_CONTEXT('Part 1','TOP_LEVEL_ASSEMBLY_PART')
);
#3981=(
GEOMETRIC_REPRESENTATION_CONTEXT(3)
GLOBAL_UNCERTAINTY_ASSIGNED_CONTEXT((#3991))
GLOBAL_UNIT_ASSIGNED_CONTEXT((#4021,#4011,#4001))
REPRESENTATION_CONTEXT('Part 3','TOP_LEVEL_ASSEMBLY_PART')
);
#3982=(
GEOMETRIC_REPRESENTATION_CONTEXT(3)
GLOBAL_UNCERTAINTY_ASSIGNED_CONTEXT((#3992))
GLOBAL_UNIT_ASSIGNED_CONTEXT((#4022,#4012,#4002))
REPRESENTATION_CONTEXT('Part 4','TOP_LEVEL_ASSEMBLY_PART')
);
#3983=(
GEOMETRIC_REPRESENTATION_CONTEXT(3)
GLOBAL_UNCERTAINTY_ASSIGNED_CONTEXT((#3993))
GLOBAL_UNIT_ASSIGNED_CONTEXT((#4023,#4013,#4003))
REPRESENTATION_CONTEXT('Part 5','TOP_LEVEL_ASSEMBLY_PART')
);
#3984=(
GEOMETRIC_REPRESENTATION_CONTEXT(3)
GLOBAL_UNCERTAINTY_ASSIGNED_CONTEXT((#3994))
GLOBAL_UNIT_ASSIGNED_CONTEXT((#4024,#4014,#4004))
REPRESENTATION_CONTEXT('Part 6','TOP_LEVEL_ASSEMBLY_PART')
);
#3985=(
GEOMETRIC_REPRESENTATION_CONTEXT(3)
GLOBAL_UNCERTAINTY_ASSIGNED_CONTEXT((#3995))
GLOBAL_UNIT_ASSIGNED_CONTEXT((#4025,#4015,#4005))
REPRESENTATION_CONTEXT('Part 7','TOP_LEVEL_ASSEMBLY_PART')
);
#3986=(
GEOMETRIC_REPRESENTATION_CONTEXT(3)
GLOBAL_UNCERTAINTY_ASSIGNED_CONTEXT((#3996))
GLOBAL_UNIT_ASSIGNED_CONTEXT((#4026,#4016,#4006))
REPRESENTATION_CONTEXT('Part 8','TOP_LEVEL_ASSEMBLY_PART')
);
#3987=(
GEOMETRIC_REPRESENTATION_CONTEXT(3)
GLOBAL_UNCERTAINTY_ASSIGNED_CONTEXT((#3997))
GLOBAL_UNIT_ASSIGNED_CONTEXT((#4027,#4017,#4007))
REPRESENTATION_CONTEXT('Part 9','TOP_LEVEL_ASSEMBLY_PART')
);
#3988=(
GEOMETRIC_REPRESENTATION_CONTEXT(3)
GLOBAL_UNCERTAINTY_ASSIGNED_CONTEXT((#3998))
GLOBAL_UNIT_ASSIGNED_CONTEXT((#4028,#4018,#4008))
REPRESENTATION_CONTEXT('Part 10','TOP_LEVEL_ASSEMBLY_PART')
);
#3989=UNCERTAINTY_MEASURE_WITH_UNIT(LENGTH_MEASURE(1.E-8),#4019,
'DISTANCE_ACCURACY_VALUE','Maximum Tolerance applied to model');
#3990=UNCERTAINTY_MEASURE_WITH_UNIT(LENGTH_MEASURE(1.E-8),#4020,
'DISTANCE_ACCURACY_VALUE','Maximum Tolerance applied to model');
#3991=UNCERTAINTY_MEASURE_WITH_UNIT(LENGTH_MEASURE(1.E-8),#4021,
'DISTANCE_ACCURACY_VALUE','Maximum Tolerance applied to model');
#3992=UNCERTAINTY_MEASURE_WITH_UNIT(LENGTH_MEASURE(1.E-8),#4022,
'DISTANCE_ACCURACY_VALUE','Maximum Tolerance applied to model');
#3993=UNCERTAINTY_MEASURE_WITH_UNIT(LENGTH_MEASURE(1.E-8),#4023,
'DISTANCE_ACCURACY_VALUE','Maximum Tolerance applied to model');
#3994=UNCERTAINTY_MEASURE_WITH_UNIT(LENGTH_MEASURE(1.E-8),#4024,
'DISTANCE_ACCURACY_VALUE','Maximum Tolerance applied to model');
#3995=UNCERTAINTY_MEASURE_WITH_UNIT(LENGTH_MEASURE(1.E-8),#4025,
'DISTANCE_ACCURACY_VALUE','Maximum Tolerance applied to model');
#3996=UNCERTAINTY_MEASURE_WITH_UNIT(LENGTH_MEASURE(1.E-8),#4026,
'DISTANCE_ACCURACY_VALUE','Maximum Tolerance applied to model');
#3997=UNCERTAINTY_MEASURE_WITH_UNIT(LENGTH_MEASURE(1.E-8),#4027,
'DISTANCE_ACCURACY_VALUE','Maximum Tolerance applied to model');
#3998=UNCERTAINTY_MEASURE_WITH_UNIT(LENGTH_MEASURE(1.E-8),#4028,
'DISTANCE_ACCURACY_VALUE','Maximum Tolerance applied to model');
#3999=(
NAMED_UNIT(*)
SI_UNIT($,.STERADIAN.)
SOLID_ANGLE_UNIT()
);
#4000=(
NAMED_UNIT(*)
SI_UNIT($,.STERADIAN.)
SOLID_ANGLE_UNIT()
);
#4001=(
NAMED_UNIT(*)
SI_UNIT($,.STERADIAN.)
SOLID_ANGLE_UNIT()
);
#4002=(
NAMED_UNIT(*)
SI_UNIT($,.STERADIAN.)
SOLID_ANGLE_UNIT()
);
#4003=(
NAMED_UNIT(*)
SI_UNIT($,.STERADIAN.)
SOLID_ANGLE_UNIT()
);
#4004=(
NAMED_UNIT(*)
SI_UNIT($,.STERADIAN.)
SOLID_ANGLE_UNIT()
);
#4005=(
NAMED_UNIT(*)
SI_UNIT($,.STERADIAN.)
SOLID_ANGLE_UNIT()
);
#4006=(
NAMED_UNIT(*)
SI_UNIT($,.STERADIAN.)
SOLID_ANGLE_UNIT()
);
#4007=(
NAMED_UNIT(*)
SI_UNIT($,.STERADIAN.)
SOLID_ANGLE_UNIT()
);
#4008=(
NAMED_UNIT(*)
SI_UNIT($,.STERADIAN.)
SOLID_ANGLE_UNIT()
);
#4009=(
NAMED_UNIT(*)
PLANE_ANGLE_UNIT()
SI_UNIT($,.RADIAN.)
);
#4010=(
NAMED_UNIT(*)
PLANE_ANGLE_UNIT()
SI_UNIT($,.RADIAN.)
);
#4011=(
NAMED_UNIT(*)
PLANE_ANGLE_UNIT()
SI_UNIT($,.RADIAN.)
);
#4012=(
NAMED_UNIT(*)
PLANE_ANGLE_UNIT()
SI_UNIT($,.RADIAN.)
);
#4013=(
NAMED_UNIT(*)
PLANE_ANGLE_UNIT()
SI_UNIT($,.RADIAN.)
);
#4014=(
NAMED_UNIT(*)
PLANE_ANGLE_UNIT()
SI_UNIT($,.RADIAN.)
);
#4015=(
NAMED_UNIT(*)
PLANE_ANGLE_UNIT()
SI_UNIT($,.RADIAN.)
);
#4016=(
NAMED_UNIT(*)
PLANE_ANGLE_UNIT()
SI_UNIT($,.RADIAN.)
);
#4017=(
NAMED_UNIT(*)
PLANE_ANGLE_UNIT()
SI_UNIT($,.RADIAN.)
);
#4018=(
NAMED_UNIT(*)
PLANE_ANGLE_UNIT()
SI_UNIT($,.RADIAN.)
);
#4019=(
LENGTH_UNIT()
NAMED_UNIT(*)
SI_UNIT($,.METRE.)
);
#4020=(
LENGTH_UNIT()
NAMED_UNIT(*)
SI_UNIT($,.METRE.)
);
#4021=(
LENGTH_UNIT()
NAMED_UNIT(*)
SI_UNIT($,.METRE.)
);
#4022=(
LENGTH_UNIT()
NAMED_UNIT(*)
SI_UNIT($,.METRE.)
);
#4023=(
LENGTH_UNIT()
NAMED_UNIT(*)
SI_UNIT($,.METRE.)
);
#4024=(
LENGTH_UNIT()
NAMED_UNIT(*)
SI_UNIT($,.METRE.)
);
#4025=(
LENGTH_UNIT()
NAMED_UNIT(*)
SI_UNIT($,.METRE.)
);
#4026=(
LENGTH_UNIT()
NAMED_UNIT(*)
SI_UNIT($,.METRE.)
);
#4027=(
LENGTH_UNIT()
NAMED_UNIT(*)
SI_UNIT($,.METRE.)
);
#4028=(
LENGTH_UNIT()
NAMED_UNIT(*)
SI_UNIT($,.METRE.)
);
#4029=PRODUCT_DEFINITION_SHAPE('','',#4039);
#4030=PRODUCT_DEFINITION_SHAPE('','',#4040);
#4031=PRODUCT_DEFINITION_SHAPE('','',#4041);
#4032=PRODUCT_DEFINITION_SHAPE('','',#4042);
#4033=PRODUCT_DEFINITION_SHAPE('','',#4043);
#4034=PRODUCT_DEFINITION_SHAPE('','',#4044);
#4035=PRODUCT_DEFINITION_SHAPE('','',#4045);
#4036=PRODUCT_DEFINITION_SHAPE('','',#4046);
#4037=PRODUCT_DEFINITION_SHAPE('','',#4047);
#4038=PRODUCT_DEFINITION_SHAPE('','',#4048);
#4039=PRODUCT_DEFINITION('','',#4059,#4049);
#4040=PRODUCT_DEFINITION('','',#4060,#4050);
#4041=PRODUCT_DEFINITION('','',#4061,#4051);
#4042=PRODUCT_DEFINITION('','',#4062,#4052);
#4043=PRODUCT_DEFINITION('','',#4063,#4053);
#4044=PRODUCT_DEFINITION('','',#4064,#4054);
#4045=PRODUCT_DEFINITION('','',#4065,#4055);
#4046=PRODUCT_DEFINITION('','',#4066,#4056);
#4047=PRODUCT_DEFINITION('','',#4067,#4057);
#4048=PRODUCT_DEFINITION('','',#4068,#4058);
#4049=PRODUCT_DEFINITION_CONTEXT('',#4119,'design');
#4050=PRODUCT_DEFINITION_CONTEXT('',#4120,'design');
#4051=PRODUCT_DEFINITION_CONTEXT('',#4121,'design');
#4052=PRODUCT_DEFINITION_CONTEXT('',#4122,'design');
#4053=PRODUCT_DEFINITION_CONTEXT('',#4123,'design');
#4054=PRODUCT_DEFINITION_CONTEXT('',#4124,'design');
#4055=PRODUCT_DEFINITION_CONTEXT('',#4125,'design');
#4056=PRODUCT_DEFINITION_CONTEXT('',#4126,'design');
#4057=PRODUCT_DEFINITION_CONTEXT('',#4127,'design');
#4058=PRODUCT_DEFINITION_CONTEXT('',#4128,'design');
#4059=PRODUCT_DEFINITION_FORMATION_WITH_SPECIFIED_SOURCE('','',#4079,
 .NOT_KNOWN.);
#4060=PRODUCT_DEFINITION_FORMATION_WITH_SPECIFIED_SOURCE('','',#4080,
 .NOT_KNOWN.);
#4061=PRODUCT_DEFINITION_FORMATION_WITH_SPECIFIED_SOURCE('','',#4081,
 .NOT_KNOWN.);
#4062=PRODUCT_DEFINITION_FORMATION_WITH_SPECIFIED_SOURCE('','',#4082,
 .NOT_KNOWN.);
#4063=PRODUCT_DEFINITION_FORMATION_WITH_SPECIFIED_SOURCE('','',#4083,
 .NOT_KNOWN.);
#4064=PRODUCT_DEFINITION_FORMATION_WITH_SPECIFIED_SOURCE('','',#4084,
 .NOT_KNOWN.);
#4065=PRODUCT_DEFINITION_FORMATION_WITH_SPECIFIED_SOURCE('','',#4085,
 .NOT_KNOWN.);
#4066=PRODUCT_DEFINITION_FORMATION_WITH_SPECIFIED_SOURCE('','',#4086,
 .NOT_KNOWN.);
#4067=PRODUCT_DEFINITION_FORMATION_WITH_SPECIFIED_SOURCE('','',#4087,
 .NOT_KNOWN.);
#4068=PRODUCT_DEFINITION_FORMATION_WITH_SPECIFIED_SOURCE('','',#4088,
 .NOT_KNOWN.);
#4069=PRODUCT_RELATED_PRODUCT_CATEGORY('','',(#4079));
#4070=PRODUCT_RELATED_PRODUCT_CATEGORY('','',(#4080));
#4071=PRODUCT_RELATED_PRODUCT_CATEGORY('','',(#4081));
#4072=PRODUCT_RELATED_PRODUCT_CATEGORY('','',(#4082));
#4073=PRODUCT_RELATED_PRODUCT_CATEGORY('','',(#4083));
#4074=PRODUCT_RELATED_PRODUCT_CATEGORY('','',(#4084));
#4075=PRODUCT_RELATED_PRODUCT_CATEGORY('','',(#4085));
#4076=PRODUCT_RELATED_PRODUCT_CATEGORY('','',(#4086));
#4077=PRODUCT_RELATED_PRODUCT_CATEGORY('','',(#4087));
#4078=PRODUCT_RELATED_PRODUCT_CATEGORY('','',(#4088));
#4079=PRODUCT('Part 2','Part 2','Part 2',(#4099));
#4080=PRODUCT('Part 1','Part 1','Part 1',(#4100));
#4081=PRODUCT('Part 3','Part 3','Part 3',(#4101));
#4082=PRODUCT('Part 4','Part 4','Part 4',(#4102));
#4083=PRODUCT('Part 5','Part 5','Part 5',(#4103));
#4084=PRODUCT('Part 6','Part 6','Part 6',(#4104));
#4085=PRODUCT('Part 7','Part 7','Part 7',(#4105));
#4086=PRODUCT('Part 8','Part 8','Part 8',(#4106));
#4087=PRODUCT('Part 9','Part 9','Part 9',(#4107));
#4088=PRODUCT('Part 10','Part 10','Part 10',(#4108));
#4089=PRODUCT_CATEGORY('','');
#4090=PRODUCT_CATEGORY('','');
#4091=PRODUCT_CATEGORY('','');
#4092=PRODUCT_CATEGORY('','');
#4093=PRODUCT_CATEGORY('','');
#4094=PRODUCT_CATEGORY('','');
#4095=PRODUCT_CATEGORY('','');
#4096=PRODUCT_CATEGORY('','');
#4097=PRODUCT_CATEGORY('','');
#4098=PRODUCT_CATEGORY('','');
#4099=PRODUCT_CONTEXT('',#4119,'mechanical');
#4100=PRODUCT_CONTEXT('',#4120,'mechanical');
#4101=PRODUCT_CONTEXT('',#4121,'mechanical');
#4102=PRODUCT_CONTEXT('',#4122,'mechanical');
#4103=PRODUCT_CONTEXT('',#4123,'mechanical');
#4104=PRODUCT_CONTEXT('',#4124,'mechanical');
#4105=PRODUCT_CONTEXT('',#4125,'mechanical');
#4106=PRODUCT_CONTEXT('',#4126,'mechanical');
#4107=PRODUCT_CONTEXT('',#4127,'mechanical');
#4108=PRODUCT_CONTEXT('',#4128,'mechanical');
#4109=APPLICATION_PROTOCOL_DEFINITION('international standard',
'ap242_managed_model_based_3d_engineering',2020,#4119);
#4110=APPLICATION_PROTOCOL_DEFINITION('international standard',
'ap242_managed_model_based_3d_engineering',2020,#4120);
#4111=APPLICATION_PROTOCOL_DEFINITION('international standard',
'ap242_managed_model_based_3d_engineering',2020,#4121);
#4112=APPLICATION_PROTOCOL_DEFINITION('international standard',
'ap242_managed_model_based_3d_engineering',2020,#4122);
#4113=APPLICATION_PROTOCOL_DEFINITION('international standard',
'ap242_managed_model_based_3d_engineering',2020,#4123);
#4114=APPLICATION_PROTOCOL_DEFINITION('international standard',
'ap242_managed_model_based_3d_engineering',2020,#4124);
#4115=APPLICATION_PROTOCOL_DEFINITION('international standard',
'ap242_managed_model_based_3d_engineering',2020,#4125);
#4116=APPLICATION_PROTOCOL_DEFINITION('international standard',
'ap242_managed_model_based_3d_engineering',2020,#4126);
#4117=APPLICATION_PROTOCOL_DEFINITION('international standard',
'ap242_managed_model_based_3d_engineering',2020,#4127);
#4118=APPLICATION_PROTOCOL_DEFINITION('international standard',
'ap242_managed_model_based_3d_engineering',2020,#4128);
#4119=APPLICATION_CONTEXT('managed model based 3d engineering');
#4120=APPLICATION_CONTEXT('managed model based 3d engineering');
#4121=APPLICATION_CONTEXT('managed model based 3d engineering');
#4122=APPLICATION_CONTEXT('managed model based 3d engineering');
#4123=APPLICATION_CONTEXT('managed model based 3d engineering');
#4124=APPLICATION_CONTEXT('managed model based 3d engineering');
#4125=APPLICATION_CONTEXT('managed model based 3d engineering');
#4126=APPLICATION_CONTEXT('managed model based 3d engineering');
#4127=APPLICATION_CONTEXT('managed model based 3d engineering');
#4128=APPLICATION_CONTEXT('managed model based 3d engineering');
ENDSEC;
END-ISO-10303-21;
