ISO-10303-21;
HEADER;
/* Generated by software containing ST-Developer
 * from STEP Tools, Inc. (www.steptools.com) 
 */
/* OPTION: using custom renumber hook */

FILE_DESCRIPTION(
/* description */ ('STEP AP242 Edition 2',
'CAx-IF Rec.Pracs.---Representation and Presentation of Product Manufa
cturing Information (PMI)---4.0---2014-10-13',
'CAx-IF Rec.Pracs.---3D Tessellated Geometry---0.4---2014-09-14','2;1',
'CAx-IF Rec.Pracs.---User Defined Attributes---1.5---2016-08-15'),
/* implementation_level */ '2;1');

FILE_NAME(
/* name */ 'SOIC',
/* time_stamp */ '2026-08-25T13:05:51Z',
/* author */ (''),
/* organization */ (''),
/* preprocessor_version */ 'ST-DEVELOPER v20',
/* originating_system */ 'ONSHAPE BY PTC INC, 1.219',
/* authorisation */ '  ');

FILE_SCHEMA (('AP242_MANAGED_MODEL_BASED_3D_ENGINEERING_MIM_LF { 1 0 10303 442 3 1 4 }'));
ENDSEC;

DATA;
#10=LINE('',#3306,#262);
#11=LINE('',#3309,#263);
#12=LINE('',#3311,#264);
#13=LINE('',#3313,#265);
#14=LINE('',#3317,#266);
#15=LINE('',#3320,#267);
#16=LINE('',#3322,#268);
#17=LINE('',#3324,#269);
#18=LINE('',#3326,#270);
#19=LINE('',#3328,#271);
#20=LINE('',#3330,#272);
#21=LINE('',#3332,#273);
#22=LINE('',#3334,#274);
#23=LINE('',#3336,#275);
#24=LINE('',#3338,#276);
#25=LINE('',#3340,#277);
#26=LINE('',#3342,#278);
#27=LINE('',#3344,#279);
#28=LINE('',#3346,#280);
#29=LINE('',#3348,#281);
#30=LINE('',#3350,#282);
#31=LINE('',#3351,#283);
#32=LINE('',#3352,#284);
#33=LINE('',#3353,#285);
#34=LINE('',#3355,#286);
#35=LINE('',#3356,#287);
#36=LINE('',#3357,#288);
#37=LINE('',#3358,#289);
#38=LINE('',#3371,#290);
#39=LINE('',#3374,#291);
#40=LINE('',#3376,#292);
#41=LINE('',#3378,#293);
#42=LINE('',#3380,#294);
#43=LINE('',#3382,#295);
#44=LINE('',#3384,#296);
#45=LINE('',#3388,#297);
#46=LINE('',#3392,#298);
#47=LINE('',#3394,#299);
#48=LINE('',#3396,#300);
#49=LINE('',#3400,#301);
#50=LINE('',#3404,#302);
#51=LINE('',#3406,#303);
#52=LINE('',#3408,#304);
#53=LINE('',#3410,#305);
#54=LINE('',#3412,#306);
#55=LINE('',#3414,#307);
#56=LINE('',#3416,#308);
#57=LINE('',#3418,#309);
#58=LINE('',#3420,#310);
#59=LINE('',#3424,#311);
#60=LINE('',#3428,#312);
#61=LINE('',#3430,#313);
#62=LINE('',#3432,#314);
#63=LINE('',#3436,#315);
#64=LINE('',#3440,#316);
#65=LINE('',#3441,#317);
#66=LINE('',#3446,#318);
#67=LINE('',#3449,#319);
#68=LINE('',#3451,#320);
#69=LINE('',#3453,#321);
#70=LINE('',#3455,#322);
#71=LINE('',#3457,#323);
#72=LINE('',#3459,#324);
#73=LINE('',#3463,#325);
#74=LINE('',#3467,#326);
#75=LINE('',#3469,#327);
#76=LINE('',#3471,#328);
#77=LINE('',#3475,#329);
#78=LINE('',#3479,#330);
#79=LINE('',#3481,#331);
#80=LINE('',#3483,#332);
#81=LINE('',#3485,#333);
#82=LINE('',#3487,#334);
#83=LINE('',#3489,#335);
#84=LINE('',#3491,#336);
#85=LINE('',#3493,#337);
#86=LINE('',#3495,#338);
#87=LINE('',#3499,#339);
#88=LINE('',#3503,#340);
#89=LINE('',#3505,#341);
#90=LINE('',#3507,#342);
#91=LINE('',#3511,#343);
#92=LINE('',#3515,#344);
#93=LINE('',#3516,#345);
#94=LINE('',#3521,#346);
#95=LINE('',#3524,#347);
#96=LINE('',#3526,#348);
#97=LINE('',#3528,#349);
#98=LINE('',#3530,#350);
#99=LINE('',#3532,#351);
#100=LINE('',#3534,#352);
#101=LINE('',#3540,#353);
#102=LINE('',#3542,#354);
#103=LINE('',#3544,#355);
#104=LINE('',#3546,#356);
#105=LINE('',#3552,#357);
#106=LINE('',#3554,#358);
#107=LINE('',#3556,#359);
#108=LINE('',#3558,#360);
#109=LINE('',#3560,#361);
#110=LINE('',#3562,#362);
#111=LINE('',#3564,#363);
#112=LINE('',#3566,#364);
#113=LINE('',#3568,#365);
#114=LINE('',#3570,#366);
#115=LINE('',#3576,#367);
#116=LINE('',#3578,#368);
#117=LINE('',#3580,#369);
#118=LINE('',#3582,#370);
#119=LINE('',#3588,#371);
#120=LINE('',#3590,#372);
#121=LINE('',#3591,#373);
#122=LINE('',#3596,#374);
#123=LINE('',#3599,#375);
#124=LINE('',#3601,#376);
#125=LINE('',#3603,#377);
#126=LINE('',#3605,#378);
#127=LINE('',#3607,#379);
#128=LINE('',#3609,#380);
#129=LINE('',#3615,#381);
#130=LINE('',#3617,#382);
#131=LINE('',#3619,#383);
#132=LINE('',#3621,#384);
#133=LINE('',#3627,#385);
#134=LINE('',#3629,#386);
#135=LINE('',#3631,#387);
#136=LINE('',#3633,#388);
#137=LINE('',#3635,#389);
#138=LINE('',#3637,#390);
#139=LINE('',#3639,#391);
#140=LINE('',#3641,#392);
#141=LINE('',#3643,#393);
#142=LINE('',#3645,#394);
#143=LINE('',#3651,#395);
#144=LINE('',#3653,#396);
#145=LINE('',#3655,#397);
#146=LINE('',#3657,#398);
#147=LINE('',#3663,#399);
#148=LINE('',#3665,#400);
#149=LINE('',#3666,#401);
#150=LINE('',#3671,#402);
#151=LINE('',#3674,#403);
#152=LINE('',#3676,#404);
#153=LINE('',#3678,#405);
#154=LINE('',#3680,#406);
#155=LINE('',#3682,#407);
#156=LINE('',#3684,#408);
#157=LINE('',#3690,#409);
#158=LINE('',#3692,#410);
#159=LINE('',#3694,#411);
#160=LINE('',#3696,#412);
#161=LINE('',#3702,#413);
#162=LINE('',#3704,#414);
#163=LINE('',#3706,#415);
#164=LINE('',#3708,#416);
#165=LINE('',#3710,#417);
#166=LINE('',#3712,#418);
#167=LINE('',#3714,#419);
#168=LINE('',#3716,#420);
#169=LINE('',#3718,#421);
#170=LINE('',#3720,#422);
#171=LINE('',#3726,#423);
#172=LINE('',#3728,#424);
#173=LINE('',#3730,#425);
#174=LINE('',#3732,#426);
#175=LINE('',#3738,#427);
#176=LINE('',#3740,#428);
#177=LINE('',#3741,#429);
#178=LINE('',#3746,#430);
#179=LINE('',#3749,#431);
#180=LINE('',#3751,#432);
#181=LINE('',#3753,#433);
#182=LINE('',#3755,#434);
#183=LINE('',#3757,#435);
#184=LINE('',#3759,#436);
#185=LINE('',#3765,#437);
#186=LINE('',#3767,#438);
#187=LINE('',#3769,#439);
#188=LINE('',#3771,#440);
#189=LINE('',#3777,#441);
#190=LINE('',#3779,#442);
#191=LINE('',#3781,#443);
#192=LINE('',#3783,#444);
#193=LINE('',#3785,#445);
#194=LINE('',#3787,#446);
#195=LINE('',#3789,#447);
#196=LINE('',#3791,#448);
#197=LINE('',#3793,#449);
#198=LINE('',#3795,#450);
#199=LINE('',#3801,#451);
#200=LINE('',#3803,#452);
#201=LINE('',#3805,#453);
#202=LINE('',#3807,#454);
#203=LINE('',#3813,#455);
#204=LINE('',#3815,#456);
#205=LINE('',#3816,#457);
#206=LINE('',#3821,#458);
#207=LINE('',#3824,#459);
#208=LINE('',#3826,#460);
#209=LINE('',#3828,#461);
#210=LINE('',#3830,#462);
#211=LINE('',#3832,#463);
#212=LINE('',#3834,#464);
#213=LINE('',#3838,#465);
#214=LINE('',#3842,#466);
#215=LINE('',#3844,#467);
#216=LINE('',#3846,#468);
#217=LINE('',#3850,#469);
#218=LINE('',#3854,#470);
#219=LINE('',#3856,#471);
#220=LINE('',#3858,#472);
#221=LINE('',#3860,#473);
#222=LINE('',#3862,#474);
#223=LINE('',#3864,#475);
#224=LINE('',#3866,#476);
#225=LINE('',#3868,#477);
#226=LINE('',#3870,#478);
#227=LINE('',#3874,#479);
#228=LINE('',#3878,#480);
#229=LINE('',#3880,#481);
#230=LINE('',#3882,#482);
#231=LINE('',#3886,#483);
#232=LINE('',#3890,#484);
#233=LINE('',#3891,#485);
#234=LINE('',#3896,#486);
#235=LINE('',#3899,#487);
#236=LINE('',#3901,#488);
#237=LINE('',#3903,#489);
#238=LINE('',#3905,#490);
#239=LINE('',#3907,#491);
#240=LINE('',#3909,#492);
#241=LINE('',#3913,#493);
#242=LINE('',#3917,#494);
#243=LINE('',#3919,#495);
#244=LINE('',#3921,#496);
#245=LINE('',#3925,#497);
#246=LINE('',#3929,#498);
#247=LINE('',#3931,#499);
#248=LINE('',#3933,#500);
#249=LINE('',#3935,#501);
#250=LINE('',#3937,#502);
#251=LINE('',#3939,#503);
#252=LINE('',#3941,#504);
#253=LINE('',#3943,#505);
#254=LINE('',#3945,#506);
#255=LINE('',#3949,#507);
#256=LINE('',#3953,#508);
#257=LINE('',#3955,#509);
#258=LINE('',#3957,#510);
#259=LINE('',#3961,#511);
#260=LINE('',#3965,#512);
#261=LINE('',#3966,#513);
#262=VECTOR('',#2642,1.);
#263=VECTOR('',#2643,1.);
#264=VECTOR('',#2644,1.);
#265=VECTOR('',#2645,1.);
#266=VECTOR('',#2650,1.);
#267=VECTOR('',#2651,1.);
#268=VECTOR('',#2652,1.);
#269=VECTOR('',#2653,1.);
#270=VECTOR('',#2656,1.);
#271=VECTOR('',#2657,1.);
#272=VECTOR('',#2658,1.);
#273=VECTOR('',#2661,1.);
#274=VECTOR('',#2662,1.);
#275=VECTOR('',#2663,1.);
#276=VECTOR('',#2666,1.);
#277=VECTOR('',#2667,1.);
#278=VECTOR('',#2668,1.);
#279=VECTOR('',#2671,1.);
#280=VECTOR('',#2672,1.);
#281=VECTOR('',#2673,1.);
#282=VECTOR('',#2676,1.);
#283=VECTOR('',#2677,1.);
#284=VECTOR('',#2678,1.);
#285=VECTOR('',#2679,1.);
#286=VECTOR('',#2682,1.);
#287=VECTOR('',#2683,1.);
#288=VECTOR('',#2684,1.);
#289=VECTOR('',#2685,1.);
#290=VECTOR('',#2708,1.);
#291=VECTOR('',#2709,1.);
#292=VECTOR('',#2710,1.);
#293=VECTOR('',#2711,1.);
#294=VECTOR('',#2714,1.);
#295=VECTOR('',#2715,1.);
#296=VECTOR('',#2716,1.);
#297=VECTOR('',#2721,1.);
#298=VECTOR('',#2726,1.);
#299=VECTOR('',#2727,1.);
#300=VECTOR('',#2728,1.);
#301=VECTOR('',#2733,1.);
#302=VECTOR('',#2738,1.);
#303=VECTOR('',#2739,1.);
#304=VECTOR('',#2740,1.);
#305=VECTOR('',#2743,1.);
#306=VECTOR('',#2744,1.);
#307=VECTOR('',#2745,1.);
#308=VECTOR('',#2748,1.);
#309=VECTOR('',#2749,1.);
#310=VECTOR('',#2750,1.);
#311=VECTOR('',#2755,1.);
#312=VECTOR('',#2760,1.);
#313=VECTOR('',#2761,1.);
#314=VECTOR('',#2762,1.);
#315=VECTOR('',#2767,1.);
#316=VECTOR('',#2772,1.);
#317=VECTOR('',#2773,1.);
#318=VECTOR('',#2782,1.);
#319=VECTOR('',#2783,1.);
#320=VECTOR('',#2784,1.);
#321=VECTOR('',#2785,1.);
#322=VECTOR('',#2788,1.);
#323=VECTOR('',#2789,1.);
#324=VECTOR('',#2790,1.);
#325=VECTOR('',#2795,1.);
#326=VECTOR('',#2800,1.);
#327=VECTOR('',#2801,1.);
#328=VECTOR('',#2802,1.);
#329=VECTOR('',#2807,1.);
#330=VECTOR('',#2812,1.);
#331=VECTOR('',#2813,1.);
#332=VECTOR('',#2814,1.);
#333=VECTOR('',#2817,1.);
#334=VECTOR('',#2818,1.);
#335=VECTOR('',#2819,1.);
#336=VECTOR('',#2822,1.);
#337=VECTOR('',#2823,1.);
#338=VECTOR('',#2824,1.);
#339=VECTOR('',#2829,1.);
#340=VECTOR('',#2834,1.);
#341=VECTOR('',#2835,1.);
#342=VECTOR('',#2836,1.);
#343=VECTOR('',#2841,1.);
#344=VECTOR('',#2846,1.);
#345=VECTOR('',#2847,1.);
#346=VECTOR('',#2856,1.);
#347=VECTOR('',#2857,1.);
#348=VECTOR('',#2858,1.);
#349=VECTOR('',#2859,1.);
#350=VECTOR('',#2862,1.);
#351=VECTOR('',#2863,1.);
#352=VECTOR('',#2864,1.);
#353=VECTOR('',#2871,1.);
#354=VECTOR('',#2874,1.);
#355=VECTOR('',#2875,1.);
#356=VECTOR('',#2876,1.);
#357=VECTOR('',#2883,1.);
#358=VECTOR('',#2886,1.);
#359=VECTOR('',#2887,1.);
#360=VECTOR('',#2888,1.);
#361=VECTOR('',#2891,1.);
#362=VECTOR('',#2892,1.);
#363=VECTOR('',#2893,1.);
#364=VECTOR('',#2896,1.);
#365=VECTOR('',#2897,1.);
#366=VECTOR('',#2898,1.);
#367=VECTOR('',#2905,1.);
#368=VECTOR('',#2908,1.);
#369=VECTOR('',#2909,1.);
#370=VECTOR('',#2910,1.);
#371=VECTOR('',#2917,1.);
#372=VECTOR('',#2920,1.);
#373=VECTOR('',#2921,1.);
#374=VECTOR('',#2930,1.);
#375=VECTOR('',#2931,1.);
#376=VECTOR('',#2932,1.);
#377=VECTOR('',#2933,1.);
#378=VECTOR('',#2936,1.);
#379=VECTOR('',#2937,1.);
#380=VECTOR('',#2938,1.);
#381=VECTOR('',#2945,1.);
#382=VECTOR('',#2948,1.);
#383=VECTOR('',#2949,1.);
#384=VECTOR('',#2950,1.);
#385=VECTOR('',#2957,1.);
#386=VECTOR('',#2960,1.);
#387=VECTOR('',#2961,1.);
#388=VECTOR('',#2962,1.);
#389=VECTOR('',#2965,1.);
#390=VECTOR('',#2966,1.);
#391=VECTOR('',#2967,1.);
#392=VECTOR('',#2970,1.);
#393=VECTOR('',#2971,1.);
#394=VECTOR('',#2972,1.);
#395=VECTOR('',#2979,1.);
#396=VECTOR('',#2982,1.);
#397=VECTOR('',#2983,1.);
#398=VECTOR('',#2984,1.);
#399=VECTOR('',#2991,1.);
#400=VECTOR('',#2994,1.);
#401=VECTOR('',#2995,1.);
#402=VECTOR('',#3004,1.);
#403=VECTOR('',#3005,1.);
#404=VECTOR('',#3006,1.);
#405=VECTOR('',#3007,1.);
#406=VECTOR('',#3010,1.);
#407=VECTOR('',#3011,1.);
#408=VECTOR('',#3012,1.);
#409=VECTOR('',#3019,1.);
#410=VECTOR('',#3022,1.);
#411=VECTOR('',#3023,1.);
#412=VECTOR('',#3024,1.);
#413=VECTOR('',#3031,1.);
#414=VECTOR('',#3034,1.);
#415=VECTOR('',#3035,1.);
#416=VECTOR('',#3036,1.);
#417=VECTOR('',#3039,1.);
#418=VECTOR('',#3040,1.);
#419=VECTOR('',#3041,1.);
#420=VECTOR('',#3044,1.);
#421=VECTOR('',#3045,1.);
#422=VECTOR('',#3046,1.);
#423=VECTOR('',#3053,1.);
#424=VECTOR('',#3056,1.);
#425=VECTOR('',#3057,1.);
#426=VECTOR('',#3058,1.);
#427=VECTOR('',#3065,1.);
#428=VECTOR('',#3068,1.);
#429=VECTOR('',#3069,1.);
#430=VECTOR('',#3078,1.);
#431=VECTOR('',#3079,1.);
#432=VECTOR('',#3080,1.);
#433=VECTOR('',#3081,1.);
#434=VECTOR('',#3084,1.);
#435=VECTOR('',#3085,1.);
#436=VECTOR('',#3086,1.);
#437=VECTOR('',#3093,1.);
#438=VECTOR('',#3096,1.);
#439=VECTOR('',#3097,1.);
#440=VECTOR('',#3098,1.);
#441=VECTOR('',#3105,1.);
#442=VECTOR('',#3108,1.);
#443=VECTOR('',#3109,1.);
#444=VECTOR('',#3110,1.);
#445=VECTOR('',#3113,1.);
#446=VECTOR('',#3114,1.);
#447=VECTOR('',#3115,1.);
#448=VECTOR('',#3118,1.);
#449=VECTOR('',#3119,1.);
#450=VECTOR('',#3120,1.);
#451=VECTOR('',#3127,1.);
#452=VECTOR('',#3130,1.);
#453=VECTOR('',#3131,1.);
#454=VECTOR('',#3132,1.);
#455=VECTOR('',#3139,1.);
#456=VECTOR('',#3142,1.);
#457=VECTOR('',#3143,1.);
#458=VECTOR('',#3152,1.);
#459=VECTOR('',#3153,1.);
#460=VECTOR('',#3154,1.);
#461=VECTOR('',#3155,1.);
#462=VECTOR('',#3158,1.);
#463=VECTOR('',#3159,1.);
#464=VECTOR('',#3160,1.);
#465=VECTOR('',#3165,1.);
#466=VECTOR('',#3170,1.);
#467=VECTOR('',#3171,1.);
#468=VECTOR('',#3172,1.);
#469=VECTOR('',#3177,1.);
#470=VECTOR('',#3182,1.);
#471=VECTOR('',#3183,1.);
#472=VECTOR('',#3184,1.);
#473=VECTOR('',#3187,1.);
#474=VECTOR('',#3188,1.);
#475=VECTOR('',#3189,1.);
#476=VECTOR('',#3192,1.);
#477=VECTOR('',#3193,1.);
#478=VECTOR('',#3194,1.);
#479=VECTOR('',#3199,1.);
#480=VECTOR('',#3204,1.);
#481=VECTOR('',#3205,1.);
#482=VECTOR('',#3206,1.);
#483=VECTOR('',#3211,1.);
#484=VECTOR('',#3216,1.);
#485=VECTOR('',#3217,1.);
#486=VECTOR('',#3226,1.);
#487=VECTOR('',#3227,1.);
#488=VECTOR('',#3228,1.);
#489=VECTOR('',#3229,1.);
#490=VECTOR('',#3232,1.);
#491=VECTOR('',#3233,1.);
#492=VECTOR('',#3234,1.);
#493=VECTOR('',#3239,1.);
#494=VECTOR('',#3244,1.);
#495=VECTOR('',#3245,1.);
#496=VECTOR('',#3246,1.);
#497=VECTOR('',#3251,1.);
#498=VECTOR('',#3256,1.);
#499=VECTOR('',#3257,1.);
#500=VECTOR('',#3258,1.);
#501=VECTOR('',#3261,1.);
#502=VECTOR('',#3262,1.);
#503=VECTOR('',#3263,1.);
#504=VECTOR('',#3266,1.);
#505=VECTOR('',#3267,1.);
#506=VECTOR('',#3268,1.);
#507=VECTOR('',#3273,1.);
#508=VECTOR('',#3278,1.);
#509=VECTOR('',#3279,1.);
#510=VECTOR('',#3280,1.);
#511=VECTOR('',#3285,1.);
#512=VECTOR('',#3290,1.);
#513=VECTOR('',#3291,1.);
#514=SHAPE_REPRESENTATION_RELATIONSHIP('','',#2407,#524);
#515=SHAPE_REPRESENTATION_RELATIONSHIP('','',#2408,#525);
#516=SHAPE_REPRESENTATION_RELATIONSHIP('','',#2409,#526);
#517=SHAPE_REPRESENTATION_RELATIONSHIP('','',#2410,#527);
#518=SHAPE_REPRESENTATION_RELATIONSHIP('','',#2411,#528);
#519=SHAPE_REPRESENTATION_RELATIONSHIP('','',#2412,#529);
#520=SHAPE_REPRESENTATION_RELATIONSHIP('','',#2413,#530);
#521=SHAPE_REPRESENTATION_RELATIONSHIP('','',#2414,#531);
#522=SHAPE_REPRESENTATION_RELATIONSHIP('','',#2415,#532);
#523=SHAPE_REPRESENTATION_RELATIONSHIP('','',#2416,#533);
#524=ADVANCED_BREP_SHAPE_REPRESENTATION('',(#2387),#3979);
#525=ADVANCED_BREP_SHAPE_REPRESENTATION('',(#2388),#3980);
#526=ADVANCED_BREP_SHAPE_REPRESENTATION('',(#2389),#3981);
#527=ADVANCED_BREP_SHAPE_REPRESENTATION('',(#2390),#3982);
#528=ADVANCED_BREP_SHAPE_REPRESENTATION('',(#2391),#3983);
#529=ADVANCED_BREP_SHAPE_REPRESENTATION('',(#2392),#3984);
#530=ADVANCED_BREP_SHAPE_REPRESENTATION('',(#2393),#3985);
#531=ADVANCED_BREP_SHAPE_REPRESENTATION('',(#2394),#3986);
#532=ADVANCED_BREP_SHAPE_REPRESENTATION('',(#2395),#3987);
#533=ADVANCED_BREP_SHAPE_REPRESENTATION('',(#2396),#3988);
#534=CYLINDRICAL_SURFACE('',#2420,0.00025);
#535=CYLINDRICAL_SURFACE('',#2439,0.00025);
#536=CYLINDRICAL_SURFACE('',#2445,4.99999999999993E-5);
#537=CYLINDRICAL_SURFACE('',#2449,0.00025);
#538=CYLINDRICAL_SURFACE('',#2455,5.E-5);
#539=CYLINDRICAL_SURFACE('',#2459,0.00025);
#540=CYLINDRICAL_SURFACE('',#2468,4.99999999999993E-5);
#541=CYLINDRICAL_SURFACE('',#2472,0.00025);
#542=CYLINDRICAL_SURFACE('',#2478,5.E-5);
#543=CYLINDRICAL_SURFACE('',#2482,0.00025);
#544=CYLINDRICAL_SURFACE('',#2491,4.99999999999993E-5);
#545=CYLINDRICAL_SURFACE('',#2495,0.00025);
#546=CYLINDRICAL_SURFACE('',#2501,5.E-5);
#547=CYLINDRICAL_SURFACE('',#2505,0.00025);
#548=CYLINDRICAL_SURFACE('',#2514,4.99999999999993E-5);
#549=CYLINDRICAL_SURFACE('',#2518,0.00025);
#550=CYLINDRICAL_SURFACE('',#2524,5.E-5);
#551=CYLINDRICAL_SURFACE('',#2528,0.00025);
#552=CYLINDRICAL_SURFACE('',#2537,4.99999999999993E-5);
#553=CYLINDRICAL_SURFACE('',#2541,0.00025);
#554=CYLINDRICAL_SURFACE('',#2547,5.E-5);
#555=CYLINDRICAL_SURFACE('',#2551,0.00025);
#556=CYLINDRICAL_SURFACE('',#2560,4.99999999999993E-5);
#557=CYLINDRICAL_SURFACE('',#2564,0.00025);
#558=CYLINDRICAL_SURFACE('',#2570,5.E-5);
#559=CYLINDRICAL_SURFACE('',#2574,0.00025);
#560=CYLINDRICAL_SURFACE('',#2583,4.99999999999993E-5);
#561=CYLINDRICAL_SURFACE('',#2587,0.00025);
#562=CYLINDRICAL_SURFACE('',#2593,5.E-5);
#563=CYLINDRICAL_SURFACE('',#2597,0.00025);
#564=CYLINDRICAL_SURFACE('',#2606,4.99999999999993E-5);
#565=CYLINDRICAL_SURFACE('',#2610,0.00025);
#566=CYLINDRICAL_SURFACE('',#2616,5.E-5);
#567=CYLINDRICAL_SURFACE('',#2620,0.00025);
#568=ORIENTED_EDGE('',*,*,#1208,.F.);
#569=ORIENTED_EDGE('',*,*,#1208,.T.);
#570=ORIENTED_EDGE('',*,*,#1209,.T.);
#571=ORIENTED_EDGE('',*,*,#1209,.F.);
#572=ORIENTED_EDGE('',*,*,#1210,.F.);
#573=ORIENTED_EDGE('',*,*,#1211,.F.);
#574=ORIENTED_EDGE('',*,*,#1212,.T.);
#575=ORIENTED_EDGE('',*,*,#1213,.T.);
#576=ORIENTED_EDGE('',*,*,#1214,.F.);
#577=ORIENTED_EDGE('',*,*,#1215,.F.);
#578=ORIENTED_EDGE('',*,*,#1216,.T.);
#579=ORIENTED_EDGE('',*,*,#1217,.T.);
#580=ORIENTED_EDGE('',*,*,#1218,.F.);
#581=ORIENTED_EDGE('',*,*,#1211,.T.);
#582=ORIENTED_EDGE('',*,*,#1219,.T.);
#583=ORIENTED_EDGE('',*,*,#1220,.F.);
#584=ORIENTED_EDGE('',*,*,#1221,.F.);
#585=ORIENTED_EDGE('',*,*,#1216,.F.);
#586=ORIENTED_EDGE('',*,*,#1222,.T.);
#587=ORIENTED_EDGE('',*,*,#1223,.T.);
#588=ORIENTED_EDGE('',*,*,#1224,.F.);
#589=ORIENTED_EDGE('',*,*,#1225,.F.);
#590=ORIENTED_EDGE('',*,*,#1218,.T.);
#591=ORIENTED_EDGE('',*,*,#1226,.T.);
#592=ORIENTED_EDGE('',*,*,#1227,.F.);
#593=ORIENTED_EDGE('',*,*,#1228,.F.);
#594=ORIENTED_EDGE('',*,*,#1213,.F.);
#595=ORIENTED_EDGE('',*,*,#1229,.T.);
#596=ORIENTED_EDGE('',*,*,#1230,.T.);
#597=ORIENTED_EDGE('',*,*,#1231,.F.);
#598=ORIENTED_EDGE('',*,*,#1232,.T.);
#599=ORIENTED_EDGE('',*,*,#1233,.T.);
#600=ORIENTED_EDGE('',*,*,#1234,.F.);
#601=ORIENTED_EDGE('',*,*,#1235,.F.);
#602=ORIENTED_EDGE('',*,*,#1236,.T.);
#603=ORIENTED_EDGE('',*,*,#1237,.T.);
#604=ORIENTED_EDGE('',*,*,#1238,.F.);
#605=ORIENTED_EDGE('',*,*,#1235,.T.);
#606=ORIENTED_EDGE('',*,*,#1223,.F.);
#607=ORIENTED_EDGE('',*,*,#1232,.F.);
#608=ORIENTED_EDGE('',*,*,#1220,.T.);
#609=ORIENTED_EDGE('',*,*,#1237,.F.);
#610=ORIENTED_EDGE('',*,*,#1230,.F.);
#611=ORIENTED_EDGE('',*,*,#1234,.T.);
#612=ORIENTED_EDGE('',*,*,#1227,.T.);
#613=ORIENTED_EDGE('',*,*,#1221,.T.);
#614=ORIENTED_EDGE('',*,*,#1231,.T.);
#615=ORIENTED_EDGE('',*,*,#1229,.F.);
#616=ORIENTED_EDGE('',*,*,#1212,.F.);
#617=ORIENTED_EDGE('',*,*,#1210,.T.);
#618=ORIENTED_EDGE('',*,*,#1228,.T.);
#619=ORIENTED_EDGE('',*,*,#1236,.F.);
#620=ORIENTED_EDGE('',*,*,#1219,.F.);
#621=ORIENTED_EDGE('',*,*,#1224,.T.);
#622=ORIENTED_EDGE('',*,*,#1238,.T.);
#623=ORIENTED_EDGE('',*,*,#1226,.F.);
#624=ORIENTED_EDGE('',*,*,#1217,.F.);
#625=ORIENTED_EDGE('',*,*,#1215,.T.);
#626=ORIENTED_EDGE('',*,*,#1225,.T.);
#627=ORIENTED_EDGE('',*,*,#1233,.F.);
#628=ORIENTED_EDGE('',*,*,#1222,.F.);
#629=ORIENTED_EDGE('',*,*,#1239,.F.);
#630=ORIENTED_EDGE('',*,*,#1214,.T.);
#631=ORIENTED_EDGE('',*,*,#1239,.T.);
#632=ORIENTED_EDGE('',*,*,#1240,.F.);
#633=ORIENTED_EDGE('',*,*,#1241,.F.);
#634=ORIENTED_EDGE('',*,*,#1242,.T.);
#635=ORIENTED_EDGE('',*,*,#1243,.T.);
#636=ORIENTED_EDGE('',*,*,#1244,.F.);
#637=ORIENTED_EDGE('',*,*,#1245,.F.);
#638=ORIENTED_EDGE('',*,*,#1246,.T.);
#639=ORIENTED_EDGE('',*,*,#1241,.T.);
#640=ORIENTED_EDGE('',*,*,#1247,.F.);
#641=ORIENTED_EDGE('',*,*,#1248,.F.);
#642=ORIENTED_EDGE('',*,*,#1249,.T.);
#643=ORIENTED_EDGE('',*,*,#1245,.T.);
#644=ORIENTED_EDGE('',*,*,#1250,.F.);
#645=ORIENTED_EDGE('',*,*,#1251,.F.);
#646=ORIENTED_EDGE('',*,*,#1252,.T.);
#647=ORIENTED_EDGE('',*,*,#1248,.T.);
#648=ORIENTED_EDGE('',*,*,#1253,.T.);
#649=ORIENTED_EDGE('',*,*,#1254,.F.);
#650=ORIENTED_EDGE('',*,*,#1255,.F.);
#651=ORIENTED_EDGE('',*,*,#1251,.T.);
#652=ORIENTED_EDGE('',*,*,#1256,.F.);
#653=ORIENTED_EDGE('',*,*,#1257,.F.);
#654=ORIENTED_EDGE('',*,*,#1258,.T.);
#655=ORIENTED_EDGE('',*,*,#1254,.T.);
#656=ORIENTED_EDGE('',*,*,#1259,.T.);
#657=ORIENTED_EDGE('',*,*,#1260,.F.);
#658=ORIENTED_EDGE('',*,*,#1261,.F.);
#659=ORIENTED_EDGE('',*,*,#1257,.T.);
#660=ORIENTED_EDGE('',*,*,#1262,.T.);
#661=ORIENTED_EDGE('',*,*,#1263,.F.);
#662=ORIENTED_EDGE('',*,*,#1264,.F.);
#663=ORIENTED_EDGE('',*,*,#1260,.T.);
#664=ORIENTED_EDGE('',*,*,#1265,.F.);
#665=ORIENTED_EDGE('',*,*,#1266,.F.);
#666=ORIENTED_EDGE('',*,*,#1267,.T.);
#667=ORIENTED_EDGE('',*,*,#1263,.T.);
#668=ORIENTED_EDGE('',*,*,#1268,.T.);
#669=ORIENTED_EDGE('',*,*,#1269,.F.);
#670=ORIENTED_EDGE('',*,*,#1270,.F.);
#671=ORIENTED_EDGE('',*,*,#1266,.T.);
#672=ORIENTED_EDGE('',*,*,#1271,.T.);
#673=ORIENTED_EDGE('',*,*,#1272,.F.);
#674=ORIENTED_EDGE('',*,*,#1273,.F.);
#675=ORIENTED_EDGE('',*,*,#1269,.T.);
#676=ORIENTED_EDGE('',*,*,#1274,.T.);
#677=ORIENTED_EDGE('',*,*,#1243,.F.);
#678=ORIENTED_EDGE('',*,*,#1275,.F.);
#679=ORIENTED_EDGE('',*,*,#1272,.T.);
#680=ORIENTED_EDGE('',*,*,#1242,.F.);
#681=ORIENTED_EDGE('',*,*,#1246,.F.);
#682=ORIENTED_EDGE('',*,*,#1249,.F.);
#683=ORIENTED_EDGE('',*,*,#1252,.F.);
#684=ORIENTED_EDGE('',*,*,#1255,.T.);
#685=ORIENTED_EDGE('',*,*,#1258,.F.);
#686=ORIENTED_EDGE('',*,*,#1261,.T.);
#687=ORIENTED_EDGE('',*,*,#1264,.T.);
#688=ORIENTED_EDGE('',*,*,#1267,.F.);
#689=ORIENTED_EDGE('',*,*,#1270,.T.);
#690=ORIENTED_EDGE('',*,*,#1273,.T.);
#691=ORIENTED_EDGE('',*,*,#1275,.T.);
#692=ORIENTED_EDGE('',*,*,#1240,.T.);
#693=ORIENTED_EDGE('',*,*,#1274,.F.);
#694=ORIENTED_EDGE('',*,*,#1271,.F.);
#695=ORIENTED_EDGE('',*,*,#1268,.F.);
#696=ORIENTED_EDGE('',*,*,#1265,.T.);
#697=ORIENTED_EDGE('',*,*,#1262,.F.);
#698=ORIENTED_EDGE('',*,*,#1259,.F.);
#699=ORIENTED_EDGE('',*,*,#1256,.T.);
#700=ORIENTED_EDGE('',*,*,#1253,.F.);
#701=ORIENTED_EDGE('',*,*,#1250,.T.);
#702=ORIENTED_EDGE('',*,*,#1247,.T.);
#703=ORIENTED_EDGE('',*,*,#1244,.T.);
#704=ORIENTED_EDGE('',*,*,#1276,.F.);
#705=ORIENTED_EDGE('',*,*,#1277,.F.);
#706=ORIENTED_EDGE('',*,*,#1278,.T.);
#707=ORIENTED_EDGE('',*,*,#1279,.T.);
#708=ORIENTED_EDGE('',*,*,#1280,.F.);
#709=ORIENTED_EDGE('',*,*,#1281,.F.);
#710=ORIENTED_EDGE('',*,*,#1282,.T.);
#711=ORIENTED_EDGE('',*,*,#1277,.T.);
#712=ORIENTED_EDGE('',*,*,#1283,.F.);
#713=ORIENTED_EDGE('',*,*,#1284,.F.);
#714=ORIENTED_EDGE('',*,*,#1285,.T.);
#715=ORIENTED_EDGE('',*,*,#1281,.T.);
#716=ORIENTED_EDGE('',*,*,#1286,.F.);
#717=ORIENTED_EDGE('',*,*,#1287,.F.);
#718=ORIENTED_EDGE('',*,*,#1288,.T.);
#719=ORIENTED_EDGE('',*,*,#1284,.T.);
#720=ORIENTED_EDGE('',*,*,#1289,.T.);
#721=ORIENTED_EDGE('',*,*,#1290,.F.);
#722=ORIENTED_EDGE('',*,*,#1291,.F.);
#723=ORIENTED_EDGE('',*,*,#1287,.T.);
#724=ORIENTED_EDGE('',*,*,#1292,.F.);
#725=ORIENTED_EDGE('',*,*,#1293,.F.);
#726=ORIENTED_EDGE('',*,*,#1294,.T.);
#727=ORIENTED_EDGE('',*,*,#1290,.T.);
#728=ORIENTED_EDGE('',*,*,#1295,.T.);
#729=ORIENTED_EDGE('',*,*,#1296,.F.);
#730=ORIENTED_EDGE('',*,*,#1297,.F.);
#731=ORIENTED_EDGE('',*,*,#1293,.T.);
#732=ORIENTED_EDGE('',*,*,#1298,.T.);
#733=ORIENTED_EDGE('',*,*,#1299,.F.);
#734=ORIENTED_EDGE('',*,*,#1300,.F.);
#735=ORIENTED_EDGE('',*,*,#1296,.T.);
#736=ORIENTED_EDGE('',*,*,#1301,.F.);
#737=ORIENTED_EDGE('',*,*,#1302,.F.);
#738=ORIENTED_EDGE('',*,*,#1303,.T.);
#739=ORIENTED_EDGE('',*,*,#1299,.T.);
#740=ORIENTED_EDGE('',*,*,#1304,.T.);
#741=ORIENTED_EDGE('',*,*,#1305,.F.);
#742=ORIENTED_EDGE('',*,*,#1306,.F.);
#743=ORIENTED_EDGE('',*,*,#1302,.T.);
#744=ORIENTED_EDGE('',*,*,#1307,.T.);
#745=ORIENTED_EDGE('',*,*,#1308,.F.);
#746=ORIENTED_EDGE('',*,*,#1309,.F.);
#747=ORIENTED_EDGE('',*,*,#1305,.T.);
#748=ORIENTED_EDGE('',*,*,#1310,.T.);
#749=ORIENTED_EDGE('',*,*,#1279,.F.);
#750=ORIENTED_EDGE('',*,*,#1311,.F.);
#751=ORIENTED_EDGE('',*,*,#1308,.T.);
#752=ORIENTED_EDGE('',*,*,#1278,.F.);
#753=ORIENTED_EDGE('',*,*,#1282,.F.);
#754=ORIENTED_EDGE('',*,*,#1285,.F.);
#755=ORIENTED_EDGE('',*,*,#1288,.F.);
#756=ORIENTED_EDGE('',*,*,#1291,.T.);
#757=ORIENTED_EDGE('',*,*,#1294,.F.);
#758=ORIENTED_EDGE('',*,*,#1297,.T.);
#759=ORIENTED_EDGE('',*,*,#1300,.T.);
#760=ORIENTED_EDGE('',*,*,#1303,.F.);
#761=ORIENTED_EDGE('',*,*,#1306,.T.);
#762=ORIENTED_EDGE('',*,*,#1309,.T.);
#763=ORIENTED_EDGE('',*,*,#1311,.T.);
#764=ORIENTED_EDGE('',*,*,#1276,.T.);
#765=ORIENTED_EDGE('',*,*,#1310,.F.);
#766=ORIENTED_EDGE('',*,*,#1307,.F.);
#767=ORIENTED_EDGE('',*,*,#1304,.F.);
#768=ORIENTED_EDGE('',*,*,#1301,.T.);
#769=ORIENTED_EDGE('',*,*,#1298,.F.);
#770=ORIENTED_EDGE('',*,*,#1295,.F.);
#771=ORIENTED_EDGE('',*,*,#1292,.T.);
#772=ORIENTED_EDGE('',*,*,#1289,.F.);
#773=ORIENTED_EDGE('',*,*,#1286,.T.);
#774=ORIENTED_EDGE('',*,*,#1283,.T.);
#775=ORIENTED_EDGE('',*,*,#1280,.T.);
#776=ORIENTED_EDGE('',*,*,#1312,.T.);
#777=ORIENTED_EDGE('',*,*,#1313,.F.);
#778=ORIENTED_EDGE('',*,*,#1314,.F.);
#779=ORIENTED_EDGE('',*,*,#1315,.T.);
#780=ORIENTED_EDGE('',*,*,#1316,.T.);
#781=ORIENTED_EDGE('',*,*,#1315,.F.);
#782=ORIENTED_EDGE('',*,*,#1317,.F.);
#783=ORIENTED_EDGE('',*,*,#1318,.T.);
#784=ORIENTED_EDGE('',*,*,#1319,.T.);
#785=ORIENTED_EDGE('',*,*,#1318,.F.);
#786=ORIENTED_EDGE('',*,*,#1320,.F.);
#787=ORIENTED_EDGE('',*,*,#1321,.T.);
#788=ORIENTED_EDGE('',*,*,#1322,.T.);
#789=ORIENTED_EDGE('',*,*,#1321,.F.);
#790=ORIENTED_EDGE('',*,*,#1323,.F.);
#791=ORIENTED_EDGE('',*,*,#1324,.T.);
#792=ORIENTED_EDGE('',*,*,#1325,.F.);
#793=ORIENTED_EDGE('',*,*,#1324,.F.);
#794=ORIENTED_EDGE('',*,*,#1326,.T.);
#795=ORIENTED_EDGE('',*,*,#1327,.T.);
#796=ORIENTED_EDGE('',*,*,#1328,.T.);
#797=ORIENTED_EDGE('',*,*,#1327,.F.);
#798=ORIENTED_EDGE('',*,*,#1329,.F.);
#799=ORIENTED_EDGE('',*,*,#1330,.T.);
#800=ORIENTED_EDGE('',*,*,#1331,.F.);
#801=ORIENTED_EDGE('',*,*,#1330,.F.);
#802=ORIENTED_EDGE('',*,*,#1332,.T.);
#803=ORIENTED_EDGE('',*,*,#1333,.T.);
#804=ORIENTED_EDGE('',*,*,#1334,.F.);
#805=ORIENTED_EDGE('',*,*,#1333,.F.);
#806=ORIENTED_EDGE('',*,*,#1335,.T.);
#807=ORIENTED_EDGE('',*,*,#1336,.T.);
#808=ORIENTED_EDGE('',*,*,#1337,.T.);
#809=ORIENTED_EDGE('',*,*,#1336,.F.);
#810=ORIENTED_EDGE('',*,*,#1338,.F.);
#811=ORIENTED_EDGE('',*,*,#1339,.T.);
#812=ORIENTED_EDGE('',*,*,#1340,.F.);
#813=ORIENTED_EDGE('',*,*,#1339,.F.);
#814=ORIENTED_EDGE('',*,*,#1341,.T.);
#815=ORIENTED_EDGE('',*,*,#1342,.T.);
#816=ORIENTED_EDGE('',*,*,#1343,.F.);
#817=ORIENTED_EDGE('',*,*,#1342,.F.);
#818=ORIENTED_EDGE('',*,*,#1344,.T.);
#819=ORIENTED_EDGE('',*,*,#1345,.T.);
#820=ORIENTED_EDGE('',*,*,#1346,.F.);
#821=ORIENTED_EDGE('',*,*,#1345,.F.);
#822=ORIENTED_EDGE('',*,*,#1347,.T.);
#823=ORIENTED_EDGE('',*,*,#1313,.T.);
#824=ORIENTED_EDGE('',*,*,#1314,.T.);
#825=ORIENTED_EDGE('',*,*,#1347,.F.);
#826=ORIENTED_EDGE('',*,*,#1344,.F.);
#827=ORIENTED_EDGE('',*,*,#1341,.F.);
#828=ORIENTED_EDGE('',*,*,#1338,.T.);
#829=ORIENTED_EDGE('',*,*,#1335,.F.);
#830=ORIENTED_EDGE('',*,*,#1332,.F.);
#831=ORIENTED_EDGE('',*,*,#1329,.T.);
#832=ORIENTED_EDGE('',*,*,#1326,.F.);
#833=ORIENTED_EDGE('',*,*,#1323,.T.);
#834=ORIENTED_EDGE('',*,*,#1320,.T.);
#835=ORIENTED_EDGE('',*,*,#1317,.T.);
#836=ORIENTED_EDGE('',*,*,#1312,.F.);
#837=ORIENTED_EDGE('',*,*,#1316,.F.);
#838=ORIENTED_EDGE('',*,*,#1319,.F.);
#839=ORIENTED_EDGE('',*,*,#1322,.F.);
#840=ORIENTED_EDGE('',*,*,#1325,.T.);
#841=ORIENTED_EDGE('',*,*,#1328,.F.);
#842=ORIENTED_EDGE('',*,*,#1331,.T.);
#843=ORIENTED_EDGE('',*,*,#1334,.T.);
#844=ORIENTED_EDGE('',*,*,#1337,.F.);
#845=ORIENTED_EDGE('',*,*,#1340,.T.);
#846=ORIENTED_EDGE('',*,*,#1343,.T.);
#847=ORIENTED_EDGE('',*,*,#1346,.T.);
#848=ORIENTED_EDGE('',*,*,#1348,.T.);
#849=ORIENTED_EDGE('',*,*,#1349,.F.);
#850=ORIENTED_EDGE('',*,*,#1350,.F.);
#851=ORIENTED_EDGE('',*,*,#1351,.T.);
#852=ORIENTED_EDGE('',*,*,#1352,.T.);
#853=ORIENTED_EDGE('',*,*,#1351,.F.);
#854=ORIENTED_EDGE('',*,*,#1353,.F.);
#855=ORIENTED_EDGE('',*,*,#1354,.T.);
#856=ORIENTED_EDGE('',*,*,#1355,.T.);
#857=ORIENTED_EDGE('',*,*,#1354,.F.);
#858=ORIENTED_EDGE('',*,*,#1356,.F.);
#859=ORIENTED_EDGE('',*,*,#1357,.T.);
#860=ORIENTED_EDGE('',*,*,#1358,.T.);
#861=ORIENTED_EDGE('',*,*,#1357,.F.);
#862=ORIENTED_EDGE('',*,*,#1359,.F.);
#863=ORIENTED_EDGE('',*,*,#1360,.T.);
#864=ORIENTED_EDGE('',*,*,#1361,.F.);
#865=ORIENTED_EDGE('',*,*,#1360,.F.);
#866=ORIENTED_EDGE('',*,*,#1362,.T.);
#867=ORIENTED_EDGE('',*,*,#1363,.T.);
#868=ORIENTED_EDGE('',*,*,#1364,.T.);
#869=ORIENTED_EDGE('',*,*,#1363,.F.);
#870=ORIENTED_EDGE('',*,*,#1365,.F.);
#871=ORIENTED_EDGE('',*,*,#1366,.T.);
#872=ORIENTED_EDGE('',*,*,#1367,.F.);
#873=ORIENTED_EDGE('',*,*,#1366,.F.);
#874=ORIENTED_EDGE('',*,*,#1368,.T.);
#875=ORIENTED_EDGE('',*,*,#1369,.T.);
#876=ORIENTED_EDGE('',*,*,#1370,.F.);
#877=ORIENTED_EDGE('',*,*,#1369,.F.);
#878=ORIENTED_EDGE('',*,*,#1371,.T.);
#879=ORIENTED_EDGE('',*,*,#1372,.T.);
#880=ORIENTED_EDGE('',*,*,#1373,.T.);
#881=ORIENTED_EDGE('',*,*,#1372,.F.);
#882=ORIENTED_EDGE('',*,*,#1374,.F.);
#883=ORIENTED_EDGE('',*,*,#1375,.T.);
#884=ORIENTED_EDGE('',*,*,#1376,.F.);
#885=ORIENTED_EDGE('',*,*,#1375,.F.);
#886=ORIENTED_EDGE('',*,*,#1377,.T.);
#887=ORIENTED_EDGE('',*,*,#1378,.T.);
#888=ORIENTED_EDGE('',*,*,#1379,.F.);
#889=ORIENTED_EDGE('',*,*,#1378,.F.);
#890=ORIENTED_EDGE('',*,*,#1380,.T.);
#891=ORIENTED_EDGE('',*,*,#1381,.T.);
#892=ORIENTED_EDGE('',*,*,#1382,.F.);
#893=ORIENTED_EDGE('',*,*,#1381,.F.);
#894=ORIENTED_EDGE('',*,*,#1383,.T.);
#895=ORIENTED_EDGE('',*,*,#1349,.T.);
#896=ORIENTED_EDGE('',*,*,#1350,.T.);
#897=ORIENTED_EDGE('',*,*,#1383,.F.);
#898=ORIENTED_EDGE('',*,*,#1380,.F.);
#899=ORIENTED_EDGE('',*,*,#1377,.F.);
#900=ORIENTED_EDGE('',*,*,#1374,.T.);
#901=ORIENTED_EDGE('',*,*,#1371,.F.);
#902=ORIENTED_EDGE('',*,*,#1368,.F.);
#903=ORIENTED_EDGE('',*,*,#1365,.T.);
#904=ORIENTED_EDGE('',*,*,#1362,.F.);
#905=ORIENTED_EDGE('',*,*,#1359,.T.);
#906=ORIENTED_EDGE('',*,*,#1356,.T.);
#907=ORIENTED_EDGE('',*,*,#1353,.T.);
#908=ORIENTED_EDGE('',*,*,#1348,.F.);
#909=ORIENTED_EDGE('',*,*,#1352,.F.);
#910=ORIENTED_EDGE('',*,*,#1355,.F.);
#911=ORIENTED_EDGE('',*,*,#1358,.F.);
#912=ORIENTED_EDGE('',*,*,#1361,.T.);
#913=ORIENTED_EDGE('',*,*,#1364,.F.);
#914=ORIENTED_EDGE('',*,*,#1367,.T.);
#915=ORIENTED_EDGE('',*,*,#1370,.T.);
#916=ORIENTED_EDGE('',*,*,#1373,.F.);
#917=ORIENTED_EDGE('',*,*,#1376,.T.);
#918=ORIENTED_EDGE('',*,*,#1379,.T.);
#919=ORIENTED_EDGE('',*,*,#1382,.T.);
#920=ORIENTED_EDGE('',*,*,#1384,.T.);
#921=ORIENTED_EDGE('',*,*,#1385,.F.);
#922=ORIENTED_EDGE('',*,*,#1386,.F.);
#923=ORIENTED_EDGE('',*,*,#1387,.T.);
#924=ORIENTED_EDGE('',*,*,#1388,.T.);
#925=ORIENTED_EDGE('',*,*,#1387,.F.);
#926=ORIENTED_EDGE('',*,*,#1389,.F.);
#927=ORIENTED_EDGE('',*,*,#1390,.T.);
#928=ORIENTED_EDGE('',*,*,#1391,.T.);
#929=ORIENTED_EDGE('',*,*,#1390,.F.);
#930=ORIENTED_EDGE('',*,*,#1392,.F.);
#931=ORIENTED_EDGE('',*,*,#1393,.T.);
#932=ORIENTED_EDGE('',*,*,#1394,.T.);
#933=ORIENTED_EDGE('',*,*,#1393,.F.);
#934=ORIENTED_EDGE('',*,*,#1395,.F.);
#935=ORIENTED_EDGE('',*,*,#1396,.T.);
#936=ORIENTED_EDGE('',*,*,#1397,.F.);
#937=ORIENTED_EDGE('',*,*,#1396,.F.);
#938=ORIENTED_EDGE('',*,*,#1398,.T.);
#939=ORIENTED_EDGE('',*,*,#1399,.T.);
#940=ORIENTED_EDGE('',*,*,#1400,.T.);
#941=ORIENTED_EDGE('',*,*,#1399,.F.);
#942=ORIENTED_EDGE('',*,*,#1401,.F.);
#943=ORIENTED_EDGE('',*,*,#1402,.T.);
#944=ORIENTED_EDGE('',*,*,#1403,.F.);
#945=ORIENTED_EDGE('',*,*,#1402,.F.);
#946=ORIENTED_EDGE('',*,*,#1404,.T.);
#947=ORIENTED_EDGE('',*,*,#1405,.T.);
#948=ORIENTED_EDGE('',*,*,#1406,.F.);
#949=ORIENTED_EDGE('',*,*,#1405,.F.);
#950=ORIENTED_EDGE('',*,*,#1407,.T.);
#951=ORIENTED_EDGE('',*,*,#1408,.T.);
#952=ORIENTED_EDGE('',*,*,#1409,.T.);
#953=ORIENTED_EDGE('',*,*,#1408,.F.);
#954=ORIENTED_EDGE('',*,*,#1410,.F.);
#955=ORIENTED_EDGE('',*,*,#1411,.T.);
#956=ORIENTED_EDGE('',*,*,#1412,.F.);
#957=ORIENTED_EDGE('',*,*,#1411,.F.);
#958=ORIENTED_EDGE('',*,*,#1413,.T.);
#959=ORIENTED_EDGE('',*,*,#1414,.T.);
#960=ORIENTED_EDGE('',*,*,#1415,.F.);
#961=ORIENTED_EDGE('',*,*,#1414,.F.);
#962=ORIENTED_EDGE('',*,*,#1416,.T.);
#963=ORIENTED_EDGE('',*,*,#1417,.T.);
#964=ORIENTED_EDGE('',*,*,#1418,.F.);
#965=ORIENTED_EDGE('',*,*,#1417,.F.);
#966=ORIENTED_EDGE('',*,*,#1419,.T.);
#967=ORIENTED_EDGE('',*,*,#1385,.T.);
#968=ORIENTED_EDGE('',*,*,#1386,.T.);
#969=ORIENTED_EDGE('',*,*,#1419,.F.);
#970=ORIENTED_EDGE('',*,*,#1416,.F.);
#971=ORIENTED_EDGE('',*,*,#1413,.F.);
#972=ORIENTED_EDGE('',*,*,#1410,.T.);
#973=ORIENTED_EDGE('',*,*,#1407,.F.);
#974=ORIENTED_EDGE('',*,*,#1404,.F.);
#975=ORIENTED_EDGE('',*,*,#1401,.T.);
#976=ORIENTED_EDGE('',*,*,#1398,.F.);
#977=ORIENTED_EDGE('',*,*,#1395,.T.);
#978=ORIENTED_EDGE('',*,*,#1392,.T.);
#979=ORIENTED_EDGE('',*,*,#1389,.T.);
#980=ORIENTED_EDGE('',*,*,#1384,.F.);
#981=ORIENTED_EDGE('',*,*,#1388,.F.);
#982=ORIENTED_EDGE('',*,*,#1391,.F.);
#983=ORIENTED_EDGE('',*,*,#1394,.F.);
#984=ORIENTED_EDGE('',*,*,#1397,.T.);
#985=ORIENTED_EDGE('',*,*,#1400,.F.);
#986=ORIENTED_EDGE('',*,*,#1403,.T.);
#987=ORIENTED_EDGE('',*,*,#1406,.T.);
#988=ORIENTED_EDGE('',*,*,#1409,.F.);
#989=ORIENTED_EDGE('',*,*,#1412,.T.);
#990=ORIENTED_EDGE('',*,*,#1415,.T.);
#991=ORIENTED_EDGE('',*,*,#1418,.T.);
#992=ORIENTED_EDGE('',*,*,#1420,.T.);
#993=ORIENTED_EDGE('',*,*,#1421,.F.);
#994=ORIENTED_EDGE('',*,*,#1422,.F.);
#995=ORIENTED_EDGE('',*,*,#1423,.T.);
#996=ORIENTED_EDGE('',*,*,#1424,.T.);
#997=ORIENTED_EDGE('',*,*,#1423,.F.);
#998=ORIENTED_EDGE('',*,*,#1425,.F.);
#999=ORIENTED_EDGE('',*,*,#1426,.T.);
#1000=ORIENTED_EDGE('',*,*,#1427,.T.);
#1001=ORIENTED_EDGE('',*,*,#1426,.F.);
#1002=ORIENTED_EDGE('',*,*,#1428,.F.);
#1003=ORIENTED_EDGE('',*,*,#1429,.T.);
#1004=ORIENTED_EDGE('',*,*,#1430,.T.);
#1005=ORIENTED_EDGE('',*,*,#1429,.F.);
#1006=ORIENTED_EDGE('',*,*,#1431,.F.);
#1007=ORIENTED_EDGE('',*,*,#1432,.T.);
#1008=ORIENTED_EDGE('',*,*,#1433,.F.);
#1009=ORIENTED_EDGE('',*,*,#1432,.F.);
#1010=ORIENTED_EDGE('',*,*,#1434,.T.);
#1011=ORIENTED_EDGE('',*,*,#1435,.T.);
#1012=ORIENTED_EDGE('',*,*,#1436,.T.);
#1013=ORIENTED_EDGE('',*,*,#1435,.F.);
#1014=ORIENTED_EDGE('',*,*,#1437,.F.);
#1015=ORIENTED_EDGE('',*,*,#1438,.T.);
#1016=ORIENTED_EDGE('',*,*,#1439,.F.);
#1017=ORIENTED_EDGE('',*,*,#1438,.F.);
#1018=ORIENTED_EDGE('',*,*,#1440,.T.);
#1019=ORIENTED_EDGE('',*,*,#1441,.T.);
#1020=ORIENTED_EDGE('',*,*,#1442,.F.);
#1021=ORIENTED_EDGE('',*,*,#1441,.F.);
#1022=ORIENTED_EDGE('',*,*,#1443,.T.);
#1023=ORIENTED_EDGE('',*,*,#1444,.T.);
#1024=ORIENTED_EDGE('',*,*,#1445,.T.);
#1025=ORIENTED_EDGE('',*,*,#1444,.F.);
#1026=ORIENTED_EDGE('',*,*,#1446,.F.);
#1027=ORIENTED_EDGE('',*,*,#1447,.T.);
#1028=ORIENTED_EDGE('',*,*,#1448,.F.);
#1029=ORIENTED_EDGE('',*,*,#1447,.F.);
#1030=ORIENTED_EDGE('',*,*,#1449,.T.);
#1031=ORIENTED_EDGE('',*,*,#1450,.T.);
#1032=ORIENTED_EDGE('',*,*,#1451,.F.);
#1033=ORIENTED_EDGE('',*,*,#1450,.F.);
#1034=ORIENTED_EDGE('',*,*,#1452,.T.);
#1035=ORIENTED_EDGE('',*,*,#1453,.T.);
#1036=ORIENTED_EDGE('',*,*,#1454,.F.);
#1037=ORIENTED_EDGE('',*,*,#1453,.F.);
#1038=ORIENTED_EDGE('',*,*,#1455,.T.);
#1039=ORIENTED_EDGE('',*,*,#1421,.T.);
#1040=ORIENTED_EDGE('',*,*,#1422,.T.);
#1041=ORIENTED_EDGE('',*,*,#1455,.F.);
#1042=ORIENTED_EDGE('',*,*,#1452,.F.);
#1043=ORIENTED_EDGE('',*,*,#1449,.F.);
#1044=ORIENTED_EDGE('',*,*,#1446,.T.);
#1045=ORIENTED_EDGE('',*,*,#1443,.F.);
#1046=ORIENTED_EDGE('',*,*,#1440,.F.);
#1047=ORIENTED_EDGE('',*,*,#1437,.T.);
#1048=ORIENTED_EDGE('',*,*,#1434,.F.);
#1049=ORIENTED_EDGE('',*,*,#1431,.T.);
#1050=ORIENTED_EDGE('',*,*,#1428,.T.);
#1051=ORIENTED_EDGE('',*,*,#1425,.T.);
#1052=ORIENTED_EDGE('',*,*,#1420,.F.);
#1053=ORIENTED_EDGE('',*,*,#1424,.F.);
#1054=ORIENTED_EDGE('',*,*,#1427,.F.);
#1055=ORIENTED_EDGE('',*,*,#1430,.F.);
#1056=ORIENTED_EDGE('',*,*,#1433,.T.);
#1057=ORIENTED_EDGE('',*,*,#1436,.F.);
#1058=ORIENTED_EDGE('',*,*,#1439,.T.);
#1059=ORIENTED_EDGE('',*,*,#1442,.T.);
#1060=ORIENTED_EDGE('',*,*,#1445,.F.);
#1061=ORIENTED_EDGE('',*,*,#1448,.T.);
#1062=ORIENTED_EDGE('',*,*,#1451,.T.);
#1063=ORIENTED_EDGE('',*,*,#1454,.T.);
#1064=ORIENTED_EDGE('',*,*,#1456,.F.);
#1065=ORIENTED_EDGE('',*,*,#1457,.F.);
#1066=ORIENTED_EDGE('',*,*,#1458,.T.);
#1067=ORIENTED_EDGE('',*,*,#1459,.T.);
#1068=ORIENTED_EDGE('',*,*,#1460,.F.);
#1069=ORIENTED_EDGE('',*,*,#1461,.F.);
#1070=ORIENTED_EDGE('',*,*,#1462,.T.);
#1071=ORIENTED_EDGE('',*,*,#1457,.T.);
#1072=ORIENTED_EDGE('',*,*,#1463,.F.);
#1073=ORIENTED_EDGE('',*,*,#1464,.F.);
#1074=ORIENTED_EDGE('',*,*,#1465,.T.);
#1075=ORIENTED_EDGE('',*,*,#1461,.T.);
#1076=ORIENTED_EDGE('',*,*,#1466,.F.);
#1077=ORIENTED_EDGE('',*,*,#1467,.F.);
#1078=ORIENTED_EDGE('',*,*,#1468,.T.);
#1079=ORIENTED_EDGE('',*,*,#1464,.T.);
#1080=ORIENTED_EDGE('',*,*,#1469,.T.);
#1081=ORIENTED_EDGE('',*,*,#1470,.F.);
#1082=ORIENTED_EDGE('',*,*,#1471,.F.);
#1083=ORIENTED_EDGE('',*,*,#1467,.T.);
#1084=ORIENTED_EDGE('',*,*,#1472,.F.);
#1085=ORIENTED_EDGE('',*,*,#1473,.F.);
#1086=ORIENTED_EDGE('',*,*,#1474,.T.);
#1087=ORIENTED_EDGE('',*,*,#1470,.T.);
#1088=ORIENTED_EDGE('',*,*,#1475,.T.);
#1089=ORIENTED_EDGE('',*,*,#1476,.F.);
#1090=ORIENTED_EDGE('',*,*,#1477,.F.);
#1091=ORIENTED_EDGE('',*,*,#1473,.T.);
#1092=ORIENTED_EDGE('',*,*,#1478,.T.);
#1093=ORIENTED_EDGE('',*,*,#1479,.F.);
#1094=ORIENTED_EDGE('',*,*,#1480,.F.);
#1095=ORIENTED_EDGE('',*,*,#1476,.T.);
#1096=ORIENTED_EDGE('',*,*,#1481,.F.);
#1097=ORIENTED_EDGE('',*,*,#1482,.F.);
#1098=ORIENTED_EDGE('',*,*,#1483,.T.);
#1099=ORIENTED_EDGE('',*,*,#1479,.T.);
#1100=ORIENTED_EDGE('',*,*,#1484,.T.);
#1101=ORIENTED_EDGE('',*,*,#1485,.F.);
#1102=ORIENTED_EDGE('',*,*,#1486,.F.);
#1103=ORIENTED_EDGE('',*,*,#1482,.T.);
#1104=ORIENTED_EDGE('',*,*,#1487,.T.);
#1105=ORIENTED_EDGE('',*,*,#1488,.F.);
#1106=ORIENTED_EDGE('',*,*,#1489,.F.);
#1107=ORIENTED_EDGE('',*,*,#1485,.T.);
#1108=ORIENTED_EDGE('',*,*,#1490,.T.);
#1109=ORIENTED_EDGE('',*,*,#1459,.F.);
#1110=ORIENTED_EDGE('',*,*,#1491,.F.);
#1111=ORIENTED_EDGE('',*,*,#1488,.T.);
#1112=ORIENTED_EDGE('',*,*,#1458,.F.);
#1113=ORIENTED_EDGE('',*,*,#1462,.F.);
#1114=ORIENTED_EDGE('',*,*,#1465,.F.);
#1115=ORIENTED_EDGE('',*,*,#1468,.F.);
#1116=ORIENTED_EDGE('',*,*,#1471,.T.);
#1117=ORIENTED_EDGE('',*,*,#1474,.F.);
#1118=ORIENTED_EDGE('',*,*,#1477,.T.);
#1119=ORIENTED_EDGE('',*,*,#1480,.T.);
#1120=ORIENTED_EDGE('',*,*,#1483,.F.);
#1121=ORIENTED_EDGE('',*,*,#1486,.T.);
#1122=ORIENTED_EDGE('',*,*,#1489,.T.);
#1123=ORIENTED_EDGE('',*,*,#1491,.T.);
#1124=ORIENTED_EDGE('',*,*,#1456,.T.);
#1125=ORIENTED_EDGE('',*,*,#1490,.F.);
#1126=ORIENTED_EDGE('',*,*,#1487,.F.);
#1127=ORIENTED_EDGE('',*,*,#1484,.F.);
#1128=ORIENTED_EDGE('',*,*,#1481,.T.);
#1129=ORIENTED_EDGE('',*,*,#1478,.F.);
#1130=ORIENTED_EDGE('',*,*,#1475,.F.);
#1131=ORIENTED_EDGE('',*,*,#1472,.T.);
#1132=ORIENTED_EDGE('',*,*,#1469,.F.);
#1133=ORIENTED_EDGE('',*,*,#1466,.T.);
#1134=ORIENTED_EDGE('',*,*,#1463,.T.);
#1135=ORIENTED_EDGE('',*,*,#1460,.T.);
#1136=ORIENTED_EDGE('',*,*,#1492,.F.);
#1137=ORIENTED_EDGE('',*,*,#1493,.F.);
#1138=ORIENTED_EDGE('',*,*,#1494,.T.);
#1139=ORIENTED_EDGE('',*,*,#1495,.T.);
#1140=ORIENTED_EDGE('',*,*,#1496,.F.);
#1141=ORIENTED_EDGE('',*,*,#1497,.F.);
#1142=ORIENTED_EDGE('',*,*,#1498,.T.);
#1143=ORIENTED_EDGE('',*,*,#1493,.T.);
#1144=ORIENTED_EDGE('',*,*,#1499,.F.);
#1145=ORIENTED_EDGE('',*,*,#1500,.F.);
#1146=ORIENTED_EDGE('',*,*,#1501,.T.);
#1147=ORIENTED_EDGE('',*,*,#1497,.T.);
#1148=ORIENTED_EDGE('',*,*,#1502,.F.);
#1149=ORIENTED_EDGE('',*,*,#1503,.F.);
#1150=ORIENTED_EDGE('',*,*,#1504,.T.);
#1151=ORIENTED_EDGE('',*,*,#1500,.T.);
#1152=ORIENTED_EDGE('',*,*,#1505,.T.);
#1153=ORIENTED_EDGE('',*,*,#1506,.F.);
#1154=ORIENTED_EDGE('',*,*,#1507,.F.);
#1155=ORIENTED_EDGE('',*,*,#1503,.T.);
#1156=ORIENTED_EDGE('',*,*,#1508,.F.);
#1157=ORIENTED_EDGE('',*,*,#1509,.F.);
#1158=ORIENTED_EDGE('',*,*,#1510,.T.);
#1159=ORIENTED_EDGE('',*,*,#1506,.T.);
#1160=ORIENTED_EDGE('',*,*,#1511,.T.);
#1161=ORIENTED_EDGE('',*,*,#1512,.F.);
#1162=ORIENTED_EDGE('',*,*,#1513,.F.);
#1163=ORIENTED_EDGE('',*,*,#1509,.T.);
#1164=ORIENTED_EDGE('',*,*,#1514,.T.);
#1165=ORIENTED_EDGE('',*,*,#1515,.F.);
#1166=ORIENTED_EDGE('',*,*,#1516,.F.);
#1167=ORIENTED_EDGE('',*,*,#1512,.T.);
#1168=ORIENTED_EDGE('',*,*,#1517,.F.);
#1169=ORIENTED_EDGE('',*,*,#1518,.F.);
#1170=ORIENTED_EDGE('',*,*,#1519,.T.);
#1171=ORIENTED_EDGE('',*,*,#1515,.T.);
#1172=ORIENTED_EDGE('',*,*,#1520,.T.);
#1173=ORIENTED_EDGE('',*,*,#1521,.F.);
#1174=ORIENTED_EDGE('',*,*,#1522,.F.);
#1175=ORIENTED_EDGE('',*,*,#1518,.T.);
#1176=ORIENTED_EDGE('',*,*,#1523,.T.);
#1177=ORIENTED_EDGE('',*,*,#1524,.F.);
#1178=ORIENTED_EDGE('',*,*,#1525,.F.);
#1179=ORIENTED_EDGE('',*,*,#1521,.T.);
#1180=ORIENTED_EDGE('',*,*,#1526,.T.);
#1181=ORIENTED_EDGE('',*,*,#1495,.F.);
#1182=ORIENTED_EDGE('',*,*,#1527,.F.);
#1183=ORIENTED_EDGE('',*,*,#1524,.T.);
#1184=ORIENTED_EDGE('',*,*,#1494,.F.);
#1185=ORIENTED_EDGE('',*,*,#1498,.F.);
#1186=ORIENTED_EDGE('',*,*,#1501,.F.);
#1187=ORIENTED_EDGE('',*,*,#1504,.F.);
#1188=ORIENTED_EDGE('',*,*,#1507,.T.);
#1189=ORIENTED_EDGE('',*,*,#1510,.F.);
#1190=ORIENTED_EDGE('',*,*,#1513,.T.);
#1191=ORIENTED_EDGE('',*,*,#1516,.T.);
#1192=ORIENTED_EDGE('',*,*,#1519,.F.);
#1193=ORIENTED_EDGE('',*,*,#1522,.T.);
#1194=ORIENTED_EDGE('',*,*,#1525,.T.);
#1195=ORIENTED_EDGE('',*,*,#1527,.T.);
#1196=ORIENTED_EDGE('',*,*,#1492,.T.);
#1197=ORIENTED_EDGE('',*,*,#1526,.F.);
#1198=ORIENTED_EDGE('',*,*,#1523,.F.);
#1199=ORIENTED_EDGE('',*,*,#1520,.F.);
#1200=ORIENTED_EDGE('',*,*,#1517,.T.);
#1201=ORIENTED_EDGE('',*,*,#1514,.F.);
#1202=ORIENTED_EDGE('',*,*,#1511,.F.);
#1203=ORIENTED_EDGE('',*,*,#1508,.T.);
#1204=ORIENTED_EDGE('',*,*,#1505,.F.);
#1205=ORIENTED_EDGE('',*,*,#1502,.T.);
#1206=ORIENTED_EDGE('',*,*,#1499,.T.);
#1207=ORIENTED_EDGE('',*,*,#1496,.T.);
#1208=EDGE_CURVE('',#1528,#1528,#1740,.T.);
#1209=EDGE_CURVE('',#1529,#1529,#1741,.T.);
#1210=EDGE_CURVE('',#1530,#1531,#10,.T.);
#1211=EDGE_CURVE('',#1532,#1530,#11,.T.);
#1212=EDGE_CURVE('',#1532,#1533,#12,.T.);
#1213=EDGE_CURVE('',#1533,#1531,#13,.T.);
#1214=EDGE_CURVE('',#1534,#1534,#1742,.T.);
#1215=EDGE_CURVE('',#1535,#1536,#14,.T.);
#1216=EDGE_CURVE('',#1535,#1537,#15,.T.);
#1217=EDGE_CURVE('',#1537,#1538,#16,.T.);
#1218=EDGE_CURVE('',#1536,#1538,#17,.T.);
#1219=EDGE_CURVE('',#1530,#1539,#18,.T.);
#1220=EDGE_CURVE('',#1540,#1539,#19,.T.);
#1221=EDGE_CURVE('',#1532,#1540,#20,.T.);
#1222=EDGE_CURVE('',#1535,#1541,#21,.T.);
#1223=EDGE_CURVE('',#1541,#1542,#22,.T.);
#1224=EDGE_CURVE('',#1537,#1542,#23,.T.);
#1225=EDGE_CURVE('',#1536,#1543,#24,.T.);
#1226=EDGE_CURVE('',#1538,#1544,#25,.T.);
#1227=EDGE_CURVE('',#1543,#1544,#26,.T.);
#1228=EDGE_CURVE('',#1531,#1545,#27,.T.);
#1229=EDGE_CURVE('',#1533,#1546,#28,.T.);
#1230=EDGE_CURVE('',#1546,#1545,#29,.T.);
#1231=EDGE_CURVE('',#1540,#1546,#30,.T.);
#1232=EDGE_CURVE('',#1540,#1541,#31,.T.);
#1233=EDGE_CURVE('',#1541,#1543,#32,.T.);
#1234=EDGE_CURVE('',#1546,#1543,#33,.T.);
#1235=EDGE_CURVE('',#1539,#1542,#34,.T.);
#1236=EDGE_CURVE('',#1539,#1545,#35,.T.);
#1237=EDGE_CURVE('',#1545,#1544,#36,.T.);
#1238=EDGE_CURVE('',#1542,#1544,#37,.T.);
#1239=EDGE_CURVE('',#1547,#1547,#1743,.T.);
#1240=EDGE_CURVE('',#1548,#1549,#38,.T.);
#1241=EDGE_CURVE('',#1550,#1548,#39,.T.);
#1242=EDGE_CURVE('',#1550,#1551,#40,.T.);
#1243=EDGE_CURVE('',#1551,#1549,#41,.T.);
#1244=EDGE_CURVE('',#1552,#1548,#42,.T.);
#1245=EDGE_CURVE('',#1553,#1552,#43,.T.);
#1246=EDGE_CURVE('',#1553,#1550,#44,.T.);
#1247=EDGE_CURVE('',#1554,#1552,#1744,.T.);
#1248=EDGE_CURVE('',#1555,#1554,#45,.T.);
#1249=EDGE_CURVE('',#1555,#1553,#1745,.T.);
#1250=EDGE_CURVE('',#1556,#1554,#46,.T.);
#1251=EDGE_CURVE('',#1557,#1556,#47,.T.);
#1252=EDGE_CURVE('',#1557,#1555,#48,.T.);
#1253=EDGE_CURVE('',#1556,#1558,#1746,.T.);
#1254=EDGE_CURVE('',#1559,#1558,#49,.T.);
#1255=EDGE_CURVE('',#1557,#1559,#1747,.T.);
#1256=EDGE_CURVE('',#1560,#1558,#50,.T.);
#1257=EDGE_CURVE('',#1561,#1560,#51,.T.);
#1258=EDGE_CURVE('',#1561,#1559,#52,.T.);
#1259=EDGE_CURVE('',#1560,#1562,#53,.T.);
#1260=EDGE_CURVE('',#1563,#1562,#54,.T.);
#1261=EDGE_CURVE('',#1561,#1563,#55,.T.);
#1262=EDGE_CURVE('',#1562,#1564,#56,.T.);
#1263=EDGE_CURVE('',#1565,#1564,#57,.T.);
#1264=EDGE_CURVE('',#1563,#1565,#58,.T.);
#1265=EDGE_CURVE('',#1566,#1564,#1748,.T.);
#1266=EDGE_CURVE('',#1567,#1566,#59,.T.);
#1267=EDGE_CURVE('',#1567,#1565,#1749,.T.);
#1268=EDGE_CURVE('',#1566,#1568,#60,.T.);
#1269=EDGE_CURVE('',#1569,#1568,#61,.T.);
#1270=EDGE_CURVE('',#1567,#1569,#62,.T.);
#1271=EDGE_CURVE('',#1568,#1570,#1750,.T.);
#1272=EDGE_CURVE('',#1571,#1570,#63,.T.);
#1273=EDGE_CURVE('',#1569,#1571,#1751,.T.);
#1274=EDGE_CURVE('',#1570,#1549,#64,.T.);
#1275=EDGE_CURVE('',#1571,#1551,#65,.T.);
#1276=EDGE_CURVE('',#1572,#1573,#66,.T.);
#1277=EDGE_CURVE('',#1574,#1572,#67,.T.);
#1278=EDGE_CURVE('',#1574,#1575,#68,.T.);
#1279=EDGE_CURVE('',#1575,#1573,#69,.T.);
#1280=EDGE_CURVE('',#1576,#1572,#70,.T.);
#1281=EDGE_CURVE('',#1577,#1576,#71,.T.);
#1282=EDGE_CURVE('',#1577,#1574,#72,.T.);
#1283=EDGE_CURVE('',#1578,#1576,#1752,.T.);
#1284=EDGE_CURVE('',#1579,#1578,#73,.T.);
#1285=EDGE_CURVE('',#1579,#1577,#1753,.T.);
#1286=EDGE_CURVE('',#1580,#1578,#74,.T.);
#1287=EDGE_CURVE('',#1581,#1580,#75,.T.);
#1288=EDGE_CURVE('',#1581,#1579,#76,.T.);
#1289=EDGE_CURVE('',#1580,#1582,#1754,.T.);
#1290=EDGE_CURVE('',#1583,#1582,#77,.T.);
#1291=EDGE_CURVE('',#1581,#1583,#1755,.T.);
#1292=EDGE_CURVE('',#1584,#1582,#78,.T.);
#1293=EDGE_CURVE('',#1585,#1584,#79,.T.);
#1294=EDGE_CURVE('',#1585,#1583,#80,.T.);
#1295=EDGE_CURVE('',#1584,#1586,#81,.T.);
#1296=EDGE_CURVE('',#1587,#1586,#82,.T.);
#1297=EDGE_CURVE('',#1585,#1587,#83,.T.);
#1298=EDGE_CURVE('',#1586,#1588,#84,.T.);
#1299=EDGE_CURVE('',#1589,#1588,#85,.T.);
#1300=EDGE_CURVE('',#1587,#1589,#86,.T.);
#1301=EDGE_CURVE('',#1590,#1588,#1756,.T.);
#1302=EDGE_CURVE('',#1591,#1590,#87,.T.);
#1303=EDGE_CURVE('',#1591,#1589,#1757,.T.);
#1304=EDGE_CURVE('',#1590,#1592,#88,.T.);
#1305=EDGE_CURVE('',#1593,#1592,#89,.T.);
#1306=EDGE_CURVE('',#1591,#1593,#90,.T.);
#1307=EDGE_CURVE('',#1592,#1594,#1758,.T.);
#1308=EDGE_CURVE('',#1595,#1594,#91,.T.);
#1309=EDGE_CURVE('',#1593,#1595,#1759,.T.);
#1310=EDGE_CURVE('',#1594,#1573,#92,.T.);
#1311=EDGE_CURVE('',#1595,#1575,#93,.T.);
#1312=EDGE_CURVE('',#1596,#1597,#94,.T.);
#1313=EDGE_CURVE('',#1598,#1597,#95,.T.);
#1314=EDGE_CURVE('',#1599,#1598,#96,.T.);
#1315=EDGE_CURVE('',#1599,#1596,#97,.T.);
#1316=EDGE_CURVE('',#1600,#1596,#98,.T.);
#1317=EDGE_CURVE('',#1601,#1599,#99,.T.);
#1318=EDGE_CURVE('',#1601,#1600,#100,.T.);
#1319=EDGE_CURVE('',#1602,#1600,#1760,.T.);
#1320=EDGE_CURVE('',#1603,#1601,#1761,.T.);
#1321=EDGE_CURVE('',#1603,#1602,#101,.T.);
#1322=EDGE_CURVE('',#1604,#1602,#102,.T.);
#1323=EDGE_CURVE('',#1605,#1603,#103,.T.);
#1324=EDGE_CURVE('',#1605,#1604,#104,.T.);
#1325=EDGE_CURVE('',#1604,#1606,#1762,.T.);
#1326=EDGE_CURVE('',#1605,#1607,#1763,.T.);
#1327=EDGE_CURVE('',#1607,#1606,#105,.T.);
#1328=EDGE_CURVE('',#1608,#1606,#106,.T.);
#1329=EDGE_CURVE('',#1609,#1607,#107,.T.);
#1330=EDGE_CURVE('',#1609,#1608,#108,.T.);
#1331=EDGE_CURVE('',#1608,#1610,#109,.T.);
#1332=EDGE_CURVE('',#1609,#1611,#110,.T.);
#1333=EDGE_CURVE('',#1611,#1610,#111,.T.);
#1334=EDGE_CURVE('',#1610,#1612,#112,.T.);
#1335=EDGE_CURVE('',#1611,#1613,#113,.T.);
#1336=EDGE_CURVE('',#1613,#1612,#114,.T.);
#1337=EDGE_CURVE('',#1614,#1612,#1764,.T.);
#1338=EDGE_CURVE('',#1615,#1613,#1765,.T.);
#1339=EDGE_CURVE('',#1615,#1614,#115,.T.);
#1340=EDGE_CURVE('',#1614,#1616,#116,.T.);
#1341=EDGE_CURVE('',#1615,#1617,#117,.T.);
#1342=EDGE_CURVE('',#1617,#1616,#118,.T.);
#1343=EDGE_CURVE('',#1616,#1618,#1766,.T.);
#1344=EDGE_CURVE('',#1617,#1619,#1767,.T.);
#1345=EDGE_CURVE('',#1619,#1618,#119,.T.);
#1346=EDGE_CURVE('',#1618,#1597,#120,.T.);
#1347=EDGE_CURVE('',#1619,#1598,#121,.T.);
#1348=EDGE_CURVE('',#1620,#1621,#122,.T.);
#1349=EDGE_CURVE('',#1622,#1621,#123,.T.);
#1350=EDGE_CURVE('',#1623,#1622,#124,.T.);
#1351=EDGE_CURVE('',#1623,#1620,#125,.T.);
#1352=EDGE_CURVE('',#1624,#1620,#126,.T.);
#1353=EDGE_CURVE('',#1625,#1623,#127,.T.);
#1354=EDGE_CURVE('',#1625,#1624,#128,.T.);
#1355=EDGE_CURVE('',#1626,#1624,#1768,.T.);
#1356=EDGE_CURVE('',#1627,#1625,#1769,.T.);
#1357=EDGE_CURVE('',#1627,#1626,#129,.T.);
#1358=EDGE_CURVE('',#1628,#1626,#130,.T.);
#1359=EDGE_CURVE('',#1629,#1627,#131,.T.);
#1360=EDGE_CURVE('',#1629,#1628,#132,.T.);
#1361=EDGE_CURVE('',#1628,#1630,#1770,.T.);
#1362=EDGE_CURVE('',#1629,#1631,#1771,.T.);
#1363=EDGE_CURVE('',#1631,#1630,#133,.T.);
#1364=EDGE_CURVE('',#1632,#1630,#134,.T.);
#1365=EDGE_CURVE('',#1633,#1631,#135,.T.);
#1366=EDGE_CURVE('',#1633,#1632,#136,.T.);
#1367=EDGE_CURVE('',#1632,#1634,#137,.T.);
#1368=EDGE_CURVE('',#1633,#1635,#138,.T.);
#1369=EDGE_CURVE('',#1635,#1634,#139,.T.);
#1370=EDGE_CURVE('',#1634,#1636,#140,.T.);
#1371=EDGE_CURVE('',#1635,#1637,#141,.T.);
#1372=EDGE_CURVE('',#1637,#1636,#142,.T.);
#1373=EDGE_CURVE('',#1638,#1636,#1772,.T.);
#1374=EDGE_CURVE('',#1639,#1637,#1773,.T.);
#1375=EDGE_CURVE('',#1639,#1638,#143,.T.);
#1376=EDGE_CURVE('',#1638,#1640,#144,.T.);
#1377=EDGE_CURVE('',#1639,#1641,#145,.T.);
#1378=EDGE_CURVE('',#1641,#1640,#146,.T.);
#1379=EDGE_CURVE('',#1640,#1642,#1774,.T.);
#1380=EDGE_CURVE('',#1641,#1643,#1775,.T.);
#1381=EDGE_CURVE('',#1643,#1642,#147,.T.);
#1382=EDGE_CURVE('',#1642,#1621,#148,.T.);
#1383=EDGE_CURVE('',#1643,#1622,#149,.T.);
#1384=EDGE_CURVE('',#1644,#1645,#150,.T.);
#1385=EDGE_CURVE('',#1646,#1645,#151,.T.);
#1386=EDGE_CURVE('',#1647,#1646,#152,.T.);
#1387=EDGE_CURVE('',#1647,#1644,#153,.T.);
#1388=EDGE_CURVE('',#1648,#1644,#154,.T.);
#1389=EDGE_CURVE('',#1649,#1647,#155,.T.);
#1390=EDGE_CURVE('',#1649,#1648,#156,.T.);
#1391=EDGE_CURVE('',#1650,#1648,#1776,.T.);
#1392=EDGE_CURVE('',#1651,#1649,#1777,.T.);
#1393=EDGE_CURVE('',#1651,#1650,#157,.T.);
#1394=EDGE_CURVE('',#1652,#1650,#158,.T.);
#1395=EDGE_CURVE('',#1653,#1651,#159,.T.);
#1396=EDGE_CURVE('',#1653,#1652,#160,.T.);
#1397=EDGE_CURVE('',#1652,#1654,#1778,.T.);
#1398=EDGE_CURVE('',#1653,#1655,#1779,.T.);
#1399=EDGE_CURVE('',#1655,#1654,#161,.T.);
#1400=EDGE_CURVE('',#1656,#1654,#162,.T.);
#1401=EDGE_CURVE('',#1657,#1655,#163,.T.);
#1402=EDGE_CURVE('',#1657,#1656,#164,.T.);
#1403=EDGE_CURVE('',#1656,#1658,#165,.T.);
#1404=EDGE_CURVE('',#1657,#1659,#166,.T.);
#1405=EDGE_CURVE('',#1659,#1658,#167,.T.);
#1406=EDGE_CURVE('',#1658,#1660,#168,.T.);
#1407=EDGE_CURVE('',#1659,#1661,#169,.T.);
#1408=EDGE_CURVE('',#1661,#1660,#170,.T.);
#1409=EDGE_CURVE('',#1662,#1660,#1780,.T.);
#1410=EDGE_CURVE('',#1663,#1661,#1781,.T.);
#1411=EDGE_CURVE('',#1663,#1662,#171,.T.);
#1412=EDGE_CURVE('',#1662,#1664,#172,.T.);
#1413=EDGE_CURVE('',#1663,#1665,#173,.T.);
#1414=EDGE_CURVE('',#1665,#1664,#174,.T.);
#1415=EDGE_CURVE('',#1664,#1666,#1782,.T.);
#1416=EDGE_CURVE('',#1665,#1667,#1783,.T.);
#1417=EDGE_CURVE('',#1667,#1666,#175,.T.);
#1418=EDGE_CURVE('',#1666,#1645,#176,.T.);
#1419=EDGE_CURVE('',#1667,#1646,#177,.T.);
#1420=EDGE_CURVE('',#1668,#1669,#178,.T.);
#1421=EDGE_CURVE('',#1670,#1669,#179,.T.);
#1422=EDGE_CURVE('',#1671,#1670,#180,.T.);
#1423=EDGE_CURVE('',#1671,#1668,#181,.T.);
#1424=EDGE_CURVE('',#1672,#1668,#182,.T.);
#1425=EDGE_CURVE('',#1673,#1671,#183,.T.);
#1426=EDGE_CURVE('',#1673,#1672,#184,.T.);
#1427=EDGE_CURVE('',#1674,#1672,#1784,.T.);
#1428=EDGE_CURVE('',#1675,#1673,#1785,.T.);
#1429=EDGE_CURVE('',#1675,#1674,#185,.T.);
#1430=EDGE_CURVE('',#1676,#1674,#186,.T.);
#1431=EDGE_CURVE('',#1677,#1675,#187,.T.);
#1432=EDGE_CURVE('',#1677,#1676,#188,.T.);
#1433=EDGE_CURVE('',#1676,#1678,#1786,.T.);
#1434=EDGE_CURVE('',#1677,#1679,#1787,.T.);
#1435=EDGE_CURVE('',#1679,#1678,#189,.T.);
#1436=EDGE_CURVE('',#1680,#1678,#190,.T.);
#1437=EDGE_CURVE('',#1681,#1679,#191,.T.);
#1438=EDGE_CURVE('',#1681,#1680,#192,.T.);
#1439=EDGE_CURVE('',#1680,#1682,#193,.T.);
#1440=EDGE_CURVE('',#1681,#1683,#194,.T.);
#1441=EDGE_CURVE('',#1683,#1682,#195,.T.);
#1442=EDGE_CURVE('',#1682,#1684,#196,.T.);
#1443=EDGE_CURVE('',#1683,#1685,#197,.T.);
#1444=EDGE_CURVE('',#1685,#1684,#198,.T.);
#1445=EDGE_CURVE('',#1686,#1684,#1788,.T.);
#1446=EDGE_CURVE('',#1687,#1685,#1789,.T.);
#1447=EDGE_CURVE('',#1687,#1686,#199,.T.);
#1448=EDGE_CURVE('',#1686,#1688,#200,.T.);
#1449=EDGE_CURVE('',#1687,#1689,#201,.T.);
#1450=EDGE_CURVE('',#1689,#1688,#202,.T.);
#1451=EDGE_CURVE('',#1688,#1690,#1790,.T.);
#1452=EDGE_CURVE('',#1689,#1691,#1791,.T.);
#1453=EDGE_CURVE('',#1691,#1690,#203,.T.);
#1454=EDGE_CURVE('',#1690,#1669,#204,.T.);
#1455=EDGE_CURVE('',#1691,#1670,#205,.T.);
#1456=EDGE_CURVE('',#1692,#1693,#206,.T.);
#1457=EDGE_CURVE('',#1694,#1692,#207,.T.);
#1458=EDGE_CURVE('',#1694,#1695,#208,.T.);
#1459=EDGE_CURVE('',#1695,#1693,#209,.T.);
#1460=EDGE_CURVE('',#1696,#1692,#210,.T.);
#1461=EDGE_CURVE('',#1697,#1696,#211,.T.);
#1462=EDGE_CURVE('',#1697,#1694,#212,.T.);
#1463=EDGE_CURVE('',#1698,#1696,#1792,.T.);
#1464=EDGE_CURVE('',#1699,#1698,#213,.T.);
#1465=EDGE_CURVE('',#1699,#1697,#1793,.T.);
#1466=EDGE_CURVE('',#1700,#1698,#214,.T.);
#1467=EDGE_CURVE('',#1701,#1700,#215,.T.);
#1468=EDGE_CURVE('',#1701,#1699,#216,.T.);
#1469=EDGE_CURVE('',#1700,#1702,#1794,.T.);
#1470=EDGE_CURVE('',#1703,#1702,#217,.T.);
#1471=EDGE_CURVE('',#1701,#1703,#1795,.T.);
#1472=EDGE_CURVE('',#1704,#1702,#218,.T.);
#1473=EDGE_CURVE('',#1705,#1704,#219,.T.);
#1474=EDGE_CURVE('',#1705,#1703,#220,.T.);
#1475=EDGE_CURVE('',#1704,#1706,#221,.T.);
#1476=EDGE_CURVE('',#1707,#1706,#222,.T.);
#1477=EDGE_CURVE('',#1705,#1707,#223,.T.);
#1478=EDGE_CURVE('',#1706,#1708,#224,.T.);
#1479=EDGE_CURVE('',#1709,#1708,#225,.T.);
#1480=EDGE_CURVE('',#1707,#1709,#226,.T.);
#1481=EDGE_CURVE('',#1710,#1708,#1796,.T.);
#1482=EDGE_CURVE('',#1711,#1710,#227,.T.);
#1483=EDGE_CURVE('',#1711,#1709,#1797,.T.);
#1484=EDGE_CURVE('',#1710,#1712,#228,.T.);
#1485=EDGE_CURVE('',#1713,#1712,#229,.T.);
#1486=EDGE_CURVE('',#1711,#1713,#230,.T.);
#1487=EDGE_CURVE('',#1712,#1714,#1798,.T.);
#1488=EDGE_CURVE('',#1715,#1714,#231,.T.);
#1489=EDGE_CURVE('',#1713,#1715,#1799,.T.);
#1490=EDGE_CURVE('',#1714,#1693,#232,.T.);
#1491=EDGE_CURVE('',#1715,#1695,#233,.T.);
#1492=EDGE_CURVE('',#1716,#1717,#234,.T.);
#1493=EDGE_CURVE('',#1718,#1716,#235,.T.);
#1494=EDGE_CURVE('',#1718,#1719,#236,.T.);
#1495=EDGE_CURVE('',#1719,#1717,#237,.T.);
#1496=EDGE_CURVE('',#1720,#1716,#238,.T.);
#1497=EDGE_CURVE('',#1721,#1720,#239,.T.);
#1498=EDGE_CURVE('',#1721,#1718,#240,.T.);
#1499=EDGE_CURVE('',#1722,#1720,#1800,.T.);
#1500=EDGE_CURVE('',#1723,#1722,#241,.T.);
#1501=EDGE_CURVE('',#1723,#1721,#1801,.T.);
#1502=EDGE_CURVE('',#1724,#1722,#242,.T.);
#1503=EDGE_CURVE('',#1725,#1724,#243,.T.);
#1504=EDGE_CURVE('',#1725,#1723,#244,.T.);
#1505=EDGE_CURVE('',#1724,#1726,#1802,.T.);
#1506=EDGE_CURVE('',#1727,#1726,#245,.T.);
#1507=EDGE_CURVE('',#1725,#1727,#1803,.T.);
#1508=EDGE_CURVE('',#1728,#1726,#246,.T.);
#1509=EDGE_CURVE('',#1729,#1728,#247,.T.);
#1510=EDGE_CURVE('',#1729,#1727,#248,.T.);
#1511=EDGE_CURVE('',#1728,#1730,#249,.T.);
#1512=EDGE_CURVE('',#1731,#1730,#250,.T.);
#1513=EDGE_CURVE('',#1729,#1731,#251,.T.);
#1514=EDGE_CURVE('',#1730,#1732,#252,.T.);
#1515=EDGE_CURVE('',#1733,#1732,#253,.T.);
#1516=EDGE_CURVE('',#1731,#1733,#254,.T.);
#1517=EDGE_CURVE('',#1734,#1732,#1804,.T.);
#1518=EDGE_CURVE('',#1735,#1734,#255,.T.);
#1519=EDGE_CURVE('',#1735,#1733,#1805,.T.);
#1520=EDGE_CURVE('',#1734,#1736,#256,.T.);
#1521=EDGE_CURVE('',#1737,#1736,#257,.T.);
#1522=EDGE_CURVE('',#1735,#1737,#258,.T.);
#1523=EDGE_CURVE('',#1736,#1738,#1806,.T.);
#1524=EDGE_CURVE('',#1739,#1738,#259,.T.);
#1525=EDGE_CURVE('',#1737,#1739,#1807,.T.);
#1526=EDGE_CURVE('',#1738,#1717,#260,.T.);
#1527=EDGE_CURVE('',#1739,#1719,#261,.T.);
#1528=VERTEX_POINT('',#3299);
#1529=VERTEX_POINT('',#3302);
#1530=VERTEX_POINT('',#3307);
#1531=VERTEX_POINT('',#3308);
#1532=VERTEX_POINT('',#3310);
#1533=VERTEX_POINT('',#3312);
#1534=VERTEX_POINT('',#3316);
#1535=VERTEX_POINT('',#3318);
#1536=VERTEX_POINT('',#3319);
#1537=VERTEX_POINT('',#3321);
#1538=VERTEX_POINT('',#3323);
#1539=VERTEX_POINT('',#3327);
#1540=VERTEX_POINT('',#3329);
#1541=VERTEX_POINT('',#3333);
#1542=VERTEX_POINT('',#3335);
#1543=VERTEX_POINT('',#3339);
#1544=VERTEX_POINT('',#3341);
#1545=VERTEX_POINT('',#3345);
#1546=VERTEX_POINT('',#3347);
#1547=VERTEX_POINT('',#3367);
#1548=VERTEX_POINT('',#3372);
#1549=VERTEX_POINT('',#3373);
#1550=VERTEX_POINT('',#3375);
#1551=VERTEX_POINT('',#3377);
#1552=VERTEX_POINT('',#3381);
#1553=VERTEX_POINT('',#3383);
#1554=VERTEX_POINT('',#3387);
#1555=VERTEX_POINT('',#3389);
#1556=VERTEX_POINT('',#3393);
#1557=VERTEX_POINT('',#3395);
#1558=VERTEX_POINT('',#3399);
#1559=VERTEX_POINT('',#3401);
#1560=VERTEX_POINT('',#3405);
#1561=VERTEX_POINT('',#3407);
#1562=VERTEX_POINT('',#3411);
#1563=VERTEX_POINT('',#3413);
#1564=VERTEX_POINT('',#3417);
#1565=VERTEX_POINT('',#3419);
#1566=VERTEX_POINT('',#3423);
#1567=VERTEX_POINT('',#3425);
#1568=VERTEX_POINT('',#3429);
#1569=VERTEX_POINT('',#3431);
#1570=VERTEX_POINT('',#3435);
#1571=VERTEX_POINT('',#3437);
#1572=VERTEX_POINT('',#3447);
#1573=VERTEX_POINT('',#3448);
#1574=VERTEX_POINT('',#3450);
#1575=VERTEX_POINT('',#3452);
#1576=VERTEX_POINT('',#3456);
#1577=VERTEX_POINT('',#3458);
#1578=VERTEX_POINT('',#3462);
#1579=VERTEX_POINT('',#3464);
#1580=VERTEX_POINT('',#3468);
#1581=VERTEX_POINT('',#3470);
#1582=VERTEX_POINT('',#3474);
#1583=VERTEX_POINT('',#3476);
#1584=VERTEX_POINT('',#3480);
#1585=VERTEX_POINT('',#3482);
#1586=VERTEX_POINT('',#3486);
#1587=VERTEX_POINT('',#3488);
#1588=VERTEX_POINT('',#3492);
#1589=VERTEX_POINT('',#3494);
#1590=VERTEX_POINT('',#3498);
#1591=VERTEX_POINT('',#3500);
#1592=VERTEX_POINT('',#3504);
#1593=VERTEX_POINT('',#3506);
#1594=VERTEX_POINT('',#3510);
#1595=VERTEX_POINT('',#3512);
#1596=VERTEX_POINT('',#3522);
#1597=VERTEX_POINT('',#3523);
#1598=VERTEX_POINT('',#3525);
#1599=VERTEX_POINT('',#3527);
#1600=VERTEX_POINT('',#3531);
#1601=VERTEX_POINT('',#3533);
#1602=VERTEX_POINT('',#3537);
#1603=VERTEX_POINT('',#3539);
#1604=VERTEX_POINT('',#3543);
#1605=VERTEX_POINT('',#3545);
#1606=VERTEX_POINT('',#3549);
#1607=VERTEX_POINT('',#3551);
#1608=VERTEX_POINT('',#3555);
#1609=VERTEX_POINT('',#3557);
#1610=VERTEX_POINT('',#3561);
#1611=VERTEX_POINT('',#3563);
#1612=VERTEX_POINT('',#3567);
#1613=VERTEX_POINT('',#3569);
#1614=VERTEX_POINT('',#3573);
#1615=VERTEX_POINT('',#3575);
#1616=VERTEX_POINT('',#3579);
#1617=VERTEX_POINT('',#3581);
#1618=VERTEX_POINT('',#3585);
#1619=VERTEX_POINT('',#3587);
#1620=VERTEX_POINT('',#3597);
#1621=VERTEX_POINT('',#3598);
#1622=VERTEX_POINT('',#3600);
#1623=VERTEX_POINT('',#3602);
#1624=VERTEX_POINT('',#3606);
#1625=VERTEX_POINT('',#3608);
#1626=VERTEX_POINT('',#3612);
#1627=VERTEX_POINT('',#3614);
#1628=VERTEX_POINT('',#3618);
#1629=VERTEX_POINT('',#3620);
#1630=VERTEX_POINT('',#3624);
#1631=VERTEX_POINT('',#3626);
#1632=VERTEX_POINT('',#3630);
#1633=VERTEX_POINT('',#3632);
#1634=VERTEX_POINT('',#3636);
#1635=VERTEX_POINT('',#3638);
#1636=VERTEX_POINT('',#3642);
#1637=VERTEX_POINT('',#3644);
#1638=VERTEX_POINT('',#3648);
#1639=VERTEX_POINT('',#3650);
#1640=VERTEX_POINT('',#3654);
#1641=VERTEX_POINT('',#3656);
#1642=VERTEX_POINT('',#3660);
#1643=VERTEX_POINT('',#3662);
#1644=VERTEX_POINT('',#3672);
#1645=VERTEX_POINT('',#3673);
#1646=VERTEX_POINT('',#3675);
#1647=VERTEX_POINT('',#3677);
#1648=VERTEX_POINT('',#3681);
#1649=VERTEX_POINT('',#3683);
#1650=VERTEX_POINT('',#3687);
#1651=VERTEX_POINT('',#3689);
#1652=VERTEX_POINT('',#3693);
#1653=VERTEX_POINT('',#3695);
#1654=VERTEX_POINT('',#3699);
#1655=VERTEX_POINT('',#3701);
#1656=VERTEX_POINT('',#3705);
#1657=VERTEX_POINT('',#3707);
#1658=VERTEX_POINT('',#3711);
#1659=VERTEX_POINT('',#3713);
#1660=VERTEX_POINT('',#3717);
#1661=VERTEX_POINT('',#3719);
#1662=VERTEX_POINT('',#3723);
#1663=VERTEX_POINT('',#3725);
#1664=VERTEX_POINT('',#3729);
#1665=VERTEX_POINT('',#3731);
#1666=VERTEX_POINT('',#3735);
#1667=VERTEX_POINT('',#3737);
#1668=VERTEX_POINT('',#3747);
#1669=VERTEX_POINT('',#3748);
#1670=VERTEX_POINT('',#3750);
#1671=VERTEX_POINT('',#3752);
#1672=VERTEX_POINT('',#3756);
#1673=VERTEX_POINT('',#3758);
#1674=VERTEX_POINT('',#3762);
#1675=VERTEX_POINT('',#3764);
#1676=VERTEX_POINT('',#3768);
#1677=VERTEX_POINT('',#3770);
#1678=VERTEX_POINT('',#3774);
#1679=VERTEX_POINT('',#3776);
#1680=VERTEX_POINT('',#3780);
#1681=VERTEX_POINT('',#3782);
#1682=VERTEX_POINT('',#3786);
#1683=VERTEX_POINT('',#3788);
#1684=VERTEX_POINT('',#3792);
#1685=VERTEX_POINT('',#3794);
#1686=VERTEX_POINT('',#3798);
#1687=VERTEX_POINT('',#3800);
#1688=VERTEX_POINT('',#3804);
#1689=VERTEX_POINT('',#3806);
#1690=VERTEX_POINT('',#3810);
#1691=VERTEX_POINT('',#3812);
#1692=VERTEX_POINT('',#3822);
#1693=VERTEX_POINT('',#3823);
#1694=VERTEX_POINT('',#3825);
#1695=VERTEX_POINT('',#3827);
#1696=VERTEX_POINT('',#3831);
#1697=VERTEX_POINT('',#3833);
#1698=VERTEX_POINT('',#3837);
#1699=VERTEX_POINT('',#3839);
#1700=VERTEX_POINT('',#3843);
#1701=VERTEX_POINT('',#3845);
#1702=VERTEX_POINT('',#3849);
#1703=VERTEX_POINT('',#3851);
#1704=VERTEX_POINT('',#3855);
#1705=VERTEX_POINT('',#3857);
#1706=VERTEX_POINT('',#3861);
#1707=VERTEX_POINT('',#3863);
#1708=VERTEX_POINT('',#3867);
#1709=VERTEX_POINT('',#3869);
#1710=VERTEX_POINT('',#3873);
#1711=VERTEX_POINT('',#3875);
#1712=VERTEX_POINT('',#3879);
#1713=VERTEX_POINT('',#3881);
#1714=VERTEX_POINT('',#3885);
#1715=VERTEX_POINT('',#3887);
#1716=VERTEX_POINT('',#3897);
#1717=VERTEX_POINT('',#3898);
#1718=VERTEX_POINT('',#3900);
#1719=VERTEX_POINT('',#3902);
#1720=VERTEX_POINT('',#3906);
#1721=VERTEX_POINT('',#3908);
#1722=VERTEX_POINT('',#3912);
#1723=VERTEX_POINT('',#3914);
#1724=VERTEX_POINT('',#3918);
#1725=VERTEX_POINT('',#3920);
#1726=VERTEX_POINT('',#3924);
#1727=VERTEX_POINT('',#3926);
#1728=VERTEX_POINT('',#3930);
#1729=VERTEX_POINT('',#3932);
#1730=VERTEX_POINT('',#3936);
#1731=VERTEX_POINT('',#3938);
#1732=VERTEX_POINT('',#3942);
#1733=VERTEX_POINT('',#3944);
#1734=VERTEX_POINT('',#3948);
#1735=VERTEX_POINT('',#3950);
#1736=VERTEX_POINT('',#3954);
#1737=VERTEX_POINT('',#3956);
#1738=VERTEX_POINT('',#3960);
#1739=VERTEX_POINT('',#3962);
#1740=CIRCLE('',#2419,0.00025);
#1741=CIRCLE('',#2421,0.00025);
#1742=CIRCLE('',#2426,0.00025);
#1743=CIRCLE('',#2440,0.00025);
#1744=CIRCLE('',#2446,4.99999999999993E-5);
#1745=CIRCLE('',#2447,4.99999999999993E-5);
#1746=CIRCLE('',#2450,0.00025);
#1747=CIRCLE('',#2451,0.00025);
#1748=CIRCLE('',#2456,5.E-5);
#1749=CIRCLE('',#2457,5.E-5);
#1750=CIRCLE('',#2460,0.00025);
#1751=CIRCLE('',#2461,0.00025);
#1752=CIRCLE('',#2469,4.99999999999993E-5);
#1753=CIRCLE('',#2470,4.99999999999993E-5);
#1754=CIRCLE('',#2473,0.00025);
#1755=CIRCLE('',#2474,0.00025);
#1756=CIRCLE('',#2479,5.E-5);
#1757=CIRCLE('',#2480,5.E-5);
#1758=CIRCLE('',#2483,0.00025);
#1759=CIRCLE('',#2484,0.00025);
#1760=CIRCLE('',#2492,4.99999999999993E-5);
#1761=CIRCLE('',#2493,4.99999999999993E-5);
#1762=CIRCLE('',#2496,0.00025);
#1763=CIRCLE('',#2497,0.00025);
#1764=CIRCLE('',#2502,5.E-5);
#1765=CIRCLE('',#2503,5.E-5);
#1766=CIRCLE('',#2506,0.00025);
#1767=CIRCLE('',#2507,0.00025);
#1768=CIRCLE('',#2515,4.99999999999993E-5);
#1769=CIRCLE('',#2516,4.99999999999993E-5);
#1770=CIRCLE('',#2519,0.00025);
#1771=CIRCLE('',#2520,0.00025);
#1772=CIRCLE('',#2525,5.E-5);
#1773=CIRCLE('',#2526,5.E-5);
#1774=CIRCLE('',#2529,0.00025);
#1775=CIRCLE('',#2530,0.00025);
#1776=CIRCLE('',#2538,4.99999999999993E-5);
#1777=CIRCLE('',#2539,4.99999999999993E-5);
#1778=CIRCLE('',#2542,0.00025);
#1779=CIRCLE('',#2543,0.00025);
#1780=CIRCLE('',#2548,5.E-5);
#1781=CIRCLE('',#2549,5.E-5);
#1782=CIRCLE('',#2552,0.00025);
#1783=CIRCLE('',#2553,0.00025);
#1784=CIRCLE('',#2561,4.99999999999993E-5);
#1785=CIRCLE('',#2562,4.99999999999993E-5);
#1786=CIRCLE('',#2565,0.00025);
#1787=CIRCLE('',#2566,0.00025);
#1788=CIRCLE('',#2571,5.E-5);
#1789=CIRCLE('',#2572,5.E-5);
#1790=CIRCLE('',#2575,0.00025);
#1791=CIRCLE('',#2576,0.00025);
#1792=CIRCLE('',#2584,4.99999999999993E-5);
#1793=CIRCLE('',#2585,4.99999999999993E-5);
#1794=CIRCLE('',#2588,0.00025);
#1795=CIRCLE('',#2589,0.00025);
#1796=CIRCLE('',#2594,5.E-5);
#1797=CIRCLE('',#2595,5.E-5);
#1798=CIRCLE('',#2598,0.00025);
#1799=CIRCLE('',#2599,0.00025);
#1800=CIRCLE('',#2607,4.99999999999993E-5);
#1801=CIRCLE('',#2608,4.99999999999993E-5);
#1802=CIRCLE('',#2611,0.00025);
#1803=CIRCLE('',#2612,0.00025);
#1804=CIRCLE('',#2617,5.E-5);
#1805=CIRCLE('',#2618,5.E-5);
#1806=CIRCLE('',#2621,0.00025);
#1807=CIRCLE('',#2622,0.00025);
#1808=EDGE_LOOP('',(#568));
#1809=EDGE_LOOP('',(#569));
#1810=EDGE_LOOP('',(#570));
#1811=EDGE_LOOP('',(#571));
#1812=EDGE_LOOP('',(#572,#573,#574,#575));
#1813=EDGE_LOOP('',(#576));
#1814=EDGE_LOOP('',(#577,#578,#579,#580));
#1815=EDGE_LOOP('',(#581,#582,#583,#584));
#1816=EDGE_LOOP('',(#585,#586,#587,#588));
#1817=EDGE_LOOP('',(#589,#590,#591,#592));
#1818=EDGE_LOOP('',(#593,#594,#595,#596));
#1819=EDGE_LOOP('',(#597,#598,#599,#600));
#1820=EDGE_LOOP('',(#601,#602,#603,#604));
#1821=EDGE_LOOP('',(#605,#606,#607,#608));
#1822=EDGE_LOOP('',(#609,#610,#611,#612));
#1823=EDGE_LOOP('',(#613,#614,#615,#616));
#1824=EDGE_LOOP('',(#617,#618,#619,#620));
#1825=EDGE_LOOP('',(#621,#622,#623,#624));
#1826=EDGE_LOOP('',(#625,#626,#627,#628));
#1827=EDGE_LOOP('',(#629));
#1828=EDGE_LOOP('',(#630));
#1829=EDGE_LOOP('',(#631));
#1830=EDGE_LOOP('',(#632,#633,#634,#635));
#1831=EDGE_LOOP('',(#636,#637,#638,#639));
#1832=EDGE_LOOP('',(#640,#641,#642,#643));
#1833=EDGE_LOOP('',(#644,#645,#646,#647));
#1834=EDGE_LOOP('',(#648,#649,#650,#651));
#1835=EDGE_LOOP('',(#652,#653,#654,#655));
#1836=EDGE_LOOP('',(#656,#657,#658,#659));
#1837=EDGE_LOOP('',(#660,#661,#662,#663));
#1838=EDGE_LOOP('',(#664,#665,#666,#667));
#1839=EDGE_LOOP('',(#668,#669,#670,#671));
#1840=EDGE_LOOP('',(#672,#673,#674,#675));
#1841=EDGE_LOOP('',(#676,#677,#678,#679));
#1842=EDGE_LOOP('',(#680,#681,#682,#683,#684,#685,#686,#687,#688,#689,#690,
#691));
#1843=EDGE_LOOP('',(#692,#693,#694,#695,#696,#697,#698,#699,#700,#701,#702,
#703));
#1844=EDGE_LOOP('',(#704,#705,#706,#707));
#1845=EDGE_LOOP('',(#708,#709,#710,#711));
#1846=EDGE_LOOP('',(#712,#713,#714,#715));
#1847=EDGE_LOOP('',(#716,#717,#718,#719));
#1848=EDGE_LOOP('',(#720,#721,#722,#723));
#1849=EDGE_LOOP('',(#724,#725,#726,#727));
#1850=EDGE_LOOP('',(#728,#729,#730,#731));
#1851=EDGE_LOOP('',(#732,#733,#734,#735));
#1852=EDGE_LOOP('',(#736,#737,#738,#739));
#1853=EDGE_LOOP('',(#740,#741,#742,#743));
#1854=EDGE_LOOP('',(#744,#745,#746,#747));
#1855=EDGE_LOOP('',(#748,#749,#750,#751));
#1856=EDGE_LOOP('',(#752,#753,#754,#755,#756,#757,#758,#759,#760,#761,#762,
#763));
#1857=EDGE_LOOP('',(#764,#765,#766,#767,#768,#769,#770,#771,#772,#773,#774,
#775));
#1858=EDGE_LOOP('',(#776,#777,#778,#779));
#1859=EDGE_LOOP('',(#780,#781,#782,#783));
#1860=EDGE_LOOP('',(#784,#785,#786,#787));
#1861=EDGE_LOOP('',(#788,#789,#790,#791));
#1862=EDGE_LOOP('',(#792,#793,#794,#795));
#1863=EDGE_LOOP('',(#796,#797,#798,#799));
#1864=EDGE_LOOP('',(#800,#801,#802,#803));
#1865=EDGE_LOOP('',(#804,#805,#806,#807));
#1866=EDGE_LOOP('',(#808,#809,#810,#811));
#1867=EDGE_LOOP('',(#812,#813,#814,#815));
#1868=EDGE_LOOP('',(#816,#817,#818,#819));
#1869=EDGE_LOOP('',(#820,#821,#822,#823));
#1870=EDGE_LOOP('',(#824,#825,#826,#827,#828,#829,#830,#831,#832,#833,#834,
#835));
#1871=EDGE_LOOP('',(#836,#837,#838,#839,#840,#841,#842,#843,#844,#845,#846,
#847));
#1872=EDGE_LOOP('',(#848,#849,#850,#851));
#1873=EDGE_LOOP('',(#852,#853,#854,#855));
#1874=EDGE_LOOP('',(#856,#857,#858,#859));
#1875=EDGE_LOOP('',(#860,#861,#862,#863));
#1876=EDGE_LOOP('',(#864,#865,#866,#867));
#1877=EDGE_LOOP('',(#868,#869,#870,#871));
#1878=EDGE_LOOP('',(#872,#873,#874,#875));
#1879=EDGE_LOOP('',(#876,#877,#878,#879));
#1880=EDGE_LOOP('',(#880,#881,#882,#883));
#1881=EDGE_LOOP('',(#884,#885,#886,#887));
#1882=EDGE_LOOP('',(#888,#889,#890,#891));
#1883=EDGE_LOOP('',(#892,#893,#894,#895));
#1884=EDGE_LOOP('',(#896,#897,#898,#899,#900,#901,#902,#903,#904,#905,#906,
#907));
#1885=EDGE_LOOP('',(#908,#909,#910,#911,#912,#913,#914,#915,#916,#917,#918,
#919));
#1886=EDGE_LOOP('',(#920,#921,#922,#923));
#1887=EDGE_LOOP('',(#924,#925,#926,#927));
#1888=EDGE_LOOP('',(#928,#929,#930,#931));
#1889=EDGE_LOOP('',(#932,#933,#934,#935));
#1890=EDGE_LOOP('',(#936,#937,#938,#939));
#1891=EDGE_LOOP('',(#940,#941,#942,#943));
#1892=EDGE_LOOP('',(#944,#945,#946,#947));
#1893=EDGE_LOOP('',(#948,#949,#950,#951));
#1894=EDGE_LOOP('',(#952,#953,#954,#955));
#1895=EDGE_LOOP('',(#956,#957,#958,#959));
#1896=EDGE_LOOP('',(#960,#961,#962,#963));
#1897=EDGE_LOOP('',(#964,#965,#966,#967));
#1898=EDGE_LOOP('',(#968,#969,#970,#971,#972,#973,#974,#975,#976,#977,#978,
#979));
#1899=EDGE_LOOP('',(#980,#981,#982,#983,#984,#985,#986,#987,#988,#989,#990,
#991));
#1900=EDGE_LOOP('',(#992,#993,#994,#995));
#1901=EDGE_LOOP('',(#996,#997,#998,#999));
#1902=EDGE_LOOP('',(#1000,#1001,#1002,#1003));
#1903=EDGE_LOOP('',(#1004,#1005,#1006,#1007));
#1904=EDGE_LOOP('',(#1008,#1009,#1010,#1011));
#1905=EDGE_LOOP('',(#1012,#1013,#1014,#1015));
#1906=EDGE_LOOP('',(#1016,#1017,#1018,#1019));
#1907=EDGE_LOOP('',(#1020,#1021,#1022,#1023));
#1908=EDGE_LOOP('',(#1024,#1025,#1026,#1027));
#1909=EDGE_LOOP('',(#1028,#1029,#1030,#1031));
#1910=EDGE_LOOP('',(#1032,#1033,#1034,#1035));
#1911=EDGE_LOOP('',(#1036,#1037,#1038,#1039));
#1912=EDGE_LOOP('',(#1040,#1041,#1042,#1043,#1044,#1045,#1046,#1047,#1048,
#1049,#1050,#1051));
#1913=EDGE_LOOP('',(#1052,#1053,#1054,#1055,#1056,#1057,#1058,#1059,#1060,
#1061,#1062,#1063));
#1914=EDGE_LOOP('',(#1064,#1065,#1066,#1067));
#1915=EDGE_LOOP('',(#1068,#1069,#1070,#1071));
#1916=EDGE_LOOP('',(#1072,#1073,#1074,#1075));
#1917=EDGE_LOOP('',(#1076,#1077,#1078,#1079));
#1918=EDGE_LOOP('',(#1080,#1081,#1082,#1083));
#1919=EDGE_LOOP('',(#1084,#1085,#1086,#1087));
#1920=EDGE_LOOP('',(#1088,#1089,#1090,#1091));
#1921=EDGE_LOOP('',(#1092,#1093,#1094,#1095));
#1922=EDGE_LOOP('',(#1096,#1097,#1098,#1099));
#1923=EDGE_LOOP('',(#1100,#1101,#1102,#1103));
#1924=EDGE_LOOP('',(#1104,#1105,#1106,#1107));
#1925=EDGE_LOOP('',(#1108,#1109,#1110,#1111));
#1926=EDGE_LOOP('',(#1112,#1113,#1114,#1115,#1116,#1117,#1118,#1119,#1120,
#1121,#1122,#1123));
#1927=EDGE_LOOP('',(#1124,#1125,#1126,#1127,#1128,#1129,#1130,#1131,#1132,
#1133,#1134,#1135));
#1928=EDGE_LOOP('',(#1136,#1137,#1138,#1139));
#1929=EDGE_LOOP('',(#1140,#1141,#1142,#1143));
#1930=EDGE_LOOP('',(#1144,#1145,#1146,#1147));
#1931=EDGE_LOOP('',(#1148,#1149,#1150,#1151));
#1932=EDGE_LOOP('',(#1152,#1153,#1154,#1155));
#1933=EDGE_LOOP('',(#1156,#1157,#1158,#1159));
#1934=EDGE_LOOP('',(#1160,#1161,#1162,#1163));
#1935=EDGE_LOOP('',(#1164,#1165,#1166,#1167));
#1936=EDGE_LOOP('',(#1168,#1169,#1170,#1171));
#1937=EDGE_LOOP('',(#1172,#1173,#1174,#1175));
#1938=EDGE_LOOP('',(#1176,#1177,#1178,#1179));
#1939=EDGE_LOOP('',(#1180,#1181,#1182,#1183));
#1940=EDGE_LOOP('',(#1184,#1185,#1186,#1187,#1188,#1189,#1190,#1191,#1192,
#1193,#1194,#1195));
#1941=EDGE_LOOP('',(#1196,#1197,#1198,#1199,#1200,#1201,#1202,#1203,#1204,
#1205,#1206,#1207));
#1942=FACE_BOUND('',#1808,.T.);
#1943=FACE_BOUND('',#1809,.T.);
#1944=FACE_BOUND('',#1810,.T.);
#1945=FACE_BOUND('',#1811,.T.);
#1946=FACE_BOUND('',#1812,.T.);
#1947=FACE_BOUND('',#1813,.T.);
#1948=FACE_BOUND('',#1814,.T.);
#1949=FACE_BOUND('',#1815,.T.);
#1950=FACE_BOUND('',#1816,.T.);
#1951=FACE_BOUND('',#1817,.T.);
#1952=FACE_BOUND('',#1818,.T.);
#1953=FACE_BOUND('',#1819,.T.);
#1954=FACE_BOUND('',#1820,.T.);
#1955=FACE_BOUND('',#1821,.T.);
#1956=FACE_BOUND('',#1822,.T.);
#1957=FACE_BOUND('',#1823,.T.);
#1958=FACE_BOUND('',#1824,.T.);
#1959=FACE_BOUND('',#1825,.T.);
#1960=FACE_BOUND('',#1826,.T.);
#1961=FACE_BOUND('',#1827,.T.);
#1962=FACE_BOUND('',#1828,.T.);
#1963=FACE_BOUND('',#1829,.T.);
#1964=FACE_BOUND('',#1830,.T.);
#1965=FACE_BOUND('',#1831,.T.);
#1966=FACE_BOUND('',#1832,.T.);
#1967=FACE_BOUND('',#1833,.T.);
#1968=FACE_BOUND('',#1834,.T.);
#1969=FACE_BOUND('',#1835,.T.);
#1970=FACE_BOUND('',#1836,.T.);
#1971=FACE_BOUND('',#1837,.T.);
#1972=FACE_BOUND('',#1838,.T.);
#1973=FACE_BOUND('',#1839,.T.);
#1974=FACE_BOUND('',#1840,.T.);
#1975=FACE_BOUND('',#1841,.T.);
#1976=FACE_BOUND('',#1842,.T.);
#1977=FACE_BOUND('',#1843,.T.);
#1978=FACE_BOUND('',#1844,.T.);
#1979=FACE_BOUND('',#1845,.T.);
#1980=FACE_BOUND('',#1846,.T.);
#1981=FACE_BOUND('',#1847,.T.);
#1982=FACE_BOUND('',#1848,.T.);
#1983=FACE_BOUND('',#1849,.T.);
#1984=FACE_BOUND('',#1850,.T.);
#1985=FACE_BOUND('',#1851,.T.);
#1986=FACE_BOUND('',#1852,.T.);
#1987=FACE_BOUND('',#1853,.T.);
#1988=FACE_BOUND('',#1854,.T.);
#1989=FACE_BOUND('',#1855,.T.);
#1990=FACE_BOUND('',#1856,.T.);
#1991=FACE_BOUND('',#1857,.T.);
#1992=FACE_BOUND('',#1858,.T.);
#1993=FACE_BOUND('',#1859,.T.);
#1994=FACE_BOUND('',#1860,.T.);
#1995=FACE_BOUND('',#1861,.T.);
#1996=FACE_BOUND('',#1862,.T.);
#1997=FACE_BOUND('',#1863,.T.);
#1998=FACE_BOUND('',#1864,.T.);
#1999=FACE_BOUND('',#1865,.T.);
#2000=FACE_BOUND('',#1866,.T.);
#2001=FACE_BOUND('',#1867,.T.);
#2002=FACE_BOUND('',#1868,.T.);
#2003=FACE_BOUND('',#1869,.T.);
#2004=FACE_BOUND('',#1870,.T.);
#2005=FACE_BOUND('',#1871,.T.);
#2006=FACE_BOUND('',#1872,.T.);
#2007=FACE_BOUND('',#1873,.T.);
#2008=FACE_BOUND('',#1874,.T.);
#2009=FACE_BOUND('',#1875,.T.);
#2010=FACE_BOUND('',#1876,.T.);
#2011=FACE_BOUND('',#1877,.T.);
#2012=FACE_BOUND('',#1878,.T.);
#2013=FACE_BOUND('',#1879,.T.);
#2014=FACE_BOUND('',#1880,.T.);
#2015=FACE_BOUND('',#1881,.T.);
#2016=FACE_BOUND('',#1882,.T.);
#2017=FACE_BOUND('',#1883,.T.);
#2018=FACE_BOUND('',#1884,.T.);
#2019=FACE_BOUND('',#1885,.T.);
#2020=FACE_BOUND('',#1886,.T.);
#2021=FACE_BOUND('',#1887,.T.);
#2022=FACE_BOUND('',#1888,.T.);
#2023=FACE_BOUND('',#1889,.T.);
#2024=FACE_BOUND('',#1890,.T.);
#2025=FACE_BOUND('',#1891,.T.);
#2026=FACE_BOUND('',#1892,.T.);
#2027=FACE_BOUND('',#1893,.T.);
#2028=FACE_BOUND('',#1894,.T.);
#2029=FACE_BOUND('',#1895,.T.);
#2030=FACE_BOUND('',#1896,.T.);
#2031=FACE_BOUND('',#1897,.T.);
#2032=FACE_BOUND('',#1898,.T.);
#2033=FACE_BOUND('',#1899,.T.);
#2034=FACE_BOUND('',#1900,.T.);
#2035=FACE_BOUND('',#1901,.T.);
#2036=FACE_BOUND('',#1902,.T.);
#2037=FACE_BOUND('',#1903,.T.);
#2038=FACE_BOUND('',#1904,.T.);
#2039=FACE_BOUND('',#1905,.T.);
#2040=FACE_BOUND('',#1906,.T.);
#2041=FACE_BOUND('',#1907,.T.);
#2042=FACE_BOUND('',#1908,.T.);
#2043=FACE_BOUND('',#1909,.T.);
#2044=FACE_BOUND('',#1910,.T.);
#2045=FACE_BOUND('',#1911,.T.);
#2046=FACE_BOUND('',#1912,.T.);
#2047=FACE_BOUND('',#1913,.T.);
#2048=FACE_BOUND('',#1914,.T.);
#2049=FACE_BOUND('',#1915,.T.);
#2050=FACE_BOUND('',#1916,.T.);
#2051=FACE_BOUND('',#1917,.T.);
#2052=FACE_BOUND('',#1918,.T.);
#2053=FACE_BOUND('',#1919,.T.);
#2054=FACE_BOUND('',#1920,.T.);
#2055=FACE_BOUND('',#1921,.T.);
#2056=FACE_BOUND('',#1922,.T.);
#2057=FACE_BOUND('',#1923,.T.);
#2058=FACE_BOUND('',#1924,.T.);
#2059=FACE_BOUND('',#1925,.T.);
#2060=FACE_BOUND('',#1926,.T.);
#2061=FACE_BOUND('',#1927,.T.);
#2062=FACE_BOUND('',#1928,.T.);
#2063=FACE_BOUND('',#1929,.T.);
#2064=FACE_BOUND('',#1930,.T.);
#2065=FACE_BOUND('',#1931,.T.);
#2066=FACE_BOUND('',#1932,.T.);
#2067=FACE_BOUND('',#1933,.T.);
#2068=FACE_BOUND('',#1934,.T.);
#2069=FACE_BOUND('',#1935,.T.);
#2070=FACE_BOUND('',#1936,.T.);
#2071=FACE_BOUND('',#1937,.T.);
#2072=FACE_BOUND('',#1938,.T.);
#2073=FACE_BOUND('',#1939,.T.);
#2074=FACE_BOUND('',#1940,.T.);
#2075=FACE_BOUND('',#1941,.T.);
#2076=PLANE('',#2418);
#2077=PLANE('',#2422);
#2078=PLANE('',#2424);
#2079=PLANE('',#2425);
#2080=PLANE('',#2427);
#2081=PLANE('',#2428);
#2082=PLANE('',#2429);
#2083=PLANE('',#2430);
#2084=PLANE('',#2431);
#2085=PLANE('',#2432);
#2086=PLANE('',#2433);
#2087=PLANE('',#2434);
#2088=PLANE('',#2435);
#2089=PLANE('',#2436);
#2090=PLANE('',#2437);
#2091=PLANE('',#2438);
#2092=PLANE('',#2441);
#2093=PLANE('',#2443);
#2094=PLANE('',#2444);
#2095=PLANE('',#2448);
#2096=PLANE('',#2452);
#2097=PLANE('',#2453);
#2098=PLANE('',#2454);
#2099=PLANE('',#2458);
#2100=PLANE('',#2462);
#2101=PLANE('',#2463);
#2102=PLANE('',#2464);
#2103=PLANE('',#2466);
#2104=PLANE('',#2467);
#2105=PLANE('',#2471);
#2106=PLANE('',#2475);
#2107=PLANE('',#2476);
#2108=PLANE('',#2477);
#2109=PLANE('',#2481);
#2110=PLANE('',#2485);
#2111=PLANE('',#2486);
#2112=PLANE('',#2487);
#2113=PLANE('',#2489);
#2114=PLANE('',#2490);
#2115=PLANE('',#2494);
#2116=PLANE('',#2498);
#2117=PLANE('',#2499);
#2118=PLANE('',#2500);
#2119=PLANE('',#2504);
#2120=PLANE('',#2508);
#2121=PLANE('',#2509);
#2122=PLANE('',#2510);
#2123=PLANE('',#2512);
#2124=PLANE('',#2513);
#2125=PLANE('',#2517);
#2126=PLANE('',#2521);
#2127=PLANE('',#2522);
#2128=PLANE('',#2523);
#2129=PLANE('',#2527);
#2130=PLANE('',#2531);
#2131=PLANE('',#2532);
#2132=PLANE('',#2533);
#2133=PLANE('',#2535);
#2134=PLANE('',#2536);
#2135=PLANE('',#2540);
#2136=PLANE('',#2544);
#2137=PLANE('',#2545);
#2138=PLANE('',#2546);
#2139=PLANE('',#2550);
#2140=PLANE('',#2554);
#2141=PLANE('',#2555);
#2142=PLANE('',#2556);
#2143=PLANE('',#2558);
#2144=PLANE('',#2559);
#2145=PLANE('',#2563);
#2146=PLANE('',#2567);
#2147=PLANE('',#2568);
#2148=PLANE('',#2569);
#2149=PLANE('',#2573);
#2150=PLANE('',#2577);
#2151=PLANE('',#2578);
#2152=PLANE('',#2579);
#2153=PLANE('',#2581);
#2154=PLANE('',#2582);
#2155=PLANE('',#2586);
#2156=PLANE('',#2590);
#2157=PLANE('',#2591);
#2158=PLANE('',#2592);
#2159=PLANE('',#2596);
#2160=PLANE('',#2600);
#2161=PLANE('',#2601);
#2162=PLANE('',#2602);
#2163=PLANE('',#2604);
#2164=PLANE('',#2605);
#2165=PLANE('',#2609);
#2166=PLANE('',#2613);
#2167=PLANE('',#2614);
#2168=PLANE('',#2615);
#2169=PLANE('',#2619);
#2170=PLANE('',#2623);
#2171=PLANE('',#2624);
#2172=PLANE('',#2625);
#2173=ADVANCED_FACE('',(#1942),#2076,.F.);
#2174=ADVANCED_FACE('',(#1943,#1944),#534,.T.);
#2175=ADVANCED_FACE('',(#1945),#2077,.F.);
#2176=ADVANCED_FACE('',(#1946),#2078,.T.);
#2177=ADVANCED_FACE('',(#1947,#1948),#2079,.F.);
#2178=ADVANCED_FACE('',(#1949),#2080,.F.);
#2179=ADVANCED_FACE('',(#1950),#2081,.F.);
#2180=ADVANCED_FACE('',(#1951),#2082,.T.);
#2181=ADVANCED_FACE('',(#1952),#2083,.T.);
#2182=ADVANCED_FACE('',(#1953),#2084,.T.);
#2183=ADVANCED_FACE('',(#1954),#2085,.F.);
#2184=ADVANCED_FACE('',(#1955),#2086,.F.);
#2185=ADVANCED_FACE('',(#1956),#2087,.T.);
#2186=ADVANCED_FACE('',(#1957),#2088,.T.);
#2187=ADVANCED_FACE('',(#1958),#2089,.F.);
#2188=ADVANCED_FACE('',(#1959),#2090,.T.);
#2189=ADVANCED_FACE('',(#1960),#2091,.F.);
#2190=ADVANCED_FACE('',(#1961,#1962),#535,.F.);
#2191=ADVANCED_FACE('',(#1963),#2092,.T.);
#2192=ADVANCED_FACE('',(#1964),#2093,.T.);
#2193=ADVANCED_FACE('',(#1965),#2094,.T.);
#2194=ADVANCED_FACE('',(#1966),#536,.F.);
#2195=ADVANCED_FACE('',(#1967),#2095,.T.);
#2196=ADVANCED_FACE('',(#1968),#537,.T.);
#2197=ADVANCED_FACE('',(#1969),#2096,.T.);
#2198=ADVANCED_FACE('',(#1970),#2097,.F.);
#2199=ADVANCED_FACE('',(#1971),#2098,.F.);
#2200=ADVANCED_FACE('',(#1972),#538,.F.);
#2201=ADVANCED_FACE('',(#1973),#2099,.F.);
#2202=ADVANCED_FACE('',(#1974),#539,.T.);
#2203=ADVANCED_FACE('',(#1975),#2100,.F.);
#2204=ADVANCED_FACE('',(#1976),#2101,.T.);
#2205=ADVANCED_FACE('',(#1977),#2102,.F.);
#2206=ADVANCED_FACE('',(#1978),#2103,.T.);
#2207=ADVANCED_FACE('',(#1979),#2104,.T.);
#2208=ADVANCED_FACE('',(#1980),#540,.F.);
#2209=ADVANCED_FACE('',(#1981),#2105,.T.);
#2210=ADVANCED_FACE('',(#1982),#541,.T.);
#2211=ADVANCED_FACE('',(#1983),#2106,.T.);
#2212=ADVANCED_FACE('',(#1984),#2107,.F.);
#2213=ADVANCED_FACE('',(#1985),#2108,.F.);
#2214=ADVANCED_FACE('',(#1986),#542,.F.);
#2215=ADVANCED_FACE('',(#1987),#2109,.F.);
#2216=ADVANCED_FACE('',(#1988),#543,.T.);
#2217=ADVANCED_FACE('',(#1989),#2110,.F.);
#2218=ADVANCED_FACE('',(#1990),#2111,.T.);
#2219=ADVANCED_FACE('',(#1991),#2112,.F.);
#2220=ADVANCED_FACE('',(#1992),#2113,.T.);
#2221=ADVANCED_FACE('',(#1993),#2114,.T.);
#2222=ADVANCED_FACE('',(#1994),#544,.F.);
#2223=ADVANCED_FACE('',(#1995),#2115,.T.);
#2224=ADVANCED_FACE('',(#1996),#545,.T.);
#2225=ADVANCED_FACE('',(#1997),#2116,.T.);
#2226=ADVANCED_FACE('',(#1998),#2117,.F.);
#2227=ADVANCED_FACE('',(#1999),#2118,.F.);
#2228=ADVANCED_FACE('',(#2000),#546,.F.);
#2229=ADVANCED_FACE('',(#2001),#2119,.F.);
#2230=ADVANCED_FACE('',(#2002),#547,.T.);
#2231=ADVANCED_FACE('',(#2003),#2120,.F.);
#2232=ADVANCED_FACE('',(#2004),#2121,.T.);
#2233=ADVANCED_FACE('',(#2005),#2122,.F.);
#2234=ADVANCED_FACE('',(#2006),#2123,.T.);
#2235=ADVANCED_FACE('',(#2007),#2124,.T.);
#2236=ADVANCED_FACE('',(#2008),#548,.F.);
#2237=ADVANCED_FACE('',(#2009),#2125,.T.);
#2238=ADVANCED_FACE('',(#2010),#549,.T.);
#2239=ADVANCED_FACE('',(#2011),#2126,.T.);
#2240=ADVANCED_FACE('',(#2012),#2127,.F.);
#2241=ADVANCED_FACE('',(#2013),#2128,.F.);
#2242=ADVANCED_FACE('',(#2014),#550,.F.);
#2243=ADVANCED_FACE('',(#2015),#2129,.F.);
#2244=ADVANCED_FACE('',(#2016),#551,.T.);
#2245=ADVANCED_FACE('',(#2017),#2130,.F.);
#2246=ADVANCED_FACE('',(#2018),#2131,.T.);
#2247=ADVANCED_FACE('',(#2019),#2132,.F.);
#2248=ADVANCED_FACE('',(#2020),#2133,.T.);
#2249=ADVANCED_FACE('',(#2021),#2134,.T.);
#2250=ADVANCED_FACE('',(#2022),#552,.F.);
#2251=ADVANCED_FACE('',(#2023),#2135,.T.);
#2252=ADVANCED_FACE('',(#2024),#553,.T.);
#2253=ADVANCED_FACE('',(#2025),#2136,.T.);
#2254=ADVANCED_FACE('',(#2026),#2137,.F.);
#2255=ADVANCED_FACE('',(#2027),#2138,.F.);
#2256=ADVANCED_FACE('',(#2028),#554,.F.);
#2257=ADVANCED_FACE('',(#2029),#2139,.F.);
#2258=ADVANCED_FACE('',(#2030),#555,.T.);
#2259=ADVANCED_FACE('',(#2031),#2140,.F.);
#2260=ADVANCED_FACE('',(#2032),#2141,.T.);
#2261=ADVANCED_FACE('',(#2033),#2142,.F.);
#2262=ADVANCED_FACE('',(#2034),#2143,.T.);
#2263=ADVANCED_FACE('',(#2035),#2144,.T.);
#2264=ADVANCED_FACE('',(#2036),#556,.F.);
#2265=ADVANCED_FACE('',(#2037),#2145,.T.);
#2266=ADVANCED_FACE('',(#2038),#557,.T.);
#2267=ADVANCED_FACE('',(#2039),#2146,.T.);
#2268=ADVANCED_FACE('',(#2040),#2147,.F.);
#2269=ADVANCED_FACE('',(#2041),#2148,.F.);
#2270=ADVANCED_FACE('',(#2042),#558,.F.);
#2271=ADVANCED_FACE('',(#2043),#2149,.F.);
#2272=ADVANCED_FACE('',(#2044),#559,.T.);
#2273=ADVANCED_FACE('',(#2045),#2150,.F.);
#2274=ADVANCED_FACE('',(#2046),#2151,.T.);
#2275=ADVANCED_FACE('',(#2047),#2152,.F.);
#2276=ADVANCED_FACE('',(#2048),#2153,.T.);
#2277=ADVANCED_FACE('',(#2049),#2154,.T.);
#2278=ADVANCED_FACE('',(#2050),#560,.F.);
#2279=ADVANCED_FACE('',(#2051),#2155,.T.);
#2280=ADVANCED_FACE('',(#2052),#561,.T.);
#2281=ADVANCED_FACE('',(#2053),#2156,.T.);
#2282=ADVANCED_FACE('',(#2054),#2157,.F.);
#2283=ADVANCED_FACE('',(#2055),#2158,.F.);
#2284=ADVANCED_FACE('',(#2056),#562,.F.);
#2285=ADVANCED_FACE('',(#2057),#2159,.F.);
#2286=ADVANCED_FACE('',(#2058),#563,.T.);
#2287=ADVANCED_FACE('',(#2059),#2160,.F.);
#2288=ADVANCED_FACE('',(#2060),#2161,.T.);
#2289=ADVANCED_FACE('',(#2061),#2162,.F.);
#2290=ADVANCED_FACE('',(#2062),#2163,.T.);
#2291=ADVANCED_FACE('',(#2063),#2164,.T.);
#2292=ADVANCED_FACE('',(#2064),#564,.F.);
#2293=ADVANCED_FACE('',(#2065),#2165,.T.);
#2294=ADVANCED_FACE('',(#2066),#565,.T.);
#2295=ADVANCED_FACE('',(#2067),#2166,.T.);
#2296=ADVANCED_FACE('',(#2068),#2167,.F.);
#2297=ADVANCED_FACE('',(#2069),#2168,.F.);
#2298=ADVANCED_FACE('',(#2070),#566,.F.);
#2299=ADVANCED_FACE('',(#2071),#2169,.F.);
#2300=ADVANCED_FACE('',(#2072),#567,.T.);
#2301=ADVANCED_FACE('',(#2073),#2170,.F.);
#2302=ADVANCED_FACE('',(#2074),#2171,.T.);
#2303=ADVANCED_FACE('',(#2075),#2172,.F.);
#2304=CLOSED_SHELL('',(#2173,#2174,#2175));
#2305=CLOSED_SHELL('',(#2176,#2177,#2178,#2179,#2180,#2181,#2182,#2183,
#2184,#2185,#2186,#2187,#2188,#2189,#2190,#2191));
#2306=CLOSED_SHELL('',(#2192,#2193,#2194,#2195,#2196,#2197,#2198,#2199,
#2200,#2201,#2202,#2203,#2204,#2205));
#2307=CLOSED_SHELL('',(#2206,#2207,#2208,#2209,#2210,#2211,#2212,#2213,
#2214,#2215,#2216,#2217,#2218,#2219));
#2308=CLOSED_SHELL('',(#2220,#2221,#2222,#2223,#2224,#2225,#2226,#2227,
#2228,#2229,#2230,#2231,#2232,#2233));
#2309=CLOSED_SHELL('',(#2234,#2235,#2236,#2237,#2238,#2239,#2240,#2241,
#2242,#2243,#2244,#2245,#2246,#2247));
#2310=CLOSED_SHELL('',(#2248,#2249,#2250,#2251,#2252,#2253,#2254,#2255,
#2256,#2257,#2258,#2259,#2260,#2261));
#2311=CLOSED_SHELL('',(#2262,#2263,#2264,#2265,#2266,#2267,#2268,#2269,
#2270,#2271,#2272,#2273,#2274,#2275));
#2312=CLOSED_SHELL('',(#2276,#2277,#2278,#2279,#2280,#2281,#2282,#2283,
#2284,#2285,#2286,#2287,#2288,#2289));
#2313=CLOSED_SHELL('',(#2290,#2291,#2292,#2293,#2294,#2295,#2296,#2297,
#2298,#2299,#2300,#2301,#2302,#2303));
#2314=STYLED_ITEM('',(#2324),#2387);
#2315=STYLED_ITEM('',(#2325),#2388);
#2316=STYLED_ITEM('',(#2326),#2389);
#2317=STYLED_ITEM('',(#2327),#2390);
#2318=STYLED_ITEM('',(#2328),#2391);
#2319=STYLED_ITEM('',(#2329),#2392);
#2320=STYLED_ITEM('',(#2330),#2393);
#2321=STYLED_ITEM('',(#2331),#2394);
#2322=STYLED_ITEM('',(#2332),#2395);
#2323=STYLED_ITEM('',(#2333),#2396);
#2324=PRESENTATION_STYLE_ASSIGNMENT((#2334));
#2325=PRESENTATION_STYLE_ASSIGNMENT((#2335));
#2326=PRESENTATION_STYLE_ASSIGNMENT((#2336));
#2327=PRESENTATION_STYLE_ASSIGNMENT((#2337));
#2328=PRESENTATION_STYLE_ASSIGNMENT((#2338));
#2329=PRESENTATION_STYLE_ASSIGNMENT((#2339));
#2330=PRESENTATION_STYLE_ASSIGNMENT((#2340));
#2331=PRESENTATION_STYLE_ASSIGNMENT((#2341));
#2332=PRESENTATION_STYLE_ASSIGNMENT((#2342));
#2333=PRESENTATION_STYLE_ASSIGNMENT((#2343));
#2334=SURFACE_STYLE_USAGE(.BOTH.,#2344);
#2335=SURFACE_STYLE_USAGE(.BOTH.,#2345);
#2336=SURFACE_STYLE_USAGE(.BOTH.,#2346);
#2337=SURFACE_STYLE_USAGE(.BOTH.,#2347);
#2338=SURFACE_STYLE_USAGE(.BOTH.,#2348);
#2339=SURFACE_STYLE_USAGE(.BOTH.,#2349);
#2340=SURFACE_STYLE_USAGE(.BOTH.,#2350);
#2341=SURFACE_STYLE_USAGE(.BOTH.,#2351);
#2342=SURFACE_STYLE_USAGE(.BOTH.,#2352);
#2343=SURFACE_STYLE_USAGE(.BOTH.,#2353);
#2344=SURFACE_SIDE_STYLE('',(#2354));
#2345=SURFACE_SIDE_STYLE('',(#2355));
#2346=SURFACE_SIDE_STYLE('',(#2356));
#2347=SURFACE_SIDE_STYLE('',(#2357));
#2348=SURFACE_SIDE_STYLE('',(#2358));
#2349=SURFACE_SIDE_STYLE('',(#2359));
#2350=SURFACE_SIDE_STYLE('',(#2360));
#2351=SURFACE_SIDE_STYLE('',(#2361));
#2352=SURFACE_SIDE_STYLE('',(#2362));
#2353=SURFACE_SIDE_STYLE('',(#2363));
#2354=SURFACE_STYLE_FILL_AREA(#2364);
#2355=SURFACE_STYLE_FILL_AREA(#2365);
#2356=SURFACE_STYLE_FILL_AREA(#2366);
#2357=SURFACE_STYLE_FILL_AREA(#2367);
#2358=SURFACE_STYLE_FILL_AREA(#2368);
#2359=SURFACE_STYLE_FILL_AREA(#2369);
#2360=SURFACE_STYLE_FILL_AREA(#2370);
#2361=SURFACE_STYLE_FILL_AREA(#2371);
#2362=SURFACE_STYLE_FILL_AREA(#2372);
#2363=SURFACE_STYLE_FILL_AREA(#2373);
#2364=FILL_AREA_STYLE('',(#2374));
#2365=FILL_AREA_STYLE('',(#2375));
#2366=FILL_AREA_STYLE('',(#2376));
#2367=FILL_AREA_STYLE('',(#2377));
#2368=FILL_AREA_STYLE('',(#2378));
#2369=FILL_AREA_STYLE('',(#2379));
#2370=FILL_AREA_STYLE('',(#2380));
#2371=FILL_AREA_STYLE('',(#2381));
#2372=FILL_AREA_STYLE('',(#2382));
#2373=FILL_AREA_STYLE('',(#2383));
#2374=FILL_AREA_STYLE_COLOUR('',#2384);
#2375=FILL_AREA_STYLE_COLOUR('',#2385);
#2376=FILL_AREA_STYLE_COLOUR('',#2386);
#2377=FILL_AREA_STYLE_COLOUR('',#2386);
#2378=FILL_AREA_STYLE_COLOUR('',#2386);
#2379=FILL_AREA_STYLE_COLOUR('',#2386);
#2380=FILL_AREA_STYLE_COLOUR('',#2386);
#2381=FILL_AREA_STYLE_COLOUR('',#2386);
#2382=FILL_AREA_STYLE_COLOUR('',#2386);
#2383=FILL_AREA_STYLE_COLOUR('',#2386);
#2384=COLOUR_RGB('',0.870588235294118,0.870588235294118,0.870588235294118);
#2385=COLOUR_RGB('',0.2,0.2,0.2);
#2386=COLOUR_RGB('',0.8,0.8,0.8);
#2387=MANIFOLD_SOLID_BREP('Part 10',#2304);
#2388=MANIFOLD_SOLID_BREP('Part 1',#2305);
#2389=MANIFOLD_SOLID_BREP('Part 2',#2306);
#2390=MANIFOLD_SOLID_BREP('Part 3',#2307);
#2391=MANIFOLD_SOLID_BREP('Part 4',#2308);
#2392=MANIFOLD_SOLID_BREP('Part 5',#2309);
#2393=MANIFOLD_SOLID_BREP('Part 6',#2310);
#2394=MANIFOLD_SOLID_BREP('Part 7',#2311);
#2395=MANIFOLD_SOLID_BREP('Part 8',#2312);
#2396=MANIFOLD_SOLID_BREP('Part 9',#2313);
#2397=SHAPE_DEFINITION_REPRESENTATION(#4029,#2407);
#2398=SHAPE_DEFINITION_REPRESENTATION(#4030,#2408);
#2399=SHAPE_DEFINITION_REPRESENTATION(#4031,#2409);
#2400=SHAPE_DEFINITION_REPRESENTATION(#4032,#2410);
#2401=SHAPE_DEFINITION_REPRESENTATION(#4033,#2411);
#2402=SHAPE_DEFINITION_REPRESENTATION(#4034,#2412);
#2403=SHAPE_DEFINITION_REPRESENTATION(#4035,#2413);
#2404=SHAPE_DEFINITION_REPRESENTATION(#4036,#2414);
#2405=SHAPE_DEFINITION_REPRESENTATION(#4037,#2415);
#2406=SHAPE_DEFINITION_REPRESENTATION(#4038,#2416);
#2407=SHAPE_REPRESENTATION('Part 10',(#2417),#3979);
#2408=SHAPE_REPRESENTATION('Part 1',(#2423),#3980);
#2409=SHAPE_REPRESENTATION('Part 2',(#2442),#3981);
#2410=SHAPE_REPRESENTATION('Part 3',(#2465),#3982);
#2411=SHAPE_REPRESENTATION('Part 4',(#2488),#3983);
#2412=SHAPE_REPRESENTATION('Part 5',(#2511),#3984);
#2413=SHAPE_REPRESENTATION('Part 6',(#2534),#3985);
#2414=SHAPE_REPRESENTATION('Part 7',(#2557),#3986);
#2415=SHAPE_REPRESENTATION('Part 8',(#2580),#3987);
#2416=SHAPE_REPRESENTATION('Part 9',(#2603),#3988);
#2417=AXIS2_PLACEMENT_3D('',#3296,#2626,#2627);
#2418=AXIS2_PLACEMENT_3D('',#3297,#2628,#2629);
#2419=AXIS2_PLACEMENT_3D('',#3298,#2630,#2631);
#2420=AXIS2_PLACEMENT_3D('',#3300,#2632,#2633);
#2421=AXIS2_PLACEMENT_3D('',#3301,#2634,#2635);
#2422=AXIS2_PLACEMENT_3D('',#3303,#2636,#2637);
#2423=AXIS2_PLACEMENT_3D('',#3304,#2638,#2639);
#2424=AXIS2_PLACEMENT_3D('',#3305,#2640,#2641);
#2425=AXIS2_PLACEMENT_3D('',#3314,#2646,#2647);
#2426=AXIS2_PLACEMENT_3D('',#3315,#2648,#2649);
#2427=AXIS2_PLACEMENT_3D('',#3325,#2654,#2655);
#2428=AXIS2_PLACEMENT_3D('',#3331,#2659,#2660);
#2429=AXIS2_PLACEMENT_3D('',#3337,#2664,#2665);
#2430=AXIS2_PLACEMENT_3D('',#3343,#2669,#2670);
#2431=AXIS2_PLACEMENT_3D('',#3349,#2674,#2675);
#2432=AXIS2_PLACEMENT_3D('',#3354,#2680,#2681);
#2433=AXIS2_PLACEMENT_3D('',#3359,#2686,#2687);
#2434=AXIS2_PLACEMENT_3D('',#3360,#2688,#2689);
#2435=AXIS2_PLACEMENT_3D('',#3361,#2690,#2691);
#2436=AXIS2_PLACEMENT_3D('',#3362,#2692,#2693);
#2437=AXIS2_PLACEMENT_3D('',#3363,#2694,#2695);
#2438=AXIS2_PLACEMENT_3D('',#3364,#2696,#2697);
#2439=AXIS2_PLACEMENT_3D('',#3365,#2698,#2699);
#2440=AXIS2_PLACEMENT_3D('',#3366,#2700,#2701);
#2441=AXIS2_PLACEMENT_3D('',#3368,#2702,#2703);
#2442=AXIS2_PLACEMENT_3D('',#3369,#2704,#2705);
#2443=AXIS2_PLACEMENT_3D('',#3370,#2706,#2707);
#2444=AXIS2_PLACEMENT_3D('',#3379,#2712,#2713);
#2445=AXIS2_PLACEMENT_3D('',#3385,#2717,#2718);
#2446=AXIS2_PLACEMENT_3D('',#3386,#2719,#2720);
#2447=AXIS2_PLACEMENT_3D('',#3390,#2722,#2723);
#2448=AXIS2_PLACEMENT_3D('',#3391,#2724,#2725);
#2449=AXIS2_PLACEMENT_3D('',#3397,#2729,#2730);
#2450=AXIS2_PLACEMENT_3D('',#3398,#2731,#2732);
#2451=AXIS2_PLACEMENT_3D('',#3402,#2734,#2735);
#2452=AXIS2_PLACEMENT_3D('',#3403,#2736,#2737);
#2453=AXIS2_PLACEMENT_3D('',#3409,#2741,#2742);
#2454=AXIS2_PLACEMENT_3D('',#3415,#2746,#2747);
#2455=AXIS2_PLACEMENT_3D('',#3421,#2751,#2752);
#2456=AXIS2_PLACEMENT_3D('',#3422,#2753,#2754);
#2457=AXIS2_PLACEMENT_3D('',#3426,#2756,#2757);
#2458=AXIS2_PLACEMENT_3D('',#3427,#2758,#2759);
#2459=AXIS2_PLACEMENT_3D('',#3433,#2763,#2764);
#2460=AXIS2_PLACEMENT_3D('',#3434,#2765,#2766);
#2461=AXIS2_PLACEMENT_3D('',#3438,#2768,#2769);
#2462=AXIS2_PLACEMENT_3D('',#3439,#2770,#2771);
#2463=AXIS2_PLACEMENT_3D('',#3442,#2774,#2775);
#2464=AXIS2_PLACEMENT_3D('',#3443,#2776,#2777);
#2465=AXIS2_PLACEMENT_3D('',#3444,#2778,#2779);
#2466=AXIS2_PLACEMENT_3D('',#3445,#2780,#2781);
#2467=AXIS2_PLACEMENT_3D('',#3454,#2786,#2787);
#2468=AXIS2_PLACEMENT_3D('',#3460,#2791,#2792);
#2469=AXIS2_PLACEMENT_3D('',#3461,#2793,#2794);
#2470=AXIS2_PLACEMENT_3D('',#3465,#2796,#2797);
#2471=AXIS2_PLACEMENT_3D('',#3466,#2798,#2799);
#2472=AXIS2_PLACEMENT_3D('',#3472,#2803,#2804);
#2473=AXIS2_PLACEMENT_3D('',#3473,#2805,#2806);
#2474=AXIS2_PLACEMENT_3D('',#3477,#2808,#2809);
#2475=AXIS2_PLACEMENT_3D('',#3478,#2810,#2811);
#2476=AXIS2_PLACEMENT_3D('',#3484,#2815,#2816);
#2477=AXIS2_PLACEMENT_3D('',#3490,#2820,#2821);
#2478=AXIS2_PLACEMENT_3D('',#3496,#2825,#2826);
#2479=AXIS2_PLACEMENT_3D('',#3497,#2827,#2828);
#2480=AXIS2_PLACEMENT_3D('',#3501,#2830,#2831);
#2481=AXIS2_PLACEMENT_3D('',#3502,#2832,#2833);
#2482=AXIS2_PLACEMENT_3D('',#3508,#2837,#2838);
#2483=AXIS2_PLACEMENT_3D('',#3509,#2839,#2840);
#2484=AXIS2_PLACEMENT_3D('',#3513,#2842,#2843);
#2485=AXIS2_PLACEMENT_3D('',#3514,#2844,#2845);
#2486=AXIS2_PLACEMENT_3D('',#3517,#2848,#2849);
#2487=AXIS2_PLACEMENT_3D('',#3518,#2850,#2851);
#2488=AXIS2_PLACEMENT_3D('',#3519,#2852,#2853);
#2489=AXIS2_PLACEMENT_3D('',#3520,#2854,#2855);
#2490=AXIS2_PLACEMENT_3D('',#3529,#2860,#2861);
#2491=AXIS2_PLACEMENT_3D('',#3535,#2865,#2866);
#2492=AXIS2_PLACEMENT_3D('',#3536,#2867,#2868);
#2493=AXIS2_PLACEMENT_3D('',#3538,#2869,#2870);
#2494=AXIS2_PLACEMENT_3D('',#3541,#2872,#2873);
#2495=AXIS2_PLACEMENT_3D('',#3547,#2877,#2878);
#2496=AXIS2_PLACEMENT_3D('',#3548,#2879,#2880);
#2497=AXIS2_PLACEMENT_3D('',#3550,#2881,#2882);
#2498=AXIS2_PLACEMENT_3D('',#3553,#2884,#2885);
#2499=AXIS2_PLACEMENT_3D('',#3559,#2889,#2890);
#2500=AXIS2_PLACEMENT_3D('',#3565,#2894,#2895);
#2501=AXIS2_PLACEMENT_3D('',#3571,#2899,#2900);
#2502=AXIS2_PLACEMENT_3D('',#3572,#2901,#2902);
#2503=AXIS2_PLACEMENT_3D('',#3574,#2903,#2904);
#2504=AXIS2_PLACEMENT_3D('',#3577,#2906,#2907);
#2505=AXIS2_PLACEMENT_3D('',#3583,#2911,#2912);
#2506=AXIS2_PLACEMENT_3D('',#3584,#2913,#2914);
#2507=AXIS2_PLACEMENT_3D('',#3586,#2915,#2916);
#2508=AXIS2_PLACEMENT_3D('',#3589,#2918,#2919);
#2509=AXIS2_PLACEMENT_3D('',#3592,#2922,#2923);
#2510=AXIS2_PLACEMENT_3D('',#3593,#2924,#2925);
#2511=AXIS2_PLACEMENT_3D('',#3594,#2926,#2927);
#2512=AXIS2_PLACEMENT_3D('',#3595,#2928,#2929);
#2513=AXIS2_PLACEMENT_3D('',#3604,#2934,#2935);
#2514=AXIS2_PLACEMENT_3D('',#3610,#2939,#2940);
#2515=AXIS2_PLACEMENT_3D('',#3611,#2941,#2942);
#2516=AXIS2_PLACEMENT_3D('',#3613,#2943,#2944);
#2517=AXIS2_PLACEMENT_3D('',#3616,#2946,#2947);
#2518=AXIS2_PLACEMENT_3D('',#3622,#2951,#2952);
#2519=AXIS2_PLACEMENT_3D('',#3623,#2953,#2954);
#2520=AXIS2_PLACEMENT_3D('',#3625,#2955,#2956);
#2521=AXIS2_PLACEMENT_3D('',#3628,#2958,#2959);
#2522=AXIS2_PLACEMENT_3D('',#3634,#2963,#2964);
#2523=AXIS2_PLACEMENT_3D('',#3640,#2968,#2969);
#2524=AXIS2_PLACEMENT_3D('',#3646,#2973,#2974);
#2525=AXIS2_PLACEMENT_3D('',#3647,#2975,#2976);
#2526=AXIS2_PLACEMENT_3D('',#3649,#2977,#2978);
#2527=AXIS2_PLACEMENT_3D('',#3652,#2980,#2981);
#2528=AXIS2_PLACEMENT_3D('',#3658,#2985,#2986);
#2529=AXIS2_PLACEMENT_3D('',#3659,#2987,#2988);
#2530=AXIS2_PLACEMENT_3D('',#3661,#2989,#2990);
#2531=AXIS2_PLACEMENT_3D('',#3664,#2992,#2993);
#2532=AXIS2_PLACEMENT_3D('',#3667,#2996,#2997);
#2533=AXIS2_PLACEMENT_3D('',#3668,#2998,#2999);
#2534=AXIS2_PLACEMENT_3D('',#3669,#3000,#3001);
#2535=AXIS2_PLACEMENT_3D('',#3670,#3002,#3003);
#2536=AXIS2_PLACEMENT_3D('',#3679,#3008,#3009);
#2537=AXIS2_PLACEMENT_3D('',#3685,#3013,#3014);
#2538=AXIS2_PLACEMENT_3D('',#3686,#3015,#3016);
#2539=AXIS2_PLACEMENT_3D('',#3688,#3017,#3018);
#2540=AXIS2_PLACEMENT_3D('',#3691,#3020,#3021);
#2541=AXIS2_PLACEMENT_3D('',#3697,#3025,#3026);
#2542=AXIS2_PLACEMENT_3D('',#3698,#3027,#3028);
#2543=AXIS2_PLACEMENT_3D('',#3700,#3029,#3030);
#2544=AXIS2_PLACEMENT_3D('',#3703,#3032,#3033);
#2545=AXIS2_PLACEMENT_3D('',#3709,#3037,#3038);
#2546=AXIS2_PLACEMENT_3D('',#3715,#3042,#3043);
#2547=AXIS2_PLACEMENT_3D('',#3721,#3047,#3048);
#2548=AXIS2_PLACEMENT_3D('',#3722,#3049,#3050);
#2549=AXIS2_PLACEMENT_3D('',#3724,#3051,#3052);
#2550=AXIS2_PLACEMENT_3D('',#3727,#3054,#3055);
#2551=AXIS2_PLACEMENT_3D('',#3733,#3059,#3060);
#2552=AXIS2_PLACEMENT_3D('',#3734,#3061,#3062);
#2553=AXIS2_PLACEMENT_3D('',#3736,#3063,#3064);
#2554=AXIS2_PLACEMENT_3D('',#3739,#3066,#3067);
#2555=AXIS2_PLACEMENT_3D('',#3742,#3070,#3071);
#2556=AXIS2_PLACEMENT_3D('',#3743,#3072,#3073);
#2557=AXIS2_PLACEMENT_3D('',#3744,#3074,#3075);
#2558=AXIS2_PLACEMENT_3D('',#3745,#3076,#3077);
#2559=AXIS2_PLACEMENT_3D('',#3754,#3082,#3083);
#2560=AXIS2_PLACEMENT_3D('',#3760,#3087,#3088);
#2561=AXIS2_PLACEMENT_3D('',#3761,#3089,#3090);
#2562=AXIS2_PLACEMENT_3D('',#3763,#3091,#3092);
#2563=AXIS2_PLACEMENT_3D('',#3766,#3094,#3095);
#2564=AXIS2_PLACEMENT_3D('',#3772,#3099,#3100);
#2565=AXIS2_PLACEMENT_3D('',#3773,#3101,#3102);
#2566=AXIS2_PLACEMENT_3D('',#3775,#3103,#3104);
#2567=AXIS2_PLACEMENT_3D('',#3778,#3106,#3107);
#2568=AXIS2_PLACEMENT_3D('',#3784,#3111,#3112);
#2569=AXIS2_PLACEMENT_3D('',#3790,#3116,#3117);
#2570=AXIS2_PLACEMENT_3D('',#3796,#3121,#3122);
#2571=AXIS2_PLACEMENT_3D('',#3797,#3123,#3124);
#2572=AXIS2_PLACEMENT_3D('',#3799,#3125,#3126);
#2573=AXIS2_PLACEMENT_3D('',#3802,#3128,#3129);
#2574=AXIS2_PLACEMENT_3D('',#3808,#3133,#3134);
#2575=AXIS2_PLACEMENT_3D('',#3809,#3135,#3136);
#2576=AXIS2_PLACEMENT_3D('',#3811,#3137,#3138);
#2577=AXIS2_PLACEMENT_3D('',#3814,#3140,#3141);
#2578=AXIS2_PLACEMENT_3D('',#3817,#3144,#3145);
#2579=AXIS2_PLACEMENT_3D('',#3818,#3146,#3147);
#2580=AXIS2_PLACEMENT_3D('',#3819,#3148,#3149);
#2581=AXIS2_PLACEMENT_3D('',#3820,#3150,#3151);
#2582=AXIS2_PLACEMENT_3D('',#3829,#3156,#3157);
#2583=AXIS2_PLACEMENT_3D('',#3835,#3161,#3162);
#2584=AXIS2_PLACEMENT_3D('',#3836,#3163,#3164);
#2585=AXIS2_PLACEMENT_3D('',#3840,#3166,#3167);
#2586=AXIS2_PLACEMENT_3D('',#3841,#3168,#3169);
#2587=AXIS2_PLACEMENT_3D('',#3847,#3173,#3174);
#2588=AXIS2_PLACEMENT_3D('',#3848,#3175,#3176);
#2589=AXIS2_PLACEMENT_3D('',#3852,#3178,#3179);
#2590=AXIS2_PLACEMENT_3D('',#3853,#3180,#3181);
#2591=AXIS2_PLACEMENT_3D('',#3859,#3185,#3186);
#2592=AXIS2_PLACEMENT_3D('',#3865,#3190,#3191);
#2593=AXIS2_PLACEMENT_3D('',#3871,#3195,#3196);
#2594=AXIS2_PLACEMENT_3D('',#3872,#3197,#3198);
#2595=AXIS2_PLACEMENT_3D('',#3876,#3200,#3201);
#2596=AXIS2_PLACEMENT_3D('',#3877,#3202,#3203);
#2597=AXIS2_PLACEMENT_3D('',#3883,#3207,#3208);
#2598=AXIS2_PLACEMENT_3D('',#3884,#3209,#3210);
#2599=AXIS2_PLACEMENT_3D('',#3888,#3212,#3213);
#2600=AXIS2_PLACEMENT_3D('',#3889,#3214,#3215);
#2601=AXIS2_PLACEMENT_3D('',#3892,#3218,#3219);
#2602=AXIS2_PLACEMENT_3D('',#3893,#3220,#3221);
#2603=AXIS2_PLACEMENT_3D('',#3894,#3222,#3223);
#2604=AXIS2_PLACEMENT_3D('',#3895,#3224,#3225);
#2605=AXIS2_PLACEMENT_3D('',#3904,#3230,#3231);
#2606=AXIS2_PLACEMENT_3D('',#3910,#3235,#3236);
#2607=AXIS2_PLACEMENT_3D('',#3911,#3237,#3238);
#2608=AXIS2_PLACEMENT_3D('',#3915,#3240,#3241);
#2609=AXIS2_PLACEMENT_3D('',#3916,#3242,#3243);
#2610=AXIS2_PLACEMENT_3D('',#3922,#3247,#3248);
#2611=AXIS2_PLACEMENT_3D('',#3923,#3249,#3250);
#2612=AXIS2_PLACEMENT_3D('',#3927,#3252,#3253);
#2613=AXIS2_PLACEMENT_3D('',#3928,#3254,#3255);
#2614=AXIS2_PLACEMENT_3D('',#3934,#3259,#3260);
#2615=AXIS2_PLACEMENT_3D('',#3940,#3264,#3265);
#2616=AXIS2_PLACEMENT_3D('',#3946,#3269,#3270);
#2617=AXIS2_PLACEMENT_3D('',#3947,#3271,#3272);
#2618=AXIS2_PLACEMENT_3D('',#3951,#3274,#3275);
#2619=AXIS2_PLACEMENT_3D('',#3952,#3276,#3277);
#2620=AXIS2_PLACEMENT_3D('',#3958,#3281,#3282);
#2621=AXIS2_PLACEMENT_3D('',#3959,#3283,#3284);
#2622=AXIS2_PLACEMENT_3D('',#3963,#3286,#3287);
#2623=AXIS2_PLACEMENT_3D('',#3964,#3288,#3289);
#2624=AXIS2_PLACEMENT_3D('',#3967,#3292,#3293);
#2625=AXIS2_PLACEMENT_3D('',#3968,#3294,#3295);
#2626=DIRECTION('',(0.,0.,1.));
#2627=DIRECTION('',(1.,0.,0.));
#2628=DIRECTION('',(0.,0.,-1.));
#2629=DIRECTION('',(-1.,0.,0.));
#2630=DIRECTION('',(0.,0.,-1.));
#2631=DIRECTION('',(-1.,0.,0.));
#2632=DIRECTION('',(0.,0.,-1.));
#2633=DIRECTION('',(-1.,0.,0.));
#2634=DIRECTION('',(0.,0.,1.));
#2635=DIRECTION('',(1.,0.,0.));
#2636=DIRECTION('',(0.,0.,1.));
#2637=DIRECTION('',(1.,0.,0.));
#2638=DIRECTION('',(0.,0.,1.));
#2639=DIRECTION('',(1.,0.,0.));
#2640=DIRECTION('',(1.20203476309564E-16,0.,-1.));
#2641=DIRECTION('',(-1.,0.,-1.20203476309564E-16));
#2642=DIRECTION('',(-1.,0.,0.));
#2643=DIRECTION('',(0.,1.,0.));
#2644=DIRECTION('',(-1.,0.,0.));
#2645=DIRECTION('',(0.,1.,0.));
#2646=DIRECTION('',(0.,0.,-1.));
#2647=DIRECTION('',(-1.,0.,0.));
#2648=DIRECTION('',(0.,0.,1.));
#2649=DIRECTION('',(1.,0.,0.));
#2650=DIRECTION('',(-1.,0.,0.));
#2651=DIRECTION('',(0.,1.,0.));
#2652=DIRECTION('',(-1.,0.,0.));
#2653=DIRECTION('',(0.,1.,0.));
#2654=DIRECTION('',(-0.984807753012208,0.,0.17364817766693));
#2655=DIRECTION('',(0.17364817766693,0.,0.984807753012208));
#2656=DIRECTION('',(0.171087869746036,0.171087869746036,0.970287525247814));
#2657=DIRECTION('',(0.,1.,0.));
#2658=DIRECTION('',(0.171087869746036,-0.171087869746036,0.970287525247814));
#2659=DIRECTION('',(-0.984807753012208,0.,-0.17364817766693));
#2660=DIRECTION('',(-0.17364817766693,0.,0.984807753012208));
#2661=DIRECTION('',(0.171087869746036,-0.171087869746036,-0.970287525247814));
#2662=DIRECTION('',(0.,1.,0.));
#2663=DIRECTION('',(0.171087869746036,0.171087869746036,-0.970287525247814));
#2664=DIRECTION('',(-0.984807753012208,0.,0.17364817766693));
#2665=DIRECTION('',(0.17364817766693,0.,0.984807753012208));
#2666=DIRECTION('',(-0.171087869746036,-0.171087869746036,-0.970287525247814));
#2667=DIRECTION('',(-0.171087869746036,0.171087869746036,-0.970287525247814));
#2668=DIRECTION('',(0.,1.,0.));
#2669=DIRECTION('',(-0.984807753012208,0.,-0.17364817766693));
#2670=DIRECTION('',(-0.17364817766693,0.,0.984807753012208));
#2671=DIRECTION('',(-0.171087869746035,0.171087869746036,0.970287525247814));
#2672=DIRECTION('',(-0.171087869746035,-0.171087869746036,0.970287525247814));
#2673=DIRECTION('',(0.,1.,0.));
#2674=DIRECTION('',(0.,-1.,0.));
#2675=DIRECTION('',(1.,0.,0.));
#2676=DIRECTION('',(-1.,0.,0.));
#2677=DIRECTION('',(0.,0.,1.));
#2678=DIRECTION('',(-1.,0.,0.));
#2679=DIRECTION('',(0.,0.,1.));
#2680=DIRECTION('',(0.,-1.,0.));
#2681=DIRECTION('',(1.,0.,0.));
#2682=DIRECTION('',(0.,0.,1.));
#2683=DIRECTION('',(-1.,0.,0.));
#2684=DIRECTION('',(0.,0.,1.));
#2685=DIRECTION('',(-1.,0.,0.));
#2686=DIRECTION('',(-1.,0.,0.));
#2687=DIRECTION('',(0.,0.,1.));
#2688=DIRECTION('',(-1.,0.,0.));
#2689=DIRECTION('',(0.,0.,1.));
#2690=DIRECTION('',(0.,-0.984807753012208,-0.17364817766693));
#2691=DIRECTION('',(0.,0.17364817766693,-0.984807753012208));
#2692=DIRECTION('',(0.,-0.984807753012208,0.17364817766693));
#2693=DIRECTION('',(0.,-0.17364817766693,-0.984807753012208));
#2694=DIRECTION('',(0.,0.984807753012208,0.17364817766693));
#2695=DIRECTION('',(0.,-0.17364817766693,0.984807753012208));
#2696=DIRECTION('',(0.,0.984807753012208,-0.17364817766693));
#2697=DIRECTION('',(0.,0.17364817766693,0.984807753012208));
#2698=DIRECTION('',(0.,0.,1.));
#2699=DIRECTION('',(1.,0.,0.));
#2700=DIRECTION('',(0.,0.,1.));
#2701=DIRECTION('',(1.,0.,0.));
#2702=DIRECTION('',(0.,0.,1.));
#2703=DIRECTION('',(1.,0.,0.));
#2704=DIRECTION('',(0.,0.,1.));
#2705=DIRECTION('',(1.,0.,0.));
#2706=DIRECTION('',(1.,0.,0.));
#2707=DIRECTION('',(0.,0.,-1.));
#2708=DIRECTION('',(0.,0.,-1.));
#2709=DIRECTION('',(0.,1.,0.));
#2710=DIRECTION('',(0.,0.,-1.));
#2711=DIRECTION('',(0.,1.,0.));
#2712=DIRECTION('',(0.,0.,1.));
#2713=DIRECTION('',(1.,0.,0.));
#2714=DIRECTION('',(1.,0.,0.));
#2715=DIRECTION('',(0.,1.,0.));
#2716=DIRECTION('',(1.,0.,0.));
#2717=DIRECTION('',(0.,1.,0.));
#2718=DIRECTION('',(0.,0.,1.));
#2719=DIRECTION('',(0.,-1.,0.));
#2720=DIRECTION('',(0.,0.,-1.));
#2721=DIRECTION('',(0.,1.,0.));
#2722=DIRECTION('',(0.,-1.,0.));
#2723=DIRECTION('',(0.,0.,-1.));
#2724=DIRECTION('',(0.90630778703665,0.,0.422618261740699));
#2725=DIRECTION('',(0.422618261740699,0.,-0.90630778703665));
#2726=DIRECTION('',(0.422618261740699,0.,-0.90630778703665));
#2727=DIRECTION('',(0.,1.,0.));
#2728=DIRECTION('',(0.422618261740699,0.,-0.90630778703665));
#2729=DIRECTION('',(0.,1.,0.));
#2730=DIRECTION('',(0.,0.,1.));
#2731=DIRECTION('',(0.,-1.,0.));
#2732=DIRECTION('',(0.,0.,-1.));
#2733=DIRECTION('',(0.,1.,0.));
#2734=DIRECTION('',(0.,-1.,0.));
#2735=DIRECTION('',(0.,0.,-1.));
#2736=DIRECTION('',(0.,0.,1.));
#2737=DIRECTION('',(1.,0.,0.));
#2738=DIRECTION('',(1.,0.,0.));
#2739=DIRECTION('',(0.,1.,0.));
#2740=DIRECTION('',(1.,0.,0.));
#2741=DIRECTION('',(1.,0.,0.));
#2742=DIRECTION('',(0.,0.,-1.));
#2743=DIRECTION('',(0.,0.,-1.));
#2744=DIRECTION('',(0.,1.,0.));
#2745=DIRECTION('',(0.,0.,-1.));
#2746=DIRECTION('',(0.,0.,1.));
#2747=DIRECTION('',(1.,0.,0.));
#2748=DIRECTION('',(1.,0.,0.));
#2749=DIRECTION('',(0.,1.,0.));
#2750=DIRECTION('',(1.,0.,0.));
#2751=DIRECTION('',(0.,1.,0.));
#2752=DIRECTION('',(0.,0.,1.));
#2753=DIRECTION('',(0.,-1.,0.));
#2754=DIRECTION('',(0.,0.,-1.));
#2755=DIRECTION('',(0.,1.,0.));
#2756=DIRECTION('',(0.,-1.,0.));
#2757=DIRECTION('',(0.,0.,-1.));
#2758=DIRECTION('',(0.90630778703665,0.,0.422618261740699));
#2759=DIRECTION('',(0.422618261740699,0.,-0.90630778703665));
#2760=DIRECTION('',(0.422618261740699,0.,-0.90630778703665));
#2761=DIRECTION('',(0.,1.,0.));
#2762=DIRECTION('',(0.422618261740699,0.,-0.90630778703665));
#2763=DIRECTION('',(0.,1.,0.));
#2764=DIRECTION('',(0.,0.,1.));
#2765=DIRECTION('',(0.,-1.,0.));
#2766=DIRECTION('',(0.,0.,-1.));
#2767=DIRECTION('',(0.,1.,0.));
#2768=DIRECTION('',(0.,-1.,0.));
#2769=DIRECTION('',(0.,0.,-1.));
#2770=DIRECTION('',(0.,0.,1.));
#2771=DIRECTION('',(1.,0.,0.));
#2772=DIRECTION('',(1.,0.,0.));
#2773=DIRECTION('',(1.,0.,0.));
#2774=DIRECTION('',(0.,-1.,0.));
#2775=DIRECTION('',(1.,0.,0.));
#2776=DIRECTION('',(0.,-1.,0.));
#2777=DIRECTION('',(1.,0.,0.));
#2778=DIRECTION('',(0.,0.,1.));
#2779=DIRECTION('',(1.,0.,0.));
#2780=DIRECTION('',(1.,0.,0.));
#2781=DIRECTION('',(0.,0.,-1.));
#2782=DIRECTION('',(0.,0.,-1.));
#2783=DIRECTION('',(0.,1.,0.));
#2784=DIRECTION('',(0.,0.,-1.));
#2785=DIRECTION('',(0.,1.,0.));
#2786=DIRECTION('',(0.,0.,1.));
#2787=DIRECTION('',(1.,0.,0.));
#2788=DIRECTION('',(1.,0.,0.));
#2789=DIRECTION('',(0.,1.,0.));
#2790=DIRECTION('',(1.,0.,0.));
#2791=DIRECTION('',(0.,1.,0.));
#2792=DIRECTION('',(0.,0.,1.));
#2793=DIRECTION('',(0.,-1.,0.));
#2794=DIRECTION('',(0.,0.,-1.));
#2795=DIRECTION('',(0.,1.,0.));
#2796=DIRECTION('',(0.,-1.,0.));
#2797=DIRECTION('',(0.,0.,-1.));
#2798=DIRECTION('',(0.90630778703665,0.,0.422618261740699));
#2799=DIRECTION('',(0.422618261740699,0.,-0.90630778703665));
#2800=DIRECTION('',(0.422618261740699,0.,-0.90630778703665));
#2801=DIRECTION('',(0.,1.,0.));
#2802=DIRECTION('',(0.422618261740699,0.,-0.90630778703665));
#2803=DIRECTION('',(0.,1.,0.));
#2804=DIRECTION('',(0.,0.,1.));
#2805=DIRECTION('',(0.,-1.,0.));
#2806=DIRECTION('',(0.,0.,-1.));
#2807=DIRECTION('',(0.,1.,0.));
#2808=DIRECTION('',(0.,-1.,0.));
#2809=DIRECTION('',(0.,0.,-1.));
#2810=DIRECTION('',(0.,0.,1.));
#2811=DIRECTION('',(1.,0.,0.));
#2812=DIRECTION('',(1.,0.,0.));
#2813=DIRECTION('',(0.,1.,0.));
#2814=DIRECTION('',(1.,0.,0.));
#2815=DIRECTION('',(1.,0.,0.));
#2816=DIRECTION('',(0.,0.,-1.));
#2817=DIRECTION('',(0.,0.,-1.));
#2818=DIRECTION('',(0.,1.,0.));
#2819=DIRECTION('',(0.,0.,-1.));
#2820=DIRECTION('',(0.,0.,1.));
#2821=DIRECTION('',(1.,0.,0.));
#2822=DIRECTION('',(1.,0.,0.));
#2823=DIRECTION('',(0.,1.,0.));
#2824=DIRECTION('',(1.,0.,0.));
#2825=DIRECTION('',(0.,1.,0.));
#2826=DIRECTION('',(0.,0.,1.));
#2827=DIRECTION('',(0.,-1.,0.));
#2828=DIRECTION('',(0.,0.,-1.));
#2829=DIRECTION('',(0.,1.,0.));
#2830=DIRECTION('',(0.,-1.,0.));
#2831=DIRECTION('',(0.,0.,-1.));
#2832=DIRECTION('',(0.90630778703665,0.,0.422618261740699));
#2833=DIRECTION('',(0.422618261740699,0.,-0.90630778703665));
#2834=DIRECTION('',(0.422618261740699,0.,-0.90630778703665));
#2835=DIRECTION('',(0.,1.,0.));
#2836=DIRECTION('',(0.422618261740699,0.,-0.90630778703665));
#2837=DIRECTION('',(0.,1.,0.));
#2838=DIRECTION('',(0.,0.,1.));
#2839=DIRECTION('',(0.,-1.,0.));
#2840=DIRECTION('',(0.,0.,-1.));
#2841=DIRECTION('',(0.,1.,0.));
#2842=DIRECTION('',(0.,-1.,0.));
#2843=DIRECTION('',(0.,0.,-1.));
#2844=DIRECTION('',(0.,0.,1.));
#2845=DIRECTION('',(1.,0.,0.));
#2846=DIRECTION('',(1.,0.,0.));
#2847=DIRECTION('',(1.,0.,0.));
#2848=DIRECTION('',(0.,-1.,0.));
#2849=DIRECTION('',(1.,0.,0.));
#2850=DIRECTION('',(0.,-1.,0.));
#2851=DIRECTION('',(1.,0.,0.));
#2852=DIRECTION('',(0.,0.,1.));
#2853=DIRECTION('',(1.,0.,0.));
#2854=DIRECTION('',(1.,0.,0.));
#2855=DIRECTION('',(0.,0.,-1.));
#2856=DIRECTION('',(0.,0.,-1.));
#2857=DIRECTION('',(0.,-1.,0.));
#2858=DIRECTION('',(0.,0.,-1.));
#2859=DIRECTION('',(0.,-1.,0.));
#2860=DIRECTION('',(0.,0.,1.));
#2861=DIRECTION('',(1.,0.,0.));
#2862=DIRECTION('',(1.,0.,0.));
#2863=DIRECTION('',(1.,0.,0.));
#2864=DIRECTION('',(0.,-1.,0.));
#2865=DIRECTION('',(0.,-1.,0.));
#2866=DIRECTION('',(0.,0.,1.));
#2867=DIRECTION('',(0.,-1.,0.));
#2868=DIRECTION('',(0.,0.,-1.));
#2869=DIRECTION('',(0.,-1.,0.));
#2870=DIRECTION('',(0.,0.,-1.));
#2871=DIRECTION('',(0.,-1.,0.));
#2872=DIRECTION('',(0.90630778703665,0.,0.422618261740699));
#2873=DIRECTION('',(0.422618261740699,0.,-0.90630778703665));
#2874=DIRECTION('',(0.422618261740699,0.,-0.90630778703665));
#2875=DIRECTION('',(0.422618261740699,0.,-0.90630778703665));
#2876=DIRECTION('',(0.,-1.,0.));
#2877=DIRECTION('',(0.,-1.,0.));
#2878=DIRECTION('',(0.,0.,1.));
#2879=DIRECTION('',(0.,-1.,0.));
#2880=DIRECTION('',(0.,0.,-1.));
#2881=DIRECTION('',(0.,-1.,0.));
#2882=DIRECTION('',(0.,0.,-1.));
#2883=DIRECTION('',(0.,-1.,0.));
#2884=DIRECTION('',(0.,0.,1.));
#2885=DIRECTION('',(1.,0.,0.));
#2886=DIRECTION('',(1.,0.,0.));
#2887=DIRECTION('',(1.,0.,0.));
#2888=DIRECTION('',(0.,-1.,0.));
#2889=DIRECTION('',(1.,0.,0.));
#2890=DIRECTION('',(0.,0.,-1.));
#2891=DIRECTION('',(0.,0.,-1.));
#2892=DIRECTION('',(0.,0.,-1.));
#2893=DIRECTION('',(0.,-1.,0.));
#2894=DIRECTION('',(0.,0.,1.));
#2895=DIRECTION('',(1.,0.,0.));
#2896=DIRECTION('',(1.,0.,0.));
#2897=DIRECTION('',(1.,0.,0.));
#2898=DIRECTION('',(0.,-1.,0.));
#2899=DIRECTION('',(0.,-1.,0.));
#2900=DIRECTION('',(0.,0.,1.));
#2901=DIRECTION('',(0.,-1.,0.));
#2902=DIRECTION('',(0.,0.,-1.));
#2903=DIRECTION('',(0.,-1.,0.));
#2904=DIRECTION('',(0.,0.,-1.));
#2905=DIRECTION('',(0.,-1.,0.));
#2906=DIRECTION('',(0.90630778703665,0.,0.422618261740699));
#2907=DIRECTION('',(0.422618261740699,0.,-0.90630778703665));
#2908=DIRECTION('',(0.422618261740699,0.,-0.90630778703665));
#2909=DIRECTION('',(0.422618261740699,0.,-0.90630778703665));
#2910=DIRECTION('',(0.,-1.,0.));
#2911=DIRECTION('',(0.,-1.,0.));
#2912=DIRECTION('',(0.,0.,1.));
#2913=DIRECTION('',(0.,-1.,0.));
#2914=DIRECTION('',(0.,0.,-1.));
#2915=DIRECTION('',(0.,-1.,0.));
#2916=DIRECTION('',(0.,0.,-1.));
#2917=DIRECTION('',(0.,-1.,0.));
#2918=DIRECTION('',(0.,0.,1.));
#2919=DIRECTION('',(1.,0.,0.));
#2920=DIRECTION('',(1.,0.,0.));
#2921=DIRECTION('',(1.,0.,0.));
#2922=DIRECTION('',(0.,1.,0.));
#2923=DIRECTION('',(1.,0.,0.));
#2924=DIRECTION('',(0.,1.,0.));
#2925=DIRECTION('',(1.,0.,0.));
#2926=DIRECTION('',(0.,0.,1.));
#2927=DIRECTION('',(1.,0.,0.));
#2928=DIRECTION('',(1.,0.,0.));
#2929=DIRECTION('',(0.,0.,-1.));
#2930=DIRECTION('',(0.,0.,-1.));
#2931=DIRECTION('',(0.,-1.,0.));
#2932=DIRECTION('',(0.,0.,-1.));
#2933=DIRECTION('',(0.,-1.,0.));
#2934=DIRECTION('',(0.,0.,1.));
#2935=DIRECTION('',(1.,0.,0.));
#2936=DIRECTION('',(1.,0.,0.));
#2937=DIRECTION('',(1.,0.,0.));
#2938=DIRECTION('',(0.,-1.,0.));
#2939=DIRECTION('',(0.,-1.,0.));
#2940=DIRECTION('',(0.,0.,1.));
#2941=DIRECTION('',(0.,-1.,0.));
#2942=DIRECTION('',(0.,0.,-1.));
#2943=DIRECTION('',(0.,-1.,0.));
#2944=DIRECTION('',(0.,0.,-1.));
#2945=DIRECTION('',(0.,-1.,0.));
#2946=DIRECTION('',(0.90630778703665,0.,0.422618261740699));
#2947=DIRECTION('',(0.422618261740699,0.,-0.90630778703665));
#2948=DIRECTION('',(0.422618261740699,0.,-0.90630778703665));
#2949=DIRECTION('',(0.422618261740699,0.,-0.90630778703665));
#2950=DIRECTION('',(0.,-1.,0.));
#2951=DIRECTION('',(0.,-1.,0.));
#2952=DIRECTION('',(0.,0.,1.));
#2953=DIRECTION('',(0.,-1.,0.));
#2954=DIRECTION('',(0.,0.,-1.));
#2955=DIRECTION('',(0.,-1.,0.));
#2956=DIRECTION('',(0.,0.,-1.));
#2957=DIRECTION('',(0.,-1.,0.));
#2958=DIRECTION('',(0.,0.,1.));
#2959=DIRECTION('',(1.,0.,0.));
#2960=DIRECTION('',(1.,0.,0.));
#2961=DIRECTION('',(1.,0.,0.));
#2962=DIRECTION('',(0.,-1.,0.));
#2963=DIRECTION('',(1.,0.,0.));
#2964=DIRECTION('',(0.,0.,-1.));
#2965=DIRECTION('',(0.,0.,-1.));
#2966=DIRECTION('',(0.,0.,-1.));
#2967=DIRECTION('',(0.,-1.,0.));
#2968=DIRECTION('',(0.,0.,1.));
#2969=DIRECTION('',(1.,0.,0.));
#2970=DIRECTION('',(1.,0.,0.));
#2971=DIRECTION('',(1.,0.,0.));
#2972=DIRECTION('',(0.,-1.,0.));
#2973=DIRECTION('',(0.,-1.,0.));
#2974=DIRECTION('',(0.,0.,1.));
#2975=DIRECTION('',(0.,-1.,0.));
#2976=DIRECTION('',(0.,0.,-1.));
#2977=DIRECTION('',(0.,-1.,0.));
#2978=DIRECTION('',(0.,0.,-1.));
#2979=DIRECTION('',(0.,-1.,0.));
#2980=DIRECTION('',(0.90630778703665,0.,0.422618261740699));
#2981=DIRECTION('',(0.422618261740699,0.,-0.90630778703665));
#2982=DIRECTION('',(0.422618261740699,0.,-0.90630778703665));
#2983=DIRECTION('',(0.422618261740699,0.,-0.90630778703665));
#2984=DIRECTION('',(0.,-1.,0.));
#2985=DIRECTION('',(0.,-1.,0.));
#2986=DIRECTION('',(0.,0.,1.));
#2987=DIRECTION('',(0.,-1.,0.));
#2988=DIRECTION('',(0.,0.,-1.));
#2989=DIRECTION('',(0.,-1.,0.));
#2990=DIRECTION('',(0.,0.,-1.));
#2991=DIRECTION('',(0.,-1.,0.));
#2992=DIRECTION('',(0.,0.,1.));
#2993=DIRECTION('',(1.,0.,0.));
#2994=DIRECTION('',(1.,0.,0.));
#2995=DIRECTION('',(1.,0.,0.));
#2996=DIRECTION('',(0.,1.,0.));
#2997=DIRECTION('',(1.,0.,0.));
#2998=DIRECTION('',(0.,1.,0.));
#2999=DIRECTION('',(1.,0.,0.));
#3000=DIRECTION('',(0.,0.,1.));
#3001=DIRECTION('',(1.,0.,0.));
#3002=DIRECTION('',(-1.,0.,0.));
#3003=DIRECTION('',(0.,0.,-1.));
#3004=DIRECTION('',(0.,0.,-1.));
#3005=DIRECTION('',(0.,1.,0.));
#3006=DIRECTION('',(0.,0.,-1.));
#3007=DIRECTION('',(0.,1.,0.));
#3008=DIRECTION('',(0.,0.,1.));
#3009=DIRECTION('',(-1.,0.,0.));
#3010=DIRECTION('',(-1.,0.,0.));
#3011=DIRECTION('',(-1.,0.,0.));
#3012=DIRECTION('',(0.,1.,0.));
#3013=DIRECTION('',(0.,1.,0.));
#3014=DIRECTION('',(0.,0.,1.));
#3015=DIRECTION('',(0.,1.,0.));
#3016=DIRECTION('',(0.,0.,-1.));
#3017=DIRECTION('',(0.,1.,0.));
#3018=DIRECTION('',(0.,0.,-1.));
#3019=DIRECTION('',(0.,1.,0.));
#3020=DIRECTION('',(-0.90630778703665,0.,0.422618261740699));
#3021=DIRECTION('',(-0.422618261740699,0.,-0.90630778703665));
#3022=DIRECTION('',(-0.422618261740699,0.,-0.90630778703665));
#3023=DIRECTION('',(-0.422618261740699,0.,-0.90630778703665));
#3024=DIRECTION('',(0.,1.,0.));
#3025=DIRECTION('',(0.,1.,0.));
#3026=DIRECTION('',(0.,0.,1.));
#3027=DIRECTION('',(0.,1.,0.));
#3028=DIRECTION('',(0.,0.,-1.));
#3029=DIRECTION('',(0.,1.,0.));
#3030=DIRECTION('',(0.,0.,-1.));
#3031=DIRECTION('',(0.,1.,0.));
#3032=DIRECTION('',(0.,0.,1.));
#3033=DIRECTION('',(-1.,0.,0.));
#3034=DIRECTION('',(-1.,0.,0.));
#3035=DIRECTION('',(-1.,0.,0.));
#3036=DIRECTION('',(0.,1.,0.));
#3037=DIRECTION('',(-1.,0.,0.));
#3038=DIRECTION('',(0.,0.,-1.));
#3039=DIRECTION('',(0.,0.,-1.));
#3040=DIRECTION('',(0.,0.,-1.));
#3041=DIRECTION('',(0.,1.,0.));
#3042=DIRECTION('',(0.,0.,1.));
#3043=DIRECTION('',(-1.,0.,0.));
#3044=DIRECTION('',(-1.,0.,0.));
#3045=DIRECTION('',(-1.,0.,0.));
#3046=DIRECTION('',(0.,1.,0.));
#3047=DIRECTION('',(0.,1.,0.));
#3048=DIRECTION('',(0.,0.,1.));
#3049=DIRECTION('',(0.,1.,0.));
#3050=DIRECTION('',(0.,0.,-1.));
#3051=DIRECTION('',(0.,1.,0.));
#3052=DIRECTION('',(0.,0.,-1.));
#3053=DIRECTION('',(0.,1.,0.));
#3054=DIRECTION('',(-0.90630778703665,0.,0.422618261740699));
#3055=DIRECTION('',(-0.422618261740699,0.,-0.90630778703665));
#3056=DIRECTION('',(-0.422618261740699,0.,-0.90630778703665));
#3057=DIRECTION('',(-0.422618261740699,0.,-0.90630778703665));
#3058=DIRECTION('',(0.,1.,0.));
#3059=DIRECTION('',(0.,1.,0.));
#3060=DIRECTION('',(0.,0.,1.));
#3061=DIRECTION('',(0.,1.,0.));
#3062=DIRECTION('',(0.,0.,-1.));
#3063=DIRECTION('',(0.,1.,0.));
#3064=DIRECTION('',(0.,0.,-1.));
#3065=DIRECTION('',(0.,1.,0.));
#3066=DIRECTION('',(0.,0.,1.));
#3067=DIRECTION('',(-1.,0.,0.));
#3068=DIRECTION('',(-1.,0.,0.));
#3069=DIRECTION('',(-1.,0.,0.));
#3070=DIRECTION('',(0.,-1.,0.));
#3071=DIRECTION('',(-1.,0.,0.));
#3072=DIRECTION('',(0.,-1.,0.));
#3073=DIRECTION('',(-1.,0.,0.));
#3074=DIRECTION('',(0.,0.,1.));
#3075=DIRECTION('',(1.,0.,0.));
#3076=DIRECTION('',(-1.,0.,0.));
#3077=DIRECTION('',(0.,0.,-1.));
#3078=DIRECTION('',(0.,0.,-1.));
#3079=DIRECTION('',(0.,1.,0.));
#3080=DIRECTION('',(0.,0.,-1.));
#3081=DIRECTION('',(0.,1.,0.));
#3082=DIRECTION('',(0.,0.,1.));
#3083=DIRECTION('',(-1.,0.,0.));
#3084=DIRECTION('',(-1.,0.,0.));
#3085=DIRECTION('',(-1.,0.,0.));
#3086=DIRECTION('',(0.,1.,0.));
#3087=DIRECTION('',(0.,1.,0.));
#3088=DIRECTION('',(0.,0.,1.));
#3089=DIRECTION('',(0.,1.,0.));
#3090=DIRECTION('',(0.,0.,-1.));
#3091=DIRECTION('',(0.,1.,0.));
#3092=DIRECTION('',(0.,0.,-1.));
#3093=DIRECTION('',(0.,1.,0.));
#3094=DIRECTION('',(-0.90630778703665,0.,0.422618261740699));
#3095=DIRECTION('',(-0.422618261740699,0.,-0.90630778703665));
#3096=DIRECTION('',(-0.422618261740699,0.,-0.90630778703665));
#3097=DIRECTION('',(-0.422618261740699,0.,-0.90630778703665));
#3098=DIRECTION('',(0.,1.,0.));
#3099=DIRECTION('',(0.,1.,0.));
#3100=DIRECTION('',(0.,0.,1.));
#3101=DIRECTION('',(0.,1.,0.));
#3102=DIRECTION('',(0.,0.,-1.));
#3103=DIRECTION('',(0.,1.,0.));
#3104=DIRECTION('',(0.,0.,-1.));
#3105=DIRECTION('',(0.,1.,0.));
#3106=DIRECTION('',(0.,0.,1.));
#3107=DIRECTION('',(-1.,0.,0.));
#3108=DIRECTION('',(-1.,0.,0.));
#3109=DIRECTION('',(-1.,0.,0.));
#3110=DIRECTION('',(0.,1.,0.));
#3111=DIRECTION('',(-1.,0.,0.));
#3112=DIRECTION('',(0.,0.,-1.));
#3113=DIRECTION('',(0.,0.,-1.));
#3114=DIRECTION('',(0.,0.,-1.));
#3115=DIRECTION('',(0.,1.,0.));
#3116=DIRECTION('',(0.,0.,1.));
#3117=DIRECTION('',(-1.,0.,0.));
#3118=DIRECTION('',(-1.,0.,0.));
#3119=DIRECTION('',(-1.,0.,0.));
#3120=DIRECTION('',(0.,1.,0.));
#3121=DIRECTION('',(0.,1.,0.));
#3122=DIRECTION('',(0.,0.,1.));
#3123=DIRECTION('',(0.,1.,0.));
#3124=DIRECTION('',(0.,0.,-1.));
#3125=DIRECTION('',(0.,1.,0.));
#3126=DIRECTION('',(0.,0.,-1.));
#3127=DIRECTION('',(0.,1.,0.));
#3128=DIRECTION('',(-0.90630778703665,0.,0.422618261740699));
#3129=DIRECTION('',(-0.422618261740699,0.,-0.90630778703665));
#3130=DIRECTION('',(-0.422618261740699,0.,-0.90630778703665));
#3131=DIRECTION('',(-0.422618261740699,0.,-0.90630778703665));
#3132=DIRECTION('',(0.,1.,0.));
#3133=DIRECTION('',(0.,1.,0.));
#3134=DIRECTION('',(0.,0.,1.));
#3135=DIRECTION('',(0.,1.,0.));
#3136=DIRECTION('',(0.,0.,-1.));
#3137=DIRECTION('',(0.,1.,0.));
#3138=DIRECTION('',(0.,0.,-1.));
#3139=DIRECTION('',(0.,1.,0.));
#3140=DIRECTION('',(0.,0.,1.));
#3141=DIRECTION('',(-1.,0.,0.));
#3142=DIRECTION('',(-1.,0.,0.));
#3143=DIRECTION('',(-1.,0.,0.));
#3144=DIRECTION('',(0.,-1.,0.));
#3145=DIRECTION('',(-1.,0.,0.));
#3146=DIRECTION('',(0.,-1.,0.));
#3147=DIRECTION('',(-1.,0.,0.));
#3148=DIRECTION('',(0.,0.,1.));
#3149=DIRECTION('',(1.,0.,0.));
#3150=DIRECTION('',(-1.,0.,0.));
#3151=DIRECTION('',(0.,0.,-1.));
#3152=DIRECTION('',(0.,0.,-1.));
#3153=DIRECTION('',(0.,-1.,0.));
#3154=DIRECTION('',(0.,0.,-1.));
#3155=DIRECTION('',(0.,-1.,0.));
#3156=DIRECTION('',(0.,0.,1.));
#3157=DIRECTION('',(-1.,0.,0.));
#3158=DIRECTION('',(-1.,0.,0.));
#3159=DIRECTION('',(0.,-1.,0.));
#3160=DIRECTION('',(-1.,0.,0.));
#3161=DIRECTION('',(0.,-1.,0.));
#3162=DIRECTION('',(0.,0.,1.));
#3163=DIRECTION('',(0.,1.,0.));
#3164=DIRECTION('',(0.,0.,-1.));
#3165=DIRECTION('',(0.,-1.,0.));
#3166=DIRECTION('',(0.,1.,0.));
#3167=DIRECTION('',(0.,0.,-1.));
#3168=DIRECTION('',(-0.90630778703665,0.,0.422618261740699));
#3169=DIRECTION('',(-0.422618261740699,0.,-0.90630778703665));
#3170=DIRECTION('',(-0.422618261740699,0.,-0.90630778703665));
#3171=DIRECTION('',(0.,-1.,0.));
#3172=DIRECTION('',(-0.422618261740699,0.,-0.90630778703665));
#3173=DIRECTION('',(0.,-1.,0.));
#3174=DIRECTION('',(0.,0.,1.));
#3175=DIRECTION('',(0.,1.,0.));
#3176=DIRECTION('',(0.,0.,-1.));
#3177=DIRECTION('',(0.,-1.,0.));
#3178=DIRECTION('',(0.,1.,0.));
#3179=DIRECTION('',(0.,0.,-1.));
#3180=DIRECTION('',(0.,0.,1.));
#3181=DIRECTION('',(-1.,0.,0.));
#3182=DIRECTION('',(-1.,0.,0.));
#3183=DIRECTION('',(0.,-1.,0.));
#3184=DIRECTION('',(-1.,0.,0.));
#3185=DIRECTION('',(-1.,0.,0.));
#3186=DIRECTION('',(0.,0.,-1.));
#3187=DIRECTION('',(0.,0.,-1.));
#3188=DIRECTION('',(0.,-1.,0.));
#3189=DIRECTION('',(0.,0.,-1.));
#3190=DIRECTION('',(0.,0.,1.));
#3191=DIRECTION('',(-1.,0.,0.));
#3192=DIRECTION('',(-1.,0.,0.));
#3193=DIRECTION('',(0.,-1.,0.));
#3194=DIRECTION('',(-1.,0.,0.));
#3195=DIRECTION('',(0.,-1.,0.));
#3196=DIRECTION('',(0.,0.,1.));
#3197=DIRECTION('',(0.,1.,0.));
#3198=DIRECTION('',(0.,0.,-1.));
#3199=DIRECTION('',(0.,-1.,0.));
#3200=DIRECTION('',(0.,1.,0.));
#3201=DIRECTION('',(0.,0.,-1.));
#3202=DIRECTION('',(-0.90630778703665,0.,0.422618261740699));
#3203=DIRECTION('',(-0.422618261740699,0.,-0.90630778703665));
#3204=DIRECTION('',(-0.422618261740699,0.,-0.90630778703665));
#3205=DIRECTION('',(0.,-1.,0.));
#3206=DIRECTION('',(-0.422618261740699,0.,-0.90630778703665));
#3207=DIRECTION('',(0.,-1.,0.));
#3208=DIRECTION('',(0.,0.,1.));
#3209=DIRECTION('',(0.,1.,0.));
#3210=DIRECTION('',(0.,0.,-1.));
#3211=DIRECTION('',(0.,-1.,0.));
#3212=DIRECTION('',(0.,1.,0.));
#3213=DIRECTION('',(0.,0.,-1.));
#3214=DIRECTION('',(0.,0.,1.));
#3215=DIRECTION('',(-1.,0.,0.));
#3216=DIRECTION('',(-1.,0.,0.));
#3217=DIRECTION('',(-1.,0.,0.));
#3218=DIRECTION('',(0.,1.,0.));
#3219=DIRECTION('',(-1.,0.,0.));
#3220=DIRECTION('',(0.,1.,0.));
#3221=DIRECTION('',(-1.,0.,0.));
#3222=DIRECTION('',(0.,0.,1.));
#3223=DIRECTION('',(1.,0.,0.));
#3224=DIRECTION('',(-1.,0.,0.));
#3225=DIRECTION('',(0.,0.,-1.));
#3226=DIRECTION('',(0.,0.,-1.));
#3227=DIRECTION('',(0.,-1.,0.));
#3228=DIRECTION('',(0.,0.,-1.));
#3229=DIRECTION('',(0.,-1.,0.));
#3230=DIRECTION('',(0.,0.,1.));
#3231=DIRECTION('',(-1.,0.,0.));
#3232=DIRECTION('',(-1.,0.,0.));
#3233=DIRECTION('',(0.,-1.,0.));
#3234=DIRECTION('',(-1.,0.,0.));
#3235=DIRECTION('',(0.,-1.,0.));
#3236=DIRECTION('',(0.,0.,1.));
#3237=DIRECTION('',(0.,1.,0.));
#3238=DIRECTION('',(0.,0.,-1.));
#3239=DIRECTION('',(0.,-1.,0.));
#3240=DIRECTION('',(0.,1.,0.));
#3241=DIRECTION('',(0.,0.,-1.));
#3242=DIRECTION('',(-0.90630778703665,0.,0.422618261740699));
#3243=DIRECTION('',(-0.422618261740699,0.,-0.90630778703665));
#3244=DIRECTION('',(-0.422618261740699,0.,-0.90630778703665));
#3245=DIRECTION('',(0.,-1.,0.));
#3246=DIRECTION('',(-0.422618261740699,0.,-0.90630778703665));
#3247=DIRECTION('',(0.,-1.,0.));
#3248=DIRECTION('',(0.,0.,1.));
#3249=DIRECTION('',(0.,1.,0.));
#3250=DIRECTION('',(0.,0.,-1.));
#3251=DIRECTION('',(0.,-1.,0.));
#3252=DIRECTION('',(0.,1.,0.));
#3253=DIRECTION('',(0.,0.,-1.));
#3254=DIRECTION('',(0.,0.,1.));
#3255=DIRECTION('',(-1.,0.,0.));
#3256=DIRECTION('',(-1.,0.,0.));
#3257=DIRECTION('',(0.,-1.,0.));
#3258=DIRECTION('',(-1.,0.,0.));
#3259=DIRECTION('',(-1.,0.,0.));
#3260=DIRECTION('',(0.,0.,-1.));
#3261=DIRECTION('',(0.,0.,-1.));
#3262=DIRECTION('',(0.,-1.,0.));
#3263=DIRECTION('',(0.,0.,-1.));
#3264=DIRECTION('',(0.,0.,1.));
#3265=DIRECTION('',(-1.,0.,0.));
#3266=DIRECTION('',(-1.,0.,0.));
#3267=DIRECTION('',(0.,-1.,0.));
#3268=DIRECTION('',(-1.,0.,0.));
#3269=DIRECTION('',(0.,-1.,0.));
#3270=DIRECTION('',(0.,0.,1.));
#3271=DIRECTION('',(0.,1.,0.));
#3272=DIRECTION('',(0.,0.,-1.));
#3273=DIRECTION('',(0.,-1.,0.));
#3274=DIRECTION('',(0.,1.,0.));
#3275=DIRECTION('',(0.,0.,-1.));
#3276=DIRECTION('',(-0.90630778703665,0.,0.422618261740699));
#3277=DIRECTION('',(-0.422618261740699,0.,-0.90630778703665));
#3278=DIRECTION('',(-0.422618261740699,0.,-0.90630778703665));
#3279=DIRECTION('',(0.,-1.,0.));
#3280=DIRECTION('',(-0.422618261740699,0.,-0.90630778703665));
#3281=DIRECTION('',(0.,-1.,0.));
#3282=DIRECTION('',(0.,0.,1.));
#3283=DIRECTION('',(0.,1.,0.));
#3284=DIRECTION('',(0.,0.,-1.));
#3285=DIRECTION('',(0.,-1.,0.));
#3286=DIRECTION('',(0.,1.,0.));
#3287=DIRECTION('',(0.,0.,-1.));
#3288=DIRECTION('',(0.,0.,1.));
#3289=DIRECTION('',(-1.,0.,0.));
#3290=DIRECTION('',(-1.,0.,0.));
#3291=DIRECTION('',(-1.,0.,0.));
#3292=DIRECTION('',(0.,1.,0.));
#3293=DIRECTION('',(-1.,0.,0.));
#3294=DIRECTION('',(0.,1.,0.));
#3295=DIRECTION('',(-1.,0.,0.));
#3296=CARTESIAN_POINT('',(0.,0.,0.));
#3297=CARTESIAN_POINT('',(0.00124021204122942,-0.00264,0.00216));
#3298=CARTESIAN_POINT('',(-0.00190542408245884,0.001905,0.00216));
#3299=CARTESIAN_POINT('',(-0.00215542408245884,0.001905,0.00216));
#3300=CARTESIAN_POINT('',(-0.00190542408245884,0.001905,0.002162));
#3301=CARTESIAN_POINT('',(-0.00190542408245884,0.001905,0.00206));
#3302=CARTESIAN_POINT('',(-0.00165542408245884,0.001905,0.00206));
#3303=CARTESIAN_POINT('',(-7.97879587705799E-5,-8.67361737988404E-19,0.00206));
#3304=CARTESIAN_POINT('',(0.,0.,0.));
#3305=CARTESIAN_POINT('',(-0.00124021204122942,-0.00264,0.00015));
#3306=CARTESIAN_POINT('',(0.00510284553059222,0.00248042408245884,0.00015));
#3307=CARTESIAN_POINT('',(0.00248042408245884,0.00248042408245884,0.00015));
#3308=CARTESIAN_POINT('',(-0.00248042408245885,0.00248042408245885,0.000150000000000028));
#3309=CARTESIAN_POINT('',(0.00248042408245885,-0.00264,0.000150000000000035));
#3310=CARTESIAN_POINT('',(0.00248042408245884,-0.00248042408245884,0.00015));
#3311=CARTESIAN_POINT('',(0.00510284553059222,-0.00248042408245884,0.00015));
#3312=CARTESIAN_POINT('',(-0.00248042408245884,-0.00248042408245884,0.00015));
#3313=CARTESIAN_POINT('',(-0.00248042408245885,-0.00264,0.000150000000000028));
#3314=CARTESIAN_POINT('',(0.00124021204122942,-0.00264,0.00216));
#3315=CARTESIAN_POINT('',(-0.00190542408245884,0.001905,0.00216));
#3316=CARTESIAN_POINT('',(-0.00165542408245884,0.001905,0.00216));
#3317=CARTESIAN_POINT('',(0.00510284553059222,-0.00248042408245884,0.00216));
#3318=CARTESIAN_POINT('',(0.00248042408245884,-0.00248042408245884,0.00216));
#3319=CARTESIAN_POINT('',(-0.00248042408245884,-0.00248042408245884,0.00216));
#3320=CARTESIAN_POINT('',(0.00248042408245884,-0.00264,0.00216));
#3321=CARTESIAN_POINT('',(0.00248042408245884,0.00248042408245884,0.00216));
#3322=CARTESIAN_POINT('',(0.00510284553059222,0.00248042408245884,0.00216));
#3323=CARTESIAN_POINT('',(-0.00248042408245884,0.00248042408245884,0.00216));
#3324=CARTESIAN_POINT('',(-0.00248042408245884,-0.00264,0.00216));
#3325=CARTESIAN_POINT('',(0.00256021204122942,-0.00264,0.000602500000000027));
#3326=CARTESIAN_POINT('',(0.00240799632685202,0.00240799632685202,-0.000260758213608662));
#3327=CARTESIAN_POINT('',(0.00264,0.00264,0.001055));
#3328=CARTESIAN_POINT('',(0.00264,-0.00264,0.00105500000000002));
#3329=CARTESIAN_POINT('',(0.00264,-0.00264,0.001055));
#3330=CARTESIAN_POINT('',(0.00256254751929199,-0.00256254751929199,0.000615745154276368));
#3331=CARTESIAN_POINT('',(0.00256021204122942,-0.00264,0.0017075));
#3332=CARTESIAN_POINT('',(0.00256254751929198,-0.00256254751929198,0.00169425484572366));
#3333=CARTESIAN_POINT('',(0.00264,-0.00264,0.001255));
#3334=CARTESIAN_POINT('',(0.00264,-0.00264,0.001255));
#3335=CARTESIAN_POINT('',(0.00264,0.00264,0.001255));
#3336=CARTESIAN_POINT('',(0.00240799632685201,0.00240799632685201,0.00257075821360869));
#3337=CARTESIAN_POINT('',(-0.00256021204122942,-0.00264,0.0017075));
#3338=CARTESIAN_POINT('',(-0.00256254751929198,-0.00256254751929198,0.00169425484572366));
#3339=CARTESIAN_POINT('',(-0.00264,-0.00264,0.001255));
#3340=CARTESIAN_POINT('',(-0.00240799632685201,0.00240799632685201,0.00257075821360869));
#3341=CARTESIAN_POINT('',(-0.00264,0.00264,0.001255));
#3342=CARTESIAN_POINT('',(-0.00264,-0.00264,0.001255));
#3343=CARTESIAN_POINT('',(-0.00256021204122942,-0.00264,0.000602500000000021));
#3344=CARTESIAN_POINT('',(-0.00240799632685202,0.00240799632685202,-0.000260758213608666));
#3345=CARTESIAN_POINT('',(-0.00264,0.00264,0.001055));
#3346=CARTESIAN_POINT('',(-0.00256254751929199,-0.00256254751929199,0.000615745154276363));
#3347=CARTESIAN_POINT('',(-0.00264,-0.00264,0.001055));
#3348=CARTESIAN_POINT('',(-0.00264,-0.00264,0.001055));
#3349=CARTESIAN_POINT('',(0.,-0.00264,0.001155));
#3350=CARTESIAN_POINT('',(0.00510284553059222,-0.00264,0.001055));
#3351=CARTESIAN_POINT('',(0.00264,-0.00264,0.001155));
#3352=CARTESIAN_POINT('',(0.00510284553059222,-0.00264,0.001255));
#3353=CARTESIAN_POINT('',(-0.00264,-0.00264,0.001155));
#3354=CARTESIAN_POINT('',(0.,0.00264,0.001155));
#3355=CARTESIAN_POINT('',(0.00264,0.00264,0.001155));
#3356=CARTESIAN_POINT('',(0.00510284553059222,0.00264,0.001055));
#3357=CARTESIAN_POINT('',(-0.00264,0.00264,0.001155));
#3358=CARTESIAN_POINT('',(0.00510284553059222,0.00264,0.001255));
#3359=CARTESIAN_POINT('',(0.00264,-0.00264,0.001155));
#3360=CARTESIAN_POINT('',(-0.00264,-0.00264,0.001155));
#3361=CARTESIAN_POINT('',(0.00510284553059222,-0.00256021204122942,0.0006025));
#3362=CARTESIAN_POINT('',(0.00510284553059222,0.00256021204122942,0.0006025));
#3363=CARTESIAN_POINT('',(0.00510284553059222,0.00256021204122942,0.0017075));
#3364=CARTESIAN_POINT('',(0.00510284553059222,-0.00256021204122942,0.0017075));
#3365=CARTESIAN_POINT('',(-0.00190542408245884,0.001905,0.00206));
#3366=CARTESIAN_POINT('',(-0.00190542408245884,0.001905,0.00206));
#3367=CARTESIAN_POINT('',(-0.00165542408245884,0.001905,0.00206));
#3368=CARTESIAN_POINT('',(-7.97879587705799E-5,-8.67361737988404E-19,0.00206));
#3369=CARTESIAN_POINT('',(0.,0.,0.));
#3370=CARTESIAN_POINT('',(0.00395,-0.000845,0.0001));
#3371=CARTESIAN_POINT('',(0.00395,-0.000425,0.0001));
#3372=CARTESIAN_POINT('',(0.00395,-0.000425,0.0002));
#3373=CARTESIAN_POINT('',(0.00395,-0.000425,4.06575814682064E-20));
#3374=CARTESIAN_POINT('',(0.00395,-0.000845,0.0002));
#3375=CARTESIAN_POINT('',(0.00395,-0.000845,0.0002));
#3376=CARTESIAN_POINT('',(0.00395,-0.000845,0.0001));
#3377=CARTESIAN_POINT('',(0.00395,-0.000845,4.06575814682064E-20));
#3378=CARTESIAN_POINT('',(0.00395,-0.000845,4.06575814682064E-20));
#3379=CARTESIAN_POINT('',(0.00373828847337958,-0.000845,0.0002));
#3380=CARTESIAN_POINT('',(0.00373828847337958,-0.000425,0.0002));
#3381=CARTESIAN_POINT('',(0.00352657694675917,-0.000425,0.0002));
#3382=CARTESIAN_POINT('',(0.00352657694675917,-0.000845,0.0002));
#3383=CARTESIAN_POINT('',(0.00352657694675917,-0.000845,0.0002));
#3384=CARTESIAN_POINT('',(0.00373828847337958,-0.000845,0.0002));
#3385=CARTESIAN_POINT('',(0.00352657694675917,-0.000845,0.00025));
#3386=CARTESIAN_POINT('',(0.00352657694675917,-0.000425,0.00025));
#3387=CARTESIAN_POINT('',(0.00348126155740733,-0.000425,0.000228869086912964));
#3388=CARTESIAN_POINT('',(0.00348126155740733,-0.000845,0.000228869086912964));
#3389=CARTESIAN_POINT('',(0.00348126155740733,-0.000845,0.000228869086912964));
#3390=CARTESIAN_POINT('',(0.00352657694675917,-0.000845,0.00025));
#3391=CARTESIAN_POINT('',(0.00327566989666494,-0.000845,0.00066976182617407));
#3392=CARTESIAN_POINT('',(0.00327566989666494,-0.000425,0.00066976182617407));
#3393=CARTESIAN_POINT('',(0.00307007823592255,-0.000425,0.00111065456543517));
#3394=CARTESIAN_POINT('',(0.00307007823592255,-0.000845,0.00111065456543517));
#3395=CARTESIAN_POINT('',(0.00307007823592255,-0.000845,0.00111065456543517));
#3396=CARTESIAN_POINT('',(0.00327566989666494,-0.000845,0.00066976182617407));
#3397=CARTESIAN_POINT('',(0.00284350128916339,-0.000845,0.001005));
#3398=CARTESIAN_POINT('',(0.00284350128916339,-0.000425,0.001005));
#3399=CARTESIAN_POINT('',(0.00284350128916339,-0.000425,0.001255));
#3400=CARTESIAN_POINT('',(0.00284350128916339,-0.000845,0.001255));
#3401=CARTESIAN_POINT('',(0.00284350128916339,-0.000845,0.001255));
#3402=CARTESIAN_POINT('',(0.00284350128916339,-0.000845,0.001005));
#3403=CARTESIAN_POINT('',(0.00274175064458169,-0.000845,0.001255));
#3404=CARTESIAN_POINT('',(0.00274175064458169,-0.000425,0.001255));
#3405=CARTESIAN_POINT('',(0.00264,-0.000425,0.001255));
#3406=CARTESIAN_POINT('',(0.00264,-0.000845,0.001255));
#3407=CARTESIAN_POINT('',(0.00264,-0.000845,0.001255));
#3408=CARTESIAN_POINT('',(0.00274175064458169,-0.000845,0.001255));
#3409=CARTESIAN_POINT('',(0.00264,-0.000845,0.001155));
#3410=CARTESIAN_POINT('',(0.00264,-0.000425,0.001155));
#3411=CARTESIAN_POINT('',(0.00264,-0.000425,0.001055));
#3412=CARTESIAN_POINT('',(0.00264,-0.000845,0.001055));
#3413=CARTESIAN_POINT('',(0.00264,-0.000845,0.001055));
#3414=CARTESIAN_POINT('',(0.00264,-0.000845,0.001155));
#3415=CARTESIAN_POINT('',(0.00274175064458169,-0.000845,0.001055));
#3416=CARTESIAN_POINT('',(0.00274175064458169,-0.000425,0.001055));
#3417=CARTESIAN_POINT('',(0.00284350128916339,-0.000425,0.001055));
#3418=CARTESIAN_POINT('',(0.00284350128916339,-0.000845,0.001055));
#3419=CARTESIAN_POINT('',(0.00284350128916339,-0.000845,0.001055));
#3420=CARTESIAN_POINT('',(0.00274175064458169,-0.000845,0.001055));
#3421=CARTESIAN_POINT('',(0.00284350128916339,-0.000845,0.001005));
#3422=CARTESIAN_POINT('',(0.00284350128916339,-0.000425,0.001005));
#3423=CARTESIAN_POINT('',(0.00288881667851523,-0.000425,0.00102613091308703));
#3424=CARTESIAN_POINT('',(0.00288881667851523,-0.000845,0.00102613091308703));
#3425=CARTESIAN_POINT('',(0.00288881667851523,-0.000845,0.00102613091308703));
#3426=CARTESIAN_POINT('',(0.00284350128916339,-0.000845,0.001005));
#3427=CARTESIAN_POINT('',(0.00309440833925761,-0.000845,0.00058523817382593));
#3428=CARTESIAN_POINT('',(0.00309440833925761,-0.000425,0.00058523817382593));
#3429=CARTESIAN_POINT('',(0.0033,-0.000425,0.000144345434564825));
#3430=CARTESIAN_POINT('',(0.0033,-0.000845,0.000144345434564825));
#3431=CARTESIAN_POINT('',(0.0033,-0.000845,0.000144345434564825));
#3432=CARTESIAN_POINT('',(0.00309440833925761,-0.000845,0.00058523817382593));
#3433=CARTESIAN_POINT('',(0.00352657694675917,-0.000845,0.00025));
#3434=CARTESIAN_POINT('',(0.00352657694675917,-0.000425,0.00025));
#3435=CARTESIAN_POINT('',(0.00352657694675917,-0.000425,-9.75781955236954E-19));
#3436=CARTESIAN_POINT('',(0.00352657694675917,-0.000845,-9.75781955236954E-19));
#3437=CARTESIAN_POINT('',(0.00352657694675917,-0.000845,-9.75781955236954E-19));
#3438=CARTESIAN_POINT('',(0.00352657694675917,-0.000845,0.00025));
#3439=CARTESIAN_POINT('',(0.00373828847337958,-0.000845,4.06575814682064E-20));
#3440=CARTESIAN_POINT('',(0.00373828847337958,-0.000425,4.06575814682064E-20));
#3441=CARTESIAN_POINT('',(0.00373828847337958,-0.000845,4.06575814682064E-20));
#3442=CARTESIAN_POINT('',(0.003295,-0.000845,0.0006275));
#3443=CARTESIAN_POINT('',(0.003295,-0.000425,0.0006275));
#3444=CARTESIAN_POINT('',(0.,0.,0.));
#3445=CARTESIAN_POINT('',(0.00395,-0.002115,0.0001));
#3446=CARTESIAN_POINT('',(0.00395,-0.001695,0.0001));
#3447=CARTESIAN_POINT('',(0.00395,-0.001695,0.0002));
#3448=CARTESIAN_POINT('',(0.00395,-0.001695,4.06575814682064E-20));
#3449=CARTESIAN_POINT('',(0.00395,-0.002115,0.0002));
#3450=CARTESIAN_POINT('',(0.00395,-0.002115,0.0002));
#3451=CARTESIAN_POINT('',(0.00395,-0.002115,0.0001));
#3452=CARTESIAN_POINT('',(0.00395,-0.002115,4.06575814682064E-20));
#3453=CARTESIAN_POINT('',(0.00395,-0.002115,4.06575814682064E-20));
#3454=CARTESIAN_POINT('',(0.00373828847337958,-0.002115,0.0002));
#3455=CARTESIAN_POINT('',(0.00373828847337958,-0.001695,0.0002));
#3456=CARTESIAN_POINT('',(0.00352657694675917,-0.001695,0.0002));
#3457=CARTESIAN_POINT('',(0.00352657694675917,-0.002115,0.0002));
#3458=CARTESIAN_POINT('',(0.00352657694675917,-0.002115,0.0002));
#3459=CARTESIAN_POINT('',(0.00373828847337958,-0.002115,0.0002));
#3460=CARTESIAN_POINT('',(0.00352657694675917,-0.002115,0.00025));
#3461=CARTESIAN_POINT('',(0.00352657694675917,-0.001695,0.00025));
#3462=CARTESIAN_POINT('',(0.00348126155740733,-0.001695,0.000228869086912964));
#3463=CARTESIAN_POINT('',(0.00348126155740733,-0.002115,0.000228869086912964));
#3464=CARTESIAN_POINT('',(0.00348126155740733,-0.002115,0.000228869086912964));
#3465=CARTESIAN_POINT('',(0.00352657694675917,-0.002115,0.00025));
#3466=CARTESIAN_POINT('',(0.00327566989666494,-0.002115,0.00066976182617407));
#3467=CARTESIAN_POINT('',(0.00327566989666494,-0.001695,0.00066976182617407));
#3468=CARTESIAN_POINT('',(0.00307007823592255,-0.001695,0.00111065456543517));
#3469=CARTESIAN_POINT('',(0.00307007823592255,-0.002115,0.00111065456543517));
#3470=CARTESIAN_POINT('',(0.00307007823592255,-0.002115,0.00111065456543517));
#3471=CARTESIAN_POINT('',(0.00327566989666494,-0.002115,0.00066976182617407));
#3472=CARTESIAN_POINT('',(0.00284350128916339,-0.002115,0.001005));
#3473=CARTESIAN_POINT('',(0.00284350128916339,-0.001695,0.001005));
#3474=CARTESIAN_POINT('',(0.00284350128916339,-0.001695,0.001255));
#3475=CARTESIAN_POINT('',(0.00284350128916339,-0.002115,0.001255));
#3476=CARTESIAN_POINT('',(0.00284350128916339,-0.002115,0.001255));
#3477=CARTESIAN_POINT('',(0.00284350128916339,-0.002115,0.001005));
#3478=CARTESIAN_POINT('',(0.00274175064458169,-0.002115,0.001255));
#3479=CARTESIAN_POINT('',(0.00274175064458169,-0.001695,0.001255));
#3480=CARTESIAN_POINT('',(0.00264,-0.001695,0.001255));
#3481=CARTESIAN_POINT('',(0.00264,-0.002115,0.001255));
#3482=CARTESIAN_POINT('',(0.00264,-0.002115,0.001255));
#3483=CARTESIAN_POINT('',(0.00274175064458169,-0.002115,0.001255));
#3484=CARTESIAN_POINT('',(0.00264,-0.002115,0.001155));
#3485=CARTESIAN_POINT('',(0.00264,-0.001695,0.001155));
#3486=CARTESIAN_POINT('',(0.00264,-0.001695,0.001055));
#3487=CARTESIAN_POINT('',(0.00264,-0.002115,0.001055));
#3488=CARTESIAN_POINT('',(0.00264,-0.002115,0.001055));
#3489=CARTESIAN_POINT('',(0.00264,-0.002115,0.001155));
#3490=CARTESIAN_POINT('',(0.00274175064458169,-0.002115,0.001055));
#3491=CARTESIAN_POINT('',(0.00274175064458169,-0.001695,0.001055));
#3492=CARTESIAN_POINT('',(0.00284350128916339,-0.001695,0.001055));
#3493=CARTESIAN_POINT('',(0.00284350128916339,-0.002115,0.001055));
#3494=CARTESIAN_POINT('',(0.00284350128916339,-0.002115,0.001055));
#3495=CARTESIAN_POINT('',(0.00274175064458169,-0.002115,0.001055));
#3496=CARTESIAN_POINT('',(0.00284350128916339,-0.002115,0.001005));
#3497=CARTESIAN_POINT('',(0.00284350128916339,-0.001695,0.001005));
#3498=CARTESIAN_POINT('',(0.00288881667851523,-0.001695,0.00102613091308703));
#3499=CARTESIAN_POINT('',(0.00288881667851523,-0.002115,0.00102613091308703));
#3500=CARTESIAN_POINT('',(0.00288881667851523,-0.002115,0.00102613091308703));
#3501=CARTESIAN_POINT('',(0.00284350128916339,-0.002115,0.001005));
#3502=CARTESIAN_POINT('',(0.00309440833925761,-0.002115,0.00058523817382593));
#3503=CARTESIAN_POINT('',(0.00309440833925761,-0.001695,0.00058523817382593));
#3504=CARTESIAN_POINT('',(0.0033,-0.001695,0.000144345434564825));
#3505=CARTESIAN_POINT('',(0.0033,-0.002115,0.000144345434564825));
#3506=CARTESIAN_POINT('',(0.0033,-0.002115,0.000144345434564825));
#3507=CARTESIAN_POINT('',(0.00309440833925761,-0.002115,0.00058523817382593));
#3508=CARTESIAN_POINT('',(0.00352657694675917,-0.002115,0.00025));
#3509=CARTESIAN_POINT('',(0.00352657694675917,-0.001695,0.00025));
#3510=CARTESIAN_POINT('',(0.00352657694675917,-0.001695,-9.75781955236954E-19));
#3511=CARTESIAN_POINT('',(0.00352657694675917,-0.002115,-9.75781955236954E-19));
#3512=CARTESIAN_POINT('',(0.00352657694675917,-0.002115,-9.75781955236954E-19));
#3513=CARTESIAN_POINT('',(0.00352657694675917,-0.002115,0.00025));
#3514=CARTESIAN_POINT('',(0.00373828847337958,-0.002115,4.06575814682064E-20));
#3515=CARTESIAN_POINT('',(0.00373828847337958,-0.001695,4.06575814682064E-20));
#3516=CARTESIAN_POINT('',(0.00373828847337958,-0.002115,4.06575814682064E-20));
#3517=CARTESIAN_POINT('',(0.003295,-0.002115,0.0006275));
#3518=CARTESIAN_POINT('',(0.003295,-0.001695,0.0006275));
#3519=CARTESIAN_POINT('',(0.,0.,0.));
#3520=CARTESIAN_POINT('',(0.00395,0.000845,0.0001));
#3521=CARTESIAN_POINT('',(0.00395,0.000425,0.0001));
#3522=CARTESIAN_POINT('',(0.00395,0.000425,0.0002));
#3523=CARTESIAN_POINT('',(0.00395,0.000425,4.06575814682064E-20));
#3524=CARTESIAN_POINT('',(0.00395,0.000845,4.06575814682064E-20));
#3525=CARTESIAN_POINT('',(0.00395,0.000845,4.06575814682064E-20));
#3526=CARTESIAN_POINT('',(0.00395,0.000845,0.0001));
#3527=CARTESIAN_POINT('',(0.00395,0.000845,0.0002));
#3528=CARTESIAN_POINT('',(0.00395,0.000845,0.0002));
#3529=CARTESIAN_POINT('',(0.00373828847337958,0.000845,0.0002));
#3530=CARTESIAN_POINT('',(0.00373828847337958,0.000425,0.0002));
#3531=CARTESIAN_POINT('',(0.00352657694675917,0.000425,0.0002));
#3532=CARTESIAN_POINT('',(0.00373828847337958,0.000845,0.0002));
#3533=CARTESIAN_POINT('',(0.00352657694675917,0.000845,0.0002));
#3534=CARTESIAN_POINT('',(0.00352657694675917,0.000845,0.0002));
#3535=CARTESIAN_POINT('',(0.00352657694675917,0.000845,0.00025));
#3536=CARTESIAN_POINT('',(0.00352657694675917,0.000425,0.00025));
#3537=CARTESIAN_POINT('',(0.00348126155740733,0.000425,0.000228869086912964));
#3538=CARTESIAN_POINT('',(0.00352657694675917,0.000845,0.00025));
#3539=CARTESIAN_POINT('',(0.00348126155740733,0.000845,0.000228869086912964));
#3540=CARTESIAN_POINT('',(0.00348126155740733,0.000845,0.000228869086912964));
#3541=CARTESIAN_POINT('',(0.00327566989666494,0.000845,0.00066976182617407));
#3542=CARTESIAN_POINT('',(0.00327566989666494,0.000425,0.00066976182617407));
#3543=CARTESIAN_POINT('',(0.00307007823592255,0.000425,0.00111065456543517));
#3544=CARTESIAN_POINT('',(0.00327566989666494,0.000845,0.00066976182617407));
#3545=CARTESIAN_POINT('',(0.00307007823592255,0.000845,0.00111065456543517));
#3546=CARTESIAN_POINT('',(0.00307007823592255,0.000845,0.00111065456543517));
#3547=CARTESIAN_POINT('',(0.00284350128916339,0.000845,0.001005));
#3548=CARTESIAN_POINT('',(0.00284350128916339,0.000425,0.001005));
#3549=CARTESIAN_POINT('',(0.00284350128916339,0.000425,0.001255));
#3550=CARTESIAN_POINT('',(0.00284350128916339,0.000845,0.001005));
#3551=CARTESIAN_POINT('',(0.00284350128916339,0.000845,0.001255));
#3552=CARTESIAN_POINT('',(0.00284350128916339,0.000845,0.001255));
#3553=CARTESIAN_POINT('',(0.00274175064458169,0.000845,0.001255));
#3554=CARTESIAN_POINT('',(0.00274175064458169,0.000425,0.001255));
#3555=CARTESIAN_POINT('',(0.00264,0.000425,0.001255));
#3556=CARTESIAN_POINT('',(0.00274175064458169,0.000845,0.001255));
#3557=CARTESIAN_POINT('',(0.00264,0.000845,0.001255));
#3558=CARTESIAN_POINT('',(0.00264,0.000845,0.001255));
#3559=CARTESIAN_POINT('',(0.00264,0.000845,0.001155));
#3560=CARTESIAN_POINT('',(0.00264,0.000425,0.001155));
#3561=CARTESIAN_POINT('',(0.00264,0.000425,0.001055));
#3562=CARTESIAN_POINT('',(0.00264,0.000845,0.001155));
#3563=CARTESIAN_POINT('',(0.00264,0.000845,0.001055));
#3564=CARTESIAN_POINT('',(0.00264,0.000845,0.001055));
#3565=CARTESIAN_POINT('',(0.00274175064458169,0.000845,0.001055));
#3566=CARTESIAN_POINT('',(0.00274175064458169,0.000425,0.001055));
#3567=CARTESIAN_POINT('',(0.00284350128916339,0.000425,0.001055));
#3568=CARTESIAN_POINT('',(0.00274175064458169,0.000845,0.001055));
#3569=CARTESIAN_POINT('',(0.00284350128916339,0.000845,0.001055));
#3570=CARTESIAN_POINT('',(0.00284350128916339,0.000845,0.001055));
#3571=CARTESIAN_POINT('',(0.00284350128916339,0.000845,0.001005));
#3572=CARTESIAN_POINT('',(0.00284350128916339,0.000425,0.001005));
#3573=CARTESIAN_POINT('',(0.00288881667851523,0.000425,0.00102613091308703));
#3574=CARTESIAN_POINT('',(0.00284350128916339,0.000845,0.001005));
#3575=CARTESIAN_POINT('',(0.00288881667851523,0.000845,0.00102613091308703));
#3576=CARTESIAN_POINT('',(0.00288881667851523,0.000845,0.00102613091308703));
#3577=CARTESIAN_POINT('',(0.00309440833925761,0.000845,0.00058523817382593));
#3578=CARTESIAN_POINT('',(0.00309440833925761,0.000425,0.00058523817382593));
#3579=CARTESIAN_POINT('',(0.0033,0.000425,0.000144345434564825));
#3580=CARTESIAN_POINT('',(0.00309440833925761,0.000845,0.00058523817382593));
#3581=CARTESIAN_POINT('',(0.0033,0.000845,0.000144345434564825));
#3582=CARTESIAN_POINT('',(0.0033,0.000845,0.000144345434564825));
#3583=CARTESIAN_POINT('',(0.00352657694675917,0.000845,0.00025));
#3584=CARTESIAN_POINT('',(0.00352657694675917,0.000425,0.00025));
#3585=CARTESIAN_POINT('',(0.00352657694675917,0.000425,-9.75781955236954E-19));
#3586=CARTESIAN_POINT('',(0.00352657694675917,0.000845,0.00025));
#3587=CARTESIAN_POINT('',(0.00352657694675917,0.000845,-9.75781955236954E-19));
#3588=CARTESIAN_POINT('',(0.00352657694675917,0.000845,-9.75781955236954E-19));
#3589=CARTESIAN_POINT('',(0.00373828847337958,0.000845,4.06575814682064E-20));
#3590=CARTESIAN_POINT('',(0.00373828847337958,0.000425,4.06575814682064E-20));
#3591=CARTESIAN_POINT('',(0.00373828847337958,0.000845,4.06575814682064E-20));
#3592=CARTESIAN_POINT('',(0.003295,0.000845,0.0006275));
#3593=CARTESIAN_POINT('',(0.003295,0.000425,0.0006275));
#3594=CARTESIAN_POINT('',(0.,0.,0.));
#3595=CARTESIAN_POINT('',(0.00395,0.002115,0.0001));
#3596=CARTESIAN_POINT('',(0.00395,0.001695,0.0001));
#3597=CARTESIAN_POINT('',(0.00395,0.001695,0.0002));
#3598=CARTESIAN_POINT('',(0.00395,0.001695,4.06575814682064E-20));
#3599=CARTESIAN_POINT('',(0.00395,0.002115,4.06575814682064E-20));
#3600=CARTESIAN_POINT('',(0.00395,0.002115,4.06575814682064E-20));
#3601=CARTESIAN_POINT('',(0.00395,0.002115,0.0001));
#3602=CARTESIAN_POINT('',(0.00395,0.002115,0.0002));
#3603=CARTESIAN_POINT('',(0.00395,0.002115,0.0002));
#3604=CARTESIAN_POINT('',(0.00373828847337958,0.002115,0.0002));
#3605=CARTESIAN_POINT('',(0.00373828847337958,0.001695,0.0002));
#3606=CARTESIAN_POINT('',(0.00352657694675917,0.001695,0.0002));
#3607=CARTESIAN_POINT('',(0.00373828847337958,0.002115,0.0002));
#3608=CARTESIAN_POINT('',(0.00352657694675917,0.002115,0.0002));
#3609=CARTESIAN_POINT('',(0.00352657694675917,0.002115,0.0002));
#3610=CARTESIAN_POINT('',(0.00352657694675917,0.002115,0.00025));
#3611=CARTESIAN_POINT('',(0.00352657694675917,0.001695,0.00025));
#3612=CARTESIAN_POINT('',(0.00348126155740733,0.001695,0.000228869086912964));
#3613=CARTESIAN_POINT('',(0.00352657694675917,0.002115,0.00025));
#3614=CARTESIAN_POINT('',(0.00348126155740733,0.002115,0.000228869086912964));
#3615=CARTESIAN_POINT('',(0.00348126155740733,0.002115,0.000228869086912964));
#3616=CARTESIAN_POINT('',(0.00327566989666494,0.002115,0.00066976182617407));
#3617=CARTESIAN_POINT('',(0.00327566989666494,0.001695,0.00066976182617407));
#3618=CARTESIAN_POINT('',(0.00307007823592255,0.001695,0.00111065456543517));
#3619=CARTESIAN_POINT('',(0.00327566989666494,0.002115,0.00066976182617407));
#3620=CARTESIAN_POINT('',(0.00307007823592255,0.002115,0.00111065456543517));
#3621=CARTESIAN_POINT('',(0.00307007823592255,0.002115,0.00111065456543517));
#3622=CARTESIAN_POINT('',(0.00284350128916339,0.002115,0.001005));
#3623=CARTESIAN_POINT('',(0.00284350128916339,0.001695,0.001005));
#3624=CARTESIAN_POINT('',(0.00284350128916339,0.001695,0.001255));
#3625=CARTESIAN_POINT('',(0.00284350128916339,0.002115,0.001005));
#3626=CARTESIAN_POINT('',(0.00284350128916339,0.002115,0.001255));
#3627=CARTESIAN_POINT('',(0.00284350128916339,0.002115,0.001255));
#3628=CARTESIAN_POINT('',(0.00274175064458169,0.002115,0.001255));
#3629=CARTESIAN_POINT('',(0.00274175064458169,0.001695,0.001255));
#3630=CARTESIAN_POINT('',(0.00264,0.001695,0.001255));
#3631=CARTESIAN_POINT('',(0.00274175064458169,0.002115,0.001255));
#3632=CARTESIAN_POINT('',(0.00264,0.002115,0.001255));
#3633=CARTESIAN_POINT('',(0.00264,0.002115,0.001255));
#3634=CARTESIAN_POINT('',(0.00264,0.002115,0.001155));
#3635=CARTESIAN_POINT('',(0.00264,0.001695,0.001155));
#3636=CARTESIAN_POINT('',(0.00264,0.001695,0.001055));
#3637=CARTESIAN_POINT('',(0.00264,0.002115,0.001155));
#3638=CARTESIAN_POINT('',(0.00264,0.002115,0.001055));
#3639=CARTESIAN_POINT('',(0.00264,0.002115,0.001055));
#3640=CARTESIAN_POINT('',(0.00274175064458169,0.002115,0.001055));
#3641=CARTESIAN_POINT('',(0.00274175064458169,0.001695,0.001055));
#3642=CARTESIAN_POINT('',(0.00284350128916339,0.001695,0.001055));
#3643=CARTESIAN_POINT('',(0.00274175064458169,0.002115,0.001055));
#3644=CARTESIAN_POINT('',(0.00284350128916339,0.002115,0.001055));
#3645=CARTESIAN_POINT('',(0.00284350128916339,0.002115,0.001055));
#3646=CARTESIAN_POINT('',(0.00284350128916339,0.002115,0.001005));
#3647=CARTESIAN_POINT('',(0.00284350128916339,0.001695,0.001005));
#3648=CARTESIAN_POINT('',(0.00288881667851523,0.001695,0.00102613091308703));
#3649=CARTESIAN_POINT('',(0.00284350128916339,0.002115,0.001005));
#3650=CARTESIAN_POINT('',(0.00288881667851523,0.002115,0.00102613091308703));
#3651=CARTESIAN_POINT('',(0.00288881667851523,0.002115,0.00102613091308703));
#3652=CARTESIAN_POINT('',(0.00309440833925761,0.002115,0.00058523817382593));
#3653=CARTESIAN_POINT('',(0.00309440833925761,0.001695,0.00058523817382593));
#3654=CARTESIAN_POINT('',(0.0033,0.001695,0.000144345434564825));
#3655=CARTESIAN_POINT('',(0.00309440833925761,0.002115,0.00058523817382593));
#3656=CARTESIAN_POINT('',(0.0033,0.002115,0.000144345434564825));
#3657=CARTESIAN_POINT('',(0.0033,0.002115,0.000144345434564825));
#3658=CARTESIAN_POINT('',(0.00352657694675917,0.002115,0.00025));
#3659=CARTESIAN_POINT('',(0.00352657694675917,0.001695,0.00025));
#3660=CARTESIAN_POINT('',(0.00352657694675917,0.001695,-9.75781955236954E-19));
#3661=CARTESIAN_POINT('',(0.00352657694675917,0.002115,0.00025));
#3662=CARTESIAN_POINT('',(0.00352657694675917,0.002115,-9.75781955236954E-19));
#3663=CARTESIAN_POINT('',(0.00352657694675917,0.002115,-9.75781955236954E-19));
#3664=CARTESIAN_POINT('',(0.00373828847337958,0.002115,4.06575814682064E-20));
#3665=CARTESIAN_POINT('',(0.00373828847337958,0.001695,4.06575814682064E-20));
#3666=CARTESIAN_POINT('',(0.00373828847337958,0.002115,4.06575814682064E-20));
#3667=CARTESIAN_POINT('',(0.003295,0.002115,0.0006275));
#3668=CARTESIAN_POINT('',(0.003295,0.001695,0.0006275));
#3669=CARTESIAN_POINT('',(0.,0.,0.));
#3670=CARTESIAN_POINT('',(-0.00395,-0.000845,0.0001));
#3671=CARTESIAN_POINT('',(-0.00395,-0.000425,0.0001));
#3672=CARTESIAN_POINT('',(-0.00395,-0.000425,0.0002));
#3673=CARTESIAN_POINT('',(-0.00395,-0.000425,4.06575814682064E-20));
#3674=CARTESIAN_POINT('',(-0.00395,-0.000845,4.06575814682064E-20));
#3675=CARTESIAN_POINT('',(-0.00395,-0.000845,4.06575814682064E-20));
#3676=CARTESIAN_POINT('',(-0.00395,-0.000845,0.0001));
#3677=CARTESIAN_POINT('',(-0.00395,-0.000845,0.0002));
#3678=CARTESIAN_POINT('',(-0.00395,-0.000845,0.0002));
#3679=CARTESIAN_POINT('',(-0.00373828847337958,-0.000845,0.0002));
#3680=CARTESIAN_POINT('',(-0.00373828847337958,-0.000425,0.0002));
#3681=CARTESIAN_POINT('',(-0.00352657694675917,-0.000425,0.0002));
#3682=CARTESIAN_POINT('',(-0.00373828847337958,-0.000845,0.0002));
#3683=CARTESIAN_POINT('',(-0.00352657694675917,-0.000845,0.0002));
#3684=CARTESIAN_POINT('',(-0.00352657694675917,-0.000845,0.0002));
#3685=CARTESIAN_POINT('',(-0.00352657694675917,-0.000845,0.00025));
#3686=CARTESIAN_POINT('',(-0.00352657694675917,-0.000425,0.00025));
#3687=CARTESIAN_POINT('',(-0.00348126155740733,-0.000425,0.000228869086912964));
#3688=CARTESIAN_POINT('',(-0.00352657694675917,-0.000845,0.00025));
#3689=CARTESIAN_POINT('',(-0.00348126155740733,-0.000845,0.000228869086912964));
#3690=CARTESIAN_POINT('',(-0.00348126155740733,-0.000845,0.000228869086912964));
#3691=CARTESIAN_POINT('',(-0.00327566989666494,-0.000845,0.00066976182617407));
#3692=CARTESIAN_POINT('',(-0.00327566989666494,-0.000425,0.00066976182617407));
#3693=CARTESIAN_POINT('',(-0.00307007823592255,-0.000425,0.00111065456543517));
#3694=CARTESIAN_POINT('',(-0.00327566989666494,-0.000845,0.00066976182617407));
#3695=CARTESIAN_POINT('',(-0.00307007823592255,-0.000845,0.00111065456543517));
#3696=CARTESIAN_POINT('',(-0.00307007823592255,-0.000845,0.00111065456543517));
#3697=CARTESIAN_POINT('',(-0.00284350128916339,-0.000845,0.001005));
#3698=CARTESIAN_POINT('',(-0.00284350128916339,-0.000425,0.001005));
#3699=CARTESIAN_POINT('',(-0.00284350128916339,-0.000425,0.001255));
#3700=CARTESIAN_POINT('',(-0.00284350128916339,-0.000845,0.001005));
#3701=CARTESIAN_POINT('',(-0.00284350128916339,-0.000845,0.001255));
#3702=CARTESIAN_POINT('',(-0.00284350128916339,-0.000845,0.001255));
#3703=CARTESIAN_POINT('',(-0.00274175064458169,-0.000845,0.001255));
#3704=CARTESIAN_POINT('',(-0.00274175064458169,-0.000425,0.001255));
#3705=CARTESIAN_POINT('',(-0.00264,-0.000425,0.001255));
#3706=CARTESIAN_POINT('',(-0.00274175064458169,-0.000845,0.001255));
#3707=CARTESIAN_POINT('',(-0.00264,-0.000845,0.001255));
#3708=CARTESIAN_POINT('',(-0.00264,-0.000845,0.001255));
#3709=CARTESIAN_POINT('',(-0.00264,-0.000845,0.001155));
#3710=CARTESIAN_POINT('',(-0.00264,-0.000425,0.001155));
#3711=CARTESIAN_POINT('',(-0.00264,-0.000425,0.001055));
#3712=CARTESIAN_POINT('',(-0.00264,-0.000845,0.001155));
#3713=CARTESIAN_POINT('',(-0.00264,-0.000845,0.001055));
#3714=CARTESIAN_POINT('',(-0.00264,-0.000845,0.001055));
#3715=CARTESIAN_POINT('',(-0.00274175064458169,-0.000845,0.001055));
#3716=CARTESIAN_POINT('',(-0.00274175064458169,-0.000425,0.001055));
#3717=CARTESIAN_POINT('',(-0.00284350128916339,-0.000425,0.001055));
#3718=CARTESIAN_POINT('',(-0.00274175064458169,-0.000845,0.001055));
#3719=CARTESIAN_POINT('',(-0.00284350128916339,-0.000845,0.001055));
#3720=CARTESIAN_POINT('',(-0.00284350128916339,-0.000845,0.001055));
#3721=CARTESIAN_POINT('',(-0.00284350128916339,-0.000845,0.001005));
#3722=CARTESIAN_POINT('',(-0.00284350128916339,-0.000425,0.001005));
#3723=CARTESIAN_POINT('',(-0.00288881667851523,-0.000425,0.00102613091308703));
#3724=CARTESIAN_POINT('',(-0.00284350128916339,-0.000845,0.001005));
#3725=CARTESIAN_POINT('',(-0.00288881667851523,-0.000845,0.00102613091308703));
#3726=CARTESIAN_POINT('',(-0.00288881667851523,-0.000845,0.00102613091308703));
#3727=CARTESIAN_POINT('',(-0.00309440833925761,-0.000845,0.00058523817382593));
#3728=CARTESIAN_POINT('',(-0.00309440833925761,-0.000425,0.00058523817382593));
#3729=CARTESIAN_POINT('',(-0.0033,-0.000425,0.000144345434564825));
#3730=CARTESIAN_POINT('',(-0.00309440833925761,-0.000845,0.00058523817382593));
#3731=CARTESIAN_POINT('',(-0.0033,-0.000845,0.000144345434564825));
#3732=CARTESIAN_POINT('',(-0.0033,-0.000845,0.000144345434564825));
#3733=CARTESIAN_POINT('',(-0.00352657694675917,-0.000845,0.00025));
#3734=CARTESIAN_POINT('',(-0.00352657694675917,-0.000425,0.00025));
#3735=CARTESIAN_POINT('',(-0.00352657694675917,-0.000425,-9.75781955236954E-19));
#3736=CARTESIAN_POINT('',(-0.00352657694675917,-0.000845,0.00025));
#3737=CARTESIAN_POINT('',(-0.00352657694675917,-0.000845,-9.75781955236954E-19));
#3738=CARTESIAN_POINT('',(-0.00352657694675917,-0.000845,-9.75781955236954E-19));
#3739=CARTESIAN_POINT('',(-0.00373828847337958,-0.000845,4.06575814682064E-20));
#3740=CARTESIAN_POINT('',(-0.00373828847337958,-0.000425,4.06575814682064E-20));
#3741=CARTESIAN_POINT('',(-0.00373828847337958,-0.000845,4.06575814682064E-20));
#3742=CARTESIAN_POINT('',(-0.003295,-0.000845,0.0006275));
#3743=CARTESIAN_POINT('',(-0.003295,-0.000425,0.0006275));
#3744=CARTESIAN_POINT('',(0.,0.,0.));
#3745=CARTESIAN_POINT('',(-0.00395,-0.002115,0.0001));
#3746=CARTESIAN_POINT('',(-0.00395,-0.001695,0.0001));
#3747=CARTESIAN_POINT('',(-0.00395,-0.001695,0.0002));
#3748=CARTESIAN_POINT('',(-0.00395,-0.001695,4.06575814682064E-20));
#3749=CARTESIAN_POINT('',(-0.00395,-0.002115,4.06575814682064E-20));
#3750=CARTESIAN_POINT('',(-0.00395,-0.002115,4.06575814682064E-20));
#3751=CARTESIAN_POINT('',(-0.00395,-0.002115,0.0001));
#3752=CARTESIAN_POINT('',(-0.00395,-0.002115,0.0002));
#3753=CARTESIAN_POINT('',(-0.00395,-0.002115,0.0002));
#3754=CARTESIAN_POINT('',(-0.00373828847337958,-0.002115,0.0002));
#3755=CARTESIAN_POINT('',(-0.00373828847337958,-0.001695,0.0002));
#3756=CARTESIAN_POINT('',(-0.00352657694675917,-0.001695,0.0002));
#3757=CARTESIAN_POINT('',(-0.00373828847337958,-0.002115,0.0002));
#3758=CARTESIAN_POINT('',(-0.00352657694675917,-0.002115,0.0002));
#3759=CARTESIAN_POINT('',(-0.00352657694675917,-0.002115,0.0002));
#3760=CARTESIAN_POINT('',(-0.00352657694675917,-0.002115,0.00025));
#3761=CARTESIAN_POINT('',(-0.00352657694675917,-0.001695,0.00025));
#3762=CARTESIAN_POINT('',(-0.00348126155740733,-0.001695,0.000228869086912964));
#3763=CARTESIAN_POINT('',(-0.00352657694675917,-0.002115,0.00025));
#3764=CARTESIAN_POINT('',(-0.00348126155740733,-0.002115,0.000228869086912964));
#3765=CARTESIAN_POINT('',(-0.00348126155740733,-0.002115,0.000228869086912964));
#3766=CARTESIAN_POINT('',(-0.00327566989666494,-0.002115,0.00066976182617407));
#3767=CARTESIAN_POINT('',(-0.00327566989666494,-0.001695,0.00066976182617407));
#3768=CARTESIAN_POINT('',(-0.00307007823592255,-0.001695,0.00111065456543517));
#3769=CARTESIAN_POINT('',(-0.00327566989666494,-0.002115,0.00066976182617407));
#3770=CARTESIAN_POINT('',(-0.00307007823592255,-0.002115,0.00111065456543517));
#3771=CARTESIAN_POINT('',(-0.00307007823592255,-0.002115,0.00111065456543517));
#3772=CARTESIAN_POINT('',(-0.00284350128916339,-0.002115,0.001005));
#3773=CARTESIAN_POINT('',(-0.00284350128916339,-0.001695,0.001005));
#3774=CARTESIAN_POINT('',(-0.00284350128916339,-0.001695,0.001255));
#3775=CARTESIAN_POINT('',(-0.00284350128916339,-0.002115,0.001005));
#3776=CARTESIAN_POINT('',(-0.00284350128916339,-0.002115,0.001255));
#3777=CARTESIAN_POINT('',(-0.00284350128916339,-0.002115,0.001255));
#3778=CARTESIAN_POINT('',(-0.00274175064458169,-0.002115,0.001255));
#3779=CARTESIAN_POINT('',(-0.00274175064458169,-0.001695,0.001255));
#3780=CARTESIAN_POINT('',(-0.00264,-0.001695,0.001255));
#3781=CARTESIAN_POINT('',(-0.00274175064458169,-0.002115,0.001255));
#3782=CARTESIAN_POINT('',(-0.00264,-0.002115,0.001255));
#3783=CARTESIAN_POINT('',(-0.00264,-0.002115,0.001255));
#3784=CARTESIAN_POINT('',(-0.00264,-0.002115,0.001155));
#3785=CARTESIAN_POINT('',(-0.00264,-0.001695,0.001155));
#3786=CARTESIAN_POINT('',(-0.00264,-0.001695,0.001055));
#3787=CARTESIAN_POINT('',(-0.00264,-0.002115,0.001155));
#3788=CARTESIAN_POINT('',(-0.00264,-0.002115,0.001055));
#3789=CARTESIAN_POINT('',(-0.00264,-0.002115,0.001055));
#3790=CARTESIAN_POINT('',(-0.00274175064458169,-0.002115,0.001055));
#3791=CARTESIAN_POINT('',(-0.00274175064458169,-0.001695,0.001055));
#3792=CARTESIAN_POINT('',(-0.00284350128916339,-0.001695,0.001055));
#3793=CARTESIAN_POINT('',(-0.00274175064458169,-0.002115,0.001055));
#3794=CARTESIAN_POINT('',(-0.00284350128916339,-0.002115,0.001055));
#3795=CARTESIAN_POINT('',(-0.00284350128916339,-0.002115,0.001055));
#3796=CARTESIAN_POINT('',(-0.00284350128916339,-0.002115,0.001005));
#3797=CARTESIAN_POINT('',(-0.00284350128916339,-0.001695,0.001005));
#3798=CARTESIAN_POINT('',(-0.00288881667851523,-0.001695,0.00102613091308703));
#3799=CARTESIAN_POINT('',(-0.00284350128916339,-0.002115,0.001005));
#3800=CARTESIAN_POINT('',(-0.00288881667851523,-0.002115,0.00102613091308703));
#3801=CARTESIAN_POINT('',(-0.00288881667851523,-0.002115,0.00102613091308703));
#3802=CARTESIAN_POINT('',(-0.00309440833925761,-0.002115,0.00058523817382593));
#3803=CARTESIAN_POINT('',(-0.00309440833925761,-0.001695,0.00058523817382593));
#3804=CARTESIAN_POINT('',(-0.0033,-0.001695,0.000144345434564825));
#3805=CARTESIAN_POINT('',(-0.00309440833925761,-0.002115,0.00058523817382593));
#3806=CARTESIAN_POINT('',(-0.0033,-0.002115,0.000144345434564825));
#3807=CARTESIAN_POINT('',(-0.0033,-0.002115,0.000144345434564825));
#3808=CARTESIAN_POINT('',(-0.00352657694675917,-0.002115,0.00025));
#3809=CARTESIAN_POINT('',(-0.00352657694675917,-0.001695,0.00025));
#3810=CARTESIAN_POINT('',(-0.00352657694675917,-0.001695,-9.75781955236954E-19));
#3811=CARTESIAN_POINT('',(-0.00352657694675917,-0.002115,0.00025));
#3812=CARTESIAN_POINT('',(-0.00352657694675917,-0.002115,-9.75781955236954E-19));
#3813=CARTESIAN_POINT('',(-0.00352657694675917,-0.002115,-9.75781955236954E-19));
#3814=CARTESIAN_POINT('',(-0.00373828847337958,-0.002115,4.06575814682064E-20));
#3815=CARTESIAN_POINT('',(-0.00373828847337958,-0.001695,4.06575814682064E-20));
#3816=CARTESIAN_POINT('',(-0.00373828847337958,-0.002115,4.06575814682064E-20));
#3817=CARTESIAN_POINT('',(-0.003295,-0.002115,0.0006275));
#3818=CARTESIAN_POINT('',(-0.003295,-0.001695,0.0006275));
#3819=CARTESIAN_POINT('',(0.,0.,0.));
#3820=CARTESIAN_POINT('',(-0.00395,0.000845,0.0001));
#3821=CARTESIAN_POINT('',(-0.00395,0.000425,0.0001));
#3822=CARTESIAN_POINT('',(-0.00395,0.000425,0.0002));
#3823=CARTESIAN_POINT('',(-0.00395,0.000425,4.06575814682064E-20));
#3824=CARTESIAN_POINT('',(-0.00395,0.000845,0.0002));
#3825=CARTESIAN_POINT('',(-0.00395,0.000845,0.0002));
#3826=CARTESIAN_POINT('',(-0.00395,0.000845,0.0001));
#3827=CARTESIAN_POINT('',(-0.00395,0.000845,4.06575814682064E-20));
#3828=CARTESIAN_POINT('',(-0.00395,0.000845,4.06575814682064E-20));
#3829=CARTESIAN_POINT('',(-0.00373828847337958,0.000845,0.0002));
#3830=CARTESIAN_POINT('',(-0.00373828847337958,0.000425,0.0002));
#3831=CARTESIAN_POINT('',(-0.00352657694675917,0.000425,0.0002));
#3832=CARTESIAN_POINT('',(-0.00352657694675917,0.000845,0.0002));
#3833=CARTESIAN_POINT('',(-0.00352657694675917,0.000845,0.0002));
#3834=CARTESIAN_POINT('',(-0.00373828847337958,0.000845,0.0002));
#3835=CARTESIAN_POINT('',(-0.00352657694675917,0.000845,0.00025));
#3836=CARTESIAN_POINT('',(-0.00352657694675917,0.000425,0.00025));
#3837=CARTESIAN_POINT('',(-0.00348126155740733,0.000425,0.000228869086912964));
#3838=CARTESIAN_POINT('',(-0.00348126155740733,0.000845,0.000228869086912964));
#3839=CARTESIAN_POINT('',(-0.00348126155740733,0.000845,0.000228869086912964));
#3840=CARTESIAN_POINT('',(-0.00352657694675917,0.000845,0.00025));
#3841=CARTESIAN_POINT('',(-0.00327566989666494,0.000845,0.00066976182617407));
#3842=CARTESIAN_POINT('',(-0.00327566989666494,0.000425,0.00066976182617407));
#3843=CARTESIAN_POINT('',(-0.00307007823592255,0.000425,0.00111065456543517));
#3844=CARTESIAN_POINT('',(-0.00307007823592255,0.000845,0.00111065456543517));
#3845=CARTESIAN_POINT('',(-0.00307007823592255,0.000845,0.00111065456543517));
#3846=CARTESIAN_POINT('',(-0.00327566989666494,0.000845,0.00066976182617407));
#3847=CARTESIAN_POINT('',(-0.00284350128916339,0.000845,0.001005));
#3848=CARTESIAN_POINT('',(-0.00284350128916339,0.000425,0.001005));
#3849=CARTESIAN_POINT('',(-0.00284350128916339,0.000425,0.001255));
#3850=CARTESIAN_POINT('',(-0.00284350128916339,0.000845,0.001255));
#3851=CARTESIAN_POINT('',(-0.00284350128916339,0.000845,0.001255));
#3852=CARTESIAN_POINT('',(-0.00284350128916339,0.000845,0.001005));
#3853=CARTESIAN_POINT('',(-0.00274175064458169,0.000845,0.001255));
#3854=CARTESIAN_POINT('',(-0.00274175064458169,0.000425,0.001255));
#3855=CARTESIAN_POINT('',(-0.00264,0.000425,0.001255));
#3856=CARTESIAN_POINT('',(-0.00264,0.000845,0.001255));
#3857=CARTESIAN_POINT('',(-0.00264,0.000845,0.001255));
#3858=CARTESIAN_POINT('',(-0.00274175064458169,0.000845,0.001255));
#3859=CARTESIAN_POINT('',(-0.00264,0.000845,0.001155));
#3860=CARTESIAN_POINT('',(-0.00264,0.000425,0.001155));
#3861=CARTESIAN_POINT('',(-0.00264,0.000425,0.001055));
#3862=CARTESIAN_POINT('',(-0.00264,0.000845,0.001055));
#3863=CARTESIAN_POINT('',(-0.00264,0.000845,0.001055));
#3864=CARTESIAN_POINT('',(-0.00264,0.000845,0.001155));
#3865=CARTESIAN_POINT('',(-0.00274175064458169,0.000845,0.001055));
#3866=CARTESIAN_POINT('',(-0.00274175064458169,0.000425,0.001055));
#3867=CARTESIAN_POINT('',(-0.00284350128916339,0.000425,0.001055));
#3868=CARTESIAN_POINT('',(-0.00284350128916339,0.000845,0.001055));
#3869=CARTESIAN_POINT('',(-0.00284350128916339,0.000845,0.001055));
#3870=CARTESIAN_POINT('',(-0.00274175064458169,0.000845,0.001055));
#3871=CARTESIAN_POINT('',(-0.00284350128916339,0.000845,0.001005));
#3872=CARTESIAN_POINT('',(-0.00284350128916339,0.000425,0.001005));
#3873=CARTESIAN_POINT('',(-0.00288881667851523,0.000425,0.00102613091308703));
#3874=CARTESIAN_POINT('',(-0.00288881667851523,0.000845,0.00102613091308703));
#3875=CARTESIAN_POINT('',(-0.00288881667851523,0.000845,0.00102613091308703));
#3876=CARTESIAN_POINT('',(-0.00284350128916339,0.000845,0.001005));
#3877=CARTESIAN_POINT('',(-0.00309440833925761,0.000845,0.00058523817382593));
#3878=CARTESIAN_POINT('',(-0.00309440833925761,0.000425,0.00058523817382593));
#3879=CARTESIAN_POINT('',(-0.0033,0.000425,0.000144345434564825));
#3880=CARTESIAN_POINT('',(-0.0033,0.000845,0.000144345434564825));
#3881=CARTESIAN_POINT('',(-0.0033,0.000845,0.000144345434564825));
#3882=CARTESIAN_POINT('',(-0.00309440833925761,0.000845,0.00058523817382593));
#3883=CARTESIAN_POINT('',(-0.00352657694675917,0.000845,0.00025));
#3884=CARTESIAN_POINT('',(-0.00352657694675917,0.000425,0.00025));
#3885=CARTESIAN_POINT('',(-0.00352657694675917,0.000425,-9.75781955236954E-19));
#3886=CARTESIAN_POINT('',(-0.00352657694675917,0.000845,-9.75781955236954E-19));
#3887=CARTESIAN_POINT('',(-0.00352657694675917,0.000845,-9.75781955236954E-19));
#3888=CARTESIAN_POINT('',(-0.00352657694675917,0.000845,0.00025));
#3889=CARTESIAN_POINT('',(-0.00373828847337958,0.000845,4.06575814682064E-20));
#3890=CARTESIAN_POINT('',(-0.00373828847337958,0.000425,4.06575814682064E-20));
#3891=CARTESIAN_POINT('',(-0.00373828847337958,0.000845,4.06575814682064E-20));
#3892=CARTESIAN_POINT('',(-0.003295,0.000845,0.0006275));
#3893=CARTESIAN_POINT('',(-0.003295,0.000425,0.0006275));
#3894=CARTESIAN_POINT('',(0.,0.,0.));
#3895=CARTESIAN_POINT('',(-0.00395,0.002115,0.0001));
#3896=CARTESIAN_POINT('',(-0.00395,0.001695,0.0001));
#3897=CARTESIAN_POINT('',(-0.00395,0.001695,0.0002));
#3898=CARTESIAN_POINT('',(-0.00395,0.001695,4.06575814682064E-20));
#3899=CARTESIAN_POINT('',(-0.00395,0.002115,0.0002));
#3900=CARTESIAN_POINT('',(-0.00395,0.002115,0.0002));
#3901=CARTESIAN_POINT('',(-0.00395,0.002115,0.0001));
#3902=CARTESIAN_POINT('',(-0.00395,0.002115,4.06575814682064E-20));
#3903=CARTESIAN_POINT('',(-0.00395,0.002115,4.06575814682064E-20));
#3904=CARTESIAN_POINT('',(-0.00373828847337958,0.002115,0.0002));
#3905=CARTESIAN_POINT('',(-0.00373828847337958,0.001695,0.0002));
#3906=CARTESIAN_POINT('',(-0.00352657694675917,0.001695,0.0002));
#3907=CARTESIAN_POINT('',(-0.00352657694675917,0.002115,0.0002));
#3908=CARTESIAN_POINT('',(-0.00352657694675917,0.002115,0.0002));
#3909=CARTESIAN_POINT('',(-0.00373828847337958,0.002115,0.0002));
#3910=CARTESIAN_POINT('',(-0.00352657694675917,0.002115,0.00025));
#3911=CARTESIAN_POINT('',(-0.00352657694675917,0.001695,0.00025));
#3912=CARTESIAN_POINT('',(-0.00348126155740733,0.001695,0.000228869086912964));
#3913=CARTESIAN_POINT('',(-0.00348126155740733,0.002115,0.000228869086912964));
#3914=CARTESIAN_POINT('',(-0.00348126155740733,0.002115,0.000228869086912964));
#3915=CARTESIAN_POINT('',(-0.00352657694675917,0.002115,0.00025));
#3916=CARTESIAN_POINT('',(-0.00327566989666494,0.002115,0.00066976182617407));
#3917=CARTESIAN_POINT('',(-0.00327566989666494,0.001695,0.00066976182617407));
#3918=CARTESIAN_POINT('',(-0.00307007823592255,0.001695,0.00111065456543517));
#3919=CARTESIAN_POINT('',(-0.00307007823592255,0.002115,0.00111065456543517));
#3920=CARTESIAN_POINT('',(-0.00307007823592255,0.002115,0.00111065456543517));
#3921=CARTESIAN_POINT('',(-0.00327566989666494,0.002115,0.00066976182617407));
#3922=CARTESIAN_POINT('',(-0.00284350128916339,0.002115,0.001005));
#3923=CARTESIAN_POINT('',(-0.00284350128916339,0.001695,0.001005));
#3924=CARTESIAN_POINT('',(-0.00284350128916339,0.001695,0.001255));
#3925=CARTESIAN_POINT('',(-0.00284350128916339,0.002115,0.001255));
#3926=CARTESIAN_POINT('',(-0.00284350128916339,0.002115,0.001255));
#3927=CARTESIAN_POINT('',(-0.00284350128916339,0.002115,0.001005));
#3928=CARTESIAN_POINT('',(-0.00274175064458169,0.002115,0.001255));
#3929=CARTESIAN_POINT('',(-0.00274175064458169,0.001695,0.001255));
#3930=CARTESIAN_POINT('',(-0.00264,0.001695,0.001255));
#3931=CARTESIAN_POINT('',(-0.00264,0.002115,0.001255));
#3932=CARTESIAN_POINT('',(-0.00264,0.002115,0.001255));
#3933=CARTESIAN_POINT('',(-0.00274175064458169,0.002115,0.001255));
#3934=CARTESIAN_POINT('',(-0.00264,0.002115,0.001155));
#3935=CARTESIAN_POINT('',(-0.00264,0.001695,0.001155));
#3936=CARTESIAN_POINT('',(-0.00264,0.001695,0.001055));
#3937=CARTESIAN_POINT('',(-0.00264,0.002115,0.001055));
#3938=CARTESIAN_POINT('',(-0.00264,0.002115,0.001055));
#3939=CARTESIAN_POINT('',(-0.00264,0.002115,0.001155));
#3940=CARTESIAN_POINT('',(-0.00274175064458169,0.002115,0.001055));
#3941=CARTESIAN_POINT('',(-0.00274175064458169,0.001695,0.001055));
#3942=CARTESIAN_POINT('',(-0.00284350128916339,0.001695,0.001055));
#3943=CARTESIAN_POINT('',(-0.00284350128916339,0.002115,0.001055));
#3944=CARTESIAN_POINT('',(-0.00284350128916339,0.002115,0.001055));
#3945=CARTESIAN_POINT('',(-0.00274175064458169,0.002115,0.001055));
#3946=CARTESIAN_POINT('',(-0.00284350128916339,0.002115,0.001005));
#3947=CARTESIAN_POINT('',(-0.00284350128916339,0.001695,0.001005));
#3948=CARTESIAN_POINT('',(-0.00288881667851523,0.001695,0.00102613091308703));
#3949=CARTESIAN_POINT('',(-0.00288881667851523,0.002115,0.00102613091308703));
#3950=CARTESIAN_POINT('',(-0.00288881667851523,0.002115,0.00102613091308703));
#3951=CARTESIAN_POINT('',(-0.00284350128916339,0.002115,0.001005));
#3952=CARTESIAN_POINT('',(-0.00309440833925761,0.002115,0.00058523817382593));
#3953=CARTESIAN_POINT('',(-0.00309440833925761,0.001695,0.00058523817382593));
#3954=CARTESIAN_POINT('',(-0.0033,0.001695,0.000144345434564825));
#3955=CARTESIAN_POINT('',(-0.0033,0.002115,0.000144345434564825));
#3956=CARTESIAN_POINT('',(-0.0033,0.002115,0.000144345434564825));
#3957=CARTESIAN_POINT('',(-0.00309440833925761,0.002115,0.00058523817382593));
#3958=CARTESIAN_POINT('',(-0.00352657694675917,0.002115,0.00025));
#3959=CARTESIAN_POINT('',(-0.00352657694675917,0.001695,0.00025));
#3960=CARTESIAN_POINT('',(-0.00352657694675917,0.001695,-9.75781955236954E-19));
#3961=CARTESIAN_POINT('',(-0.00352657694675917,0.002115,-9.75781955236954E-19));
#3962=CARTESIAN_POINT('',(-0.00352657694675917,0.002115,-9.75781955236954E-19));
#3963=CARTESIAN_POINT('',(-0.00352657694675917,0.002115,0.00025));
#3964=CARTESIAN_POINT('',(-0.00373828847337958,0.002115,4.06575814682064E-20));
#3965=CARTESIAN_POINT('',(-0.00373828847337958,0.001695,4.06575814682064E-20));
#3966=CARTESIAN_POINT('',(-0.00373828847337958,0.002115,4.06575814682064E-20));
#3967=CARTESIAN_POINT('',(-0.003295,0.002115,0.0006275));
#3968=CARTESIAN_POINT('',(-0.003295,0.001695,0.0006275));
#3969=MECHANICAL_DESIGN_GEOMETRIC_PRESENTATION_REPRESENTATION('',(#2314),
#3979);
#3970=MECHANICAL_DESIGN_GEOMETRIC_PRESENTATION_REPRESENTATION('',(#2315),
#3980);
#3971=MECHANICAL_DESIGN_GEOMETRIC_PRESENTATION_REPRESENTATION('',(#2316),
#3981);
#3972=MECHANICAL_DESIGN_GEOMETRIC_PRESENTATION_REPRESENTATION('',(#2317),
#3982);
#3973=MECHANICAL_DESIGN_GEOMETRIC_PRESENTATION_REPRESENTATION('',(#2318),
#3983);
#3974=MECHANICAL_DESIGN_GEOMETRIC_PRESENTATION_REPRESENTATION('',(#2319),
#3984);
#3975=MECHANICAL_DESIGN_GEOMETRIC_PRESENTATION_REPRESENTATION('',(#2320),
#3985);
#3976=MECHANICAL_DESIGN_GEOMETRIC_PRESENTATION_REPRESENTATION('',(#2321),
#3986);
#3977=MECHANICAL_DESIGN_GEOMETRIC_PRESENTATION_REPRESENTATION('',(#2322),
#3987);
#3978=MECHANICAL_DESIGN_GEOMETRIC_PRESENTATION_REPRESENTATION('',(#2323),
#3988);
#3979=(
GEOMETRIC_REPRESENTATION_CONTEXT(3)
GLOBAL_UNCERTAINTY_ASSIGNED_CONTEXT((#3989))
GLOBAL_UNIT_ASSIGNED_CONTEXT((#4019,#4009,#3999))
REPRESENTATION_CONTEXT('Part 10','TOP_LEVEL_ASSEMBLY_PART')
);
#3980=(
GEOMETRIC_REPRESENTATION_CONTEXT(3)
GLOBAL_UNCERTAINTY_ASSIGNED_CONTEXT((#3990))
GLOBAL_UNIT_ASSIGNED_CONTEXT((#4020,#4010,#4000))
REPRESENTATION_CONTEXT('Part 1','TOP_LEVEL_ASSEMBLY_PART')
);
#3981=(
GEOMETRIC_REPRESENTATION_CONTEXT(3)
GLOBAL_UNCERTAINTY_ASSIGNED_CONTEXT((#3991))
GLOBAL_UNIT_ASSIGNED_CONTEXT((#4021,#4011,#4001))
REPRESENTATION_CONTEXT('Part 2','TOP_LEVEL_ASSEMBLY_PART')
);
#3982=(
GEOMETRIC_REPRESENTATION_CONTEXT(3)
GLOBAL_UNCERTAINTY_ASSIGNED_CONTEXT((#3992))
GLOBAL_UNIT_ASSIGNED_CONTEXT((#4022,#4012,#4002))
REPRESENTATION_CONTEXT('Part 3','TOP_LEVEL_ASSEMBLY_PART')
);
#3983=(
GEOMETRIC_REPRESENTATION_CONTEXT(3)
GLOBAL_UNCERTAINTY_ASSIGNED_CONTEXT((#3993))
GLOBAL_UNIT_ASSIGNED_CONTEXT((#4023,#4013,#4003))
REPRESENTATION_CONTEXT('Part 4','TOP_LEVEL_ASSEMBLY_PART')
);
#3984=(
GEOMETRIC_REPRESENTATION_CONTEXT(3)
GLOBAL_UNCERTAINTY_ASSIGNED_CONTEXT((#3994))
GLOBAL_UNIT_ASSIGNED_CONTEXT((#4024,#4014,#4004))
REPRESENTATION_CONTEXT('Part 5','TOP_LEVEL_ASSEMBLY_PART')
);
#3985=(
GEOMETRIC_REPRESENTATION_CONTEXT(3)
GLOBAL_UNCERTAINTY_ASSIGNED_CONTEXT((#3995))
GLOBAL_UNIT_ASSIGNED_CONTEXT((#4025,#4015,#4005))
REPRESENTATION_CONTEXT('Part 6','TOP_LEVEL_ASSEMBLY_PART')
);
#3986=(
GEOMETRIC_REPRESENTATION_CONTEXT(3)
GLOBAL_UNCERTAINTY_ASSIGNED_CONTEXT((#3996))
GLOBAL_UNIT_ASSIGNED_CONTEXT((#4026,#4016,#4006))
REPRESENTATION_CONTEXT('Part 7','TOP_LEVEL_ASSEMBLY_PART')
);
#3987=(
GEOMETRIC_REPRESENTATION_CONTEXT(3)
GLOBAL_UNCERTAINTY_ASSIGNED_CONTEXT((#3997))
GLOBAL_UNIT_ASSIGNED_CONTEXT((#4027,#4017,#4007))
REPRESENTATION_CONTEXT('Part 8','TOP_LEVEL_ASSEMBLY_PART')
);
#3988=(
GEOMETRIC_REPRESENTATION_CONTEXT(3)
GLOBAL_UNCERTAINTY_ASSIGNED_CONTEXT((#3998))
GLOBAL_UNIT_ASSIGNED_CONTEXT((#4028,#4018,#4008))
REPRESENTATION_CONTEXT('Part 9','TOP_LEVEL_ASSEMBLY_PART')
);
#3989=UNCERTAINTY_MEASURE_WITH_UNIT(LENGTH_MEASURE(1.E-8),#4019,
'DISTANCE_ACCURACY_VALUE','Maximum Tolerance applied to model');
#3990=UNCERTAINTY_MEASURE_WITH_UNIT(LENGTH_MEASURE(1.E-8),#4020,
'DISTANCE_ACCURACY_VALUE','Maximum Tolerance applied to model');
#3991=UNCERTAINTY_MEASURE_WITH_UNIT(LENGTH_MEASURE(1.E-8),#4021,
'DISTANCE_ACCURACY_VALUE','Maximum Tolerance applied to model');
#3992=UNCERTAINTY_MEASURE_WITH_UNIT(LENGTH_MEASURE(1.E-8),#4022,
'DISTANCE_ACCURACY_VALUE','Maximum Tolerance applied to model');
#3993=UNCERTAINTY_MEASURE_WITH_UNIT(LENGTH_MEASURE(1.E-8),#4023,
'DISTANCE_ACCURACY_VALUE','Maximum Tolerance applied to model');
#3994=UNCERTAINTY_MEASURE_WITH_UNIT(LENGTH_MEASURE(1.E-8),#4024,
'DISTANCE_ACCURACY_VALUE','Maximum Tolerance applied to model');
#3995=UNCERTAINTY_MEASURE_WITH_UNIT(LENGTH_MEASURE(1.E-8),#4025,
'DISTANCE_ACCURACY_VALUE','Maximum Tolerance applied to model');
#3996=UNCERTAINTY_MEASURE_WITH_UNIT(LENGTH_MEASURE(1.E-8),#4026,
'DISTANCE_ACCURACY_VALUE','Maximum Tolerance applied to model');
#3997=UNCERTAINTY_MEASURE_WITH_UNIT(LENGTH_MEASURE(1.E-8),#4027,
'DISTANCE_ACCURACY_VALUE','Maximum Tolerance applied to model');
#3998=UNCERTAINTY_MEASURE_WITH_UNIT(LENGTH_MEASURE(1.E-8),#4028,
'DISTANCE_ACCURACY_VALUE','Maximum Tolerance applied to model');
#3999=(
NAMED_UNIT(*)
SI_UNIT($,.STERADIAN.)
SOLID_ANGLE_UNIT()
);
#4000=(
NAMED_UNIT(*)
SI_UNIT($,.STERADIAN.)
SOLID_ANGLE_UNIT()
);
#4001=(
NAMED_UNIT(*)
SI_UNIT($,.STERADIAN.)
SOLID_ANGLE_UNIT()
);
#4002=(
NAMED_UNIT(*)
SI_UNIT($,.STERADIAN.)
SOLID_ANGLE_UNIT()
);
#4003=(
NAMED_UNIT(*)
SI_UNIT($,.STERADIAN.)
SOLID_ANGLE_UNIT()
);
#4004=(
NAMED_UNIT(*)
SI_UNIT($,.STERADIAN.)
SOLID_ANGLE_UNIT()
);
#4005=(
NAMED_UNIT(*)
SI_UNIT($,.STERADIAN.)
SOLID_ANGLE_UNIT()
);
#4006=(
NAMED_UNIT(*)
SI_UNIT($,.STERADIAN.)
SOLID_ANGLE_UNIT()
);
#4007=(
NAMED_UNIT(*)
SI_UNIT($,.STERADIAN.)
SOLID_ANGLE_UNIT()
);
#4008=(
NAMED_UNIT(*)
SI_UNIT($,.STERADIAN.)
SOLID_ANGLE_UNIT()
);
#4009=(
NAMED_UNIT(*)
PLANE_ANGLE_UNIT()
SI_UNIT($,.RADIAN.)
);
#4010=(
NAMED_UNIT(*)
PLANE_ANGLE_UNIT()
SI_UNIT($,.RADIAN.)
);
#4011=(
NAMED_UNIT(*)
PLANE_ANGLE_UNIT()
SI_UNIT($,.RADIAN.)
);
#4012=(
NAMED_UNIT(*)
PLANE_ANGLE_UNIT()
SI_UNIT($,.RADIAN.)
);
#4013=(
NAMED_UNIT(*)
PLANE_ANGLE_UNIT()
SI_UNIT($,.RADIAN.)
);
#4014=(
NAMED_UNIT(*)
PLANE_ANGLE_UNIT()
SI_UNIT($,.RADIAN.)
);
#4015=(
NAMED_UNIT(*)
PLANE_ANGLE_UNIT()
SI_UNIT($,.RADIAN.)
);
#4016=(
NAMED_UNIT(*)
PLANE_ANGLE_UNIT()
SI_UNIT($,.RADIAN.)
);
#4017=(
NAMED_UNIT(*)
PLANE_ANGLE_UNIT()
SI_UNIT($,.RADIAN.)
);
#4018=(
NAMED_UNIT(*)
PLANE_ANGLE_UNIT()
SI_UNIT($,.RADIAN.)
);
#4019=(
LENGTH_UNIT()
NAMED_UNIT(*)
SI_UNIT($,.METRE.)
);
#4020=(
LENGTH_UNIT()
NAMED_UNIT(*)
SI_UNIT($,.METRE.)
);
#4021=(
LENGTH_UNIT()
NAMED_UNIT(*)
SI_UNIT($,.METRE.)
);
#4022=(
LENGTH_UNIT()
NAMED_UNIT(*)
SI_UNIT($,.METRE.)
);
#4023=(
LENGTH_UNIT()
NAMED_UNIT(*)
SI_UNIT($,.METRE.)
);
#4024=(
LENGTH_UNIT()
NAMED_UNIT(*)
SI_UNIT($,.METRE.)
);
#4025=(
LENGTH_UNIT()
NAMED_UNIT(*)
SI_UNIT($,.METRE.)
);
#4026=(
LENGTH_UNIT()
NAMED_UNIT(*)
SI_UNIT($,.METRE.)
);
#4027=(
LENGTH_UNIT()
NAMED_UNIT(*)
SI_UNIT($,.METRE.)
);
#4028=(
LENGTH_UNIT()
NAMED_UNIT(*)
SI_UNIT($,.METRE.)
);
#4029=PRODUCT_DEFINITION_SHAPE('','',#4039);
#4030=PRODUCT_DEFINITION_SHAPE('','',#4040);
#4031=PRODUCT_DEFINITION_SHAPE('','',#4041);
#4032=PRODUCT_DEFINITION_SHAPE('','',#4042);
#4033=PRODUCT_DEFINITION_SHAPE('','',#4043);
#4034=PRODUCT_DEFINITION_SHAPE('','',#4044);
#4035=PRODUCT_DEFINITION_SHAPE('','',#4045);
#4036=PRODUCT_DEFINITION_SHAPE('','',#4046);
#4037=PRODUCT_DEFINITION_SHAPE('','',#4047);
#4038=PRODUCT_DEFINITION_SHAPE('','',#4048);
#4039=PRODUCT_DEFINITION('','',#4059,#4049);
#4040=PRODUCT_DEFINITION('','',#4060,#4050);
#4041=PRODUCT_DEFINITION('','',#4061,#4051);
#4042=PRODUCT_DEFINITION('','',#4062,#4052);
#4043=PRODUCT_DEFINITION('','',#4063,#4053);
#4044=PRODUCT_DEFINITION('','',#4064,#4054);
#4045=PRODUCT_DEFINITION('','',#4065,#4055);
#4046=PRODUCT_DEFINITION('','',#4066,#4056);
#4047=PRODUCT_DEFINITION('','',#4067,#4057);
#4048=PRODUCT_DEFINITION('','',#4068,#4058);
#4049=PRODUCT_DEFINITION_CONTEXT('',#4119,'design');
#4050=PRODUCT_DEFINITION_CONTEXT('',#4120,'design');
#4051=PRODUCT_DEFINITION_CONTEXT('',#4121,'design');
#4052=PRODUCT_DEFINITION_CONTEXT('',#4122,'design');
#4053=PRODUCT_DEFINITION_CONTEXT('',#4123,'design');
#4054=PRODUCT_DEFINITION_CONTEXT('',#4124,'design');
#4055=PRODUCT_DEFINITION_CONTEXT('',#4125,'design');
#4056=PRODUCT_DEFINITION_CONTEXT('',#4126,'design');
#4057=PRODUCT_DEFINITION_CONTEXT('',#4127,'design');
#4058=PRODUCT_DEFINITION_CONTEXT('',#4128,'design');
#4059=PRODUCT_DEFINITION_FORMATION_WITH_SPECIFIED_SOURCE('','',#4079,
 .NOT_KNOWN.);
#4060=PRODUCT_DEFINITION_FORMATION_WITH_SPECIFIED_SOURCE('','',#4080,
 .NOT_KNOWN.);
#4061=PRODUCT_DEFINITION_FORMATION_WITH_SPECIFIED_SOURCE('','',#4081,
 .NOT_KNOWN.);
#4062=PRODUCT_DEFINITION_FORMATION_WITH_SPECIFIED_SOURCE('','',#4082,
 .NOT_KNOWN.);
#4063=PRODUCT_DEFINITION_FORMATION_WITH_SPECIFIED_SOURCE('','',#4083,
 .NOT_KNOWN.);
#4064=PRODUCT_DEFINITION_FORMATION_WITH_SPECIFIED_SOURCE('','',#4084,
 .NOT_KNOWN.);
#4065=PRODUCT_DEFINITION_FORMATION_WITH_SPECIFIED_SOURCE('','',#4085,
 .NOT_KNOWN.);
#4066=PRODUCT_DEFINITION_FORMATION_WITH_SPECIFIED_SOURCE('','',#4086,
 .NOT_KNOWN.);
#4067=PRODUCT_DEFINITION_FORMATION_WITH_SPECIFIED_SOURCE('','',#4087,
 .NOT_KNOWN.);
#4068=PRODUCT_DEFINITION_FORMATION_WITH_SPECIFIED_SOURCE('','',#4088,
 .NOT_KNOWN.);
#4069=PRODUCT_RELATED_PRODUCT_CATEGORY('','',(#4079));
#4070=PRODUCT_RELATED_PRODUCT_CATEGORY('','',(#4080));
#4071=PRODUCT_RELATED_PRODUCT_CATEGORY('','',(#4081));
#4072=PRODUCT_RELATED_PRODUCT_CATEGORY('','',(#4082));
#4073=PRODUCT_RELATED_PRODUCT_CATEGORY('','',(#4083));
#4074=PRODUCT_RELATED_PRODUCT_CATEGORY('','',(#4084));
#4075=PRODUCT_RELATED_PRODUCT_CATEGORY('','',(#4085));
#4076=PRODUCT_RELATED_PRODUCT_CATEGORY('','',(#4086));
#4077=PRODUCT_RELATED_PRODUCT_CATEGORY('','',(#4087));
#4078=PRODUCT_RELATED_PRODUCT_CATEGORY('','',(#4088));
#4079=PRODUCT('Part 10','Part 10','Part 10',(#4099));
#4080=PRODUCT('Part 1','Part 1','Part 1',(#4100));
#4081=PRODUCT('Part 2','Part 2','Part 2',(#4101));
#4082=PRODUCT('Part 3','Part 3','Part 3',(#4102));
#4083=PRODUCT('Part 4','Part 4','Part 4',(#4103));
#4084=PRODUCT('Part 5','Part 5','Part 5',(#4104));
#4085=PRODUCT('Part 6','Part 6','Part 6',(#4105));
#4086=PRODUCT('Part 7','Part 7','Part 7',(#4106));
#4087=PRODUCT('Part 8','Part 8','Part 8',(#4107));
#4088=PRODUCT('Part 9','Part 9','Part 9',(#4108));
#4089=PRODUCT_CATEGORY('','');
#4090=PRODUCT_CATEGORY('','');
#4091=PRODUCT_CATEGORY('','');
#4092=PRODUCT_CATEGORY('','');
#4093=PRODUCT_CATEGORY('','');
#4094=PRODUCT_CATEGORY('','');
#4095=PRODUCT_CATEGORY('','');
#4096=PRODUCT_CATEGORY('','');
#4097=PRODUCT_CATEGORY('','');
#4098=PRODUCT_CATEGORY('','');
#4099=PRODUCT_CONTEXT('',#4119,'mechanical');
#4100=PRODUCT_CONTEXT('',#4120,'mechanical');
#4101=PRODUCT_CONTEXT('',#4121,'mechanical');
#4102=PRODUCT_CONTEXT('',#4122,'mechanical');
#4103=PRODUCT_CONTEXT('',#4123,'mechanical');
#4104=PRODUCT_CONTEXT('',#4124,'mechanical');
#4105=PRODUCT_CONTEXT('',#4125,'mechanical');
#4106=PRODUCT_CONTEXT('',#4126,'mechanical');
#4107=PRODUCT_CONTEXT('',#4127,'mechanical');
#4108=PRODUCT_CONTEXT('',#4128,'mechanical');
#4109=APPLICATION_PROTOCOL_DEFINITION('international standard',
'ap242_managed_model_based_3d_engineering',2020,#4119);
#4110=APPLICATION_PROTOCOL_DEFINITION('international standard',
'ap242_managed_model_based_3d_engineering',2020,#4120);
#4111=APPLICATION_PROTOCOL_DEFINITION('international standard',
'ap242_managed_model_based_3d_engineering',2020,#4121);
#4112=APPLICATION_PROTOCOL_DEFINITION('international standard',
'ap242_managed_model_based_3d_engineering',2020,#4122);
#4113=APPLICATION_PROTOCOL_DEFINITION('international standard',
'ap242_managed_model_based_3d_engineering',2020,#4123);
#4114=APPLICATION_PROTOCOL_DEFINITION('international standard',
'ap242_managed_model_based_3d_engineering',2020,#4124);
#4115=APPLICATION_PROTOCOL_DEFINITION('international standard',
'ap242_managed_model_based_3d_engineering',2020,#4125);
#4116=APPLICATION_PROTOCOL_DEFINITION('international standard',
'ap242_managed_model_based_3d_engineering',2020,#4126);
#4117=APPLICATION_PROTOCOL_DEFINITION('international standard',
'ap242_managed_model_based_3d_engineering',2020,#4127);
#4118=APPLICATION_PROTOCOL_DEFINITION('international standard',
'ap242_managed_model_based_3d_engineering',2020,#4128);
#4119=APPLICATION_CONTEXT('managed model based 3d engineering');
#4120=APPLICATION_CONTEXT('managed model based 3d engineering');
#4121=APPLICATION_CONTEXT('managed model based 3d engineering');
#4122=APPLICATION_CONTEXT('managed model based 3d engineering');
#4123=APPLICATION_CONTEXT('managed model based 3d engineering');
#4124=APPLICATION_CONTEXT('managed model based 3d engineering');
#4125=APPLICATION_CONTEXT('managed model based 3d engineering');
#4126=APPLICATION_CONTEXT('managed model based 3d engineering');
#4127=APPLICATION_CONTEXT('managed model based 3d engineering');
#4128=APPLICATION_CONTEXT('managed model based 3d engineering');
ENDSEC;
END-ISO-10303-21;
