ISO-10303-21;
HEADER;
/*Generated by software containing ST-Developer
 * from STEP Tools, Inc. (www.steptools.com) 
 */
/*OPTION: using custom renumber hook */
/*description */
/*implementation_level */
FILE_DESCRIPTION(('STEP AP242 Edition 2','STEP AP242 Edition 2''CAx-IF Rec.Pracs.---Representation and Presentation of Product Manufa
cturing Information (PMI)---4.0---2014-10-13','STEP AP242 Edition 2''CAx-IF Rec.Pracs.---Representation and Presentation of Product Manufa
cturing Information (PMI)---4.0---2014-10-13''CAx-IF Rec.Pracs.---3D Tessellated Geometry---0.4---2014-09-14','STEP AP242 Edition 2''CAx-IF Rec.Pracs.---Representation and Presentation of Product Manufa
cturing Information (PMI)---4.0---2014-10-13''CAx-IF Rec.Pracs.---3D Tessellated Geometry---0.4---2014-09-14''2;1','STEP AP242 Edition 2''CAx-IF Rec.Pracs.---Representation and Presentation of Product Manufa
cturing Information (PMI)---4.0---2014-10-13''CAx-IF Rec.Pracs.---3D Tessellated Geometry---0.4---2014-09-14''2;1''CAx-IF Rec.Pracs.---User Defined Attributes---1.5---2016-08-15'),'2;1');
/*name */
/*time_stamp */
/*author */
/*organization */
/*preprocessor_version */
/*originating_system */
/*authorisation */
FILE_NAME('/vol/tmp/translate-9231207206019658282/BGA196C50P14X14_1150X1300X100.step','2026-03-24T12:40:03',(''),(''),'ST-DEVELOPER v20','ONSHAPE BY PTC INC, 1.212','  ');
FILE_SCHEMA(('AP242_MANAGED_MODEL_BASED_3D_ENGINEERING_MIM_LF { 1 0 10303 442 3 1 4 }'));
ENDSEC;
DATA;
#10=VERTEX_LOOP('',#719);
#11=VERTEX_LOOP('',#720);
#12=VERTEX_LOOP('',#721);
#13=VERTEX_LOOP('',#722);
#14=VERTEX_LOOP('',#723);
#15=VERTEX_LOOP('',#724);
#16=VERTEX_LOOP('',#725);
#17=VERTEX_LOOP('',#726);
#18=VERTEX_LOOP('',#727);
#19=VERTEX_LOOP('',#728);
#20=VERTEX_LOOP('',#729);
#21=VERTEX_LOOP('',#730);
#22=VERTEX_LOOP('',#731);
#23=VERTEX_LOOP('',#732);
#24=VERTEX_LOOP('',#733);
#25=VERTEX_LOOP('',#734);
#26=VERTEX_LOOP('',#735);
#27=VERTEX_LOOP('',#736);
#28=VERTEX_LOOP('',#737);
#29=VERTEX_LOOP('',#738);
#30=VERTEX_LOOP('',#739);
#31=VERTEX_LOOP('',#740);
#32=VERTEX_LOOP('',#741);
#33=VERTEX_LOOP('',#742);
#34=VERTEX_LOOP('',#743);
#35=VERTEX_LOOP('',#744);
#36=VERTEX_LOOP('',#745);
#37=VERTEX_LOOP('',#746);
#38=VERTEX_LOOP('',#747);
#39=VERTEX_LOOP('',#748);
#40=VERTEX_LOOP('',#749);
#41=VERTEX_LOOP('',#750);
#42=VERTEX_LOOP('',#751);
#43=VERTEX_LOOP('',#752);
#44=VERTEX_LOOP('',#753);
#45=VERTEX_LOOP('',#754);
#46=VERTEX_LOOP('',#755);
#47=VERTEX_LOOP('',#756);
#48=VERTEX_LOOP('',#757);
#49=VERTEX_LOOP('',#758);
#50=VERTEX_LOOP('',#759);
#51=VERTEX_LOOP('',#760);
#52=VERTEX_LOOP('',#761);
#53=VERTEX_LOOP('',#762);
#54=VERTEX_LOOP('',#763);
#55=VERTEX_LOOP('',#764);
#56=VERTEX_LOOP('',#765);
#57=VERTEX_LOOP('',#766);
#58=VERTEX_LOOP('',#767);
#59=VERTEX_LOOP('',#768);
#60=VERTEX_LOOP('',#769);
#61=VERTEX_LOOP('',#770);
#62=VERTEX_LOOP('',#771);
#63=VERTEX_LOOP('',#772);
#64=VERTEX_LOOP('',#773);
#65=VERTEX_LOOP('',#774);
#66=VERTEX_LOOP('',#775);
#67=VERTEX_LOOP('',#776);
#68=VERTEX_LOOP('',#777);
#69=VERTEX_LOOP('',#778);
#70=VERTEX_LOOP('',#779);
#71=VERTEX_LOOP('',#780);
#72=VERTEX_LOOP('',#781);
#73=VERTEX_LOOP('',#782);
#74=VERTEX_LOOP('',#783);
#75=VERTEX_LOOP('',#784);
#76=VERTEX_LOOP('',#785);
#77=VERTEX_LOOP('',#786);
#78=VERTEX_LOOP('',#787);
#79=VERTEX_LOOP('',#788);
#80=VERTEX_LOOP('',#789);
#81=VERTEX_LOOP('',#790);
#82=VERTEX_LOOP('',#791);
#83=VERTEX_LOOP('',#792);
#84=VERTEX_LOOP('',#793);
#85=VERTEX_LOOP('',#794);
#86=VERTEX_LOOP('',#795);
#87=VERTEX_LOOP('',#796);
#88=VERTEX_LOOP('',#797);
#89=VERTEX_LOOP('',#798);
#90=VERTEX_LOOP('',#799);
#91=VERTEX_LOOP('',#800);
#92=VERTEX_LOOP('',#801);
#93=VERTEX_LOOP('',#802);
#94=VERTEX_LOOP('',#803);
#95=VERTEX_LOOP('',#804);
#96=VERTEX_LOOP('',#805);
#97=VERTEX_LOOP('',#806);
#98=VERTEX_LOOP('',#807);
#99=VERTEX_LOOP('',#808);
#100=VERTEX_LOOP('',#809);
#101=VERTEX_LOOP('',#810);
#102=VERTEX_LOOP('',#811);
#103=VERTEX_LOOP('',#812);
#104=VERTEX_LOOP('',#813);
#105=VERTEX_LOOP('',#814);
#106=VERTEX_LOOP('',#815);
#107=VERTEX_LOOP('',#816);
#108=VERTEX_LOOP('',#817);
#109=VERTEX_LOOP('',#818);
#110=VERTEX_LOOP('',#819);
#111=VERTEX_LOOP('',#820);
#112=VERTEX_LOOP('',#821);
#113=VERTEX_LOOP('',#822);
#114=VERTEX_LOOP('',#823);
#115=VERTEX_LOOP('',#824);
#116=VERTEX_LOOP('',#825);
#117=VERTEX_LOOP('',#826);
#118=VERTEX_LOOP('',#827);
#119=VERTEX_LOOP('',#828);
#120=VERTEX_LOOP('',#829);
#121=VERTEX_LOOP('',#830);
#122=VERTEX_LOOP('',#831);
#123=VERTEX_LOOP('',#832);
#124=VERTEX_LOOP('',#833);
#125=VERTEX_LOOP('',#834);
#126=VERTEX_LOOP('',#835);
#127=VERTEX_LOOP('',#836);
#128=VERTEX_LOOP('',#837);
#129=VERTEX_LOOP('',#838);
#130=VERTEX_LOOP('',#839);
#131=VERTEX_LOOP('',#840);
#132=VERTEX_LOOP('',#841);
#133=VERTEX_LOOP('',#842);
#134=VERTEX_LOOP('',#843);
#135=VERTEX_LOOP('',#844);
#136=VERTEX_LOOP('',#845);
#137=VERTEX_LOOP('',#846);
#138=VERTEX_LOOP('',#847);
#139=VERTEX_LOOP('',#848);
#140=VERTEX_LOOP('',#849);
#141=VERTEX_LOOP('',#850);
#142=VERTEX_LOOP('',#851);
#143=VERTEX_LOOP('',#852);
#144=VERTEX_LOOP('',#853);
#145=VERTEX_LOOP('',#854);
#146=VERTEX_LOOP('',#855);
#147=VERTEX_LOOP('',#856);
#148=VERTEX_LOOP('',#857);
#149=VERTEX_LOOP('',#858);
#150=VERTEX_LOOP('',#859);
#151=VERTEX_LOOP('',#860);
#152=VERTEX_LOOP('',#861);
#153=VERTEX_LOOP('',#862);
#154=VERTEX_LOOP('',#863);
#155=VERTEX_LOOP('',#864);
#156=VERTEX_LOOP('',#865);
#157=VERTEX_LOOP('',#866);
#158=VERTEX_LOOP('',#867);
#159=VERTEX_LOOP('',#868);
#160=VERTEX_LOOP('',#869);
#161=VERTEX_LOOP('',#870);
#162=VERTEX_LOOP('',#871);
#163=SPHERICAL_SURFACE('',#2949,0.00015);
#164=SPHERICAL_SURFACE('',#2951,0.00015);
#165=SPHERICAL_SURFACE('',#2953,0.00015);
#166=SPHERICAL_SURFACE('',#2955,0.00015);
#167=SPHERICAL_SURFACE('',#2957,0.00015);
#168=SPHERICAL_SURFACE('',#2959,0.00015);
#169=SPHERICAL_SURFACE('',#2961,0.00015);
#170=SPHERICAL_SURFACE('',#2963,0.00015);
#171=SPHERICAL_SURFACE('',#2965,0.00015);
#172=SPHERICAL_SURFACE('',#2967,0.00015);
#173=SPHERICAL_SURFACE('',#2969,0.00015);
#174=SPHERICAL_SURFACE('',#2971,0.00015);
#175=SPHERICAL_SURFACE('',#2973,0.00015);
#176=SPHERICAL_SURFACE('',#2975,0.00015);
#177=SPHERICAL_SURFACE('',#2977,0.00015);
#178=SPHERICAL_SURFACE('',#2979,0.00015);
#179=SPHERICAL_SURFACE('',#2981,0.00015);
#180=SPHERICAL_SURFACE('',#2983,0.00015);
#181=SPHERICAL_SURFACE('',#2985,0.00015);
#182=SPHERICAL_SURFACE('',#2987,0.00015);
#183=SPHERICAL_SURFACE('',#2989,0.00015);
#184=SPHERICAL_SURFACE('',#2991,0.00015);
#185=SPHERICAL_SURFACE('',#2993,0.00015);
#186=SPHERICAL_SURFACE('',#2995,0.00015);
#187=SPHERICAL_SURFACE('',#2997,0.00015);
#188=SPHERICAL_SURFACE('',#2999,0.00015);
#189=SPHERICAL_SURFACE('',#3001,0.00015);
#190=SPHERICAL_SURFACE('',#3003,0.00015);
#191=SPHERICAL_SURFACE('',#3005,0.00015);
#192=SPHERICAL_SURFACE('',#3007,0.00015);
#193=SPHERICAL_SURFACE('',#3009,0.00015);
#194=SPHERICAL_SURFACE('',#3011,0.00015);
#195=SPHERICAL_SURFACE('',#3013,0.00015);
#196=SPHERICAL_SURFACE('',#3015,0.00015);
#197=SPHERICAL_SURFACE('',#3017,0.00015);
#198=SPHERICAL_SURFACE('',#3019,0.00015);
#199=SPHERICAL_SURFACE('',#3021,0.00015);
#200=SPHERICAL_SURFACE('',#3023,0.00015);
#201=SPHERICAL_SURFACE('',#3025,0.00015);
#202=SPHERICAL_SURFACE('',#3027,0.00015);
#203=SPHERICAL_SURFACE('',#3029,0.00015);
#204=SPHERICAL_SURFACE('',#3031,0.00015);
#205=SPHERICAL_SURFACE('',#3033,0.00015);
#206=SPHERICAL_SURFACE('',#3035,0.00015);
#207=SPHERICAL_SURFACE('',#3037,0.00015);
#208=SPHERICAL_SURFACE('',#3039,0.00015);
#209=SPHERICAL_SURFACE('',#3041,0.00015);
#210=SPHERICAL_SURFACE('',#3043,0.00015);
#211=SPHERICAL_SURFACE('',#3045,0.00015);
#212=SPHERICAL_SURFACE('',#3047,0.00015);
#213=SPHERICAL_SURFACE('',#3049,0.00015);
#214=SPHERICAL_SURFACE('',#3051,0.00015);
#215=SPHERICAL_SURFACE('',#3053,0.00015);
#216=SPHERICAL_SURFACE('',#3055,0.00015);
#217=SPHERICAL_SURFACE('',#3057,0.00015);
#218=SPHERICAL_SURFACE('',#3059,0.00015);
#219=SPHERICAL_SURFACE('',#3061,0.00015);
#220=SPHERICAL_SURFACE('',#3063,0.00015);
#221=SPHERICAL_SURFACE('',#3065,0.00015);
#222=SPHERICAL_SURFACE('',#3067,0.00015);
#223=SPHERICAL_SURFACE('',#3069,0.00015);
#224=SPHERICAL_SURFACE('',#3071,0.00015);
#225=SPHERICAL_SURFACE('',#3073,0.00015);
#226=SPHERICAL_SURFACE('',#3075,0.00015);
#227=SPHERICAL_SURFACE('',#3077,0.00015);
#228=SPHERICAL_SURFACE('',#3079,0.00015);
#229=SPHERICAL_SURFACE('',#3081,0.00015);
#230=SPHERICAL_SURFACE('',#3083,0.00015);
#231=SPHERICAL_SURFACE('',#3085,0.00015);
#232=SPHERICAL_SURFACE('',#3087,0.00015);
#233=SPHERICAL_SURFACE('',#3089,0.00015);
#234=SPHERICAL_SURFACE('',#3091,0.00015);
#235=SPHERICAL_SURFACE('',#3093,0.00015);
#236=SPHERICAL_SURFACE('',#3095,0.00015);
#237=SPHERICAL_SURFACE('',#3097,0.00015);
#238=SPHERICAL_SURFACE('',#3099,0.00015);
#239=SPHERICAL_SURFACE('',#3101,0.00015);
#240=SPHERICAL_SURFACE('',#3103,0.00015);
#241=SPHERICAL_SURFACE('',#3105,0.00015);
#242=SPHERICAL_SURFACE('',#3107,0.00015);
#243=SPHERICAL_SURFACE('',#3109,0.00015);
#244=SPHERICAL_SURFACE('',#3111,0.00015);
#245=SPHERICAL_SURFACE('',#3113,0.00015);
#246=SPHERICAL_SURFACE('',#3115,0.00015);
#247=SPHERICAL_SURFACE('',#3117,0.00015);
#248=SPHERICAL_SURFACE('',#3119,0.00015);
#249=SPHERICAL_SURFACE('',#3121,0.00015);
#250=SPHERICAL_SURFACE('',#3123,0.00015);
#251=SPHERICAL_SURFACE('',#3125,0.00015);
#252=SPHERICAL_SURFACE('',#3127,0.00015);
#253=SPHERICAL_SURFACE('',#3129,0.00015);
#254=SPHERICAL_SURFACE('',#3131,0.00015);
#255=SPHERICAL_SURFACE('',#3133,0.00015);
#256=SPHERICAL_SURFACE('',#3135,0.00015);
#257=SPHERICAL_SURFACE('',#3137,0.00015);
#258=SPHERICAL_SURFACE('',#3139,0.00015);
#259=SPHERICAL_SURFACE('',#3141,0.00015);
#260=SPHERICAL_SURFACE('',#3143,0.00015);
#261=SPHERICAL_SURFACE('',#3145,0.00015);
#262=SPHERICAL_SURFACE('',#3147,0.00015);
#263=SPHERICAL_SURFACE('',#3149,0.00015);
#264=SPHERICAL_SURFACE('',#3151,0.00015);
#265=SPHERICAL_SURFACE('',#3153,0.00015);
#266=SPHERICAL_SURFACE('',#3155,0.00015);
#267=SPHERICAL_SURFACE('',#3157,0.00015);
#268=SPHERICAL_SURFACE('',#3159,0.00015);
#269=SPHERICAL_SURFACE('',#3161,0.00015);
#270=SPHERICAL_SURFACE('',#3163,0.00015);
#271=SPHERICAL_SURFACE('',#3165,0.00015);
#272=SPHERICAL_SURFACE('',#3167,0.00015);
#273=SPHERICAL_SURFACE('',#3169,0.00015);
#274=SPHERICAL_SURFACE('',#3171,0.00015);
#275=SPHERICAL_SURFACE('',#3173,0.00015);
#276=SPHERICAL_SURFACE('',#3175,0.00015);
#277=SPHERICAL_SURFACE('',#3177,0.00015);
#278=SPHERICAL_SURFACE('',#3179,0.00015);
#279=SPHERICAL_SURFACE('',#3181,0.00015);
#280=SPHERICAL_SURFACE('',#3183,0.00015);
#281=SPHERICAL_SURFACE('',#3185,0.00015);
#282=SPHERICAL_SURFACE('',#3187,0.00015);
#283=SPHERICAL_SURFACE('',#3189,0.00015);
#284=SPHERICAL_SURFACE('',#3191,0.00015);
#285=SPHERICAL_SURFACE('',#3193,0.00015);
#286=SPHERICAL_SURFACE('',#3195,0.00015);
#287=SPHERICAL_SURFACE('',#3197,0.00015);
#288=SPHERICAL_SURFACE('',#3199,0.00015);
#289=SPHERICAL_SURFACE('',#3201,0.00015);
#290=SPHERICAL_SURFACE('',#3203,0.00015);
#291=SPHERICAL_SURFACE('',#3205,0.00015);
#292=SPHERICAL_SURFACE('',#3207,0.00015);
#293=SPHERICAL_SURFACE('',#3209,0.00015);
#294=SPHERICAL_SURFACE('',#3211,0.00015);
#295=SPHERICAL_SURFACE('',#3213,0.00015);
#296=SPHERICAL_SURFACE('',#3215,0.00015);
#297=SPHERICAL_SURFACE('',#3217,0.00015);
#298=SPHERICAL_SURFACE('',#3219,0.00015);
#299=SPHERICAL_SURFACE('',#3221,0.00015);
#300=SPHERICAL_SURFACE('',#3223,0.00015);
#301=SPHERICAL_SURFACE('',#3225,0.00015);
#302=SPHERICAL_SURFACE('',#3227,0.00015);
#303=SPHERICAL_SURFACE('',#3229,0.00015);
#304=SPHERICAL_SURFACE('',#3231,0.00015);
#305=SPHERICAL_SURFACE('',#3233,0.00015);
#306=SPHERICAL_SURFACE('',#3235,0.00015);
#307=SPHERICAL_SURFACE('',#3237,0.00015);
#308=SPHERICAL_SURFACE('',#3239,0.00015);
#309=SPHERICAL_SURFACE('',#3241,0.00015);
#310=SPHERICAL_SURFACE('',#3243,0.00015);
#311=SPHERICAL_SURFACE('',#3245,0.00015);
#312=SPHERICAL_SURFACE('',#3247,0.00015);
#313=SPHERICAL_SURFACE('',#3249,0.00015);
#314=SPHERICAL_SURFACE('',#3251,0.00015);
#315=SPHERICAL_SURFACE('',#3253,0.00015);
#316=LINE('',#3928,#328);
#317=LINE('',#3931,#329);
#318=LINE('',#3933,#330);
#319=LINE('',#3935,#331);
#320=LINE('',#3937,#332);
#321=LINE('',#3939,#333);
#322=LINE('',#3941,#334);
#323=LINE('',#3943,#335);
#324=LINE('',#3945,#336);
#325=LINE('',#3947,#337);
#326=LINE('',#3949,#338);
#327=LINE('',#3951,#339);
#328=VECTOR('',#3278,1.);
#329=VECTOR('',#3279,1.);
#330=VECTOR('',#3280,1.);
#331=VECTOR('',#3281,1.);
#332=VECTOR('',#3284,1.);
#333=VECTOR('',#3285,1.);
#334=VECTOR('',#3286,1.);
#335=VECTOR('',#3289,1.);
#336=VECTOR('',#3290,1.);
#337=VECTOR('',#3293,1.);
#338=VECTOR('',#3294,1.);
#339=VECTOR('',#3297,1.);
#340=SHAPE_REPRESENTATION_RELATIONSHIP('','',#2776,#495);
#341=SHAPE_REPRESENTATION_RELATIONSHIP('','',#2777,#496);
#342=SHAPE_REPRESENTATION_RELATIONSHIP('','',#2778,#497);
#343=SHAPE_REPRESENTATION_RELATIONSHIP('','',#2779,#498);
#344=SHAPE_REPRESENTATION_RELATIONSHIP('','',#2780,#499);
#345=SHAPE_REPRESENTATION_RELATIONSHIP('','',#2781,#500);
#346=SHAPE_REPRESENTATION_RELATIONSHIP('','',#2782,#501);
#347=SHAPE_REPRESENTATION_RELATIONSHIP('','',#2783,#502);
#348=SHAPE_REPRESENTATION_RELATIONSHIP('','',#2784,#503);
#349=SHAPE_REPRESENTATION_RELATIONSHIP('','',#2785,#504);
#350=SHAPE_REPRESENTATION_RELATIONSHIP('','',#2786,#505);
#351=SHAPE_REPRESENTATION_RELATIONSHIP('','',#2787,#506);
#352=SHAPE_REPRESENTATION_RELATIONSHIP('','',#2788,#507);
#353=SHAPE_REPRESENTATION_RELATIONSHIP('','',#2789,#508);
#354=SHAPE_REPRESENTATION_RELATIONSHIP('','',#2790,#509);
#355=SHAPE_REPRESENTATION_RELATIONSHIP('','',#2791,#510);
#356=SHAPE_REPRESENTATION_RELATIONSHIP('','',#2792,#511);
#357=SHAPE_REPRESENTATION_RELATIONSHIP('','',#2793,#512);
#358=SHAPE_REPRESENTATION_RELATIONSHIP('','',#2794,#513);
#359=SHAPE_REPRESENTATION_RELATIONSHIP('','',#2795,#514);
#360=SHAPE_REPRESENTATION_RELATIONSHIP('','',#2796,#515);
#361=SHAPE_REPRESENTATION_RELATIONSHIP('','',#2797,#516);
#362=SHAPE_REPRESENTATION_RELATIONSHIP('','',#2798,#517);
#363=SHAPE_REPRESENTATION_RELATIONSHIP('','',#2799,#518);
#364=SHAPE_REPRESENTATION_RELATIONSHIP('','',#2800,#519);
#365=SHAPE_REPRESENTATION_RELATIONSHIP('','',#2801,#520);
#366=SHAPE_REPRESENTATION_RELATIONSHIP('','',#2802,#521);
#367=SHAPE_REPRESENTATION_RELATIONSHIP('','',#2803,#522);
#368=SHAPE_REPRESENTATION_RELATIONSHIP('','',#2804,#523);
#369=SHAPE_REPRESENTATION_RELATIONSHIP('','',#2805,#524);
#370=SHAPE_REPRESENTATION_RELATIONSHIP('','',#2806,#525);
#371=SHAPE_REPRESENTATION_RELATIONSHIP('','',#2807,#526);
#372=SHAPE_REPRESENTATION_RELATIONSHIP('','',#2808,#527);
#373=SHAPE_REPRESENTATION_RELATIONSHIP('','',#2809,#528);
#374=SHAPE_REPRESENTATION_RELATIONSHIP('','',#2810,#529);
#375=SHAPE_REPRESENTATION_RELATIONSHIP('','',#2811,#530);
#376=SHAPE_REPRESENTATION_RELATIONSHIP('','',#2812,#531);
#377=SHAPE_REPRESENTATION_RELATIONSHIP('','',#2813,#532);
#378=SHAPE_REPRESENTATION_RELATIONSHIP('','',#2814,#533);
#379=SHAPE_REPRESENTATION_RELATIONSHIP('','',#2815,#534);
#380=SHAPE_REPRESENTATION_RELATIONSHIP('','',#2816,#535);
#381=SHAPE_REPRESENTATION_RELATIONSHIP('','',#2817,#536);
#382=SHAPE_REPRESENTATION_RELATIONSHIP('','',#2818,#537);
#383=SHAPE_REPRESENTATION_RELATIONSHIP('','',#2819,#538);
#384=SHAPE_REPRESENTATION_RELATIONSHIP('','',#2820,#539);
#385=SHAPE_REPRESENTATION_RELATIONSHIP('','',#2821,#540);
#386=SHAPE_REPRESENTATION_RELATIONSHIP('','',#2822,#541);
#387=SHAPE_REPRESENTATION_RELATIONSHIP('','',#2823,#542);
#388=SHAPE_REPRESENTATION_RELATIONSHIP('','',#2824,#543);
#389=SHAPE_REPRESENTATION_RELATIONSHIP('','',#2825,#544);
#390=SHAPE_REPRESENTATION_RELATIONSHIP('','',#2826,#545);
#391=SHAPE_REPRESENTATION_RELATIONSHIP('','',#2827,#546);
#392=SHAPE_REPRESENTATION_RELATIONSHIP('','',#2828,#547);
#393=SHAPE_REPRESENTATION_RELATIONSHIP('','',#2829,#548);
#394=SHAPE_REPRESENTATION_RELATIONSHIP('','',#2830,#549);
#395=SHAPE_REPRESENTATION_RELATIONSHIP('','',#2831,#550);
#396=SHAPE_REPRESENTATION_RELATIONSHIP('','',#2832,#551);
#397=SHAPE_REPRESENTATION_RELATIONSHIP('','',#2833,#552);
#398=SHAPE_REPRESENTATION_RELATIONSHIP('','',#2834,#553);
#399=SHAPE_REPRESENTATION_RELATIONSHIP('','',#2835,#554);
#400=SHAPE_REPRESENTATION_RELATIONSHIP('','',#2836,#555);
#401=SHAPE_REPRESENTATION_RELATIONSHIP('','',#2837,#556);
#402=SHAPE_REPRESENTATION_RELATIONSHIP('','',#2838,#557);
#403=SHAPE_REPRESENTATION_RELATIONSHIP('','',#2839,#558);
#404=SHAPE_REPRESENTATION_RELATIONSHIP('','',#2840,#559);
#405=SHAPE_REPRESENTATION_RELATIONSHIP('','',#2841,#560);
#406=SHAPE_REPRESENTATION_RELATIONSHIP('','',#2842,#561);
#407=SHAPE_REPRESENTATION_RELATIONSHIP('','',#2843,#562);
#408=SHAPE_REPRESENTATION_RELATIONSHIP('','',#2844,#563);
#409=SHAPE_REPRESENTATION_RELATIONSHIP('','',#2845,#564);
#410=SHAPE_REPRESENTATION_RELATIONSHIP('','',#2846,#565);
#411=SHAPE_REPRESENTATION_RELATIONSHIP('','',#2847,#566);
#412=SHAPE_REPRESENTATION_RELATIONSHIP('','',#2848,#567);
#413=SHAPE_REPRESENTATION_RELATIONSHIP('','',#2849,#568);
#414=SHAPE_REPRESENTATION_RELATIONSHIP('','',#2850,#569);
#415=SHAPE_REPRESENTATION_RELATIONSHIP('','',#2851,#570);
#416=SHAPE_REPRESENTATION_RELATIONSHIP('','',#2852,#571);
#417=SHAPE_REPRESENTATION_RELATIONSHIP('','',#2853,#572);
#418=SHAPE_REPRESENTATION_RELATIONSHIP('','',#2854,#573);
#419=SHAPE_REPRESENTATION_RELATIONSHIP('','',#2855,#574);
#420=SHAPE_REPRESENTATION_RELATIONSHIP('','',#2856,#575);
#421=SHAPE_REPRESENTATION_RELATIONSHIP('','',#2857,#576);
#422=SHAPE_REPRESENTATION_RELATIONSHIP('','',#2858,#577);
#423=SHAPE_REPRESENTATION_RELATIONSHIP('','',#2859,#578);
#424=SHAPE_REPRESENTATION_RELATIONSHIP('','',#2860,#579);
#425=SHAPE_REPRESENTATION_RELATIONSHIP('','',#2861,#580);
#426=SHAPE_REPRESENTATION_RELATIONSHIP('','',#2862,#581);
#427=SHAPE_REPRESENTATION_RELATIONSHIP('','',#2863,#582);
#428=SHAPE_REPRESENTATION_RELATIONSHIP('','',#2864,#583);
#429=SHAPE_REPRESENTATION_RELATIONSHIP('','',#2865,#584);
#430=SHAPE_REPRESENTATION_RELATIONSHIP('','',#2866,#585);
#431=SHAPE_REPRESENTATION_RELATIONSHIP('','',#2867,#586);
#432=SHAPE_REPRESENTATION_RELATIONSHIP('','',#2868,#587);
#433=SHAPE_REPRESENTATION_RELATIONSHIP('','',#2869,#588);
#434=SHAPE_REPRESENTATION_RELATIONSHIP('','',#2870,#589);
#435=SHAPE_REPRESENTATION_RELATIONSHIP('','',#2871,#590);
#436=SHAPE_REPRESENTATION_RELATIONSHIP('','',#2872,#591);
#437=SHAPE_REPRESENTATION_RELATIONSHIP('','',#2873,#592);
#438=SHAPE_REPRESENTATION_RELATIONSHIP('','',#2874,#593);
#439=SHAPE_REPRESENTATION_RELATIONSHIP('','',#2875,#594);
#440=SHAPE_REPRESENTATION_RELATIONSHIP('','',#2876,#595);
#441=SHAPE_REPRESENTATION_RELATIONSHIP('','',#2877,#596);
#442=SHAPE_REPRESENTATION_RELATIONSHIP('','',#2878,#597);
#443=SHAPE_REPRESENTATION_RELATIONSHIP('','',#2879,#598);
#444=SHAPE_REPRESENTATION_RELATIONSHIP('','',#2880,#599);
#445=SHAPE_REPRESENTATION_RELATIONSHIP('','',#2881,#600);
#446=SHAPE_REPRESENTATION_RELATIONSHIP('','',#2882,#601);
#447=SHAPE_REPRESENTATION_RELATIONSHIP('','',#2883,#602);
#448=SHAPE_REPRESENTATION_RELATIONSHIP('','',#2884,#603);
#449=SHAPE_REPRESENTATION_RELATIONSHIP('','',#2885,#604);
#450=SHAPE_REPRESENTATION_RELATIONSHIP('','',#2886,#605);
#451=SHAPE_REPRESENTATION_RELATIONSHIP('','',#2887,#606);
#452=SHAPE_REPRESENTATION_RELATIONSHIP('','',#2888,#607);
#453=SHAPE_REPRESENTATION_RELATIONSHIP('','',#2889,#608);
#454=SHAPE_REPRESENTATION_RELATIONSHIP('','',#2890,#609);
#455=SHAPE_REPRESENTATION_RELATIONSHIP('','',#2891,#610);
#456=SHAPE_REPRESENTATION_RELATIONSHIP('','',#2892,#611);
#457=SHAPE_REPRESENTATION_RELATIONSHIP('','',#2893,#612);
#458=SHAPE_REPRESENTATION_RELATIONSHIP('','',#2894,#613);
#459=SHAPE_REPRESENTATION_RELATIONSHIP('','',#2895,#614);
#460=SHAPE_REPRESENTATION_RELATIONSHIP('','',#2896,#615);
#461=SHAPE_REPRESENTATION_RELATIONSHIP('','',#2897,#616);
#462=SHAPE_REPRESENTATION_RELATIONSHIP('','',#2898,#617);
#463=SHAPE_REPRESENTATION_RELATIONSHIP('','',#2899,#618);
#464=SHAPE_REPRESENTATION_RELATIONSHIP('','',#2900,#619);
#465=SHAPE_REPRESENTATION_RELATIONSHIP('','',#2901,#620);
#466=SHAPE_REPRESENTATION_RELATIONSHIP('','',#2902,#621);
#467=SHAPE_REPRESENTATION_RELATIONSHIP('','',#2903,#622);
#468=SHAPE_REPRESENTATION_RELATIONSHIP('','',#2904,#623);
#469=SHAPE_REPRESENTATION_RELATIONSHIP('','',#2905,#624);
#470=SHAPE_REPRESENTATION_RELATIONSHIP('','',#2906,#625);
#471=SHAPE_REPRESENTATION_RELATIONSHIP('','',#2907,#626);
#472=SHAPE_REPRESENTATION_RELATIONSHIP('','',#2908,#627);
#473=SHAPE_REPRESENTATION_RELATIONSHIP('','',#2909,#628);
#474=SHAPE_REPRESENTATION_RELATIONSHIP('','',#2910,#629);
#475=SHAPE_REPRESENTATION_RELATIONSHIP('','',#2911,#630);
#476=SHAPE_REPRESENTATION_RELATIONSHIP('','',#2912,#631);
#477=SHAPE_REPRESENTATION_RELATIONSHIP('','',#2913,#632);
#478=SHAPE_REPRESENTATION_RELATIONSHIP('','',#2914,#633);
#479=SHAPE_REPRESENTATION_RELATIONSHIP('','',#2915,#634);
#480=SHAPE_REPRESENTATION_RELATIONSHIP('','',#2916,#635);
#481=SHAPE_REPRESENTATION_RELATIONSHIP('','',#2917,#636);
#482=SHAPE_REPRESENTATION_RELATIONSHIP('','',#2918,#637);
#483=SHAPE_REPRESENTATION_RELATIONSHIP('','',#2919,#638);
#484=SHAPE_REPRESENTATION_RELATIONSHIP('','',#2920,#639);
#485=SHAPE_REPRESENTATION_RELATIONSHIP('','',#2921,#640);
#486=SHAPE_REPRESENTATION_RELATIONSHIP('','',#2922,#641);
#487=SHAPE_REPRESENTATION_RELATIONSHIP('','',#2923,#642);
#488=SHAPE_REPRESENTATION_RELATIONSHIP('','',#2924,#643);
#489=SHAPE_REPRESENTATION_RELATIONSHIP('','',#2925,#644);
#490=SHAPE_REPRESENTATION_RELATIONSHIP('','',#2926,#645);
#491=SHAPE_REPRESENTATION_RELATIONSHIP('','',#2927,#646);
#492=SHAPE_REPRESENTATION_RELATIONSHIP('','',#2928,#647);
#493=SHAPE_REPRESENTATION_RELATIONSHIP('','',#2929,#648);
#494=SHAPE_REPRESENTATION_RELATIONSHIP('','',#2930,#649);
#495=ADVANCED_BREP_SHAPE_REPRESENTATION('',(#2466),#4567);
#496=ADVANCED_BREP_SHAPE_REPRESENTATION('',(#2467),#4568);
#497=ADVANCED_BREP_SHAPE_REPRESENTATION('',(#2468),#4569);
#498=ADVANCED_BREP_SHAPE_REPRESENTATION('',(#2469),#4570);
#499=ADVANCED_BREP_SHAPE_REPRESENTATION('',(#2470),#4571);
#500=ADVANCED_BREP_SHAPE_REPRESENTATION('',(#2471),#4572);
#501=ADVANCED_BREP_SHAPE_REPRESENTATION('',(#2472),#4573);
#502=ADVANCED_BREP_SHAPE_REPRESENTATION('',(#2473),#4574);
#503=ADVANCED_BREP_SHAPE_REPRESENTATION('',(#2474),#4575);
#504=ADVANCED_BREP_SHAPE_REPRESENTATION('',(#2475),#4576);
#505=ADVANCED_BREP_SHAPE_REPRESENTATION('',(#2476),#4577);
#506=ADVANCED_BREP_SHAPE_REPRESENTATION('',(#2477),#4578);
#507=ADVANCED_BREP_SHAPE_REPRESENTATION('',(#2478),#4579);
#508=ADVANCED_BREP_SHAPE_REPRESENTATION('',(#2479),#4580);
#509=ADVANCED_BREP_SHAPE_REPRESENTATION('',(#2480),#4581);
#510=ADVANCED_BREP_SHAPE_REPRESENTATION('',(#2481),#4582);
#511=ADVANCED_BREP_SHAPE_REPRESENTATION('',(#2482),#4583);
#512=ADVANCED_BREP_SHAPE_REPRESENTATION('',(#2483),#4584);
#513=ADVANCED_BREP_SHAPE_REPRESENTATION('',(#2484),#4585);
#514=ADVANCED_BREP_SHAPE_REPRESENTATION('',(#2485),#4586);
#515=ADVANCED_BREP_SHAPE_REPRESENTATION('',(#2486),#4587);
#516=ADVANCED_BREP_SHAPE_REPRESENTATION('',(#2487),#4588);
#517=ADVANCED_BREP_SHAPE_REPRESENTATION('',(#2488),#4589);
#518=ADVANCED_BREP_SHAPE_REPRESENTATION('',(#2489),#4590);
#519=ADVANCED_BREP_SHAPE_REPRESENTATION('',(#2490),#4591);
#520=ADVANCED_BREP_SHAPE_REPRESENTATION('',(#2491),#4592);
#521=ADVANCED_BREP_SHAPE_REPRESENTATION('',(#2492),#4593);
#522=ADVANCED_BREP_SHAPE_REPRESENTATION('',(#2493),#4594);
#523=ADVANCED_BREP_SHAPE_REPRESENTATION('',(#2494),#4595);
#524=ADVANCED_BREP_SHAPE_REPRESENTATION('',(#2495),#4596);
#525=ADVANCED_BREP_SHAPE_REPRESENTATION('',(#2496),#4597);
#526=ADVANCED_BREP_SHAPE_REPRESENTATION('',(#2497),#4598);
#527=ADVANCED_BREP_SHAPE_REPRESENTATION('',(#2498),#4599);
#528=ADVANCED_BREP_SHAPE_REPRESENTATION('',(#2499),#4600);
#529=ADVANCED_BREP_SHAPE_REPRESENTATION('',(#2500),#4601);
#530=ADVANCED_BREP_SHAPE_REPRESENTATION('',(#2501),#4602);
#531=ADVANCED_BREP_SHAPE_REPRESENTATION('',(#2502),#4603);
#532=ADVANCED_BREP_SHAPE_REPRESENTATION('',(#2503),#4604);
#533=ADVANCED_BREP_SHAPE_REPRESENTATION('',(#2504),#4605);
#534=ADVANCED_BREP_SHAPE_REPRESENTATION('',(#2505),#4606);
#535=ADVANCED_BREP_SHAPE_REPRESENTATION('',(#2506),#4607);
#536=ADVANCED_BREP_SHAPE_REPRESENTATION('',(#2507),#4608);
#537=ADVANCED_BREP_SHAPE_REPRESENTATION('',(#2508),#4609);
#538=ADVANCED_BREP_SHAPE_REPRESENTATION('',(#2509),#4610);
#539=ADVANCED_BREP_SHAPE_REPRESENTATION('',(#2510),#4611);
#540=ADVANCED_BREP_SHAPE_REPRESENTATION('',(#2511),#4612);
#541=ADVANCED_BREP_SHAPE_REPRESENTATION('',(#2512),#4613);
#542=ADVANCED_BREP_SHAPE_REPRESENTATION('',(#2513),#4614);
#543=ADVANCED_BREP_SHAPE_REPRESENTATION('',(#2514),#4615);
#544=ADVANCED_BREP_SHAPE_REPRESENTATION('',(#2515),#4616);
#545=ADVANCED_BREP_SHAPE_REPRESENTATION('',(#2516),#4617);
#546=ADVANCED_BREP_SHAPE_REPRESENTATION('',(#2517),#4618);
#547=ADVANCED_BREP_SHAPE_REPRESENTATION('',(#2518),#4619);
#548=ADVANCED_BREP_SHAPE_REPRESENTATION('',(#2519),#4620);
#549=ADVANCED_BREP_SHAPE_REPRESENTATION('',(#2520),#4621);
#550=ADVANCED_BREP_SHAPE_REPRESENTATION('',(#2521),#4622);
#551=ADVANCED_BREP_SHAPE_REPRESENTATION('',(#2522),#4623);
#552=ADVANCED_BREP_SHAPE_REPRESENTATION('',(#2523),#4624);
#553=ADVANCED_BREP_SHAPE_REPRESENTATION('',(#2524),#4625);
#554=ADVANCED_BREP_SHAPE_REPRESENTATION('',(#2525),#4626);
#555=ADVANCED_BREP_SHAPE_REPRESENTATION('',(#2526),#4627);
#556=ADVANCED_BREP_SHAPE_REPRESENTATION('',(#2527),#4628);
#557=ADVANCED_BREP_SHAPE_REPRESENTATION('',(#2528),#4629);
#558=ADVANCED_BREP_SHAPE_REPRESENTATION('',(#2529),#4630);
#559=ADVANCED_BREP_SHAPE_REPRESENTATION('',(#2530),#4631);
#560=ADVANCED_BREP_SHAPE_REPRESENTATION('',(#2531),#4632);
#561=ADVANCED_BREP_SHAPE_REPRESENTATION('',(#2532),#4633);
#562=ADVANCED_BREP_SHAPE_REPRESENTATION('',(#2533),#4634);
#563=ADVANCED_BREP_SHAPE_REPRESENTATION('',(#2534),#4635);
#564=ADVANCED_BREP_SHAPE_REPRESENTATION('',(#2535),#4636);
#565=ADVANCED_BREP_SHAPE_REPRESENTATION('',(#2536),#4637);
#566=ADVANCED_BREP_SHAPE_REPRESENTATION('',(#2537),#4638);
#567=ADVANCED_BREP_SHAPE_REPRESENTATION('',(#2538),#4639);
#568=ADVANCED_BREP_SHAPE_REPRESENTATION('',(#2539),#4640);
#569=ADVANCED_BREP_SHAPE_REPRESENTATION('',(#2540),#4641);
#570=ADVANCED_BREP_SHAPE_REPRESENTATION('',(#2541),#4642);
#571=ADVANCED_BREP_SHAPE_REPRESENTATION('',(#2542),#4643);
#572=ADVANCED_BREP_SHAPE_REPRESENTATION('',(#2543),#4644);
#573=ADVANCED_BREP_SHAPE_REPRESENTATION('',(#2544),#4645);
#574=ADVANCED_BREP_SHAPE_REPRESENTATION('',(#2545),#4646);
#575=ADVANCED_BREP_SHAPE_REPRESENTATION('',(#2546),#4647);
#576=ADVANCED_BREP_SHAPE_REPRESENTATION('',(#2547),#4648);
#577=ADVANCED_BREP_SHAPE_REPRESENTATION('',(#2548),#4649);
#578=ADVANCED_BREP_SHAPE_REPRESENTATION('',(#2549),#4650);
#579=ADVANCED_BREP_SHAPE_REPRESENTATION('',(#2550),#4651);
#580=ADVANCED_BREP_SHAPE_REPRESENTATION('',(#2551),#4652);
#581=ADVANCED_BREP_SHAPE_REPRESENTATION('',(#2552),#4653);
#582=ADVANCED_BREP_SHAPE_REPRESENTATION('',(#2553),#4654);
#583=ADVANCED_BREP_SHAPE_REPRESENTATION('',(#2554),#4655);
#584=ADVANCED_BREP_SHAPE_REPRESENTATION('',(#2555),#4656);
#585=ADVANCED_BREP_SHAPE_REPRESENTATION('',(#2556),#4657);
#586=ADVANCED_BREP_SHAPE_REPRESENTATION('',(#2557),#4658);
#587=ADVANCED_BREP_SHAPE_REPRESENTATION('',(#2558),#4659);
#588=ADVANCED_BREP_SHAPE_REPRESENTATION('',(#2559),#4660);
#589=ADVANCED_BREP_SHAPE_REPRESENTATION('',(#2560),#4661);
#590=ADVANCED_BREP_SHAPE_REPRESENTATION('',(#2561),#4662);
#591=ADVANCED_BREP_SHAPE_REPRESENTATION('',(#2562),#4663);
#592=ADVANCED_BREP_SHAPE_REPRESENTATION('',(#2563),#4664);
#593=ADVANCED_BREP_SHAPE_REPRESENTATION('',(#2564),#4665);
#594=ADVANCED_BREP_SHAPE_REPRESENTATION('',(#2565),#4666);
#595=ADVANCED_BREP_SHAPE_REPRESENTATION('',(#2566),#4667);
#596=ADVANCED_BREP_SHAPE_REPRESENTATION('',(#2567),#4668);
#597=ADVANCED_BREP_SHAPE_REPRESENTATION('',(#2568),#4669);
#598=ADVANCED_BREP_SHAPE_REPRESENTATION('',(#2569),#4670);
#599=ADVANCED_BREP_SHAPE_REPRESENTATION('',(#2570),#4671);
#600=ADVANCED_BREP_SHAPE_REPRESENTATION('',(#2571),#4672);
#601=ADVANCED_BREP_SHAPE_REPRESENTATION('',(#2572),#4673);
#602=ADVANCED_BREP_SHAPE_REPRESENTATION('',(#2573),#4674);
#603=ADVANCED_BREP_SHAPE_REPRESENTATION('',(#2574),#4675);
#604=ADVANCED_BREP_SHAPE_REPRESENTATION('',(#2575),#4676);
#605=ADVANCED_BREP_SHAPE_REPRESENTATION('',(#2576),#4677);
#606=ADVANCED_BREP_SHAPE_REPRESENTATION('',(#2577),#4678);
#607=ADVANCED_BREP_SHAPE_REPRESENTATION('',(#2578),#4679);
#608=ADVANCED_BREP_SHAPE_REPRESENTATION('',(#2579),#4680);
#609=ADVANCED_BREP_SHAPE_REPRESENTATION('',(#2580),#4681);
#610=ADVANCED_BREP_SHAPE_REPRESENTATION('',(#2581),#4682);
#611=ADVANCED_BREP_SHAPE_REPRESENTATION('',(#2582),#4683);
#612=ADVANCED_BREP_SHAPE_REPRESENTATION('',(#2583),#4684);
#613=ADVANCED_BREP_SHAPE_REPRESENTATION('',(#2584),#4685);
#614=ADVANCED_BREP_SHAPE_REPRESENTATION('',(#2585),#4686);
#615=ADVANCED_BREP_SHAPE_REPRESENTATION('',(#2586),#4687);
#616=ADVANCED_BREP_SHAPE_REPRESENTATION('',(#2587),#4688);
#617=ADVANCED_BREP_SHAPE_REPRESENTATION('',(#2588),#4689);
#618=ADVANCED_BREP_SHAPE_REPRESENTATION('',(#2589),#4690);
#619=ADVANCED_BREP_SHAPE_REPRESENTATION('',(#2590),#4691);
#620=ADVANCED_BREP_SHAPE_REPRESENTATION('',(#2591),#4692);
#621=ADVANCED_BREP_SHAPE_REPRESENTATION('',(#2592),#4693);
#622=ADVANCED_BREP_SHAPE_REPRESENTATION('',(#2593),#4694);
#623=ADVANCED_BREP_SHAPE_REPRESENTATION('',(#2594),#4695);
#624=ADVANCED_BREP_SHAPE_REPRESENTATION('',(#2595),#4696);
#625=ADVANCED_BREP_SHAPE_REPRESENTATION('',(#2596),#4697);
#626=ADVANCED_BREP_SHAPE_REPRESENTATION('',(#2597),#4698);
#627=ADVANCED_BREP_SHAPE_REPRESENTATION('',(#2598),#4699);
#628=ADVANCED_BREP_SHAPE_REPRESENTATION('',(#2599),#4700);
#629=ADVANCED_BREP_SHAPE_REPRESENTATION('',(#2600),#4701);
#630=ADVANCED_BREP_SHAPE_REPRESENTATION('',(#2601),#4702);
#631=ADVANCED_BREP_SHAPE_REPRESENTATION('',(#2602),#4703);
#632=ADVANCED_BREP_SHAPE_REPRESENTATION('',(#2603),#4704);
#633=ADVANCED_BREP_SHAPE_REPRESENTATION('',(#2604),#4705);
#634=ADVANCED_BREP_SHAPE_REPRESENTATION('',(#2605),#4706);
#635=ADVANCED_BREP_SHAPE_REPRESENTATION('',(#2606),#4707);
#636=ADVANCED_BREP_SHAPE_REPRESENTATION('',(#2607),#4708);
#637=ADVANCED_BREP_SHAPE_REPRESENTATION('',(#2608),#4709);
#638=ADVANCED_BREP_SHAPE_REPRESENTATION('',(#2609),#4710);
#639=ADVANCED_BREP_SHAPE_REPRESENTATION('',(#2610),#4711);
#640=ADVANCED_BREP_SHAPE_REPRESENTATION('',(#2611),#4712);
#641=ADVANCED_BREP_SHAPE_REPRESENTATION('',(#2612),#4713);
#642=ADVANCED_BREP_SHAPE_REPRESENTATION('',(#2613),#4714);
#643=ADVANCED_BREP_SHAPE_REPRESENTATION('',(#2614),#4715);
#644=ADVANCED_BREP_SHAPE_REPRESENTATION('',(#2615),#4716);
#645=ADVANCED_BREP_SHAPE_REPRESENTATION('',(#2616),#4717);
#646=ADVANCED_BREP_SHAPE_REPRESENTATION('',(#2617),#4718);
#647=ADVANCED_BREP_SHAPE_REPRESENTATION('',(#2618),#4719);
#648=ADVANCED_BREP_SHAPE_REPRESENTATION('',(#2619),#4720);
#649=ADVANCED_BREP_SHAPE_REPRESENTATION('',(#2620),#4721);
#650=PLANE('',#2935);
#651=PLANE('',#2936);
#652=PLANE('',#2938);
#653=PLANE('',#2942);
#654=PLANE('',#2943);
#655=PLANE('',#2944);
#656=PLANE('',#2945);
#657=PLANE('',#2946);
#658=PLANE('',#2947);
#659=ORIENTED_EDGE('',*,*,#691,.T.);
#660=ORIENTED_EDGE('',*,*,#692,.F.);
#661=ORIENTED_EDGE('',*,*,#691,.F.);
#662=ORIENTED_EDGE('',*,*,#692,.T.);
#663=ORIENTED_EDGE('',*,*,#693,.T.);
#664=ORIENTED_EDGE('',*,*,#694,.T.);
#665=ORIENTED_EDGE('',*,*,#693,.F.);
#666=ORIENTED_EDGE('',*,*,#695,.F.);
#667=ORIENTED_EDGE('',*,*,#696,.T.);
#668=ORIENTED_EDGE('',*,*,#697,.T.);
#669=ORIENTED_EDGE('',*,*,#698,.F.);
#670=ORIENTED_EDGE('',*,*,#699,.T.);
#671=ORIENTED_EDGE('',*,*,#696,.F.);
#672=ORIENTED_EDGE('',*,*,#700,.F.);
#673=ORIENTED_EDGE('',*,*,#701,.T.);
#674=ORIENTED_EDGE('',*,*,#699,.F.);
#675=ORIENTED_EDGE('',*,*,#702,.T.);
#676=ORIENTED_EDGE('',*,*,#703,.T.);
#677=ORIENTED_EDGE('',*,*,#697,.F.);
#678=ORIENTED_EDGE('',*,*,#694,.F.);
#679=ORIENTED_EDGE('',*,*,#704,.F.);
#680=ORIENTED_EDGE('',*,*,#705,.T.);
#681=ORIENTED_EDGE('',*,*,#698,.T.);
#682=ORIENTED_EDGE('',*,*,#703,.F.);
#683=ORIENTED_EDGE('',*,*,#695,.T.);
#684=ORIENTED_EDGE('',*,*,#705,.F.);
#685=ORIENTED_EDGE('',*,*,#706,.F.);
#686=ORIENTED_EDGE('',*,*,#700,.T.);
#687=ORIENTED_EDGE('',*,*,#704,.T.);
#688=ORIENTED_EDGE('',*,*,#702,.F.);
#689=ORIENTED_EDGE('',*,*,#701,.F.);
#690=ORIENTED_EDGE('',*,*,#706,.T.);
#691=EDGE_CURVE('',#707,#707,#872,.T.);
#692=EDGE_CURVE('',#708,#708,#873,.T.);
#693=EDGE_CURVE('',#709,#709,#874,.T.);
#694=EDGE_CURVE('',#710,#710,#875,.T.);
#695=EDGE_CURVE('',#711,#712,#316,.T.);
#696=EDGE_CURVE('',#711,#713,#317,.T.);
#697=EDGE_CURVE('',#713,#714,#318,.T.);
#698=EDGE_CURVE('',#712,#714,#319,.T.);
#699=EDGE_CURVE('',#715,#713,#320,.T.);
#700=EDGE_CURVE('',#716,#711,#321,.T.);
#701=EDGE_CURVE('',#716,#715,#322,.T.);
#702=EDGE_CURVE('',#715,#717,#323,.T.);
#703=EDGE_CURVE('',#717,#714,#324,.T.);
#704=EDGE_CURVE('',#718,#717,#325,.T.);
#705=EDGE_CURVE('',#718,#712,#326,.T.);
#706=EDGE_CURVE('',#716,#718,#327,.T.);
#707=VERTEX_POINT('',#3915);
#708=VERTEX_POINT('',#3917);
#709=VERTEX_POINT('',#3923);
#710=VERTEX_POINT('',#3926);
#711=VERTEX_POINT('',#3929);
#712=VERTEX_POINT('',#3930);
#713=VERTEX_POINT('',#3932);
#714=VERTEX_POINT('',#3934);
#715=VERTEX_POINT('',#3938);
#716=VERTEX_POINT('',#3940);
#717=VERTEX_POINT('',#3944);
#718=VERTEX_POINT('',#3948);
#719=VERTEX_POINT('',#3955);
#720=VERTEX_POINT('',#3958);
#721=VERTEX_POINT('',#3961);
#722=VERTEX_POINT('',#3964);
#723=VERTEX_POINT('',#3967);
#724=VERTEX_POINT('',#3970);
#725=VERTEX_POINT('',#3973);
#726=VERTEX_POINT('',#3976);
#727=VERTEX_POINT('',#3979);
#728=VERTEX_POINT('',#3982);
#729=VERTEX_POINT('',#3985);
#730=VERTEX_POINT('',#3988);
#731=VERTEX_POINT('',#3991);
#732=VERTEX_POINT('',#3994);
#733=VERTEX_POINT('',#3997);
#734=VERTEX_POINT('',#4000);
#735=VERTEX_POINT('',#4003);
#736=VERTEX_POINT('',#4006);
#737=VERTEX_POINT('',#4009);
#738=VERTEX_POINT('',#4012);
#739=VERTEX_POINT('',#4015);
#740=VERTEX_POINT('',#4018);
#741=VERTEX_POINT('',#4021);
#742=VERTEX_POINT('',#4024);
#743=VERTEX_POINT('',#4027);
#744=VERTEX_POINT('',#4030);
#745=VERTEX_POINT('',#4033);
#746=VERTEX_POINT('',#4036);
#747=VERTEX_POINT('',#4039);
#748=VERTEX_POINT('',#4042);
#749=VERTEX_POINT('',#4045);
#750=VERTEX_POINT('',#4048);
#751=VERTEX_POINT('',#4051);
#752=VERTEX_POINT('',#4054);
#753=VERTEX_POINT('',#4057);
#754=VERTEX_POINT('',#4060);
#755=VERTEX_POINT('',#4063);
#756=VERTEX_POINT('',#4066);
#757=VERTEX_POINT('',#4069);
#758=VERTEX_POINT('',#4072);
#759=VERTEX_POINT('',#4075);
#760=VERTEX_POINT('',#4078);
#761=VERTEX_POINT('',#4081);
#762=VERTEX_POINT('',#4084);
#763=VERTEX_POINT('',#4087);
#764=VERTEX_POINT('',#4090);
#765=VERTEX_POINT('',#4093);
#766=VERTEX_POINT('',#4096);
#767=VERTEX_POINT('',#4099);
#768=VERTEX_POINT('',#4102);
#769=VERTEX_POINT('',#4105);
#770=VERTEX_POINT('',#4108);
#771=VERTEX_POINT('',#4111);
#772=VERTEX_POINT('',#4114);
#773=VERTEX_POINT('',#4117);
#774=VERTEX_POINT('',#4120);
#775=VERTEX_POINT('',#4123);
#776=VERTEX_POINT('',#4126);
#777=VERTEX_POINT('',#4129);
#778=VERTEX_POINT('',#4132);
#779=VERTEX_POINT('',#4135);
#780=VERTEX_POINT('',#4138);
#781=VERTEX_POINT('',#4141);
#782=VERTEX_POINT('',#4144);
#783=VERTEX_POINT('',#4147);
#784=VERTEX_POINT('',#4150);
#785=VERTEX_POINT('',#4153);
#786=VERTEX_POINT('',#4156);
#787=VERTEX_POINT('',#4159);
#788=VERTEX_POINT('',#4162);
#789=VERTEX_POINT('',#4165);
#790=VERTEX_POINT('',#4168);
#791=VERTEX_POINT('',#4171);
#792=VERTEX_POINT('',#4174);
#793=VERTEX_POINT('',#4177);
#794=VERTEX_POINT('',#4180);
#795=VERTEX_POINT('',#4183);
#796=VERTEX_POINT('',#4186);
#797=VERTEX_POINT('',#4189);
#798=VERTEX_POINT('',#4192);
#799=VERTEX_POINT('',#4195);
#800=VERTEX_POINT('',#4198);
#801=VERTEX_POINT('',#4201);
#802=VERTEX_POINT('',#4204);
#803=VERTEX_POINT('',#4207);
#804=VERTEX_POINT('',#4210);
#805=VERTEX_POINT('',#4213);
#806=VERTEX_POINT('',#4216);
#807=VERTEX_POINT('',#4219);
#808=VERTEX_POINT('',#4222);
#809=VERTEX_POINT('',#4225);
#810=VERTEX_POINT('',#4228);
#811=VERTEX_POINT('',#4231);
#812=VERTEX_POINT('',#4234);
#813=VERTEX_POINT('',#4237);
#814=VERTEX_POINT('',#4240);
#815=VERTEX_POINT('',#4243);
#816=VERTEX_POINT('',#4246);
#817=VERTEX_POINT('',#4249);
#818=VERTEX_POINT('',#4252);
#819=VERTEX_POINT('',#4255);
#820=VERTEX_POINT('',#4258);
#821=VERTEX_POINT('',#4261);
#822=VERTEX_POINT('',#4264);
#823=VERTEX_POINT('',#4267);
#824=VERTEX_POINT('',#4270);
#825=VERTEX_POINT('',#4273);
#826=VERTEX_POINT('',#4276);
#827=VERTEX_POINT('',#4279);
#828=VERTEX_POINT('',#4282);
#829=VERTEX_POINT('',#4285);
#830=VERTEX_POINT('',#4288);
#831=VERTEX_POINT('',#4291);
#832=VERTEX_POINT('',#4294);
#833=VERTEX_POINT('',#4297);
#834=VERTEX_POINT('',#4300);
#835=VERTEX_POINT('',#4303);
#836=VERTEX_POINT('',#4306);
#837=VERTEX_POINT('',#4309);
#838=VERTEX_POINT('',#4312);
#839=VERTEX_POINT('',#4315);
#840=VERTEX_POINT('',#4318);
#841=VERTEX_POINT('',#4321);
#842=VERTEX_POINT('',#4324);
#843=VERTEX_POINT('',#4327);
#844=VERTEX_POINT('',#4330);
#845=VERTEX_POINT('',#4333);
#846=VERTEX_POINT('',#4336);
#847=VERTEX_POINT('',#4339);
#848=VERTEX_POINT('',#4342);
#849=VERTEX_POINT('',#4345);
#850=VERTEX_POINT('',#4348);
#851=VERTEX_POINT('',#4351);
#852=VERTEX_POINT('',#4354);
#853=VERTEX_POINT('',#4357);
#854=VERTEX_POINT('',#4360);
#855=VERTEX_POINT('',#4363);
#856=VERTEX_POINT('',#4366);
#857=VERTEX_POINT('',#4369);
#858=VERTEX_POINT('',#4372);
#859=VERTEX_POINT('',#4375);
#860=VERTEX_POINT('',#4378);
#861=VERTEX_POINT('',#4381);
#862=VERTEX_POINT('',#4384);
#863=VERTEX_POINT('',#4387);
#864=VERTEX_POINT('',#4390);
#865=VERTEX_POINT('',#4393);
#866=VERTEX_POINT('',#4396);
#867=VERTEX_POINT('',#4399);
#868=VERTEX_POINT('',#4402);
#869=VERTEX_POINT('',#4405);
#870=VERTEX_POINT('',#4408);
#871=VERTEX_POINT('',#4411);
#872=CIRCLE('',#2933,0.00071875);
#873=CIRCLE('',#2934,0.00071875);
#874=CIRCLE('',#2939,0.00071875);
#875=CIRCLE('',#2941,0.00071875);
#876=EDGE_LOOP('',(#659));
#877=EDGE_LOOP('',(#660));
#878=EDGE_LOOP('',(#661));
#879=EDGE_LOOP('',(#662));
#880=EDGE_LOOP('',(#663));
#881=EDGE_LOOP('',(#664));
#882=EDGE_LOOP('',(#665));
#883=EDGE_LOOP('',(#666,#667,#668,#669));
#884=EDGE_LOOP('',(#670,#671,#672,#673));
#885=EDGE_LOOP('',(#674,#675,#676,#677));
#886=EDGE_LOOP('',(#678));
#887=EDGE_LOOP('',(#679,#680,#681,#682));
#888=EDGE_LOOP('',(#683,#684,#685,#686));
#889=EDGE_LOOP('',(#687,#688,#689,#690));
#890=FACE_BOUND('',#876,.T.);
#891=FACE_BOUND('',#877,.T.);
#892=FACE_BOUND('',#878,.T.);
#893=FACE_BOUND('',#879,.T.);
#894=FACE_BOUND('',#880,.T.);
#895=FACE_BOUND('',#881,.T.);
#896=FACE_BOUND('',#882,.T.);
#897=FACE_BOUND('',#883,.T.);
#898=FACE_BOUND('',#884,.T.);
#899=FACE_BOUND('',#885,.T.);
#900=FACE_BOUND('',#886,.T.);
#901=FACE_BOUND('',#887,.T.);
#902=FACE_BOUND('',#888,.T.);
#903=FACE_BOUND('',#889,.T.);
#904=FACE_BOUND('',#10,.T.);
#905=FACE_BOUND('',#11,.T.);
#906=FACE_BOUND('',#12,.T.);
#907=FACE_BOUND('',#13,.T.);
#908=FACE_BOUND('',#14,.T.);
#909=FACE_BOUND('',#15,.T.);
#910=FACE_BOUND('',#16,.T.);
#911=FACE_BOUND('',#17,.T.);
#912=FACE_BOUND('',#18,.T.);
#913=FACE_BOUND('',#19,.T.);
#914=FACE_BOUND('',#20,.T.);
#915=FACE_BOUND('',#21,.T.);
#916=FACE_BOUND('',#22,.T.);
#917=FACE_BOUND('',#23,.T.);
#918=FACE_BOUND('',#24,.T.);
#919=FACE_BOUND('',#25,.T.);
#920=FACE_BOUND('',#26,.T.);
#921=FACE_BOUND('',#27,.T.);
#922=FACE_BOUND('',#28,.T.);
#923=FACE_BOUND('',#29,.T.);
#924=FACE_BOUND('',#30,.T.);
#925=FACE_BOUND('',#31,.T.);
#926=FACE_BOUND('',#32,.T.);
#927=FACE_BOUND('',#33,.T.);
#928=FACE_BOUND('',#34,.T.);
#929=FACE_BOUND('',#35,.T.);
#930=FACE_BOUND('',#36,.T.);
#931=FACE_BOUND('',#37,.T.);
#932=FACE_BOUND('',#38,.T.);
#933=FACE_BOUND('',#39,.T.);
#934=FACE_BOUND('',#40,.T.);
#935=FACE_BOUND('',#41,.T.);
#936=FACE_BOUND('',#42,.T.);
#937=FACE_BOUND('',#43,.T.);
#938=FACE_BOUND('',#44,.T.);
#939=FACE_BOUND('',#45,.T.);
#940=FACE_BOUND('',#46,.T.);
#941=FACE_BOUND('',#47,.T.);
#942=FACE_BOUND('',#48,.T.);
#943=FACE_BOUND('',#49,.T.);
#944=FACE_BOUND('',#50,.T.);
#945=FACE_BOUND('',#51,.T.);
#946=FACE_BOUND('',#52,.T.);
#947=FACE_BOUND('',#53,.T.);
#948=FACE_BOUND('',#54,.T.);
#949=FACE_BOUND('',#55,.T.);
#950=FACE_BOUND('',#56,.T.);
#951=FACE_BOUND('',#57,.T.);
#952=FACE_BOUND('',#58,.T.);
#953=FACE_BOUND('',#59,.T.);
#954=FACE_BOUND('',#60,.T.);
#955=FACE_BOUND('',#61,.T.);
#956=FACE_BOUND('',#62,.T.);
#957=FACE_BOUND('',#63,.T.);
#958=FACE_BOUND('',#64,.T.);
#959=FACE_BOUND('',#65,.T.);
#960=FACE_BOUND('',#66,.T.);
#961=FACE_BOUND('',#67,.T.);
#962=FACE_BOUND('',#68,.T.);
#963=FACE_BOUND('',#69,.T.);
#964=FACE_BOUND('',#70,.T.);
#965=FACE_BOUND('',#71,.T.);
#966=FACE_BOUND('',#72,.T.);
#967=FACE_BOUND('',#73,.T.);
#968=FACE_BOUND('',#74,.T.);
#969=FACE_BOUND('',#75,.T.);
#970=FACE_BOUND('',#76,.T.);
#971=FACE_BOUND('',#77,.T.);
#972=FACE_BOUND('',#78,.T.);
#973=FACE_BOUND('',#79,.T.);
#974=FACE_BOUND('',#80,.T.);
#975=FACE_BOUND('',#81,.T.);
#976=FACE_BOUND('',#82,.T.);
#977=FACE_BOUND('',#83,.T.);
#978=FACE_BOUND('',#84,.T.);
#979=FACE_BOUND('',#85,.T.);
#980=FACE_BOUND('',#86,.T.);
#981=FACE_BOUND('',#87,.T.);
#982=FACE_BOUND('',#88,.T.);
#983=FACE_BOUND('',#89,.T.);
#984=FACE_BOUND('',#90,.T.);
#985=FACE_BOUND('',#91,.T.);
#986=FACE_BOUND('',#92,.T.);
#987=FACE_BOUND('',#93,.T.);
#988=FACE_BOUND('',#94,.T.);
#989=FACE_BOUND('',#95,.T.);
#990=FACE_BOUND('',#96,.T.);
#991=FACE_BOUND('',#97,.T.);
#992=FACE_BOUND('',#98,.T.);
#993=FACE_BOUND('',#99,.T.);
#994=FACE_BOUND('',#100,.T.);
#995=FACE_BOUND('',#101,.T.);
#996=FACE_BOUND('',#102,.T.);
#997=FACE_BOUND('',#103,.T.);
#998=FACE_BOUND('',#104,.T.);
#999=FACE_BOUND('',#105,.T.);
#1000=FACE_BOUND('',#106,.T.);
#1001=FACE_BOUND('',#107,.T.);
#1002=FACE_BOUND('',#108,.T.);
#1003=FACE_BOUND('',#109,.T.);
#1004=FACE_BOUND('',#110,.T.);
#1005=FACE_BOUND('',#111,.T.);
#1006=FACE_BOUND('',#112,.T.);
#1007=FACE_BOUND('',#113,.T.);
#1008=FACE_BOUND('',#114,.T.);
#1009=FACE_BOUND('',#115,.T.);
#1010=FACE_BOUND('',#116,.T.);
#1011=FACE_BOUND('',#117,.T.);
#1012=FACE_BOUND('',#118,.T.);
#1013=FACE_BOUND('',#119,.T.);
#1014=FACE_BOUND('',#120,.T.);
#1015=FACE_BOUND('',#121,.T.);
#1016=FACE_BOUND('',#122,.T.);
#1017=FACE_BOUND('',#123,.T.);
#1018=FACE_BOUND('',#124,.T.);
#1019=FACE_BOUND('',#125,.T.);
#1020=FACE_BOUND('',#126,.T.);
#1021=FACE_BOUND('',#127,.T.);
#1022=FACE_BOUND('',#128,.T.);
#1023=FACE_BOUND('',#129,.T.);
#1024=FACE_BOUND('',#130,.T.);
#1025=FACE_BOUND('',#131,.T.);
#1026=FACE_BOUND('',#132,.T.);
#1027=FACE_BOUND('',#133,.T.);
#1028=FACE_BOUND('',#134,.T.);
#1029=FACE_BOUND('',#135,.T.);
#1030=FACE_BOUND('',#136,.T.);
#1031=FACE_BOUND('',#137,.T.);
#1032=FACE_BOUND('',#138,.T.);
#1033=FACE_BOUND('',#139,.T.);
#1034=FACE_BOUND('',#140,.T.);
#1035=FACE_BOUND('',#141,.T.);
#1036=FACE_BOUND('',#142,.T.);
#1037=FACE_BOUND('',#143,.T.);
#1038=FACE_BOUND('',#144,.T.);
#1039=FACE_BOUND('',#145,.T.);
#1040=FACE_BOUND('',#146,.T.);
#1041=FACE_BOUND('',#147,.T.);
#1042=FACE_BOUND('',#148,.T.);
#1043=FACE_BOUND('',#149,.T.);
#1044=FACE_BOUND('',#150,.T.);
#1045=FACE_BOUND('',#151,.T.);
#1046=FACE_BOUND('',#152,.T.);
#1047=FACE_BOUND('',#153,.T.);
#1048=FACE_BOUND('',#154,.T.);
#1049=FACE_BOUND('',#155,.T.);
#1050=FACE_BOUND('',#156,.T.);
#1051=FACE_BOUND('',#157,.T.);
#1052=FACE_BOUND('',#158,.T.);
#1053=FACE_BOUND('',#159,.T.);
#1054=FACE_BOUND('',#160,.T.);
#1055=FACE_BOUND('',#161,.T.);
#1056=FACE_BOUND('',#162,.T.);
#1057=CYLINDRICAL_SURFACE('',#2932,0.00071875);
#1058=CYLINDRICAL_SURFACE('',#2940,0.00071875);
#1059=ADVANCED_FACE('',(#890,#891),#1057,.T.);
#1060=ADVANCED_FACE('',(#892),#650,.F.);
#1061=ADVANCED_FACE('',(#893),#651,.T.);
#1062=ADVANCED_FACE('',(#894),#652,.T.);
#1063=ADVANCED_FACE('',(#895,#896),#1058,.F.);
#1064=ADVANCED_FACE('',(#897),#653,.T.);
#1065=ADVANCED_FACE('',(#898),#654,.F.);
#1066=ADVANCED_FACE('',(#899),#655,.T.);
#1067=ADVANCED_FACE('',(#900,#901),#656,.T.);
#1068=ADVANCED_FACE('',(#902),#657,.F.);
#1069=ADVANCED_FACE('',(#903),#658,.F.);
#1070=ADVANCED_FACE('',(#904),#163,.T.);
#1071=ADVANCED_FACE('',(#905),#164,.T.);
#1072=ADVANCED_FACE('',(#906),#165,.T.);
#1073=ADVANCED_FACE('',(#907),#166,.T.);
#1074=ADVANCED_FACE('',(#908),#167,.T.);
#1075=ADVANCED_FACE('',(#909),#168,.T.);
#1076=ADVANCED_FACE('',(#910),#169,.T.);
#1077=ADVANCED_FACE('',(#911),#170,.T.);
#1078=ADVANCED_FACE('',(#912),#171,.T.);
#1079=ADVANCED_FACE('',(#913),#172,.T.);
#1080=ADVANCED_FACE('',(#914),#173,.T.);
#1081=ADVANCED_FACE('',(#915),#174,.T.);
#1082=ADVANCED_FACE('',(#916),#175,.T.);
#1083=ADVANCED_FACE('',(#917),#176,.T.);
#1084=ADVANCED_FACE('',(#918),#177,.T.);
#1085=ADVANCED_FACE('',(#919),#178,.T.);
#1086=ADVANCED_FACE('',(#920),#179,.T.);
#1087=ADVANCED_FACE('',(#921),#180,.T.);
#1088=ADVANCED_FACE('',(#922),#181,.T.);
#1089=ADVANCED_FACE('',(#923),#182,.T.);
#1090=ADVANCED_FACE('',(#924),#183,.T.);
#1091=ADVANCED_FACE('',(#925),#184,.T.);
#1092=ADVANCED_FACE('',(#926),#185,.T.);
#1093=ADVANCED_FACE('',(#927),#186,.T.);
#1094=ADVANCED_FACE('',(#928),#187,.T.);
#1095=ADVANCED_FACE('',(#929),#188,.T.);
#1096=ADVANCED_FACE('',(#930),#189,.T.);
#1097=ADVANCED_FACE('',(#931),#190,.T.);
#1098=ADVANCED_FACE('',(#932),#191,.T.);
#1099=ADVANCED_FACE('',(#933),#192,.T.);
#1100=ADVANCED_FACE('',(#934),#193,.T.);
#1101=ADVANCED_FACE('',(#935),#194,.T.);
#1102=ADVANCED_FACE('',(#936),#195,.T.);
#1103=ADVANCED_FACE('',(#937),#196,.T.);
#1104=ADVANCED_FACE('',(#938),#197,.T.);
#1105=ADVANCED_FACE('',(#939),#198,.T.);
#1106=ADVANCED_FACE('',(#940),#199,.T.);
#1107=ADVANCED_FACE('',(#941),#200,.T.);
#1108=ADVANCED_FACE('',(#942),#201,.T.);
#1109=ADVANCED_FACE('',(#943),#202,.T.);
#1110=ADVANCED_FACE('',(#944),#203,.T.);
#1111=ADVANCED_FACE('',(#945),#204,.T.);
#1112=ADVANCED_FACE('',(#946),#205,.T.);
#1113=ADVANCED_FACE('',(#947),#206,.T.);
#1114=ADVANCED_FACE('',(#948),#207,.T.);
#1115=ADVANCED_FACE('',(#949),#208,.T.);
#1116=ADVANCED_FACE('',(#950),#209,.T.);
#1117=ADVANCED_FACE('',(#951),#210,.T.);
#1118=ADVANCED_FACE('',(#952),#211,.T.);
#1119=ADVANCED_FACE('',(#953),#212,.T.);
#1120=ADVANCED_FACE('',(#954),#213,.T.);
#1121=ADVANCED_FACE('',(#955),#214,.T.);
#1122=ADVANCED_FACE('',(#956),#215,.T.);
#1123=ADVANCED_FACE('',(#957),#216,.T.);
#1124=ADVANCED_FACE('',(#958),#217,.T.);
#1125=ADVANCED_FACE('',(#959),#218,.T.);
#1126=ADVANCED_FACE('',(#960),#219,.T.);
#1127=ADVANCED_FACE('',(#961),#220,.T.);
#1128=ADVANCED_FACE('',(#962),#221,.T.);
#1129=ADVANCED_FACE('',(#963),#222,.T.);
#1130=ADVANCED_FACE('',(#964),#223,.T.);
#1131=ADVANCED_FACE('',(#965),#224,.T.);
#1132=ADVANCED_FACE('',(#966),#225,.T.);
#1133=ADVANCED_FACE('',(#967),#226,.T.);
#1134=ADVANCED_FACE('',(#968),#227,.T.);
#1135=ADVANCED_FACE('',(#969),#228,.T.);
#1136=ADVANCED_FACE('',(#970),#229,.T.);
#1137=ADVANCED_FACE('',(#971),#230,.T.);
#1138=ADVANCED_FACE('',(#972),#231,.T.);
#1139=ADVANCED_FACE('',(#973),#232,.T.);
#1140=ADVANCED_FACE('',(#974),#233,.T.);
#1141=ADVANCED_FACE('',(#975),#234,.T.);
#1142=ADVANCED_FACE('',(#976),#235,.T.);
#1143=ADVANCED_FACE('',(#977),#236,.T.);
#1144=ADVANCED_FACE('',(#978),#237,.T.);
#1145=ADVANCED_FACE('',(#979),#238,.T.);
#1146=ADVANCED_FACE('',(#980),#239,.T.);
#1147=ADVANCED_FACE('',(#981),#240,.T.);
#1148=ADVANCED_FACE('',(#982),#241,.T.);
#1149=ADVANCED_FACE('',(#983),#242,.T.);
#1150=ADVANCED_FACE('',(#984),#243,.T.);
#1151=ADVANCED_FACE('',(#985),#244,.T.);
#1152=ADVANCED_FACE('',(#986),#245,.T.);
#1153=ADVANCED_FACE('',(#987),#246,.T.);
#1154=ADVANCED_FACE('',(#988),#247,.T.);
#1155=ADVANCED_FACE('',(#989),#248,.T.);
#1156=ADVANCED_FACE('',(#990),#249,.T.);
#1157=ADVANCED_FACE('',(#991),#250,.T.);
#1158=ADVANCED_FACE('',(#992),#251,.T.);
#1159=ADVANCED_FACE('',(#993),#252,.T.);
#1160=ADVANCED_FACE('',(#994),#253,.T.);
#1161=ADVANCED_FACE('',(#995),#254,.T.);
#1162=ADVANCED_FACE('',(#996),#255,.T.);
#1163=ADVANCED_FACE('',(#997),#256,.T.);
#1164=ADVANCED_FACE('',(#998),#257,.T.);
#1165=ADVANCED_FACE('',(#999),#258,.T.);
#1166=ADVANCED_FACE('',(#1000),#259,.T.);
#1167=ADVANCED_FACE('',(#1001),#260,.T.);
#1168=ADVANCED_FACE('',(#1002),#261,.T.);
#1169=ADVANCED_FACE('',(#1003),#262,.T.);
#1170=ADVANCED_FACE('',(#1004),#263,.T.);
#1171=ADVANCED_FACE('',(#1005),#264,.T.);
#1172=ADVANCED_FACE('',(#1006),#265,.T.);
#1173=ADVANCED_FACE('',(#1007),#266,.T.);
#1174=ADVANCED_FACE('',(#1008),#267,.T.);
#1175=ADVANCED_FACE('',(#1009),#268,.T.);
#1176=ADVANCED_FACE('',(#1010),#269,.T.);
#1177=ADVANCED_FACE('',(#1011),#270,.T.);
#1178=ADVANCED_FACE('',(#1012),#271,.T.);
#1179=ADVANCED_FACE('',(#1013),#272,.T.);
#1180=ADVANCED_FACE('',(#1014),#273,.T.);
#1181=ADVANCED_FACE('',(#1015),#274,.T.);
#1182=ADVANCED_FACE('',(#1016),#275,.T.);
#1183=ADVANCED_FACE('',(#1017),#276,.T.);
#1184=ADVANCED_FACE('',(#1018),#277,.T.);
#1185=ADVANCED_FACE('',(#1019),#278,.T.);
#1186=ADVANCED_FACE('',(#1020),#279,.T.);
#1187=ADVANCED_FACE('',(#1021),#280,.T.);
#1188=ADVANCED_FACE('',(#1022),#281,.T.);
#1189=ADVANCED_FACE('',(#1023),#282,.T.);
#1190=ADVANCED_FACE('',(#1024),#283,.T.);
#1191=ADVANCED_FACE('',(#1025),#284,.T.);
#1192=ADVANCED_FACE('',(#1026),#285,.T.);
#1193=ADVANCED_FACE('',(#1027),#286,.T.);
#1194=ADVANCED_FACE('',(#1028),#287,.T.);
#1195=ADVANCED_FACE('',(#1029),#288,.T.);
#1196=ADVANCED_FACE('',(#1030),#289,.T.);
#1197=ADVANCED_FACE('',(#1031),#290,.T.);
#1198=ADVANCED_FACE('',(#1032),#291,.T.);
#1199=ADVANCED_FACE('',(#1033),#292,.T.);
#1200=ADVANCED_FACE('',(#1034),#293,.T.);
#1201=ADVANCED_FACE('',(#1035),#294,.T.);
#1202=ADVANCED_FACE('',(#1036),#295,.T.);
#1203=ADVANCED_FACE('',(#1037),#296,.T.);
#1204=ADVANCED_FACE('',(#1038),#297,.T.);
#1205=ADVANCED_FACE('',(#1039),#298,.T.);
#1206=ADVANCED_FACE('',(#1040),#299,.T.);
#1207=ADVANCED_FACE('',(#1041),#300,.T.);
#1208=ADVANCED_FACE('',(#1042),#301,.T.);
#1209=ADVANCED_FACE('',(#1043),#302,.T.);
#1210=ADVANCED_FACE('',(#1044),#303,.T.);
#1211=ADVANCED_FACE('',(#1045),#304,.T.);
#1212=ADVANCED_FACE('',(#1046),#305,.T.);
#1213=ADVANCED_FACE('',(#1047),#306,.T.);
#1214=ADVANCED_FACE('',(#1048),#307,.T.);
#1215=ADVANCED_FACE('',(#1049),#308,.T.);
#1216=ADVANCED_FACE('',(#1050),#309,.T.);
#1217=ADVANCED_FACE('',(#1051),#310,.T.);
#1218=ADVANCED_FACE('',(#1052),#311,.T.);
#1219=ADVANCED_FACE('',(#1053),#312,.T.);
#1220=ADVANCED_FACE('',(#1054),#313,.T.);
#1221=ADVANCED_FACE('',(#1055),#314,.T.);
#1222=ADVANCED_FACE('',(#1056),#315,.T.);
#1223=CLOSED_SHELL('',(#1059,#1060,#1061));
#1224=CLOSED_SHELL('',(#1062,#1063,#1064,#1065,#1066,#1067,#1068,#1069));
#1225=CLOSED_SHELL('',(#1070));
#1226=CLOSED_SHELL('',(#1071));
#1227=CLOSED_SHELL('',(#1072));
#1228=CLOSED_SHELL('',(#1073));
#1229=CLOSED_SHELL('',(#1074));
#1230=CLOSED_SHELL('',(#1075));
#1231=CLOSED_SHELL('',(#1076));
#1232=CLOSED_SHELL('',(#1077));
#1233=CLOSED_SHELL('',(#1078));
#1234=CLOSED_SHELL('',(#1079));
#1235=CLOSED_SHELL('',(#1080));
#1236=CLOSED_SHELL('',(#1081));
#1237=CLOSED_SHELL('',(#1082));
#1238=CLOSED_SHELL('',(#1083));
#1239=CLOSED_SHELL('',(#1084));
#1240=CLOSED_SHELL('',(#1085));
#1241=CLOSED_SHELL('',(#1086));
#1242=CLOSED_SHELL('',(#1087));
#1243=CLOSED_SHELL('',(#1088));
#1244=CLOSED_SHELL('',(#1089));
#1245=CLOSED_SHELL('',(#1090));
#1246=CLOSED_SHELL('',(#1091));
#1247=CLOSED_SHELL('',(#1092));
#1248=CLOSED_SHELL('',(#1093));
#1249=CLOSED_SHELL('',(#1094));
#1250=CLOSED_SHELL('',(#1095));
#1251=CLOSED_SHELL('',(#1096));
#1252=CLOSED_SHELL('',(#1097));
#1253=CLOSED_SHELL('',(#1098));
#1254=CLOSED_SHELL('',(#1099));
#1255=CLOSED_SHELL('',(#1100));
#1256=CLOSED_SHELL('',(#1101));
#1257=CLOSED_SHELL('',(#1102));
#1258=CLOSED_SHELL('',(#1103));
#1259=CLOSED_SHELL('',(#1104));
#1260=CLOSED_SHELL('',(#1105));
#1261=CLOSED_SHELL('',(#1106));
#1262=CLOSED_SHELL('',(#1107));
#1263=CLOSED_SHELL('',(#1108));
#1264=CLOSED_SHELL('',(#1109));
#1265=CLOSED_SHELL('',(#1110));
#1266=CLOSED_SHELL('',(#1111));
#1267=CLOSED_SHELL('',(#1112));
#1268=CLOSED_SHELL('',(#1113));
#1269=CLOSED_SHELL('',(#1114));
#1270=CLOSED_SHELL('',(#1115));
#1271=CLOSED_SHELL('',(#1116));
#1272=CLOSED_SHELL('',(#1117));
#1273=CLOSED_SHELL('',(#1118));
#1274=CLOSED_SHELL('',(#1119));
#1275=CLOSED_SHELL('',(#1120));
#1276=CLOSED_SHELL('',(#1121));
#1277=CLOSED_SHELL('',(#1122));
#1278=CLOSED_SHELL('',(#1123));
#1279=CLOSED_SHELL('',(#1124));
#1280=CLOSED_SHELL('',(#1125));
#1281=CLOSED_SHELL('',(#1126));
#1282=CLOSED_SHELL('',(#1127));
#1283=CLOSED_SHELL('',(#1128));
#1284=CLOSED_SHELL('',(#1129));
#1285=CLOSED_SHELL('',(#1130));
#1286=CLOSED_SHELL('',(#1131));
#1287=CLOSED_SHELL('',(#1132));
#1288=CLOSED_SHELL('',(#1133));
#1289=CLOSED_SHELL('',(#1134));
#1290=CLOSED_SHELL('',(#1135));
#1291=CLOSED_SHELL('',(#1136));
#1292=CLOSED_SHELL('',(#1137));
#1293=CLOSED_SHELL('',(#1138));
#1294=CLOSED_SHELL('',(#1139));
#1295=CLOSED_SHELL('',(#1140));
#1296=CLOSED_SHELL('',(#1141));
#1297=CLOSED_SHELL('',(#1142));
#1298=CLOSED_SHELL('',(#1143));
#1299=CLOSED_SHELL('',(#1144));
#1300=CLOSED_SHELL('',(#1145));
#1301=CLOSED_SHELL('',(#1146));
#1302=CLOSED_SHELL('',(#1147));
#1303=CLOSED_SHELL('',(#1148));
#1304=CLOSED_SHELL('',(#1149));
#1305=CLOSED_SHELL('',(#1150));
#1306=CLOSED_SHELL('',(#1151));
#1307=CLOSED_SHELL('',(#1152));
#1308=CLOSED_SHELL('',(#1153));
#1309=CLOSED_SHELL('',(#1154));
#1310=CLOSED_SHELL('',(#1155));
#1311=CLOSED_SHELL('',(#1156));
#1312=CLOSED_SHELL('',(#1157));
#1313=CLOSED_SHELL('',(#1158));
#1314=CLOSED_SHELL('',(#1159));
#1315=CLOSED_SHELL('',(#1160));
#1316=CLOSED_SHELL('',(#1161));
#1317=CLOSED_SHELL('',(#1162));
#1318=CLOSED_SHELL('',(#1163));
#1319=CLOSED_SHELL('',(#1164));
#1320=CLOSED_SHELL('',(#1165));
#1321=CLOSED_SHELL('',(#1166));
#1322=CLOSED_SHELL('',(#1167));
#1323=CLOSED_SHELL('',(#1168));
#1324=CLOSED_SHELL('',(#1169));
#1325=CLOSED_SHELL('',(#1170));
#1326=CLOSED_SHELL('',(#1171));
#1327=CLOSED_SHELL('',(#1172));
#1328=CLOSED_SHELL('',(#1173));
#1329=CLOSED_SHELL('',(#1174));
#1330=CLOSED_SHELL('',(#1175));
#1331=CLOSED_SHELL('',(#1176));
#1332=CLOSED_SHELL('',(#1177));
#1333=CLOSED_SHELL('',(#1178));
#1334=CLOSED_SHELL('',(#1179));
#1335=CLOSED_SHELL('',(#1180));
#1336=CLOSED_SHELL('',(#1181));
#1337=CLOSED_SHELL('',(#1182));
#1338=CLOSED_SHELL('',(#1183));
#1339=CLOSED_SHELL('',(#1184));
#1340=CLOSED_SHELL('',(#1185));
#1341=CLOSED_SHELL('',(#1186));
#1342=CLOSED_SHELL('',(#1187));
#1343=CLOSED_SHELL('',(#1188));
#1344=CLOSED_SHELL('',(#1189));
#1345=CLOSED_SHELL('',(#1190));
#1346=CLOSED_SHELL('',(#1191));
#1347=CLOSED_SHELL('',(#1192));
#1348=CLOSED_SHELL('',(#1193));
#1349=CLOSED_SHELL('',(#1194));
#1350=CLOSED_SHELL('',(#1195));
#1351=CLOSED_SHELL('',(#1196));
#1352=CLOSED_SHELL('',(#1197));
#1353=CLOSED_SHELL('',(#1198));
#1354=CLOSED_SHELL('',(#1199));
#1355=CLOSED_SHELL('',(#1200));
#1356=CLOSED_SHELL('',(#1201));
#1357=CLOSED_SHELL('',(#1202));
#1358=CLOSED_SHELL('',(#1203));
#1359=CLOSED_SHELL('',(#1204));
#1360=CLOSED_SHELL('',(#1205));
#1361=CLOSED_SHELL('',(#1206));
#1362=CLOSED_SHELL('',(#1207));
#1363=CLOSED_SHELL('',(#1208));
#1364=CLOSED_SHELL('',(#1209));
#1365=CLOSED_SHELL('',(#1210));
#1366=CLOSED_SHELL('',(#1211));
#1367=CLOSED_SHELL('',(#1212));
#1368=CLOSED_SHELL('',(#1213));
#1369=CLOSED_SHELL('',(#1214));
#1370=CLOSED_SHELL('',(#1215));
#1371=CLOSED_SHELL('',(#1216));
#1372=CLOSED_SHELL('',(#1217));
#1373=CLOSED_SHELL('',(#1218));
#1374=CLOSED_SHELL('',(#1219));
#1375=CLOSED_SHELL('',(#1220));
#1376=CLOSED_SHELL('',(#1221));
#1377=CLOSED_SHELL('',(#1222));
#1378=STYLED_ITEM('',(#1533),#2466);
#1379=STYLED_ITEM('',(#1534),#2467);
#1380=STYLED_ITEM('',(#1535),#2468);
#1381=STYLED_ITEM('',(#1536),#2469);
#1382=STYLED_ITEM('',(#1537),#2470);
#1383=STYLED_ITEM('',(#1538),#2471);
#1384=STYLED_ITEM('',(#1539),#2472);
#1385=STYLED_ITEM('',(#1540),#2473);
#1386=STYLED_ITEM('',(#1541),#2474);
#1387=STYLED_ITEM('',(#1542),#2475);
#1388=STYLED_ITEM('',(#1543),#2476);
#1389=STYLED_ITEM('',(#1544),#2477);
#1390=STYLED_ITEM('',(#1545),#2478);
#1391=STYLED_ITEM('',(#1546),#2479);
#1392=STYLED_ITEM('',(#1547),#2480);
#1393=STYLED_ITEM('',(#1548),#2481);
#1394=STYLED_ITEM('',(#1549),#2482);
#1395=STYLED_ITEM('',(#1550),#2483);
#1396=STYLED_ITEM('',(#1551),#2484);
#1397=STYLED_ITEM('',(#1552),#2485);
#1398=STYLED_ITEM('',(#1553),#2486);
#1399=STYLED_ITEM('',(#1554),#2487);
#1400=STYLED_ITEM('',(#1555),#2488);
#1401=STYLED_ITEM('',(#1556),#2489);
#1402=STYLED_ITEM('',(#1557),#2490);
#1403=STYLED_ITEM('',(#1558),#2491);
#1404=STYLED_ITEM('',(#1559),#2492);
#1405=STYLED_ITEM('',(#1560),#2493);
#1406=STYLED_ITEM('',(#1561),#2494);
#1407=STYLED_ITEM('',(#1562),#2495);
#1408=STYLED_ITEM('',(#1563),#2496);
#1409=STYLED_ITEM('',(#1564),#2497);
#1410=STYLED_ITEM('',(#1565),#2498);
#1411=STYLED_ITEM('',(#1566),#2499);
#1412=STYLED_ITEM('',(#1567),#2500);
#1413=STYLED_ITEM('',(#1568),#2501);
#1414=STYLED_ITEM('',(#1569),#2502);
#1415=STYLED_ITEM('',(#1570),#2503);
#1416=STYLED_ITEM('',(#1571),#2504);
#1417=STYLED_ITEM('',(#1572),#2505);
#1418=STYLED_ITEM('',(#1573),#2506);
#1419=STYLED_ITEM('',(#1574),#2507);
#1420=STYLED_ITEM('',(#1575),#2508);
#1421=STYLED_ITEM('',(#1576),#2509);
#1422=STYLED_ITEM('',(#1577),#2510);
#1423=STYLED_ITEM('',(#1578),#2511);
#1424=STYLED_ITEM('',(#1579),#2512);
#1425=STYLED_ITEM('',(#1580),#2513);
#1426=STYLED_ITEM('',(#1581),#2514);
#1427=STYLED_ITEM('',(#1582),#2515);
#1428=STYLED_ITEM('',(#1583),#2516);
#1429=STYLED_ITEM('',(#1584),#2517);
#1430=STYLED_ITEM('',(#1585),#2518);
#1431=STYLED_ITEM('',(#1586),#2519);
#1432=STYLED_ITEM('',(#1587),#2520);
#1433=STYLED_ITEM('',(#1588),#2521);
#1434=STYLED_ITEM('',(#1589),#2522);
#1435=STYLED_ITEM('',(#1590),#2523);
#1436=STYLED_ITEM('',(#1591),#2524);
#1437=STYLED_ITEM('',(#1592),#2525);
#1438=STYLED_ITEM('',(#1593),#2526);
#1439=STYLED_ITEM('',(#1594),#2527);
#1440=STYLED_ITEM('',(#1595),#2528);
#1441=STYLED_ITEM('',(#1596),#2529);
#1442=STYLED_ITEM('',(#1597),#2530);
#1443=STYLED_ITEM('',(#1598),#2531);
#1444=STYLED_ITEM('',(#1599),#2532);
#1445=STYLED_ITEM('',(#1600),#2533);
#1446=STYLED_ITEM('',(#1601),#2534);
#1447=STYLED_ITEM('',(#1602),#2535);
#1448=STYLED_ITEM('',(#1603),#2536);
#1449=STYLED_ITEM('',(#1604),#2537);
#1450=STYLED_ITEM('',(#1605),#2538);
#1451=STYLED_ITEM('',(#1606),#2539);
#1452=STYLED_ITEM('',(#1607),#2540);
#1453=STYLED_ITEM('',(#1608),#2541);
#1454=STYLED_ITEM('',(#1609),#2542);
#1455=STYLED_ITEM('',(#1610),#2543);
#1456=STYLED_ITEM('',(#1611),#2544);
#1457=STYLED_ITEM('',(#1612),#2545);
#1458=STYLED_ITEM('',(#1613),#2546);
#1459=STYLED_ITEM('',(#1614),#2547);
#1460=STYLED_ITEM('',(#1615),#2548);
#1461=STYLED_ITEM('',(#1616),#2549);
#1462=STYLED_ITEM('',(#1617),#2550);
#1463=STYLED_ITEM('',(#1618),#2551);
#1464=STYLED_ITEM('',(#1619),#2552);
#1465=STYLED_ITEM('',(#1620),#2553);
#1466=STYLED_ITEM('',(#1621),#2554);
#1467=STYLED_ITEM('',(#1622),#2555);
#1468=STYLED_ITEM('',(#1623),#2556);
#1469=STYLED_ITEM('',(#1624),#2557);
#1470=STYLED_ITEM('',(#1625),#2558);
#1471=STYLED_ITEM('',(#1626),#2559);
#1472=STYLED_ITEM('',(#1627),#2560);
#1473=STYLED_ITEM('',(#1628),#2561);
#1474=STYLED_ITEM('',(#1629),#2562);
#1475=STYLED_ITEM('',(#1630),#2563);
#1476=STYLED_ITEM('',(#1631),#2564);
#1477=STYLED_ITEM('',(#1632),#2565);
#1478=STYLED_ITEM('',(#1633),#2566);
#1479=STYLED_ITEM('',(#1634),#2567);
#1480=STYLED_ITEM('',(#1635),#2568);
#1481=STYLED_ITEM('',(#1636),#2569);
#1482=STYLED_ITEM('',(#1637),#2570);
#1483=STYLED_ITEM('',(#1638),#2571);
#1484=STYLED_ITEM('',(#1639),#2572);
#1485=STYLED_ITEM('',(#1640),#2573);
#1486=STYLED_ITEM('',(#1641),#2574);
#1487=STYLED_ITEM('',(#1642),#2575);
#1488=STYLED_ITEM('',(#1643),#2576);
#1489=STYLED_ITEM('',(#1644),#2577);
#1490=STYLED_ITEM('',(#1645),#2578);
#1491=STYLED_ITEM('',(#1646),#2579);
#1492=STYLED_ITEM('',(#1647),#2580);
#1493=STYLED_ITEM('',(#1648),#2581);
#1494=STYLED_ITEM('',(#1649),#2582);
#1495=STYLED_ITEM('',(#1650),#2583);
#1496=STYLED_ITEM('',(#1651),#2584);
#1497=STYLED_ITEM('',(#1652),#2585);
#1498=STYLED_ITEM('',(#1653),#2586);
#1499=STYLED_ITEM('',(#1654),#2587);
#1500=STYLED_ITEM('',(#1655),#2588);
#1501=STYLED_ITEM('',(#1656),#2589);
#1502=STYLED_ITEM('',(#1657),#2590);
#1503=STYLED_ITEM('',(#1658),#2591);
#1504=STYLED_ITEM('',(#1659),#2592);
#1505=STYLED_ITEM('',(#1660),#2593);
#1506=STYLED_ITEM('',(#1661),#2594);
#1507=STYLED_ITEM('',(#1662),#2595);
#1508=STYLED_ITEM('',(#1663),#2596);
#1509=STYLED_ITEM('',(#1664),#2597);
#1510=STYLED_ITEM('',(#1665),#2598);
#1511=STYLED_ITEM('',(#1666),#2599);
#1512=STYLED_ITEM('',(#1667),#2600);
#1513=STYLED_ITEM('',(#1668),#2601);
#1514=STYLED_ITEM('',(#1669),#2602);
#1515=STYLED_ITEM('',(#1670),#2603);
#1516=STYLED_ITEM('',(#1671),#2604);
#1517=STYLED_ITEM('',(#1672),#2605);
#1518=STYLED_ITEM('',(#1673),#2606);
#1519=STYLED_ITEM('',(#1674),#2607);
#1520=STYLED_ITEM('',(#1675),#2608);
#1521=STYLED_ITEM('',(#1676),#2609);
#1522=STYLED_ITEM('',(#1677),#2610);
#1523=STYLED_ITEM('',(#1678),#2611);
#1524=STYLED_ITEM('',(#1679),#2612);
#1525=STYLED_ITEM('',(#1680),#2613);
#1526=STYLED_ITEM('',(#1681),#2614);
#1527=STYLED_ITEM('',(#1682),#2615);
#1528=STYLED_ITEM('',(#1683),#2616);
#1529=STYLED_ITEM('',(#1684),#2617);
#1530=STYLED_ITEM('',(#1685),#2618);
#1531=STYLED_ITEM('',(#1686),#2619);
#1532=STYLED_ITEM('',(#1687),#2620);
#1533=PRESENTATION_STYLE_ASSIGNMENT((#1688));
#1534=PRESENTATION_STYLE_ASSIGNMENT((#1689));
#1535=PRESENTATION_STYLE_ASSIGNMENT((#1690));
#1536=PRESENTATION_STYLE_ASSIGNMENT((#1691));
#1537=PRESENTATION_STYLE_ASSIGNMENT((#1692));
#1538=PRESENTATION_STYLE_ASSIGNMENT((#1693));
#1539=PRESENTATION_STYLE_ASSIGNMENT((#1694));
#1540=PRESENTATION_STYLE_ASSIGNMENT((#1695));
#1541=PRESENTATION_STYLE_ASSIGNMENT((#1696));
#1542=PRESENTATION_STYLE_ASSIGNMENT((#1697));
#1543=PRESENTATION_STYLE_ASSIGNMENT((#1698));
#1544=PRESENTATION_STYLE_ASSIGNMENT((#1699));
#1545=PRESENTATION_STYLE_ASSIGNMENT((#1700));
#1546=PRESENTATION_STYLE_ASSIGNMENT((#1701));
#1547=PRESENTATION_STYLE_ASSIGNMENT((#1702));
#1548=PRESENTATION_STYLE_ASSIGNMENT((#1703));
#1549=PRESENTATION_STYLE_ASSIGNMENT((#1704));
#1550=PRESENTATION_STYLE_ASSIGNMENT((#1705));
#1551=PRESENTATION_STYLE_ASSIGNMENT((#1706));
#1552=PRESENTATION_STYLE_ASSIGNMENT((#1707));
#1553=PRESENTATION_STYLE_ASSIGNMENT((#1708));
#1554=PRESENTATION_STYLE_ASSIGNMENT((#1709));
#1555=PRESENTATION_STYLE_ASSIGNMENT((#1710));
#1556=PRESENTATION_STYLE_ASSIGNMENT((#1711));
#1557=PRESENTATION_STYLE_ASSIGNMENT((#1712));
#1558=PRESENTATION_STYLE_ASSIGNMENT((#1713));
#1559=PRESENTATION_STYLE_ASSIGNMENT((#1714));
#1560=PRESENTATION_STYLE_ASSIGNMENT((#1715));
#1561=PRESENTATION_STYLE_ASSIGNMENT((#1716));
#1562=PRESENTATION_STYLE_ASSIGNMENT((#1717));
#1563=PRESENTATION_STYLE_ASSIGNMENT((#1718));
#1564=PRESENTATION_STYLE_ASSIGNMENT((#1719));
#1565=PRESENTATION_STYLE_ASSIGNMENT((#1720));
#1566=PRESENTATION_STYLE_ASSIGNMENT((#1721));
#1567=PRESENTATION_STYLE_ASSIGNMENT((#1722));
#1568=PRESENTATION_STYLE_ASSIGNMENT((#1723));
#1569=PRESENTATION_STYLE_ASSIGNMENT((#1724));
#1570=PRESENTATION_STYLE_ASSIGNMENT((#1725));
#1571=PRESENTATION_STYLE_ASSIGNMENT((#1726));
#1572=PRESENTATION_STYLE_ASSIGNMENT((#1727));
#1573=PRESENTATION_STYLE_ASSIGNMENT((#1728));
#1574=PRESENTATION_STYLE_ASSIGNMENT((#1729));
#1575=PRESENTATION_STYLE_ASSIGNMENT((#1730));
#1576=PRESENTATION_STYLE_ASSIGNMENT((#1731));
#1577=PRESENTATION_STYLE_ASSIGNMENT((#1732));
#1578=PRESENTATION_STYLE_ASSIGNMENT((#1733));
#1579=PRESENTATION_STYLE_ASSIGNMENT((#1734));
#1580=PRESENTATION_STYLE_ASSIGNMENT((#1735));
#1581=PRESENTATION_STYLE_ASSIGNMENT((#1736));
#1582=PRESENTATION_STYLE_ASSIGNMENT((#1737));
#1583=PRESENTATION_STYLE_ASSIGNMENT((#1738));
#1584=PRESENTATION_STYLE_ASSIGNMENT((#1739));
#1585=PRESENTATION_STYLE_ASSIGNMENT((#1740));
#1586=PRESENTATION_STYLE_ASSIGNMENT((#1741));
#1587=PRESENTATION_STYLE_ASSIGNMENT((#1742));
#1588=PRESENTATION_STYLE_ASSIGNMENT((#1743));
#1589=PRESENTATION_STYLE_ASSIGNMENT((#1744));
#1590=PRESENTATION_STYLE_ASSIGNMENT((#1745));
#1591=PRESENTATION_STYLE_ASSIGNMENT((#1746));
#1592=PRESENTATION_STYLE_ASSIGNMENT((#1747));
#1593=PRESENTATION_STYLE_ASSIGNMENT((#1748));
#1594=PRESENTATION_STYLE_ASSIGNMENT((#1749));
#1595=PRESENTATION_STYLE_ASSIGNMENT((#1750));
#1596=PRESENTATION_STYLE_ASSIGNMENT((#1751));
#1597=PRESENTATION_STYLE_ASSIGNMENT((#1752));
#1598=PRESENTATION_STYLE_ASSIGNMENT((#1753));
#1599=PRESENTATION_STYLE_ASSIGNMENT((#1754));
#1600=PRESENTATION_STYLE_ASSIGNMENT((#1755));
#1601=PRESENTATION_STYLE_ASSIGNMENT((#1756));
#1602=PRESENTATION_STYLE_ASSIGNMENT((#1757));
#1603=PRESENTATION_STYLE_ASSIGNMENT((#1758));
#1604=PRESENTATION_STYLE_ASSIGNMENT((#1759));
#1605=PRESENTATION_STYLE_ASSIGNMENT((#1760));
#1606=PRESENTATION_STYLE_ASSIGNMENT((#1761));
#1607=PRESENTATION_STYLE_ASSIGNMENT((#1762));
#1608=PRESENTATION_STYLE_ASSIGNMENT((#1763));
#1609=PRESENTATION_STYLE_ASSIGNMENT((#1764));
#1610=PRESENTATION_STYLE_ASSIGNMENT((#1765));
#1611=PRESENTATION_STYLE_ASSIGNMENT((#1766));
#1612=PRESENTATION_STYLE_ASSIGNMENT((#1767));
#1613=PRESENTATION_STYLE_ASSIGNMENT((#1768));
#1614=PRESENTATION_STYLE_ASSIGNMENT((#1769));
#1615=PRESENTATION_STYLE_ASSIGNMENT((#1770));
#1616=PRESENTATION_STYLE_ASSIGNMENT((#1771));
#1617=PRESENTATION_STYLE_ASSIGNMENT((#1772));
#1618=PRESENTATION_STYLE_ASSIGNMENT((#1773));
#1619=PRESENTATION_STYLE_ASSIGNMENT((#1774));
#1620=PRESENTATION_STYLE_ASSIGNMENT((#1775));
#1621=PRESENTATION_STYLE_ASSIGNMENT((#1776));
#1622=PRESENTATION_STYLE_ASSIGNMENT((#1777));
#1623=PRESENTATION_STYLE_ASSIGNMENT((#1778));
#1624=PRESENTATION_STYLE_ASSIGNMENT((#1779));
#1625=PRESENTATION_STYLE_ASSIGNMENT((#1780));
#1626=PRESENTATION_STYLE_ASSIGNMENT((#1781));
#1627=PRESENTATION_STYLE_ASSIGNMENT((#1782));
#1628=PRESENTATION_STYLE_ASSIGNMENT((#1783));
#1629=PRESENTATION_STYLE_ASSIGNMENT((#1784));
#1630=PRESENTATION_STYLE_ASSIGNMENT((#1785));
#1631=PRESENTATION_STYLE_ASSIGNMENT((#1786));
#1632=PRESENTATION_STYLE_ASSIGNMENT((#1787));
#1633=PRESENTATION_STYLE_ASSIGNMENT((#1788));
#1634=PRESENTATION_STYLE_ASSIGNMENT((#1789));
#1635=PRESENTATION_STYLE_ASSIGNMENT((#1790));
#1636=PRESENTATION_STYLE_ASSIGNMENT((#1791));
#1637=PRESENTATION_STYLE_ASSIGNMENT((#1792));
#1638=PRESENTATION_STYLE_ASSIGNMENT((#1793));
#1639=PRESENTATION_STYLE_ASSIGNMENT((#1794));
#1640=PRESENTATION_STYLE_ASSIGNMENT((#1795));
#1641=PRESENTATION_STYLE_ASSIGNMENT((#1796));
#1642=PRESENTATION_STYLE_ASSIGNMENT((#1797));
#1643=PRESENTATION_STYLE_ASSIGNMENT((#1798));
#1644=PRESENTATION_STYLE_ASSIGNMENT((#1799));
#1645=PRESENTATION_STYLE_ASSIGNMENT((#1800));
#1646=PRESENTATION_STYLE_ASSIGNMENT((#1801));
#1647=PRESENTATION_STYLE_ASSIGNMENT((#1802));
#1648=PRESENTATION_STYLE_ASSIGNMENT((#1803));
#1649=PRESENTATION_STYLE_ASSIGNMENT((#1804));
#1650=PRESENTATION_STYLE_ASSIGNMENT((#1805));
#1651=PRESENTATION_STYLE_ASSIGNMENT((#1806));
#1652=PRESENTATION_STYLE_ASSIGNMENT((#1807));
#1653=PRESENTATION_STYLE_ASSIGNMENT((#1808));
#1654=PRESENTATION_STYLE_ASSIGNMENT((#1809));
#1655=PRESENTATION_STYLE_ASSIGNMENT((#1810));
#1656=PRESENTATION_STYLE_ASSIGNMENT((#1811));
#1657=PRESENTATION_STYLE_ASSIGNMENT((#1812));
#1658=PRESENTATION_STYLE_ASSIGNMENT((#1813));
#1659=PRESENTATION_STYLE_ASSIGNMENT((#1814));
#1660=PRESENTATION_STYLE_ASSIGNMENT((#1815));
#1661=PRESENTATION_STYLE_ASSIGNMENT((#1816));
#1662=PRESENTATION_STYLE_ASSIGNMENT((#1817));
#1663=PRESENTATION_STYLE_ASSIGNMENT((#1818));
#1664=PRESENTATION_STYLE_ASSIGNMENT((#1819));
#1665=PRESENTATION_STYLE_ASSIGNMENT((#1820));
#1666=PRESENTATION_STYLE_ASSIGNMENT((#1821));
#1667=PRESENTATION_STYLE_ASSIGNMENT((#1822));
#1668=PRESENTATION_STYLE_ASSIGNMENT((#1823));
#1669=PRESENTATION_STYLE_ASSIGNMENT((#1824));
#1670=PRESENTATION_STYLE_ASSIGNMENT((#1825));
#1671=PRESENTATION_STYLE_ASSIGNMENT((#1826));
#1672=PRESENTATION_STYLE_ASSIGNMENT((#1827));
#1673=PRESENTATION_STYLE_ASSIGNMENT((#1828));
#1674=PRESENTATION_STYLE_ASSIGNMENT((#1829));
#1675=PRESENTATION_STYLE_ASSIGNMENT((#1830));
#1676=PRESENTATION_STYLE_ASSIGNMENT((#1831));
#1677=PRESENTATION_STYLE_ASSIGNMENT((#1832));
#1678=PRESENTATION_STYLE_ASSIGNMENT((#1833));
#1679=PRESENTATION_STYLE_ASSIGNMENT((#1834));
#1680=PRESENTATION_STYLE_ASSIGNMENT((#1835));
#1681=PRESENTATION_STYLE_ASSIGNMENT((#1836));
#1682=PRESENTATION_STYLE_ASSIGNMENT((#1837));
#1683=PRESENTATION_STYLE_ASSIGNMENT((#1838));
#1684=PRESENTATION_STYLE_ASSIGNMENT((#1839));
#1685=PRESENTATION_STYLE_ASSIGNMENT((#1840));
#1686=PRESENTATION_STYLE_ASSIGNMENT((#1841));
#1687=PRESENTATION_STYLE_ASSIGNMENT((#1842));
#1688=SURFACE_STYLE_USAGE(.BOTH.,#1843);
#1689=SURFACE_STYLE_USAGE(.BOTH.,#1844);
#1690=SURFACE_STYLE_USAGE(.BOTH.,#1845);
#1691=SURFACE_STYLE_USAGE(.BOTH.,#1846);
#1692=SURFACE_STYLE_USAGE(.BOTH.,#1847);
#1693=SURFACE_STYLE_USAGE(.BOTH.,#1848);
#1694=SURFACE_STYLE_USAGE(.BOTH.,#1849);
#1695=SURFACE_STYLE_USAGE(.BOTH.,#1850);
#1696=SURFACE_STYLE_USAGE(.BOTH.,#1851);
#1697=SURFACE_STYLE_USAGE(.BOTH.,#1852);
#1698=SURFACE_STYLE_USAGE(.BOTH.,#1853);
#1699=SURFACE_STYLE_USAGE(.BOTH.,#1854);
#1700=SURFACE_STYLE_USAGE(.BOTH.,#1855);
#1701=SURFACE_STYLE_USAGE(.BOTH.,#1856);
#1702=SURFACE_STYLE_USAGE(.BOTH.,#1857);
#1703=SURFACE_STYLE_USAGE(.BOTH.,#1858);
#1704=SURFACE_STYLE_USAGE(.BOTH.,#1859);
#1705=SURFACE_STYLE_USAGE(.BOTH.,#1860);
#1706=SURFACE_STYLE_USAGE(.BOTH.,#1861);
#1707=SURFACE_STYLE_USAGE(.BOTH.,#1862);
#1708=SURFACE_STYLE_USAGE(.BOTH.,#1863);
#1709=SURFACE_STYLE_USAGE(.BOTH.,#1864);
#1710=SURFACE_STYLE_USAGE(.BOTH.,#1865);
#1711=SURFACE_STYLE_USAGE(.BOTH.,#1866);
#1712=SURFACE_STYLE_USAGE(.BOTH.,#1867);
#1713=SURFACE_STYLE_USAGE(.BOTH.,#1868);
#1714=SURFACE_STYLE_USAGE(.BOTH.,#1869);
#1715=SURFACE_STYLE_USAGE(.BOTH.,#1870);
#1716=SURFACE_STYLE_USAGE(.BOTH.,#1871);
#1717=SURFACE_STYLE_USAGE(.BOTH.,#1872);
#1718=SURFACE_STYLE_USAGE(.BOTH.,#1873);
#1719=SURFACE_STYLE_USAGE(.BOTH.,#1874);
#1720=SURFACE_STYLE_USAGE(.BOTH.,#1875);
#1721=SURFACE_STYLE_USAGE(.BOTH.,#1876);
#1722=SURFACE_STYLE_USAGE(.BOTH.,#1877);
#1723=SURFACE_STYLE_USAGE(.BOTH.,#1878);
#1724=SURFACE_STYLE_USAGE(.BOTH.,#1879);
#1725=SURFACE_STYLE_USAGE(.BOTH.,#1880);
#1726=SURFACE_STYLE_USAGE(.BOTH.,#1881);
#1727=SURFACE_STYLE_USAGE(.BOTH.,#1882);
#1728=SURFACE_STYLE_USAGE(.BOTH.,#1883);
#1729=SURFACE_STYLE_USAGE(.BOTH.,#1884);
#1730=SURFACE_STYLE_USAGE(.BOTH.,#1885);
#1731=SURFACE_STYLE_USAGE(.BOTH.,#1886);
#1732=SURFACE_STYLE_USAGE(.BOTH.,#1887);
#1733=SURFACE_STYLE_USAGE(.BOTH.,#1888);
#1734=SURFACE_STYLE_USAGE(.BOTH.,#1889);
#1735=SURFACE_STYLE_USAGE(.BOTH.,#1890);
#1736=SURFACE_STYLE_USAGE(.BOTH.,#1891);
#1737=SURFACE_STYLE_USAGE(.BOTH.,#1892);
#1738=SURFACE_STYLE_USAGE(.BOTH.,#1893);
#1739=SURFACE_STYLE_USAGE(.BOTH.,#1894);
#1740=SURFACE_STYLE_USAGE(.BOTH.,#1895);
#1741=SURFACE_STYLE_USAGE(.BOTH.,#1896);
#1742=SURFACE_STYLE_USAGE(.BOTH.,#1897);
#1743=SURFACE_STYLE_USAGE(.BOTH.,#1898);
#1744=SURFACE_STYLE_USAGE(.BOTH.,#1899);
#1745=SURFACE_STYLE_USAGE(.BOTH.,#1900);
#1746=SURFACE_STYLE_USAGE(.BOTH.,#1901);
#1747=SURFACE_STYLE_USAGE(.BOTH.,#1902);
#1748=SURFACE_STYLE_USAGE(.BOTH.,#1903);
#1749=SURFACE_STYLE_USAGE(.BOTH.,#1904);
#1750=SURFACE_STYLE_USAGE(.BOTH.,#1905);
#1751=SURFACE_STYLE_USAGE(.BOTH.,#1906);
#1752=SURFACE_STYLE_USAGE(.BOTH.,#1907);
#1753=SURFACE_STYLE_USAGE(.BOTH.,#1908);
#1754=SURFACE_STYLE_USAGE(.BOTH.,#1909);
#1755=SURFACE_STYLE_USAGE(.BOTH.,#1910);
#1756=SURFACE_STYLE_USAGE(.BOTH.,#1911);
#1757=SURFACE_STYLE_USAGE(.BOTH.,#1912);
#1758=SURFACE_STYLE_USAGE(.BOTH.,#1913);
#1759=SURFACE_STYLE_USAGE(.BOTH.,#1914);
#1760=SURFACE_STYLE_USAGE(.BOTH.,#1915);
#1761=SURFACE_STYLE_USAGE(.BOTH.,#1916);
#1762=SURFACE_STYLE_USAGE(.BOTH.,#1917);
#1763=SURFACE_STYLE_USAGE(.BOTH.,#1918);
#1764=SURFACE_STYLE_USAGE(.BOTH.,#1919);
#1765=SURFACE_STYLE_USAGE(.BOTH.,#1920);
#1766=SURFACE_STYLE_USAGE(.BOTH.,#1921);
#1767=SURFACE_STYLE_USAGE(.BOTH.,#1922);
#1768=SURFACE_STYLE_USAGE(.BOTH.,#1923);
#1769=SURFACE_STYLE_USAGE(.BOTH.,#1924);
#1770=SURFACE_STYLE_USAGE(.BOTH.,#1925);
#1771=SURFACE_STYLE_USAGE(.BOTH.,#1926);
#1772=SURFACE_STYLE_USAGE(.BOTH.,#1927);
#1773=SURFACE_STYLE_USAGE(.BOTH.,#1928);
#1774=SURFACE_STYLE_USAGE(.BOTH.,#1929);
#1775=SURFACE_STYLE_USAGE(.BOTH.,#1930);
#1776=SURFACE_STYLE_USAGE(.BOTH.,#1931);
#1777=SURFACE_STYLE_USAGE(.BOTH.,#1932);
#1778=SURFACE_STYLE_USAGE(.BOTH.,#1933);
#1779=SURFACE_STYLE_USAGE(.BOTH.,#1934);
#1780=SURFACE_STYLE_USAGE(.BOTH.,#1935);
#1781=SURFACE_STYLE_USAGE(.BOTH.,#1936);
#1782=SURFACE_STYLE_USAGE(.BOTH.,#1937);
#1783=SURFACE_STYLE_USAGE(.BOTH.,#1938);
#1784=SURFACE_STYLE_USAGE(.BOTH.,#1939);
#1785=SURFACE_STYLE_USAGE(.BOTH.,#1940);
#1786=SURFACE_STYLE_USAGE(.BOTH.,#1941);
#1787=SURFACE_STYLE_USAGE(.BOTH.,#1942);
#1788=SURFACE_STYLE_USAGE(.BOTH.,#1943);
#1789=SURFACE_STYLE_USAGE(.BOTH.,#1944);
#1790=SURFACE_STYLE_USAGE(.BOTH.,#1945);
#1791=SURFACE_STYLE_USAGE(.BOTH.,#1946);
#1792=SURFACE_STYLE_USAGE(.BOTH.,#1947);
#1793=SURFACE_STYLE_USAGE(.BOTH.,#1948);
#1794=SURFACE_STYLE_USAGE(.BOTH.,#1949);
#1795=SURFACE_STYLE_USAGE(.BOTH.,#1950);
#1796=SURFACE_STYLE_USAGE(.BOTH.,#1951);
#1797=SURFACE_STYLE_USAGE(.BOTH.,#1952);
#1798=SURFACE_STYLE_USAGE(.BOTH.,#1953);
#1799=SURFACE_STYLE_USAGE(.BOTH.,#1954);
#1800=SURFACE_STYLE_USAGE(.BOTH.,#1955);
#1801=SURFACE_STYLE_USAGE(.BOTH.,#1956);
#1802=SURFACE_STYLE_USAGE(.BOTH.,#1957);
#1803=SURFACE_STYLE_USAGE(.BOTH.,#1958);
#1804=SURFACE_STYLE_USAGE(.BOTH.,#1959);
#1805=SURFACE_STYLE_USAGE(.BOTH.,#1960);
#1806=SURFACE_STYLE_USAGE(.BOTH.,#1961);
#1807=SURFACE_STYLE_USAGE(.BOTH.,#1962);
#1808=SURFACE_STYLE_USAGE(.BOTH.,#1963);
#1809=SURFACE_STYLE_USAGE(.BOTH.,#1964);
#1810=SURFACE_STYLE_USAGE(.BOTH.,#1965);
#1811=SURFACE_STYLE_USAGE(.BOTH.,#1966);
#1812=SURFACE_STYLE_USAGE(.BOTH.,#1967);
#1813=SURFACE_STYLE_USAGE(.BOTH.,#1968);
#1814=SURFACE_STYLE_USAGE(.BOTH.,#1969);
#1815=SURFACE_STYLE_USAGE(.BOTH.,#1970);
#1816=SURFACE_STYLE_USAGE(.BOTH.,#1971);
#1817=SURFACE_STYLE_USAGE(.BOTH.,#1972);
#1818=SURFACE_STYLE_USAGE(.BOTH.,#1973);
#1819=SURFACE_STYLE_USAGE(.BOTH.,#1974);
#1820=SURFACE_STYLE_USAGE(.BOTH.,#1975);
#1821=SURFACE_STYLE_USAGE(.BOTH.,#1976);
#1822=SURFACE_STYLE_USAGE(.BOTH.,#1977);
#1823=SURFACE_STYLE_USAGE(.BOTH.,#1978);
#1824=SURFACE_STYLE_USAGE(.BOTH.,#1979);
#1825=SURFACE_STYLE_USAGE(.BOTH.,#1980);
#1826=SURFACE_STYLE_USAGE(.BOTH.,#1981);
#1827=SURFACE_STYLE_USAGE(.BOTH.,#1982);
#1828=SURFACE_STYLE_USAGE(.BOTH.,#1983);
#1829=SURFACE_STYLE_USAGE(.BOTH.,#1984);
#1830=SURFACE_STYLE_USAGE(.BOTH.,#1985);
#1831=SURFACE_STYLE_USAGE(.BOTH.,#1986);
#1832=SURFACE_STYLE_USAGE(.BOTH.,#1987);
#1833=SURFACE_STYLE_USAGE(.BOTH.,#1988);
#1834=SURFACE_STYLE_USAGE(.BOTH.,#1989);
#1835=SURFACE_STYLE_USAGE(.BOTH.,#1990);
#1836=SURFACE_STYLE_USAGE(.BOTH.,#1991);
#1837=SURFACE_STYLE_USAGE(.BOTH.,#1992);
#1838=SURFACE_STYLE_USAGE(.BOTH.,#1993);
#1839=SURFACE_STYLE_USAGE(.BOTH.,#1994);
#1840=SURFACE_STYLE_USAGE(.BOTH.,#1995);
#1841=SURFACE_STYLE_USAGE(.BOTH.,#1996);
#1842=SURFACE_STYLE_USAGE(.BOTH.,#1997);
#1843=SURFACE_SIDE_STYLE('',(#1998));
#1844=SURFACE_SIDE_STYLE('',(#1999));
#1845=SURFACE_SIDE_STYLE('',(#2000));
#1846=SURFACE_SIDE_STYLE('',(#2001));
#1847=SURFACE_SIDE_STYLE('',(#2002));
#1848=SURFACE_SIDE_STYLE('',(#2003));
#1849=SURFACE_SIDE_STYLE('',(#2004));
#1850=SURFACE_SIDE_STYLE('',(#2005));
#1851=SURFACE_SIDE_STYLE('',(#2006));
#1852=SURFACE_SIDE_STYLE('',(#2007));
#1853=SURFACE_SIDE_STYLE('',(#2008));
#1854=SURFACE_SIDE_STYLE('',(#2009));
#1855=SURFACE_SIDE_STYLE('',(#2010));
#1856=SURFACE_SIDE_STYLE('',(#2011));
#1857=SURFACE_SIDE_STYLE('',(#2012));
#1858=SURFACE_SIDE_STYLE('',(#2013));
#1859=SURFACE_SIDE_STYLE('',(#2014));
#1860=SURFACE_SIDE_STYLE('',(#2015));
#1861=SURFACE_SIDE_STYLE('',(#2016));
#1862=SURFACE_SIDE_STYLE('',(#2017));
#1863=SURFACE_SIDE_STYLE('',(#2018));
#1864=SURFACE_SIDE_STYLE('',(#2019));
#1865=SURFACE_SIDE_STYLE('',(#2020));
#1866=SURFACE_SIDE_STYLE('',(#2021));
#1867=SURFACE_SIDE_STYLE('',(#2022));
#1868=SURFACE_SIDE_STYLE('',(#2023));
#1869=SURFACE_SIDE_STYLE('',(#2024));
#1870=SURFACE_SIDE_STYLE('',(#2025));
#1871=SURFACE_SIDE_STYLE('',(#2026));
#1872=SURFACE_SIDE_STYLE('',(#2027));
#1873=SURFACE_SIDE_STYLE('',(#2028));
#1874=SURFACE_SIDE_STYLE('',(#2029));
#1875=SURFACE_SIDE_STYLE('',(#2030));
#1876=SURFACE_SIDE_STYLE('',(#2031));
#1877=SURFACE_SIDE_STYLE('',(#2032));
#1878=SURFACE_SIDE_STYLE('',(#2033));
#1879=SURFACE_SIDE_STYLE('',(#2034));
#1880=SURFACE_SIDE_STYLE('',(#2035));
#1881=SURFACE_SIDE_STYLE('',(#2036));
#1882=SURFACE_SIDE_STYLE('',(#2037));
#1883=SURFACE_SIDE_STYLE('',(#2038));
#1884=SURFACE_SIDE_STYLE('',(#2039));
#1885=SURFACE_SIDE_STYLE('',(#2040));
#1886=SURFACE_SIDE_STYLE('',(#2041));
#1887=SURFACE_SIDE_STYLE('',(#2042));
#1888=SURFACE_SIDE_STYLE('',(#2043));
#1889=SURFACE_SIDE_STYLE('',(#2044));
#1890=SURFACE_SIDE_STYLE('',(#2045));
#1891=SURFACE_SIDE_STYLE('',(#2046));
#1892=SURFACE_SIDE_STYLE('',(#2047));
#1893=SURFACE_SIDE_STYLE('',(#2048));
#1894=SURFACE_SIDE_STYLE('',(#2049));
#1895=SURFACE_SIDE_STYLE('',(#2050));
#1896=SURFACE_SIDE_STYLE('',(#2051));
#1897=SURFACE_SIDE_STYLE('',(#2052));
#1898=SURFACE_SIDE_STYLE('',(#2053));
#1899=SURFACE_SIDE_STYLE('',(#2054));
#1900=SURFACE_SIDE_STYLE('',(#2055));
#1901=SURFACE_SIDE_STYLE('',(#2056));
#1902=SURFACE_SIDE_STYLE('',(#2057));
#1903=SURFACE_SIDE_STYLE('',(#2058));
#1904=SURFACE_SIDE_STYLE('',(#2059));
#1905=SURFACE_SIDE_STYLE('',(#2060));
#1906=SURFACE_SIDE_STYLE('',(#2061));
#1907=SURFACE_SIDE_STYLE('',(#2062));
#1908=SURFACE_SIDE_STYLE('',(#2063));
#1909=SURFACE_SIDE_STYLE('',(#2064));
#1910=SURFACE_SIDE_STYLE('',(#2065));
#1911=SURFACE_SIDE_STYLE('',(#2066));
#1912=SURFACE_SIDE_STYLE('',(#2067));
#1913=SURFACE_SIDE_STYLE('',(#2068));
#1914=SURFACE_SIDE_STYLE('',(#2069));
#1915=SURFACE_SIDE_STYLE('',(#2070));
#1916=SURFACE_SIDE_STYLE('',(#2071));
#1917=SURFACE_SIDE_STYLE('',(#2072));
#1918=SURFACE_SIDE_STYLE('',(#2073));
#1919=SURFACE_SIDE_STYLE('',(#2074));
#1920=SURFACE_SIDE_STYLE('',(#2075));
#1921=SURFACE_SIDE_STYLE('',(#2076));
#1922=SURFACE_SIDE_STYLE('',(#2077));
#1923=SURFACE_SIDE_STYLE('',(#2078));
#1924=SURFACE_SIDE_STYLE('',(#2079));
#1925=SURFACE_SIDE_STYLE('',(#2080));
#1926=SURFACE_SIDE_STYLE('',(#2081));
#1927=SURFACE_SIDE_STYLE('',(#2082));
#1928=SURFACE_SIDE_STYLE('',(#2083));
#1929=SURFACE_SIDE_STYLE('',(#2084));
#1930=SURFACE_SIDE_STYLE('',(#2085));
#1931=SURFACE_SIDE_STYLE('',(#2086));
#1932=SURFACE_SIDE_STYLE('',(#2087));
#1933=SURFACE_SIDE_STYLE('',(#2088));
#1934=SURFACE_SIDE_STYLE('',(#2089));
#1935=SURFACE_SIDE_STYLE('',(#2090));
#1936=SURFACE_SIDE_STYLE('',(#2091));
#1937=SURFACE_SIDE_STYLE('',(#2092));
#1938=SURFACE_SIDE_STYLE('',(#2093));
#1939=SURFACE_SIDE_STYLE('',(#2094));
#1940=SURFACE_SIDE_STYLE('',(#2095));
#1941=SURFACE_SIDE_STYLE('',(#2096));
#1942=SURFACE_SIDE_STYLE('',(#2097));
#1943=SURFACE_SIDE_STYLE('',(#2098));
#1944=SURFACE_SIDE_STYLE('',(#2099));
#1945=SURFACE_SIDE_STYLE('',(#2100));
#1946=SURFACE_SIDE_STYLE('',(#2101));
#1947=SURFACE_SIDE_STYLE('',(#2102));
#1948=SURFACE_SIDE_STYLE('',(#2103));
#1949=SURFACE_SIDE_STYLE('',(#2104));
#1950=SURFACE_SIDE_STYLE('',(#2105));
#1951=SURFACE_SIDE_STYLE('',(#2106));
#1952=SURFACE_SIDE_STYLE('',(#2107));
#1953=SURFACE_SIDE_STYLE('',(#2108));
#1954=SURFACE_SIDE_STYLE('',(#2109));
#1955=SURFACE_SIDE_STYLE('',(#2110));
#1956=SURFACE_SIDE_STYLE('',(#2111));
#1957=SURFACE_SIDE_STYLE('',(#2112));
#1958=SURFACE_SIDE_STYLE('',(#2113));
#1959=SURFACE_SIDE_STYLE('',(#2114));
#1960=SURFACE_SIDE_STYLE('',(#2115));
#1961=SURFACE_SIDE_STYLE('',(#2116));
#1962=SURFACE_SIDE_STYLE('',(#2117));
#1963=SURFACE_SIDE_STYLE('',(#2118));
#1964=SURFACE_SIDE_STYLE('',(#2119));
#1965=SURFACE_SIDE_STYLE('',(#2120));
#1966=SURFACE_SIDE_STYLE('',(#2121));
#1967=SURFACE_SIDE_STYLE('',(#2122));
#1968=SURFACE_SIDE_STYLE('',(#2123));
#1969=SURFACE_SIDE_STYLE('',(#2124));
#1970=SURFACE_SIDE_STYLE('',(#2125));
#1971=SURFACE_SIDE_STYLE('',(#2126));
#1972=SURFACE_SIDE_STYLE('',(#2127));
#1973=SURFACE_SIDE_STYLE('',(#2128));
#1974=SURFACE_SIDE_STYLE('',(#2129));
#1975=SURFACE_SIDE_STYLE('',(#2130));
#1976=SURFACE_SIDE_STYLE('',(#2131));
#1977=SURFACE_SIDE_STYLE('',(#2132));
#1978=SURFACE_SIDE_STYLE('',(#2133));
#1979=SURFACE_SIDE_STYLE('',(#2134));
#1980=SURFACE_SIDE_STYLE('',(#2135));
#1981=SURFACE_SIDE_STYLE('',(#2136));
#1982=SURFACE_SIDE_STYLE('',(#2137));
#1983=SURFACE_SIDE_STYLE('',(#2138));
#1984=SURFACE_SIDE_STYLE('',(#2139));
#1985=SURFACE_SIDE_STYLE('',(#2140));
#1986=SURFACE_SIDE_STYLE('',(#2141));
#1987=SURFACE_SIDE_STYLE('',(#2142));
#1988=SURFACE_SIDE_STYLE('',(#2143));
#1989=SURFACE_SIDE_STYLE('',(#2144));
#1990=SURFACE_SIDE_STYLE('',(#2145));
#1991=SURFACE_SIDE_STYLE('',(#2146));
#1992=SURFACE_SIDE_STYLE('',(#2147));
#1993=SURFACE_SIDE_STYLE('',(#2148));
#1994=SURFACE_SIDE_STYLE('',(#2149));
#1995=SURFACE_SIDE_STYLE('',(#2150));
#1996=SURFACE_SIDE_STYLE('',(#2151));
#1997=SURFACE_SIDE_STYLE('',(#2152));
#1998=SURFACE_STYLE_FILL_AREA(#2153);
#1999=SURFACE_STYLE_FILL_AREA(#2154);
#2000=SURFACE_STYLE_FILL_AREA(#2155);
#2001=SURFACE_STYLE_FILL_AREA(#2156);
#2002=SURFACE_STYLE_FILL_AREA(#2157);
#2003=SURFACE_STYLE_FILL_AREA(#2158);
#2004=SURFACE_STYLE_FILL_AREA(#2159);
#2005=SURFACE_STYLE_FILL_AREA(#2160);
#2006=SURFACE_STYLE_FILL_AREA(#2161);
#2007=SURFACE_STYLE_FILL_AREA(#2162);
#2008=SURFACE_STYLE_FILL_AREA(#2163);
#2009=SURFACE_STYLE_FILL_AREA(#2164);
#2010=SURFACE_STYLE_FILL_AREA(#2165);
#2011=SURFACE_STYLE_FILL_AREA(#2166);
#2012=SURFACE_STYLE_FILL_AREA(#2167);
#2013=SURFACE_STYLE_FILL_AREA(#2168);
#2014=SURFACE_STYLE_FILL_AREA(#2169);
#2015=SURFACE_STYLE_FILL_AREA(#2170);
#2016=SURFACE_STYLE_FILL_AREA(#2171);
#2017=SURFACE_STYLE_FILL_AREA(#2172);
#2018=SURFACE_STYLE_FILL_AREA(#2173);
#2019=SURFACE_STYLE_FILL_AREA(#2174);
#2020=SURFACE_STYLE_FILL_AREA(#2175);
#2021=SURFACE_STYLE_FILL_AREA(#2176);
#2022=SURFACE_STYLE_FILL_AREA(#2177);
#2023=SURFACE_STYLE_FILL_AREA(#2178);
#2024=SURFACE_STYLE_FILL_AREA(#2179);
#2025=SURFACE_STYLE_FILL_AREA(#2180);
#2026=SURFACE_STYLE_FILL_AREA(#2181);
#2027=SURFACE_STYLE_FILL_AREA(#2182);
#2028=SURFACE_STYLE_FILL_AREA(#2183);
#2029=SURFACE_STYLE_FILL_AREA(#2184);
#2030=SURFACE_STYLE_FILL_AREA(#2185);
#2031=SURFACE_STYLE_FILL_AREA(#2186);
#2032=SURFACE_STYLE_FILL_AREA(#2187);
#2033=SURFACE_STYLE_FILL_AREA(#2188);
#2034=SURFACE_STYLE_FILL_AREA(#2189);
#2035=SURFACE_STYLE_FILL_AREA(#2190);
#2036=SURFACE_STYLE_FILL_AREA(#2191);
#2037=SURFACE_STYLE_FILL_AREA(#2192);
#2038=SURFACE_STYLE_FILL_AREA(#2193);
#2039=SURFACE_STYLE_FILL_AREA(#2194);
#2040=SURFACE_STYLE_FILL_AREA(#2195);
#2041=SURFACE_STYLE_FILL_AREA(#2196);
#2042=SURFACE_STYLE_FILL_AREA(#2197);
#2043=SURFACE_STYLE_FILL_AREA(#2198);
#2044=SURFACE_STYLE_FILL_AREA(#2199);
#2045=SURFACE_STYLE_FILL_AREA(#2200);
#2046=SURFACE_STYLE_FILL_AREA(#2201);
#2047=SURFACE_STYLE_FILL_AREA(#2202);
#2048=SURFACE_STYLE_FILL_AREA(#2203);
#2049=SURFACE_STYLE_FILL_AREA(#2204);
#2050=SURFACE_STYLE_FILL_AREA(#2205);
#2051=SURFACE_STYLE_FILL_AREA(#2206);
#2052=SURFACE_STYLE_FILL_AREA(#2207);
#2053=SURFACE_STYLE_FILL_AREA(#2208);
#2054=SURFACE_STYLE_FILL_AREA(#2209);
#2055=SURFACE_STYLE_FILL_AREA(#2210);
#2056=SURFACE_STYLE_FILL_AREA(#2211);
#2057=SURFACE_STYLE_FILL_AREA(#2212);
#2058=SURFACE_STYLE_FILL_AREA(#2213);
#2059=SURFACE_STYLE_FILL_AREA(#2214);
#2060=SURFACE_STYLE_FILL_AREA(#2215);
#2061=SURFACE_STYLE_FILL_AREA(#2216);
#2062=SURFACE_STYLE_FILL_AREA(#2217);
#2063=SURFACE_STYLE_FILL_AREA(#2218);
#2064=SURFACE_STYLE_FILL_AREA(#2219);
#2065=SURFACE_STYLE_FILL_AREA(#2220);
#2066=SURFACE_STYLE_FILL_AREA(#2221);
#2067=SURFACE_STYLE_FILL_AREA(#2222);
#2068=SURFACE_STYLE_FILL_AREA(#2223);
#2069=SURFACE_STYLE_FILL_AREA(#2224);
#2070=SURFACE_STYLE_FILL_AREA(#2225);
#2071=SURFACE_STYLE_FILL_AREA(#2226);
#2072=SURFACE_STYLE_FILL_AREA(#2227);
#2073=SURFACE_STYLE_FILL_AREA(#2228);
#2074=SURFACE_STYLE_FILL_AREA(#2229);
#2075=SURFACE_STYLE_FILL_AREA(#2230);
#2076=SURFACE_STYLE_FILL_AREA(#2231);
#2077=SURFACE_STYLE_FILL_AREA(#2232);
#2078=SURFACE_STYLE_FILL_AREA(#2233);
#2079=SURFACE_STYLE_FILL_AREA(#2234);
#2080=SURFACE_STYLE_FILL_AREA(#2235);
#2081=SURFACE_STYLE_FILL_AREA(#2236);
#2082=SURFACE_STYLE_FILL_AREA(#2237);
#2083=SURFACE_STYLE_FILL_AREA(#2238);
#2084=SURFACE_STYLE_FILL_AREA(#2239);
#2085=SURFACE_STYLE_FILL_AREA(#2240);
#2086=SURFACE_STYLE_FILL_AREA(#2241);
#2087=SURFACE_STYLE_FILL_AREA(#2242);
#2088=SURFACE_STYLE_FILL_AREA(#2243);
#2089=SURFACE_STYLE_FILL_AREA(#2244);
#2090=SURFACE_STYLE_FILL_AREA(#2245);
#2091=SURFACE_STYLE_FILL_AREA(#2246);
#2092=SURFACE_STYLE_FILL_AREA(#2247);
#2093=SURFACE_STYLE_FILL_AREA(#2248);
#2094=SURFACE_STYLE_FILL_AREA(#2249);
#2095=SURFACE_STYLE_FILL_AREA(#2250);
#2096=SURFACE_STYLE_FILL_AREA(#2251);
#2097=SURFACE_STYLE_FILL_AREA(#2252);
#2098=SURFACE_STYLE_FILL_AREA(#2253);
#2099=SURFACE_STYLE_FILL_AREA(#2254);
#2100=SURFACE_STYLE_FILL_AREA(#2255);
#2101=SURFACE_STYLE_FILL_AREA(#2256);
#2102=SURFACE_STYLE_FILL_AREA(#2257);
#2103=SURFACE_STYLE_FILL_AREA(#2258);
#2104=SURFACE_STYLE_FILL_AREA(#2259);
#2105=SURFACE_STYLE_FILL_AREA(#2260);
#2106=SURFACE_STYLE_FILL_AREA(#2261);
#2107=SURFACE_STYLE_FILL_AREA(#2262);
#2108=SURFACE_STYLE_FILL_AREA(#2263);
#2109=SURFACE_STYLE_FILL_AREA(#2264);
#2110=SURFACE_STYLE_FILL_AREA(#2265);
#2111=SURFACE_STYLE_FILL_AREA(#2266);
#2112=SURFACE_STYLE_FILL_AREA(#2267);
#2113=SURFACE_STYLE_FILL_AREA(#2268);
#2114=SURFACE_STYLE_FILL_AREA(#2269);
#2115=SURFACE_STYLE_FILL_AREA(#2270);
#2116=SURFACE_STYLE_FILL_AREA(#2271);
#2117=SURFACE_STYLE_FILL_AREA(#2272);
#2118=SURFACE_STYLE_FILL_AREA(#2273);
#2119=SURFACE_STYLE_FILL_AREA(#2274);
#2120=SURFACE_STYLE_FILL_AREA(#2275);
#2121=SURFACE_STYLE_FILL_AREA(#2276);
#2122=SURFACE_STYLE_FILL_AREA(#2277);
#2123=SURFACE_STYLE_FILL_AREA(#2278);
#2124=SURFACE_STYLE_FILL_AREA(#2279);
#2125=SURFACE_STYLE_FILL_AREA(#2280);
#2126=SURFACE_STYLE_FILL_AREA(#2281);
#2127=SURFACE_STYLE_FILL_AREA(#2282);
#2128=SURFACE_STYLE_FILL_AREA(#2283);
#2129=SURFACE_STYLE_FILL_AREA(#2284);
#2130=SURFACE_STYLE_FILL_AREA(#2285);
#2131=SURFACE_STYLE_FILL_AREA(#2286);
#2132=SURFACE_STYLE_FILL_AREA(#2287);
#2133=SURFACE_STYLE_FILL_AREA(#2288);
#2134=SURFACE_STYLE_FILL_AREA(#2289);
#2135=SURFACE_STYLE_FILL_AREA(#2290);
#2136=SURFACE_STYLE_FILL_AREA(#2291);
#2137=SURFACE_STYLE_FILL_AREA(#2292);
#2138=SURFACE_STYLE_FILL_AREA(#2293);
#2139=SURFACE_STYLE_FILL_AREA(#2294);
#2140=SURFACE_STYLE_FILL_AREA(#2295);
#2141=SURFACE_STYLE_FILL_AREA(#2296);
#2142=SURFACE_STYLE_FILL_AREA(#2297);
#2143=SURFACE_STYLE_FILL_AREA(#2298);
#2144=SURFACE_STYLE_FILL_AREA(#2299);
#2145=SURFACE_STYLE_FILL_AREA(#2300);
#2146=SURFACE_STYLE_FILL_AREA(#2301);
#2147=SURFACE_STYLE_FILL_AREA(#2302);
#2148=SURFACE_STYLE_FILL_AREA(#2303);
#2149=SURFACE_STYLE_FILL_AREA(#2304);
#2150=SURFACE_STYLE_FILL_AREA(#2305);
#2151=SURFACE_STYLE_FILL_AREA(#2306);
#2152=SURFACE_STYLE_FILL_AREA(#2307);
#2153=FILL_AREA_STYLE('',(#2308));
#2154=FILL_AREA_STYLE('',(#2309));
#2155=FILL_AREA_STYLE('',(#2310));
#2156=FILL_AREA_STYLE('',(#2311));
#2157=FILL_AREA_STYLE('',(#2312));
#2158=FILL_AREA_STYLE('',(#2313));
#2159=FILL_AREA_STYLE('',(#2314));
#2160=FILL_AREA_STYLE('',(#2315));
#2161=FILL_AREA_STYLE('',(#2316));
#2162=FILL_AREA_STYLE('',(#2317));
#2163=FILL_AREA_STYLE('',(#2318));
#2164=FILL_AREA_STYLE('',(#2319));
#2165=FILL_AREA_STYLE('',(#2320));
#2166=FILL_AREA_STYLE('',(#2321));
#2167=FILL_AREA_STYLE('',(#2322));
#2168=FILL_AREA_STYLE('',(#2323));
#2169=FILL_AREA_STYLE('',(#2324));
#2170=FILL_AREA_STYLE('',(#2325));
#2171=FILL_AREA_STYLE('',(#2326));
#2172=FILL_AREA_STYLE('',(#2327));
#2173=FILL_AREA_STYLE('',(#2328));
#2174=FILL_AREA_STYLE('',(#2329));
#2175=FILL_AREA_STYLE('',(#2330));
#2176=FILL_AREA_STYLE('',(#2331));
#2177=FILL_AREA_STYLE('',(#2332));
#2178=FILL_AREA_STYLE('',(#2333));
#2179=FILL_AREA_STYLE('',(#2334));
#2180=FILL_AREA_STYLE('',(#2335));
#2181=FILL_AREA_STYLE('',(#2336));
#2182=FILL_AREA_STYLE('',(#2337));
#2183=FILL_AREA_STYLE('',(#2338));
#2184=FILL_AREA_STYLE('',(#2339));
#2185=FILL_AREA_STYLE('',(#2340));
#2186=FILL_AREA_STYLE('',(#2341));
#2187=FILL_AREA_STYLE('',(#2342));
#2188=FILL_AREA_STYLE('',(#2343));
#2189=FILL_AREA_STYLE('',(#2344));
#2190=FILL_AREA_STYLE('',(#2345));
#2191=FILL_AREA_STYLE('',(#2346));
#2192=FILL_AREA_STYLE('',(#2347));
#2193=FILL_AREA_STYLE('',(#2348));
#2194=FILL_AREA_STYLE('',(#2349));
#2195=FILL_AREA_STYLE('',(#2350));
#2196=FILL_AREA_STYLE('',(#2351));
#2197=FILL_AREA_STYLE('',(#2352));
#2198=FILL_AREA_STYLE('',(#2353));
#2199=FILL_AREA_STYLE('',(#2354));
#2200=FILL_AREA_STYLE('',(#2355));
#2201=FILL_AREA_STYLE('',(#2356));
#2202=FILL_AREA_STYLE('',(#2357));
#2203=FILL_AREA_STYLE('',(#2358));
#2204=FILL_AREA_STYLE('',(#2359));
#2205=FILL_AREA_STYLE('',(#2360));
#2206=FILL_AREA_STYLE('',(#2361));
#2207=FILL_AREA_STYLE('',(#2362));
#2208=FILL_AREA_STYLE('',(#2363));
#2209=FILL_AREA_STYLE('',(#2364));
#2210=FILL_AREA_STYLE('',(#2365));
#2211=FILL_AREA_STYLE('',(#2366));
#2212=FILL_AREA_STYLE('',(#2367));
#2213=FILL_AREA_STYLE('',(#2368));
#2214=FILL_AREA_STYLE('',(#2369));
#2215=FILL_AREA_STYLE('',(#2370));
#2216=FILL_AREA_STYLE('',(#2371));
#2217=FILL_AREA_STYLE('',(#2372));
#2218=FILL_AREA_STYLE('',(#2373));
#2219=FILL_AREA_STYLE('',(#2374));
#2220=FILL_AREA_STYLE('',(#2375));
#2221=FILL_AREA_STYLE('',(#2376));
#2222=FILL_AREA_STYLE('',(#2377));
#2223=FILL_AREA_STYLE('',(#2378));
#2224=FILL_AREA_STYLE('',(#2379));
#2225=FILL_AREA_STYLE('',(#2380));
#2226=FILL_AREA_STYLE('',(#2381));
#2227=FILL_AREA_STYLE('',(#2382));
#2228=FILL_AREA_STYLE('',(#2383));
#2229=FILL_AREA_STYLE('',(#2384));
#2230=FILL_AREA_STYLE('',(#2385));
#2231=FILL_AREA_STYLE('',(#2386));
#2232=FILL_AREA_STYLE('',(#2387));
#2233=FILL_AREA_STYLE('',(#2388));
#2234=FILL_AREA_STYLE('',(#2389));
#2235=FILL_AREA_STYLE('',(#2390));
#2236=FILL_AREA_STYLE('',(#2391));
#2237=FILL_AREA_STYLE('',(#2392));
#2238=FILL_AREA_STYLE('',(#2393));
#2239=FILL_AREA_STYLE('',(#2394));
#2240=FILL_AREA_STYLE('',(#2395));
#2241=FILL_AREA_STYLE('',(#2396));
#2242=FILL_AREA_STYLE('',(#2397));
#2243=FILL_AREA_STYLE('',(#2398));
#2244=FILL_AREA_STYLE('',(#2399));
#2245=FILL_AREA_STYLE('',(#2400));
#2246=FILL_AREA_STYLE('',(#2401));
#2247=FILL_AREA_STYLE('',(#2402));
#2248=FILL_AREA_STYLE('',(#2403));
#2249=FILL_AREA_STYLE('',(#2404));
#2250=FILL_AREA_STYLE('',(#2405));
#2251=FILL_AREA_STYLE('',(#2406));
#2252=FILL_AREA_STYLE('',(#2407));
#2253=FILL_AREA_STYLE('',(#2408));
#2254=FILL_AREA_STYLE('',(#2409));
#2255=FILL_AREA_STYLE('',(#2410));
#2256=FILL_AREA_STYLE('',(#2411));
#2257=FILL_AREA_STYLE('',(#2412));
#2258=FILL_AREA_STYLE('',(#2413));
#2259=FILL_AREA_STYLE('',(#2414));
#2260=FILL_AREA_STYLE('',(#2415));
#2261=FILL_AREA_STYLE('',(#2416));
#2262=FILL_AREA_STYLE('',(#2417));
#2263=FILL_AREA_STYLE('',(#2418));
#2264=FILL_AREA_STYLE('',(#2419));
#2265=FILL_AREA_STYLE('',(#2420));
#2266=FILL_AREA_STYLE('',(#2421));
#2267=FILL_AREA_STYLE('',(#2422));
#2268=FILL_AREA_STYLE('',(#2423));
#2269=FILL_AREA_STYLE('',(#2424));
#2270=FILL_AREA_STYLE('',(#2425));
#2271=FILL_AREA_STYLE('',(#2426));
#2272=FILL_AREA_STYLE('',(#2427));
#2273=FILL_AREA_STYLE('',(#2428));
#2274=FILL_AREA_STYLE('',(#2429));
#2275=FILL_AREA_STYLE('',(#2430));
#2276=FILL_AREA_STYLE('',(#2431));
#2277=FILL_AREA_STYLE('',(#2432));
#2278=FILL_AREA_STYLE('',(#2433));
#2279=FILL_AREA_STYLE('',(#2434));
#2280=FILL_AREA_STYLE('',(#2435));
#2281=FILL_AREA_STYLE('',(#2436));
#2282=FILL_AREA_STYLE('',(#2437));
#2283=FILL_AREA_STYLE('',(#2438));
#2284=FILL_AREA_STYLE('',(#2439));
#2285=FILL_AREA_STYLE('',(#2440));
#2286=FILL_AREA_STYLE('',(#2441));
#2287=FILL_AREA_STYLE('',(#2442));
#2288=FILL_AREA_STYLE('',(#2443));
#2289=FILL_AREA_STYLE('',(#2444));
#2290=FILL_AREA_STYLE('',(#2445));
#2291=FILL_AREA_STYLE('',(#2446));
#2292=FILL_AREA_STYLE('',(#2447));
#2293=FILL_AREA_STYLE('',(#2448));
#2294=FILL_AREA_STYLE('',(#2449));
#2295=FILL_AREA_STYLE('',(#2450));
#2296=FILL_AREA_STYLE('',(#2451));
#2297=FILL_AREA_STYLE('',(#2452));
#2298=FILL_AREA_STYLE('',(#2453));
#2299=FILL_AREA_STYLE('',(#2454));
#2300=FILL_AREA_STYLE('',(#2455));
#2301=FILL_AREA_STYLE('',(#2456));
#2302=FILL_AREA_STYLE('',(#2457));
#2303=FILL_AREA_STYLE('',(#2458));
#2304=FILL_AREA_STYLE('',(#2459));
#2305=FILL_AREA_STYLE('',(#2460));
#2306=FILL_AREA_STYLE('',(#2461));
#2307=FILL_AREA_STYLE('',(#2462));
#2308=FILL_AREA_STYLE_COLOUR('',#2463);
#2309=FILL_AREA_STYLE_COLOUR('',#2464);
#2310=FILL_AREA_STYLE_COLOUR('',#2465);
#2311=FILL_AREA_STYLE_COLOUR('',#2465);
#2312=FILL_AREA_STYLE_COLOUR('',#2465);
#2313=FILL_AREA_STYLE_COLOUR('',#2465);
#2314=FILL_AREA_STYLE_COLOUR('',#2465);
#2315=FILL_AREA_STYLE_COLOUR('',#2465);
#2316=FILL_AREA_STYLE_COLOUR('',#2465);
#2317=FILL_AREA_STYLE_COLOUR('',#2465);
#2318=FILL_AREA_STYLE_COLOUR('',#2465);
#2319=FILL_AREA_STYLE_COLOUR('',#2465);
#2320=FILL_AREA_STYLE_COLOUR('',#2465);
#2321=FILL_AREA_STYLE_COLOUR('',#2465);
#2322=FILL_AREA_STYLE_COLOUR('',#2465);
#2323=FILL_AREA_STYLE_COLOUR('',#2465);
#2324=FILL_AREA_STYLE_COLOUR('',#2465);
#2325=FILL_AREA_STYLE_COLOUR('',#2465);
#2326=FILL_AREA_STYLE_COLOUR('',#2465);
#2327=FILL_AREA_STYLE_COLOUR('',#2465);
#2328=FILL_AREA_STYLE_COLOUR('',#2465);
#2329=FILL_AREA_STYLE_COLOUR('',#2465);
#2330=FILL_AREA_STYLE_COLOUR('',#2465);
#2331=FILL_AREA_STYLE_COLOUR('',#2465);
#2332=FILL_AREA_STYLE_COLOUR('',#2465);
#2333=FILL_AREA_STYLE_COLOUR('',#2465);
#2334=FILL_AREA_STYLE_COLOUR('',#2465);
#2335=FILL_AREA_STYLE_COLOUR('',#2465);
#2336=FILL_AREA_STYLE_COLOUR('',#2465);
#2337=FILL_AREA_STYLE_COLOUR('',#2465);
#2338=FILL_AREA_STYLE_COLOUR('',#2465);
#2339=FILL_AREA_STYLE_COLOUR('',#2465);
#2340=FILL_AREA_STYLE_COLOUR('',#2465);
#2341=FILL_AREA_STYLE_COLOUR('',#2465);
#2342=FILL_AREA_STYLE_COLOUR('',#2465);
#2343=FILL_AREA_STYLE_COLOUR('',#2465);
#2344=FILL_AREA_STYLE_COLOUR('',#2465);
#2345=FILL_AREA_STYLE_COLOUR('',#2465);
#2346=FILL_AREA_STYLE_COLOUR('',#2465);
#2347=FILL_AREA_STYLE_COLOUR('',#2465);
#2348=FILL_AREA_STYLE_COLOUR('',#2465);
#2349=FILL_AREA_STYLE_COLOUR('',#2465);
#2350=FILL_AREA_STYLE_COLOUR('',#2465);
#2351=FILL_AREA_STYLE_COLOUR('',#2465);
#2352=FILL_AREA_STYLE_COLOUR('',#2465);
#2353=FILL_AREA_STYLE_COLOUR('',#2465);
#2354=FILL_AREA_STYLE_COLOUR('',#2465);
#2355=FILL_AREA_STYLE_COLOUR('',#2465);
#2356=FILL_AREA_STYLE_COLOUR('',#2465);
#2357=FILL_AREA_STYLE_COLOUR('',#2465);
#2358=FILL_AREA_STYLE_COLOUR('',#2465);
#2359=FILL_AREA_STYLE_COLOUR('',#2465);
#2360=FILL_AREA_STYLE_COLOUR('',#2465);
#2361=FILL_AREA_STYLE_COLOUR('',#2465);
#2362=FILL_AREA_STYLE_COLOUR('',#2465);
#2363=FILL_AREA_STYLE_COLOUR('',#2465);
#2364=FILL_AREA_STYLE_COLOUR('',#2465);
#2365=FILL_AREA_STYLE_COLOUR('',#2465);
#2366=FILL_AREA_STYLE_COLOUR('',#2465);
#2367=FILL_AREA_STYLE_COLOUR('',#2465);
#2368=FILL_AREA_STYLE_COLOUR('',#2465);
#2369=FILL_AREA_STYLE_COLOUR('',#2465);
#2370=FILL_AREA_STYLE_COLOUR('',#2465);
#2371=FILL_AREA_STYLE_COLOUR('',#2465);
#2372=FILL_AREA_STYLE_COLOUR('',#2465);
#2373=FILL_AREA_STYLE_COLOUR('',#2465);
#2374=FILL_AREA_STYLE_COLOUR('',#2465);
#2375=FILL_AREA_STYLE_COLOUR('',#2465);
#2376=FILL_AREA_STYLE_COLOUR('',#2465);
#2377=FILL_AREA_STYLE_COLOUR('',#2465);
#2378=FILL_AREA_STYLE_COLOUR('',#2465);
#2379=FILL_AREA_STYLE_COLOUR('',#2465);
#2380=FILL_AREA_STYLE_COLOUR('',#2465);
#2381=FILL_AREA_STYLE_COLOUR('',#2465);
#2382=FILL_AREA_STYLE_COLOUR('',#2465);
#2383=FILL_AREA_STYLE_COLOUR('',#2465);
#2384=FILL_AREA_STYLE_COLOUR('',#2465);
#2385=FILL_AREA_STYLE_COLOUR('',#2465);
#2386=FILL_AREA_STYLE_COLOUR('',#2465);
#2387=FILL_AREA_STYLE_COLOUR('',#2465);
#2388=FILL_AREA_STYLE_COLOUR('',#2465);
#2389=FILL_AREA_STYLE_COLOUR('',#2465);
#2390=FILL_AREA_STYLE_COLOUR('',#2465);
#2391=FILL_AREA_STYLE_COLOUR('',#2465);
#2392=FILL_AREA_STYLE_COLOUR('',#2465);
#2393=FILL_AREA_STYLE_COLOUR('',#2465);
#2394=FILL_AREA_STYLE_COLOUR('',#2465);
#2395=FILL_AREA_STYLE_COLOUR('',#2465);
#2396=FILL_AREA_STYLE_COLOUR('',#2465);
#2397=FILL_AREA_STYLE_COLOUR('',#2465);
#2398=FILL_AREA_STYLE_COLOUR('',#2465);
#2399=FILL_AREA_STYLE_COLOUR('',#2465);
#2400=FILL_AREA_STYLE_COLOUR('',#2465);
#2401=FILL_AREA_STYLE_COLOUR('',#2465);
#2402=FILL_AREA_STYLE_COLOUR('',#2465);
#2403=FILL_AREA_STYLE_COLOUR('',#2465);
#2404=FILL_AREA_STYLE_COLOUR('',#2465);
#2405=FILL_AREA_STYLE_COLOUR('',#2465);
#2406=FILL_AREA_STYLE_COLOUR('',#2465);
#2407=FILL_AREA_STYLE_COLOUR('',#2465);
#2408=FILL_AREA_STYLE_COLOUR('',#2465);
#2409=FILL_AREA_STYLE_COLOUR('',#2465);
#2410=FILL_AREA_STYLE_COLOUR('',#2465);
#2411=FILL_AREA_STYLE_COLOUR('',#2465);
#2412=FILL_AREA_STYLE_COLOUR('',#2465);
#2413=FILL_AREA_STYLE_COLOUR('',#2465);
#2414=FILL_AREA_STYLE_COLOUR('',#2465);
#2415=FILL_AREA_STYLE_COLOUR('',#2465);
#2416=FILL_AREA_STYLE_COLOUR('',#2465);
#2417=FILL_AREA_STYLE_COLOUR('',#2465);
#2418=FILL_AREA_STYLE_COLOUR('',#2465);
#2419=FILL_AREA_STYLE_COLOUR('',#2465);
#2420=FILL_AREA_STYLE_COLOUR('',#2465);
#2421=FILL_AREA_STYLE_COLOUR('',#2465);
#2422=FILL_AREA_STYLE_COLOUR('',#2465);
#2423=FILL_AREA_STYLE_COLOUR('',#2465);
#2424=FILL_AREA_STYLE_COLOUR('',#2465);
#2425=FILL_AREA_STYLE_COLOUR('',#2465);
#2426=FILL_AREA_STYLE_COLOUR('',#2465);
#2427=FILL_AREA_STYLE_COLOUR('',#2465);
#2428=FILL_AREA_STYLE_COLOUR('',#2465);
#2429=FILL_AREA_STYLE_COLOUR('',#2465);
#2430=FILL_AREA_STYLE_COLOUR('',#2465);
#2431=FILL_AREA_STYLE_COLOUR('',#2465);
#2432=FILL_AREA_STYLE_COLOUR('',#2465);
#2433=FILL_AREA_STYLE_COLOUR('',#2465);
#2434=FILL_AREA_STYLE_COLOUR('',#2465);
#2435=FILL_AREA_STYLE_COLOUR('',#2465);
#2436=FILL_AREA_STYLE_COLOUR('',#2465);
#2437=FILL_AREA_STYLE_COLOUR('',#2465);
#2438=FILL_AREA_STYLE_COLOUR('',#2465);
#2439=FILL_AREA_STYLE_COLOUR('',#2465);
#2440=FILL_AREA_STYLE_COLOUR('',#2465);
#2441=FILL_AREA_STYLE_COLOUR('',#2465);
#2442=FILL_AREA_STYLE_COLOUR('',#2465);
#2443=FILL_AREA_STYLE_COLOUR('',#2465);
#2444=FILL_AREA_STYLE_COLOUR('',#2465);
#2445=FILL_AREA_STYLE_COLOUR('',#2465);
#2446=FILL_AREA_STYLE_COLOUR('',#2465);
#2447=FILL_AREA_STYLE_COLOUR('',#2465);
#2448=FILL_AREA_STYLE_COLOUR('',#2465);
#2449=FILL_AREA_STYLE_COLOUR('',#2465);
#2450=FILL_AREA_STYLE_COLOUR('',#2465);
#2451=FILL_AREA_STYLE_COLOUR('',#2465);
#2452=FILL_AREA_STYLE_COLOUR('',#2465);
#2453=FILL_AREA_STYLE_COLOUR('',#2465);
#2454=FILL_AREA_STYLE_COLOUR('',#2465);
#2455=FILL_AREA_STYLE_COLOUR('',#2465);
#2456=FILL_AREA_STYLE_COLOUR('',#2465);
#2457=FILL_AREA_STYLE_COLOUR('',#2465);
#2458=FILL_AREA_STYLE_COLOUR('',#2465);
#2459=FILL_AREA_STYLE_COLOUR('',#2465);
#2460=FILL_AREA_STYLE_COLOUR('',#2465);
#2461=FILL_AREA_STYLE_COLOUR('',#2465);
#2462=FILL_AREA_STYLE_COLOUR('',#2465);
#2463=COLOUR_RGB('',0.870588235294118,0.870588235294118,0.870588235294118);
#2464=COLOUR_RGB('',0.2,0.2,0.2);
#2465=COLOUR_RGB('',0.8,0.8,0.8);
#2466=MANIFOLD_SOLID_BREP('Part 155',#1223);
#2467=MANIFOLD_SOLID_BREP('Open CASCADE STEP translator 7.5 17.2.1',#1224);
#2468=MANIFOLD_SOLID_BREP('ball',#1225);
#2469=MANIFOLD_SOLID_BREP('ball_1',#1226);
#2470=MANIFOLD_SOLID_BREP('ball_2',#1227);
#2471=MANIFOLD_SOLID_BREP('ball_3',#1228);
#2472=MANIFOLD_SOLID_BREP('ball_4',#1229);
#2473=MANIFOLD_SOLID_BREP('ball_5',#1230);
#2474=MANIFOLD_SOLID_BREP('ball_6',#1231);
#2475=MANIFOLD_SOLID_BREP('ball_7',#1232);
#2476=MANIFOLD_SOLID_BREP('ball_8',#1233);
#2477=MANIFOLD_SOLID_BREP('ball_9',#1234);
#2478=MANIFOLD_SOLID_BREP('ball_10',#1235);
#2479=MANIFOLD_SOLID_BREP('ball_11',#1236);
#2480=MANIFOLD_SOLID_BREP('ball_12',#1237);
#2481=MANIFOLD_SOLID_BREP('ball_13',#1238);
#2482=MANIFOLD_SOLID_BREP('ball_14',#1239);
#2483=MANIFOLD_SOLID_BREP('ball_15',#1240);
#2484=MANIFOLD_SOLID_BREP('ball_16',#1241);
#2485=MANIFOLD_SOLID_BREP('ball_17',#1242);
#2486=MANIFOLD_SOLID_BREP('ball_18',#1243);
#2487=MANIFOLD_SOLID_BREP('ball_19',#1244);
#2488=MANIFOLD_SOLID_BREP('ball_20',#1245);
#2489=MANIFOLD_SOLID_BREP('ball_21',#1246);
#2490=MANIFOLD_SOLID_BREP('ball_22',#1247);
#2491=MANIFOLD_SOLID_BREP('ball_23',#1248);
#2492=MANIFOLD_SOLID_BREP('ball_24',#1249);
#2493=MANIFOLD_SOLID_BREP('ball_25',#1250);
#2494=MANIFOLD_SOLID_BREP('ball_26',#1251);
#2495=MANIFOLD_SOLID_BREP('ball_27',#1252);
#2496=MANIFOLD_SOLID_BREP('ball_28',#1253);
#2497=MANIFOLD_SOLID_BREP('ball_29',#1254);
#2498=MANIFOLD_SOLID_BREP('ball_30',#1255);
#2499=MANIFOLD_SOLID_BREP('ball_31',#1256);
#2500=MANIFOLD_SOLID_BREP('ball_32',#1257);
#2501=MANIFOLD_SOLID_BREP('ball_33',#1258);
#2502=MANIFOLD_SOLID_BREP('ball_34',#1259);
#2503=MANIFOLD_SOLID_BREP('ball_35',#1260);
#2504=MANIFOLD_SOLID_BREP('ball_36',#1261);
#2505=MANIFOLD_SOLID_BREP('ball_37',#1262);
#2506=MANIFOLD_SOLID_BREP('ball_38',#1263);
#2507=MANIFOLD_SOLID_BREP('ball_39',#1264);
#2508=MANIFOLD_SOLID_BREP('ball_40',#1265);
#2509=MANIFOLD_SOLID_BREP('ball_41',#1266);
#2510=MANIFOLD_SOLID_BREP('ball_42',#1267);
#2511=MANIFOLD_SOLID_BREP('ball_43',#1268);
#2512=MANIFOLD_SOLID_BREP('ball_44',#1269);
#2513=MANIFOLD_SOLID_BREP('ball_45',#1270);
#2514=MANIFOLD_SOLID_BREP('ball_53',#1271);
#2515=MANIFOLD_SOLID_BREP('ball_54',#1272);
#2516=MANIFOLD_SOLID_BREP('ball_55',#1273);
#2517=MANIFOLD_SOLID_BREP('ball_56',#1274);
#2518=MANIFOLD_SOLID_BREP('ball_57',#1275);
#2519=MANIFOLD_SOLID_BREP('ball_58',#1276);
#2520=MANIFOLD_SOLID_BREP('ball_60',#1277);
#2521=MANIFOLD_SOLID_BREP('ball_61',#1278);
#2522=MANIFOLD_SOLID_BREP('ball_62',#1279);
#2523=MANIFOLD_SOLID_BREP('ball_63',#1280);
#2524=MANIFOLD_SOLID_BREP('ball_64',#1281);
#2525=MANIFOLD_SOLID_BREP('ball_65',#1282);
#2526=MANIFOLD_SOLID_BREP('ball_67',#1283);
#2527=MANIFOLD_SOLID_BREP('ball_68',#1284);
#2528=MANIFOLD_SOLID_BREP('ball_69',#1285);
#2529=MANIFOLD_SOLID_BREP('ball_70',#1286);
#2530=MANIFOLD_SOLID_BREP('ball_71',#1287);
#2531=MANIFOLD_SOLID_BREP('ball_72',#1288);
#2532=MANIFOLD_SOLID_BREP('ball_74',#1289);
#2533=MANIFOLD_SOLID_BREP('ball_79',#1290);
#2534=MANIFOLD_SOLID_BREP('ball_81',#1291);
#2535=MANIFOLD_SOLID_BREP('ball_82',#1292);
#2536=MANIFOLD_SOLID_BREP('ball_83',#1293);
#2537=MANIFOLD_SOLID_BREP('ball_84',#1294);
#2538=MANIFOLD_SOLID_BREP('ball_85',#1295);
#2539=MANIFOLD_SOLID_BREP('ball_86',#1296);
#2540=MANIFOLD_SOLID_BREP('ball_88',#1297);
#2541=MANIFOLD_SOLID_BREP('ball_93',#1298);
#2542=MANIFOLD_SOLID_BREP('ball_95',#1299);
#2543=MANIFOLD_SOLID_BREP('ball_96',#1300);
#2544=MANIFOLD_SOLID_BREP('ball_97',#1301);
#2545=MANIFOLD_SOLID_BREP('ball_98',#1302);
#2546=MANIFOLD_SOLID_BREP('ball_99',#1303);
#2547=MANIFOLD_SOLID_BREP('ball_100',#1304);
#2548=MANIFOLD_SOLID_BREP('ball_102',#1305);
#2549=MANIFOLD_SOLID_BREP('ball_107',#1306);
#2550=MANIFOLD_SOLID_BREP('ball_109',#1307);
#2551=MANIFOLD_SOLID_BREP('ball_110',#1308);
#2552=MANIFOLD_SOLID_BREP('ball_111',#1309);
#2553=MANIFOLD_SOLID_BREP('ball_112',#1310);
#2554=MANIFOLD_SOLID_BREP('ball_113',#1311);
#2555=MANIFOLD_SOLID_BREP('ball_114',#1312);
#2556=MANIFOLD_SOLID_BREP('ball_116',#1313);
#2557=MANIFOLD_SOLID_BREP('ball_121',#1314);
#2558=MANIFOLD_SOLID_BREP('ball_123',#1315);
#2559=MANIFOLD_SOLID_BREP('ball_124',#1316);
#2560=MANIFOLD_SOLID_BREP('ball_125',#1317);
#2561=MANIFOLD_SOLID_BREP('ball_126',#1318);
#2562=MANIFOLD_SOLID_BREP('ball_127',#1319);
#2563=MANIFOLD_SOLID_BREP('ball_128',#1320);
#2564=MANIFOLD_SOLID_BREP('ball_130',#1321);
#2565=MANIFOLD_SOLID_BREP('ball_131',#1322);
#2566=MANIFOLD_SOLID_BREP('ball_132',#1323);
#2567=MANIFOLD_SOLID_BREP('ball_133',#1324);
#2568=MANIFOLD_SOLID_BREP('ball_134',#1325);
#2569=MANIFOLD_SOLID_BREP('ball_135',#1326);
#2570=MANIFOLD_SOLID_BREP('ball_137',#1327);
#2571=MANIFOLD_SOLID_BREP('ball_138',#1328);
#2572=MANIFOLD_SOLID_BREP('ball_139',#1329);
#2573=MANIFOLD_SOLID_BREP('ball_140',#1330);
#2574=MANIFOLD_SOLID_BREP('ball_141',#1331);
#2575=MANIFOLD_SOLID_BREP('ball_142',#1332);
#2576=MANIFOLD_SOLID_BREP('ball_151',#1333);
#2577=MANIFOLD_SOLID_BREP('ball_152',#1334);
#2578=MANIFOLD_SOLID_BREP('ball_153',#1335);
#2579=MANIFOLD_SOLID_BREP('ball_154',#1336);
#2580=MANIFOLD_SOLID_BREP('ball_155',#1337);
#2581=MANIFOLD_SOLID_BREP('ball_156',#1338);
#2582=MANIFOLD_SOLID_BREP('ball_157',#1339);
#2583=MANIFOLD_SOLID_BREP('ball_158',#1340);
#2584=MANIFOLD_SOLID_BREP('ball_159',#1341);
#2585=MANIFOLD_SOLID_BREP('ball_160',#1342);
#2586=MANIFOLD_SOLID_BREP('ball_161',#1343);
#2587=MANIFOLD_SOLID_BREP('ball_162',#1344);
#2588=MANIFOLD_SOLID_BREP('ball_163',#1345);
#2589=MANIFOLD_SOLID_BREP('ball_164',#1346);
#2590=MANIFOLD_SOLID_BREP('ball_165',#1347);
#2591=MANIFOLD_SOLID_BREP('ball_166',#1348);
#2592=MANIFOLD_SOLID_BREP('ball_167',#1349);
#2593=MANIFOLD_SOLID_BREP('ball_168',#1350);
#2594=MANIFOLD_SOLID_BREP('ball_169',#1351);
#2595=MANIFOLD_SOLID_BREP('ball_170',#1352);
#2596=MANIFOLD_SOLID_BREP('ball_171',#1353);
#2597=MANIFOLD_SOLID_BREP('ball_172',#1354);
#2598=MANIFOLD_SOLID_BREP('ball_173',#1355);
#2599=MANIFOLD_SOLID_BREP('ball_174',#1356);
#2600=MANIFOLD_SOLID_BREP('ball_175',#1357);
#2601=MANIFOLD_SOLID_BREP('ball_176',#1358);
#2602=MANIFOLD_SOLID_BREP('ball_177',#1359);
#2603=MANIFOLD_SOLID_BREP('ball_178',#1360);
#2604=MANIFOLD_SOLID_BREP('ball_179',#1361);
#2605=MANIFOLD_SOLID_BREP('ball_180',#1362);
#2606=MANIFOLD_SOLID_BREP('ball_181',#1363);
#2607=MANIFOLD_SOLID_BREP('ball_182',#1364);
#2608=MANIFOLD_SOLID_BREP('ball_183',#1365);
#2609=MANIFOLD_SOLID_BREP('ball_184',#1366);
#2610=MANIFOLD_SOLID_BREP('ball_185',#1367);
#2611=MANIFOLD_SOLID_BREP('ball_186',#1368);
#2612=MANIFOLD_SOLID_BREP('ball_187',#1369);
#2613=MANIFOLD_SOLID_BREP('ball_188',#1370);
#2614=MANIFOLD_SOLID_BREP('ball_189',#1371);
#2615=MANIFOLD_SOLID_BREP('ball_190',#1372);
#2616=MANIFOLD_SOLID_BREP('ball_191',#1373);
#2617=MANIFOLD_SOLID_BREP('ball_192',#1374);
#2618=MANIFOLD_SOLID_BREP('ball_193',#1375);
#2619=MANIFOLD_SOLID_BREP('ball_194',#1376);
#2620=MANIFOLD_SOLID_BREP('ball_195',#1377);
#2621=SHAPE_DEFINITION_REPRESENTATION(#5342,#2776);
#2622=SHAPE_DEFINITION_REPRESENTATION(#5343,#2777);
#2623=SHAPE_DEFINITION_REPRESENTATION(#5344,#2778);
#2624=SHAPE_DEFINITION_REPRESENTATION(#5345,#2779);
#2625=SHAPE_DEFINITION_REPRESENTATION(#5346,#2780);
#2626=SHAPE_DEFINITION_REPRESENTATION(#5347,#2781);
#2627=SHAPE_DEFINITION_REPRESENTATION(#5348,#2782);
#2628=SHAPE_DEFINITION_REPRESENTATION(#5349,#2783);
#2629=SHAPE_DEFINITION_REPRESENTATION(#5350,#2784);
#2630=SHAPE_DEFINITION_REPRESENTATION(#5351,#2785);
#2631=SHAPE_DEFINITION_REPRESENTATION(#5352,#2786);
#2632=SHAPE_DEFINITION_REPRESENTATION(#5353,#2787);
#2633=SHAPE_DEFINITION_REPRESENTATION(#5354,#2788);
#2634=SHAPE_DEFINITION_REPRESENTATION(#5355,#2789);
#2635=SHAPE_DEFINITION_REPRESENTATION(#5356,#2790);
#2636=SHAPE_DEFINITION_REPRESENTATION(#5357,#2791);
#2637=SHAPE_DEFINITION_REPRESENTATION(#5358,#2792);
#2638=SHAPE_DEFINITION_REPRESENTATION(#5359,#2793);
#2639=SHAPE_DEFINITION_REPRESENTATION(#5360,#2794);
#2640=SHAPE_DEFINITION_REPRESENTATION(#5361,#2795);
#2641=SHAPE_DEFINITION_REPRESENTATION(#5362,#2796);
#2642=SHAPE_DEFINITION_REPRESENTATION(#5363,#2797);
#2643=SHAPE_DEFINITION_REPRESENTATION(#5364,#2798);
#2644=SHAPE_DEFINITION_REPRESENTATION(#5365,#2799);
#2645=SHAPE_DEFINITION_REPRESENTATION(#5366,#2800);
#2646=SHAPE_DEFINITION_REPRESENTATION(#5367,#2801);
#2647=SHAPE_DEFINITION_REPRESENTATION(#5368,#2802);
#2648=SHAPE_DEFINITION_REPRESENTATION(#5369,#2803);
#2649=SHAPE_DEFINITION_REPRESENTATION(#5370,#2804);
#2650=SHAPE_DEFINITION_REPRESENTATION(#5371,#2805);
#2651=SHAPE_DEFINITION_REPRESENTATION(#5372,#2806);
#2652=SHAPE_DEFINITION_REPRESENTATION(#5373,#2807);
#2653=SHAPE_DEFINITION_REPRESENTATION(#5374,#2808);
#2654=SHAPE_DEFINITION_REPRESENTATION(#5375,#2809);
#2655=SHAPE_DEFINITION_REPRESENTATION(#5376,#2810);
#2656=SHAPE_DEFINITION_REPRESENTATION(#5377,#2811);
#2657=SHAPE_DEFINITION_REPRESENTATION(#5378,#2812);
#2658=SHAPE_DEFINITION_REPRESENTATION(#5379,#2813);
#2659=SHAPE_DEFINITION_REPRESENTATION(#5380,#2814);
#2660=SHAPE_DEFINITION_REPRESENTATION(#5381,#2815);
#2661=SHAPE_DEFINITION_REPRESENTATION(#5382,#2816);
#2662=SHAPE_DEFINITION_REPRESENTATION(#5383,#2817);
#2663=SHAPE_DEFINITION_REPRESENTATION(#5384,#2818);
#2664=SHAPE_DEFINITION_REPRESENTATION(#5385,#2819);
#2665=SHAPE_DEFINITION_REPRESENTATION(#5386,#2820);
#2666=SHAPE_DEFINITION_REPRESENTATION(#5387,#2821);
#2667=SHAPE_DEFINITION_REPRESENTATION(#5388,#2822);
#2668=SHAPE_DEFINITION_REPRESENTATION(#5389,#2823);
#2669=SHAPE_DEFINITION_REPRESENTATION(#5390,#2824);
#2670=SHAPE_DEFINITION_REPRESENTATION(#5391,#2825);
#2671=SHAPE_DEFINITION_REPRESENTATION(#5392,#2826);
#2672=SHAPE_DEFINITION_REPRESENTATION(#5393,#2827);
#2673=SHAPE_DEFINITION_REPRESENTATION(#5394,#2828);
#2674=SHAPE_DEFINITION_REPRESENTATION(#5395,#2829);
#2675=SHAPE_DEFINITION_REPRESENTATION(#5396,#2830);
#2676=SHAPE_DEFINITION_REPRESENTATION(#5397,#2831);
#2677=SHAPE_DEFINITION_REPRESENTATION(#5398,#2832);
#2678=SHAPE_DEFINITION_REPRESENTATION(#5399,#2833);
#2679=SHAPE_DEFINITION_REPRESENTATION(#5400,#2834);
#2680=SHAPE_DEFINITION_REPRESENTATION(#5401,#2835);
#2681=SHAPE_DEFINITION_REPRESENTATION(#5402,#2836);
#2682=SHAPE_DEFINITION_REPRESENTATION(#5403,#2837);
#2683=SHAPE_DEFINITION_REPRESENTATION(#5404,#2838);
#2684=SHAPE_DEFINITION_REPRESENTATION(#5405,#2839);
#2685=SHAPE_DEFINITION_REPRESENTATION(#5406,#2840);
#2686=SHAPE_DEFINITION_REPRESENTATION(#5407,#2841);
#2687=SHAPE_DEFINITION_REPRESENTATION(#5408,#2842);
#2688=SHAPE_DEFINITION_REPRESENTATION(#5409,#2843);
#2689=SHAPE_DEFINITION_REPRESENTATION(#5410,#2844);
#2690=SHAPE_DEFINITION_REPRESENTATION(#5411,#2845);
#2691=SHAPE_DEFINITION_REPRESENTATION(#5412,#2846);
#2692=SHAPE_DEFINITION_REPRESENTATION(#5413,#2847);
#2693=SHAPE_DEFINITION_REPRESENTATION(#5414,#2848);
#2694=SHAPE_DEFINITION_REPRESENTATION(#5415,#2849);
#2695=SHAPE_DEFINITION_REPRESENTATION(#5416,#2850);
#2696=SHAPE_DEFINITION_REPRESENTATION(#5417,#2851);
#2697=SHAPE_DEFINITION_REPRESENTATION(#5418,#2852);
#2698=SHAPE_DEFINITION_REPRESENTATION(#5419,#2853);
#2699=SHAPE_DEFINITION_REPRESENTATION(#5420,#2854);
#2700=SHAPE_DEFINITION_REPRESENTATION(#5421,#2855);
#2701=SHAPE_DEFINITION_REPRESENTATION(#5422,#2856);
#2702=SHAPE_DEFINITION_REPRESENTATION(#5423,#2857);
#2703=SHAPE_DEFINITION_REPRESENTATION(#5424,#2858);
#2704=SHAPE_DEFINITION_REPRESENTATION(#5425,#2859);
#2705=SHAPE_DEFINITION_REPRESENTATION(#5426,#2860);
#2706=SHAPE_DEFINITION_REPRESENTATION(#5427,#2861);
#2707=SHAPE_DEFINITION_REPRESENTATION(#5428,#2862);
#2708=SHAPE_DEFINITION_REPRESENTATION(#5429,#2863);
#2709=SHAPE_DEFINITION_REPRESENTATION(#5430,#2864);
#2710=SHAPE_DEFINITION_REPRESENTATION(#5431,#2865);
#2711=SHAPE_DEFINITION_REPRESENTATION(#5432,#2866);
#2712=SHAPE_DEFINITION_REPRESENTATION(#5433,#2867);
#2713=SHAPE_DEFINITION_REPRESENTATION(#5434,#2868);
#2714=SHAPE_DEFINITION_REPRESENTATION(#5435,#2869);
#2715=SHAPE_DEFINITION_REPRESENTATION(#5436,#2870);
#2716=SHAPE_DEFINITION_REPRESENTATION(#5437,#2871);
#2717=SHAPE_DEFINITION_REPRESENTATION(#5438,#2872);
#2718=SHAPE_DEFINITION_REPRESENTATION(#5439,#2873);
#2719=SHAPE_DEFINITION_REPRESENTATION(#5440,#2874);
#2720=SHAPE_DEFINITION_REPRESENTATION(#5441,#2875);
#2721=SHAPE_DEFINITION_REPRESENTATION(#5442,#2876);
#2722=SHAPE_DEFINITION_REPRESENTATION(#5443,#2877);
#2723=SHAPE_DEFINITION_REPRESENTATION(#5444,#2878);
#2724=SHAPE_DEFINITION_REPRESENTATION(#5445,#2879);
#2725=SHAPE_DEFINITION_REPRESENTATION(#5446,#2880);
#2726=SHAPE_DEFINITION_REPRESENTATION(#5447,#2881);
#2727=SHAPE_DEFINITION_REPRESENTATION(#5448,#2882);
#2728=SHAPE_DEFINITION_REPRESENTATION(#5449,#2883);
#2729=SHAPE_DEFINITION_REPRESENTATION(#5450,#2884);
#2730=SHAPE_DEFINITION_REPRESENTATION(#5451,#2885);
#2731=SHAPE_DEFINITION_REPRESENTATION(#5452,#2886);
#2732=SHAPE_DEFINITION_REPRESENTATION(#5453,#2887);
#2733=SHAPE_DEFINITION_REPRESENTATION(#5454,#2888);
#2734=SHAPE_DEFINITION_REPRESENTATION(#5455,#2889);
#2735=SHAPE_DEFINITION_REPRESENTATION(#5456,#2890);
#2736=SHAPE_DEFINITION_REPRESENTATION(#5457,#2891);
#2737=SHAPE_DEFINITION_REPRESENTATION(#5458,#2892);
#2738=SHAPE_DEFINITION_REPRESENTATION(#5459,#2893);
#2739=SHAPE_DEFINITION_REPRESENTATION(#5460,#2894);
#2740=SHAPE_DEFINITION_REPRESENTATION(#5461,#2895);
#2741=SHAPE_DEFINITION_REPRESENTATION(#5462,#2896);
#2742=SHAPE_DEFINITION_REPRESENTATION(#5463,#2897);
#2743=SHAPE_DEFINITION_REPRESENTATION(#5464,#2898);
#2744=SHAPE_DEFINITION_REPRESENTATION(#5465,#2899);
#2745=SHAPE_DEFINITION_REPRESENTATION(#5466,#2900);
#2746=SHAPE_DEFINITION_REPRESENTATION(#5467,#2901);
#2747=SHAPE_DEFINITION_REPRESENTATION(#5468,#2902);
#2748=SHAPE_DEFINITION_REPRESENTATION(#5469,#2903);
#2749=SHAPE_DEFINITION_REPRESENTATION(#5470,#2904);
#2750=SHAPE_DEFINITION_REPRESENTATION(#5471,#2905);
#2751=SHAPE_DEFINITION_REPRESENTATION(#5472,#2906);
#2752=SHAPE_DEFINITION_REPRESENTATION(#5473,#2907);
#2753=SHAPE_DEFINITION_REPRESENTATION(#5474,#2908);
#2754=SHAPE_DEFINITION_REPRESENTATION(#5475,#2909);
#2755=SHAPE_DEFINITION_REPRESENTATION(#5476,#2910);
#2756=SHAPE_DEFINITION_REPRESENTATION(#5477,#2911);
#2757=SHAPE_DEFINITION_REPRESENTATION(#5478,#2912);
#2758=SHAPE_DEFINITION_REPRESENTATION(#5479,#2913);
#2759=SHAPE_DEFINITION_REPRESENTATION(#5480,#2914);
#2760=SHAPE_DEFINITION_REPRESENTATION(#5481,#2915);
#2761=SHAPE_DEFINITION_REPRESENTATION(#5482,#2916);
#2762=SHAPE_DEFINITION_REPRESENTATION(#5483,#2917);
#2763=SHAPE_DEFINITION_REPRESENTATION(#5484,#2918);
#2764=SHAPE_DEFINITION_REPRESENTATION(#5485,#2919);
#2765=SHAPE_DEFINITION_REPRESENTATION(#5486,#2920);
#2766=SHAPE_DEFINITION_REPRESENTATION(#5487,#2921);
#2767=SHAPE_DEFINITION_REPRESENTATION(#5488,#2922);
#2768=SHAPE_DEFINITION_REPRESENTATION(#5489,#2923);
#2769=SHAPE_DEFINITION_REPRESENTATION(#5490,#2924);
#2770=SHAPE_DEFINITION_REPRESENTATION(#5491,#2925);
#2771=SHAPE_DEFINITION_REPRESENTATION(#5492,#2926);
#2772=SHAPE_DEFINITION_REPRESENTATION(#5493,#2927);
#2773=SHAPE_DEFINITION_REPRESENTATION(#5494,#2928);
#2774=SHAPE_DEFINITION_REPRESENTATION(#5495,#2929);
#2775=SHAPE_DEFINITION_REPRESENTATION(#5496,#2930);
#2776=SHAPE_REPRESENTATION('Part 155',(#2931),#4567);
#2777=SHAPE_REPRESENTATION('Open CASCADE STEP translator 7.5 17.2.1',(#2937),#4568);
#2778=SHAPE_REPRESENTATION('ball',(#2948),#4569);
#2779=SHAPE_REPRESENTATION('ball_1',(#2950),#4570);
#2780=SHAPE_REPRESENTATION('ball_2',(#2952),#4571);
#2781=SHAPE_REPRESENTATION('ball_3',(#2954),#4572);
#2782=SHAPE_REPRESENTATION('ball_4',(#2956),#4573);
#2783=SHAPE_REPRESENTATION('ball_5',(#2958),#4574);
#2784=SHAPE_REPRESENTATION('ball_6',(#2960),#4575);
#2785=SHAPE_REPRESENTATION('ball_7',(#2962),#4576);
#2786=SHAPE_REPRESENTATION('ball_8',(#2964),#4577);
#2787=SHAPE_REPRESENTATION('ball_9',(#2966),#4578);
#2788=SHAPE_REPRESENTATION('ball_10',(#2968),#4579);
#2789=SHAPE_REPRESENTATION('ball_11',(#2970),#4580);
#2790=SHAPE_REPRESENTATION('ball_12',(#2972),#4581);
#2791=SHAPE_REPRESENTATION('ball_13',(#2974),#4582);
#2792=SHAPE_REPRESENTATION('ball_14',(#2976),#4583);
#2793=SHAPE_REPRESENTATION('ball_15',(#2978),#4584);
#2794=SHAPE_REPRESENTATION('ball_16',(#2980),#4585);
#2795=SHAPE_REPRESENTATION('ball_17',(#2982),#4586);
#2796=SHAPE_REPRESENTATION('ball_18',(#2984),#4587);
#2797=SHAPE_REPRESENTATION('ball_19',(#2986),#4588);
#2798=SHAPE_REPRESENTATION('ball_20',(#2988),#4589);
#2799=SHAPE_REPRESENTATION('ball_21',(#2990),#4590);
#2800=SHAPE_REPRESENTATION('ball_22',(#2992),#4591);
#2801=SHAPE_REPRESENTATION('ball_23',(#2994),#4592);
#2802=SHAPE_REPRESENTATION('ball_24',(#2996),#4593);
#2803=SHAPE_REPRESENTATION('ball_25',(#2998),#4594);
#2804=SHAPE_REPRESENTATION('ball_26',(#3000),#4595);
#2805=SHAPE_REPRESENTATION('ball_27',(#3002),#4596);
#2806=SHAPE_REPRESENTATION('ball_28',(#3004),#4597);
#2807=SHAPE_REPRESENTATION('ball_29',(#3006),#4598);
#2808=SHAPE_REPRESENTATION('ball_30',(#3008),#4599);
#2809=SHAPE_REPRESENTATION('ball_31',(#3010),#4600);
#2810=SHAPE_REPRESENTATION('ball_32',(#3012),#4601);
#2811=SHAPE_REPRESENTATION('ball_33',(#3014),#4602);
#2812=SHAPE_REPRESENTATION('ball_34',(#3016),#4603);
#2813=SHAPE_REPRESENTATION('ball_35',(#3018),#4604);
#2814=SHAPE_REPRESENTATION('ball_36',(#3020),#4605);
#2815=SHAPE_REPRESENTATION('ball_37',(#3022),#4606);
#2816=SHAPE_REPRESENTATION('ball_38',(#3024),#4607);
#2817=SHAPE_REPRESENTATION('ball_39',(#3026),#4608);
#2818=SHAPE_REPRESENTATION('ball_40',(#3028),#4609);
#2819=SHAPE_REPRESENTATION('ball_41',(#3030),#4610);
#2820=SHAPE_REPRESENTATION('ball_42',(#3032),#4611);
#2821=SHAPE_REPRESENTATION('ball_43',(#3034),#4612);
#2822=SHAPE_REPRESENTATION('ball_44',(#3036),#4613);
#2823=SHAPE_REPRESENTATION('ball_45',(#3038),#4614);
#2824=SHAPE_REPRESENTATION('ball_53',(#3040),#4615);
#2825=SHAPE_REPRESENTATION('ball_54',(#3042),#4616);
#2826=SHAPE_REPRESENTATION('ball_55',(#3044),#4617);
#2827=SHAPE_REPRESENTATION('ball_56',(#3046),#4618);
#2828=SHAPE_REPRESENTATION('ball_57',(#3048),#4619);
#2829=SHAPE_REPRESENTATION('ball_58',(#3050),#4620);
#2830=SHAPE_REPRESENTATION('ball_60',(#3052),#4621);
#2831=SHAPE_REPRESENTATION('ball_61',(#3054),#4622);
#2832=SHAPE_REPRESENTATION('ball_62',(#3056),#4623);
#2833=SHAPE_REPRESENTATION('ball_63',(#3058),#4624);
#2834=SHAPE_REPRESENTATION('ball_64',(#3060),#4625);
#2835=SHAPE_REPRESENTATION('ball_65',(#3062),#4626);
#2836=SHAPE_REPRESENTATION('ball_67',(#3064),#4627);
#2837=SHAPE_REPRESENTATION('ball_68',(#3066),#4628);
#2838=SHAPE_REPRESENTATION('ball_69',(#3068),#4629);
#2839=SHAPE_REPRESENTATION('ball_70',(#3070),#4630);
#2840=SHAPE_REPRESENTATION('ball_71',(#3072),#4631);
#2841=SHAPE_REPRESENTATION('ball_72',(#3074),#4632);
#2842=SHAPE_REPRESENTATION('ball_74',(#3076),#4633);
#2843=SHAPE_REPRESENTATION('ball_79',(#3078),#4634);
#2844=SHAPE_REPRESENTATION('ball_81',(#3080),#4635);
#2845=SHAPE_REPRESENTATION('ball_82',(#3082),#4636);
#2846=SHAPE_REPRESENTATION('ball_83',(#3084),#4637);
#2847=SHAPE_REPRESENTATION('ball_84',(#3086),#4638);
#2848=SHAPE_REPRESENTATION('ball_85',(#3088),#4639);
#2849=SHAPE_REPRESENTATION('ball_86',(#3090),#4640);
#2850=SHAPE_REPRESENTATION('ball_88',(#3092),#4641);
#2851=SHAPE_REPRESENTATION('ball_93',(#3094),#4642);
#2852=SHAPE_REPRESENTATION('ball_95',(#3096),#4643);
#2853=SHAPE_REPRESENTATION('ball_96',(#3098),#4644);
#2854=SHAPE_REPRESENTATION('ball_97',(#3100),#4645);
#2855=SHAPE_REPRESENTATION('ball_98',(#3102),#4646);
#2856=SHAPE_REPRESENTATION('ball_99',(#3104),#4647);
#2857=SHAPE_REPRESENTATION('ball_100',(#3106),#4648);
#2858=SHAPE_REPRESENTATION('ball_102',(#3108),#4649);
#2859=SHAPE_REPRESENTATION('ball_107',(#3110),#4650);
#2860=SHAPE_REPRESENTATION('ball_109',(#3112),#4651);
#2861=SHAPE_REPRESENTATION('ball_110',(#3114),#4652);
#2862=SHAPE_REPRESENTATION('ball_111',(#3116),#4653);
#2863=SHAPE_REPRESENTATION('ball_112',(#3118),#4654);
#2864=SHAPE_REPRESENTATION('ball_113',(#3120),#4655);
#2865=SHAPE_REPRESENTATION('ball_114',(#3122),#4656);
#2866=SHAPE_REPRESENTATION('ball_116',(#3124),#4657);
#2867=SHAPE_REPRESENTATION('ball_121',(#3126),#4658);
#2868=SHAPE_REPRESENTATION('ball_123',(#3128),#4659);
#2869=SHAPE_REPRESENTATION('ball_124',(#3130),#4660);
#2870=SHAPE_REPRESENTATION('ball_125',(#3132),#4661);
#2871=SHAPE_REPRESENTATION('ball_126',(#3134),#4662);
#2872=SHAPE_REPRESENTATION('ball_127',(#3136),#4663);
#2873=SHAPE_REPRESENTATION('ball_128',(#3138),#4664);
#2874=SHAPE_REPRESENTATION('ball_130',(#3140),#4665);
#2875=SHAPE_REPRESENTATION('ball_131',(#3142),#4666);
#2876=SHAPE_REPRESENTATION('ball_132',(#3144),#4667);
#2877=SHAPE_REPRESENTATION('ball_133',(#3146),#4668);
#2878=SHAPE_REPRESENTATION('ball_134',(#3148),#4669);
#2879=SHAPE_REPRESENTATION('ball_135',(#3150),#4670);
#2880=SHAPE_REPRESENTATION('ball_137',(#3152),#4671);
#2881=SHAPE_REPRESENTATION('ball_138',(#3154),#4672);
#2882=SHAPE_REPRESENTATION('ball_139',(#3156),#4673);
#2883=SHAPE_REPRESENTATION('ball_140',(#3158),#4674);
#2884=SHAPE_REPRESENTATION('ball_141',(#3160),#4675);
#2885=SHAPE_REPRESENTATION('ball_142',(#3162),#4676);
#2886=SHAPE_REPRESENTATION('ball_151',(#3164),#4677);
#2887=SHAPE_REPRESENTATION('ball_152',(#3166),#4678);
#2888=SHAPE_REPRESENTATION('ball_153',(#3168),#4679);
#2889=SHAPE_REPRESENTATION('ball_154',(#3170),#4680);
#2890=SHAPE_REPRESENTATION('ball_155',(#3172),#4681);
#2891=SHAPE_REPRESENTATION('ball_156',(#3174),#4682);
#2892=SHAPE_REPRESENTATION('ball_157',(#3176),#4683);
#2893=SHAPE_REPRESENTATION('ball_158',(#3178),#4684);
#2894=SHAPE_REPRESENTATION('ball_159',(#3180),#4685);
#2895=SHAPE_REPRESENTATION('ball_160',(#3182),#4686);
#2896=SHAPE_REPRESENTATION('ball_161',(#3184),#4687);
#2897=SHAPE_REPRESENTATION('ball_162',(#3186),#4688);
#2898=SHAPE_REPRESENTATION('ball_163',(#3188),#4689);
#2899=SHAPE_REPRESENTATION('ball_164',(#3190),#4690);
#2900=SHAPE_REPRESENTATION('ball_165',(#3192),#4691);
#2901=SHAPE_REPRESENTATION('ball_166',(#3194),#4692);
#2902=SHAPE_REPRESENTATION('ball_167',(#3196),#4693);
#2903=SHAPE_REPRESENTATION('ball_168',(#3198),#4694);
#2904=SHAPE_REPRESENTATION('ball_169',(#3200),#4695);
#2905=SHAPE_REPRESENTATION('ball_170',(#3202),#4696);
#2906=SHAPE_REPRESENTATION('ball_171',(#3204),#4697);
#2907=SHAPE_REPRESENTATION('ball_172',(#3206),#4698);
#2908=SHAPE_REPRESENTATION('ball_173',(#3208),#4699);
#2909=SHAPE_REPRESENTATION('ball_174',(#3210),#4700);
#2910=SHAPE_REPRESENTATION('ball_175',(#3212),#4701);
#2911=SHAPE_REPRESENTATION('ball_176',(#3214),#4702);
#2912=SHAPE_REPRESENTATION('ball_177',(#3216),#4703);
#2913=SHAPE_REPRESENTATION('ball_178',(#3218),#4704);
#2914=SHAPE_REPRESENTATION('ball_179',(#3220),#4705);
#2915=SHAPE_REPRESENTATION('ball_180',(#3222),#4706);
#2916=SHAPE_REPRESENTATION('ball_181',(#3224),#4707);
#2917=SHAPE_REPRESENTATION('ball_182',(#3226),#4708);
#2918=SHAPE_REPRESENTATION('ball_183',(#3228),#4709);
#2919=SHAPE_REPRESENTATION('ball_184',(#3230),#4710);
#2920=SHAPE_REPRESENTATION('ball_185',(#3232),#4711);
#2921=SHAPE_REPRESENTATION('ball_186',(#3234),#4712);
#2922=SHAPE_REPRESENTATION('ball_187',(#3236),#4713);
#2923=SHAPE_REPRESENTATION('ball_188',(#3238),#4714);
#2924=SHAPE_REPRESENTATION('ball_189',(#3240),#4715);
#2925=SHAPE_REPRESENTATION('ball_190',(#3242),#4716);
#2926=SHAPE_REPRESENTATION('ball_191',(#3244),#4717);
#2927=SHAPE_REPRESENTATION('ball_192',(#3246),#4718);
#2928=SHAPE_REPRESENTATION('ball_193',(#3248),#4719);
#2929=SHAPE_REPRESENTATION('ball_194',(#3250),#4720);
#2930=SHAPE_REPRESENTATION('ball_195',(#3252),#4721);
#2931=AXIS2_PLACEMENT_3D('',#3912,#3254,#3255);
#2932=AXIS2_PLACEMENT_3D('',#3913,#3256,#3257);
#2933=AXIS2_PLACEMENT_3D('',#3914,#3258,#3259);
#2934=AXIS2_PLACEMENT_3D('',#3916,#3260,#3261);
#2935=AXIS2_PLACEMENT_3D('',#3918,#3262,#3263);
#2936=AXIS2_PLACEMENT_3D('',#3919,#3264,#3265);
#2937=AXIS2_PLACEMENT_3D('',#3920,#3266,#3267);
#2938=AXIS2_PLACEMENT_3D('',#3921,#3268,#3269);
#2939=AXIS2_PLACEMENT_3D('',#3922,#3270,#3271);
#2940=AXIS2_PLACEMENT_3D('',#3924,#3272,#3273);
#2941=AXIS2_PLACEMENT_3D('',#3925,#3274,#3275);
#2942=AXIS2_PLACEMENT_3D('',#3927,#3276,#3277);
#2943=AXIS2_PLACEMENT_3D('',#3936,#3282,#3283);
#2944=AXIS2_PLACEMENT_3D('',#3942,#3287,#3288);
#2945=AXIS2_PLACEMENT_3D('',#3946,#3291,#3292);
#2946=AXIS2_PLACEMENT_3D('',#3950,#3295,#3296);
#2947=AXIS2_PLACEMENT_3D('',#3952,#3298,#3299);
#2948=AXIS2_PLACEMENT_3D('',#3953,#3300,#3301);
#2949=AXIS2_PLACEMENT_3D('',#3954,#3302,#3303);
#2950=AXIS2_PLACEMENT_3D('',#3956,#3304,#3305);
#2951=AXIS2_PLACEMENT_3D('',#3957,#3306,#3307);
#2952=AXIS2_PLACEMENT_3D('',#3959,#3308,#3309);
#2953=AXIS2_PLACEMENT_3D('',#3960,#3310,#3311);
#2954=AXIS2_PLACEMENT_3D('',#3962,#3312,#3313);
#2955=AXIS2_PLACEMENT_3D('',#3963,#3314,#3315);
#2956=AXIS2_PLACEMENT_3D('',#3965,#3316,#3317);
#2957=AXIS2_PLACEMENT_3D('',#3966,#3318,#3319);
#2958=AXIS2_PLACEMENT_3D('',#3968,#3320,#3321);
#2959=AXIS2_PLACEMENT_3D('',#3969,#3322,#3323);
#2960=AXIS2_PLACEMENT_3D('',#3971,#3324,#3325);
#2961=AXIS2_PLACEMENT_3D('',#3972,#3326,#3327);
#2962=AXIS2_PLACEMENT_3D('',#3974,#3328,#3329);
#2963=AXIS2_PLACEMENT_3D('',#3975,#3330,#3331);
#2964=AXIS2_PLACEMENT_3D('',#3977,#3332,#3333);
#2965=AXIS2_PLACEMENT_3D('',#3978,#3334,#3335);
#2966=AXIS2_PLACEMENT_3D('',#3980,#3336,#3337);
#2967=AXIS2_PLACEMENT_3D('',#3981,#3338,#3339);
#2968=AXIS2_PLACEMENT_3D('',#3983,#3340,#3341);
#2969=AXIS2_PLACEMENT_3D('',#3984,#3342,#3343);
#2970=AXIS2_PLACEMENT_3D('',#3986,#3344,#3345);
#2971=AXIS2_PLACEMENT_3D('',#3987,#3346,#3347);
#2972=AXIS2_PLACEMENT_3D('',#3989,#3348,#3349);
#2973=AXIS2_PLACEMENT_3D('',#3990,#3350,#3351);
#2974=AXIS2_PLACEMENT_3D('',#3992,#3352,#3353);
#2975=AXIS2_PLACEMENT_3D('',#3993,#3354,#3355);
#2976=AXIS2_PLACEMENT_3D('',#3995,#3356,#3357);
#2977=AXIS2_PLACEMENT_3D('',#3996,#3358,#3359);
#2978=AXIS2_PLACEMENT_3D('',#3998,#3360,#3361);
#2979=AXIS2_PLACEMENT_3D('',#3999,#3362,#3363);
#2980=AXIS2_PLACEMENT_3D('',#4001,#3364,#3365);
#2981=AXIS2_PLACEMENT_3D('',#4002,#3366,#3367);
#2982=AXIS2_PLACEMENT_3D('',#4004,#3368,#3369);
#2983=AXIS2_PLACEMENT_3D('',#4005,#3370,#3371);
#2984=AXIS2_PLACEMENT_3D('',#4007,#3372,#3373);
#2985=AXIS2_PLACEMENT_3D('',#4008,#3374,#3375);
#2986=AXIS2_PLACEMENT_3D('',#4010,#3376,#3377);
#2987=AXIS2_PLACEMENT_3D('',#4011,#3378,#3379);
#2988=AXIS2_PLACEMENT_3D('',#4013,#3380,#3381);
#2989=AXIS2_PLACEMENT_3D('',#4014,#3382,#3383);
#2990=AXIS2_PLACEMENT_3D('',#4016,#3384,#3385);
#2991=AXIS2_PLACEMENT_3D('',#4017,#3386,#3387);
#2992=AXIS2_PLACEMENT_3D('',#4019,#3388,#3389);
#2993=AXIS2_PLACEMENT_3D('',#4020,#3390,#3391);
#2994=AXIS2_PLACEMENT_3D('',#4022,#3392,#3393);
#2995=AXIS2_PLACEMENT_3D('',#4023,#3394,#3395);
#2996=AXIS2_PLACEMENT_3D('',#4025,#3396,#3397);
#2997=AXIS2_PLACEMENT_3D('',#4026,#3398,#3399);
#2998=AXIS2_PLACEMENT_3D('',#4028,#3400,#3401);
#2999=AXIS2_PLACEMENT_3D('',#4029,#3402,#3403);
#3000=AXIS2_PLACEMENT_3D('',#4031,#3404,#3405);
#3001=AXIS2_PLACEMENT_3D('',#4032,#3406,#3407);
#3002=AXIS2_PLACEMENT_3D('',#4034,#3408,#3409);
#3003=AXIS2_PLACEMENT_3D('',#4035,#3410,#3411);
#3004=AXIS2_PLACEMENT_3D('',#4037,#3412,#3413);
#3005=AXIS2_PLACEMENT_3D('',#4038,#3414,#3415);
#3006=AXIS2_PLACEMENT_3D('',#4040,#3416,#3417);
#3007=AXIS2_PLACEMENT_3D('',#4041,#3418,#3419);
#3008=AXIS2_PLACEMENT_3D('',#4043,#3420,#3421);
#3009=AXIS2_PLACEMENT_3D('',#4044,#3422,#3423);
#3010=AXIS2_PLACEMENT_3D('',#4046,#3424,#3425);
#3011=AXIS2_PLACEMENT_3D('',#4047,#3426,#3427);
#3012=AXIS2_PLACEMENT_3D('',#4049,#3428,#3429);
#3013=AXIS2_PLACEMENT_3D('',#4050,#3430,#3431);
#3014=AXIS2_PLACEMENT_3D('',#4052,#3432,#3433);
#3015=AXIS2_PLACEMENT_3D('',#4053,#3434,#3435);
#3016=AXIS2_PLACEMENT_3D('',#4055,#3436,#3437);
#3017=AXIS2_PLACEMENT_3D('',#4056,#3438,#3439);
#3018=AXIS2_PLACEMENT_3D('',#4058,#3440,#3441);
#3019=AXIS2_PLACEMENT_3D('',#4059,#3442,#3443);
#3020=AXIS2_PLACEMENT_3D('',#4061,#3444,#3445);
#3021=AXIS2_PLACEMENT_3D('',#4062,#3446,#3447);
#3022=AXIS2_PLACEMENT_3D('',#4064,#3448,#3449);
#3023=AXIS2_PLACEMENT_3D('',#4065,#3450,#3451);
#3024=AXIS2_PLACEMENT_3D('',#4067,#3452,#3453);
#3025=AXIS2_PLACEMENT_3D('',#4068,#3454,#3455);
#3026=AXIS2_PLACEMENT_3D('',#4070,#3456,#3457);
#3027=AXIS2_PLACEMENT_3D('',#4071,#3458,#3459);
#3028=AXIS2_PLACEMENT_3D('',#4073,#3460,#3461);
#3029=AXIS2_PLACEMENT_3D('',#4074,#3462,#3463);
#3030=AXIS2_PLACEMENT_3D('',#4076,#3464,#3465);
#3031=AXIS2_PLACEMENT_3D('',#4077,#3466,#3467);
#3032=AXIS2_PLACEMENT_3D('',#4079,#3468,#3469);
#3033=AXIS2_PLACEMENT_3D('',#4080,#3470,#3471);
#3034=AXIS2_PLACEMENT_3D('',#4082,#3472,#3473);
#3035=AXIS2_PLACEMENT_3D('',#4083,#3474,#3475);
#3036=AXIS2_PLACEMENT_3D('',#4085,#3476,#3477);
#3037=AXIS2_PLACEMENT_3D('',#4086,#3478,#3479);
#3038=AXIS2_PLACEMENT_3D('',#4088,#3480,#3481);
#3039=AXIS2_PLACEMENT_3D('',#4089,#3482,#3483);
#3040=AXIS2_PLACEMENT_3D('',#4091,#3484,#3485);
#3041=AXIS2_PLACEMENT_3D('',#4092,#3486,#3487);
#3042=AXIS2_PLACEMENT_3D('',#4094,#3488,#3489);
#3043=AXIS2_PLACEMENT_3D('',#4095,#3490,#3491);
#3044=AXIS2_PLACEMENT_3D('',#4097,#3492,#3493);
#3045=AXIS2_PLACEMENT_3D('',#4098,#3494,#3495);
#3046=AXIS2_PLACEMENT_3D('',#4100,#3496,#3497);
#3047=AXIS2_PLACEMENT_3D('',#4101,#3498,#3499);
#3048=AXIS2_PLACEMENT_3D('',#4103,#3500,#3501);
#3049=AXIS2_PLACEMENT_3D('',#4104,#3502,#3503);
#3050=AXIS2_PLACEMENT_3D('',#4106,#3504,#3505);
#3051=AXIS2_PLACEMENT_3D('',#4107,#3506,#3507);
#3052=AXIS2_PLACEMENT_3D('',#4109,#3508,#3509);
#3053=AXIS2_PLACEMENT_3D('',#4110,#3510,#3511);
#3054=AXIS2_PLACEMENT_3D('',#4112,#3512,#3513);
#3055=AXIS2_PLACEMENT_3D('',#4113,#3514,#3515);
#3056=AXIS2_PLACEMENT_3D('',#4115,#3516,#3517);
#3057=AXIS2_PLACEMENT_3D('',#4116,#3518,#3519);
#3058=AXIS2_PLACEMENT_3D('',#4118,#3520,#3521);
#3059=AXIS2_PLACEMENT_3D('',#4119,#3522,#3523);
#3060=AXIS2_PLACEMENT_3D('',#4121,#3524,#3525);
#3061=AXIS2_PLACEMENT_3D('',#4122,#3526,#3527);
#3062=AXIS2_PLACEMENT_3D('',#4124,#3528,#3529);
#3063=AXIS2_PLACEMENT_3D('',#4125,#3530,#3531);
#3064=AXIS2_PLACEMENT_3D('',#4127,#3532,#3533);
#3065=AXIS2_PLACEMENT_3D('',#4128,#3534,#3535);
#3066=AXIS2_PLACEMENT_3D('',#4130,#3536,#3537);
#3067=AXIS2_PLACEMENT_3D('',#4131,#3538,#3539);
#3068=AXIS2_PLACEMENT_3D('',#4133,#3540,#3541);
#3069=AXIS2_PLACEMENT_3D('',#4134,#3542,#3543);
#3070=AXIS2_PLACEMENT_3D('',#4136,#3544,#3545);
#3071=AXIS2_PLACEMENT_3D('',#4137,#3546,#3547);
#3072=AXIS2_PLACEMENT_3D('',#4139,#3548,#3549);
#3073=AXIS2_PLACEMENT_3D('',#4140,#3550,#3551);
#3074=AXIS2_PLACEMENT_3D('',#4142,#3552,#3553);
#3075=AXIS2_PLACEMENT_3D('',#4143,#3554,#3555);
#3076=AXIS2_PLACEMENT_3D('',#4145,#3556,#3557);
#3077=AXIS2_PLACEMENT_3D('',#4146,#3558,#3559);
#3078=AXIS2_PLACEMENT_3D('',#4148,#3560,#3561);
#3079=AXIS2_PLACEMENT_3D('',#4149,#3562,#3563);
#3080=AXIS2_PLACEMENT_3D('',#4151,#3564,#3565);
#3081=AXIS2_PLACEMENT_3D('',#4152,#3566,#3567);
#3082=AXIS2_PLACEMENT_3D('',#4154,#3568,#3569);
#3083=AXIS2_PLACEMENT_3D('',#4155,#3570,#3571);
#3084=AXIS2_PLACEMENT_3D('',#4157,#3572,#3573);
#3085=AXIS2_PLACEMENT_3D('',#4158,#3574,#3575);
#3086=AXIS2_PLACEMENT_3D('',#4160,#3576,#3577);
#3087=AXIS2_PLACEMENT_3D('',#4161,#3578,#3579);
#3088=AXIS2_PLACEMENT_3D('',#4163,#3580,#3581);
#3089=AXIS2_PLACEMENT_3D('',#4164,#3582,#3583);
#3090=AXIS2_PLACEMENT_3D('',#4166,#3584,#3585);
#3091=AXIS2_PLACEMENT_3D('',#4167,#3586,#3587);
#3092=AXIS2_PLACEMENT_3D('',#4169,#3588,#3589);
#3093=AXIS2_PLACEMENT_3D('',#4170,#3590,#3591);
#3094=AXIS2_PLACEMENT_3D('',#4172,#3592,#3593);
#3095=AXIS2_PLACEMENT_3D('',#4173,#3594,#3595);
#3096=AXIS2_PLACEMENT_3D('',#4175,#3596,#3597);
#3097=AXIS2_PLACEMENT_3D('',#4176,#3598,#3599);
#3098=AXIS2_PLACEMENT_3D('',#4178,#3600,#3601);
#3099=AXIS2_PLACEMENT_3D('',#4179,#3602,#3603);
#3100=AXIS2_PLACEMENT_3D('',#4181,#3604,#3605);
#3101=AXIS2_PLACEMENT_3D('',#4182,#3606,#3607);
#3102=AXIS2_PLACEMENT_3D('',#4184,#3608,#3609);
#3103=AXIS2_PLACEMENT_3D('',#4185,#3610,#3611);
#3104=AXIS2_PLACEMENT_3D('',#4187,#3612,#3613);
#3105=AXIS2_PLACEMENT_3D('',#4188,#3614,#3615);
#3106=AXIS2_PLACEMENT_3D('',#4190,#3616,#3617);
#3107=AXIS2_PLACEMENT_3D('',#4191,#3618,#3619);
#3108=AXIS2_PLACEMENT_3D('',#4193,#3620,#3621);
#3109=AXIS2_PLACEMENT_3D('',#4194,#3622,#3623);
#3110=AXIS2_PLACEMENT_3D('',#4196,#3624,#3625);
#3111=AXIS2_PLACEMENT_3D('',#4197,#3626,#3627);
#3112=AXIS2_PLACEMENT_3D('',#4199,#3628,#3629);
#3113=AXIS2_PLACEMENT_3D('',#4200,#3630,#3631);
#3114=AXIS2_PLACEMENT_3D('',#4202,#3632,#3633);
#3115=AXIS2_PLACEMENT_3D('',#4203,#3634,#3635);
#3116=AXIS2_PLACEMENT_3D('',#4205,#3636,#3637);
#3117=AXIS2_PLACEMENT_3D('',#4206,#3638,#3639);
#3118=AXIS2_PLACEMENT_3D('',#4208,#3640,#3641);
#3119=AXIS2_PLACEMENT_3D('',#4209,#3642,#3643);
#3120=AXIS2_PLACEMENT_3D('',#4211,#3644,#3645);
#3121=AXIS2_PLACEMENT_3D('',#4212,#3646,#3647);
#3122=AXIS2_PLACEMENT_3D('',#4214,#3648,#3649);
#3123=AXIS2_PLACEMENT_3D('',#4215,#3650,#3651);
#3124=AXIS2_PLACEMENT_3D('',#4217,#3652,#3653);
#3125=AXIS2_PLACEMENT_3D('',#4218,#3654,#3655);
#3126=AXIS2_PLACEMENT_3D('',#4220,#3656,#3657);
#3127=AXIS2_PLACEMENT_3D('',#4221,#3658,#3659);
#3128=AXIS2_PLACEMENT_3D('',#4223,#3660,#3661);
#3129=AXIS2_PLACEMENT_3D('',#4224,#3662,#3663);
#3130=AXIS2_PLACEMENT_3D('',#4226,#3664,#3665);
#3131=AXIS2_PLACEMENT_3D('',#4227,#3666,#3667);
#3132=AXIS2_PLACEMENT_3D('',#4229,#3668,#3669);
#3133=AXIS2_PLACEMENT_3D('',#4230,#3670,#3671);
#3134=AXIS2_PLACEMENT_3D('',#4232,#3672,#3673);
#3135=AXIS2_PLACEMENT_3D('',#4233,#3674,#3675);
#3136=AXIS2_PLACEMENT_3D('',#4235,#3676,#3677);
#3137=AXIS2_PLACEMENT_3D('',#4236,#3678,#3679);
#3138=AXIS2_PLACEMENT_3D('',#4238,#3680,#3681);
#3139=AXIS2_PLACEMENT_3D('',#4239,#3682,#3683);
#3140=AXIS2_PLACEMENT_3D('',#4241,#3684,#3685);
#3141=AXIS2_PLACEMENT_3D('',#4242,#3686,#3687);
#3142=AXIS2_PLACEMENT_3D('',#4244,#3688,#3689);
#3143=AXIS2_PLACEMENT_3D('',#4245,#3690,#3691);
#3144=AXIS2_PLACEMENT_3D('',#4247,#3692,#3693);
#3145=AXIS2_PLACEMENT_3D('',#4248,#3694,#3695);
#3146=AXIS2_PLACEMENT_3D('',#4250,#3696,#3697);
#3147=AXIS2_PLACEMENT_3D('',#4251,#3698,#3699);
#3148=AXIS2_PLACEMENT_3D('',#4253,#3700,#3701);
#3149=AXIS2_PLACEMENT_3D('',#4254,#3702,#3703);
#3150=AXIS2_PLACEMENT_3D('',#4256,#3704,#3705);
#3151=AXIS2_PLACEMENT_3D('',#4257,#3706,#3707);
#3152=AXIS2_PLACEMENT_3D('',#4259,#3708,#3709);
#3153=AXIS2_PLACEMENT_3D('',#4260,#3710,#3711);
#3154=AXIS2_PLACEMENT_3D('',#4262,#3712,#3713);
#3155=AXIS2_PLACEMENT_3D('',#4263,#3714,#3715);
#3156=AXIS2_PLACEMENT_3D('',#4265,#3716,#3717);
#3157=AXIS2_PLACEMENT_3D('',#4266,#3718,#3719);
#3158=AXIS2_PLACEMENT_3D('',#4268,#3720,#3721);
#3159=AXIS2_PLACEMENT_3D('',#4269,#3722,#3723);
#3160=AXIS2_PLACEMENT_3D('',#4271,#3724,#3725);
#3161=AXIS2_PLACEMENT_3D('',#4272,#3726,#3727);
#3162=AXIS2_PLACEMENT_3D('',#4274,#3728,#3729);
#3163=AXIS2_PLACEMENT_3D('',#4275,#3730,#3731);
#3164=AXIS2_PLACEMENT_3D('',#4277,#3732,#3733);
#3165=AXIS2_PLACEMENT_3D('',#4278,#3734,#3735);
#3166=AXIS2_PLACEMENT_3D('',#4280,#3736,#3737);
#3167=AXIS2_PLACEMENT_3D('',#4281,#3738,#3739);
#3168=AXIS2_PLACEMENT_3D('',#4283,#3740,#3741);
#3169=AXIS2_PLACEMENT_3D('',#4284,#3742,#3743);
#3170=AXIS2_PLACEMENT_3D('',#4286,#3744,#3745);
#3171=AXIS2_PLACEMENT_3D('',#4287,#3746,#3747);
#3172=AXIS2_PLACEMENT_3D('',#4289,#3748,#3749);
#3173=AXIS2_PLACEMENT_3D('',#4290,#3750,#3751);
#3174=AXIS2_PLACEMENT_3D('',#4292,#3752,#3753);
#3175=AXIS2_PLACEMENT_3D('',#4293,#3754,#3755);
#3176=AXIS2_PLACEMENT_3D('',#4295,#3756,#3757);
#3177=AXIS2_PLACEMENT_3D('',#4296,#3758,#3759);
#3178=AXIS2_PLACEMENT_3D('',#4298,#3760,#3761);
#3179=AXIS2_PLACEMENT_3D('',#4299,#3762,#3763);
#3180=AXIS2_PLACEMENT_3D('',#4301,#3764,#3765);
#3181=AXIS2_PLACEMENT_3D('',#4302,#3766,#3767);
#3182=AXIS2_PLACEMENT_3D('',#4304,#3768,#3769);
#3183=AXIS2_PLACEMENT_3D('',#4305,#3770,#3771);
#3184=AXIS2_PLACEMENT_3D('',#4307,#3772,#3773);
#3185=AXIS2_PLACEMENT_3D('',#4308,#3774,#3775);
#3186=AXIS2_PLACEMENT_3D('',#4310,#3776,#3777);
#3187=AXIS2_PLACEMENT_3D('',#4311,#3778,#3779);
#3188=AXIS2_PLACEMENT_3D('',#4313,#3780,#3781);
#3189=AXIS2_PLACEMENT_3D('',#4314,#3782,#3783);
#3190=AXIS2_PLACEMENT_3D('',#4316,#3784,#3785);
#3191=AXIS2_PLACEMENT_3D('',#4317,#3786,#3787);
#3192=AXIS2_PLACEMENT_3D('',#4319,#3788,#3789);
#3193=AXIS2_PLACEMENT_3D('',#4320,#3790,#3791);
#3194=AXIS2_PLACEMENT_3D('',#4322,#3792,#3793);
#3195=AXIS2_PLACEMENT_3D('',#4323,#3794,#3795);
#3196=AXIS2_PLACEMENT_3D('',#4325,#3796,#3797);
#3197=AXIS2_PLACEMENT_3D('',#4326,#3798,#3799);
#3198=AXIS2_PLACEMENT_3D('',#4328,#3800,#3801);
#3199=AXIS2_PLACEMENT_3D('',#4329,#3802,#3803);
#3200=AXIS2_PLACEMENT_3D('',#4331,#3804,#3805);
#3201=AXIS2_PLACEMENT_3D('',#4332,#3806,#3807);
#3202=AXIS2_PLACEMENT_3D('',#4334,#3808,#3809);
#3203=AXIS2_PLACEMENT_3D('',#4335,#3810,#3811);
#3204=AXIS2_PLACEMENT_3D('',#4337,#3812,#3813);
#3205=AXIS2_PLACEMENT_3D('',#4338,#3814,#3815);
#3206=AXIS2_PLACEMENT_3D('',#4340,#3816,#3817);
#3207=AXIS2_PLACEMENT_3D('',#4341,#3818,#3819);
#3208=AXIS2_PLACEMENT_3D('',#4343,#3820,#3821);
#3209=AXIS2_PLACEMENT_3D('',#4344,#3822,#3823);
#3210=AXIS2_PLACEMENT_3D('',#4346,#3824,#3825);
#3211=AXIS2_PLACEMENT_3D('',#4347,#3826,#3827);
#3212=AXIS2_PLACEMENT_3D('',#4349,#3828,#3829);
#3213=AXIS2_PLACEMENT_3D('',#4350,#3830,#3831);
#3214=AXIS2_PLACEMENT_3D('',#4352,#3832,#3833);
#3215=AXIS2_PLACEMENT_3D('',#4353,#3834,#3835);
#3216=AXIS2_PLACEMENT_3D('',#4355,#3836,#3837);
#3217=AXIS2_PLACEMENT_3D('',#4356,#3838,#3839);
#3218=AXIS2_PLACEMENT_3D('',#4358,#3840,#3841);
#3219=AXIS2_PLACEMENT_3D('',#4359,#3842,#3843);
#3220=AXIS2_PLACEMENT_3D('',#4361,#3844,#3845);
#3221=AXIS2_PLACEMENT_3D('',#4362,#3846,#3847);
#3222=AXIS2_PLACEMENT_3D('',#4364,#3848,#3849);
#3223=AXIS2_PLACEMENT_3D('',#4365,#3850,#3851);
#3224=AXIS2_PLACEMENT_3D('',#4367,#3852,#3853);
#3225=AXIS2_PLACEMENT_3D('',#4368,#3854,#3855);
#3226=AXIS2_PLACEMENT_3D('',#4370,#3856,#3857);
#3227=AXIS2_PLACEMENT_3D('',#4371,#3858,#3859);
#3228=AXIS2_PLACEMENT_3D('',#4373,#3860,#3861);
#3229=AXIS2_PLACEMENT_3D('',#4374,#3862,#3863);
#3230=AXIS2_PLACEMENT_3D('',#4376,#3864,#3865);
#3231=AXIS2_PLACEMENT_3D('',#4377,#3866,#3867);
#3232=AXIS2_PLACEMENT_3D('',#4379,#3868,#3869);
#3233=AXIS2_PLACEMENT_3D('',#4380,#3870,#3871);
#3234=AXIS2_PLACEMENT_3D('',#4382,#3872,#3873);
#3235=AXIS2_PLACEMENT_3D('',#4383,#3874,#3875);
#3236=AXIS2_PLACEMENT_3D('',#4385,#3876,#3877);
#3237=AXIS2_PLACEMENT_3D('',#4386,#3878,#3879);
#3238=AXIS2_PLACEMENT_3D('',#4388,#3880,#3881);
#3239=AXIS2_PLACEMENT_3D('',#4389,#3882,#3883);
#3240=AXIS2_PLACEMENT_3D('',#4391,#3884,#3885);
#3241=AXIS2_PLACEMENT_3D('',#4392,#3886,#3887);
#3242=AXIS2_PLACEMENT_3D('',#4394,#3888,#3889);
#3243=AXIS2_PLACEMENT_3D('',#4395,#3890,#3891);
#3244=AXIS2_PLACEMENT_3D('',#4397,#3892,#3893);
#3245=AXIS2_PLACEMENT_3D('',#4398,#3894,#3895);
#3246=AXIS2_PLACEMENT_3D('',#4400,#3896,#3897);
#3247=AXIS2_PLACEMENT_3D('',#4401,#3898,#3899);
#3248=AXIS2_PLACEMENT_3D('',#4403,#3900,#3901);
#3249=AXIS2_PLACEMENT_3D('',#4404,#3902,#3903);
#3250=AXIS2_PLACEMENT_3D('',#4406,#3904,#3905);
#3251=AXIS2_PLACEMENT_3D('',#4407,#3906,#3907);
#3252=AXIS2_PLACEMENT_3D('',#4409,#3908,#3909);
#3253=AXIS2_PLACEMENT_3D('',#4410,#3910,#3911);
#3254=DIRECTION('',(0.,0.,1.));
#3255=DIRECTION('',(1.,0.,0.));
#3256=DIRECTION('',(0.,0.,-1.));
#3257=DIRECTION('',(-1.,0.,0.));
#3258=DIRECTION('',(0.,0.,1.));
#3259=DIRECTION('',(1.,0.,0.));
#3260=DIRECTION('',(0.,0.,1.));
#3261=DIRECTION('',(1.,0.,0.));
#3262=DIRECTION('',(0.,0.,1.));
#3263=DIRECTION('',(1.,0.,0.));
#3264=DIRECTION('',(0.,0.,1.));
#3265=DIRECTION('',(1.,0.,0.));
#3266=DIRECTION('',(0.,0.,1.));
#3267=DIRECTION('',(1.,0.,0.));
#3268=DIRECTION('',(0.,0.,1.));
#3269=DIRECTION('',(1.,0.,0.));
#3270=DIRECTION('',(0.,0.,1.));
#3271=DIRECTION('',(1.,0.,0.));
#3272=DIRECTION('',(0.,0.,1.));
#3273=DIRECTION('',(1.,0.,0.));
#3274=DIRECTION('',(0.,0.,1.));
#3275=DIRECTION('',(1.,0.,0.));
#3276=DIRECTION('',(1.,0.,0.));
#3277=DIRECTION('',(0.,0.,1.));
#3278=DIRECTION('',(0.,0.,1.));
#3279=DIRECTION('',(0.,1.,0.));
#3280=DIRECTION('',(0.,0.,1.));
#3281=DIRECTION('',(0.,1.,0.));
#3282=DIRECTION('',(0.,0.,1.));
#3283=DIRECTION('',(1.,0.,0.));
#3284=DIRECTION('',(1.,0.,0.));
#3285=DIRECTION('',(1.,0.,0.));
#3286=DIRECTION('',(0.,1.,0.));
#3287=DIRECTION('',(0.,1.,0.));
#3288=DIRECTION('',(0.,0.,1.));
#3289=DIRECTION('',(0.,0.,1.));
#3290=DIRECTION('',(1.,0.,0.));
#3291=DIRECTION('',(0.,0.,1.));
#3292=DIRECTION('',(1.,0.,0.));
#3293=DIRECTION('',(0.,1.,0.));
#3294=DIRECTION('',(1.,0.,0.));
#3295=DIRECTION('',(0.,1.,0.));
#3296=DIRECTION('',(0.,0.,1.));
#3297=DIRECTION('',(0.,0.,1.));
#3298=DIRECTION('',(1.,0.,0.));
#3299=DIRECTION('',(0.,0.,1.));
#3300=DIRECTION('',(0.,0.,1.));
#3301=DIRECTION('',(1.,0.,0.));
#3302=DIRECTION('',(0.,0.,1.));
#3303=DIRECTION('',(1.,0.,0.));
#3304=DIRECTION('',(0.,0.,1.));
#3305=DIRECTION('',(1.,0.,0.));
#3306=DIRECTION('',(0.,0.,1.));
#3307=DIRECTION('',(1.,0.,0.));
#3308=DIRECTION('',(0.,0.,1.));
#3309=DIRECTION('',(1.,0.,0.));
#3310=DIRECTION('',(0.,0.,1.));
#3311=DIRECTION('',(1.,0.,0.));
#3312=DIRECTION('',(0.,0.,1.));
#3313=DIRECTION('',(1.,0.,0.));
#3314=DIRECTION('',(0.,0.,1.));
#3315=DIRECTION('',(1.,0.,0.));
#3316=DIRECTION('',(0.,0.,1.));
#3317=DIRECTION('',(1.,0.,0.));
#3318=DIRECTION('',(0.,0.,1.));
#3319=DIRECTION('',(1.,0.,0.));
#3320=DIRECTION('',(0.,0.,1.));
#3321=DIRECTION('',(1.,0.,0.));
#3322=DIRECTION('',(0.,0.,1.));
#3323=DIRECTION('',(1.,0.,0.));
#3324=DIRECTION('',(0.,0.,1.));
#3325=DIRECTION('',(1.,0.,0.));
#3326=DIRECTION('',(0.,0.,1.));
#3327=DIRECTION('',(1.,0.,0.));
#3328=DIRECTION('',(0.,0.,1.));
#3329=DIRECTION('',(1.,0.,0.));
#3330=DIRECTION('',(0.,0.,1.));
#3331=DIRECTION('',(1.,0.,0.));
#3332=DIRECTION('',(0.,0.,1.));
#3333=DIRECTION('',(1.,0.,0.));
#3334=DIRECTION('',(0.,0.,1.));
#3335=DIRECTION('',(1.,0.,0.));
#3336=DIRECTION('',(0.,0.,1.));
#3337=DIRECTION('',(1.,0.,0.));
#3338=DIRECTION('',(0.,0.,1.));
#3339=DIRECTION('',(1.,0.,0.));
#3340=DIRECTION('',(0.,0.,1.));
#3341=DIRECTION('',(1.,0.,0.));
#3342=DIRECTION('',(0.,0.,1.));
#3343=DIRECTION('',(1.,0.,0.));
#3344=DIRECTION('',(0.,0.,1.));
#3345=DIRECTION('',(1.,0.,0.));
#3346=DIRECTION('',(0.,0.,1.));
#3347=DIRECTION('',(1.,0.,0.));
#3348=DIRECTION('',(0.,0.,1.));
#3349=DIRECTION('',(1.,0.,0.));
#3350=DIRECTION('',(0.,0.,1.));
#3351=DIRECTION('',(1.,0.,0.));
#3352=DIRECTION('',(0.,0.,1.));
#3353=DIRECTION('',(1.,0.,0.));
#3354=DIRECTION('',(0.,0.,1.));
#3355=DIRECTION('',(1.,0.,0.));
#3356=DIRECTION('',(0.,0.,1.));
#3357=DIRECTION('',(1.,0.,0.));
#3358=DIRECTION('',(0.,0.,1.));
#3359=DIRECTION('',(1.,0.,0.));
#3360=DIRECTION('',(0.,0.,1.));
#3361=DIRECTION('',(1.,0.,0.));
#3362=DIRECTION('',(0.,0.,1.));
#3363=DIRECTION('',(1.,0.,0.));
#3364=DIRECTION('',(0.,0.,1.));
#3365=DIRECTION('',(1.,0.,0.));
#3366=DIRECTION('',(0.,0.,1.));
#3367=DIRECTION('',(1.,0.,0.));
#3368=DIRECTION('',(0.,0.,1.));
#3369=DIRECTION('',(1.,0.,0.));
#3370=DIRECTION('',(0.,0.,1.));
#3371=DIRECTION('',(1.,0.,0.));
#3372=DIRECTION('',(0.,0.,1.));
#3373=DIRECTION('',(1.,0.,0.));
#3374=DIRECTION('',(0.,0.,1.));
#3375=DIRECTION('',(1.,0.,0.));
#3376=DIRECTION('',(0.,0.,1.));
#3377=DIRECTION('',(1.,0.,0.));
#3378=DIRECTION('',(0.,0.,1.));
#3379=DIRECTION('',(1.,0.,0.));
#3380=DIRECTION('',(0.,0.,1.));
#3381=DIRECTION('',(1.,0.,0.));
#3382=DIRECTION('',(0.,0.,1.));
#3383=DIRECTION('',(1.,0.,0.));
#3384=DIRECTION('',(0.,0.,1.));
#3385=DIRECTION('',(1.,0.,0.));
#3386=DIRECTION('',(0.,0.,1.));
#3387=DIRECTION('',(1.,0.,0.));
#3388=DIRECTION('',(0.,0.,1.));
#3389=DIRECTION('',(1.,0.,0.));
#3390=DIRECTION('',(0.,0.,1.));
#3391=DIRECTION('',(1.,0.,0.));
#3392=DIRECTION('',(0.,0.,1.));
#3393=DIRECTION('',(1.,0.,0.));
#3394=DIRECTION('',(0.,0.,1.));
#3395=DIRECTION('',(1.,0.,0.));
#3396=DIRECTION('',(0.,0.,1.));
#3397=DIRECTION('',(1.,0.,0.));
#3398=DIRECTION('',(0.,0.,1.));
#3399=DIRECTION('',(1.,0.,0.));
#3400=DIRECTION('',(0.,0.,1.));
#3401=DIRECTION('',(1.,0.,0.));
#3402=DIRECTION('',(0.,0.,1.));
#3403=DIRECTION('',(1.,0.,0.));
#3404=DIRECTION('',(0.,0.,1.));
#3405=DIRECTION('',(1.,0.,0.));
#3406=DIRECTION('',(0.,0.,1.));
#3407=DIRECTION('',(1.,0.,0.));
#3408=DIRECTION('',(0.,0.,1.));
#3409=DIRECTION('',(1.,0.,0.));
#3410=DIRECTION('',(0.,0.,1.));
#3411=DIRECTION('',(1.,0.,0.));
#3412=DIRECTION('',(0.,0.,1.));
#3413=DIRECTION('',(1.,0.,0.));
#3414=DIRECTION('',(0.,0.,1.));
#3415=DIRECTION('',(1.,0.,0.));
#3416=DIRECTION('',(0.,0.,1.));
#3417=DIRECTION('',(1.,0.,0.));
#3418=DIRECTION('',(0.,0.,1.));
#3419=DIRECTION('',(1.,0.,0.));
#3420=DIRECTION('',(0.,0.,1.));
#3421=DIRECTION('',(1.,0.,0.));
#3422=DIRECTION('',(0.,0.,1.));
#3423=DIRECTION('',(1.,0.,0.));
#3424=DIRECTION('',(0.,0.,1.));
#3425=DIRECTION('',(1.,0.,0.));
#3426=DIRECTION('',(0.,0.,1.));
#3427=DIRECTION('',(1.,0.,0.));
#3428=DIRECTION('',(0.,0.,1.));
#3429=DIRECTION('',(1.,0.,0.));
#3430=DIRECTION('',(0.,0.,1.));
#3431=DIRECTION('',(1.,0.,0.));
#3432=DIRECTION('',(0.,0.,1.));
#3433=DIRECTION('',(1.,0.,0.));
#3434=DIRECTION('',(0.,0.,1.));
#3435=DIRECTION('',(1.,0.,0.));
#3436=DIRECTION('',(0.,0.,1.));
#3437=DIRECTION('',(1.,0.,0.));
#3438=DIRECTION('',(0.,0.,1.));
#3439=DIRECTION('',(1.,0.,0.));
#3440=DIRECTION('',(0.,0.,1.));
#3441=DIRECTION('',(1.,0.,0.));
#3442=DIRECTION('',(0.,0.,1.));
#3443=DIRECTION('',(1.,0.,0.));
#3444=DIRECTION('',(0.,0.,1.));
#3445=DIRECTION('',(1.,0.,0.));
#3446=DIRECTION('',(0.,0.,1.));
#3447=DIRECTION('',(1.,0.,0.));
#3448=DIRECTION('',(0.,0.,1.));
#3449=DIRECTION('',(1.,0.,0.));
#3450=DIRECTION('',(0.,0.,1.));
#3451=DIRECTION('',(1.,0.,0.));
#3452=DIRECTION('',(0.,0.,1.));
#3453=DIRECTION('',(1.,0.,0.));
#3454=DIRECTION('',(0.,0.,1.));
#3455=DIRECTION('',(1.,0.,0.));
#3456=DIRECTION('',(0.,0.,1.));
#3457=DIRECTION('',(1.,0.,0.));
#3458=DIRECTION('',(0.,0.,1.));
#3459=DIRECTION('',(1.,0.,0.));
#3460=DIRECTION('',(0.,0.,1.));
#3461=DIRECTION('',(1.,0.,0.));
#3462=DIRECTION('',(0.,0.,1.));
#3463=DIRECTION('',(1.,0.,0.));
#3464=DIRECTION('',(0.,0.,1.));
#3465=DIRECTION('',(1.,0.,0.));
#3466=DIRECTION('',(0.,0.,1.));
#3467=DIRECTION('',(1.,0.,0.));
#3468=DIRECTION('',(0.,0.,1.));
#3469=DIRECTION('',(1.,0.,0.));
#3470=DIRECTION('',(0.,0.,1.));
#3471=DIRECTION('',(1.,0.,0.));
#3472=DIRECTION('',(0.,0.,1.));
#3473=DIRECTION('',(1.,0.,0.));
#3474=DIRECTION('',(0.,0.,1.));
#3475=DIRECTION('',(1.,0.,0.));
#3476=DIRECTION('',(0.,0.,1.));
#3477=DIRECTION('',(1.,0.,0.));
#3478=DIRECTION('',(0.,0.,1.));
#3479=DIRECTION('',(1.,0.,0.));
#3480=DIRECTION('',(0.,0.,1.));
#3481=DIRECTION('',(1.,0.,0.));
#3482=DIRECTION('',(0.,0.,1.));
#3483=DIRECTION('',(1.,0.,0.));
#3484=DIRECTION('',(0.,0.,1.));
#3485=DIRECTION('',(1.,0.,0.));
#3486=DIRECTION('',(0.,0.,1.));
#3487=DIRECTION('',(1.,0.,0.));
#3488=DIRECTION('',(0.,0.,1.));
#3489=DIRECTION('',(1.,0.,0.));
#3490=DIRECTION('',(0.,0.,1.));
#3491=DIRECTION('',(1.,0.,0.));
#3492=DIRECTION('',(0.,0.,1.));
#3493=DIRECTION('',(1.,0.,0.));
#3494=DIRECTION('',(0.,0.,1.));
#3495=DIRECTION('',(1.,0.,0.));
#3496=DIRECTION('',(0.,0.,1.));
#3497=DIRECTION('',(1.,0.,0.));
#3498=DIRECTION('',(0.,0.,1.));
#3499=DIRECTION('',(1.,0.,0.));
#3500=DIRECTION('',(0.,0.,1.));
#3501=DIRECTION('',(1.,0.,0.));
#3502=DIRECTION('',(0.,0.,1.));
#3503=DIRECTION('',(1.,0.,0.));
#3504=DIRECTION('',(0.,0.,1.));
#3505=DIRECTION('',(1.,0.,0.));
#3506=DIRECTION('',(0.,0.,1.));
#3507=DIRECTION('',(1.,0.,0.));
#3508=DIRECTION('',(0.,0.,1.));
#3509=DIRECTION('',(1.,0.,0.));
#3510=DIRECTION('',(0.,0.,1.));
#3511=DIRECTION('',(1.,0.,0.));
#3512=DIRECTION('',(0.,0.,1.));
#3513=DIRECTION('',(1.,0.,0.));
#3514=DIRECTION('',(0.,0.,1.));
#3515=DIRECTION('',(1.,0.,0.));
#3516=DIRECTION('',(0.,0.,1.));
#3517=DIRECTION('',(1.,0.,0.));
#3518=DIRECTION('',(0.,0.,1.));
#3519=DIRECTION('',(1.,0.,0.));
#3520=DIRECTION('',(0.,0.,1.));
#3521=DIRECTION('',(1.,0.,0.));
#3522=DIRECTION('',(0.,0.,1.));
#3523=DIRECTION('',(1.,0.,0.));
#3524=DIRECTION('',(0.,0.,1.));
#3525=DIRECTION('',(1.,0.,0.));
#3526=DIRECTION('',(0.,0.,1.));
#3527=DIRECTION('',(1.,0.,0.));
#3528=DIRECTION('',(0.,0.,1.));
#3529=DIRECTION('',(1.,0.,0.));
#3530=DIRECTION('',(0.,0.,1.));
#3531=DIRECTION('',(1.,0.,0.));
#3532=DIRECTION('',(0.,0.,1.));
#3533=DIRECTION('',(1.,0.,0.));
#3534=DIRECTION('',(0.,0.,1.));
#3535=DIRECTION('',(1.,0.,0.));
#3536=DIRECTION('',(0.,0.,1.));
#3537=DIRECTION('',(1.,0.,0.));
#3538=DIRECTION('',(0.,0.,1.));
#3539=DIRECTION('',(1.,0.,0.));
#3540=DIRECTION('',(0.,0.,1.));
#3541=DIRECTION('',(1.,0.,0.));
#3542=DIRECTION('',(0.,0.,1.));
#3543=DIRECTION('',(1.,0.,0.));
#3544=DIRECTION('',(0.,0.,1.));
#3545=DIRECTION('',(1.,0.,0.));
#3546=DIRECTION('',(0.,0.,1.));
#3547=DIRECTION('',(1.,0.,0.));
#3548=DIRECTION('',(0.,0.,1.));
#3549=DIRECTION('',(1.,0.,0.));
#3550=DIRECTION('',(0.,0.,1.));
#3551=DIRECTION('',(1.,0.,0.));
#3552=DIRECTION('',(0.,0.,1.));
#3553=DIRECTION('',(1.,0.,0.));
#3554=DIRECTION('',(0.,0.,1.));
#3555=DIRECTION('',(1.,0.,0.));
#3556=DIRECTION('',(0.,0.,1.));
#3557=DIRECTION('',(1.,0.,0.));
#3558=DIRECTION('',(0.,0.,1.));
#3559=DIRECTION('',(1.,0.,0.));
#3560=DIRECTION('',(0.,0.,1.));
#3561=DIRECTION('',(1.,0.,0.));
#3562=DIRECTION('',(0.,0.,1.));
#3563=DIRECTION('',(1.,0.,0.));
#3564=DIRECTION('',(0.,0.,1.));
#3565=DIRECTION('',(1.,0.,0.));
#3566=DIRECTION('',(0.,0.,1.));
#3567=DIRECTION('',(1.,0.,0.));
#3568=DIRECTION('',(0.,0.,1.));
#3569=DIRECTION('',(1.,0.,0.));
#3570=DIRECTION('',(0.,0.,1.));
#3571=DIRECTION('',(1.,0.,0.));
#3572=DIRECTION('',(0.,0.,1.));
#3573=DIRECTION('',(1.,0.,0.));
#3574=DIRECTION('',(0.,0.,1.));
#3575=DIRECTION('',(1.,0.,0.));
#3576=DIRECTION('',(0.,0.,1.));
#3577=DIRECTION('',(1.,0.,0.));
#3578=DIRECTION('',(0.,0.,1.));
#3579=DIRECTION('',(1.,0.,0.));
#3580=DIRECTION('',(0.,0.,1.));
#3581=DIRECTION('',(1.,0.,0.));
#3582=DIRECTION('',(0.,0.,1.));
#3583=DIRECTION('',(1.,0.,0.));
#3584=DIRECTION('',(0.,0.,1.));
#3585=DIRECTION('',(1.,0.,0.));
#3586=DIRECTION('',(0.,0.,1.));
#3587=DIRECTION('',(1.,0.,0.));
#3588=DIRECTION('',(0.,0.,1.));
#3589=DIRECTION('',(1.,0.,0.));
#3590=DIRECTION('',(0.,0.,1.));
#3591=DIRECTION('',(1.,0.,0.));
#3592=DIRECTION('',(0.,0.,1.));
#3593=DIRECTION('',(1.,0.,0.));
#3594=DIRECTION('',(0.,0.,1.));
#3595=DIRECTION('',(1.,0.,0.));
#3596=DIRECTION('',(0.,0.,1.));
#3597=DIRECTION('',(1.,0.,0.));
#3598=DIRECTION('',(0.,0.,1.));
#3599=DIRECTION('',(1.,0.,0.));
#3600=DIRECTION('',(0.,0.,1.));
#3601=DIRECTION('',(1.,0.,0.));
#3602=DIRECTION('',(0.,0.,1.));
#3603=DIRECTION('',(1.,0.,0.));
#3604=DIRECTION('',(0.,0.,1.));
#3605=DIRECTION('',(1.,0.,0.));
#3606=DIRECTION('',(0.,0.,1.));
#3607=DIRECTION('',(1.,0.,0.));
#3608=DIRECTION('',(0.,0.,1.));
#3609=DIRECTION('',(1.,0.,0.));
#3610=DIRECTION('',(0.,0.,1.));
#3611=DIRECTION('',(1.,0.,0.));
#3612=DIRECTION('',(0.,0.,1.));
#3613=DIRECTION('',(1.,0.,0.));
#3614=DIRECTION('',(0.,0.,1.));
#3615=DIRECTION('',(1.,0.,0.));
#3616=DIRECTION('',(0.,0.,1.));
#3617=DIRECTION('',(1.,0.,0.));
#3618=DIRECTION('',(0.,0.,1.));
#3619=DIRECTION('',(1.,0.,0.));
#3620=DIRECTION('',(0.,0.,1.));
#3621=DIRECTION('',(1.,0.,0.));
#3622=DIRECTION('',(0.,0.,1.));
#3623=DIRECTION('',(1.,0.,0.));
#3624=DIRECTION('',(0.,0.,1.));
#3625=DIRECTION('',(1.,0.,0.));
#3626=DIRECTION('',(0.,0.,1.));
#3627=DIRECTION('',(1.,0.,0.));
#3628=DIRECTION('',(0.,0.,1.));
#3629=DIRECTION('',(1.,0.,0.));
#3630=DIRECTION('',(0.,0.,1.));
#3631=DIRECTION('',(1.,0.,0.));
#3632=DIRECTION('',(0.,0.,1.));
#3633=DIRECTION('',(1.,0.,0.));
#3634=DIRECTION('',(0.,0.,1.));
#3635=DIRECTION('',(1.,0.,0.));
#3636=DIRECTION('',(0.,0.,1.));
#3637=DIRECTION('',(1.,0.,0.));
#3638=DIRECTION('',(0.,0.,1.));
#3639=DIRECTION('',(1.,0.,0.));
#3640=DIRECTION('',(0.,0.,1.));
#3641=DIRECTION('',(1.,0.,0.));
#3642=DIRECTION('',(0.,0.,1.));
#3643=DIRECTION('',(1.,0.,0.));
#3644=DIRECTION('',(0.,0.,1.));
#3645=DIRECTION('',(1.,0.,0.));
#3646=DIRECTION('',(0.,0.,1.));
#3647=DIRECTION('',(1.,0.,0.));
#3648=DIRECTION('',(0.,0.,1.));
#3649=DIRECTION('',(1.,0.,0.));
#3650=DIRECTION('',(0.,0.,1.));
#3651=DIRECTION('',(1.,0.,0.));
#3652=DIRECTION('',(0.,0.,1.));
#3653=DIRECTION('',(1.,0.,0.));
#3654=DIRECTION('',(0.,0.,1.));
#3655=DIRECTION('',(1.,0.,0.));
#3656=DIRECTION('',(0.,0.,1.));
#3657=DIRECTION('',(1.,0.,0.));
#3658=DIRECTION('',(0.,0.,1.));
#3659=DIRECTION('',(1.,0.,0.));
#3660=DIRECTION('',(0.,0.,1.));
#3661=DIRECTION('',(1.,0.,0.));
#3662=DIRECTION('',(0.,0.,1.));
#3663=DIRECTION('',(1.,0.,0.));
#3664=DIRECTION('',(0.,0.,1.));
#3665=DIRECTION('',(1.,0.,0.));
#3666=DIRECTION('',(0.,0.,1.));
#3667=DIRECTION('',(1.,0.,0.));
#3668=DIRECTION('',(0.,0.,1.));
#3669=DIRECTION('',(1.,0.,0.));
#3670=DIRECTION('',(0.,0.,1.));
#3671=DIRECTION('',(1.,0.,0.));
#3672=DIRECTION('',(0.,0.,1.));
#3673=DIRECTION('',(1.,0.,0.));
#3674=DIRECTION('',(0.,0.,1.));
#3675=DIRECTION('',(1.,0.,0.));
#3676=DIRECTION('',(0.,0.,1.));
#3677=DIRECTION('',(1.,0.,0.));
#3678=DIRECTION('',(0.,0.,1.));
#3679=DIRECTION('',(1.,0.,0.));
#3680=DIRECTION('',(0.,0.,1.));
#3681=DIRECTION('',(1.,0.,0.));
#3682=DIRECTION('',(0.,0.,1.));
#3683=DIRECTION('',(1.,0.,0.));
#3684=DIRECTION('',(0.,0.,1.));
#3685=DIRECTION('',(1.,0.,0.));
#3686=DIRECTION('',(0.,0.,1.));
#3687=DIRECTION('',(1.,0.,0.));
#3688=DIRECTION('',(0.,0.,1.));
#3689=DIRECTION('',(1.,0.,0.));
#3690=DIRECTION('',(0.,0.,1.));
#3691=DIRECTION('',(1.,0.,0.));
#3692=DIRECTION('',(0.,0.,1.));
#3693=DIRECTION('',(1.,0.,0.));
#3694=DIRECTION('',(0.,0.,1.));
#3695=DIRECTION('',(1.,0.,0.));
#3696=DIRECTION('',(0.,0.,1.));
#3697=DIRECTION('',(1.,0.,0.));
#3698=DIRECTION('',(0.,0.,1.));
#3699=DIRECTION('',(1.,0.,0.));
#3700=DIRECTION('',(0.,0.,1.));
#3701=DIRECTION('',(1.,0.,0.));
#3702=DIRECTION('',(0.,0.,1.));
#3703=DIRECTION('',(1.,0.,0.));
#3704=DIRECTION('',(0.,0.,1.));
#3705=DIRECTION('',(1.,0.,0.));
#3706=DIRECTION('',(0.,0.,1.));
#3707=DIRECTION('',(1.,0.,0.));
#3708=DIRECTION('',(0.,0.,1.));
#3709=DIRECTION('',(1.,0.,0.));
#3710=DIRECTION('',(0.,0.,1.));
#3711=DIRECTION('',(1.,0.,0.));
#3712=DIRECTION('',(0.,0.,1.));
#3713=DIRECTION('',(1.,0.,0.));
#3714=DIRECTION('',(0.,0.,1.));
#3715=DIRECTION('',(1.,0.,0.));
#3716=DIRECTION('',(0.,0.,1.));
#3717=DIRECTION('',(1.,0.,0.));
#3718=DIRECTION('',(0.,0.,1.));
#3719=DIRECTION('',(1.,0.,0.));
#3720=DIRECTION('',(0.,0.,1.));
#3721=DIRECTION('',(1.,0.,0.));
#3722=DIRECTION('',(0.,0.,1.));
#3723=DIRECTION('',(1.,0.,0.));
#3724=DIRECTION('',(0.,0.,1.));
#3725=DIRECTION('',(1.,0.,0.));
#3726=DIRECTION('',(0.,0.,1.));
#3727=DIRECTION('',(1.,0.,0.));
#3728=DIRECTION('',(0.,0.,1.));
#3729=DIRECTION('',(1.,0.,0.));
#3730=DIRECTION('',(0.,0.,1.));
#3731=DIRECTION('',(1.,0.,0.));
#3732=DIRECTION('',(0.,0.,1.));
#3733=DIRECTION('',(1.,0.,0.));
#3734=DIRECTION('',(0.,0.,1.));
#3735=DIRECTION('',(1.,0.,0.));
#3736=DIRECTION('',(0.,0.,1.));
#3737=DIRECTION('',(1.,0.,0.));
#3738=DIRECTION('',(0.,0.,1.));
#3739=DIRECTION('',(1.,0.,0.));
#3740=DIRECTION('',(0.,0.,1.));
#3741=DIRECTION('',(1.,0.,0.));
#3742=DIRECTION('',(0.,0.,1.));
#3743=DIRECTION('',(1.,0.,0.));
#3744=DIRECTION('',(0.,0.,1.));
#3745=DIRECTION('',(1.,0.,0.));
#3746=DIRECTION('',(0.,0.,1.));
#3747=DIRECTION('',(1.,0.,0.));
#3748=DIRECTION('',(0.,0.,1.));
#3749=DIRECTION('',(1.,0.,0.));
#3750=DIRECTION('',(0.,0.,1.));
#3751=DIRECTION('',(1.,0.,0.));
#3752=DIRECTION('',(0.,0.,1.));
#3753=DIRECTION('',(1.,0.,0.));
#3754=DIRECTION('',(0.,0.,1.));
#3755=DIRECTION('',(1.,0.,0.));
#3756=DIRECTION('',(0.,0.,1.));
#3757=DIRECTION('',(1.,0.,0.));
#3758=DIRECTION('',(0.,0.,1.));
#3759=DIRECTION('',(1.,0.,0.));
#3760=DIRECTION('',(0.,0.,1.));
#3761=DIRECTION('',(1.,0.,0.));
#3762=DIRECTION('',(0.,0.,1.));
#3763=DIRECTION('',(1.,0.,0.));
#3764=DIRECTION('',(0.,0.,1.));
#3765=DIRECTION('',(1.,0.,0.));
#3766=DIRECTION('',(0.,0.,1.));
#3767=DIRECTION('',(1.,0.,0.));
#3768=DIRECTION('',(0.,0.,1.));
#3769=DIRECTION('',(1.,0.,0.));
#3770=DIRECTION('',(0.,0.,1.));
#3771=DIRECTION('',(1.,0.,0.));
#3772=DIRECTION('',(0.,0.,1.));
#3773=DIRECTION('',(1.,0.,0.));
#3774=DIRECTION('',(0.,0.,1.));
#3775=DIRECTION('',(1.,0.,0.));
#3776=DIRECTION('',(0.,0.,1.));
#3777=DIRECTION('',(1.,0.,0.));
#3778=DIRECTION('',(0.,0.,1.));
#3779=DIRECTION('',(1.,0.,0.));
#3780=DIRECTION('',(0.,0.,1.));
#3781=DIRECTION('',(1.,0.,0.));
#3782=DIRECTION('',(0.,0.,1.));
#3783=DIRECTION('',(1.,0.,0.));
#3784=DIRECTION('',(0.,0.,1.));
#3785=DIRECTION('',(1.,0.,0.));
#3786=DIRECTION('',(0.,0.,1.));
#3787=DIRECTION('',(1.,0.,0.));
#3788=DIRECTION('',(0.,0.,1.));
#3789=DIRECTION('',(1.,0.,0.));
#3790=DIRECTION('',(0.,0.,1.));
#3791=DIRECTION('',(1.,0.,0.));
#3792=DIRECTION('',(0.,0.,1.));
#3793=DIRECTION('',(1.,0.,0.));
#3794=DIRECTION('',(0.,0.,1.));
#3795=DIRECTION('',(1.,0.,0.));
#3796=DIRECTION('',(0.,0.,1.));
#3797=DIRECTION('',(1.,0.,0.));
#3798=DIRECTION('',(0.,0.,1.));
#3799=DIRECTION('',(1.,0.,0.));
#3800=DIRECTION('',(0.,0.,1.));
#3801=DIRECTION('',(1.,0.,0.));
#3802=DIRECTION('',(0.,0.,1.));
#3803=DIRECTION('',(1.,0.,0.));
#3804=DIRECTION('',(0.,0.,1.));
#3805=DIRECTION('',(1.,0.,0.));
#3806=DIRECTION('',(0.,0.,1.));
#3807=DIRECTION('',(1.,0.,0.));
#3808=DIRECTION('',(0.,0.,1.));
#3809=DIRECTION('',(1.,0.,0.));
#3810=DIRECTION('',(0.,0.,1.));
#3811=DIRECTION('',(1.,0.,0.));
#3812=DIRECTION('',(0.,0.,1.));
#3813=DIRECTION('',(1.,0.,0.));
#3814=DIRECTION('',(0.,0.,1.));
#3815=DIRECTION('',(1.,0.,0.));
#3816=DIRECTION('',(0.,0.,1.));
#3817=DIRECTION('',(1.,0.,0.));
#3818=DIRECTION('',(0.,0.,1.));
#3819=DIRECTION('',(1.,0.,0.));
#3820=DIRECTION('',(0.,0.,1.));
#3821=DIRECTION('',(1.,0.,0.));
#3822=DIRECTION('',(0.,0.,1.));
#3823=DIRECTION('',(1.,0.,0.));
#3824=DIRECTION('',(0.,0.,1.));
#3825=DIRECTION('',(1.,0.,0.));
#3826=DIRECTION('',(0.,0.,1.));
#3827=DIRECTION('',(1.,0.,0.));
#3828=DIRECTION('',(0.,0.,1.));
#3829=DIRECTION('',(1.,0.,0.));
#3830=DIRECTION('',(0.,0.,1.));
#3831=DIRECTION('',(1.,0.,0.));
#3832=DIRECTION('',(0.,0.,1.));
#3833=DIRECTION('',(1.,0.,0.));
#3834=DIRECTION('',(0.,0.,1.));
#3835=DIRECTION('',(1.,0.,0.));
#3836=DIRECTION('',(0.,0.,1.));
#3837=DIRECTION('',(1.,0.,0.));
#3838=DIRECTION('',(0.,0.,1.));
#3839=DIRECTION('',(1.,0.,0.));
#3840=DIRECTION('',(0.,0.,1.));
#3841=DIRECTION('',(1.,0.,0.));
#3842=DIRECTION('',(0.,0.,1.));
#3843=DIRECTION('',(1.,0.,0.));
#3844=DIRECTION('',(0.,0.,1.));
#3845=DIRECTION('',(1.,0.,0.));
#3846=DIRECTION('',(0.,0.,1.));
#3847=DIRECTION('',(1.,0.,0.));
#3848=DIRECTION('',(0.,0.,1.));
#3849=DIRECTION('',(1.,0.,0.));
#3850=DIRECTION('',(0.,0.,1.));
#3851=DIRECTION('',(1.,0.,0.));
#3852=DIRECTION('',(0.,0.,1.));
#3853=DIRECTION('',(1.,0.,0.));
#3854=DIRECTION('',(0.,0.,1.));
#3855=DIRECTION('',(1.,0.,0.));
#3856=DIRECTION('',(0.,0.,1.));
#3857=DIRECTION('',(1.,0.,0.));
#3858=DIRECTION('',(0.,0.,1.));
#3859=DIRECTION('',(1.,0.,0.));
#3860=DIRECTION('',(0.,0.,1.));
#3861=DIRECTION('',(1.,0.,0.));
#3862=DIRECTION('',(0.,0.,1.));
#3863=DIRECTION('',(1.,0.,0.));
#3864=DIRECTION('',(0.,0.,1.));
#3865=DIRECTION('',(1.,0.,0.));
#3866=DIRECTION('',(0.,0.,1.));
#3867=DIRECTION('',(1.,0.,0.));
#3868=DIRECTION('',(0.,0.,1.));
#3869=DIRECTION('',(1.,0.,0.));
#3870=DIRECTION('',(0.,0.,1.));
#3871=DIRECTION('',(1.,0.,0.));
#3872=DIRECTION('',(0.,0.,1.));
#3873=DIRECTION('',(1.,0.,0.));
#3874=DIRECTION('',(0.,0.,1.));
#3875=DIRECTION('',(1.,0.,0.));
#3876=DIRECTION('',(0.,0.,1.));
#3877=DIRECTION('',(1.,0.,0.));
#3878=DIRECTION('',(0.,0.,1.));
#3879=DIRECTION('',(1.,0.,0.));
#3880=DIRECTION('',(0.,0.,1.));
#3881=DIRECTION('',(1.,0.,0.));
#3882=DIRECTION('',(0.,0.,1.));
#3883=DIRECTION('',(1.,0.,0.));
#3884=DIRECTION('',(0.,0.,1.));
#3885=DIRECTION('',(1.,0.,0.));
#3886=DIRECTION('',(0.,0.,1.));
#3887=DIRECTION('',(1.,0.,0.));
#3888=DIRECTION('',(0.,0.,1.));
#3889=DIRECTION('',(1.,0.,0.));
#3890=DIRECTION('',(0.,0.,1.));
#3891=DIRECTION('',(1.,0.,0.));
#3892=DIRECTION('',(0.,0.,1.));
#3893=DIRECTION('',(1.,0.,0.));
#3894=DIRECTION('',(0.,0.,1.));
#3895=DIRECTION('',(1.,0.,0.));
#3896=DIRECTION('',(0.,0.,1.));
#3897=DIRECTION('',(1.,0.,0.));
#3898=DIRECTION('',(0.,0.,1.));
#3899=DIRECTION('',(1.,0.,0.));
#3900=DIRECTION('',(0.,0.,1.));
#3901=DIRECTION('',(1.,0.,0.));
#3902=DIRECTION('',(0.,0.,1.));
#3903=DIRECTION('',(1.,0.,0.));
#3904=DIRECTION('',(0.,0.,1.));
#3905=DIRECTION('',(1.,0.,0.));
#3906=DIRECTION('',(0.,0.,1.));
#3907=DIRECTION('',(1.,0.,0.));
#3908=DIRECTION('',(0.,0.,1.));
#3909=DIRECTION('',(1.,0.,0.));
#3910=DIRECTION('',(0.,0.,1.));
#3911=DIRECTION('',(1.,0.,0.));
#3912=CARTESIAN_POINT('',(0.,0.,0.));
#3913=CARTESIAN_POINT('',(-0.003833333333333,0.004583333333333,0.001002));
#3914=CARTESIAN_POINT('',(-0.003833333333333,0.004583333333333,0.0009));
#3915=CARTESIAN_POINT('',(-0.003114583333333,0.004583333333333,0.0009));
#3916=CARTESIAN_POINT('',(-0.003833333333333,0.004583333333333,0.001));
#3917=CARTESIAN_POINT('',(-0.003114583333333,0.004583333333333,0.001));
#3918=CARTESIAN_POINT('',(-0.003833333333333,0.004583333333333,0.0009));
#3919=CARTESIAN_POINT('',(-0.00575,-0.0065,0.001));
#3920=CARTESIAN_POINT('',(0.,0.,0.));
#3921=CARTESIAN_POINT('',(-0.003833333333333,0.004583333333333,0.0009));
#3922=CARTESIAN_POINT('',(-0.003833333333333,0.004583333333333,0.0009));
#3923=CARTESIAN_POINT('',(-0.003114583333333,0.004583333333333,0.0009));
#3924=CARTESIAN_POINT('',(-0.003833333333333,0.004583333333333,0.0009));
#3925=CARTESIAN_POINT('',(-0.003833333333333,0.004583333333333,0.001));
#3926=CARTESIAN_POINT('',(-0.003114583333333,0.004583333333333,0.001));
#3927=CARTESIAN_POINT('',(0.00575,-0.0065,0.00016));
#3928=CARTESIAN_POINT('',(0.00575,-0.0065,0.00016));
#3929=CARTESIAN_POINT('',(0.00575,-0.0065,0.00016));
#3930=CARTESIAN_POINT('',(0.00575,-0.0065,0.001));
#3931=CARTESIAN_POINT('',(0.00575,-0.0065,0.00016));
#3932=CARTESIAN_POINT('',(0.00575,0.0065,0.00016));
#3933=CARTESIAN_POINT('',(0.00575,0.0065,0.00016));
#3934=CARTESIAN_POINT('',(0.00575,0.0065,0.001));
#3935=CARTESIAN_POINT('',(0.00575,-0.0065,0.001));
#3936=CARTESIAN_POINT('',(-0.00575,-0.0065,0.00016));
#3937=CARTESIAN_POINT('',(-0.00575,0.0065,0.00016));
#3938=CARTESIAN_POINT('',(-0.00575,0.0065,0.00016));
#3939=CARTESIAN_POINT('',(-0.00575,-0.0065,0.00016));
#3940=CARTESIAN_POINT('',(-0.00575,-0.0065,0.00016));
#3941=CARTESIAN_POINT('',(-0.00575,-0.0065,0.00016));
#3942=CARTESIAN_POINT('',(-0.00575,0.0065,0.00016));
#3943=CARTESIAN_POINT('',(-0.00575,0.0065,0.00016));
#3944=CARTESIAN_POINT('',(-0.00575,0.0065,0.001));
#3945=CARTESIAN_POINT('',(-0.00575,0.0065,0.001));
#3946=CARTESIAN_POINT('',(-0.00575,-0.0065,0.001));
#3947=CARTESIAN_POINT('',(-0.00575,-0.0065,0.001));
#3948=CARTESIAN_POINT('',(-0.00575,-0.0065,0.001));
#3949=CARTESIAN_POINT('',(-0.00575,-0.0065,0.001));
#3950=CARTESIAN_POINT('',(-0.00575,-0.0065,0.00016));
#3951=CARTESIAN_POINT('',(-0.00575,-0.0065,0.00016));
#3952=CARTESIAN_POINT('',(-0.00575,-0.0065,0.00016));
#3953=CARTESIAN_POINT('',(0.,0.,0.));
#3954=CARTESIAN_POINT('',(-0.00325,0.00325,0.00015));
#3955=CARTESIAN_POINT('',(-0.00325,0.00325,0.));
#3956=CARTESIAN_POINT('',(0.,0.,0.));
#3957=CARTESIAN_POINT('',(-0.00275,0.00325,0.00015));
#3958=CARTESIAN_POINT('',(-0.00275,0.00325,0.));
#3959=CARTESIAN_POINT('',(0.,0.,0.));
#3960=CARTESIAN_POINT('',(-0.00225,0.00325,0.00015));
#3961=CARTESIAN_POINT('',(-0.00225,0.00325,0.));
#3962=CARTESIAN_POINT('',(0.,0.,0.));
#3963=CARTESIAN_POINT('',(-0.00175,0.00325,0.00015));
#3964=CARTESIAN_POINT('',(-0.00175,0.00325,0.));
#3965=CARTESIAN_POINT('',(0.,0.,0.));
#3966=CARTESIAN_POINT('',(-0.00125,0.00325,0.00015));
#3967=CARTESIAN_POINT('',(-0.00125,0.00325,0.));
#3968=CARTESIAN_POINT('',(0.,0.,0.));
#3969=CARTESIAN_POINT('',(-0.00075,0.00325,0.00015));
#3970=CARTESIAN_POINT('',(-0.00075,0.00325,0.));
#3971=CARTESIAN_POINT('',(0.,0.,0.));
#3972=CARTESIAN_POINT('',(-0.00025,0.00325,0.00015));
#3973=CARTESIAN_POINT('',(-0.00025,0.00325,0.));
#3974=CARTESIAN_POINT('',(0.,0.,0.));
#3975=CARTESIAN_POINT('',(0.00025,0.00325,0.00015));
#3976=CARTESIAN_POINT('',(0.00025,0.00325,0.));
#3977=CARTESIAN_POINT('',(0.,0.,0.));
#3978=CARTESIAN_POINT('',(0.00075,0.00325,0.00015));
#3979=CARTESIAN_POINT('',(0.00075,0.00325,0.));
#3980=CARTESIAN_POINT('',(0.,0.,0.));
#3981=CARTESIAN_POINT('',(0.00125,0.00325,0.00015));
#3982=CARTESIAN_POINT('',(0.00125,0.00325,0.));
#3983=CARTESIAN_POINT('',(0.,0.,0.));
#3984=CARTESIAN_POINT('',(0.00175,0.00325,0.00015));
#3985=CARTESIAN_POINT('',(0.00175,0.00325,0.));
#3986=CARTESIAN_POINT('',(0.,0.,0.));
#3987=CARTESIAN_POINT('',(0.00225,0.00325,0.00015));
#3988=CARTESIAN_POINT('',(0.00225,0.00325,0.));
#3989=CARTESIAN_POINT('',(0.,0.,0.));
#3990=CARTESIAN_POINT('',(0.00275,0.00325,0.00015));
#3991=CARTESIAN_POINT('',(0.00275,0.00325,0.));
#3992=CARTESIAN_POINT('',(0.,0.,0.));
#3993=CARTESIAN_POINT('',(0.00325,0.00325,0.00015));
#3994=CARTESIAN_POINT('',(0.00325,0.00325,0.));
#3995=CARTESIAN_POINT('',(0.,0.,0.));
#3996=CARTESIAN_POINT('',(-0.00325,0.00275,0.00015));
#3997=CARTESIAN_POINT('',(-0.00325,0.00275,0.));
#3998=CARTESIAN_POINT('',(0.,0.,0.));
#3999=CARTESIAN_POINT('',(-0.00275,0.00275,0.00015));
#4000=CARTESIAN_POINT('',(-0.00275,0.00275,0.));
#4001=CARTESIAN_POINT('',(0.,0.,0.));
#4002=CARTESIAN_POINT('',(-0.00225,0.00275,0.00015));
#4003=CARTESIAN_POINT('',(-0.00225,0.00275,0.));
#4004=CARTESIAN_POINT('',(0.,0.,0.));
#4005=CARTESIAN_POINT('',(-0.00175,0.00275,0.00015));
#4006=CARTESIAN_POINT('',(-0.00175,0.00275,0.));
#4007=CARTESIAN_POINT('',(0.,0.,0.));
#4008=CARTESIAN_POINT('',(-0.00125,0.00275,0.00015));
#4009=CARTESIAN_POINT('',(-0.00125,0.00275,0.));
#4010=CARTESIAN_POINT('',(0.,0.,0.));
#4011=CARTESIAN_POINT('',(-0.00075,0.00275,0.00015));
#4012=CARTESIAN_POINT('',(-0.00075,0.00275,0.));
#4013=CARTESIAN_POINT('',(0.,0.,0.));
#4014=CARTESIAN_POINT('',(-0.00025,0.00275,0.00015));
#4015=CARTESIAN_POINT('',(-0.00025,0.00275,0.));
#4016=CARTESIAN_POINT('',(0.,0.,0.));
#4017=CARTESIAN_POINT('',(0.00025,0.00275,0.00015));
#4018=CARTESIAN_POINT('',(0.00025,0.00275,0.));
#4019=CARTESIAN_POINT('',(0.,0.,0.));
#4020=CARTESIAN_POINT('',(0.00075,0.00275,0.00015));
#4021=CARTESIAN_POINT('',(0.00075,0.00275,0.));
#4022=CARTESIAN_POINT('',(0.,0.,0.));
#4023=CARTESIAN_POINT('',(0.00125,0.00275,0.00015));
#4024=CARTESIAN_POINT('',(0.00125,0.00275,0.));
#4025=CARTESIAN_POINT('',(0.,0.,0.));
#4026=CARTESIAN_POINT('',(0.00175,0.00275,0.00015));
#4027=CARTESIAN_POINT('',(0.00175,0.00275,0.));
#4028=CARTESIAN_POINT('',(0.,0.,0.));
#4029=CARTESIAN_POINT('',(0.00225,0.00275,0.00015));
#4030=CARTESIAN_POINT('',(0.00225,0.00275,0.));
#4031=CARTESIAN_POINT('',(0.,0.,0.));
#4032=CARTESIAN_POINT('',(0.00275,0.00275,0.00015));
#4033=CARTESIAN_POINT('',(0.00275,0.00275,0.));
#4034=CARTESIAN_POINT('',(0.,0.,0.));
#4035=CARTESIAN_POINT('',(0.00325,0.00275,0.00015));
#4036=CARTESIAN_POINT('',(0.00325,0.00275,0.));
#4037=CARTESIAN_POINT('',(0.,0.,0.));
#4038=CARTESIAN_POINT('',(-0.00325,0.00225,0.00015));
#4039=CARTESIAN_POINT('',(-0.00325,0.00225,0.));
#4040=CARTESIAN_POINT('',(0.,0.,0.));
#4041=CARTESIAN_POINT('',(-0.00275,0.00225,0.00015));
#4042=CARTESIAN_POINT('',(-0.00275,0.00225,0.));
#4043=CARTESIAN_POINT('',(0.,0.,0.));
#4044=CARTESIAN_POINT('',(-0.00225,0.00225,0.00015));
#4045=CARTESIAN_POINT('',(-0.00225,0.00225,0.));
#4046=CARTESIAN_POINT('',(0.,0.,0.));
#4047=CARTESIAN_POINT('',(-0.00175,0.00225,0.00015));
#4048=CARTESIAN_POINT('',(-0.00175,0.00225,0.));
#4049=CARTESIAN_POINT('',(0.,0.,0.));
#4050=CARTESIAN_POINT('',(-0.00125,0.00225,0.00015));
#4051=CARTESIAN_POINT('',(-0.00125,0.00225,0.));
#4052=CARTESIAN_POINT('',(0.,0.,0.));
#4053=CARTESIAN_POINT('',(-0.00075,0.00225,0.00015));
#4054=CARTESIAN_POINT('',(-0.00075,0.00225,0.));
#4055=CARTESIAN_POINT('',(0.,0.,0.));
#4056=CARTESIAN_POINT('',(-0.00025,0.00225,0.00015));
#4057=CARTESIAN_POINT('',(-0.00025,0.00225,0.));
#4058=CARTESIAN_POINT('',(0.,0.,0.));
#4059=CARTESIAN_POINT('',(0.00025,0.00225,0.00015));
#4060=CARTESIAN_POINT('',(0.00025,0.00225,0.));
#4061=CARTESIAN_POINT('',(0.,0.,0.));
#4062=CARTESIAN_POINT('',(0.00075,0.00225,0.00015));
#4063=CARTESIAN_POINT('',(0.00075,0.00225,0.));
#4064=CARTESIAN_POINT('',(0.,0.,0.));
#4065=CARTESIAN_POINT('',(0.00125,0.00225,0.00015));
#4066=CARTESIAN_POINT('',(0.00125,0.00225,0.));
#4067=CARTESIAN_POINT('',(0.,0.,0.));
#4068=CARTESIAN_POINT('',(0.00175,0.00225,0.00015));
#4069=CARTESIAN_POINT('',(0.00175,0.00225,0.));
#4070=CARTESIAN_POINT('',(0.,0.,0.));
#4071=CARTESIAN_POINT('',(0.00225,0.00225,0.00015));
#4072=CARTESIAN_POINT('',(0.00225,0.00225,0.));
#4073=CARTESIAN_POINT('',(0.,0.,0.));
#4074=CARTESIAN_POINT('',(0.00275,0.00225,0.00015));
#4075=CARTESIAN_POINT('',(0.00275,0.00225,0.));
#4076=CARTESIAN_POINT('',(0.,0.,0.));
#4077=CARTESIAN_POINT('',(0.00325,0.00225,0.00015));
#4078=CARTESIAN_POINT('',(0.00325,0.00225,0.));
#4079=CARTESIAN_POINT('',(0.,0.,0.));
#4080=CARTESIAN_POINT('',(-0.00325,0.00175,0.00015));
#4081=CARTESIAN_POINT('',(-0.00325,0.00175,0.));
#4082=CARTESIAN_POINT('',(0.,0.,0.));
#4083=CARTESIAN_POINT('',(-0.00275,0.00175,0.00015));
#4084=CARTESIAN_POINT('',(-0.00275,0.00175,0.));
#4085=CARTESIAN_POINT('',(0.,0.,0.));
#4086=CARTESIAN_POINT('',(-0.00225,0.00175,0.00015));
#4087=CARTESIAN_POINT('',(-0.00225,0.00175,0.));
#4088=CARTESIAN_POINT('',(0.,0.,0.));
#4089=CARTESIAN_POINT('',(-0.00175,0.00175,0.00015));
#4090=CARTESIAN_POINT('',(-0.00175,0.00175,0.));
#4091=CARTESIAN_POINT('',(0.,0.,0.));
#4092=CARTESIAN_POINT('',(0.00225,0.00175,0.00015));
#4093=CARTESIAN_POINT('',(0.00225,0.00175,0.));
#4094=CARTESIAN_POINT('',(0.,0.,0.));
#4095=CARTESIAN_POINT('',(0.00275,0.00175,0.00015));
#4096=CARTESIAN_POINT('',(0.00275,0.00175,0.));
#4097=CARTESIAN_POINT('',(0.,0.,0.));
#4098=CARTESIAN_POINT('',(0.00325,0.00175,0.00015));
#4099=CARTESIAN_POINT('',(0.00325,0.00175,0.));
#4100=CARTESIAN_POINT('',(0.,0.,0.));
#4101=CARTESIAN_POINT('',(-0.00325,0.00125,0.00015));
#4102=CARTESIAN_POINT('',(-0.00325,0.00125,0.));
#4103=CARTESIAN_POINT('',(0.,0.,0.));
#4104=CARTESIAN_POINT('',(-0.00275,0.00125,0.00015));
#4105=CARTESIAN_POINT('',(-0.00275,0.00125,0.));
#4106=CARTESIAN_POINT('',(0.,0.,0.));
#4107=CARTESIAN_POINT('',(-0.00225,0.00125,0.00015));
#4108=CARTESIAN_POINT('',(-0.00225,0.00125,0.));
#4109=CARTESIAN_POINT('',(0.,0.,0.));
#4110=CARTESIAN_POINT('',(-0.00125,0.00125,0.00015));
#4111=CARTESIAN_POINT('',(-0.00125,0.00125,0.));
#4112=CARTESIAN_POINT('',(0.,0.,0.));
#4113=CARTESIAN_POINT('',(-0.00075,0.00125,0.00015));
#4114=CARTESIAN_POINT('',(-0.00075,0.00125,0.));
#4115=CARTESIAN_POINT('',(0.,0.,0.));
#4116=CARTESIAN_POINT('',(-0.00025,0.00125,0.00015));
#4117=CARTESIAN_POINT('',(-0.00025,0.00125,0.));
#4118=CARTESIAN_POINT('',(0.,0.,0.));
#4119=CARTESIAN_POINT('',(0.00025,0.00125,0.00015));
#4120=CARTESIAN_POINT('',(0.00025,0.00125,0.));
#4121=CARTESIAN_POINT('',(0.,0.,0.));
#4122=CARTESIAN_POINT('',(0.00075,0.00125,0.00015));
#4123=CARTESIAN_POINT('',(0.00075,0.00125,0.));
#4124=CARTESIAN_POINT('',(0.,0.,0.));
#4125=CARTESIAN_POINT('',(0.00125,0.00125,0.00015));
#4126=CARTESIAN_POINT('',(0.00125,0.00125,0.));
#4127=CARTESIAN_POINT('',(0.,0.,0.));
#4128=CARTESIAN_POINT('',(0.00225,0.00125,0.00015));
#4129=CARTESIAN_POINT('',(0.00225,0.00125,0.));
#4130=CARTESIAN_POINT('',(0.,0.,0.));
#4131=CARTESIAN_POINT('',(0.00275,0.00125,0.00015));
#4132=CARTESIAN_POINT('',(0.00275,0.00125,0.));
#4133=CARTESIAN_POINT('',(0.,0.,0.));
#4134=CARTESIAN_POINT('',(0.00325,0.00125,0.00015));
#4135=CARTESIAN_POINT('',(0.00325,0.00125,0.));
#4136=CARTESIAN_POINT('',(0.,0.,0.));
#4137=CARTESIAN_POINT('',(-0.00325,0.00075,0.00015));
#4138=CARTESIAN_POINT('',(-0.00325,0.00075,0.));
#4139=CARTESIAN_POINT('',(0.,0.,0.));
#4140=CARTESIAN_POINT('',(-0.00275,0.00075,0.00015));
#4141=CARTESIAN_POINT('',(-0.00275,0.00075,0.));
#4142=CARTESIAN_POINT('',(0.,0.,0.));
#4143=CARTESIAN_POINT('',(-0.00225,0.00075,0.00015));
#4144=CARTESIAN_POINT('',(-0.00225,0.00075,0.));
#4145=CARTESIAN_POINT('',(0.,0.,0.));
#4146=CARTESIAN_POINT('',(-0.00125,0.00075,0.00015));
#4147=CARTESIAN_POINT('',(-0.00125,0.00075,0.));
#4148=CARTESIAN_POINT('',(0.,0.,0.));
#4149=CARTESIAN_POINT('',(0.00125,0.00075,0.00015));
#4150=CARTESIAN_POINT('',(0.00125,0.00075,0.));
#4151=CARTESIAN_POINT('',(0.,0.,0.));
#4152=CARTESIAN_POINT('',(0.00225,0.00075,0.00015));
#4153=CARTESIAN_POINT('',(0.00225,0.00075,0.));
#4154=CARTESIAN_POINT('',(0.,0.,0.));
#4155=CARTESIAN_POINT('',(0.00275,0.00075,0.00015));
#4156=CARTESIAN_POINT('',(0.00275,0.00075,0.));
#4157=CARTESIAN_POINT('',(0.,0.,0.));
#4158=CARTESIAN_POINT('',(0.00325,0.00075,0.00015));
#4159=CARTESIAN_POINT('',(0.00325,0.00075,0.));
#4160=CARTESIAN_POINT('',(0.,0.,0.));
#4161=CARTESIAN_POINT('',(-0.00325,0.00025,0.00015));
#4162=CARTESIAN_POINT('',(-0.00325,0.00025,0.));
#4163=CARTESIAN_POINT('',(0.,0.,0.));
#4164=CARTESIAN_POINT('',(-0.00275,0.00025,0.00015));
#4165=CARTESIAN_POINT('',(-0.00275,0.00025,0.));
#4166=CARTESIAN_POINT('',(0.,0.,0.));
#4167=CARTESIAN_POINT('',(-0.00225,0.00025,0.00015));
#4168=CARTESIAN_POINT('',(-0.00225,0.00025,0.));
#4169=CARTESIAN_POINT('',(0.,0.,0.));
#4170=CARTESIAN_POINT('',(-0.00125,0.00025,0.00015));
#4171=CARTESIAN_POINT('',(-0.00125,0.00025,0.));
#4172=CARTESIAN_POINT('',(0.,0.,0.));
#4173=CARTESIAN_POINT('',(0.00125,0.00025,0.00015));
#4174=CARTESIAN_POINT('',(0.00125,0.00025,0.));
#4175=CARTESIAN_POINT('',(0.,0.,0.));
#4176=CARTESIAN_POINT('',(0.00225,0.00025,0.00015));
#4177=CARTESIAN_POINT('',(0.00225,0.00025,0.));
#4178=CARTESIAN_POINT('',(0.,0.,0.));
#4179=CARTESIAN_POINT('',(0.00275,0.00025,0.00015));
#4180=CARTESIAN_POINT('',(0.00275,0.00025,0.));
#4181=CARTESIAN_POINT('',(0.,0.,0.));
#4182=CARTESIAN_POINT('',(0.00325,0.00025,0.00015));
#4183=CARTESIAN_POINT('',(0.00325,0.00025,0.));
#4184=CARTESIAN_POINT('',(0.,0.,0.));
#4185=CARTESIAN_POINT('',(-0.00325,-0.00025,0.00015));
#4186=CARTESIAN_POINT('',(-0.00325,-0.00025,0.));
#4187=CARTESIAN_POINT('',(0.,0.,0.));
#4188=CARTESIAN_POINT('',(-0.00275,-0.00025,0.00015));
#4189=CARTESIAN_POINT('',(-0.00275,-0.00025,0.));
#4190=CARTESIAN_POINT('',(0.,0.,0.));
#4191=CARTESIAN_POINT('',(-0.00225,-0.00025,0.00015));
#4192=CARTESIAN_POINT('',(-0.00225,-0.00025,0.));
#4193=CARTESIAN_POINT('',(0.,0.,0.));
#4194=CARTESIAN_POINT('',(-0.00125,-0.00025,0.00015));
#4195=CARTESIAN_POINT('',(-0.00125,-0.00025,0.));
#4196=CARTESIAN_POINT('',(0.,0.,0.));
#4197=CARTESIAN_POINT('',(0.00125,-0.00025,0.00015));
#4198=CARTESIAN_POINT('',(0.00125,-0.00025,0.));
#4199=CARTESIAN_POINT('',(0.,0.,0.));
#4200=CARTESIAN_POINT('',(0.00225,-0.00025,0.00015));
#4201=CARTESIAN_POINT('',(0.00225,-0.00025,0.));
#4202=CARTESIAN_POINT('',(0.,0.,0.));
#4203=CARTESIAN_POINT('',(0.00275,-0.00025,0.00015));
#4204=CARTESIAN_POINT('',(0.00275,-0.00025,0.));
#4205=CARTESIAN_POINT('',(0.,0.,0.));
#4206=CARTESIAN_POINT('',(0.00325,-0.00025,0.00015));
#4207=CARTESIAN_POINT('',(0.00325,-0.00025,0.));
#4208=CARTESIAN_POINT('',(0.,0.,0.));
#4209=CARTESIAN_POINT('',(-0.00325,-0.00075,0.00015));
#4210=CARTESIAN_POINT('',(-0.00325,-0.00075,0.));
#4211=CARTESIAN_POINT('',(0.,0.,0.));
#4212=CARTESIAN_POINT('',(-0.00275,-0.00075,0.00015));
#4213=CARTESIAN_POINT('',(-0.00275,-0.00075,0.));
#4214=CARTESIAN_POINT('',(0.,0.,0.));
#4215=CARTESIAN_POINT('',(-0.00225,-0.00075,0.00015));
#4216=CARTESIAN_POINT('',(-0.00225,-0.00075,0.));
#4217=CARTESIAN_POINT('',(0.,0.,0.));
#4218=CARTESIAN_POINT('',(-0.00125,-0.00075,0.00015));
#4219=CARTESIAN_POINT('',(-0.00125,-0.00075,0.));
#4220=CARTESIAN_POINT('',(0.,0.,0.));
#4221=CARTESIAN_POINT('',(0.00125,-0.00075,0.00015));
#4222=CARTESIAN_POINT('',(0.00125,-0.00075,0.));
#4223=CARTESIAN_POINT('',(0.,0.,0.));
#4224=CARTESIAN_POINT('',(0.00225,-0.00075,0.00015));
#4225=CARTESIAN_POINT('',(0.00225,-0.00075,0.));
#4226=CARTESIAN_POINT('',(0.,0.,0.));
#4227=CARTESIAN_POINT('',(0.00275,-0.00075,0.00015));
#4228=CARTESIAN_POINT('',(0.00275,-0.00075,0.));
#4229=CARTESIAN_POINT('',(0.,0.,0.));
#4230=CARTESIAN_POINT('',(0.00325,-0.00075,0.00015));
#4231=CARTESIAN_POINT('',(0.00325,-0.00075,0.));
#4232=CARTESIAN_POINT('',(0.,0.,0.));
#4233=CARTESIAN_POINT('',(-0.00325,-0.00125,0.00015));
#4234=CARTESIAN_POINT('',(-0.00325,-0.00125,0.));
#4235=CARTESIAN_POINT('',(0.,0.,0.));
#4236=CARTESIAN_POINT('',(-0.00275,-0.00125,0.00015));
#4237=CARTESIAN_POINT('',(-0.00275,-0.00125,0.));
#4238=CARTESIAN_POINT('',(0.,0.,0.));
#4239=CARTESIAN_POINT('',(-0.00225,-0.00125,0.00015));
#4240=CARTESIAN_POINT('',(-0.00225,-0.00125,0.));
#4241=CARTESIAN_POINT('',(0.,0.,0.));
#4242=CARTESIAN_POINT('',(-0.00125,-0.00125,0.00015));
#4243=CARTESIAN_POINT('',(-0.00125,-0.00125,0.));
#4244=CARTESIAN_POINT('',(0.,0.,0.));
#4245=CARTESIAN_POINT('',(-0.00075,-0.00125,0.00015));
#4246=CARTESIAN_POINT('',(-0.00075,-0.00125,0.));
#4247=CARTESIAN_POINT('',(0.,0.,0.));
#4248=CARTESIAN_POINT('',(-0.00025,-0.00125,0.00015));
#4249=CARTESIAN_POINT('',(-0.00025,-0.00125,0.));
#4250=CARTESIAN_POINT('',(0.,0.,0.));
#4251=CARTESIAN_POINT('',(0.00025,-0.00125,0.00015));
#4252=CARTESIAN_POINT('',(0.00025,-0.00125,0.));
#4253=CARTESIAN_POINT('',(0.,0.,0.));
#4254=CARTESIAN_POINT('',(0.00075,-0.00125,0.00015));
#4255=CARTESIAN_POINT('',(0.00075,-0.00125,0.));
#4256=CARTESIAN_POINT('',(0.,0.,0.));
#4257=CARTESIAN_POINT('',(0.00125,-0.00125,0.00015));
#4258=CARTESIAN_POINT('',(0.00125,-0.00125,0.));
#4259=CARTESIAN_POINT('',(0.,0.,0.));
#4260=CARTESIAN_POINT('',(0.00225,-0.00125,0.00015));
#4261=CARTESIAN_POINT('',(0.00225,-0.00125,0.));
#4262=CARTESIAN_POINT('',(0.,0.,0.));
#4263=CARTESIAN_POINT('',(0.00275,-0.00125,0.00015));
#4264=CARTESIAN_POINT('',(0.00275,-0.00125,0.));
#4265=CARTESIAN_POINT('',(0.,0.,0.));
#4266=CARTESIAN_POINT('',(0.00325,-0.00125,0.00015));
#4267=CARTESIAN_POINT('',(0.00325,-0.00125,0.));
#4268=CARTESIAN_POINT('',(0.,0.,0.));
#4269=CARTESIAN_POINT('',(-0.00325,-0.00175,0.00015));
#4270=CARTESIAN_POINT('',(-0.00325,-0.00175,0.));
#4271=CARTESIAN_POINT('',(0.,0.,0.));
#4272=CARTESIAN_POINT('',(-0.00275,-0.00175,0.00015));
#4273=CARTESIAN_POINT('',(-0.00275,-0.00175,0.));
#4274=CARTESIAN_POINT('',(0.,0.,0.));
#4275=CARTESIAN_POINT('',(-0.00225,-0.00175,0.00015));
#4276=CARTESIAN_POINT('',(-0.00225,-0.00175,0.));
#4277=CARTESIAN_POINT('',(0.,0.,0.));
#4278=CARTESIAN_POINT('',(0.00225,-0.00175,0.00015));
#4279=CARTESIAN_POINT('',(0.00225,-0.00175,0.));
#4280=CARTESIAN_POINT('',(0.,0.,0.));
#4281=CARTESIAN_POINT('',(0.00275,-0.00175,0.00015));
#4282=CARTESIAN_POINT('',(0.00275,-0.00175,0.));
#4283=CARTESIAN_POINT('',(0.,0.,0.));
#4284=CARTESIAN_POINT('',(0.00325,-0.00175,0.00015));
#4285=CARTESIAN_POINT('',(0.00325,-0.00175,0.));
#4286=CARTESIAN_POINT('',(0.,0.,0.));
#4287=CARTESIAN_POINT('',(-0.00325,-0.00225,0.00015));
#4288=CARTESIAN_POINT('',(-0.00325,-0.00225,0.));
#4289=CARTESIAN_POINT('',(0.,0.,0.));
#4290=CARTESIAN_POINT('',(-0.00275,-0.00225,0.00015));
#4291=CARTESIAN_POINT('',(-0.00275,-0.00225,0.));
#4292=CARTESIAN_POINT('',(0.,0.,0.));
#4293=CARTESIAN_POINT('',(-0.00225,-0.00225,0.00015));
#4294=CARTESIAN_POINT('',(-0.00225,-0.00225,0.));
#4295=CARTESIAN_POINT('',(0.,0.,0.));
#4296=CARTESIAN_POINT('',(-0.00175,-0.00225,0.00015));
#4297=CARTESIAN_POINT('',(-0.00175,-0.00225,0.));
#4298=CARTESIAN_POINT('',(0.,0.,0.));
#4299=CARTESIAN_POINT('',(-0.00125,-0.00225,0.00015));
#4300=CARTESIAN_POINT('',(-0.00125,-0.00225,0.));
#4301=CARTESIAN_POINT('',(0.,0.,0.));
#4302=CARTESIAN_POINT('',(-0.00075,-0.00225,0.00015));
#4303=CARTESIAN_POINT('',(-0.00075,-0.00225,0.));
#4304=CARTESIAN_POINT('',(0.,0.,0.));
#4305=CARTESIAN_POINT('',(-0.00025,-0.00225,0.00015));
#4306=CARTESIAN_POINT('',(-0.00025,-0.00225,0.));
#4307=CARTESIAN_POINT('',(0.,0.,0.));
#4308=CARTESIAN_POINT('',(0.00025,-0.00225,0.00015));
#4309=CARTESIAN_POINT('',(0.00025,-0.00225,0.));
#4310=CARTESIAN_POINT('',(0.,0.,0.));
#4311=CARTESIAN_POINT('',(0.00075,-0.00225,0.00015));
#4312=CARTESIAN_POINT('',(0.00075,-0.00225,0.));
#4313=CARTESIAN_POINT('',(0.,0.,0.));
#4314=CARTESIAN_POINT('',(0.00125,-0.00225,0.00015));
#4315=CARTESIAN_POINT('',(0.00125,-0.00225,0.));
#4316=CARTESIAN_POINT('',(0.,0.,0.));
#4317=CARTESIAN_POINT('',(0.00175,-0.00225,0.00015));
#4318=CARTESIAN_POINT('',(0.00175,-0.00225,0.));
#4319=CARTESIAN_POINT('',(0.,0.,0.));
#4320=CARTESIAN_POINT('',(0.00225,-0.00225,0.00015));
#4321=CARTESIAN_POINT('',(0.00225,-0.00225,0.));
#4322=CARTESIAN_POINT('',(0.,0.,0.));
#4323=CARTESIAN_POINT('',(0.00275,-0.00225,0.00015));
#4324=CARTESIAN_POINT('',(0.00275,-0.00225,0.));
#4325=CARTESIAN_POINT('',(0.,0.,0.));
#4326=CARTESIAN_POINT('',(0.00325,-0.00225,0.00015));
#4327=CARTESIAN_POINT('',(0.00325,-0.00225,0.));
#4328=CARTESIAN_POINT('',(0.,0.,0.));
#4329=CARTESIAN_POINT('',(-0.00325,-0.00275,0.00015));
#4330=CARTESIAN_POINT('',(-0.00325,-0.00275,0.));
#4331=CARTESIAN_POINT('',(0.,0.,0.));
#4332=CARTESIAN_POINT('',(-0.00275,-0.00275,0.00015));
#4333=CARTESIAN_POINT('',(-0.00275,-0.00275,0.));
#4334=CARTESIAN_POINT('',(0.,0.,0.));
#4335=CARTESIAN_POINT('',(-0.00225,-0.00275,0.00015));
#4336=CARTESIAN_POINT('',(-0.00225,-0.00275,0.));
#4337=CARTESIAN_POINT('',(0.,0.,0.));
#4338=CARTESIAN_POINT('',(-0.00175,-0.00275,0.00015));
#4339=CARTESIAN_POINT('',(-0.00175,-0.00275,0.));
#4340=CARTESIAN_POINT('',(0.,0.,0.));
#4341=CARTESIAN_POINT('',(-0.00125,-0.00275,0.00015));
#4342=CARTESIAN_POINT('',(-0.00125,-0.00275,0.));
#4343=CARTESIAN_POINT('',(0.,0.,0.));
#4344=CARTESIAN_POINT('',(-0.00075,-0.00275,0.00015));
#4345=CARTESIAN_POINT('',(-0.00075,-0.00275,0.));
#4346=CARTESIAN_POINT('',(0.,0.,0.));
#4347=CARTESIAN_POINT('',(-0.00025,-0.00275,0.00015));
#4348=CARTESIAN_POINT('',(-0.00025,-0.00275,0.));
#4349=CARTESIAN_POINT('',(0.,0.,0.));
#4350=CARTESIAN_POINT('',(0.00025,-0.00275,0.00015));
#4351=CARTESIAN_POINT('',(0.00025,-0.00275,0.));
#4352=CARTESIAN_POINT('',(0.,0.,0.));
#4353=CARTESIAN_POINT('',(0.00075,-0.00275,0.00015));
#4354=CARTESIAN_POINT('',(0.00075,-0.00275,0.));
#4355=CARTESIAN_POINT('',(0.,0.,0.));
#4356=CARTESIAN_POINT('',(0.00125,-0.00275,0.00015));
#4357=CARTESIAN_POINT('',(0.00125,-0.00275,0.));
#4358=CARTESIAN_POINT('',(0.,0.,0.));
#4359=CARTESIAN_POINT('',(0.00175,-0.00275,0.00015));
#4360=CARTESIAN_POINT('',(0.00175,-0.00275,0.));
#4361=CARTESIAN_POINT('',(0.,0.,0.));
#4362=CARTESIAN_POINT('',(0.00225,-0.00275,0.00015));
#4363=CARTESIAN_POINT('',(0.00225,-0.00275,0.));
#4364=CARTESIAN_POINT('',(0.,0.,0.));
#4365=CARTESIAN_POINT('',(0.00275,-0.00275,0.00015));
#4366=CARTESIAN_POINT('',(0.00275,-0.00275,0.));
#4367=CARTESIAN_POINT('',(0.,0.,0.));
#4368=CARTESIAN_POINT('',(0.00325,-0.00275,0.00015));
#4369=CARTESIAN_POINT('',(0.00325,-0.00275,0.));
#4370=CARTESIAN_POINT('',(0.,0.,0.));
#4371=CARTESIAN_POINT('',(-0.00325,-0.00325,0.00015));
#4372=CARTESIAN_POINT('',(-0.00325,-0.00325,0.));
#4373=CARTESIAN_POINT('',(0.,0.,0.));
#4374=CARTESIAN_POINT('',(-0.00275,-0.00325,0.00015));
#4375=CARTESIAN_POINT('',(-0.00275,-0.00325,0.));
#4376=CARTESIAN_POINT('',(0.,0.,0.));
#4377=CARTESIAN_POINT('',(-0.00225,-0.00325,0.00015));
#4378=CARTESIAN_POINT('',(-0.00225,-0.00325,0.));
#4379=CARTESIAN_POINT('',(0.,0.,0.));
#4380=CARTESIAN_POINT('',(-0.00175,-0.00325,0.00015));
#4381=CARTESIAN_POINT('',(-0.00175,-0.00325,0.));
#4382=CARTESIAN_POINT('',(0.,0.,0.));
#4383=CARTESIAN_POINT('',(-0.00125,-0.00325,0.00015));
#4384=CARTESIAN_POINT('',(-0.00125,-0.00325,0.));
#4385=CARTESIAN_POINT('',(0.,0.,0.));
#4386=CARTESIAN_POINT('',(-0.00075,-0.00325,0.00015));
#4387=CARTESIAN_POINT('',(-0.00075,-0.00325,0.));
#4388=CARTESIAN_POINT('',(0.,0.,0.));
#4389=CARTESIAN_POINT('',(-0.00025,-0.00325,0.00015));
#4390=CARTESIAN_POINT('',(-0.00025,-0.00325,0.));
#4391=CARTESIAN_POINT('',(0.,0.,0.));
#4392=CARTESIAN_POINT('',(0.00025,-0.00325,0.00015));
#4393=CARTESIAN_POINT('',(0.00025,-0.00325,0.));
#4394=CARTESIAN_POINT('',(0.,0.,0.));
#4395=CARTESIAN_POINT('',(0.00075,-0.00325,0.00015));
#4396=CARTESIAN_POINT('',(0.00075,-0.00325,0.));
#4397=CARTESIAN_POINT('',(0.,0.,0.));
#4398=CARTESIAN_POINT('',(0.00125,-0.00325,0.00015));
#4399=CARTESIAN_POINT('',(0.00125,-0.00325,0.));
#4400=CARTESIAN_POINT('',(0.,0.,0.));
#4401=CARTESIAN_POINT('',(0.00175,-0.00325,0.00015));
#4402=CARTESIAN_POINT('',(0.00175,-0.00325,0.));
#4403=CARTESIAN_POINT('',(0.,0.,0.));
#4404=CARTESIAN_POINT('',(0.00225,-0.00325,0.00015));
#4405=CARTESIAN_POINT('',(0.00225,-0.00325,0.));
#4406=CARTESIAN_POINT('',(0.,0.,0.));
#4407=CARTESIAN_POINT('',(0.00275,-0.00325,0.00015));
#4408=CARTESIAN_POINT('',(0.00275,-0.00325,0.));
#4409=CARTESIAN_POINT('',(0.,0.,0.));
#4410=CARTESIAN_POINT('',(0.00325,-0.00325,0.00015));
#4411=CARTESIAN_POINT('',(0.00325,-0.00325,0.));
#4412=MECHANICAL_DESIGN_GEOMETRIC_PRESENTATION_REPRESENTATION('',(#1378),#4567);
#4413=MECHANICAL_DESIGN_GEOMETRIC_PRESENTATION_REPRESENTATION('',(#1379),#4568);
#4414=MECHANICAL_DESIGN_GEOMETRIC_PRESENTATION_REPRESENTATION('',(#1380),#4569);
#4415=MECHANICAL_DESIGN_GEOMETRIC_PRESENTATION_REPRESENTATION('',(#1381),#4570);
#4416=MECHANICAL_DESIGN_GEOMETRIC_PRESENTATION_REPRESENTATION('',(#1382),#4571);
#4417=MECHANICAL_DESIGN_GEOMETRIC_PRESENTATION_REPRESENTATION('',(#1383),#4572);
#4418=MECHANICAL_DESIGN_GEOMETRIC_PRESENTATION_REPRESENTATION('',(#1384),#4573);
#4419=MECHANICAL_DESIGN_GEOMETRIC_PRESENTATION_REPRESENTATION('',(#1385),#4574);
#4420=MECHANICAL_DESIGN_GEOMETRIC_PRESENTATION_REPRESENTATION('',(#1386),#4575);
#4421=MECHANICAL_DESIGN_GEOMETRIC_PRESENTATION_REPRESENTATION('',(#1387),#4576);
#4422=MECHANICAL_DESIGN_GEOMETRIC_PRESENTATION_REPRESENTATION('',(#1388),#4577);
#4423=MECHANICAL_DESIGN_GEOMETRIC_PRESENTATION_REPRESENTATION('',(#1389),#4578);
#4424=MECHANICAL_DESIGN_GEOMETRIC_PRESENTATION_REPRESENTATION('',(#1390),#4579);
#4425=MECHANICAL_DESIGN_GEOMETRIC_PRESENTATION_REPRESENTATION('',(#1391),#4580);
#4426=MECHANICAL_DESIGN_GEOMETRIC_PRESENTATION_REPRESENTATION('',(#1392),#4581);
#4427=MECHANICAL_DESIGN_GEOMETRIC_PRESENTATION_REPRESENTATION('',(#1393),#4582);
#4428=MECHANICAL_DESIGN_GEOMETRIC_PRESENTATION_REPRESENTATION('',(#1394),#4583);
#4429=MECHANICAL_DESIGN_GEOMETRIC_PRESENTATION_REPRESENTATION('',(#1395),#4584);
#4430=MECHANICAL_DESIGN_GEOMETRIC_PRESENTATION_REPRESENTATION('',(#1396),#4585);
#4431=MECHANICAL_DESIGN_GEOMETRIC_PRESENTATION_REPRESENTATION('',(#1397),#4586);
#4432=MECHANICAL_DESIGN_GEOMETRIC_PRESENTATION_REPRESENTATION('',(#1398),#4587);
#4433=MECHANICAL_DESIGN_GEOMETRIC_PRESENTATION_REPRESENTATION('',(#1399),#4588);
#4434=MECHANICAL_DESIGN_GEOMETRIC_PRESENTATION_REPRESENTATION('',(#1400),#4589);
#4435=MECHANICAL_DESIGN_GEOMETRIC_PRESENTATION_REPRESENTATION('',(#1401),#4590);
#4436=MECHANICAL_DESIGN_GEOMETRIC_PRESENTATION_REPRESENTATION('',(#1402),#4591);
#4437=MECHANICAL_DESIGN_GEOMETRIC_PRESENTATION_REPRESENTATION('',(#1403),#4592);
#4438=MECHANICAL_DESIGN_GEOMETRIC_PRESENTATION_REPRESENTATION('',(#1404),#4593);
#4439=MECHANICAL_DESIGN_GEOMETRIC_PRESENTATION_REPRESENTATION('',(#1405),#4594);
#4440=MECHANICAL_DESIGN_GEOMETRIC_PRESENTATION_REPRESENTATION('',(#1406),#4595);
#4441=MECHANICAL_DESIGN_GEOMETRIC_PRESENTATION_REPRESENTATION('',(#1407),#4596);
#4442=MECHANICAL_DESIGN_GEOMETRIC_PRESENTATION_REPRESENTATION('',(#1408),#4597);
#4443=MECHANICAL_DESIGN_GEOMETRIC_PRESENTATION_REPRESENTATION('',(#1409),#4598);
#4444=MECHANICAL_DESIGN_GEOMETRIC_PRESENTATION_REPRESENTATION('',(#1410),#4599);
#4445=MECHANICAL_DESIGN_GEOMETRIC_PRESENTATION_REPRESENTATION('',(#1411),#4600);
#4446=MECHANICAL_DESIGN_GEOMETRIC_PRESENTATION_REPRESENTATION('',(#1412),#4601);
#4447=MECHANICAL_DESIGN_GEOMETRIC_PRESENTATION_REPRESENTATION('',(#1413),#4602);
#4448=MECHANICAL_DESIGN_GEOMETRIC_PRESENTATION_REPRESENTATION('',(#1414),#4603);
#4449=MECHANICAL_DESIGN_GEOMETRIC_PRESENTATION_REPRESENTATION('',(#1415),#4604);
#4450=MECHANICAL_DESIGN_GEOMETRIC_PRESENTATION_REPRESENTATION('',(#1416),#4605);
#4451=MECHANICAL_DESIGN_GEOMETRIC_PRESENTATION_REPRESENTATION('',(#1417),#4606);
#4452=MECHANICAL_DESIGN_GEOMETRIC_PRESENTATION_REPRESENTATION('',(#1418),#4607);
#4453=MECHANICAL_DESIGN_GEOMETRIC_PRESENTATION_REPRESENTATION('',(#1419),#4608);
#4454=MECHANICAL_DESIGN_GEOMETRIC_PRESENTATION_REPRESENTATION('',(#1420),#4609);
#4455=MECHANICAL_DESIGN_GEOMETRIC_PRESENTATION_REPRESENTATION('',(#1421),#4610);
#4456=MECHANICAL_DESIGN_GEOMETRIC_PRESENTATION_REPRESENTATION('',(#1422),#4611);
#4457=MECHANICAL_DESIGN_GEOMETRIC_PRESENTATION_REPRESENTATION('',(#1423),#4612);
#4458=MECHANICAL_DESIGN_GEOMETRIC_PRESENTATION_REPRESENTATION('',(#1424),#4613);
#4459=MECHANICAL_DESIGN_GEOMETRIC_PRESENTATION_REPRESENTATION('',(#1425),#4614);
#4460=MECHANICAL_DESIGN_GEOMETRIC_PRESENTATION_REPRESENTATION('',(#1426),#4615);
#4461=MECHANICAL_DESIGN_GEOMETRIC_PRESENTATION_REPRESENTATION('',(#1427),#4616);
#4462=MECHANICAL_DESIGN_GEOMETRIC_PRESENTATION_REPRESENTATION('',(#1428),#4617);
#4463=MECHANICAL_DESIGN_GEOMETRIC_PRESENTATION_REPRESENTATION('',(#1429),#4618);
#4464=MECHANICAL_DESIGN_GEOMETRIC_PRESENTATION_REPRESENTATION('',(#1430),#4619);
#4465=MECHANICAL_DESIGN_GEOMETRIC_PRESENTATION_REPRESENTATION('',(#1431),#4620);
#4466=MECHANICAL_DESIGN_GEOMETRIC_PRESENTATION_REPRESENTATION('',(#1432),#4621);
#4467=MECHANICAL_DESIGN_GEOMETRIC_PRESENTATION_REPRESENTATION('',(#1433),#4622);
#4468=MECHANICAL_DESIGN_GEOMETRIC_PRESENTATION_REPRESENTATION('',(#1434),#4623);
#4469=MECHANICAL_DESIGN_GEOMETRIC_PRESENTATION_REPRESENTATION('',(#1435),#4624);
#4470=MECHANICAL_DESIGN_GEOMETRIC_PRESENTATION_REPRESENTATION('',(#1436),#4625);
#4471=MECHANICAL_DESIGN_GEOMETRIC_PRESENTATION_REPRESENTATION('',(#1437),#4626);
#4472=MECHANICAL_DESIGN_GEOMETRIC_PRESENTATION_REPRESENTATION('',(#1438),#4627);
#4473=MECHANICAL_DESIGN_GEOMETRIC_PRESENTATION_REPRESENTATION('',(#1439),#4628);
#4474=MECHANICAL_DESIGN_GEOMETRIC_PRESENTATION_REPRESENTATION('',(#1440),#4629);
#4475=MECHANICAL_DESIGN_GEOMETRIC_PRESENTATION_REPRESENTATION('',(#1441),#4630);
#4476=MECHANICAL_DESIGN_GEOMETRIC_PRESENTATION_REPRESENTATION('',(#1442),#4631);
#4477=MECHANICAL_DESIGN_GEOMETRIC_PRESENTATION_REPRESENTATION('',(#1443),#4632);
#4478=MECHANICAL_DESIGN_GEOMETRIC_PRESENTATION_REPRESENTATION('',(#1444),#4633);
#4479=MECHANICAL_DESIGN_GEOMETRIC_PRESENTATION_REPRESENTATION('',(#1445),#4634);
#4480=MECHANICAL_DESIGN_GEOMETRIC_PRESENTATION_REPRESENTATION('',(#1446),#4635);
#4481=MECHANICAL_DESIGN_GEOMETRIC_PRESENTATION_REPRESENTATION('',(#1447),#4636);
#4482=MECHANICAL_DESIGN_GEOMETRIC_PRESENTATION_REPRESENTATION('',(#1448),#4637);
#4483=MECHANICAL_DESIGN_GEOMETRIC_PRESENTATION_REPRESENTATION('',(#1449),#4638);
#4484=MECHANICAL_DESIGN_GEOMETRIC_PRESENTATION_REPRESENTATION('',(#1450),#4639);
#4485=MECHANICAL_DESIGN_GEOMETRIC_PRESENTATION_REPRESENTATION('',(#1451),#4640);
#4486=MECHANICAL_DESIGN_GEOMETRIC_PRESENTATION_REPRESENTATION('',(#1452),#4641);
#4487=MECHANICAL_DESIGN_GEOMETRIC_PRESENTATION_REPRESENTATION('',(#1453),#4642);
#4488=MECHANICAL_DESIGN_GEOMETRIC_PRESENTATION_REPRESENTATION('',(#1454),#4643);
#4489=MECHANICAL_DESIGN_GEOMETRIC_PRESENTATION_REPRESENTATION('',(#1455),#4644);
#4490=MECHANICAL_DESIGN_GEOMETRIC_PRESENTATION_REPRESENTATION('',(#1456),#4645);
#4491=MECHANICAL_DESIGN_GEOMETRIC_PRESENTATION_REPRESENTATION('',(#1457),#4646);
#4492=MECHANICAL_DESIGN_GEOMETRIC_PRESENTATION_REPRESENTATION('',(#1458),#4647);
#4493=MECHANICAL_DESIGN_GEOMETRIC_PRESENTATION_REPRESENTATION('',(#1459),#4648);
#4494=MECHANICAL_DESIGN_GEOMETRIC_PRESENTATION_REPRESENTATION('',(#1460),#4649);
#4495=MECHANICAL_DESIGN_GEOMETRIC_PRESENTATION_REPRESENTATION('',(#1461),#4650);
#4496=MECHANICAL_DESIGN_GEOMETRIC_PRESENTATION_REPRESENTATION('',(#1462),#4651);
#4497=MECHANICAL_DESIGN_GEOMETRIC_PRESENTATION_REPRESENTATION('',(#1463),#4652);
#4498=MECHANICAL_DESIGN_GEOMETRIC_PRESENTATION_REPRESENTATION('',(#1464),#4653);
#4499=MECHANICAL_DESIGN_GEOMETRIC_PRESENTATION_REPRESENTATION('',(#1465),#4654);
#4500=MECHANICAL_DESIGN_GEOMETRIC_PRESENTATION_REPRESENTATION('',(#1466),#4655);
#4501=MECHANICAL_DESIGN_GEOMETRIC_PRESENTATION_REPRESENTATION('',(#1467),#4656);
#4502=MECHANICAL_DESIGN_GEOMETRIC_PRESENTATION_REPRESENTATION('',(#1468),#4657);
#4503=MECHANICAL_DESIGN_GEOMETRIC_PRESENTATION_REPRESENTATION('',(#1469),#4658);
#4504=MECHANICAL_DESIGN_GEOMETRIC_PRESENTATION_REPRESENTATION('',(#1470),#4659);
#4505=MECHANICAL_DESIGN_GEOMETRIC_PRESENTATION_REPRESENTATION('',(#1471),#4660);
#4506=MECHANICAL_DESIGN_GEOMETRIC_PRESENTATION_REPRESENTATION('',(#1472),#4661);
#4507=MECHANICAL_DESIGN_GEOMETRIC_PRESENTATION_REPRESENTATION('',(#1473),#4662);
#4508=MECHANICAL_DESIGN_GEOMETRIC_PRESENTATION_REPRESENTATION('',(#1474),#4663);
#4509=MECHANICAL_DESIGN_GEOMETRIC_PRESENTATION_REPRESENTATION('',(#1475),#4664);
#4510=MECHANICAL_DESIGN_GEOMETRIC_PRESENTATION_REPRESENTATION('',(#1476),#4665);
#4511=MECHANICAL_DESIGN_GEOMETRIC_PRESENTATION_REPRESENTATION('',(#1477),#4666);
#4512=MECHANICAL_DESIGN_GEOMETRIC_PRESENTATION_REPRESENTATION('',(#1478),#4667);
#4513=MECHANICAL_DESIGN_GEOMETRIC_PRESENTATION_REPRESENTATION('',(#1479),#4668);
#4514=MECHANICAL_DESIGN_GEOMETRIC_PRESENTATION_REPRESENTATION('',(#1480),#4669);
#4515=MECHANICAL_DESIGN_GEOMETRIC_PRESENTATION_REPRESENTATION('',(#1481),#4670);
#4516=MECHANICAL_DESIGN_GEOMETRIC_PRESENTATION_REPRESENTATION('',(#1482),#4671);
#4517=MECHANICAL_DESIGN_GEOMETRIC_PRESENTATION_REPRESENTATION('',(#1483),#4672);
#4518=MECHANICAL_DESIGN_GEOMETRIC_PRESENTATION_REPRESENTATION('',(#1484),#4673);
#4519=MECHANICAL_DESIGN_GEOMETRIC_PRESENTATION_REPRESENTATION('',(#1485),#4674);
#4520=MECHANICAL_DESIGN_GEOMETRIC_PRESENTATION_REPRESENTATION('',(#1486),#4675);
#4521=MECHANICAL_DESIGN_GEOMETRIC_PRESENTATION_REPRESENTATION('',(#1487),#4676);
#4522=MECHANICAL_DESIGN_GEOMETRIC_PRESENTATION_REPRESENTATION('',(#1488),#4677);
#4523=MECHANICAL_DESIGN_GEOMETRIC_PRESENTATION_REPRESENTATION('',(#1489),#4678);
#4524=MECHANICAL_DESIGN_GEOMETRIC_PRESENTATION_REPRESENTATION('',(#1490),#4679);
#4525=MECHANICAL_DESIGN_GEOMETRIC_PRESENTATION_REPRESENTATION('',(#1491),#4680);
#4526=MECHANICAL_DESIGN_GEOMETRIC_PRESENTATION_REPRESENTATION('',(#1492),#4681);
#4527=MECHANICAL_DESIGN_GEOMETRIC_PRESENTATION_REPRESENTATION('',(#1493),#4682);
#4528=MECHANICAL_DESIGN_GEOMETRIC_PRESENTATION_REPRESENTATION('',(#1494),#4683);
#4529=MECHANICAL_DESIGN_GEOMETRIC_PRESENTATION_REPRESENTATION('',(#1495),#4684);
#4530=MECHANICAL_DESIGN_GEOMETRIC_PRESENTATION_REPRESENTATION('',(#1496),#4685);
#4531=MECHANICAL_DESIGN_GEOMETRIC_PRESENTATION_REPRESENTATION('',(#1497),#4686);
#4532=MECHANICAL_DESIGN_GEOMETRIC_PRESENTATION_REPRESENTATION('',(#1498),#4687);
#4533=MECHANICAL_DESIGN_GEOMETRIC_PRESENTATION_REPRESENTATION('',(#1499),#4688);
#4534=MECHANICAL_DESIGN_GEOMETRIC_PRESENTATION_REPRESENTATION('',(#1500),#4689);
#4535=MECHANICAL_DESIGN_GEOMETRIC_PRESENTATION_REPRESENTATION('',(#1501),#4690);
#4536=MECHANICAL_DESIGN_GEOMETRIC_PRESENTATION_REPRESENTATION('',(#1502),#4691);
#4537=MECHANICAL_DESIGN_GEOMETRIC_PRESENTATION_REPRESENTATION('',(#1503),#4692);
#4538=MECHANICAL_DESIGN_GEOMETRIC_PRESENTATION_REPRESENTATION('',(#1504),#4693);
#4539=MECHANICAL_DESIGN_GEOMETRIC_PRESENTATION_REPRESENTATION('',(#1505),#4694);
#4540=MECHANICAL_DESIGN_GEOMETRIC_PRESENTATION_REPRESENTATION('',(#1506),#4695);
#4541=MECHANICAL_DESIGN_GEOMETRIC_PRESENTATION_REPRESENTATION('',(#1507),#4696);
#4542=MECHANICAL_DESIGN_GEOMETRIC_PRESENTATION_REPRESENTATION('',(#1508),#4697);
#4543=MECHANICAL_DESIGN_GEOMETRIC_PRESENTATION_REPRESENTATION('',(#1509),#4698);
#4544=MECHANICAL_DESIGN_GEOMETRIC_PRESENTATION_REPRESENTATION('',(#1510),#4699);
#4545=MECHANICAL_DESIGN_GEOMETRIC_PRESENTATION_REPRESENTATION('',(#1511),#4700);
#4546=MECHANICAL_DESIGN_GEOMETRIC_PRESENTATION_REPRESENTATION('',(#1512),#4701);
#4547=MECHANICAL_DESIGN_GEOMETRIC_PRESENTATION_REPRESENTATION('',(#1513),#4702);
#4548=MECHANICAL_DESIGN_GEOMETRIC_PRESENTATION_REPRESENTATION('',(#1514),#4703);
#4549=MECHANICAL_DESIGN_GEOMETRIC_PRESENTATION_REPRESENTATION('',(#1515),#4704);
#4550=MECHANICAL_DESIGN_GEOMETRIC_PRESENTATION_REPRESENTATION('',(#1516),#4705);
#4551=MECHANICAL_DESIGN_GEOMETRIC_PRESENTATION_REPRESENTATION('',(#1517),#4706);
#4552=MECHANICAL_DESIGN_GEOMETRIC_PRESENTATION_REPRESENTATION('',(#1518),#4707);
#4553=MECHANICAL_DESIGN_GEOMETRIC_PRESENTATION_REPRESENTATION('',(#1519),#4708);
#4554=MECHANICAL_DESIGN_GEOMETRIC_PRESENTATION_REPRESENTATION('',(#1520),#4709);
#4555=MECHANICAL_DESIGN_GEOMETRIC_PRESENTATION_REPRESENTATION('',(#1521),#4710);
#4556=MECHANICAL_DESIGN_GEOMETRIC_PRESENTATION_REPRESENTATION('',(#1522),#4711);
#4557=MECHANICAL_DESIGN_GEOMETRIC_PRESENTATION_REPRESENTATION('',(#1523),#4712);
#4558=MECHANICAL_DESIGN_GEOMETRIC_PRESENTATION_REPRESENTATION('',(#1524),#4713);
#4559=MECHANICAL_DESIGN_GEOMETRIC_PRESENTATION_REPRESENTATION('',(#1525),#4714);
#4560=MECHANICAL_DESIGN_GEOMETRIC_PRESENTATION_REPRESENTATION('',(#1526),#4715);
#4561=MECHANICAL_DESIGN_GEOMETRIC_PRESENTATION_REPRESENTATION('',(#1527),#4716);
#4562=MECHANICAL_DESIGN_GEOMETRIC_PRESENTATION_REPRESENTATION('',(#1528),#4717);
#4563=MECHANICAL_DESIGN_GEOMETRIC_PRESENTATION_REPRESENTATION('',(#1529),#4718);
#4564=MECHANICAL_DESIGN_GEOMETRIC_PRESENTATION_REPRESENTATION('',(#1530),#4719);
#4565=MECHANICAL_DESIGN_GEOMETRIC_PRESENTATION_REPRESENTATION('',(#1531),#4720);
#4566=MECHANICAL_DESIGN_GEOMETRIC_PRESENTATION_REPRESENTATION('',(#1532),#4721);
#4567=(
GEOMETRIC_REPRESENTATION_CONTEXT(3)
GLOBAL_UNCERTAINTY_ASSIGNED_CONTEXT((#4722))
GLOBAL_UNIT_ASSIGNED_CONTEXT((#5187,#5032,#4877))
REPRESENTATION_CONTEXT('Part 155','TOP_LEVEL_ASSEMBLY_PART')
);
#4568=(
GEOMETRIC_REPRESENTATION_CONTEXT(3)
GLOBAL_UNCERTAINTY_ASSIGNED_CONTEXT((#4723))
GLOBAL_UNIT_ASSIGNED_CONTEXT((#5188,#5033,#4878))
REPRESENTATION_CONTEXT('Open CASCADE STEP translator 7.5 17.2.1','TOP_LEVEL_ASSEMBLY_PART')
);
#4569=(
GEOMETRIC_REPRESENTATION_CONTEXT(3)
GLOBAL_UNCERTAINTY_ASSIGNED_CONTEXT((#4724))
GLOBAL_UNIT_ASSIGNED_CONTEXT((#5189,#5034,#4879))
REPRESENTATION_CONTEXT('ball','TOP_LEVEL_ASSEMBLY_PART')
);
#4570=(
GEOMETRIC_REPRESENTATION_CONTEXT(3)
GLOBAL_UNCERTAINTY_ASSIGNED_CONTEXT((#4725))
GLOBAL_UNIT_ASSIGNED_CONTEXT((#5190,#5035,#4880))
REPRESENTATION_CONTEXT('ball_1','TOP_LEVEL_ASSEMBLY_PART')
);
#4571=(
GEOMETRIC_REPRESENTATION_CONTEXT(3)
GLOBAL_UNCERTAINTY_ASSIGNED_CONTEXT((#4726))
GLOBAL_UNIT_ASSIGNED_CONTEXT((#5191,#5036,#4881))
REPRESENTATION_CONTEXT('ball_2','TOP_LEVEL_ASSEMBLY_PART')
);
#4572=(
GEOMETRIC_REPRESENTATION_CONTEXT(3)
GLOBAL_UNCERTAINTY_ASSIGNED_CONTEXT((#4727))
GLOBAL_UNIT_ASSIGNED_CONTEXT((#5192,#5037,#4882))
REPRESENTATION_CONTEXT('ball_3','TOP_LEVEL_ASSEMBLY_PART')
);
#4573=(
GEOMETRIC_REPRESENTATION_CONTEXT(3)
GLOBAL_UNCERTAINTY_ASSIGNED_CONTEXT((#4728))
GLOBAL_UNIT_ASSIGNED_CONTEXT((#5193,#5038,#4883))
REPRESENTATION_CONTEXT('ball_4','TOP_LEVEL_ASSEMBLY_PART')
);
#4574=(
GEOMETRIC_REPRESENTATION_CONTEXT(3)
GLOBAL_UNCERTAINTY_ASSIGNED_CONTEXT((#4729))
GLOBAL_UNIT_ASSIGNED_CONTEXT((#5194,#5039,#4884))
REPRESENTATION_CONTEXT('ball_5','TOP_LEVEL_ASSEMBLY_PART')
);
#4575=(
GEOMETRIC_REPRESENTATION_CONTEXT(3)
GLOBAL_UNCERTAINTY_ASSIGNED_CONTEXT((#4730))
GLOBAL_UNIT_ASSIGNED_CONTEXT((#5195,#5040,#4885))
REPRESENTATION_CONTEXT('ball_6','TOP_LEVEL_ASSEMBLY_PART')
);
#4576=(
GEOMETRIC_REPRESENTATION_CONTEXT(3)
GLOBAL_UNCERTAINTY_ASSIGNED_CONTEXT((#4731))
GLOBAL_UNIT_ASSIGNED_CONTEXT((#5196,#5041,#4886))
REPRESENTATION_CONTEXT('ball_7','TOP_LEVEL_ASSEMBLY_PART')
);
#4577=(
GEOMETRIC_REPRESENTATION_CONTEXT(3)
GLOBAL_UNCERTAINTY_ASSIGNED_CONTEXT((#4732))
GLOBAL_UNIT_ASSIGNED_CONTEXT((#5197,#5042,#4887))
REPRESENTATION_CONTEXT('ball_8','TOP_LEVEL_ASSEMBLY_PART')
);
#4578=(
GEOMETRIC_REPRESENTATION_CONTEXT(3)
GLOBAL_UNCERTAINTY_ASSIGNED_CONTEXT((#4733))
GLOBAL_UNIT_ASSIGNED_CONTEXT((#5198,#5043,#4888))
REPRESENTATION_CONTEXT('ball_9','TOP_LEVEL_ASSEMBLY_PART')
);
#4579=(
GEOMETRIC_REPRESENTATION_CONTEXT(3)
GLOBAL_UNCERTAINTY_ASSIGNED_CONTEXT((#4734))
GLOBAL_UNIT_ASSIGNED_CONTEXT((#5199,#5044,#4889))
REPRESENTATION_CONTEXT('ball_10','TOP_LEVEL_ASSEMBLY_PART')
);
#4580=(
GEOMETRIC_REPRESENTATION_CONTEXT(3)
GLOBAL_UNCERTAINTY_ASSIGNED_CONTEXT((#4735))
GLOBAL_UNIT_ASSIGNED_CONTEXT((#5200,#5045,#4890))
REPRESENTATION_CONTEXT('ball_11','TOP_LEVEL_ASSEMBLY_PART')
);
#4581=(
GEOMETRIC_REPRESENTATION_CONTEXT(3)
GLOBAL_UNCERTAINTY_ASSIGNED_CONTEXT((#4736))
GLOBAL_UNIT_ASSIGNED_CONTEXT((#5201,#5046,#4891))
REPRESENTATION_CONTEXT('ball_12','TOP_LEVEL_ASSEMBLY_PART')
);
#4582=(
GEOMETRIC_REPRESENTATION_CONTEXT(3)
GLOBAL_UNCERTAINTY_ASSIGNED_CONTEXT((#4737))
GLOBAL_UNIT_ASSIGNED_CONTEXT((#5202,#5047,#4892))
REPRESENTATION_CONTEXT('ball_13','TOP_LEVEL_ASSEMBLY_PART')
);
#4583=(
GEOMETRIC_REPRESENTATION_CONTEXT(3)
GLOBAL_UNCERTAINTY_ASSIGNED_CONTEXT((#4738))
GLOBAL_UNIT_ASSIGNED_CONTEXT((#5203,#5048,#4893))
REPRESENTATION_CONTEXT('ball_14','TOP_LEVEL_ASSEMBLY_PART')
);
#4584=(
GEOMETRIC_REPRESENTATION_CONTEXT(3)
GLOBAL_UNCERTAINTY_ASSIGNED_CONTEXT((#4739))
GLOBAL_UNIT_ASSIGNED_CONTEXT((#5204,#5049,#4894))
REPRESENTATION_CONTEXT('ball_15','TOP_LEVEL_ASSEMBLY_PART')
);
#4585=(
GEOMETRIC_REPRESENTATION_CONTEXT(3)
GLOBAL_UNCERTAINTY_ASSIGNED_CONTEXT((#4740))
GLOBAL_UNIT_ASSIGNED_CONTEXT((#5205,#5050,#4895))
REPRESENTATION_CONTEXT('ball_16','TOP_LEVEL_ASSEMBLY_PART')
);
#4586=(
GEOMETRIC_REPRESENTATION_CONTEXT(3)
GLOBAL_UNCERTAINTY_ASSIGNED_CONTEXT((#4741))
GLOBAL_UNIT_ASSIGNED_CONTEXT((#5206,#5051,#4896))
REPRESENTATION_CONTEXT('ball_17','TOP_LEVEL_ASSEMBLY_PART')
);
#4587=(
GEOMETRIC_REPRESENTATION_CONTEXT(3)
GLOBAL_UNCERTAINTY_ASSIGNED_CONTEXT((#4742))
GLOBAL_UNIT_ASSIGNED_CONTEXT((#5207,#5052,#4897))
REPRESENTATION_CONTEXT('ball_18','TOP_LEVEL_ASSEMBLY_PART')
);
#4588=(
GEOMETRIC_REPRESENTATION_CONTEXT(3)
GLOBAL_UNCERTAINTY_ASSIGNED_CONTEXT((#4743))
GLOBAL_UNIT_ASSIGNED_CONTEXT((#5208,#5053,#4898))
REPRESENTATION_CONTEXT('ball_19','TOP_LEVEL_ASSEMBLY_PART')
);
#4589=(
GEOMETRIC_REPRESENTATION_CONTEXT(3)
GLOBAL_UNCERTAINTY_ASSIGNED_CONTEXT((#4744))
GLOBAL_UNIT_ASSIGNED_CONTEXT((#5209,#5054,#4899))
REPRESENTATION_CONTEXT('ball_20','TOP_LEVEL_ASSEMBLY_PART')
);
#4590=(
GEOMETRIC_REPRESENTATION_CONTEXT(3)
GLOBAL_UNCERTAINTY_ASSIGNED_CONTEXT((#4745))
GLOBAL_UNIT_ASSIGNED_CONTEXT((#5210,#5055,#4900))
REPRESENTATION_CONTEXT('ball_21','TOP_LEVEL_ASSEMBLY_PART')
);
#4591=(
GEOMETRIC_REPRESENTATION_CONTEXT(3)
GLOBAL_UNCERTAINTY_ASSIGNED_CONTEXT((#4746))
GLOBAL_UNIT_ASSIGNED_CONTEXT((#5211,#5056,#4901))
REPRESENTATION_CONTEXT('ball_22','TOP_LEVEL_ASSEMBLY_PART')
);
#4592=(
GEOMETRIC_REPRESENTATION_CONTEXT(3)
GLOBAL_UNCERTAINTY_ASSIGNED_CONTEXT((#4747))
GLOBAL_UNIT_ASSIGNED_CONTEXT((#5212,#5057,#4902))
REPRESENTATION_CONTEXT('ball_23','TOP_LEVEL_ASSEMBLY_PART')
);
#4593=(
GEOMETRIC_REPRESENTATION_CONTEXT(3)
GLOBAL_UNCERTAINTY_ASSIGNED_CONTEXT((#4748))
GLOBAL_UNIT_ASSIGNED_CONTEXT((#5213,#5058,#4903))
REPRESENTATION_CONTEXT('ball_24','TOP_LEVEL_ASSEMBLY_PART')
);
#4594=(
GEOMETRIC_REPRESENTATION_CONTEXT(3)
GLOBAL_UNCERTAINTY_ASSIGNED_CONTEXT((#4749))
GLOBAL_UNIT_ASSIGNED_CONTEXT((#5214,#5059,#4904))
REPRESENTATION_CONTEXT('ball_25','TOP_LEVEL_ASSEMBLY_PART')
);
#4595=(
GEOMETRIC_REPRESENTATION_CONTEXT(3)
GLOBAL_UNCERTAINTY_ASSIGNED_CONTEXT((#4750))
GLOBAL_UNIT_ASSIGNED_CONTEXT((#5215,#5060,#4905))
REPRESENTATION_CONTEXT('ball_26','TOP_LEVEL_ASSEMBLY_PART')
);
#4596=(
GEOMETRIC_REPRESENTATION_CONTEXT(3)
GLOBAL_UNCERTAINTY_ASSIGNED_CONTEXT((#4751))
GLOBAL_UNIT_ASSIGNED_CONTEXT((#5216,#5061,#4906))
REPRESENTATION_CONTEXT('ball_27','TOP_LEVEL_ASSEMBLY_PART')
);
#4597=(
GEOMETRIC_REPRESENTATION_CONTEXT(3)
GLOBAL_UNCERTAINTY_ASSIGNED_CONTEXT((#4752))
GLOBAL_UNIT_ASSIGNED_CONTEXT((#5217,#5062,#4907))
REPRESENTATION_CONTEXT('ball_28','TOP_LEVEL_ASSEMBLY_PART')
);
#4598=(
GEOMETRIC_REPRESENTATION_CONTEXT(3)
GLOBAL_UNCERTAINTY_ASSIGNED_CONTEXT((#4753))
GLOBAL_UNIT_ASSIGNED_CONTEXT((#5218,#5063,#4908))
REPRESENTATION_CONTEXT('ball_29','TOP_LEVEL_ASSEMBLY_PART')
);
#4599=(
GEOMETRIC_REPRESENTATION_CONTEXT(3)
GLOBAL_UNCERTAINTY_ASSIGNED_CONTEXT((#4754))
GLOBAL_UNIT_ASSIGNED_CONTEXT((#5219,#5064,#4909))
REPRESENTATION_CONTEXT('ball_30','TOP_LEVEL_ASSEMBLY_PART')
);
#4600=(
GEOMETRIC_REPRESENTATION_CONTEXT(3)
GLOBAL_UNCERTAINTY_ASSIGNED_CONTEXT((#4755))
GLOBAL_UNIT_ASSIGNED_CONTEXT((#5220,#5065,#4910))
REPRESENTATION_CONTEXT('ball_31','TOP_LEVEL_ASSEMBLY_PART')
);
#4601=(
GEOMETRIC_REPRESENTATION_CONTEXT(3)
GLOBAL_UNCERTAINTY_ASSIGNED_CONTEXT((#4756))
GLOBAL_UNIT_ASSIGNED_CONTEXT((#5221,#5066,#4911))
REPRESENTATION_CONTEXT('ball_32','TOP_LEVEL_ASSEMBLY_PART')
);
#4602=(
GEOMETRIC_REPRESENTATION_CONTEXT(3)
GLOBAL_UNCERTAINTY_ASSIGNED_CONTEXT((#4757))
GLOBAL_UNIT_ASSIGNED_CONTEXT((#5222,#5067,#4912))
REPRESENTATION_CONTEXT('ball_33','TOP_LEVEL_ASSEMBLY_PART')
);
#4603=(
GEOMETRIC_REPRESENTATION_CONTEXT(3)
GLOBAL_UNCERTAINTY_ASSIGNED_CONTEXT((#4758))
GLOBAL_UNIT_ASSIGNED_CONTEXT((#5223,#5068,#4913))
REPRESENTATION_CONTEXT('ball_34','TOP_LEVEL_ASSEMBLY_PART')
);
#4604=(
GEOMETRIC_REPRESENTATION_CONTEXT(3)
GLOBAL_UNCERTAINTY_ASSIGNED_CONTEXT((#4759))
GLOBAL_UNIT_ASSIGNED_CONTEXT((#5224,#5069,#4914))
REPRESENTATION_CONTEXT('ball_35','TOP_LEVEL_ASSEMBLY_PART')
);
#4605=(
GEOMETRIC_REPRESENTATION_CONTEXT(3)
GLOBAL_UNCERTAINTY_ASSIGNED_CONTEXT((#4760))
GLOBAL_UNIT_ASSIGNED_CONTEXT((#5225,#5070,#4915))
REPRESENTATION_CONTEXT('ball_36','TOP_LEVEL_ASSEMBLY_PART')
);
#4606=(
GEOMETRIC_REPRESENTATION_CONTEXT(3)
GLOBAL_UNCERTAINTY_ASSIGNED_CONTEXT((#4761))
GLOBAL_UNIT_ASSIGNED_CONTEXT((#5226,#5071,#4916))
REPRESENTATION_CONTEXT('ball_37','TOP_LEVEL_ASSEMBLY_PART')
);
#4607=(
GEOMETRIC_REPRESENTATION_CONTEXT(3)
GLOBAL_UNCERTAINTY_ASSIGNED_CONTEXT((#4762))
GLOBAL_UNIT_ASSIGNED_CONTEXT((#5227,#5072,#4917))
REPRESENTATION_CONTEXT('ball_38','TOP_LEVEL_ASSEMBLY_PART')
);
#4608=(
GEOMETRIC_REPRESENTATION_CONTEXT(3)
GLOBAL_UNCERTAINTY_ASSIGNED_CONTEXT((#4763))
GLOBAL_UNIT_ASSIGNED_CONTEXT((#5228,#5073,#4918))
REPRESENTATION_CONTEXT('ball_39','TOP_LEVEL_ASSEMBLY_PART')
);
#4609=(
GEOMETRIC_REPRESENTATION_CONTEXT(3)
GLOBAL_UNCERTAINTY_ASSIGNED_CONTEXT((#4764))
GLOBAL_UNIT_ASSIGNED_CONTEXT((#5229,#5074,#4919))
REPRESENTATION_CONTEXT('ball_40','TOP_LEVEL_ASSEMBLY_PART')
);
#4610=(
GEOMETRIC_REPRESENTATION_CONTEXT(3)
GLOBAL_UNCERTAINTY_ASSIGNED_CONTEXT((#4765))
GLOBAL_UNIT_ASSIGNED_CONTEXT((#5230,#5075,#4920))
REPRESENTATION_CONTEXT('ball_41','TOP_LEVEL_ASSEMBLY_PART')
);
#4611=(
GEOMETRIC_REPRESENTATION_CONTEXT(3)
GLOBAL_UNCERTAINTY_ASSIGNED_CONTEXT((#4766))
GLOBAL_UNIT_ASSIGNED_CONTEXT((#5231,#5076,#4921))
REPRESENTATION_CONTEXT('ball_42','TOP_LEVEL_ASSEMBLY_PART')
);
#4612=(
GEOMETRIC_REPRESENTATION_CONTEXT(3)
GLOBAL_UNCERTAINTY_ASSIGNED_CONTEXT((#4767))
GLOBAL_UNIT_ASSIGNED_CONTEXT((#5232,#5077,#4922))
REPRESENTATION_CONTEXT('ball_43','TOP_LEVEL_ASSEMBLY_PART')
);
#4613=(
GEOMETRIC_REPRESENTATION_CONTEXT(3)
GLOBAL_UNCERTAINTY_ASSIGNED_CONTEXT((#4768))
GLOBAL_UNIT_ASSIGNED_CONTEXT((#5233,#5078,#4923))
REPRESENTATION_CONTEXT('ball_44','TOP_LEVEL_ASSEMBLY_PART')
);
#4614=(
GEOMETRIC_REPRESENTATION_CONTEXT(3)
GLOBAL_UNCERTAINTY_ASSIGNED_CONTEXT((#4769))
GLOBAL_UNIT_ASSIGNED_CONTEXT((#5234,#5079,#4924))
REPRESENTATION_CONTEXT('ball_45','TOP_LEVEL_ASSEMBLY_PART')
);
#4615=(
GEOMETRIC_REPRESENTATION_CONTEXT(3)
GLOBAL_UNCERTAINTY_ASSIGNED_CONTEXT((#4770))
GLOBAL_UNIT_ASSIGNED_CONTEXT((#5235,#5080,#4925))
REPRESENTATION_CONTEXT('ball_53','TOP_LEVEL_ASSEMBLY_PART')
);
#4616=(
GEOMETRIC_REPRESENTATION_CONTEXT(3)
GLOBAL_UNCERTAINTY_ASSIGNED_CONTEXT((#4771))
GLOBAL_UNIT_ASSIGNED_CONTEXT((#5236,#5081,#4926))
REPRESENTATION_CONTEXT('ball_54','TOP_LEVEL_ASSEMBLY_PART')
);
#4617=(
GEOMETRIC_REPRESENTATION_CONTEXT(3)
GLOBAL_UNCERTAINTY_ASSIGNED_CONTEXT((#4772))
GLOBAL_UNIT_ASSIGNED_CONTEXT((#5237,#5082,#4927))
REPRESENTATION_CONTEXT('ball_55','TOP_LEVEL_ASSEMBLY_PART')
);
#4618=(
GEOMETRIC_REPRESENTATION_CONTEXT(3)
GLOBAL_UNCERTAINTY_ASSIGNED_CONTEXT((#4773))
GLOBAL_UNIT_ASSIGNED_CONTEXT((#5238,#5083,#4928))
REPRESENTATION_CONTEXT('ball_56','TOP_LEVEL_ASSEMBLY_PART')
);
#4619=(
GEOMETRIC_REPRESENTATION_CONTEXT(3)
GLOBAL_UNCERTAINTY_ASSIGNED_CONTEXT((#4774))
GLOBAL_UNIT_ASSIGNED_CONTEXT((#5239,#5084,#4929))
REPRESENTATION_CONTEXT('ball_57','TOP_LEVEL_ASSEMBLY_PART')
);
#4620=(
GEOMETRIC_REPRESENTATION_CONTEXT(3)
GLOBAL_UNCERTAINTY_ASSIGNED_CONTEXT((#4775))
GLOBAL_UNIT_ASSIGNED_CONTEXT((#5240,#5085,#4930))
REPRESENTATION_CONTEXT('ball_58','TOP_LEVEL_ASSEMBLY_PART')
);
#4621=(
GEOMETRIC_REPRESENTATION_CONTEXT(3)
GLOBAL_UNCERTAINTY_ASSIGNED_CONTEXT((#4776))
GLOBAL_UNIT_ASSIGNED_CONTEXT((#5241,#5086,#4931))
REPRESENTATION_CONTEXT('ball_60','TOP_LEVEL_ASSEMBLY_PART')
);
#4622=(
GEOMETRIC_REPRESENTATION_CONTEXT(3)
GLOBAL_UNCERTAINTY_ASSIGNED_CONTEXT((#4777))
GLOBAL_UNIT_ASSIGNED_CONTEXT((#5242,#5087,#4932))
REPRESENTATION_CONTEXT('ball_61','TOP_LEVEL_ASSEMBLY_PART')
);
#4623=(
GEOMETRIC_REPRESENTATION_CONTEXT(3)
GLOBAL_UNCERTAINTY_ASSIGNED_CONTEXT((#4778))
GLOBAL_UNIT_ASSIGNED_CONTEXT((#5243,#5088,#4933))
REPRESENTATION_CONTEXT('ball_62','TOP_LEVEL_ASSEMBLY_PART')
);
#4624=(
GEOMETRIC_REPRESENTATION_CONTEXT(3)
GLOBAL_UNCERTAINTY_ASSIGNED_CONTEXT((#4779))
GLOBAL_UNIT_ASSIGNED_CONTEXT((#5244,#5089,#4934))
REPRESENTATION_CONTEXT('ball_63','TOP_LEVEL_ASSEMBLY_PART')
);
#4625=(
GEOMETRIC_REPRESENTATION_CONTEXT(3)
GLOBAL_UNCERTAINTY_ASSIGNED_CONTEXT((#4780))
GLOBAL_UNIT_ASSIGNED_CONTEXT((#5245,#5090,#4935))
REPRESENTATION_CONTEXT('ball_64','TOP_LEVEL_ASSEMBLY_PART')
);
#4626=(
GEOMETRIC_REPRESENTATION_CONTEXT(3)
GLOBAL_UNCERTAINTY_ASSIGNED_CONTEXT((#4781))
GLOBAL_UNIT_ASSIGNED_CONTEXT((#5246,#5091,#4936))
REPRESENTATION_CONTEXT('ball_65','TOP_LEVEL_ASSEMBLY_PART')
);
#4627=(
GEOMETRIC_REPRESENTATION_CONTEXT(3)
GLOBAL_UNCERTAINTY_ASSIGNED_CONTEXT((#4782))
GLOBAL_UNIT_ASSIGNED_CONTEXT((#5247,#5092,#4937))
REPRESENTATION_CONTEXT('ball_67','TOP_LEVEL_ASSEMBLY_PART')
);
#4628=(
GEOMETRIC_REPRESENTATION_CONTEXT(3)
GLOBAL_UNCERTAINTY_ASSIGNED_CONTEXT((#4783))
GLOBAL_UNIT_ASSIGNED_CONTEXT((#5248,#5093,#4938))
REPRESENTATION_CONTEXT('ball_68','TOP_LEVEL_ASSEMBLY_PART')
);
#4629=(
GEOMETRIC_REPRESENTATION_CONTEXT(3)
GLOBAL_UNCERTAINTY_ASSIGNED_CONTEXT((#4784))
GLOBAL_UNIT_ASSIGNED_CONTEXT((#5249,#5094,#4939))
REPRESENTATION_CONTEXT('ball_69','TOP_LEVEL_ASSEMBLY_PART')
);
#4630=(
GEOMETRIC_REPRESENTATION_CONTEXT(3)
GLOBAL_UNCERTAINTY_ASSIGNED_CONTEXT((#4785))
GLOBAL_UNIT_ASSIGNED_CONTEXT((#5250,#5095,#4940))
REPRESENTATION_CONTEXT('ball_70','TOP_LEVEL_ASSEMBLY_PART')
);
#4631=(
GEOMETRIC_REPRESENTATION_CONTEXT(3)
GLOBAL_UNCERTAINTY_ASSIGNED_CONTEXT((#4786))
GLOBAL_UNIT_ASSIGNED_CONTEXT((#5251,#5096,#4941))
REPRESENTATION_CONTEXT('ball_71','TOP_LEVEL_ASSEMBLY_PART')
);
#4632=(
GEOMETRIC_REPRESENTATION_CONTEXT(3)
GLOBAL_UNCERTAINTY_ASSIGNED_CONTEXT((#4787))
GLOBAL_UNIT_ASSIGNED_CONTEXT((#5252,#5097,#4942))
REPRESENTATION_CONTEXT('ball_72','TOP_LEVEL_ASSEMBLY_PART')
);
#4633=(
GEOMETRIC_REPRESENTATION_CONTEXT(3)
GLOBAL_UNCERTAINTY_ASSIGNED_CONTEXT((#4788))
GLOBAL_UNIT_ASSIGNED_CONTEXT((#5253,#5098,#4943))
REPRESENTATION_CONTEXT('ball_74','TOP_LEVEL_ASSEMBLY_PART')
);
#4634=(
GEOMETRIC_REPRESENTATION_CONTEXT(3)
GLOBAL_UNCERTAINTY_ASSIGNED_CONTEXT((#4789))
GLOBAL_UNIT_ASSIGNED_CONTEXT((#5254,#5099,#4944))
REPRESENTATION_CONTEXT('ball_79','TOP_LEVEL_ASSEMBLY_PART')
);
#4635=(
GEOMETRIC_REPRESENTATION_CONTEXT(3)
GLOBAL_UNCERTAINTY_ASSIGNED_CONTEXT((#4790))
GLOBAL_UNIT_ASSIGNED_CONTEXT((#5255,#5100,#4945))
REPRESENTATION_CONTEXT('ball_81','TOP_LEVEL_ASSEMBLY_PART')
);
#4636=(
GEOMETRIC_REPRESENTATION_CONTEXT(3)
GLOBAL_UNCERTAINTY_ASSIGNED_CONTEXT((#4791))
GLOBAL_UNIT_ASSIGNED_CONTEXT((#5256,#5101,#4946))
REPRESENTATION_CONTEXT('ball_82','TOP_LEVEL_ASSEMBLY_PART')
);
#4637=(
GEOMETRIC_REPRESENTATION_CONTEXT(3)
GLOBAL_UNCERTAINTY_ASSIGNED_CONTEXT((#4792))
GLOBAL_UNIT_ASSIGNED_CONTEXT((#5257,#5102,#4947))
REPRESENTATION_CONTEXT('ball_83','TOP_LEVEL_ASSEMBLY_PART')
);
#4638=(
GEOMETRIC_REPRESENTATION_CONTEXT(3)
GLOBAL_UNCERTAINTY_ASSIGNED_CONTEXT((#4793))
GLOBAL_UNIT_ASSIGNED_CONTEXT((#5258,#5103,#4948))
REPRESENTATION_CONTEXT('ball_84','TOP_LEVEL_ASSEMBLY_PART')
);
#4639=(
GEOMETRIC_REPRESENTATION_CONTEXT(3)
GLOBAL_UNCERTAINTY_ASSIGNED_CONTEXT((#4794))
GLOBAL_UNIT_ASSIGNED_CONTEXT((#5259,#5104,#4949))
REPRESENTATION_CONTEXT('ball_85','TOP_LEVEL_ASSEMBLY_PART')
);
#4640=(
GEOMETRIC_REPRESENTATION_CONTEXT(3)
GLOBAL_UNCERTAINTY_ASSIGNED_CONTEXT((#4795))
GLOBAL_UNIT_ASSIGNED_CONTEXT((#5260,#5105,#4950))
REPRESENTATION_CONTEXT('ball_86','TOP_LEVEL_ASSEMBLY_PART')
);
#4641=(
GEOMETRIC_REPRESENTATION_CONTEXT(3)
GLOBAL_UNCERTAINTY_ASSIGNED_CONTEXT((#4796))
GLOBAL_UNIT_ASSIGNED_CONTEXT((#5261,#5106,#4951))
REPRESENTATION_CONTEXT('ball_88','TOP_LEVEL_ASSEMBLY_PART')
);
#4642=(
GEOMETRIC_REPRESENTATION_CONTEXT(3)
GLOBAL_UNCERTAINTY_ASSIGNED_CONTEXT((#4797))
GLOBAL_UNIT_ASSIGNED_CONTEXT((#5262,#5107,#4952))
REPRESENTATION_CONTEXT('ball_93','TOP_LEVEL_ASSEMBLY_PART')
);
#4643=(
GEOMETRIC_REPRESENTATION_CONTEXT(3)
GLOBAL_UNCERTAINTY_ASSIGNED_CONTEXT((#4798))
GLOBAL_UNIT_ASSIGNED_CONTEXT((#5263,#5108,#4953))
REPRESENTATION_CONTEXT('ball_95','TOP_LEVEL_ASSEMBLY_PART')
);
#4644=(
GEOMETRIC_REPRESENTATION_CONTEXT(3)
GLOBAL_UNCERTAINTY_ASSIGNED_CONTEXT((#4799))
GLOBAL_UNIT_ASSIGNED_CONTEXT((#5264,#5109,#4954))
REPRESENTATION_CONTEXT('ball_96','TOP_LEVEL_ASSEMBLY_PART')
);
#4645=(
GEOMETRIC_REPRESENTATION_CONTEXT(3)
GLOBAL_UNCERTAINTY_ASSIGNED_CONTEXT((#4800))
GLOBAL_UNIT_ASSIGNED_CONTEXT((#5265,#5110,#4955))
REPRESENTATION_CONTEXT('ball_97','TOP_LEVEL_ASSEMBLY_PART')
);
#4646=(
GEOMETRIC_REPRESENTATION_CONTEXT(3)
GLOBAL_UNCERTAINTY_ASSIGNED_CONTEXT((#4801))
GLOBAL_UNIT_ASSIGNED_CONTEXT((#5266,#5111,#4956))
REPRESENTATION_CONTEXT('ball_98','TOP_LEVEL_ASSEMBLY_PART')
);
#4647=(
GEOMETRIC_REPRESENTATION_CONTEXT(3)
GLOBAL_UNCERTAINTY_ASSIGNED_CONTEXT((#4802))
GLOBAL_UNIT_ASSIGNED_CONTEXT((#5267,#5112,#4957))
REPRESENTATION_CONTEXT('ball_99','TOP_LEVEL_ASSEMBLY_PART')
);
#4648=(
GEOMETRIC_REPRESENTATION_CONTEXT(3)
GLOBAL_UNCERTAINTY_ASSIGNED_CONTEXT((#4803))
GLOBAL_UNIT_ASSIGNED_CONTEXT((#5268,#5113,#4958))
REPRESENTATION_CONTEXT('ball_100','TOP_LEVEL_ASSEMBLY_PART')
);
#4649=(
GEOMETRIC_REPRESENTATION_CONTEXT(3)
GLOBAL_UNCERTAINTY_ASSIGNED_CONTEXT((#4804))
GLOBAL_UNIT_ASSIGNED_CONTEXT((#5269,#5114,#4959))
REPRESENTATION_CONTEXT('ball_102','TOP_LEVEL_ASSEMBLY_PART')
);
#4650=(
GEOMETRIC_REPRESENTATION_CONTEXT(3)
GLOBAL_UNCERTAINTY_ASSIGNED_CONTEXT((#4805))
GLOBAL_UNIT_ASSIGNED_CONTEXT((#5270,#5115,#4960))
REPRESENTATION_CONTEXT('ball_107','TOP_LEVEL_ASSEMBLY_PART')
);
#4651=(
GEOMETRIC_REPRESENTATION_CONTEXT(3)
GLOBAL_UNCERTAINTY_ASSIGNED_CONTEXT((#4806))
GLOBAL_UNIT_ASSIGNED_CONTEXT((#5271,#5116,#4961))
REPRESENTATION_CONTEXT('ball_109','TOP_LEVEL_ASSEMBLY_PART')
);
#4652=(
GEOMETRIC_REPRESENTATION_CONTEXT(3)
GLOBAL_UNCERTAINTY_ASSIGNED_CONTEXT((#4807))
GLOBAL_UNIT_ASSIGNED_CONTEXT((#5272,#5117,#4962))
REPRESENTATION_CONTEXT('ball_110','TOP_LEVEL_ASSEMBLY_PART')
);
#4653=(
GEOMETRIC_REPRESENTATION_CONTEXT(3)
GLOBAL_UNCERTAINTY_ASSIGNED_CONTEXT((#4808))
GLOBAL_UNIT_ASSIGNED_CONTEXT((#5273,#5118,#4963))
REPRESENTATION_CONTEXT('ball_111','TOP_LEVEL_ASSEMBLY_PART')
);
#4654=(
GEOMETRIC_REPRESENTATION_CONTEXT(3)
GLOBAL_UNCERTAINTY_ASSIGNED_CONTEXT((#4809))
GLOBAL_UNIT_ASSIGNED_CONTEXT((#5274,#5119,#4964))
REPRESENTATION_CONTEXT('ball_112','TOP_LEVEL_ASSEMBLY_PART')
);
#4655=(
GEOMETRIC_REPRESENTATION_CONTEXT(3)
GLOBAL_UNCERTAINTY_ASSIGNED_CONTEXT((#4810))
GLOBAL_UNIT_ASSIGNED_CONTEXT((#5275,#5120,#4965))
REPRESENTATION_CONTEXT('ball_113','TOP_LEVEL_ASSEMBLY_PART')
);
#4656=(
GEOMETRIC_REPRESENTATION_CONTEXT(3)
GLOBAL_UNCERTAINTY_ASSIGNED_CONTEXT((#4811))
GLOBAL_UNIT_ASSIGNED_CONTEXT((#5276,#5121,#4966))
REPRESENTATION_CONTEXT('ball_114','TOP_LEVEL_ASSEMBLY_PART')
);
#4657=(
GEOMETRIC_REPRESENTATION_CONTEXT(3)
GLOBAL_UNCERTAINTY_ASSIGNED_CONTEXT((#4812))
GLOBAL_UNIT_ASSIGNED_CONTEXT((#5277,#5122,#4967))
REPRESENTATION_CONTEXT('ball_116','TOP_LEVEL_ASSEMBLY_PART')
);
#4658=(
GEOMETRIC_REPRESENTATION_CONTEXT(3)
GLOBAL_UNCERTAINTY_ASSIGNED_CONTEXT((#4813))
GLOBAL_UNIT_ASSIGNED_CONTEXT((#5278,#5123,#4968))
REPRESENTATION_CONTEXT('ball_121','TOP_LEVEL_ASSEMBLY_PART')
);
#4659=(
GEOMETRIC_REPRESENTATION_CONTEXT(3)
GLOBAL_UNCERTAINTY_ASSIGNED_CONTEXT((#4814))
GLOBAL_UNIT_ASSIGNED_CONTEXT((#5279,#5124,#4969))
REPRESENTATION_CONTEXT('ball_123','TOP_LEVEL_ASSEMBLY_PART')
);
#4660=(
GEOMETRIC_REPRESENTATION_CONTEXT(3)
GLOBAL_UNCERTAINTY_ASSIGNED_CONTEXT((#4815))
GLOBAL_UNIT_ASSIGNED_CONTEXT((#5280,#5125,#4970))
REPRESENTATION_CONTEXT('ball_124','TOP_LEVEL_ASSEMBLY_PART')
);
#4661=(
GEOMETRIC_REPRESENTATION_CONTEXT(3)
GLOBAL_UNCERTAINTY_ASSIGNED_CONTEXT((#4816))
GLOBAL_UNIT_ASSIGNED_CONTEXT((#5281,#5126,#4971))
REPRESENTATION_CONTEXT('ball_125','TOP_LEVEL_ASSEMBLY_PART')
);
#4662=(
GEOMETRIC_REPRESENTATION_CONTEXT(3)
GLOBAL_UNCERTAINTY_ASSIGNED_CONTEXT((#4817))
GLOBAL_UNIT_ASSIGNED_CONTEXT((#5282,#5127,#4972))
REPRESENTATION_CONTEXT('ball_126','TOP_LEVEL_ASSEMBLY_PART')
);
#4663=(
GEOMETRIC_REPRESENTATION_CONTEXT(3)
GLOBAL_UNCERTAINTY_ASSIGNED_CONTEXT((#4818))
GLOBAL_UNIT_ASSIGNED_CONTEXT((#5283,#5128,#4973))
REPRESENTATION_CONTEXT('ball_127','TOP_LEVEL_ASSEMBLY_PART')
);
#4664=(
GEOMETRIC_REPRESENTATION_CONTEXT(3)
GLOBAL_UNCERTAINTY_ASSIGNED_CONTEXT((#4819))
GLOBAL_UNIT_ASSIGNED_CONTEXT((#5284,#5129,#4974))
REPRESENTATION_CONTEXT('ball_128','TOP_LEVEL_ASSEMBLY_PART')
);
#4665=(
GEOMETRIC_REPRESENTATION_CONTEXT(3)
GLOBAL_UNCERTAINTY_ASSIGNED_CONTEXT((#4820))
GLOBAL_UNIT_ASSIGNED_CONTEXT((#5285,#5130,#4975))
REPRESENTATION_CONTEXT('ball_130','TOP_LEVEL_ASSEMBLY_PART')
);
#4666=(
GEOMETRIC_REPRESENTATION_CONTEXT(3)
GLOBAL_UNCERTAINTY_ASSIGNED_CONTEXT((#4821))
GLOBAL_UNIT_ASSIGNED_CONTEXT((#5286,#5131,#4976))
REPRESENTATION_CONTEXT('ball_131','TOP_LEVEL_ASSEMBLY_PART')
);
#4667=(
GEOMETRIC_REPRESENTATION_CONTEXT(3)
GLOBAL_UNCERTAINTY_ASSIGNED_CONTEXT((#4822))
GLOBAL_UNIT_ASSIGNED_CONTEXT((#5287,#5132,#4977))
REPRESENTATION_CONTEXT('ball_132','TOP_LEVEL_ASSEMBLY_PART')
);
#4668=(
GEOMETRIC_REPRESENTATION_CONTEXT(3)
GLOBAL_UNCERTAINTY_ASSIGNED_CONTEXT((#4823))
GLOBAL_UNIT_ASSIGNED_CONTEXT((#5288,#5133,#4978))
REPRESENTATION_CONTEXT('ball_133','TOP_LEVEL_ASSEMBLY_PART')
);
#4669=(
GEOMETRIC_REPRESENTATION_CONTEXT(3)
GLOBAL_UNCERTAINTY_ASSIGNED_CONTEXT((#4824))
GLOBAL_UNIT_ASSIGNED_CONTEXT((#5289,#5134,#4979))
REPRESENTATION_CONTEXT('ball_134','TOP_LEVEL_ASSEMBLY_PART')
);
#4670=(
GEOMETRIC_REPRESENTATION_CONTEXT(3)
GLOBAL_UNCERTAINTY_ASSIGNED_CONTEXT((#4825))
GLOBAL_UNIT_ASSIGNED_CONTEXT((#5290,#5135,#4980))
REPRESENTATION_CONTEXT('ball_135','TOP_LEVEL_ASSEMBLY_PART')
);
#4671=(
GEOMETRIC_REPRESENTATION_CONTEXT(3)
GLOBAL_UNCERTAINTY_ASSIGNED_CONTEXT((#4826))
GLOBAL_UNIT_ASSIGNED_CONTEXT((#5291,#5136,#4981))
REPRESENTATION_CONTEXT('ball_137','TOP_LEVEL_ASSEMBLY_PART')
);
#4672=(
GEOMETRIC_REPRESENTATION_CONTEXT(3)
GLOBAL_UNCERTAINTY_ASSIGNED_CONTEXT((#4827))
GLOBAL_UNIT_ASSIGNED_CONTEXT((#5292,#5137,#4982))
REPRESENTATION_CONTEXT('ball_138','TOP_LEVEL_ASSEMBLY_PART')
);
#4673=(
GEOMETRIC_REPRESENTATION_CONTEXT(3)
GLOBAL_UNCERTAINTY_ASSIGNED_CONTEXT((#4828))
GLOBAL_UNIT_ASSIGNED_CONTEXT((#5293,#5138,#4983))
REPRESENTATION_CONTEXT('ball_139','TOP_LEVEL_ASSEMBLY_PART')
);
#4674=(
GEOMETRIC_REPRESENTATION_CONTEXT(3)
GLOBAL_UNCERTAINTY_ASSIGNED_CONTEXT((#4829))
GLOBAL_UNIT_ASSIGNED_CONTEXT((#5294,#5139,#4984))
REPRESENTATION_CONTEXT('ball_140','TOP_LEVEL_ASSEMBLY_PART')
);
#4675=(
GEOMETRIC_REPRESENTATION_CONTEXT(3)
GLOBAL_UNCERTAINTY_ASSIGNED_CONTEXT((#4830))
GLOBAL_UNIT_ASSIGNED_CONTEXT((#5295,#5140,#4985))
REPRESENTATION_CONTEXT('ball_141','TOP_LEVEL_ASSEMBLY_PART')
);
#4676=(
GEOMETRIC_REPRESENTATION_CONTEXT(3)
GLOBAL_UNCERTAINTY_ASSIGNED_CONTEXT((#4831))
GLOBAL_UNIT_ASSIGNED_CONTEXT((#5296,#5141,#4986))
REPRESENTATION_CONTEXT('ball_142','TOP_LEVEL_ASSEMBLY_PART')
);
#4677=(
GEOMETRIC_REPRESENTATION_CONTEXT(3)
GLOBAL_UNCERTAINTY_ASSIGNED_CONTEXT((#4832))
GLOBAL_UNIT_ASSIGNED_CONTEXT((#5297,#5142,#4987))
REPRESENTATION_CONTEXT('ball_151','TOP_LEVEL_ASSEMBLY_PART')
);
#4678=(
GEOMETRIC_REPRESENTATION_CONTEXT(3)
GLOBAL_UNCERTAINTY_ASSIGNED_CONTEXT((#4833))
GLOBAL_UNIT_ASSIGNED_CONTEXT((#5298,#5143,#4988))
REPRESENTATION_CONTEXT('ball_152','TOP_LEVEL_ASSEMBLY_PART')
);
#4679=(
GEOMETRIC_REPRESENTATION_CONTEXT(3)
GLOBAL_UNCERTAINTY_ASSIGNED_CONTEXT((#4834))
GLOBAL_UNIT_ASSIGNED_CONTEXT((#5299,#5144,#4989))
REPRESENTATION_CONTEXT('ball_153','TOP_LEVEL_ASSEMBLY_PART')
);
#4680=(
GEOMETRIC_REPRESENTATION_CONTEXT(3)
GLOBAL_UNCERTAINTY_ASSIGNED_CONTEXT((#4835))
GLOBAL_UNIT_ASSIGNED_CONTEXT((#5300,#5145,#4990))
REPRESENTATION_CONTEXT('ball_154','TOP_LEVEL_ASSEMBLY_PART')
);
#4681=(
GEOMETRIC_REPRESENTATION_CONTEXT(3)
GLOBAL_UNCERTAINTY_ASSIGNED_CONTEXT((#4836))
GLOBAL_UNIT_ASSIGNED_CONTEXT((#5301,#5146,#4991))
REPRESENTATION_CONTEXT('ball_155','TOP_LEVEL_ASSEMBLY_PART')
);
#4682=(
GEOMETRIC_REPRESENTATION_CONTEXT(3)
GLOBAL_UNCERTAINTY_ASSIGNED_CONTEXT((#4837))
GLOBAL_UNIT_ASSIGNED_CONTEXT((#5302,#5147,#4992))
REPRESENTATION_CONTEXT('ball_156','TOP_LEVEL_ASSEMBLY_PART')
);
#4683=(
GEOMETRIC_REPRESENTATION_CONTEXT(3)
GLOBAL_UNCERTAINTY_ASSIGNED_CONTEXT((#4838))
GLOBAL_UNIT_ASSIGNED_CONTEXT((#5303,#5148,#4993))
REPRESENTATION_CONTEXT('ball_157','TOP_LEVEL_ASSEMBLY_PART')
);
#4684=(
GEOMETRIC_REPRESENTATION_CONTEXT(3)
GLOBAL_UNCERTAINTY_ASSIGNED_CONTEXT((#4839))
GLOBAL_UNIT_ASSIGNED_CONTEXT((#5304,#5149,#4994))
REPRESENTATION_CONTEXT('ball_158','TOP_LEVEL_ASSEMBLY_PART')
);
#4685=(
GEOMETRIC_REPRESENTATION_CONTEXT(3)
GLOBAL_UNCERTAINTY_ASSIGNED_CONTEXT((#4840))
GLOBAL_UNIT_ASSIGNED_CONTEXT((#5305,#5150,#4995))
REPRESENTATION_CONTEXT('ball_159','TOP_LEVEL_ASSEMBLY_PART')
);
#4686=(
GEOMETRIC_REPRESENTATION_CONTEXT(3)
GLOBAL_UNCERTAINTY_ASSIGNED_CONTEXT((#4841))
GLOBAL_UNIT_ASSIGNED_CONTEXT((#5306,#5151,#4996))
REPRESENTATION_CONTEXT('ball_160','TOP_LEVEL_ASSEMBLY_PART')
);
#4687=(
GEOMETRIC_REPRESENTATION_CONTEXT(3)
GLOBAL_UNCERTAINTY_ASSIGNED_CONTEXT((#4842))
GLOBAL_UNIT_ASSIGNED_CONTEXT((#5307,#5152,#4997))
REPRESENTATION_CONTEXT('ball_161','TOP_LEVEL_ASSEMBLY_PART')
);
#4688=(
GEOMETRIC_REPRESENTATION_CONTEXT(3)
GLOBAL_UNCERTAINTY_ASSIGNED_CONTEXT((#4843))
GLOBAL_UNIT_ASSIGNED_CONTEXT((#5308,#5153,#4998))
REPRESENTATION_CONTEXT('ball_162','TOP_LEVEL_ASSEMBLY_PART')
);
#4689=(
GEOMETRIC_REPRESENTATION_CONTEXT(3)
GLOBAL_UNCERTAINTY_ASSIGNED_CONTEXT((#4844))
GLOBAL_UNIT_ASSIGNED_CONTEXT((#5309,#5154,#4999))
REPRESENTATION_CONTEXT('ball_163','TOP_LEVEL_ASSEMBLY_PART')
);
#4690=(
GEOMETRIC_REPRESENTATION_CONTEXT(3)
GLOBAL_UNCERTAINTY_ASSIGNED_CONTEXT((#4845))
GLOBAL_UNIT_ASSIGNED_CONTEXT((#5310,#5155,#5000))
REPRESENTATION_CONTEXT('ball_164','TOP_LEVEL_ASSEMBLY_PART')
);
#4691=(
GEOMETRIC_REPRESENTATION_CONTEXT(3)
GLOBAL_UNCERTAINTY_ASSIGNED_CONTEXT((#4846))
GLOBAL_UNIT_ASSIGNED_CONTEXT((#5311,#5156,#5001))
REPRESENTATION_CONTEXT('ball_165','TOP_LEVEL_ASSEMBLY_PART')
);
#4692=(
GEOMETRIC_REPRESENTATION_CONTEXT(3)
GLOBAL_UNCERTAINTY_ASSIGNED_CONTEXT((#4847))
GLOBAL_UNIT_ASSIGNED_CONTEXT((#5312,#5157,#5002))
REPRESENTATION_CONTEXT('ball_166','TOP_LEVEL_ASSEMBLY_PART')
);
#4693=(
GEOMETRIC_REPRESENTATION_CONTEXT(3)
GLOBAL_UNCERTAINTY_ASSIGNED_CONTEXT((#4848))
GLOBAL_UNIT_ASSIGNED_CONTEXT((#5313,#5158,#5003))
REPRESENTATION_CONTEXT('ball_167','TOP_LEVEL_ASSEMBLY_PART')
);
#4694=(
GEOMETRIC_REPRESENTATION_CONTEXT(3)
GLOBAL_UNCERTAINTY_ASSIGNED_CONTEXT((#4849))
GLOBAL_UNIT_ASSIGNED_CONTEXT((#5314,#5159,#5004))
REPRESENTATION_CONTEXT('ball_168','TOP_LEVEL_ASSEMBLY_PART')
);
#4695=(
GEOMETRIC_REPRESENTATION_CONTEXT(3)
GLOBAL_UNCERTAINTY_ASSIGNED_CONTEXT((#4850))
GLOBAL_UNIT_ASSIGNED_CONTEXT((#5315,#5160,#5005))
REPRESENTATION_CONTEXT('ball_169','TOP_LEVEL_ASSEMBLY_PART')
);
#4696=(
GEOMETRIC_REPRESENTATION_CONTEXT(3)
GLOBAL_UNCERTAINTY_ASSIGNED_CONTEXT((#4851))
GLOBAL_UNIT_ASSIGNED_CONTEXT((#5316,#5161,#5006))
REPRESENTATION_CONTEXT('ball_170','TOP_LEVEL_ASSEMBLY_PART')
);
#4697=(
GEOMETRIC_REPRESENTATION_CONTEXT(3)
GLOBAL_UNCERTAINTY_ASSIGNED_CONTEXT((#4852))
GLOBAL_UNIT_ASSIGNED_CONTEXT((#5317,#5162,#5007))
REPRESENTATION_CONTEXT('ball_171','TOP_LEVEL_ASSEMBLY_PART')
);
#4698=(
GEOMETRIC_REPRESENTATION_CONTEXT(3)
GLOBAL_UNCERTAINTY_ASSIGNED_CONTEXT((#4853))
GLOBAL_UNIT_ASSIGNED_CONTEXT((#5318,#5163,#5008))
REPRESENTATION_CONTEXT('ball_172','TOP_LEVEL_ASSEMBLY_PART')
);
#4699=(
GEOMETRIC_REPRESENTATION_CONTEXT(3)
GLOBAL_UNCERTAINTY_ASSIGNED_CONTEXT((#4854))
GLOBAL_UNIT_ASSIGNED_CONTEXT((#5319,#5164,#5009))
REPRESENTATION_CONTEXT('ball_173','TOP_LEVEL_ASSEMBLY_PART')
);
#4700=(
GEOMETRIC_REPRESENTATION_CONTEXT(3)
GLOBAL_UNCERTAINTY_ASSIGNED_CONTEXT((#4855))
GLOBAL_UNIT_ASSIGNED_CONTEXT((#5320,#5165,#5010))
REPRESENTATION_CONTEXT('ball_174','TOP_LEVEL_ASSEMBLY_PART')
);
#4701=(
GEOMETRIC_REPRESENTATION_CONTEXT(3)
GLOBAL_UNCERTAINTY_ASSIGNED_CONTEXT((#4856))
GLOBAL_UNIT_ASSIGNED_CONTEXT((#5321,#5166,#5011))
REPRESENTATION_CONTEXT('ball_175','TOP_LEVEL_ASSEMBLY_PART')
);
#4702=(
GEOMETRIC_REPRESENTATION_CONTEXT(3)
GLOBAL_UNCERTAINTY_ASSIGNED_CONTEXT((#4857))
GLOBAL_UNIT_ASSIGNED_CONTEXT((#5322,#5167,#5012))
REPRESENTATION_CONTEXT('ball_176','TOP_LEVEL_ASSEMBLY_PART')
);
#4703=(
GEOMETRIC_REPRESENTATION_CONTEXT(3)
GLOBAL_UNCERTAINTY_ASSIGNED_CONTEXT((#4858))
GLOBAL_UNIT_ASSIGNED_CONTEXT((#5323,#5168,#5013))
REPRESENTATION_CONTEXT('ball_177','TOP_LEVEL_ASSEMBLY_PART')
);
#4704=(
GEOMETRIC_REPRESENTATION_CONTEXT(3)
GLOBAL_UNCERTAINTY_ASSIGNED_CONTEXT((#4859))
GLOBAL_UNIT_ASSIGNED_CONTEXT((#5324,#5169,#5014))
REPRESENTATION_CONTEXT('ball_178','TOP_LEVEL_ASSEMBLY_PART')
);
#4705=(
GEOMETRIC_REPRESENTATION_CONTEXT(3)
GLOBAL_UNCERTAINTY_ASSIGNED_CONTEXT((#4860))
GLOBAL_UNIT_ASSIGNED_CONTEXT((#5325,#5170,#5015))
REPRESENTATION_CONTEXT('ball_179','TOP_LEVEL_ASSEMBLY_PART')
);
#4706=(
GEOMETRIC_REPRESENTATION_CONTEXT(3)
GLOBAL_UNCERTAINTY_ASSIGNED_CONTEXT((#4861))
GLOBAL_UNIT_ASSIGNED_CONTEXT((#5326,#5171,#5016))
REPRESENTATION_CONTEXT('ball_180','TOP_LEVEL_ASSEMBLY_PART')
);
#4707=(
GEOMETRIC_REPRESENTATION_CONTEXT(3)
GLOBAL_UNCERTAINTY_ASSIGNED_CONTEXT((#4862))
GLOBAL_UNIT_ASSIGNED_CONTEXT((#5327,#5172,#5017))
REPRESENTATION_CONTEXT('ball_181','TOP_LEVEL_ASSEMBLY_PART')
);
#4708=(
GEOMETRIC_REPRESENTATION_CONTEXT(3)
GLOBAL_UNCERTAINTY_ASSIGNED_CONTEXT((#4863))
GLOBAL_UNIT_ASSIGNED_CONTEXT((#5328,#5173,#5018))
REPRESENTATION_CONTEXT('ball_182','TOP_LEVEL_ASSEMBLY_PART')
);
#4709=(
GEOMETRIC_REPRESENTATION_CONTEXT(3)
GLOBAL_UNCERTAINTY_ASSIGNED_CONTEXT((#4864))
GLOBAL_UNIT_ASSIGNED_CONTEXT((#5329,#5174,#5019))
REPRESENTATION_CONTEXT('ball_183','TOP_LEVEL_ASSEMBLY_PART')
);
#4710=(
GEOMETRIC_REPRESENTATION_CONTEXT(3)
GLOBAL_UNCERTAINTY_ASSIGNED_CONTEXT((#4865))
GLOBAL_UNIT_ASSIGNED_CONTEXT((#5330,#5175,#5020))
REPRESENTATION_CONTEXT('ball_184','TOP_LEVEL_ASSEMBLY_PART')
);
#4711=(
GEOMETRIC_REPRESENTATION_CONTEXT(3)
GLOBAL_UNCERTAINTY_ASSIGNED_CONTEXT((#4866))
GLOBAL_UNIT_ASSIGNED_CONTEXT((#5331,#5176,#5021))
REPRESENTATION_CONTEXT('ball_185','TOP_LEVEL_ASSEMBLY_PART')
);
#4712=(
GEOMETRIC_REPRESENTATION_CONTEXT(3)
GLOBAL_UNCERTAINTY_ASSIGNED_CONTEXT((#4867))
GLOBAL_UNIT_ASSIGNED_CONTEXT((#5332,#5177,#5022))
REPRESENTATION_CONTEXT('ball_186','TOP_LEVEL_ASSEMBLY_PART')
);
#4713=(
GEOMETRIC_REPRESENTATION_CONTEXT(3)
GLOBAL_UNCERTAINTY_ASSIGNED_CONTEXT((#4868))
GLOBAL_UNIT_ASSIGNED_CONTEXT((#5333,#5178,#5023))
REPRESENTATION_CONTEXT('ball_187','TOP_LEVEL_ASSEMBLY_PART')
);
#4714=(
GEOMETRIC_REPRESENTATION_CONTEXT(3)
GLOBAL_UNCERTAINTY_ASSIGNED_CONTEXT((#4869))
GLOBAL_UNIT_ASSIGNED_CONTEXT((#5334,#5179,#5024))
REPRESENTATION_CONTEXT('ball_188','TOP_LEVEL_ASSEMBLY_PART')
);
#4715=(
GEOMETRIC_REPRESENTATION_CONTEXT(3)
GLOBAL_UNCERTAINTY_ASSIGNED_CONTEXT((#4870))
GLOBAL_UNIT_ASSIGNED_CONTEXT((#5335,#5180,#5025))
REPRESENTATION_CONTEXT('ball_189','TOP_LEVEL_ASSEMBLY_PART')
);
#4716=(
GEOMETRIC_REPRESENTATION_CONTEXT(3)
GLOBAL_UNCERTAINTY_ASSIGNED_CONTEXT((#4871))
GLOBAL_UNIT_ASSIGNED_CONTEXT((#5336,#5181,#5026))
REPRESENTATION_CONTEXT('ball_190','TOP_LEVEL_ASSEMBLY_PART')
);
#4717=(
GEOMETRIC_REPRESENTATION_CONTEXT(3)
GLOBAL_UNCERTAINTY_ASSIGNED_CONTEXT((#4872))
GLOBAL_UNIT_ASSIGNED_CONTEXT((#5337,#5182,#5027))
REPRESENTATION_CONTEXT('ball_191','TOP_LEVEL_ASSEMBLY_PART')
);
#4718=(
GEOMETRIC_REPRESENTATION_CONTEXT(3)
GLOBAL_UNCERTAINTY_ASSIGNED_CONTEXT((#4873))
GLOBAL_UNIT_ASSIGNED_CONTEXT((#5338,#5183,#5028))
REPRESENTATION_CONTEXT('ball_192','TOP_LEVEL_ASSEMBLY_PART')
);
#4719=(
GEOMETRIC_REPRESENTATION_CONTEXT(3)
GLOBAL_UNCERTAINTY_ASSIGNED_CONTEXT((#4874))
GLOBAL_UNIT_ASSIGNED_CONTEXT((#5339,#5184,#5029))
REPRESENTATION_CONTEXT('ball_193','TOP_LEVEL_ASSEMBLY_PART')
);
#4720=(
GEOMETRIC_REPRESENTATION_CONTEXT(3)
GLOBAL_UNCERTAINTY_ASSIGNED_CONTEXT((#4875))
GLOBAL_UNIT_ASSIGNED_CONTEXT((#5340,#5185,#5030))
REPRESENTATION_CONTEXT('ball_194','TOP_LEVEL_ASSEMBLY_PART')
);
#4721=(
GEOMETRIC_REPRESENTATION_CONTEXT(3)
GLOBAL_UNCERTAINTY_ASSIGNED_CONTEXT((#4876))
GLOBAL_UNIT_ASSIGNED_CONTEXT((#5341,#5186,#5031))
REPRESENTATION_CONTEXT('ball_195','TOP_LEVEL_ASSEMBLY_PART')
);
#4722=UNCERTAINTY_MEASURE_WITH_UNIT(LENGTH_MEASURE(1.E-08),#5187,'DISTANCE_ACCURACY_VALUE','Maximum Tolerance applied to model');
#4723=UNCERTAINTY_MEASURE_WITH_UNIT(LENGTH_MEASURE(1.E-06),#5188,'DISTANCE_ACCURACY_VALUE','Maximum Tolerance applied to model');
#4724=UNCERTAINTY_MEASURE_WITH_UNIT(LENGTH_MEASURE(1.E-08),#5189,'DISTANCE_ACCURACY_VALUE','Maximum Tolerance applied to model');
#4725=UNCERTAINTY_MEASURE_WITH_UNIT(LENGTH_MEASURE(1.E-08),#5190,'DISTANCE_ACCURACY_VALUE','Maximum Tolerance applied to model');
#4726=UNCERTAINTY_MEASURE_WITH_UNIT(LENGTH_MEASURE(1.E-08),#5191,'DISTANCE_ACCURACY_VALUE','Maximum Tolerance applied to model');
#4727=UNCERTAINTY_MEASURE_WITH_UNIT(LENGTH_MEASURE(1.E-08),#5192,'DISTANCE_ACCURACY_VALUE','Maximum Tolerance applied to model');
#4728=UNCERTAINTY_MEASURE_WITH_UNIT(LENGTH_MEASURE(1.E-08),#5193,'DISTANCE_ACCURACY_VALUE','Maximum Tolerance applied to model');
#4729=UNCERTAINTY_MEASURE_WITH_UNIT(LENGTH_MEASURE(1.E-08),#5194,'DISTANCE_ACCURACY_VALUE','Maximum Tolerance applied to model');
#4730=UNCERTAINTY_MEASURE_WITH_UNIT(LENGTH_MEASURE(1.E-08),#5195,'DISTANCE_ACCURACY_VALUE','Maximum Tolerance applied to model');
#4731=UNCERTAINTY_MEASURE_WITH_UNIT(LENGTH_MEASURE(1.E-08),#5196,'DISTANCE_ACCURACY_VALUE','Maximum Tolerance applied to model');
#4732=UNCERTAINTY_MEASURE_WITH_UNIT(LENGTH_MEASURE(1.E-08),#5197,'DISTANCE_ACCURACY_VALUE','Maximum Tolerance applied to model');
#4733=UNCERTAINTY_MEASURE_WITH_UNIT(LENGTH_MEASURE(1.E-08),#5198,'DISTANCE_ACCURACY_VALUE','Maximum Tolerance applied to model');
#4734=UNCERTAINTY_MEASURE_WITH_UNIT(LENGTH_MEASURE(1.E-08),#5199,'DISTANCE_ACCURACY_VALUE','Maximum Tolerance applied to model');
#4735=UNCERTAINTY_MEASURE_WITH_UNIT(LENGTH_MEASURE(1.E-08),#5200,'DISTANCE_ACCURACY_VALUE','Maximum Tolerance applied to model');
#4736=UNCERTAINTY_MEASURE_WITH_UNIT(LENGTH_MEASURE(1.E-08),#5201,'DISTANCE_ACCURACY_VALUE','Maximum Tolerance applied to model');
#4737=UNCERTAINTY_MEASURE_WITH_UNIT(LENGTH_MEASURE(1.E-08),#5202,'DISTANCE_ACCURACY_VALUE','Maximum Tolerance applied to model');
#4738=UNCERTAINTY_MEASURE_WITH_UNIT(LENGTH_MEASURE(1.E-08),#5203,'DISTANCE_ACCURACY_VALUE','Maximum Tolerance applied to model');
#4739=UNCERTAINTY_MEASURE_WITH_UNIT(LENGTH_MEASURE(1.E-08),#5204,'DISTANCE_ACCURACY_VALUE','Maximum Tolerance applied to model');
#4740=UNCERTAINTY_MEASURE_WITH_UNIT(LENGTH_MEASURE(1.E-08),#5205,'DISTANCE_ACCURACY_VALUE','Maximum Tolerance applied to model');
#4741=UNCERTAINTY_MEASURE_WITH_UNIT(LENGTH_MEASURE(1.E-08),#5206,'DISTANCE_ACCURACY_VALUE','Maximum Tolerance applied to model');
#4742=UNCERTAINTY_MEASURE_WITH_UNIT(LENGTH_MEASURE(1.E-08),#5207,'DISTANCE_ACCURACY_VALUE','Maximum Tolerance applied to model');
#4743=UNCERTAINTY_MEASURE_WITH_UNIT(LENGTH_MEASURE(1.E-08),#5208,'DISTANCE_ACCURACY_VALUE','Maximum Tolerance applied to model');
#4744=UNCERTAINTY_MEASURE_WITH_UNIT(LENGTH_MEASURE(1.E-08),#5209,'DISTANCE_ACCURACY_VALUE','Maximum Tolerance applied to model');
#4745=UNCERTAINTY_MEASURE_WITH_UNIT(LENGTH_MEASURE(1.E-08),#5210,'DISTANCE_ACCURACY_VALUE','Maximum Tolerance applied to model');
#4746=UNCERTAINTY_MEASURE_WITH_UNIT(LENGTH_MEASURE(1.E-08),#5211,'DISTANCE_ACCURACY_VALUE','Maximum Tolerance applied to model');
#4747=UNCERTAINTY_MEASURE_WITH_UNIT(LENGTH_MEASURE(1.E-08),#5212,'DISTANCE_ACCURACY_VALUE','Maximum Tolerance applied to model');
#4748=UNCERTAINTY_MEASURE_WITH_UNIT(LENGTH_MEASURE(1.E-08),#5213,'DISTANCE_ACCURACY_VALUE','Maximum Tolerance applied to model');
#4749=UNCERTAINTY_MEASURE_WITH_UNIT(LENGTH_MEASURE(1.E-08),#5214,'DISTANCE_ACCURACY_VALUE','Maximum Tolerance applied to model');
#4750=UNCERTAINTY_MEASURE_WITH_UNIT(LENGTH_MEASURE(1.E-08),#5215,'DISTANCE_ACCURACY_VALUE','Maximum Tolerance applied to model');
#4751=UNCERTAINTY_MEASURE_WITH_UNIT(LENGTH_MEASURE(1.E-08),#5216,'DISTANCE_ACCURACY_VALUE','Maximum Tolerance applied to model');
#4752=UNCERTAINTY_MEASURE_WITH_UNIT(LENGTH_MEASURE(1.E-08),#5217,'DISTANCE_ACCURACY_VALUE','Maximum Tolerance applied to model');
#4753=UNCERTAINTY_MEASURE_WITH_UNIT(LENGTH_MEASURE(1.E-08),#5218,'DISTANCE_ACCURACY_VALUE','Maximum Tolerance applied to model');
#4754=UNCERTAINTY_MEASURE_WITH_UNIT(LENGTH_MEASURE(1.E-08),#5219,'DISTANCE_ACCURACY_VALUE','Maximum Tolerance applied to model');
#4755=UNCERTAINTY_MEASURE_WITH_UNIT(LENGTH_MEASURE(1.E-08),#5220,'DISTANCE_ACCURACY_VALUE','Maximum Tolerance applied to model');
#4756=UNCERTAINTY_MEASURE_WITH_UNIT(LENGTH_MEASURE(1.E-08),#5221,'DISTANCE_ACCURACY_VALUE','Maximum Tolerance applied to model');
#4757=UNCERTAINTY_MEASURE_WITH_UNIT(LENGTH_MEASURE(1.E-08),#5222,'DISTANCE_ACCURACY_VALUE','Maximum Tolerance applied to model');
#4758=UNCERTAINTY_MEASURE_WITH_UNIT(LENGTH_MEASURE(1.E-08),#5223,'DISTANCE_ACCURACY_VALUE','Maximum Tolerance applied to model');
#4759=UNCERTAINTY_MEASURE_WITH_UNIT(LENGTH_MEASURE(1.E-08),#5224,'DISTANCE_ACCURACY_VALUE','Maximum Tolerance applied to model');
#4760=UNCERTAINTY_MEASURE_WITH_UNIT(LENGTH_MEASURE(1.E-08),#5225,'DISTANCE_ACCURACY_VALUE','Maximum Tolerance applied to model');
#4761=UNCERTAINTY_MEASURE_WITH_UNIT(LENGTH_MEASURE(1.E-08),#5226,'DISTANCE_ACCURACY_VALUE','Maximum Tolerance applied to model');
#4762=UNCERTAINTY_MEASURE_WITH_UNIT(LENGTH_MEASURE(1.E-08),#5227,'DISTANCE_ACCURACY_VALUE','Maximum Tolerance applied to model');
#4763=UNCERTAINTY_MEASURE_WITH_UNIT(LENGTH_MEASURE(1.E-08),#5228,'DISTANCE_ACCURACY_VALUE','Maximum Tolerance applied to model');
#4764=UNCERTAINTY_MEASURE_WITH_UNIT(LENGTH_MEASURE(1.E-08),#5229,'DISTANCE_ACCURACY_VALUE','Maximum Tolerance applied to model');
#4765=UNCERTAINTY_MEASURE_WITH_UNIT(LENGTH_MEASURE(1.E-08),#5230,'DISTANCE_ACCURACY_VALUE','Maximum Tolerance applied to model');
#4766=UNCERTAINTY_MEASURE_WITH_UNIT(LENGTH_MEASURE(1.E-08),#5231,'DISTANCE_ACCURACY_VALUE','Maximum Tolerance applied to model');
#4767=UNCERTAINTY_MEASURE_WITH_UNIT(LENGTH_MEASURE(1.E-08),#5232,'DISTANCE_ACCURACY_VALUE','Maximum Tolerance applied to model');
#4768=UNCERTAINTY_MEASURE_WITH_UNIT(LENGTH_MEASURE(1.E-08),#5233,'DISTANCE_ACCURACY_VALUE','Maximum Tolerance applied to model');
#4769=UNCERTAINTY_MEASURE_WITH_UNIT(LENGTH_MEASURE(1.E-08),#5234,'DISTANCE_ACCURACY_VALUE','Maximum Tolerance applied to model');
#4770=UNCERTAINTY_MEASURE_WITH_UNIT(LENGTH_MEASURE(1.E-08),#5235,'DISTANCE_ACCURACY_VALUE','Maximum Tolerance applied to model');
#4771=UNCERTAINTY_MEASURE_WITH_UNIT(LENGTH_MEASURE(1.E-08),#5236,'DISTANCE_ACCURACY_VALUE','Maximum Tolerance applied to model');
#4772=UNCERTAINTY_MEASURE_WITH_UNIT(LENGTH_MEASURE(1.E-08),#5237,'DISTANCE_ACCURACY_VALUE','Maximum Tolerance applied to model');
#4773=UNCERTAINTY_MEASURE_WITH_UNIT(LENGTH_MEASURE(1.E-08),#5238,'DISTANCE_ACCURACY_VALUE','Maximum Tolerance applied to model');
#4774=UNCERTAINTY_MEASURE_WITH_UNIT(LENGTH_MEASURE(1.E-08),#5239,'DISTANCE_ACCURACY_VALUE','Maximum Tolerance applied to model');
#4775=UNCERTAINTY_MEASURE_WITH_UNIT(LENGTH_MEASURE(1.E-08),#5240,'DISTANCE_ACCURACY_VALUE','Maximum Tolerance applied to model');
#4776=UNCERTAINTY_MEASURE_WITH_UNIT(LENGTH_MEASURE(1.E-08),#5241,'DISTANCE_ACCURACY_VALUE','Maximum Tolerance applied to model');
#4777=UNCERTAINTY_MEASURE_WITH_UNIT(LENGTH_MEASURE(1.E-08),#5242,'DISTANCE_ACCURACY_VALUE','Maximum Tolerance applied to model');
#4778=UNCERTAINTY_MEASURE_WITH_UNIT(LENGTH_MEASURE(1.E-08),#5243,'DISTANCE_ACCURACY_VALUE','Maximum Tolerance applied to model');
#4779=UNCERTAINTY_MEASURE_WITH_UNIT(LENGTH_MEASURE(1.E-08),#5244,'DISTANCE_ACCURACY_VALUE','Maximum Tolerance applied to model');
#4780=UNCERTAINTY_MEASURE_WITH_UNIT(LENGTH_MEASURE(1.E-08),#5245,'DISTANCE_ACCURACY_VALUE','Maximum Tolerance applied to model');
#4781=UNCERTAINTY_MEASURE_WITH_UNIT(LENGTH_MEASURE(1.E-08),#5246,'DISTANCE_ACCURACY_VALUE','Maximum Tolerance applied to model');
#4782=UNCERTAINTY_MEASURE_WITH_UNIT(LENGTH_MEASURE(1.E-08),#5247,'DISTANCE_ACCURACY_VALUE','Maximum Tolerance applied to model');
#4783=UNCERTAINTY_MEASURE_WITH_UNIT(LENGTH_MEASURE(1.E-08),#5248,'DISTANCE_ACCURACY_VALUE','Maximum Tolerance applied to model');
#4784=UNCERTAINTY_MEASURE_WITH_UNIT(LENGTH_MEASURE(1.E-08),#5249,'DISTANCE_ACCURACY_VALUE','Maximum Tolerance applied to model');
#4785=UNCERTAINTY_MEASURE_WITH_UNIT(LENGTH_MEASURE(1.E-08),#5250,'DISTANCE_ACCURACY_VALUE','Maximum Tolerance applied to model');
#4786=UNCERTAINTY_MEASURE_WITH_UNIT(LENGTH_MEASURE(1.E-08),#5251,'DISTANCE_ACCURACY_VALUE','Maximum Tolerance applied to model');
#4787=UNCERTAINTY_MEASURE_WITH_UNIT(LENGTH_MEASURE(1.E-08),#5252,'DISTANCE_ACCURACY_VALUE','Maximum Tolerance applied to model');
#4788=UNCERTAINTY_MEASURE_WITH_UNIT(LENGTH_MEASURE(1.E-08),#5253,'DISTANCE_ACCURACY_VALUE','Maximum Tolerance applied to model');
#4789=UNCERTAINTY_MEASURE_WITH_UNIT(LENGTH_MEASURE(1.E-08),#5254,'DISTANCE_ACCURACY_VALUE','Maximum Tolerance applied to model');
#4790=UNCERTAINTY_MEASURE_WITH_UNIT(LENGTH_MEASURE(1.E-08),#5255,'DISTANCE_ACCURACY_VALUE','Maximum Tolerance applied to model');
#4791=UNCERTAINTY_MEASURE_WITH_UNIT(LENGTH_MEASURE(1.E-08),#5256,'DISTANCE_ACCURACY_VALUE','Maximum Tolerance applied to model');
#4792=UNCERTAINTY_MEASURE_WITH_UNIT(LENGTH_MEASURE(1.E-08),#5257,'DISTANCE_ACCURACY_VALUE','Maximum Tolerance applied to model');
#4793=UNCERTAINTY_MEASURE_WITH_UNIT(LENGTH_MEASURE(1.E-08),#5258,'DISTANCE_ACCURACY_VALUE','Maximum Tolerance applied to model');
#4794=UNCERTAINTY_MEASURE_WITH_UNIT(LENGTH_MEASURE(1.E-08),#5259,'DISTANCE_ACCURACY_VALUE','Maximum Tolerance applied to model');
#4795=UNCERTAINTY_MEASURE_WITH_UNIT(LENGTH_MEASURE(1.E-08),#5260,'DISTANCE_ACCURACY_VALUE','Maximum Tolerance applied to model');
#4796=UNCERTAINTY_MEASURE_WITH_UNIT(LENGTH_MEASURE(1.E-08),#5261,'DISTANCE_ACCURACY_VALUE','Maximum Tolerance applied to model');
#4797=UNCERTAINTY_MEASURE_WITH_UNIT(LENGTH_MEASURE(1.E-08),#5262,'DISTANCE_ACCURACY_VALUE','Maximum Tolerance applied to model');
#4798=UNCERTAINTY_MEASURE_WITH_UNIT(LENGTH_MEASURE(1.E-08),#5263,'DISTANCE_ACCURACY_VALUE','Maximum Tolerance applied to model');
#4799=UNCERTAINTY_MEASURE_WITH_UNIT(LENGTH_MEASURE(1.E-08),#5264,'DISTANCE_ACCURACY_VALUE','Maximum Tolerance applied to model');
#4800=UNCERTAINTY_MEASURE_WITH_UNIT(LENGTH_MEASURE(1.E-08),#5265,'DISTANCE_ACCURACY_VALUE','Maximum Tolerance applied to model');
#4801=UNCERTAINTY_MEASURE_WITH_UNIT(LENGTH_MEASURE(1.E-08),#5266,'DISTANCE_ACCURACY_VALUE','Maximum Tolerance applied to model');
#4802=UNCERTAINTY_MEASURE_WITH_UNIT(LENGTH_MEASURE(1.E-08),#5267,'DISTANCE_ACCURACY_VALUE','Maximum Tolerance applied to model');
#4803=UNCERTAINTY_MEASURE_WITH_UNIT(LENGTH_MEASURE(1.E-08),#5268,'DISTANCE_ACCURACY_VALUE','Maximum Tolerance applied to model');
#4804=UNCERTAINTY_MEASURE_WITH_UNIT(LENGTH_MEASURE(1.E-08),#5269,'DISTANCE_ACCURACY_VALUE','Maximum Tolerance applied to model');
#4805=UNCERTAINTY_MEASURE_WITH_UNIT(LENGTH_MEASURE(1.E-08),#5270,'DISTANCE_ACCURACY_VALUE','Maximum Tolerance applied to model');
#4806=UNCERTAINTY_MEASURE_WITH_UNIT(LENGTH_MEASURE(1.E-08),#5271,'DISTANCE_ACCURACY_VALUE','Maximum Tolerance applied to model');
#4807=UNCERTAINTY_MEASURE_WITH_UNIT(LENGTH_MEASURE(1.E-08),#5272,'DISTANCE_ACCURACY_VALUE','Maximum Tolerance applied to model');
#4808=UNCERTAINTY_MEASURE_WITH_UNIT(LENGTH_MEASURE(1.E-08),#5273,'DISTANCE_ACCURACY_VALUE','Maximum Tolerance applied to model');
#4809=UNCERTAINTY_MEASURE_WITH_UNIT(LENGTH_MEASURE(1.E-08),#5274,'DISTANCE_ACCURACY_VALUE','Maximum Tolerance applied to model');
#4810=UNCERTAINTY_MEASURE_WITH_UNIT(LENGTH_MEASURE(1.E-08),#5275,'DISTANCE_ACCURACY_VALUE','Maximum Tolerance applied to model');
#4811=UNCERTAINTY_MEASURE_WITH_UNIT(LENGTH_MEASURE(1.E-08),#5276,'DISTANCE_ACCURACY_VALUE','Maximum Tolerance applied to model');
#4812=UNCERTAINTY_MEASURE_WITH_UNIT(LENGTH_MEASURE(1.E-08),#5277,'DISTANCE_ACCURACY_VALUE','Maximum Tolerance applied to model');
#4813=UNCERTAINTY_MEASURE_WITH_UNIT(LENGTH_MEASURE(1.E-08),#5278,'DISTANCE_ACCURACY_VALUE','Maximum Tolerance applied to model');
#4814=UNCERTAINTY_MEASURE_WITH_UNIT(LENGTH_MEASURE(1.E-08),#5279,'DISTANCE_ACCURACY_VALUE','Maximum Tolerance applied to model');
#4815=UNCERTAINTY_MEASURE_WITH_UNIT(LENGTH_MEASURE(1.E-08),#5280,'DISTANCE_ACCURACY_VALUE','Maximum Tolerance applied to model');
#4816=UNCERTAINTY_MEASURE_WITH_UNIT(LENGTH_MEASURE(1.E-08),#5281,'DISTANCE_ACCURACY_VALUE','Maximum Tolerance applied to model');
#4817=UNCERTAINTY_MEASURE_WITH_UNIT(LENGTH_MEASURE(1.E-08),#5282,'DISTANCE_ACCURACY_VALUE','Maximum Tolerance applied to model');
#4818=UNCERTAINTY_MEASURE_WITH_UNIT(LENGTH_MEASURE(1.E-08),#5283,'DISTANCE_ACCURACY_VALUE','Maximum Tolerance applied to model');
#4819=UNCERTAINTY_MEASURE_WITH_UNIT(LENGTH_MEASURE(1.E-08),#5284,'DISTANCE_ACCURACY_VALUE','Maximum Tolerance applied to model');
#4820=UNCERTAINTY_MEASURE_WITH_UNIT(LENGTH_MEASURE(1.E-08),#5285,'DISTANCE_ACCURACY_VALUE','Maximum Tolerance applied to model');
#4821=UNCERTAINTY_MEASURE_WITH_UNIT(LENGTH_MEASURE(1.E-08),#5286,'DISTANCE_ACCURACY_VALUE','Maximum Tolerance applied to model');
#4822=UNCERTAINTY_MEASURE_WITH_UNIT(LENGTH_MEASURE(1.E-08),#5287,'DISTANCE_ACCURACY_VALUE','Maximum Tolerance applied to model');
#4823=UNCERTAINTY_MEASURE_WITH_UNIT(LENGTH_MEASURE(1.E-08),#5288,'DISTANCE_ACCURACY_VALUE','Maximum Tolerance applied to model');
#4824=UNCERTAINTY_MEASURE_WITH_UNIT(LENGTH_MEASURE(1.E-08),#5289,'DISTANCE_ACCURACY_VALUE','Maximum Tolerance applied to model');
#4825=UNCERTAINTY_MEASURE_WITH_UNIT(LENGTH_MEASURE(1.E-08),#5290,'DISTANCE_ACCURACY_VALUE','Maximum Tolerance applied to model');
#4826=UNCERTAINTY_MEASURE_WITH_UNIT(LENGTH_MEASURE(1.E-08),#5291,'DISTANCE_ACCURACY_VALUE','Maximum Tolerance applied to model');
#4827=UNCERTAINTY_MEASURE_WITH_UNIT(LENGTH_MEASURE(1.E-08),#5292,'DISTANCE_ACCURACY_VALUE','Maximum Tolerance applied to model');
#4828=UNCERTAINTY_MEASURE_WITH_UNIT(LENGTH_MEASURE(1.E-08),#5293,'DISTANCE_ACCURACY_VALUE','Maximum Tolerance applied to model');
#4829=UNCERTAINTY_MEASURE_WITH_UNIT(LENGTH_MEASURE(1.E-08),#5294,'DISTANCE_ACCURACY_VALUE','Maximum Tolerance applied to model');
#4830=UNCERTAINTY_MEASURE_WITH_UNIT(LENGTH_MEASURE(1.E-08),#5295,'DISTANCE_ACCURACY_VALUE','Maximum Tolerance applied to model');
#4831=UNCERTAINTY_MEASURE_WITH_UNIT(LENGTH_MEASURE(1.E-08),#5296,'DISTANCE_ACCURACY_VALUE','Maximum Tolerance applied to model');
#4832=UNCERTAINTY_MEASURE_WITH_UNIT(LENGTH_MEASURE(1.E-08),#5297,'DISTANCE_ACCURACY_VALUE','Maximum Tolerance applied to model');
#4833=UNCERTAINTY_MEASURE_WITH_UNIT(LENGTH_MEASURE(1.E-08),#5298,'DISTANCE_ACCURACY_VALUE','Maximum Tolerance applied to model');
#4834=UNCERTAINTY_MEASURE_WITH_UNIT(LENGTH_MEASURE(1.E-08),#5299,'DISTANCE_ACCURACY_VALUE','Maximum Tolerance applied to model');
#4835=UNCERTAINTY_MEASURE_WITH_UNIT(LENGTH_MEASURE(1.E-08),#5300,'DISTANCE_ACCURACY_VALUE','Maximum Tolerance applied to model');
#4836=UNCERTAINTY_MEASURE_WITH_UNIT(LENGTH_MEASURE(1.E-08),#5301,'DISTANCE_ACCURACY_VALUE','Maximum Tolerance applied to model');
#4837=UNCERTAINTY_MEASURE_WITH_UNIT(LENGTH_MEASURE(1.E-08),#5302,'DISTANCE_ACCURACY_VALUE','Maximum Tolerance applied to model');
#4838=UNCERTAINTY_MEASURE_WITH_UNIT(LENGTH_MEASURE(1.E-08),#5303,'DISTANCE_ACCURACY_VALUE','Maximum Tolerance applied to model');
#4839=UNCERTAINTY_MEASURE_WITH_UNIT(LENGTH_MEASURE(1.E-08),#5304,'DISTANCE_ACCURACY_VALUE','Maximum Tolerance applied to model');
#4840=UNCERTAINTY_MEASURE_WITH_UNIT(LENGTH_MEASURE(1.E-08),#5305,'DISTANCE_ACCURACY_VALUE','Maximum Tolerance applied to model');
#4841=UNCERTAINTY_MEASURE_WITH_UNIT(LENGTH_MEASURE(1.E-08),#5306,'DISTANCE_ACCURACY_VALUE','Maximum Tolerance applied to model');
#4842=UNCERTAINTY_MEASURE_WITH_UNIT(LENGTH_MEASURE(1.E-08),#5307,'DISTANCE_ACCURACY_VALUE','Maximum Tolerance applied to model');
#4843=UNCERTAINTY_MEASURE_WITH_UNIT(LENGTH_MEASURE(1.E-08),#5308,'DISTANCE_ACCURACY_VALUE','Maximum Tolerance applied to model');
#4844=UNCERTAINTY_MEASURE_WITH_UNIT(LENGTH_MEASURE(1.E-08),#5309,'DISTANCE_ACCURACY_VALUE','Maximum Tolerance applied to model');
#4845=UNCERTAINTY_MEASURE_WITH_UNIT(LENGTH_MEASURE(1.E-08),#5310,'DISTANCE_ACCURACY_VALUE','Maximum Tolerance applied to model');
#4846=UNCERTAINTY_MEASURE_WITH_UNIT(LENGTH_MEASURE(1.E-08),#5311,'DISTANCE_ACCURACY_VALUE','Maximum Tolerance applied to model');
#4847=UNCERTAINTY_MEASURE_WITH_UNIT(LENGTH_MEASURE(1.E-08),#5312,'DISTANCE_ACCURACY_VALUE','Maximum Tolerance applied to model');
#4848=UNCERTAINTY_MEASURE_WITH_UNIT(LENGTH_MEASURE(1.E-08),#5313,'DISTANCE_ACCURACY_VALUE','Maximum Tolerance applied to model');
#4849=UNCERTAINTY_MEASURE_WITH_UNIT(LENGTH_MEASURE(1.E-08),#5314,'DISTANCE_ACCURACY_VALUE','Maximum Tolerance applied to model');
#4850=UNCERTAINTY_MEASURE_WITH_UNIT(LENGTH_MEASURE(1.E-08),#5315,'DISTANCE_ACCURACY_VALUE','Maximum Tolerance applied to model');
#4851=UNCERTAINTY_MEASURE_WITH_UNIT(LENGTH_MEASURE(1.E-08),#5316,'DISTANCE_ACCURACY_VALUE','Maximum Tolerance applied to model');
#4852=UNCERTAINTY_MEASURE_WITH_UNIT(LENGTH_MEASURE(1.E-08),#5317,'DISTANCE_ACCURACY_VALUE','Maximum Tolerance applied to model');
#4853=UNCERTAINTY_MEASURE_WITH_UNIT(LENGTH_MEASURE(1.E-08),#5318,'DISTANCE_ACCURACY_VALUE','Maximum Tolerance applied to model');
#4854=UNCERTAINTY_MEASURE_WITH_UNIT(LENGTH_MEASURE(1.E-08),#5319,'DISTANCE_ACCURACY_VALUE','Maximum Tolerance applied to model');
#4855=UNCERTAINTY_MEASURE_WITH_UNIT(LENGTH_MEASURE(1.E-08),#5320,'DISTANCE_ACCURACY_VALUE','Maximum Tolerance applied to model');
#4856=UNCERTAINTY_MEASURE_WITH_UNIT(LENGTH_MEASURE(1.E-08),#5321,'DISTANCE_ACCURACY_VALUE','Maximum Tolerance applied to model');
#4857=UNCERTAINTY_MEASURE_WITH_UNIT(LENGTH_MEASURE(1.E-08),#5322,'DISTANCE_ACCURACY_VALUE','Maximum Tolerance applied to model');
#4858=UNCERTAINTY_MEASURE_WITH_UNIT(LENGTH_MEASURE(1.E-08),#5323,'DISTANCE_ACCURACY_VALUE','Maximum Tolerance applied to model');
#4859=UNCERTAINTY_MEASURE_WITH_UNIT(LENGTH_MEASURE(1.E-08),#5324,'DISTANCE_ACCURACY_VALUE','Maximum Tolerance applied to model');
#4860=UNCERTAINTY_MEASURE_WITH_UNIT(LENGTH_MEASURE(1.E-08),#5325,'DISTANCE_ACCURACY_VALUE','Maximum Tolerance applied to model');
#4861=UNCERTAINTY_MEASURE_WITH_UNIT(LENGTH_MEASURE(1.E-08),#5326,'DISTANCE_ACCURACY_VALUE','Maximum Tolerance applied to model');
#4862=UNCERTAINTY_MEASURE_WITH_UNIT(LENGTH_MEASURE(1.E-08),#5327,'DISTANCE_ACCURACY_VALUE','Maximum Tolerance applied to model');
#4863=UNCERTAINTY_MEASURE_WITH_UNIT(LENGTH_MEASURE(1.E-08),#5328,'DISTANCE_ACCURACY_VALUE','Maximum Tolerance applied to model');
#4864=UNCERTAINTY_MEASURE_WITH_UNIT(LENGTH_MEASURE(1.E-08),#5329,'DISTANCE_ACCURACY_VALUE','Maximum Tolerance applied to model');
#4865=UNCERTAINTY_MEASURE_WITH_UNIT(LENGTH_MEASURE(1.E-08),#5330,'DISTANCE_ACCURACY_VALUE','Maximum Tolerance applied to model');
#4866=UNCERTAINTY_MEASURE_WITH_UNIT(LENGTH_MEASURE(1.E-08),#5331,'DISTANCE_ACCURACY_VALUE','Maximum Tolerance applied to model');
#4867=UNCERTAINTY_MEASURE_WITH_UNIT(LENGTH_MEASURE(1.E-08),#5332,'DISTANCE_ACCURACY_VALUE','Maximum Tolerance applied to model');
#4868=UNCERTAINTY_MEASURE_WITH_UNIT(LENGTH_MEASURE(1.E-08),#5333,'DISTANCE_ACCURACY_VALUE','Maximum Tolerance applied to model');
#4869=UNCERTAINTY_MEASURE_WITH_UNIT(LENGTH_MEASURE(1.E-08),#5334,'DISTANCE_ACCURACY_VALUE','Maximum Tolerance applied to model');
#4870=UNCERTAINTY_MEASURE_WITH_UNIT(LENGTH_MEASURE(1.E-08),#5335,'DISTANCE_ACCURACY_VALUE','Maximum Tolerance applied to model');
#4871=UNCERTAINTY_MEASURE_WITH_UNIT(LENGTH_MEASURE(1.E-08),#5336,'DISTANCE_ACCURACY_VALUE','Maximum Tolerance applied to model');
#4872=UNCERTAINTY_MEASURE_WITH_UNIT(LENGTH_MEASURE(1.E-08),#5337,'DISTANCE_ACCURACY_VALUE','Maximum Tolerance applied to model');
#4873=UNCERTAINTY_MEASURE_WITH_UNIT(LENGTH_MEASURE(1.E-08),#5338,'DISTANCE_ACCURACY_VALUE','Maximum Tolerance applied to model');
#4874=UNCERTAINTY_MEASURE_WITH_UNIT(LENGTH_MEASURE(1.E-08),#5339,'DISTANCE_ACCURACY_VALUE','Maximum Tolerance applied to model');
#4875=UNCERTAINTY_MEASURE_WITH_UNIT(LENGTH_MEASURE(1.E-08),#5340,'DISTANCE_ACCURACY_VALUE','Maximum Tolerance applied to model');
#4876=UNCERTAINTY_MEASURE_WITH_UNIT(LENGTH_MEASURE(1.E-08),#5341,'DISTANCE_ACCURACY_VALUE','Maximum Tolerance applied to model');
#4877=(
NAMED_UNIT(*)
SI_UNIT($,.STERADIAN.)
SOLID_ANGLE_UNIT()
);
#4878=(
NAMED_UNIT(*)
SI_UNIT($,.STERADIAN.)
SOLID_ANGLE_UNIT()
);
#4879=(
NAMED_UNIT(*)
SI_UNIT($,.STERADIAN.)
SOLID_ANGLE_UNIT()
);
#4880=(
NAMED_UNIT(*)
SI_UNIT($,.STERADIAN.)
SOLID_ANGLE_UNIT()
);
#4881=(
NAMED_UNIT(*)
SI_UNIT($,.STERADIAN.)
SOLID_ANGLE_UNIT()
);
#4882=(
NAMED_UNIT(*)
SI_UNIT($,.STERADIAN.)
SOLID_ANGLE_UNIT()
);
#4883=(
NAMED_UNIT(*)
SI_UNIT($,.STERADIAN.)
SOLID_ANGLE_UNIT()
);
#4884=(
NAMED_UNIT(*)
SI_UNIT($,.STERADIAN.)
SOLID_ANGLE_UNIT()
);
#4885=(
NAMED_UNIT(*)
SI_UNIT($,.STERADIAN.)
SOLID_ANGLE_UNIT()
);
#4886=(
NAMED_UNIT(*)
SI_UNIT($,.STERADIAN.)
SOLID_ANGLE_UNIT()
);
#4887=(
NAMED_UNIT(*)
SI_UNIT($,.STERADIAN.)
SOLID_ANGLE_UNIT()
);
#4888=(
NAMED_UNIT(*)
SI_UNIT($,.STERADIAN.)
SOLID_ANGLE_UNIT()
);
#4889=(
NAMED_UNIT(*)
SI_UNIT($,.STERADIAN.)
SOLID_ANGLE_UNIT()
);
#4890=(
NAMED_UNIT(*)
SI_UNIT($,.STERADIAN.)
SOLID_ANGLE_UNIT()
);
#4891=(
NAMED_UNIT(*)
SI_UNIT($,.STERADIAN.)
SOLID_ANGLE_UNIT()
);
#4892=(
NAMED_UNIT(*)
SI_UNIT($,.STERADIAN.)
SOLID_ANGLE_UNIT()
);
#4893=(
NAMED_UNIT(*)
SI_UNIT($,.STERADIAN.)
SOLID_ANGLE_UNIT()
);
#4894=(
NAMED_UNIT(*)
SI_UNIT($,.STERADIAN.)
SOLID_ANGLE_UNIT()
);
#4895=(
NAMED_UNIT(*)
SI_UNIT($,.STERADIAN.)
SOLID_ANGLE_UNIT()
);
#4896=(
NAMED_UNIT(*)
SI_UNIT($,.STERADIAN.)
SOLID_ANGLE_UNIT()
);
#4897=(
NAMED_UNIT(*)
SI_UNIT($,.STERADIAN.)
SOLID_ANGLE_UNIT()
);
#4898=(
NAMED_UNIT(*)
SI_UNIT($,.STERADIAN.)
SOLID_ANGLE_UNIT()
);
#4899=(
NAMED_UNIT(*)
SI_UNIT($,.STERADIAN.)
SOLID_ANGLE_UNIT()
);
#4900=(
NAMED_UNIT(*)
SI_UNIT($,.STERADIAN.)
SOLID_ANGLE_UNIT()
);
#4901=(
NAMED_UNIT(*)
SI_UNIT($,.STERADIAN.)
SOLID_ANGLE_UNIT()
);
#4902=(
NAMED_UNIT(*)
SI_UNIT($,.STERADIAN.)
SOLID_ANGLE_UNIT()
);
#4903=(
NAMED_UNIT(*)
SI_UNIT($,.STERADIAN.)
SOLID_ANGLE_UNIT()
);
#4904=(
NAMED_UNIT(*)
SI_UNIT($,.STERADIAN.)
SOLID_ANGLE_UNIT()
);
#4905=(
NAMED_UNIT(*)
SI_UNIT($,.STERADIAN.)
SOLID_ANGLE_UNIT()
);
#4906=(
NAMED_UNIT(*)
SI_UNIT($,.STERADIAN.)
SOLID_ANGLE_UNIT()
);
#4907=(
NAMED_UNIT(*)
SI_UNIT($,.STERADIAN.)
SOLID_ANGLE_UNIT()
);
#4908=(
NAMED_UNIT(*)
SI_UNIT($,.STERADIAN.)
SOLID_ANGLE_UNIT()
);
#4909=(
NAMED_UNIT(*)
SI_UNIT($,.STERADIAN.)
SOLID_ANGLE_UNIT()
);
#4910=(
NAMED_UNIT(*)
SI_UNIT($,.STERADIAN.)
SOLID_ANGLE_UNIT()
);
#4911=(
NAMED_UNIT(*)
SI_UNIT($,.STERADIAN.)
SOLID_ANGLE_UNIT()
);
#4912=(
NAMED_UNIT(*)
SI_UNIT($,.STERADIAN.)
SOLID_ANGLE_UNIT()
);
#4913=(
NAMED_UNIT(*)
SI_UNIT($,.STERADIAN.)
SOLID_ANGLE_UNIT()
);
#4914=(
NAMED_UNIT(*)
SI_UNIT($,.STERADIAN.)
SOLID_ANGLE_UNIT()
);
#4915=(
NAMED_UNIT(*)
SI_UNIT($,.STERADIAN.)
SOLID_ANGLE_UNIT()
);
#4916=(
NAMED_UNIT(*)
SI_UNIT($,.STERADIAN.)
SOLID_ANGLE_UNIT()
);
#4917=(
NAMED_UNIT(*)
SI_UNIT($,.STERADIAN.)
SOLID_ANGLE_UNIT()
);
#4918=(
NAMED_UNIT(*)
SI_UNIT($,.STERADIAN.)
SOLID_ANGLE_UNIT()
);
#4919=(
NAMED_UNIT(*)
SI_UNIT($,.STERADIAN.)
SOLID_ANGLE_UNIT()
);
#4920=(
NAMED_UNIT(*)
SI_UNIT($,.STERADIAN.)
SOLID_ANGLE_UNIT()
);
#4921=(
NAMED_UNIT(*)
SI_UNIT($,.STERADIAN.)
SOLID_ANGLE_UNIT()
);
#4922=(
NAMED_UNIT(*)
SI_UNIT($,.STERADIAN.)
SOLID_ANGLE_UNIT()
);
#4923=(
NAMED_UNIT(*)
SI_UNIT($,.STERADIAN.)
SOLID_ANGLE_UNIT()
);
#4924=(
NAMED_UNIT(*)
SI_UNIT($,.STERADIAN.)
SOLID_ANGLE_UNIT()
);
#4925=(
NAMED_UNIT(*)
SI_UNIT($,.STERADIAN.)
SOLID_ANGLE_UNIT()
);
#4926=(
NAMED_UNIT(*)
SI_UNIT($,.STERADIAN.)
SOLID_ANGLE_UNIT()
);
#4927=(
NAMED_UNIT(*)
SI_UNIT($,.STERADIAN.)
SOLID_ANGLE_UNIT()
);
#4928=(
NAMED_UNIT(*)
SI_UNIT($,.STERADIAN.)
SOLID_ANGLE_UNIT()
);
#4929=(
NAMED_UNIT(*)
SI_UNIT($,.STERADIAN.)
SOLID_ANGLE_UNIT()
);
#4930=(
NAMED_UNIT(*)
SI_UNIT($,.STERADIAN.)
SOLID_ANGLE_UNIT()
);
#4931=(
NAMED_UNIT(*)
SI_UNIT($,.STERADIAN.)
SOLID_ANGLE_UNIT()
);
#4932=(
NAMED_UNIT(*)
SI_UNIT($,.STERADIAN.)
SOLID_ANGLE_UNIT()
);
#4933=(
NAMED_UNIT(*)
SI_UNIT($,.STERADIAN.)
SOLID_ANGLE_UNIT()
);
#4934=(
NAMED_UNIT(*)
SI_UNIT($,.STERADIAN.)
SOLID_ANGLE_UNIT()
);
#4935=(
NAMED_UNIT(*)
SI_UNIT($,.STERADIAN.)
SOLID_ANGLE_UNIT()
);
#4936=(
NAMED_UNIT(*)
SI_UNIT($,.STERADIAN.)
SOLID_ANGLE_UNIT()
);
#4937=(
NAMED_UNIT(*)
SI_UNIT($,.STERADIAN.)
SOLID_ANGLE_UNIT()
);
#4938=(
NAMED_UNIT(*)
SI_UNIT($,.STERADIAN.)
SOLID_ANGLE_UNIT()
);
#4939=(
NAMED_UNIT(*)
SI_UNIT($,.STERADIAN.)
SOLID_ANGLE_UNIT()
);
#4940=(
NAMED_UNIT(*)
SI_UNIT($,.STERADIAN.)
SOLID_ANGLE_UNIT()
);
#4941=(
NAMED_UNIT(*)
SI_UNIT($,.STERADIAN.)
SOLID_ANGLE_UNIT()
);
#4942=(
NAMED_UNIT(*)
SI_UNIT($,.STERADIAN.)
SOLID_ANGLE_UNIT()
);
#4943=(
NAMED_UNIT(*)
SI_UNIT($,.STERADIAN.)
SOLID_ANGLE_UNIT()
);
#4944=(
NAMED_UNIT(*)
SI_UNIT($,.STERADIAN.)
SOLID_ANGLE_UNIT()
);
#4945=(
NAMED_UNIT(*)
SI_UNIT($,.STERADIAN.)
SOLID_ANGLE_UNIT()
);
#4946=(
NAMED_UNIT(*)
SI_UNIT($,.STERADIAN.)
SOLID_ANGLE_UNIT()
);
#4947=(
NAMED_UNIT(*)
SI_UNIT($,.STERADIAN.)
SOLID_ANGLE_UNIT()
);
#4948=(
NAMED_UNIT(*)
SI_UNIT($,.STERADIAN.)
SOLID_ANGLE_UNIT()
);
#4949=(
NAMED_UNIT(*)
SI_UNIT($,.STERADIAN.)
SOLID_ANGLE_UNIT()
);
#4950=(
NAMED_UNIT(*)
SI_UNIT($,.STERADIAN.)
SOLID_ANGLE_UNIT()
);
#4951=(
NAMED_UNIT(*)
SI_UNIT($,.STERADIAN.)
SOLID_ANGLE_UNIT()
);
#4952=(
NAMED_UNIT(*)
SI_UNIT($,.STERADIAN.)
SOLID_ANGLE_UNIT()
);
#4953=(
NAMED_UNIT(*)
SI_UNIT($,.STERADIAN.)
SOLID_ANGLE_UNIT()
);
#4954=(
NAMED_UNIT(*)
SI_UNIT($,.STERADIAN.)
SOLID_ANGLE_UNIT()
);
#4955=(
NAMED_UNIT(*)
SI_UNIT($,.STERADIAN.)
SOLID_ANGLE_UNIT()
);
#4956=(
NAMED_UNIT(*)
SI_UNIT($,.STERADIAN.)
SOLID_ANGLE_UNIT()
);
#4957=(
NAMED_UNIT(*)
SI_UNIT($,.STERADIAN.)
SOLID_ANGLE_UNIT()
);
#4958=(
NAMED_UNIT(*)
SI_UNIT($,.STERADIAN.)
SOLID_ANGLE_UNIT()
);
#4959=(
NAMED_UNIT(*)
SI_UNIT($,.STERADIAN.)
SOLID_ANGLE_UNIT()
);
#4960=(
NAMED_UNIT(*)
SI_UNIT($,.STERADIAN.)
SOLID_ANGLE_UNIT()
);
#4961=(
NAMED_UNIT(*)
SI_UNIT($,.STERADIAN.)
SOLID_ANGLE_UNIT()
);
#4962=(
NAMED_UNIT(*)
SI_UNIT($,.STERADIAN.)
SOLID_ANGLE_UNIT()
);
#4963=(
NAMED_UNIT(*)
SI_UNIT($,.STERADIAN.)
SOLID_ANGLE_UNIT()
);
#4964=(
NAMED_UNIT(*)
SI_UNIT($,.STERADIAN.)
SOLID_ANGLE_UNIT()
);
#4965=(
NAMED_UNIT(*)
SI_UNIT($,.STERADIAN.)
SOLID_ANGLE_UNIT()
);
#4966=(
NAMED_UNIT(*)
SI_UNIT($,.STERADIAN.)
SOLID_ANGLE_UNIT()
);
#4967=(
NAMED_UNIT(*)
SI_UNIT($,.STERADIAN.)
SOLID_ANGLE_UNIT()
);
#4968=(
NAMED_UNIT(*)
SI_UNIT($,.STERADIAN.)
SOLID_ANGLE_UNIT()
);
#4969=(
NAMED_UNIT(*)
SI_UNIT($,.STERADIAN.)
SOLID_ANGLE_UNIT()
);
#4970=(
NAMED_UNIT(*)
SI_UNIT($,.STERADIAN.)
SOLID_ANGLE_UNIT()
);
#4971=(
NAMED_UNIT(*)
SI_UNIT($,.STERADIAN.)
SOLID_ANGLE_UNIT()
);
#4972=(
NAMED_UNIT(*)
SI_UNIT($,.STERADIAN.)
SOLID_ANGLE_UNIT()
);
#4973=(
NAMED_UNIT(*)
SI_UNIT($,.STERADIAN.)
SOLID_ANGLE_UNIT()
);
#4974=(
NAMED_UNIT(*)
SI_UNIT($,.STERADIAN.)
SOLID_ANGLE_UNIT()
);
#4975=(
NAMED_UNIT(*)
SI_UNIT($,.STERADIAN.)
SOLID_ANGLE_UNIT()
);
#4976=(
NAMED_UNIT(*)
SI_UNIT($,.STERADIAN.)
SOLID_ANGLE_UNIT()
);
#4977=(
NAMED_UNIT(*)
SI_UNIT($,.STERADIAN.)
SOLID_ANGLE_UNIT()
);
#4978=(
NAMED_UNIT(*)
SI_UNIT($,.STERADIAN.)
SOLID_ANGLE_UNIT()
);
#4979=(
NAMED_UNIT(*)
SI_UNIT($,.STERADIAN.)
SOLID_ANGLE_UNIT()
);
#4980=(
NAMED_UNIT(*)
SI_UNIT($,.STERADIAN.)
SOLID_ANGLE_UNIT()
);
#4981=(
NAMED_UNIT(*)
SI_UNIT($,.STERADIAN.)
SOLID_ANGLE_UNIT()
);
#4982=(
NAMED_UNIT(*)
SI_UNIT($,.STERADIAN.)
SOLID_ANGLE_UNIT()
);
#4983=(
NAMED_UNIT(*)
SI_UNIT($,.STERADIAN.)
SOLID_ANGLE_UNIT()
);
#4984=(
NAMED_UNIT(*)
SI_UNIT($,.STERADIAN.)
SOLID_ANGLE_UNIT()
);
#4985=(
NAMED_UNIT(*)
SI_UNIT($,.STERADIAN.)
SOLID_ANGLE_UNIT()
);
#4986=(
NAMED_UNIT(*)
SI_UNIT($,.STERADIAN.)
SOLID_ANGLE_UNIT()
);
#4987=(
NAMED_UNIT(*)
SI_UNIT($,.STERADIAN.)
SOLID_ANGLE_UNIT()
);
#4988=(
NAMED_UNIT(*)
SI_UNIT($,.STERADIAN.)
SOLID_ANGLE_UNIT()
);
#4989=(
NAMED_UNIT(*)
SI_UNIT($,.STERADIAN.)
SOLID_ANGLE_UNIT()
);
#4990=(
NAMED_UNIT(*)
SI_UNIT($,.STERADIAN.)
SOLID_ANGLE_UNIT()
);
#4991=(
NAMED_UNIT(*)
SI_UNIT($,.STERADIAN.)
SOLID_ANGLE_UNIT()
);
#4992=(
NAMED_UNIT(*)
SI_UNIT($,.STERADIAN.)
SOLID_ANGLE_UNIT()
);
#4993=(
NAMED_UNIT(*)
SI_UNIT($,.STERADIAN.)
SOLID_ANGLE_UNIT()
);
#4994=(
NAMED_UNIT(*)
SI_UNIT($,.STERADIAN.)
SOLID_ANGLE_UNIT()
);
#4995=(
NAMED_UNIT(*)
SI_UNIT($,.STERADIAN.)
SOLID_ANGLE_UNIT()
);
#4996=(
NAMED_UNIT(*)
SI_UNIT($,.STERADIAN.)
SOLID_ANGLE_UNIT()
);
#4997=(
NAMED_UNIT(*)
SI_UNIT($,.STERADIAN.)
SOLID_ANGLE_UNIT()
);
#4998=(
NAMED_UNIT(*)
SI_UNIT($,.STERADIAN.)
SOLID_ANGLE_UNIT()
);
#4999=(
NAMED_UNIT(*)
SI_UNIT($,.STERADIAN.)
SOLID_ANGLE_UNIT()
);
#5000=(
NAMED_UNIT(*)
SI_UNIT($,.STERADIAN.)
SOLID_ANGLE_UNIT()
);
#5001=(
NAMED_UNIT(*)
SI_UNIT($,.STERADIAN.)
SOLID_ANGLE_UNIT()
);
#5002=(
NAMED_UNIT(*)
SI_UNIT($,.STERADIAN.)
SOLID_ANGLE_UNIT()
);
#5003=(
NAMED_UNIT(*)
SI_UNIT($,.STERADIAN.)
SOLID_ANGLE_UNIT()
);
#5004=(
NAMED_UNIT(*)
SI_UNIT($,.STERADIAN.)
SOLID_ANGLE_UNIT()
);
#5005=(
NAMED_UNIT(*)
SI_UNIT($,.STERADIAN.)
SOLID_ANGLE_UNIT()
);
#5006=(
NAMED_UNIT(*)
SI_UNIT($,.STERADIAN.)
SOLID_ANGLE_UNIT()
);
#5007=(
NAMED_UNIT(*)
SI_UNIT($,.STERADIAN.)
SOLID_ANGLE_UNIT()
);
#5008=(
NAMED_UNIT(*)
SI_UNIT($,.STERADIAN.)
SOLID_ANGLE_UNIT()
);
#5009=(
NAMED_UNIT(*)
SI_UNIT($,.STERADIAN.)
SOLID_ANGLE_UNIT()
);
#5010=(
NAMED_UNIT(*)
SI_UNIT($,.STERADIAN.)
SOLID_ANGLE_UNIT()
);
#5011=(
NAMED_UNIT(*)
SI_UNIT($,.STERADIAN.)
SOLID_ANGLE_UNIT()
);
#5012=(
NAMED_UNIT(*)
SI_UNIT($,.STERADIAN.)
SOLID_ANGLE_UNIT()
);
#5013=(
NAMED_UNIT(*)
SI_UNIT($,.STERADIAN.)
SOLID_ANGLE_UNIT()
);
#5014=(
NAMED_UNIT(*)
SI_UNIT($,.STERADIAN.)
SOLID_ANGLE_UNIT()
);
#5015=(
NAMED_UNIT(*)
SI_UNIT($,.STERADIAN.)
SOLID_ANGLE_UNIT()
);
#5016=(
NAMED_UNIT(*)
SI_UNIT($,.STERADIAN.)
SOLID_ANGLE_UNIT()
);
#5017=(
NAMED_UNIT(*)
SI_UNIT($,.STERADIAN.)
SOLID_ANGLE_UNIT()
);
#5018=(
NAMED_UNIT(*)
SI_UNIT($,.STERADIAN.)
SOLID_ANGLE_UNIT()
);
#5019=(
NAMED_UNIT(*)
SI_UNIT($,.STERADIAN.)
SOLID_ANGLE_UNIT()
);
#5020=(
NAMED_UNIT(*)
SI_UNIT($,.STERADIAN.)
SOLID_ANGLE_UNIT()
);
#5021=(
NAMED_UNIT(*)
SI_UNIT($,.STERADIAN.)
SOLID_ANGLE_UNIT()
);
#5022=(
NAMED_UNIT(*)
SI_UNIT($,.STERADIAN.)
SOLID_ANGLE_UNIT()
);
#5023=(
NAMED_UNIT(*)
SI_UNIT($,.STERADIAN.)
SOLID_ANGLE_UNIT()
);
#5024=(
NAMED_UNIT(*)
SI_UNIT($,.STERADIAN.)
SOLID_ANGLE_UNIT()
);
#5025=(
NAMED_UNIT(*)
SI_UNIT($,.STERADIAN.)
SOLID_ANGLE_UNIT()
);
#5026=(
NAMED_UNIT(*)
SI_UNIT($,.STERADIAN.)
SOLID_ANGLE_UNIT()
);
#5027=(
NAMED_UNIT(*)
SI_UNIT($,.STERADIAN.)
SOLID_ANGLE_UNIT()
);
#5028=(
NAMED_UNIT(*)
SI_UNIT($,.STERADIAN.)
SOLID_ANGLE_UNIT()
);
#5029=(
NAMED_UNIT(*)
SI_UNIT($,.STERADIAN.)
SOLID_ANGLE_UNIT()
);
#5030=(
NAMED_UNIT(*)
SI_UNIT($,.STERADIAN.)
SOLID_ANGLE_UNIT()
);
#5031=(
NAMED_UNIT(*)
SI_UNIT($,.STERADIAN.)
SOLID_ANGLE_UNIT()
);
#5032=(
NAMED_UNIT(*)
PLANE_ANGLE_UNIT()
SI_UNIT($,.RADIAN.)
);
#5033=(
NAMED_UNIT(*)
PLANE_ANGLE_UNIT()
SI_UNIT($,.RADIAN.)
);
#5034=(
NAMED_UNIT(*)
PLANE_ANGLE_UNIT()
SI_UNIT($,.RADIAN.)
);
#5035=(
NAMED_UNIT(*)
PLANE_ANGLE_UNIT()
SI_UNIT($,.RADIAN.)
);
#5036=(
NAMED_UNIT(*)
PLANE_ANGLE_UNIT()
SI_UNIT($,.RADIAN.)
);
#5037=(
NAMED_UNIT(*)
PLANE_ANGLE_UNIT()
SI_UNIT($,.RADIAN.)
);
#5038=(
NAMED_UNIT(*)
PLANE_ANGLE_UNIT()
SI_UNIT($,.RADIAN.)
);
#5039=(
NAMED_UNIT(*)
PLANE_ANGLE_UNIT()
SI_UNIT($,.RADIAN.)
);
#5040=(
NAMED_UNIT(*)
PLANE_ANGLE_UNIT()
SI_UNIT($,.RADIAN.)
);
#5041=(
NAMED_UNIT(*)
PLANE_ANGLE_UNIT()
SI_UNIT($,.RADIAN.)
);
#5042=(
NAMED_UNIT(*)
PLANE_ANGLE_UNIT()
SI_UNIT($,.RADIAN.)
);
#5043=(
NAMED_UNIT(*)
PLANE_ANGLE_UNIT()
SI_UNIT($,.RADIAN.)
);
#5044=(
NAMED_UNIT(*)
PLANE_ANGLE_UNIT()
SI_UNIT($,.RADIAN.)
);
#5045=(
NAMED_UNIT(*)
PLANE_ANGLE_UNIT()
SI_UNIT($,.RADIAN.)
);
#5046=(
NAMED_UNIT(*)
PLANE_ANGLE_UNIT()
SI_UNIT($,.RADIAN.)
);
#5047=(
NAMED_UNIT(*)
PLANE_ANGLE_UNIT()
SI_UNIT($,.RADIAN.)
);
#5048=(
NAMED_UNIT(*)
PLANE_ANGLE_UNIT()
SI_UNIT($,.RADIAN.)
);
#5049=(
NAMED_UNIT(*)
PLANE_ANGLE_UNIT()
SI_UNIT($,.RADIAN.)
);
#5050=(
NAMED_UNIT(*)
PLANE_ANGLE_UNIT()
SI_UNIT($,.RADIAN.)
);
#5051=(
NAMED_UNIT(*)
PLANE_ANGLE_UNIT()
SI_UNIT($,.RADIAN.)
);
#5052=(
NAMED_UNIT(*)
PLANE_ANGLE_UNIT()
SI_UNIT($,.RADIAN.)
);
#5053=(
NAMED_UNIT(*)
PLANE_ANGLE_UNIT()
SI_UNIT($,.RADIAN.)
);
#5054=(
NAMED_UNIT(*)
PLANE_ANGLE_UNIT()
SI_UNIT($,.RADIAN.)
);
#5055=(
NAMED_UNIT(*)
PLANE_ANGLE_UNIT()
SI_UNIT($,.RADIAN.)
);
#5056=(
NAMED_UNIT(*)
PLANE_ANGLE_UNIT()
SI_UNIT($,.RADIAN.)
);
#5057=(
NAMED_UNIT(*)
PLANE_ANGLE_UNIT()
SI_UNIT($,.RADIAN.)
);
#5058=(
NAMED_UNIT(*)
PLANE_ANGLE_UNIT()
SI_UNIT($,.RADIAN.)
);
#5059=(
NAMED_UNIT(*)
PLANE_ANGLE_UNIT()
SI_UNIT($,.RADIAN.)
);
#5060=(
NAMED_UNIT(*)
PLANE_ANGLE_UNIT()
SI_UNIT($,.RADIAN.)
);
#5061=(
NAMED_UNIT(*)
PLANE_ANGLE_UNIT()
SI_UNIT($,.RADIAN.)
);
#5062=(
NAMED_UNIT(*)
PLANE_ANGLE_UNIT()
SI_UNIT($,.RADIAN.)
);
#5063=(
NAMED_UNIT(*)
PLANE_ANGLE_UNIT()
SI_UNIT($,.RADIAN.)
);
#5064=(
NAMED_UNIT(*)
PLANE_ANGLE_UNIT()
SI_UNIT($,.RADIAN.)
);
#5065=(
NAMED_UNIT(*)
PLANE_ANGLE_UNIT()
SI_UNIT($,.RADIAN.)
);
#5066=(
NAMED_UNIT(*)
PLANE_ANGLE_UNIT()
SI_UNIT($,.RADIAN.)
);
#5067=(
NAMED_UNIT(*)
PLANE_ANGLE_UNIT()
SI_UNIT($,.RADIAN.)
);
#5068=(
NAMED_UNIT(*)
PLANE_ANGLE_UNIT()
SI_UNIT($,.RADIAN.)
);
#5069=(
NAMED_UNIT(*)
PLANE_ANGLE_UNIT()
SI_UNIT($,.RADIAN.)
);
#5070=(
NAMED_UNIT(*)
PLANE_ANGLE_UNIT()
SI_UNIT($,.RADIAN.)
);
#5071=(
NAMED_UNIT(*)
PLANE_ANGLE_UNIT()
SI_UNIT($,.RADIAN.)
);
#5072=(
NAMED_UNIT(*)
PLANE_ANGLE_UNIT()
SI_UNIT($,.RADIAN.)
);
#5073=(
NAMED_UNIT(*)
PLANE_ANGLE_UNIT()
SI_UNIT($,.RADIAN.)
);
#5074=(
NAMED_UNIT(*)
PLANE_ANGLE_UNIT()
SI_UNIT($,.RADIAN.)
);
#5075=(
NAMED_UNIT(*)
PLANE_ANGLE_UNIT()
SI_UNIT($,.RADIAN.)
);
#5076=(
NAMED_UNIT(*)
PLANE_ANGLE_UNIT()
SI_UNIT($,.RADIAN.)
);
#5077=(
NAMED_UNIT(*)
PLANE_ANGLE_UNIT()
SI_UNIT($,.RADIAN.)
);
#5078=(
NAMED_UNIT(*)
PLANE_ANGLE_UNIT()
SI_UNIT($,.RADIAN.)
);
#5079=(
NAMED_UNIT(*)
PLANE_ANGLE_UNIT()
SI_UNIT($,.RADIAN.)
);
#5080=(
NAMED_UNIT(*)
PLANE_ANGLE_UNIT()
SI_UNIT($,.RADIAN.)
);
#5081=(
NAMED_UNIT(*)
PLANE_ANGLE_UNIT()
SI_UNIT($,.RADIAN.)
);
#5082=(
NAMED_UNIT(*)
PLANE_ANGLE_UNIT()
SI_UNIT($,.RADIAN.)
);
#5083=(
NAMED_UNIT(*)
PLANE_ANGLE_UNIT()
SI_UNIT($,.RADIAN.)
);
#5084=(
NAMED_UNIT(*)
PLANE_ANGLE_UNIT()
SI_UNIT($,.RADIAN.)
);
#5085=(
NAMED_UNIT(*)
PLANE_ANGLE_UNIT()
SI_UNIT($,.RADIAN.)
);
#5086=(
NAMED_UNIT(*)
PLANE_ANGLE_UNIT()
SI_UNIT($,.RADIAN.)
);
#5087=(
NAMED_UNIT(*)
PLANE_ANGLE_UNIT()
SI_UNIT($,.RADIAN.)
);
#5088=(
NAMED_UNIT(*)
PLANE_ANGLE_UNIT()
SI_UNIT($,.RADIAN.)
);
#5089=(
NAMED_UNIT(*)
PLANE_ANGLE_UNIT()
SI_UNIT($,.RADIAN.)
);
#5090=(
NAMED_UNIT(*)
PLANE_ANGLE_UNIT()
SI_UNIT($,.RADIAN.)
);
#5091=(
NAMED_UNIT(*)
PLANE_ANGLE_UNIT()
SI_UNIT($,.RADIAN.)
);
#5092=(
NAMED_UNIT(*)
PLANE_ANGLE_UNIT()
SI_UNIT($,.RADIAN.)
);
#5093=(
NAMED_UNIT(*)
PLANE_ANGLE_UNIT()
SI_UNIT($,.RADIAN.)
);
#5094=(
NAMED_UNIT(*)
PLANE_ANGLE_UNIT()
SI_UNIT($,.RADIAN.)
);
#5095=(
NAMED_UNIT(*)
PLANE_ANGLE_UNIT()
SI_UNIT($,.RADIAN.)
);
#5096=(
NAMED_UNIT(*)
PLANE_ANGLE_UNIT()
SI_UNIT($,.RADIAN.)
);
#5097=(
NAMED_UNIT(*)
PLANE_ANGLE_UNIT()
SI_UNIT($,.RADIAN.)
);
#5098=(
NAMED_UNIT(*)
PLANE_ANGLE_UNIT()
SI_UNIT($,.RADIAN.)
);
#5099=(
NAMED_UNIT(*)
PLANE_ANGLE_UNIT()
SI_UNIT($,.RADIAN.)
);
#5100=(
NAMED_UNIT(*)
PLANE_ANGLE_UNIT()
SI_UNIT($,.RADIAN.)
);
#5101=(
NAMED_UNIT(*)
PLANE_ANGLE_UNIT()
SI_UNIT($,.RADIAN.)
);
#5102=(
NAMED_UNIT(*)
PLANE_ANGLE_UNIT()
SI_UNIT($,.RADIAN.)
);
#5103=(
NAMED_UNIT(*)
PLANE_ANGLE_UNIT()
SI_UNIT($,.RADIAN.)
);
#5104=(
NAMED_UNIT(*)
PLANE_ANGLE_UNIT()
SI_UNIT($,.RADIAN.)
);
#5105=(
NAMED_UNIT(*)
PLANE_ANGLE_UNIT()
SI_UNIT($,.RADIAN.)
);
#5106=(
NAMED_UNIT(*)
PLANE_ANGLE_UNIT()
SI_UNIT($,.RADIAN.)
);
#5107=(
NAMED_UNIT(*)
PLANE_ANGLE_UNIT()
SI_UNIT($,.RADIAN.)
);
#5108=(
NAMED_UNIT(*)
PLANE_ANGLE_UNIT()
SI_UNIT($,.RADIAN.)
);
#5109=(
NAMED_UNIT(*)
PLANE_ANGLE_UNIT()
SI_UNIT($,.RADIAN.)
);
#5110=(
NAMED_UNIT(*)
PLANE_ANGLE_UNIT()
SI_UNIT($,.RADIAN.)
);
#5111=(
NAMED_UNIT(*)
PLANE_ANGLE_UNIT()
SI_UNIT($,.RADIAN.)
);
#5112=(
NAMED_UNIT(*)
PLANE_ANGLE_UNIT()
SI_UNIT($,.RADIAN.)
);
#5113=(
NAMED_UNIT(*)
PLANE_ANGLE_UNIT()
SI_UNIT($,.RADIAN.)
);
#5114=(
NAMED_UNIT(*)
PLANE_ANGLE_UNIT()
SI_UNIT($,.RADIAN.)
);
#5115=(
NAMED_UNIT(*)
PLANE_ANGLE_UNIT()
SI_UNIT($,.RADIAN.)
);
#5116=(
NAMED_UNIT(*)
PLANE_ANGLE_UNIT()
SI_UNIT($,.RADIAN.)
);
#5117=(
NAMED_UNIT(*)
PLANE_ANGLE_UNIT()
SI_UNIT($,.RADIAN.)
);
#5118=(
NAMED_UNIT(*)
PLANE_ANGLE_UNIT()
SI_UNIT($,.RADIAN.)
);
#5119=(
NAMED_UNIT(*)
PLANE_ANGLE_UNIT()
SI_UNIT($,.RADIAN.)
);
#5120=(
NAMED_UNIT(*)
PLANE_ANGLE_UNIT()
SI_UNIT($,.RADIAN.)
);
#5121=(
NAMED_UNIT(*)
PLANE_ANGLE_UNIT()
SI_UNIT($,.RADIAN.)
);
#5122=(
NAMED_UNIT(*)
PLANE_ANGLE_UNIT()
SI_UNIT($,.RADIAN.)
);
#5123=(
NAMED_UNIT(*)
PLANE_ANGLE_UNIT()
SI_UNIT($,.RADIAN.)
);
#5124=(
NAMED_UNIT(*)
PLANE_ANGLE_UNIT()
SI_UNIT($,.RADIAN.)
);
#5125=(
NAMED_UNIT(*)
PLANE_ANGLE_UNIT()
SI_UNIT($,.RADIAN.)
);
#5126=(
NAMED_UNIT(*)
PLANE_ANGLE_UNIT()
SI_UNIT($,.RADIAN.)
);
#5127=(
NAMED_UNIT(*)
PLANE_ANGLE_UNIT()
SI_UNIT($,.RADIAN.)
);
#5128=(
NAMED_UNIT(*)
PLANE_ANGLE_UNIT()
SI_UNIT($,.RADIAN.)
);
#5129=(
NAMED_UNIT(*)
PLANE_ANGLE_UNIT()
SI_UNIT($,.RADIAN.)
);
#5130=(
NAMED_UNIT(*)
PLANE_ANGLE_UNIT()
SI_UNIT($,.RADIAN.)
);
#5131=(
NAMED_UNIT(*)
PLANE_ANGLE_UNIT()
SI_UNIT($,.RADIAN.)
);
#5132=(
NAMED_UNIT(*)
PLANE_ANGLE_UNIT()
SI_UNIT($,.RADIAN.)
);
#5133=(
NAMED_UNIT(*)
PLANE_ANGLE_UNIT()
SI_UNIT($,.RADIAN.)
);
#5134=(
NAMED_UNIT(*)
PLANE_ANGLE_UNIT()
SI_UNIT($,.RADIAN.)
);
#5135=(
NAMED_UNIT(*)
PLANE_ANGLE_UNIT()
SI_UNIT($,.RADIAN.)
);
#5136=(
NAMED_UNIT(*)
PLANE_ANGLE_UNIT()
SI_UNIT($,.RADIAN.)
);
#5137=(
NAMED_UNIT(*)
PLANE_ANGLE_UNIT()
SI_UNIT($,.RADIAN.)
);
#5138=(
NAMED_UNIT(*)
PLANE_ANGLE_UNIT()
SI_UNIT($,.RADIAN.)
);
#5139=(
NAMED_UNIT(*)
PLANE_ANGLE_UNIT()
SI_UNIT($,.RADIAN.)
);
#5140=(
NAMED_UNIT(*)
PLANE_ANGLE_UNIT()
SI_UNIT($,.RADIAN.)
);
#5141=(
NAMED_UNIT(*)
PLANE_ANGLE_UNIT()
SI_UNIT($,.RADIAN.)
);
#5142=(
NAMED_UNIT(*)
PLANE_ANGLE_UNIT()
SI_UNIT($,.RADIAN.)
);
#5143=(
NAMED_UNIT(*)
PLANE_ANGLE_UNIT()
SI_UNIT($,.RADIAN.)
);
#5144=(
NAMED_UNIT(*)
PLANE_ANGLE_UNIT()
SI_UNIT($,.RADIAN.)
);
#5145=(
NAMED_UNIT(*)
PLANE_ANGLE_UNIT()
SI_UNIT($,.RADIAN.)
);
#5146=(
NAMED_UNIT(*)
PLANE_ANGLE_UNIT()
SI_UNIT($,.RADIAN.)
);
#5147=(
NAMED_UNIT(*)
PLANE_ANGLE_UNIT()
SI_UNIT($,.RADIAN.)
);
#5148=(
NAMED_UNIT(*)
PLANE_ANGLE_UNIT()
SI_UNIT($,.RADIAN.)
);
#5149=(
NAMED_UNIT(*)
PLANE_ANGLE_UNIT()
SI_UNIT($,.RADIAN.)
);
#5150=(
NAMED_UNIT(*)
PLANE_ANGLE_UNIT()
SI_UNIT($,.RADIAN.)
);
#5151=(
NAMED_UNIT(*)
PLANE_ANGLE_UNIT()
SI_UNIT($,.RADIAN.)
);
#5152=(
NAMED_UNIT(*)
PLANE_ANGLE_UNIT()
SI_UNIT($,.RADIAN.)
);
#5153=(
NAMED_UNIT(*)
PLANE_ANGLE_UNIT()
SI_UNIT($,.RADIAN.)
);
#5154=(
NAMED_UNIT(*)
PLANE_ANGLE_UNIT()
SI_UNIT($,.RADIAN.)
);
#5155=(
NAMED_UNIT(*)
PLANE_ANGLE_UNIT()
SI_UNIT($,.RADIAN.)
);
#5156=(
NAMED_UNIT(*)
PLANE_ANGLE_UNIT()
SI_UNIT($,.RADIAN.)
);
#5157=(
NAMED_UNIT(*)
PLANE_ANGLE_UNIT()
SI_UNIT($,.RADIAN.)
);
#5158=(
NAMED_UNIT(*)
PLANE_ANGLE_UNIT()
SI_UNIT($,.RADIAN.)
);
#5159=(
NAMED_UNIT(*)
PLANE_ANGLE_UNIT()
SI_UNIT($,.RADIAN.)
);
#5160=(
NAMED_UNIT(*)
PLANE_ANGLE_UNIT()
SI_UNIT($,.RADIAN.)
);
#5161=(
NAMED_UNIT(*)
PLANE_ANGLE_UNIT()
SI_UNIT($,.RADIAN.)
);
#5162=(
NAMED_UNIT(*)
PLANE_ANGLE_UNIT()
SI_UNIT($,.RADIAN.)
);
#5163=(
NAMED_UNIT(*)
PLANE_ANGLE_UNIT()
SI_UNIT($,.RADIAN.)
);
#5164=(
NAMED_UNIT(*)
PLANE_ANGLE_UNIT()
SI_UNIT($,.RADIAN.)
);
#5165=(
NAMED_UNIT(*)
PLANE_ANGLE_UNIT()
SI_UNIT($,.RADIAN.)
);
#5166=(
NAMED_UNIT(*)
PLANE_ANGLE_UNIT()
SI_UNIT($,.RADIAN.)
);
#5167=(
NAMED_UNIT(*)
PLANE_ANGLE_UNIT()
SI_UNIT($,.RADIAN.)
);
#5168=(
NAMED_UNIT(*)
PLANE_ANGLE_UNIT()
SI_UNIT($,.RADIAN.)
);
#5169=(
NAMED_UNIT(*)
PLANE_ANGLE_UNIT()
SI_UNIT($,.RADIAN.)
);
#5170=(
NAMED_UNIT(*)
PLANE_ANGLE_UNIT()
SI_UNIT($,.RADIAN.)
);
#5171=(
NAMED_UNIT(*)
PLANE_ANGLE_UNIT()
SI_UNIT($,.RADIAN.)
);
#5172=(
NAMED_UNIT(*)
PLANE_ANGLE_UNIT()
SI_UNIT($,.RADIAN.)
);
#5173=(
NAMED_UNIT(*)
PLANE_ANGLE_UNIT()
SI_UNIT($,.RADIAN.)
);
#5174=(
NAMED_UNIT(*)
PLANE_ANGLE_UNIT()
SI_UNIT($,.RADIAN.)
);
#5175=(
NAMED_UNIT(*)
PLANE_ANGLE_UNIT()
SI_UNIT($,.RADIAN.)
);
#5176=(
NAMED_UNIT(*)
PLANE_ANGLE_UNIT()
SI_UNIT($,.RADIAN.)
);
#5177=(
NAMED_UNIT(*)
PLANE_ANGLE_UNIT()
SI_UNIT($,.RADIAN.)
);
#5178=(
NAMED_UNIT(*)
PLANE_ANGLE_UNIT()
SI_UNIT($,.RADIAN.)
);
#5179=(
NAMED_UNIT(*)
PLANE_ANGLE_UNIT()
SI_UNIT($,.RADIAN.)
);
#5180=(
NAMED_UNIT(*)
PLANE_ANGLE_UNIT()
SI_UNIT($,.RADIAN.)
);
#5181=(
NAMED_UNIT(*)
PLANE_ANGLE_UNIT()
SI_UNIT($,.RADIAN.)
);
#5182=(
NAMED_UNIT(*)
PLANE_ANGLE_UNIT()
SI_UNIT($,.RADIAN.)
);
#5183=(
NAMED_UNIT(*)
PLANE_ANGLE_UNIT()
SI_UNIT($,.RADIAN.)
);
#5184=(
NAMED_UNIT(*)
PLANE_ANGLE_UNIT()
SI_UNIT($,.RADIAN.)
);
#5185=(
NAMED_UNIT(*)
PLANE_ANGLE_UNIT()
SI_UNIT($,.RADIAN.)
);
#5186=(
NAMED_UNIT(*)
PLANE_ANGLE_UNIT()
SI_UNIT($,.RADIAN.)
);
#5187=(
LENGTH_UNIT()
NAMED_UNIT(*)
SI_UNIT($,.METRE.)
);
#5188=(
LENGTH_UNIT()
NAMED_UNIT(*)
SI_UNIT($,.METRE.)
);
#5189=(
LENGTH_UNIT()
NAMED_UNIT(*)
SI_UNIT($,.METRE.)
);
#5190=(
LENGTH_UNIT()
NAMED_UNIT(*)
SI_UNIT($,.METRE.)
);
#5191=(
LENGTH_UNIT()
NAMED_UNIT(*)
SI_UNIT($,.METRE.)
);
#5192=(
LENGTH_UNIT()
NAMED_UNIT(*)
SI_UNIT($,.METRE.)
);
#5193=(
LENGTH_UNIT()
NAMED_UNIT(*)
SI_UNIT($,.METRE.)
);
#5194=(
LENGTH_UNIT()
NAMED_UNIT(*)
SI_UNIT($,.METRE.)
);
#5195=(
LENGTH_UNIT()
NAMED_UNIT(*)
SI_UNIT($,.METRE.)
);
#5196=(
LENGTH_UNIT()
NAMED_UNIT(*)
SI_UNIT($,.METRE.)
);
#5197=(
LENGTH_UNIT()
NAMED_UNIT(*)
SI_UNIT($,.METRE.)
);
#5198=(
LENGTH_UNIT()
NAMED_UNIT(*)
SI_UNIT($,.METRE.)
);
#5199=(
LENGTH_UNIT()
NAMED_UNIT(*)
SI_UNIT($,.METRE.)
);
#5200=(
LENGTH_UNIT()
NAMED_UNIT(*)
SI_UNIT($,.METRE.)
);
#5201=(
LENGTH_UNIT()
NAMED_UNIT(*)
SI_UNIT($,.METRE.)
);
#5202=(
LENGTH_UNIT()
NAMED_UNIT(*)
SI_UNIT($,.METRE.)
);
#5203=(
LENGTH_UNIT()
NAMED_UNIT(*)
SI_UNIT($,.METRE.)
);
#5204=(
LENGTH_UNIT()
NAMED_UNIT(*)
SI_UNIT($,.METRE.)
);
#5205=(
LENGTH_UNIT()
NAMED_UNIT(*)
SI_UNIT($,.METRE.)
);
#5206=(
LENGTH_UNIT()
NAMED_UNIT(*)
SI_UNIT($,.METRE.)
);
#5207=(
LENGTH_UNIT()
NAMED_UNIT(*)
SI_UNIT($,.METRE.)
);
#5208=(
LENGTH_UNIT()
NAMED_UNIT(*)
SI_UNIT($,.METRE.)
);
#5209=(
LENGTH_UNIT()
NAMED_UNIT(*)
SI_UNIT($,.METRE.)
);
#5210=(
LENGTH_UNIT()
NAMED_UNIT(*)
SI_UNIT($,.METRE.)
);
#5211=(
LENGTH_UNIT()
NAMED_UNIT(*)
SI_UNIT($,.METRE.)
);
#5212=(
LENGTH_UNIT()
NAMED_UNIT(*)
SI_UNIT($,.METRE.)
);
#5213=(
LENGTH_UNIT()
NAMED_UNIT(*)
SI_UNIT($,.METRE.)
);
#5214=(
LENGTH_UNIT()
NAMED_UNIT(*)
SI_UNIT($,.METRE.)
);
#5215=(
LENGTH_UNIT()
NAMED_UNIT(*)
SI_UNIT($,.METRE.)
);
#5216=(
LENGTH_UNIT()
NAMED_UNIT(*)
SI_UNIT($,.METRE.)
);
#5217=(
LENGTH_UNIT()
NAMED_UNIT(*)
SI_UNIT($,.METRE.)
);
#5218=(
LENGTH_UNIT()
NAMED_UNIT(*)
SI_UNIT($,.METRE.)
);
#5219=(
LENGTH_UNIT()
NAMED_UNIT(*)
SI_UNIT($,.METRE.)
);
#5220=(
LENGTH_UNIT()
NAMED_UNIT(*)
SI_UNIT($,.METRE.)
);
#5221=(
LENGTH_UNIT()
NAMED_UNIT(*)
SI_UNIT($,.METRE.)
);
#5222=(
LENGTH_UNIT()
NAMED_UNIT(*)
SI_UNIT($,.METRE.)
);
#5223=(
LENGTH_UNIT()
NAMED_UNIT(*)
SI_UNIT($,.METRE.)
);
#5224=(
LENGTH_UNIT()
NAMED_UNIT(*)
SI_UNIT($,.METRE.)
);
#5225=(
LENGTH_UNIT()
NAMED_UNIT(*)
SI_UNIT($,.METRE.)
);
#5226=(
LENGTH_UNIT()
NAMED_UNIT(*)
SI_UNIT($,.METRE.)
);
#5227=(
LENGTH_UNIT()
NAMED_UNIT(*)
SI_UNIT($,.METRE.)
);
#5228=(
LENGTH_UNIT()
NAMED_UNIT(*)
SI_UNIT($,.METRE.)
);
#5229=(
LENGTH_UNIT()
NAMED_UNIT(*)
SI_UNIT($,.METRE.)
);
#5230=(
LENGTH_UNIT()
NAMED_UNIT(*)
SI_UNIT($,.METRE.)
);
#5231=(
LENGTH_UNIT()
NAMED_UNIT(*)
SI_UNIT($,.METRE.)
);
#5232=(
LENGTH_UNIT()
NAMED_UNIT(*)
SI_UNIT($,.METRE.)
);
#5233=(
LENGTH_UNIT()
NAMED_UNIT(*)
SI_UNIT($,.METRE.)
);
#5234=(
LENGTH_UNIT()
NAMED_UNIT(*)
SI_UNIT($,.METRE.)
);
#5235=(
LENGTH_UNIT()
NAMED_UNIT(*)
SI_UNIT($,.METRE.)
);
#5236=(
LENGTH_UNIT()
NAMED_UNIT(*)
SI_UNIT($,.METRE.)
);
#5237=(
LENGTH_UNIT()
NAMED_UNIT(*)
SI_UNIT($,.METRE.)
);
#5238=(
LENGTH_UNIT()
NAMED_UNIT(*)
SI_UNIT($,.METRE.)
);
#5239=(
LENGTH_UNIT()
NAMED_UNIT(*)
SI_UNIT($,.METRE.)
);
#5240=(
LENGTH_UNIT()
NAMED_UNIT(*)
SI_UNIT($,.METRE.)
);
#5241=(
LENGTH_UNIT()
NAMED_UNIT(*)
SI_UNIT($,.METRE.)
);
#5242=(
LENGTH_UNIT()
NAMED_UNIT(*)
SI_UNIT($,.METRE.)
);
#5243=(
LENGTH_UNIT()
NAMED_UNIT(*)
SI_UNIT($,.METRE.)
);
#5244=(
LENGTH_UNIT()
NAMED_UNIT(*)
SI_UNIT($,.METRE.)
);
#5245=(
LENGTH_UNIT()
NAMED_UNIT(*)
SI_UNIT($,.METRE.)
);
#5246=(
LENGTH_UNIT()
NAMED_UNIT(*)
SI_UNIT($,.METRE.)
);
#5247=(
LENGTH_UNIT()
NAMED_UNIT(*)
SI_UNIT($,.METRE.)
);
#5248=(
LENGTH_UNIT()
NAMED_UNIT(*)
SI_UNIT($,.METRE.)
);
#5249=(
LENGTH_UNIT()
NAMED_UNIT(*)
SI_UNIT($,.METRE.)
);
#5250=(
LENGTH_UNIT()
NAMED_UNIT(*)
SI_UNIT($,.METRE.)
);
#5251=(
LENGTH_UNIT()
NAMED_UNIT(*)
SI_UNIT($,.METRE.)
);
#5252=(
LENGTH_UNIT()
NAMED_UNIT(*)
SI_UNIT($,.METRE.)
);
#5253=(
LENGTH_UNIT()
NAMED_UNIT(*)
SI_UNIT($,.METRE.)
);
#5254=(
LENGTH_UNIT()
NAMED_UNIT(*)
SI_UNIT($,.METRE.)
);
#5255=(
LENGTH_UNIT()
NAMED_UNIT(*)
SI_UNIT($,.METRE.)
);
#5256=(
LENGTH_UNIT()
NAMED_UNIT(*)
SI_UNIT($,.METRE.)
);
#5257=(
LENGTH_UNIT()
NAMED_UNIT(*)
SI_UNIT($,.METRE.)
);
#5258=(
LENGTH_UNIT()
NAMED_UNIT(*)
SI_UNIT($,.METRE.)
);
#5259=(
LENGTH_UNIT()
NAMED_UNIT(*)
SI_UNIT($,.METRE.)
);
#5260=(
LENGTH_UNIT()
NAMED_UNIT(*)
SI_UNIT($,.METRE.)
);
#5261=(
LENGTH_UNIT()
NAMED_UNIT(*)
SI_UNIT($,.METRE.)
);
#5262=(
LENGTH_UNIT()
NAMED_UNIT(*)
SI_UNIT($,.METRE.)
);
#5263=(
LENGTH_UNIT()
NAMED_UNIT(*)
SI_UNIT($,.METRE.)
);
#5264=(
LENGTH_UNIT()
NAMED_UNIT(*)
SI_UNIT($,.METRE.)
);
#5265=(
LENGTH_UNIT()
NAMED_UNIT(*)
SI_UNIT($,.METRE.)
);
#5266=(
LENGTH_UNIT()
NAMED_UNIT(*)
SI_UNIT($,.METRE.)
);
#5267=(
LENGTH_UNIT()
NAMED_UNIT(*)
SI_UNIT($,.METRE.)
);
#5268=(
LENGTH_UNIT()
NAMED_UNIT(*)
SI_UNIT($,.METRE.)
);
#5269=(
LENGTH_UNIT()
NAMED_UNIT(*)
SI_UNIT($,.METRE.)
);
#5270=(
LENGTH_UNIT()
NAMED_UNIT(*)
SI_UNIT($,.METRE.)
);
#5271=(
LENGTH_UNIT()
NAMED_UNIT(*)
SI_UNIT($,.METRE.)
);
#5272=(
LENGTH_UNIT()
NAMED_UNIT(*)
SI_UNIT($,.METRE.)
);
#5273=(
LENGTH_UNIT()
NAMED_UNIT(*)
SI_UNIT($,.METRE.)
);
#5274=(
LENGTH_UNIT()
NAMED_UNIT(*)
SI_UNIT($,.METRE.)
);
#5275=(
LENGTH_UNIT()
NAMED_UNIT(*)
SI_UNIT($,.METRE.)
);
#5276=(
LENGTH_UNIT()
NAMED_UNIT(*)
SI_UNIT($,.METRE.)
);
#5277=(
LENGTH_UNIT()
NAMED_UNIT(*)
SI_UNIT($,.METRE.)
);
#5278=(
LENGTH_UNIT()
NAMED_UNIT(*)
SI_UNIT($,.METRE.)
);
#5279=(
LENGTH_UNIT()
NAMED_UNIT(*)
SI_UNIT($,.METRE.)
);
#5280=(
LENGTH_UNIT()
NAMED_UNIT(*)
SI_UNIT($,.METRE.)
);
#5281=(
LENGTH_UNIT()
NAMED_UNIT(*)
SI_UNIT($,.METRE.)
);
#5282=(
LENGTH_UNIT()
NAMED_UNIT(*)
SI_UNIT($,.METRE.)
);
#5283=(
LENGTH_UNIT()
NAMED_UNIT(*)
SI_UNIT($,.METRE.)
);
#5284=(
LENGTH_UNIT()
NAMED_UNIT(*)
SI_UNIT($,.METRE.)
);
#5285=(
LENGTH_UNIT()
NAMED_UNIT(*)
SI_UNIT($,.METRE.)
);
#5286=(
LENGTH_UNIT()
NAMED_UNIT(*)
SI_UNIT($,.METRE.)
);
#5287=(
LENGTH_UNIT()
NAMED_UNIT(*)
SI_UNIT($,.METRE.)
);
#5288=(
LENGTH_UNIT()
NAMED_UNIT(*)
SI_UNIT($,.METRE.)
);
#5289=(
LENGTH_UNIT()
NAMED_UNIT(*)
SI_UNIT($,.METRE.)
);
#5290=(
LENGTH_UNIT()
NAMED_UNIT(*)
SI_UNIT($,.METRE.)
);
#5291=(
LENGTH_UNIT()
NAMED_UNIT(*)
SI_UNIT($,.METRE.)
);
#5292=(
LENGTH_UNIT()
NAMED_UNIT(*)
SI_UNIT($,.METRE.)
);
#5293=(
LENGTH_UNIT()
NAMED_UNIT(*)
SI_UNIT($,.METRE.)
);
#5294=(
LENGTH_UNIT()
NAMED_UNIT(*)
SI_UNIT($,.METRE.)
);
#5295=(
LENGTH_UNIT()
NAMED_UNIT(*)
SI_UNIT($,.METRE.)
);
#5296=(
LENGTH_UNIT()
NAMED_UNIT(*)
SI_UNIT($,.METRE.)
);
#5297=(
LENGTH_UNIT()
NAMED_UNIT(*)
SI_UNIT($,.METRE.)
);
#5298=(
LENGTH_UNIT()
NAMED_UNIT(*)
SI_UNIT($,.METRE.)
);
#5299=(
LENGTH_UNIT()
NAMED_UNIT(*)
SI_UNIT($,.METRE.)
);
#5300=(
LENGTH_UNIT()
NAMED_UNIT(*)
SI_UNIT($,.METRE.)
);
#5301=(
LENGTH_UNIT()
NAMED_UNIT(*)
SI_UNIT($,.METRE.)
);
#5302=(
LENGTH_UNIT()
NAMED_UNIT(*)
SI_UNIT($,.METRE.)
);
#5303=(
LENGTH_UNIT()
NAMED_UNIT(*)
SI_UNIT($,.METRE.)
);
#5304=(
LENGTH_UNIT()
NAMED_UNIT(*)
SI_UNIT($,.METRE.)
);
#5305=(
LENGTH_UNIT()
NAMED_UNIT(*)
SI_UNIT($,.METRE.)
);
#5306=(
LENGTH_UNIT()
NAMED_UNIT(*)
SI_UNIT($,.METRE.)
);
#5307=(
LENGTH_UNIT()
NAMED_UNIT(*)
SI_UNIT($,.METRE.)
);
#5308=(
LENGTH_UNIT()
NAMED_UNIT(*)
SI_UNIT($,.METRE.)
);
#5309=(
LENGTH_UNIT()
NAMED_UNIT(*)
SI_UNIT($,.METRE.)
);
#5310=(
LENGTH_UNIT()
NAMED_UNIT(*)
SI_UNIT($,.METRE.)
);
#5311=(
LENGTH_UNIT()
NAMED_UNIT(*)
SI_UNIT($,.METRE.)
);
#5312=(
LENGTH_UNIT()
NAMED_UNIT(*)
SI_UNIT($,.METRE.)
);
#5313=(
LENGTH_UNIT()
NAMED_UNIT(*)
SI_UNIT($,.METRE.)
);
#5314=(
LENGTH_UNIT()
NAMED_UNIT(*)
SI_UNIT($,.METRE.)
);
#5315=(
LENGTH_UNIT()
NAMED_UNIT(*)
SI_UNIT($,.METRE.)
);
#5316=(
LENGTH_UNIT()
NAMED_UNIT(*)
SI_UNIT($,.METRE.)
);
#5317=(
LENGTH_UNIT()
NAMED_UNIT(*)
SI_UNIT($,.METRE.)
);
#5318=(
LENGTH_UNIT()
NAMED_UNIT(*)
SI_UNIT($,.METRE.)
);
#5319=(
LENGTH_UNIT()
NAMED_UNIT(*)
SI_UNIT($,.METRE.)
);
#5320=(
LENGTH_UNIT()
NAMED_UNIT(*)
SI_UNIT($,.METRE.)
);
#5321=(
LENGTH_UNIT()
NAMED_UNIT(*)
SI_UNIT($,.METRE.)
);
#5322=(
LENGTH_UNIT()
NAMED_UNIT(*)
SI_UNIT($,.METRE.)
);
#5323=(
LENGTH_UNIT()
NAMED_UNIT(*)
SI_UNIT($,.METRE.)
);
#5324=(
LENGTH_UNIT()
NAMED_UNIT(*)
SI_UNIT($,.METRE.)
);
#5325=(
LENGTH_UNIT()
NAMED_UNIT(*)
SI_UNIT($,.METRE.)
);
#5326=(
LENGTH_UNIT()
NAMED_UNIT(*)
SI_UNIT($,.METRE.)
);
#5327=(
LENGTH_UNIT()
NAMED_UNIT(*)
SI_UNIT($,.METRE.)
);
#5328=(
LENGTH_UNIT()
NAMED_UNIT(*)
SI_UNIT($,.METRE.)
);
#5329=(
LENGTH_UNIT()
NAMED_UNIT(*)
SI_UNIT($,.METRE.)
);
#5330=(
LENGTH_UNIT()
NAMED_UNIT(*)
SI_UNIT($,.METRE.)
);
#5331=(
LENGTH_UNIT()
NAMED_UNIT(*)
SI_UNIT($,.METRE.)
);
#5332=(
LENGTH_UNIT()
NAMED_UNIT(*)
SI_UNIT($,.METRE.)
);
#5333=(
LENGTH_UNIT()
NAMED_UNIT(*)
SI_UNIT($,.METRE.)
);
#5334=(
LENGTH_UNIT()
NAMED_UNIT(*)
SI_UNIT($,.METRE.)
);
#5335=(
LENGTH_UNIT()
NAMED_UNIT(*)
SI_UNIT($,.METRE.)
);
#5336=(
LENGTH_UNIT()
NAMED_UNIT(*)
SI_UNIT($,.METRE.)
);
#5337=(
LENGTH_UNIT()
NAMED_UNIT(*)
SI_UNIT($,.METRE.)
);
#5338=(
LENGTH_UNIT()
NAMED_UNIT(*)
SI_UNIT($,.METRE.)
);
#5339=(
LENGTH_UNIT()
NAMED_UNIT(*)
SI_UNIT($,.METRE.)
);
#5340=(
LENGTH_UNIT()
NAMED_UNIT(*)
SI_UNIT($,.METRE.)
);
#5341=(
LENGTH_UNIT()
NAMED_UNIT(*)
SI_UNIT($,.METRE.)
);
#5342=PRODUCT_DEFINITION_SHAPE('','',#5497);
#5343=PRODUCT_DEFINITION_SHAPE('','',#5498);
#5344=PRODUCT_DEFINITION_SHAPE('','',#5499);
#5345=PRODUCT_DEFINITION_SHAPE('','',#5500);
#5346=PRODUCT_DEFINITION_SHAPE('','',#5501);
#5347=PRODUCT_DEFINITION_SHAPE('','',#5502);
#5348=PRODUCT_DEFINITION_SHAPE('','',#5503);
#5349=PRODUCT_DEFINITION_SHAPE('','',#5504);
#5350=PRODUCT_DEFINITION_SHAPE('','',#5505);
#5351=PRODUCT_DEFINITION_SHAPE('','',#5506);
#5352=PRODUCT_DEFINITION_SHAPE('','',#5507);
#5353=PRODUCT_DEFINITION_SHAPE('','',#5508);
#5354=PRODUCT_DEFINITION_SHAPE('','',#5509);
#5355=PRODUCT_DEFINITION_SHAPE('','',#5510);
#5356=PRODUCT_DEFINITION_SHAPE('','',#5511);
#5357=PRODUCT_DEFINITION_SHAPE('','',#5512);
#5358=PRODUCT_DEFINITION_SHAPE('','',#5513);
#5359=PRODUCT_DEFINITION_SHAPE('','',#5514);
#5360=PRODUCT_DEFINITION_SHAPE('','',#5515);
#5361=PRODUCT_DEFINITION_SHAPE('','',#5516);
#5362=PRODUCT_DEFINITION_SHAPE('','',#5517);
#5363=PRODUCT_DEFINITION_SHAPE('','',#5518);
#5364=PRODUCT_DEFINITION_SHAPE('','',#5519);
#5365=PRODUCT_DEFINITION_SHAPE('','',#5520);
#5366=PRODUCT_DEFINITION_SHAPE('','',#5521);
#5367=PRODUCT_DEFINITION_SHAPE('','',#5522);
#5368=PRODUCT_DEFINITION_SHAPE('','',#5523);
#5369=PRODUCT_DEFINITION_SHAPE('','',#5524);
#5370=PRODUCT_DEFINITION_SHAPE('','',#5525);
#5371=PRODUCT_DEFINITION_SHAPE('','',#5526);
#5372=PRODUCT_DEFINITION_SHAPE('','',#5527);
#5373=PRODUCT_DEFINITION_SHAPE('','',#5528);
#5374=PRODUCT_DEFINITION_SHAPE('','',#5529);
#5375=PRODUCT_DEFINITION_SHAPE('','',#5530);
#5376=PRODUCT_DEFINITION_SHAPE('','',#5531);
#5377=PRODUCT_DEFINITION_SHAPE('','',#5532);
#5378=PRODUCT_DEFINITION_SHAPE('','',#5533);
#5379=PRODUCT_DEFINITION_SHAPE('','',#5534);
#5380=PRODUCT_DEFINITION_SHAPE('','',#5535);
#5381=PRODUCT_DEFINITION_SHAPE('','',#5536);
#5382=PRODUCT_DEFINITION_SHAPE('','',#5537);
#5383=PRODUCT_DEFINITION_SHAPE('','',#5538);
#5384=PRODUCT_DEFINITION_SHAPE('','',#5539);
#5385=PRODUCT_DEFINITION_SHAPE('','',#5540);
#5386=PRODUCT_DEFINITION_SHAPE('','',#5541);
#5387=PRODUCT_DEFINITION_SHAPE('','',#5542);
#5388=PRODUCT_DEFINITION_SHAPE('','',#5543);
#5389=PRODUCT_DEFINITION_SHAPE('','',#5544);
#5390=PRODUCT_DEFINITION_SHAPE('','',#5545);
#5391=PRODUCT_DEFINITION_SHAPE('','',#5546);
#5392=PRODUCT_DEFINITION_SHAPE('','',#5547);
#5393=PRODUCT_DEFINITION_SHAPE('','',#5548);
#5394=PRODUCT_DEFINITION_SHAPE('','',#5549);
#5395=PRODUCT_DEFINITION_SHAPE('','',#5550);
#5396=PRODUCT_DEFINITION_SHAPE('','',#5551);
#5397=PRODUCT_DEFINITION_SHAPE('','',#5552);
#5398=PRODUCT_DEFINITION_SHAPE('','',#5553);
#5399=PRODUCT_DEFINITION_SHAPE('','',#5554);
#5400=PRODUCT_DEFINITION_SHAPE('','',#5555);
#5401=PRODUCT_DEFINITION_SHAPE('','',#5556);
#5402=PRODUCT_DEFINITION_SHAPE('','',#5557);
#5403=PRODUCT_DEFINITION_SHAPE('','',#5558);
#5404=PRODUCT_DEFINITION_SHAPE('','',#5559);
#5405=PRODUCT_DEFINITION_SHAPE('','',#5560);
#5406=PRODUCT_DEFINITION_SHAPE('','',#5561);
#5407=PRODUCT_DEFINITION_SHAPE('','',#5562);
#5408=PRODUCT_DEFINITION_SHAPE('','',#5563);
#5409=PRODUCT_DEFINITION_SHAPE('','',#5564);
#5410=PRODUCT_DEFINITION_SHAPE('','',#5565);
#5411=PRODUCT_DEFINITION_SHAPE('','',#5566);
#5412=PRODUCT_DEFINITION_SHAPE('','',#5567);
#5413=PRODUCT_DEFINITION_SHAPE('','',#5568);
#5414=PRODUCT_DEFINITION_SHAPE('','',#5569);
#5415=PRODUCT_DEFINITION_SHAPE('','',#5570);
#5416=PRODUCT_DEFINITION_SHAPE('','',#5571);
#5417=PRODUCT_DEFINITION_SHAPE('','',#5572);
#5418=PRODUCT_DEFINITION_SHAPE('','',#5573);
#5419=PRODUCT_DEFINITION_SHAPE('','',#5574);
#5420=PRODUCT_DEFINITION_SHAPE('','',#5575);
#5421=PRODUCT_DEFINITION_SHAPE('','',#5576);
#5422=PRODUCT_DEFINITION_SHAPE('','',#5577);
#5423=PRODUCT_DEFINITION_SHAPE('','',#5578);
#5424=PRODUCT_DEFINITION_SHAPE('','',#5579);
#5425=PRODUCT_DEFINITION_SHAPE('','',#5580);
#5426=PRODUCT_DEFINITION_SHAPE('','',#5581);
#5427=PRODUCT_DEFINITION_SHAPE('','',#5582);
#5428=PRODUCT_DEFINITION_SHAPE('','',#5583);
#5429=PRODUCT_DEFINITION_SHAPE('','',#5584);
#5430=PRODUCT_DEFINITION_SHAPE('','',#5585);
#5431=PRODUCT_DEFINITION_SHAPE('','',#5586);
#5432=PRODUCT_DEFINITION_SHAPE('','',#5587);
#5433=PRODUCT_DEFINITION_SHAPE('','',#5588);
#5434=PRODUCT_DEFINITION_SHAPE('','',#5589);
#5435=PRODUCT_DEFINITION_SHAPE('','',#5590);
#5436=PRODUCT_DEFINITION_SHAPE('','',#5591);
#5437=PRODUCT_DEFINITION_SHAPE('','',#5592);
#5438=PRODUCT_DEFINITION_SHAPE('','',#5593);
#5439=PRODUCT_DEFINITION_SHAPE('','',#5594);
#5440=PRODUCT_DEFINITION_SHAPE('','',#5595);
#5441=PRODUCT_DEFINITION_SHAPE('','',#5596);
#5442=PRODUCT_DEFINITION_SHAPE('','',#5597);
#5443=PRODUCT_DEFINITION_SHAPE('','',#5598);
#5444=PRODUCT_DEFINITION_SHAPE('','',#5599);
#5445=PRODUCT_DEFINITION_SHAPE('','',#5600);
#5446=PRODUCT_DEFINITION_SHAPE('','',#5601);
#5447=PRODUCT_DEFINITION_SHAPE('','',#5602);
#5448=PRODUCT_DEFINITION_SHAPE('','',#5603);
#5449=PRODUCT_DEFINITION_SHAPE('','',#5604);
#5450=PRODUCT_DEFINITION_SHAPE('','',#5605);
#5451=PRODUCT_DEFINITION_SHAPE('','',#5606);
#5452=PRODUCT_DEFINITION_SHAPE('','',#5607);
#5453=PRODUCT_DEFINITION_SHAPE('','',#5608);
#5454=PRODUCT_DEFINITION_SHAPE('','',#5609);
#5455=PRODUCT_DEFINITION_SHAPE('','',#5610);
#5456=PRODUCT_DEFINITION_SHAPE('','',#5611);
#5457=PRODUCT_DEFINITION_SHAPE('','',#5612);
#5458=PRODUCT_DEFINITION_SHAPE('','',#5613);
#5459=PRODUCT_DEFINITION_SHAPE('','',#5614);
#5460=PRODUCT_DEFINITION_SHAPE('','',#5615);
#5461=PRODUCT_DEFINITION_SHAPE('','',#5616);
#5462=PRODUCT_DEFINITION_SHAPE('','',#5617);
#5463=PRODUCT_DEFINITION_SHAPE('','',#5618);
#5464=PRODUCT_DEFINITION_SHAPE('','',#5619);
#5465=PRODUCT_DEFINITION_SHAPE('','',#5620);
#5466=PRODUCT_DEFINITION_SHAPE('','',#5621);
#5467=PRODUCT_DEFINITION_SHAPE('','',#5622);
#5468=PRODUCT_DEFINITION_SHAPE('','',#5623);
#5469=PRODUCT_DEFINITION_SHAPE('','',#5624);
#5470=PRODUCT_DEFINITION_SHAPE('','',#5625);
#5471=PRODUCT_DEFINITION_SHAPE('','',#5626);
#5472=PRODUCT_DEFINITION_SHAPE('','',#5627);
#5473=PRODUCT_DEFINITION_SHAPE('','',#5628);
#5474=PRODUCT_DEFINITION_SHAPE('','',#5629);
#5475=PRODUCT_DEFINITION_SHAPE('','',#5630);
#5476=PRODUCT_DEFINITION_SHAPE('','',#5631);
#5477=PRODUCT_DEFINITION_SHAPE('','',#5632);
#5478=PRODUCT_DEFINITION_SHAPE('','',#5633);
#5479=PRODUCT_DEFINITION_SHAPE('','',#5634);
#5480=PRODUCT_DEFINITION_SHAPE('','',#5635);
#5481=PRODUCT_DEFINITION_SHAPE('','',#5636);
#5482=PRODUCT_DEFINITION_SHAPE('','',#5637);
#5483=PRODUCT_DEFINITION_SHAPE('','',#5638);
#5484=PRODUCT_DEFINITION_SHAPE('','',#5639);
#5485=PRODUCT_DEFINITION_SHAPE('','',#5640);
#5486=PRODUCT_DEFINITION_SHAPE('','',#5641);
#5487=PRODUCT_DEFINITION_SHAPE('','',#5642);
#5488=PRODUCT_DEFINITION_SHAPE('','',#5643);
#5489=PRODUCT_DEFINITION_SHAPE('','',#5644);
#5490=PRODUCT_DEFINITION_SHAPE('','',#5645);
#5491=PRODUCT_DEFINITION_SHAPE('','',#5646);
#5492=PRODUCT_DEFINITION_SHAPE('','',#5647);
#5493=PRODUCT_DEFINITION_SHAPE('','',#5648);
#5494=PRODUCT_DEFINITION_SHAPE('','',#5649);
#5495=PRODUCT_DEFINITION_SHAPE('','',#5650);
#5496=PRODUCT_DEFINITION_SHAPE('','',#5651);
#5497=PRODUCT_DEFINITION('','',#5807,#5652);
#5498=PRODUCT_DEFINITION('','',#5808,#5653);
#5499=PRODUCT_DEFINITION('','',#5809,#5654);
#5500=PRODUCT_DEFINITION('','',#5810,#5655);
#5501=PRODUCT_DEFINITION('','',#5811,#5656);
#5502=PRODUCT_DEFINITION('','',#5812,#5657);
#5503=PRODUCT_DEFINITION('','',#5813,#5658);
#5504=PRODUCT_DEFINITION('','',#5814,#5659);
#5505=PRODUCT_DEFINITION('','',#5815,#5660);
#5506=PRODUCT_DEFINITION('','',#5816,#5661);
#5507=PRODUCT_DEFINITION('','',#5817,#5662);
#5508=PRODUCT_DEFINITION('','',#5818,#5663);
#5509=PRODUCT_DEFINITION('','',#5819,#5664);
#5510=PRODUCT_DEFINITION('','',#5820,#5665);
#5511=PRODUCT_DEFINITION('','',#5821,#5666);
#5512=PRODUCT_DEFINITION('','',#5822,#5667);
#5513=PRODUCT_DEFINITION('','',#5823,#5668);
#5514=PRODUCT_DEFINITION('','',#5824,#5669);
#5515=PRODUCT_DEFINITION('','',#5825,#5670);
#5516=PRODUCT_DEFINITION('','',#5826,#5671);
#5517=PRODUCT_DEFINITION('','',#5827,#5672);
#5518=PRODUCT_DEFINITION('','',#5828,#5673);
#5519=PRODUCT_DEFINITION('','',#5829,#5674);
#5520=PRODUCT_DEFINITION('','',#5830,#5675);
#5521=PRODUCT_DEFINITION('','',#5831,#5676);
#5522=PRODUCT_DEFINITION('','',#5832,#5677);
#5523=PRODUCT_DEFINITION('','',#5833,#5678);
#5524=PRODUCT_DEFINITION('','',#5834,#5679);
#5525=PRODUCT_DEFINITION('','',#5835,#5680);
#5526=PRODUCT_DEFINITION('','',#5836,#5681);
#5527=PRODUCT_DEFINITION('','',#5837,#5682);
#5528=PRODUCT_DEFINITION('','',#5838,#5683);
#5529=PRODUCT_DEFINITION('','',#5839,#5684);
#5530=PRODUCT_DEFINITION('','',#5840,#5685);
#5531=PRODUCT_DEFINITION('','',#5841,#5686);
#5532=PRODUCT_DEFINITION('','',#5842,#5687);
#5533=PRODUCT_DEFINITION('','',#5843,#5688);
#5534=PRODUCT_DEFINITION('','',#5844,#5689);
#5535=PRODUCT_DEFINITION('','',#5845,#5690);
#5536=PRODUCT_DEFINITION('','',#5846,#5691);
#5537=PRODUCT_DEFINITION('','',#5847,#5692);
#5538=PRODUCT_DEFINITION('','',#5848,#5693);
#5539=PRODUCT_DEFINITION('','',#5849,#5694);
#5540=PRODUCT_DEFINITION('','',#5850,#5695);
#5541=PRODUCT_DEFINITION('','',#5851,#5696);
#5542=PRODUCT_DEFINITION('','',#5852,#5697);
#5543=PRODUCT_DEFINITION('','',#5853,#5698);
#5544=PRODUCT_DEFINITION('','',#5854,#5699);
#5545=PRODUCT_DEFINITION('','',#5855,#5700);
#5546=PRODUCT_DEFINITION('','',#5856,#5701);
#5547=PRODUCT_DEFINITION('','',#5857,#5702);
#5548=PRODUCT_DEFINITION('','',#5858,#5703);
#5549=PRODUCT_DEFINITION('','',#5859,#5704);
#5550=PRODUCT_DEFINITION('','',#5860,#5705);
#5551=PRODUCT_DEFINITION('','',#5861,#5706);
#5552=PRODUCT_DEFINITION('','',#5862,#5707);
#5553=PRODUCT_DEFINITION('','',#5863,#5708);
#5554=PRODUCT_DEFINITION('','',#5864,#5709);
#5555=PRODUCT_DEFINITION('','',#5865,#5710);
#5556=PRODUCT_DEFINITION('','',#5866,#5711);
#5557=PRODUCT_DEFINITION('','',#5867,#5712);
#5558=PRODUCT_DEFINITION('','',#5868,#5713);
#5559=PRODUCT_DEFINITION('','',#5869,#5714);
#5560=PRODUCT_DEFINITION('','',#5870,#5715);
#5561=PRODUCT_DEFINITION('','',#5871,#5716);
#5562=PRODUCT_DEFINITION('','',#5872,#5717);
#5563=PRODUCT_DEFINITION('','',#5873,#5718);
#5564=PRODUCT_DEFINITION('','',#5874,#5719);
#5565=PRODUCT_DEFINITION('','',#5875,#5720);
#5566=PRODUCT_DEFINITION('','',#5876,#5721);
#5567=PRODUCT_DEFINITION('','',#5877,#5722);
#5568=PRODUCT_DEFINITION('','',#5878,#5723);
#5569=PRODUCT_DEFINITION('','',#5879,#5724);
#5570=PRODUCT_DEFINITION('','',#5880,#5725);
#5571=PRODUCT_DEFINITION('','',#5881,#5726);
#5572=PRODUCT_DEFINITION('','',#5882,#5727);
#5573=PRODUCT_DEFINITION('','',#5883,#5728);
#5574=PRODUCT_DEFINITION('','',#5884,#5729);
#5575=PRODUCT_DEFINITION('','',#5885,#5730);
#5576=PRODUCT_DEFINITION('','',#5886,#5731);
#5577=PRODUCT_DEFINITION('','',#5887,#5732);
#5578=PRODUCT_DEFINITION('','',#5888,#5733);
#5579=PRODUCT_DEFINITION('','',#5889,#5734);
#5580=PRODUCT_DEFINITION('','',#5890,#5735);
#5581=PRODUCT_DEFINITION('','',#5891,#5736);
#5582=PRODUCT_DEFINITION('','',#5892,#5737);
#5583=PRODUCT_DEFINITION('','',#5893,#5738);
#5584=PRODUCT_DEFINITION('','',#5894,#5739);
#5585=PRODUCT_DEFINITION('','',#5895,#5740);
#5586=PRODUCT_DEFINITION('','',#5896,#5741);
#5587=PRODUCT_DEFINITION('','',#5897,#5742);
#5588=PRODUCT_DEFINITION('','',#5898,#5743);
#5589=PRODUCT_DEFINITION('','',#5899,#5744);
#5590=PRODUCT_DEFINITION('','',#5900,#5745);
#5591=PRODUCT_DEFINITION('','',#5901,#5746);
#5592=PRODUCT_DEFINITION('','',#5902,#5747);
#5593=PRODUCT_DEFINITION('','',#5903,#5748);
#5594=PRODUCT_DEFINITION('','',#5904,#5749);
#5595=PRODUCT_DEFINITION('','',#5905,#5750);
#5596=PRODUCT_DEFINITION('','',#5906,#5751);
#5597=PRODUCT_DEFINITION('','',#5907,#5752);
#5598=PRODUCT_DEFINITION('','',#5908,#5753);
#5599=PRODUCT_DEFINITION('','',#5909,#5754);
#5600=PRODUCT_DEFINITION('','',#5910,#5755);
#5601=PRODUCT_DEFINITION('','',#5911,#5756);
#5602=PRODUCT_DEFINITION('','',#5912,#5757);
#5603=PRODUCT_DEFINITION('','',#5913,#5758);
#5604=PRODUCT_DEFINITION('','',#5914,#5759);
#5605=PRODUCT_DEFINITION('','',#5915,#5760);
#5606=PRODUCT_DEFINITION('','',#5916,#5761);
#5607=PRODUCT_DEFINITION('','',#5917,#5762);
#5608=PRODUCT_DEFINITION('','',#5918,#5763);
#5609=PRODUCT_DEFINITION('','',#5919,#5764);
#5610=PRODUCT_DEFINITION('','',#5920,#5765);
#5611=PRODUCT_DEFINITION('','',#5921,#5766);
#5612=PRODUCT_DEFINITION('','',#5922,#5767);
#5613=PRODUCT_DEFINITION('','',#5923,#5768);
#5614=PRODUCT_DEFINITION('','',#5924,#5769);
#5615=PRODUCT_DEFINITION('','',#5925,#5770);
#5616=PRODUCT_DEFINITION('','',#5926,#5771);
#5617=PRODUCT_DEFINITION('','',#5927,#5772);
#5618=PRODUCT_DEFINITION('','',#5928,#5773);
#5619=PRODUCT_DEFINITION('','',#5929,#5774);
#5620=PRODUCT_DEFINITION('','',#5930,#5775);
#5621=PRODUCT_DEFINITION('','',#5931,#5776);
#5622=PRODUCT_DEFINITION('','',#5932,#5777);
#5623=PRODUCT_DEFINITION('','',#5933,#5778);
#5624=PRODUCT_DEFINITION('','',#5934,#5779);
#5625=PRODUCT_DEFINITION('','',#5935,#5780);
#5626=PRODUCT_DEFINITION('','',#5936,#5781);
#5627=PRODUCT_DEFINITION('','',#5937,#5782);
#5628=PRODUCT_DEFINITION('','',#5938,#5783);
#5629=PRODUCT_DEFINITION('','',#5939,#5784);
#5630=PRODUCT_DEFINITION('','',#5940,#5785);
#5631=PRODUCT_DEFINITION('','',#5941,#5786);
#5632=PRODUCT_DEFINITION('','',#5942,#5787);
#5633=PRODUCT_DEFINITION('','',#5943,#5788);
#5634=PRODUCT_DEFINITION('','',#5944,#5789);
#5635=PRODUCT_DEFINITION('','',#5945,#5790);
#5636=PRODUCT_DEFINITION('','',#5946,#5791);
#5637=PRODUCT_DEFINITION('','',#5947,#5792);
#5638=PRODUCT_DEFINITION('','',#5948,#5793);
#5639=PRODUCT_DEFINITION('','',#5949,#5794);
#5640=PRODUCT_DEFINITION('','',#5950,#5795);
#5641=PRODUCT_DEFINITION('','',#5951,#5796);
#5642=PRODUCT_DEFINITION('','',#5952,#5797);
#5643=PRODUCT_DEFINITION('','',#5953,#5798);
#5644=PRODUCT_DEFINITION('','',#5954,#5799);
#5645=PRODUCT_DEFINITION('','',#5955,#5800);
#5646=PRODUCT_DEFINITION('','',#5956,#5801);
#5647=PRODUCT_DEFINITION('','',#5957,#5802);
#5648=PRODUCT_DEFINITION('','',#5958,#5803);
#5649=PRODUCT_DEFINITION('','',#5959,#5804);
#5650=PRODUCT_DEFINITION('','',#5960,#5805);
#5651=PRODUCT_DEFINITION('','',#5961,#5806);
#5652=PRODUCT_DEFINITION_CONTEXT('',#6737,'design');
#5653=PRODUCT_DEFINITION_CONTEXT('',#6738,'design');
#5654=PRODUCT_DEFINITION_CONTEXT('',#6739,'design');
#5655=PRODUCT_DEFINITION_CONTEXT('',#6740,'design');
#5656=PRODUCT_DEFINITION_CONTEXT('',#6741,'design');
#5657=PRODUCT_DEFINITION_CONTEXT('',#6742,'design');
#5658=PRODUCT_DEFINITION_CONTEXT('',#6743,'design');
#5659=PRODUCT_DEFINITION_CONTEXT('',#6744,'design');
#5660=PRODUCT_DEFINITION_CONTEXT('',#6745,'design');
#5661=PRODUCT_DEFINITION_CONTEXT('',#6746,'design');
#5662=PRODUCT_DEFINITION_CONTEXT('',#6747,'design');
#5663=PRODUCT_DEFINITION_CONTEXT('',#6748,'design');
#5664=PRODUCT_DEFINITION_CONTEXT('',#6749,'design');
#5665=PRODUCT_DEFINITION_CONTEXT('',#6750,'design');
#5666=PRODUCT_DEFINITION_CONTEXT('',#6751,'design');
#5667=PRODUCT_DEFINITION_CONTEXT('',#6752,'design');
#5668=PRODUCT_DEFINITION_CONTEXT('',#6753,'design');
#5669=PRODUCT_DEFINITION_CONTEXT('',#6754,'design');
#5670=PRODUCT_DEFINITION_CONTEXT('',#6755,'design');
#5671=PRODUCT_DEFINITION_CONTEXT('',#6756,'design');
#5672=PRODUCT_DEFINITION_CONTEXT('',#6757,'design');
#5673=PRODUCT_DEFINITION_CONTEXT('',#6758,'design');
#5674=PRODUCT_DEFINITION_CONTEXT('',#6759,'design');
#5675=PRODUCT_DEFINITION_CONTEXT('',#6760,'design');
#5676=PRODUCT_DEFINITION_CONTEXT('',#6761,'design');
#5677=PRODUCT_DEFINITION_CONTEXT('',#6762,'design');
#5678=PRODUCT_DEFINITION_CONTEXT('',#6763,'design');
#5679=PRODUCT_DEFINITION_CONTEXT('',#6764,'design');
#5680=PRODUCT_DEFINITION_CONTEXT('',#6765,'design');
#5681=PRODUCT_DEFINITION_CONTEXT('',#6766,'design');
#5682=PRODUCT_DEFINITION_CONTEXT('',#6767,'design');
#5683=PRODUCT_DEFINITION_CONTEXT('',#6768,'design');
#5684=PRODUCT_DEFINITION_CONTEXT('',#6769,'design');
#5685=PRODUCT_DEFINITION_CONTEXT('',#6770,'design');
#5686=PRODUCT_DEFINITION_CONTEXT('',#6771,'design');
#5687=PRODUCT_DEFINITION_CONTEXT('',#6772,'design');
#5688=PRODUCT_DEFINITION_CONTEXT('',#6773,'design');
#5689=PRODUCT_DEFINITION_CONTEXT('',#6774,'design');
#5690=PRODUCT_DEFINITION_CONTEXT('',#6775,'design');
#5691=PRODUCT_DEFINITION_CONTEXT('',#6776,'design');
#5692=PRODUCT_DEFINITION_CONTEXT('',#6777,'design');
#5693=PRODUCT_DEFINITION_CONTEXT('',#6778,'design');
#5694=PRODUCT_DEFINITION_CONTEXT('',#6779,'design');
#5695=PRODUCT_DEFINITION_CONTEXT('',#6780,'design');
#5696=PRODUCT_DEFINITION_CONTEXT('',#6781,'design');
#5697=PRODUCT_DEFINITION_CONTEXT('',#6782,'design');
#5698=PRODUCT_DEFINITION_CONTEXT('',#6783,'design');
#5699=PRODUCT_DEFINITION_CONTEXT('',#6784,'design');
#5700=PRODUCT_DEFINITION_CONTEXT('',#6785,'design');
#5701=PRODUCT_DEFINITION_CONTEXT('',#6786,'design');
#5702=PRODUCT_DEFINITION_CONTEXT('',#6787,'design');
#5703=PRODUCT_DEFINITION_CONTEXT('',#6788,'design');
#5704=PRODUCT_DEFINITION_CONTEXT('',#6789,'design');
#5705=PRODUCT_DEFINITION_CONTEXT('',#6790,'design');
#5706=PRODUCT_DEFINITION_CONTEXT('',#6791,'design');
#5707=PRODUCT_DEFINITION_CONTEXT('',#6792,'design');
#5708=PRODUCT_DEFINITION_CONTEXT('',#6793,'design');
#5709=PRODUCT_DEFINITION_CONTEXT('',#6794,'design');
#5710=PRODUCT_DEFINITION_CONTEXT('',#6795,'design');
#5711=PRODUCT_DEFINITION_CONTEXT('',#6796,'design');
#5712=PRODUCT_DEFINITION_CONTEXT('',#6797,'design');
#5713=PRODUCT_DEFINITION_CONTEXT('',#6798,'design');
#5714=PRODUCT_DEFINITION_CONTEXT('',#6799,'design');
#5715=PRODUCT_DEFINITION_CONTEXT('',#6800,'design');
#5716=PRODUCT_DEFINITION_CONTEXT('',#6801,'design');
#5717=PRODUCT_DEFINITION_CONTEXT('',#6802,'design');
#5718=PRODUCT_DEFINITION_CONTEXT('',#6803,'design');
#5719=PRODUCT_DEFINITION_CONTEXT('',#6804,'design');
#5720=PRODUCT_DEFINITION_CONTEXT('',#6805,'design');
#5721=PRODUCT_DEFINITION_CONTEXT('',#6806,'design');
#5722=PRODUCT_DEFINITION_CONTEXT('',#6807,'design');
#5723=PRODUCT_DEFINITION_CONTEXT('',#6808,'design');
#5724=PRODUCT_DEFINITION_CONTEXT('',#6809,'design');
#5725=PRODUCT_DEFINITION_CONTEXT('',#6810,'design');
#5726=PRODUCT_DEFINITION_CONTEXT('',#6811,'design');
#5727=PRODUCT_DEFINITION_CONTEXT('',#6812,'design');
#5728=PRODUCT_DEFINITION_CONTEXT('',#6813,'design');
#5729=PRODUCT_DEFINITION_CONTEXT('',#6814,'design');
#5730=PRODUCT_DEFINITION_CONTEXT('',#6815,'design');
#5731=PRODUCT_DEFINITION_CONTEXT('',#6816,'design');
#5732=PRODUCT_DEFINITION_CONTEXT('',#6817,'design');
#5733=PRODUCT_DEFINITION_CONTEXT('',#6818,'design');
#5734=PRODUCT_DEFINITION_CONTEXT('',#6819,'design');
#5735=PRODUCT_DEFINITION_CONTEXT('',#6820,'design');
#5736=PRODUCT_DEFINITION_CONTEXT('',#6821,'design');
#5737=PRODUCT_DEFINITION_CONTEXT('',#6822,'design');
#5738=PRODUCT_DEFINITION_CONTEXT('',#6823,'design');
#5739=PRODUCT_DEFINITION_CONTEXT('',#6824,'design');
#5740=PRODUCT_DEFINITION_CONTEXT('',#6825,'design');
#5741=PRODUCT_DEFINITION_CONTEXT('',#6826,'design');
#5742=PRODUCT_DEFINITION_CONTEXT('',#6827,'design');
#5743=PRODUCT_DEFINITION_CONTEXT('',#6828,'design');
#5744=PRODUCT_DEFINITION_CONTEXT('',#6829,'design');
#5745=PRODUCT_DEFINITION_CONTEXT('',#6830,'design');
#5746=PRODUCT_DEFINITION_CONTEXT('',#6831,'design');
#5747=PRODUCT_DEFINITION_CONTEXT('',#6832,'design');
#5748=PRODUCT_DEFINITION_CONTEXT('',#6833,'design');
#5749=PRODUCT_DEFINITION_CONTEXT('',#6834,'design');
#5750=PRODUCT_DEFINITION_CONTEXT('',#6835,'design');
#5751=PRODUCT_DEFINITION_CONTEXT('',#6836,'design');
#5752=PRODUCT_DEFINITION_CONTEXT('',#6837,'design');
#5753=PRODUCT_DEFINITION_CONTEXT('',#6838,'design');
#5754=PRODUCT_DEFINITION_CONTEXT('',#6839,'design');
#5755=PRODUCT_DEFINITION_CONTEXT('',#6840,'design');
#5756=PRODUCT_DEFINITION_CONTEXT('',#6841,'design');
#5757=PRODUCT_DEFINITION_CONTEXT('',#6842,'design');
#5758=PRODUCT_DEFINITION_CONTEXT('',#6843,'design');
#5759=PRODUCT_DEFINITION_CONTEXT('',#6844,'design');
#5760=PRODUCT_DEFINITION_CONTEXT('',#6845,'design');
#5761=PRODUCT_DEFINITION_CONTEXT('',#6846,'design');
#5762=PRODUCT_DEFINITION_CONTEXT('',#6847,'design');
#5763=PRODUCT_DEFINITION_CONTEXT('',#6848,'design');
#5764=PRODUCT_DEFINITION_CONTEXT('',#6849,'design');
#5765=PRODUCT_DEFINITION_CONTEXT('',#6850,'design');
#5766=PRODUCT_DEFINITION_CONTEXT('',#6851,'design');
#5767=PRODUCT_DEFINITION_CONTEXT('',#6852,'design');
#5768=PRODUCT_DEFINITION_CONTEXT('',#6853,'design');
#5769=PRODUCT_DEFINITION_CONTEXT('',#6854,'design');
#5770=PRODUCT_DEFINITION_CONTEXT('',#6855,'design');
#5771=PRODUCT_DEFINITION_CONTEXT('',#6856,'design');
#5772=PRODUCT_DEFINITION_CONTEXT('',#6857,'design');
#5773=PRODUCT_DEFINITION_CONTEXT('',#6858,'design');
#5774=PRODUCT_DEFINITION_CONTEXT('',#6859,'design');
#5775=PRODUCT_DEFINITION_CONTEXT('',#6860,'design');
#5776=PRODUCT_DEFINITION_CONTEXT('',#6861,'design');
#5777=PRODUCT_DEFINITION_CONTEXT('',#6862,'design');
#5778=PRODUCT_DEFINITION_CONTEXT('',#6863,'design');
#5779=PRODUCT_DEFINITION_CONTEXT('',#6864,'design');
#5780=PRODUCT_DEFINITION_CONTEXT('',#6865,'design');
#5781=PRODUCT_DEFINITION_CONTEXT('',#6866,'design');
#5782=PRODUCT_DEFINITION_CONTEXT('',#6867,'design');
#5783=PRODUCT_DEFINITION_CONTEXT('',#6868,'design');
#5784=PRODUCT_DEFINITION_CONTEXT('',#6869,'design');
#5785=PRODUCT_DEFINITION_CONTEXT('',#6870,'design');
#5786=PRODUCT_DEFINITION_CONTEXT('',#6871,'design');
#5787=PRODUCT_DEFINITION_CONTEXT('',#6872,'design');
#5788=PRODUCT_DEFINITION_CONTEXT('',#6873,'design');
#5789=PRODUCT_DEFINITION_CONTEXT('',#6874,'design');
#5790=PRODUCT_DEFINITION_CONTEXT('',#6875,'design');
#5791=PRODUCT_DEFINITION_CONTEXT('',#6876,'design');
#5792=PRODUCT_DEFINITION_CONTEXT('',#6877,'design');
#5793=PRODUCT_DEFINITION_CONTEXT('',#6878,'design');
#5794=PRODUCT_DEFINITION_CONTEXT('',#6879,'design');
#5795=PRODUCT_DEFINITION_CONTEXT('',#6880,'design');
#5796=PRODUCT_DEFINITION_CONTEXT('',#6881,'design');
#5797=PRODUCT_DEFINITION_CONTEXT('',#6882,'design');
#5798=PRODUCT_DEFINITION_CONTEXT('',#6883,'design');
#5799=PRODUCT_DEFINITION_CONTEXT('',#6884,'design');
#5800=PRODUCT_DEFINITION_CONTEXT('',#6885,'design');
#5801=PRODUCT_DEFINITION_CONTEXT('',#6886,'design');
#5802=PRODUCT_DEFINITION_CONTEXT('',#6887,'design');
#5803=PRODUCT_DEFINITION_CONTEXT('',#6888,'design');
#5804=PRODUCT_DEFINITION_CONTEXT('',#6889,'design');
#5805=PRODUCT_DEFINITION_CONTEXT('',#6890,'design');
#5806=PRODUCT_DEFINITION_CONTEXT('',#6891,'design');
#5807=PRODUCT_DEFINITION_FORMATION_WITH_SPECIFIED_SOURCE('','',#6117,.NOT_KNOWN.);
#5808=PRODUCT_DEFINITION_FORMATION_WITH_SPECIFIED_SOURCE('','',#6118,.NOT_KNOWN.);
#5809=PRODUCT_DEFINITION_FORMATION_WITH_SPECIFIED_SOURCE('','',#6119,.NOT_KNOWN.);
#5810=PRODUCT_DEFINITION_FORMATION_WITH_SPECIFIED_SOURCE('','',#6120,.NOT_KNOWN.);
#5811=PRODUCT_DEFINITION_FORMATION_WITH_SPECIFIED_SOURCE('','',#6121,.NOT_KNOWN.);
#5812=PRODUCT_DEFINITION_FORMATION_WITH_SPECIFIED_SOURCE('','',#6122,.NOT_KNOWN.);
#5813=PRODUCT_DEFINITION_FORMATION_WITH_SPECIFIED_SOURCE('','',#6123,.NOT_KNOWN.);
#5814=PRODUCT_DEFINITION_FORMATION_WITH_SPECIFIED_SOURCE('','',#6124,.NOT_KNOWN.);
#5815=PRODUCT_DEFINITION_FORMATION_WITH_SPECIFIED_SOURCE('','',#6125,.NOT_KNOWN.);
#5816=PRODUCT_DEFINITION_FORMATION_WITH_SPECIFIED_SOURCE('','',#6126,.NOT_KNOWN.);
#5817=PRODUCT_DEFINITION_FORMATION_WITH_SPECIFIED_SOURCE('','',#6127,.NOT_KNOWN.);
#5818=PRODUCT_DEFINITION_FORMATION_WITH_SPECIFIED_SOURCE('','',#6128,.NOT_KNOWN.);
#5819=PRODUCT_DEFINITION_FORMATION_WITH_SPECIFIED_SOURCE('','',#6129,.NOT_KNOWN.);
#5820=PRODUCT_DEFINITION_FORMATION_WITH_SPECIFIED_SOURCE('','',#6130,.NOT_KNOWN.);
#5821=PRODUCT_DEFINITION_FORMATION_WITH_SPECIFIED_SOURCE('','',#6131,.NOT_KNOWN.);
#5822=PRODUCT_DEFINITION_FORMATION_WITH_SPECIFIED_SOURCE('','',#6132,.NOT_KNOWN.);
#5823=PRODUCT_DEFINITION_FORMATION_WITH_SPECIFIED_SOURCE('','',#6133,.NOT_KNOWN.);
#5824=PRODUCT_DEFINITION_FORMATION_WITH_SPECIFIED_SOURCE('','',#6134,.NOT_KNOWN.);
#5825=PRODUCT_DEFINITION_FORMATION_WITH_SPECIFIED_SOURCE('','',#6135,.NOT_KNOWN.);
#5826=PRODUCT_DEFINITION_FORMATION_WITH_SPECIFIED_SOURCE('','',#6136,.NOT_KNOWN.);
#5827=PRODUCT_DEFINITION_FORMATION_WITH_SPECIFIED_SOURCE('','',#6137,.NOT_KNOWN.);
#5828=PRODUCT_DEFINITION_FORMATION_WITH_SPECIFIED_SOURCE('','',#6138,.NOT_KNOWN.);
#5829=PRODUCT_DEFINITION_FORMATION_WITH_SPECIFIED_SOURCE('','',#6139,.NOT_KNOWN.);
#5830=PRODUCT_DEFINITION_FORMATION_WITH_SPECIFIED_SOURCE('','',#6140,.NOT_KNOWN.);
#5831=PRODUCT_DEFINITION_FORMATION_WITH_SPECIFIED_SOURCE('','',#6141,.NOT_KNOWN.);
#5832=PRODUCT_DEFINITION_FORMATION_WITH_SPECIFIED_SOURCE('','',#6142,.NOT_KNOWN.);
#5833=PRODUCT_DEFINITION_FORMATION_WITH_SPECIFIED_SOURCE('','',#6143,.NOT_KNOWN.);
#5834=PRODUCT_DEFINITION_FORMATION_WITH_SPECIFIED_SOURCE('','',#6144,.NOT_KNOWN.);
#5835=PRODUCT_DEFINITION_FORMATION_WITH_SPECIFIED_SOURCE('','',#6145,.NOT_KNOWN.);
#5836=PRODUCT_DEFINITION_FORMATION_WITH_SPECIFIED_SOURCE('','',#6146,.NOT_KNOWN.);
#5837=PRODUCT_DEFINITION_FORMATION_WITH_SPECIFIED_SOURCE('','',#6147,.NOT_KNOWN.);
#5838=PRODUCT_DEFINITION_FORMATION_WITH_SPECIFIED_SOURCE('','',#6148,.NOT_KNOWN.);
#5839=PRODUCT_DEFINITION_FORMATION_WITH_SPECIFIED_SOURCE('','',#6149,.NOT_KNOWN.);
#5840=PRODUCT_DEFINITION_FORMATION_WITH_SPECIFIED_SOURCE('','',#6150,.NOT_KNOWN.);
#5841=PRODUCT_DEFINITION_FORMATION_WITH_SPECIFIED_SOURCE('','',#6151,.NOT_KNOWN.);
#5842=PRODUCT_DEFINITION_FORMATION_WITH_SPECIFIED_SOURCE('','',#6152,.NOT_KNOWN.);
#5843=PRODUCT_DEFINITION_FORMATION_WITH_SPECIFIED_SOURCE('','',#6153,.NOT_KNOWN.);
#5844=PRODUCT_DEFINITION_FORMATION_WITH_SPECIFIED_SOURCE('','',#6154,.NOT_KNOWN.);
#5845=PRODUCT_DEFINITION_FORMATION_WITH_SPECIFIED_SOURCE('','',#6155,.NOT_KNOWN.);
#5846=PRODUCT_DEFINITION_FORMATION_WITH_SPECIFIED_SOURCE('','',#6156,.NOT_KNOWN.);
#5847=PRODUCT_DEFINITION_FORMATION_WITH_SPECIFIED_SOURCE('','',#6157,.NOT_KNOWN.);
#5848=PRODUCT_DEFINITION_FORMATION_WITH_SPECIFIED_SOURCE('','',#6158,.NOT_KNOWN.);
#5849=PRODUCT_DEFINITION_FORMATION_WITH_SPECIFIED_SOURCE('','',#6159,.NOT_KNOWN.);
#5850=PRODUCT_DEFINITION_FORMATION_WITH_SPECIFIED_SOURCE('','',#6160,.NOT_KNOWN.);
#5851=PRODUCT_DEFINITION_FORMATION_WITH_SPECIFIED_SOURCE('','',#6161,.NOT_KNOWN.);
#5852=PRODUCT_DEFINITION_FORMATION_WITH_SPECIFIED_SOURCE('','',#6162,.NOT_KNOWN.);
#5853=PRODUCT_DEFINITION_FORMATION_WITH_SPECIFIED_SOURCE('','',#6163,.NOT_KNOWN.);
#5854=PRODUCT_DEFINITION_FORMATION_WITH_SPECIFIED_SOURCE('','',#6164,.NOT_KNOWN.);
#5855=PRODUCT_DEFINITION_FORMATION_WITH_SPECIFIED_SOURCE('','',#6165,.NOT_KNOWN.);
#5856=PRODUCT_DEFINITION_FORMATION_WITH_SPECIFIED_SOURCE('','',#6166,.NOT_KNOWN.);
#5857=PRODUCT_DEFINITION_FORMATION_WITH_SPECIFIED_SOURCE('','',#6167,.NOT_KNOWN.);
#5858=PRODUCT_DEFINITION_FORMATION_WITH_SPECIFIED_SOURCE('','',#6168,.NOT_KNOWN.);
#5859=PRODUCT_DEFINITION_FORMATION_WITH_SPECIFIED_SOURCE('','',#6169,.NOT_KNOWN.);
#5860=PRODUCT_DEFINITION_FORMATION_WITH_SPECIFIED_SOURCE('','',#6170,.NOT_KNOWN.);
#5861=PRODUCT_DEFINITION_FORMATION_WITH_SPECIFIED_SOURCE('','',#6171,.NOT_KNOWN.);
#5862=PRODUCT_DEFINITION_FORMATION_WITH_SPECIFIED_SOURCE('','',#6172,.NOT_KNOWN.);
#5863=PRODUCT_DEFINITION_FORMATION_WITH_SPECIFIED_SOURCE('','',#6173,.NOT_KNOWN.);
#5864=PRODUCT_DEFINITION_FORMATION_WITH_SPECIFIED_SOURCE('','',#6174,.NOT_KNOWN.);
#5865=PRODUCT_DEFINITION_FORMATION_WITH_SPECIFIED_SOURCE('','',#6175,.NOT_KNOWN.);
#5866=PRODUCT_DEFINITION_FORMATION_WITH_SPECIFIED_SOURCE('','',#6176,.NOT_KNOWN.);
#5867=PRODUCT_DEFINITION_FORMATION_WITH_SPECIFIED_SOURCE('','',#6177,.NOT_KNOWN.);
#5868=PRODUCT_DEFINITION_FORMATION_WITH_SPECIFIED_SOURCE('','',#6178,.NOT_KNOWN.);
#5869=PRODUCT_DEFINITION_FORMATION_WITH_SPECIFIED_SOURCE('','',#6179,.NOT_KNOWN.);
#5870=PRODUCT_DEFINITION_FORMATION_WITH_SPECIFIED_SOURCE('','',#6180,.NOT_KNOWN.);
#5871=PRODUCT_DEFINITION_FORMATION_WITH_SPECIFIED_SOURCE('','',#6181,.NOT_KNOWN.);
#5872=PRODUCT_DEFINITION_FORMATION_WITH_SPECIFIED_SOURCE('','',#6182,.NOT_KNOWN.);
#5873=PRODUCT_DEFINITION_FORMATION_WITH_SPECIFIED_SOURCE('','',#6183,.NOT_KNOWN.);
#5874=PRODUCT_DEFINITION_FORMATION_WITH_SPECIFIED_SOURCE('','',#6184,.NOT_KNOWN.);
#5875=PRODUCT_DEFINITION_FORMATION_WITH_SPECIFIED_SOURCE('','',#6185,.NOT_KNOWN.);
#5876=PRODUCT_DEFINITION_FORMATION_WITH_SPECIFIED_SOURCE('','',#6186,.NOT_KNOWN.);
#5877=PRODUCT_DEFINITION_FORMATION_WITH_SPECIFIED_SOURCE('','',#6187,.NOT_KNOWN.);
#5878=PRODUCT_DEFINITION_FORMATION_WITH_SPECIFIED_SOURCE('','',#6188,.NOT_KNOWN.);
#5879=PRODUCT_DEFINITION_FORMATION_WITH_SPECIFIED_SOURCE('','',#6189,.NOT_KNOWN.);
#5880=PRODUCT_DEFINITION_FORMATION_WITH_SPECIFIED_SOURCE('','',#6190,.NOT_KNOWN.);
#5881=PRODUCT_DEFINITION_FORMATION_WITH_SPECIFIED_SOURCE('','',#6191,.NOT_KNOWN.);
#5882=PRODUCT_DEFINITION_FORMATION_WITH_SPECIFIED_SOURCE('','',#6192,.NOT_KNOWN.);
#5883=PRODUCT_DEFINITION_FORMATION_WITH_SPECIFIED_SOURCE('','',#6193,.NOT_KNOWN.);
#5884=PRODUCT_DEFINITION_FORMATION_WITH_SPECIFIED_SOURCE('','',#6194,.NOT_KNOWN.);
#5885=PRODUCT_DEFINITION_FORMATION_WITH_SPECIFIED_SOURCE('','',#6195,.NOT_KNOWN.);
#5886=PRODUCT_DEFINITION_FORMATION_WITH_SPECIFIED_SOURCE('','',#6196,.NOT_KNOWN.);
#5887=PRODUCT_DEFINITION_FORMATION_WITH_SPECIFIED_SOURCE('','',#6197,.NOT_KNOWN.);
#5888=PRODUCT_DEFINITION_FORMATION_WITH_SPECIFIED_SOURCE('','',#6198,.NOT_KNOWN.);
#5889=PRODUCT_DEFINITION_FORMATION_WITH_SPECIFIED_SOURCE('','',#6199,.NOT_KNOWN.);
#5890=PRODUCT_DEFINITION_FORMATION_WITH_SPECIFIED_SOURCE('','',#6200,.NOT_KNOWN.);
#5891=PRODUCT_DEFINITION_FORMATION_WITH_SPECIFIED_SOURCE('','',#6201,.NOT_KNOWN.);
#5892=PRODUCT_DEFINITION_FORMATION_WITH_SPECIFIED_SOURCE('','',#6202,.NOT_KNOWN.);
#5893=PRODUCT_DEFINITION_FORMATION_WITH_SPECIFIED_SOURCE('','',#6203,.NOT_KNOWN.);
#5894=PRODUCT_DEFINITION_FORMATION_WITH_SPECIFIED_SOURCE('','',#6204,.NOT_KNOWN.);
#5895=PRODUCT_DEFINITION_FORMATION_WITH_SPECIFIED_SOURCE('','',#6205,.NOT_KNOWN.);
#5896=PRODUCT_DEFINITION_FORMATION_WITH_SPECIFIED_SOURCE('','',#6206,.NOT_KNOWN.);
#5897=PRODUCT_DEFINITION_FORMATION_WITH_SPECIFIED_SOURCE('','',#6207,.NOT_KNOWN.);
#5898=PRODUCT_DEFINITION_FORMATION_WITH_SPECIFIED_SOURCE('','',#6208,.NOT_KNOWN.);
#5899=PRODUCT_DEFINITION_FORMATION_WITH_SPECIFIED_SOURCE('','',#6209,.NOT_KNOWN.);
#5900=PRODUCT_DEFINITION_FORMATION_WITH_SPECIFIED_SOURCE('','',#6210,.NOT_KNOWN.);
#5901=PRODUCT_DEFINITION_FORMATION_WITH_SPECIFIED_SOURCE('','',#6211,.NOT_KNOWN.);
#5902=PRODUCT_DEFINITION_FORMATION_WITH_SPECIFIED_SOURCE('','',#6212,.NOT_KNOWN.);
#5903=PRODUCT_DEFINITION_FORMATION_WITH_SPECIFIED_SOURCE('','',#6213,.NOT_KNOWN.);
#5904=PRODUCT_DEFINITION_FORMATION_WITH_SPECIFIED_SOURCE('','',#6214,.NOT_KNOWN.);
#5905=PRODUCT_DEFINITION_FORMATION_WITH_SPECIFIED_SOURCE('','',#6215,.NOT_KNOWN.);
#5906=PRODUCT_DEFINITION_FORMATION_WITH_SPECIFIED_SOURCE('','',#6216,.NOT_KNOWN.);
#5907=PRODUCT_DEFINITION_FORMATION_WITH_SPECIFIED_SOURCE('','',#6217,.NOT_KNOWN.);
#5908=PRODUCT_DEFINITION_FORMATION_WITH_SPECIFIED_SOURCE('','',#6218,.NOT_KNOWN.);
#5909=PRODUCT_DEFINITION_FORMATION_WITH_SPECIFIED_SOURCE('','',#6219,.NOT_KNOWN.);
#5910=PRODUCT_DEFINITION_FORMATION_WITH_SPECIFIED_SOURCE('','',#6220,.NOT_KNOWN.);
#5911=PRODUCT_DEFINITION_FORMATION_WITH_SPECIFIED_SOURCE('','',#6221,.NOT_KNOWN.);
#5912=PRODUCT_DEFINITION_FORMATION_WITH_SPECIFIED_SOURCE('','',#6222,.NOT_KNOWN.);
#5913=PRODUCT_DEFINITION_FORMATION_WITH_SPECIFIED_SOURCE('','',#6223,.NOT_KNOWN.);
#5914=PRODUCT_DEFINITION_FORMATION_WITH_SPECIFIED_SOURCE('','',#6224,.NOT_KNOWN.);
#5915=PRODUCT_DEFINITION_FORMATION_WITH_SPECIFIED_SOURCE('','',#6225,.NOT_KNOWN.);
#5916=PRODUCT_DEFINITION_FORMATION_WITH_SPECIFIED_SOURCE('','',#6226,.NOT_KNOWN.);
#5917=PRODUCT_DEFINITION_FORMATION_WITH_SPECIFIED_SOURCE('','',#6227,.NOT_KNOWN.);
#5918=PRODUCT_DEFINITION_FORMATION_WITH_SPECIFIED_SOURCE('','',#6228,.NOT_KNOWN.);
#5919=PRODUCT_DEFINITION_FORMATION_WITH_SPECIFIED_SOURCE('','',#6229,.NOT_KNOWN.);
#5920=PRODUCT_DEFINITION_FORMATION_WITH_SPECIFIED_SOURCE('','',#6230,.NOT_KNOWN.);
#5921=PRODUCT_DEFINITION_FORMATION_WITH_SPECIFIED_SOURCE('','',#6231,.NOT_KNOWN.);
#5922=PRODUCT_DEFINITION_FORMATION_WITH_SPECIFIED_SOURCE('','',#6232,.NOT_KNOWN.);
#5923=PRODUCT_DEFINITION_FORMATION_WITH_SPECIFIED_SOURCE('','',#6233,.NOT_KNOWN.);
#5924=PRODUCT_DEFINITION_FORMATION_WITH_SPECIFIED_SOURCE('','',#6234,.NOT_KNOWN.);
#5925=PRODUCT_DEFINITION_FORMATION_WITH_SPECIFIED_SOURCE('','',#6235,.NOT_KNOWN.);
#5926=PRODUCT_DEFINITION_FORMATION_WITH_SPECIFIED_SOURCE('','',#6236,.NOT_KNOWN.);
#5927=PRODUCT_DEFINITION_FORMATION_WITH_SPECIFIED_SOURCE('','',#6237,.NOT_KNOWN.);
#5928=PRODUCT_DEFINITION_FORMATION_WITH_SPECIFIED_SOURCE('','',#6238,.NOT_KNOWN.);
#5929=PRODUCT_DEFINITION_FORMATION_WITH_SPECIFIED_SOURCE('','',#6239,.NOT_KNOWN.);
#5930=PRODUCT_DEFINITION_FORMATION_WITH_SPECIFIED_SOURCE('','',#6240,.NOT_KNOWN.);
#5931=PRODUCT_DEFINITION_FORMATION_WITH_SPECIFIED_SOURCE('','',#6241,.NOT_KNOWN.);
#5932=PRODUCT_DEFINITION_FORMATION_WITH_SPECIFIED_SOURCE('','',#6242,.NOT_KNOWN.);
#5933=PRODUCT_DEFINITION_FORMATION_WITH_SPECIFIED_SOURCE('','',#6243,.NOT_KNOWN.);
#5934=PRODUCT_DEFINITION_FORMATION_WITH_SPECIFIED_SOURCE('','',#6244,.NOT_KNOWN.);
#5935=PRODUCT_DEFINITION_FORMATION_WITH_SPECIFIED_SOURCE('','',#6245,.NOT_KNOWN.);
#5936=PRODUCT_DEFINITION_FORMATION_WITH_SPECIFIED_SOURCE('','',#6246,.NOT_KNOWN.);
#5937=PRODUCT_DEFINITION_FORMATION_WITH_SPECIFIED_SOURCE('','',#6247,.NOT_KNOWN.);
#5938=PRODUCT_DEFINITION_FORMATION_WITH_SPECIFIED_SOURCE('','',#6248,.NOT_KNOWN.);
#5939=PRODUCT_DEFINITION_FORMATION_WITH_SPECIFIED_SOURCE('','',#6249,.NOT_KNOWN.);
#5940=PRODUCT_DEFINITION_FORMATION_WITH_SPECIFIED_SOURCE('','',#6250,.NOT_KNOWN.);
#5941=PRODUCT_DEFINITION_FORMATION_WITH_SPECIFIED_SOURCE('','',#6251,.NOT_KNOWN.);
#5942=PRODUCT_DEFINITION_FORMATION_WITH_SPECIFIED_SOURCE('','',#6252,.NOT_KNOWN.);
#5943=PRODUCT_DEFINITION_FORMATION_WITH_SPECIFIED_SOURCE('','',#6253,.NOT_KNOWN.);
#5944=PRODUCT_DEFINITION_FORMATION_WITH_SPECIFIED_SOURCE('','',#6254,.NOT_KNOWN.);
#5945=PRODUCT_DEFINITION_FORMATION_WITH_SPECIFIED_SOURCE('','',#6255,.NOT_KNOWN.);
#5946=PRODUCT_DEFINITION_FORMATION_WITH_SPECIFIED_SOURCE('','',#6256,.NOT_KNOWN.);
#5947=PRODUCT_DEFINITION_FORMATION_WITH_SPECIFIED_SOURCE('','',#6257,.NOT_KNOWN.);
#5948=PRODUCT_DEFINITION_FORMATION_WITH_SPECIFIED_SOURCE('','',#6258,.NOT_KNOWN.);
#5949=PRODUCT_DEFINITION_FORMATION_WITH_SPECIFIED_SOURCE('','',#6259,.NOT_KNOWN.);
#5950=PRODUCT_DEFINITION_FORMATION_WITH_SPECIFIED_SOURCE('','',#6260,.NOT_KNOWN.);
#5951=PRODUCT_DEFINITION_FORMATION_WITH_SPECIFIED_SOURCE('','',#6261,.NOT_KNOWN.);
#5952=PRODUCT_DEFINITION_FORMATION_WITH_SPECIFIED_SOURCE('','',#6262,.NOT_KNOWN.);
#5953=PRODUCT_DEFINITION_FORMATION_WITH_SPECIFIED_SOURCE('','',#6263,.NOT_KNOWN.);
#5954=PRODUCT_DEFINITION_FORMATION_WITH_SPECIFIED_SOURCE('','',#6264,.NOT_KNOWN.);
#5955=PRODUCT_DEFINITION_FORMATION_WITH_SPECIFIED_SOURCE('','',#6265,.NOT_KNOWN.);
#5956=PRODUCT_DEFINITION_FORMATION_WITH_SPECIFIED_SOURCE('','',#6266,.NOT_KNOWN.);
#5957=PRODUCT_DEFINITION_FORMATION_WITH_SPECIFIED_SOURCE('','',#6267,.NOT_KNOWN.);
#5958=PRODUCT_DEFINITION_FORMATION_WITH_SPECIFIED_SOURCE('','',#6268,.NOT_KNOWN.);
#5959=PRODUCT_DEFINITION_FORMATION_WITH_SPECIFIED_SOURCE('','',#6269,.NOT_KNOWN.);
#5960=PRODUCT_DEFINITION_FORMATION_WITH_SPECIFIED_SOURCE('','',#6270,.NOT_KNOWN.);
#5961=PRODUCT_DEFINITION_FORMATION_WITH_SPECIFIED_SOURCE('','',#6271,.NOT_KNOWN.);
#5962=PRODUCT_RELATED_PRODUCT_CATEGORY('','',(#6117));
#5963=PRODUCT_RELATED_PRODUCT_CATEGORY('','',(#6118));
#5964=PRODUCT_RELATED_PRODUCT_CATEGORY('','',(#6119));
#5965=PRODUCT_RELATED_PRODUCT_CATEGORY('','',(#6120));
#5966=PRODUCT_RELATED_PRODUCT_CATEGORY('','',(#6121));
#5967=PRODUCT_RELATED_PRODUCT_CATEGORY('','',(#6122));
#5968=PRODUCT_RELATED_PRODUCT_CATEGORY('','',(#6123));
#5969=PRODUCT_RELATED_PRODUCT_CATEGORY('','',(#6124));
#5970=PRODUCT_RELATED_PRODUCT_CATEGORY('','',(#6125));
#5971=PRODUCT_RELATED_PRODUCT_CATEGORY('','',(#6126));
#5972=PRODUCT_RELATED_PRODUCT_CATEGORY('','',(#6127));
#5973=PRODUCT_RELATED_PRODUCT_CATEGORY('','',(#6128));
#5974=PRODUCT_RELATED_PRODUCT_CATEGORY('','',(#6129));
#5975=PRODUCT_RELATED_PRODUCT_CATEGORY('','',(#6130));
#5976=PRODUCT_RELATED_PRODUCT_CATEGORY('','',(#6131));
#5977=PRODUCT_RELATED_PRODUCT_CATEGORY('','',(#6132));
#5978=PRODUCT_RELATED_PRODUCT_CATEGORY('','',(#6133));
#5979=PRODUCT_RELATED_PRODUCT_CATEGORY('','',(#6134));
#5980=PRODUCT_RELATED_PRODUCT_CATEGORY('','',(#6135));
#5981=PRODUCT_RELATED_PRODUCT_CATEGORY('','',(#6136));
#5982=PRODUCT_RELATED_PRODUCT_CATEGORY('','',(#6137));
#5983=PRODUCT_RELATED_PRODUCT_CATEGORY('','',(#6138));
#5984=PRODUCT_RELATED_PRODUCT_CATEGORY('','',(#6139));
#5985=PRODUCT_RELATED_PRODUCT_CATEGORY('','',(#6140));
#5986=PRODUCT_RELATED_PRODUCT_CATEGORY('','',(#6141));
#5987=PRODUCT_RELATED_PRODUCT_CATEGORY('','',(#6142));
#5988=PRODUCT_RELATED_PRODUCT_CATEGORY('','',(#6143));
#5989=PRODUCT_RELATED_PRODUCT_CATEGORY('','',(#6144));
#5990=PRODUCT_RELATED_PRODUCT_CATEGORY('','',(#6145));
#5991=PRODUCT_RELATED_PRODUCT_CATEGORY('','',(#6146));
#5992=PRODUCT_RELATED_PRODUCT_CATEGORY('','',(#6147));
#5993=PRODUCT_RELATED_PRODUCT_CATEGORY('','',(#6148));
#5994=PRODUCT_RELATED_PRODUCT_CATEGORY('','',(#6149));
#5995=PRODUCT_RELATED_PRODUCT_CATEGORY('','',(#6150));
#5996=PRODUCT_RELATED_PRODUCT_CATEGORY('','',(#6151));
#5997=PRODUCT_RELATED_PRODUCT_CATEGORY('','',(#6152));
#5998=PRODUCT_RELATED_PRODUCT_CATEGORY('','',(#6153));
#5999=PRODUCT_RELATED_PRODUCT_CATEGORY('','',(#6154));
#6000=PRODUCT_RELATED_PRODUCT_CATEGORY('','',(#6155));
#6001=PRODUCT_RELATED_PRODUCT_CATEGORY('','',(#6156));
#6002=PRODUCT_RELATED_PRODUCT_CATEGORY('','',(#6157));
#6003=PRODUCT_RELATED_PRODUCT_CATEGORY('','',(#6158));
#6004=PRODUCT_RELATED_PRODUCT_CATEGORY('','',(#6159));
#6005=PRODUCT_RELATED_PRODUCT_CATEGORY('','',(#6160));
#6006=PRODUCT_RELATED_PRODUCT_CATEGORY('','',(#6161));
#6007=PRODUCT_RELATED_PRODUCT_CATEGORY('','',(#6162));
#6008=PRODUCT_RELATED_PRODUCT_CATEGORY('','',(#6163));
#6009=PRODUCT_RELATED_PRODUCT_CATEGORY('','',(#6164));
#6010=PRODUCT_RELATED_PRODUCT_CATEGORY('','',(#6165));
#6011=PRODUCT_RELATED_PRODUCT_CATEGORY('','',(#6166));
#6012=PRODUCT_RELATED_PRODUCT_CATEGORY('','',(#6167));
#6013=PRODUCT_RELATED_PRODUCT_CATEGORY('','',(#6168));
#6014=PRODUCT_RELATED_PRODUCT_CATEGORY('','',(#6169));
#6015=PRODUCT_RELATED_PRODUCT_CATEGORY('','',(#6170));
#6016=PRODUCT_RELATED_PRODUCT_CATEGORY('','',(#6171));
#6017=PRODUCT_RELATED_PRODUCT_CATEGORY('','',(#6172));
#6018=PRODUCT_RELATED_PRODUCT_CATEGORY('','',(#6173));
#6019=PRODUCT_RELATED_PRODUCT_CATEGORY('','',(#6174));
#6020=PRODUCT_RELATED_PRODUCT_CATEGORY('','',(#6175));
#6021=PRODUCT_RELATED_PRODUCT_CATEGORY('','',(#6176));
#6022=PRODUCT_RELATED_PRODUCT_CATEGORY('','',(#6177));
#6023=PRODUCT_RELATED_PRODUCT_CATEGORY('','',(#6178));
#6024=PRODUCT_RELATED_PRODUCT_CATEGORY('','',(#6179));
#6025=PRODUCT_RELATED_PRODUCT_CATEGORY('','',(#6180));
#6026=PRODUCT_RELATED_PRODUCT_CATEGORY('','',(#6181));
#6027=PRODUCT_RELATED_PRODUCT_CATEGORY('','',(#6182));
#6028=PRODUCT_RELATED_PRODUCT_CATEGORY('','',(#6183));
#6029=PRODUCT_RELATED_PRODUCT_CATEGORY('','',(#6184));
#6030=PRODUCT_RELATED_PRODUCT_CATEGORY('','',(#6185));
#6031=PRODUCT_RELATED_PRODUCT_CATEGORY('','',(#6186));
#6032=PRODUCT_RELATED_PRODUCT_CATEGORY('','',(#6187));
#6033=PRODUCT_RELATED_PRODUCT_CATEGORY('','',(#6188));
#6034=PRODUCT_RELATED_PRODUCT_CATEGORY('','',(#6189));
#6035=PRODUCT_RELATED_PRODUCT_CATEGORY('','',(#6190));
#6036=PRODUCT_RELATED_PRODUCT_CATEGORY('','',(#6191));
#6037=PRODUCT_RELATED_PRODUCT_CATEGORY('','',(#6192));
#6038=PRODUCT_RELATED_PRODUCT_CATEGORY('','',(#6193));
#6039=PRODUCT_RELATED_PRODUCT_CATEGORY('','',(#6194));
#6040=PRODUCT_RELATED_PRODUCT_CATEGORY('','',(#6195));
#6041=PRODUCT_RELATED_PRODUCT_CATEGORY('','',(#6196));
#6042=PRODUCT_RELATED_PRODUCT_CATEGORY('','',(#6197));
#6043=PRODUCT_RELATED_PRODUCT_CATEGORY('','',(#6198));
#6044=PRODUCT_RELATED_PRODUCT_CATEGORY('','',(#6199));
#6045=PRODUCT_RELATED_PRODUCT_CATEGORY('','',(#6200));
#6046=PRODUCT_RELATED_PRODUCT_CATEGORY('','',(#6201));
#6047=PRODUCT_RELATED_PRODUCT_CATEGORY('','',(#6202));
#6048=PRODUCT_RELATED_PRODUCT_CATEGORY('','',(#6203));
#6049=PRODUCT_RELATED_PRODUCT_CATEGORY('','',(#6204));
#6050=PRODUCT_RELATED_PRODUCT_CATEGORY('','',(#6205));
#6051=PRODUCT_RELATED_PRODUCT_CATEGORY('','',(#6206));
#6052=PRODUCT_RELATED_PRODUCT_CATEGORY('','',(#6207));
#6053=PRODUCT_RELATED_PRODUCT_CATEGORY('','',(#6208));
#6054=PRODUCT_RELATED_PRODUCT_CATEGORY('','',(#6209));
#6055=PRODUCT_RELATED_PRODUCT_CATEGORY('','',(#6210));
#6056=PRODUCT_RELATED_PRODUCT_CATEGORY('','',(#6211));
#6057=PRODUCT_RELATED_PRODUCT_CATEGORY('','',(#6212));
#6058=PRODUCT_RELATED_PRODUCT_CATEGORY('','',(#6213));
#6059=PRODUCT_RELATED_PRODUCT_CATEGORY('','',(#6214));
#6060=PRODUCT_RELATED_PRODUCT_CATEGORY('','',(#6215));
#6061=PRODUCT_RELATED_PRODUCT_CATEGORY('','',(#6216));
#6062=PRODUCT_RELATED_PRODUCT_CATEGORY('','',(#6217));
#6063=PRODUCT_RELATED_PRODUCT_CATEGORY('','',(#6218));
#6064=PRODUCT_RELATED_PRODUCT_CATEGORY('','',(#6219));
#6065=PRODUCT_RELATED_PRODUCT_CATEGORY('','',(#6220));
#6066=PRODUCT_RELATED_PRODUCT_CATEGORY('','',(#6221));
#6067=PRODUCT_RELATED_PRODUCT_CATEGORY('','',(#6222));
#6068=PRODUCT_RELATED_PRODUCT_CATEGORY('','',(#6223));
#6069=PRODUCT_RELATED_PRODUCT_CATEGORY('','',(#6224));
#6070=PRODUCT_RELATED_PRODUCT_CATEGORY('','',(#6225));
#6071=PRODUCT_RELATED_PRODUCT_CATEGORY('','',(#6226));
#6072=PRODUCT_RELATED_PRODUCT_CATEGORY('','',(#6227));
#6073=PRODUCT_RELATED_PRODUCT_CATEGORY('','',(#6228));
#6074=PRODUCT_RELATED_PRODUCT_CATEGORY('','',(#6229));
#6075=PRODUCT_RELATED_PRODUCT_CATEGORY('','',(#6230));
#6076=PRODUCT_RELATED_PRODUCT_CATEGORY('','',(#6231));
#6077=PRODUCT_RELATED_PRODUCT_CATEGORY('','',(#6232));
#6078=PRODUCT_RELATED_PRODUCT_CATEGORY('','',(#6233));
#6079=PRODUCT_RELATED_PRODUCT_CATEGORY('','',(#6234));
#6080=PRODUCT_RELATED_PRODUCT_CATEGORY('','',(#6235));
#6081=PRODUCT_RELATED_PRODUCT_CATEGORY('','',(#6236));
#6082=PRODUCT_RELATED_PRODUCT_CATEGORY('','',(#6237));
#6083=PRODUCT_RELATED_PRODUCT_CATEGORY('','',(#6238));
#6084=PRODUCT_RELATED_PRODUCT_CATEGORY('','',(#6239));
#6085=PRODUCT_RELATED_PRODUCT_CATEGORY('','',(#6240));
#6086=PRODUCT_RELATED_PRODUCT_CATEGORY('','',(#6241));
#6087=PRODUCT_RELATED_PRODUCT_CATEGORY('','',(#6242));
#6088=PRODUCT_RELATED_PRODUCT_CATEGORY('','',(#6243));
#6089=PRODUCT_RELATED_PRODUCT_CATEGORY('','',(#6244));
#6090=PRODUCT_RELATED_PRODUCT_CATEGORY('','',(#6245));
#6091=PRODUCT_RELATED_PRODUCT_CATEGORY('','',(#6246));
#6092=PRODUCT_RELATED_PRODUCT_CATEGORY('','',(#6247));
#6093=PRODUCT_RELATED_PRODUCT_CATEGORY('','',(#6248));
#6094=PRODUCT_RELATED_PRODUCT_CATEGORY('','',(#6249));
#6095=PRODUCT_RELATED_PRODUCT_CATEGORY('','',(#6250));
#6096=PRODUCT_RELATED_PRODUCT_CATEGORY('','',(#6251));
#6097=PRODUCT_RELATED_PRODUCT_CATEGORY('','',(#6252));
#6098=PRODUCT_RELATED_PRODUCT_CATEGORY('','',(#6253));
#6099=PRODUCT_RELATED_PRODUCT_CATEGORY('','',(#6254));
#6100=PRODUCT_RELATED_PRODUCT_CATEGORY('','',(#6255));
#6101=PRODUCT_RELATED_PRODUCT_CATEGORY('','',(#6256));
#6102=PRODUCT_RELATED_PRODUCT_CATEGORY('','',(#6257));
#6103=PRODUCT_RELATED_PRODUCT_CATEGORY('','',(#6258));
#6104=PRODUCT_RELATED_PRODUCT_CATEGORY('','',(#6259));
#6105=PRODUCT_RELATED_PRODUCT_CATEGORY('','',(#6260));
#6106=PRODUCT_RELATED_PRODUCT_CATEGORY('','',(#6261));
#6107=PRODUCT_RELATED_PRODUCT_CATEGORY('','',(#6262));
#6108=PRODUCT_RELATED_PRODUCT_CATEGORY('','',(#6263));
#6109=PRODUCT_RELATED_PRODUCT_CATEGORY('','',(#6264));
#6110=PRODUCT_RELATED_PRODUCT_CATEGORY('','',(#6265));
#6111=PRODUCT_RELATED_PRODUCT_CATEGORY('','',(#6266));
#6112=PRODUCT_RELATED_PRODUCT_CATEGORY('','',(#6267));
#6113=PRODUCT_RELATED_PRODUCT_CATEGORY('','',(#6268));
#6114=PRODUCT_RELATED_PRODUCT_CATEGORY('','',(#6269));
#6115=PRODUCT_RELATED_PRODUCT_CATEGORY('','',(#6270));
#6116=PRODUCT_RELATED_PRODUCT_CATEGORY('','',(#6271));
#6117=PRODUCT('Part 155','Part 155','Part 155',(#6427));
#6118=PRODUCT('Open CASCADE STEP translator 7.5 17.2.1','Open CASCADE STEP translator 7.5 17.2.1','Open CASCADE STEP translator 7.5 17.2.1',(#6428));
#6119=PRODUCT('ball','ball','ball',(#6429));
#6120=PRODUCT('ball_1','ball_1','ball_1',(#6430));
#6121=PRODUCT('ball_2','ball_2','ball_2',(#6431));
#6122=PRODUCT('ball_3','ball_3','ball_3',(#6432));
#6123=PRODUCT('ball_4','ball_4','ball_4',(#6433));
#6124=PRODUCT('ball_5','ball_5','ball_5',(#6434));
#6125=PRODUCT('ball_6','ball_6','ball_6',(#6435));
#6126=PRODUCT('ball_7','ball_7','ball_7',(#6436));
#6127=PRODUCT('ball_8','ball_8','ball_8',(#6437));
#6128=PRODUCT('ball_9','ball_9','ball_9',(#6438));
#6129=PRODUCT('ball_10','ball_10','ball_10',(#6439));
#6130=PRODUCT('ball_11','ball_11','ball_11',(#6440));
#6131=PRODUCT('ball_12','ball_12','ball_12',(#6441));
#6132=PRODUCT('ball_13','ball_13','ball_13',(#6442));
#6133=PRODUCT('ball_14','ball_14','ball_14',(#6443));
#6134=PRODUCT('ball_15','ball_15','ball_15',(#6444));
#6135=PRODUCT('ball_16','ball_16','ball_16',(#6445));
#6136=PRODUCT('ball_17','ball_17','ball_17',(#6446));
#6137=PRODUCT('ball_18','ball_18','ball_18',(#6447));
#6138=PRODUCT('ball_19','ball_19','ball_19',(#6448));
#6139=PRODUCT('ball_20','ball_20','ball_20',(#6449));
#6140=PRODUCT('ball_21','ball_21','ball_21',(#6450));
#6141=PRODUCT('ball_22','ball_22','ball_22',(#6451));
#6142=PRODUCT('ball_23','ball_23','ball_23',(#6452));
#6143=PRODUCT('ball_24','ball_24','ball_24',(#6453));
#6144=PRODUCT('ball_25','ball_25','ball_25',(#6454));
#6145=PRODUCT('ball_26','ball_26','ball_26',(#6455));
#6146=PRODUCT('ball_27','ball_27','ball_27',(#6456));
#6147=PRODUCT('ball_28','ball_28','ball_28',(#6457));
#6148=PRODUCT('ball_29','ball_29','ball_29',(#6458));
#6149=PRODUCT('ball_30','ball_30','ball_30',(#6459));
#6150=PRODUCT('ball_31','ball_31','ball_31',(#6460));
#6151=PRODUCT('ball_32','ball_32','ball_32',(#6461));
#6152=PRODUCT('ball_33','ball_33','ball_33',(#6462));
#6153=PRODUCT('ball_34','ball_34','ball_34',(#6463));
#6154=PRODUCT('ball_35','ball_35','ball_35',(#6464));
#6155=PRODUCT('ball_36','ball_36','ball_36',(#6465));
#6156=PRODUCT('ball_37','ball_37','ball_37',(#6466));
#6157=PRODUCT('ball_38','ball_38','ball_38',(#6467));
#6158=PRODUCT('ball_39','ball_39','ball_39',(#6468));
#6159=PRODUCT('ball_40','ball_40','ball_40',(#6469));
#6160=PRODUCT('ball_41','ball_41','ball_41',(#6470));
#6161=PRODUCT('ball_42','ball_42','ball_42',(#6471));
#6162=PRODUCT('ball_43','ball_43','ball_43',(#6472));
#6163=PRODUCT('ball_44','ball_44','ball_44',(#6473));
#6164=PRODUCT('ball_45','ball_45','ball_45',(#6474));
#6165=PRODUCT('ball_53','ball_53','ball_53',(#6475));
#6166=PRODUCT('ball_54','ball_54','ball_54',(#6476));
#6167=PRODUCT('ball_55','ball_55','ball_55',(#6477));
#6168=PRODUCT('ball_56','ball_56','ball_56',(#6478));
#6169=PRODUCT('ball_57','ball_57','ball_57',(#6479));
#6170=PRODUCT('ball_58','ball_58','ball_58',(#6480));
#6171=PRODUCT('ball_60','ball_60','ball_60',(#6481));
#6172=PRODUCT('ball_61','ball_61','ball_61',(#6482));
#6173=PRODUCT('ball_62','ball_62','ball_62',(#6483));
#6174=PRODUCT('ball_63','ball_63','ball_63',(#6484));
#6175=PRODUCT('ball_64','ball_64','ball_64',(#6485));
#6176=PRODUCT('ball_65','ball_65','ball_65',(#6486));
#6177=PRODUCT('ball_67','ball_67','ball_67',(#6487));
#6178=PRODUCT('ball_68','ball_68','ball_68',(#6488));
#6179=PRODUCT('ball_69','ball_69','ball_69',(#6489));
#6180=PRODUCT('ball_70','ball_70','ball_70',(#6490));
#6181=PRODUCT('ball_71','ball_71','ball_71',(#6491));
#6182=PRODUCT('ball_72','ball_72','ball_72',(#6492));
#6183=PRODUCT('ball_74','ball_74','ball_74',(#6493));
#6184=PRODUCT('ball_79','ball_79','ball_79',(#6494));
#6185=PRODUCT('ball_81','ball_81','ball_81',(#6495));
#6186=PRODUCT('ball_82','ball_82','ball_82',(#6496));
#6187=PRODUCT('ball_83','ball_83','ball_83',(#6497));
#6188=PRODUCT('ball_84','ball_84','ball_84',(#6498));
#6189=PRODUCT('ball_85','ball_85','ball_85',(#6499));
#6190=PRODUCT('ball_86','ball_86','ball_86',(#6500));
#6191=PRODUCT('ball_88','ball_88','ball_88',(#6501));
#6192=PRODUCT('ball_93','ball_93','ball_93',(#6502));
#6193=PRODUCT('ball_95','ball_95','ball_95',(#6503));
#6194=PRODUCT('ball_96','ball_96','ball_96',(#6504));
#6195=PRODUCT('ball_97','ball_97','ball_97',(#6505));
#6196=PRODUCT('ball_98','ball_98','ball_98',(#6506));
#6197=PRODUCT('ball_99','ball_99','ball_99',(#6507));
#6198=PRODUCT('ball_100','ball_100','ball_100',(#6508));
#6199=PRODUCT('ball_102','ball_102','ball_102',(#6509));
#6200=PRODUCT('ball_107','ball_107','ball_107',(#6510));
#6201=PRODUCT('ball_109','ball_109','ball_109',(#6511));
#6202=PRODUCT('ball_110','ball_110','ball_110',(#6512));
#6203=PRODUCT('ball_111','ball_111','ball_111',(#6513));
#6204=PRODUCT('ball_112','ball_112','ball_112',(#6514));
#6205=PRODUCT('ball_113','ball_113','ball_113',(#6515));
#6206=PRODUCT('ball_114','ball_114','ball_114',(#6516));
#6207=PRODUCT('ball_116','ball_116','ball_116',(#6517));
#6208=PRODUCT('ball_121','ball_121','ball_121',(#6518));
#6209=PRODUCT('ball_123','ball_123','ball_123',(#6519));
#6210=PRODUCT('ball_124','ball_124','ball_124',(#6520));
#6211=PRODUCT('ball_125','ball_125','ball_125',(#6521));
#6212=PRODUCT('ball_126','ball_126','ball_126',(#6522));
#6213=PRODUCT('ball_127','ball_127','ball_127',(#6523));
#6214=PRODUCT('ball_128','ball_128','ball_128',(#6524));
#6215=PRODUCT('ball_130','ball_130','ball_130',(#6525));
#6216=PRODUCT('ball_131','ball_131','ball_131',(#6526));
#6217=PRODUCT('ball_132','ball_132','ball_132',(#6527));
#6218=PRODUCT('ball_133','ball_133','ball_133',(#6528));
#6219=PRODUCT('ball_134','ball_134','ball_134',(#6529));
#6220=PRODUCT('ball_135','ball_135','ball_135',(#6530));
#6221=PRODUCT('ball_137','ball_137','ball_137',(#6531));
#6222=PRODUCT('ball_138','ball_138','ball_138',(#6532));
#6223=PRODUCT('ball_139','ball_139','ball_139',(#6533));
#6224=PRODUCT('ball_140','ball_140','ball_140',(#6534));
#6225=PRODUCT('ball_141','ball_141','ball_141',(#6535));
#6226=PRODUCT('ball_142','ball_142','ball_142',(#6536));
#6227=PRODUCT('ball_151','ball_151','ball_151',(#6537));
#6228=PRODUCT('ball_152','ball_152','ball_152',(#6538));
#6229=PRODUCT('ball_153','ball_153','ball_153',(#6539));
#6230=PRODUCT('ball_154','ball_154','ball_154',(#6540));
#6231=PRODUCT('ball_155','ball_155','ball_155',(#6541));
#6232=PRODUCT('ball_156','ball_156','ball_156',(#6542));
#6233=PRODUCT('ball_157','ball_157','ball_157',(#6543));
#6234=PRODUCT('ball_158','ball_158','ball_158',(#6544));
#6235=PRODUCT('ball_159','ball_159','ball_159',(#6545));
#6236=PRODUCT('ball_160','ball_160','ball_160',(#6546));
#6237=PRODUCT('ball_161','ball_161','ball_161',(#6547));
#6238=PRODUCT('ball_162','ball_162','ball_162',(#6548));
#6239=PRODUCT('ball_163','ball_163','ball_163',(#6549));
#6240=PRODUCT('ball_164','ball_164','ball_164',(#6550));
#6241=PRODUCT('ball_165','ball_165','ball_165',(#6551));
#6242=PRODUCT('ball_166','ball_166','ball_166',(#6552));
#6243=PRODUCT('ball_167','ball_167','ball_167',(#6553));
#6244=PRODUCT('ball_168','ball_168','ball_168',(#6554));
#6245=PRODUCT('ball_169','ball_169','ball_169',(#6555));
#6246=PRODUCT('ball_170','ball_170','ball_170',(#6556));
#6247=PRODUCT('ball_171','ball_171','ball_171',(#6557));
#6248=PRODUCT('ball_172','ball_172','ball_172',(#6558));
#6249=PRODUCT('ball_173','ball_173','ball_173',(#6559));
#6250=PRODUCT('ball_174','ball_174','ball_174',(#6560));
#6251=PRODUCT('ball_175','ball_175','ball_175',(#6561));
#6252=PRODUCT('ball_176','ball_176','ball_176',(#6562));
#6253=PRODUCT('ball_177','ball_177','ball_177',(#6563));
#6254=PRODUCT('ball_178','ball_178','ball_178',(#6564));
#6255=PRODUCT('ball_179','ball_179','ball_179',(#6565));
#6256=PRODUCT('ball_180','ball_180','ball_180',(#6566));
#6257=PRODUCT('ball_181','ball_181','ball_181',(#6567));
#6258=PRODUCT('ball_182','ball_182','ball_182',(#6568));
#6259=PRODUCT('ball_183','ball_183','ball_183',(#6569));
#6260=PRODUCT('ball_184','ball_184','ball_184',(#6570));
#6261=PRODUCT('ball_185','ball_185','ball_185',(#6571));
#6262=PRODUCT('ball_186','ball_186','ball_186',(#6572));
#6263=PRODUCT('ball_187','ball_187','ball_187',(#6573));
#6264=PRODUCT('ball_188','ball_188','ball_188',(#6574));
#6265=PRODUCT('ball_189','ball_189','ball_189',(#6575));
#6266=PRODUCT('ball_190','ball_190','ball_190',(#6576));
#6267=PRODUCT('ball_191','ball_191','ball_191',(#6577));
#6268=PRODUCT('ball_192','ball_192','ball_192',(#6578));
#6269=PRODUCT('ball_193','ball_193','ball_193',(#6579));
#6270=PRODUCT('ball_194','ball_194','ball_194',(#6580));
#6271=PRODUCT('ball_195','ball_195','ball_195',(#6581));
#6272=PRODUCT_CATEGORY('','');
#6273=PRODUCT_CATEGORY('','');
#6274=PRODUCT_CATEGORY('','');
#6275=PRODUCT_CATEGORY('','');
#6276=PRODUCT_CATEGORY('','');
#6277=PRODUCT_CATEGORY('','');
#6278=PRODUCT_CATEGORY('','');
#6279=PRODUCT_CATEGORY('','');
#6280=PRODUCT_CATEGORY('','');
#6281=PRODUCT_CATEGORY('','');
#6282=PRODUCT_CATEGORY('','');
#6283=PRODUCT_CATEGORY('','');
#6284=PRODUCT_CATEGORY('','');
#6285=PRODUCT_CATEGORY('','');
#6286=PRODUCT_CATEGORY('','');
#6287=PRODUCT_CATEGORY('','');
#6288=PRODUCT_CATEGORY('','');
#6289=PRODUCT_CATEGORY('','');
#6290=PRODUCT_CATEGORY('','');
#6291=PRODUCT_CATEGORY('','');
#6292=PRODUCT_CATEGORY('','');
#6293=PRODUCT_CATEGORY('','');
#6294=PRODUCT_CATEGORY('','');
#6295=PRODUCT_CATEGORY('','');
#6296=PRODUCT_CATEGORY('','');
#6297=PRODUCT_CATEGORY('','');
#6298=PRODUCT_CATEGORY('','');
#6299=PRODUCT_CATEGORY('','');
#6300=PRODUCT_CATEGORY('','');
#6301=PRODUCT_CATEGORY('','');
#6302=PRODUCT_CATEGORY('','');
#6303=PRODUCT_CATEGORY('','');
#6304=PRODUCT_CATEGORY('','');
#6305=PRODUCT_CATEGORY('','');
#6306=PRODUCT_CATEGORY('','');
#6307=PRODUCT_CATEGORY('','');
#6308=PRODUCT_CATEGORY('','');
#6309=PRODUCT_CATEGORY('','');
#6310=PRODUCT_CATEGORY('','');
#6311=PRODUCT_CATEGORY('','');
#6312=PRODUCT_CATEGORY('','');
#6313=PRODUCT_CATEGORY('','');
#6314=PRODUCT_CATEGORY('','');
#6315=PRODUCT_CATEGORY('','');
#6316=PRODUCT_CATEGORY('','');
#6317=PRODUCT_CATEGORY('','');
#6318=PRODUCT_CATEGORY('','');
#6319=PRODUCT_CATEGORY('','');
#6320=PRODUCT_CATEGORY('','');
#6321=PRODUCT_CATEGORY('','');
#6322=PRODUCT_CATEGORY('','');
#6323=PRODUCT_CATEGORY('','');
#6324=PRODUCT_CATEGORY('','');
#6325=PRODUCT_CATEGORY('','');
#6326=PRODUCT_CATEGORY('','');
#6327=PRODUCT_CATEGORY('','');
#6328=PRODUCT_CATEGORY('','');
#6329=PRODUCT_CATEGORY('','');
#6330=PRODUCT_CATEGORY('','');
#6331=PRODUCT_CATEGORY('','');
#6332=PRODUCT_CATEGORY('','');
#6333=PRODUCT_CATEGORY('','');
#6334=PRODUCT_CATEGORY('','');
#6335=PRODUCT_CATEGORY('','');
#6336=PRODUCT_CATEGORY('','');
#6337=PRODUCT_CATEGORY('','');
#6338=PRODUCT_CATEGORY('','');
#6339=PRODUCT_CATEGORY('','');
#6340=PRODUCT_CATEGORY('','');
#6341=PRODUCT_CATEGORY('','');
#6342=PRODUCT_CATEGORY('','');
#6343=PRODUCT_CATEGORY('','');
#6344=PRODUCT_CATEGORY('','');
#6345=PRODUCT_CATEGORY('','');
#6346=PRODUCT_CATEGORY('','');
#6347=PRODUCT_CATEGORY('','');
#6348=PRODUCT_CATEGORY('','');
#6349=PRODUCT_CATEGORY('','');
#6350=PRODUCT_CATEGORY('','');
#6351=PRODUCT_CATEGORY('','');
#6352=PRODUCT_CATEGORY('','');
#6353=PRODUCT_CATEGORY('','');
#6354=PRODUCT_CATEGORY('','');
#6355=PRODUCT_CATEGORY('','');
#6356=PRODUCT_CATEGORY('','');
#6357=PRODUCT_CATEGORY('','');
#6358=PRODUCT_CATEGORY('','');
#6359=PRODUCT_CATEGORY('','');
#6360=PRODUCT_CATEGORY('','');
#6361=PRODUCT_CATEGORY('','');
#6362=PRODUCT_CATEGORY('','');
#6363=PRODUCT_CATEGORY('','');
#6364=PRODUCT_CATEGORY('','');
#6365=PRODUCT_CATEGORY('','');
#6366=PRODUCT_CATEGORY('','');
#6367=PRODUCT_CATEGORY('','');
#6368=PRODUCT_CATEGORY('','');
#6369=PRODUCT_CATEGORY('','');
#6370=PRODUCT_CATEGORY('','');
#6371=PRODUCT_CATEGORY('','');
#6372=PRODUCT_CATEGORY('','');
#6373=PRODUCT_CATEGORY('','');
#6374=PRODUCT_CATEGORY('','');
#6375=PRODUCT_CATEGORY('','');
#6376=PRODUCT_CATEGORY('','');
#6377=PRODUCT_CATEGORY('','');
#6378=PRODUCT_CATEGORY('','');
#6379=PRODUCT_CATEGORY('','');
#6380=PRODUCT_CATEGORY('','');
#6381=PRODUCT_CATEGORY('','');
#6382=PRODUCT_CATEGORY('','');
#6383=PRODUCT_CATEGORY('','');
#6384=PRODUCT_CATEGORY('','');
#6385=PRODUCT_CATEGORY('','');
#6386=PRODUCT_CATEGORY('','');
#6387=PRODUCT_CATEGORY('','');
#6388=PRODUCT_CATEGORY('','');
#6389=PRODUCT_CATEGORY('','');
#6390=PRODUCT_CATEGORY('','');
#6391=PRODUCT_CATEGORY('','');
#6392=PRODUCT_CATEGORY('','');
#6393=PRODUCT_CATEGORY('','');
#6394=PRODUCT_CATEGORY('','');
#6395=PRODUCT_CATEGORY('','');
#6396=PRODUCT_CATEGORY('','');
#6397=PRODUCT_CATEGORY('','');
#6398=PRODUCT_CATEGORY('','');
#6399=PRODUCT_CATEGORY('','');
#6400=PRODUCT_CATEGORY('','');
#6401=PRODUCT_CATEGORY('','');
#6402=PRODUCT_CATEGORY('','');
#6403=PRODUCT_CATEGORY('','');
#6404=PRODUCT_CATEGORY('','');
#6405=PRODUCT_CATEGORY('','');
#6406=PRODUCT_CATEGORY('','');
#6407=PRODUCT_CATEGORY('','');
#6408=PRODUCT_CATEGORY('','');
#6409=PRODUCT_CATEGORY('','');
#6410=PRODUCT_CATEGORY('','');
#6411=PRODUCT_CATEGORY('','');
#6412=PRODUCT_CATEGORY('','');
#6413=PRODUCT_CATEGORY('','');
#6414=PRODUCT_CATEGORY('','');
#6415=PRODUCT_CATEGORY('','');
#6416=PRODUCT_CATEGORY('','');
#6417=PRODUCT_CATEGORY('','');
#6418=PRODUCT_CATEGORY('','');
#6419=PRODUCT_CATEGORY('','');
#6420=PRODUCT_CATEGORY('','');
#6421=PRODUCT_CATEGORY('','');
#6422=PRODUCT_CATEGORY('','');
#6423=PRODUCT_CATEGORY('','');
#6424=PRODUCT_CATEGORY('','');
#6425=PRODUCT_CATEGORY('','');
#6426=PRODUCT_CATEGORY('','');
#6427=PRODUCT_CONTEXT('',#6737,'mechanical');
#6428=PRODUCT_CONTEXT('',#6738,'mechanical');
#6429=PRODUCT_CONTEXT('',#6739,'mechanical');
#6430=PRODUCT_CONTEXT('',#6740,'mechanical');
#6431=PRODUCT_CONTEXT('',#6741,'mechanical');
#6432=PRODUCT_CONTEXT('',#6742,'mechanical');
#6433=PRODUCT_CONTEXT('',#6743,'mechanical');
#6434=PRODUCT_CONTEXT('',#6744,'mechanical');
#6435=PRODUCT_CONTEXT('',#6745,'mechanical');
#6436=PRODUCT_CONTEXT('',#6746,'mechanical');
#6437=PRODUCT_CONTEXT('',#6747,'mechanical');
#6438=PRODUCT_CONTEXT('',#6748,'mechanical');
#6439=PRODUCT_CONTEXT('',#6749,'mechanical');
#6440=PRODUCT_CONTEXT('',#6750,'mechanical');
#6441=PRODUCT_CONTEXT('',#6751,'mechanical');
#6442=PRODUCT_CONTEXT('',#6752,'mechanical');
#6443=PRODUCT_CONTEXT('',#6753,'mechanical');
#6444=PRODUCT_CONTEXT('',#6754,'mechanical');
#6445=PRODUCT_CONTEXT('',#6755,'mechanical');
#6446=PRODUCT_CONTEXT('',#6756,'mechanical');
#6447=PRODUCT_CONTEXT('',#6757,'mechanical');
#6448=PRODUCT_CONTEXT('',#6758,'mechanical');
#6449=PRODUCT_CONTEXT('',#6759,'mechanical');
#6450=PRODUCT_CONTEXT('',#6760,'mechanical');
#6451=PRODUCT_CONTEXT('',#6761,'mechanical');
#6452=PRODUCT_CONTEXT('',#6762,'mechanical');
#6453=PRODUCT_CONTEXT('',#6763,'mechanical');
#6454=PRODUCT_CONTEXT('',#6764,'mechanical');
#6455=PRODUCT_CONTEXT('',#6765,'mechanical');
#6456=PRODUCT_CONTEXT('',#6766,'mechanical');
#6457=PRODUCT_CONTEXT('',#6767,'mechanical');
#6458=PRODUCT_CONTEXT('',#6768,'mechanical');
#6459=PRODUCT_CONTEXT('',#6769,'mechanical');
#6460=PRODUCT_CONTEXT('',#6770,'mechanical');
#6461=PRODUCT_CONTEXT('',#6771,'mechanical');
#6462=PRODUCT_CONTEXT('',#6772,'mechanical');
#6463=PRODUCT_CONTEXT('',#6773,'mechanical');
#6464=PRODUCT_CONTEXT('',#6774,'mechanical');
#6465=PRODUCT_CONTEXT('',#6775,'mechanical');
#6466=PRODUCT_CONTEXT('',#6776,'mechanical');
#6467=PRODUCT_CONTEXT('',#6777,'mechanical');
#6468=PRODUCT_CONTEXT('',#6778,'mechanical');
#6469=PRODUCT_CONTEXT('',#6779,'mechanical');
#6470=PRODUCT_CONTEXT('',#6780,'mechanical');
#6471=PRODUCT_CONTEXT('',#6781,'mechanical');
#6472=PRODUCT_CONTEXT('',#6782,'mechanical');
#6473=PRODUCT_CONTEXT('',#6783,'mechanical');
#6474=PRODUCT_CONTEXT('',#6784,'mechanical');
#6475=PRODUCT_CONTEXT('',#6785,'mechanical');
#6476=PRODUCT_CONTEXT('',#6786,'mechanical');
#6477=PRODUCT_CONTEXT('',#6787,'mechanical');
#6478=PRODUCT_CONTEXT('',#6788,'mechanical');
#6479=PRODUCT_CONTEXT('',#6789,'mechanical');
#6480=PRODUCT_CONTEXT('',#6790,'mechanical');
#6481=PRODUCT_CONTEXT('',#6791,'mechanical');
#6482=PRODUCT_CONTEXT('',#6792,'mechanical');
#6483=PRODUCT_CONTEXT('',#6793,'mechanical');
#6484=PRODUCT_CONTEXT('',#6794,'mechanical');
#6485=PRODUCT_CONTEXT('',#6795,'mechanical');
#6486=PRODUCT_CONTEXT('',#6796,'mechanical');
#6487=PRODUCT_CONTEXT('',#6797,'mechanical');
#6488=PRODUCT_CONTEXT('',#6798,'mechanical');
#6489=PRODUCT_CONTEXT('',#6799,'mechanical');
#6490=PRODUCT_CONTEXT('',#6800,'mechanical');
#6491=PRODUCT_CONTEXT('',#6801,'mechanical');
#6492=PRODUCT_CONTEXT('',#6802,'mechanical');
#6493=PRODUCT_CONTEXT('',#6803,'mechanical');
#6494=PRODUCT_CONTEXT('',#6804,'mechanical');
#6495=PRODUCT_CONTEXT('',#6805,'mechanical');
#6496=PRODUCT_CONTEXT('',#6806,'mechanical');
#6497=PRODUCT_CONTEXT('',#6807,'mechanical');
#6498=PRODUCT_CONTEXT('',#6808,'mechanical');
#6499=PRODUCT_CONTEXT('',#6809,'mechanical');
#6500=PRODUCT_CONTEXT('',#6810,'mechanical');
#6501=PRODUCT_CONTEXT('',#6811,'mechanical');
#6502=PRODUCT_CONTEXT('',#6812,'mechanical');
#6503=PRODUCT_CONTEXT('',#6813,'mechanical');
#6504=PRODUCT_CONTEXT('',#6814,'mechanical');
#6505=PRODUCT_CONTEXT('',#6815,'mechanical');
#6506=PRODUCT_CONTEXT('',#6816,'mechanical');
#6507=PRODUCT_CONTEXT('',#6817,'mechanical');
#6508=PRODUCT_CONTEXT('',#6818,'mechanical');
#6509=PRODUCT_CONTEXT('',#6819,'mechanical');
#6510=PRODUCT_CONTEXT('',#6820,'mechanical');
#6511=PRODUCT_CONTEXT('',#6821,'mechanical');
#6512=PRODUCT_CONTEXT('',#6822,'mechanical');
#6513=PRODUCT_CONTEXT('',#6823,'mechanical');
#6514=PRODUCT_CONTEXT('',#6824,'mechanical');
#6515=PRODUCT_CONTEXT('',#6825,'mechanical');
#6516=PRODUCT_CONTEXT('',#6826,'mechanical');
#6517=PRODUCT_CONTEXT('',#6827,'mechanical');
#6518=PRODUCT_CONTEXT('',#6828,'mechanical');
#6519=PRODUCT_CONTEXT('',#6829,'mechanical');
#6520=PRODUCT_CONTEXT('',#6830,'mechanical');
#6521=PRODUCT_CONTEXT('',#6831,'mechanical');
#6522=PRODUCT_CONTEXT('',#6832,'mechanical');
#6523=PRODUCT_CONTEXT('',#6833,'mechanical');
#6524=PRODUCT_CONTEXT('',#6834,'mechanical');
#6525=PRODUCT_CONTEXT('',#6835,'mechanical');
#6526=PRODUCT_CONTEXT('',#6836,'mechanical');
#6527=PRODUCT_CONTEXT('',#6837,'mechanical');
#6528=PRODUCT_CONTEXT('',#6838,'mechanical');
#6529=PRODUCT_CONTEXT('',#6839,'mechanical');
#6530=PRODUCT_CONTEXT('',#6840,'mechanical');
#6531=PRODUCT_CONTEXT('',#6841,'mechanical');
#6532=PRODUCT_CONTEXT('',#6842,'mechanical');
#6533=PRODUCT_CONTEXT('',#6843,'mechanical');
#6534=PRODUCT_CONTEXT('',#6844,'mechanical');
#6535=PRODUCT_CONTEXT('',#6845,'mechanical');
#6536=PRODUCT_CONTEXT('',#6846,'mechanical');
#6537=PRODUCT_CONTEXT('',#6847,'mechanical');
#6538=PRODUCT_CONTEXT('',#6848,'mechanical');
#6539=PRODUCT_CONTEXT('',#6849,'mechanical');
#6540=PRODUCT_CONTEXT('',#6850,'mechanical');
#6541=PRODUCT_CONTEXT('',#6851,'mechanical');
#6542=PRODUCT_CONTEXT('',#6852,'mechanical');
#6543=PRODUCT_CONTEXT('',#6853,'mechanical');
#6544=PRODUCT_CONTEXT('',#6854,'mechanical');
#6545=PRODUCT_CONTEXT('',#6855,'mechanical');
#6546=PRODUCT_CONTEXT('',#6856,'mechanical');
#6547=PRODUCT_CONTEXT('',#6857,'mechanical');
#6548=PRODUCT_CONTEXT('',#6858,'mechanical');
#6549=PRODUCT_CONTEXT('',#6859,'mechanical');
#6550=PRODUCT_CONTEXT('',#6860,'mechanical');
#6551=PRODUCT_CONTEXT('',#6861,'mechanical');
#6552=PRODUCT_CONTEXT('',#6862,'mechanical');
#6553=PRODUCT_CONTEXT('',#6863,'mechanical');
#6554=PRODUCT_CONTEXT('',#6864,'mechanical');
#6555=PRODUCT_CONTEXT('',#6865,'mechanical');
#6556=PRODUCT_CONTEXT('',#6866,'mechanical');
#6557=PRODUCT_CONTEXT('',#6867,'mechanical');
#6558=PRODUCT_CONTEXT('',#6868,'mechanical');
#6559=PRODUCT_CONTEXT('',#6869,'mechanical');
#6560=PRODUCT_CONTEXT('',#6870,'mechanical');
#6561=PRODUCT_CONTEXT('',#6871,'mechanical');
#6562=PRODUCT_CONTEXT('',#6872,'mechanical');
#6563=PRODUCT_CONTEXT('',#6873,'mechanical');
#6564=PRODUCT_CONTEXT('',#6874,'mechanical');
#6565=PRODUCT_CONTEXT('',#6875,'mechanical');
#6566=PRODUCT_CONTEXT('',#6876,'mechanical');
#6567=PRODUCT_CONTEXT('',#6877,'mechanical');
#6568=PRODUCT_CONTEXT('',#6878,'mechanical');
#6569=PRODUCT_CONTEXT('',#6879,'mechanical');
#6570=PRODUCT_CONTEXT('',#6880,'mechanical');
#6571=PRODUCT_CONTEXT('',#6881,'mechanical');
#6572=PRODUCT_CONTEXT('',#6882,'mechanical');
#6573=PRODUCT_CONTEXT('',#6883,'mechanical');
#6574=PRODUCT_CONTEXT('',#6884,'mechanical');
#6575=PRODUCT_CONTEXT('',#6885,'mechanical');
#6576=PRODUCT_CONTEXT('',#6886,'mechanical');
#6577=PRODUCT_CONTEXT('',#6887,'mechanical');
#6578=PRODUCT_CONTEXT('',#6888,'mechanical');
#6579=PRODUCT_CONTEXT('',#6889,'mechanical');
#6580=PRODUCT_CONTEXT('',#6890,'mechanical');
#6581=PRODUCT_CONTEXT('',#6891,'mechanical');
#6582=APPLICATION_PROTOCOL_DEFINITION('international standard','ap242_managed_model_based_3d_engineering',2020,#6737);
#6583=APPLICATION_PROTOCOL_DEFINITION('international standard','ap242_managed_model_based_3d_engineering',2020,#6738);
#6584=APPLICATION_PROTOCOL_DEFINITION('international standard','ap242_managed_model_based_3d_engineering',2020,#6739);
#6585=APPLICATION_PROTOCOL_DEFINITION('international standard','ap242_managed_model_based_3d_engineering',2020,#6740);
#6586=APPLICATION_PROTOCOL_DEFINITION('international standard','ap242_managed_model_based_3d_engineering',2020,#6741);
#6587=APPLICATION_PROTOCOL_DEFINITION('international standard','ap242_managed_model_based_3d_engineering',2020,#6742);
#6588=APPLICATION_PROTOCOL_DEFINITION('international standard','ap242_managed_model_based_3d_engineering',2020,#6743);
#6589=APPLICATION_PROTOCOL_DEFINITION('international standard','ap242_managed_model_based_3d_engineering',2020,#6744);
#6590=APPLICATION_PROTOCOL_DEFINITION('international standard','ap242_managed_model_based_3d_engineering',2020,#6745);
#6591=APPLICATION_PROTOCOL_DEFINITION('international standard','ap242_managed_model_based_3d_engineering',2020,#6746);
#6592=APPLICATION_PROTOCOL_DEFINITION('international standard','ap242_managed_model_based_3d_engineering',2020,#6747);
#6593=APPLICATION_PROTOCOL_DEFINITION('international standard','ap242_managed_model_based_3d_engineering',2020,#6748);
#6594=APPLICATION_PROTOCOL_DEFINITION('international standard','ap242_managed_model_based_3d_engineering',2020,#6749);
#6595=APPLICATION_PROTOCOL_DEFINITION('international standard','ap242_managed_model_based_3d_engineering',2020,#6750);
#6596=APPLICATION_PROTOCOL_DEFINITION('international standard','ap242_managed_model_based_3d_engineering',2020,#6751);
#6597=APPLICATION_PROTOCOL_DEFINITION('international standard','ap242_managed_model_based_3d_engineering',2020,#6752);
#6598=APPLICATION_PROTOCOL_DEFINITION('international standard','ap242_managed_model_based_3d_engineering',2020,#6753);
#6599=APPLICATION_PROTOCOL_DEFINITION('international standard','ap242_managed_model_based_3d_engineering',2020,#6754);
#6600=APPLICATION_PROTOCOL_DEFINITION('international standard','ap242_managed_model_based_3d_engineering',2020,#6755);
#6601=APPLICATION_PROTOCOL_DEFINITION('international standard','ap242_managed_model_based_3d_engineering',2020,#6756);
#6602=APPLICATION_PROTOCOL_DEFINITION('international standard','ap242_managed_model_based_3d_engineering',2020,#6757);
#6603=APPLICATION_PROTOCOL_DEFINITION('international standard','ap242_managed_model_based_3d_engineering',2020,#6758);
#6604=APPLICATION_PROTOCOL_DEFINITION('international standard','ap242_managed_model_based_3d_engineering',2020,#6759);
#6605=APPLICATION_PROTOCOL_DEFINITION('international standard','ap242_managed_model_based_3d_engineering',2020,#6760);
#6606=APPLICATION_PROTOCOL_DEFINITION('international standard','ap242_managed_model_based_3d_engineering',2020,#6761);
#6607=APPLICATION_PROTOCOL_DEFINITION('international standard','ap242_managed_model_based_3d_engineering',2020,#6762);
#6608=APPLICATION_PROTOCOL_DEFINITION('international standard','ap242_managed_model_based_3d_engineering',2020,#6763);
#6609=APPLICATION_PROTOCOL_DEFINITION('international standard','ap242_managed_model_based_3d_engineering',2020,#6764);
#6610=APPLICATION_PROTOCOL_DEFINITION('international standard','ap242_managed_model_based_3d_engineering',2020,#6765);
#6611=APPLICATION_PROTOCOL_DEFINITION('international standard','ap242_managed_model_based_3d_engineering',2020,#6766);
#6612=APPLICATION_PROTOCOL_DEFINITION('international standard','ap242_managed_model_based_3d_engineering',2020,#6767);
#6613=APPLICATION_PROTOCOL_DEFINITION('international standard','ap242_managed_model_based_3d_engineering',2020,#6768);
#6614=APPLICATION_PROTOCOL_DEFINITION('international standard','ap242_managed_model_based_3d_engineering',2020,#6769);
#6615=APPLICATION_PROTOCOL_DEFINITION('international standard','ap242_managed_model_based_3d_engineering',2020,#6770);
#6616=APPLICATION_PROTOCOL_DEFINITION('international standard','ap242_managed_model_based_3d_engineering',2020,#6771);
#6617=APPLICATION_PROTOCOL_DEFINITION('international standard','ap242_managed_model_based_3d_engineering',2020,#6772);
#6618=APPLICATION_PROTOCOL_DEFINITION('international standard','ap242_managed_model_based_3d_engineering',2020,#6773);
#6619=APPLICATION_PROTOCOL_DEFINITION('international standard','ap242_managed_model_based_3d_engineering',2020,#6774);
#6620=APPLICATION_PROTOCOL_DEFINITION('international standard','ap242_managed_model_based_3d_engineering',2020,#6775);
#6621=APPLICATION_PROTOCOL_DEFINITION('international standard','ap242_managed_model_based_3d_engineering',2020,#6776);
#6622=APPLICATION_PROTOCOL_DEFINITION('international standard','ap242_managed_model_based_3d_engineering',2020,#6777);
#6623=APPLICATION_PROTOCOL_DEFINITION('international standard','ap242_managed_model_based_3d_engineering',2020,#6778);
#6624=APPLICATION_PROTOCOL_DEFINITION('international standard','ap242_managed_model_based_3d_engineering',2020,#6779);
#6625=APPLICATION_PROTOCOL_DEFINITION('international standard','ap242_managed_model_based_3d_engineering',2020,#6780);
#6626=APPLICATION_PROTOCOL_DEFINITION('international standard','ap242_managed_model_based_3d_engineering',2020,#6781);
#6627=APPLICATION_PROTOCOL_DEFINITION('international standard','ap242_managed_model_based_3d_engineering',2020,#6782);
#6628=APPLICATION_PROTOCOL_DEFINITION('international standard','ap242_managed_model_based_3d_engineering',2020,#6783);
#6629=APPLICATION_PROTOCOL_DEFINITION('international standard','ap242_managed_model_based_3d_engineering',2020,#6784);
#6630=APPLICATION_PROTOCOL_DEFINITION('international standard','ap242_managed_model_based_3d_engineering',2020,#6785);
#6631=APPLICATION_PROTOCOL_DEFINITION('international standard','ap242_managed_model_based_3d_engineering',2020,#6786);
#6632=APPLICATION_PROTOCOL_DEFINITION('international standard','ap242_managed_model_based_3d_engineering',2020,#6787);
#6633=APPLICATION_PROTOCOL_DEFINITION('international standard','ap242_managed_model_based_3d_engineering',2020,#6788);
#6634=APPLICATION_PROTOCOL_DEFINITION('international standard','ap242_managed_model_based_3d_engineering',2020,#6789);
#6635=APPLICATION_PROTOCOL_DEFINITION('international standard','ap242_managed_model_based_3d_engineering',2020,#6790);
#6636=APPLICATION_PROTOCOL_DEFINITION('international standard','ap242_managed_model_based_3d_engineering',2020,#6791);
#6637=APPLICATION_PROTOCOL_DEFINITION('international standard','ap242_managed_model_based_3d_engineering',2020,#6792);
#6638=APPLICATION_PROTOCOL_DEFINITION('international standard','ap242_managed_model_based_3d_engineering',2020,#6793);
#6639=APPLICATION_PROTOCOL_DEFINITION('international standard','ap242_managed_model_based_3d_engineering',2020,#6794);
#6640=APPLICATION_PROTOCOL_DEFINITION('international standard','ap242_managed_model_based_3d_engineering',2020,#6795);
#6641=APPLICATION_PROTOCOL_DEFINITION('international standard','ap242_managed_model_based_3d_engineering',2020,#6796);
#6642=APPLICATION_PROTOCOL_DEFINITION('international standard','ap242_managed_model_based_3d_engineering',2020,#6797);
#6643=APPLICATION_PROTOCOL_DEFINITION('international standard','ap242_managed_model_based_3d_engineering',2020,#6798);
#6644=APPLICATION_PROTOCOL_DEFINITION('international standard','ap242_managed_model_based_3d_engineering',2020,#6799);
#6645=APPLICATION_PROTOCOL_DEFINITION('international standard','ap242_managed_model_based_3d_engineering',2020,#6800);
#6646=APPLICATION_PROTOCOL_DEFINITION('international standard','ap242_managed_model_based_3d_engineering',2020,#6801);
#6647=APPLICATION_PROTOCOL_DEFINITION('international standard','ap242_managed_model_based_3d_engineering',2020,#6802);
#6648=APPLICATION_PROTOCOL_DEFINITION('international standard','ap242_managed_model_based_3d_engineering',2020,#6803);
#6649=APPLICATION_PROTOCOL_DEFINITION('international standard','ap242_managed_model_based_3d_engineering',2020,#6804);
#6650=APPLICATION_PROTOCOL_DEFINITION('international standard','ap242_managed_model_based_3d_engineering',2020,#6805);
#6651=APPLICATION_PROTOCOL_DEFINITION('international standard','ap242_managed_model_based_3d_engineering',2020,#6806);
#6652=APPLICATION_PROTOCOL_DEFINITION('international standard','ap242_managed_model_based_3d_engineering',2020,#6807);
#6653=APPLICATION_PROTOCOL_DEFINITION('international standard','ap242_managed_model_based_3d_engineering',2020,#6808);
#6654=APPLICATION_PROTOCOL_DEFINITION('international standard','ap242_managed_model_based_3d_engineering',2020,#6809);
#6655=APPLICATION_PROTOCOL_DEFINITION('international standard','ap242_managed_model_based_3d_engineering',2020,#6810);
#6656=APPLICATION_PROTOCOL_DEFINITION('international standard','ap242_managed_model_based_3d_engineering',2020,#6811);
#6657=APPLICATION_PROTOCOL_DEFINITION('international standard','ap242_managed_model_based_3d_engineering',2020,#6812);
#6658=APPLICATION_PROTOCOL_DEFINITION('international standard','ap242_managed_model_based_3d_engineering',2020,#6813);
#6659=APPLICATION_PROTOCOL_DEFINITION('international standard','ap242_managed_model_based_3d_engineering',2020,#6814);
#6660=APPLICATION_PROTOCOL_DEFINITION('international standard','ap242_managed_model_based_3d_engineering',2020,#6815);
#6661=APPLICATION_PROTOCOL_DEFINITION('international standard','ap242_managed_model_based_3d_engineering',2020,#6816);
#6662=APPLICATION_PROTOCOL_DEFINITION('international standard','ap242_managed_model_based_3d_engineering',2020,#6817);
#6663=APPLICATION_PROTOCOL_DEFINITION('international standard','ap242_managed_model_based_3d_engineering',2020,#6818);
#6664=APPLICATION_PROTOCOL_DEFINITION('international standard','ap242_managed_model_based_3d_engineering',2020,#6819);
#6665=APPLICATION_PROTOCOL_DEFINITION('international standard','ap242_managed_model_based_3d_engineering',2020,#6820);
#6666=APPLICATION_PROTOCOL_DEFINITION('international standard','ap242_managed_model_based_3d_engineering',2020,#6821);
#6667=APPLICATION_PROTOCOL_DEFINITION('international standard','ap242_managed_model_based_3d_engineering',2020,#6822);
#6668=APPLICATION_PROTOCOL_DEFINITION('international standard','ap242_managed_model_based_3d_engineering',2020,#6823);
#6669=APPLICATION_PROTOCOL_DEFINITION('international standard','ap242_managed_model_based_3d_engineering',2020,#6824);
#6670=APPLICATION_PROTOCOL_DEFINITION('international standard','ap242_managed_model_based_3d_engineering',2020,#6825);
#6671=APPLICATION_PROTOCOL_DEFINITION('international standard','ap242_managed_model_based_3d_engineering',2020,#6826);
#6672=APPLICATION_PROTOCOL_DEFINITION('international standard','ap242_managed_model_based_3d_engineering',2020,#6827);
#6673=APPLICATION_PROTOCOL_DEFINITION('international standard','ap242_managed_model_based_3d_engineering',2020,#6828);
#6674=APPLICATION_PROTOCOL_DEFINITION('international standard','ap242_managed_model_based_3d_engineering',2020,#6829);
#6675=APPLICATION_PROTOCOL_DEFINITION('international standard','ap242_managed_model_based_3d_engineering',2020,#6830);
#6676=APPLICATION_PROTOCOL_DEFINITION('international standard','ap242_managed_model_based_3d_engineering',2020,#6831);
#6677=APPLICATION_PROTOCOL_DEFINITION('international standard','ap242_managed_model_based_3d_engineering',2020,#6832);
#6678=APPLICATION_PROTOCOL_DEFINITION('international standard','ap242_managed_model_based_3d_engineering',2020,#6833);
#6679=APPLICATION_PROTOCOL_DEFINITION('international standard','ap242_managed_model_based_3d_engineering',2020,#6834);
#6680=APPLICATION_PROTOCOL_DEFINITION('international standard','ap242_managed_model_based_3d_engineering',2020,#6835);
#6681=APPLICATION_PROTOCOL_DEFINITION('international standard','ap242_managed_model_based_3d_engineering',2020,#6836);
#6682=APPLICATION_PROTOCOL_DEFINITION('international standard','ap242_managed_model_based_3d_engineering',2020,#6837);
#6683=APPLICATION_PROTOCOL_DEFINITION('international standard','ap242_managed_model_based_3d_engineering',2020,#6838);
#6684=APPLICATION_PROTOCOL_DEFINITION('international standard','ap242_managed_model_based_3d_engineering',2020,#6839);
#6685=APPLICATION_PROTOCOL_DEFINITION('international standard','ap242_managed_model_based_3d_engineering',2020,#6840);
#6686=APPLICATION_PROTOCOL_DEFINITION('international standard','ap242_managed_model_based_3d_engineering',2020,#6841);
#6687=APPLICATION_PROTOCOL_DEFINITION('international standard','ap242_managed_model_based_3d_engineering',2020,#6842);
#6688=APPLICATION_PROTOCOL_DEFINITION('international standard','ap242_managed_model_based_3d_engineering',2020,#6843);
#6689=APPLICATION_PROTOCOL_DEFINITION('international standard','ap242_managed_model_based_3d_engineering',2020,#6844);
#6690=APPLICATION_PROTOCOL_DEFINITION('international standard','ap242_managed_model_based_3d_engineering',2020,#6845);
#6691=APPLICATION_PROTOCOL_DEFINITION('international standard','ap242_managed_model_based_3d_engineering',2020,#6846);
#6692=APPLICATION_PROTOCOL_DEFINITION('international standard','ap242_managed_model_based_3d_engineering',2020,#6847);
#6693=APPLICATION_PROTOCOL_DEFINITION('international standard','ap242_managed_model_based_3d_engineering',2020,#6848);
#6694=APPLICATION_PROTOCOL_DEFINITION('international standard','ap242_managed_model_based_3d_engineering',2020,#6849);
#6695=APPLICATION_PROTOCOL_DEFINITION('international standard','ap242_managed_model_based_3d_engineering',2020,#6850);
#6696=APPLICATION_PROTOCOL_DEFINITION('international standard','ap242_managed_model_based_3d_engineering',2020,#6851);
#6697=APPLICATION_PROTOCOL_DEFINITION('international standard','ap242_managed_model_based_3d_engineering',2020,#6852);
#6698=APPLICATION_PROTOCOL_DEFINITION('international standard','ap242_managed_model_based_3d_engineering',2020,#6853);
#6699=APPLICATION_PROTOCOL_DEFINITION('international standard','ap242_managed_model_based_3d_engineering',2020,#6854);
#6700=APPLICATION_PROTOCOL_DEFINITION('international standard','ap242_managed_model_based_3d_engineering',2020,#6855);
#6701=APPLICATION_PROTOCOL_DEFINITION('international standard','ap242_managed_model_based_3d_engineering',2020,#6856);
#6702=APPLICATION_PROTOCOL_DEFINITION('international standard','ap242_managed_model_based_3d_engineering',2020,#6857);
#6703=APPLICATION_PROTOCOL_DEFINITION('international standard','ap242_managed_model_based_3d_engineering',2020,#6858);
#6704=APPLICATION_PROTOCOL_DEFINITION('international standard','ap242_managed_model_based_3d_engineering',2020,#6859);
#6705=APPLICATION_PROTOCOL_DEFINITION('international standard','ap242_managed_model_based_3d_engineering',2020,#6860);
#6706=APPLICATION_PROTOCOL_DEFINITION('international standard','ap242_managed_model_based_3d_engineering',2020,#6861);
#6707=APPLICATION_PROTOCOL_DEFINITION('international standard','ap242_managed_model_based_3d_engineering',2020,#6862);
#6708=APPLICATION_PROTOCOL_DEFINITION('international standard','ap242_managed_model_based_3d_engineering',2020,#6863);
#6709=APPLICATION_PROTOCOL_DEFINITION('international standard','ap242_managed_model_based_3d_engineering',2020,#6864);
#6710=APPLICATION_PROTOCOL_DEFINITION('international standard','ap242_managed_model_based_3d_engineering',2020,#6865);
#6711=APPLICATION_PROTOCOL_DEFINITION('international standard','ap242_managed_model_based_3d_engineering',2020,#6866);
#6712=APPLICATION_PROTOCOL_DEFINITION('international standard','ap242_managed_model_based_3d_engineering',2020,#6867);
#6713=APPLICATION_PROTOCOL_DEFINITION('international standard','ap242_managed_model_based_3d_engineering',2020,#6868);
#6714=APPLICATION_PROTOCOL_DEFINITION('international standard','ap242_managed_model_based_3d_engineering',2020,#6869);
#6715=APPLICATION_PROTOCOL_DEFINITION('international standard','ap242_managed_model_based_3d_engineering',2020,#6870);
#6716=APPLICATION_PROTOCOL_DEFINITION('international standard','ap242_managed_model_based_3d_engineering',2020,#6871);
#6717=APPLICATION_PROTOCOL_DEFINITION('international standard','ap242_managed_model_based_3d_engineering',2020,#6872);
#6718=APPLICATION_PROTOCOL_DEFINITION('international standard','ap242_managed_model_based_3d_engineering',2020,#6873);
#6719=APPLICATION_PROTOCOL_DEFINITION('international standard','ap242_managed_model_based_3d_engineering',2020,#6874);
#6720=APPLICATION_PROTOCOL_DEFINITION('international standard','ap242_managed_model_based_3d_engineering',2020,#6875);
#6721=APPLICATION_PROTOCOL_DEFINITION('international standard','ap242_managed_model_based_3d_engineering',2020,#6876);
#6722=APPLICATION_PROTOCOL_DEFINITION('international standard','ap242_managed_model_based_3d_engineering',2020,#6877);
#6723=APPLICATION_PROTOCOL_DEFINITION('international standard','ap242_managed_model_based_3d_engineering',2020,#6878);
#6724=APPLICATION_PROTOCOL_DEFINITION('international standard','ap242_managed_model_based_3d_engineering',2020,#6879);
#6725=APPLICATION_PROTOCOL_DEFINITION('international standard','ap242_managed_model_based_3d_engineering',2020,#6880);
#6726=APPLICATION_PROTOCOL_DEFINITION('international standard','ap242_managed_model_based_3d_engineering',2020,#6881);
#6727=APPLICATION_PROTOCOL_DEFINITION('international standard','ap242_managed_model_based_3d_engineering',2020,#6882);
#6728=APPLICATION_PROTOCOL_DEFINITION('international standard','ap242_managed_model_based_3d_engineering',2020,#6883);
#6729=APPLICATION_PROTOCOL_DEFINITION('international standard','ap242_managed_model_based_3d_engineering',2020,#6884);
#6730=APPLICATION_PROTOCOL_DEFINITION('international standard','ap242_managed_model_based_3d_engineering',2020,#6885);
#6731=APPLICATION_PROTOCOL_DEFINITION('international standard','ap242_managed_model_based_3d_engineering',2020,#6886);
#6732=APPLICATION_PROTOCOL_DEFINITION('international standard','ap242_managed_model_based_3d_engineering',2020,#6887);
#6733=APPLICATION_PROTOCOL_DEFINITION('international standard','ap242_managed_model_based_3d_engineering',2020,#6888);
#6734=APPLICATION_PROTOCOL_DEFINITION('international standard','ap242_managed_model_based_3d_engineering',2020,#6889);
#6735=APPLICATION_PROTOCOL_DEFINITION('international standard','ap242_managed_model_based_3d_engineering',2020,#6890);
#6736=APPLICATION_PROTOCOL_DEFINITION('international standard','ap242_managed_model_based_3d_engineering',2020,#6891);
#6737=APPLICATION_CONTEXT('managed model based 3d engineering');
#6738=APPLICATION_CONTEXT('managed model based 3d engineering');
#6739=APPLICATION_CONTEXT('managed model based 3d engineering');
#6740=APPLICATION_CONTEXT('managed model based 3d engineering');
#6741=APPLICATION_CONTEXT('managed model based 3d engineering');
#6742=APPLICATION_CONTEXT('managed model based 3d engineering');
#6743=APPLICATION_CONTEXT('managed model based 3d engineering');
#6744=APPLICATION_CONTEXT('managed model based 3d engineering');
#6745=APPLICATION_CONTEXT('managed model based 3d engineering');
#6746=APPLICATION_CONTEXT('managed model based 3d engineering');
#6747=APPLICATION_CONTEXT('managed model based 3d engineering');
#6748=APPLICATION_CONTEXT('managed model based 3d engineering');
#6749=APPLICATION_CONTEXT('managed model based 3d engineering');
#6750=APPLICATION_CONTEXT('managed model based 3d engineering');
#6751=APPLICATION_CONTEXT('managed model based 3d engineering');
#6752=APPLICATION_CONTEXT('managed model based 3d engineering');
#6753=APPLICATION_CONTEXT('managed model based 3d engineering');
#6754=APPLICATION_CONTEXT('managed model based 3d engineering');
#6755=APPLICATION_CONTEXT('managed model based 3d engineering');
#6756=APPLICATION_CONTEXT('managed model based 3d engineering');
#6757=APPLICATION_CONTEXT('managed model based 3d engineering');
#6758=APPLICATION_CONTEXT('managed model based 3d engineering');
#6759=APPLICATION_CONTEXT('managed model based 3d engineering');
#6760=APPLICATION_CONTEXT('managed model based 3d engineering');
#6761=APPLICATION_CONTEXT('managed model based 3d engineering');
#6762=APPLICATION_CONTEXT('managed model based 3d engineering');
#6763=APPLICATION_CONTEXT('managed model based 3d engineering');
#6764=APPLICATION_CONTEXT('managed model based 3d engineering');
#6765=APPLICATION_CONTEXT('managed model based 3d engineering');
#6766=APPLICATION_CONTEXT('managed model based 3d engineering');
#6767=APPLICATION_CONTEXT('managed model based 3d engineering');
#6768=APPLICATION_CONTEXT('managed model based 3d engineering');
#6769=APPLICATION_CONTEXT('managed model based 3d engineering');
#6770=APPLICATION_CONTEXT('managed model based 3d engineering');
#6771=APPLICATION_CONTEXT('managed model based 3d engineering');
#6772=APPLICATION_CONTEXT('managed model based 3d engineering');
#6773=APPLICATION_CONTEXT('managed model based 3d engineering');
#6774=APPLICATION_CONTEXT('managed model based 3d engineering');
#6775=APPLICATION_CONTEXT('managed model based 3d engineering');
#6776=APPLICATION_CONTEXT('managed model based 3d engineering');
#6777=APPLICATION_CONTEXT('managed model based 3d engineering');
#6778=APPLICATION_CONTEXT('managed model based 3d engineering');
#6779=APPLICATION_CONTEXT('managed model based 3d engineering');
#6780=APPLICATION_CONTEXT('managed model based 3d engineering');
#6781=APPLICATION_CONTEXT('managed model based 3d engineering');
#6782=APPLICATION_CONTEXT('managed model based 3d engineering');
#6783=APPLICATION_CONTEXT('managed model based 3d engineering');
#6784=APPLICATION_CONTEXT('managed model based 3d engineering');
#6785=APPLICATION_CONTEXT('managed model based 3d engineering');
#6786=APPLICATION_CONTEXT('managed model based 3d engineering');
#6787=APPLICATION_CONTEXT('managed model based 3d engineering');
#6788=APPLICATION_CONTEXT('managed model based 3d engineering');
#6789=APPLICATION_CONTEXT('managed model based 3d engineering');
#6790=APPLICATION_CONTEXT('managed model based 3d engineering');
#6791=APPLICATION_CONTEXT('managed model based 3d engineering');
#6792=APPLICATION_CONTEXT('managed model based 3d engineering');
#6793=APPLICATION_CONTEXT('managed model based 3d engineering');
#6794=APPLICATION_CONTEXT('managed model based 3d engineering');
#6795=APPLICATION_CONTEXT('managed model based 3d engineering');
#6796=APPLICATION_CONTEXT('managed model based 3d engineering');
#6797=APPLICATION_CONTEXT('managed model based 3d engineering');
#6798=APPLICATION_CONTEXT('managed model based 3d engineering');
#6799=APPLICATION_CONTEXT('managed model based 3d engineering');
#6800=APPLICATION_CONTEXT('managed model based 3d engineering');
#6801=APPLICATION_CONTEXT('managed model based 3d engineering');
#6802=APPLICATION_CONTEXT('managed model based 3d engineering');
#6803=APPLICATION_CONTEXT('managed model based 3d engineering');
#6804=APPLICATION_CONTEXT('managed model based 3d engineering');
#6805=APPLICATION_CONTEXT('managed model based 3d engineering');
#6806=APPLICATION_CONTEXT('managed model based 3d engineering');
#6807=APPLICATION_CONTEXT('managed model based 3d engineering');
#6808=APPLICATION_CONTEXT('managed model based 3d engineering');
#6809=APPLICATION_CONTEXT('managed model based 3d engineering');
#6810=APPLICATION_CONTEXT('managed model based 3d engineering');
#6811=APPLICATION_CONTEXT('managed model based 3d engineering');
#6812=APPLICATION_CONTEXT('managed model based 3d engineering');
#6813=APPLICATION_CONTEXT('managed model based 3d engineering');
#6814=APPLICATION_CONTEXT('managed model based 3d engineering');
#6815=APPLICATION_CONTEXT('managed model based 3d engineering');
#6816=APPLICATION_CONTEXT('managed model based 3d engineering');
#6817=APPLICATION_CONTEXT('managed model based 3d engineering');
#6818=APPLICATION_CONTEXT('managed model based 3d engineering');
#6819=APPLICATION_CONTEXT('managed model based 3d engineering');
#6820=APPLICATION_CONTEXT('managed model based 3d engineering');
#6821=APPLICATION_CONTEXT('managed model based 3d engineering');
#6822=APPLICATION_CONTEXT('managed model based 3d engineering');
#6823=APPLICATION_CONTEXT('managed model based 3d engineering');
#6824=APPLICATION_CONTEXT('managed model based 3d engineering');
#6825=APPLICATION_CONTEXT('managed model based 3d engineering');
#6826=APPLICATION_CONTEXT('managed model based 3d engineering');
#6827=APPLICATION_CONTEXT('managed model based 3d engineering');
#6828=APPLICATION_CONTEXT('managed model based 3d engineering');
#6829=APPLICATION_CONTEXT('managed model based 3d engineering');
#6830=APPLICATION_CONTEXT('managed model based 3d engineering');
#6831=APPLICATION_CONTEXT('managed model based 3d engineering');
#6832=APPLICATION_CONTEXT('managed model based 3d engineering');
#6833=APPLICATION_CONTEXT('managed model based 3d engineering');
#6834=APPLICATION_CONTEXT('managed model based 3d engineering');
#6835=APPLICATION_CONTEXT('managed model based 3d engineering');
#6836=APPLICATION_CONTEXT('managed model based 3d engineering');
#6837=APPLICATION_CONTEXT('managed model based 3d engineering');
#6838=APPLICATION_CONTEXT('managed model based 3d engineering');
#6839=APPLICATION_CONTEXT('managed model based 3d engineering');
#6840=APPLICATION_CONTEXT('managed model based 3d engineering');
#6841=APPLICATION_CONTEXT('managed model based 3d engineering');
#6842=APPLICATION_CONTEXT('managed model based 3d engineering');
#6843=APPLICATION_CONTEXT('managed model based 3d engineering');
#6844=APPLICATION_CONTEXT('managed model based 3d engineering');
#6845=APPLICATION_CONTEXT('managed model based 3d engineering');
#6846=APPLICATION_CONTEXT('managed model based 3d engineering');
#6847=APPLICATION_CONTEXT('managed model based 3d engineering');
#6848=APPLICATION_CONTEXT('managed model based 3d engineering');
#6849=APPLICATION_CONTEXT('managed model based 3d engineering');
#6850=APPLICATION_CONTEXT('managed model based 3d engineering');
#6851=APPLICATION_CONTEXT('managed model based 3d engineering');
#6852=APPLICATION_CONTEXT('managed model based 3d engineering');
#6853=APPLICATION_CONTEXT('managed model based 3d engineering');
#6854=APPLICATION_CONTEXT('managed model based 3d engineering');
#6855=APPLICATION_CONTEXT('managed model based 3d engineering');
#6856=APPLICATION_CONTEXT('managed model based 3d engineering');
#6857=APPLICATION_CONTEXT('managed model based 3d engineering');
#6858=APPLICATION_CONTEXT('managed model based 3d engineering');
#6859=APPLICATION_CONTEXT('managed model based 3d engineering');
#6860=APPLICATION_CONTEXT('managed model based 3d engineering');
#6861=APPLICATION_CONTEXT('managed model based 3d engineering');
#6862=APPLICATION_CONTEXT('managed model based 3d engineering');
#6863=APPLICATION_CONTEXT('managed model based 3d engineering');
#6864=APPLICATION_CONTEXT('managed model based 3d engineering');
#6865=APPLICATION_CONTEXT('managed model based 3d engineering');
#6866=APPLICATION_CONTEXT('managed model based 3d engineering');
#6867=APPLICATION_CONTEXT('managed model based 3d engineering');
#6868=APPLICATION_CONTEXT('managed model based 3d engineering');
#6869=APPLICATION_CONTEXT('managed model based 3d engineering');
#6870=APPLICATION_CONTEXT('managed model based 3d engineering');
#6871=APPLICATION_CONTEXT('managed model based 3d engineering');
#6872=APPLICATION_CONTEXT('managed model based 3d engineering');
#6873=APPLICATION_CONTEXT('managed model based 3d engineering');
#6874=APPLICATION_CONTEXT('managed model based 3d engineering');
#6875=APPLICATION_CONTEXT('managed model based 3d engineering');
#6876=APPLICATION_CONTEXT('managed model based 3d engineering');
#6877=APPLICATION_CONTEXT('managed model based 3d engineering');
#6878=APPLICATION_CONTEXT('managed model based 3d engineering');
#6879=APPLICATION_CONTEXT('managed model based 3d engineering');
#6880=APPLICATION_CONTEXT('managed model based 3d engineering');
#6881=APPLICATION_CONTEXT('managed model based 3d engineering');
#6882=APPLICATION_CONTEXT('managed model based 3d engineering');
#6883=APPLICATION_CONTEXT('managed model based 3d engineering');
#6884=APPLICATION_CONTEXT('managed model based 3d engineering');
#6885=APPLICATION_CONTEXT('managed model based 3d engineering');
#6886=APPLICATION_CONTEXT('managed model based 3d engineering');
#6887=APPLICATION_CONTEXT('managed model based 3d engineering');
#6888=APPLICATION_CONTEXT('managed model based 3d engineering');
#6889=APPLICATION_CONTEXT('managed model based 3d engineering');
#6890=APPLICATION_CONTEXT('managed model based 3d engineering');
#6891=APPLICATION_CONTEXT('managed model based 3d engineering');
ENDSEC;
END-ISO-10303-21;
