ISO-10303-21;
HEADER;
/*Generated by software containing ST-Developer
 * from STEP Tools, Inc. (www.steptools.com) 
 */
/*OPTION: using custom renumber hook */
/*description */
/*implementation_level */
FILE_DESCRIPTION(('STEP AP242 Edition 2','STEP AP242 Edition 2''CAx-IF Rec.Pracs.---Representation and Presentation of Product Manufa
cturing Information (PMI)---4.0---2014-10-13','STEP AP242 Edition 2''CAx-IF Rec.Pracs.---Representation and Presentation of Product Manufa
cturing Information (PMI)---4.0---2014-10-13''CAx-IF Rec.Pracs.---3D Tessellated Geometry---0.4---2014-09-14','STEP AP242 Edition 2''CAx-IF Rec.Pracs.---Representation and Presentation of Product Manufa
cturing Information (PMI)---4.0---2014-10-13''CAx-IF Rec.Pracs.---3D Tessellated Geometry---0.4---2014-09-14''2;1','STEP AP242 Edition 2''CAx-IF Rec.Pracs.---Representation and Presentation of Product Manufa
cturing Information (PMI)---4.0---2014-10-13''CAx-IF Rec.Pracs.---3D Tessellated Geometry---0.4---2014-09-14''2;1''CAx-IF Rec.Pracs.---User Defined Attributes---1.5---2016-08-15'),'2;1');
/*name */
/*time_stamp */
/*author */
/*organization */
/*preprocessor_version */
/*originating_system */
/*authorisation */
FILE_NAME('/vol/tmp/translate-3556232305664327340/oneball(1).step','2026-03-24T12:55:41',(''),(''),'ST-DEVELOPER v20','ONSHAPE BY PTC INC, 1.212','  ');
FILE_SCHEMA(('AP242_MANAGED_MODEL_BASED_3D_ENGINEERING_MIM_LF { 1 0 10303 442 3 1 4 }'));
ENDSEC;
DATA;
#10=LINE('',#5191,#22);
#11=LINE('',#5194,#23);
#12=LINE('',#5196,#24);
#13=LINE('',#5198,#25);
#14=LINE('',#5200,#26);
#15=LINE('',#5203,#27);
#16=LINE('',#5204,#28);
#17=LINE('',#5206,#29);
#18=LINE('',#5208,#30);
#19=LINE('',#5212,#31);
#20=LINE('',#5214,#32);
#21=LINE('',#5216,#33);
#22=VECTOR('',#4398,1.);
#23=VECTOR('',#4399,1.);
#24=VECTOR('',#4400,1.);
#25=VECTOR('',#4401,1.);
#26=VECTOR('',#4404,1.);
#27=VECTOR('',#4405,1.);
#28=VECTOR('',#4406,1.);
#29=VECTOR('',#4409,1.);
#30=VECTOR('',#4410,1.);
#31=VECTOR('',#4415,1.);
#32=VECTOR('',#4416,1.);
#33=VECTOR('',#4419,1.);
#34=VERTEX_LOOP('',#897);
#35=VERTEX_LOOP('',#898);
#36=VERTEX_LOOP('',#899);
#37=VERTEX_LOOP('',#900);
#38=VERTEX_LOOP('',#901);
#39=VERTEX_LOOP('',#902);
#40=VERTEX_LOOP('',#903);
#41=VERTEX_LOOP('',#904);
#42=VERTEX_LOOP('',#905);
#43=VERTEX_LOOP('',#906);
#44=VERTEX_LOOP('',#907);
#45=VERTEX_LOOP('',#908);
#46=VERTEX_LOOP('',#909);
#47=VERTEX_LOOP('',#910);
#48=VERTEX_LOOP('',#911);
#49=VERTEX_LOOP('',#912);
#50=VERTEX_LOOP('',#913);
#51=VERTEX_LOOP('',#914);
#52=VERTEX_LOOP('',#915);
#53=VERTEX_LOOP('',#916);
#54=VERTEX_LOOP('',#917);
#55=VERTEX_LOOP('',#918);
#56=VERTEX_LOOP('',#919);
#57=VERTEX_LOOP('',#920);
#58=VERTEX_LOOP('',#921);
#59=VERTEX_LOOP('',#922);
#60=VERTEX_LOOP('',#923);
#61=VERTEX_LOOP('',#924);
#62=VERTEX_LOOP('',#925);
#63=VERTEX_LOOP('',#926);
#64=VERTEX_LOOP('',#927);
#65=VERTEX_LOOP('',#928);
#66=VERTEX_LOOP('',#929);
#67=VERTEX_LOOP('',#930);
#68=VERTEX_LOOP('',#931);
#69=VERTEX_LOOP('',#932);
#70=VERTEX_LOOP('',#933);
#71=VERTEX_LOOP('',#934);
#72=VERTEX_LOOP('',#935);
#73=VERTEX_LOOP('',#936);
#74=VERTEX_LOOP('',#937);
#75=VERTEX_LOOP('',#938);
#76=VERTEX_LOOP('',#939);
#77=VERTEX_LOOP('',#940);
#78=VERTEX_LOOP('',#941);
#79=VERTEX_LOOP('',#942);
#80=VERTEX_LOOP('',#943);
#81=VERTEX_LOOP('',#954);
#82=VERTEX_LOOP('',#955);
#83=VERTEX_LOOP('',#956);
#84=VERTEX_LOOP('',#957);
#85=VERTEX_LOOP('',#958);
#86=VERTEX_LOOP('',#959);
#87=VERTEX_LOOP('',#960);
#88=VERTEX_LOOP('',#961);
#89=VERTEX_LOOP('',#962);
#90=VERTEX_LOOP('',#963);
#91=VERTEX_LOOP('',#964);
#92=VERTEX_LOOP('',#965);
#93=VERTEX_LOOP('',#966);
#94=VERTEX_LOOP('',#967);
#95=VERTEX_LOOP('',#968);
#96=VERTEX_LOOP('',#969);
#97=VERTEX_LOOP('',#970);
#98=VERTEX_LOOP('',#971);
#99=VERTEX_LOOP('',#972);
#100=VERTEX_LOOP('',#973);
#101=VERTEX_LOOP('',#974);
#102=VERTEX_LOOP('',#975);
#103=VERTEX_LOOP('',#976);
#104=VERTEX_LOOP('',#977);
#105=VERTEX_LOOP('',#978);
#106=VERTEX_LOOP('',#979);
#107=VERTEX_LOOP('',#980);
#108=VERTEX_LOOP('',#981);
#109=VERTEX_LOOP('',#982);
#110=VERTEX_LOOP('',#983);
#111=VERTEX_LOOP('',#984);
#112=VERTEX_LOOP('',#985);
#113=VERTEX_LOOP('',#986);
#114=VERTEX_LOOP('',#987);
#115=VERTEX_LOOP('',#988);
#116=VERTEX_LOOP('',#989);
#117=VERTEX_LOOP('',#990);
#118=VERTEX_LOOP('',#991);
#119=VERTEX_LOOP('',#992);
#120=VERTEX_LOOP('',#993);
#121=VERTEX_LOOP('',#994);
#122=VERTEX_LOOP('',#995);
#123=VERTEX_LOOP('',#996);
#124=VERTEX_LOOP('',#997);
#125=VERTEX_LOOP('',#998);
#126=VERTEX_LOOP('',#999);
#127=VERTEX_LOOP('',#1000);
#128=VERTEX_LOOP('',#1001);
#129=VERTEX_LOOP('',#1002);
#130=VERTEX_LOOP('',#1003);
#131=VERTEX_LOOP('',#1004);
#132=VERTEX_LOOP('',#1005);
#133=VERTEX_LOOP('',#1006);
#134=VERTEX_LOOP('',#1007);
#135=VERTEX_LOOP('',#1008);
#136=VERTEX_LOOP('',#1009);
#137=VERTEX_LOOP('',#1010);
#138=VERTEX_LOOP('',#1011);
#139=VERTEX_LOOP('',#1012);
#140=VERTEX_LOOP('',#1013);
#141=VERTEX_LOOP('',#1014);
#142=VERTEX_LOOP('',#1015);
#143=VERTEX_LOOP('',#1016);
#144=VERTEX_LOOP('',#1017);
#145=VERTEX_LOOP('',#1018);
#146=VERTEX_LOOP('',#1019);
#147=VERTEX_LOOP('',#1020);
#148=VERTEX_LOOP('',#1021);
#149=VERTEX_LOOP('',#1022);
#150=VERTEX_LOOP('',#1023);
#151=VERTEX_LOOP('',#1024);
#152=VERTEX_LOOP('',#1025);
#153=VERTEX_LOOP('',#1026);
#154=VERTEX_LOOP('',#1027);
#155=VERTEX_LOOP('',#1028);
#156=VERTEX_LOOP('',#1029);
#157=VERTEX_LOOP('',#1030);
#158=VERTEX_LOOP('',#1031);
#159=VERTEX_LOOP('',#1032);
#160=VERTEX_LOOP('',#1033);
#161=VERTEX_LOOP('',#1034);
#162=VERTEX_LOOP('',#1035);
#163=VERTEX_LOOP('',#1036);
#164=VERTEX_LOOP('',#1037);
#165=VERTEX_LOOP('',#1038);
#166=VERTEX_LOOP('',#1039);
#167=VERTEX_LOOP('',#1040);
#168=VERTEX_LOOP('',#1041);
#169=VERTEX_LOOP('',#1042);
#170=VERTEX_LOOP('',#1043);
#171=VERTEX_LOOP('',#1044);
#172=VERTEX_LOOP('',#1045);
#173=VERTEX_LOOP('',#1046);
#174=VERTEX_LOOP('',#1047);
#175=VERTEX_LOOP('',#1048);
#176=VERTEX_LOOP('',#1049);
#177=VERTEX_LOOP('',#1050);
#178=VERTEX_LOOP('',#1051);
#179=VERTEX_LOOP('',#1052);
#180=VERTEX_LOOP('',#1053);
#181=VERTEX_LOOP('',#1054);
#182=VERTEX_LOOP('',#1055);
#183=VERTEX_LOOP('',#1056);
#184=VERTEX_LOOP('',#1057);
#185=VERTEX_LOOP('',#1058);
#186=VERTEX_LOOP('',#1059);
#187=VERTEX_LOOP('',#1060);
#188=VERTEX_LOOP('',#1061);
#189=VERTEX_LOOP('',#1062);
#190=VERTEX_LOOP('',#1063);
#191=VERTEX_LOOP('',#1064);
#192=VERTEX_LOOP('',#1065);
#193=VERTEX_LOOP('',#1066);
#194=VERTEX_LOOP('',#1067);
#195=VERTEX_LOOP('',#1068);
#196=VERTEX_LOOP('',#1069);
#197=VERTEX_LOOP('',#1070);
#198=VERTEX_LOOP('',#1071);
#199=VERTEX_LOOP('',#1072);
#200=VERTEX_LOOP('',#1073);
#201=VERTEX_LOOP('',#1074);
#202=VERTEX_LOOP('',#1075);
#203=VERTEX_LOOP('',#1076);
#204=VERTEX_LOOP('',#1077);
#205=VERTEX_LOOP('',#1078);
#206=VERTEX_LOOP('',#1079);
#207=VERTEX_LOOP('',#1080);
#208=VERTEX_LOOP('',#1081);
#209=VERTEX_LOOP('',#1082);
#210=VERTEX_LOOP('',#1083);
#211=VERTEX_LOOP('',#1084);
#212=VERTEX_LOOP('',#1085);
#213=VERTEX_LOOP('',#1086);
#214=VERTEX_LOOP('',#1087);
#215=VERTEX_LOOP('',#1088);
#216=VERTEX_LOOP('',#1089);
#217=VERTEX_LOOP('',#1090);
#218=VERTEX_LOOP('',#1091);
#219=VERTEX_LOOP('',#1092);
#220=VERTEX_LOOP('',#1093);
#221=VERTEX_LOOP('',#1094);
#222=VERTEX_LOOP('',#1095);
#223=VERTEX_LOOP('',#1096);
#224=VERTEX_LOOP('',#1097);
#225=VERTEX_LOOP('',#1098);
#226=VERTEX_LOOP('',#1099);
#227=VERTEX_LOOP('',#1100);
#228=VERTEX_LOOP('',#1101);
#229=VERTEX_LOOP('',#1102);
#230=VERTEX_LOOP('',#1103);
#231=VERTEX_LOOP('',#1104);
#232=VERTEX_LOOP('',#1105);
#233=VERTEX_LOOP('',#1106);
#234=SPHERICAL_SURFACE('',#3784,0.000218);
#235=SPHERICAL_SURFACE('',#3786,0.000218);
#236=SPHERICAL_SURFACE('',#3788,0.000218);
#237=SPHERICAL_SURFACE('',#3790,0.000218);
#238=SPHERICAL_SURFACE('',#3792,0.000218);
#239=SPHERICAL_SURFACE('',#3794,0.000218);
#240=SPHERICAL_SURFACE('',#3796,0.000218);
#241=SPHERICAL_SURFACE('',#3798,0.000218);
#242=SPHERICAL_SURFACE('',#3800,0.000218);
#243=SPHERICAL_SURFACE('',#3802,0.000218);
#244=SPHERICAL_SURFACE('',#3804,0.000218);
#245=SPHERICAL_SURFACE('',#3806,0.000218);
#246=SPHERICAL_SURFACE('',#3808,0.000218);
#247=SPHERICAL_SURFACE('',#3810,0.000218);
#248=SPHERICAL_SURFACE('',#3812,0.000218);
#249=SPHERICAL_SURFACE('',#3814,0.000218);
#250=SPHERICAL_SURFACE('',#3816,0.000218);
#251=SPHERICAL_SURFACE('',#3818,0.000218);
#252=SPHERICAL_SURFACE('',#3820,0.000218);
#253=SPHERICAL_SURFACE('',#3822,0.000218);
#254=SPHERICAL_SURFACE('',#3824,0.000218);
#255=SPHERICAL_SURFACE('',#3826,0.000218);
#256=SPHERICAL_SURFACE('',#3828,0.000218);
#257=SPHERICAL_SURFACE('',#3830,0.000218);
#258=SPHERICAL_SURFACE('',#3832,0.000218);
#259=SPHERICAL_SURFACE('',#3834,0.000218);
#260=SPHERICAL_SURFACE('',#3836,0.000218);
#261=SPHERICAL_SURFACE('',#3838,0.000218);
#262=SPHERICAL_SURFACE('',#3840,0.000218);
#263=SPHERICAL_SURFACE('',#3842,0.000218);
#264=SPHERICAL_SURFACE('',#3844,0.000218);
#265=SPHERICAL_SURFACE('',#3846,0.000218);
#266=SPHERICAL_SURFACE('',#3848,0.000218);
#267=SPHERICAL_SURFACE('',#3850,0.000218);
#268=SPHERICAL_SURFACE('',#3852,0.000218);
#269=SPHERICAL_SURFACE('',#3854,0.000218);
#270=SPHERICAL_SURFACE('',#3856,0.000218);
#271=SPHERICAL_SURFACE('',#3858,0.000218);
#272=SPHERICAL_SURFACE('',#3860,0.000218);
#273=SPHERICAL_SURFACE('',#3862,0.000218);
#274=SPHERICAL_SURFACE('',#3864,0.000218);
#275=SPHERICAL_SURFACE('',#3866,0.000218);
#276=SPHERICAL_SURFACE('',#3868,0.000218);
#277=SPHERICAL_SURFACE('',#3870,0.000218);
#278=SPHERICAL_SURFACE('',#3872,0.000218);
#279=SPHERICAL_SURFACE('',#3874,0.000218);
#280=SPHERICAL_SURFACE('',#3876,0.000218);
#281=SPHERICAL_SURFACE('',#3889,0.000218);
#282=SPHERICAL_SURFACE('',#3891,0.000218);
#283=SPHERICAL_SURFACE('',#3893,0.000218);
#284=SPHERICAL_SURFACE('',#3895,0.000218);
#285=SPHERICAL_SURFACE('',#3897,0.000218);
#286=SPHERICAL_SURFACE('',#3899,0.000218);
#287=SPHERICAL_SURFACE('',#3901,0.000218);
#288=SPHERICAL_SURFACE('',#3903,0.000218);
#289=SPHERICAL_SURFACE('',#3905,0.000218);
#290=SPHERICAL_SURFACE('',#3907,0.000218);
#291=SPHERICAL_SURFACE('',#3909,0.000218);
#292=SPHERICAL_SURFACE('',#3911,0.000218);
#293=SPHERICAL_SURFACE('',#3913,0.000218);
#294=SPHERICAL_SURFACE('',#3915,0.000218);
#295=SPHERICAL_SURFACE('',#3917,0.000218);
#296=SPHERICAL_SURFACE('',#3919,0.000218);
#297=SPHERICAL_SURFACE('',#3921,0.000218);
#298=SPHERICAL_SURFACE('',#3923,0.000218);
#299=SPHERICAL_SURFACE('',#3925,0.000218);
#300=SPHERICAL_SURFACE('',#3927,0.000218);
#301=SPHERICAL_SURFACE('',#3929,0.000218);
#302=SPHERICAL_SURFACE('',#3931,0.000218);
#303=SPHERICAL_SURFACE('',#3933,0.000218);
#304=SPHERICAL_SURFACE('',#3935,0.000218);
#305=SPHERICAL_SURFACE('',#3937,0.000218);
#306=SPHERICAL_SURFACE('',#3939,0.000218);
#307=SPHERICAL_SURFACE('',#3941,0.000218);
#308=SPHERICAL_SURFACE('',#3943,0.000218);
#309=SPHERICAL_SURFACE('',#3945,0.000218);
#310=SPHERICAL_SURFACE('',#3947,0.000218);
#311=SPHERICAL_SURFACE('',#3949,0.000218);
#312=SPHERICAL_SURFACE('',#3951,0.000218);
#313=SPHERICAL_SURFACE('',#3953,0.000218);
#314=SPHERICAL_SURFACE('',#3955,0.000218);
#315=SPHERICAL_SURFACE('',#3957,0.000218);
#316=SPHERICAL_SURFACE('',#3959,0.000218);
#317=SPHERICAL_SURFACE('',#3961,0.000218);
#318=SPHERICAL_SURFACE('',#3963,0.000218);
#319=SPHERICAL_SURFACE('',#3965,0.000218);
#320=SPHERICAL_SURFACE('',#3967,0.000218);
#321=SPHERICAL_SURFACE('',#3969,0.000218);
#322=SPHERICAL_SURFACE('',#3971,0.000218);
#323=SPHERICAL_SURFACE('',#3973,0.000218);
#324=SPHERICAL_SURFACE('',#3975,0.000218);
#325=SPHERICAL_SURFACE('',#3977,0.000218);
#326=SPHERICAL_SURFACE('',#3979,0.000218);
#327=SPHERICAL_SURFACE('',#3981,0.000218);
#328=SPHERICAL_SURFACE('',#3983,0.000218);
#329=SPHERICAL_SURFACE('',#3985,0.000218);
#330=SPHERICAL_SURFACE('',#3987,0.000218);
#331=SPHERICAL_SURFACE('',#3989,0.000218);
#332=SPHERICAL_SURFACE('',#3991,0.000218);
#333=SPHERICAL_SURFACE('',#3993,0.000218);
#334=SPHERICAL_SURFACE('',#3995,0.000218);
#335=SPHERICAL_SURFACE('',#3997,0.000218);
#336=SPHERICAL_SURFACE('',#3999,0.000218);
#337=SPHERICAL_SURFACE('',#4001,0.000218);
#338=SPHERICAL_SURFACE('',#4003,0.000218);
#339=SPHERICAL_SURFACE('',#4005,0.000218);
#340=SPHERICAL_SURFACE('',#4007,0.000218);
#341=SPHERICAL_SURFACE('',#4009,0.000218);
#342=SPHERICAL_SURFACE('',#4011,0.000218);
#343=SPHERICAL_SURFACE('',#4013,0.000218);
#344=SPHERICAL_SURFACE('',#4015,0.000218);
#345=SPHERICAL_SURFACE('',#4017,0.000218);
#346=SPHERICAL_SURFACE('',#4019,0.000218);
#347=SPHERICAL_SURFACE('',#4021,0.000218);
#348=SPHERICAL_SURFACE('',#4023,0.000218);
#349=SPHERICAL_SURFACE('',#4025,0.000218);
#350=SPHERICAL_SURFACE('',#4027,0.000218);
#351=SPHERICAL_SURFACE('',#4029,0.000218);
#352=SPHERICAL_SURFACE('',#4031,0.000218);
#353=SPHERICAL_SURFACE('',#4033,0.000218);
#354=SPHERICAL_SURFACE('',#4035,0.000218);
#355=SPHERICAL_SURFACE('',#4037,0.000218);
#356=SPHERICAL_SURFACE('',#4039,0.000218);
#357=SPHERICAL_SURFACE('',#4041,0.000218);
#358=SPHERICAL_SURFACE('',#4043,0.000218);
#359=SPHERICAL_SURFACE('',#4045,0.000218);
#360=SPHERICAL_SURFACE('',#4047,0.000218);
#361=SPHERICAL_SURFACE('',#4049,0.000218);
#362=SPHERICAL_SURFACE('',#4051,0.000218);
#363=SPHERICAL_SURFACE('',#4053,0.000218);
#364=SPHERICAL_SURFACE('',#4055,0.000218);
#365=SPHERICAL_SURFACE('',#4057,0.000218);
#366=SPHERICAL_SURFACE('',#4059,0.000218);
#367=SPHERICAL_SURFACE('',#4061,0.000218);
#368=SPHERICAL_SURFACE('',#4063,0.000218);
#369=SPHERICAL_SURFACE('',#4065,0.000218);
#370=SPHERICAL_SURFACE('',#4067,0.000218);
#371=SPHERICAL_SURFACE('',#4069,0.000218);
#372=SPHERICAL_SURFACE('',#4071,0.000218);
#373=SPHERICAL_SURFACE('',#4073,0.000218);
#374=SPHERICAL_SURFACE('',#4075,0.000218);
#375=SPHERICAL_SURFACE('',#4077,0.000218);
#376=SPHERICAL_SURFACE('',#4079,0.000218);
#377=SPHERICAL_SURFACE('',#4081,0.000218);
#378=SPHERICAL_SURFACE('',#4083,0.000218);
#379=SPHERICAL_SURFACE('',#4085,0.000218);
#380=SPHERICAL_SURFACE('',#4087,0.000218);
#381=SPHERICAL_SURFACE('',#4089,0.000218);
#382=SPHERICAL_SURFACE('',#4091,0.000218);
#383=SPHERICAL_SURFACE('',#4093,0.000218);
#384=SPHERICAL_SURFACE('',#4095,0.000218);
#385=SPHERICAL_SURFACE('',#4097,0.000218);
#386=SPHERICAL_SURFACE('',#4099,0.000218);
#387=SPHERICAL_SURFACE('',#4101,0.000218);
#388=SPHERICAL_SURFACE('',#4103,0.000218);
#389=SPHERICAL_SURFACE('',#4105,0.000218);
#390=SPHERICAL_SURFACE('',#4107,0.000218);
#391=SPHERICAL_SURFACE('',#4109,0.000218);
#392=SPHERICAL_SURFACE('',#4111,0.000218);
#393=SPHERICAL_SURFACE('',#4113,0.000218);
#394=SPHERICAL_SURFACE('',#4115,0.000218);
#395=SPHERICAL_SURFACE('',#4117,0.000218);
#396=SPHERICAL_SURFACE('',#4119,0.000218);
#397=SPHERICAL_SURFACE('',#4121,0.000218);
#398=SPHERICAL_SURFACE('',#4123,0.000218);
#399=SPHERICAL_SURFACE('',#4125,0.000218);
#400=SPHERICAL_SURFACE('',#4127,0.000218);
#401=SPHERICAL_SURFACE('',#4129,0.000218);
#402=SPHERICAL_SURFACE('',#4131,0.000218);
#403=SPHERICAL_SURFACE('',#4133,0.000218);
#404=SPHERICAL_SURFACE('',#4135,0.000218);
#405=SPHERICAL_SURFACE('',#4137,0.000218);
#406=SPHERICAL_SURFACE('',#4139,0.000218);
#407=SPHERICAL_SURFACE('',#4141,0.000218);
#408=SPHERICAL_SURFACE('',#4143,0.000218);
#409=SPHERICAL_SURFACE('',#4145,0.000218);
#410=SPHERICAL_SURFACE('',#4147,0.000218);
#411=SPHERICAL_SURFACE('',#4149,0.000218);
#412=SPHERICAL_SURFACE('',#4151,0.000218);
#413=SPHERICAL_SURFACE('',#4153,0.000218);
#414=SPHERICAL_SURFACE('',#4155,0.000218);
#415=SPHERICAL_SURFACE('',#4157,0.000218);
#416=SPHERICAL_SURFACE('',#4159,0.000218);
#417=SPHERICAL_SURFACE('',#4161,0.000218);
#418=SPHERICAL_SURFACE('',#4163,0.000218);
#419=SPHERICAL_SURFACE('',#4165,0.000218);
#420=SPHERICAL_SURFACE('',#4167,0.000218);
#421=SPHERICAL_SURFACE('',#4169,0.000218);
#422=SPHERICAL_SURFACE('',#4171,0.000218);
#423=SPHERICAL_SURFACE('',#4173,0.000218);
#424=SPHERICAL_SURFACE('',#4175,0.000218);
#425=SPHERICAL_SURFACE('',#4177,0.000218);
#426=SPHERICAL_SURFACE('',#4179,0.000218);
#427=SPHERICAL_SURFACE('',#4181,0.000218);
#428=SPHERICAL_SURFACE('',#4183,0.000218);
#429=SPHERICAL_SURFACE('',#4185,0.000218);
#430=SPHERICAL_SURFACE('',#4187,0.000218);
#431=SPHERICAL_SURFACE('',#4189,0.000218);
#432=SPHERICAL_SURFACE('',#4191,0.000218);
#433=SPHERICAL_SURFACE('',#4193,0.000218);
#434=SHAPE_REPRESENTATION_RELATIONSHIP('','',#3575,#636);
#435=SHAPE_REPRESENTATION_RELATIONSHIP('','',#3576,#637);
#436=SHAPE_REPRESENTATION_RELATIONSHIP('','',#3577,#638);
#437=SHAPE_REPRESENTATION_RELATIONSHIP('','',#3578,#639);
#438=SHAPE_REPRESENTATION_RELATIONSHIP('','',#3579,#640);
#439=SHAPE_REPRESENTATION_RELATIONSHIP('','',#3580,#641);
#440=SHAPE_REPRESENTATION_RELATIONSHIP('','',#3581,#642);
#441=SHAPE_REPRESENTATION_RELATIONSHIP('','',#3582,#643);
#442=SHAPE_REPRESENTATION_RELATIONSHIP('','',#3583,#644);
#443=SHAPE_REPRESENTATION_RELATIONSHIP('','',#3584,#645);
#444=SHAPE_REPRESENTATION_RELATIONSHIP('','',#3585,#646);
#445=SHAPE_REPRESENTATION_RELATIONSHIP('','',#3586,#647);
#446=SHAPE_REPRESENTATION_RELATIONSHIP('','',#3587,#648);
#447=SHAPE_REPRESENTATION_RELATIONSHIP('','',#3588,#649);
#448=SHAPE_REPRESENTATION_RELATIONSHIP('','',#3589,#650);
#449=SHAPE_REPRESENTATION_RELATIONSHIP('','',#3590,#651);
#450=SHAPE_REPRESENTATION_RELATIONSHIP('','',#3591,#652);
#451=SHAPE_REPRESENTATION_RELATIONSHIP('','',#3592,#653);
#452=SHAPE_REPRESENTATION_RELATIONSHIP('','',#3593,#654);
#453=SHAPE_REPRESENTATION_RELATIONSHIP('','',#3594,#655);
#454=SHAPE_REPRESENTATION_RELATIONSHIP('','',#3595,#656);
#455=SHAPE_REPRESENTATION_RELATIONSHIP('','',#3596,#657);
#456=SHAPE_REPRESENTATION_RELATIONSHIP('','',#3597,#658);
#457=SHAPE_REPRESENTATION_RELATIONSHIP('','',#3598,#659);
#458=SHAPE_REPRESENTATION_RELATIONSHIP('','',#3599,#660);
#459=SHAPE_REPRESENTATION_RELATIONSHIP('','',#3600,#661);
#460=SHAPE_REPRESENTATION_RELATIONSHIP('','',#3601,#662);
#461=SHAPE_REPRESENTATION_RELATIONSHIP('','',#3602,#663);
#462=SHAPE_REPRESENTATION_RELATIONSHIP('','',#3603,#664);
#463=SHAPE_REPRESENTATION_RELATIONSHIP('','',#3604,#665);
#464=SHAPE_REPRESENTATION_RELATIONSHIP('','',#3605,#666);
#465=SHAPE_REPRESENTATION_RELATIONSHIP('','',#3606,#667);
#466=SHAPE_REPRESENTATION_RELATIONSHIP('','',#3607,#668);
#467=SHAPE_REPRESENTATION_RELATIONSHIP('','',#3608,#669);
#468=SHAPE_REPRESENTATION_RELATIONSHIP('','',#3609,#670);
#469=SHAPE_REPRESENTATION_RELATIONSHIP('','',#3610,#671);
#470=SHAPE_REPRESENTATION_RELATIONSHIP('','',#3611,#672);
#471=SHAPE_REPRESENTATION_RELATIONSHIP('','',#3612,#673);
#472=SHAPE_REPRESENTATION_RELATIONSHIP('','',#3613,#674);
#473=SHAPE_REPRESENTATION_RELATIONSHIP('','',#3614,#675);
#474=SHAPE_REPRESENTATION_RELATIONSHIP('','',#3615,#676);
#475=SHAPE_REPRESENTATION_RELATIONSHIP('','',#3616,#677);
#476=SHAPE_REPRESENTATION_RELATIONSHIP('','',#3617,#678);
#477=SHAPE_REPRESENTATION_RELATIONSHIP('','',#3618,#679);
#478=SHAPE_REPRESENTATION_RELATIONSHIP('','',#3619,#680);
#479=SHAPE_REPRESENTATION_RELATIONSHIP('','',#3620,#681);
#480=SHAPE_REPRESENTATION_RELATIONSHIP('','',#3621,#682);
#481=SHAPE_REPRESENTATION_RELATIONSHIP('','',#3622,#683);
#482=SHAPE_REPRESENTATION_RELATIONSHIP('','',#3623,#684);
#483=SHAPE_REPRESENTATION_RELATIONSHIP('','',#3624,#685);
#484=SHAPE_REPRESENTATION_RELATIONSHIP('','',#3625,#686);
#485=SHAPE_REPRESENTATION_RELATIONSHIP('','',#3626,#687);
#486=SHAPE_REPRESENTATION_RELATIONSHIP('','',#3627,#688);
#487=SHAPE_REPRESENTATION_RELATIONSHIP('','',#3628,#689);
#488=SHAPE_REPRESENTATION_RELATIONSHIP('','',#3629,#690);
#489=SHAPE_REPRESENTATION_RELATIONSHIP('','',#3630,#691);
#490=SHAPE_REPRESENTATION_RELATIONSHIP('','',#3631,#692);
#491=SHAPE_REPRESENTATION_RELATIONSHIP('','',#3632,#693);
#492=SHAPE_REPRESENTATION_RELATIONSHIP('','',#3633,#694);
#493=SHAPE_REPRESENTATION_RELATIONSHIP('','',#3634,#695);
#494=SHAPE_REPRESENTATION_RELATIONSHIP('','',#3635,#696);
#495=SHAPE_REPRESENTATION_RELATIONSHIP('','',#3636,#697);
#496=SHAPE_REPRESENTATION_RELATIONSHIP('','',#3637,#698);
#497=SHAPE_REPRESENTATION_RELATIONSHIP('','',#3638,#699);
#498=SHAPE_REPRESENTATION_RELATIONSHIP('','',#3639,#700);
#499=SHAPE_REPRESENTATION_RELATIONSHIP('','',#3640,#701);
#500=SHAPE_REPRESENTATION_RELATIONSHIP('','',#3641,#702);
#501=SHAPE_REPRESENTATION_RELATIONSHIP('','',#3642,#703);
#502=SHAPE_REPRESENTATION_RELATIONSHIP('','',#3643,#704);
#503=SHAPE_REPRESENTATION_RELATIONSHIP('','',#3644,#705);
#504=SHAPE_REPRESENTATION_RELATIONSHIP('','',#3645,#706);
#505=SHAPE_REPRESENTATION_RELATIONSHIP('','',#3646,#707);
#506=SHAPE_REPRESENTATION_RELATIONSHIP('','',#3647,#708);
#507=SHAPE_REPRESENTATION_RELATIONSHIP('','',#3648,#709);
#508=SHAPE_REPRESENTATION_RELATIONSHIP('','',#3649,#710);
#509=SHAPE_REPRESENTATION_RELATIONSHIP('','',#3650,#711);
#510=SHAPE_REPRESENTATION_RELATIONSHIP('','',#3651,#712);
#511=SHAPE_REPRESENTATION_RELATIONSHIP('','',#3652,#713);
#512=SHAPE_REPRESENTATION_RELATIONSHIP('','',#3653,#714);
#513=SHAPE_REPRESENTATION_RELATIONSHIP('','',#3654,#715);
#514=SHAPE_REPRESENTATION_RELATIONSHIP('','',#3655,#716);
#515=SHAPE_REPRESENTATION_RELATIONSHIP('','',#3656,#717);
#516=SHAPE_REPRESENTATION_RELATIONSHIP('','',#3657,#718);
#517=SHAPE_REPRESENTATION_RELATIONSHIP('','',#3658,#719);
#518=SHAPE_REPRESENTATION_RELATIONSHIP('','',#3659,#720);
#519=SHAPE_REPRESENTATION_RELATIONSHIP('','',#3660,#721);
#520=SHAPE_REPRESENTATION_RELATIONSHIP('','',#3661,#722);
#521=SHAPE_REPRESENTATION_RELATIONSHIP('','',#3662,#723);
#522=SHAPE_REPRESENTATION_RELATIONSHIP('','',#3663,#724);
#523=SHAPE_REPRESENTATION_RELATIONSHIP('','',#3664,#725);
#524=SHAPE_REPRESENTATION_RELATIONSHIP('','',#3665,#726);
#525=SHAPE_REPRESENTATION_RELATIONSHIP('','',#3666,#727);
#526=SHAPE_REPRESENTATION_RELATIONSHIP('','',#3667,#728);
#527=SHAPE_REPRESENTATION_RELATIONSHIP('','',#3668,#729);
#528=SHAPE_REPRESENTATION_RELATIONSHIP('','',#3669,#730);
#529=SHAPE_REPRESENTATION_RELATIONSHIP('','',#3670,#731);
#530=SHAPE_REPRESENTATION_RELATIONSHIP('','',#3671,#732);
#531=SHAPE_REPRESENTATION_RELATIONSHIP('','',#3672,#733);
#532=SHAPE_REPRESENTATION_RELATIONSHIP('','',#3673,#734);
#533=SHAPE_REPRESENTATION_RELATIONSHIP('','',#3674,#735);
#534=SHAPE_REPRESENTATION_RELATIONSHIP('','',#3675,#736);
#535=SHAPE_REPRESENTATION_RELATIONSHIP('','',#3676,#737);
#536=SHAPE_REPRESENTATION_RELATIONSHIP('','',#3677,#738);
#537=SHAPE_REPRESENTATION_RELATIONSHIP('','',#3678,#739);
#538=SHAPE_REPRESENTATION_RELATIONSHIP('','',#3679,#740);
#539=SHAPE_REPRESENTATION_RELATIONSHIP('','',#3680,#741);
#540=SHAPE_REPRESENTATION_RELATIONSHIP('','',#3681,#742);
#541=SHAPE_REPRESENTATION_RELATIONSHIP('','',#3682,#743);
#542=SHAPE_REPRESENTATION_RELATIONSHIP('','',#3683,#744);
#543=SHAPE_REPRESENTATION_RELATIONSHIP('','',#3684,#745);
#544=SHAPE_REPRESENTATION_RELATIONSHIP('','',#3685,#746);
#545=SHAPE_REPRESENTATION_RELATIONSHIP('','',#3686,#747);
#546=SHAPE_REPRESENTATION_RELATIONSHIP('','',#3687,#748);
#547=SHAPE_REPRESENTATION_RELATIONSHIP('','',#3688,#749);
#548=SHAPE_REPRESENTATION_RELATIONSHIP('','',#3689,#750);
#549=SHAPE_REPRESENTATION_RELATIONSHIP('','',#3690,#751);
#550=SHAPE_REPRESENTATION_RELATIONSHIP('','',#3691,#752);
#551=SHAPE_REPRESENTATION_RELATIONSHIP('','',#3692,#753);
#552=SHAPE_REPRESENTATION_RELATIONSHIP('','',#3693,#754);
#553=SHAPE_REPRESENTATION_RELATIONSHIP('','',#3694,#755);
#554=SHAPE_REPRESENTATION_RELATIONSHIP('','',#3695,#756);
#555=SHAPE_REPRESENTATION_RELATIONSHIP('','',#3696,#757);
#556=SHAPE_REPRESENTATION_RELATIONSHIP('','',#3697,#758);
#557=SHAPE_REPRESENTATION_RELATIONSHIP('','',#3698,#759);
#558=SHAPE_REPRESENTATION_RELATIONSHIP('','',#3699,#760);
#559=SHAPE_REPRESENTATION_RELATIONSHIP('','',#3700,#761);
#560=SHAPE_REPRESENTATION_RELATIONSHIP('','',#3701,#762);
#561=SHAPE_REPRESENTATION_RELATIONSHIP('','',#3702,#763);
#562=SHAPE_REPRESENTATION_RELATIONSHIP('','',#3703,#764);
#563=SHAPE_REPRESENTATION_RELATIONSHIP('','',#3704,#765);
#564=SHAPE_REPRESENTATION_RELATIONSHIP('','',#3705,#766);
#565=SHAPE_REPRESENTATION_RELATIONSHIP('','',#3706,#767);
#566=SHAPE_REPRESENTATION_RELATIONSHIP('','',#3707,#768);
#567=SHAPE_REPRESENTATION_RELATIONSHIP('','',#3708,#769);
#568=SHAPE_REPRESENTATION_RELATIONSHIP('','',#3709,#770);
#569=SHAPE_REPRESENTATION_RELATIONSHIP('','',#3710,#771);
#570=SHAPE_REPRESENTATION_RELATIONSHIP('','',#3711,#772);
#571=SHAPE_REPRESENTATION_RELATIONSHIP('','',#3712,#773);
#572=SHAPE_REPRESENTATION_RELATIONSHIP('','',#3713,#774);
#573=SHAPE_REPRESENTATION_RELATIONSHIP('','',#3714,#775);
#574=SHAPE_REPRESENTATION_RELATIONSHIP('','',#3715,#776);
#575=SHAPE_REPRESENTATION_RELATIONSHIP('','',#3716,#777);
#576=SHAPE_REPRESENTATION_RELATIONSHIP('','',#3717,#778);
#577=SHAPE_REPRESENTATION_RELATIONSHIP('','',#3718,#779);
#578=SHAPE_REPRESENTATION_RELATIONSHIP('','',#3719,#780);
#579=SHAPE_REPRESENTATION_RELATIONSHIP('','',#3720,#781);
#580=SHAPE_REPRESENTATION_RELATIONSHIP('','',#3721,#782);
#581=SHAPE_REPRESENTATION_RELATIONSHIP('','',#3722,#783);
#582=SHAPE_REPRESENTATION_RELATIONSHIP('','',#3723,#784);
#583=SHAPE_REPRESENTATION_RELATIONSHIP('','',#3724,#785);
#584=SHAPE_REPRESENTATION_RELATIONSHIP('','',#3725,#786);
#585=SHAPE_REPRESENTATION_RELATIONSHIP('','',#3726,#787);
#586=SHAPE_REPRESENTATION_RELATIONSHIP('','',#3727,#788);
#587=SHAPE_REPRESENTATION_RELATIONSHIP('','',#3728,#789);
#588=SHAPE_REPRESENTATION_RELATIONSHIP('','',#3729,#790);
#589=SHAPE_REPRESENTATION_RELATIONSHIP('','',#3730,#791);
#590=SHAPE_REPRESENTATION_RELATIONSHIP('','',#3731,#792);
#591=SHAPE_REPRESENTATION_RELATIONSHIP('','',#3732,#793);
#592=SHAPE_REPRESENTATION_RELATIONSHIP('','',#3733,#794);
#593=SHAPE_REPRESENTATION_RELATIONSHIP('','',#3734,#795);
#594=SHAPE_REPRESENTATION_RELATIONSHIP('','',#3735,#796);
#595=SHAPE_REPRESENTATION_RELATIONSHIP('','',#3736,#797);
#596=SHAPE_REPRESENTATION_RELATIONSHIP('','',#3737,#798);
#597=SHAPE_REPRESENTATION_RELATIONSHIP('','',#3738,#799);
#598=SHAPE_REPRESENTATION_RELATIONSHIP('','',#3739,#800);
#599=SHAPE_REPRESENTATION_RELATIONSHIP('','',#3740,#801);
#600=SHAPE_REPRESENTATION_RELATIONSHIP('','',#3741,#802);
#601=SHAPE_REPRESENTATION_RELATIONSHIP('','',#3742,#803);
#602=SHAPE_REPRESENTATION_RELATIONSHIP('','',#3743,#804);
#603=SHAPE_REPRESENTATION_RELATIONSHIP('','',#3744,#805);
#604=SHAPE_REPRESENTATION_RELATIONSHIP('','',#3745,#806);
#605=SHAPE_REPRESENTATION_RELATIONSHIP('','',#3746,#807);
#606=SHAPE_REPRESENTATION_RELATIONSHIP('','',#3747,#808);
#607=SHAPE_REPRESENTATION_RELATIONSHIP('','',#3748,#809);
#608=SHAPE_REPRESENTATION_RELATIONSHIP('','',#3749,#810);
#609=SHAPE_REPRESENTATION_RELATIONSHIP('','',#3750,#811);
#610=SHAPE_REPRESENTATION_RELATIONSHIP('','',#3751,#812);
#611=SHAPE_REPRESENTATION_RELATIONSHIP('','',#3752,#813);
#612=SHAPE_REPRESENTATION_RELATIONSHIP('','',#3753,#814);
#613=SHAPE_REPRESENTATION_RELATIONSHIP('','',#3754,#815);
#614=SHAPE_REPRESENTATION_RELATIONSHIP('','',#3755,#816);
#615=SHAPE_REPRESENTATION_RELATIONSHIP('','',#3756,#817);
#616=SHAPE_REPRESENTATION_RELATIONSHIP('','',#3757,#818);
#617=SHAPE_REPRESENTATION_RELATIONSHIP('','',#3758,#819);
#618=SHAPE_REPRESENTATION_RELATIONSHIP('','',#3759,#820);
#619=SHAPE_REPRESENTATION_RELATIONSHIP('','',#3760,#821);
#620=SHAPE_REPRESENTATION_RELATIONSHIP('','',#3761,#822);
#621=SHAPE_REPRESENTATION_RELATIONSHIP('','',#3762,#823);
#622=SHAPE_REPRESENTATION_RELATIONSHIP('','',#3763,#824);
#623=SHAPE_REPRESENTATION_RELATIONSHIP('','',#3764,#825);
#624=SHAPE_REPRESENTATION_RELATIONSHIP('','',#3765,#826);
#625=SHAPE_REPRESENTATION_RELATIONSHIP('','',#3766,#827);
#626=SHAPE_REPRESENTATION_RELATIONSHIP('','',#3767,#828);
#627=SHAPE_REPRESENTATION_RELATIONSHIP('','',#3768,#829);
#628=SHAPE_REPRESENTATION_RELATIONSHIP('','',#3769,#830);
#629=SHAPE_REPRESENTATION_RELATIONSHIP('','',#3770,#831);
#630=SHAPE_REPRESENTATION_RELATIONSHIP('','',#3771,#832);
#631=SHAPE_REPRESENTATION_RELATIONSHIP('','',#3772,#833);
#632=SHAPE_REPRESENTATION_RELATIONSHIP('','',#3773,#834);
#633=SHAPE_REPRESENTATION_RELATIONSHIP('','',#3774,#835);
#634=SHAPE_REPRESENTATION_RELATIONSHIP('','',#3775,#836);
#635=SHAPE_REPRESENTATION_RELATIONSHIP('','',#3776,#837);
#636=ADVANCED_BREP_SHAPE_REPRESENTATION('',(#3171),#5883);
#637=ADVANCED_BREP_SHAPE_REPRESENTATION('',(#3172),#5884);
#638=ADVANCED_BREP_SHAPE_REPRESENTATION('',(#3173),#5885);
#639=ADVANCED_BREP_SHAPE_REPRESENTATION('',(#3174),#5886);
#640=ADVANCED_BREP_SHAPE_REPRESENTATION('',(#3175),#5887);
#641=ADVANCED_BREP_SHAPE_REPRESENTATION('',(#3176),#5888);
#642=ADVANCED_BREP_SHAPE_REPRESENTATION('',(#3177),#5889);
#643=ADVANCED_BREP_SHAPE_REPRESENTATION('',(#3178),#5890);
#644=ADVANCED_BREP_SHAPE_REPRESENTATION('',(#3179),#5891);
#645=ADVANCED_BREP_SHAPE_REPRESENTATION('',(#3180),#5892);
#646=ADVANCED_BREP_SHAPE_REPRESENTATION('',(#3181),#5893);
#647=ADVANCED_BREP_SHAPE_REPRESENTATION('',(#3182),#5894);
#648=ADVANCED_BREP_SHAPE_REPRESENTATION('',(#3183),#5895);
#649=ADVANCED_BREP_SHAPE_REPRESENTATION('',(#3184),#5896);
#650=ADVANCED_BREP_SHAPE_REPRESENTATION('',(#3185),#5897);
#651=ADVANCED_BREP_SHAPE_REPRESENTATION('',(#3186),#5898);
#652=ADVANCED_BREP_SHAPE_REPRESENTATION('',(#3187),#5899);
#653=ADVANCED_BREP_SHAPE_REPRESENTATION('',(#3188),#5900);
#654=ADVANCED_BREP_SHAPE_REPRESENTATION('',(#3189),#5901);
#655=ADVANCED_BREP_SHAPE_REPRESENTATION('',(#3190),#5902);
#656=ADVANCED_BREP_SHAPE_REPRESENTATION('',(#3191),#5903);
#657=ADVANCED_BREP_SHAPE_REPRESENTATION('',(#3192),#5904);
#658=ADVANCED_BREP_SHAPE_REPRESENTATION('',(#3193),#5905);
#659=ADVANCED_BREP_SHAPE_REPRESENTATION('',(#3194),#5906);
#660=ADVANCED_BREP_SHAPE_REPRESENTATION('',(#3195),#5907);
#661=ADVANCED_BREP_SHAPE_REPRESENTATION('',(#3196),#5908);
#662=ADVANCED_BREP_SHAPE_REPRESENTATION('',(#3197),#5909);
#663=ADVANCED_BREP_SHAPE_REPRESENTATION('',(#3198),#5910);
#664=ADVANCED_BREP_SHAPE_REPRESENTATION('',(#3199),#5911);
#665=ADVANCED_BREP_SHAPE_REPRESENTATION('',(#3200),#5912);
#666=ADVANCED_BREP_SHAPE_REPRESENTATION('',(#3201),#5913);
#667=ADVANCED_BREP_SHAPE_REPRESENTATION('',(#3202),#5914);
#668=ADVANCED_BREP_SHAPE_REPRESENTATION('',(#3203),#5915);
#669=ADVANCED_BREP_SHAPE_REPRESENTATION('',(#3204),#5916);
#670=ADVANCED_BREP_SHAPE_REPRESENTATION('',(#3205),#5917);
#671=ADVANCED_BREP_SHAPE_REPRESENTATION('',(#3206),#5918);
#672=ADVANCED_BREP_SHAPE_REPRESENTATION('',(#3207),#5919);
#673=ADVANCED_BREP_SHAPE_REPRESENTATION('',(#3208),#5920);
#674=ADVANCED_BREP_SHAPE_REPRESENTATION('',(#3209),#5921);
#675=ADVANCED_BREP_SHAPE_REPRESENTATION('',(#3210),#5922);
#676=ADVANCED_BREP_SHAPE_REPRESENTATION('',(#3211),#5923);
#677=ADVANCED_BREP_SHAPE_REPRESENTATION('',(#3212),#5924);
#678=ADVANCED_BREP_SHAPE_REPRESENTATION('',(#3213),#5925);
#679=ADVANCED_BREP_SHAPE_REPRESENTATION('',(#3214),#5926);
#680=ADVANCED_BREP_SHAPE_REPRESENTATION('',(#3215),#5927);
#681=ADVANCED_BREP_SHAPE_REPRESENTATION('',(#3216),#5928);
#682=ADVANCED_BREP_SHAPE_REPRESENTATION('',(#3217),#5929);
#683=ADVANCED_BREP_SHAPE_REPRESENTATION('',(#3218),#5930);
#684=ADVANCED_BREP_SHAPE_REPRESENTATION('',(#3219),#5931);
#685=ADVANCED_BREP_SHAPE_REPRESENTATION('',(#3220),#5932);
#686=ADVANCED_BREP_SHAPE_REPRESENTATION('',(#3221),#5933);
#687=ADVANCED_BREP_SHAPE_REPRESENTATION('',(#3222),#5934);
#688=ADVANCED_BREP_SHAPE_REPRESENTATION('',(#3223),#5935);
#689=ADVANCED_BREP_SHAPE_REPRESENTATION('',(#3224),#5936);
#690=ADVANCED_BREP_SHAPE_REPRESENTATION('',(#3225),#5937);
#691=ADVANCED_BREP_SHAPE_REPRESENTATION('',(#3226),#5938);
#692=ADVANCED_BREP_SHAPE_REPRESENTATION('',(#3227),#5939);
#693=ADVANCED_BREP_SHAPE_REPRESENTATION('',(#3228),#5940);
#694=ADVANCED_BREP_SHAPE_REPRESENTATION('',(#3229),#5941);
#695=ADVANCED_BREP_SHAPE_REPRESENTATION('',(#3230),#5942);
#696=ADVANCED_BREP_SHAPE_REPRESENTATION('',(#3231),#5943);
#697=ADVANCED_BREP_SHAPE_REPRESENTATION('',(#3232),#5944);
#698=ADVANCED_BREP_SHAPE_REPRESENTATION('',(#3233),#5945);
#699=ADVANCED_BREP_SHAPE_REPRESENTATION('',(#3234),#5946);
#700=ADVANCED_BREP_SHAPE_REPRESENTATION('',(#3235),#5947);
#701=ADVANCED_BREP_SHAPE_REPRESENTATION('',(#3236),#5948);
#702=ADVANCED_BREP_SHAPE_REPRESENTATION('',(#3237),#5949);
#703=ADVANCED_BREP_SHAPE_REPRESENTATION('',(#3238),#5950);
#704=ADVANCED_BREP_SHAPE_REPRESENTATION('',(#3239),#5951);
#705=ADVANCED_BREP_SHAPE_REPRESENTATION('',(#3240),#5952);
#706=ADVANCED_BREP_SHAPE_REPRESENTATION('',(#3241),#5953);
#707=ADVANCED_BREP_SHAPE_REPRESENTATION('',(#3242),#5954);
#708=ADVANCED_BREP_SHAPE_REPRESENTATION('',(#3243),#5955);
#709=ADVANCED_BREP_SHAPE_REPRESENTATION('',(#3244),#5956);
#710=ADVANCED_BREP_SHAPE_REPRESENTATION('',(#3245),#5957);
#711=ADVANCED_BREP_SHAPE_REPRESENTATION('',(#3246),#5958);
#712=ADVANCED_BREP_SHAPE_REPRESENTATION('',(#3247),#5959);
#713=ADVANCED_BREP_SHAPE_REPRESENTATION('',(#3248),#5960);
#714=ADVANCED_BREP_SHAPE_REPRESENTATION('',(#3249),#5961);
#715=ADVANCED_BREP_SHAPE_REPRESENTATION('',(#3250),#5962);
#716=ADVANCED_BREP_SHAPE_REPRESENTATION('',(#3251),#5963);
#717=ADVANCED_BREP_SHAPE_REPRESENTATION('',(#3252),#5964);
#718=ADVANCED_BREP_SHAPE_REPRESENTATION('',(#3253),#5965);
#719=ADVANCED_BREP_SHAPE_REPRESENTATION('',(#3254),#5966);
#720=ADVANCED_BREP_SHAPE_REPRESENTATION('',(#3255),#5967);
#721=ADVANCED_BREP_SHAPE_REPRESENTATION('',(#3256),#5968);
#722=ADVANCED_BREP_SHAPE_REPRESENTATION('',(#3257),#5969);
#723=ADVANCED_BREP_SHAPE_REPRESENTATION('',(#3258),#5970);
#724=ADVANCED_BREP_SHAPE_REPRESENTATION('',(#3259),#5971);
#725=ADVANCED_BREP_SHAPE_REPRESENTATION('',(#3260),#5972);
#726=ADVANCED_BREP_SHAPE_REPRESENTATION('',(#3261),#5973);
#727=ADVANCED_BREP_SHAPE_REPRESENTATION('',(#3262),#5974);
#728=ADVANCED_BREP_SHAPE_REPRESENTATION('',(#3263),#5975);
#729=ADVANCED_BREP_SHAPE_REPRESENTATION('',(#3264),#5976);
#730=ADVANCED_BREP_SHAPE_REPRESENTATION('',(#3265),#5977);
#731=ADVANCED_BREP_SHAPE_REPRESENTATION('',(#3266),#5978);
#732=ADVANCED_BREP_SHAPE_REPRESENTATION('',(#3267),#5979);
#733=ADVANCED_BREP_SHAPE_REPRESENTATION('',(#3268),#5980);
#734=ADVANCED_BREP_SHAPE_REPRESENTATION('',(#3269),#5981);
#735=ADVANCED_BREP_SHAPE_REPRESENTATION('',(#3270),#5982);
#736=ADVANCED_BREP_SHAPE_REPRESENTATION('',(#3271),#5983);
#737=ADVANCED_BREP_SHAPE_REPRESENTATION('',(#3272),#5984);
#738=ADVANCED_BREP_SHAPE_REPRESENTATION('',(#3273),#5985);
#739=ADVANCED_BREP_SHAPE_REPRESENTATION('',(#3274),#5986);
#740=ADVANCED_BREP_SHAPE_REPRESENTATION('',(#3275),#5987);
#741=ADVANCED_BREP_SHAPE_REPRESENTATION('',(#3276),#5988);
#742=ADVANCED_BREP_SHAPE_REPRESENTATION('',(#3277),#5989);
#743=ADVANCED_BREP_SHAPE_REPRESENTATION('',(#3278),#5990);
#744=ADVANCED_BREP_SHAPE_REPRESENTATION('',(#3279),#5991);
#745=ADVANCED_BREP_SHAPE_REPRESENTATION('',(#3280),#5992);
#746=ADVANCED_BREP_SHAPE_REPRESENTATION('',(#3281),#5993);
#747=ADVANCED_BREP_SHAPE_REPRESENTATION('',(#3282),#5994);
#748=ADVANCED_BREP_SHAPE_REPRESENTATION('',(#3283),#5995);
#749=ADVANCED_BREP_SHAPE_REPRESENTATION('',(#3284),#5996);
#750=ADVANCED_BREP_SHAPE_REPRESENTATION('',(#3285),#5997);
#751=ADVANCED_BREP_SHAPE_REPRESENTATION('',(#3286),#5998);
#752=ADVANCED_BREP_SHAPE_REPRESENTATION('',(#3287),#5999);
#753=ADVANCED_BREP_SHAPE_REPRESENTATION('',(#3288),#6000);
#754=ADVANCED_BREP_SHAPE_REPRESENTATION('',(#3289),#6001);
#755=ADVANCED_BREP_SHAPE_REPRESENTATION('',(#3290),#6002);
#756=ADVANCED_BREP_SHAPE_REPRESENTATION('',(#3291),#6003);
#757=ADVANCED_BREP_SHAPE_REPRESENTATION('',(#3292),#6004);
#758=ADVANCED_BREP_SHAPE_REPRESENTATION('',(#3293),#6005);
#759=ADVANCED_BREP_SHAPE_REPRESENTATION('',(#3294),#6006);
#760=ADVANCED_BREP_SHAPE_REPRESENTATION('',(#3295),#6007);
#761=ADVANCED_BREP_SHAPE_REPRESENTATION('',(#3296),#6008);
#762=ADVANCED_BREP_SHAPE_REPRESENTATION('',(#3297),#6009);
#763=ADVANCED_BREP_SHAPE_REPRESENTATION('',(#3298),#6010);
#764=ADVANCED_BREP_SHAPE_REPRESENTATION('',(#3299),#6011);
#765=ADVANCED_BREP_SHAPE_REPRESENTATION('',(#3300),#6012);
#766=ADVANCED_BREP_SHAPE_REPRESENTATION('',(#3301),#6013);
#767=ADVANCED_BREP_SHAPE_REPRESENTATION('',(#3302),#6014);
#768=ADVANCED_BREP_SHAPE_REPRESENTATION('',(#3303),#6015);
#769=ADVANCED_BREP_SHAPE_REPRESENTATION('',(#3304),#6016);
#770=ADVANCED_BREP_SHAPE_REPRESENTATION('',(#3305),#6017);
#771=ADVANCED_BREP_SHAPE_REPRESENTATION('',(#3306),#6018);
#772=ADVANCED_BREP_SHAPE_REPRESENTATION('',(#3307),#6019);
#773=ADVANCED_BREP_SHAPE_REPRESENTATION('',(#3308),#6020);
#774=ADVANCED_BREP_SHAPE_REPRESENTATION('',(#3309),#6021);
#775=ADVANCED_BREP_SHAPE_REPRESENTATION('',(#3310),#6022);
#776=ADVANCED_BREP_SHAPE_REPRESENTATION('',(#3311),#6023);
#777=ADVANCED_BREP_SHAPE_REPRESENTATION('',(#3312),#6024);
#778=ADVANCED_BREP_SHAPE_REPRESENTATION('',(#3313),#6025);
#779=ADVANCED_BREP_SHAPE_REPRESENTATION('',(#3314),#6026);
#780=ADVANCED_BREP_SHAPE_REPRESENTATION('',(#3315),#6027);
#781=ADVANCED_BREP_SHAPE_REPRESENTATION('',(#3316),#6028);
#782=ADVANCED_BREP_SHAPE_REPRESENTATION('',(#3317),#6029);
#783=ADVANCED_BREP_SHAPE_REPRESENTATION('',(#3318),#6030);
#784=ADVANCED_BREP_SHAPE_REPRESENTATION('',(#3319),#6031);
#785=ADVANCED_BREP_SHAPE_REPRESENTATION('',(#3320),#6032);
#786=ADVANCED_BREP_SHAPE_REPRESENTATION('',(#3321),#6033);
#787=ADVANCED_BREP_SHAPE_REPRESENTATION('',(#3322),#6034);
#788=ADVANCED_BREP_SHAPE_REPRESENTATION('',(#3323),#6035);
#789=ADVANCED_BREP_SHAPE_REPRESENTATION('',(#3324),#6036);
#790=ADVANCED_BREP_SHAPE_REPRESENTATION('',(#3325),#6037);
#791=ADVANCED_BREP_SHAPE_REPRESENTATION('',(#3326),#6038);
#792=ADVANCED_BREP_SHAPE_REPRESENTATION('',(#3327),#6039);
#793=ADVANCED_BREP_SHAPE_REPRESENTATION('',(#3328),#6040);
#794=ADVANCED_BREP_SHAPE_REPRESENTATION('',(#3329),#6041);
#795=ADVANCED_BREP_SHAPE_REPRESENTATION('',(#3330),#6042);
#796=ADVANCED_BREP_SHAPE_REPRESENTATION('',(#3331),#6043);
#797=ADVANCED_BREP_SHAPE_REPRESENTATION('',(#3332),#6044);
#798=ADVANCED_BREP_SHAPE_REPRESENTATION('',(#3333),#6045);
#799=ADVANCED_BREP_SHAPE_REPRESENTATION('',(#3334),#6046);
#800=ADVANCED_BREP_SHAPE_REPRESENTATION('',(#3335),#6047);
#801=ADVANCED_BREP_SHAPE_REPRESENTATION('',(#3336),#6048);
#802=ADVANCED_BREP_SHAPE_REPRESENTATION('',(#3337),#6049);
#803=ADVANCED_BREP_SHAPE_REPRESENTATION('',(#3338),#6050);
#804=ADVANCED_BREP_SHAPE_REPRESENTATION('',(#3339),#6051);
#805=ADVANCED_BREP_SHAPE_REPRESENTATION('',(#3340),#6052);
#806=ADVANCED_BREP_SHAPE_REPRESENTATION('',(#3341),#6053);
#807=ADVANCED_BREP_SHAPE_REPRESENTATION('',(#3342),#6054);
#808=ADVANCED_BREP_SHAPE_REPRESENTATION('',(#3343),#6055);
#809=ADVANCED_BREP_SHAPE_REPRESENTATION('',(#3344),#6056);
#810=ADVANCED_BREP_SHAPE_REPRESENTATION('',(#3345),#6057);
#811=ADVANCED_BREP_SHAPE_REPRESENTATION('',(#3346),#6058);
#812=ADVANCED_BREP_SHAPE_REPRESENTATION('',(#3347),#6059);
#813=ADVANCED_BREP_SHAPE_REPRESENTATION('',(#3348),#6060);
#814=ADVANCED_BREP_SHAPE_REPRESENTATION('',(#3349),#6061);
#815=ADVANCED_BREP_SHAPE_REPRESENTATION('',(#3350),#6062);
#816=ADVANCED_BREP_SHAPE_REPRESENTATION('',(#3351),#6063);
#817=ADVANCED_BREP_SHAPE_REPRESENTATION('',(#3352),#6064);
#818=ADVANCED_BREP_SHAPE_REPRESENTATION('',(#3353),#6065);
#819=ADVANCED_BREP_SHAPE_REPRESENTATION('',(#3354),#6066);
#820=ADVANCED_BREP_SHAPE_REPRESENTATION('',(#3355),#6067);
#821=ADVANCED_BREP_SHAPE_REPRESENTATION('',(#3356),#6068);
#822=ADVANCED_BREP_SHAPE_REPRESENTATION('',(#3357),#6069);
#823=ADVANCED_BREP_SHAPE_REPRESENTATION('',(#3358),#6070);
#824=ADVANCED_BREP_SHAPE_REPRESENTATION('',(#3359),#6071);
#825=ADVANCED_BREP_SHAPE_REPRESENTATION('',(#3360),#6072);
#826=ADVANCED_BREP_SHAPE_REPRESENTATION('',(#3361),#6073);
#827=ADVANCED_BREP_SHAPE_REPRESENTATION('',(#3362),#6074);
#828=ADVANCED_BREP_SHAPE_REPRESENTATION('',(#3363),#6075);
#829=ADVANCED_BREP_SHAPE_REPRESENTATION('',(#3364),#6076);
#830=ADVANCED_BREP_SHAPE_REPRESENTATION('',(#3365),#6077);
#831=ADVANCED_BREP_SHAPE_REPRESENTATION('',(#3366),#6078);
#832=ADVANCED_BREP_SHAPE_REPRESENTATION('',(#3367),#6079);
#833=ADVANCED_BREP_SHAPE_REPRESENTATION('',(#3368),#6080);
#834=ADVANCED_BREP_SHAPE_REPRESENTATION('',(#3369),#6081);
#835=ADVANCED_BREP_SHAPE_REPRESENTATION('',(#3370),#6082);
#836=ADVANCED_BREP_SHAPE_REPRESENTATION('',(#3371),#6083);
#837=ADVANCED_BREP_SHAPE_REPRESENTATION('',(#3372),#6084);
#838=PLANE('',#3781);
#839=PLANE('',#3782);
#840=PLANE('',#3878);
#841=PLANE('',#3879);
#842=PLANE('',#3880);
#843=PLANE('',#3882);
#844=PLANE('',#3883);
#845=PLANE('',#3884);
#846=PLANE('',#3887);
#847=ORIENTED_EDGE('',*,*,#879,.T.);
#848=ORIENTED_EDGE('',*,*,#880,.F.);
#849=ORIENTED_EDGE('',*,*,#879,.F.);
#850=ORIENTED_EDGE('',*,*,#880,.T.);
#851=ORIENTED_EDGE('',*,*,#881,.T.);
#852=ORIENTED_EDGE('',*,*,#882,.F.);
#853=ORIENTED_EDGE('',*,*,#883,.F.);
#854=ORIENTED_EDGE('',*,*,#884,.T.);
#855=ORIENTED_EDGE('',*,*,#885,.T.);
#856=ORIENTED_EDGE('',*,*,#886,.F.);
#857=ORIENTED_EDGE('',*,*,#884,.F.);
#858=ORIENTED_EDGE('',*,*,#887,.T.);
#859=ORIENTED_EDGE('',*,*,#881,.F.);
#860=ORIENTED_EDGE('',*,*,#886,.T.);
#861=ORIENTED_EDGE('',*,*,#888,.T.);
#862=ORIENTED_EDGE('',*,*,#889,.F.);
#863=ORIENTED_EDGE('',*,*,#890,.F.);
#864=ORIENTED_EDGE('',*,*,#891,.F.);
#865=ORIENTED_EDGE('',*,*,#882,.T.);
#866=ORIENTED_EDGE('',*,*,#889,.T.);
#867=ORIENTED_EDGE('',*,*,#892,.F.);
#868=ORIENTED_EDGE('',*,*,#891,.T.);
#869=ORIENTED_EDGE('',*,*,#893,.F.);
#870=ORIENTED_EDGE('',*,*,#887,.F.);
#871=ORIENTED_EDGE('',*,*,#883,.T.);
#872=ORIENTED_EDGE('',*,*,#885,.F.);
#873=ORIENTED_EDGE('',*,*,#893,.T.);
#874=ORIENTED_EDGE('',*,*,#892,.T.);
#875=ORIENTED_EDGE('',*,*,#888,.F.);
#876=ORIENTED_EDGE('',*,*,#894,.F.);
#877=ORIENTED_EDGE('',*,*,#890,.T.);
#878=ORIENTED_EDGE('',*,*,#894,.T.);
#879=EDGE_CURVE('',#895,#895,#1107,.T.);
#880=EDGE_CURVE('',#896,#896,#1108,.T.);
#881=EDGE_CURVE('',#944,#945,#10,.T.);
#882=EDGE_CURVE('',#946,#945,#11,.T.);
#883=EDGE_CURVE('',#947,#946,#12,.T.);
#884=EDGE_CURVE('',#947,#944,#13,.T.);
#885=EDGE_CURVE('',#948,#949,#14,.T.);
#886=EDGE_CURVE('',#944,#949,#15,.T.);
#887=EDGE_CURVE('',#947,#948,#16,.T.);
#888=EDGE_CURVE('',#949,#950,#17,.T.);
#889=EDGE_CURVE('',#945,#950,#18,.T.);
#890=EDGE_CURVE('',#951,#951,#1109,.T.);
#891=EDGE_CURVE('',#946,#952,#19,.T.);
#892=EDGE_CURVE('',#952,#950,#20,.T.);
#893=EDGE_CURVE('',#948,#952,#21,.T.);
#894=EDGE_CURVE('',#953,#953,#1110,.T.);
#895=VERTEX_POINT('',#5043);
#896=VERTEX_POINT('',#5045);
#897=VERTEX_POINT('',#5050);
#898=VERTEX_POINT('',#5053);
#899=VERTEX_POINT('',#5056);
#900=VERTEX_POINT('',#5059);
#901=VERTEX_POINT('',#5062);
#902=VERTEX_POINT('',#5065);
#903=VERTEX_POINT('',#5068);
#904=VERTEX_POINT('',#5071);
#905=VERTEX_POINT('',#5074);
#906=VERTEX_POINT('',#5077);
#907=VERTEX_POINT('',#5080);
#908=VERTEX_POINT('',#5083);
#909=VERTEX_POINT('',#5086);
#910=VERTEX_POINT('',#5089);
#911=VERTEX_POINT('',#5092);
#912=VERTEX_POINT('',#5095);
#913=VERTEX_POINT('',#5098);
#914=VERTEX_POINT('',#5101);
#915=VERTEX_POINT('',#5104);
#916=VERTEX_POINT('',#5107);
#917=VERTEX_POINT('',#5110);
#918=VERTEX_POINT('',#5113);
#919=VERTEX_POINT('',#5116);
#920=VERTEX_POINT('',#5119);
#921=VERTEX_POINT('',#5122);
#922=VERTEX_POINT('',#5125);
#923=VERTEX_POINT('',#5128);
#924=VERTEX_POINT('',#5131);
#925=VERTEX_POINT('',#5134);
#926=VERTEX_POINT('',#5137);
#927=VERTEX_POINT('',#5140);
#928=VERTEX_POINT('',#5143);
#929=VERTEX_POINT('',#5146);
#930=VERTEX_POINT('',#5149);
#931=VERTEX_POINT('',#5152);
#932=VERTEX_POINT('',#5155);
#933=VERTEX_POINT('',#5158);
#934=VERTEX_POINT('',#5161);
#935=VERTEX_POINT('',#5164);
#936=VERTEX_POINT('',#5167);
#937=VERTEX_POINT('',#5170);
#938=VERTEX_POINT('',#5173);
#939=VERTEX_POINT('',#5176);
#940=VERTEX_POINT('',#5179);
#941=VERTEX_POINT('',#5182);
#942=VERTEX_POINT('',#5185);
#943=VERTEX_POINT('',#5188);
#944=VERTEX_POINT('',#5192);
#945=VERTEX_POINT('',#5193);
#946=VERTEX_POINT('',#5195);
#947=VERTEX_POINT('',#5197);
#948=VERTEX_POINT('',#5201);
#949=VERTEX_POINT('',#5202);
#950=VERTEX_POINT('',#5207);
#951=VERTEX_POINT('',#5210);
#952=VERTEX_POINT('',#5213);
#953=VERTEX_POINT('',#5220);
#954=VERTEX_POINT('',#5224);
#955=VERTEX_POINT('',#5227);
#956=VERTEX_POINT('',#5230);
#957=VERTEX_POINT('',#5233);
#958=VERTEX_POINT('',#5236);
#959=VERTEX_POINT('',#5239);
#960=VERTEX_POINT('',#5242);
#961=VERTEX_POINT('',#5245);
#962=VERTEX_POINT('',#5248);
#963=VERTEX_POINT('',#5251);
#964=VERTEX_POINT('',#5254);
#965=VERTEX_POINT('',#5257);
#966=VERTEX_POINT('',#5260);
#967=VERTEX_POINT('',#5263);
#968=VERTEX_POINT('',#5266);
#969=VERTEX_POINT('',#5269);
#970=VERTEX_POINT('',#5272);
#971=VERTEX_POINT('',#5275);
#972=VERTEX_POINT('',#5278);
#973=VERTEX_POINT('',#5281);
#974=VERTEX_POINT('',#5284);
#975=VERTEX_POINT('',#5287);
#976=VERTEX_POINT('',#5290);
#977=VERTEX_POINT('',#5293);
#978=VERTEX_POINT('',#5296);
#979=VERTEX_POINT('',#5299);
#980=VERTEX_POINT('',#5302);
#981=VERTEX_POINT('',#5305);
#982=VERTEX_POINT('',#5308);
#983=VERTEX_POINT('',#5311);
#984=VERTEX_POINT('',#5314);
#985=VERTEX_POINT('',#5317);
#986=VERTEX_POINT('',#5320);
#987=VERTEX_POINT('',#5323);
#988=VERTEX_POINT('',#5326);
#989=VERTEX_POINT('',#5329);
#990=VERTEX_POINT('',#5332);
#991=VERTEX_POINT('',#5335);
#992=VERTEX_POINT('',#5338);
#993=VERTEX_POINT('',#5341);
#994=VERTEX_POINT('',#5344);
#995=VERTEX_POINT('',#5347);
#996=VERTEX_POINT('',#5350);
#997=VERTEX_POINT('',#5353);
#998=VERTEX_POINT('',#5356);
#999=VERTEX_POINT('',#5359);
#1000=VERTEX_POINT('',#5362);
#1001=VERTEX_POINT('',#5365);
#1002=VERTEX_POINT('',#5368);
#1003=VERTEX_POINT('',#5371);
#1004=VERTEX_POINT('',#5374);
#1005=VERTEX_POINT('',#5377);
#1006=VERTEX_POINT('',#5380);
#1007=VERTEX_POINT('',#5383);
#1008=VERTEX_POINT('',#5386);
#1009=VERTEX_POINT('',#5389);
#1010=VERTEX_POINT('',#5392);
#1011=VERTEX_POINT('',#5395);
#1012=VERTEX_POINT('',#5398);
#1013=VERTEX_POINT('',#5401);
#1014=VERTEX_POINT('',#5404);
#1015=VERTEX_POINT('',#5407);
#1016=VERTEX_POINT('',#5410);
#1017=VERTEX_POINT('',#5413);
#1018=VERTEX_POINT('',#5416);
#1019=VERTEX_POINT('',#5419);
#1020=VERTEX_POINT('',#5422);
#1021=VERTEX_POINT('',#5425);
#1022=VERTEX_POINT('',#5428);
#1023=VERTEX_POINT('',#5431);
#1024=VERTEX_POINT('',#5434);
#1025=VERTEX_POINT('',#5437);
#1026=VERTEX_POINT('',#5440);
#1027=VERTEX_POINT('',#5443);
#1028=VERTEX_POINT('',#5446);
#1029=VERTEX_POINT('',#5449);
#1030=VERTEX_POINT('',#5452);
#1031=VERTEX_POINT('',#5455);
#1032=VERTEX_POINT('',#5458);
#1033=VERTEX_POINT('',#5461);
#1034=VERTEX_POINT('',#5464);
#1035=VERTEX_POINT('',#5467);
#1036=VERTEX_POINT('',#5470);
#1037=VERTEX_POINT('',#5473);
#1038=VERTEX_POINT('',#5476);
#1039=VERTEX_POINT('',#5479);
#1040=VERTEX_POINT('',#5482);
#1041=VERTEX_POINT('',#5485);
#1042=VERTEX_POINT('',#5488);
#1043=VERTEX_POINT('',#5491);
#1044=VERTEX_POINT('',#5494);
#1045=VERTEX_POINT('',#5497);
#1046=VERTEX_POINT('',#5500);
#1047=VERTEX_POINT('',#5503);
#1048=VERTEX_POINT('',#5506);
#1049=VERTEX_POINT('',#5509);
#1050=VERTEX_POINT('',#5512);
#1051=VERTEX_POINT('',#5515);
#1052=VERTEX_POINT('',#5518);
#1053=VERTEX_POINT('',#5521);
#1054=VERTEX_POINT('',#5524);
#1055=VERTEX_POINT('',#5527);
#1056=VERTEX_POINT('',#5530);
#1057=VERTEX_POINT('',#5533);
#1058=VERTEX_POINT('',#5536);
#1059=VERTEX_POINT('',#5539);
#1060=VERTEX_POINT('',#5542);
#1061=VERTEX_POINT('',#5545);
#1062=VERTEX_POINT('',#5548);
#1063=VERTEX_POINT('',#5551);
#1064=VERTEX_POINT('',#5554);
#1065=VERTEX_POINT('',#5557);
#1066=VERTEX_POINT('',#5560);
#1067=VERTEX_POINT('',#5563);
#1068=VERTEX_POINT('',#5566);
#1069=VERTEX_POINT('',#5569);
#1070=VERTEX_POINT('',#5572);
#1071=VERTEX_POINT('',#5575);
#1072=VERTEX_POINT('',#5578);
#1073=VERTEX_POINT('',#5581);
#1074=VERTEX_POINT('',#5584);
#1075=VERTEX_POINT('',#5587);
#1076=VERTEX_POINT('',#5590);
#1077=VERTEX_POINT('',#5593);
#1078=VERTEX_POINT('',#5596);
#1079=VERTEX_POINT('',#5599);
#1080=VERTEX_POINT('',#5602);
#1081=VERTEX_POINT('',#5605);
#1082=VERTEX_POINT('',#5608);
#1083=VERTEX_POINT('',#5611);
#1084=VERTEX_POINT('',#5614);
#1085=VERTEX_POINT('',#5617);
#1086=VERTEX_POINT('',#5620);
#1087=VERTEX_POINT('',#5623);
#1088=VERTEX_POINT('',#5626);
#1089=VERTEX_POINT('',#5629);
#1090=VERTEX_POINT('',#5632);
#1091=VERTEX_POINT('',#5635);
#1092=VERTEX_POINT('',#5638);
#1093=VERTEX_POINT('',#5641);
#1094=VERTEX_POINT('',#5644);
#1095=VERTEX_POINT('',#5647);
#1096=VERTEX_POINT('',#5650);
#1097=VERTEX_POINT('',#5653);
#1098=VERTEX_POINT('',#5656);
#1099=VERTEX_POINT('',#5659);
#1100=VERTEX_POINT('',#5662);
#1101=VERTEX_POINT('',#5665);
#1102=VERTEX_POINT('',#5668);
#1103=VERTEX_POINT('',#5671);
#1104=VERTEX_POINT('',#5674);
#1105=VERTEX_POINT('',#5677);
#1106=VERTEX_POINT('',#5680);
#1107=CIRCLE('',#3779,0.000625);
#1108=CIRCLE('',#3780,0.000625);
#1109=CIRCLE('',#3881,0.000625);
#1110=CIRCLE('',#3886,0.000625);
#1111=EDGE_LOOP('',(#847));
#1112=EDGE_LOOP('',(#848));
#1113=EDGE_LOOP('',(#849));
#1114=EDGE_LOOP('',(#850));
#1115=EDGE_LOOP('',(#851,#852,#853,#854));
#1116=EDGE_LOOP('',(#855,#856,#857,#858));
#1117=EDGE_LOOP('',(#859,#860,#861,#862));
#1118=EDGE_LOOP('',(#863));
#1119=EDGE_LOOP('',(#864,#865,#866,#867));
#1120=EDGE_LOOP('',(#868,#869,#870,#871));
#1121=EDGE_LOOP('',(#872,#873,#874,#875));
#1122=EDGE_LOOP('',(#876));
#1123=EDGE_LOOP('',(#877));
#1124=EDGE_LOOP('',(#878));
#1125=FACE_BOUND('',#1111,.T.);
#1126=FACE_BOUND('',#1112,.T.);
#1127=FACE_BOUND('',#1113,.T.);
#1128=FACE_BOUND('',#1114,.T.);
#1129=FACE_BOUND('',#34,.T.);
#1130=FACE_BOUND('',#35,.T.);
#1131=FACE_BOUND('',#36,.T.);
#1132=FACE_BOUND('',#37,.T.);
#1133=FACE_BOUND('',#38,.T.);
#1134=FACE_BOUND('',#39,.T.);
#1135=FACE_BOUND('',#40,.T.);
#1136=FACE_BOUND('',#41,.T.);
#1137=FACE_BOUND('',#42,.T.);
#1138=FACE_BOUND('',#43,.T.);
#1139=FACE_BOUND('',#44,.T.);
#1140=FACE_BOUND('',#45,.T.);
#1141=FACE_BOUND('',#46,.T.);
#1142=FACE_BOUND('',#47,.T.);
#1143=FACE_BOUND('',#48,.T.);
#1144=FACE_BOUND('',#49,.T.);
#1145=FACE_BOUND('',#50,.T.);
#1146=FACE_BOUND('',#51,.T.);
#1147=FACE_BOUND('',#52,.T.);
#1148=FACE_BOUND('',#53,.T.);
#1149=FACE_BOUND('',#54,.T.);
#1150=FACE_BOUND('',#55,.T.);
#1151=FACE_BOUND('',#56,.T.);
#1152=FACE_BOUND('',#57,.T.);
#1153=FACE_BOUND('',#58,.T.);
#1154=FACE_BOUND('',#59,.T.);
#1155=FACE_BOUND('',#60,.T.);
#1156=FACE_BOUND('',#61,.T.);
#1157=FACE_BOUND('',#62,.T.);
#1158=FACE_BOUND('',#63,.T.);
#1159=FACE_BOUND('',#64,.T.);
#1160=FACE_BOUND('',#65,.T.);
#1161=FACE_BOUND('',#66,.T.);
#1162=FACE_BOUND('',#67,.T.);
#1163=FACE_BOUND('',#68,.T.);
#1164=FACE_BOUND('',#69,.T.);
#1165=FACE_BOUND('',#70,.T.);
#1166=FACE_BOUND('',#71,.T.);
#1167=FACE_BOUND('',#72,.T.);
#1168=FACE_BOUND('',#73,.T.);
#1169=FACE_BOUND('',#74,.T.);
#1170=FACE_BOUND('',#75,.T.);
#1171=FACE_BOUND('',#76,.T.);
#1172=FACE_BOUND('',#77,.T.);
#1173=FACE_BOUND('',#78,.T.);
#1174=FACE_BOUND('',#79,.T.);
#1175=FACE_BOUND('',#80,.T.);
#1176=FACE_BOUND('',#1115,.T.);
#1177=FACE_BOUND('',#1116,.T.);
#1178=FACE_BOUND('',#1117,.T.);
#1179=FACE_BOUND('',#1118,.T.);
#1180=FACE_BOUND('',#1119,.T.);
#1181=FACE_BOUND('',#1120,.T.);
#1182=FACE_BOUND('',#1121,.T.);
#1183=FACE_BOUND('',#1122,.T.);
#1184=FACE_BOUND('',#1123,.T.);
#1185=FACE_BOUND('',#1124,.T.);
#1186=FACE_BOUND('',#81,.T.);
#1187=FACE_BOUND('',#82,.T.);
#1188=FACE_BOUND('',#83,.T.);
#1189=FACE_BOUND('',#84,.T.);
#1190=FACE_BOUND('',#85,.T.);
#1191=FACE_BOUND('',#86,.T.);
#1192=FACE_BOUND('',#87,.T.);
#1193=FACE_BOUND('',#88,.T.);
#1194=FACE_BOUND('',#89,.T.);
#1195=FACE_BOUND('',#90,.T.);
#1196=FACE_BOUND('',#91,.T.);
#1197=FACE_BOUND('',#92,.T.);
#1198=FACE_BOUND('',#93,.T.);
#1199=FACE_BOUND('',#94,.T.);
#1200=FACE_BOUND('',#95,.T.);
#1201=FACE_BOUND('',#96,.T.);
#1202=FACE_BOUND('',#97,.T.);
#1203=FACE_BOUND('',#98,.T.);
#1204=FACE_BOUND('',#99,.T.);
#1205=FACE_BOUND('',#100,.T.);
#1206=FACE_BOUND('',#101,.T.);
#1207=FACE_BOUND('',#102,.T.);
#1208=FACE_BOUND('',#103,.T.);
#1209=FACE_BOUND('',#104,.T.);
#1210=FACE_BOUND('',#105,.T.);
#1211=FACE_BOUND('',#106,.T.);
#1212=FACE_BOUND('',#107,.T.);
#1213=FACE_BOUND('',#108,.T.);
#1214=FACE_BOUND('',#109,.T.);
#1215=FACE_BOUND('',#110,.T.);
#1216=FACE_BOUND('',#111,.T.);
#1217=FACE_BOUND('',#112,.T.);
#1218=FACE_BOUND('',#113,.T.);
#1219=FACE_BOUND('',#114,.T.);
#1220=FACE_BOUND('',#115,.T.);
#1221=FACE_BOUND('',#116,.T.);
#1222=FACE_BOUND('',#117,.T.);
#1223=FACE_BOUND('',#118,.T.);
#1224=FACE_BOUND('',#119,.T.);
#1225=FACE_BOUND('',#120,.T.);
#1226=FACE_BOUND('',#121,.T.);
#1227=FACE_BOUND('',#122,.T.);
#1228=FACE_BOUND('',#123,.T.);
#1229=FACE_BOUND('',#124,.T.);
#1230=FACE_BOUND('',#125,.T.);
#1231=FACE_BOUND('',#126,.T.);
#1232=FACE_BOUND('',#127,.T.);
#1233=FACE_BOUND('',#128,.T.);
#1234=FACE_BOUND('',#129,.T.);
#1235=FACE_BOUND('',#130,.T.);
#1236=FACE_BOUND('',#131,.T.);
#1237=FACE_BOUND('',#132,.T.);
#1238=FACE_BOUND('',#133,.T.);
#1239=FACE_BOUND('',#134,.T.);
#1240=FACE_BOUND('',#135,.T.);
#1241=FACE_BOUND('',#136,.T.);
#1242=FACE_BOUND('',#137,.T.);
#1243=FACE_BOUND('',#138,.T.);
#1244=FACE_BOUND('',#139,.T.);
#1245=FACE_BOUND('',#140,.T.);
#1246=FACE_BOUND('',#141,.T.);
#1247=FACE_BOUND('',#142,.T.);
#1248=FACE_BOUND('',#143,.T.);
#1249=FACE_BOUND('',#144,.T.);
#1250=FACE_BOUND('',#145,.T.);
#1251=FACE_BOUND('',#146,.T.);
#1252=FACE_BOUND('',#147,.T.);
#1253=FACE_BOUND('',#148,.T.);
#1254=FACE_BOUND('',#149,.T.);
#1255=FACE_BOUND('',#150,.T.);
#1256=FACE_BOUND('',#151,.T.);
#1257=FACE_BOUND('',#152,.T.);
#1258=FACE_BOUND('',#153,.T.);
#1259=FACE_BOUND('',#154,.T.);
#1260=FACE_BOUND('',#155,.T.);
#1261=FACE_BOUND('',#156,.T.);
#1262=FACE_BOUND('',#157,.T.);
#1263=FACE_BOUND('',#158,.T.);
#1264=FACE_BOUND('',#159,.T.);
#1265=FACE_BOUND('',#160,.T.);
#1266=FACE_BOUND('',#161,.T.);
#1267=FACE_BOUND('',#162,.T.);
#1268=FACE_BOUND('',#163,.T.);
#1269=FACE_BOUND('',#164,.T.);
#1270=FACE_BOUND('',#165,.T.);
#1271=FACE_BOUND('',#166,.T.);
#1272=FACE_BOUND('',#167,.T.);
#1273=FACE_BOUND('',#168,.T.);
#1274=FACE_BOUND('',#169,.T.);
#1275=FACE_BOUND('',#170,.T.);
#1276=FACE_BOUND('',#171,.T.);
#1277=FACE_BOUND('',#172,.T.);
#1278=FACE_BOUND('',#173,.T.);
#1279=FACE_BOUND('',#174,.T.);
#1280=FACE_BOUND('',#175,.T.);
#1281=FACE_BOUND('',#176,.T.);
#1282=FACE_BOUND('',#177,.T.);
#1283=FACE_BOUND('',#178,.T.);
#1284=FACE_BOUND('',#179,.T.);
#1285=FACE_BOUND('',#180,.T.);
#1286=FACE_BOUND('',#181,.T.);
#1287=FACE_BOUND('',#182,.T.);
#1288=FACE_BOUND('',#183,.T.);
#1289=FACE_BOUND('',#184,.T.);
#1290=FACE_BOUND('',#185,.T.);
#1291=FACE_BOUND('',#186,.T.);
#1292=FACE_BOUND('',#187,.T.);
#1293=FACE_BOUND('',#188,.T.);
#1294=FACE_BOUND('',#189,.T.);
#1295=FACE_BOUND('',#190,.T.);
#1296=FACE_BOUND('',#191,.T.);
#1297=FACE_BOUND('',#192,.T.);
#1298=FACE_BOUND('',#193,.T.);
#1299=FACE_BOUND('',#194,.T.);
#1300=FACE_BOUND('',#195,.T.);
#1301=FACE_BOUND('',#196,.T.);
#1302=FACE_BOUND('',#197,.T.);
#1303=FACE_BOUND('',#198,.T.);
#1304=FACE_BOUND('',#199,.T.);
#1305=FACE_BOUND('',#200,.T.);
#1306=FACE_BOUND('',#201,.T.);
#1307=FACE_BOUND('',#202,.T.);
#1308=FACE_BOUND('',#203,.T.);
#1309=FACE_BOUND('',#204,.T.);
#1310=FACE_BOUND('',#205,.T.);
#1311=FACE_BOUND('',#206,.T.);
#1312=FACE_BOUND('',#207,.T.);
#1313=FACE_BOUND('',#208,.T.);
#1314=FACE_BOUND('',#209,.T.);
#1315=FACE_BOUND('',#210,.T.);
#1316=FACE_BOUND('',#211,.T.);
#1317=FACE_BOUND('',#212,.T.);
#1318=FACE_BOUND('',#213,.T.);
#1319=FACE_BOUND('',#214,.T.);
#1320=FACE_BOUND('',#215,.T.);
#1321=FACE_BOUND('',#216,.T.);
#1322=FACE_BOUND('',#217,.T.);
#1323=FACE_BOUND('',#218,.T.);
#1324=FACE_BOUND('',#219,.T.);
#1325=FACE_BOUND('',#220,.T.);
#1326=FACE_BOUND('',#221,.T.);
#1327=FACE_BOUND('',#222,.T.);
#1328=FACE_BOUND('',#223,.T.);
#1329=FACE_BOUND('',#224,.T.);
#1330=FACE_BOUND('',#225,.T.);
#1331=FACE_BOUND('',#226,.T.);
#1332=FACE_BOUND('',#227,.T.);
#1333=FACE_BOUND('',#228,.T.);
#1334=FACE_BOUND('',#229,.T.);
#1335=FACE_BOUND('',#230,.T.);
#1336=FACE_BOUND('',#231,.T.);
#1337=FACE_BOUND('',#232,.T.);
#1338=FACE_BOUND('',#233,.T.);
#1339=CYLINDRICAL_SURFACE('',#3778,0.000625);
#1340=CYLINDRICAL_SURFACE('',#3885,0.000625);
#1341=ADVANCED_FACE('',(#1125,#1126),#1339,.T.);
#1342=ADVANCED_FACE('',(#1127),#838,.F.);
#1343=ADVANCED_FACE('',(#1128),#839,.T.);
#1344=ADVANCED_FACE('',(#1129),#234,.T.);
#1345=ADVANCED_FACE('',(#1130),#235,.T.);
#1346=ADVANCED_FACE('',(#1131),#236,.T.);
#1347=ADVANCED_FACE('',(#1132),#237,.T.);
#1348=ADVANCED_FACE('',(#1133),#238,.T.);
#1349=ADVANCED_FACE('',(#1134),#239,.T.);
#1350=ADVANCED_FACE('',(#1135),#240,.T.);
#1351=ADVANCED_FACE('',(#1136),#241,.T.);
#1352=ADVANCED_FACE('',(#1137),#242,.T.);
#1353=ADVANCED_FACE('',(#1138),#243,.T.);
#1354=ADVANCED_FACE('',(#1139),#244,.T.);
#1355=ADVANCED_FACE('',(#1140),#245,.T.);
#1356=ADVANCED_FACE('',(#1141),#246,.T.);
#1357=ADVANCED_FACE('',(#1142),#247,.T.);
#1358=ADVANCED_FACE('',(#1143),#248,.T.);
#1359=ADVANCED_FACE('',(#1144),#249,.T.);
#1360=ADVANCED_FACE('',(#1145),#250,.T.);
#1361=ADVANCED_FACE('',(#1146),#251,.T.);
#1362=ADVANCED_FACE('',(#1147),#252,.T.);
#1363=ADVANCED_FACE('',(#1148),#253,.T.);
#1364=ADVANCED_FACE('',(#1149),#254,.T.);
#1365=ADVANCED_FACE('',(#1150),#255,.T.);
#1366=ADVANCED_FACE('',(#1151),#256,.T.);
#1367=ADVANCED_FACE('',(#1152),#257,.T.);
#1368=ADVANCED_FACE('',(#1153),#258,.T.);
#1369=ADVANCED_FACE('',(#1154),#259,.T.);
#1370=ADVANCED_FACE('',(#1155),#260,.T.);
#1371=ADVANCED_FACE('',(#1156),#261,.T.);
#1372=ADVANCED_FACE('',(#1157),#262,.T.);
#1373=ADVANCED_FACE('',(#1158),#263,.T.);
#1374=ADVANCED_FACE('',(#1159),#264,.T.);
#1375=ADVANCED_FACE('',(#1160),#265,.T.);
#1376=ADVANCED_FACE('',(#1161),#266,.T.);
#1377=ADVANCED_FACE('',(#1162),#267,.T.);
#1378=ADVANCED_FACE('',(#1163),#268,.T.);
#1379=ADVANCED_FACE('',(#1164),#269,.T.);
#1380=ADVANCED_FACE('',(#1165),#270,.T.);
#1381=ADVANCED_FACE('',(#1166),#271,.T.);
#1382=ADVANCED_FACE('',(#1167),#272,.T.);
#1383=ADVANCED_FACE('',(#1168),#273,.T.);
#1384=ADVANCED_FACE('',(#1169),#274,.T.);
#1385=ADVANCED_FACE('',(#1170),#275,.T.);
#1386=ADVANCED_FACE('',(#1171),#276,.T.);
#1387=ADVANCED_FACE('',(#1172),#277,.T.);
#1388=ADVANCED_FACE('',(#1173),#278,.T.);
#1389=ADVANCED_FACE('',(#1174),#279,.T.);
#1390=ADVANCED_FACE('',(#1175),#280,.T.);
#1391=ADVANCED_FACE('',(#1176),#840,.F.);
#1392=ADVANCED_FACE('',(#1177),#841,.F.);
#1393=ADVANCED_FACE('',(#1178,#1179),#842,.T.);
#1394=ADVANCED_FACE('',(#1180),#843,.T.);
#1395=ADVANCED_FACE('',(#1181),#844,.F.);
#1396=ADVANCED_FACE('',(#1182),#845,.T.);
#1397=ADVANCED_FACE('',(#1183,#1184),#1340,.F.);
#1398=ADVANCED_FACE('',(#1185),#846,.T.);
#1399=ADVANCED_FACE('',(#1186),#281,.T.);
#1400=ADVANCED_FACE('',(#1187),#282,.T.);
#1401=ADVANCED_FACE('',(#1188),#283,.T.);
#1402=ADVANCED_FACE('',(#1189),#284,.T.);
#1403=ADVANCED_FACE('',(#1190),#285,.T.);
#1404=ADVANCED_FACE('',(#1191),#286,.T.);
#1405=ADVANCED_FACE('',(#1192),#287,.T.);
#1406=ADVANCED_FACE('',(#1193),#288,.T.);
#1407=ADVANCED_FACE('',(#1194),#289,.T.);
#1408=ADVANCED_FACE('',(#1195),#290,.T.);
#1409=ADVANCED_FACE('',(#1196),#291,.T.);
#1410=ADVANCED_FACE('',(#1197),#292,.T.);
#1411=ADVANCED_FACE('',(#1198),#293,.T.);
#1412=ADVANCED_FACE('',(#1199),#294,.T.);
#1413=ADVANCED_FACE('',(#1200),#295,.T.);
#1414=ADVANCED_FACE('',(#1201),#296,.T.);
#1415=ADVANCED_FACE('',(#1202),#297,.T.);
#1416=ADVANCED_FACE('',(#1203),#298,.T.);
#1417=ADVANCED_FACE('',(#1204),#299,.T.);
#1418=ADVANCED_FACE('',(#1205),#300,.T.);
#1419=ADVANCED_FACE('',(#1206),#301,.T.);
#1420=ADVANCED_FACE('',(#1207),#302,.T.);
#1421=ADVANCED_FACE('',(#1208),#303,.T.);
#1422=ADVANCED_FACE('',(#1209),#304,.T.);
#1423=ADVANCED_FACE('',(#1210),#305,.T.);
#1424=ADVANCED_FACE('',(#1211),#306,.T.);
#1425=ADVANCED_FACE('',(#1212),#307,.T.);
#1426=ADVANCED_FACE('',(#1213),#308,.T.);
#1427=ADVANCED_FACE('',(#1214),#309,.T.);
#1428=ADVANCED_FACE('',(#1215),#310,.T.);
#1429=ADVANCED_FACE('',(#1216),#311,.T.);
#1430=ADVANCED_FACE('',(#1217),#312,.T.);
#1431=ADVANCED_FACE('',(#1218),#313,.T.);
#1432=ADVANCED_FACE('',(#1219),#314,.T.);
#1433=ADVANCED_FACE('',(#1220),#315,.T.);
#1434=ADVANCED_FACE('',(#1221),#316,.T.);
#1435=ADVANCED_FACE('',(#1222),#317,.T.);
#1436=ADVANCED_FACE('',(#1223),#318,.T.);
#1437=ADVANCED_FACE('',(#1224),#319,.T.);
#1438=ADVANCED_FACE('',(#1225),#320,.T.);
#1439=ADVANCED_FACE('',(#1226),#321,.T.);
#1440=ADVANCED_FACE('',(#1227),#322,.T.);
#1441=ADVANCED_FACE('',(#1228),#323,.T.);
#1442=ADVANCED_FACE('',(#1229),#324,.T.);
#1443=ADVANCED_FACE('',(#1230),#325,.T.);
#1444=ADVANCED_FACE('',(#1231),#326,.T.);
#1445=ADVANCED_FACE('',(#1232),#327,.T.);
#1446=ADVANCED_FACE('',(#1233),#328,.T.);
#1447=ADVANCED_FACE('',(#1234),#329,.T.);
#1448=ADVANCED_FACE('',(#1235),#330,.T.);
#1449=ADVANCED_FACE('',(#1236),#331,.T.);
#1450=ADVANCED_FACE('',(#1237),#332,.T.);
#1451=ADVANCED_FACE('',(#1238),#333,.T.);
#1452=ADVANCED_FACE('',(#1239),#334,.T.);
#1453=ADVANCED_FACE('',(#1240),#335,.T.);
#1454=ADVANCED_FACE('',(#1241),#336,.T.);
#1455=ADVANCED_FACE('',(#1242),#337,.T.);
#1456=ADVANCED_FACE('',(#1243),#338,.T.);
#1457=ADVANCED_FACE('',(#1244),#339,.T.);
#1458=ADVANCED_FACE('',(#1245),#340,.T.);
#1459=ADVANCED_FACE('',(#1246),#341,.T.);
#1460=ADVANCED_FACE('',(#1247),#342,.T.);
#1461=ADVANCED_FACE('',(#1248),#343,.T.);
#1462=ADVANCED_FACE('',(#1249),#344,.T.);
#1463=ADVANCED_FACE('',(#1250),#345,.T.);
#1464=ADVANCED_FACE('',(#1251),#346,.T.);
#1465=ADVANCED_FACE('',(#1252),#347,.T.);
#1466=ADVANCED_FACE('',(#1253),#348,.T.);
#1467=ADVANCED_FACE('',(#1254),#349,.T.);
#1468=ADVANCED_FACE('',(#1255),#350,.T.);
#1469=ADVANCED_FACE('',(#1256),#351,.T.);
#1470=ADVANCED_FACE('',(#1257),#352,.T.);
#1471=ADVANCED_FACE('',(#1258),#353,.T.);
#1472=ADVANCED_FACE('',(#1259),#354,.T.);
#1473=ADVANCED_FACE('',(#1260),#355,.T.);
#1474=ADVANCED_FACE('',(#1261),#356,.T.);
#1475=ADVANCED_FACE('',(#1262),#357,.T.);
#1476=ADVANCED_FACE('',(#1263),#358,.T.);
#1477=ADVANCED_FACE('',(#1264),#359,.T.);
#1478=ADVANCED_FACE('',(#1265),#360,.T.);
#1479=ADVANCED_FACE('',(#1266),#361,.T.);
#1480=ADVANCED_FACE('',(#1267),#362,.T.);
#1481=ADVANCED_FACE('',(#1268),#363,.T.);
#1482=ADVANCED_FACE('',(#1269),#364,.T.);
#1483=ADVANCED_FACE('',(#1270),#365,.T.);
#1484=ADVANCED_FACE('',(#1271),#366,.T.);
#1485=ADVANCED_FACE('',(#1272),#367,.T.);
#1486=ADVANCED_FACE('',(#1273),#368,.T.);
#1487=ADVANCED_FACE('',(#1274),#369,.T.);
#1488=ADVANCED_FACE('',(#1275),#370,.T.);
#1489=ADVANCED_FACE('',(#1276),#371,.T.);
#1490=ADVANCED_FACE('',(#1277),#372,.T.);
#1491=ADVANCED_FACE('',(#1278),#373,.T.);
#1492=ADVANCED_FACE('',(#1279),#374,.T.);
#1493=ADVANCED_FACE('',(#1280),#375,.T.);
#1494=ADVANCED_FACE('',(#1281),#376,.T.);
#1495=ADVANCED_FACE('',(#1282),#377,.T.);
#1496=ADVANCED_FACE('',(#1283),#378,.T.);
#1497=ADVANCED_FACE('',(#1284),#379,.T.);
#1498=ADVANCED_FACE('',(#1285),#380,.T.);
#1499=ADVANCED_FACE('',(#1286),#381,.T.);
#1500=ADVANCED_FACE('',(#1287),#382,.T.);
#1501=ADVANCED_FACE('',(#1288),#383,.T.);
#1502=ADVANCED_FACE('',(#1289),#384,.T.);
#1503=ADVANCED_FACE('',(#1290),#385,.T.);
#1504=ADVANCED_FACE('',(#1291),#386,.T.);
#1505=ADVANCED_FACE('',(#1292),#387,.T.);
#1506=ADVANCED_FACE('',(#1293),#388,.T.);
#1507=ADVANCED_FACE('',(#1294),#389,.T.);
#1508=ADVANCED_FACE('',(#1295),#390,.T.);
#1509=ADVANCED_FACE('',(#1296),#391,.T.);
#1510=ADVANCED_FACE('',(#1297),#392,.T.);
#1511=ADVANCED_FACE('',(#1298),#393,.T.);
#1512=ADVANCED_FACE('',(#1299),#394,.T.);
#1513=ADVANCED_FACE('',(#1300),#395,.T.);
#1514=ADVANCED_FACE('',(#1301),#396,.T.);
#1515=ADVANCED_FACE('',(#1302),#397,.T.);
#1516=ADVANCED_FACE('',(#1303),#398,.T.);
#1517=ADVANCED_FACE('',(#1304),#399,.T.);
#1518=ADVANCED_FACE('',(#1305),#400,.T.);
#1519=ADVANCED_FACE('',(#1306),#401,.T.);
#1520=ADVANCED_FACE('',(#1307),#402,.T.);
#1521=ADVANCED_FACE('',(#1308),#403,.T.);
#1522=ADVANCED_FACE('',(#1309),#404,.T.);
#1523=ADVANCED_FACE('',(#1310),#405,.T.);
#1524=ADVANCED_FACE('',(#1311),#406,.T.);
#1525=ADVANCED_FACE('',(#1312),#407,.T.);
#1526=ADVANCED_FACE('',(#1313),#408,.T.);
#1527=ADVANCED_FACE('',(#1314),#409,.T.);
#1528=ADVANCED_FACE('',(#1315),#410,.T.);
#1529=ADVANCED_FACE('',(#1316),#411,.T.);
#1530=ADVANCED_FACE('',(#1317),#412,.T.);
#1531=ADVANCED_FACE('',(#1318),#413,.T.);
#1532=ADVANCED_FACE('',(#1319),#414,.T.);
#1533=ADVANCED_FACE('',(#1320),#415,.T.);
#1534=ADVANCED_FACE('',(#1321),#416,.T.);
#1535=ADVANCED_FACE('',(#1322),#417,.T.);
#1536=ADVANCED_FACE('',(#1323),#418,.T.);
#1537=ADVANCED_FACE('',(#1324),#419,.T.);
#1538=ADVANCED_FACE('',(#1325),#420,.T.);
#1539=ADVANCED_FACE('',(#1326),#421,.T.);
#1540=ADVANCED_FACE('',(#1327),#422,.T.);
#1541=ADVANCED_FACE('',(#1328),#423,.T.);
#1542=ADVANCED_FACE('',(#1329),#424,.T.);
#1543=ADVANCED_FACE('',(#1330),#425,.T.);
#1544=ADVANCED_FACE('',(#1331),#426,.T.);
#1545=ADVANCED_FACE('',(#1332),#427,.T.);
#1546=ADVANCED_FACE('',(#1333),#428,.T.);
#1547=ADVANCED_FACE('',(#1334),#429,.T.);
#1548=ADVANCED_FACE('',(#1335),#430,.T.);
#1549=ADVANCED_FACE('',(#1336),#431,.T.);
#1550=ADVANCED_FACE('',(#1337),#432,.T.);
#1551=ADVANCED_FACE('',(#1338),#433,.T.);
#1552=CLOSED_SHELL('',(#1341,#1342,#1343));
#1553=CLOSED_SHELL('',(#1344));
#1554=CLOSED_SHELL('',(#1345));
#1555=CLOSED_SHELL('',(#1346));
#1556=CLOSED_SHELL('',(#1347));
#1557=CLOSED_SHELL('',(#1348));
#1558=CLOSED_SHELL('',(#1349));
#1559=CLOSED_SHELL('',(#1350));
#1560=CLOSED_SHELL('',(#1351));
#1561=CLOSED_SHELL('',(#1352));
#1562=CLOSED_SHELL('',(#1353));
#1563=CLOSED_SHELL('',(#1354));
#1564=CLOSED_SHELL('',(#1355));
#1565=CLOSED_SHELL('',(#1356));
#1566=CLOSED_SHELL('',(#1357));
#1567=CLOSED_SHELL('',(#1358));
#1568=CLOSED_SHELL('',(#1359));
#1569=CLOSED_SHELL('',(#1360));
#1570=CLOSED_SHELL('',(#1361));
#1571=CLOSED_SHELL('',(#1362));
#1572=CLOSED_SHELL('',(#1363));
#1573=CLOSED_SHELL('',(#1364));
#1574=CLOSED_SHELL('',(#1365));
#1575=CLOSED_SHELL('',(#1366));
#1576=CLOSED_SHELL('',(#1367));
#1577=CLOSED_SHELL('',(#1368));
#1578=CLOSED_SHELL('',(#1369));
#1579=CLOSED_SHELL('',(#1370));
#1580=CLOSED_SHELL('',(#1371));
#1581=CLOSED_SHELL('',(#1372));
#1582=CLOSED_SHELL('',(#1373));
#1583=CLOSED_SHELL('',(#1374));
#1584=CLOSED_SHELL('',(#1375));
#1585=CLOSED_SHELL('',(#1376));
#1586=CLOSED_SHELL('',(#1377));
#1587=CLOSED_SHELL('',(#1378));
#1588=CLOSED_SHELL('',(#1379));
#1589=CLOSED_SHELL('',(#1380));
#1590=CLOSED_SHELL('',(#1381));
#1591=CLOSED_SHELL('',(#1382));
#1592=CLOSED_SHELL('',(#1383));
#1593=CLOSED_SHELL('',(#1384));
#1594=CLOSED_SHELL('',(#1385));
#1595=CLOSED_SHELL('',(#1386));
#1596=CLOSED_SHELL('',(#1387));
#1597=CLOSED_SHELL('',(#1388));
#1598=CLOSED_SHELL('',(#1389));
#1599=CLOSED_SHELL('',(#1390));
#1600=CLOSED_SHELL('',(#1391,#1392,#1393,#1394,#1395,#1396,#1397,#1398));
#1601=CLOSED_SHELL('',(#1399));
#1602=CLOSED_SHELL('',(#1400));
#1603=CLOSED_SHELL('',(#1401));
#1604=CLOSED_SHELL('',(#1402));
#1605=CLOSED_SHELL('',(#1403));
#1606=CLOSED_SHELL('',(#1404));
#1607=CLOSED_SHELL('',(#1405));
#1608=CLOSED_SHELL('',(#1406));
#1609=CLOSED_SHELL('',(#1407));
#1610=CLOSED_SHELL('',(#1408));
#1611=CLOSED_SHELL('',(#1409));
#1612=CLOSED_SHELL('',(#1410));
#1613=CLOSED_SHELL('',(#1411));
#1614=CLOSED_SHELL('',(#1412));
#1615=CLOSED_SHELL('',(#1413));
#1616=CLOSED_SHELL('',(#1414));
#1617=CLOSED_SHELL('',(#1415));
#1618=CLOSED_SHELL('',(#1416));
#1619=CLOSED_SHELL('',(#1417));
#1620=CLOSED_SHELL('',(#1418));
#1621=CLOSED_SHELL('',(#1419));
#1622=CLOSED_SHELL('',(#1420));
#1623=CLOSED_SHELL('',(#1421));
#1624=CLOSED_SHELL('',(#1422));
#1625=CLOSED_SHELL('',(#1423));
#1626=CLOSED_SHELL('',(#1424));
#1627=CLOSED_SHELL('',(#1425));
#1628=CLOSED_SHELL('',(#1426));
#1629=CLOSED_SHELL('',(#1427));
#1630=CLOSED_SHELL('',(#1428));
#1631=CLOSED_SHELL('',(#1429));
#1632=CLOSED_SHELL('',(#1430));
#1633=CLOSED_SHELL('',(#1431));
#1634=CLOSED_SHELL('',(#1432));
#1635=CLOSED_SHELL('',(#1433));
#1636=CLOSED_SHELL('',(#1434));
#1637=CLOSED_SHELL('',(#1435));
#1638=CLOSED_SHELL('',(#1436));
#1639=CLOSED_SHELL('',(#1437));
#1640=CLOSED_SHELL('',(#1438));
#1641=CLOSED_SHELL('',(#1439));
#1642=CLOSED_SHELL('',(#1440));
#1643=CLOSED_SHELL('',(#1441));
#1644=CLOSED_SHELL('',(#1442));
#1645=CLOSED_SHELL('',(#1443));
#1646=CLOSED_SHELL('',(#1444));
#1647=CLOSED_SHELL('',(#1445));
#1648=CLOSED_SHELL('',(#1446));
#1649=CLOSED_SHELL('',(#1447));
#1650=CLOSED_SHELL('',(#1448));
#1651=CLOSED_SHELL('',(#1449));
#1652=CLOSED_SHELL('',(#1450));
#1653=CLOSED_SHELL('',(#1451));
#1654=CLOSED_SHELL('',(#1452));
#1655=CLOSED_SHELL('',(#1453));
#1656=CLOSED_SHELL('',(#1454));
#1657=CLOSED_SHELL('',(#1455));
#1658=CLOSED_SHELL('',(#1456));
#1659=CLOSED_SHELL('',(#1457));
#1660=CLOSED_SHELL('',(#1458));
#1661=CLOSED_SHELL('',(#1459));
#1662=CLOSED_SHELL('',(#1460));
#1663=CLOSED_SHELL('',(#1461));
#1664=CLOSED_SHELL('',(#1462));
#1665=CLOSED_SHELL('',(#1463));
#1666=CLOSED_SHELL('',(#1464));
#1667=CLOSED_SHELL('',(#1465));
#1668=CLOSED_SHELL('',(#1466));
#1669=CLOSED_SHELL('',(#1467));
#1670=CLOSED_SHELL('',(#1468));
#1671=CLOSED_SHELL('',(#1469));
#1672=CLOSED_SHELL('',(#1470));
#1673=CLOSED_SHELL('',(#1471));
#1674=CLOSED_SHELL('',(#1472));
#1675=CLOSED_SHELL('',(#1473));
#1676=CLOSED_SHELL('',(#1474));
#1677=CLOSED_SHELL('',(#1475));
#1678=CLOSED_SHELL('',(#1476));
#1679=CLOSED_SHELL('',(#1477));
#1680=CLOSED_SHELL('',(#1478));
#1681=CLOSED_SHELL('',(#1479));
#1682=CLOSED_SHELL('',(#1480));
#1683=CLOSED_SHELL('',(#1481));
#1684=CLOSED_SHELL('',(#1482));
#1685=CLOSED_SHELL('',(#1483));
#1686=CLOSED_SHELL('',(#1484));
#1687=CLOSED_SHELL('',(#1485));
#1688=CLOSED_SHELL('',(#1486));
#1689=CLOSED_SHELL('',(#1487));
#1690=CLOSED_SHELL('',(#1488));
#1691=CLOSED_SHELL('',(#1489));
#1692=CLOSED_SHELL('',(#1490));
#1693=CLOSED_SHELL('',(#1491));
#1694=CLOSED_SHELL('',(#1492));
#1695=CLOSED_SHELL('',(#1493));
#1696=CLOSED_SHELL('',(#1494));
#1697=CLOSED_SHELL('',(#1495));
#1698=CLOSED_SHELL('',(#1496));
#1699=CLOSED_SHELL('',(#1497));
#1700=CLOSED_SHELL('',(#1498));
#1701=CLOSED_SHELL('',(#1499));
#1702=CLOSED_SHELL('',(#1500));
#1703=CLOSED_SHELL('',(#1501));
#1704=CLOSED_SHELL('',(#1502));
#1705=CLOSED_SHELL('',(#1503));
#1706=CLOSED_SHELL('',(#1504));
#1707=CLOSED_SHELL('',(#1505));
#1708=CLOSED_SHELL('',(#1506));
#1709=CLOSED_SHELL('',(#1507));
#1710=CLOSED_SHELL('',(#1508));
#1711=CLOSED_SHELL('',(#1509));
#1712=CLOSED_SHELL('',(#1510));
#1713=CLOSED_SHELL('',(#1511));
#1714=CLOSED_SHELL('',(#1512));
#1715=CLOSED_SHELL('',(#1513));
#1716=CLOSED_SHELL('',(#1514));
#1717=CLOSED_SHELL('',(#1515));
#1718=CLOSED_SHELL('',(#1516));
#1719=CLOSED_SHELL('',(#1517));
#1720=CLOSED_SHELL('',(#1518));
#1721=CLOSED_SHELL('',(#1519));
#1722=CLOSED_SHELL('',(#1520));
#1723=CLOSED_SHELL('',(#1521));
#1724=CLOSED_SHELL('',(#1522));
#1725=CLOSED_SHELL('',(#1523));
#1726=CLOSED_SHELL('',(#1524));
#1727=CLOSED_SHELL('',(#1525));
#1728=CLOSED_SHELL('',(#1526));
#1729=CLOSED_SHELL('',(#1527));
#1730=CLOSED_SHELL('',(#1528));
#1731=CLOSED_SHELL('',(#1529));
#1732=CLOSED_SHELL('',(#1530));
#1733=CLOSED_SHELL('',(#1531));
#1734=CLOSED_SHELL('',(#1532));
#1735=CLOSED_SHELL('',(#1533));
#1736=CLOSED_SHELL('',(#1534));
#1737=CLOSED_SHELL('',(#1535));
#1738=CLOSED_SHELL('',(#1536));
#1739=CLOSED_SHELL('',(#1537));
#1740=CLOSED_SHELL('',(#1538));
#1741=CLOSED_SHELL('',(#1539));
#1742=CLOSED_SHELL('',(#1540));
#1743=CLOSED_SHELL('',(#1541));
#1744=CLOSED_SHELL('',(#1542));
#1745=CLOSED_SHELL('',(#1543));
#1746=CLOSED_SHELL('',(#1544));
#1747=CLOSED_SHELL('',(#1545));
#1748=CLOSED_SHELL('',(#1546));
#1749=CLOSED_SHELL('',(#1547));
#1750=CLOSED_SHELL('',(#1548));
#1751=CLOSED_SHELL('',(#1549));
#1752=CLOSED_SHELL('',(#1550));
#1753=CLOSED_SHELL('',(#1551));
#1754=STYLED_ITEM('',(#1956),#3171);
#1755=STYLED_ITEM('',(#1957),#3172);
#1756=STYLED_ITEM('',(#1958),#3173);
#1757=STYLED_ITEM('',(#1959),#3174);
#1758=STYLED_ITEM('',(#1960),#3175);
#1759=STYLED_ITEM('',(#1961),#3176);
#1760=STYLED_ITEM('',(#1962),#3177);
#1761=STYLED_ITEM('',(#1963),#3178);
#1762=STYLED_ITEM('',(#1964),#3179);
#1763=STYLED_ITEM('',(#1965),#3180);
#1764=STYLED_ITEM('',(#1966),#3181);
#1765=STYLED_ITEM('',(#1967),#3182);
#1766=STYLED_ITEM('',(#1968),#3183);
#1767=STYLED_ITEM('',(#1969),#3184);
#1768=STYLED_ITEM('',(#1970),#3185);
#1769=STYLED_ITEM('',(#1971),#3186);
#1770=STYLED_ITEM('',(#1972),#3187);
#1771=STYLED_ITEM('',(#1973),#3188);
#1772=STYLED_ITEM('',(#1974),#3189);
#1773=STYLED_ITEM('',(#1975),#3190);
#1774=STYLED_ITEM('',(#1976),#3191);
#1775=STYLED_ITEM('',(#1977),#3192);
#1776=STYLED_ITEM('',(#1978),#3193);
#1777=STYLED_ITEM('',(#1979),#3194);
#1778=STYLED_ITEM('',(#1980),#3195);
#1779=STYLED_ITEM('',(#1981),#3196);
#1780=STYLED_ITEM('',(#1982),#3197);
#1781=STYLED_ITEM('',(#1983),#3198);
#1782=STYLED_ITEM('',(#1984),#3199);
#1783=STYLED_ITEM('',(#1985),#3200);
#1784=STYLED_ITEM('',(#1986),#3201);
#1785=STYLED_ITEM('',(#1987),#3202);
#1786=STYLED_ITEM('',(#1988),#3203);
#1787=STYLED_ITEM('',(#1989),#3204);
#1788=STYLED_ITEM('',(#1990),#3205);
#1789=STYLED_ITEM('',(#1991),#3206);
#1790=STYLED_ITEM('',(#1992),#3207);
#1791=STYLED_ITEM('',(#1993),#3208);
#1792=STYLED_ITEM('',(#1994),#3209);
#1793=STYLED_ITEM('',(#1995),#3210);
#1794=STYLED_ITEM('',(#1996),#3211);
#1795=STYLED_ITEM('',(#1997),#3212);
#1796=STYLED_ITEM('',(#1998),#3213);
#1797=STYLED_ITEM('',(#1999),#3214);
#1798=STYLED_ITEM('',(#2000),#3215);
#1799=STYLED_ITEM('',(#2001),#3216);
#1800=STYLED_ITEM('',(#2002),#3217);
#1801=STYLED_ITEM('',(#2003),#3218);
#1802=STYLED_ITEM('',(#2004),#3219);
#1803=STYLED_ITEM('',(#2005),#3220);
#1804=STYLED_ITEM('',(#2006),#3221);
#1805=STYLED_ITEM('',(#2007),#3222);
#1806=STYLED_ITEM('',(#2008),#3223);
#1807=STYLED_ITEM('',(#2009),#3224);
#1808=STYLED_ITEM('',(#2010),#3225);
#1809=STYLED_ITEM('',(#2011),#3226);
#1810=STYLED_ITEM('',(#2012),#3227);
#1811=STYLED_ITEM('',(#2013),#3228);
#1812=STYLED_ITEM('',(#2014),#3229);
#1813=STYLED_ITEM('',(#2015),#3230);
#1814=STYLED_ITEM('',(#2016),#3231);
#1815=STYLED_ITEM('',(#2017),#3232);
#1816=STYLED_ITEM('',(#2018),#3233);
#1817=STYLED_ITEM('',(#2019),#3234);
#1818=STYLED_ITEM('',(#2020),#3235);
#1819=STYLED_ITEM('',(#2021),#3236);
#1820=STYLED_ITEM('',(#2022),#3237);
#1821=STYLED_ITEM('',(#2023),#3238);
#1822=STYLED_ITEM('',(#2024),#3239);
#1823=STYLED_ITEM('',(#2025),#3240);
#1824=STYLED_ITEM('',(#2026),#3241);
#1825=STYLED_ITEM('',(#2027),#3242);
#1826=STYLED_ITEM('',(#2028),#3243);
#1827=STYLED_ITEM('',(#2029),#3244);
#1828=STYLED_ITEM('',(#2030),#3245);
#1829=STYLED_ITEM('',(#2031),#3246);
#1830=STYLED_ITEM('',(#2032),#3247);
#1831=STYLED_ITEM('',(#2033),#3248);
#1832=STYLED_ITEM('',(#2034),#3249);
#1833=STYLED_ITEM('',(#2035),#3250);
#1834=STYLED_ITEM('',(#2036),#3251);
#1835=STYLED_ITEM('',(#2037),#3252);
#1836=STYLED_ITEM('',(#2038),#3253);
#1837=STYLED_ITEM('',(#2039),#3254);
#1838=STYLED_ITEM('',(#2040),#3255);
#1839=STYLED_ITEM('',(#2041),#3256);
#1840=STYLED_ITEM('',(#2042),#3257);
#1841=STYLED_ITEM('',(#2043),#3258);
#1842=STYLED_ITEM('',(#2044),#3259);
#1843=STYLED_ITEM('',(#2045),#3260);
#1844=STYLED_ITEM('',(#2046),#3261);
#1845=STYLED_ITEM('',(#2047),#3262);
#1846=STYLED_ITEM('',(#2048),#3263);
#1847=STYLED_ITEM('',(#2049),#3264);
#1848=STYLED_ITEM('',(#2050),#3265);
#1849=STYLED_ITEM('',(#2051),#3266);
#1850=STYLED_ITEM('',(#2052),#3267);
#1851=STYLED_ITEM('',(#2053),#3268);
#1852=STYLED_ITEM('',(#2054),#3269);
#1853=STYLED_ITEM('',(#2055),#3270);
#1854=STYLED_ITEM('',(#2056),#3271);
#1855=STYLED_ITEM('',(#2057),#3272);
#1856=STYLED_ITEM('',(#2058),#3273);
#1857=STYLED_ITEM('',(#2059),#3274);
#1858=STYLED_ITEM('',(#2060),#3275);
#1859=STYLED_ITEM('',(#2061),#3276);
#1860=STYLED_ITEM('',(#2062),#3277);
#1861=STYLED_ITEM('',(#2063),#3278);
#1862=STYLED_ITEM('',(#2064),#3279);
#1863=STYLED_ITEM('',(#2065),#3280);
#1864=STYLED_ITEM('',(#2066),#3281);
#1865=STYLED_ITEM('',(#2067),#3282);
#1866=STYLED_ITEM('',(#2068),#3283);
#1867=STYLED_ITEM('',(#2069),#3284);
#1868=STYLED_ITEM('',(#2070),#3285);
#1869=STYLED_ITEM('',(#2071),#3286);
#1870=STYLED_ITEM('',(#2072),#3287);
#1871=STYLED_ITEM('',(#2073),#3288);
#1872=STYLED_ITEM('',(#2074),#3289);
#1873=STYLED_ITEM('',(#2075),#3290);
#1874=STYLED_ITEM('',(#2076),#3291);
#1875=STYLED_ITEM('',(#2077),#3292);
#1876=STYLED_ITEM('',(#2078),#3293);
#1877=STYLED_ITEM('',(#2079),#3294);
#1878=STYLED_ITEM('',(#2080),#3295);
#1879=STYLED_ITEM('',(#2081),#3296);
#1880=STYLED_ITEM('',(#2082),#3297);
#1881=STYLED_ITEM('',(#2083),#3298);
#1882=STYLED_ITEM('',(#2084),#3299);
#1883=STYLED_ITEM('',(#2085),#3300);
#1884=STYLED_ITEM('',(#2086),#3301);
#1885=STYLED_ITEM('',(#2087),#3302);
#1886=STYLED_ITEM('',(#2088),#3303);
#1887=STYLED_ITEM('',(#2089),#3304);
#1888=STYLED_ITEM('',(#2090),#3305);
#1889=STYLED_ITEM('',(#2091),#3306);
#1890=STYLED_ITEM('',(#2092),#3307);
#1891=STYLED_ITEM('',(#2093),#3308);
#1892=STYLED_ITEM('',(#2094),#3309);
#1893=STYLED_ITEM('',(#2095),#3310);
#1894=STYLED_ITEM('',(#2096),#3311);
#1895=STYLED_ITEM('',(#2097),#3312);
#1896=STYLED_ITEM('',(#2098),#3313);
#1897=STYLED_ITEM('',(#2099),#3314);
#1898=STYLED_ITEM('',(#2100),#3315);
#1899=STYLED_ITEM('',(#2101),#3316);
#1900=STYLED_ITEM('',(#2102),#3317);
#1901=STYLED_ITEM('',(#2103),#3318);
#1902=STYLED_ITEM('',(#2104),#3319);
#1903=STYLED_ITEM('',(#2105),#3320);
#1904=STYLED_ITEM('',(#2106),#3321);
#1905=STYLED_ITEM('',(#2107),#3322);
#1906=STYLED_ITEM('',(#2108),#3323);
#1907=STYLED_ITEM('',(#2109),#3324);
#1908=STYLED_ITEM('',(#2110),#3325);
#1909=STYLED_ITEM('',(#2111),#3326);
#1910=STYLED_ITEM('',(#2112),#3327);
#1911=STYLED_ITEM('',(#2113),#3328);
#1912=STYLED_ITEM('',(#2114),#3329);
#1913=STYLED_ITEM('',(#2115),#3330);
#1914=STYLED_ITEM('',(#2116),#3331);
#1915=STYLED_ITEM('',(#2117),#3332);
#1916=STYLED_ITEM('',(#2118),#3333);
#1917=STYLED_ITEM('',(#2119),#3334);
#1918=STYLED_ITEM('',(#2120),#3335);
#1919=STYLED_ITEM('',(#2121),#3336);
#1920=STYLED_ITEM('',(#2122),#3337);
#1921=STYLED_ITEM('',(#2123),#3338);
#1922=STYLED_ITEM('',(#2124),#3339);
#1923=STYLED_ITEM('',(#2125),#3340);
#1924=STYLED_ITEM('',(#2126),#3341);
#1925=STYLED_ITEM('',(#2127),#3342);
#1926=STYLED_ITEM('',(#2128),#3343);
#1927=STYLED_ITEM('',(#2129),#3344);
#1928=STYLED_ITEM('',(#2130),#3345);
#1929=STYLED_ITEM('',(#2131),#3346);
#1930=STYLED_ITEM('',(#2132),#3347);
#1931=STYLED_ITEM('',(#2133),#3348);
#1932=STYLED_ITEM('',(#2134),#3349);
#1933=STYLED_ITEM('',(#2135),#3350);
#1934=STYLED_ITEM('',(#2136),#3351);
#1935=STYLED_ITEM('',(#2137),#3352);
#1936=STYLED_ITEM('',(#2138),#3353);
#1937=STYLED_ITEM('',(#2139),#3354);
#1938=STYLED_ITEM('',(#2140),#3355);
#1939=STYLED_ITEM('',(#2141),#3356);
#1940=STYLED_ITEM('',(#2142),#3357);
#1941=STYLED_ITEM('',(#2143),#3358);
#1942=STYLED_ITEM('',(#2144),#3359);
#1943=STYLED_ITEM('',(#2145),#3360);
#1944=STYLED_ITEM('',(#2146),#3361);
#1945=STYLED_ITEM('',(#2147),#3362);
#1946=STYLED_ITEM('',(#2148),#3363);
#1947=STYLED_ITEM('',(#2149),#3364);
#1948=STYLED_ITEM('',(#2150),#3365);
#1949=STYLED_ITEM('',(#2151),#3366);
#1950=STYLED_ITEM('',(#2152),#3367);
#1951=STYLED_ITEM('',(#2153),#3368);
#1952=STYLED_ITEM('',(#2154),#3369);
#1953=STYLED_ITEM('',(#2155),#3370);
#1954=STYLED_ITEM('',(#2156),#3371);
#1955=STYLED_ITEM('',(#2157),#3372);
#1956=PRESENTATION_STYLE_ASSIGNMENT((#2158));
#1957=PRESENTATION_STYLE_ASSIGNMENT((#2159));
#1958=PRESENTATION_STYLE_ASSIGNMENT((#2160));
#1959=PRESENTATION_STYLE_ASSIGNMENT((#2161));
#1960=PRESENTATION_STYLE_ASSIGNMENT((#2162));
#1961=PRESENTATION_STYLE_ASSIGNMENT((#2163));
#1962=PRESENTATION_STYLE_ASSIGNMENT((#2164));
#1963=PRESENTATION_STYLE_ASSIGNMENT((#2165));
#1964=PRESENTATION_STYLE_ASSIGNMENT((#2166));
#1965=PRESENTATION_STYLE_ASSIGNMENT((#2167));
#1966=PRESENTATION_STYLE_ASSIGNMENT((#2168));
#1967=PRESENTATION_STYLE_ASSIGNMENT((#2169));
#1968=PRESENTATION_STYLE_ASSIGNMENT((#2170));
#1969=PRESENTATION_STYLE_ASSIGNMENT((#2171));
#1970=PRESENTATION_STYLE_ASSIGNMENT((#2172));
#1971=PRESENTATION_STYLE_ASSIGNMENT((#2173));
#1972=PRESENTATION_STYLE_ASSIGNMENT((#2174));
#1973=PRESENTATION_STYLE_ASSIGNMENT((#2175));
#1974=PRESENTATION_STYLE_ASSIGNMENT((#2176));
#1975=PRESENTATION_STYLE_ASSIGNMENT((#2177));
#1976=PRESENTATION_STYLE_ASSIGNMENT((#2178));
#1977=PRESENTATION_STYLE_ASSIGNMENT((#2179));
#1978=PRESENTATION_STYLE_ASSIGNMENT((#2180));
#1979=PRESENTATION_STYLE_ASSIGNMENT((#2181));
#1980=PRESENTATION_STYLE_ASSIGNMENT((#2182));
#1981=PRESENTATION_STYLE_ASSIGNMENT((#2183));
#1982=PRESENTATION_STYLE_ASSIGNMENT((#2184));
#1983=PRESENTATION_STYLE_ASSIGNMENT((#2185));
#1984=PRESENTATION_STYLE_ASSIGNMENT((#2186));
#1985=PRESENTATION_STYLE_ASSIGNMENT((#2187));
#1986=PRESENTATION_STYLE_ASSIGNMENT((#2188));
#1987=PRESENTATION_STYLE_ASSIGNMENT((#2189));
#1988=PRESENTATION_STYLE_ASSIGNMENT((#2190));
#1989=PRESENTATION_STYLE_ASSIGNMENT((#2191));
#1990=PRESENTATION_STYLE_ASSIGNMENT((#2192));
#1991=PRESENTATION_STYLE_ASSIGNMENT((#2193));
#1992=PRESENTATION_STYLE_ASSIGNMENT((#2194));
#1993=PRESENTATION_STYLE_ASSIGNMENT((#2195));
#1994=PRESENTATION_STYLE_ASSIGNMENT((#2196));
#1995=PRESENTATION_STYLE_ASSIGNMENT((#2197));
#1996=PRESENTATION_STYLE_ASSIGNMENT((#2198));
#1997=PRESENTATION_STYLE_ASSIGNMENT((#2199));
#1998=PRESENTATION_STYLE_ASSIGNMENT((#2200));
#1999=PRESENTATION_STYLE_ASSIGNMENT((#2201));
#2000=PRESENTATION_STYLE_ASSIGNMENT((#2202));
#2001=PRESENTATION_STYLE_ASSIGNMENT((#2203));
#2002=PRESENTATION_STYLE_ASSIGNMENT((#2204));
#2003=PRESENTATION_STYLE_ASSIGNMENT((#2205));
#2004=PRESENTATION_STYLE_ASSIGNMENT((#2206));
#2005=PRESENTATION_STYLE_ASSIGNMENT((#2207));
#2006=PRESENTATION_STYLE_ASSIGNMENT((#2208));
#2007=PRESENTATION_STYLE_ASSIGNMENT((#2209));
#2008=PRESENTATION_STYLE_ASSIGNMENT((#2210));
#2009=PRESENTATION_STYLE_ASSIGNMENT((#2211));
#2010=PRESENTATION_STYLE_ASSIGNMENT((#2212));
#2011=PRESENTATION_STYLE_ASSIGNMENT((#2213));
#2012=PRESENTATION_STYLE_ASSIGNMENT((#2214));
#2013=PRESENTATION_STYLE_ASSIGNMENT((#2215));
#2014=PRESENTATION_STYLE_ASSIGNMENT((#2216));
#2015=PRESENTATION_STYLE_ASSIGNMENT((#2217));
#2016=PRESENTATION_STYLE_ASSIGNMENT((#2218));
#2017=PRESENTATION_STYLE_ASSIGNMENT((#2219));
#2018=PRESENTATION_STYLE_ASSIGNMENT((#2220));
#2019=PRESENTATION_STYLE_ASSIGNMENT((#2221));
#2020=PRESENTATION_STYLE_ASSIGNMENT((#2222));
#2021=PRESENTATION_STYLE_ASSIGNMENT((#2223));
#2022=PRESENTATION_STYLE_ASSIGNMENT((#2224));
#2023=PRESENTATION_STYLE_ASSIGNMENT((#2225));
#2024=PRESENTATION_STYLE_ASSIGNMENT((#2226));
#2025=PRESENTATION_STYLE_ASSIGNMENT((#2227));
#2026=PRESENTATION_STYLE_ASSIGNMENT((#2228));
#2027=PRESENTATION_STYLE_ASSIGNMENT((#2229));
#2028=PRESENTATION_STYLE_ASSIGNMENT((#2230));
#2029=PRESENTATION_STYLE_ASSIGNMENT((#2231));
#2030=PRESENTATION_STYLE_ASSIGNMENT((#2232));
#2031=PRESENTATION_STYLE_ASSIGNMENT((#2233));
#2032=PRESENTATION_STYLE_ASSIGNMENT((#2234));
#2033=PRESENTATION_STYLE_ASSIGNMENT((#2235));
#2034=PRESENTATION_STYLE_ASSIGNMENT((#2236));
#2035=PRESENTATION_STYLE_ASSIGNMENT((#2237));
#2036=PRESENTATION_STYLE_ASSIGNMENT((#2238));
#2037=PRESENTATION_STYLE_ASSIGNMENT((#2239));
#2038=PRESENTATION_STYLE_ASSIGNMENT((#2240));
#2039=PRESENTATION_STYLE_ASSIGNMENT((#2241));
#2040=PRESENTATION_STYLE_ASSIGNMENT((#2242));
#2041=PRESENTATION_STYLE_ASSIGNMENT((#2243));
#2042=PRESENTATION_STYLE_ASSIGNMENT((#2244));
#2043=PRESENTATION_STYLE_ASSIGNMENT((#2245));
#2044=PRESENTATION_STYLE_ASSIGNMENT((#2246));
#2045=PRESENTATION_STYLE_ASSIGNMENT((#2247));
#2046=PRESENTATION_STYLE_ASSIGNMENT((#2248));
#2047=PRESENTATION_STYLE_ASSIGNMENT((#2249));
#2048=PRESENTATION_STYLE_ASSIGNMENT((#2250));
#2049=PRESENTATION_STYLE_ASSIGNMENT((#2251));
#2050=PRESENTATION_STYLE_ASSIGNMENT((#2252));
#2051=PRESENTATION_STYLE_ASSIGNMENT((#2253));
#2052=PRESENTATION_STYLE_ASSIGNMENT((#2254));
#2053=PRESENTATION_STYLE_ASSIGNMENT((#2255));
#2054=PRESENTATION_STYLE_ASSIGNMENT((#2256));
#2055=PRESENTATION_STYLE_ASSIGNMENT((#2257));
#2056=PRESENTATION_STYLE_ASSIGNMENT((#2258));
#2057=PRESENTATION_STYLE_ASSIGNMENT((#2259));
#2058=PRESENTATION_STYLE_ASSIGNMENT((#2260));
#2059=PRESENTATION_STYLE_ASSIGNMENT((#2261));
#2060=PRESENTATION_STYLE_ASSIGNMENT((#2262));
#2061=PRESENTATION_STYLE_ASSIGNMENT((#2263));
#2062=PRESENTATION_STYLE_ASSIGNMENT((#2264));
#2063=PRESENTATION_STYLE_ASSIGNMENT((#2265));
#2064=PRESENTATION_STYLE_ASSIGNMENT((#2266));
#2065=PRESENTATION_STYLE_ASSIGNMENT((#2267));
#2066=PRESENTATION_STYLE_ASSIGNMENT((#2268));
#2067=PRESENTATION_STYLE_ASSIGNMENT((#2269));
#2068=PRESENTATION_STYLE_ASSIGNMENT((#2270));
#2069=PRESENTATION_STYLE_ASSIGNMENT((#2271));
#2070=PRESENTATION_STYLE_ASSIGNMENT((#2272));
#2071=PRESENTATION_STYLE_ASSIGNMENT((#2273));
#2072=PRESENTATION_STYLE_ASSIGNMENT((#2274));
#2073=PRESENTATION_STYLE_ASSIGNMENT((#2275));
#2074=PRESENTATION_STYLE_ASSIGNMENT((#2276));
#2075=PRESENTATION_STYLE_ASSIGNMENT((#2277));
#2076=PRESENTATION_STYLE_ASSIGNMENT((#2278));
#2077=PRESENTATION_STYLE_ASSIGNMENT((#2279));
#2078=PRESENTATION_STYLE_ASSIGNMENT((#2280));
#2079=PRESENTATION_STYLE_ASSIGNMENT((#2281));
#2080=PRESENTATION_STYLE_ASSIGNMENT((#2282));
#2081=PRESENTATION_STYLE_ASSIGNMENT((#2283));
#2082=PRESENTATION_STYLE_ASSIGNMENT((#2284));
#2083=PRESENTATION_STYLE_ASSIGNMENT((#2285));
#2084=PRESENTATION_STYLE_ASSIGNMENT((#2286));
#2085=PRESENTATION_STYLE_ASSIGNMENT((#2287));
#2086=PRESENTATION_STYLE_ASSIGNMENT((#2288));
#2087=PRESENTATION_STYLE_ASSIGNMENT((#2289));
#2088=PRESENTATION_STYLE_ASSIGNMENT((#2290));
#2089=PRESENTATION_STYLE_ASSIGNMENT((#2291));
#2090=PRESENTATION_STYLE_ASSIGNMENT((#2292));
#2091=PRESENTATION_STYLE_ASSIGNMENT((#2293));
#2092=PRESENTATION_STYLE_ASSIGNMENT((#2294));
#2093=PRESENTATION_STYLE_ASSIGNMENT((#2295));
#2094=PRESENTATION_STYLE_ASSIGNMENT((#2296));
#2095=PRESENTATION_STYLE_ASSIGNMENT((#2297));
#2096=PRESENTATION_STYLE_ASSIGNMENT((#2298));
#2097=PRESENTATION_STYLE_ASSIGNMENT((#2299));
#2098=PRESENTATION_STYLE_ASSIGNMENT((#2300));
#2099=PRESENTATION_STYLE_ASSIGNMENT((#2301));
#2100=PRESENTATION_STYLE_ASSIGNMENT((#2302));
#2101=PRESENTATION_STYLE_ASSIGNMENT((#2303));
#2102=PRESENTATION_STYLE_ASSIGNMENT((#2304));
#2103=PRESENTATION_STYLE_ASSIGNMENT((#2305));
#2104=PRESENTATION_STYLE_ASSIGNMENT((#2306));
#2105=PRESENTATION_STYLE_ASSIGNMENT((#2307));
#2106=PRESENTATION_STYLE_ASSIGNMENT((#2308));
#2107=PRESENTATION_STYLE_ASSIGNMENT((#2309));
#2108=PRESENTATION_STYLE_ASSIGNMENT((#2310));
#2109=PRESENTATION_STYLE_ASSIGNMENT((#2311));
#2110=PRESENTATION_STYLE_ASSIGNMENT((#2312));
#2111=PRESENTATION_STYLE_ASSIGNMENT((#2313));
#2112=PRESENTATION_STYLE_ASSIGNMENT((#2314));
#2113=PRESENTATION_STYLE_ASSIGNMENT((#2315));
#2114=PRESENTATION_STYLE_ASSIGNMENT((#2316));
#2115=PRESENTATION_STYLE_ASSIGNMENT((#2317));
#2116=PRESENTATION_STYLE_ASSIGNMENT((#2318));
#2117=PRESENTATION_STYLE_ASSIGNMENT((#2319));
#2118=PRESENTATION_STYLE_ASSIGNMENT((#2320));
#2119=PRESENTATION_STYLE_ASSIGNMENT((#2321));
#2120=PRESENTATION_STYLE_ASSIGNMENT((#2322));
#2121=PRESENTATION_STYLE_ASSIGNMENT((#2323));
#2122=PRESENTATION_STYLE_ASSIGNMENT((#2324));
#2123=PRESENTATION_STYLE_ASSIGNMENT((#2325));
#2124=PRESENTATION_STYLE_ASSIGNMENT((#2326));
#2125=PRESENTATION_STYLE_ASSIGNMENT((#2327));
#2126=PRESENTATION_STYLE_ASSIGNMENT((#2328));
#2127=PRESENTATION_STYLE_ASSIGNMENT((#2329));
#2128=PRESENTATION_STYLE_ASSIGNMENT((#2330));
#2129=PRESENTATION_STYLE_ASSIGNMENT((#2331));
#2130=PRESENTATION_STYLE_ASSIGNMENT((#2332));
#2131=PRESENTATION_STYLE_ASSIGNMENT((#2333));
#2132=PRESENTATION_STYLE_ASSIGNMENT((#2334));
#2133=PRESENTATION_STYLE_ASSIGNMENT((#2335));
#2134=PRESENTATION_STYLE_ASSIGNMENT((#2336));
#2135=PRESENTATION_STYLE_ASSIGNMENT((#2337));
#2136=PRESENTATION_STYLE_ASSIGNMENT((#2338));
#2137=PRESENTATION_STYLE_ASSIGNMENT((#2339));
#2138=PRESENTATION_STYLE_ASSIGNMENT((#2340));
#2139=PRESENTATION_STYLE_ASSIGNMENT((#2341));
#2140=PRESENTATION_STYLE_ASSIGNMENT((#2342));
#2141=PRESENTATION_STYLE_ASSIGNMENT((#2343));
#2142=PRESENTATION_STYLE_ASSIGNMENT((#2344));
#2143=PRESENTATION_STYLE_ASSIGNMENT((#2345));
#2144=PRESENTATION_STYLE_ASSIGNMENT((#2346));
#2145=PRESENTATION_STYLE_ASSIGNMENT((#2347));
#2146=PRESENTATION_STYLE_ASSIGNMENT((#2348));
#2147=PRESENTATION_STYLE_ASSIGNMENT((#2349));
#2148=PRESENTATION_STYLE_ASSIGNMENT((#2350));
#2149=PRESENTATION_STYLE_ASSIGNMENT((#2351));
#2150=PRESENTATION_STYLE_ASSIGNMENT((#2352));
#2151=PRESENTATION_STYLE_ASSIGNMENT((#2353));
#2152=PRESENTATION_STYLE_ASSIGNMENT((#2354));
#2153=PRESENTATION_STYLE_ASSIGNMENT((#2355));
#2154=PRESENTATION_STYLE_ASSIGNMENT((#2356));
#2155=PRESENTATION_STYLE_ASSIGNMENT((#2357));
#2156=PRESENTATION_STYLE_ASSIGNMENT((#2358));
#2157=PRESENTATION_STYLE_ASSIGNMENT((#2359));
#2158=SURFACE_STYLE_USAGE(.BOTH.,#2360);
#2159=SURFACE_STYLE_USAGE(.BOTH.,#2361);
#2160=SURFACE_STYLE_USAGE(.BOTH.,#2362);
#2161=SURFACE_STYLE_USAGE(.BOTH.,#2363);
#2162=SURFACE_STYLE_USAGE(.BOTH.,#2364);
#2163=SURFACE_STYLE_USAGE(.BOTH.,#2365);
#2164=SURFACE_STYLE_USAGE(.BOTH.,#2366);
#2165=SURFACE_STYLE_USAGE(.BOTH.,#2367);
#2166=SURFACE_STYLE_USAGE(.BOTH.,#2368);
#2167=SURFACE_STYLE_USAGE(.BOTH.,#2369);
#2168=SURFACE_STYLE_USAGE(.BOTH.,#2370);
#2169=SURFACE_STYLE_USAGE(.BOTH.,#2371);
#2170=SURFACE_STYLE_USAGE(.BOTH.,#2372);
#2171=SURFACE_STYLE_USAGE(.BOTH.,#2373);
#2172=SURFACE_STYLE_USAGE(.BOTH.,#2374);
#2173=SURFACE_STYLE_USAGE(.BOTH.,#2375);
#2174=SURFACE_STYLE_USAGE(.BOTH.,#2376);
#2175=SURFACE_STYLE_USAGE(.BOTH.,#2377);
#2176=SURFACE_STYLE_USAGE(.BOTH.,#2378);
#2177=SURFACE_STYLE_USAGE(.BOTH.,#2379);
#2178=SURFACE_STYLE_USAGE(.BOTH.,#2380);
#2179=SURFACE_STYLE_USAGE(.BOTH.,#2381);
#2180=SURFACE_STYLE_USAGE(.BOTH.,#2382);
#2181=SURFACE_STYLE_USAGE(.BOTH.,#2383);
#2182=SURFACE_STYLE_USAGE(.BOTH.,#2384);
#2183=SURFACE_STYLE_USAGE(.BOTH.,#2385);
#2184=SURFACE_STYLE_USAGE(.BOTH.,#2386);
#2185=SURFACE_STYLE_USAGE(.BOTH.,#2387);
#2186=SURFACE_STYLE_USAGE(.BOTH.,#2388);
#2187=SURFACE_STYLE_USAGE(.BOTH.,#2389);
#2188=SURFACE_STYLE_USAGE(.BOTH.,#2390);
#2189=SURFACE_STYLE_USAGE(.BOTH.,#2391);
#2190=SURFACE_STYLE_USAGE(.BOTH.,#2392);
#2191=SURFACE_STYLE_USAGE(.BOTH.,#2393);
#2192=SURFACE_STYLE_USAGE(.BOTH.,#2394);
#2193=SURFACE_STYLE_USAGE(.BOTH.,#2395);
#2194=SURFACE_STYLE_USAGE(.BOTH.,#2396);
#2195=SURFACE_STYLE_USAGE(.BOTH.,#2397);
#2196=SURFACE_STYLE_USAGE(.BOTH.,#2398);
#2197=SURFACE_STYLE_USAGE(.BOTH.,#2399);
#2198=SURFACE_STYLE_USAGE(.BOTH.,#2400);
#2199=SURFACE_STYLE_USAGE(.BOTH.,#2401);
#2200=SURFACE_STYLE_USAGE(.BOTH.,#2402);
#2201=SURFACE_STYLE_USAGE(.BOTH.,#2403);
#2202=SURFACE_STYLE_USAGE(.BOTH.,#2404);
#2203=SURFACE_STYLE_USAGE(.BOTH.,#2405);
#2204=SURFACE_STYLE_USAGE(.BOTH.,#2406);
#2205=SURFACE_STYLE_USAGE(.BOTH.,#2407);
#2206=SURFACE_STYLE_USAGE(.BOTH.,#2408);
#2207=SURFACE_STYLE_USAGE(.BOTH.,#2409);
#2208=SURFACE_STYLE_USAGE(.BOTH.,#2410);
#2209=SURFACE_STYLE_USAGE(.BOTH.,#2411);
#2210=SURFACE_STYLE_USAGE(.BOTH.,#2412);
#2211=SURFACE_STYLE_USAGE(.BOTH.,#2413);
#2212=SURFACE_STYLE_USAGE(.BOTH.,#2414);
#2213=SURFACE_STYLE_USAGE(.BOTH.,#2415);
#2214=SURFACE_STYLE_USAGE(.BOTH.,#2416);
#2215=SURFACE_STYLE_USAGE(.BOTH.,#2417);
#2216=SURFACE_STYLE_USAGE(.BOTH.,#2418);
#2217=SURFACE_STYLE_USAGE(.BOTH.,#2419);
#2218=SURFACE_STYLE_USAGE(.BOTH.,#2420);
#2219=SURFACE_STYLE_USAGE(.BOTH.,#2421);
#2220=SURFACE_STYLE_USAGE(.BOTH.,#2422);
#2221=SURFACE_STYLE_USAGE(.BOTH.,#2423);
#2222=SURFACE_STYLE_USAGE(.BOTH.,#2424);
#2223=SURFACE_STYLE_USAGE(.BOTH.,#2425);
#2224=SURFACE_STYLE_USAGE(.BOTH.,#2426);
#2225=SURFACE_STYLE_USAGE(.BOTH.,#2427);
#2226=SURFACE_STYLE_USAGE(.BOTH.,#2428);
#2227=SURFACE_STYLE_USAGE(.BOTH.,#2429);
#2228=SURFACE_STYLE_USAGE(.BOTH.,#2430);
#2229=SURFACE_STYLE_USAGE(.BOTH.,#2431);
#2230=SURFACE_STYLE_USAGE(.BOTH.,#2432);
#2231=SURFACE_STYLE_USAGE(.BOTH.,#2433);
#2232=SURFACE_STYLE_USAGE(.BOTH.,#2434);
#2233=SURFACE_STYLE_USAGE(.BOTH.,#2435);
#2234=SURFACE_STYLE_USAGE(.BOTH.,#2436);
#2235=SURFACE_STYLE_USAGE(.BOTH.,#2437);
#2236=SURFACE_STYLE_USAGE(.BOTH.,#2438);
#2237=SURFACE_STYLE_USAGE(.BOTH.,#2439);
#2238=SURFACE_STYLE_USAGE(.BOTH.,#2440);
#2239=SURFACE_STYLE_USAGE(.BOTH.,#2441);
#2240=SURFACE_STYLE_USAGE(.BOTH.,#2442);
#2241=SURFACE_STYLE_USAGE(.BOTH.,#2443);
#2242=SURFACE_STYLE_USAGE(.BOTH.,#2444);
#2243=SURFACE_STYLE_USAGE(.BOTH.,#2445);
#2244=SURFACE_STYLE_USAGE(.BOTH.,#2446);
#2245=SURFACE_STYLE_USAGE(.BOTH.,#2447);
#2246=SURFACE_STYLE_USAGE(.BOTH.,#2448);
#2247=SURFACE_STYLE_USAGE(.BOTH.,#2449);
#2248=SURFACE_STYLE_USAGE(.BOTH.,#2450);
#2249=SURFACE_STYLE_USAGE(.BOTH.,#2451);
#2250=SURFACE_STYLE_USAGE(.BOTH.,#2452);
#2251=SURFACE_STYLE_USAGE(.BOTH.,#2453);
#2252=SURFACE_STYLE_USAGE(.BOTH.,#2454);
#2253=SURFACE_STYLE_USAGE(.BOTH.,#2455);
#2254=SURFACE_STYLE_USAGE(.BOTH.,#2456);
#2255=SURFACE_STYLE_USAGE(.BOTH.,#2457);
#2256=SURFACE_STYLE_USAGE(.BOTH.,#2458);
#2257=SURFACE_STYLE_USAGE(.BOTH.,#2459);
#2258=SURFACE_STYLE_USAGE(.BOTH.,#2460);
#2259=SURFACE_STYLE_USAGE(.BOTH.,#2461);
#2260=SURFACE_STYLE_USAGE(.BOTH.,#2462);
#2261=SURFACE_STYLE_USAGE(.BOTH.,#2463);
#2262=SURFACE_STYLE_USAGE(.BOTH.,#2464);
#2263=SURFACE_STYLE_USAGE(.BOTH.,#2465);
#2264=SURFACE_STYLE_USAGE(.BOTH.,#2466);
#2265=SURFACE_STYLE_USAGE(.BOTH.,#2467);
#2266=SURFACE_STYLE_USAGE(.BOTH.,#2468);
#2267=SURFACE_STYLE_USAGE(.BOTH.,#2469);
#2268=SURFACE_STYLE_USAGE(.BOTH.,#2470);
#2269=SURFACE_STYLE_USAGE(.BOTH.,#2471);
#2270=SURFACE_STYLE_USAGE(.BOTH.,#2472);
#2271=SURFACE_STYLE_USAGE(.BOTH.,#2473);
#2272=SURFACE_STYLE_USAGE(.BOTH.,#2474);
#2273=SURFACE_STYLE_USAGE(.BOTH.,#2475);
#2274=SURFACE_STYLE_USAGE(.BOTH.,#2476);
#2275=SURFACE_STYLE_USAGE(.BOTH.,#2477);
#2276=SURFACE_STYLE_USAGE(.BOTH.,#2478);
#2277=SURFACE_STYLE_USAGE(.BOTH.,#2479);
#2278=SURFACE_STYLE_USAGE(.BOTH.,#2480);
#2279=SURFACE_STYLE_USAGE(.BOTH.,#2481);
#2280=SURFACE_STYLE_USAGE(.BOTH.,#2482);
#2281=SURFACE_STYLE_USAGE(.BOTH.,#2483);
#2282=SURFACE_STYLE_USAGE(.BOTH.,#2484);
#2283=SURFACE_STYLE_USAGE(.BOTH.,#2485);
#2284=SURFACE_STYLE_USAGE(.BOTH.,#2486);
#2285=SURFACE_STYLE_USAGE(.BOTH.,#2487);
#2286=SURFACE_STYLE_USAGE(.BOTH.,#2488);
#2287=SURFACE_STYLE_USAGE(.BOTH.,#2489);
#2288=SURFACE_STYLE_USAGE(.BOTH.,#2490);
#2289=SURFACE_STYLE_USAGE(.BOTH.,#2491);
#2290=SURFACE_STYLE_USAGE(.BOTH.,#2492);
#2291=SURFACE_STYLE_USAGE(.BOTH.,#2493);
#2292=SURFACE_STYLE_USAGE(.BOTH.,#2494);
#2293=SURFACE_STYLE_USAGE(.BOTH.,#2495);
#2294=SURFACE_STYLE_USAGE(.BOTH.,#2496);
#2295=SURFACE_STYLE_USAGE(.BOTH.,#2497);
#2296=SURFACE_STYLE_USAGE(.BOTH.,#2498);
#2297=SURFACE_STYLE_USAGE(.BOTH.,#2499);
#2298=SURFACE_STYLE_USAGE(.BOTH.,#2500);
#2299=SURFACE_STYLE_USAGE(.BOTH.,#2501);
#2300=SURFACE_STYLE_USAGE(.BOTH.,#2502);
#2301=SURFACE_STYLE_USAGE(.BOTH.,#2503);
#2302=SURFACE_STYLE_USAGE(.BOTH.,#2504);
#2303=SURFACE_STYLE_USAGE(.BOTH.,#2505);
#2304=SURFACE_STYLE_USAGE(.BOTH.,#2506);
#2305=SURFACE_STYLE_USAGE(.BOTH.,#2507);
#2306=SURFACE_STYLE_USAGE(.BOTH.,#2508);
#2307=SURFACE_STYLE_USAGE(.BOTH.,#2509);
#2308=SURFACE_STYLE_USAGE(.BOTH.,#2510);
#2309=SURFACE_STYLE_USAGE(.BOTH.,#2511);
#2310=SURFACE_STYLE_USAGE(.BOTH.,#2512);
#2311=SURFACE_STYLE_USAGE(.BOTH.,#2513);
#2312=SURFACE_STYLE_USAGE(.BOTH.,#2514);
#2313=SURFACE_STYLE_USAGE(.BOTH.,#2515);
#2314=SURFACE_STYLE_USAGE(.BOTH.,#2516);
#2315=SURFACE_STYLE_USAGE(.BOTH.,#2517);
#2316=SURFACE_STYLE_USAGE(.BOTH.,#2518);
#2317=SURFACE_STYLE_USAGE(.BOTH.,#2519);
#2318=SURFACE_STYLE_USAGE(.BOTH.,#2520);
#2319=SURFACE_STYLE_USAGE(.BOTH.,#2521);
#2320=SURFACE_STYLE_USAGE(.BOTH.,#2522);
#2321=SURFACE_STYLE_USAGE(.BOTH.,#2523);
#2322=SURFACE_STYLE_USAGE(.BOTH.,#2524);
#2323=SURFACE_STYLE_USAGE(.BOTH.,#2525);
#2324=SURFACE_STYLE_USAGE(.BOTH.,#2526);
#2325=SURFACE_STYLE_USAGE(.BOTH.,#2527);
#2326=SURFACE_STYLE_USAGE(.BOTH.,#2528);
#2327=SURFACE_STYLE_USAGE(.BOTH.,#2529);
#2328=SURFACE_STYLE_USAGE(.BOTH.,#2530);
#2329=SURFACE_STYLE_USAGE(.BOTH.,#2531);
#2330=SURFACE_STYLE_USAGE(.BOTH.,#2532);
#2331=SURFACE_STYLE_USAGE(.BOTH.,#2533);
#2332=SURFACE_STYLE_USAGE(.BOTH.,#2534);
#2333=SURFACE_STYLE_USAGE(.BOTH.,#2535);
#2334=SURFACE_STYLE_USAGE(.BOTH.,#2536);
#2335=SURFACE_STYLE_USAGE(.BOTH.,#2537);
#2336=SURFACE_STYLE_USAGE(.BOTH.,#2538);
#2337=SURFACE_STYLE_USAGE(.BOTH.,#2539);
#2338=SURFACE_STYLE_USAGE(.BOTH.,#2540);
#2339=SURFACE_STYLE_USAGE(.BOTH.,#2541);
#2340=SURFACE_STYLE_USAGE(.BOTH.,#2542);
#2341=SURFACE_STYLE_USAGE(.BOTH.,#2543);
#2342=SURFACE_STYLE_USAGE(.BOTH.,#2544);
#2343=SURFACE_STYLE_USAGE(.BOTH.,#2545);
#2344=SURFACE_STYLE_USAGE(.BOTH.,#2546);
#2345=SURFACE_STYLE_USAGE(.BOTH.,#2547);
#2346=SURFACE_STYLE_USAGE(.BOTH.,#2548);
#2347=SURFACE_STYLE_USAGE(.BOTH.,#2549);
#2348=SURFACE_STYLE_USAGE(.BOTH.,#2550);
#2349=SURFACE_STYLE_USAGE(.BOTH.,#2551);
#2350=SURFACE_STYLE_USAGE(.BOTH.,#2552);
#2351=SURFACE_STYLE_USAGE(.BOTH.,#2553);
#2352=SURFACE_STYLE_USAGE(.BOTH.,#2554);
#2353=SURFACE_STYLE_USAGE(.BOTH.,#2555);
#2354=SURFACE_STYLE_USAGE(.BOTH.,#2556);
#2355=SURFACE_STYLE_USAGE(.BOTH.,#2557);
#2356=SURFACE_STYLE_USAGE(.BOTH.,#2558);
#2357=SURFACE_STYLE_USAGE(.BOTH.,#2559);
#2358=SURFACE_STYLE_USAGE(.BOTH.,#2560);
#2359=SURFACE_STYLE_USAGE(.BOTH.,#2561);
#2360=SURFACE_SIDE_STYLE('',(#2562));
#2361=SURFACE_SIDE_STYLE('',(#2563));
#2362=SURFACE_SIDE_STYLE('',(#2564));
#2363=SURFACE_SIDE_STYLE('',(#2565));
#2364=SURFACE_SIDE_STYLE('',(#2566));
#2365=SURFACE_SIDE_STYLE('',(#2567));
#2366=SURFACE_SIDE_STYLE('',(#2568));
#2367=SURFACE_SIDE_STYLE('',(#2569));
#2368=SURFACE_SIDE_STYLE('',(#2570));
#2369=SURFACE_SIDE_STYLE('',(#2571));
#2370=SURFACE_SIDE_STYLE('',(#2572));
#2371=SURFACE_SIDE_STYLE('',(#2573));
#2372=SURFACE_SIDE_STYLE('',(#2574));
#2373=SURFACE_SIDE_STYLE('',(#2575));
#2374=SURFACE_SIDE_STYLE('',(#2576));
#2375=SURFACE_SIDE_STYLE('',(#2577));
#2376=SURFACE_SIDE_STYLE('',(#2578));
#2377=SURFACE_SIDE_STYLE('',(#2579));
#2378=SURFACE_SIDE_STYLE('',(#2580));
#2379=SURFACE_SIDE_STYLE('',(#2581));
#2380=SURFACE_SIDE_STYLE('',(#2582));
#2381=SURFACE_SIDE_STYLE('',(#2583));
#2382=SURFACE_SIDE_STYLE('',(#2584));
#2383=SURFACE_SIDE_STYLE('',(#2585));
#2384=SURFACE_SIDE_STYLE('',(#2586));
#2385=SURFACE_SIDE_STYLE('',(#2587));
#2386=SURFACE_SIDE_STYLE('',(#2588));
#2387=SURFACE_SIDE_STYLE('',(#2589));
#2388=SURFACE_SIDE_STYLE('',(#2590));
#2389=SURFACE_SIDE_STYLE('',(#2591));
#2390=SURFACE_SIDE_STYLE('',(#2592));
#2391=SURFACE_SIDE_STYLE('',(#2593));
#2392=SURFACE_SIDE_STYLE('',(#2594));
#2393=SURFACE_SIDE_STYLE('',(#2595));
#2394=SURFACE_SIDE_STYLE('',(#2596));
#2395=SURFACE_SIDE_STYLE('',(#2597));
#2396=SURFACE_SIDE_STYLE('',(#2598));
#2397=SURFACE_SIDE_STYLE('',(#2599));
#2398=SURFACE_SIDE_STYLE('',(#2600));
#2399=SURFACE_SIDE_STYLE('',(#2601));
#2400=SURFACE_SIDE_STYLE('',(#2602));
#2401=SURFACE_SIDE_STYLE('',(#2603));
#2402=SURFACE_SIDE_STYLE('',(#2604));
#2403=SURFACE_SIDE_STYLE('',(#2605));
#2404=SURFACE_SIDE_STYLE('',(#2606));
#2405=SURFACE_SIDE_STYLE('',(#2607));
#2406=SURFACE_SIDE_STYLE('',(#2608));
#2407=SURFACE_SIDE_STYLE('',(#2609));
#2408=SURFACE_SIDE_STYLE('',(#2610));
#2409=SURFACE_SIDE_STYLE('',(#2611));
#2410=SURFACE_SIDE_STYLE('',(#2612));
#2411=SURFACE_SIDE_STYLE('',(#2613));
#2412=SURFACE_SIDE_STYLE('',(#2614));
#2413=SURFACE_SIDE_STYLE('',(#2615));
#2414=SURFACE_SIDE_STYLE('',(#2616));
#2415=SURFACE_SIDE_STYLE('',(#2617));
#2416=SURFACE_SIDE_STYLE('',(#2618));
#2417=SURFACE_SIDE_STYLE('',(#2619));
#2418=SURFACE_SIDE_STYLE('',(#2620));
#2419=SURFACE_SIDE_STYLE('',(#2621));
#2420=SURFACE_SIDE_STYLE('',(#2622));
#2421=SURFACE_SIDE_STYLE('',(#2623));
#2422=SURFACE_SIDE_STYLE('',(#2624));
#2423=SURFACE_SIDE_STYLE('',(#2625));
#2424=SURFACE_SIDE_STYLE('',(#2626));
#2425=SURFACE_SIDE_STYLE('',(#2627));
#2426=SURFACE_SIDE_STYLE('',(#2628));
#2427=SURFACE_SIDE_STYLE('',(#2629));
#2428=SURFACE_SIDE_STYLE('',(#2630));
#2429=SURFACE_SIDE_STYLE('',(#2631));
#2430=SURFACE_SIDE_STYLE('',(#2632));
#2431=SURFACE_SIDE_STYLE('',(#2633));
#2432=SURFACE_SIDE_STYLE('',(#2634));
#2433=SURFACE_SIDE_STYLE('',(#2635));
#2434=SURFACE_SIDE_STYLE('',(#2636));
#2435=SURFACE_SIDE_STYLE('',(#2637));
#2436=SURFACE_SIDE_STYLE('',(#2638));
#2437=SURFACE_SIDE_STYLE('',(#2639));
#2438=SURFACE_SIDE_STYLE('',(#2640));
#2439=SURFACE_SIDE_STYLE('',(#2641));
#2440=SURFACE_SIDE_STYLE('',(#2642));
#2441=SURFACE_SIDE_STYLE('',(#2643));
#2442=SURFACE_SIDE_STYLE('',(#2644));
#2443=SURFACE_SIDE_STYLE('',(#2645));
#2444=SURFACE_SIDE_STYLE('',(#2646));
#2445=SURFACE_SIDE_STYLE('',(#2647));
#2446=SURFACE_SIDE_STYLE('',(#2648));
#2447=SURFACE_SIDE_STYLE('',(#2649));
#2448=SURFACE_SIDE_STYLE('',(#2650));
#2449=SURFACE_SIDE_STYLE('',(#2651));
#2450=SURFACE_SIDE_STYLE('',(#2652));
#2451=SURFACE_SIDE_STYLE('',(#2653));
#2452=SURFACE_SIDE_STYLE('',(#2654));
#2453=SURFACE_SIDE_STYLE('',(#2655));
#2454=SURFACE_SIDE_STYLE('',(#2656));
#2455=SURFACE_SIDE_STYLE('',(#2657));
#2456=SURFACE_SIDE_STYLE('',(#2658));
#2457=SURFACE_SIDE_STYLE('',(#2659));
#2458=SURFACE_SIDE_STYLE('',(#2660));
#2459=SURFACE_SIDE_STYLE('',(#2661));
#2460=SURFACE_SIDE_STYLE('',(#2662));
#2461=SURFACE_SIDE_STYLE('',(#2663));
#2462=SURFACE_SIDE_STYLE('',(#2664));
#2463=SURFACE_SIDE_STYLE('',(#2665));
#2464=SURFACE_SIDE_STYLE('',(#2666));
#2465=SURFACE_SIDE_STYLE('',(#2667));
#2466=SURFACE_SIDE_STYLE('',(#2668));
#2467=SURFACE_SIDE_STYLE('',(#2669));
#2468=SURFACE_SIDE_STYLE('',(#2670));
#2469=SURFACE_SIDE_STYLE('',(#2671));
#2470=SURFACE_SIDE_STYLE('',(#2672));
#2471=SURFACE_SIDE_STYLE('',(#2673));
#2472=SURFACE_SIDE_STYLE('',(#2674));
#2473=SURFACE_SIDE_STYLE('',(#2675));
#2474=SURFACE_SIDE_STYLE('',(#2676));
#2475=SURFACE_SIDE_STYLE('',(#2677));
#2476=SURFACE_SIDE_STYLE('',(#2678));
#2477=SURFACE_SIDE_STYLE('',(#2679));
#2478=SURFACE_SIDE_STYLE('',(#2680));
#2479=SURFACE_SIDE_STYLE('',(#2681));
#2480=SURFACE_SIDE_STYLE('',(#2682));
#2481=SURFACE_SIDE_STYLE('',(#2683));
#2482=SURFACE_SIDE_STYLE('',(#2684));
#2483=SURFACE_SIDE_STYLE('',(#2685));
#2484=SURFACE_SIDE_STYLE('',(#2686));
#2485=SURFACE_SIDE_STYLE('',(#2687));
#2486=SURFACE_SIDE_STYLE('',(#2688));
#2487=SURFACE_SIDE_STYLE('',(#2689));
#2488=SURFACE_SIDE_STYLE('',(#2690));
#2489=SURFACE_SIDE_STYLE('',(#2691));
#2490=SURFACE_SIDE_STYLE('',(#2692));
#2491=SURFACE_SIDE_STYLE('',(#2693));
#2492=SURFACE_SIDE_STYLE('',(#2694));
#2493=SURFACE_SIDE_STYLE('',(#2695));
#2494=SURFACE_SIDE_STYLE('',(#2696));
#2495=SURFACE_SIDE_STYLE('',(#2697));
#2496=SURFACE_SIDE_STYLE('',(#2698));
#2497=SURFACE_SIDE_STYLE('',(#2699));
#2498=SURFACE_SIDE_STYLE('',(#2700));
#2499=SURFACE_SIDE_STYLE('',(#2701));
#2500=SURFACE_SIDE_STYLE('',(#2702));
#2501=SURFACE_SIDE_STYLE('',(#2703));
#2502=SURFACE_SIDE_STYLE('',(#2704));
#2503=SURFACE_SIDE_STYLE('',(#2705));
#2504=SURFACE_SIDE_STYLE('',(#2706));
#2505=SURFACE_SIDE_STYLE('',(#2707));
#2506=SURFACE_SIDE_STYLE('',(#2708));
#2507=SURFACE_SIDE_STYLE('',(#2709));
#2508=SURFACE_SIDE_STYLE('',(#2710));
#2509=SURFACE_SIDE_STYLE('',(#2711));
#2510=SURFACE_SIDE_STYLE('',(#2712));
#2511=SURFACE_SIDE_STYLE('',(#2713));
#2512=SURFACE_SIDE_STYLE('',(#2714));
#2513=SURFACE_SIDE_STYLE('',(#2715));
#2514=SURFACE_SIDE_STYLE('',(#2716));
#2515=SURFACE_SIDE_STYLE('',(#2717));
#2516=SURFACE_SIDE_STYLE('',(#2718));
#2517=SURFACE_SIDE_STYLE('',(#2719));
#2518=SURFACE_SIDE_STYLE('',(#2720));
#2519=SURFACE_SIDE_STYLE('',(#2721));
#2520=SURFACE_SIDE_STYLE('',(#2722));
#2521=SURFACE_SIDE_STYLE('',(#2723));
#2522=SURFACE_SIDE_STYLE('',(#2724));
#2523=SURFACE_SIDE_STYLE('',(#2725));
#2524=SURFACE_SIDE_STYLE('',(#2726));
#2525=SURFACE_SIDE_STYLE('',(#2727));
#2526=SURFACE_SIDE_STYLE('',(#2728));
#2527=SURFACE_SIDE_STYLE('',(#2729));
#2528=SURFACE_SIDE_STYLE('',(#2730));
#2529=SURFACE_SIDE_STYLE('',(#2731));
#2530=SURFACE_SIDE_STYLE('',(#2732));
#2531=SURFACE_SIDE_STYLE('',(#2733));
#2532=SURFACE_SIDE_STYLE('',(#2734));
#2533=SURFACE_SIDE_STYLE('',(#2735));
#2534=SURFACE_SIDE_STYLE('',(#2736));
#2535=SURFACE_SIDE_STYLE('',(#2737));
#2536=SURFACE_SIDE_STYLE('',(#2738));
#2537=SURFACE_SIDE_STYLE('',(#2739));
#2538=SURFACE_SIDE_STYLE('',(#2740));
#2539=SURFACE_SIDE_STYLE('',(#2741));
#2540=SURFACE_SIDE_STYLE('',(#2742));
#2541=SURFACE_SIDE_STYLE('',(#2743));
#2542=SURFACE_SIDE_STYLE('',(#2744));
#2543=SURFACE_SIDE_STYLE('',(#2745));
#2544=SURFACE_SIDE_STYLE('',(#2746));
#2545=SURFACE_SIDE_STYLE('',(#2747));
#2546=SURFACE_SIDE_STYLE('',(#2748));
#2547=SURFACE_SIDE_STYLE('',(#2749));
#2548=SURFACE_SIDE_STYLE('',(#2750));
#2549=SURFACE_SIDE_STYLE('',(#2751));
#2550=SURFACE_SIDE_STYLE('',(#2752));
#2551=SURFACE_SIDE_STYLE('',(#2753));
#2552=SURFACE_SIDE_STYLE('',(#2754));
#2553=SURFACE_SIDE_STYLE('',(#2755));
#2554=SURFACE_SIDE_STYLE('',(#2756));
#2555=SURFACE_SIDE_STYLE('',(#2757));
#2556=SURFACE_SIDE_STYLE('',(#2758));
#2557=SURFACE_SIDE_STYLE('',(#2759));
#2558=SURFACE_SIDE_STYLE('',(#2760));
#2559=SURFACE_SIDE_STYLE('',(#2761));
#2560=SURFACE_SIDE_STYLE('',(#2762));
#2561=SURFACE_SIDE_STYLE('',(#2763));
#2562=SURFACE_STYLE_FILL_AREA(#2764);
#2563=SURFACE_STYLE_FILL_AREA(#2765);
#2564=SURFACE_STYLE_FILL_AREA(#2766);
#2565=SURFACE_STYLE_FILL_AREA(#2767);
#2566=SURFACE_STYLE_FILL_AREA(#2768);
#2567=SURFACE_STYLE_FILL_AREA(#2769);
#2568=SURFACE_STYLE_FILL_AREA(#2770);
#2569=SURFACE_STYLE_FILL_AREA(#2771);
#2570=SURFACE_STYLE_FILL_AREA(#2772);
#2571=SURFACE_STYLE_FILL_AREA(#2773);
#2572=SURFACE_STYLE_FILL_AREA(#2774);
#2573=SURFACE_STYLE_FILL_AREA(#2775);
#2574=SURFACE_STYLE_FILL_AREA(#2776);
#2575=SURFACE_STYLE_FILL_AREA(#2777);
#2576=SURFACE_STYLE_FILL_AREA(#2778);
#2577=SURFACE_STYLE_FILL_AREA(#2779);
#2578=SURFACE_STYLE_FILL_AREA(#2780);
#2579=SURFACE_STYLE_FILL_AREA(#2781);
#2580=SURFACE_STYLE_FILL_AREA(#2782);
#2581=SURFACE_STYLE_FILL_AREA(#2783);
#2582=SURFACE_STYLE_FILL_AREA(#2784);
#2583=SURFACE_STYLE_FILL_AREA(#2785);
#2584=SURFACE_STYLE_FILL_AREA(#2786);
#2585=SURFACE_STYLE_FILL_AREA(#2787);
#2586=SURFACE_STYLE_FILL_AREA(#2788);
#2587=SURFACE_STYLE_FILL_AREA(#2789);
#2588=SURFACE_STYLE_FILL_AREA(#2790);
#2589=SURFACE_STYLE_FILL_AREA(#2791);
#2590=SURFACE_STYLE_FILL_AREA(#2792);
#2591=SURFACE_STYLE_FILL_AREA(#2793);
#2592=SURFACE_STYLE_FILL_AREA(#2794);
#2593=SURFACE_STYLE_FILL_AREA(#2795);
#2594=SURFACE_STYLE_FILL_AREA(#2796);
#2595=SURFACE_STYLE_FILL_AREA(#2797);
#2596=SURFACE_STYLE_FILL_AREA(#2798);
#2597=SURFACE_STYLE_FILL_AREA(#2799);
#2598=SURFACE_STYLE_FILL_AREA(#2800);
#2599=SURFACE_STYLE_FILL_AREA(#2801);
#2600=SURFACE_STYLE_FILL_AREA(#2802);
#2601=SURFACE_STYLE_FILL_AREA(#2803);
#2602=SURFACE_STYLE_FILL_AREA(#2804);
#2603=SURFACE_STYLE_FILL_AREA(#2805);
#2604=SURFACE_STYLE_FILL_AREA(#2806);
#2605=SURFACE_STYLE_FILL_AREA(#2807);
#2606=SURFACE_STYLE_FILL_AREA(#2808);
#2607=SURFACE_STYLE_FILL_AREA(#2809);
#2608=SURFACE_STYLE_FILL_AREA(#2810);
#2609=SURFACE_STYLE_FILL_AREA(#2811);
#2610=SURFACE_STYLE_FILL_AREA(#2812);
#2611=SURFACE_STYLE_FILL_AREA(#2813);
#2612=SURFACE_STYLE_FILL_AREA(#2814);
#2613=SURFACE_STYLE_FILL_AREA(#2815);
#2614=SURFACE_STYLE_FILL_AREA(#2816);
#2615=SURFACE_STYLE_FILL_AREA(#2817);
#2616=SURFACE_STYLE_FILL_AREA(#2818);
#2617=SURFACE_STYLE_FILL_AREA(#2819);
#2618=SURFACE_STYLE_FILL_AREA(#2820);
#2619=SURFACE_STYLE_FILL_AREA(#2821);
#2620=SURFACE_STYLE_FILL_AREA(#2822);
#2621=SURFACE_STYLE_FILL_AREA(#2823);
#2622=SURFACE_STYLE_FILL_AREA(#2824);
#2623=SURFACE_STYLE_FILL_AREA(#2825);
#2624=SURFACE_STYLE_FILL_AREA(#2826);
#2625=SURFACE_STYLE_FILL_AREA(#2827);
#2626=SURFACE_STYLE_FILL_AREA(#2828);
#2627=SURFACE_STYLE_FILL_AREA(#2829);
#2628=SURFACE_STYLE_FILL_AREA(#2830);
#2629=SURFACE_STYLE_FILL_AREA(#2831);
#2630=SURFACE_STYLE_FILL_AREA(#2832);
#2631=SURFACE_STYLE_FILL_AREA(#2833);
#2632=SURFACE_STYLE_FILL_AREA(#2834);
#2633=SURFACE_STYLE_FILL_AREA(#2835);
#2634=SURFACE_STYLE_FILL_AREA(#2836);
#2635=SURFACE_STYLE_FILL_AREA(#2837);
#2636=SURFACE_STYLE_FILL_AREA(#2838);
#2637=SURFACE_STYLE_FILL_AREA(#2839);
#2638=SURFACE_STYLE_FILL_AREA(#2840);
#2639=SURFACE_STYLE_FILL_AREA(#2841);
#2640=SURFACE_STYLE_FILL_AREA(#2842);
#2641=SURFACE_STYLE_FILL_AREA(#2843);
#2642=SURFACE_STYLE_FILL_AREA(#2844);
#2643=SURFACE_STYLE_FILL_AREA(#2845);
#2644=SURFACE_STYLE_FILL_AREA(#2846);
#2645=SURFACE_STYLE_FILL_AREA(#2847);
#2646=SURFACE_STYLE_FILL_AREA(#2848);
#2647=SURFACE_STYLE_FILL_AREA(#2849);
#2648=SURFACE_STYLE_FILL_AREA(#2850);
#2649=SURFACE_STYLE_FILL_AREA(#2851);
#2650=SURFACE_STYLE_FILL_AREA(#2852);
#2651=SURFACE_STYLE_FILL_AREA(#2853);
#2652=SURFACE_STYLE_FILL_AREA(#2854);
#2653=SURFACE_STYLE_FILL_AREA(#2855);
#2654=SURFACE_STYLE_FILL_AREA(#2856);
#2655=SURFACE_STYLE_FILL_AREA(#2857);
#2656=SURFACE_STYLE_FILL_AREA(#2858);
#2657=SURFACE_STYLE_FILL_AREA(#2859);
#2658=SURFACE_STYLE_FILL_AREA(#2860);
#2659=SURFACE_STYLE_FILL_AREA(#2861);
#2660=SURFACE_STYLE_FILL_AREA(#2862);
#2661=SURFACE_STYLE_FILL_AREA(#2863);
#2662=SURFACE_STYLE_FILL_AREA(#2864);
#2663=SURFACE_STYLE_FILL_AREA(#2865);
#2664=SURFACE_STYLE_FILL_AREA(#2866);
#2665=SURFACE_STYLE_FILL_AREA(#2867);
#2666=SURFACE_STYLE_FILL_AREA(#2868);
#2667=SURFACE_STYLE_FILL_AREA(#2869);
#2668=SURFACE_STYLE_FILL_AREA(#2870);
#2669=SURFACE_STYLE_FILL_AREA(#2871);
#2670=SURFACE_STYLE_FILL_AREA(#2872);
#2671=SURFACE_STYLE_FILL_AREA(#2873);
#2672=SURFACE_STYLE_FILL_AREA(#2874);
#2673=SURFACE_STYLE_FILL_AREA(#2875);
#2674=SURFACE_STYLE_FILL_AREA(#2876);
#2675=SURFACE_STYLE_FILL_AREA(#2877);
#2676=SURFACE_STYLE_FILL_AREA(#2878);
#2677=SURFACE_STYLE_FILL_AREA(#2879);
#2678=SURFACE_STYLE_FILL_AREA(#2880);
#2679=SURFACE_STYLE_FILL_AREA(#2881);
#2680=SURFACE_STYLE_FILL_AREA(#2882);
#2681=SURFACE_STYLE_FILL_AREA(#2883);
#2682=SURFACE_STYLE_FILL_AREA(#2884);
#2683=SURFACE_STYLE_FILL_AREA(#2885);
#2684=SURFACE_STYLE_FILL_AREA(#2886);
#2685=SURFACE_STYLE_FILL_AREA(#2887);
#2686=SURFACE_STYLE_FILL_AREA(#2888);
#2687=SURFACE_STYLE_FILL_AREA(#2889);
#2688=SURFACE_STYLE_FILL_AREA(#2890);
#2689=SURFACE_STYLE_FILL_AREA(#2891);
#2690=SURFACE_STYLE_FILL_AREA(#2892);
#2691=SURFACE_STYLE_FILL_AREA(#2893);
#2692=SURFACE_STYLE_FILL_AREA(#2894);
#2693=SURFACE_STYLE_FILL_AREA(#2895);
#2694=SURFACE_STYLE_FILL_AREA(#2896);
#2695=SURFACE_STYLE_FILL_AREA(#2897);
#2696=SURFACE_STYLE_FILL_AREA(#2898);
#2697=SURFACE_STYLE_FILL_AREA(#2899);
#2698=SURFACE_STYLE_FILL_AREA(#2900);
#2699=SURFACE_STYLE_FILL_AREA(#2901);
#2700=SURFACE_STYLE_FILL_AREA(#2902);
#2701=SURFACE_STYLE_FILL_AREA(#2903);
#2702=SURFACE_STYLE_FILL_AREA(#2904);
#2703=SURFACE_STYLE_FILL_AREA(#2905);
#2704=SURFACE_STYLE_FILL_AREA(#2906);
#2705=SURFACE_STYLE_FILL_AREA(#2907);
#2706=SURFACE_STYLE_FILL_AREA(#2908);
#2707=SURFACE_STYLE_FILL_AREA(#2909);
#2708=SURFACE_STYLE_FILL_AREA(#2910);
#2709=SURFACE_STYLE_FILL_AREA(#2911);
#2710=SURFACE_STYLE_FILL_AREA(#2912);
#2711=SURFACE_STYLE_FILL_AREA(#2913);
#2712=SURFACE_STYLE_FILL_AREA(#2914);
#2713=SURFACE_STYLE_FILL_AREA(#2915);
#2714=SURFACE_STYLE_FILL_AREA(#2916);
#2715=SURFACE_STYLE_FILL_AREA(#2917);
#2716=SURFACE_STYLE_FILL_AREA(#2918);
#2717=SURFACE_STYLE_FILL_AREA(#2919);
#2718=SURFACE_STYLE_FILL_AREA(#2920);
#2719=SURFACE_STYLE_FILL_AREA(#2921);
#2720=SURFACE_STYLE_FILL_AREA(#2922);
#2721=SURFACE_STYLE_FILL_AREA(#2923);
#2722=SURFACE_STYLE_FILL_AREA(#2924);
#2723=SURFACE_STYLE_FILL_AREA(#2925);
#2724=SURFACE_STYLE_FILL_AREA(#2926);
#2725=SURFACE_STYLE_FILL_AREA(#2927);
#2726=SURFACE_STYLE_FILL_AREA(#2928);
#2727=SURFACE_STYLE_FILL_AREA(#2929);
#2728=SURFACE_STYLE_FILL_AREA(#2930);
#2729=SURFACE_STYLE_FILL_AREA(#2931);
#2730=SURFACE_STYLE_FILL_AREA(#2932);
#2731=SURFACE_STYLE_FILL_AREA(#2933);
#2732=SURFACE_STYLE_FILL_AREA(#2934);
#2733=SURFACE_STYLE_FILL_AREA(#2935);
#2734=SURFACE_STYLE_FILL_AREA(#2936);
#2735=SURFACE_STYLE_FILL_AREA(#2937);
#2736=SURFACE_STYLE_FILL_AREA(#2938);
#2737=SURFACE_STYLE_FILL_AREA(#2939);
#2738=SURFACE_STYLE_FILL_AREA(#2940);
#2739=SURFACE_STYLE_FILL_AREA(#2941);
#2740=SURFACE_STYLE_FILL_AREA(#2942);
#2741=SURFACE_STYLE_FILL_AREA(#2943);
#2742=SURFACE_STYLE_FILL_AREA(#2944);
#2743=SURFACE_STYLE_FILL_AREA(#2945);
#2744=SURFACE_STYLE_FILL_AREA(#2946);
#2745=SURFACE_STYLE_FILL_AREA(#2947);
#2746=SURFACE_STYLE_FILL_AREA(#2948);
#2747=SURFACE_STYLE_FILL_AREA(#2949);
#2748=SURFACE_STYLE_FILL_AREA(#2950);
#2749=SURFACE_STYLE_FILL_AREA(#2951);
#2750=SURFACE_STYLE_FILL_AREA(#2952);
#2751=SURFACE_STYLE_FILL_AREA(#2953);
#2752=SURFACE_STYLE_FILL_AREA(#2954);
#2753=SURFACE_STYLE_FILL_AREA(#2955);
#2754=SURFACE_STYLE_FILL_AREA(#2956);
#2755=SURFACE_STYLE_FILL_AREA(#2957);
#2756=SURFACE_STYLE_FILL_AREA(#2958);
#2757=SURFACE_STYLE_FILL_AREA(#2959);
#2758=SURFACE_STYLE_FILL_AREA(#2960);
#2759=SURFACE_STYLE_FILL_AREA(#2961);
#2760=SURFACE_STYLE_FILL_AREA(#2962);
#2761=SURFACE_STYLE_FILL_AREA(#2963);
#2762=SURFACE_STYLE_FILL_AREA(#2964);
#2763=SURFACE_STYLE_FILL_AREA(#2965);
#2764=FILL_AREA_STYLE('',(#2966));
#2765=FILL_AREA_STYLE('',(#2967));
#2766=FILL_AREA_STYLE('',(#2968));
#2767=FILL_AREA_STYLE('',(#2969));
#2768=FILL_AREA_STYLE('',(#2970));
#2769=FILL_AREA_STYLE('',(#2971));
#2770=FILL_AREA_STYLE('',(#2972));
#2771=FILL_AREA_STYLE('',(#2973));
#2772=FILL_AREA_STYLE('',(#2974));
#2773=FILL_AREA_STYLE('',(#2975));
#2774=FILL_AREA_STYLE('',(#2976));
#2775=FILL_AREA_STYLE('',(#2977));
#2776=FILL_AREA_STYLE('',(#2978));
#2777=FILL_AREA_STYLE('',(#2979));
#2778=FILL_AREA_STYLE('',(#2980));
#2779=FILL_AREA_STYLE('',(#2981));
#2780=FILL_AREA_STYLE('',(#2982));
#2781=FILL_AREA_STYLE('',(#2983));
#2782=FILL_AREA_STYLE('',(#2984));
#2783=FILL_AREA_STYLE('',(#2985));
#2784=FILL_AREA_STYLE('',(#2986));
#2785=FILL_AREA_STYLE('',(#2987));
#2786=FILL_AREA_STYLE('',(#2988));
#2787=FILL_AREA_STYLE('',(#2989));
#2788=FILL_AREA_STYLE('',(#2990));
#2789=FILL_AREA_STYLE('',(#2991));
#2790=FILL_AREA_STYLE('',(#2992));
#2791=FILL_AREA_STYLE('',(#2993));
#2792=FILL_AREA_STYLE('',(#2994));
#2793=FILL_AREA_STYLE('',(#2995));
#2794=FILL_AREA_STYLE('',(#2996));
#2795=FILL_AREA_STYLE('',(#2997));
#2796=FILL_AREA_STYLE('',(#2998));
#2797=FILL_AREA_STYLE('',(#2999));
#2798=FILL_AREA_STYLE('',(#3000));
#2799=FILL_AREA_STYLE('',(#3001));
#2800=FILL_AREA_STYLE('',(#3002));
#2801=FILL_AREA_STYLE('',(#3003));
#2802=FILL_AREA_STYLE('',(#3004));
#2803=FILL_AREA_STYLE('',(#3005));
#2804=FILL_AREA_STYLE('',(#3006));
#2805=FILL_AREA_STYLE('',(#3007));
#2806=FILL_AREA_STYLE('',(#3008));
#2807=FILL_AREA_STYLE('',(#3009));
#2808=FILL_AREA_STYLE('',(#3010));
#2809=FILL_AREA_STYLE('',(#3011));
#2810=FILL_AREA_STYLE('',(#3012));
#2811=FILL_AREA_STYLE('',(#3013));
#2812=FILL_AREA_STYLE('',(#3014));
#2813=FILL_AREA_STYLE('',(#3015));
#2814=FILL_AREA_STYLE('',(#3016));
#2815=FILL_AREA_STYLE('',(#3017));
#2816=FILL_AREA_STYLE('',(#3018));
#2817=FILL_AREA_STYLE('',(#3019));
#2818=FILL_AREA_STYLE('',(#3020));
#2819=FILL_AREA_STYLE('',(#3021));
#2820=FILL_AREA_STYLE('',(#3022));
#2821=FILL_AREA_STYLE('',(#3023));
#2822=FILL_AREA_STYLE('',(#3024));
#2823=FILL_AREA_STYLE('',(#3025));
#2824=FILL_AREA_STYLE('',(#3026));
#2825=FILL_AREA_STYLE('',(#3027));
#2826=FILL_AREA_STYLE('',(#3028));
#2827=FILL_AREA_STYLE('',(#3029));
#2828=FILL_AREA_STYLE('',(#3030));
#2829=FILL_AREA_STYLE('',(#3031));
#2830=FILL_AREA_STYLE('',(#3032));
#2831=FILL_AREA_STYLE('',(#3033));
#2832=FILL_AREA_STYLE('',(#3034));
#2833=FILL_AREA_STYLE('',(#3035));
#2834=FILL_AREA_STYLE('',(#3036));
#2835=FILL_AREA_STYLE('',(#3037));
#2836=FILL_AREA_STYLE('',(#3038));
#2837=FILL_AREA_STYLE('',(#3039));
#2838=FILL_AREA_STYLE('',(#3040));
#2839=FILL_AREA_STYLE('',(#3041));
#2840=FILL_AREA_STYLE('',(#3042));
#2841=FILL_AREA_STYLE('',(#3043));
#2842=FILL_AREA_STYLE('',(#3044));
#2843=FILL_AREA_STYLE('',(#3045));
#2844=FILL_AREA_STYLE('',(#3046));
#2845=FILL_AREA_STYLE('',(#3047));
#2846=FILL_AREA_STYLE('',(#3048));
#2847=FILL_AREA_STYLE('',(#3049));
#2848=FILL_AREA_STYLE('',(#3050));
#2849=FILL_AREA_STYLE('',(#3051));
#2850=FILL_AREA_STYLE('',(#3052));
#2851=FILL_AREA_STYLE('',(#3053));
#2852=FILL_AREA_STYLE('',(#3054));
#2853=FILL_AREA_STYLE('',(#3055));
#2854=FILL_AREA_STYLE('',(#3056));
#2855=FILL_AREA_STYLE('',(#3057));
#2856=FILL_AREA_STYLE('',(#3058));
#2857=FILL_AREA_STYLE('',(#3059));
#2858=FILL_AREA_STYLE('',(#3060));
#2859=FILL_AREA_STYLE('',(#3061));
#2860=FILL_AREA_STYLE('',(#3062));
#2861=FILL_AREA_STYLE('',(#3063));
#2862=FILL_AREA_STYLE('',(#3064));
#2863=FILL_AREA_STYLE('',(#3065));
#2864=FILL_AREA_STYLE('',(#3066));
#2865=FILL_AREA_STYLE('',(#3067));
#2866=FILL_AREA_STYLE('',(#3068));
#2867=FILL_AREA_STYLE('',(#3069));
#2868=FILL_AREA_STYLE('',(#3070));
#2869=FILL_AREA_STYLE('',(#3071));
#2870=FILL_AREA_STYLE('',(#3072));
#2871=FILL_AREA_STYLE('',(#3073));
#2872=FILL_AREA_STYLE('',(#3074));
#2873=FILL_AREA_STYLE('',(#3075));
#2874=FILL_AREA_STYLE('',(#3076));
#2875=FILL_AREA_STYLE('',(#3077));
#2876=FILL_AREA_STYLE('',(#3078));
#2877=FILL_AREA_STYLE('',(#3079));
#2878=FILL_AREA_STYLE('',(#3080));
#2879=FILL_AREA_STYLE('',(#3081));
#2880=FILL_AREA_STYLE('',(#3082));
#2881=FILL_AREA_STYLE('',(#3083));
#2882=FILL_AREA_STYLE('',(#3084));
#2883=FILL_AREA_STYLE('',(#3085));
#2884=FILL_AREA_STYLE('',(#3086));
#2885=FILL_AREA_STYLE('',(#3087));
#2886=FILL_AREA_STYLE('',(#3088));
#2887=FILL_AREA_STYLE('',(#3089));
#2888=FILL_AREA_STYLE('',(#3090));
#2889=FILL_AREA_STYLE('',(#3091));
#2890=FILL_AREA_STYLE('',(#3092));
#2891=FILL_AREA_STYLE('',(#3093));
#2892=FILL_AREA_STYLE('',(#3094));
#2893=FILL_AREA_STYLE('',(#3095));
#2894=FILL_AREA_STYLE('',(#3096));
#2895=FILL_AREA_STYLE('',(#3097));
#2896=FILL_AREA_STYLE('',(#3098));
#2897=FILL_AREA_STYLE('',(#3099));
#2898=FILL_AREA_STYLE('',(#3100));
#2899=FILL_AREA_STYLE('',(#3101));
#2900=FILL_AREA_STYLE('',(#3102));
#2901=FILL_AREA_STYLE('',(#3103));
#2902=FILL_AREA_STYLE('',(#3104));
#2903=FILL_AREA_STYLE('',(#3105));
#2904=FILL_AREA_STYLE('',(#3106));
#2905=FILL_AREA_STYLE('',(#3107));
#2906=FILL_AREA_STYLE('',(#3108));
#2907=FILL_AREA_STYLE('',(#3109));
#2908=FILL_AREA_STYLE('',(#3110));
#2909=FILL_AREA_STYLE('',(#3111));
#2910=FILL_AREA_STYLE('',(#3112));
#2911=FILL_AREA_STYLE('',(#3113));
#2912=FILL_AREA_STYLE('',(#3114));
#2913=FILL_AREA_STYLE('',(#3115));
#2914=FILL_AREA_STYLE('',(#3116));
#2915=FILL_AREA_STYLE('',(#3117));
#2916=FILL_AREA_STYLE('',(#3118));
#2917=FILL_AREA_STYLE('',(#3119));
#2918=FILL_AREA_STYLE('',(#3120));
#2919=FILL_AREA_STYLE('',(#3121));
#2920=FILL_AREA_STYLE('',(#3122));
#2921=FILL_AREA_STYLE('',(#3123));
#2922=FILL_AREA_STYLE('',(#3124));
#2923=FILL_AREA_STYLE('',(#3125));
#2924=FILL_AREA_STYLE('',(#3126));
#2925=FILL_AREA_STYLE('',(#3127));
#2926=FILL_AREA_STYLE('',(#3128));
#2927=FILL_AREA_STYLE('',(#3129));
#2928=FILL_AREA_STYLE('',(#3130));
#2929=FILL_AREA_STYLE('',(#3131));
#2930=FILL_AREA_STYLE('',(#3132));
#2931=FILL_AREA_STYLE('',(#3133));
#2932=FILL_AREA_STYLE('',(#3134));
#2933=FILL_AREA_STYLE('',(#3135));
#2934=FILL_AREA_STYLE('',(#3136));
#2935=FILL_AREA_STYLE('',(#3137));
#2936=FILL_AREA_STYLE('',(#3138));
#2937=FILL_AREA_STYLE('',(#3139));
#2938=FILL_AREA_STYLE('',(#3140));
#2939=FILL_AREA_STYLE('',(#3141));
#2940=FILL_AREA_STYLE('',(#3142));
#2941=FILL_AREA_STYLE('',(#3143));
#2942=FILL_AREA_STYLE('',(#3144));
#2943=FILL_AREA_STYLE('',(#3145));
#2944=FILL_AREA_STYLE('',(#3146));
#2945=FILL_AREA_STYLE('',(#3147));
#2946=FILL_AREA_STYLE('',(#3148));
#2947=FILL_AREA_STYLE('',(#3149));
#2948=FILL_AREA_STYLE('',(#3150));
#2949=FILL_AREA_STYLE('',(#3151));
#2950=FILL_AREA_STYLE('',(#3152));
#2951=FILL_AREA_STYLE('',(#3153));
#2952=FILL_AREA_STYLE('',(#3154));
#2953=FILL_AREA_STYLE('',(#3155));
#2954=FILL_AREA_STYLE('',(#3156));
#2955=FILL_AREA_STYLE('',(#3157));
#2956=FILL_AREA_STYLE('',(#3158));
#2957=FILL_AREA_STYLE('',(#3159));
#2958=FILL_AREA_STYLE('',(#3160));
#2959=FILL_AREA_STYLE('',(#3161));
#2960=FILL_AREA_STYLE('',(#3162));
#2961=FILL_AREA_STYLE('',(#3163));
#2962=FILL_AREA_STYLE('',(#3164));
#2963=FILL_AREA_STYLE('',(#3165));
#2964=FILL_AREA_STYLE('',(#3166));
#2965=FILL_AREA_STYLE('',(#3167));
#2966=FILL_AREA_STYLE_COLOUR('',#3168);
#2967=FILL_AREA_STYLE_COLOUR('',#3169);
#2968=FILL_AREA_STYLE_COLOUR('',#3169);
#2969=FILL_AREA_STYLE_COLOUR('',#3169);
#2970=FILL_AREA_STYLE_COLOUR('',#3169);
#2971=FILL_AREA_STYLE_COLOUR('',#3169);
#2972=FILL_AREA_STYLE_COLOUR('',#3169);
#2973=FILL_AREA_STYLE_COLOUR('',#3169);
#2974=FILL_AREA_STYLE_COLOUR('',#3169);
#2975=FILL_AREA_STYLE_COLOUR('',#3169);
#2976=FILL_AREA_STYLE_COLOUR('',#3169);
#2977=FILL_AREA_STYLE_COLOUR('',#3169);
#2978=FILL_AREA_STYLE_COLOUR('',#3169);
#2979=FILL_AREA_STYLE_COLOUR('',#3169);
#2980=FILL_AREA_STYLE_COLOUR('',#3169);
#2981=FILL_AREA_STYLE_COLOUR('',#3169);
#2982=FILL_AREA_STYLE_COLOUR('',#3169);
#2983=FILL_AREA_STYLE_COLOUR('',#3169);
#2984=FILL_AREA_STYLE_COLOUR('',#3169);
#2985=FILL_AREA_STYLE_COLOUR('',#3169);
#2986=FILL_AREA_STYLE_COLOUR('',#3169);
#2987=FILL_AREA_STYLE_COLOUR('',#3169);
#2988=FILL_AREA_STYLE_COLOUR('',#3169);
#2989=FILL_AREA_STYLE_COLOUR('',#3169);
#2990=FILL_AREA_STYLE_COLOUR('',#3169);
#2991=FILL_AREA_STYLE_COLOUR('',#3169);
#2992=FILL_AREA_STYLE_COLOUR('',#3169);
#2993=FILL_AREA_STYLE_COLOUR('',#3169);
#2994=FILL_AREA_STYLE_COLOUR('',#3169);
#2995=FILL_AREA_STYLE_COLOUR('',#3169);
#2996=FILL_AREA_STYLE_COLOUR('',#3169);
#2997=FILL_AREA_STYLE_COLOUR('',#3169);
#2998=FILL_AREA_STYLE_COLOUR('',#3169);
#2999=FILL_AREA_STYLE_COLOUR('',#3169);
#3000=FILL_AREA_STYLE_COLOUR('',#3169);
#3001=FILL_AREA_STYLE_COLOUR('',#3169);
#3002=FILL_AREA_STYLE_COLOUR('',#3169);
#3003=FILL_AREA_STYLE_COLOUR('',#3169);
#3004=FILL_AREA_STYLE_COLOUR('',#3169);
#3005=FILL_AREA_STYLE_COLOUR('',#3169);
#3006=FILL_AREA_STYLE_COLOUR('',#3169);
#3007=FILL_AREA_STYLE_COLOUR('',#3169);
#3008=FILL_AREA_STYLE_COLOUR('',#3169);
#3009=FILL_AREA_STYLE_COLOUR('',#3169);
#3010=FILL_AREA_STYLE_COLOUR('',#3169);
#3011=FILL_AREA_STYLE_COLOUR('',#3169);
#3012=FILL_AREA_STYLE_COLOUR('',#3169);
#3013=FILL_AREA_STYLE_COLOUR('',#3169);
#3014=FILL_AREA_STYLE_COLOUR('',#3170);
#3015=FILL_AREA_STYLE_COLOUR('',#3169);
#3016=FILL_AREA_STYLE_COLOUR('',#3169);
#3017=FILL_AREA_STYLE_COLOUR('',#3169);
#3018=FILL_AREA_STYLE_COLOUR('',#3169);
#3019=FILL_AREA_STYLE_COLOUR('',#3169);
#3020=FILL_AREA_STYLE_COLOUR('',#3169);
#3021=FILL_AREA_STYLE_COLOUR('',#3169);
#3022=FILL_AREA_STYLE_COLOUR('',#3169);
#3023=FILL_AREA_STYLE_COLOUR('',#3169);
#3024=FILL_AREA_STYLE_COLOUR('',#3169);
#3025=FILL_AREA_STYLE_COLOUR('',#3169);
#3026=FILL_AREA_STYLE_COLOUR('',#3169);
#3027=FILL_AREA_STYLE_COLOUR('',#3169);
#3028=FILL_AREA_STYLE_COLOUR('',#3169);
#3029=FILL_AREA_STYLE_COLOUR('',#3169);
#3030=FILL_AREA_STYLE_COLOUR('',#3169);
#3031=FILL_AREA_STYLE_COLOUR('',#3169);
#3032=FILL_AREA_STYLE_COLOUR('',#3169);
#3033=FILL_AREA_STYLE_COLOUR('',#3169);
#3034=FILL_AREA_STYLE_COLOUR('',#3169);
#3035=FILL_AREA_STYLE_COLOUR('',#3169);
#3036=FILL_AREA_STYLE_COLOUR('',#3169);
#3037=FILL_AREA_STYLE_COLOUR('',#3169);
#3038=FILL_AREA_STYLE_COLOUR('',#3169);
#3039=FILL_AREA_STYLE_COLOUR('',#3169);
#3040=FILL_AREA_STYLE_COLOUR('',#3169);
#3041=FILL_AREA_STYLE_COLOUR('',#3169);
#3042=FILL_AREA_STYLE_COLOUR('',#3169);
#3043=FILL_AREA_STYLE_COLOUR('',#3169);
#3044=FILL_AREA_STYLE_COLOUR('',#3169);
#3045=FILL_AREA_STYLE_COLOUR('',#3169);
#3046=FILL_AREA_STYLE_COLOUR('',#3169);
#3047=FILL_AREA_STYLE_COLOUR('',#3169);
#3048=FILL_AREA_STYLE_COLOUR('',#3169);
#3049=FILL_AREA_STYLE_COLOUR('',#3169);
#3050=FILL_AREA_STYLE_COLOUR('',#3169);
#3051=FILL_AREA_STYLE_COLOUR('',#3169);
#3052=FILL_AREA_STYLE_COLOUR('',#3169);
#3053=FILL_AREA_STYLE_COLOUR('',#3169);
#3054=FILL_AREA_STYLE_COLOUR('',#3169);
#3055=FILL_AREA_STYLE_COLOUR('',#3169);
#3056=FILL_AREA_STYLE_COLOUR('',#3169);
#3057=FILL_AREA_STYLE_COLOUR('',#3169);
#3058=FILL_AREA_STYLE_COLOUR('',#3169);
#3059=FILL_AREA_STYLE_COLOUR('',#3169);
#3060=FILL_AREA_STYLE_COLOUR('',#3169);
#3061=FILL_AREA_STYLE_COLOUR('',#3169);
#3062=FILL_AREA_STYLE_COLOUR('',#3169);
#3063=FILL_AREA_STYLE_COLOUR('',#3169);
#3064=FILL_AREA_STYLE_COLOUR('',#3169);
#3065=FILL_AREA_STYLE_COLOUR('',#3169);
#3066=FILL_AREA_STYLE_COLOUR('',#3169);
#3067=FILL_AREA_STYLE_COLOUR('',#3169);
#3068=FILL_AREA_STYLE_COLOUR('',#3169);
#3069=FILL_AREA_STYLE_COLOUR('',#3169);
#3070=FILL_AREA_STYLE_COLOUR('',#3169);
#3071=FILL_AREA_STYLE_COLOUR('',#3169);
#3072=FILL_AREA_STYLE_COLOUR('',#3169);
#3073=FILL_AREA_STYLE_COLOUR('',#3169);
#3074=FILL_AREA_STYLE_COLOUR('',#3169);
#3075=FILL_AREA_STYLE_COLOUR('',#3169);
#3076=FILL_AREA_STYLE_COLOUR('',#3169);
#3077=FILL_AREA_STYLE_COLOUR('',#3169);
#3078=FILL_AREA_STYLE_COLOUR('',#3169);
#3079=FILL_AREA_STYLE_COLOUR('',#3169);
#3080=FILL_AREA_STYLE_COLOUR('',#3169);
#3081=FILL_AREA_STYLE_COLOUR('',#3169);
#3082=FILL_AREA_STYLE_COLOUR('',#3169);
#3083=FILL_AREA_STYLE_COLOUR('',#3169);
#3084=FILL_AREA_STYLE_COLOUR('',#3169);
#3085=FILL_AREA_STYLE_COLOUR('',#3169);
#3086=FILL_AREA_STYLE_COLOUR('',#3169);
#3087=FILL_AREA_STYLE_COLOUR('',#3169);
#3088=FILL_AREA_STYLE_COLOUR('',#3169);
#3089=FILL_AREA_STYLE_COLOUR('',#3169);
#3090=FILL_AREA_STYLE_COLOUR('',#3169);
#3091=FILL_AREA_STYLE_COLOUR('',#3169);
#3092=FILL_AREA_STYLE_COLOUR('',#3169);
#3093=FILL_AREA_STYLE_COLOUR('',#3169);
#3094=FILL_AREA_STYLE_COLOUR('',#3169);
#3095=FILL_AREA_STYLE_COLOUR('',#3169);
#3096=FILL_AREA_STYLE_COLOUR('',#3169);
#3097=FILL_AREA_STYLE_COLOUR('',#3169);
#3098=FILL_AREA_STYLE_COLOUR('',#3169);
#3099=FILL_AREA_STYLE_COLOUR('',#3169);
#3100=FILL_AREA_STYLE_COLOUR('',#3169);
#3101=FILL_AREA_STYLE_COLOUR('',#3169);
#3102=FILL_AREA_STYLE_COLOUR('',#3169);
#3103=FILL_AREA_STYLE_COLOUR('',#3169);
#3104=FILL_AREA_STYLE_COLOUR('',#3169);
#3105=FILL_AREA_STYLE_COLOUR('',#3169);
#3106=FILL_AREA_STYLE_COLOUR('',#3169);
#3107=FILL_AREA_STYLE_COLOUR('',#3169);
#3108=FILL_AREA_STYLE_COLOUR('',#3169);
#3109=FILL_AREA_STYLE_COLOUR('',#3169);
#3110=FILL_AREA_STYLE_COLOUR('',#3169);
#3111=FILL_AREA_STYLE_COLOUR('',#3169);
#3112=FILL_AREA_STYLE_COLOUR('',#3169);
#3113=FILL_AREA_STYLE_COLOUR('',#3169);
#3114=FILL_AREA_STYLE_COLOUR('',#3169);
#3115=FILL_AREA_STYLE_COLOUR('',#3169);
#3116=FILL_AREA_STYLE_COLOUR('',#3169);
#3117=FILL_AREA_STYLE_COLOUR('',#3169);
#3118=FILL_AREA_STYLE_COLOUR('',#3169);
#3119=FILL_AREA_STYLE_COLOUR('',#3169);
#3120=FILL_AREA_STYLE_COLOUR('',#3169);
#3121=FILL_AREA_STYLE_COLOUR('',#3169);
#3122=FILL_AREA_STYLE_COLOUR('',#3169);
#3123=FILL_AREA_STYLE_COLOUR('',#3169);
#3124=FILL_AREA_STYLE_COLOUR('',#3169);
#3125=FILL_AREA_STYLE_COLOUR('',#3169);
#3126=FILL_AREA_STYLE_COLOUR('',#3169);
#3127=FILL_AREA_STYLE_COLOUR('',#3169);
#3128=FILL_AREA_STYLE_COLOUR('',#3169);
#3129=FILL_AREA_STYLE_COLOUR('',#3169);
#3130=FILL_AREA_STYLE_COLOUR('',#3169);
#3131=FILL_AREA_STYLE_COLOUR('',#3169);
#3132=FILL_AREA_STYLE_COLOUR('',#3169);
#3133=FILL_AREA_STYLE_COLOUR('',#3169);
#3134=FILL_AREA_STYLE_COLOUR('',#3169);
#3135=FILL_AREA_STYLE_COLOUR('',#3169);
#3136=FILL_AREA_STYLE_COLOUR('',#3169);
#3137=FILL_AREA_STYLE_COLOUR('',#3169);
#3138=FILL_AREA_STYLE_COLOUR('',#3169);
#3139=FILL_AREA_STYLE_COLOUR('',#3169);
#3140=FILL_AREA_STYLE_COLOUR('',#3169);
#3141=FILL_AREA_STYLE_COLOUR('',#3169);
#3142=FILL_AREA_STYLE_COLOUR('',#3169);
#3143=FILL_AREA_STYLE_COLOUR('',#3169);
#3144=FILL_AREA_STYLE_COLOUR('',#3169);
#3145=FILL_AREA_STYLE_COLOUR('',#3169);
#3146=FILL_AREA_STYLE_COLOUR('',#3169);
#3147=FILL_AREA_STYLE_COLOUR('',#3169);
#3148=FILL_AREA_STYLE_COLOUR('',#3169);
#3149=FILL_AREA_STYLE_COLOUR('',#3169);
#3150=FILL_AREA_STYLE_COLOUR('',#3169);
#3151=FILL_AREA_STYLE_COLOUR('',#3169);
#3152=FILL_AREA_STYLE_COLOUR('',#3169);
#3153=FILL_AREA_STYLE_COLOUR('',#3169);
#3154=FILL_AREA_STYLE_COLOUR('',#3169);
#3155=FILL_AREA_STYLE_COLOUR('',#3169);
#3156=FILL_AREA_STYLE_COLOUR('',#3169);
#3157=FILL_AREA_STYLE_COLOUR('',#3169);
#3158=FILL_AREA_STYLE_COLOUR('',#3169);
#3159=FILL_AREA_STYLE_COLOUR('',#3169);
#3160=FILL_AREA_STYLE_COLOUR('',#3169);
#3161=FILL_AREA_STYLE_COLOUR('',#3169);
#3162=FILL_AREA_STYLE_COLOUR('',#3169);
#3163=FILL_AREA_STYLE_COLOUR('',#3169);
#3164=FILL_AREA_STYLE_COLOUR('',#3169);
#3165=FILL_AREA_STYLE_COLOUR('',#3169);
#3166=FILL_AREA_STYLE_COLOUR('',#3169);
#3167=FILL_AREA_STYLE_COLOUR('',#3169);
#3168=COLOUR_RGB('',0.870588235294118,0.870588235294118,0.870588235294118);
#3169=COLOUR_RGB('',0.8,0.8,0.8);
#3170=COLOUR_RGB('',0.2,0.2,0.2);
#3171=MANIFOLD_SOLID_BREP('Part 202',#1552);
#3172=MANIFOLD_SOLID_BREP('ball',#1553);
#3173=MANIFOLD_SOLID_BREP('ball',#1554);
#3174=MANIFOLD_SOLID_BREP('ball',#1555);
#3175=MANIFOLD_SOLID_BREP('ball',#1556);
#3176=MANIFOLD_SOLID_BREP('ball',#1557);
#3177=MANIFOLD_SOLID_BREP('ball',#1558);
#3178=MANIFOLD_SOLID_BREP('ball',#1559);
#3179=MANIFOLD_SOLID_BREP('ball',#1560);
#3180=MANIFOLD_SOLID_BREP('ball',#1561);
#3181=MANIFOLD_SOLID_BREP('ball',#1562);
#3182=MANIFOLD_SOLID_BREP('ball',#1563);
#3183=MANIFOLD_SOLID_BREP('ball',#1564);
#3184=MANIFOLD_SOLID_BREP('ball',#1565);
#3185=MANIFOLD_SOLID_BREP('ball',#1566);
#3186=MANIFOLD_SOLID_BREP('ball',#1567);
#3187=MANIFOLD_SOLID_BREP('ball',#1568);
#3188=MANIFOLD_SOLID_BREP('ball',#1569);
#3189=MANIFOLD_SOLID_BREP('ball',#1570);
#3190=MANIFOLD_SOLID_BREP('ball',#1571);
#3191=MANIFOLD_SOLID_BREP('ball',#1572);
#3192=MANIFOLD_SOLID_BREP('ball',#1573);
#3193=MANIFOLD_SOLID_BREP('ball',#1574);
#3194=MANIFOLD_SOLID_BREP('ball',#1575);
#3195=MANIFOLD_SOLID_BREP('ball',#1576);
#3196=MANIFOLD_SOLID_BREP('ball',#1577);
#3197=MANIFOLD_SOLID_BREP('ball',#1578);
#3198=MANIFOLD_SOLID_BREP('ball',#1579);
#3199=MANIFOLD_SOLID_BREP('ball',#1580);
#3200=MANIFOLD_SOLID_BREP('ball',#1581);
#3201=MANIFOLD_SOLID_BREP('ball',#1582);
#3202=MANIFOLD_SOLID_BREP('ball',#1583);
#3203=MANIFOLD_SOLID_BREP('ball',#1584);
#3204=MANIFOLD_SOLID_BREP('ball',#1585);
#3205=MANIFOLD_SOLID_BREP('ball',#1586);
#3206=MANIFOLD_SOLID_BREP('ball',#1587);
#3207=MANIFOLD_SOLID_BREP('ball',#1588);
#3208=MANIFOLD_SOLID_BREP('ball',#1589);
#3209=MANIFOLD_SOLID_BREP('ball',#1590);
#3210=MANIFOLD_SOLID_BREP('ball',#1591);
#3211=MANIFOLD_SOLID_BREP('ball',#1592);
#3212=MANIFOLD_SOLID_BREP('ball',#1593);
#3213=MANIFOLD_SOLID_BREP('ball',#1594);
#3214=MANIFOLD_SOLID_BREP('ball',#1595);
#3215=MANIFOLD_SOLID_BREP('ball',#1596);
#3216=MANIFOLD_SOLID_BREP('ball',#1597);
#3217=MANIFOLD_SOLID_BREP('ball',#1598);
#3218=MANIFOLD_SOLID_BREP('ball',#1599);
#3219=MANIFOLD_SOLID_BREP('Open CASCADE STEP translator 7.5 23.2.1',#1600);
#3220=MANIFOLD_SOLID_BREP('ball',#1601);
#3221=MANIFOLD_SOLID_BREP('ball',#1602);
#3222=MANIFOLD_SOLID_BREP('ball',#1603);
#3223=MANIFOLD_SOLID_BREP('ball',#1604);
#3224=MANIFOLD_SOLID_BREP('ball',#1605);
#3225=MANIFOLD_SOLID_BREP('ball',#1606);
#3226=MANIFOLD_SOLID_BREP('ball',#1607);
#3227=MANIFOLD_SOLID_BREP('ball',#1608);
#3228=MANIFOLD_SOLID_BREP('ball',#1609);
#3229=MANIFOLD_SOLID_BREP('ball',#1610);
#3230=MANIFOLD_SOLID_BREP('ball',#1611);
#3231=MANIFOLD_SOLID_BREP('ball',#1612);
#3232=MANIFOLD_SOLID_BREP('ball',#1613);
#3233=MANIFOLD_SOLID_BREP('ball',#1614);
#3234=MANIFOLD_SOLID_BREP('ball',#1615);
#3235=MANIFOLD_SOLID_BREP('ball',#1616);
#3236=MANIFOLD_SOLID_BREP('ball',#1617);
#3237=MANIFOLD_SOLID_BREP('ball',#1618);
#3238=MANIFOLD_SOLID_BREP('ball',#1619);
#3239=MANIFOLD_SOLID_BREP('ball',#1620);
#3240=MANIFOLD_SOLID_BREP('ball',#1621);
#3241=MANIFOLD_SOLID_BREP('ball',#1622);
#3242=MANIFOLD_SOLID_BREP('ball',#1623);
#3243=MANIFOLD_SOLID_BREP('ball',#1624);
#3244=MANIFOLD_SOLID_BREP('ball',#1625);
#3245=MANIFOLD_SOLID_BREP('ball',#1626);
#3246=MANIFOLD_SOLID_BREP('ball',#1627);
#3247=MANIFOLD_SOLID_BREP('ball',#1628);
#3248=MANIFOLD_SOLID_BREP('ball',#1629);
#3249=MANIFOLD_SOLID_BREP('ball',#1630);
#3250=MANIFOLD_SOLID_BREP('ball',#1631);
#3251=MANIFOLD_SOLID_BREP('ball',#1632);
#3252=MANIFOLD_SOLID_BREP('ball',#1633);
#3253=MANIFOLD_SOLID_BREP('ball',#1634);
#3254=MANIFOLD_SOLID_BREP('ball',#1635);
#3255=MANIFOLD_SOLID_BREP('ball',#1636);
#3256=MANIFOLD_SOLID_BREP('ball',#1637);
#3257=MANIFOLD_SOLID_BREP('ball',#1638);
#3258=MANIFOLD_SOLID_BREP('ball',#1639);
#3259=MANIFOLD_SOLID_BREP('ball',#1640);
#3260=MANIFOLD_SOLID_BREP('ball',#1641);
#3261=MANIFOLD_SOLID_BREP('ball',#1642);
#3262=MANIFOLD_SOLID_BREP('ball',#1643);
#3263=MANIFOLD_SOLID_BREP('ball',#1644);
#3264=MANIFOLD_SOLID_BREP('ball',#1645);
#3265=MANIFOLD_SOLID_BREP('ball',#1646);
#3266=MANIFOLD_SOLID_BREP('ball',#1647);
#3267=MANIFOLD_SOLID_BREP('ball',#1648);
#3268=MANIFOLD_SOLID_BREP('ball',#1649);
#3269=MANIFOLD_SOLID_BREP('ball',#1650);
#3270=MANIFOLD_SOLID_BREP('ball',#1651);
#3271=MANIFOLD_SOLID_BREP('ball',#1652);
#3272=MANIFOLD_SOLID_BREP('ball',#1653);
#3273=MANIFOLD_SOLID_BREP('ball',#1654);
#3274=MANIFOLD_SOLID_BREP('ball',#1655);
#3275=MANIFOLD_SOLID_BREP('ball',#1656);
#3276=MANIFOLD_SOLID_BREP('ball',#1657);
#3277=MANIFOLD_SOLID_BREP('ball',#1658);
#3278=MANIFOLD_SOLID_BREP('ball',#1659);
#3279=MANIFOLD_SOLID_BREP('ball',#1660);
#3280=MANIFOLD_SOLID_BREP('ball',#1661);
#3281=MANIFOLD_SOLID_BREP('ball',#1662);
#3282=MANIFOLD_SOLID_BREP('ball',#1663);
#3283=MANIFOLD_SOLID_BREP('ball',#1664);
#3284=MANIFOLD_SOLID_BREP('ball',#1665);
#3285=MANIFOLD_SOLID_BREP('ball',#1666);
#3286=MANIFOLD_SOLID_BREP('ball',#1667);
#3287=MANIFOLD_SOLID_BREP('ball',#1668);
#3288=MANIFOLD_SOLID_BREP('ball',#1669);
#3289=MANIFOLD_SOLID_BREP('ball',#1670);
#3290=MANIFOLD_SOLID_BREP('ball',#1671);
#3291=MANIFOLD_SOLID_BREP('ball',#1672);
#3292=MANIFOLD_SOLID_BREP('ball',#1673);
#3293=MANIFOLD_SOLID_BREP('ball',#1674);
#3294=MANIFOLD_SOLID_BREP('ball',#1675);
#3295=MANIFOLD_SOLID_BREP('ball',#1676);
#3296=MANIFOLD_SOLID_BREP('ball',#1677);
#3297=MANIFOLD_SOLID_BREP('ball',#1678);
#3298=MANIFOLD_SOLID_BREP('ball',#1679);
#3299=MANIFOLD_SOLID_BREP('ball',#1680);
#3300=MANIFOLD_SOLID_BREP('ball',#1681);
#3301=MANIFOLD_SOLID_BREP('ball',#1682);
#3302=MANIFOLD_SOLID_BREP('ball',#1683);
#3303=MANIFOLD_SOLID_BREP('ball',#1684);
#3304=MANIFOLD_SOLID_BREP('ball',#1685);
#3305=MANIFOLD_SOLID_BREP('ball',#1686);
#3306=MANIFOLD_SOLID_BREP('ball',#1687);
#3307=MANIFOLD_SOLID_BREP('ball',#1688);
#3308=MANIFOLD_SOLID_BREP('ball',#1689);
#3309=MANIFOLD_SOLID_BREP('ball',#1690);
#3310=MANIFOLD_SOLID_BREP('ball',#1691);
#3311=MANIFOLD_SOLID_BREP('ball',#1692);
#3312=MANIFOLD_SOLID_BREP('ball',#1693);
#3313=MANIFOLD_SOLID_BREP('ball',#1694);
#3314=MANIFOLD_SOLID_BREP('ball',#1695);
#3315=MANIFOLD_SOLID_BREP('ball',#1696);
#3316=MANIFOLD_SOLID_BREP('ball',#1697);
#3317=MANIFOLD_SOLID_BREP('ball',#1698);
#3318=MANIFOLD_SOLID_BREP('ball',#1699);
#3319=MANIFOLD_SOLID_BREP('ball',#1700);
#3320=MANIFOLD_SOLID_BREP('ball',#1701);
#3321=MANIFOLD_SOLID_BREP('ball',#1702);
#3322=MANIFOLD_SOLID_BREP('ball',#1703);
#3323=MANIFOLD_SOLID_BREP('ball',#1704);
#3324=MANIFOLD_SOLID_BREP('ball',#1705);
#3325=MANIFOLD_SOLID_BREP('ball',#1706);
#3326=MANIFOLD_SOLID_BREP('ball',#1707);
#3327=MANIFOLD_SOLID_BREP('ball',#1708);
#3328=MANIFOLD_SOLID_BREP('ball',#1709);
#3329=MANIFOLD_SOLID_BREP('ball',#1710);
#3330=MANIFOLD_SOLID_BREP('ball',#1711);
#3331=MANIFOLD_SOLID_BREP('ball',#1712);
#3332=MANIFOLD_SOLID_BREP('ball',#1713);
#3333=MANIFOLD_SOLID_BREP('ball',#1714);
#3334=MANIFOLD_SOLID_BREP('ball',#1715);
#3335=MANIFOLD_SOLID_BREP('ball',#1716);
#3336=MANIFOLD_SOLID_BREP('ball',#1717);
#3337=MANIFOLD_SOLID_BREP('ball',#1718);
#3338=MANIFOLD_SOLID_BREP('ball',#1719);
#3339=MANIFOLD_SOLID_BREP('ball',#1720);
#3340=MANIFOLD_SOLID_BREP('ball',#1721);
#3341=MANIFOLD_SOLID_BREP('ball',#1722);
#3342=MANIFOLD_SOLID_BREP('ball',#1723);
#3343=MANIFOLD_SOLID_BREP('ball',#1724);
#3344=MANIFOLD_SOLID_BREP('ball',#1725);
#3345=MANIFOLD_SOLID_BREP('ball',#1726);
#3346=MANIFOLD_SOLID_BREP('ball',#1727);
#3347=MANIFOLD_SOLID_BREP('ball',#1728);
#3348=MANIFOLD_SOLID_BREP('ball',#1729);
#3349=MANIFOLD_SOLID_BREP('ball',#1730);
#3350=MANIFOLD_SOLID_BREP('ball',#1731);
#3351=MANIFOLD_SOLID_BREP('ball',#1732);
#3352=MANIFOLD_SOLID_BREP('ball',#1733);
#3353=MANIFOLD_SOLID_BREP('ball',#1734);
#3354=MANIFOLD_SOLID_BREP('ball',#1735);
#3355=MANIFOLD_SOLID_BREP('ball',#1736);
#3356=MANIFOLD_SOLID_BREP('ball',#1737);
#3357=MANIFOLD_SOLID_BREP('ball',#1738);
#3358=MANIFOLD_SOLID_BREP('ball',#1739);
#3359=MANIFOLD_SOLID_BREP('ball',#1740);
#3360=MANIFOLD_SOLID_BREP('ball',#1741);
#3361=MANIFOLD_SOLID_BREP('ball',#1742);
#3362=MANIFOLD_SOLID_BREP('ball',#1743);
#3363=MANIFOLD_SOLID_BREP('ball',#1744);
#3364=MANIFOLD_SOLID_BREP('ball',#1745);
#3365=MANIFOLD_SOLID_BREP('ball',#1746);
#3366=MANIFOLD_SOLID_BREP('ball',#1747);
#3367=MANIFOLD_SOLID_BREP('ball',#1748);
#3368=MANIFOLD_SOLID_BREP('ball',#1749);
#3369=MANIFOLD_SOLID_BREP('ball',#1750);
#3370=MANIFOLD_SOLID_BREP('ball',#1751);
#3371=MANIFOLD_SOLID_BREP('ball',#1752);
#3372=MANIFOLD_SOLID_BREP('ball',#1753);
#3373=SHAPE_DEFINITION_REPRESENTATION(#6893,#3575);
#3374=SHAPE_DEFINITION_REPRESENTATION(#6894,#3576);
#3375=SHAPE_DEFINITION_REPRESENTATION(#6895,#3577);
#3376=SHAPE_DEFINITION_REPRESENTATION(#6896,#3578);
#3377=SHAPE_DEFINITION_REPRESENTATION(#6897,#3579);
#3378=SHAPE_DEFINITION_REPRESENTATION(#6898,#3580);
#3379=SHAPE_DEFINITION_REPRESENTATION(#6899,#3581);
#3380=SHAPE_DEFINITION_REPRESENTATION(#6900,#3582);
#3381=SHAPE_DEFINITION_REPRESENTATION(#6901,#3583);
#3382=SHAPE_DEFINITION_REPRESENTATION(#6902,#3584);
#3383=SHAPE_DEFINITION_REPRESENTATION(#6903,#3585);
#3384=SHAPE_DEFINITION_REPRESENTATION(#6904,#3586);
#3385=SHAPE_DEFINITION_REPRESENTATION(#6905,#3587);
#3386=SHAPE_DEFINITION_REPRESENTATION(#6906,#3588);
#3387=SHAPE_DEFINITION_REPRESENTATION(#6907,#3589);
#3388=SHAPE_DEFINITION_REPRESENTATION(#6908,#3590);
#3389=SHAPE_DEFINITION_REPRESENTATION(#6909,#3591);
#3390=SHAPE_DEFINITION_REPRESENTATION(#6910,#3592);
#3391=SHAPE_DEFINITION_REPRESENTATION(#6911,#3593);
#3392=SHAPE_DEFINITION_REPRESENTATION(#6912,#3594);
#3393=SHAPE_DEFINITION_REPRESENTATION(#6913,#3595);
#3394=SHAPE_DEFINITION_REPRESENTATION(#6914,#3596);
#3395=SHAPE_DEFINITION_REPRESENTATION(#6915,#3597);
#3396=SHAPE_DEFINITION_REPRESENTATION(#6916,#3598);
#3397=SHAPE_DEFINITION_REPRESENTATION(#6917,#3599);
#3398=SHAPE_DEFINITION_REPRESENTATION(#6918,#3600);
#3399=SHAPE_DEFINITION_REPRESENTATION(#6919,#3601);
#3400=SHAPE_DEFINITION_REPRESENTATION(#6920,#3602);
#3401=SHAPE_DEFINITION_REPRESENTATION(#6921,#3603);
#3402=SHAPE_DEFINITION_REPRESENTATION(#6922,#3604);
#3403=SHAPE_DEFINITION_REPRESENTATION(#6923,#3605);
#3404=SHAPE_DEFINITION_REPRESENTATION(#6924,#3606);
#3405=SHAPE_DEFINITION_REPRESENTATION(#6925,#3607);
#3406=SHAPE_DEFINITION_REPRESENTATION(#6926,#3608);
#3407=SHAPE_DEFINITION_REPRESENTATION(#6927,#3609);
#3408=SHAPE_DEFINITION_REPRESENTATION(#6928,#3610);
#3409=SHAPE_DEFINITION_REPRESENTATION(#6929,#3611);
#3410=SHAPE_DEFINITION_REPRESENTATION(#6930,#3612);
#3411=SHAPE_DEFINITION_REPRESENTATION(#6931,#3613);
#3412=SHAPE_DEFINITION_REPRESENTATION(#6932,#3614);
#3413=SHAPE_DEFINITION_REPRESENTATION(#6933,#3615);
#3414=SHAPE_DEFINITION_REPRESENTATION(#6934,#3616);
#3415=SHAPE_DEFINITION_REPRESENTATION(#6935,#3617);
#3416=SHAPE_DEFINITION_REPRESENTATION(#6936,#3618);
#3417=SHAPE_DEFINITION_REPRESENTATION(#6937,#3619);
#3418=SHAPE_DEFINITION_REPRESENTATION(#6938,#3620);
#3419=SHAPE_DEFINITION_REPRESENTATION(#6939,#3621);
#3420=SHAPE_DEFINITION_REPRESENTATION(#6940,#3622);
#3421=SHAPE_DEFINITION_REPRESENTATION(#6941,#3623);
#3422=SHAPE_DEFINITION_REPRESENTATION(#6942,#3624);
#3423=SHAPE_DEFINITION_REPRESENTATION(#6943,#3625);
#3424=SHAPE_DEFINITION_REPRESENTATION(#6944,#3626);
#3425=SHAPE_DEFINITION_REPRESENTATION(#6945,#3627);
#3426=SHAPE_DEFINITION_REPRESENTATION(#6946,#3628);
#3427=SHAPE_DEFINITION_REPRESENTATION(#6947,#3629);
#3428=SHAPE_DEFINITION_REPRESENTATION(#6948,#3630);
#3429=SHAPE_DEFINITION_REPRESENTATION(#6949,#3631);
#3430=SHAPE_DEFINITION_REPRESENTATION(#6950,#3632);
#3431=SHAPE_DEFINITION_REPRESENTATION(#6951,#3633);
#3432=SHAPE_DEFINITION_REPRESENTATION(#6952,#3634);
#3433=SHAPE_DEFINITION_REPRESENTATION(#6953,#3635);
#3434=SHAPE_DEFINITION_REPRESENTATION(#6954,#3636);
#3435=SHAPE_DEFINITION_REPRESENTATION(#6955,#3637);
#3436=SHAPE_DEFINITION_REPRESENTATION(#6956,#3638);
#3437=SHAPE_DEFINITION_REPRESENTATION(#6957,#3639);
#3438=SHAPE_DEFINITION_REPRESENTATION(#6958,#3640);
#3439=SHAPE_DEFINITION_REPRESENTATION(#6959,#3641);
#3440=SHAPE_DEFINITION_REPRESENTATION(#6960,#3642);
#3441=SHAPE_DEFINITION_REPRESENTATION(#6961,#3643);
#3442=SHAPE_DEFINITION_REPRESENTATION(#6962,#3644);
#3443=SHAPE_DEFINITION_REPRESENTATION(#6963,#3645);
#3444=SHAPE_DEFINITION_REPRESENTATION(#6964,#3646);
#3445=SHAPE_DEFINITION_REPRESENTATION(#6965,#3647);
#3446=SHAPE_DEFINITION_REPRESENTATION(#6966,#3648);
#3447=SHAPE_DEFINITION_REPRESENTATION(#6967,#3649);
#3448=SHAPE_DEFINITION_REPRESENTATION(#6968,#3650);
#3449=SHAPE_DEFINITION_REPRESENTATION(#6969,#3651);
#3450=SHAPE_DEFINITION_REPRESENTATION(#6970,#3652);
#3451=SHAPE_DEFINITION_REPRESENTATION(#6971,#3653);
#3452=SHAPE_DEFINITION_REPRESENTATION(#6972,#3654);
#3453=SHAPE_DEFINITION_REPRESENTATION(#6973,#3655);
#3454=SHAPE_DEFINITION_REPRESENTATION(#6974,#3656);
#3455=SHAPE_DEFINITION_REPRESENTATION(#6975,#3657);
#3456=SHAPE_DEFINITION_REPRESENTATION(#6976,#3658);
#3457=SHAPE_DEFINITION_REPRESENTATION(#6977,#3659);
#3458=SHAPE_DEFINITION_REPRESENTATION(#6978,#3660);
#3459=SHAPE_DEFINITION_REPRESENTATION(#6979,#3661);
#3460=SHAPE_DEFINITION_REPRESENTATION(#6980,#3662);
#3461=SHAPE_DEFINITION_REPRESENTATION(#6981,#3663);
#3462=SHAPE_DEFINITION_REPRESENTATION(#6982,#3664);
#3463=SHAPE_DEFINITION_REPRESENTATION(#6983,#3665);
#3464=SHAPE_DEFINITION_REPRESENTATION(#6984,#3666);
#3465=SHAPE_DEFINITION_REPRESENTATION(#6985,#3667);
#3466=SHAPE_DEFINITION_REPRESENTATION(#6986,#3668);
#3467=SHAPE_DEFINITION_REPRESENTATION(#6987,#3669);
#3468=SHAPE_DEFINITION_REPRESENTATION(#6988,#3670);
#3469=SHAPE_DEFINITION_REPRESENTATION(#6989,#3671);
#3470=SHAPE_DEFINITION_REPRESENTATION(#6990,#3672);
#3471=SHAPE_DEFINITION_REPRESENTATION(#6991,#3673);
#3472=SHAPE_DEFINITION_REPRESENTATION(#6992,#3674);
#3473=SHAPE_DEFINITION_REPRESENTATION(#6993,#3675);
#3474=SHAPE_DEFINITION_REPRESENTATION(#6994,#3676);
#3475=SHAPE_DEFINITION_REPRESENTATION(#6995,#3677);
#3476=SHAPE_DEFINITION_REPRESENTATION(#6996,#3678);
#3477=SHAPE_DEFINITION_REPRESENTATION(#6997,#3679);
#3478=SHAPE_DEFINITION_REPRESENTATION(#6998,#3680);
#3479=SHAPE_DEFINITION_REPRESENTATION(#6999,#3681);
#3480=SHAPE_DEFINITION_REPRESENTATION(#7000,#3682);
#3481=SHAPE_DEFINITION_REPRESENTATION(#7001,#3683);
#3482=SHAPE_DEFINITION_REPRESENTATION(#7002,#3684);
#3483=SHAPE_DEFINITION_REPRESENTATION(#7003,#3685);
#3484=SHAPE_DEFINITION_REPRESENTATION(#7004,#3686);
#3485=SHAPE_DEFINITION_REPRESENTATION(#7005,#3687);
#3486=SHAPE_DEFINITION_REPRESENTATION(#7006,#3688);
#3487=SHAPE_DEFINITION_REPRESENTATION(#7007,#3689);
#3488=SHAPE_DEFINITION_REPRESENTATION(#7008,#3690);
#3489=SHAPE_DEFINITION_REPRESENTATION(#7009,#3691);
#3490=SHAPE_DEFINITION_REPRESENTATION(#7010,#3692);
#3491=SHAPE_DEFINITION_REPRESENTATION(#7011,#3693);
#3492=SHAPE_DEFINITION_REPRESENTATION(#7012,#3694);
#3493=SHAPE_DEFINITION_REPRESENTATION(#7013,#3695);
#3494=SHAPE_DEFINITION_REPRESENTATION(#7014,#3696);
#3495=SHAPE_DEFINITION_REPRESENTATION(#7015,#3697);
#3496=SHAPE_DEFINITION_REPRESENTATION(#7016,#3698);
#3497=SHAPE_DEFINITION_REPRESENTATION(#7017,#3699);
#3498=SHAPE_DEFINITION_REPRESENTATION(#7018,#3700);
#3499=SHAPE_DEFINITION_REPRESENTATION(#7019,#3701);
#3500=SHAPE_DEFINITION_REPRESENTATION(#7020,#3702);
#3501=SHAPE_DEFINITION_REPRESENTATION(#7021,#3703);
#3502=SHAPE_DEFINITION_REPRESENTATION(#7022,#3704);
#3503=SHAPE_DEFINITION_REPRESENTATION(#7023,#3705);
#3504=SHAPE_DEFINITION_REPRESENTATION(#7024,#3706);
#3505=SHAPE_DEFINITION_REPRESENTATION(#7025,#3707);
#3506=SHAPE_DEFINITION_REPRESENTATION(#7026,#3708);
#3507=SHAPE_DEFINITION_REPRESENTATION(#7027,#3709);
#3508=SHAPE_DEFINITION_REPRESENTATION(#7028,#3710);
#3509=SHAPE_DEFINITION_REPRESENTATION(#7029,#3711);
#3510=SHAPE_DEFINITION_REPRESENTATION(#7030,#3712);
#3511=SHAPE_DEFINITION_REPRESENTATION(#7031,#3713);
#3512=SHAPE_DEFINITION_REPRESENTATION(#7032,#3714);
#3513=SHAPE_DEFINITION_REPRESENTATION(#7033,#3715);
#3514=SHAPE_DEFINITION_REPRESENTATION(#7034,#3716);
#3515=SHAPE_DEFINITION_REPRESENTATION(#7035,#3717);
#3516=SHAPE_DEFINITION_REPRESENTATION(#7036,#3718);
#3517=SHAPE_DEFINITION_REPRESENTATION(#7037,#3719);
#3518=SHAPE_DEFINITION_REPRESENTATION(#7038,#3720);
#3519=SHAPE_DEFINITION_REPRESENTATION(#7039,#3721);
#3520=SHAPE_DEFINITION_REPRESENTATION(#7040,#3722);
#3521=SHAPE_DEFINITION_REPRESENTATION(#7041,#3723);
#3522=SHAPE_DEFINITION_REPRESENTATION(#7042,#3724);
#3523=SHAPE_DEFINITION_REPRESENTATION(#7043,#3725);
#3524=SHAPE_DEFINITION_REPRESENTATION(#7044,#3726);
#3525=SHAPE_DEFINITION_REPRESENTATION(#7045,#3727);
#3526=SHAPE_DEFINITION_REPRESENTATION(#7046,#3728);
#3527=SHAPE_DEFINITION_REPRESENTATION(#7047,#3729);
#3528=SHAPE_DEFINITION_REPRESENTATION(#7048,#3730);
#3529=SHAPE_DEFINITION_REPRESENTATION(#7049,#3731);
#3530=SHAPE_DEFINITION_REPRESENTATION(#7050,#3732);
#3531=SHAPE_DEFINITION_REPRESENTATION(#7051,#3733);
#3532=SHAPE_DEFINITION_REPRESENTATION(#7052,#3734);
#3533=SHAPE_DEFINITION_REPRESENTATION(#7053,#3735);
#3534=SHAPE_DEFINITION_REPRESENTATION(#7054,#3736);
#3535=SHAPE_DEFINITION_REPRESENTATION(#7055,#3737);
#3536=SHAPE_DEFINITION_REPRESENTATION(#7056,#3738);
#3537=SHAPE_DEFINITION_REPRESENTATION(#7057,#3739);
#3538=SHAPE_DEFINITION_REPRESENTATION(#7058,#3740);
#3539=SHAPE_DEFINITION_REPRESENTATION(#7059,#3741);
#3540=SHAPE_DEFINITION_REPRESENTATION(#7060,#3742);
#3541=SHAPE_DEFINITION_REPRESENTATION(#7061,#3743);
#3542=SHAPE_DEFINITION_REPRESENTATION(#7062,#3744);
#3543=SHAPE_DEFINITION_REPRESENTATION(#7063,#3745);
#3544=SHAPE_DEFINITION_REPRESENTATION(#7064,#3746);
#3545=SHAPE_DEFINITION_REPRESENTATION(#7065,#3747);
#3546=SHAPE_DEFINITION_REPRESENTATION(#7066,#3748);
#3547=SHAPE_DEFINITION_REPRESENTATION(#7067,#3749);
#3548=SHAPE_DEFINITION_REPRESENTATION(#7068,#3750);
#3549=SHAPE_DEFINITION_REPRESENTATION(#7069,#3751);
#3550=SHAPE_DEFINITION_REPRESENTATION(#7070,#3752);
#3551=SHAPE_DEFINITION_REPRESENTATION(#7071,#3753);
#3552=SHAPE_DEFINITION_REPRESENTATION(#7072,#3754);
#3553=SHAPE_DEFINITION_REPRESENTATION(#7073,#3755);
#3554=SHAPE_DEFINITION_REPRESENTATION(#7074,#3756);
#3555=SHAPE_DEFINITION_REPRESENTATION(#7075,#3757);
#3556=SHAPE_DEFINITION_REPRESENTATION(#7076,#3758);
#3557=SHAPE_DEFINITION_REPRESENTATION(#7077,#3759);
#3558=SHAPE_DEFINITION_REPRESENTATION(#7078,#3760);
#3559=SHAPE_DEFINITION_REPRESENTATION(#7079,#3761);
#3560=SHAPE_DEFINITION_REPRESENTATION(#7080,#3762);
#3561=SHAPE_DEFINITION_REPRESENTATION(#7081,#3763);
#3562=SHAPE_DEFINITION_REPRESENTATION(#7082,#3764);
#3563=SHAPE_DEFINITION_REPRESENTATION(#7083,#3765);
#3564=SHAPE_DEFINITION_REPRESENTATION(#7084,#3766);
#3565=SHAPE_DEFINITION_REPRESENTATION(#7085,#3767);
#3566=SHAPE_DEFINITION_REPRESENTATION(#7086,#3768);
#3567=SHAPE_DEFINITION_REPRESENTATION(#7087,#3769);
#3568=SHAPE_DEFINITION_REPRESENTATION(#7088,#3770);
#3569=SHAPE_DEFINITION_REPRESENTATION(#7089,#3771);
#3570=SHAPE_DEFINITION_REPRESENTATION(#7090,#3772);
#3571=SHAPE_DEFINITION_REPRESENTATION(#7091,#3773);
#3572=SHAPE_DEFINITION_REPRESENTATION(#7092,#3774);
#3573=SHAPE_DEFINITION_REPRESENTATION(#7093,#3775);
#3574=SHAPE_DEFINITION_REPRESENTATION(#7094,#3776);
#3575=SHAPE_REPRESENTATION('Part 202',(#3777),#5883);
#3576=SHAPE_REPRESENTATION('ball',(#3783),#5884);
#3577=SHAPE_REPRESENTATION('ball',(#3785),#5885);
#3578=SHAPE_REPRESENTATION('ball',(#3787),#5886);
#3579=SHAPE_REPRESENTATION('ball',(#3789),#5887);
#3580=SHAPE_REPRESENTATION('ball',(#3791),#5888);
#3581=SHAPE_REPRESENTATION('ball',(#3793),#5889);
#3582=SHAPE_REPRESENTATION('ball',(#3795),#5890);
#3583=SHAPE_REPRESENTATION('ball',(#3797),#5891);
#3584=SHAPE_REPRESENTATION('ball',(#3799),#5892);
#3585=SHAPE_REPRESENTATION('ball',(#3801),#5893);
#3586=SHAPE_REPRESENTATION('ball',(#3803),#5894);
#3587=SHAPE_REPRESENTATION('ball',(#3805),#5895);
#3588=SHAPE_REPRESENTATION('ball',(#3807),#5896);
#3589=SHAPE_REPRESENTATION('ball',(#3809),#5897);
#3590=SHAPE_REPRESENTATION('ball',(#3811),#5898);
#3591=SHAPE_REPRESENTATION('ball',(#3813),#5899);
#3592=SHAPE_REPRESENTATION('ball',(#3815),#5900);
#3593=SHAPE_REPRESENTATION('ball',(#3817),#5901);
#3594=SHAPE_REPRESENTATION('ball',(#3819),#5902);
#3595=SHAPE_REPRESENTATION('ball',(#3821),#5903);
#3596=SHAPE_REPRESENTATION('ball',(#3823),#5904);
#3597=SHAPE_REPRESENTATION('ball',(#3825),#5905);
#3598=SHAPE_REPRESENTATION('ball',(#3827),#5906);
#3599=SHAPE_REPRESENTATION('ball',(#3829),#5907);
#3600=SHAPE_REPRESENTATION('ball',(#3831),#5908);
#3601=SHAPE_REPRESENTATION('ball',(#3833),#5909);
#3602=SHAPE_REPRESENTATION('ball',(#3835),#5910);
#3603=SHAPE_REPRESENTATION('ball',(#3837),#5911);
#3604=SHAPE_REPRESENTATION('ball',(#3839),#5912);
#3605=SHAPE_REPRESENTATION('ball',(#3841),#5913);
#3606=SHAPE_REPRESENTATION('ball',(#3843),#5914);
#3607=SHAPE_REPRESENTATION('ball',(#3845),#5915);
#3608=SHAPE_REPRESENTATION('ball',(#3847),#5916);
#3609=SHAPE_REPRESENTATION('ball',(#3849),#5917);
#3610=SHAPE_REPRESENTATION('ball',(#3851),#5918);
#3611=SHAPE_REPRESENTATION('ball',(#3853),#5919);
#3612=SHAPE_REPRESENTATION('ball',(#3855),#5920);
#3613=SHAPE_REPRESENTATION('ball',(#3857),#5921);
#3614=SHAPE_REPRESENTATION('ball',(#3859),#5922);
#3615=SHAPE_REPRESENTATION('ball',(#3861),#5923);
#3616=SHAPE_REPRESENTATION('ball',(#3863),#5924);
#3617=SHAPE_REPRESENTATION('ball',(#3865),#5925);
#3618=SHAPE_REPRESENTATION('ball',(#3867),#5926);
#3619=SHAPE_REPRESENTATION('ball',(#3869),#5927);
#3620=SHAPE_REPRESENTATION('ball',(#3871),#5928);
#3621=SHAPE_REPRESENTATION('ball',(#3873),#5929);
#3622=SHAPE_REPRESENTATION('ball',(#3875),#5930);
#3623=SHAPE_REPRESENTATION('Open CASCADE STEP translator 7.5 23.2.1',(#3877),#5931);
#3624=SHAPE_REPRESENTATION('ball',(#3888),#5932);
#3625=SHAPE_REPRESENTATION('ball',(#3890),#5933);
#3626=SHAPE_REPRESENTATION('ball',(#3892),#5934);
#3627=SHAPE_REPRESENTATION('ball',(#3894),#5935);
#3628=SHAPE_REPRESENTATION('ball',(#3896),#5936);
#3629=SHAPE_REPRESENTATION('ball',(#3898),#5937);
#3630=SHAPE_REPRESENTATION('ball',(#3900),#5938);
#3631=SHAPE_REPRESENTATION('ball',(#3902),#5939);
#3632=SHAPE_REPRESENTATION('ball',(#3904),#5940);
#3633=SHAPE_REPRESENTATION('ball',(#3906),#5941);
#3634=SHAPE_REPRESENTATION('ball',(#3908),#5942);
#3635=SHAPE_REPRESENTATION('ball',(#3910),#5943);
#3636=SHAPE_REPRESENTATION('ball',(#3912),#5944);
#3637=SHAPE_REPRESENTATION('ball',(#3914),#5945);
#3638=SHAPE_REPRESENTATION('ball',(#3916),#5946);
#3639=SHAPE_REPRESENTATION('ball',(#3918),#5947);
#3640=SHAPE_REPRESENTATION('ball',(#3920),#5948);
#3641=SHAPE_REPRESENTATION('ball',(#3922),#5949);
#3642=SHAPE_REPRESENTATION('ball',(#3924),#5950);
#3643=SHAPE_REPRESENTATION('ball',(#3926),#5951);
#3644=SHAPE_REPRESENTATION('ball',(#3928),#5952);
#3645=SHAPE_REPRESENTATION('ball',(#3930),#5953);
#3646=SHAPE_REPRESENTATION('ball',(#3932),#5954);
#3647=SHAPE_REPRESENTATION('ball',(#3934),#5955);
#3648=SHAPE_REPRESENTATION('ball',(#3936),#5956);
#3649=SHAPE_REPRESENTATION('ball',(#3938),#5957);
#3650=SHAPE_REPRESENTATION('ball',(#3940),#5958);
#3651=SHAPE_REPRESENTATION('ball',(#3942),#5959);
#3652=SHAPE_REPRESENTATION('ball',(#3944),#5960);
#3653=SHAPE_REPRESENTATION('ball',(#3946),#5961);
#3654=SHAPE_REPRESENTATION('ball',(#3948),#5962);
#3655=SHAPE_REPRESENTATION('ball',(#3950),#5963);
#3656=SHAPE_REPRESENTATION('ball',(#3952),#5964);
#3657=SHAPE_REPRESENTATION('ball',(#3954),#5965);
#3658=SHAPE_REPRESENTATION('ball',(#3956),#5966);
#3659=SHAPE_REPRESENTATION('ball',(#3958),#5967);
#3660=SHAPE_REPRESENTATION('ball',(#3960),#5968);
#3661=SHAPE_REPRESENTATION('ball',(#3962),#5969);
#3662=SHAPE_REPRESENTATION('ball',(#3964),#5970);
#3663=SHAPE_REPRESENTATION('ball',(#3966),#5971);
#3664=SHAPE_REPRESENTATION('ball',(#3968),#5972);
#3665=SHAPE_REPRESENTATION('ball',(#3970),#5973);
#3666=SHAPE_REPRESENTATION('ball',(#3972),#5974);
#3667=SHAPE_REPRESENTATION('ball',(#3974),#5975);
#3668=SHAPE_REPRESENTATION('ball',(#3976),#5976);
#3669=SHAPE_REPRESENTATION('ball',(#3978),#5977);
#3670=SHAPE_REPRESENTATION('ball',(#3980),#5978);
#3671=SHAPE_REPRESENTATION('ball',(#3982),#5979);
#3672=SHAPE_REPRESENTATION('ball',(#3984),#5980);
#3673=SHAPE_REPRESENTATION('ball',(#3986),#5981);
#3674=SHAPE_REPRESENTATION('ball',(#3988),#5982);
#3675=SHAPE_REPRESENTATION('ball',(#3990),#5983);
#3676=SHAPE_REPRESENTATION('ball',(#3992),#5984);
#3677=SHAPE_REPRESENTATION('ball',(#3994),#5985);
#3678=SHAPE_REPRESENTATION('ball',(#3996),#5986);
#3679=SHAPE_REPRESENTATION('ball',(#3998),#5987);
#3680=SHAPE_REPRESENTATION('ball',(#4000),#5988);
#3681=SHAPE_REPRESENTATION('ball',(#4002),#5989);
#3682=SHAPE_REPRESENTATION('ball',(#4004),#5990);
#3683=SHAPE_REPRESENTATION('ball',(#4006),#5991);
#3684=SHAPE_REPRESENTATION('ball',(#4008),#5992);
#3685=SHAPE_REPRESENTATION('ball',(#4010),#5993);
#3686=SHAPE_REPRESENTATION('ball',(#4012),#5994);
#3687=SHAPE_REPRESENTATION('ball',(#4014),#5995);
#3688=SHAPE_REPRESENTATION('ball',(#4016),#5996);
#3689=SHAPE_REPRESENTATION('ball',(#4018),#5997);
#3690=SHAPE_REPRESENTATION('ball',(#4020),#5998);
#3691=SHAPE_REPRESENTATION('ball',(#4022),#5999);
#3692=SHAPE_REPRESENTATION('ball',(#4024),#6000);
#3693=SHAPE_REPRESENTATION('ball',(#4026),#6001);
#3694=SHAPE_REPRESENTATION('ball',(#4028),#6002);
#3695=SHAPE_REPRESENTATION('ball',(#4030),#6003);
#3696=SHAPE_REPRESENTATION('ball',(#4032),#6004);
#3697=SHAPE_REPRESENTATION('ball',(#4034),#6005);
#3698=SHAPE_REPRESENTATION('ball',(#4036),#6006);
#3699=SHAPE_REPRESENTATION('ball',(#4038),#6007);
#3700=SHAPE_REPRESENTATION('ball',(#4040),#6008);
#3701=SHAPE_REPRESENTATION('ball',(#4042),#6009);
#3702=SHAPE_REPRESENTATION('ball',(#4044),#6010);
#3703=SHAPE_REPRESENTATION('ball',(#4046),#6011);
#3704=SHAPE_REPRESENTATION('ball',(#4048),#6012);
#3705=SHAPE_REPRESENTATION('ball',(#4050),#6013);
#3706=SHAPE_REPRESENTATION('ball',(#4052),#6014);
#3707=SHAPE_REPRESENTATION('ball',(#4054),#6015);
#3708=SHAPE_REPRESENTATION('ball',(#4056),#6016);
#3709=SHAPE_REPRESENTATION('ball',(#4058),#6017);
#3710=SHAPE_REPRESENTATION('ball',(#4060),#6018);
#3711=SHAPE_REPRESENTATION('ball',(#4062),#6019);
#3712=SHAPE_REPRESENTATION('ball',(#4064),#6020);
#3713=SHAPE_REPRESENTATION('ball',(#4066),#6021);
#3714=SHAPE_REPRESENTATION('ball',(#4068),#6022);
#3715=SHAPE_REPRESENTATION('ball',(#4070),#6023);
#3716=SHAPE_REPRESENTATION('ball',(#4072),#6024);
#3717=SHAPE_REPRESENTATION('ball',(#4074),#6025);
#3718=SHAPE_REPRESENTATION('ball',(#4076),#6026);
#3719=SHAPE_REPRESENTATION('ball',(#4078),#6027);
#3720=SHAPE_REPRESENTATION('ball',(#4080),#6028);
#3721=SHAPE_REPRESENTATION('ball',(#4082),#6029);
#3722=SHAPE_REPRESENTATION('ball',(#4084),#6030);
#3723=SHAPE_REPRESENTATION('ball',(#4086),#6031);
#3724=SHAPE_REPRESENTATION('ball',(#4088),#6032);
#3725=SHAPE_REPRESENTATION('ball',(#4090),#6033);
#3726=SHAPE_REPRESENTATION('ball',(#4092),#6034);
#3727=SHAPE_REPRESENTATION('ball',(#4094),#6035);
#3728=SHAPE_REPRESENTATION('ball',(#4096),#6036);
#3729=SHAPE_REPRESENTATION('ball',(#4098),#6037);
#3730=SHAPE_REPRESENTATION('ball',(#4100),#6038);
#3731=SHAPE_REPRESENTATION('ball',(#4102),#6039);
#3732=SHAPE_REPRESENTATION('ball',(#4104),#6040);
#3733=SHAPE_REPRESENTATION('ball',(#4106),#6041);
#3734=SHAPE_REPRESENTATION('ball',(#4108),#6042);
#3735=SHAPE_REPRESENTATION('ball',(#4110),#6043);
#3736=SHAPE_REPRESENTATION('ball',(#4112),#6044);
#3737=SHAPE_REPRESENTATION('ball',(#4114),#6045);
#3738=SHAPE_REPRESENTATION('ball',(#4116),#6046);
#3739=SHAPE_REPRESENTATION('ball',(#4118),#6047);
#3740=SHAPE_REPRESENTATION('ball',(#4120),#6048);
#3741=SHAPE_REPRESENTATION('ball',(#4122),#6049);
#3742=SHAPE_REPRESENTATION('ball',(#4124),#6050);
#3743=SHAPE_REPRESENTATION('ball',(#4126),#6051);
#3744=SHAPE_REPRESENTATION('ball',(#4128),#6052);
#3745=SHAPE_REPRESENTATION('ball',(#4130),#6053);
#3746=SHAPE_REPRESENTATION('ball',(#4132),#6054);
#3747=SHAPE_REPRESENTATION('ball',(#4134),#6055);
#3748=SHAPE_REPRESENTATION('ball',(#4136),#6056);
#3749=SHAPE_REPRESENTATION('ball',(#4138),#6057);
#3750=SHAPE_REPRESENTATION('ball',(#4140),#6058);
#3751=SHAPE_REPRESENTATION('ball',(#4142),#6059);
#3752=SHAPE_REPRESENTATION('ball',(#4144),#6060);
#3753=SHAPE_REPRESENTATION('ball',(#4146),#6061);
#3754=SHAPE_REPRESENTATION('ball',(#4148),#6062);
#3755=SHAPE_REPRESENTATION('ball',(#4150),#6063);
#3756=SHAPE_REPRESENTATION('ball',(#4152),#6064);
#3757=SHAPE_REPRESENTATION('ball',(#4154),#6065);
#3758=SHAPE_REPRESENTATION('ball',(#4156),#6066);
#3759=SHAPE_REPRESENTATION('ball',(#4158),#6067);
#3760=SHAPE_REPRESENTATION('ball',(#4160),#6068);
#3761=SHAPE_REPRESENTATION('ball',(#4162),#6069);
#3762=SHAPE_REPRESENTATION('ball',(#4164),#6070);
#3763=SHAPE_REPRESENTATION('ball',(#4166),#6071);
#3764=SHAPE_REPRESENTATION('ball',(#4168),#6072);
#3765=SHAPE_REPRESENTATION('ball',(#4170),#6073);
#3766=SHAPE_REPRESENTATION('ball',(#4172),#6074);
#3767=SHAPE_REPRESENTATION('ball',(#4174),#6075);
#3768=SHAPE_REPRESENTATION('ball',(#4176),#6076);
#3769=SHAPE_REPRESENTATION('ball',(#4178),#6077);
#3770=SHAPE_REPRESENTATION('ball',(#4180),#6078);
#3771=SHAPE_REPRESENTATION('ball',(#4182),#6079);
#3772=SHAPE_REPRESENTATION('ball',(#4184),#6080);
#3773=SHAPE_REPRESENTATION('ball',(#4186),#6081);
#3774=SHAPE_REPRESENTATION('ball',(#4188),#6082);
#3775=SHAPE_REPRESENTATION('ball',(#4190),#6083);
#3776=SHAPE_REPRESENTATION('ball',(#4192),#6084);
#3777=AXIS2_PLACEMENT_3D('',#5040,#4194,#4195);
#3778=AXIS2_PLACEMENT_3D('',#5041,#4196,#4197);
#3779=AXIS2_PLACEMENT_3D('',#5042,#4198,#4199);
#3780=AXIS2_PLACEMENT_3D('',#5044,#4200,#4201);
#3781=AXIS2_PLACEMENT_3D('',#5046,#4202,#4203);
#3782=AXIS2_PLACEMENT_3D('',#5047,#4204,#4205);
#3783=AXIS2_PLACEMENT_3D('',#5048,#4206,#4207);
#3784=AXIS2_PLACEMENT_3D('',#5049,#4208,#4209);
#3785=AXIS2_PLACEMENT_3D('',#5051,#4210,#4211);
#3786=AXIS2_PLACEMENT_3D('',#5052,#4212,#4213);
#3787=AXIS2_PLACEMENT_3D('',#5054,#4214,#4215);
#3788=AXIS2_PLACEMENT_3D('',#5055,#4216,#4217);
#3789=AXIS2_PLACEMENT_3D('',#5057,#4218,#4219);
#3790=AXIS2_PLACEMENT_3D('',#5058,#4220,#4221);
#3791=AXIS2_PLACEMENT_3D('',#5060,#4222,#4223);
#3792=AXIS2_PLACEMENT_3D('',#5061,#4224,#4225);
#3793=AXIS2_PLACEMENT_3D('',#5063,#4226,#4227);
#3794=AXIS2_PLACEMENT_3D('',#5064,#4228,#4229);
#3795=AXIS2_PLACEMENT_3D('',#5066,#4230,#4231);
#3796=AXIS2_PLACEMENT_3D('',#5067,#4232,#4233);
#3797=AXIS2_PLACEMENT_3D('',#5069,#4234,#4235);
#3798=AXIS2_PLACEMENT_3D('',#5070,#4236,#4237);
#3799=AXIS2_PLACEMENT_3D('',#5072,#4238,#4239);
#3800=AXIS2_PLACEMENT_3D('',#5073,#4240,#4241);
#3801=AXIS2_PLACEMENT_3D('',#5075,#4242,#4243);
#3802=AXIS2_PLACEMENT_3D('',#5076,#4244,#4245);
#3803=AXIS2_PLACEMENT_3D('',#5078,#4246,#4247);
#3804=AXIS2_PLACEMENT_3D('',#5079,#4248,#4249);
#3805=AXIS2_PLACEMENT_3D('',#5081,#4250,#4251);
#3806=AXIS2_PLACEMENT_3D('',#5082,#4252,#4253);
#3807=AXIS2_PLACEMENT_3D('',#5084,#4254,#4255);
#3808=AXIS2_PLACEMENT_3D('',#5085,#4256,#4257);
#3809=AXIS2_PLACEMENT_3D('',#5087,#4258,#4259);
#3810=AXIS2_PLACEMENT_3D('',#5088,#4260,#4261);
#3811=AXIS2_PLACEMENT_3D('',#5090,#4262,#4263);
#3812=AXIS2_PLACEMENT_3D('',#5091,#4264,#4265);
#3813=AXIS2_PLACEMENT_3D('',#5093,#4266,#4267);
#3814=AXIS2_PLACEMENT_3D('',#5094,#4268,#4269);
#3815=AXIS2_PLACEMENT_3D('',#5096,#4270,#4271);
#3816=AXIS2_PLACEMENT_3D('',#5097,#4272,#4273);
#3817=AXIS2_PLACEMENT_3D('',#5099,#4274,#4275);
#3818=AXIS2_PLACEMENT_3D('',#5100,#4276,#4277);
#3819=AXIS2_PLACEMENT_3D('',#5102,#4278,#4279);
#3820=AXIS2_PLACEMENT_3D('',#5103,#4280,#4281);
#3821=AXIS2_PLACEMENT_3D('',#5105,#4282,#4283);
#3822=AXIS2_PLACEMENT_3D('',#5106,#4284,#4285);
#3823=AXIS2_PLACEMENT_3D('',#5108,#4286,#4287);
#3824=AXIS2_PLACEMENT_3D('',#5109,#4288,#4289);
#3825=AXIS2_PLACEMENT_3D('',#5111,#4290,#4291);
#3826=AXIS2_PLACEMENT_3D('',#5112,#4292,#4293);
#3827=AXIS2_PLACEMENT_3D('',#5114,#4294,#4295);
#3828=AXIS2_PLACEMENT_3D('',#5115,#4296,#4297);
#3829=AXIS2_PLACEMENT_3D('',#5117,#4298,#4299);
#3830=AXIS2_PLACEMENT_3D('',#5118,#4300,#4301);
#3831=AXIS2_PLACEMENT_3D('',#5120,#4302,#4303);
#3832=AXIS2_PLACEMENT_3D('',#5121,#4304,#4305);
#3833=AXIS2_PLACEMENT_3D('',#5123,#4306,#4307);
#3834=AXIS2_PLACEMENT_3D('',#5124,#4308,#4309);
#3835=AXIS2_PLACEMENT_3D('',#5126,#4310,#4311);
#3836=AXIS2_PLACEMENT_3D('',#5127,#4312,#4313);
#3837=AXIS2_PLACEMENT_3D('',#5129,#4314,#4315);
#3838=AXIS2_PLACEMENT_3D('',#5130,#4316,#4317);
#3839=AXIS2_PLACEMENT_3D('',#5132,#4318,#4319);
#3840=AXIS2_PLACEMENT_3D('',#5133,#4320,#4321);
#3841=AXIS2_PLACEMENT_3D('',#5135,#4322,#4323);
#3842=AXIS2_PLACEMENT_3D('',#5136,#4324,#4325);
#3843=AXIS2_PLACEMENT_3D('',#5138,#4326,#4327);
#3844=AXIS2_PLACEMENT_3D('',#5139,#4328,#4329);
#3845=AXIS2_PLACEMENT_3D('',#5141,#4330,#4331);
#3846=AXIS2_PLACEMENT_3D('',#5142,#4332,#4333);
#3847=AXIS2_PLACEMENT_3D('',#5144,#4334,#4335);
#3848=AXIS2_PLACEMENT_3D('',#5145,#4336,#4337);
#3849=AXIS2_PLACEMENT_3D('',#5147,#4338,#4339);
#3850=AXIS2_PLACEMENT_3D('',#5148,#4340,#4341);
#3851=AXIS2_PLACEMENT_3D('',#5150,#4342,#4343);
#3852=AXIS2_PLACEMENT_3D('',#5151,#4344,#4345);
#3853=AXIS2_PLACEMENT_3D('',#5153,#4346,#4347);
#3854=AXIS2_PLACEMENT_3D('',#5154,#4348,#4349);
#3855=AXIS2_PLACEMENT_3D('',#5156,#4350,#4351);
#3856=AXIS2_PLACEMENT_3D('',#5157,#4352,#4353);
#3857=AXIS2_PLACEMENT_3D('',#5159,#4354,#4355);
#3858=AXIS2_PLACEMENT_3D('',#5160,#4356,#4357);
#3859=AXIS2_PLACEMENT_3D('',#5162,#4358,#4359);
#3860=AXIS2_PLACEMENT_3D('',#5163,#4360,#4361);
#3861=AXIS2_PLACEMENT_3D('',#5165,#4362,#4363);
#3862=AXIS2_PLACEMENT_3D('',#5166,#4364,#4365);
#3863=AXIS2_PLACEMENT_3D('',#5168,#4366,#4367);
#3864=AXIS2_PLACEMENT_3D('',#5169,#4368,#4369);
#3865=AXIS2_PLACEMENT_3D('',#5171,#4370,#4371);
#3866=AXIS2_PLACEMENT_3D('',#5172,#4372,#4373);
#3867=AXIS2_PLACEMENT_3D('',#5174,#4374,#4375);
#3868=AXIS2_PLACEMENT_3D('',#5175,#4376,#4377);
#3869=AXIS2_PLACEMENT_3D('',#5177,#4378,#4379);
#3870=AXIS2_PLACEMENT_3D('',#5178,#4380,#4381);
#3871=AXIS2_PLACEMENT_3D('',#5180,#4382,#4383);
#3872=AXIS2_PLACEMENT_3D('',#5181,#4384,#4385);
#3873=AXIS2_PLACEMENT_3D('',#5183,#4386,#4387);
#3874=AXIS2_PLACEMENT_3D('',#5184,#4388,#4389);
#3875=AXIS2_PLACEMENT_3D('',#5186,#4390,#4391);
#3876=AXIS2_PLACEMENT_3D('',#5187,#4392,#4393);
#3877=AXIS2_PLACEMENT_3D('',#5189,#4394,#4395);
#3878=AXIS2_PLACEMENT_3D('',#5190,#4396,#4397);
#3879=AXIS2_PLACEMENT_3D('',#5199,#4402,#4403);
#3880=AXIS2_PLACEMENT_3D('',#5205,#4407,#4408);
#3881=AXIS2_PLACEMENT_3D('',#5209,#4411,#4412);
#3882=AXIS2_PLACEMENT_3D('',#5211,#4413,#4414);
#3883=AXIS2_PLACEMENT_3D('',#5215,#4417,#4418);
#3884=AXIS2_PLACEMENT_3D('',#5217,#4420,#4421);
#3885=AXIS2_PLACEMENT_3D('',#5218,#4422,#4423);
#3886=AXIS2_PLACEMENT_3D('',#5219,#4424,#4425);
#3887=AXIS2_PLACEMENT_3D('',#5221,#4426,#4427);
#3888=AXIS2_PLACEMENT_3D('',#5222,#4428,#4429);
#3889=AXIS2_PLACEMENT_3D('',#5223,#4430,#4431);
#3890=AXIS2_PLACEMENT_3D('',#5225,#4432,#4433);
#3891=AXIS2_PLACEMENT_3D('',#5226,#4434,#4435);
#3892=AXIS2_PLACEMENT_3D('',#5228,#4436,#4437);
#3893=AXIS2_PLACEMENT_3D('',#5229,#4438,#4439);
#3894=AXIS2_PLACEMENT_3D('',#5231,#4440,#4441);
#3895=AXIS2_PLACEMENT_3D('',#5232,#4442,#4443);
#3896=AXIS2_PLACEMENT_3D('',#5234,#4444,#4445);
#3897=AXIS2_PLACEMENT_3D('',#5235,#4446,#4447);
#3898=AXIS2_PLACEMENT_3D('',#5237,#4448,#4449);
#3899=AXIS2_PLACEMENT_3D('',#5238,#4450,#4451);
#3900=AXIS2_PLACEMENT_3D('',#5240,#4452,#4453);
#3901=AXIS2_PLACEMENT_3D('',#5241,#4454,#4455);
#3902=AXIS2_PLACEMENT_3D('',#5243,#4456,#4457);
#3903=AXIS2_PLACEMENT_3D('',#5244,#4458,#4459);
#3904=AXIS2_PLACEMENT_3D('',#5246,#4460,#4461);
#3905=AXIS2_PLACEMENT_3D('',#5247,#4462,#4463);
#3906=AXIS2_PLACEMENT_3D('',#5249,#4464,#4465);
#3907=AXIS2_PLACEMENT_3D('',#5250,#4466,#4467);
#3908=AXIS2_PLACEMENT_3D('',#5252,#4468,#4469);
#3909=AXIS2_PLACEMENT_3D('',#5253,#4470,#4471);
#3910=AXIS2_PLACEMENT_3D('',#5255,#4472,#4473);
#3911=AXIS2_PLACEMENT_3D('',#5256,#4474,#4475);
#3912=AXIS2_PLACEMENT_3D('',#5258,#4476,#4477);
#3913=AXIS2_PLACEMENT_3D('',#5259,#4478,#4479);
#3914=AXIS2_PLACEMENT_3D('',#5261,#4480,#4481);
#3915=AXIS2_PLACEMENT_3D('',#5262,#4482,#4483);
#3916=AXIS2_PLACEMENT_3D('',#5264,#4484,#4485);
#3917=AXIS2_PLACEMENT_3D('',#5265,#4486,#4487);
#3918=AXIS2_PLACEMENT_3D('',#5267,#4488,#4489);
#3919=AXIS2_PLACEMENT_3D('',#5268,#4490,#4491);
#3920=AXIS2_PLACEMENT_3D('',#5270,#4492,#4493);
#3921=AXIS2_PLACEMENT_3D('',#5271,#4494,#4495);
#3922=AXIS2_PLACEMENT_3D('',#5273,#4496,#4497);
#3923=AXIS2_PLACEMENT_3D('',#5274,#4498,#4499);
#3924=AXIS2_PLACEMENT_3D('',#5276,#4500,#4501);
#3925=AXIS2_PLACEMENT_3D('',#5277,#4502,#4503);
#3926=AXIS2_PLACEMENT_3D('',#5279,#4504,#4505);
#3927=AXIS2_PLACEMENT_3D('',#5280,#4506,#4507);
#3928=AXIS2_PLACEMENT_3D('',#5282,#4508,#4509);
#3929=AXIS2_PLACEMENT_3D('',#5283,#4510,#4511);
#3930=AXIS2_PLACEMENT_3D('',#5285,#4512,#4513);
#3931=AXIS2_PLACEMENT_3D('',#5286,#4514,#4515);
#3932=AXIS2_PLACEMENT_3D('',#5288,#4516,#4517);
#3933=AXIS2_PLACEMENT_3D('',#5289,#4518,#4519);
#3934=AXIS2_PLACEMENT_3D('',#5291,#4520,#4521);
#3935=AXIS2_PLACEMENT_3D('',#5292,#4522,#4523);
#3936=AXIS2_PLACEMENT_3D('',#5294,#4524,#4525);
#3937=AXIS2_PLACEMENT_3D('',#5295,#4526,#4527);
#3938=AXIS2_PLACEMENT_3D('',#5297,#4528,#4529);
#3939=AXIS2_PLACEMENT_3D('',#5298,#4530,#4531);
#3940=AXIS2_PLACEMENT_3D('',#5300,#4532,#4533);
#3941=AXIS2_PLACEMENT_3D('',#5301,#4534,#4535);
#3942=AXIS2_PLACEMENT_3D('',#5303,#4536,#4537);
#3943=AXIS2_PLACEMENT_3D('',#5304,#4538,#4539);
#3944=AXIS2_PLACEMENT_3D('',#5306,#4540,#4541);
#3945=AXIS2_PLACEMENT_3D('',#5307,#4542,#4543);
#3946=AXIS2_PLACEMENT_3D('',#5309,#4544,#4545);
#3947=AXIS2_PLACEMENT_3D('',#5310,#4546,#4547);
#3948=AXIS2_PLACEMENT_3D('',#5312,#4548,#4549);
#3949=AXIS2_PLACEMENT_3D('',#5313,#4550,#4551);
#3950=AXIS2_PLACEMENT_3D('',#5315,#4552,#4553);
#3951=AXIS2_PLACEMENT_3D('',#5316,#4554,#4555);
#3952=AXIS2_PLACEMENT_3D('',#5318,#4556,#4557);
#3953=AXIS2_PLACEMENT_3D('',#5319,#4558,#4559);
#3954=AXIS2_PLACEMENT_3D('',#5321,#4560,#4561);
#3955=AXIS2_PLACEMENT_3D('',#5322,#4562,#4563);
#3956=AXIS2_PLACEMENT_3D('',#5324,#4564,#4565);
#3957=AXIS2_PLACEMENT_3D('',#5325,#4566,#4567);
#3958=AXIS2_PLACEMENT_3D('',#5327,#4568,#4569);
#3959=AXIS2_PLACEMENT_3D('',#5328,#4570,#4571);
#3960=AXIS2_PLACEMENT_3D('',#5330,#4572,#4573);
#3961=AXIS2_PLACEMENT_3D('',#5331,#4574,#4575);
#3962=AXIS2_PLACEMENT_3D('',#5333,#4576,#4577);
#3963=AXIS2_PLACEMENT_3D('',#5334,#4578,#4579);
#3964=AXIS2_PLACEMENT_3D('',#5336,#4580,#4581);
#3965=AXIS2_PLACEMENT_3D('',#5337,#4582,#4583);
#3966=AXIS2_PLACEMENT_3D('',#5339,#4584,#4585);
#3967=AXIS2_PLACEMENT_3D('',#5340,#4586,#4587);
#3968=AXIS2_PLACEMENT_3D('',#5342,#4588,#4589);
#3969=AXIS2_PLACEMENT_3D('',#5343,#4590,#4591);
#3970=AXIS2_PLACEMENT_3D('',#5345,#4592,#4593);
#3971=AXIS2_PLACEMENT_3D('',#5346,#4594,#4595);
#3972=AXIS2_PLACEMENT_3D('',#5348,#4596,#4597);
#3973=AXIS2_PLACEMENT_3D('',#5349,#4598,#4599);
#3974=AXIS2_PLACEMENT_3D('',#5351,#4600,#4601);
#3975=AXIS2_PLACEMENT_3D('',#5352,#4602,#4603);
#3976=AXIS2_PLACEMENT_3D('',#5354,#4604,#4605);
#3977=AXIS2_PLACEMENT_3D('',#5355,#4606,#4607);
#3978=AXIS2_PLACEMENT_3D('',#5357,#4608,#4609);
#3979=AXIS2_PLACEMENT_3D('',#5358,#4610,#4611);
#3980=AXIS2_PLACEMENT_3D('',#5360,#4612,#4613);
#3981=AXIS2_PLACEMENT_3D('',#5361,#4614,#4615);
#3982=AXIS2_PLACEMENT_3D('',#5363,#4616,#4617);
#3983=AXIS2_PLACEMENT_3D('',#5364,#4618,#4619);
#3984=AXIS2_PLACEMENT_3D('',#5366,#4620,#4621);
#3985=AXIS2_PLACEMENT_3D('',#5367,#4622,#4623);
#3986=AXIS2_PLACEMENT_3D('',#5369,#4624,#4625);
#3987=AXIS2_PLACEMENT_3D('',#5370,#4626,#4627);
#3988=AXIS2_PLACEMENT_3D('',#5372,#4628,#4629);
#3989=AXIS2_PLACEMENT_3D('',#5373,#4630,#4631);
#3990=AXIS2_PLACEMENT_3D('',#5375,#4632,#4633);
#3991=AXIS2_PLACEMENT_3D('',#5376,#4634,#4635);
#3992=AXIS2_PLACEMENT_3D('',#5378,#4636,#4637);
#3993=AXIS2_PLACEMENT_3D('',#5379,#4638,#4639);
#3994=AXIS2_PLACEMENT_3D('',#5381,#4640,#4641);
#3995=AXIS2_PLACEMENT_3D('',#5382,#4642,#4643);
#3996=AXIS2_PLACEMENT_3D('',#5384,#4644,#4645);
#3997=AXIS2_PLACEMENT_3D('',#5385,#4646,#4647);
#3998=AXIS2_PLACEMENT_3D('',#5387,#4648,#4649);
#3999=AXIS2_PLACEMENT_3D('',#5388,#4650,#4651);
#4000=AXIS2_PLACEMENT_3D('',#5390,#4652,#4653);
#4001=AXIS2_PLACEMENT_3D('',#5391,#4654,#4655);
#4002=AXIS2_PLACEMENT_3D('',#5393,#4656,#4657);
#4003=AXIS2_PLACEMENT_3D('',#5394,#4658,#4659);
#4004=AXIS2_PLACEMENT_3D('',#5396,#4660,#4661);
#4005=AXIS2_PLACEMENT_3D('',#5397,#4662,#4663);
#4006=AXIS2_PLACEMENT_3D('',#5399,#4664,#4665);
#4007=AXIS2_PLACEMENT_3D('',#5400,#4666,#4667);
#4008=AXIS2_PLACEMENT_3D('',#5402,#4668,#4669);
#4009=AXIS2_PLACEMENT_3D('',#5403,#4670,#4671);
#4010=AXIS2_PLACEMENT_3D('',#5405,#4672,#4673);
#4011=AXIS2_PLACEMENT_3D('',#5406,#4674,#4675);
#4012=AXIS2_PLACEMENT_3D('',#5408,#4676,#4677);
#4013=AXIS2_PLACEMENT_3D('',#5409,#4678,#4679);
#4014=AXIS2_PLACEMENT_3D('',#5411,#4680,#4681);
#4015=AXIS2_PLACEMENT_3D('',#5412,#4682,#4683);
#4016=AXIS2_PLACEMENT_3D('',#5414,#4684,#4685);
#4017=AXIS2_PLACEMENT_3D('',#5415,#4686,#4687);
#4018=AXIS2_PLACEMENT_3D('',#5417,#4688,#4689);
#4019=AXIS2_PLACEMENT_3D('',#5418,#4690,#4691);
#4020=AXIS2_PLACEMENT_3D('',#5420,#4692,#4693);
#4021=AXIS2_PLACEMENT_3D('',#5421,#4694,#4695);
#4022=AXIS2_PLACEMENT_3D('',#5423,#4696,#4697);
#4023=AXIS2_PLACEMENT_3D('',#5424,#4698,#4699);
#4024=AXIS2_PLACEMENT_3D('',#5426,#4700,#4701);
#4025=AXIS2_PLACEMENT_3D('',#5427,#4702,#4703);
#4026=AXIS2_PLACEMENT_3D('',#5429,#4704,#4705);
#4027=AXIS2_PLACEMENT_3D('',#5430,#4706,#4707);
#4028=AXIS2_PLACEMENT_3D('',#5432,#4708,#4709);
#4029=AXIS2_PLACEMENT_3D('',#5433,#4710,#4711);
#4030=AXIS2_PLACEMENT_3D('',#5435,#4712,#4713);
#4031=AXIS2_PLACEMENT_3D('',#5436,#4714,#4715);
#4032=AXIS2_PLACEMENT_3D('',#5438,#4716,#4717);
#4033=AXIS2_PLACEMENT_3D('',#5439,#4718,#4719);
#4034=AXIS2_PLACEMENT_3D('',#5441,#4720,#4721);
#4035=AXIS2_PLACEMENT_3D('',#5442,#4722,#4723);
#4036=AXIS2_PLACEMENT_3D('',#5444,#4724,#4725);
#4037=AXIS2_PLACEMENT_3D('',#5445,#4726,#4727);
#4038=AXIS2_PLACEMENT_3D('',#5447,#4728,#4729);
#4039=AXIS2_PLACEMENT_3D('',#5448,#4730,#4731);
#4040=AXIS2_PLACEMENT_3D('',#5450,#4732,#4733);
#4041=AXIS2_PLACEMENT_3D('',#5451,#4734,#4735);
#4042=AXIS2_PLACEMENT_3D('',#5453,#4736,#4737);
#4043=AXIS2_PLACEMENT_3D('',#5454,#4738,#4739);
#4044=AXIS2_PLACEMENT_3D('',#5456,#4740,#4741);
#4045=AXIS2_PLACEMENT_3D('',#5457,#4742,#4743);
#4046=AXIS2_PLACEMENT_3D('',#5459,#4744,#4745);
#4047=AXIS2_PLACEMENT_3D('',#5460,#4746,#4747);
#4048=AXIS2_PLACEMENT_3D('',#5462,#4748,#4749);
#4049=AXIS2_PLACEMENT_3D('',#5463,#4750,#4751);
#4050=AXIS2_PLACEMENT_3D('',#5465,#4752,#4753);
#4051=AXIS2_PLACEMENT_3D('',#5466,#4754,#4755);
#4052=AXIS2_PLACEMENT_3D('',#5468,#4756,#4757);
#4053=AXIS2_PLACEMENT_3D('',#5469,#4758,#4759);
#4054=AXIS2_PLACEMENT_3D('',#5471,#4760,#4761);
#4055=AXIS2_PLACEMENT_3D('',#5472,#4762,#4763);
#4056=AXIS2_PLACEMENT_3D('',#5474,#4764,#4765);
#4057=AXIS2_PLACEMENT_3D('',#5475,#4766,#4767);
#4058=AXIS2_PLACEMENT_3D('',#5477,#4768,#4769);
#4059=AXIS2_PLACEMENT_3D('',#5478,#4770,#4771);
#4060=AXIS2_PLACEMENT_3D('',#5480,#4772,#4773);
#4061=AXIS2_PLACEMENT_3D('',#5481,#4774,#4775);
#4062=AXIS2_PLACEMENT_3D('',#5483,#4776,#4777);
#4063=AXIS2_PLACEMENT_3D('',#5484,#4778,#4779);
#4064=AXIS2_PLACEMENT_3D('',#5486,#4780,#4781);
#4065=AXIS2_PLACEMENT_3D('',#5487,#4782,#4783);
#4066=AXIS2_PLACEMENT_3D('',#5489,#4784,#4785);
#4067=AXIS2_PLACEMENT_3D('',#5490,#4786,#4787);
#4068=AXIS2_PLACEMENT_3D('',#5492,#4788,#4789);
#4069=AXIS2_PLACEMENT_3D('',#5493,#4790,#4791);
#4070=AXIS2_PLACEMENT_3D('',#5495,#4792,#4793);
#4071=AXIS2_PLACEMENT_3D('',#5496,#4794,#4795);
#4072=AXIS2_PLACEMENT_3D('',#5498,#4796,#4797);
#4073=AXIS2_PLACEMENT_3D('',#5499,#4798,#4799);
#4074=AXIS2_PLACEMENT_3D('',#5501,#4800,#4801);
#4075=AXIS2_PLACEMENT_3D('',#5502,#4802,#4803);
#4076=AXIS2_PLACEMENT_3D('',#5504,#4804,#4805);
#4077=AXIS2_PLACEMENT_3D('',#5505,#4806,#4807);
#4078=AXIS2_PLACEMENT_3D('',#5507,#4808,#4809);
#4079=AXIS2_PLACEMENT_3D('',#5508,#4810,#4811);
#4080=AXIS2_PLACEMENT_3D('',#5510,#4812,#4813);
#4081=AXIS2_PLACEMENT_3D('',#5511,#4814,#4815);
#4082=AXIS2_PLACEMENT_3D('',#5513,#4816,#4817);
#4083=AXIS2_PLACEMENT_3D('',#5514,#4818,#4819);
#4084=AXIS2_PLACEMENT_3D('',#5516,#4820,#4821);
#4085=AXIS2_PLACEMENT_3D('',#5517,#4822,#4823);
#4086=AXIS2_PLACEMENT_3D('',#5519,#4824,#4825);
#4087=AXIS2_PLACEMENT_3D('',#5520,#4826,#4827);
#4088=AXIS2_PLACEMENT_3D('',#5522,#4828,#4829);
#4089=AXIS2_PLACEMENT_3D('',#5523,#4830,#4831);
#4090=AXIS2_PLACEMENT_3D('',#5525,#4832,#4833);
#4091=AXIS2_PLACEMENT_3D('',#5526,#4834,#4835);
#4092=AXIS2_PLACEMENT_3D('',#5528,#4836,#4837);
#4093=AXIS2_PLACEMENT_3D('',#5529,#4838,#4839);
#4094=AXIS2_PLACEMENT_3D('',#5531,#4840,#4841);
#4095=AXIS2_PLACEMENT_3D('',#5532,#4842,#4843);
#4096=AXIS2_PLACEMENT_3D('',#5534,#4844,#4845);
#4097=AXIS2_PLACEMENT_3D('',#5535,#4846,#4847);
#4098=AXIS2_PLACEMENT_3D('',#5537,#4848,#4849);
#4099=AXIS2_PLACEMENT_3D('',#5538,#4850,#4851);
#4100=AXIS2_PLACEMENT_3D('',#5540,#4852,#4853);
#4101=AXIS2_PLACEMENT_3D('',#5541,#4854,#4855);
#4102=AXIS2_PLACEMENT_3D('',#5543,#4856,#4857);
#4103=AXIS2_PLACEMENT_3D('',#5544,#4858,#4859);
#4104=AXIS2_PLACEMENT_3D('',#5546,#4860,#4861);
#4105=AXIS2_PLACEMENT_3D('',#5547,#4862,#4863);
#4106=AXIS2_PLACEMENT_3D('',#5549,#4864,#4865);
#4107=AXIS2_PLACEMENT_3D('',#5550,#4866,#4867);
#4108=AXIS2_PLACEMENT_3D('',#5552,#4868,#4869);
#4109=AXIS2_PLACEMENT_3D('',#5553,#4870,#4871);
#4110=AXIS2_PLACEMENT_3D('',#5555,#4872,#4873);
#4111=AXIS2_PLACEMENT_3D('',#5556,#4874,#4875);
#4112=AXIS2_PLACEMENT_3D('',#5558,#4876,#4877);
#4113=AXIS2_PLACEMENT_3D('',#5559,#4878,#4879);
#4114=AXIS2_PLACEMENT_3D('',#5561,#4880,#4881);
#4115=AXIS2_PLACEMENT_3D('',#5562,#4882,#4883);
#4116=AXIS2_PLACEMENT_3D('',#5564,#4884,#4885);
#4117=AXIS2_PLACEMENT_3D('',#5565,#4886,#4887);
#4118=AXIS2_PLACEMENT_3D('',#5567,#4888,#4889);
#4119=AXIS2_PLACEMENT_3D('',#5568,#4890,#4891);
#4120=AXIS2_PLACEMENT_3D('',#5570,#4892,#4893);
#4121=AXIS2_PLACEMENT_3D('',#5571,#4894,#4895);
#4122=AXIS2_PLACEMENT_3D('',#5573,#4896,#4897);
#4123=AXIS2_PLACEMENT_3D('',#5574,#4898,#4899);
#4124=AXIS2_PLACEMENT_3D('',#5576,#4900,#4901);
#4125=AXIS2_PLACEMENT_3D('',#5577,#4902,#4903);
#4126=AXIS2_PLACEMENT_3D('',#5579,#4904,#4905);
#4127=AXIS2_PLACEMENT_3D('',#5580,#4906,#4907);
#4128=AXIS2_PLACEMENT_3D('',#5582,#4908,#4909);
#4129=AXIS2_PLACEMENT_3D('',#5583,#4910,#4911);
#4130=AXIS2_PLACEMENT_3D('',#5585,#4912,#4913);
#4131=AXIS2_PLACEMENT_3D('',#5586,#4914,#4915);
#4132=AXIS2_PLACEMENT_3D('',#5588,#4916,#4917);
#4133=AXIS2_PLACEMENT_3D('',#5589,#4918,#4919);
#4134=AXIS2_PLACEMENT_3D('',#5591,#4920,#4921);
#4135=AXIS2_PLACEMENT_3D('',#5592,#4922,#4923);
#4136=AXIS2_PLACEMENT_3D('',#5594,#4924,#4925);
#4137=AXIS2_PLACEMENT_3D('',#5595,#4926,#4927);
#4138=AXIS2_PLACEMENT_3D('',#5597,#4928,#4929);
#4139=AXIS2_PLACEMENT_3D('',#5598,#4930,#4931);
#4140=AXIS2_PLACEMENT_3D('',#5600,#4932,#4933);
#4141=AXIS2_PLACEMENT_3D('',#5601,#4934,#4935);
#4142=AXIS2_PLACEMENT_3D('',#5603,#4936,#4937);
#4143=AXIS2_PLACEMENT_3D('',#5604,#4938,#4939);
#4144=AXIS2_PLACEMENT_3D('',#5606,#4940,#4941);
#4145=AXIS2_PLACEMENT_3D('',#5607,#4942,#4943);
#4146=AXIS2_PLACEMENT_3D('',#5609,#4944,#4945);
#4147=AXIS2_PLACEMENT_3D('',#5610,#4946,#4947);
#4148=AXIS2_PLACEMENT_3D('',#5612,#4948,#4949);
#4149=AXIS2_PLACEMENT_3D('',#5613,#4950,#4951);
#4150=AXIS2_PLACEMENT_3D('',#5615,#4952,#4953);
#4151=AXIS2_PLACEMENT_3D('',#5616,#4954,#4955);
#4152=AXIS2_PLACEMENT_3D('',#5618,#4956,#4957);
#4153=AXIS2_PLACEMENT_3D('',#5619,#4958,#4959);
#4154=AXIS2_PLACEMENT_3D('',#5621,#4960,#4961);
#4155=AXIS2_PLACEMENT_3D('',#5622,#4962,#4963);
#4156=AXIS2_PLACEMENT_3D('',#5624,#4964,#4965);
#4157=AXIS2_PLACEMENT_3D('',#5625,#4966,#4967);
#4158=AXIS2_PLACEMENT_3D('',#5627,#4968,#4969);
#4159=AXIS2_PLACEMENT_3D('',#5628,#4970,#4971);
#4160=AXIS2_PLACEMENT_3D('',#5630,#4972,#4973);
#4161=AXIS2_PLACEMENT_3D('',#5631,#4974,#4975);
#4162=AXIS2_PLACEMENT_3D('',#5633,#4976,#4977);
#4163=AXIS2_PLACEMENT_3D('',#5634,#4978,#4979);
#4164=AXIS2_PLACEMENT_3D('',#5636,#4980,#4981);
#4165=AXIS2_PLACEMENT_3D('',#5637,#4982,#4983);
#4166=AXIS2_PLACEMENT_3D('',#5639,#4984,#4985);
#4167=AXIS2_PLACEMENT_3D('',#5640,#4986,#4987);
#4168=AXIS2_PLACEMENT_3D('',#5642,#4988,#4989);
#4169=AXIS2_PLACEMENT_3D('',#5643,#4990,#4991);
#4170=AXIS2_PLACEMENT_3D('',#5645,#4992,#4993);
#4171=AXIS2_PLACEMENT_3D('',#5646,#4994,#4995);
#4172=AXIS2_PLACEMENT_3D('',#5648,#4996,#4997);
#4173=AXIS2_PLACEMENT_3D('',#5649,#4998,#4999);
#4174=AXIS2_PLACEMENT_3D('',#5651,#5000,#5001);
#4175=AXIS2_PLACEMENT_3D('',#5652,#5002,#5003);
#4176=AXIS2_PLACEMENT_3D('',#5654,#5004,#5005);
#4177=AXIS2_PLACEMENT_3D('',#5655,#5006,#5007);
#4178=AXIS2_PLACEMENT_3D('',#5657,#5008,#5009);
#4179=AXIS2_PLACEMENT_3D('',#5658,#5010,#5011);
#4180=AXIS2_PLACEMENT_3D('',#5660,#5012,#5013);
#4181=AXIS2_PLACEMENT_3D('',#5661,#5014,#5015);
#4182=AXIS2_PLACEMENT_3D('',#5663,#5016,#5017);
#4183=AXIS2_PLACEMENT_3D('',#5664,#5018,#5019);
#4184=AXIS2_PLACEMENT_3D('',#5666,#5020,#5021);
#4185=AXIS2_PLACEMENT_3D('',#5667,#5022,#5023);
#4186=AXIS2_PLACEMENT_3D('',#5669,#5024,#5025);
#4187=AXIS2_PLACEMENT_3D('',#5670,#5026,#5027);
#4188=AXIS2_PLACEMENT_3D('',#5672,#5028,#5029);
#4189=AXIS2_PLACEMENT_3D('',#5673,#5030,#5031);
#4190=AXIS2_PLACEMENT_3D('',#5675,#5032,#5033);
#4191=AXIS2_PLACEMENT_3D('',#5676,#5034,#5035);
#4192=AXIS2_PLACEMENT_3D('',#5678,#5036,#5037);
#4193=AXIS2_PLACEMENT_3D('',#5679,#5038,#5039);
#4194=DIRECTION('',(0.,0.,1.));
#4195=DIRECTION('',(1.,0.,0.));
#4196=DIRECTION('',(0.,0.,-1.));
#4197=DIRECTION('',(-1.,0.,0.));
#4198=DIRECTION('',(0.,0.,1.));
#4199=DIRECTION('',(1.,0.,0.));
#4200=DIRECTION('',(0.,0.,1.));
#4201=DIRECTION('',(1.,0.,0.));
#4202=DIRECTION('',(0.,0.,1.));
#4203=DIRECTION('',(1.,0.,0.));
#4204=DIRECTION('',(0.,0.,1.));
#4205=DIRECTION('',(1.,0.,0.));
#4206=DIRECTION('',(0.,0.,1.));
#4207=DIRECTION('',(1.,0.,0.));
#4208=DIRECTION('',(0.,0.,1.));
#4209=DIRECTION('',(1.,0.,0.));
#4210=DIRECTION('',(0.,0.,1.));
#4211=DIRECTION('',(1.,0.,0.));
#4212=DIRECTION('',(0.,0.,1.));
#4213=DIRECTION('',(1.,0.,0.));
#4214=DIRECTION('',(0.,0.,1.));
#4215=DIRECTION('',(1.,0.,0.));
#4216=DIRECTION('',(0.,0.,1.));
#4217=DIRECTION('',(1.,0.,0.));
#4218=DIRECTION('',(0.,0.,1.));
#4219=DIRECTION('',(1.,0.,0.));
#4220=DIRECTION('',(0.,0.,1.));
#4221=DIRECTION('',(1.,0.,0.));
#4222=DIRECTION('',(0.,0.,1.));
#4223=DIRECTION('',(1.,0.,0.));
#4224=DIRECTION('',(0.,0.,1.));
#4225=DIRECTION('',(1.,0.,0.));
#4226=DIRECTION('',(0.,0.,1.));
#4227=DIRECTION('',(1.,0.,0.));
#4228=DIRECTION('',(0.,0.,1.));
#4229=DIRECTION('',(1.,0.,0.));
#4230=DIRECTION('',(0.,0.,1.));
#4231=DIRECTION('',(1.,0.,0.));
#4232=DIRECTION('',(0.,0.,1.));
#4233=DIRECTION('',(1.,0.,0.));
#4234=DIRECTION('',(0.,0.,1.));
#4235=DIRECTION('',(1.,0.,0.));
#4236=DIRECTION('',(0.,0.,1.));
#4237=DIRECTION('',(1.,0.,0.));
#4238=DIRECTION('',(0.,0.,1.));
#4239=DIRECTION('',(1.,0.,0.));
#4240=DIRECTION('',(0.,0.,1.));
#4241=DIRECTION('',(1.,0.,0.));
#4242=DIRECTION('',(0.,0.,1.));
#4243=DIRECTION('',(1.,0.,0.));
#4244=DIRECTION('',(0.,0.,1.));
#4245=DIRECTION('',(1.,0.,0.));
#4246=DIRECTION('',(0.,0.,1.));
#4247=DIRECTION('',(1.,0.,0.));
#4248=DIRECTION('',(0.,0.,1.));
#4249=DIRECTION('',(1.,0.,0.));
#4250=DIRECTION('',(0.,0.,1.));
#4251=DIRECTION('',(1.,0.,0.));
#4252=DIRECTION('',(0.,0.,1.));
#4253=DIRECTION('',(1.,0.,0.));
#4254=DIRECTION('',(0.,0.,1.));
#4255=DIRECTION('',(1.,0.,0.));
#4256=DIRECTION('',(0.,0.,1.));
#4257=DIRECTION('',(1.,0.,0.));
#4258=DIRECTION('',(0.,0.,1.));
#4259=DIRECTION('',(1.,0.,0.));
#4260=DIRECTION('',(0.,0.,1.));
#4261=DIRECTION('',(1.,0.,0.));
#4262=DIRECTION('',(0.,0.,1.));
#4263=DIRECTION('',(1.,0.,0.));
#4264=DIRECTION('',(0.,0.,1.));
#4265=DIRECTION('',(1.,0.,0.));
#4266=DIRECTION('',(0.,0.,1.));
#4267=DIRECTION('',(1.,0.,0.));
#4268=DIRECTION('',(0.,0.,1.));
#4269=DIRECTION('',(1.,0.,0.));
#4270=DIRECTION('',(0.,0.,1.));
#4271=DIRECTION('',(1.,0.,0.));
#4272=DIRECTION('',(0.,0.,1.));
#4273=DIRECTION('',(1.,0.,0.));
#4274=DIRECTION('',(0.,0.,1.));
#4275=DIRECTION('',(1.,0.,0.));
#4276=DIRECTION('',(0.,0.,1.));
#4277=DIRECTION('',(1.,0.,0.));
#4278=DIRECTION('',(0.,0.,1.));
#4279=DIRECTION('',(1.,0.,0.));
#4280=DIRECTION('',(0.,0.,1.));
#4281=DIRECTION('',(1.,0.,0.));
#4282=DIRECTION('',(0.,0.,1.));
#4283=DIRECTION('',(1.,0.,0.));
#4284=DIRECTION('',(0.,0.,1.));
#4285=DIRECTION('',(1.,0.,0.));
#4286=DIRECTION('',(0.,0.,1.));
#4287=DIRECTION('',(1.,0.,0.));
#4288=DIRECTION('',(0.,0.,1.));
#4289=DIRECTION('',(1.,0.,0.));
#4290=DIRECTION('',(0.,0.,1.));
#4291=DIRECTION('',(1.,0.,0.));
#4292=DIRECTION('',(0.,0.,1.));
#4293=DIRECTION('',(1.,0.,0.));
#4294=DIRECTION('',(0.,0.,1.));
#4295=DIRECTION('',(1.,0.,0.));
#4296=DIRECTION('',(0.,0.,1.));
#4297=DIRECTION('',(1.,0.,0.));
#4298=DIRECTION('',(0.,0.,1.));
#4299=DIRECTION('',(1.,0.,0.));
#4300=DIRECTION('',(0.,0.,1.));
#4301=DIRECTION('',(1.,0.,0.));
#4302=DIRECTION('',(0.,0.,1.));
#4303=DIRECTION('',(1.,0.,0.));
#4304=DIRECTION('',(0.,0.,1.));
#4305=DIRECTION('',(1.,0.,0.));
#4306=DIRECTION('',(0.,0.,1.));
#4307=DIRECTION('',(1.,0.,0.));
#4308=DIRECTION('',(0.,0.,1.));
#4309=DIRECTION('',(1.,0.,0.));
#4310=DIRECTION('',(0.,0.,1.));
#4311=DIRECTION('',(1.,0.,0.));
#4312=DIRECTION('',(0.,0.,1.));
#4313=DIRECTION('',(1.,0.,0.));
#4314=DIRECTION('',(0.,0.,1.));
#4315=DIRECTION('',(1.,0.,0.));
#4316=DIRECTION('',(0.,0.,1.));
#4317=DIRECTION('',(1.,0.,0.));
#4318=DIRECTION('',(0.,0.,1.));
#4319=DIRECTION('',(1.,0.,0.));
#4320=DIRECTION('',(0.,0.,1.));
#4321=DIRECTION('',(1.,0.,0.));
#4322=DIRECTION('',(0.,0.,1.));
#4323=DIRECTION('',(1.,0.,0.));
#4324=DIRECTION('',(0.,0.,1.));
#4325=DIRECTION('',(1.,0.,0.));
#4326=DIRECTION('',(0.,0.,1.));
#4327=DIRECTION('',(1.,0.,0.));
#4328=DIRECTION('',(0.,0.,1.));
#4329=DIRECTION('',(1.,0.,0.));
#4330=DIRECTION('',(0.,0.,1.));
#4331=DIRECTION('',(1.,0.,0.));
#4332=DIRECTION('',(0.,0.,1.));
#4333=DIRECTION('',(1.,0.,0.));
#4334=DIRECTION('',(0.,0.,1.));
#4335=DIRECTION('',(1.,0.,0.));
#4336=DIRECTION('',(0.,0.,1.));
#4337=DIRECTION('',(1.,0.,0.));
#4338=DIRECTION('',(0.,0.,1.));
#4339=DIRECTION('',(1.,0.,0.));
#4340=DIRECTION('',(0.,0.,1.));
#4341=DIRECTION('',(1.,0.,0.));
#4342=DIRECTION('',(0.,0.,1.));
#4343=DIRECTION('',(1.,0.,0.));
#4344=DIRECTION('',(0.,0.,1.));
#4345=DIRECTION('',(1.,0.,0.));
#4346=DIRECTION('',(0.,0.,1.));
#4347=DIRECTION('',(1.,0.,0.));
#4348=DIRECTION('',(0.,0.,1.));
#4349=DIRECTION('',(1.,0.,0.));
#4350=DIRECTION('',(0.,0.,1.));
#4351=DIRECTION('',(1.,0.,0.));
#4352=DIRECTION('',(0.,0.,1.));
#4353=DIRECTION('',(1.,0.,0.));
#4354=DIRECTION('',(0.,0.,1.));
#4355=DIRECTION('',(1.,0.,0.));
#4356=DIRECTION('',(0.,0.,1.));
#4357=DIRECTION('',(1.,0.,0.));
#4358=DIRECTION('',(0.,0.,1.));
#4359=DIRECTION('',(1.,0.,0.));
#4360=DIRECTION('',(0.,0.,1.));
#4361=DIRECTION('',(1.,0.,0.));
#4362=DIRECTION('',(0.,0.,1.));
#4363=DIRECTION('',(1.,0.,0.));
#4364=DIRECTION('',(0.,0.,1.));
#4365=DIRECTION('',(1.,0.,0.));
#4366=DIRECTION('',(0.,0.,1.));
#4367=DIRECTION('',(1.,0.,0.));
#4368=DIRECTION('',(0.,0.,1.));
#4369=DIRECTION('',(1.,0.,0.));
#4370=DIRECTION('',(0.,0.,1.));
#4371=DIRECTION('',(1.,0.,0.));
#4372=DIRECTION('',(0.,0.,1.));
#4373=DIRECTION('',(1.,0.,0.));
#4374=DIRECTION('',(0.,0.,1.));
#4375=DIRECTION('',(1.,0.,0.));
#4376=DIRECTION('',(0.,0.,1.));
#4377=DIRECTION('',(1.,0.,0.));
#4378=DIRECTION('',(0.,0.,1.));
#4379=DIRECTION('',(1.,0.,0.));
#4380=DIRECTION('',(0.,0.,1.));
#4381=DIRECTION('',(1.,0.,0.));
#4382=DIRECTION('',(0.,0.,1.));
#4383=DIRECTION('',(1.,0.,0.));
#4384=DIRECTION('',(0.,0.,1.));
#4385=DIRECTION('',(1.,0.,0.));
#4386=DIRECTION('',(0.,0.,1.));
#4387=DIRECTION('',(1.,0.,0.));
#4388=DIRECTION('',(0.,0.,1.));
#4389=DIRECTION('',(1.,0.,0.));
#4390=DIRECTION('',(0.,0.,1.));
#4391=DIRECTION('',(1.,0.,0.));
#4392=DIRECTION('',(0.,0.,1.));
#4393=DIRECTION('',(1.,0.,0.));
#4394=DIRECTION('',(0.,0.,1.));
#4395=DIRECTION('',(1.,0.,0.));
#4396=DIRECTION('',(1.,0.,0.));
#4397=DIRECTION('',(0.,0.,1.));
#4398=DIRECTION('',(0.,1.,0.));
#4399=DIRECTION('',(0.,0.,1.));
#4400=DIRECTION('',(0.,1.,0.));
#4401=DIRECTION('',(0.,0.,1.));
#4402=DIRECTION('',(0.,1.,0.));
#4403=DIRECTION('',(0.,0.,1.));
#4404=DIRECTION('',(0.,0.,1.));
#4405=DIRECTION('',(1.,0.,0.));
#4406=DIRECTION('',(1.,0.,0.));
#4407=DIRECTION('',(0.,0.,1.));
#4408=DIRECTION('',(1.,0.,0.));
#4409=DIRECTION('',(0.,1.,0.));
#4410=DIRECTION('',(1.,0.,0.));
#4411=DIRECTION('',(0.,0.,1.));
#4412=DIRECTION('',(1.,0.,0.));
#4413=DIRECTION('',(0.,1.,0.));
#4414=DIRECTION('',(0.,0.,1.));
#4415=DIRECTION('',(1.,0.,0.));
#4416=DIRECTION('',(0.,0.,1.));
#4417=DIRECTION('',(0.,0.,1.));
#4418=DIRECTION('',(1.,0.,0.));
#4419=DIRECTION('',(0.,1.,0.));
#4420=DIRECTION('',(1.,0.,0.));
#4421=DIRECTION('',(0.,0.,1.));
#4422=DIRECTION('',(0.,0.,1.));
#4423=DIRECTION('',(1.,0.,0.));
#4424=DIRECTION('',(0.,0.,1.));
#4425=DIRECTION('',(1.,0.,0.));
#4426=DIRECTION('',(0.,0.,1.));
#4427=DIRECTION('',(1.,0.,0.));
#4428=DIRECTION('',(0.,0.,1.));
#4429=DIRECTION('',(1.,0.,0.));
#4430=DIRECTION('',(0.,0.,1.));
#4431=DIRECTION('',(1.,0.,0.));
#4432=DIRECTION('',(0.,0.,1.));
#4433=DIRECTION('',(1.,0.,0.));
#4434=DIRECTION('',(0.,0.,1.));
#4435=DIRECTION('',(1.,0.,0.));
#4436=DIRECTION('',(0.,0.,1.));
#4437=DIRECTION('',(1.,0.,0.));
#4438=DIRECTION('',(0.,0.,1.));
#4439=DIRECTION('',(1.,0.,0.));
#4440=DIRECTION('',(0.,0.,1.));
#4441=DIRECTION('',(1.,0.,0.));
#4442=DIRECTION('',(0.,0.,1.));
#4443=DIRECTION('',(1.,0.,0.));
#4444=DIRECTION('',(0.,0.,1.));
#4445=DIRECTION('',(1.,0.,0.));
#4446=DIRECTION('',(0.,0.,1.));
#4447=DIRECTION('',(1.,0.,0.));
#4448=DIRECTION('',(0.,0.,1.));
#4449=DIRECTION('',(1.,0.,0.));
#4450=DIRECTION('',(0.,0.,1.));
#4451=DIRECTION('',(1.,0.,0.));
#4452=DIRECTION('',(0.,0.,1.));
#4453=DIRECTION('',(1.,0.,0.));
#4454=DIRECTION('',(0.,0.,1.));
#4455=DIRECTION('',(1.,0.,0.));
#4456=DIRECTION('',(0.,0.,1.));
#4457=DIRECTION('',(1.,0.,0.));
#4458=DIRECTION('',(0.,0.,1.));
#4459=DIRECTION('',(1.,0.,0.));
#4460=DIRECTION('',(0.,0.,1.));
#4461=DIRECTION('',(1.,0.,0.));
#4462=DIRECTION('',(0.,0.,1.));
#4463=DIRECTION('',(1.,0.,0.));
#4464=DIRECTION('',(0.,0.,1.));
#4465=DIRECTION('',(1.,0.,0.));
#4466=DIRECTION('',(0.,0.,1.));
#4467=DIRECTION('',(1.,0.,0.));
#4468=DIRECTION('',(0.,0.,1.));
#4469=DIRECTION('',(1.,0.,0.));
#4470=DIRECTION('',(0.,0.,1.));
#4471=DIRECTION('',(1.,0.,0.));
#4472=DIRECTION('',(0.,0.,1.));
#4473=DIRECTION('',(1.,0.,0.));
#4474=DIRECTION('',(0.,0.,1.));
#4475=DIRECTION('',(1.,0.,0.));
#4476=DIRECTION('',(0.,0.,1.));
#4477=DIRECTION('',(1.,0.,0.));
#4478=DIRECTION('',(0.,0.,1.));
#4479=DIRECTION('',(1.,0.,0.));
#4480=DIRECTION('',(0.,0.,1.));
#4481=DIRECTION('',(1.,0.,0.));
#4482=DIRECTION('',(0.,0.,1.));
#4483=DIRECTION('',(1.,0.,0.));
#4484=DIRECTION('',(0.,0.,1.));
#4485=DIRECTION('',(1.,0.,0.));
#4486=DIRECTION('',(0.,0.,1.));
#4487=DIRECTION('',(1.,0.,0.));
#4488=DIRECTION('',(0.,0.,1.));
#4489=DIRECTION('',(1.,0.,0.));
#4490=DIRECTION('',(0.,0.,1.));
#4491=DIRECTION('',(1.,0.,0.));
#4492=DIRECTION('',(0.,0.,1.));
#4493=DIRECTION('',(1.,0.,0.));
#4494=DIRECTION('',(0.,0.,1.));
#4495=DIRECTION('',(1.,0.,0.));
#4496=DIRECTION('',(0.,0.,1.));
#4497=DIRECTION('',(1.,0.,0.));
#4498=DIRECTION('',(0.,0.,1.));
#4499=DIRECTION('',(1.,0.,0.));
#4500=DIRECTION('',(0.,0.,1.));
#4501=DIRECTION('',(1.,0.,0.));
#4502=DIRECTION('',(0.,0.,1.));
#4503=DIRECTION('',(1.,0.,0.));
#4504=DIRECTION('',(0.,0.,1.));
#4505=DIRECTION('',(1.,0.,0.));
#4506=DIRECTION('',(0.,0.,1.));
#4507=DIRECTION('',(1.,0.,0.));
#4508=DIRECTION('',(0.,0.,1.));
#4509=DIRECTION('',(1.,0.,0.));
#4510=DIRECTION('',(0.,0.,1.));
#4511=DIRECTION('',(1.,0.,0.));
#4512=DIRECTION('',(0.,0.,1.));
#4513=DIRECTION('',(1.,0.,0.));
#4514=DIRECTION('',(0.,0.,1.));
#4515=DIRECTION('',(1.,0.,0.));
#4516=DIRECTION('',(0.,0.,1.));
#4517=DIRECTION('',(1.,0.,0.));
#4518=DIRECTION('',(0.,0.,1.));
#4519=DIRECTION('',(1.,0.,0.));
#4520=DIRECTION('',(0.,0.,1.));
#4521=DIRECTION('',(1.,0.,0.));
#4522=DIRECTION('',(0.,0.,1.));
#4523=DIRECTION('',(1.,0.,0.));
#4524=DIRECTION('',(0.,0.,1.));
#4525=DIRECTION('',(1.,0.,0.));
#4526=DIRECTION('',(0.,0.,1.));
#4527=DIRECTION('',(1.,0.,0.));
#4528=DIRECTION('',(0.,0.,1.));
#4529=DIRECTION('',(1.,0.,0.));
#4530=DIRECTION('',(0.,0.,1.));
#4531=DIRECTION('',(1.,0.,0.));
#4532=DIRECTION('',(0.,0.,1.));
#4533=DIRECTION('',(1.,0.,0.));
#4534=DIRECTION('',(0.,0.,1.));
#4535=DIRECTION('',(1.,0.,0.));
#4536=DIRECTION('',(0.,0.,1.));
#4537=DIRECTION('',(1.,0.,0.));
#4538=DIRECTION('',(0.,0.,1.));
#4539=DIRECTION('',(1.,0.,0.));
#4540=DIRECTION('',(0.,0.,1.));
#4541=DIRECTION('',(1.,0.,0.));
#4542=DIRECTION('',(0.,0.,1.));
#4543=DIRECTION('',(1.,0.,0.));
#4544=DIRECTION('',(0.,0.,1.));
#4545=DIRECTION('',(1.,0.,0.));
#4546=DIRECTION('',(0.,0.,1.));
#4547=DIRECTION('',(1.,0.,0.));
#4548=DIRECTION('',(0.,0.,1.));
#4549=DIRECTION('',(1.,0.,0.));
#4550=DIRECTION('',(0.,0.,1.));
#4551=DIRECTION('',(1.,0.,0.));
#4552=DIRECTION('',(0.,0.,1.));
#4553=DIRECTION('',(1.,0.,0.));
#4554=DIRECTION('',(0.,0.,1.));
#4555=DIRECTION('',(1.,0.,0.));
#4556=DIRECTION('',(0.,0.,1.));
#4557=DIRECTION('',(1.,0.,0.));
#4558=DIRECTION('',(0.,0.,1.));
#4559=DIRECTION('',(1.,0.,0.));
#4560=DIRECTION('',(0.,0.,1.));
#4561=DIRECTION('',(1.,0.,0.));
#4562=DIRECTION('',(0.,0.,1.));
#4563=DIRECTION('',(1.,0.,0.));
#4564=DIRECTION('',(0.,0.,1.));
#4565=DIRECTION('',(1.,0.,0.));
#4566=DIRECTION('',(0.,0.,1.));
#4567=DIRECTION('',(1.,0.,0.));
#4568=DIRECTION('',(0.,0.,1.));
#4569=DIRECTION('',(1.,0.,0.));
#4570=DIRECTION('',(0.,0.,1.));
#4571=DIRECTION('',(1.,0.,0.));
#4572=DIRECTION('',(0.,0.,1.));
#4573=DIRECTION('',(1.,0.,0.));
#4574=DIRECTION('',(0.,0.,1.));
#4575=DIRECTION('',(1.,0.,0.));
#4576=DIRECTION('',(0.,0.,1.));
#4577=DIRECTION('',(1.,0.,0.));
#4578=DIRECTION('',(0.,0.,1.));
#4579=DIRECTION('',(1.,0.,0.));
#4580=DIRECTION('',(0.,0.,1.));
#4581=DIRECTION('',(1.,0.,0.));
#4582=DIRECTION('',(0.,0.,1.));
#4583=DIRECTION('',(1.,0.,0.));
#4584=DIRECTION('',(0.,0.,1.));
#4585=DIRECTION('',(1.,0.,0.));
#4586=DIRECTION('',(0.,0.,1.));
#4587=DIRECTION('',(1.,0.,0.));
#4588=DIRECTION('',(0.,0.,1.));
#4589=DIRECTION('',(1.,0.,0.));
#4590=DIRECTION('',(0.,0.,1.));
#4591=DIRECTION('',(1.,0.,0.));
#4592=DIRECTION('',(0.,0.,1.));
#4593=DIRECTION('',(1.,0.,0.));
#4594=DIRECTION('',(0.,0.,1.));
#4595=DIRECTION('',(1.,0.,0.));
#4596=DIRECTION('',(0.,0.,1.));
#4597=DIRECTION('',(1.,0.,0.));
#4598=DIRECTION('',(0.,0.,1.));
#4599=DIRECTION('',(1.,0.,0.));
#4600=DIRECTION('',(0.,0.,1.));
#4601=DIRECTION('',(1.,0.,0.));
#4602=DIRECTION('',(0.,0.,1.));
#4603=DIRECTION('',(1.,0.,0.));
#4604=DIRECTION('',(0.,0.,1.));
#4605=DIRECTION('',(1.,0.,0.));
#4606=DIRECTION('',(0.,0.,1.));
#4607=DIRECTION('',(1.,0.,0.));
#4608=DIRECTION('',(0.,0.,1.));
#4609=DIRECTION('',(1.,0.,0.));
#4610=DIRECTION('',(0.,0.,1.));
#4611=DIRECTION('',(1.,0.,0.));
#4612=DIRECTION('',(0.,0.,1.));
#4613=DIRECTION('',(1.,0.,0.));
#4614=DIRECTION('',(0.,0.,1.));
#4615=DIRECTION('',(1.,0.,0.));
#4616=DIRECTION('',(0.,0.,1.));
#4617=DIRECTION('',(1.,0.,0.));
#4618=DIRECTION('',(0.,0.,1.));
#4619=DIRECTION('',(1.,0.,0.));
#4620=DIRECTION('',(0.,0.,1.));
#4621=DIRECTION('',(1.,0.,0.));
#4622=DIRECTION('',(0.,0.,1.));
#4623=DIRECTION('',(1.,0.,0.));
#4624=DIRECTION('',(0.,0.,1.));
#4625=DIRECTION('',(1.,0.,0.));
#4626=DIRECTION('',(0.,0.,1.));
#4627=DIRECTION('',(1.,0.,0.));
#4628=DIRECTION('',(0.,0.,1.));
#4629=DIRECTION('',(1.,0.,0.));
#4630=DIRECTION('',(0.,0.,1.));
#4631=DIRECTION('',(1.,0.,0.));
#4632=DIRECTION('',(0.,0.,1.));
#4633=DIRECTION('',(1.,0.,0.));
#4634=DIRECTION('',(0.,0.,1.));
#4635=DIRECTION('',(1.,0.,0.));
#4636=DIRECTION('',(0.,0.,1.));
#4637=DIRECTION('',(1.,0.,0.));
#4638=DIRECTION('',(0.,0.,1.));
#4639=DIRECTION('',(1.,0.,0.));
#4640=DIRECTION('',(0.,0.,1.));
#4641=DIRECTION('',(1.,0.,0.));
#4642=DIRECTION('',(0.,0.,1.));
#4643=DIRECTION('',(1.,0.,0.));
#4644=DIRECTION('',(0.,0.,1.));
#4645=DIRECTION('',(1.,0.,0.));
#4646=DIRECTION('',(0.,0.,1.));
#4647=DIRECTION('',(1.,0.,0.));
#4648=DIRECTION('',(0.,0.,1.));
#4649=DIRECTION('',(1.,0.,0.));
#4650=DIRECTION('',(0.,0.,1.));
#4651=DIRECTION('',(1.,0.,0.));
#4652=DIRECTION('',(0.,0.,1.));
#4653=DIRECTION('',(1.,0.,0.));
#4654=DIRECTION('',(0.,0.,1.));
#4655=DIRECTION('',(1.,0.,0.));
#4656=DIRECTION('',(0.,0.,1.));
#4657=DIRECTION('',(1.,0.,0.));
#4658=DIRECTION('',(0.,0.,1.));
#4659=DIRECTION('',(1.,0.,0.));
#4660=DIRECTION('',(0.,0.,1.));
#4661=DIRECTION('',(1.,0.,0.));
#4662=DIRECTION('',(0.,0.,1.));
#4663=DIRECTION('',(1.,0.,0.));
#4664=DIRECTION('',(0.,0.,1.));
#4665=DIRECTION('',(1.,0.,0.));
#4666=DIRECTION('',(0.,0.,1.));
#4667=DIRECTION('',(1.,0.,0.));
#4668=DIRECTION('',(0.,0.,1.));
#4669=DIRECTION('',(1.,0.,0.));
#4670=DIRECTION('',(0.,0.,1.));
#4671=DIRECTION('',(1.,0.,0.));
#4672=DIRECTION('',(0.,0.,1.));
#4673=DIRECTION('',(1.,0.,0.));
#4674=DIRECTION('',(0.,0.,1.));
#4675=DIRECTION('',(1.,0.,0.));
#4676=DIRECTION('',(0.,0.,1.));
#4677=DIRECTION('',(1.,0.,0.));
#4678=DIRECTION('',(0.,0.,1.));
#4679=DIRECTION('',(1.,0.,0.));
#4680=DIRECTION('',(0.,0.,1.));
#4681=DIRECTION('',(1.,0.,0.));
#4682=DIRECTION('',(0.,0.,1.));
#4683=DIRECTION('',(1.,0.,0.));
#4684=DIRECTION('',(0.,0.,1.));
#4685=DIRECTION('',(1.,0.,0.));
#4686=DIRECTION('',(0.,0.,1.));
#4687=DIRECTION('',(1.,0.,0.));
#4688=DIRECTION('',(0.,0.,1.));
#4689=DIRECTION('',(1.,0.,0.));
#4690=DIRECTION('',(0.,0.,1.));
#4691=DIRECTION('',(1.,0.,0.));
#4692=DIRECTION('',(0.,0.,1.));
#4693=DIRECTION('',(1.,0.,0.));
#4694=DIRECTION('',(0.,0.,1.));
#4695=DIRECTION('',(1.,0.,0.));
#4696=DIRECTION('',(0.,0.,1.));
#4697=DIRECTION('',(1.,0.,0.));
#4698=DIRECTION('',(0.,0.,1.));
#4699=DIRECTION('',(1.,0.,0.));
#4700=DIRECTION('',(0.,0.,1.));
#4701=DIRECTION('',(1.,0.,0.));
#4702=DIRECTION('',(0.,0.,1.));
#4703=DIRECTION('',(1.,0.,0.));
#4704=DIRECTION('',(0.,0.,1.));
#4705=DIRECTION('',(1.,0.,0.));
#4706=DIRECTION('',(0.,0.,1.));
#4707=DIRECTION('',(1.,0.,0.));
#4708=DIRECTION('',(0.,0.,1.));
#4709=DIRECTION('',(1.,0.,0.));
#4710=DIRECTION('',(0.,0.,1.));
#4711=DIRECTION('',(1.,0.,0.));
#4712=DIRECTION('',(0.,0.,1.));
#4713=DIRECTION('',(1.,0.,0.));
#4714=DIRECTION('',(0.,0.,1.));
#4715=DIRECTION('',(1.,0.,0.));
#4716=DIRECTION('',(0.,0.,1.));
#4717=DIRECTION('',(1.,0.,0.));
#4718=DIRECTION('',(0.,0.,1.));
#4719=DIRECTION('',(1.,0.,0.));
#4720=DIRECTION('',(0.,0.,1.));
#4721=DIRECTION('',(1.,0.,0.));
#4722=DIRECTION('',(0.,0.,1.));
#4723=DIRECTION('',(1.,0.,0.));
#4724=DIRECTION('',(0.,0.,1.));
#4725=DIRECTION('',(1.,0.,0.));
#4726=DIRECTION('',(0.,0.,1.));
#4727=DIRECTION('',(1.,0.,0.));
#4728=DIRECTION('',(0.,0.,1.));
#4729=DIRECTION('',(1.,0.,0.));
#4730=DIRECTION('',(0.,0.,1.));
#4731=DIRECTION('',(1.,0.,0.));
#4732=DIRECTION('',(0.,0.,1.));
#4733=DIRECTION('',(1.,0.,0.));
#4734=DIRECTION('',(0.,0.,1.));
#4735=DIRECTION('',(1.,0.,0.));
#4736=DIRECTION('',(0.,0.,1.));
#4737=DIRECTION('',(1.,0.,0.));
#4738=DIRECTION('',(0.,0.,1.));
#4739=DIRECTION('',(1.,0.,0.));
#4740=DIRECTION('',(0.,0.,1.));
#4741=DIRECTION('',(1.,0.,0.));
#4742=DIRECTION('',(0.,0.,1.));
#4743=DIRECTION('',(1.,0.,0.));
#4744=DIRECTION('',(0.,0.,1.));
#4745=DIRECTION('',(1.,0.,0.));
#4746=DIRECTION('',(0.,0.,1.));
#4747=DIRECTION('',(1.,0.,0.));
#4748=DIRECTION('',(0.,0.,1.));
#4749=DIRECTION('',(1.,0.,0.));
#4750=DIRECTION('',(0.,0.,1.));
#4751=DIRECTION('',(1.,0.,0.));
#4752=DIRECTION('',(0.,0.,1.));
#4753=DIRECTION('',(1.,0.,0.));
#4754=DIRECTION('',(0.,0.,1.));
#4755=DIRECTION('',(1.,0.,0.));
#4756=DIRECTION('',(0.,0.,1.));
#4757=DIRECTION('',(1.,0.,0.));
#4758=DIRECTION('',(0.,0.,1.));
#4759=DIRECTION('',(1.,0.,0.));
#4760=DIRECTION('',(0.,0.,1.));
#4761=DIRECTION('',(1.,0.,0.));
#4762=DIRECTION('',(0.,0.,1.));
#4763=DIRECTION('',(1.,0.,0.));
#4764=DIRECTION('',(0.,0.,1.));
#4765=DIRECTION('',(1.,0.,0.));
#4766=DIRECTION('',(0.,0.,1.));
#4767=DIRECTION('',(1.,0.,0.));
#4768=DIRECTION('',(0.,0.,1.));
#4769=DIRECTION('',(1.,0.,0.));
#4770=DIRECTION('',(0.,0.,1.));
#4771=DIRECTION('',(1.,0.,0.));
#4772=DIRECTION('',(0.,0.,1.));
#4773=DIRECTION('',(1.,0.,0.));
#4774=DIRECTION('',(0.,0.,1.));
#4775=DIRECTION('',(1.,0.,0.));
#4776=DIRECTION('',(0.,0.,1.));
#4777=DIRECTION('',(1.,0.,0.));
#4778=DIRECTION('',(0.,0.,1.));
#4779=DIRECTION('',(1.,0.,0.));
#4780=DIRECTION('',(0.,0.,1.));
#4781=DIRECTION('',(1.,0.,0.));
#4782=DIRECTION('',(0.,0.,1.));
#4783=DIRECTION('',(1.,0.,0.));
#4784=DIRECTION('',(0.,0.,1.));
#4785=DIRECTION('',(1.,0.,0.));
#4786=DIRECTION('',(0.,0.,1.));
#4787=DIRECTION('',(1.,0.,0.));
#4788=DIRECTION('',(0.,0.,1.));
#4789=DIRECTION('',(1.,0.,0.));
#4790=DIRECTION('',(0.,0.,1.));
#4791=DIRECTION('',(1.,0.,0.));
#4792=DIRECTION('',(0.,0.,1.));
#4793=DIRECTION('',(1.,0.,0.));
#4794=DIRECTION('',(0.,0.,1.));
#4795=DIRECTION('',(1.,0.,0.));
#4796=DIRECTION('',(0.,0.,1.));
#4797=DIRECTION('',(1.,0.,0.));
#4798=DIRECTION('',(0.,0.,1.));
#4799=DIRECTION('',(1.,0.,0.));
#4800=DIRECTION('',(0.,0.,1.));
#4801=DIRECTION('',(1.,0.,0.));
#4802=DIRECTION('',(0.,0.,1.));
#4803=DIRECTION('',(1.,0.,0.));
#4804=DIRECTION('',(0.,0.,1.));
#4805=DIRECTION('',(1.,0.,0.));
#4806=DIRECTION('',(0.,0.,1.));
#4807=DIRECTION('',(1.,0.,0.));
#4808=DIRECTION('',(0.,0.,1.));
#4809=DIRECTION('',(1.,0.,0.));
#4810=DIRECTION('',(0.,0.,1.));
#4811=DIRECTION('',(1.,0.,0.));
#4812=DIRECTION('',(0.,0.,1.));
#4813=DIRECTION('',(1.,0.,0.));
#4814=DIRECTION('',(0.,0.,1.));
#4815=DIRECTION('',(1.,0.,0.));
#4816=DIRECTION('',(0.,0.,1.));
#4817=DIRECTION('',(1.,0.,0.));
#4818=DIRECTION('',(0.,0.,1.));
#4819=DIRECTION('',(1.,0.,0.));
#4820=DIRECTION('',(0.,0.,1.));
#4821=DIRECTION('',(1.,0.,0.));
#4822=DIRECTION('',(0.,0.,1.));
#4823=DIRECTION('',(1.,0.,0.));
#4824=DIRECTION('',(0.,0.,1.));
#4825=DIRECTION('',(1.,0.,0.));
#4826=DIRECTION('',(0.,0.,1.));
#4827=DIRECTION('',(1.,0.,0.));
#4828=DIRECTION('',(0.,0.,1.));
#4829=DIRECTION('',(1.,0.,0.));
#4830=DIRECTION('',(0.,0.,1.));
#4831=DIRECTION('',(1.,0.,0.));
#4832=DIRECTION('',(0.,0.,1.));
#4833=DIRECTION('',(1.,0.,0.));
#4834=DIRECTION('',(0.,0.,1.));
#4835=DIRECTION('',(1.,0.,0.));
#4836=DIRECTION('',(0.,0.,1.));
#4837=DIRECTION('',(1.,0.,0.));
#4838=DIRECTION('',(0.,0.,1.));
#4839=DIRECTION('',(1.,0.,0.));
#4840=DIRECTION('',(0.,0.,1.));
#4841=DIRECTION('',(1.,0.,0.));
#4842=DIRECTION('',(0.,0.,1.));
#4843=DIRECTION('',(1.,0.,0.));
#4844=DIRECTION('',(0.,0.,1.));
#4845=DIRECTION('',(1.,0.,0.));
#4846=DIRECTION('',(0.,0.,1.));
#4847=DIRECTION('',(1.,0.,0.));
#4848=DIRECTION('',(0.,0.,1.));
#4849=DIRECTION('',(1.,0.,0.));
#4850=DIRECTION('',(0.,0.,1.));
#4851=DIRECTION('',(1.,0.,0.));
#4852=DIRECTION('',(0.,0.,1.));
#4853=DIRECTION('',(1.,0.,0.));
#4854=DIRECTION('',(0.,0.,1.));
#4855=DIRECTION('',(1.,0.,0.));
#4856=DIRECTION('',(0.,0.,1.));
#4857=DIRECTION('',(1.,0.,0.));
#4858=DIRECTION('',(0.,0.,1.));
#4859=DIRECTION('',(1.,0.,0.));
#4860=DIRECTION('',(0.,0.,1.));
#4861=DIRECTION('',(1.,0.,0.));
#4862=DIRECTION('',(0.,0.,1.));
#4863=DIRECTION('',(1.,0.,0.));
#4864=DIRECTION('',(0.,0.,1.));
#4865=DIRECTION('',(1.,0.,0.));
#4866=DIRECTION('',(0.,0.,1.));
#4867=DIRECTION('',(1.,0.,0.));
#4868=DIRECTION('',(0.,0.,1.));
#4869=DIRECTION('',(1.,0.,0.));
#4870=DIRECTION('',(0.,0.,1.));
#4871=DIRECTION('',(1.,0.,0.));
#4872=DIRECTION('',(0.,0.,1.));
#4873=DIRECTION('',(1.,0.,0.));
#4874=DIRECTION('',(0.,0.,1.));
#4875=DIRECTION('',(1.,0.,0.));
#4876=DIRECTION('',(0.,0.,1.));
#4877=DIRECTION('',(1.,0.,0.));
#4878=DIRECTION('',(0.,0.,1.));
#4879=DIRECTION('',(1.,0.,0.));
#4880=DIRECTION('',(0.,0.,1.));
#4881=DIRECTION('',(1.,0.,0.));
#4882=DIRECTION('',(0.,0.,1.));
#4883=DIRECTION('',(1.,0.,0.));
#4884=DIRECTION('',(0.,0.,1.));
#4885=DIRECTION('',(1.,0.,0.));
#4886=DIRECTION('',(0.,0.,1.));
#4887=DIRECTION('',(1.,0.,0.));
#4888=DIRECTION('',(0.,0.,1.));
#4889=DIRECTION('',(1.,0.,0.));
#4890=DIRECTION('',(0.,0.,1.));
#4891=DIRECTION('',(1.,0.,0.));
#4892=DIRECTION('',(0.,0.,1.));
#4893=DIRECTION('',(1.,0.,0.));
#4894=DIRECTION('',(0.,0.,1.));
#4895=DIRECTION('',(1.,0.,0.));
#4896=DIRECTION('',(0.,0.,1.));
#4897=DIRECTION('',(1.,0.,0.));
#4898=DIRECTION('',(0.,0.,1.));
#4899=DIRECTION('',(1.,0.,0.));
#4900=DIRECTION('',(0.,0.,1.));
#4901=DIRECTION('',(1.,0.,0.));
#4902=DIRECTION('',(0.,0.,1.));
#4903=DIRECTION('',(1.,0.,0.));
#4904=DIRECTION('',(0.,0.,1.));
#4905=DIRECTION('',(1.,0.,0.));
#4906=DIRECTION('',(0.,0.,1.));
#4907=DIRECTION('',(1.,0.,0.));
#4908=DIRECTION('',(0.,0.,1.));
#4909=DIRECTION('',(1.,0.,0.));
#4910=DIRECTION('',(0.,0.,1.));
#4911=DIRECTION('',(1.,0.,0.));
#4912=DIRECTION('',(0.,0.,1.));
#4913=DIRECTION('',(1.,0.,0.));
#4914=DIRECTION('',(0.,0.,1.));
#4915=DIRECTION('',(1.,0.,0.));
#4916=DIRECTION('',(0.,0.,1.));
#4917=DIRECTION('',(1.,0.,0.));
#4918=DIRECTION('',(0.,0.,1.));
#4919=DIRECTION('',(1.,0.,0.));
#4920=DIRECTION('',(0.,0.,1.));
#4921=DIRECTION('',(1.,0.,0.));
#4922=DIRECTION('',(0.,0.,1.));
#4923=DIRECTION('',(1.,0.,0.));
#4924=DIRECTION('',(0.,0.,1.));
#4925=DIRECTION('',(1.,0.,0.));
#4926=DIRECTION('',(0.,0.,1.));
#4927=DIRECTION('',(1.,0.,0.));
#4928=DIRECTION('',(0.,0.,1.));
#4929=DIRECTION('',(1.,0.,0.));
#4930=DIRECTION('',(0.,0.,1.));
#4931=DIRECTION('',(1.,0.,0.));
#4932=DIRECTION('',(0.,0.,1.));
#4933=DIRECTION('',(1.,0.,0.));
#4934=DIRECTION('',(0.,0.,1.));
#4935=DIRECTION('',(1.,0.,0.));
#4936=DIRECTION('',(0.,0.,1.));
#4937=DIRECTION('',(1.,0.,0.));
#4938=DIRECTION('',(0.,0.,1.));
#4939=DIRECTION('',(1.,0.,0.));
#4940=DIRECTION('',(0.,0.,1.));
#4941=DIRECTION('',(1.,0.,0.));
#4942=DIRECTION('',(0.,0.,1.));
#4943=DIRECTION('',(1.,0.,0.));
#4944=DIRECTION('',(0.,0.,1.));
#4945=DIRECTION('',(1.,0.,0.));
#4946=DIRECTION('',(0.,0.,1.));
#4947=DIRECTION('',(1.,0.,0.));
#4948=DIRECTION('',(0.,0.,1.));
#4949=DIRECTION('',(1.,0.,0.));
#4950=DIRECTION('',(0.,0.,1.));
#4951=DIRECTION('',(1.,0.,0.));
#4952=DIRECTION('',(0.,0.,1.));
#4953=DIRECTION('',(1.,0.,0.));
#4954=DIRECTION('',(0.,0.,1.));
#4955=DIRECTION('',(1.,0.,0.));
#4956=DIRECTION('',(0.,0.,1.));
#4957=DIRECTION('',(1.,0.,0.));
#4958=DIRECTION('',(0.,0.,1.));
#4959=DIRECTION('',(1.,0.,0.));
#4960=DIRECTION('',(0.,0.,1.));
#4961=DIRECTION('',(1.,0.,0.));
#4962=DIRECTION('',(0.,0.,1.));
#4963=DIRECTION('',(1.,0.,0.));
#4964=DIRECTION('',(0.,0.,1.));
#4965=DIRECTION('',(1.,0.,0.));
#4966=DIRECTION('',(0.,0.,1.));
#4967=DIRECTION('',(1.,0.,0.));
#4968=DIRECTION('',(0.,0.,1.));
#4969=DIRECTION('',(1.,0.,0.));
#4970=DIRECTION('',(0.,0.,1.));
#4971=DIRECTION('',(1.,0.,0.));
#4972=DIRECTION('',(0.,0.,1.));
#4973=DIRECTION('',(1.,0.,0.));
#4974=DIRECTION('',(0.,0.,1.));
#4975=DIRECTION('',(1.,0.,0.));
#4976=DIRECTION('',(0.,0.,1.));
#4977=DIRECTION('',(1.,0.,0.));
#4978=DIRECTION('',(0.,0.,1.));
#4979=DIRECTION('',(1.,0.,0.));
#4980=DIRECTION('',(0.,0.,1.));
#4981=DIRECTION('',(1.,0.,0.));
#4982=DIRECTION('',(0.,0.,1.));
#4983=DIRECTION('',(1.,0.,0.));
#4984=DIRECTION('',(0.,0.,1.));
#4985=DIRECTION('',(1.,0.,0.));
#4986=DIRECTION('',(0.,0.,1.));
#4987=DIRECTION('',(1.,0.,0.));
#4988=DIRECTION('',(0.,0.,1.));
#4989=DIRECTION('',(1.,0.,0.));
#4990=DIRECTION('',(0.,0.,1.));
#4991=DIRECTION('',(1.,0.,0.));
#4992=DIRECTION('',(0.,0.,1.));
#4993=DIRECTION('',(1.,0.,0.));
#4994=DIRECTION('',(0.,0.,1.));
#4995=DIRECTION('',(1.,0.,0.));
#4996=DIRECTION('',(0.,0.,1.));
#4997=DIRECTION('',(1.,0.,0.));
#4998=DIRECTION('',(0.,0.,1.));
#4999=DIRECTION('',(1.,0.,0.));
#5000=DIRECTION('',(0.,0.,1.));
#5001=DIRECTION('',(1.,0.,0.));
#5002=DIRECTION('',(0.,0.,1.));
#5003=DIRECTION('',(1.,0.,0.));
#5004=DIRECTION('',(0.,0.,1.));
#5005=DIRECTION('',(1.,0.,0.));
#5006=DIRECTION('',(0.,0.,1.));
#5007=DIRECTION('',(1.,0.,0.));
#5008=DIRECTION('',(0.,0.,1.));
#5009=DIRECTION('',(1.,0.,0.));
#5010=DIRECTION('',(0.,0.,1.));
#5011=DIRECTION('',(1.,0.,0.));
#5012=DIRECTION('',(0.,0.,1.));
#5013=DIRECTION('',(1.,0.,0.));
#5014=DIRECTION('',(0.,0.,1.));
#5015=DIRECTION('',(1.,0.,0.));
#5016=DIRECTION('',(0.,0.,1.));
#5017=DIRECTION('',(1.,0.,0.));
#5018=DIRECTION('',(0.,0.,1.));
#5019=DIRECTION('',(1.,0.,0.));
#5020=DIRECTION('',(0.,0.,1.));
#5021=DIRECTION('',(1.,0.,0.));
#5022=DIRECTION('',(0.,0.,1.));
#5023=DIRECTION('',(1.,0.,0.));
#5024=DIRECTION('',(0.,0.,1.));
#5025=DIRECTION('',(1.,0.,0.));
#5026=DIRECTION('',(0.,0.,1.));
#5027=DIRECTION('',(1.,0.,0.));
#5028=DIRECTION('',(0.,0.,1.));
#5029=DIRECTION('',(1.,0.,0.));
#5030=DIRECTION('',(0.,0.,1.));
#5031=DIRECTION('',(1.,0.,0.));
#5032=DIRECTION('',(0.,0.,1.));
#5033=DIRECTION('',(1.,0.,0.));
#5034=DIRECTION('',(0.,0.,1.));
#5035=DIRECTION('',(1.,0.,0.));
#5036=DIRECTION('',(0.,0.,1.));
#5037=DIRECTION('',(1.,0.,0.));
#5038=DIRECTION('',(0.,0.,1.));
#5039=DIRECTION('',(1.,0.,0.));
#5040=CARTESIAN_POINT('',(0.,0.,0.));
#5041=CARTESIAN_POINT('',(-0.003333333333333,0.005583333333333,0.001052));
#5042=CARTESIAN_POINT('',(-0.003333333333333,0.005583333333333,0.000951));
#5043=CARTESIAN_POINT('',(-0.002708333333333,0.005583333333333,0.000951));
#5044=CARTESIAN_POINT('',(-0.003333333333333,0.005583333333333,0.00105));
#5045=CARTESIAN_POINT('',(-0.002708333333333,0.005583333333333,0.00105));
#5046=CARTESIAN_POINT('',(-0.003333333333333,0.005583333333333,0.000951));
#5047=CARTESIAN_POINT('',(-0.005,-0.00725,0.00105));
#5048=CARTESIAN_POINT('',(0.,0.,0.));
#5049=CARTESIAN_POINT('',(-0.0044,0.006825,0.000218));
#5050=CARTESIAN_POINT('',(-0.0044,0.006825,0.));
#5051=CARTESIAN_POINT('',(0.,0.,0.));
#5052=CARTESIAN_POINT('',(-0.0036,0.002925,0.000218));
#5053=CARTESIAN_POINT('',(-0.0036,0.002925,0.));
#5054=CARTESIAN_POINT('',(0.,0.,0.));
#5055=CARTESIAN_POINT('',(-0.0012,-0.006825,0.000218));
#5056=CARTESIAN_POINT('',(-0.0012,-0.006825,0.));
#5057=CARTESIAN_POINT('',(0.,0.,0.));
#5058=CARTESIAN_POINT('',(-0.0028,-0.004875,0.000218));
#5059=CARTESIAN_POINT('',(-0.0028,-0.004875,0.));
#5060=CARTESIAN_POINT('',(0.,0.,0.));
#5061=CARTESIAN_POINT('',(-0.0044,-0.002925,0.000218));
#5062=CARTESIAN_POINT('',(-0.0044,-0.002925,0.));
#5063=CARTESIAN_POINT('',(0.,0.,0.));
#5064=CARTESIAN_POINT('',(0.0044,0.002925,0.000218));
#5065=CARTESIAN_POINT('',(0.0044,0.002925,0.));
#5066=CARTESIAN_POINT('',(0.,0.,0.));
#5067=CARTESIAN_POINT('',(0.0028,0.006825,0.000218));
#5068=CARTESIAN_POINT('',(0.0028,0.006825,0.));
#5069=CARTESIAN_POINT('',(0.,0.,0.));
#5070=CARTESIAN_POINT('',(0.002,0.003575,0.000218));
#5071=CARTESIAN_POINT('',(0.002,0.003575,0.));
#5072=CARTESIAN_POINT('',(0.,0.,0.));
#5073=CARTESIAN_POINT('',(-0.002,0.004875,0.000218));
#5074=CARTESIAN_POINT('',(-0.002,0.004875,0.));
#5075=CARTESIAN_POINT('',(0.,0.,0.));
#5076=CARTESIAN_POINT('',(0.002,-0.002925,0.000218));
#5077=CARTESIAN_POINT('',(0.002,-0.002925,0.));
#5078=CARTESIAN_POINT('',(0.,0.,0.));
#5079=CARTESIAN_POINT('',(-0.0028,-0.006175,0.000218));
#5080=CARTESIAN_POINT('',(-0.0028,-0.006175,0.));
#5081=CARTESIAN_POINT('',(0.,0.,0.));
#5082=CARTESIAN_POINT('',(-0.0044,-0.004225,0.000218));
#5083=CARTESIAN_POINT('',(-0.0044,-0.004225,0.));
#5084=CARTESIAN_POINT('',(0.,0.,0.));
#5085=CARTESIAN_POINT('',(-0.0012,-0.002925,0.000218));
#5086=CARTESIAN_POINT('',(-0.0012,-0.002925,0.));
#5087=CARTESIAN_POINT('',(0.,0.,0.));
#5088=CARTESIAN_POINT('',(0.0036,-0.006175,0.000218));
#5089=CARTESIAN_POINT('',(0.0036,-0.006175,0.));
#5090=CARTESIAN_POINT('',(0.,0.,0.));
#5091=CARTESIAN_POINT('',(0.0028,0.004225,0.000218));
#5092=CARTESIAN_POINT('',(0.0028,0.004225,0.));
#5093=CARTESIAN_POINT('',(0.,0.,0.));
#5094=CARTESIAN_POINT('',(0.002,0.000975,0.000218));
#5095=CARTESIAN_POINT('',(0.002,0.000975,0.));
#5096=CARTESIAN_POINT('',(0.,0.,0.));
#5097=CARTESIAN_POINT('',(-0.002,0.006175,0.000218));
#5098=CARTESIAN_POINT('',(-0.002,0.006175,0.));
#5099=CARTESIAN_POINT('',(0.,0.,0.));
#5100=CARTESIAN_POINT('',(-0.0036,0.004225,0.000218));
#5101=CARTESIAN_POINT('',(-0.0036,0.004225,0.));
#5102=CARTESIAN_POINT('',(0.,0.,0.));
#5103=CARTESIAN_POINT('',(-0.0036,-0.002275,0.000218));
#5104=CARTESIAN_POINT('',(-0.0036,-0.002275,0.));
#5105=CARTESIAN_POINT('',(0.,0.,0.));
#5106=CARTESIAN_POINT('',(0.0012,0.006175,0.000218));
#5107=CARTESIAN_POINT('',(0.0012,0.006175,0.));
#5108=CARTESIAN_POINT('',(0.,0.,0.));
#5109=CARTESIAN_POINT('',(-0.0036,0.004875,0.000218));
#5110=CARTESIAN_POINT('',(-0.0036,0.004875,0.));
#5111=CARTESIAN_POINT('',(0.,0.,0.));
#5112=CARTESIAN_POINT('',(-0.0044,0.005525,0.000218));
#5113=CARTESIAN_POINT('',(-0.0044,0.005525,0.));
#5114=CARTESIAN_POINT('',(0.,0.,0.));
#5115=CARTESIAN_POINT('',(-0.0012,0.004225,0.000218));
#5116=CARTESIAN_POINT('',(-0.0012,0.004225,0.));
#5117=CARTESIAN_POINT('',(0.,0.,0.));
#5118=CARTESIAN_POINT('',(-0.0028,-0.006825,0.000218));
#5119=CARTESIAN_POINT('',(-0.0028,-0.006825,0.));
#5120=CARTESIAN_POINT('',(0.,0.,0.));
#5121=CARTESIAN_POINT('',(-0.0028,0.002275,0.000218));
#5122=CARTESIAN_POINT('',(-0.0028,0.002275,0.));
#5123=CARTESIAN_POINT('',(0.,0.,0.));
#5124=CARTESIAN_POINT('',(-0.0044,-0.004875,0.000218));
#5125=CARTESIAN_POINT('',(-0.0044,-0.004875,0.));
#5126=CARTESIAN_POINT('',(0.,0.,0.));
#5127=CARTESIAN_POINT('',(-0.0012,-0.003575,0.000218));
#5128=CARTESIAN_POINT('',(-0.0012,-0.003575,0.));
#5129=CARTESIAN_POINT('',(0.,0.,0.));
#5130=CARTESIAN_POINT('',(-0.002,-0.004225,0.000218));
#5131=CARTESIAN_POINT('',(-0.002,-0.004225,0.));
#5132=CARTESIAN_POINT('',(0.,0.,0.));
#5133=CARTESIAN_POINT('',(0.0044,0.006175,0.000218));
#5134=CARTESIAN_POINT('',(0.0044,0.006175,0.));
#5135=CARTESIAN_POINT('',(0.,0.,0.));
#5136=CARTESIAN_POINT('',(0.0036,0.002925,0.000218));
#5137=CARTESIAN_POINT('',(0.0036,0.002925,0.));
#5138=CARTESIAN_POINT('',(0.,0.,0.));
#5139=CARTESIAN_POINT('',(0.0036,0.005525,0.000218));
#5140=CARTESIAN_POINT('',(0.0036,0.005525,0.));
#5141=CARTESIAN_POINT('',(0.,0.,0.));
#5142=CARTESIAN_POINT('',(0.002,0.006825,0.000218));
#5143=CARTESIAN_POINT('',(0.002,0.006825,0.));
#5144=CARTESIAN_POINT('',(0.,0.,0.));
#5145=CARTESIAN_POINT('',(0.0028,0.002275,0.000218));
#5146=CARTESIAN_POINT('',(0.0028,0.002275,0.));
#5147=CARTESIAN_POINT('',(0.,0.,0.));
#5148=CARTESIAN_POINT('',(-0.002,0.006825,0.000218));
#5149=CARTESIAN_POINT('',(-0.002,0.006825,0.));
#5150=CARTESIAN_POINT('',(0.,0.,0.));
#5151=CARTESIAN_POINT('',(0.0028,-0.005525,0.000218));
#5152=CARTESIAN_POINT('',(0.0028,-0.005525,0.));
#5153=CARTESIAN_POINT('',(0.,0.,0.));
#5154=CARTESIAN_POINT('',(0.0044,-0.003575,0.000218));
#5155=CARTESIAN_POINT('',(0.0044,-0.003575,0.));
#5156=CARTESIAN_POINT('',(0.,0.,0.));
#5157=CARTESIAN_POINT('',(0.0012,-0.002275,0.000218));
#5158=CARTESIAN_POINT('',(0.0012,-0.002275,0.));
#5159=CARTESIAN_POINT('',(0.,0.,0.));
#5160=CARTESIAN_POINT('',(-0.0012,0.005525,0.000218));
#5161=CARTESIAN_POINT('',(-0.0012,0.005525,0.));
#5162=CARTESIAN_POINT('',(0.,0.,0.));
#5163=CARTESIAN_POINT('',(-0.0028,0.003575,0.000218));
#5164=CARTESIAN_POINT('',(-0.0028,0.003575,0.));
#5165=CARTESIAN_POINT('',(0.,0.,0.));
#5166=CARTESIAN_POINT('',(-0.0044,0.001625,0.000218));
#5167=CARTESIAN_POINT('',(-0.0044,0.001625,0.));
#5168=CARTESIAN_POINT('',(0.,0.,0.));
#5169=CARTESIAN_POINT('',(-0.002,-0.005525,0.000218));
#5170=CARTESIAN_POINT('',(-0.002,-0.005525,0.));
#5171=CARTESIAN_POINT('',(0.,0.,0.));
#5172=CARTESIAN_POINT('',(-0.0036,-0.003575,0.000218));
#5173=CARTESIAN_POINT('',(-0.0036,-0.003575,0.));
#5174=CARTESIAN_POINT('',(0.,0.,0.));
#5175=CARTESIAN_POINT('',(-0.0044,0.002925,0.000218));
#5176=CARTESIAN_POINT('',(-0.0044,0.002925,0.));
#5177=CARTESIAN_POINT('',(0.,0.,0.));
#5178=CARTESIAN_POINT('',(0.0044,0.003575,0.000218));
#5179=CARTESIAN_POINT('',(0.0044,0.003575,0.));
#5180=CARTESIAN_POINT('',(0.,0.,0.));
#5181=CARTESIAN_POINT('',(0.002,0.004225,0.000218));
#5182=CARTESIAN_POINT('',(0.002,0.004225,0.));
#5183=CARTESIAN_POINT('',(0.,0.,0.));
#5184=CARTESIAN_POINT('',(-0.0012,0.006825,0.000218));
#5185=CARTESIAN_POINT('',(-0.0012,0.006825,0.));
#5186=CARTESIAN_POINT('',(0.,0.,0.));
#5187=CARTESIAN_POINT('',(-0.0028,0.004875,0.000218));
#5188=CARTESIAN_POINT('',(-0.0028,0.004875,0.));
#5189=CARTESIAN_POINT('',(0.,0.,0.));
#5190=CARTESIAN_POINT('',(-0.005,-0.00725,0.000256));
#5191=CARTESIAN_POINT('',(-0.005,-0.00725,0.00105));
#5192=CARTESIAN_POINT('',(-0.005,-0.00725,0.00105));
#5193=CARTESIAN_POINT('',(-0.005,0.00725,0.00105));
#5194=CARTESIAN_POINT('',(-0.005,0.00725,0.000256));
#5195=CARTESIAN_POINT('',(-0.005,0.00725,0.000256));
#5196=CARTESIAN_POINT('',(-0.005,-0.00725,0.000256));
#5197=CARTESIAN_POINT('',(-0.005,-0.00725,0.000256));
#5198=CARTESIAN_POINT('',(-0.005,-0.00725,0.000256));
#5199=CARTESIAN_POINT('',(-0.005,-0.00725,0.000256));
#5200=CARTESIAN_POINT('',(0.005,-0.00725,0.000256));
#5201=CARTESIAN_POINT('',(0.005,-0.00725,0.000256));
#5202=CARTESIAN_POINT('',(0.005,-0.00725,0.00105));
#5203=CARTESIAN_POINT('',(-0.005,-0.00725,0.00105));
#5204=CARTESIAN_POINT('',(-0.005,-0.00725,0.000256));
#5205=CARTESIAN_POINT('',(-0.005,-0.00725,0.00105));
#5206=CARTESIAN_POINT('',(0.005,-0.00725,0.00105));
#5207=CARTESIAN_POINT('',(0.005,0.00725,0.00105));
#5208=CARTESIAN_POINT('',(-0.005,0.00725,0.00105));
#5209=CARTESIAN_POINT('',(-0.003333333333333,0.005583333333333,0.00105));
#5210=CARTESIAN_POINT('',(-0.002708333333333,0.005583333333333,0.00105));
#5211=CARTESIAN_POINT('',(-0.005,0.00725,0.000256));
#5212=CARTESIAN_POINT('',(-0.005,0.00725,0.000256));
#5213=CARTESIAN_POINT('',(0.005,0.00725,0.000256));
#5214=CARTESIAN_POINT('',(0.005,0.00725,0.000256));
#5215=CARTESIAN_POINT('',(-0.005,-0.00725,0.000256));
#5216=CARTESIAN_POINT('',(0.005,-0.00725,0.000256));
#5217=CARTESIAN_POINT('',(0.005,-0.00725,0.000256));
#5218=CARTESIAN_POINT('',(-0.003333333333333,0.005583333333333,0.00095));
#5219=CARTESIAN_POINT('',(-0.003333333333333,0.005583333333333,0.00095));
#5220=CARTESIAN_POINT('',(-0.002708333333333,0.005583333333333,0.00095));
#5221=CARTESIAN_POINT('',(-0.003333333333333,0.005583333333333,0.00095));
#5222=CARTESIAN_POINT('',(0.,0.,0.));
#5223=CARTESIAN_POINT('',(0.0028,-0.002925,0.000218));
#5224=CARTESIAN_POINT('',(0.0028,-0.002925,0.));
#5225=CARTESIAN_POINT('',(0.,0.,0.));
#5226=CARTESIAN_POINT('',(-0.0012,0.002925,0.000218));
#5227=CARTESIAN_POINT('',(-0.0012,0.002925,0.));
#5228=CARTESIAN_POINT('',(0.,0.,0.));
#5229=CARTESIAN_POINT('',(-0.0036,-0.006175,0.000218));
#5230=CARTESIAN_POINT('',(-0.0036,-0.006175,0.));
#5231=CARTESIAN_POINT('',(0.,0.,0.));
#5232=CARTESIAN_POINT('',(-0.002,-0.002925,0.000218));
#5233=CARTESIAN_POINT('',(-0.002,-0.002925,0.));
#5234=CARTESIAN_POINT('',(0.,0.,0.));
#5235=CARTESIAN_POINT('',(0.0044,-0.006175,0.000218));
#5236=CARTESIAN_POINT('',(0.0044,-0.006175,0.));
#5237=CARTESIAN_POINT('',(0.,0.,0.));
#5238=CARTESIAN_POINT('',(0.0012,-0.004875,0.000218));
#5239=CARTESIAN_POINT('',(0.0012,-0.004875,0.));
#5240=CARTESIAN_POINT('',(0.,0.,0.));
#5241=CARTESIAN_POINT('',(0.0044,0.000975,0.000218));
#5242=CARTESIAN_POINT('',(0.0044,0.000975,0.));
#5243=CARTESIAN_POINT('',(0.,0.,0.));
#5244=CARTESIAN_POINT('',(0.0028,0.004875,0.000218));
#5245=CARTESIAN_POINT('',(0.0028,0.004875,0.));
#5246=CARTESIAN_POINT('',(0.,0.,0.));
#5247=CARTESIAN_POINT('',(0.002,0.001625,0.000218));
#5248=CARTESIAN_POINT('',(0.002,0.001625,0.));
#5249=CARTESIAN_POINT('',(0.,0.,0.));
#5250=CARTESIAN_POINT('',(-0.0028,0.006175,0.000218));
#5251=CARTESIAN_POINT('',(-0.0028,0.006175,0.));
#5252=CARTESIAN_POINT('',(0.,0.,0.));
#5253=CARTESIAN_POINT('',(-0.0044,0.004225,0.000218));
#5254=CARTESIAN_POINT('',(-0.0044,0.004225,0.));
#5255=CARTESIAN_POINT('',(0.,0.,0.));
#5256=CARTESIAN_POINT('',(0.0012,0.006825,0.000218));
#5257=CARTESIAN_POINT('',(0.0012,0.006825,0.));
#5258=CARTESIAN_POINT('',(0.,0.,0.));
#5259=CARTESIAN_POINT('',(-0.0044,0.004875,0.000218));
#5260=CARTESIAN_POINT('',(-0.0044,0.004875,0.));
#5261=CARTESIAN_POINT('',(0.,0.,0.));
#5262=CARTESIAN_POINT('',(-0.0012,0.003575,0.000218));
#5263=CARTESIAN_POINT('',(-0.0012,0.003575,0.));
#5264=CARTESIAN_POINT('',(0.,0.,0.));
#5265=CARTESIAN_POINT('',(-0.002,0.004225,0.000218));
#5266=CARTESIAN_POINT('',(-0.002,0.004225,0.));
#5267=CARTESIAN_POINT('',(0.,0.,0.));
#5268=CARTESIAN_POINT('',(-0.0036,0.002275,0.000218));
#5269=CARTESIAN_POINT('',(-0.0036,0.002275,0.));
#5270=CARTESIAN_POINT('',(0.,0.,0.));
#5271=CARTESIAN_POINT('',(0.0044,0.004875,0.000218));
#5272=CARTESIAN_POINT('',(0.0044,0.004875,0.));
#5273=CARTESIAN_POINT('',(0.,0.,0.));
#5274=CARTESIAN_POINT('',(0.0036,0.001625,0.000218));
#5275=CARTESIAN_POINT('',(0.0036,0.001625,0.));
#5276=CARTESIAN_POINT('',(0.,0.,0.));
#5277=CARTESIAN_POINT('',(0.0036,0.006175,0.000218));
#5278=CARTESIAN_POINT('',(0.0036,0.006175,0.));
#5279=CARTESIAN_POINT('',(0.,0.,0.));
#5280=CARTESIAN_POINT('',(0.002,0.005525,0.000218));
#5281=CARTESIAN_POINT('',(0.002,0.005525,0.));
#5282=CARTESIAN_POINT('',(0.,0.,0.));
#5283=CARTESIAN_POINT('',(0.0028,0.002925,0.000218));
#5284=CARTESIAN_POINT('',(0.0028,0.002925,0.));
#5285=CARTESIAN_POINT('',(0.,0.,0.));
#5286=CARTESIAN_POINT('',(-0.0028,0.006825,0.000218));
#5287=CARTESIAN_POINT('',(-0.0028,0.006825,0.));
#5288=CARTESIAN_POINT('',(0.,0.,0.));
#5289=CARTESIAN_POINT('',(0.0012,0.003575,0.000218));
#5290=CARTESIAN_POINT('',(0.0012,0.003575,0.));
#5291=CARTESIAN_POINT('',(0.,0.,0.));
#5292=CARTESIAN_POINT('',(0.0012,0.002275,0.000218));
#5293=CARTESIAN_POINT('',(0.0012,0.002275,0.));
#5294=CARTESIAN_POINT('',(0.,0.,0.));
#5295=CARTESIAN_POINT('',(-0.0012,-0.002275,0.000218));
#5296=CARTESIAN_POINT('',(-0.0012,-0.002275,0.));
#5297=CARTESIAN_POINT('',(0.,0.,0.));
#5298=CARTESIAN_POINT('',(0.0036,-0.005525,0.000218));
#5299=CARTESIAN_POINT('',(0.0036,-0.005525,0.));
#5300=CARTESIAN_POINT('',(0.,0.,0.));
#5301=CARTESIAN_POINT('',(0.002,-0.003575,0.000218));
#5302=CARTESIAN_POINT('',(0.002,-0.003575,0.));
#5303=CARTESIAN_POINT('',(0.,0.,0.));
#5304=CARTESIAN_POINT('',(0.002,-0.002275,0.000218));
#5305=CARTESIAN_POINT('',(0.002,-0.002275,0.));
#5306=CARTESIAN_POINT('',(0.,0.,0.));
#5307=CARTESIAN_POINT('',(0.0012,0.002925,0.000218));
#5308=CARTESIAN_POINT('',(0.0012,0.002925,0.));
#5309=CARTESIAN_POINT('',(0.,0.,0.));
#5310=CARTESIAN_POINT('',(0.0012,0.004225,0.000218));
#5311=CARTESIAN_POINT('',(0.0012,0.004225,0.));
#5312=CARTESIAN_POINT('',(0.,0.,0.));
#5313=CARTESIAN_POINT('',(-0.002,0.005525,0.000218));
#5314=CARTESIAN_POINT('',(-0.002,0.005525,0.));
#5315=CARTESIAN_POINT('',(0.,0.,0.));
#5316=CARTESIAN_POINT('',(-0.0036,0.003575,0.000218));
#5317=CARTESIAN_POINT('',(-0.0036,0.003575,0.));
#5318=CARTESIAN_POINT('',(0.,0.,0.));
#5319=CARTESIAN_POINT('',(-0.0028,-0.005525,0.000218));
#5320=CARTESIAN_POINT('',(-0.0028,-0.005525,0.));
#5321=CARTESIAN_POINT('',(0.,0.,0.));
#5322=CARTESIAN_POINT('',(-0.0044,-0.003575,0.000218));
#5323=CARTESIAN_POINT('',(-0.0044,-0.003575,0.));
#5324=CARTESIAN_POINT('',(0.,0.,0.));
#5325=CARTESIAN_POINT('',(0.0036,-0.006825,0.000218));
#5326=CARTESIAN_POINT('',(0.0036,-0.006825,0.));
#5327=CARTESIAN_POINT('',(0.,0.,0.));
#5328=CARTESIAN_POINT('',(0.0044,0.006825,0.000218));
#5329=CARTESIAN_POINT('',(0.0044,0.006825,0.));
#5330=CARTESIAN_POINT('',(0.,0.,0.));
#5331=CARTESIAN_POINT('',(0.0036,0.003575,0.000218));
#5332=CARTESIAN_POINT('',(0.0036,0.003575,0.));
#5333=CARTESIAN_POINT('',(0.,0.,0.));
#5334=CARTESIAN_POINT('',(0.0044,-0.002275,0.000218));
#5335=CARTESIAN_POINT('',(0.0044,-0.002275,0.));
#5336=CARTESIAN_POINT('',(0.,0.,0.));
#5337=CARTESIAN_POINT('',(0.0012,-0.006175,0.000218));
#5338=CARTESIAN_POINT('',(0.0012,-0.006175,0.));
#5339=CARTESIAN_POINT('',(0.,0.,0.));
#5340=CARTESIAN_POINT('',(0.0028,-0.004225,0.000218));
#5341=CARTESIAN_POINT('',(0.0028,-0.004225,0.));
#5342=CARTESIAN_POINT('',(0.,0.,0.));
#5343=CARTESIAN_POINT('',(-0.0036,0.001625,0.000218));
#5344=CARTESIAN_POINT('',(-0.0036,0.001625,0.));
#5345=CARTESIAN_POINT('',(0.,0.,0.));
#5346=CARTESIAN_POINT('',(-0.002,0.001625,0.000218));
#5347=CARTESIAN_POINT('',(-0.002,0.001625,0.));
#5348=CARTESIAN_POINT('',(0.,0.,0.));
#5349=CARTESIAN_POINT('',(-0.0028,0.001625,0.000218));
#5350=CARTESIAN_POINT('',(-0.0028,0.001625,0.));
#5351=CARTESIAN_POINT('',(0.,0.,0.));
#5352=CARTESIAN_POINT('',(0.0012,0.000975,0.000218));
#5353=CARTESIAN_POINT('',(0.0012,0.000975,0.));
#5354=CARTESIAN_POINT('',(0.,0.,0.));
#5355=CARTESIAN_POINT('',(0.0012,0.001625,0.000218));
#5356=CARTESIAN_POINT('',(0.0012,0.001625,0.));
#5357=CARTESIAN_POINT('',(0.,0.,0.));
#5358=CARTESIAN_POINT('',(0.0012,-0.005525,0.000218));
#5359=CARTESIAN_POINT('',(0.0012,-0.005525,0.));
#5360=CARTESIAN_POINT('',(0.,0.,0.));
#5361=CARTESIAN_POINT('',(0.0028,-0.003575,0.000218));
#5362=CARTESIAN_POINT('',(0.0028,-0.003575,0.));
#5363=CARTESIAN_POINT('',(0.,0.,0.));
#5364=CARTESIAN_POINT('',(0.0044,-0.001625,0.000218));
#5365=CARTESIAN_POINT('',(0.0044,-0.001625,0.));
#5366=CARTESIAN_POINT('',(0.,0.,0.));
#5367=CARTESIAN_POINT('',(0.0044,0.004225,0.000218));
#5368=CARTESIAN_POINT('',(0.0044,0.004225,0.));
#5369=CARTESIAN_POINT('',(0.,0.,0.));
#5370=CARTESIAN_POINT('',(0.0036,0.000975,0.000218));
#5371=CARTESIAN_POINT('',(0.0036,0.000975,0.));
#5372=CARTESIAN_POINT('',(0.,0.,0.));
#5373=CARTESIAN_POINT('',(0.002,0.004875,0.000218));
#5374=CARTESIAN_POINT('',(0.002,0.004875,0.));
#5375=CARTESIAN_POINT('',(0.,0.,0.));
#5376=CARTESIAN_POINT('',(0.0044,-0.006825,0.000218));
#5377=CARTESIAN_POINT('',(0.0044,-0.006825,0.));
#5378=CARTESIAN_POINT('',(0.,0.,0.));
#5379=CARTESIAN_POINT('',(0.0036,-0.002925,0.000218));
#5380=CARTESIAN_POINT('',(0.0036,-0.002925,0.));
#5381=CARTESIAN_POINT('',(0.,0.,0.));
#5382=CARTESIAN_POINT('',(-0.002,0.002925,0.000218));
#5383=CARTESIAN_POINT('',(-0.002,0.002925,0.));
#5384=CARTESIAN_POINT('',(0.,0.,0.));
#5385=CARTESIAN_POINT('',(-0.0044,-0.006175,0.000218));
#5386=CARTESIAN_POINT('',(-0.0044,-0.006175,0.));
#5387=CARTESIAN_POINT('',(0.,0.,0.));
#5388=CARTESIAN_POINT('',(-0.0012,-0.004875,0.000218));
#5389=CARTESIAN_POINT('',(-0.0012,-0.004875,0.));
#5390=CARTESIAN_POINT('',(0.,0.,0.));
#5391=CARTESIAN_POINT('',(-0.0028,-0.002925,0.000218));
#5392=CARTESIAN_POINT('',(-0.0028,-0.002925,0.));
#5393=CARTESIAN_POINT('',(0.,0.,0.));
#5394=CARTESIAN_POINT('',(0.002,-0.004875,0.000218));
#5395=CARTESIAN_POINT('',(0.002,-0.004875,0.));
#5396=CARTESIAN_POINT('',(0.,0.,0.));
#5397=CARTESIAN_POINT('',(0.0044,0.001625,0.000218));
#5398=CARTESIAN_POINT('',(0.0044,0.001625,0.));
#5399=CARTESIAN_POINT('',(0.,0.,0.));
#5400=CARTESIAN_POINT('',(0.0028,0.005525,0.000218));
#5401=CARTESIAN_POINT('',(0.0028,0.005525,0.));
#5402=CARTESIAN_POINT('',(0.,0.,0.));
#5403=CARTESIAN_POINT('',(0.002,0.002275,0.000218));
#5404=CARTESIAN_POINT('',(0.002,0.002275,0.));
#5405=CARTESIAN_POINT('',(0.,0.,0.));
#5406=CARTESIAN_POINT('',(-0.0036,0.006175,0.000218));
#5407=CARTESIAN_POINT('',(-0.0036,0.006175,0.));
#5408=CARTESIAN_POINT('',(0.,0.,0.));
#5409=CARTESIAN_POINT('',(-0.0012,0.000975,0.000218));
#5410=CARTESIAN_POINT('',(-0.0012,0.000975,0.));
#5411=CARTESIAN_POINT('',(0.,0.,0.));
#5412=CARTESIAN_POINT('',(-0.002,0.000975,0.000218));
#5413=CARTESIAN_POINT('',(-0.002,0.000975,0.));
#5414=CARTESIAN_POINT('',(0.,0.,0.));
#5415=CARTESIAN_POINT('',(0.0044,0.005525,0.000218));
#5416=CARTESIAN_POINT('',(0.0044,0.005525,0.));
#5417=CARTESIAN_POINT('',(0.,0.,0.));
#5418=CARTESIAN_POINT('',(0.0036,0.002275,0.000218));
#5419=CARTESIAN_POINT('',(0.0036,0.002275,0.));
#5420=CARTESIAN_POINT('',(0.,0.,0.));
#5421=CARTESIAN_POINT('',(0.0036,0.006825,0.000218));
#5422=CARTESIAN_POINT('',(0.0036,0.006825,0.));
#5423=CARTESIAN_POINT('',(0.,0.,0.));
#5424=CARTESIAN_POINT('',(0.002,0.006175,0.000218));
#5425=CARTESIAN_POINT('',(0.002,0.006175,0.));
#5426=CARTESIAN_POINT('',(0.,0.,0.));
#5427=CARTESIAN_POINT('',(0.0028,0.003575,0.000218));
#5428=CARTESIAN_POINT('',(0.0028,0.003575,0.));
#5429=CARTESIAN_POINT('',(0.,0.,0.));
#5430=CARTESIAN_POINT('',(-0.0028,0.000975,0.000218));
#5431=CARTESIAN_POINT('',(-0.0028,0.000975,0.));
#5432=CARTESIAN_POINT('',(0.,0.,0.));
#5433=CARTESIAN_POINT('',(-0.0036,-0.001625,0.000218));
#5434=CARTESIAN_POINT('',(-0.0036,-0.001625,0.));
#5435=CARTESIAN_POINT('',(0.,0.,0.));
#5436=CARTESIAN_POINT('',(-0.0036,0.000975,0.000218));
#5437=CARTESIAN_POINT('',(-0.0036,0.000975,0.));
#5438=CARTESIAN_POINT('',(0.,0.,0.));
#5439=CARTESIAN_POINT('',(-0.002,-0.001625,0.000218));
#5440=CARTESIAN_POINT('',(-0.002,-0.001625,0.));
#5441=CARTESIAN_POINT('',(0.,0.,0.));
#5442=CARTESIAN_POINT('',(-0.002,-0.002275,0.000218));
#5443=CARTESIAN_POINT('',(-0.002,-0.002275,0.));
#5444=CARTESIAN_POINT('',(0.,0.,0.));
#5445=CARTESIAN_POINT('',(0.0036,-0.004875,0.000218));
#5446=CARTESIAN_POINT('',(0.0036,-0.004875,0.));
#5447=CARTESIAN_POINT('',(0.,0.,0.));
#5448=CARTESIAN_POINT('',(0.0044,-0.005525,0.000218));
#5449=CARTESIAN_POINT('',(0.0044,-0.005525,0.));
#5450=CARTESIAN_POINT('',(0.,0.,0.));
#5451=CARTESIAN_POINT('',(0.0012,-0.004225,0.000218));
#5452=CARTESIAN_POINT('',(0.0012,-0.004225,0.));
#5453=CARTESIAN_POINT('',(0.,0.,0.));
#5454=CARTESIAN_POINT('',(0.0028,-0.002275,0.000218));
#5455=CARTESIAN_POINT('',(0.0028,-0.002275,0.));
#5456=CARTESIAN_POINT('',(0.,0.,0.));
#5457=CARTESIAN_POINT('',(-0.0044,0.000975,0.000218));
#5458=CARTESIAN_POINT('',(-0.0044,0.000975,0.));
#5459=CARTESIAN_POINT('',(0.,0.,0.));
#5460=CARTESIAN_POINT('',(0.0012,0.004875,0.000218));
#5461=CARTESIAN_POINT('',(0.0012,0.004875,0.));
#5462=CARTESIAN_POINT('',(0.,0.,0.));
#5463=CARTESIAN_POINT('',(-0.0028,0.005525,0.000218));
#5464=CARTESIAN_POINT('',(-0.0028,0.005525,0.));
#5465=CARTESIAN_POINT('',(0.,0.,0.));
#5466=CARTESIAN_POINT('',(-0.0028,-0.001625,0.000218));
#5467=CARTESIAN_POINT('',(-0.0028,-0.001625,0.));
#5468=CARTESIAN_POINT('',(0.,0.,0.));
#5469=CARTESIAN_POINT('',(-0.0044,0.003575,0.000218));
#5470=CARTESIAN_POINT('',(-0.0044,0.003575,0.));
#5471=CARTESIAN_POINT('',(0.,0.,0.));
#5472=CARTESIAN_POINT('',(-0.0036,-0.006825,0.000218));
#5473=CARTESIAN_POINT('',(-0.0036,-0.006825,0.));
#5474=CARTESIAN_POINT('',(0.,0.,0.));
#5475=CARTESIAN_POINT('',(-0.0012,0.002275,0.000218));
#5476=CARTESIAN_POINT('',(-0.0012,0.002275,0.));
#5477=CARTESIAN_POINT('',(0.,0.,0.));
#5478=CARTESIAN_POINT('',(-0.0036,-0.005525,0.000218));
#5479=CARTESIAN_POINT('',(-0.0036,-0.005525,0.));
#5480=CARTESIAN_POINT('',(0.,0.,0.));
#5481=CARTESIAN_POINT('',(-0.002,-0.003575,0.000218));
#5482=CARTESIAN_POINT('',(-0.002,-0.003575,0.));
#5483=CARTESIAN_POINT('',(0.,0.,0.));
#5484=CARTESIAN_POINT('',(0.002,-0.006825,0.000218));
#5485=CARTESIAN_POINT('',(0.002,-0.006825,0.));
#5486=CARTESIAN_POINT('',(0.,0.,0.));
#5487=CARTESIAN_POINT('',(0.0036,0.004225,0.000218));
#5488=CARTESIAN_POINT('',(0.0036,0.004225,0.));
#5489=CARTESIAN_POINT('',(0.,0.,0.));
#5490=CARTESIAN_POINT('',(0.0028,0.000975,0.000218));
#5491=CARTESIAN_POINT('',(0.0028,0.000975,0.));
#5492=CARTESIAN_POINT('',(0.,0.,0.));
#5493=CARTESIAN_POINT('',(-0.0012,0.001625,0.000218));
#5494=CARTESIAN_POINT('',(-0.0012,0.001625,0.));
#5495=CARTESIAN_POINT('',(0.,0.,0.));
#5496=CARTESIAN_POINT('',(-0.0012,-0.006175,0.000218));
#5497=CARTESIAN_POINT('',(-0.0012,-0.006175,0.));
#5498=CARTESIAN_POINT('',(0.,0.,0.));
#5499=CARTESIAN_POINT('',(-0.0012,-0.000975,0.000218));
#5500=CARTESIAN_POINT('',(-0.0012,-0.000975,0.));
#5501=CARTESIAN_POINT('',(0.,0.,0.));
#5502=CARTESIAN_POINT('',(-0.0028,-0.004225,0.000218));
#5503=CARTESIAN_POINT('',(-0.0028,-0.004225,0.));
#5504=CARTESIAN_POINT('',(0.,0.,0.));
#5505=CARTESIAN_POINT('',(-0.0044,-0.002275,0.000218));
#5506=CARTESIAN_POINT('',(-0.0044,-0.002275,0.));
#5507=CARTESIAN_POINT('',(0.,0.,0.));
#5508=CARTESIAN_POINT('',(0.002,-0.006175,0.000218));
#5509=CARTESIAN_POINT('',(0.002,-0.006175,0.));
#5510=CARTESIAN_POINT('',(0.,0.,0.));
#5511=CARTESIAN_POINT('',(0.0036,-0.004225,0.000218));
#5512=CARTESIAN_POINT('',(0.0036,-0.004225,0.));
#5513=CARTESIAN_POINT('',(0.,0.,0.));
#5514=CARTESIAN_POINT('',(-0.002,-0.000975,0.000218));
#5515=CARTESIAN_POINT('',(-0.002,-0.000975,0.));
#5516=CARTESIAN_POINT('',(0.,0.,0.));
#5517=CARTESIAN_POINT('',(-0.0028,-0.000975,0.000218));
#5518=CARTESIAN_POINT('',(-0.0028,-0.000975,0.));
#5519=CARTESIAN_POINT('',(0.,0.,0.));
#5520=CARTESIAN_POINT('',(0.0036,-0.001625,0.000218));
#5521=CARTESIAN_POINT('',(0.0036,-0.001625,0.));
#5522=CARTESIAN_POINT('',(0.,0.,0.));
#5523=CARTESIAN_POINT('',(-0.0036,-0.000975,0.000218));
#5524=CARTESIAN_POINT('',(-0.0036,-0.000975,0.));
#5525=CARTESIAN_POINT('',(0.,0.,0.));
#5526=CARTESIAN_POINT('',(0.002,-0.001625,0.000218));
#5527=CARTESIAN_POINT('',(0.002,-0.001625,0.));
#5528=CARTESIAN_POINT('',(0.,0.,0.));
#5529=CARTESIAN_POINT('',(-0.0044,-0.000975,0.000218));
#5530=CARTESIAN_POINT('',(-0.0044,-0.000975,0.));
#5531=CARTESIAN_POINT('',(0.,0.,0.));
#5532=CARTESIAN_POINT('',(0.0028,-0.001625,0.000218));
#5533=CARTESIAN_POINT('',(0.0028,-0.001625,0.));
#5534=CARTESIAN_POINT('',(0.,0.,0.));
#5535=CARTESIAN_POINT('',(-0.0012,-0.001625,0.000218));
#5536=CARTESIAN_POINT('',(-0.0012,-0.001625,0.));
#5537=CARTESIAN_POINT('',(0.,0.,0.));
#5538=CARTESIAN_POINT('',(-0.0044,-0.006825,0.000218));
#5539=CARTESIAN_POINT('',(-0.0044,-0.006825,0.));
#5540=CARTESIAN_POINT('',(0.,0.,0.));
#5541=CARTESIAN_POINT('',(-0.0012,-0.005525,0.000218));
#5542=CARTESIAN_POINT('',(-0.0012,-0.005525,0.));
#5543=CARTESIAN_POINT('',(0.,0.,0.));
#5544=CARTESIAN_POINT('',(-0.0028,-0.003575,0.000218));
#5545=CARTESIAN_POINT('',(-0.0028,-0.003575,0.));
#5546=CARTESIAN_POINT('',(0.,0.,0.));
#5547=CARTESIAN_POINT('',(0.0044,-0.002925,0.000218));
#5548=CARTESIAN_POINT('',(0.0044,-0.002925,0.));
#5549=CARTESIAN_POINT('',(0.,0.,0.));
#5550=CARTESIAN_POINT('',(-0.0028,0.002925,0.000218));
#5551=CARTESIAN_POINT('',(-0.0028,0.002925,0.));
#5552=CARTESIAN_POINT('',(0.,0.,0.));
#5553=CARTESIAN_POINT('',(-0.002,-0.004875,0.000218));
#5554=CARTESIAN_POINT('',(-0.002,-0.004875,0.));
#5555=CARTESIAN_POINT('',(0.,0.,0.));
#5556=CARTESIAN_POINT('',(-0.0036,-0.002925,0.000218));
#5557=CARTESIAN_POINT('',(-0.0036,-0.002925,0.));
#5558=CARTESIAN_POINT('',(0.,0.,0.));
#5559=CARTESIAN_POINT('',(0.0012,-0.006825,0.000218));
#5560=CARTESIAN_POINT('',(0.0012,-0.006825,0.));
#5561=CARTESIAN_POINT('',(0.,0.,0.));
#5562=CARTESIAN_POINT('',(0.0028,-0.004875,0.000218));
#5563=CARTESIAN_POINT('',(0.0028,-0.004875,0.));
#5564=CARTESIAN_POINT('',(0.,0.,0.));
#5565=CARTESIAN_POINT('',(0.0044,0.002275,0.000218));
#5566=CARTESIAN_POINT('',(0.0044,0.002275,0.));
#5567=CARTESIAN_POINT('',(0.,0.,0.));
#5568=CARTESIAN_POINT('',(0.0028,0.006175,0.000218));
#5569=CARTESIAN_POINT('',(0.0028,0.006175,0.));
#5570=CARTESIAN_POINT('',(0.,0.,0.));
#5571=CARTESIAN_POINT('',(0.002,0.002925,0.000218));
#5572=CARTESIAN_POINT('',(0.002,0.002925,0.));
#5573=CARTESIAN_POINT('',(0.,0.,0.));
#5574=CARTESIAN_POINT('',(-0.0044,0.006175,0.000218));
#5575=CARTESIAN_POINT('',(-0.0044,0.006175,0.));
#5576=CARTESIAN_POINT('',(0.,0.,0.));
#5577=CARTESIAN_POINT('',(-0.0012,0.004875,0.000218));
#5578=CARTESIAN_POINT('',(-0.0012,0.004875,0.));
#5579=CARTESIAN_POINT('',(0.,0.,0.));
#5580=CARTESIAN_POINT('',(0.0012,-0.002925,0.000218));
#5581=CARTESIAN_POINT('',(0.0012,-0.002925,0.));
#5582=CARTESIAN_POINT('',(0.,0.,0.));
#5583=CARTESIAN_POINT('',(-0.0044,0.002275,0.000218));
#5584=CARTESIAN_POINT('',(-0.0044,0.002275,0.));
#5585=CARTESIAN_POINT('',(0.,0.,0.));
#5586=CARTESIAN_POINT('',(-0.002,-0.006175,0.000218));
#5587=CARTESIAN_POINT('',(-0.002,-0.006175,0.));
#5588=CARTESIAN_POINT('',(0.,0.,0.));
#5589=CARTESIAN_POINT('',(-0.0036,-0.004225,0.000218));
#5590=CARTESIAN_POINT('',(-0.0036,-0.004225,0.));
#5591=CARTESIAN_POINT('',(0.,0.,0.));
#5592=CARTESIAN_POINT('',(0.0028,-0.006175,0.000218));
#5593=CARTESIAN_POINT('',(0.0028,-0.006175,0.));
#5594=CARTESIAN_POINT('',(0.,0.,0.));
#5595=CARTESIAN_POINT('',(0.0012,-0.000975,0.000218));
#5596=CARTESIAN_POINT('',(0.0012,-0.000975,0.));
#5597=CARTESIAN_POINT('',(0.,0.,0.));
#5598=CARTESIAN_POINT('',(0.0044,-0.004225,0.000218));
#5599=CARTESIAN_POINT('',(0.0044,-0.004225,0.));
#5600=CARTESIAN_POINT('',(0.,0.,0.));
#5601=CARTESIAN_POINT('',(0.002,-0.000975,0.000218));
#5602=CARTESIAN_POINT('',(0.002,-0.000975,0.));
#5603=CARTESIAN_POINT('',(0.,0.,0.));
#5604=CARTESIAN_POINT('',(0.0028,-0.000975,0.000218));
#5605=CARTESIAN_POINT('',(0.0028,-0.000975,0.));
#5606=CARTESIAN_POINT('',(0.,0.,0.));
#5607=CARTESIAN_POINT('',(0.0036,-0.000975,0.000218));
#5608=CARTESIAN_POINT('',(0.0036,-0.000975,0.));
#5609=CARTESIAN_POINT('',(0.,0.,0.));
#5610=CARTESIAN_POINT('',(-0.0028,-0.002275,0.000218));
#5611=CARTESIAN_POINT('',(-0.0028,-0.002275,0.));
#5612=CARTESIAN_POINT('',(0.,0.,0.));
#5613=CARTESIAN_POINT('',(0.0044,-0.004875,0.000218));
#5614=CARTESIAN_POINT('',(0.0044,-0.004875,0.));
#5615=CARTESIAN_POINT('',(0.,0.,0.));
#5616=CARTESIAN_POINT('',(0.0012,-0.003575,0.000218));
#5617=CARTESIAN_POINT('',(0.0012,-0.003575,0.));
#5618=CARTESIAN_POINT('',(0.,0.,0.));
#5619=CARTESIAN_POINT('',(0.002,-0.004225,0.000218));
#5620=CARTESIAN_POINT('',(0.002,-0.004225,0.));
#5621=CARTESIAN_POINT('',(0.,0.,0.));
#5622=CARTESIAN_POINT('',(0.0036,-0.002275,0.000218));
#5623=CARTESIAN_POINT('',(0.0036,-0.002275,0.));
#5624=CARTESIAN_POINT('',(0.,0.,0.));
#5625=CARTESIAN_POINT('',(0.0044,-0.000975,0.000218));
#5626=CARTESIAN_POINT('',(0.0044,-0.000975,0.));
#5627=CARTESIAN_POINT('',(0.,0.,0.));
#5628=CARTESIAN_POINT('',(0.0012,0.005525,0.000218));
#5629=CARTESIAN_POINT('',(0.0012,0.005525,0.));
#5630=CARTESIAN_POINT('',(0.,0.,0.));
#5631=CARTESIAN_POINT('',(-0.0036,0.005525,0.000218));
#5632=CARTESIAN_POINT('',(-0.0036,0.005525,0.));
#5633=CARTESIAN_POINT('',(0.,0.,0.));
#5634=CARTESIAN_POINT('',(-0.002,0.003575,0.000218));
#5635=CARTESIAN_POINT('',(-0.002,0.003575,0.));
#5636=CARTESIAN_POINT('',(0.,0.,0.));
#5637=CARTESIAN_POINT('',(-0.002,-0.006825,0.000218));
#5638=CARTESIAN_POINT('',(-0.002,-0.006825,0.));
#5639=CARTESIAN_POINT('',(0.,0.,0.));
#5640=CARTESIAN_POINT('',(-0.002,0.002275,0.000218));
#5641=CARTESIAN_POINT('',(-0.002,0.002275,0.));
#5642=CARTESIAN_POINT('',(0.,0.,0.));
#5643=CARTESIAN_POINT('',(-0.0036,-0.004875,0.000218));
#5644=CARTESIAN_POINT('',(-0.0036,-0.004875,0.));
#5645=CARTESIAN_POINT('',(0.,0.,0.));
#5646=CARTESIAN_POINT('',(-0.0044,-0.005525,0.000218));
#5647=CARTESIAN_POINT('',(-0.0044,-0.005525,0.));
#5648=CARTESIAN_POINT('',(0.,0.,0.));
#5649=CARTESIAN_POINT('',(-0.0012,-0.004225,0.000218));
#5650=CARTESIAN_POINT('',(-0.0012,-0.004225,0.));
#5651=CARTESIAN_POINT('',(0.,0.,0.));
#5652=CARTESIAN_POINT('',(0.0028,-0.006825,0.000218));
#5653=CARTESIAN_POINT('',(0.0028,-0.006825,0.));
#5654=CARTESIAN_POINT('',(0.,0.,0.));
#5655=CARTESIAN_POINT('',(0.0036,0.004875,0.000218));
#5656=CARTESIAN_POINT('',(0.0036,0.004875,0.));
#5657=CARTESIAN_POINT('',(0.,0.,0.));
#5658=CARTESIAN_POINT('',(0.0028,0.001625,0.000218));
#5659=CARTESIAN_POINT('',(0.0028,0.001625,0.));
#5660=CARTESIAN_POINT('',(0.,0.,0.));
#5661=CARTESIAN_POINT('',(-0.0036,0.006825,0.000218));
#5662=CARTESIAN_POINT('',(-0.0036,0.006825,0.));
#5663=CARTESIAN_POINT('',(0.,0.,0.));
#5664=CARTESIAN_POINT('',(0.0012,-0.001625,0.000218));
#5665=CARTESIAN_POINT('',(0.0012,-0.001625,0.));
#5666=CARTESIAN_POINT('',(0.,0.,0.));
#5667=CARTESIAN_POINT('',(-0.0044,-0.001625,0.000218));
#5668=CARTESIAN_POINT('',(-0.0044,-0.001625,0.));
#5669=CARTESIAN_POINT('',(0.,0.,0.));
#5670=CARTESIAN_POINT('',(0.002,-0.005525,0.000218));
#5671=CARTESIAN_POINT('',(0.002,-0.005525,0.));
#5672=CARTESIAN_POINT('',(0.,0.,0.));
#5673=CARTESIAN_POINT('',(0.0036,-0.003575,0.000218));
#5674=CARTESIAN_POINT('',(0.0036,-0.003575,0.));
#5675=CARTESIAN_POINT('',(0.,0.,0.));
#5676=CARTESIAN_POINT('',(-0.0012,0.006175,0.000218));
#5677=CARTESIAN_POINT('',(-0.0012,0.006175,0.));
#5678=CARTESIAN_POINT('',(0.,0.,0.));
#5679=CARTESIAN_POINT('',(-0.0028,0.004225,0.000218));
#5680=CARTESIAN_POINT('',(-0.0028,0.004225,0.));
#5681=MECHANICAL_DESIGN_GEOMETRIC_PRESENTATION_REPRESENTATION('',(#1754),#5883);
#5682=MECHANICAL_DESIGN_GEOMETRIC_PRESENTATION_REPRESENTATION('',(#1755),#5884);
#5683=MECHANICAL_DESIGN_GEOMETRIC_PRESENTATION_REPRESENTATION('',(#1756),#5885);
#5684=MECHANICAL_DESIGN_GEOMETRIC_PRESENTATION_REPRESENTATION('',(#1757),#5886);
#5685=MECHANICAL_DESIGN_GEOMETRIC_PRESENTATION_REPRESENTATION('',(#1758),#5887);
#5686=MECHANICAL_DESIGN_GEOMETRIC_PRESENTATION_REPRESENTATION('',(#1759),#5888);
#5687=MECHANICAL_DESIGN_GEOMETRIC_PRESENTATION_REPRESENTATION('',(#1760),#5889);
#5688=MECHANICAL_DESIGN_GEOMETRIC_PRESENTATION_REPRESENTATION('',(#1761),#5890);
#5689=MECHANICAL_DESIGN_GEOMETRIC_PRESENTATION_REPRESENTATION('',(#1762),#5891);
#5690=MECHANICAL_DESIGN_GEOMETRIC_PRESENTATION_REPRESENTATION('',(#1763),#5892);
#5691=MECHANICAL_DESIGN_GEOMETRIC_PRESENTATION_REPRESENTATION('',(#1764),#5893);
#5692=MECHANICAL_DESIGN_GEOMETRIC_PRESENTATION_REPRESENTATION('',(#1765),#5894);
#5693=MECHANICAL_DESIGN_GEOMETRIC_PRESENTATION_REPRESENTATION('',(#1766),#5895);
#5694=MECHANICAL_DESIGN_GEOMETRIC_PRESENTATION_REPRESENTATION('',(#1767),#5896);
#5695=MECHANICAL_DESIGN_GEOMETRIC_PRESENTATION_REPRESENTATION('',(#1768),#5897);
#5696=MECHANICAL_DESIGN_GEOMETRIC_PRESENTATION_REPRESENTATION('',(#1769),#5898);
#5697=MECHANICAL_DESIGN_GEOMETRIC_PRESENTATION_REPRESENTATION('',(#1770),#5899);
#5698=MECHANICAL_DESIGN_GEOMETRIC_PRESENTATION_REPRESENTATION('',(#1771),#5900);
#5699=MECHANICAL_DESIGN_GEOMETRIC_PRESENTATION_REPRESENTATION('',(#1772),#5901);
#5700=MECHANICAL_DESIGN_GEOMETRIC_PRESENTATION_REPRESENTATION('',(#1773),#5902);
#5701=MECHANICAL_DESIGN_GEOMETRIC_PRESENTATION_REPRESENTATION('',(#1774),#5903);
#5702=MECHANICAL_DESIGN_GEOMETRIC_PRESENTATION_REPRESENTATION('',(#1775),#5904);
#5703=MECHANICAL_DESIGN_GEOMETRIC_PRESENTATION_REPRESENTATION('',(#1776),#5905);
#5704=MECHANICAL_DESIGN_GEOMETRIC_PRESENTATION_REPRESENTATION('',(#1777),#5906);
#5705=MECHANICAL_DESIGN_GEOMETRIC_PRESENTATION_REPRESENTATION('',(#1778),#5907);
#5706=MECHANICAL_DESIGN_GEOMETRIC_PRESENTATION_REPRESENTATION('',(#1779),#5908);
#5707=MECHANICAL_DESIGN_GEOMETRIC_PRESENTATION_REPRESENTATION('',(#1780),#5909);
#5708=MECHANICAL_DESIGN_GEOMETRIC_PRESENTATION_REPRESENTATION('',(#1781),#5910);
#5709=MECHANICAL_DESIGN_GEOMETRIC_PRESENTATION_REPRESENTATION('',(#1782),#5911);
#5710=MECHANICAL_DESIGN_GEOMETRIC_PRESENTATION_REPRESENTATION('',(#1783),#5912);
#5711=MECHANICAL_DESIGN_GEOMETRIC_PRESENTATION_REPRESENTATION('',(#1784),#5913);
#5712=MECHANICAL_DESIGN_GEOMETRIC_PRESENTATION_REPRESENTATION('',(#1785),#5914);
#5713=MECHANICAL_DESIGN_GEOMETRIC_PRESENTATION_REPRESENTATION('',(#1786),#5915);
#5714=MECHANICAL_DESIGN_GEOMETRIC_PRESENTATION_REPRESENTATION('',(#1787),#5916);
#5715=MECHANICAL_DESIGN_GEOMETRIC_PRESENTATION_REPRESENTATION('',(#1788),#5917);
#5716=MECHANICAL_DESIGN_GEOMETRIC_PRESENTATION_REPRESENTATION('',(#1789),#5918);
#5717=MECHANICAL_DESIGN_GEOMETRIC_PRESENTATION_REPRESENTATION('',(#1790),#5919);
#5718=MECHANICAL_DESIGN_GEOMETRIC_PRESENTATION_REPRESENTATION('',(#1791),#5920);
#5719=MECHANICAL_DESIGN_GEOMETRIC_PRESENTATION_REPRESENTATION('',(#1792),#5921);
#5720=MECHANICAL_DESIGN_GEOMETRIC_PRESENTATION_REPRESENTATION('',(#1793),#5922);
#5721=MECHANICAL_DESIGN_GEOMETRIC_PRESENTATION_REPRESENTATION('',(#1794),#5923);
#5722=MECHANICAL_DESIGN_GEOMETRIC_PRESENTATION_REPRESENTATION('',(#1795),#5924);
#5723=MECHANICAL_DESIGN_GEOMETRIC_PRESENTATION_REPRESENTATION('',(#1796),#5925);
#5724=MECHANICAL_DESIGN_GEOMETRIC_PRESENTATION_REPRESENTATION('',(#1797),#5926);
#5725=MECHANICAL_DESIGN_GEOMETRIC_PRESENTATION_REPRESENTATION('',(#1798),#5927);
#5726=MECHANICAL_DESIGN_GEOMETRIC_PRESENTATION_REPRESENTATION('',(#1799),#5928);
#5727=MECHANICAL_DESIGN_GEOMETRIC_PRESENTATION_REPRESENTATION('',(#1800),#5929);
#5728=MECHANICAL_DESIGN_GEOMETRIC_PRESENTATION_REPRESENTATION('',(#1801),#5930);
#5729=MECHANICAL_DESIGN_GEOMETRIC_PRESENTATION_REPRESENTATION('',(#1802),#5931);
#5730=MECHANICAL_DESIGN_GEOMETRIC_PRESENTATION_REPRESENTATION('',(#1803),#5932);
#5731=MECHANICAL_DESIGN_GEOMETRIC_PRESENTATION_REPRESENTATION('',(#1804),#5933);
#5732=MECHANICAL_DESIGN_GEOMETRIC_PRESENTATION_REPRESENTATION('',(#1805),#5934);
#5733=MECHANICAL_DESIGN_GEOMETRIC_PRESENTATION_REPRESENTATION('',(#1806),#5935);
#5734=MECHANICAL_DESIGN_GEOMETRIC_PRESENTATION_REPRESENTATION('',(#1807),#5936);
#5735=MECHANICAL_DESIGN_GEOMETRIC_PRESENTATION_REPRESENTATION('',(#1808),#5937);
#5736=MECHANICAL_DESIGN_GEOMETRIC_PRESENTATION_REPRESENTATION('',(#1809),#5938);
#5737=MECHANICAL_DESIGN_GEOMETRIC_PRESENTATION_REPRESENTATION('',(#1810),#5939);
#5738=MECHANICAL_DESIGN_GEOMETRIC_PRESENTATION_REPRESENTATION('',(#1811),#5940);
#5739=MECHANICAL_DESIGN_GEOMETRIC_PRESENTATION_REPRESENTATION('',(#1812),#5941);
#5740=MECHANICAL_DESIGN_GEOMETRIC_PRESENTATION_REPRESENTATION('',(#1813),#5942);
#5741=MECHANICAL_DESIGN_GEOMETRIC_PRESENTATION_REPRESENTATION('',(#1814),#5943);
#5742=MECHANICAL_DESIGN_GEOMETRIC_PRESENTATION_REPRESENTATION('',(#1815),#5944);
#5743=MECHANICAL_DESIGN_GEOMETRIC_PRESENTATION_REPRESENTATION('',(#1816),#5945);
#5744=MECHANICAL_DESIGN_GEOMETRIC_PRESENTATION_REPRESENTATION('',(#1817),#5946);
#5745=MECHANICAL_DESIGN_GEOMETRIC_PRESENTATION_REPRESENTATION('',(#1818),#5947);
#5746=MECHANICAL_DESIGN_GEOMETRIC_PRESENTATION_REPRESENTATION('',(#1819),#5948);
#5747=MECHANICAL_DESIGN_GEOMETRIC_PRESENTATION_REPRESENTATION('',(#1820),#5949);
#5748=MECHANICAL_DESIGN_GEOMETRIC_PRESENTATION_REPRESENTATION('',(#1821),#5950);
#5749=MECHANICAL_DESIGN_GEOMETRIC_PRESENTATION_REPRESENTATION('',(#1822),#5951);
#5750=MECHANICAL_DESIGN_GEOMETRIC_PRESENTATION_REPRESENTATION('',(#1823),#5952);
#5751=MECHANICAL_DESIGN_GEOMETRIC_PRESENTATION_REPRESENTATION('',(#1824),#5953);
#5752=MECHANICAL_DESIGN_GEOMETRIC_PRESENTATION_REPRESENTATION('',(#1825),#5954);
#5753=MECHANICAL_DESIGN_GEOMETRIC_PRESENTATION_REPRESENTATION('',(#1826),#5955);
#5754=MECHANICAL_DESIGN_GEOMETRIC_PRESENTATION_REPRESENTATION('',(#1827),#5956);
#5755=MECHANICAL_DESIGN_GEOMETRIC_PRESENTATION_REPRESENTATION('',(#1828),#5957);
#5756=MECHANICAL_DESIGN_GEOMETRIC_PRESENTATION_REPRESENTATION('',(#1829),#5958);
#5757=MECHANICAL_DESIGN_GEOMETRIC_PRESENTATION_REPRESENTATION('',(#1830),#5959);
#5758=MECHANICAL_DESIGN_GEOMETRIC_PRESENTATION_REPRESENTATION('',(#1831),#5960);
#5759=MECHANICAL_DESIGN_GEOMETRIC_PRESENTATION_REPRESENTATION('',(#1832),#5961);
#5760=MECHANICAL_DESIGN_GEOMETRIC_PRESENTATION_REPRESENTATION('',(#1833),#5962);
#5761=MECHANICAL_DESIGN_GEOMETRIC_PRESENTATION_REPRESENTATION('',(#1834),#5963);
#5762=MECHANICAL_DESIGN_GEOMETRIC_PRESENTATION_REPRESENTATION('',(#1835),#5964);
#5763=MECHANICAL_DESIGN_GEOMETRIC_PRESENTATION_REPRESENTATION('',(#1836),#5965);
#5764=MECHANICAL_DESIGN_GEOMETRIC_PRESENTATION_REPRESENTATION('',(#1837),#5966);
#5765=MECHANICAL_DESIGN_GEOMETRIC_PRESENTATION_REPRESENTATION('',(#1838),#5967);
#5766=MECHANICAL_DESIGN_GEOMETRIC_PRESENTATION_REPRESENTATION('',(#1839),#5968);
#5767=MECHANICAL_DESIGN_GEOMETRIC_PRESENTATION_REPRESENTATION('',(#1840),#5969);
#5768=MECHANICAL_DESIGN_GEOMETRIC_PRESENTATION_REPRESENTATION('',(#1841),#5970);
#5769=MECHANICAL_DESIGN_GEOMETRIC_PRESENTATION_REPRESENTATION('',(#1842),#5971);
#5770=MECHANICAL_DESIGN_GEOMETRIC_PRESENTATION_REPRESENTATION('',(#1843),#5972);
#5771=MECHANICAL_DESIGN_GEOMETRIC_PRESENTATION_REPRESENTATION('',(#1844),#5973);
#5772=MECHANICAL_DESIGN_GEOMETRIC_PRESENTATION_REPRESENTATION('',(#1845),#5974);
#5773=MECHANICAL_DESIGN_GEOMETRIC_PRESENTATION_REPRESENTATION('',(#1846),#5975);
#5774=MECHANICAL_DESIGN_GEOMETRIC_PRESENTATION_REPRESENTATION('',(#1847),#5976);
#5775=MECHANICAL_DESIGN_GEOMETRIC_PRESENTATION_REPRESENTATION('',(#1848),#5977);
#5776=MECHANICAL_DESIGN_GEOMETRIC_PRESENTATION_REPRESENTATION('',(#1849),#5978);
#5777=MECHANICAL_DESIGN_GEOMETRIC_PRESENTATION_REPRESENTATION('',(#1850),#5979);
#5778=MECHANICAL_DESIGN_GEOMETRIC_PRESENTATION_REPRESENTATION('',(#1851),#5980);
#5779=MECHANICAL_DESIGN_GEOMETRIC_PRESENTATION_REPRESENTATION('',(#1852),#5981);
#5780=MECHANICAL_DESIGN_GEOMETRIC_PRESENTATION_REPRESENTATION('',(#1853),#5982);
#5781=MECHANICAL_DESIGN_GEOMETRIC_PRESENTATION_REPRESENTATION('',(#1854),#5983);
#5782=MECHANICAL_DESIGN_GEOMETRIC_PRESENTATION_REPRESENTATION('',(#1855),#5984);
#5783=MECHANICAL_DESIGN_GEOMETRIC_PRESENTATION_REPRESENTATION('',(#1856),#5985);
#5784=MECHANICAL_DESIGN_GEOMETRIC_PRESENTATION_REPRESENTATION('',(#1857),#5986);
#5785=MECHANICAL_DESIGN_GEOMETRIC_PRESENTATION_REPRESENTATION('',(#1858),#5987);
#5786=MECHANICAL_DESIGN_GEOMETRIC_PRESENTATION_REPRESENTATION('',(#1859),#5988);
#5787=MECHANICAL_DESIGN_GEOMETRIC_PRESENTATION_REPRESENTATION('',(#1860),#5989);
#5788=MECHANICAL_DESIGN_GEOMETRIC_PRESENTATION_REPRESENTATION('',(#1861),#5990);
#5789=MECHANICAL_DESIGN_GEOMETRIC_PRESENTATION_REPRESENTATION('',(#1862),#5991);
#5790=MECHANICAL_DESIGN_GEOMETRIC_PRESENTATION_REPRESENTATION('',(#1863),#5992);
#5791=MECHANICAL_DESIGN_GEOMETRIC_PRESENTATION_REPRESENTATION('',(#1864),#5993);
#5792=MECHANICAL_DESIGN_GEOMETRIC_PRESENTATION_REPRESENTATION('',(#1865),#5994);
#5793=MECHANICAL_DESIGN_GEOMETRIC_PRESENTATION_REPRESENTATION('',(#1866),#5995);
#5794=MECHANICAL_DESIGN_GEOMETRIC_PRESENTATION_REPRESENTATION('',(#1867),#5996);
#5795=MECHANICAL_DESIGN_GEOMETRIC_PRESENTATION_REPRESENTATION('',(#1868),#5997);
#5796=MECHANICAL_DESIGN_GEOMETRIC_PRESENTATION_REPRESENTATION('',(#1869),#5998);
#5797=MECHANICAL_DESIGN_GEOMETRIC_PRESENTATION_REPRESENTATION('',(#1870),#5999);
#5798=MECHANICAL_DESIGN_GEOMETRIC_PRESENTATION_REPRESENTATION('',(#1871),#6000);
#5799=MECHANICAL_DESIGN_GEOMETRIC_PRESENTATION_REPRESENTATION('',(#1872),#6001);
#5800=MECHANICAL_DESIGN_GEOMETRIC_PRESENTATION_REPRESENTATION('',(#1873),#6002);
#5801=MECHANICAL_DESIGN_GEOMETRIC_PRESENTATION_REPRESENTATION('',(#1874),#6003);
#5802=MECHANICAL_DESIGN_GEOMETRIC_PRESENTATION_REPRESENTATION('',(#1875),#6004);
#5803=MECHANICAL_DESIGN_GEOMETRIC_PRESENTATION_REPRESENTATION('',(#1876),#6005);
#5804=MECHANICAL_DESIGN_GEOMETRIC_PRESENTATION_REPRESENTATION('',(#1877),#6006);
#5805=MECHANICAL_DESIGN_GEOMETRIC_PRESENTATION_REPRESENTATION('',(#1878),#6007);
#5806=MECHANICAL_DESIGN_GEOMETRIC_PRESENTATION_REPRESENTATION('',(#1879),#6008);
#5807=MECHANICAL_DESIGN_GEOMETRIC_PRESENTATION_REPRESENTATION('',(#1880),#6009);
#5808=MECHANICAL_DESIGN_GEOMETRIC_PRESENTATION_REPRESENTATION('',(#1881),#6010);
#5809=MECHANICAL_DESIGN_GEOMETRIC_PRESENTATION_REPRESENTATION('',(#1882),#6011);
#5810=MECHANICAL_DESIGN_GEOMETRIC_PRESENTATION_REPRESENTATION('',(#1883),#6012);
#5811=MECHANICAL_DESIGN_GEOMETRIC_PRESENTATION_REPRESENTATION('',(#1884),#6013);
#5812=MECHANICAL_DESIGN_GEOMETRIC_PRESENTATION_REPRESENTATION('',(#1885),#6014);
#5813=MECHANICAL_DESIGN_GEOMETRIC_PRESENTATION_REPRESENTATION('',(#1886),#6015);
#5814=MECHANICAL_DESIGN_GEOMETRIC_PRESENTATION_REPRESENTATION('',(#1887),#6016);
#5815=MECHANICAL_DESIGN_GEOMETRIC_PRESENTATION_REPRESENTATION('',(#1888),#6017);
#5816=MECHANICAL_DESIGN_GEOMETRIC_PRESENTATION_REPRESENTATION('',(#1889),#6018);
#5817=MECHANICAL_DESIGN_GEOMETRIC_PRESENTATION_REPRESENTATION('',(#1890),#6019);
#5818=MECHANICAL_DESIGN_GEOMETRIC_PRESENTATION_REPRESENTATION('',(#1891),#6020);
#5819=MECHANICAL_DESIGN_GEOMETRIC_PRESENTATION_REPRESENTATION('',(#1892),#6021);
#5820=MECHANICAL_DESIGN_GEOMETRIC_PRESENTATION_REPRESENTATION('',(#1893),#6022);
#5821=MECHANICAL_DESIGN_GEOMETRIC_PRESENTATION_REPRESENTATION('',(#1894),#6023);
#5822=MECHANICAL_DESIGN_GEOMETRIC_PRESENTATION_REPRESENTATION('',(#1895),#6024);
#5823=MECHANICAL_DESIGN_GEOMETRIC_PRESENTATION_REPRESENTATION('',(#1896),#6025);
#5824=MECHANICAL_DESIGN_GEOMETRIC_PRESENTATION_REPRESENTATION('',(#1897),#6026);
#5825=MECHANICAL_DESIGN_GEOMETRIC_PRESENTATION_REPRESENTATION('',(#1898),#6027);
#5826=MECHANICAL_DESIGN_GEOMETRIC_PRESENTATION_REPRESENTATION('',(#1899),#6028);
#5827=MECHANICAL_DESIGN_GEOMETRIC_PRESENTATION_REPRESENTATION('',(#1900),#6029);
#5828=MECHANICAL_DESIGN_GEOMETRIC_PRESENTATION_REPRESENTATION('',(#1901),#6030);
#5829=MECHANICAL_DESIGN_GEOMETRIC_PRESENTATION_REPRESENTATION('',(#1902),#6031);
#5830=MECHANICAL_DESIGN_GEOMETRIC_PRESENTATION_REPRESENTATION('',(#1903),#6032);
#5831=MECHANICAL_DESIGN_GEOMETRIC_PRESENTATION_REPRESENTATION('',(#1904),#6033);
#5832=MECHANICAL_DESIGN_GEOMETRIC_PRESENTATION_REPRESENTATION('',(#1905),#6034);
#5833=MECHANICAL_DESIGN_GEOMETRIC_PRESENTATION_REPRESENTATION('',(#1906),#6035);
#5834=MECHANICAL_DESIGN_GEOMETRIC_PRESENTATION_REPRESENTATION('',(#1907),#6036);
#5835=MECHANICAL_DESIGN_GEOMETRIC_PRESENTATION_REPRESENTATION('',(#1908),#6037);
#5836=MECHANICAL_DESIGN_GEOMETRIC_PRESENTATION_REPRESENTATION('',(#1909),#6038);
#5837=MECHANICAL_DESIGN_GEOMETRIC_PRESENTATION_REPRESENTATION('',(#1910),#6039);
#5838=MECHANICAL_DESIGN_GEOMETRIC_PRESENTATION_REPRESENTATION('',(#1911),#6040);
#5839=MECHANICAL_DESIGN_GEOMETRIC_PRESENTATION_REPRESENTATION('',(#1912),#6041);
#5840=MECHANICAL_DESIGN_GEOMETRIC_PRESENTATION_REPRESENTATION('',(#1913),#6042);
#5841=MECHANICAL_DESIGN_GEOMETRIC_PRESENTATION_REPRESENTATION('',(#1914),#6043);
#5842=MECHANICAL_DESIGN_GEOMETRIC_PRESENTATION_REPRESENTATION('',(#1915),#6044);
#5843=MECHANICAL_DESIGN_GEOMETRIC_PRESENTATION_REPRESENTATION('',(#1916),#6045);
#5844=MECHANICAL_DESIGN_GEOMETRIC_PRESENTATION_REPRESENTATION('',(#1917),#6046);
#5845=MECHANICAL_DESIGN_GEOMETRIC_PRESENTATION_REPRESENTATION('',(#1918),#6047);
#5846=MECHANICAL_DESIGN_GEOMETRIC_PRESENTATION_REPRESENTATION('',(#1919),#6048);
#5847=MECHANICAL_DESIGN_GEOMETRIC_PRESENTATION_REPRESENTATION('',(#1920),#6049);
#5848=MECHANICAL_DESIGN_GEOMETRIC_PRESENTATION_REPRESENTATION('',(#1921),#6050);
#5849=MECHANICAL_DESIGN_GEOMETRIC_PRESENTATION_REPRESENTATION('',(#1922),#6051);
#5850=MECHANICAL_DESIGN_GEOMETRIC_PRESENTATION_REPRESENTATION('',(#1923),#6052);
#5851=MECHANICAL_DESIGN_GEOMETRIC_PRESENTATION_REPRESENTATION('',(#1924),#6053);
#5852=MECHANICAL_DESIGN_GEOMETRIC_PRESENTATION_REPRESENTATION('',(#1925),#6054);
#5853=MECHANICAL_DESIGN_GEOMETRIC_PRESENTATION_REPRESENTATION('',(#1926),#6055);
#5854=MECHANICAL_DESIGN_GEOMETRIC_PRESENTATION_REPRESENTATION('',(#1927),#6056);
#5855=MECHANICAL_DESIGN_GEOMETRIC_PRESENTATION_REPRESENTATION('',(#1928),#6057);
#5856=MECHANICAL_DESIGN_GEOMETRIC_PRESENTATION_REPRESENTATION('',(#1929),#6058);
#5857=MECHANICAL_DESIGN_GEOMETRIC_PRESENTATION_REPRESENTATION('',(#1930),#6059);
#5858=MECHANICAL_DESIGN_GEOMETRIC_PRESENTATION_REPRESENTATION('',(#1931),#6060);
#5859=MECHANICAL_DESIGN_GEOMETRIC_PRESENTATION_REPRESENTATION('',(#1932),#6061);
#5860=MECHANICAL_DESIGN_GEOMETRIC_PRESENTATION_REPRESENTATION('',(#1933),#6062);
#5861=MECHANICAL_DESIGN_GEOMETRIC_PRESENTATION_REPRESENTATION('',(#1934),#6063);
#5862=MECHANICAL_DESIGN_GEOMETRIC_PRESENTATION_REPRESENTATION('',(#1935),#6064);
#5863=MECHANICAL_DESIGN_GEOMETRIC_PRESENTATION_REPRESENTATION('',(#1936),#6065);
#5864=MECHANICAL_DESIGN_GEOMETRIC_PRESENTATION_REPRESENTATION('',(#1937),#6066);
#5865=MECHANICAL_DESIGN_GEOMETRIC_PRESENTATION_REPRESENTATION('',(#1938),#6067);
#5866=MECHANICAL_DESIGN_GEOMETRIC_PRESENTATION_REPRESENTATION('',(#1939),#6068);
#5867=MECHANICAL_DESIGN_GEOMETRIC_PRESENTATION_REPRESENTATION('',(#1940),#6069);
#5868=MECHANICAL_DESIGN_GEOMETRIC_PRESENTATION_REPRESENTATION('',(#1941),#6070);
#5869=MECHANICAL_DESIGN_GEOMETRIC_PRESENTATION_REPRESENTATION('',(#1942),#6071);
#5870=MECHANICAL_DESIGN_GEOMETRIC_PRESENTATION_REPRESENTATION('',(#1943),#6072);
#5871=MECHANICAL_DESIGN_GEOMETRIC_PRESENTATION_REPRESENTATION('',(#1944),#6073);
#5872=MECHANICAL_DESIGN_GEOMETRIC_PRESENTATION_REPRESENTATION('',(#1945),#6074);
#5873=MECHANICAL_DESIGN_GEOMETRIC_PRESENTATION_REPRESENTATION('',(#1946),#6075);
#5874=MECHANICAL_DESIGN_GEOMETRIC_PRESENTATION_REPRESENTATION('',(#1947),#6076);
#5875=MECHANICAL_DESIGN_GEOMETRIC_PRESENTATION_REPRESENTATION('',(#1948),#6077);
#5876=MECHANICAL_DESIGN_GEOMETRIC_PRESENTATION_REPRESENTATION('',(#1949),#6078);
#5877=MECHANICAL_DESIGN_GEOMETRIC_PRESENTATION_REPRESENTATION('',(#1950),#6079);
#5878=MECHANICAL_DESIGN_GEOMETRIC_PRESENTATION_REPRESENTATION('',(#1951),#6080);
#5879=MECHANICAL_DESIGN_GEOMETRIC_PRESENTATION_REPRESENTATION('',(#1952),#6081);
#5880=MECHANICAL_DESIGN_GEOMETRIC_PRESENTATION_REPRESENTATION('',(#1953),#6082);
#5881=MECHANICAL_DESIGN_GEOMETRIC_PRESENTATION_REPRESENTATION('',(#1954),#6083);
#5882=MECHANICAL_DESIGN_GEOMETRIC_PRESENTATION_REPRESENTATION('',(#1955),#6084);
#5883=(
GEOMETRIC_REPRESENTATION_CONTEXT(3)
GLOBAL_UNCERTAINTY_ASSIGNED_CONTEXT((#6085))
GLOBAL_UNIT_ASSIGNED_CONTEXT((#6691,#6489,#6287))
REPRESENTATION_CONTEXT('Part 202','TOP_LEVEL_ASSEMBLY_PART')
);
#5884=(
GEOMETRIC_REPRESENTATION_CONTEXT(3)
GLOBAL_UNCERTAINTY_ASSIGNED_CONTEXT((#6086))
GLOBAL_UNIT_ASSIGNED_CONTEXT((#6692,#6490,#6288))
REPRESENTATION_CONTEXT('ball','TOP_LEVEL_ASSEMBLY_PART')
);
#5885=(
GEOMETRIC_REPRESENTATION_CONTEXT(3)
GLOBAL_UNCERTAINTY_ASSIGNED_CONTEXT((#6087))
GLOBAL_UNIT_ASSIGNED_CONTEXT((#6693,#6491,#6289))
REPRESENTATION_CONTEXT('ball','TOP_LEVEL_ASSEMBLY_PART')
);
#5886=(
GEOMETRIC_REPRESENTATION_CONTEXT(3)
GLOBAL_UNCERTAINTY_ASSIGNED_CONTEXT((#6088))
GLOBAL_UNIT_ASSIGNED_CONTEXT((#6694,#6492,#6290))
REPRESENTATION_CONTEXT('ball','TOP_LEVEL_ASSEMBLY_PART')
);
#5887=(
GEOMETRIC_REPRESENTATION_CONTEXT(3)
GLOBAL_UNCERTAINTY_ASSIGNED_CONTEXT((#6089))
GLOBAL_UNIT_ASSIGNED_CONTEXT((#6695,#6493,#6291))
REPRESENTATION_CONTEXT('ball','TOP_LEVEL_ASSEMBLY_PART')
);
#5888=(
GEOMETRIC_REPRESENTATION_CONTEXT(3)
GLOBAL_UNCERTAINTY_ASSIGNED_CONTEXT((#6090))
GLOBAL_UNIT_ASSIGNED_CONTEXT((#6696,#6494,#6292))
REPRESENTATION_CONTEXT('ball','TOP_LEVEL_ASSEMBLY_PART')
);
#5889=(
GEOMETRIC_REPRESENTATION_CONTEXT(3)
GLOBAL_UNCERTAINTY_ASSIGNED_CONTEXT((#6091))
GLOBAL_UNIT_ASSIGNED_CONTEXT((#6697,#6495,#6293))
REPRESENTATION_CONTEXT('ball','TOP_LEVEL_ASSEMBLY_PART')
);
#5890=(
GEOMETRIC_REPRESENTATION_CONTEXT(3)
GLOBAL_UNCERTAINTY_ASSIGNED_CONTEXT((#6092))
GLOBAL_UNIT_ASSIGNED_CONTEXT((#6698,#6496,#6294))
REPRESENTATION_CONTEXT('ball','TOP_LEVEL_ASSEMBLY_PART')
);
#5891=(
GEOMETRIC_REPRESENTATION_CONTEXT(3)
GLOBAL_UNCERTAINTY_ASSIGNED_CONTEXT((#6093))
GLOBAL_UNIT_ASSIGNED_CONTEXT((#6699,#6497,#6295))
REPRESENTATION_CONTEXT('ball','TOP_LEVEL_ASSEMBLY_PART')
);
#5892=(
GEOMETRIC_REPRESENTATION_CONTEXT(3)
GLOBAL_UNCERTAINTY_ASSIGNED_CONTEXT((#6094))
GLOBAL_UNIT_ASSIGNED_CONTEXT((#6700,#6498,#6296))
REPRESENTATION_CONTEXT('ball','TOP_LEVEL_ASSEMBLY_PART')
);
#5893=(
GEOMETRIC_REPRESENTATION_CONTEXT(3)
GLOBAL_UNCERTAINTY_ASSIGNED_CONTEXT((#6095))
GLOBAL_UNIT_ASSIGNED_CONTEXT((#6701,#6499,#6297))
REPRESENTATION_CONTEXT('ball','TOP_LEVEL_ASSEMBLY_PART')
);
#5894=(
GEOMETRIC_REPRESENTATION_CONTEXT(3)
GLOBAL_UNCERTAINTY_ASSIGNED_CONTEXT((#6096))
GLOBAL_UNIT_ASSIGNED_CONTEXT((#6702,#6500,#6298))
REPRESENTATION_CONTEXT('ball','TOP_LEVEL_ASSEMBLY_PART')
);
#5895=(
GEOMETRIC_REPRESENTATION_CONTEXT(3)
GLOBAL_UNCERTAINTY_ASSIGNED_CONTEXT((#6097))
GLOBAL_UNIT_ASSIGNED_CONTEXT((#6703,#6501,#6299))
REPRESENTATION_CONTEXT('ball','TOP_LEVEL_ASSEMBLY_PART')
);
#5896=(
GEOMETRIC_REPRESENTATION_CONTEXT(3)
GLOBAL_UNCERTAINTY_ASSIGNED_CONTEXT((#6098))
GLOBAL_UNIT_ASSIGNED_CONTEXT((#6704,#6502,#6300))
REPRESENTATION_CONTEXT('ball','TOP_LEVEL_ASSEMBLY_PART')
);
#5897=(
GEOMETRIC_REPRESENTATION_CONTEXT(3)
GLOBAL_UNCERTAINTY_ASSIGNED_CONTEXT((#6099))
GLOBAL_UNIT_ASSIGNED_CONTEXT((#6705,#6503,#6301))
REPRESENTATION_CONTEXT('ball','TOP_LEVEL_ASSEMBLY_PART')
);
#5898=(
GEOMETRIC_REPRESENTATION_CONTEXT(3)
GLOBAL_UNCERTAINTY_ASSIGNED_CONTEXT((#6100))
GLOBAL_UNIT_ASSIGNED_CONTEXT((#6706,#6504,#6302))
REPRESENTATION_CONTEXT('ball','TOP_LEVEL_ASSEMBLY_PART')
);
#5899=(
GEOMETRIC_REPRESENTATION_CONTEXT(3)
GLOBAL_UNCERTAINTY_ASSIGNED_CONTEXT((#6101))
GLOBAL_UNIT_ASSIGNED_CONTEXT((#6707,#6505,#6303))
REPRESENTATION_CONTEXT('ball','TOP_LEVEL_ASSEMBLY_PART')
);
#5900=(
GEOMETRIC_REPRESENTATION_CONTEXT(3)
GLOBAL_UNCERTAINTY_ASSIGNED_CONTEXT((#6102))
GLOBAL_UNIT_ASSIGNED_CONTEXT((#6708,#6506,#6304))
REPRESENTATION_CONTEXT('ball','TOP_LEVEL_ASSEMBLY_PART')
);
#5901=(
GEOMETRIC_REPRESENTATION_CONTEXT(3)
GLOBAL_UNCERTAINTY_ASSIGNED_CONTEXT((#6103))
GLOBAL_UNIT_ASSIGNED_CONTEXT((#6709,#6507,#6305))
REPRESENTATION_CONTEXT('ball','TOP_LEVEL_ASSEMBLY_PART')
);
#5902=(
GEOMETRIC_REPRESENTATION_CONTEXT(3)
GLOBAL_UNCERTAINTY_ASSIGNED_CONTEXT((#6104))
GLOBAL_UNIT_ASSIGNED_CONTEXT((#6710,#6508,#6306))
REPRESENTATION_CONTEXT('ball','TOP_LEVEL_ASSEMBLY_PART')
);
#5903=(
GEOMETRIC_REPRESENTATION_CONTEXT(3)
GLOBAL_UNCERTAINTY_ASSIGNED_CONTEXT((#6105))
GLOBAL_UNIT_ASSIGNED_CONTEXT((#6711,#6509,#6307))
REPRESENTATION_CONTEXT('ball','TOP_LEVEL_ASSEMBLY_PART')
);
#5904=(
GEOMETRIC_REPRESENTATION_CONTEXT(3)
GLOBAL_UNCERTAINTY_ASSIGNED_CONTEXT((#6106))
GLOBAL_UNIT_ASSIGNED_CONTEXT((#6712,#6510,#6308))
REPRESENTATION_CONTEXT('ball','TOP_LEVEL_ASSEMBLY_PART')
);
#5905=(
GEOMETRIC_REPRESENTATION_CONTEXT(3)
GLOBAL_UNCERTAINTY_ASSIGNED_CONTEXT((#6107))
GLOBAL_UNIT_ASSIGNED_CONTEXT((#6713,#6511,#6309))
REPRESENTATION_CONTEXT('ball','TOP_LEVEL_ASSEMBLY_PART')
);
#5906=(
GEOMETRIC_REPRESENTATION_CONTEXT(3)
GLOBAL_UNCERTAINTY_ASSIGNED_CONTEXT((#6108))
GLOBAL_UNIT_ASSIGNED_CONTEXT((#6714,#6512,#6310))
REPRESENTATION_CONTEXT('ball','TOP_LEVEL_ASSEMBLY_PART')
);
#5907=(
GEOMETRIC_REPRESENTATION_CONTEXT(3)
GLOBAL_UNCERTAINTY_ASSIGNED_CONTEXT((#6109))
GLOBAL_UNIT_ASSIGNED_CONTEXT((#6715,#6513,#6311))
REPRESENTATION_CONTEXT('ball','TOP_LEVEL_ASSEMBLY_PART')
);
#5908=(
GEOMETRIC_REPRESENTATION_CONTEXT(3)
GLOBAL_UNCERTAINTY_ASSIGNED_CONTEXT((#6110))
GLOBAL_UNIT_ASSIGNED_CONTEXT((#6716,#6514,#6312))
REPRESENTATION_CONTEXT('ball','TOP_LEVEL_ASSEMBLY_PART')
);
#5909=(
GEOMETRIC_REPRESENTATION_CONTEXT(3)
GLOBAL_UNCERTAINTY_ASSIGNED_CONTEXT((#6111))
GLOBAL_UNIT_ASSIGNED_CONTEXT((#6717,#6515,#6313))
REPRESENTATION_CONTEXT('ball','TOP_LEVEL_ASSEMBLY_PART')
);
#5910=(
GEOMETRIC_REPRESENTATION_CONTEXT(3)
GLOBAL_UNCERTAINTY_ASSIGNED_CONTEXT((#6112))
GLOBAL_UNIT_ASSIGNED_CONTEXT((#6718,#6516,#6314))
REPRESENTATION_CONTEXT('ball','TOP_LEVEL_ASSEMBLY_PART')
);
#5911=(
GEOMETRIC_REPRESENTATION_CONTEXT(3)
GLOBAL_UNCERTAINTY_ASSIGNED_CONTEXT((#6113))
GLOBAL_UNIT_ASSIGNED_CONTEXT((#6719,#6517,#6315))
REPRESENTATION_CONTEXT('ball','TOP_LEVEL_ASSEMBLY_PART')
);
#5912=(
GEOMETRIC_REPRESENTATION_CONTEXT(3)
GLOBAL_UNCERTAINTY_ASSIGNED_CONTEXT((#6114))
GLOBAL_UNIT_ASSIGNED_CONTEXT((#6720,#6518,#6316))
REPRESENTATION_CONTEXT('ball','TOP_LEVEL_ASSEMBLY_PART')
);
#5913=(
GEOMETRIC_REPRESENTATION_CONTEXT(3)
GLOBAL_UNCERTAINTY_ASSIGNED_CONTEXT((#6115))
GLOBAL_UNIT_ASSIGNED_CONTEXT((#6721,#6519,#6317))
REPRESENTATION_CONTEXT('ball','TOP_LEVEL_ASSEMBLY_PART')
);
#5914=(
GEOMETRIC_REPRESENTATION_CONTEXT(3)
GLOBAL_UNCERTAINTY_ASSIGNED_CONTEXT((#6116))
GLOBAL_UNIT_ASSIGNED_CONTEXT((#6722,#6520,#6318))
REPRESENTATION_CONTEXT('ball','TOP_LEVEL_ASSEMBLY_PART')
);
#5915=(
GEOMETRIC_REPRESENTATION_CONTEXT(3)
GLOBAL_UNCERTAINTY_ASSIGNED_CONTEXT((#6117))
GLOBAL_UNIT_ASSIGNED_CONTEXT((#6723,#6521,#6319))
REPRESENTATION_CONTEXT('ball','TOP_LEVEL_ASSEMBLY_PART')
);
#5916=(
GEOMETRIC_REPRESENTATION_CONTEXT(3)
GLOBAL_UNCERTAINTY_ASSIGNED_CONTEXT((#6118))
GLOBAL_UNIT_ASSIGNED_CONTEXT((#6724,#6522,#6320))
REPRESENTATION_CONTEXT('ball','TOP_LEVEL_ASSEMBLY_PART')
);
#5917=(
GEOMETRIC_REPRESENTATION_CONTEXT(3)
GLOBAL_UNCERTAINTY_ASSIGNED_CONTEXT((#6119))
GLOBAL_UNIT_ASSIGNED_CONTEXT((#6725,#6523,#6321))
REPRESENTATION_CONTEXT('ball','TOP_LEVEL_ASSEMBLY_PART')
);
#5918=(
GEOMETRIC_REPRESENTATION_CONTEXT(3)
GLOBAL_UNCERTAINTY_ASSIGNED_CONTEXT((#6120))
GLOBAL_UNIT_ASSIGNED_CONTEXT((#6726,#6524,#6322))
REPRESENTATION_CONTEXT('ball','TOP_LEVEL_ASSEMBLY_PART')
);
#5919=(
GEOMETRIC_REPRESENTATION_CONTEXT(3)
GLOBAL_UNCERTAINTY_ASSIGNED_CONTEXT((#6121))
GLOBAL_UNIT_ASSIGNED_CONTEXT((#6727,#6525,#6323))
REPRESENTATION_CONTEXT('ball','TOP_LEVEL_ASSEMBLY_PART')
);
#5920=(
GEOMETRIC_REPRESENTATION_CONTEXT(3)
GLOBAL_UNCERTAINTY_ASSIGNED_CONTEXT((#6122))
GLOBAL_UNIT_ASSIGNED_CONTEXT((#6728,#6526,#6324))
REPRESENTATION_CONTEXT('ball','TOP_LEVEL_ASSEMBLY_PART')
);
#5921=(
GEOMETRIC_REPRESENTATION_CONTEXT(3)
GLOBAL_UNCERTAINTY_ASSIGNED_CONTEXT((#6123))
GLOBAL_UNIT_ASSIGNED_CONTEXT((#6729,#6527,#6325))
REPRESENTATION_CONTEXT('ball','TOP_LEVEL_ASSEMBLY_PART')
);
#5922=(
GEOMETRIC_REPRESENTATION_CONTEXT(3)
GLOBAL_UNCERTAINTY_ASSIGNED_CONTEXT((#6124))
GLOBAL_UNIT_ASSIGNED_CONTEXT((#6730,#6528,#6326))
REPRESENTATION_CONTEXT('ball','TOP_LEVEL_ASSEMBLY_PART')
);
#5923=(
GEOMETRIC_REPRESENTATION_CONTEXT(3)
GLOBAL_UNCERTAINTY_ASSIGNED_CONTEXT((#6125))
GLOBAL_UNIT_ASSIGNED_CONTEXT((#6731,#6529,#6327))
REPRESENTATION_CONTEXT('ball','TOP_LEVEL_ASSEMBLY_PART')
);
#5924=(
GEOMETRIC_REPRESENTATION_CONTEXT(3)
GLOBAL_UNCERTAINTY_ASSIGNED_CONTEXT((#6126))
GLOBAL_UNIT_ASSIGNED_CONTEXT((#6732,#6530,#6328))
REPRESENTATION_CONTEXT('ball','TOP_LEVEL_ASSEMBLY_PART')
);
#5925=(
GEOMETRIC_REPRESENTATION_CONTEXT(3)
GLOBAL_UNCERTAINTY_ASSIGNED_CONTEXT((#6127))
GLOBAL_UNIT_ASSIGNED_CONTEXT((#6733,#6531,#6329))
REPRESENTATION_CONTEXT('ball','TOP_LEVEL_ASSEMBLY_PART')
);
#5926=(
GEOMETRIC_REPRESENTATION_CONTEXT(3)
GLOBAL_UNCERTAINTY_ASSIGNED_CONTEXT((#6128))
GLOBAL_UNIT_ASSIGNED_CONTEXT((#6734,#6532,#6330))
REPRESENTATION_CONTEXT('ball','TOP_LEVEL_ASSEMBLY_PART')
);
#5927=(
GEOMETRIC_REPRESENTATION_CONTEXT(3)
GLOBAL_UNCERTAINTY_ASSIGNED_CONTEXT((#6129))
GLOBAL_UNIT_ASSIGNED_CONTEXT((#6735,#6533,#6331))
REPRESENTATION_CONTEXT('ball','TOP_LEVEL_ASSEMBLY_PART')
);
#5928=(
GEOMETRIC_REPRESENTATION_CONTEXT(3)
GLOBAL_UNCERTAINTY_ASSIGNED_CONTEXT((#6130))
GLOBAL_UNIT_ASSIGNED_CONTEXT((#6736,#6534,#6332))
REPRESENTATION_CONTEXT('ball','TOP_LEVEL_ASSEMBLY_PART')
);
#5929=(
GEOMETRIC_REPRESENTATION_CONTEXT(3)
GLOBAL_UNCERTAINTY_ASSIGNED_CONTEXT((#6131))
GLOBAL_UNIT_ASSIGNED_CONTEXT((#6737,#6535,#6333))
REPRESENTATION_CONTEXT('ball','TOP_LEVEL_ASSEMBLY_PART')
);
#5930=(
GEOMETRIC_REPRESENTATION_CONTEXT(3)
GLOBAL_UNCERTAINTY_ASSIGNED_CONTEXT((#6132))
GLOBAL_UNIT_ASSIGNED_CONTEXT((#6738,#6536,#6334))
REPRESENTATION_CONTEXT('ball','TOP_LEVEL_ASSEMBLY_PART')
);
#5931=(
GEOMETRIC_REPRESENTATION_CONTEXT(3)
GLOBAL_UNCERTAINTY_ASSIGNED_CONTEXT((#6133))
GLOBAL_UNIT_ASSIGNED_CONTEXT((#6739,#6537,#6335))
REPRESENTATION_CONTEXT('Open CASCADE STEP translator 7.5 23.2.1','TOP_LEVEL_ASSEMBLY_PART')
);
#5932=(
GEOMETRIC_REPRESENTATION_CONTEXT(3)
GLOBAL_UNCERTAINTY_ASSIGNED_CONTEXT((#6134))
GLOBAL_UNIT_ASSIGNED_CONTEXT((#6740,#6538,#6336))
REPRESENTATION_CONTEXT('ball','TOP_LEVEL_ASSEMBLY_PART')
);
#5933=(
GEOMETRIC_REPRESENTATION_CONTEXT(3)
GLOBAL_UNCERTAINTY_ASSIGNED_CONTEXT((#6135))
GLOBAL_UNIT_ASSIGNED_CONTEXT((#6741,#6539,#6337))
REPRESENTATION_CONTEXT('ball','TOP_LEVEL_ASSEMBLY_PART')
);
#5934=(
GEOMETRIC_REPRESENTATION_CONTEXT(3)
GLOBAL_UNCERTAINTY_ASSIGNED_CONTEXT((#6136))
GLOBAL_UNIT_ASSIGNED_CONTEXT((#6742,#6540,#6338))
REPRESENTATION_CONTEXT('ball','TOP_LEVEL_ASSEMBLY_PART')
);
#5935=(
GEOMETRIC_REPRESENTATION_CONTEXT(3)
GLOBAL_UNCERTAINTY_ASSIGNED_CONTEXT((#6137))
GLOBAL_UNIT_ASSIGNED_CONTEXT((#6743,#6541,#6339))
REPRESENTATION_CONTEXT('ball','TOP_LEVEL_ASSEMBLY_PART')
);
#5936=(
GEOMETRIC_REPRESENTATION_CONTEXT(3)
GLOBAL_UNCERTAINTY_ASSIGNED_CONTEXT((#6138))
GLOBAL_UNIT_ASSIGNED_CONTEXT((#6744,#6542,#6340))
REPRESENTATION_CONTEXT('ball','TOP_LEVEL_ASSEMBLY_PART')
);
#5937=(
GEOMETRIC_REPRESENTATION_CONTEXT(3)
GLOBAL_UNCERTAINTY_ASSIGNED_CONTEXT((#6139))
GLOBAL_UNIT_ASSIGNED_CONTEXT((#6745,#6543,#6341))
REPRESENTATION_CONTEXT('ball','TOP_LEVEL_ASSEMBLY_PART')
);
#5938=(
GEOMETRIC_REPRESENTATION_CONTEXT(3)
GLOBAL_UNCERTAINTY_ASSIGNED_CONTEXT((#6140))
GLOBAL_UNIT_ASSIGNED_CONTEXT((#6746,#6544,#6342))
REPRESENTATION_CONTEXT('ball','TOP_LEVEL_ASSEMBLY_PART')
);
#5939=(
GEOMETRIC_REPRESENTATION_CONTEXT(3)
GLOBAL_UNCERTAINTY_ASSIGNED_CONTEXT((#6141))
GLOBAL_UNIT_ASSIGNED_CONTEXT((#6747,#6545,#6343))
REPRESENTATION_CONTEXT('ball','TOP_LEVEL_ASSEMBLY_PART')
);
#5940=(
GEOMETRIC_REPRESENTATION_CONTEXT(3)
GLOBAL_UNCERTAINTY_ASSIGNED_CONTEXT((#6142))
GLOBAL_UNIT_ASSIGNED_CONTEXT((#6748,#6546,#6344))
REPRESENTATION_CONTEXT('ball','TOP_LEVEL_ASSEMBLY_PART')
);
#5941=(
GEOMETRIC_REPRESENTATION_CONTEXT(3)
GLOBAL_UNCERTAINTY_ASSIGNED_CONTEXT((#6143))
GLOBAL_UNIT_ASSIGNED_CONTEXT((#6749,#6547,#6345))
REPRESENTATION_CONTEXT('ball','TOP_LEVEL_ASSEMBLY_PART')
);
#5942=(
GEOMETRIC_REPRESENTATION_CONTEXT(3)
GLOBAL_UNCERTAINTY_ASSIGNED_CONTEXT((#6144))
GLOBAL_UNIT_ASSIGNED_CONTEXT((#6750,#6548,#6346))
REPRESENTATION_CONTEXT('ball','TOP_LEVEL_ASSEMBLY_PART')
);
#5943=(
GEOMETRIC_REPRESENTATION_CONTEXT(3)
GLOBAL_UNCERTAINTY_ASSIGNED_CONTEXT((#6145))
GLOBAL_UNIT_ASSIGNED_CONTEXT((#6751,#6549,#6347))
REPRESENTATION_CONTEXT('ball','TOP_LEVEL_ASSEMBLY_PART')
);
#5944=(
GEOMETRIC_REPRESENTATION_CONTEXT(3)
GLOBAL_UNCERTAINTY_ASSIGNED_CONTEXT((#6146))
GLOBAL_UNIT_ASSIGNED_CONTEXT((#6752,#6550,#6348))
REPRESENTATION_CONTEXT('ball','TOP_LEVEL_ASSEMBLY_PART')
);
#5945=(
GEOMETRIC_REPRESENTATION_CONTEXT(3)
GLOBAL_UNCERTAINTY_ASSIGNED_CONTEXT((#6147))
GLOBAL_UNIT_ASSIGNED_CONTEXT((#6753,#6551,#6349))
REPRESENTATION_CONTEXT('ball','TOP_LEVEL_ASSEMBLY_PART')
);
#5946=(
GEOMETRIC_REPRESENTATION_CONTEXT(3)
GLOBAL_UNCERTAINTY_ASSIGNED_CONTEXT((#6148))
GLOBAL_UNIT_ASSIGNED_CONTEXT((#6754,#6552,#6350))
REPRESENTATION_CONTEXT('ball','TOP_LEVEL_ASSEMBLY_PART')
);
#5947=(
GEOMETRIC_REPRESENTATION_CONTEXT(3)
GLOBAL_UNCERTAINTY_ASSIGNED_CONTEXT((#6149))
GLOBAL_UNIT_ASSIGNED_CONTEXT((#6755,#6553,#6351))
REPRESENTATION_CONTEXT('ball','TOP_LEVEL_ASSEMBLY_PART')
);
#5948=(
GEOMETRIC_REPRESENTATION_CONTEXT(3)
GLOBAL_UNCERTAINTY_ASSIGNED_CONTEXT((#6150))
GLOBAL_UNIT_ASSIGNED_CONTEXT((#6756,#6554,#6352))
REPRESENTATION_CONTEXT('ball','TOP_LEVEL_ASSEMBLY_PART')
);
#5949=(
GEOMETRIC_REPRESENTATION_CONTEXT(3)
GLOBAL_UNCERTAINTY_ASSIGNED_CONTEXT((#6151))
GLOBAL_UNIT_ASSIGNED_CONTEXT((#6757,#6555,#6353))
REPRESENTATION_CONTEXT('ball','TOP_LEVEL_ASSEMBLY_PART')
);
#5950=(
GEOMETRIC_REPRESENTATION_CONTEXT(3)
GLOBAL_UNCERTAINTY_ASSIGNED_CONTEXT((#6152))
GLOBAL_UNIT_ASSIGNED_CONTEXT((#6758,#6556,#6354))
REPRESENTATION_CONTEXT('ball','TOP_LEVEL_ASSEMBLY_PART')
);
#5951=(
GEOMETRIC_REPRESENTATION_CONTEXT(3)
GLOBAL_UNCERTAINTY_ASSIGNED_CONTEXT((#6153))
GLOBAL_UNIT_ASSIGNED_CONTEXT((#6759,#6557,#6355))
REPRESENTATION_CONTEXT('ball','TOP_LEVEL_ASSEMBLY_PART')
);
#5952=(
GEOMETRIC_REPRESENTATION_CONTEXT(3)
GLOBAL_UNCERTAINTY_ASSIGNED_CONTEXT((#6154))
GLOBAL_UNIT_ASSIGNED_CONTEXT((#6760,#6558,#6356))
REPRESENTATION_CONTEXT('ball','TOP_LEVEL_ASSEMBLY_PART')
);
#5953=(
GEOMETRIC_REPRESENTATION_CONTEXT(3)
GLOBAL_UNCERTAINTY_ASSIGNED_CONTEXT((#6155))
GLOBAL_UNIT_ASSIGNED_CONTEXT((#6761,#6559,#6357))
REPRESENTATION_CONTEXT('ball','TOP_LEVEL_ASSEMBLY_PART')
);
#5954=(
GEOMETRIC_REPRESENTATION_CONTEXT(3)
GLOBAL_UNCERTAINTY_ASSIGNED_CONTEXT((#6156))
GLOBAL_UNIT_ASSIGNED_CONTEXT((#6762,#6560,#6358))
REPRESENTATION_CONTEXT('ball','TOP_LEVEL_ASSEMBLY_PART')
);
#5955=(
GEOMETRIC_REPRESENTATION_CONTEXT(3)
GLOBAL_UNCERTAINTY_ASSIGNED_CONTEXT((#6157))
GLOBAL_UNIT_ASSIGNED_CONTEXT((#6763,#6561,#6359))
REPRESENTATION_CONTEXT('ball','TOP_LEVEL_ASSEMBLY_PART')
);
#5956=(
GEOMETRIC_REPRESENTATION_CONTEXT(3)
GLOBAL_UNCERTAINTY_ASSIGNED_CONTEXT((#6158))
GLOBAL_UNIT_ASSIGNED_CONTEXT((#6764,#6562,#6360))
REPRESENTATION_CONTEXT('ball','TOP_LEVEL_ASSEMBLY_PART')
);
#5957=(
GEOMETRIC_REPRESENTATION_CONTEXT(3)
GLOBAL_UNCERTAINTY_ASSIGNED_CONTEXT((#6159))
GLOBAL_UNIT_ASSIGNED_CONTEXT((#6765,#6563,#6361))
REPRESENTATION_CONTEXT('ball','TOP_LEVEL_ASSEMBLY_PART')
);
#5958=(
GEOMETRIC_REPRESENTATION_CONTEXT(3)
GLOBAL_UNCERTAINTY_ASSIGNED_CONTEXT((#6160))
GLOBAL_UNIT_ASSIGNED_CONTEXT((#6766,#6564,#6362))
REPRESENTATION_CONTEXT('ball','TOP_LEVEL_ASSEMBLY_PART')
);
#5959=(
GEOMETRIC_REPRESENTATION_CONTEXT(3)
GLOBAL_UNCERTAINTY_ASSIGNED_CONTEXT((#6161))
GLOBAL_UNIT_ASSIGNED_CONTEXT((#6767,#6565,#6363))
REPRESENTATION_CONTEXT('ball','TOP_LEVEL_ASSEMBLY_PART')
);
#5960=(
GEOMETRIC_REPRESENTATION_CONTEXT(3)
GLOBAL_UNCERTAINTY_ASSIGNED_CONTEXT((#6162))
GLOBAL_UNIT_ASSIGNED_CONTEXT((#6768,#6566,#6364))
REPRESENTATION_CONTEXT('ball','TOP_LEVEL_ASSEMBLY_PART')
);
#5961=(
GEOMETRIC_REPRESENTATION_CONTEXT(3)
GLOBAL_UNCERTAINTY_ASSIGNED_CONTEXT((#6163))
GLOBAL_UNIT_ASSIGNED_CONTEXT((#6769,#6567,#6365))
REPRESENTATION_CONTEXT('ball','TOP_LEVEL_ASSEMBLY_PART')
);
#5962=(
GEOMETRIC_REPRESENTATION_CONTEXT(3)
GLOBAL_UNCERTAINTY_ASSIGNED_CONTEXT((#6164))
GLOBAL_UNIT_ASSIGNED_CONTEXT((#6770,#6568,#6366))
REPRESENTATION_CONTEXT('ball','TOP_LEVEL_ASSEMBLY_PART')
);
#5963=(
GEOMETRIC_REPRESENTATION_CONTEXT(3)
GLOBAL_UNCERTAINTY_ASSIGNED_CONTEXT((#6165))
GLOBAL_UNIT_ASSIGNED_CONTEXT((#6771,#6569,#6367))
REPRESENTATION_CONTEXT('ball','TOP_LEVEL_ASSEMBLY_PART')
);
#5964=(
GEOMETRIC_REPRESENTATION_CONTEXT(3)
GLOBAL_UNCERTAINTY_ASSIGNED_CONTEXT((#6166))
GLOBAL_UNIT_ASSIGNED_CONTEXT((#6772,#6570,#6368))
REPRESENTATION_CONTEXT('ball','TOP_LEVEL_ASSEMBLY_PART')
);
#5965=(
GEOMETRIC_REPRESENTATION_CONTEXT(3)
GLOBAL_UNCERTAINTY_ASSIGNED_CONTEXT((#6167))
GLOBAL_UNIT_ASSIGNED_CONTEXT((#6773,#6571,#6369))
REPRESENTATION_CONTEXT('ball','TOP_LEVEL_ASSEMBLY_PART')
);
#5966=(
GEOMETRIC_REPRESENTATION_CONTEXT(3)
GLOBAL_UNCERTAINTY_ASSIGNED_CONTEXT((#6168))
GLOBAL_UNIT_ASSIGNED_CONTEXT((#6774,#6572,#6370))
REPRESENTATION_CONTEXT('ball','TOP_LEVEL_ASSEMBLY_PART')
);
#5967=(
GEOMETRIC_REPRESENTATION_CONTEXT(3)
GLOBAL_UNCERTAINTY_ASSIGNED_CONTEXT((#6169))
GLOBAL_UNIT_ASSIGNED_CONTEXT((#6775,#6573,#6371))
REPRESENTATION_CONTEXT('ball','TOP_LEVEL_ASSEMBLY_PART')
);
#5968=(
GEOMETRIC_REPRESENTATION_CONTEXT(3)
GLOBAL_UNCERTAINTY_ASSIGNED_CONTEXT((#6170))
GLOBAL_UNIT_ASSIGNED_CONTEXT((#6776,#6574,#6372))
REPRESENTATION_CONTEXT('ball','TOP_LEVEL_ASSEMBLY_PART')
);
#5969=(
GEOMETRIC_REPRESENTATION_CONTEXT(3)
GLOBAL_UNCERTAINTY_ASSIGNED_CONTEXT((#6171))
GLOBAL_UNIT_ASSIGNED_CONTEXT((#6777,#6575,#6373))
REPRESENTATION_CONTEXT('ball','TOP_LEVEL_ASSEMBLY_PART')
);
#5970=(
GEOMETRIC_REPRESENTATION_CONTEXT(3)
GLOBAL_UNCERTAINTY_ASSIGNED_CONTEXT((#6172))
GLOBAL_UNIT_ASSIGNED_CONTEXT((#6778,#6576,#6374))
REPRESENTATION_CONTEXT('ball','TOP_LEVEL_ASSEMBLY_PART')
);
#5971=(
GEOMETRIC_REPRESENTATION_CONTEXT(3)
GLOBAL_UNCERTAINTY_ASSIGNED_CONTEXT((#6173))
GLOBAL_UNIT_ASSIGNED_CONTEXT((#6779,#6577,#6375))
REPRESENTATION_CONTEXT('ball','TOP_LEVEL_ASSEMBLY_PART')
);
#5972=(
GEOMETRIC_REPRESENTATION_CONTEXT(3)
GLOBAL_UNCERTAINTY_ASSIGNED_CONTEXT((#6174))
GLOBAL_UNIT_ASSIGNED_CONTEXT((#6780,#6578,#6376))
REPRESENTATION_CONTEXT('ball','TOP_LEVEL_ASSEMBLY_PART')
);
#5973=(
GEOMETRIC_REPRESENTATION_CONTEXT(3)
GLOBAL_UNCERTAINTY_ASSIGNED_CONTEXT((#6175))
GLOBAL_UNIT_ASSIGNED_CONTEXT((#6781,#6579,#6377))
REPRESENTATION_CONTEXT('ball','TOP_LEVEL_ASSEMBLY_PART')
);
#5974=(
GEOMETRIC_REPRESENTATION_CONTEXT(3)
GLOBAL_UNCERTAINTY_ASSIGNED_CONTEXT((#6176))
GLOBAL_UNIT_ASSIGNED_CONTEXT((#6782,#6580,#6378))
REPRESENTATION_CONTEXT('ball','TOP_LEVEL_ASSEMBLY_PART')
);
#5975=(
GEOMETRIC_REPRESENTATION_CONTEXT(3)
GLOBAL_UNCERTAINTY_ASSIGNED_CONTEXT((#6177))
GLOBAL_UNIT_ASSIGNED_CONTEXT((#6783,#6581,#6379))
REPRESENTATION_CONTEXT('ball','TOP_LEVEL_ASSEMBLY_PART')
);
#5976=(
GEOMETRIC_REPRESENTATION_CONTEXT(3)
GLOBAL_UNCERTAINTY_ASSIGNED_CONTEXT((#6178))
GLOBAL_UNIT_ASSIGNED_CONTEXT((#6784,#6582,#6380))
REPRESENTATION_CONTEXT('ball','TOP_LEVEL_ASSEMBLY_PART')
);
#5977=(
GEOMETRIC_REPRESENTATION_CONTEXT(3)
GLOBAL_UNCERTAINTY_ASSIGNED_CONTEXT((#6179))
GLOBAL_UNIT_ASSIGNED_CONTEXT((#6785,#6583,#6381))
REPRESENTATION_CONTEXT('ball','TOP_LEVEL_ASSEMBLY_PART')
);
#5978=(
GEOMETRIC_REPRESENTATION_CONTEXT(3)
GLOBAL_UNCERTAINTY_ASSIGNED_CONTEXT((#6180))
GLOBAL_UNIT_ASSIGNED_CONTEXT((#6786,#6584,#6382))
REPRESENTATION_CONTEXT('ball','TOP_LEVEL_ASSEMBLY_PART')
);
#5979=(
GEOMETRIC_REPRESENTATION_CONTEXT(3)
GLOBAL_UNCERTAINTY_ASSIGNED_CONTEXT((#6181))
GLOBAL_UNIT_ASSIGNED_CONTEXT((#6787,#6585,#6383))
REPRESENTATION_CONTEXT('ball','TOP_LEVEL_ASSEMBLY_PART')
);
#5980=(
GEOMETRIC_REPRESENTATION_CONTEXT(3)
GLOBAL_UNCERTAINTY_ASSIGNED_CONTEXT((#6182))
GLOBAL_UNIT_ASSIGNED_CONTEXT((#6788,#6586,#6384))
REPRESENTATION_CONTEXT('ball','TOP_LEVEL_ASSEMBLY_PART')
);
#5981=(
GEOMETRIC_REPRESENTATION_CONTEXT(3)
GLOBAL_UNCERTAINTY_ASSIGNED_CONTEXT((#6183))
GLOBAL_UNIT_ASSIGNED_CONTEXT((#6789,#6587,#6385))
REPRESENTATION_CONTEXT('ball','TOP_LEVEL_ASSEMBLY_PART')
);
#5982=(
GEOMETRIC_REPRESENTATION_CONTEXT(3)
GLOBAL_UNCERTAINTY_ASSIGNED_CONTEXT((#6184))
GLOBAL_UNIT_ASSIGNED_CONTEXT((#6790,#6588,#6386))
REPRESENTATION_CONTEXT('ball','TOP_LEVEL_ASSEMBLY_PART')
);
#5983=(
GEOMETRIC_REPRESENTATION_CONTEXT(3)
GLOBAL_UNCERTAINTY_ASSIGNED_CONTEXT((#6185))
GLOBAL_UNIT_ASSIGNED_CONTEXT((#6791,#6589,#6387))
REPRESENTATION_CONTEXT('ball','TOP_LEVEL_ASSEMBLY_PART')
);
#5984=(
GEOMETRIC_REPRESENTATION_CONTEXT(3)
GLOBAL_UNCERTAINTY_ASSIGNED_CONTEXT((#6186))
GLOBAL_UNIT_ASSIGNED_CONTEXT((#6792,#6590,#6388))
REPRESENTATION_CONTEXT('ball','TOP_LEVEL_ASSEMBLY_PART')
);
#5985=(
GEOMETRIC_REPRESENTATION_CONTEXT(3)
GLOBAL_UNCERTAINTY_ASSIGNED_CONTEXT((#6187))
GLOBAL_UNIT_ASSIGNED_CONTEXT((#6793,#6591,#6389))
REPRESENTATION_CONTEXT('ball','TOP_LEVEL_ASSEMBLY_PART')
);
#5986=(
GEOMETRIC_REPRESENTATION_CONTEXT(3)
GLOBAL_UNCERTAINTY_ASSIGNED_CONTEXT((#6188))
GLOBAL_UNIT_ASSIGNED_CONTEXT((#6794,#6592,#6390))
REPRESENTATION_CONTEXT('ball','TOP_LEVEL_ASSEMBLY_PART')
);
#5987=(
GEOMETRIC_REPRESENTATION_CONTEXT(3)
GLOBAL_UNCERTAINTY_ASSIGNED_CONTEXT((#6189))
GLOBAL_UNIT_ASSIGNED_CONTEXT((#6795,#6593,#6391))
REPRESENTATION_CONTEXT('ball','TOP_LEVEL_ASSEMBLY_PART')
);
#5988=(
GEOMETRIC_REPRESENTATION_CONTEXT(3)
GLOBAL_UNCERTAINTY_ASSIGNED_CONTEXT((#6190))
GLOBAL_UNIT_ASSIGNED_CONTEXT((#6796,#6594,#6392))
REPRESENTATION_CONTEXT('ball','TOP_LEVEL_ASSEMBLY_PART')
);
#5989=(
GEOMETRIC_REPRESENTATION_CONTEXT(3)
GLOBAL_UNCERTAINTY_ASSIGNED_CONTEXT((#6191))
GLOBAL_UNIT_ASSIGNED_CONTEXT((#6797,#6595,#6393))
REPRESENTATION_CONTEXT('ball','TOP_LEVEL_ASSEMBLY_PART')
);
#5990=(
GEOMETRIC_REPRESENTATION_CONTEXT(3)
GLOBAL_UNCERTAINTY_ASSIGNED_CONTEXT((#6192))
GLOBAL_UNIT_ASSIGNED_CONTEXT((#6798,#6596,#6394))
REPRESENTATION_CONTEXT('ball','TOP_LEVEL_ASSEMBLY_PART')
);
#5991=(
GEOMETRIC_REPRESENTATION_CONTEXT(3)
GLOBAL_UNCERTAINTY_ASSIGNED_CONTEXT((#6193))
GLOBAL_UNIT_ASSIGNED_CONTEXT((#6799,#6597,#6395))
REPRESENTATION_CONTEXT('ball','TOP_LEVEL_ASSEMBLY_PART')
);
#5992=(
GEOMETRIC_REPRESENTATION_CONTEXT(3)
GLOBAL_UNCERTAINTY_ASSIGNED_CONTEXT((#6194))
GLOBAL_UNIT_ASSIGNED_CONTEXT((#6800,#6598,#6396))
REPRESENTATION_CONTEXT('ball','TOP_LEVEL_ASSEMBLY_PART')
);
#5993=(
GEOMETRIC_REPRESENTATION_CONTEXT(3)
GLOBAL_UNCERTAINTY_ASSIGNED_CONTEXT((#6195))
GLOBAL_UNIT_ASSIGNED_CONTEXT((#6801,#6599,#6397))
REPRESENTATION_CONTEXT('ball','TOP_LEVEL_ASSEMBLY_PART')
);
#5994=(
GEOMETRIC_REPRESENTATION_CONTEXT(3)
GLOBAL_UNCERTAINTY_ASSIGNED_CONTEXT((#6196))
GLOBAL_UNIT_ASSIGNED_CONTEXT((#6802,#6600,#6398))
REPRESENTATION_CONTEXT('ball','TOP_LEVEL_ASSEMBLY_PART')
);
#5995=(
GEOMETRIC_REPRESENTATION_CONTEXT(3)
GLOBAL_UNCERTAINTY_ASSIGNED_CONTEXT((#6197))
GLOBAL_UNIT_ASSIGNED_CONTEXT((#6803,#6601,#6399))
REPRESENTATION_CONTEXT('ball','TOP_LEVEL_ASSEMBLY_PART')
);
#5996=(
GEOMETRIC_REPRESENTATION_CONTEXT(3)
GLOBAL_UNCERTAINTY_ASSIGNED_CONTEXT((#6198))
GLOBAL_UNIT_ASSIGNED_CONTEXT((#6804,#6602,#6400))
REPRESENTATION_CONTEXT('ball','TOP_LEVEL_ASSEMBLY_PART')
);
#5997=(
GEOMETRIC_REPRESENTATION_CONTEXT(3)
GLOBAL_UNCERTAINTY_ASSIGNED_CONTEXT((#6199))
GLOBAL_UNIT_ASSIGNED_CONTEXT((#6805,#6603,#6401))
REPRESENTATION_CONTEXT('ball','TOP_LEVEL_ASSEMBLY_PART')
);
#5998=(
GEOMETRIC_REPRESENTATION_CONTEXT(3)
GLOBAL_UNCERTAINTY_ASSIGNED_CONTEXT((#6200))
GLOBAL_UNIT_ASSIGNED_CONTEXT((#6806,#6604,#6402))
REPRESENTATION_CONTEXT('ball','TOP_LEVEL_ASSEMBLY_PART')
);
#5999=(
GEOMETRIC_REPRESENTATION_CONTEXT(3)
GLOBAL_UNCERTAINTY_ASSIGNED_CONTEXT((#6201))
GLOBAL_UNIT_ASSIGNED_CONTEXT((#6807,#6605,#6403))
REPRESENTATION_CONTEXT('ball','TOP_LEVEL_ASSEMBLY_PART')
);
#6000=(
GEOMETRIC_REPRESENTATION_CONTEXT(3)
GLOBAL_UNCERTAINTY_ASSIGNED_CONTEXT((#6202))
GLOBAL_UNIT_ASSIGNED_CONTEXT((#6808,#6606,#6404))
REPRESENTATION_CONTEXT('ball','TOP_LEVEL_ASSEMBLY_PART')
);
#6001=(
GEOMETRIC_REPRESENTATION_CONTEXT(3)
GLOBAL_UNCERTAINTY_ASSIGNED_CONTEXT((#6203))
GLOBAL_UNIT_ASSIGNED_CONTEXT((#6809,#6607,#6405))
REPRESENTATION_CONTEXT('ball','TOP_LEVEL_ASSEMBLY_PART')
);
#6002=(
GEOMETRIC_REPRESENTATION_CONTEXT(3)
GLOBAL_UNCERTAINTY_ASSIGNED_CONTEXT((#6204))
GLOBAL_UNIT_ASSIGNED_CONTEXT((#6810,#6608,#6406))
REPRESENTATION_CONTEXT('ball','TOP_LEVEL_ASSEMBLY_PART')
);
#6003=(
GEOMETRIC_REPRESENTATION_CONTEXT(3)
GLOBAL_UNCERTAINTY_ASSIGNED_CONTEXT((#6205))
GLOBAL_UNIT_ASSIGNED_CONTEXT((#6811,#6609,#6407))
REPRESENTATION_CONTEXT('ball','TOP_LEVEL_ASSEMBLY_PART')
);
#6004=(
GEOMETRIC_REPRESENTATION_CONTEXT(3)
GLOBAL_UNCERTAINTY_ASSIGNED_CONTEXT((#6206))
GLOBAL_UNIT_ASSIGNED_CONTEXT((#6812,#6610,#6408))
REPRESENTATION_CONTEXT('ball','TOP_LEVEL_ASSEMBLY_PART')
);
#6005=(
GEOMETRIC_REPRESENTATION_CONTEXT(3)
GLOBAL_UNCERTAINTY_ASSIGNED_CONTEXT((#6207))
GLOBAL_UNIT_ASSIGNED_CONTEXT((#6813,#6611,#6409))
REPRESENTATION_CONTEXT('ball','TOP_LEVEL_ASSEMBLY_PART')
);
#6006=(
GEOMETRIC_REPRESENTATION_CONTEXT(3)
GLOBAL_UNCERTAINTY_ASSIGNED_CONTEXT((#6208))
GLOBAL_UNIT_ASSIGNED_CONTEXT((#6814,#6612,#6410))
REPRESENTATION_CONTEXT('ball','TOP_LEVEL_ASSEMBLY_PART')
);
#6007=(
GEOMETRIC_REPRESENTATION_CONTEXT(3)
GLOBAL_UNCERTAINTY_ASSIGNED_CONTEXT((#6209))
GLOBAL_UNIT_ASSIGNED_CONTEXT((#6815,#6613,#6411))
REPRESENTATION_CONTEXT('ball','TOP_LEVEL_ASSEMBLY_PART')
);
#6008=(
GEOMETRIC_REPRESENTATION_CONTEXT(3)
GLOBAL_UNCERTAINTY_ASSIGNED_CONTEXT((#6210))
GLOBAL_UNIT_ASSIGNED_CONTEXT((#6816,#6614,#6412))
REPRESENTATION_CONTEXT('ball','TOP_LEVEL_ASSEMBLY_PART')
);
#6009=(
GEOMETRIC_REPRESENTATION_CONTEXT(3)
GLOBAL_UNCERTAINTY_ASSIGNED_CONTEXT((#6211))
GLOBAL_UNIT_ASSIGNED_CONTEXT((#6817,#6615,#6413))
REPRESENTATION_CONTEXT('ball','TOP_LEVEL_ASSEMBLY_PART')
);
#6010=(
GEOMETRIC_REPRESENTATION_CONTEXT(3)
GLOBAL_UNCERTAINTY_ASSIGNED_CONTEXT((#6212))
GLOBAL_UNIT_ASSIGNED_CONTEXT((#6818,#6616,#6414))
REPRESENTATION_CONTEXT('ball','TOP_LEVEL_ASSEMBLY_PART')
);
#6011=(
GEOMETRIC_REPRESENTATION_CONTEXT(3)
GLOBAL_UNCERTAINTY_ASSIGNED_CONTEXT((#6213))
GLOBAL_UNIT_ASSIGNED_CONTEXT((#6819,#6617,#6415))
REPRESENTATION_CONTEXT('ball','TOP_LEVEL_ASSEMBLY_PART')
);
#6012=(
GEOMETRIC_REPRESENTATION_CONTEXT(3)
GLOBAL_UNCERTAINTY_ASSIGNED_CONTEXT((#6214))
GLOBAL_UNIT_ASSIGNED_CONTEXT((#6820,#6618,#6416))
REPRESENTATION_CONTEXT('ball','TOP_LEVEL_ASSEMBLY_PART')
);
#6013=(
GEOMETRIC_REPRESENTATION_CONTEXT(3)
GLOBAL_UNCERTAINTY_ASSIGNED_CONTEXT((#6215))
GLOBAL_UNIT_ASSIGNED_CONTEXT((#6821,#6619,#6417))
REPRESENTATION_CONTEXT('ball','TOP_LEVEL_ASSEMBLY_PART')
);
#6014=(
GEOMETRIC_REPRESENTATION_CONTEXT(3)
GLOBAL_UNCERTAINTY_ASSIGNED_CONTEXT((#6216))
GLOBAL_UNIT_ASSIGNED_CONTEXT((#6822,#6620,#6418))
REPRESENTATION_CONTEXT('ball','TOP_LEVEL_ASSEMBLY_PART')
);
#6015=(
GEOMETRIC_REPRESENTATION_CONTEXT(3)
GLOBAL_UNCERTAINTY_ASSIGNED_CONTEXT((#6217))
GLOBAL_UNIT_ASSIGNED_CONTEXT((#6823,#6621,#6419))
REPRESENTATION_CONTEXT('ball','TOP_LEVEL_ASSEMBLY_PART')
);
#6016=(
GEOMETRIC_REPRESENTATION_CONTEXT(3)
GLOBAL_UNCERTAINTY_ASSIGNED_CONTEXT((#6218))
GLOBAL_UNIT_ASSIGNED_CONTEXT((#6824,#6622,#6420))
REPRESENTATION_CONTEXT('ball','TOP_LEVEL_ASSEMBLY_PART')
);
#6017=(
GEOMETRIC_REPRESENTATION_CONTEXT(3)
GLOBAL_UNCERTAINTY_ASSIGNED_CONTEXT((#6219))
GLOBAL_UNIT_ASSIGNED_CONTEXT((#6825,#6623,#6421))
REPRESENTATION_CONTEXT('ball','TOP_LEVEL_ASSEMBLY_PART')
);
#6018=(
GEOMETRIC_REPRESENTATION_CONTEXT(3)
GLOBAL_UNCERTAINTY_ASSIGNED_CONTEXT((#6220))
GLOBAL_UNIT_ASSIGNED_CONTEXT((#6826,#6624,#6422))
REPRESENTATION_CONTEXT('ball','TOP_LEVEL_ASSEMBLY_PART')
);
#6019=(
GEOMETRIC_REPRESENTATION_CONTEXT(3)
GLOBAL_UNCERTAINTY_ASSIGNED_CONTEXT((#6221))
GLOBAL_UNIT_ASSIGNED_CONTEXT((#6827,#6625,#6423))
REPRESENTATION_CONTEXT('ball','TOP_LEVEL_ASSEMBLY_PART')
);
#6020=(
GEOMETRIC_REPRESENTATION_CONTEXT(3)
GLOBAL_UNCERTAINTY_ASSIGNED_CONTEXT((#6222))
GLOBAL_UNIT_ASSIGNED_CONTEXT((#6828,#6626,#6424))
REPRESENTATION_CONTEXT('ball','TOP_LEVEL_ASSEMBLY_PART')
);
#6021=(
GEOMETRIC_REPRESENTATION_CONTEXT(3)
GLOBAL_UNCERTAINTY_ASSIGNED_CONTEXT((#6223))
GLOBAL_UNIT_ASSIGNED_CONTEXT((#6829,#6627,#6425))
REPRESENTATION_CONTEXT('ball','TOP_LEVEL_ASSEMBLY_PART')
);
#6022=(
GEOMETRIC_REPRESENTATION_CONTEXT(3)
GLOBAL_UNCERTAINTY_ASSIGNED_CONTEXT((#6224))
GLOBAL_UNIT_ASSIGNED_CONTEXT((#6830,#6628,#6426))
REPRESENTATION_CONTEXT('ball','TOP_LEVEL_ASSEMBLY_PART')
);
#6023=(
GEOMETRIC_REPRESENTATION_CONTEXT(3)
GLOBAL_UNCERTAINTY_ASSIGNED_CONTEXT((#6225))
GLOBAL_UNIT_ASSIGNED_CONTEXT((#6831,#6629,#6427))
REPRESENTATION_CONTEXT('ball','TOP_LEVEL_ASSEMBLY_PART')
);
#6024=(
GEOMETRIC_REPRESENTATION_CONTEXT(3)
GLOBAL_UNCERTAINTY_ASSIGNED_CONTEXT((#6226))
GLOBAL_UNIT_ASSIGNED_CONTEXT((#6832,#6630,#6428))
REPRESENTATION_CONTEXT('ball','TOP_LEVEL_ASSEMBLY_PART')
);
#6025=(
GEOMETRIC_REPRESENTATION_CONTEXT(3)
GLOBAL_UNCERTAINTY_ASSIGNED_CONTEXT((#6227))
GLOBAL_UNIT_ASSIGNED_CONTEXT((#6833,#6631,#6429))
REPRESENTATION_CONTEXT('ball','TOP_LEVEL_ASSEMBLY_PART')
);
#6026=(
GEOMETRIC_REPRESENTATION_CONTEXT(3)
GLOBAL_UNCERTAINTY_ASSIGNED_CONTEXT((#6228))
GLOBAL_UNIT_ASSIGNED_CONTEXT((#6834,#6632,#6430))
REPRESENTATION_CONTEXT('ball','TOP_LEVEL_ASSEMBLY_PART')
);
#6027=(
GEOMETRIC_REPRESENTATION_CONTEXT(3)
GLOBAL_UNCERTAINTY_ASSIGNED_CONTEXT((#6229))
GLOBAL_UNIT_ASSIGNED_CONTEXT((#6835,#6633,#6431))
REPRESENTATION_CONTEXT('ball','TOP_LEVEL_ASSEMBLY_PART')
);
#6028=(
GEOMETRIC_REPRESENTATION_CONTEXT(3)
GLOBAL_UNCERTAINTY_ASSIGNED_CONTEXT((#6230))
GLOBAL_UNIT_ASSIGNED_CONTEXT((#6836,#6634,#6432))
REPRESENTATION_CONTEXT('ball','TOP_LEVEL_ASSEMBLY_PART')
);
#6029=(
GEOMETRIC_REPRESENTATION_CONTEXT(3)
GLOBAL_UNCERTAINTY_ASSIGNED_CONTEXT((#6231))
GLOBAL_UNIT_ASSIGNED_CONTEXT((#6837,#6635,#6433))
REPRESENTATION_CONTEXT('ball','TOP_LEVEL_ASSEMBLY_PART')
);
#6030=(
GEOMETRIC_REPRESENTATION_CONTEXT(3)
GLOBAL_UNCERTAINTY_ASSIGNED_CONTEXT((#6232))
GLOBAL_UNIT_ASSIGNED_CONTEXT((#6838,#6636,#6434))
REPRESENTATION_CONTEXT('ball','TOP_LEVEL_ASSEMBLY_PART')
);
#6031=(
GEOMETRIC_REPRESENTATION_CONTEXT(3)
GLOBAL_UNCERTAINTY_ASSIGNED_CONTEXT((#6233))
GLOBAL_UNIT_ASSIGNED_CONTEXT((#6839,#6637,#6435))
REPRESENTATION_CONTEXT('ball','TOP_LEVEL_ASSEMBLY_PART')
);
#6032=(
GEOMETRIC_REPRESENTATION_CONTEXT(3)
GLOBAL_UNCERTAINTY_ASSIGNED_CONTEXT((#6234))
GLOBAL_UNIT_ASSIGNED_CONTEXT((#6840,#6638,#6436))
REPRESENTATION_CONTEXT('ball','TOP_LEVEL_ASSEMBLY_PART')
);
#6033=(
GEOMETRIC_REPRESENTATION_CONTEXT(3)
GLOBAL_UNCERTAINTY_ASSIGNED_CONTEXT((#6235))
GLOBAL_UNIT_ASSIGNED_CONTEXT((#6841,#6639,#6437))
REPRESENTATION_CONTEXT('ball','TOP_LEVEL_ASSEMBLY_PART')
);
#6034=(
GEOMETRIC_REPRESENTATION_CONTEXT(3)
GLOBAL_UNCERTAINTY_ASSIGNED_CONTEXT((#6236))
GLOBAL_UNIT_ASSIGNED_CONTEXT((#6842,#6640,#6438))
REPRESENTATION_CONTEXT('ball','TOP_LEVEL_ASSEMBLY_PART')
);
#6035=(
GEOMETRIC_REPRESENTATION_CONTEXT(3)
GLOBAL_UNCERTAINTY_ASSIGNED_CONTEXT((#6237))
GLOBAL_UNIT_ASSIGNED_CONTEXT((#6843,#6641,#6439))
REPRESENTATION_CONTEXT('ball','TOP_LEVEL_ASSEMBLY_PART')
);
#6036=(
GEOMETRIC_REPRESENTATION_CONTEXT(3)
GLOBAL_UNCERTAINTY_ASSIGNED_CONTEXT((#6238))
GLOBAL_UNIT_ASSIGNED_CONTEXT((#6844,#6642,#6440))
REPRESENTATION_CONTEXT('ball','TOP_LEVEL_ASSEMBLY_PART')
);
#6037=(
GEOMETRIC_REPRESENTATION_CONTEXT(3)
GLOBAL_UNCERTAINTY_ASSIGNED_CONTEXT((#6239))
GLOBAL_UNIT_ASSIGNED_CONTEXT((#6845,#6643,#6441))
REPRESENTATION_CONTEXT('ball','TOP_LEVEL_ASSEMBLY_PART')
);
#6038=(
GEOMETRIC_REPRESENTATION_CONTEXT(3)
GLOBAL_UNCERTAINTY_ASSIGNED_CONTEXT((#6240))
GLOBAL_UNIT_ASSIGNED_CONTEXT((#6846,#6644,#6442))
REPRESENTATION_CONTEXT('ball','TOP_LEVEL_ASSEMBLY_PART')
);
#6039=(
GEOMETRIC_REPRESENTATION_CONTEXT(3)
GLOBAL_UNCERTAINTY_ASSIGNED_CONTEXT((#6241))
GLOBAL_UNIT_ASSIGNED_CONTEXT((#6847,#6645,#6443))
REPRESENTATION_CONTEXT('ball','TOP_LEVEL_ASSEMBLY_PART')
);
#6040=(
GEOMETRIC_REPRESENTATION_CONTEXT(3)
GLOBAL_UNCERTAINTY_ASSIGNED_CONTEXT((#6242))
GLOBAL_UNIT_ASSIGNED_CONTEXT((#6848,#6646,#6444))
REPRESENTATION_CONTEXT('ball','TOP_LEVEL_ASSEMBLY_PART')
);
#6041=(
GEOMETRIC_REPRESENTATION_CONTEXT(3)
GLOBAL_UNCERTAINTY_ASSIGNED_CONTEXT((#6243))
GLOBAL_UNIT_ASSIGNED_CONTEXT((#6849,#6647,#6445))
REPRESENTATION_CONTEXT('ball','TOP_LEVEL_ASSEMBLY_PART')
);
#6042=(
GEOMETRIC_REPRESENTATION_CONTEXT(3)
GLOBAL_UNCERTAINTY_ASSIGNED_CONTEXT((#6244))
GLOBAL_UNIT_ASSIGNED_CONTEXT((#6850,#6648,#6446))
REPRESENTATION_CONTEXT('ball','TOP_LEVEL_ASSEMBLY_PART')
);
#6043=(
GEOMETRIC_REPRESENTATION_CONTEXT(3)
GLOBAL_UNCERTAINTY_ASSIGNED_CONTEXT((#6245))
GLOBAL_UNIT_ASSIGNED_CONTEXT((#6851,#6649,#6447))
REPRESENTATION_CONTEXT('ball','TOP_LEVEL_ASSEMBLY_PART')
);
#6044=(
GEOMETRIC_REPRESENTATION_CONTEXT(3)
GLOBAL_UNCERTAINTY_ASSIGNED_CONTEXT((#6246))
GLOBAL_UNIT_ASSIGNED_CONTEXT((#6852,#6650,#6448))
REPRESENTATION_CONTEXT('ball','TOP_LEVEL_ASSEMBLY_PART')
);
#6045=(
GEOMETRIC_REPRESENTATION_CONTEXT(3)
GLOBAL_UNCERTAINTY_ASSIGNED_CONTEXT((#6247))
GLOBAL_UNIT_ASSIGNED_CONTEXT((#6853,#6651,#6449))
REPRESENTATION_CONTEXT('ball','TOP_LEVEL_ASSEMBLY_PART')
);
#6046=(
GEOMETRIC_REPRESENTATION_CONTEXT(3)
GLOBAL_UNCERTAINTY_ASSIGNED_CONTEXT((#6248))
GLOBAL_UNIT_ASSIGNED_CONTEXT((#6854,#6652,#6450))
REPRESENTATION_CONTEXT('ball','TOP_LEVEL_ASSEMBLY_PART')
);
#6047=(
GEOMETRIC_REPRESENTATION_CONTEXT(3)
GLOBAL_UNCERTAINTY_ASSIGNED_CONTEXT((#6249))
GLOBAL_UNIT_ASSIGNED_CONTEXT((#6855,#6653,#6451))
REPRESENTATION_CONTEXT('ball','TOP_LEVEL_ASSEMBLY_PART')
);
#6048=(
GEOMETRIC_REPRESENTATION_CONTEXT(3)
GLOBAL_UNCERTAINTY_ASSIGNED_CONTEXT((#6250))
GLOBAL_UNIT_ASSIGNED_CONTEXT((#6856,#6654,#6452))
REPRESENTATION_CONTEXT('ball','TOP_LEVEL_ASSEMBLY_PART')
);
#6049=(
GEOMETRIC_REPRESENTATION_CONTEXT(3)
GLOBAL_UNCERTAINTY_ASSIGNED_CONTEXT((#6251))
GLOBAL_UNIT_ASSIGNED_CONTEXT((#6857,#6655,#6453))
REPRESENTATION_CONTEXT('ball','TOP_LEVEL_ASSEMBLY_PART')
);
#6050=(
GEOMETRIC_REPRESENTATION_CONTEXT(3)
GLOBAL_UNCERTAINTY_ASSIGNED_CONTEXT((#6252))
GLOBAL_UNIT_ASSIGNED_CONTEXT((#6858,#6656,#6454))
REPRESENTATION_CONTEXT('ball','TOP_LEVEL_ASSEMBLY_PART')
);
#6051=(
GEOMETRIC_REPRESENTATION_CONTEXT(3)
GLOBAL_UNCERTAINTY_ASSIGNED_CONTEXT((#6253))
GLOBAL_UNIT_ASSIGNED_CONTEXT((#6859,#6657,#6455))
REPRESENTATION_CONTEXT('ball','TOP_LEVEL_ASSEMBLY_PART')
);
#6052=(
GEOMETRIC_REPRESENTATION_CONTEXT(3)
GLOBAL_UNCERTAINTY_ASSIGNED_CONTEXT((#6254))
GLOBAL_UNIT_ASSIGNED_CONTEXT((#6860,#6658,#6456))
REPRESENTATION_CONTEXT('ball','TOP_LEVEL_ASSEMBLY_PART')
);
#6053=(
GEOMETRIC_REPRESENTATION_CONTEXT(3)
GLOBAL_UNCERTAINTY_ASSIGNED_CONTEXT((#6255))
GLOBAL_UNIT_ASSIGNED_CONTEXT((#6861,#6659,#6457))
REPRESENTATION_CONTEXT('ball','TOP_LEVEL_ASSEMBLY_PART')
);
#6054=(
GEOMETRIC_REPRESENTATION_CONTEXT(3)
GLOBAL_UNCERTAINTY_ASSIGNED_CONTEXT((#6256))
GLOBAL_UNIT_ASSIGNED_CONTEXT((#6862,#6660,#6458))
REPRESENTATION_CONTEXT('ball','TOP_LEVEL_ASSEMBLY_PART')
);
#6055=(
GEOMETRIC_REPRESENTATION_CONTEXT(3)
GLOBAL_UNCERTAINTY_ASSIGNED_CONTEXT((#6257))
GLOBAL_UNIT_ASSIGNED_CONTEXT((#6863,#6661,#6459))
REPRESENTATION_CONTEXT('ball','TOP_LEVEL_ASSEMBLY_PART')
);
#6056=(
GEOMETRIC_REPRESENTATION_CONTEXT(3)
GLOBAL_UNCERTAINTY_ASSIGNED_CONTEXT((#6258))
GLOBAL_UNIT_ASSIGNED_CONTEXT((#6864,#6662,#6460))
REPRESENTATION_CONTEXT('ball','TOP_LEVEL_ASSEMBLY_PART')
);
#6057=(
GEOMETRIC_REPRESENTATION_CONTEXT(3)
GLOBAL_UNCERTAINTY_ASSIGNED_CONTEXT((#6259))
GLOBAL_UNIT_ASSIGNED_CONTEXT((#6865,#6663,#6461))
REPRESENTATION_CONTEXT('ball','TOP_LEVEL_ASSEMBLY_PART')
);
#6058=(
GEOMETRIC_REPRESENTATION_CONTEXT(3)
GLOBAL_UNCERTAINTY_ASSIGNED_CONTEXT((#6260))
GLOBAL_UNIT_ASSIGNED_CONTEXT((#6866,#6664,#6462))
REPRESENTATION_CONTEXT('ball','TOP_LEVEL_ASSEMBLY_PART')
);
#6059=(
GEOMETRIC_REPRESENTATION_CONTEXT(3)
GLOBAL_UNCERTAINTY_ASSIGNED_CONTEXT((#6261))
GLOBAL_UNIT_ASSIGNED_CONTEXT((#6867,#6665,#6463))
REPRESENTATION_CONTEXT('ball','TOP_LEVEL_ASSEMBLY_PART')
);
#6060=(
GEOMETRIC_REPRESENTATION_CONTEXT(3)
GLOBAL_UNCERTAINTY_ASSIGNED_CONTEXT((#6262))
GLOBAL_UNIT_ASSIGNED_CONTEXT((#6868,#6666,#6464))
REPRESENTATION_CONTEXT('ball','TOP_LEVEL_ASSEMBLY_PART')
);
#6061=(
GEOMETRIC_REPRESENTATION_CONTEXT(3)
GLOBAL_UNCERTAINTY_ASSIGNED_CONTEXT((#6263))
GLOBAL_UNIT_ASSIGNED_CONTEXT((#6869,#6667,#6465))
REPRESENTATION_CONTEXT('ball','TOP_LEVEL_ASSEMBLY_PART')
);
#6062=(
GEOMETRIC_REPRESENTATION_CONTEXT(3)
GLOBAL_UNCERTAINTY_ASSIGNED_CONTEXT((#6264))
GLOBAL_UNIT_ASSIGNED_CONTEXT((#6870,#6668,#6466))
REPRESENTATION_CONTEXT('ball','TOP_LEVEL_ASSEMBLY_PART')
);
#6063=(
GEOMETRIC_REPRESENTATION_CONTEXT(3)
GLOBAL_UNCERTAINTY_ASSIGNED_CONTEXT((#6265))
GLOBAL_UNIT_ASSIGNED_CONTEXT((#6871,#6669,#6467))
REPRESENTATION_CONTEXT('ball','TOP_LEVEL_ASSEMBLY_PART')
);
#6064=(
GEOMETRIC_REPRESENTATION_CONTEXT(3)
GLOBAL_UNCERTAINTY_ASSIGNED_CONTEXT((#6266))
GLOBAL_UNIT_ASSIGNED_CONTEXT((#6872,#6670,#6468))
REPRESENTATION_CONTEXT('ball','TOP_LEVEL_ASSEMBLY_PART')
);
#6065=(
GEOMETRIC_REPRESENTATION_CONTEXT(3)
GLOBAL_UNCERTAINTY_ASSIGNED_CONTEXT((#6267))
GLOBAL_UNIT_ASSIGNED_CONTEXT((#6873,#6671,#6469))
REPRESENTATION_CONTEXT('ball','TOP_LEVEL_ASSEMBLY_PART')
);
#6066=(
GEOMETRIC_REPRESENTATION_CONTEXT(3)
GLOBAL_UNCERTAINTY_ASSIGNED_CONTEXT((#6268))
GLOBAL_UNIT_ASSIGNED_CONTEXT((#6874,#6672,#6470))
REPRESENTATION_CONTEXT('ball','TOP_LEVEL_ASSEMBLY_PART')
);
#6067=(
GEOMETRIC_REPRESENTATION_CONTEXT(3)
GLOBAL_UNCERTAINTY_ASSIGNED_CONTEXT((#6269))
GLOBAL_UNIT_ASSIGNED_CONTEXT((#6875,#6673,#6471))
REPRESENTATION_CONTEXT('ball','TOP_LEVEL_ASSEMBLY_PART')
);
#6068=(
GEOMETRIC_REPRESENTATION_CONTEXT(3)
GLOBAL_UNCERTAINTY_ASSIGNED_CONTEXT((#6270))
GLOBAL_UNIT_ASSIGNED_CONTEXT((#6876,#6674,#6472))
REPRESENTATION_CONTEXT('ball','TOP_LEVEL_ASSEMBLY_PART')
);
#6069=(
GEOMETRIC_REPRESENTATION_CONTEXT(3)
GLOBAL_UNCERTAINTY_ASSIGNED_CONTEXT((#6271))
GLOBAL_UNIT_ASSIGNED_CONTEXT((#6877,#6675,#6473))
REPRESENTATION_CONTEXT('ball','TOP_LEVEL_ASSEMBLY_PART')
);
#6070=(
GEOMETRIC_REPRESENTATION_CONTEXT(3)
GLOBAL_UNCERTAINTY_ASSIGNED_CONTEXT((#6272))
GLOBAL_UNIT_ASSIGNED_CONTEXT((#6878,#6676,#6474))
REPRESENTATION_CONTEXT('ball','TOP_LEVEL_ASSEMBLY_PART')
);
#6071=(
GEOMETRIC_REPRESENTATION_CONTEXT(3)
GLOBAL_UNCERTAINTY_ASSIGNED_CONTEXT((#6273))
GLOBAL_UNIT_ASSIGNED_CONTEXT((#6879,#6677,#6475))
REPRESENTATION_CONTEXT('ball','TOP_LEVEL_ASSEMBLY_PART')
);
#6072=(
GEOMETRIC_REPRESENTATION_CONTEXT(3)
GLOBAL_UNCERTAINTY_ASSIGNED_CONTEXT((#6274))
GLOBAL_UNIT_ASSIGNED_CONTEXT((#6880,#6678,#6476))
REPRESENTATION_CONTEXT('ball','TOP_LEVEL_ASSEMBLY_PART')
);
#6073=(
GEOMETRIC_REPRESENTATION_CONTEXT(3)
GLOBAL_UNCERTAINTY_ASSIGNED_CONTEXT((#6275))
GLOBAL_UNIT_ASSIGNED_CONTEXT((#6881,#6679,#6477))
REPRESENTATION_CONTEXT('ball','TOP_LEVEL_ASSEMBLY_PART')
);
#6074=(
GEOMETRIC_REPRESENTATION_CONTEXT(3)
GLOBAL_UNCERTAINTY_ASSIGNED_CONTEXT((#6276))
GLOBAL_UNIT_ASSIGNED_CONTEXT((#6882,#6680,#6478))
REPRESENTATION_CONTEXT('ball','TOP_LEVEL_ASSEMBLY_PART')
);
#6075=(
GEOMETRIC_REPRESENTATION_CONTEXT(3)
GLOBAL_UNCERTAINTY_ASSIGNED_CONTEXT((#6277))
GLOBAL_UNIT_ASSIGNED_CONTEXT((#6883,#6681,#6479))
REPRESENTATION_CONTEXT('ball','TOP_LEVEL_ASSEMBLY_PART')
);
#6076=(
GEOMETRIC_REPRESENTATION_CONTEXT(3)
GLOBAL_UNCERTAINTY_ASSIGNED_CONTEXT((#6278))
GLOBAL_UNIT_ASSIGNED_CONTEXT((#6884,#6682,#6480))
REPRESENTATION_CONTEXT('ball','TOP_LEVEL_ASSEMBLY_PART')
);
#6077=(
GEOMETRIC_REPRESENTATION_CONTEXT(3)
GLOBAL_UNCERTAINTY_ASSIGNED_CONTEXT((#6279))
GLOBAL_UNIT_ASSIGNED_CONTEXT((#6885,#6683,#6481))
REPRESENTATION_CONTEXT('ball','TOP_LEVEL_ASSEMBLY_PART')
);
#6078=(
GEOMETRIC_REPRESENTATION_CONTEXT(3)
GLOBAL_UNCERTAINTY_ASSIGNED_CONTEXT((#6280))
GLOBAL_UNIT_ASSIGNED_CONTEXT((#6886,#6684,#6482))
REPRESENTATION_CONTEXT('ball','TOP_LEVEL_ASSEMBLY_PART')
);
#6079=(
GEOMETRIC_REPRESENTATION_CONTEXT(3)
GLOBAL_UNCERTAINTY_ASSIGNED_CONTEXT((#6281))
GLOBAL_UNIT_ASSIGNED_CONTEXT((#6887,#6685,#6483))
REPRESENTATION_CONTEXT('ball','TOP_LEVEL_ASSEMBLY_PART')
);
#6080=(
GEOMETRIC_REPRESENTATION_CONTEXT(3)
GLOBAL_UNCERTAINTY_ASSIGNED_CONTEXT((#6282))
GLOBAL_UNIT_ASSIGNED_CONTEXT((#6888,#6686,#6484))
REPRESENTATION_CONTEXT('ball','TOP_LEVEL_ASSEMBLY_PART')
);
#6081=(
GEOMETRIC_REPRESENTATION_CONTEXT(3)
GLOBAL_UNCERTAINTY_ASSIGNED_CONTEXT((#6283))
GLOBAL_UNIT_ASSIGNED_CONTEXT((#6889,#6687,#6485))
REPRESENTATION_CONTEXT('ball','TOP_LEVEL_ASSEMBLY_PART')
);
#6082=(
GEOMETRIC_REPRESENTATION_CONTEXT(3)
GLOBAL_UNCERTAINTY_ASSIGNED_CONTEXT((#6284))
GLOBAL_UNIT_ASSIGNED_CONTEXT((#6890,#6688,#6486))
REPRESENTATION_CONTEXT('ball','TOP_LEVEL_ASSEMBLY_PART')
);
#6083=(
GEOMETRIC_REPRESENTATION_CONTEXT(3)
GLOBAL_UNCERTAINTY_ASSIGNED_CONTEXT((#6285))
GLOBAL_UNIT_ASSIGNED_CONTEXT((#6891,#6689,#6487))
REPRESENTATION_CONTEXT('ball','TOP_LEVEL_ASSEMBLY_PART')
);
#6084=(
GEOMETRIC_REPRESENTATION_CONTEXT(3)
GLOBAL_UNCERTAINTY_ASSIGNED_CONTEXT((#6286))
GLOBAL_UNIT_ASSIGNED_CONTEXT((#6892,#6690,#6488))
REPRESENTATION_CONTEXT('ball','TOP_LEVEL_ASSEMBLY_PART')
);
#6085=UNCERTAINTY_MEASURE_WITH_UNIT(LENGTH_MEASURE(1.E-08),#6691,'DISTANCE_ACCURACY_VALUE','Maximum Tolerance applied to model');
#6086=UNCERTAINTY_MEASURE_WITH_UNIT(LENGTH_MEASURE(1.E-08),#6692,'DISTANCE_ACCURACY_VALUE','Maximum Tolerance applied to model');
#6087=UNCERTAINTY_MEASURE_WITH_UNIT(LENGTH_MEASURE(1.E-08),#6693,'DISTANCE_ACCURACY_VALUE','Maximum Tolerance applied to model');
#6088=UNCERTAINTY_MEASURE_WITH_UNIT(LENGTH_MEASURE(1.E-08),#6694,'DISTANCE_ACCURACY_VALUE','Maximum Tolerance applied to model');
#6089=UNCERTAINTY_MEASURE_WITH_UNIT(LENGTH_MEASURE(1.E-08),#6695,'DISTANCE_ACCURACY_VALUE','Maximum Tolerance applied to model');
#6090=UNCERTAINTY_MEASURE_WITH_UNIT(LENGTH_MEASURE(1.E-08),#6696,'DISTANCE_ACCURACY_VALUE','Maximum Tolerance applied to model');
#6091=UNCERTAINTY_MEASURE_WITH_UNIT(LENGTH_MEASURE(1.E-08),#6697,'DISTANCE_ACCURACY_VALUE','Maximum Tolerance applied to model');
#6092=UNCERTAINTY_MEASURE_WITH_UNIT(LENGTH_MEASURE(1.E-08),#6698,'DISTANCE_ACCURACY_VALUE','Maximum Tolerance applied to model');
#6093=UNCERTAINTY_MEASURE_WITH_UNIT(LENGTH_MEASURE(1.E-08),#6699,'DISTANCE_ACCURACY_VALUE','Maximum Tolerance applied to model');
#6094=UNCERTAINTY_MEASURE_WITH_UNIT(LENGTH_MEASURE(1.E-08),#6700,'DISTANCE_ACCURACY_VALUE','Maximum Tolerance applied to model');
#6095=UNCERTAINTY_MEASURE_WITH_UNIT(LENGTH_MEASURE(1.E-08),#6701,'DISTANCE_ACCURACY_VALUE','Maximum Tolerance applied to model');
#6096=UNCERTAINTY_MEASURE_WITH_UNIT(LENGTH_MEASURE(1.E-08),#6702,'DISTANCE_ACCURACY_VALUE','Maximum Tolerance applied to model');
#6097=UNCERTAINTY_MEASURE_WITH_UNIT(LENGTH_MEASURE(1.E-08),#6703,'DISTANCE_ACCURACY_VALUE','Maximum Tolerance applied to model');
#6098=UNCERTAINTY_MEASURE_WITH_UNIT(LENGTH_MEASURE(1.E-08),#6704,'DISTANCE_ACCURACY_VALUE','Maximum Tolerance applied to model');
#6099=UNCERTAINTY_MEASURE_WITH_UNIT(LENGTH_MEASURE(1.E-08),#6705,'DISTANCE_ACCURACY_VALUE','Maximum Tolerance applied to model');
#6100=UNCERTAINTY_MEASURE_WITH_UNIT(LENGTH_MEASURE(1.E-08),#6706,'DISTANCE_ACCURACY_VALUE','Maximum Tolerance applied to model');
#6101=UNCERTAINTY_MEASURE_WITH_UNIT(LENGTH_MEASURE(1.E-08),#6707,'DISTANCE_ACCURACY_VALUE','Maximum Tolerance applied to model');
#6102=UNCERTAINTY_MEASURE_WITH_UNIT(LENGTH_MEASURE(1.E-08),#6708,'DISTANCE_ACCURACY_VALUE','Maximum Tolerance applied to model');
#6103=UNCERTAINTY_MEASURE_WITH_UNIT(LENGTH_MEASURE(1.E-08),#6709,'DISTANCE_ACCURACY_VALUE','Maximum Tolerance applied to model');
#6104=UNCERTAINTY_MEASURE_WITH_UNIT(LENGTH_MEASURE(1.E-08),#6710,'DISTANCE_ACCURACY_VALUE','Maximum Tolerance applied to model');
#6105=UNCERTAINTY_MEASURE_WITH_UNIT(LENGTH_MEASURE(1.E-08),#6711,'DISTANCE_ACCURACY_VALUE','Maximum Tolerance applied to model');
#6106=UNCERTAINTY_MEASURE_WITH_UNIT(LENGTH_MEASURE(1.E-08),#6712,'DISTANCE_ACCURACY_VALUE','Maximum Tolerance applied to model');
#6107=UNCERTAINTY_MEASURE_WITH_UNIT(LENGTH_MEASURE(1.E-08),#6713,'DISTANCE_ACCURACY_VALUE','Maximum Tolerance applied to model');
#6108=UNCERTAINTY_MEASURE_WITH_UNIT(LENGTH_MEASURE(1.E-08),#6714,'DISTANCE_ACCURACY_VALUE','Maximum Tolerance applied to model');
#6109=UNCERTAINTY_MEASURE_WITH_UNIT(LENGTH_MEASURE(1.E-08),#6715,'DISTANCE_ACCURACY_VALUE','Maximum Tolerance applied to model');
#6110=UNCERTAINTY_MEASURE_WITH_UNIT(LENGTH_MEASURE(1.E-08),#6716,'DISTANCE_ACCURACY_VALUE','Maximum Tolerance applied to model');
#6111=UNCERTAINTY_MEASURE_WITH_UNIT(LENGTH_MEASURE(1.E-08),#6717,'DISTANCE_ACCURACY_VALUE','Maximum Tolerance applied to model');
#6112=UNCERTAINTY_MEASURE_WITH_UNIT(LENGTH_MEASURE(1.E-08),#6718,'DISTANCE_ACCURACY_VALUE','Maximum Tolerance applied to model');
#6113=UNCERTAINTY_MEASURE_WITH_UNIT(LENGTH_MEASURE(1.E-08),#6719,'DISTANCE_ACCURACY_VALUE','Maximum Tolerance applied to model');
#6114=UNCERTAINTY_MEASURE_WITH_UNIT(LENGTH_MEASURE(1.E-08),#6720,'DISTANCE_ACCURACY_VALUE','Maximum Tolerance applied to model');
#6115=UNCERTAINTY_MEASURE_WITH_UNIT(LENGTH_MEASURE(1.E-08),#6721,'DISTANCE_ACCURACY_VALUE','Maximum Tolerance applied to model');
#6116=UNCERTAINTY_MEASURE_WITH_UNIT(LENGTH_MEASURE(1.E-08),#6722,'DISTANCE_ACCURACY_VALUE','Maximum Tolerance applied to model');
#6117=UNCERTAINTY_MEASURE_WITH_UNIT(LENGTH_MEASURE(1.E-08),#6723,'DISTANCE_ACCURACY_VALUE','Maximum Tolerance applied to model');
#6118=UNCERTAINTY_MEASURE_WITH_UNIT(LENGTH_MEASURE(1.E-08),#6724,'DISTANCE_ACCURACY_VALUE','Maximum Tolerance applied to model');
#6119=UNCERTAINTY_MEASURE_WITH_UNIT(LENGTH_MEASURE(1.E-08),#6725,'DISTANCE_ACCURACY_VALUE','Maximum Tolerance applied to model');
#6120=UNCERTAINTY_MEASURE_WITH_UNIT(LENGTH_MEASURE(1.E-08),#6726,'DISTANCE_ACCURACY_VALUE','Maximum Tolerance applied to model');
#6121=UNCERTAINTY_MEASURE_WITH_UNIT(LENGTH_MEASURE(1.E-08),#6727,'DISTANCE_ACCURACY_VALUE','Maximum Tolerance applied to model');
#6122=UNCERTAINTY_MEASURE_WITH_UNIT(LENGTH_MEASURE(1.E-08),#6728,'DISTANCE_ACCURACY_VALUE','Maximum Tolerance applied to model');
#6123=UNCERTAINTY_MEASURE_WITH_UNIT(LENGTH_MEASURE(1.E-08),#6729,'DISTANCE_ACCURACY_VALUE','Maximum Tolerance applied to model');
#6124=UNCERTAINTY_MEASURE_WITH_UNIT(LENGTH_MEASURE(1.E-08),#6730,'DISTANCE_ACCURACY_VALUE','Maximum Tolerance applied to model');
#6125=UNCERTAINTY_MEASURE_WITH_UNIT(LENGTH_MEASURE(1.E-08),#6731,'DISTANCE_ACCURACY_VALUE','Maximum Tolerance applied to model');
#6126=UNCERTAINTY_MEASURE_WITH_UNIT(LENGTH_MEASURE(1.E-08),#6732,'DISTANCE_ACCURACY_VALUE','Maximum Tolerance applied to model');
#6127=UNCERTAINTY_MEASURE_WITH_UNIT(LENGTH_MEASURE(1.E-08),#6733,'DISTANCE_ACCURACY_VALUE','Maximum Tolerance applied to model');
#6128=UNCERTAINTY_MEASURE_WITH_UNIT(LENGTH_MEASURE(1.E-08),#6734,'DISTANCE_ACCURACY_VALUE','Maximum Tolerance applied to model');
#6129=UNCERTAINTY_MEASURE_WITH_UNIT(LENGTH_MEASURE(1.E-08),#6735,'DISTANCE_ACCURACY_VALUE','Maximum Tolerance applied to model');
#6130=UNCERTAINTY_MEASURE_WITH_UNIT(LENGTH_MEASURE(1.E-08),#6736,'DISTANCE_ACCURACY_VALUE','Maximum Tolerance applied to model');
#6131=UNCERTAINTY_MEASURE_WITH_UNIT(LENGTH_MEASURE(1.E-08),#6737,'DISTANCE_ACCURACY_VALUE','Maximum Tolerance applied to model');
#6132=UNCERTAINTY_MEASURE_WITH_UNIT(LENGTH_MEASURE(1.E-08),#6738,'DISTANCE_ACCURACY_VALUE','Maximum Tolerance applied to model');
#6133=UNCERTAINTY_MEASURE_WITH_UNIT(LENGTH_MEASURE(1.E-06),#6739,'DISTANCE_ACCURACY_VALUE','Maximum Tolerance applied to model');
#6134=UNCERTAINTY_MEASURE_WITH_UNIT(LENGTH_MEASURE(1.E-08),#6740,'DISTANCE_ACCURACY_VALUE','Maximum Tolerance applied to model');
#6135=UNCERTAINTY_MEASURE_WITH_UNIT(LENGTH_MEASURE(1.E-08),#6741,'DISTANCE_ACCURACY_VALUE','Maximum Tolerance applied to model');
#6136=UNCERTAINTY_MEASURE_WITH_UNIT(LENGTH_MEASURE(1.E-08),#6742,'DISTANCE_ACCURACY_VALUE','Maximum Tolerance applied to model');
#6137=UNCERTAINTY_MEASURE_WITH_UNIT(LENGTH_MEASURE(1.E-08),#6743,'DISTANCE_ACCURACY_VALUE','Maximum Tolerance applied to model');
#6138=UNCERTAINTY_MEASURE_WITH_UNIT(LENGTH_MEASURE(1.E-08),#6744,'DISTANCE_ACCURACY_VALUE','Maximum Tolerance applied to model');
#6139=UNCERTAINTY_MEASURE_WITH_UNIT(LENGTH_MEASURE(1.E-08),#6745,'DISTANCE_ACCURACY_VALUE','Maximum Tolerance applied to model');
#6140=UNCERTAINTY_MEASURE_WITH_UNIT(LENGTH_MEASURE(1.E-08),#6746,'DISTANCE_ACCURACY_VALUE','Maximum Tolerance applied to model');
#6141=UNCERTAINTY_MEASURE_WITH_UNIT(LENGTH_MEASURE(1.E-08),#6747,'DISTANCE_ACCURACY_VALUE','Maximum Tolerance applied to model');
#6142=UNCERTAINTY_MEASURE_WITH_UNIT(LENGTH_MEASURE(1.E-08),#6748,'DISTANCE_ACCURACY_VALUE','Maximum Tolerance applied to model');
#6143=UNCERTAINTY_MEASURE_WITH_UNIT(LENGTH_MEASURE(1.E-08),#6749,'DISTANCE_ACCURACY_VALUE','Maximum Tolerance applied to model');
#6144=UNCERTAINTY_MEASURE_WITH_UNIT(LENGTH_MEASURE(1.E-08),#6750,'DISTANCE_ACCURACY_VALUE','Maximum Tolerance applied to model');
#6145=UNCERTAINTY_MEASURE_WITH_UNIT(LENGTH_MEASURE(1.E-08),#6751,'DISTANCE_ACCURACY_VALUE','Maximum Tolerance applied to model');
#6146=UNCERTAINTY_MEASURE_WITH_UNIT(LENGTH_MEASURE(1.E-08),#6752,'DISTANCE_ACCURACY_VALUE','Maximum Tolerance applied to model');
#6147=UNCERTAINTY_MEASURE_WITH_UNIT(LENGTH_MEASURE(1.E-08),#6753,'DISTANCE_ACCURACY_VALUE','Maximum Tolerance applied to model');
#6148=UNCERTAINTY_MEASURE_WITH_UNIT(LENGTH_MEASURE(1.E-08),#6754,'DISTANCE_ACCURACY_VALUE','Maximum Tolerance applied to model');
#6149=UNCERTAINTY_MEASURE_WITH_UNIT(LENGTH_MEASURE(1.E-08),#6755,'DISTANCE_ACCURACY_VALUE','Maximum Tolerance applied to model');
#6150=UNCERTAINTY_MEASURE_WITH_UNIT(LENGTH_MEASURE(1.E-08),#6756,'DISTANCE_ACCURACY_VALUE','Maximum Tolerance applied to model');
#6151=UNCERTAINTY_MEASURE_WITH_UNIT(LENGTH_MEASURE(1.E-08),#6757,'DISTANCE_ACCURACY_VALUE','Maximum Tolerance applied to model');
#6152=UNCERTAINTY_MEASURE_WITH_UNIT(LENGTH_MEASURE(1.E-08),#6758,'DISTANCE_ACCURACY_VALUE','Maximum Tolerance applied to model');
#6153=UNCERTAINTY_MEASURE_WITH_UNIT(LENGTH_MEASURE(1.E-08),#6759,'DISTANCE_ACCURACY_VALUE','Maximum Tolerance applied to model');
#6154=UNCERTAINTY_MEASURE_WITH_UNIT(LENGTH_MEASURE(1.E-08),#6760,'DISTANCE_ACCURACY_VALUE','Maximum Tolerance applied to model');
#6155=UNCERTAINTY_MEASURE_WITH_UNIT(LENGTH_MEASURE(1.E-08),#6761,'DISTANCE_ACCURACY_VALUE','Maximum Tolerance applied to model');
#6156=UNCERTAINTY_MEASURE_WITH_UNIT(LENGTH_MEASURE(1.E-08),#6762,'DISTANCE_ACCURACY_VALUE','Maximum Tolerance applied to model');
#6157=UNCERTAINTY_MEASURE_WITH_UNIT(LENGTH_MEASURE(1.E-08),#6763,'DISTANCE_ACCURACY_VALUE','Maximum Tolerance applied to model');
#6158=UNCERTAINTY_MEASURE_WITH_UNIT(LENGTH_MEASURE(1.E-08),#6764,'DISTANCE_ACCURACY_VALUE','Maximum Tolerance applied to model');
#6159=UNCERTAINTY_MEASURE_WITH_UNIT(LENGTH_MEASURE(1.E-08),#6765,'DISTANCE_ACCURACY_VALUE','Maximum Tolerance applied to model');
#6160=UNCERTAINTY_MEASURE_WITH_UNIT(LENGTH_MEASURE(1.E-08),#6766,'DISTANCE_ACCURACY_VALUE','Maximum Tolerance applied to model');
#6161=UNCERTAINTY_MEASURE_WITH_UNIT(LENGTH_MEASURE(1.E-08),#6767,'DISTANCE_ACCURACY_VALUE','Maximum Tolerance applied to model');
#6162=UNCERTAINTY_MEASURE_WITH_UNIT(LENGTH_MEASURE(1.E-08),#6768,'DISTANCE_ACCURACY_VALUE','Maximum Tolerance applied to model');
#6163=UNCERTAINTY_MEASURE_WITH_UNIT(LENGTH_MEASURE(1.E-08),#6769,'DISTANCE_ACCURACY_VALUE','Maximum Tolerance applied to model');
#6164=UNCERTAINTY_MEASURE_WITH_UNIT(LENGTH_MEASURE(1.E-08),#6770,'DISTANCE_ACCURACY_VALUE','Maximum Tolerance applied to model');
#6165=UNCERTAINTY_MEASURE_WITH_UNIT(LENGTH_MEASURE(1.E-08),#6771,'DISTANCE_ACCURACY_VALUE','Maximum Tolerance applied to model');
#6166=UNCERTAINTY_MEASURE_WITH_UNIT(LENGTH_MEASURE(1.E-08),#6772,'DISTANCE_ACCURACY_VALUE','Maximum Tolerance applied to model');
#6167=UNCERTAINTY_MEASURE_WITH_UNIT(LENGTH_MEASURE(1.E-08),#6773,'DISTANCE_ACCURACY_VALUE','Maximum Tolerance applied to model');
#6168=UNCERTAINTY_MEASURE_WITH_UNIT(LENGTH_MEASURE(1.E-08),#6774,'DISTANCE_ACCURACY_VALUE','Maximum Tolerance applied to model');
#6169=UNCERTAINTY_MEASURE_WITH_UNIT(LENGTH_MEASURE(1.E-08),#6775,'DISTANCE_ACCURACY_VALUE','Maximum Tolerance applied to model');
#6170=UNCERTAINTY_MEASURE_WITH_UNIT(LENGTH_MEASURE(1.E-08),#6776,'DISTANCE_ACCURACY_VALUE','Maximum Tolerance applied to model');
#6171=UNCERTAINTY_MEASURE_WITH_UNIT(LENGTH_MEASURE(1.E-08),#6777,'DISTANCE_ACCURACY_VALUE','Maximum Tolerance applied to model');
#6172=UNCERTAINTY_MEASURE_WITH_UNIT(LENGTH_MEASURE(1.E-08),#6778,'DISTANCE_ACCURACY_VALUE','Maximum Tolerance applied to model');
#6173=UNCERTAINTY_MEASURE_WITH_UNIT(LENGTH_MEASURE(1.E-08),#6779,'DISTANCE_ACCURACY_VALUE','Maximum Tolerance applied to model');
#6174=UNCERTAINTY_MEASURE_WITH_UNIT(LENGTH_MEASURE(1.E-08),#6780,'DISTANCE_ACCURACY_VALUE','Maximum Tolerance applied to model');
#6175=UNCERTAINTY_MEASURE_WITH_UNIT(LENGTH_MEASURE(1.E-08),#6781,'DISTANCE_ACCURACY_VALUE','Maximum Tolerance applied to model');
#6176=UNCERTAINTY_MEASURE_WITH_UNIT(LENGTH_MEASURE(1.E-08),#6782,'DISTANCE_ACCURACY_VALUE','Maximum Tolerance applied to model');
#6177=UNCERTAINTY_MEASURE_WITH_UNIT(LENGTH_MEASURE(1.E-08),#6783,'DISTANCE_ACCURACY_VALUE','Maximum Tolerance applied to model');
#6178=UNCERTAINTY_MEASURE_WITH_UNIT(LENGTH_MEASURE(1.E-08),#6784,'DISTANCE_ACCURACY_VALUE','Maximum Tolerance applied to model');
#6179=UNCERTAINTY_MEASURE_WITH_UNIT(LENGTH_MEASURE(1.E-08),#6785,'DISTANCE_ACCURACY_VALUE','Maximum Tolerance applied to model');
#6180=UNCERTAINTY_MEASURE_WITH_UNIT(LENGTH_MEASURE(1.E-08),#6786,'DISTANCE_ACCURACY_VALUE','Maximum Tolerance applied to model');
#6181=UNCERTAINTY_MEASURE_WITH_UNIT(LENGTH_MEASURE(1.E-08),#6787,'DISTANCE_ACCURACY_VALUE','Maximum Tolerance applied to model');
#6182=UNCERTAINTY_MEASURE_WITH_UNIT(LENGTH_MEASURE(1.E-08),#6788,'DISTANCE_ACCURACY_VALUE','Maximum Tolerance applied to model');
#6183=UNCERTAINTY_MEASURE_WITH_UNIT(LENGTH_MEASURE(1.E-08),#6789,'DISTANCE_ACCURACY_VALUE','Maximum Tolerance applied to model');
#6184=UNCERTAINTY_MEASURE_WITH_UNIT(LENGTH_MEASURE(1.E-08),#6790,'DISTANCE_ACCURACY_VALUE','Maximum Tolerance applied to model');
#6185=UNCERTAINTY_MEASURE_WITH_UNIT(LENGTH_MEASURE(1.E-08),#6791,'DISTANCE_ACCURACY_VALUE','Maximum Tolerance applied to model');
#6186=UNCERTAINTY_MEASURE_WITH_UNIT(LENGTH_MEASURE(1.E-08),#6792,'DISTANCE_ACCURACY_VALUE','Maximum Tolerance applied to model');
#6187=UNCERTAINTY_MEASURE_WITH_UNIT(LENGTH_MEASURE(1.E-08),#6793,'DISTANCE_ACCURACY_VALUE','Maximum Tolerance applied to model');
#6188=UNCERTAINTY_MEASURE_WITH_UNIT(LENGTH_MEASURE(1.E-08),#6794,'DISTANCE_ACCURACY_VALUE','Maximum Tolerance applied to model');
#6189=UNCERTAINTY_MEASURE_WITH_UNIT(LENGTH_MEASURE(1.E-08),#6795,'DISTANCE_ACCURACY_VALUE','Maximum Tolerance applied to model');
#6190=UNCERTAINTY_MEASURE_WITH_UNIT(LENGTH_MEASURE(1.E-08),#6796,'DISTANCE_ACCURACY_VALUE','Maximum Tolerance applied to model');
#6191=UNCERTAINTY_MEASURE_WITH_UNIT(LENGTH_MEASURE(1.E-08),#6797,'DISTANCE_ACCURACY_VALUE','Maximum Tolerance applied to model');
#6192=UNCERTAINTY_MEASURE_WITH_UNIT(LENGTH_MEASURE(1.E-08),#6798,'DISTANCE_ACCURACY_VALUE','Maximum Tolerance applied to model');
#6193=UNCERTAINTY_MEASURE_WITH_UNIT(LENGTH_MEASURE(1.E-08),#6799,'DISTANCE_ACCURACY_VALUE','Maximum Tolerance applied to model');
#6194=UNCERTAINTY_MEASURE_WITH_UNIT(LENGTH_MEASURE(1.E-08),#6800,'DISTANCE_ACCURACY_VALUE','Maximum Tolerance applied to model');
#6195=UNCERTAINTY_MEASURE_WITH_UNIT(LENGTH_MEASURE(1.E-08),#6801,'DISTANCE_ACCURACY_VALUE','Maximum Tolerance applied to model');
#6196=UNCERTAINTY_MEASURE_WITH_UNIT(LENGTH_MEASURE(1.E-08),#6802,'DISTANCE_ACCURACY_VALUE','Maximum Tolerance applied to model');
#6197=UNCERTAINTY_MEASURE_WITH_UNIT(LENGTH_MEASURE(1.E-08),#6803,'DISTANCE_ACCURACY_VALUE','Maximum Tolerance applied to model');
#6198=UNCERTAINTY_MEASURE_WITH_UNIT(LENGTH_MEASURE(1.E-08),#6804,'DISTANCE_ACCURACY_VALUE','Maximum Tolerance applied to model');
#6199=UNCERTAINTY_MEASURE_WITH_UNIT(LENGTH_MEASURE(1.E-08),#6805,'DISTANCE_ACCURACY_VALUE','Maximum Tolerance applied to model');
#6200=UNCERTAINTY_MEASURE_WITH_UNIT(LENGTH_MEASURE(1.E-08),#6806,'DISTANCE_ACCURACY_VALUE','Maximum Tolerance applied to model');
#6201=UNCERTAINTY_MEASURE_WITH_UNIT(LENGTH_MEASURE(1.E-08),#6807,'DISTANCE_ACCURACY_VALUE','Maximum Tolerance applied to model');
#6202=UNCERTAINTY_MEASURE_WITH_UNIT(LENGTH_MEASURE(1.E-08),#6808,'DISTANCE_ACCURACY_VALUE','Maximum Tolerance applied to model');
#6203=UNCERTAINTY_MEASURE_WITH_UNIT(LENGTH_MEASURE(1.E-08),#6809,'DISTANCE_ACCURACY_VALUE','Maximum Tolerance applied to model');
#6204=UNCERTAINTY_MEASURE_WITH_UNIT(LENGTH_MEASURE(1.E-08),#6810,'DISTANCE_ACCURACY_VALUE','Maximum Tolerance applied to model');
#6205=UNCERTAINTY_MEASURE_WITH_UNIT(LENGTH_MEASURE(1.E-08),#6811,'DISTANCE_ACCURACY_VALUE','Maximum Tolerance applied to model');
#6206=UNCERTAINTY_MEASURE_WITH_UNIT(LENGTH_MEASURE(1.E-08),#6812,'DISTANCE_ACCURACY_VALUE','Maximum Tolerance applied to model');
#6207=UNCERTAINTY_MEASURE_WITH_UNIT(LENGTH_MEASURE(1.E-08),#6813,'DISTANCE_ACCURACY_VALUE','Maximum Tolerance applied to model');
#6208=UNCERTAINTY_MEASURE_WITH_UNIT(LENGTH_MEASURE(1.E-08),#6814,'DISTANCE_ACCURACY_VALUE','Maximum Tolerance applied to model');
#6209=UNCERTAINTY_MEASURE_WITH_UNIT(LENGTH_MEASURE(1.E-08),#6815,'DISTANCE_ACCURACY_VALUE','Maximum Tolerance applied to model');
#6210=UNCERTAINTY_MEASURE_WITH_UNIT(LENGTH_MEASURE(1.E-08),#6816,'DISTANCE_ACCURACY_VALUE','Maximum Tolerance applied to model');
#6211=UNCERTAINTY_MEASURE_WITH_UNIT(LENGTH_MEASURE(1.E-08),#6817,'DISTANCE_ACCURACY_VALUE','Maximum Tolerance applied to model');
#6212=UNCERTAINTY_MEASURE_WITH_UNIT(LENGTH_MEASURE(1.E-08),#6818,'DISTANCE_ACCURACY_VALUE','Maximum Tolerance applied to model');
#6213=UNCERTAINTY_MEASURE_WITH_UNIT(LENGTH_MEASURE(1.E-08),#6819,'DISTANCE_ACCURACY_VALUE','Maximum Tolerance applied to model');
#6214=UNCERTAINTY_MEASURE_WITH_UNIT(LENGTH_MEASURE(1.E-08),#6820,'DISTANCE_ACCURACY_VALUE','Maximum Tolerance applied to model');
#6215=UNCERTAINTY_MEASURE_WITH_UNIT(LENGTH_MEASURE(1.E-08),#6821,'DISTANCE_ACCURACY_VALUE','Maximum Tolerance applied to model');
#6216=UNCERTAINTY_MEASURE_WITH_UNIT(LENGTH_MEASURE(1.E-08),#6822,'DISTANCE_ACCURACY_VALUE','Maximum Tolerance applied to model');
#6217=UNCERTAINTY_MEASURE_WITH_UNIT(LENGTH_MEASURE(1.E-08),#6823,'DISTANCE_ACCURACY_VALUE','Maximum Tolerance applied to model');
#6218=UNCERTAINTY_MEASURE_WITH_UNIT(LENGTH_MEASURE(1.E-08),#6824,'DISTANCE_ACCURACY_VALUE','Maximum Tolerance applied to model');
#6219=UNCERTAINTY_MEASURE_WITH_UNIT(LENGTH_MEASURE(1.E-08),#6825,'DISTANCE_ACCURACY_VALUE','Maximum Tolerance applied to model');
#6220=UNCERTAINTY_MEASURE_WITH_UNIT(LENGTH_MEASURE(1.E-08),#6826,'DISTANCE_ACCURACY_VALUE','Maximum Tolerance applied to model');
#6221=UNCERTAINTY_MEASURE_WITH_UNIT(LENGTH_MEASURE(1.E-08),#6827,'DISTANCE_ACCURACY_VALUE','Maximum Tolerance applied to model');
#6222=UNCERTAINTY_MEASURE_WITH_UNIT(LENGTH_MEASURE(1.E-08),#6828,'DISTANCE_ACCURACY_VALUE','Maximum Tolerance applied to model');
#6223=UNCERTAINTY_MEASURE_WITH_UNIT(LENGTH_MEASURE(1.E-08),#6829,'DISTANCE_ACCURACY_VALUE','Maximum Tolerance applied to model');
#6224=UNCERTAINTY_MEASURE_WITH_UNIT(LENGTH_MEASURE(1.E-08),#6830,'DISTANCE_ACCURACY_VALUE','Maximum Tolerance applied to model');
#6225=UNCERTAINTY_MEASURE_WITH_UNIT(LENGTH_MEASURE(1.E-08),#6831,'DISTANCE_ACCURACY_VALUE','Maximum Tolerance applied to model');
#6226=UNCERTAINTY_MEASURE_WITH_UNIT(LENGTH_MEASURE(1.E-08),#6832,'DISTANCE_ACCURACY_VALUE','Maximum Tolerance applied to model');
#6227=UNCERTAINTY_MEASURE_WITH_UNIT(LENGTH_MEASURE(1.E-08),#6833,'DISTANCE_ACCURACY_VALUE','Maximum Tolerance applied to model');
#6228=UNCERTAINTY_MEASURE_WITH_UNIT(LENGTH_MEASURE(1.E-08),#6834,'DISTANCE_ACCURACY_VALUE','Maximum Tolerance applied to model');
#6229=UNCERTAINTY_MEASURE_WITH_UNIT(LENGTH_MEASURE(1.E-08),#6835,'DISTANCE_ACCURACY_VALUE','Maximum Tolerance applied to model');
#6230=UNCERTAINTY_MEASURE_WITH_UNIT(LENGTH_MEASURE(1.E-08),#6836,'DISTANCE_ACCURACY_VALUE','Maximum Tolerance applied to model');
#6231=UNCERTAINTY_MEASURE_WITH_UNIT(LENGTH_MEASURE(1.E-08),#6837,'DISTANCE_ACCURACY_VALUE','Maximum Tolerance applied to model');
#6232=UNCERTAINTY_MEASURE_WITH_UNIT(LENGTH_MEASURE(1.E-08),#6838,'DISTANCE_ACCURACY_VALUE','Maximum Tolerance applied to model');
#6233=UNCERTAINTY_MEASURE_WITH_UNIT(LENGTH_MEASURE(1.E-08),#6839,'DISTANCE_ACCURACY_VALUE','Maximum Tolerance applied to model');
#6234=UNCERTAINTY_MEASURE_WITH_UNIT(LENGTH_MEASURE(1.E-08),#6840,'DISTANCE_ACCURACY_VALUE','Maximum Tolerance applied to model');
#6235=UNCERTAINTY_MEASURE_WITH_UNIT(LENGTH_MEASURE(1.E-08),#6841,'DISTANCE_ACCURACY_VALUE','Maximum Tolerance applied to model');
#6236=UNCERTAINTY_MEASURE_WITH_UNIT(LENGTH_MEASURE(1.E-08),#6842,'DISTANCE_ACCURACY_VALUE','Maximum Tolerance applied to model');
#6237=UNCERTAINTY_MEASURE_WITH_UNIT(LENGTH_MEASURE(1.E-08),#6843,'DISTANCE_ACCURACY_VALUE','Maximum Tolerance applied to model');
#6238=UNCERTAINTY_MEASURE_WITH_UNIT(LENGTH_MEASURE(1.E-08),#6844,'DISTANCE_ACCURACY_VALUE','Maximum Tolerance applied to model');
#6239=UNCERTAINTY_MEASURE_WITH_UNIT(LENGTH_MEASURE(1.E-08),#6845,'DISTANCE_ACCURACY_VALUE','Maximum Tolerance applied to model');
#6240=UNCERTAINTY_MEASURE_WITH_UNIT(LENGTH_MEASURE(1.E-08),#6846,'DISTANCE_ACCURACY_VALUE','Maximum Tolerance applied to model');
#6241=UNCERTAINTY_MEASURE_WITH_UNIT(LENGTH_MEASURE(1.E-08),#6847,'DISTANCE_ACCURACY_VALUE','Maximum Tolerance applied to model');
#6242=UNCERTAINTY_MEASURE_WITH_UNIT(LENGTH_MEASURE(1.E-08),#6848,'DISTANCE_ACCURACY_VALUE','Maximum Tolerance applied to model');
#6243=UNCERTAINTY_MEASURE_WITH_UNIT(LENGTH_MEASURE(1.E-08),#6849,'DISTANCE_ACCURACY_VALUE','Maximum Tolerance applied to model');
#6244=UNCERTAINTY_MEASURE_WITH_UNIT(LENGTH_MEASURE(1.E-08),#6850,'DISTANCE_ACCURACY_VALUE','Maximum Tolerance applied to model');
#6245=UNCERTAINTY_MEASURE_WITH_UNIT(LENGTH_MEASURE(1.E-08),#6851,'DISTANCE_ACCURACY_VALUE','Maximum Tolerance applied to model');
#6246=UNCERTAINTY_MEASURE_WITH_UNIT(LENGTH_MEASURE(1.E-08),#6852,'DISTANCE_ACCURACY_VALUE','Maximum Tolerance applied to model');
#6247=UNCERTAINTY_MEASURE_WITH_UNIT(LENGTH_MEASURE(1.E-08),#6853,'DISTANCE_ACCURACY_VALUE','Maximum Tolerance applied to model');
#6248=UNCERTAINTY_MEASURE_WITH_UNIT(LENGTH_MEASURE(1.E-08),#6854,'DISTANCE_ACCURACY_VALUE','Maximum Tolerance applied to model');
#6249=UNCERTAINTY_MEASURE_WITH_UNIT(LENGTH_MEASURE(1.E-08),#6855,'DISTANCE_ACCURACY_VALUE','Maximum Tolerance applied to model');
#6250=UNCERTAINTY_MEASURE_WITH_UNIT(LENGTH_MEASURE(1.E-08),#6856,'DISTANCE_ACCURACY_VALUE','Maximum Tolerance applied to model');
#6251=UNCERTAINTY_MEASURE_WITH_UNIT(LENGTH_MEASURE(1.E-08),#6857,'DISTANCE_ACCURACY_VALUE','Maximum Tolerance applied to model');
#6252=UNCERTAINTY_MEASURE_WITH_UNIT(LENGTH_MEASURE(1.E-08),#6858,'DISTANCE_ACCURACY_VALUE','Maximum Tolerance applied to model');
#6253=UNCERTAINTY_MEASURE_WITH_UNIT(LENGTH_MEASURE(1.E-08),#6859,'DISTANCE_ACCURACY_VALUE','Maximum Tolerance applied to model');
#6254=UNCERTAINTY_MEASURE_WITH_UNIT(LENGTH_MEASURE(1.E-08),#6860,'DISTANCE_ACCURACY_VALUE','Maximum Tolerance applied to model');
#6255=UNCERTAINTY_MEASURE_WITH_UNIT(LENGTH_MEASURE(1.E-08),#6861,'DISTANCE_ACCURACY_VALUE','Maximum Tolerance applied to model');
#6256=UNCERTAINTY_MEASURE_WITH_UNIT(LENGTH_MEASURE(1.E-08),#6862,'DISTANCE_ACCURACY_VALUE','Maximum Tolerance applied to model');
#6257=UNCERTAINTY_MEASURE_WITH_UNIT(LENGTH_MEASURE(1.E-08),#6863,'DISTANCE_ACCURACY_VALUE','Maximum Tolerance applied to model');
#6258=UNCERTAINTY_MEASURE_WITH_UNIT(LENGTH_MEASURE(1.E-08),#6864,'DISTANCE_ACCURACY_VALUE','Maximum Tolerance applied to model');
#6259=UNCERTAINTY_MEASURE_WITH_UNIT(LENGTH_MEASURE(1.E-08),#6865,'DISTANCE_ACCURACY_VALUE','Maximum Tolerance applied to model');
#6260=UNCERTAINTY_MEASURE_WITH_UNIT(LENGTH_MEASURE(1.E-08),#6866,'DISTANCE_ACCURACY_VALUE','Maximum Tolerance applied to model');
#6261=UNCERTAINTY_MEASURE_WITH_UNIT(LENGTH_MEASURE(1.E-08),#6867,'DISTANCE_ACCURACY_VALUE','Maximum Tolerance applied to model');
#6262=UNCERTAINTY_MEASURE_WITH_UNIT(LENGTH_MEASURE(1.E-08),#6868,'DISTANCE_ACCURACY_VALUE','Maximum Tolerance applied to model');
#6263=UNCERTAINTY_MEASURE_WITH_UNIT(LENGTH_MEASURE(1.E-08),#6869,'DISTANCE_ACCURACY_VALUE','Maximum Tolerance applied to model');
#6264=UNCERTAINTY_MEASURE_WITH_UNIT(LENGTH_MEASURE(1.E-08),#6870,'DISTANCE_ACCURACY_VALUE','Maximum Tolerance applied to model');
#6265=UNCERTAINTY_MEASURE_WITH_UNIT(LENGTH_MEASURE(1.E-08),#6871,'DISTANCE_ACCURACY_VALUE','Maximum Tolerance applied to model');
#6266=UNCERTAINTY_MEASURE_WITH_UNIT(LENGTH_MEASURE(1.E-08),#6872,'DISTANCE_ACCURACY_VALUE','Maximum Tolerance applied to model');
#6267=UNCERTAINTY_MEASURE_WITH_UNIT(LENGTH_MEASURE(1.E-08),#6873,'DISTANCE_ACCURACY_VALUE','Maximum Tolerance applied to model');
#6268=UNCERTAINTY_MEASURE_WITH_UNIT(LENGTH_MEASURE(1.E-08),#6874,'DISTANCE_ACCURACY_VALUE','Maximum Tolerance applied to model');
#6269=UNCERTAINTY_MEASURE_WITH_UNIT(LENGTH_MEASURE(1.E-08),#6875,'DISTANCE_ACCURACY_VALUE','Maximum Tolerance applied to model');
#6270=UNCERTAINTY_MEASURE_WITH_UNIT(LENGTH_MEASURE(1.E-08),#6876,'DISTANCE_ACCURACY_VALUE','Maximum Tolerance applied to model');
#6271=UNCERTAINTY_MEASURE_WITH_UNIT(LENGTH_MEASURE(1.E-08),#6877,'DISTANCE_ACCURACY_VALUE','Maximum Tolerance applied to model');
#6272=UNCERTAINTY_MEASURE_WITH_UNIT(LENGTH_MEASURE(1.E-08),#6878,'DISTANCE_ACCURACY_VALUE','Maximum Tolerance applied to model');
#6273=UNCERTAINTY_MEASURE_WITH_UNIT(LENGTH_MEASURE(1.E-08),#6879,'DISTANCE_ACCURACY_VALUE','Maximum Tolerance applied to model');
#6274=UNCERTAINTY_MEASURE_WITH_UNIT(LENGTH_MEASURE(1.E-08),#6880,'DISTANCE_ACCURACY_VALUE','Maximum Tolerance applied to model');
#6275=UNCERTAINTY_MEASURE_WITH_UNIT(LENGTH_MEASURE(1.E-08),#6881,'DISTANCE_ACCURACY_VALUE','Maximum Tolerance applied to model');
#6276=UNCERTAINTY_MEASURE_WITH_UNIT(LENGTH_MEASURE(1.E-08),#6882,'DISTANCE_ACCURACY_VALUE','Maximum Tolerance applied to model');
#6277=UNCERTAINTY_MEASURE_WITH_UNIT(LENGTH_MEASURE(1.E-08),#6883,'DISTANCE_ACCURACY_VALUE','Maximum Tolerance applied to model');
#6278=UNCERTAINTY_MEASURE_WITH_UNIT(LENGTH_MEASURE(1.E-08),#6884,'DISTANCE_ACCURACY_VALUE','Maximum Tolerance applied to model');
#6279=UNCERTAINTY_MEASURE_WITH_UNIT(LENGTH_MEASURE(1.E-08),#6885,'DISTANCE_ACCURACY_VALUE','Maximum Tolerance applied to model');
#6280=UNCERTAINTY_MEASURE_WITH_UNIT(LENGTH_MEASURE(1.E-08),#6886,'DISTANCE_ACCURACY_VALUE','Maximum Tolerance applied to model');
#6281=UNCERTAINTY_MEASURE_WITH_UNIT(LENGTH_MEASURE(1.E-08),#6887,'DISTANCE_ACCURACY_VALUE','Maximum Tolerance applied to model');
#6282=UNCERTAINTY_MEASURE_WITH_UNIT(LENGTH_MEASURE(1.E-08),#6888,'DISTANCE_ACCURACY_VALUE','Maximum Tolerance applied to model');
#6283=UNCERTAINTY_MEASURE_WITH_UNIT(LENGTH_MEASURE(1.E-08),#6889,'DISTANCE_ACCURACY_VALUE','Maximum Tolerance applied to model');
#6284=UNCERTAINTY_MEASURE_WITH_UNIT(LENGTH_MEASURE(1.E-08),#6890,'DISTANCE_ACCURACY_VALUE','Maximum Tolerance applied to model');
#6285=UNCERTAINTY_MEASURE_WITH_UNIT(LENGTH_MEASURE(1.E-08),#6891,'DISTANCE_ACCURACY_VALUE','Maximum Tolerance applied to model');
#6286=UNCERTAINTY_MEASURE_WITH_UNIT(LENGTH_MEASURE(1.E-08),#6892,'DISTANCE_ACCURACY_VALUE','Maximum Tolerance applied to model');
#6287=(
NAMED_UNIT(*)
SI_UNIT($,.STERADIAN.)
SOLID_ANGLE_UNIT()
);
#6288=(
NAMED_UNIT(*)
SI_UNIT($,.STERADIAN.)
SOLID_ANGLE_UNIT()
);
#6289=(
NAMED_UNIT(*)
SI_UNIT($,.STERADIAN.)
SOLID_ANGLE_UNIT()
);
#6290=(
NAMED_UNIT(*)
SI_UNIT($,.STERADIAN.)
SOLID_ANGLE_UNIT()
);
#6291=(
NAMED_UNIT(*)
SI_UNIT($,.STERADIAN.)
SOLID_ANGLE_UNIT()
);
#6292=(
NAMED_UNIT(*)
SI_UNIT($,.STERADIAN.)
SOLID_ANGLE_UNIT()
);
#6293=(
NAMED_UNIT(*)
SI_UNIT($,.STERADIAN.)
SOLID_ANGLE_UNIT()
);
#6294=(
NAMED_UNIT(*)
SI_UNIT($,.STERADIAN.)
SOLID_ANGLE_UNIT()
);
#6295=(
NAMED_UNIT(*)
SI_UNIT($,.STERADIAN.)
SOLID_ANGLE_UNIT()
);
#6296=(
NAMED_UNIT(*)
SI_UNIT($,.STERADIAN.)
SOLID_ANGLE_UNIT()
);
#6297=(
NAMED_UNIT(*)
SI_UNIT($,.STERADIAN.)
SOLID_ANGLE_UNIT()
);
#6298=(
NAMED_UNIT(*)
SI_UNIT($,.STERADIAN.)
SOLID_ANGLE_UNIT()
);
#6299=(
NAMED_UNIT(*)
SI_UNIT($,.STERADIAN.)
SOLID_ANGLE_UNIT()
);
#6300=(
NAMED_UNIT(*)
SI_UNIT($,.STERADIAN.)
SOLID_ANGLE_UNIT()
);
#6301=(
NAMED_UNIT(*)
SI_UNIT($,.STERADIAN.)
SOLID_ANGLE_UNIT()
);
#6302=(
NAMED_UNIT(*)
SI_UNIT($,.STERADIAN.)
SOLID_ANGLE_UNIT()
);
#6303=(
NAMED_UNIT(*)
SI_UNIT($,.STERADIAN.)
SOLID_ANGLE_UNIT()
);
#6304=(
NAMED_UNIT(*)
SI_UNIT($,.STERADIAN.)
SOLID_ANGLE_UNIT()
);
#6305=(
NAMED_UNIT(*)
SI_UNIT($,.STERADIAN.)
SOLID_ANGLE_UNIT()
);
#6306=(
NAMED_UNIT(*)
SI_UNIT($,.STERADIAN.)
SOLID_ANGLE_UNIT()
);
#6307=(
NAMED_UNIT(*)
SI_UNIT($,.STERADIAN.)
SOLID_ANGLE_UNIT()
);
#6308=(
NAMED_UNIT(*)
SI_UNIT($,.STERADIAN.)
SOLID_ANGLE_UNIT()
);
#6309=(
NAMED_UNIT(*)
SI_UNIT($,.STERADIAN.)
SOLID_ANGLE_UNIT()
);
#6310=(
NAMED_UNIT(*)
SI_UNIT($,.STERADIAN.)
SOLID_ANGLE_UNIT()
);
#6311=(
NAMED_UNIT(*)
SI_UNIT($,.STERADIAN.)
SOLID_ANGLE_UNIT()
);
#6312=(
NAMED_UNIT(*)
SI_UNIT($,.STERADIAN.)
SOLID_ANGLE_UNIT()
);
#6313=(
NAMED_UNIT(*)
SI_UNIT($,.STERADIAN.)
SOLID_ANGLE_UNIT()
);
#6314=(
NAMED_UNIT(*)
SI_UNIT($,.STERADIAN.)
SOLID_ANGLE_UNIT()
);
#6315=(
NAMED_UNIT(*)
SI_UNIT($,.STERADIAN.)
SOLID_ANGLE_UNIT()
);
#6316=(
NAMED_UNIT(*)
SI_UNIT($,.STERADIAN.)
SOLID_ANGLE_UNIT()
);
#6317=(
NAMED_UNIT(*)
SI_UNIT($,.STERADIAN.)
SOLID_ANGLE_UNIT()
);
#6318=(
NAMED_UNIT(*)
SI_UNIT($,.STERADIAN.)
SOLID_ANGLE_UNIT()
);
#6319=(
NAMED_UNIT(*)
SI_UNIT($,.STERADIAN.)
SOLID_ANGLE_UNIT()
);
#6320=(
NAMED_UNIT(*)
SI_UNIT($,.STERADIAN.)
SOLID_ANGLE_UNIT()
);
#6321=(
NAMED_UNIT(*)
SI_UNIT($,.STERADIAN.)
SOLID_ANGLE_UNIT()
);
#6322=(
NAMED_UNIT(*)
SI_UNIT($,.STERADIAN.)
SOLID_ANGLE_UNIT()
);
#6323=(
NAMED_UNIT(*)
SI_UNIT($,.STERADIAN.)
SOLID_ANGLE_UNIT()
);
#6324=(
NAMED_UNIT(*)
SI_UNIT($,.STERADIAN.)
SOLID_ANGLE_UNIT()
);
#6325=(
NAMED_UNIT(*)
SI_UNIT($,.STERADIAN.)
SOLID_ANGLE_UNIT()
);
#6326=(
NAMED_UNIT(*)
SI_UNIT($,.STERADIAN.)
SOLID_ANGLE_UNIT()
);
#6327=(
NAMED_UNIT(*)
SI_UNIT($,.STERADIAN.)
SOLID_ANGLE_UNIT()
);
#6328=(
NAMED_UNIT(*)
SI_UNIT($,.STERADIAN.)
SOLID_ANGLE_UNIT()
);
#6329=(
NAMED_UNIT(*)
SI_UNIT($,.STERADIAN.)
SOLID_ANGLE_UNIT()
);
#6330=(
NAMED_UNIT(*)
SI_UNIT($,.STERADIAN.)
SOLID_ANGLE_UNIT()
);
#6331=(
NAMED_UNIT(*)
SI_UNIT($,.STERADIAN.)
SOLID_ANGLE_UNIT()
);
#6332=(
NAMED_UNIT(*)
SI_UNIT($,.STERADIAN.)
SOLID_ANGLE_UNIT()
);
#6333=(
NAMED_UNIT(*)
SI_UNIT($,.STERADIAN.)
SOLID_ANGLE_UNIT()
);
#6334=(
NAMED_UNIT(*)
SI_UNIT($,.STERADIAN.)
SOLID_ANGLE_UNIT()
);
#6335=(
NAMED_UNIT(*)
SI_UNIT($,.STERADIAN.)
SOLID_ANGLE_UNIT()
);
#6336=(
NAMED_UNIT(*)
SI_UNIT($,.STERADIAN.)
SOLID_ANGLE_UNIT()
);
#6337=(
NAMED_UNIT(*)
SI_UNIT($,.STERADIAN.)
SOLID_ANGLE_UNIT()
);
#6338=(
NAMED_UNIT(*)
SI_UNIT($,.STERADIAN.)
SOLID_ANGLE_UNIT()
);
#6339=(
NAMED_UNIT(*)
SI_UNIT($,.STERADIAN.)
SOLID_ANGLE_UNIT()
);
#6340=(
NAMED_UNIT(*)
SI_UNIT($,.STERADIAN.)
SOLID_ANGLE_UNIT()
);
#6341=(
NAMED_UNIT(*)
SI_UNIT($,.STERADIAN.)
SOLID_ANGLE_UNIT()
);
#6342=(
NAMED_UNIT(*)
SI_UNIT($,.STERADIAN.)
SOLID_ANGLE_UNIT()
);
#6343=(
NAMED_UNIT(*)
SI_UNIT($,.STERADIAN.)
SOLID_ANGLE_UNIT()
);
#6344=(
NAMED_UNIT(*)
SI_UNIT($,.STERADIAN.)
SOLID_ANGLE_UNIT()
);
#6345=(
NAMED_UNIT(*)
SI_UNIT($,.STERADIAN.)
SOLID_ANGLE_UNIT()
);
#6346=(
NAMED_UNIT(*)
SI_UNIT($,.STERADIAN.)
SOLID_ANGLE_UNIT()
);
#6347=(
NAMED_UNIT(*)
SI_UNIT($,.STERADIAN.)
SOLID_ANGLE_UNIT()
);
#6348=(
NAMED_UNIT(*)
SI_UNIT($,.STERADIAN.)
SOLID_ANGLE_UNIT()
);
#6349=(
NAMED_UNIT(*)
SI_UNIT($,.STERADIAN.)
SOLID_ANGLE_UNIT()
);
#6350=(
NAMED_UNIT(*)
SI_UNIT($,.STERADIAN.)
SOLID_ANGLE_UNIT()
);
#6351=(
NAMED_UNIT(*)
SI_UNIT($,.STERADIAN.)
SOLID_ANGLE_UNIT()
);
#6352=(
NAMED_UNIT(*)
SI_UNIT($,.STERADIAN.)
SOLID_ANGLE_UNIT()
);
#6353=(
NAMED_UNIT(*)
SI_UNIT($,.STERADIAN.)
SOLID_ANGLE_UNIT()
);
#6354=(
NAMED_UNIT(*)
SI_UNIT($,.STERADIAN.)
SOLID_ANGLE_UNIT()
);
#6355=(
NAMED_UNIT(*)
SI_UNIT($,.STERADIAN.)
SOLID_ANGLE_UNIT()
);
#6356=(
NAMED_UNIT(*)
SI_UNIT($,.STERADIAN.)
SOLID_ANGLE_UNIT()
);
#6357=(
NAMED_UNIT(*)
SI_UNIT($,.STERADIAN.)
SOLID_ANGLE_UNIT()
);
#6358=(
NAMED_UNIT(*)
SI_UNIT($,.STERADIAN.)
SOLID_ANGLE_UNIT()
);
#6359=(
NAMED_UNIT(*)
SI_UNIT($,.STERADIAN.)
SOLID_ANGLE_UNIT()
);
#6360=(
NAMED_UNIT(*)
SI_UNIT($,.STERADIAN.)
SOLID_ANGLE_UNIT()
);
#6361=(
NAMED_UNIT(*)
SI_UNIT($,.STERADIAN.)
SOLID_ANGLE_UNIT()
);
#6362=(
NAMED_UNIT(*)
SI_UNIT($,.STERADIAN.)
SOLID_ANGLE_UNIT()
);
#6363=(
NAMED_UNIT(*)
SI_UNIT($,.STERADIAN.)
SOLID_ANGLE_UNIT()
);
#6364=(
NAMED_UNIT(*)
SI_UNIT($,.STERADIAN.)
SOLID_ANGLE_UNIT()
);
#6365=(
NAMED_UNIT(*)
SI_UNIT($,.STERADIAN.)
SOLID_ANGLE_UNIT()
);
#6366=(
NAMED_UNIT(*)
SI_UNIT($,.STERADIAN.)
SOLID_ANGLE_UNIT()
);
#6367=(
NAMED_UNIT(*)
SI_UNIT($,.STERADIAN.)
SOLID_ANGLE_UNIT()
);
#6368=(
NAMED_UNIT(*)
SI_UNIT($,.STERADIAN.)
SOLID_ANGLE_UNIT()
);
#6369=(
NAMED_UNIT(*)
SI_UNIT($,.STERADIAN.)
SOLID_ANGLE_UNIT()
);
#6370=(
NAMED_UNIT(*)
SI_UNIT($,.STERADIAN.)
SOLID_ANGLE_UNIT()
);
#6371=(
NAMED_UNIT(*)
SI_UNIT($,.STERADIAN.)
SOLID_ANGLE_UNIT()
);
#6372=(
NAMED_UNIT(*)
SI_UNIT($,.STERADIAN.)
SOLID_ANGLE_UNIT()
);
#6373=(
NAMED_UNIT(*)
SI_UNIT($,.STERADIAN.)
SOLID_ANGLE_UNIT()
);
#6374=(
NAMED_UNIT(*)
SI_UNIT($,.STERADIAN.)
SOLID_ANGLE_UNIT()
);
#6375=(
NAMED_UNIT(*)
SI_UNIT($,.STERADIAN.)
SOLID_ANGLE_UNIT()
);
#6376=(
NAMED_UNIT(*)
SI_UNIT($,.STERADIAN.)
SOLID_ANGLE_UNIT()
);
#6377=(
NAMED_UNIT(*)
SI_UNIT($,.STERADIAN.)
SOLID_ANGLE_UNIT()
);
#6378=(
NAMED_UNIT(*)
SI_UNIT($,.STERADIAN.)
SOLID_ANGLE_UNIT()
);
#6379=(
NAMED_UNIT(*)
SI_UNIT($,.STERADIAN.)
SOLID_ANGLE_UNIT()
);
#6380=(
NAMED_UNIT(*)
SI_UNIT($,.STERADIAN.)
SOLID_ANGLE_UNIT()
);
#6381=(
NAMED_UNIT(*)
SI_UNIT($,.STERADIAN.)
SOLID_ANGLE_UNIT()
);
#6382=(
NAMED_UNIT(*)
SI_UNIT($,.STERADIAN.)
SOLID_ANGLE_UNIT()
);
#6383=(
NAMED_UNIT(*)
SI_UNIT($,.STERADIAN.)
SOLID_ANGLE_UNIT()
);
#6384=(
NAMED_UNIT(*)
SI_UNIT($,.STERADIAN.)
SOLID_ANGLE_UNIT()
);
#6385=(
NAMED_UNIT(*)
SI_UNIT($,.STERADIAN.)
SOLID_ANGLE_UNIT()
);
#6386=(
NAMED_UNIT(*)
SI_UNIT($,.STERADIAN.)
SOLID_ANGLE_UNIT()
);
#6387=(
NAMED_UNIT(*)
SI_UNIT($,.STERADIAN.)
SOLID_ANGLE_UNIT()
);
#6388=(
NAMED_UNIT(*)
SI_UNIT($,.STERADIAN.)
SOLID_ANGLE_UNIT()
);
#6389=(
NAMED_UNIT(*)
SI_UNIT($,.STERADIAN.)
SOLID_ANGLE_UNIT()
);
#6390=(
NAMED_UNIT(*)
SI_UNIT($,.STERADIAN.)
SOLID_ANGLE_UNIT()
);
#6391=(
NAMED_UNIT(*)
SI_UNIT($,.STERADIAN.)
SOLID_ANGLE_UNIT()
);
#6392=(
NAMED_UNIT(*)
SI_UNIT($,.STERADIAN.)
SOLID_ANGLE_UNIT()
);
#6393=(
NAMED_UNIT(*)
SI_UNIT($,.STERADIAN.)
SOLID_ANGLE_UNIT()
);
#6394=(
NAMED_UNIT(*)
SI_UNIT($,.STERADIAN.)
SOLID_ANGLE_UNIT()
);
#6395=(
NAMED_UNIT(*)
SI_UNIT($,.STERADIAN.)
SOLID_ANGLE_UNIT()
);
#6396=(
NAMED_UNIT(*)
SI_UNIT($,.STERADIAN.)
SOLID_ANGLE_UNIT()
);
#6397=(
NAMED_UNIT(*)
SI_UNIT($,.STERADIAN.)
SOLID_ANGLE_UNIT()
);
#6398=(
NAMED_UNIT(*)
SI_UNIT($,.STERADIAN.)
SOLID_ANGLE_UNIT()
);
#6399=(
NAMED_UNIT(*)
SI_UNIT($,.STERADIAN.)
SOLID_ANGLE_UNIT()
);
#6400=(
NAMED_UNIT(*)
SI_UNIT($,.STERADIAN.)
SOLID_ANGLE_UNIT()
);
#6401=(
NAMED_UNIT(*)
SI_UNIT($,.STERADIAN.)
SOLID_ANGLE_UNIT()
);
#6402=(
NAMED_UNIT(*)
SI_UNIT($,.STERADIAN.)
SOLID_ANGLE_UNIT()
);
#6403=(
NAMED_UNIT(*)
SI_UNIT($,.STERADIAN.)
SOLID_ANGLE_UNIT()
);
#6404=(
NAMED_UNIT(*)
SI_UNIT($,.STERADIAN.)
SOLID_ANGLE_UNIT()
);
#6405=(
NAMED_UNIT(*)
SI_UNIT($,.STERADIAN.)
SOLID_ANGLE_UNIT()
);
#6406=(
NAMED_UNIT(*)
SI_UNIT($,.STERADIAN.)
SOLID_ANGLE_UNIT()
);
#6407=(
NAMED_UNIT(*)
SI_UNIT($,.STERADIAN.)
SOLID_ANGLE_UNIT()
);
#6408=(
NAMED_UNIT(*)
SI_UNIT($,.STERADIAN.)
SOLID_ANGLE_UNIT()
);
#6409=(
NAMED_UNIT(*)
SI_UNIT($,.STERADIAN.)
SOLID_ANGLE_UNIT()
);
#6410=(
NAMED_UNIT(*)
SI_UNIT($,.STERADIAN.)
SOLID_ANGLE_UNIT()
);
#6411=(
NAMED_UNIT(*)
SI_UNIT($,.STERADIAN.)
SOLID_ANGLE_UNIT()
);
#6412=(
NAMED_UNIT(*)
SI_UNIT($,.STERADIAN.)
SOLID_ANGLE_UNIT()
);
#6413=(
NAMED_UNIT(*)
SI_UNIT($,.STERADIAN.)
SOLID_ANGLE_UNIT()
);
#6414=(
NAMED_UNIT(*)
SI_UNIT($,.STERADIAN.)
SOLID_ANGLE_UNIT()
);
#6415=(
NAMED_UNIT(*)
SI_UNIT($,.STERADIAN.)
SOLID_ANGLE_UNIT()
);
#6416=(
NAMED_UNIT(*)
SI_UNIT($,.STERADIAN.)
SOLID_ANGLE_UNIT()
);
#6417=(
NAMED_UNIT(*)
SI_UNIT($,.STERADIAN.)
SOLID_ANGLE_UNIT()
);
#6418=(
NAMED_UNIT(*)
SI_UNIT($,.STERADIAN.)
SOLID_ANGLE_UNIT()
);
#6419=(
NAMED_UNIT(*)
SI_UNIT($,.STERADIAN.)
SOLID_ANGLE_UNIT()
);
#6420=(
NAMED_UNIT(*)
SI_UNIT($,.STERADIAN.)
SOLID_ANGLE_UNIT()
);
#6421=(
NAMED_UNIT(*)
SI_UNIT($,.STERADIAN.)
SOLID_ANGLE_UNIT()
);
#6422=(
NAMED_UNIT(*)
SI_UNIT($,.STERADIAN.)
SOLID_ANGLE_UNIT()
);
#6423=(
NAMED_UNIT(*)
SI_UNIT($,.STERADIAN.)
SOLID_ANGLE_UNIT()
);
#6424=(
NAMED_UNIT(*)
SI_UNIT($,.STERADIAN.)
SOLID_ANGLE_UNIT()
);
#6425=(
NAMED_UNIT(*)
SI_UNIT($,.STERADIAN.)
SOLID_ANGLE_UNIT()
);
#6426=(
NAMED_UNIT(*)
SI_UNIT($,.STERADIAN.)
SOLID_ANGLE_UNIT()
);
#6427=(
NAMED_UNIT(*)
SI_UNIT($,.STERADIAN.)
SOLID_ANGLE_UNIT()
);
#6428=(
NAMED_UNIT(*)
SI_UNIT($,.STERADIAN.)
SOLID_ANGLE_UNIT()
);
#6429=(
NAMED_UNIT(*)
SI_UNIT($,.STERADIAN.)
SOLID_ANGLE_UNIT()
);
#6430=(
NAMED_UNIT(*)
SI_UNIT($,.STERADIAN.)
SOLID_ANGLE_UNIT()
);
#6431=(
NAMED_UNIT(*)
SI_UNIT($,.STERADIAN.)
SOLID_ANGLE_UNIT()
);
#6432=(
NAMED_UNIT(*)
SI_UNIT($,.STERADIAN.)
SOLID_ANGLE_UNIT()
);
#6433=(
NAMED_UNIT(*)
SI_UNIT($,.STERADIAN.)
SOLID_ANGLE_UNIT()
);
#6434=(
NAMED_UNIT(*)
SI_UNIT($,.STERADIAN.)
SOLID_ANGLE_UNIT()
);
#6435=(
NAMED_UNIT(*)
SI_UNIT($,.STERADIAN.)
SOLID_ANGLE_UNIT()
);
#6436=(
NAMED_UNIT(*)
SI_UNIT($,.STERADIAN.)
SOLID_ANGLE_UNIT()
);
#6437=(
NAMED_UNIT(*)
SI_UNIT($,.STERADIAN.)
SOLID_ANGLE_UNIT()
);
#6438=(
NAMED_UNIT(*)
SI_UNIT($,.STERADIAN.)
SOLID_ANGLE_UNIT()
);
#6439=(
NAMED_UNIT(*)
SI_UNIT($,.STERADIAN.)
SOLID_ANGLE_UNIT()
);
#6440=(
NAMED_UNIT(*)
SI_UNIT($,.STERADIAN.)
SOLID_ANGLE_UNIT()
);
#6441=(
NAMED_UNIT(*)
SI_UNIT($,.STERADIAN.)
SOLID_ANGLE_UNIT()
);
#6442=(
NAMED_UNIT(*)
SI_UNIT($,.STERADIAN.)
SOLID_ANGLE_UNIT()
);
#6443=(
NAMED_UNIT(*)
SI_UNIT($,.STERADIAN.)
SOLID_ANGLE_UNIT()
);
#6444=(
NAMED_UNIT(*)
SI_UNIT($,.STERADIAN.)
SOLID_ANGLE_UNIT()
);
#6445=(
NAMED_UNIT(*)
SI_UNIT($,.STERADIAN.)
SOLID_ANGLE_UNIT()
);
#6446=(
NAMED_UNIT(*)
SI_UNIT($,.STERADIAN.)
SOLID_ANGLE_UNIT()
);
#6447=(
NAMED_UNIT(*)
SI_UNIT($,.STERADIAN.)
SOLID_ANGLE_UNIT()
);
#6448=(
NAMED_UNIT(*)
SI_UNIT($,.STERADIAN.)
SOLID_ANGLE_UNIT()
);
#6449=(
NAMED_UNIT(*)
SI_UNIT($,.STERADIAN.)
SOLID_ANGLE_UNIT()
);
#6450=(
NAMED_UNIT(*)
SI_UNIT($,.STERADIAN.)
SOLID_ANGLE_UNIT()
);
#6451=(
NAMED_UNIT(*)
SI_UNIT($,.STERADIAN.)
SOLID_ANGLE_UNIT()
);
#6452=(
NAMED_UNIT(*)
SI_UNIT($,.STERADIAN.)
SOLID_ANGLE_UNIT()
);
#6453=(
NAMED_UNIT(*)
SI_UNIT($,.STERADIAN.)
SOLID_ANGLE_UNIT()
);
#6454=(
NAMED_UNIT(*)
SI_UNIT($,.STERADIAN.)
SOLID_ANGLE_UNIT()
);
#6455=(
NAMED_UNIT(*)
SI_UNIT($,.STERADIAN.)
SOLID_ANGLE_UNIT()
);
#6456=(
NAMED_UNIT(*)
SI_UNIT($,.STERADIAN.)
SOLID_ANGLE_UNIT()
);
#6457=(
NAMED_UNIT(*)
SI_UNIT($,.STERADIAN.)
SOLID_ANGLE_UNIT()
);
#6458=(
NAMED_UNIT(*)
SI_UNIT($,.STERADIAN.)
SOLID_ANGLE_UNIT()
);
#6459=(
NAMED_UNIT(*)
SI_UNIT($,.STERADIAN.)
SOLID_ANGLE_UNIT()
);
#6460=(
NAMED_UNIT(*)
SI_UNIT($,.STERADIAN.)
SOLID_ANGLE_UNIT()
);
#6461=(
NAMED_UNIT(*)
SI_UNIT($,.STERADIAN.)
SOLID_ANGLE_UNIT()
);
#6462=(
NAMED_UNIT(*)
SI_UNIT($,.STERADIAN.)
SOLID_ANGLE_UNIT()
);
#6463=(
NAMED_UNIT(*)
SI_UNIT($,.STERADIAN.)
SOLID_ANGLE_UNIT()
);
#6464=(
NAMED_UNIT(*)
SI_UNIT($,.STERADIAN.)
SOLID_ANGLE_UNIT()
);
#6465=(
NAMED_UNIT(*)
SI_UNIT($,.STERADIAN.)
SOLID_ANGLE_UNIT()
);
#6466=(
NAMED_UNIT(*)
SI_UNIT($,.STERADIAN.)
SOLID_ANGLE_UNIT()
);
#6467=(
NAMED_UNIT(*)
SI_UNIT($,.STERADIAN.)
SOLID_ANGLE_UNIT()
);
#6468=(
NAMED_UNIT(*)
SI_UNIT($,.STERADIAN.)
SOLID_ANGLE_UNIT()
);
#6469=(
NAMED_UNIT(*)
SI_UNIT($,.STERADIAN.)
SOLID_ANGLE_UNIT()
);
#6470=(
NAMED_UNIT(*)
SI_UNIT($,.STERADIAN.)
SOLID_ANGLE_UNIT()
);
#6471=(
NAMED_UNIT(*)
SI_UNIT($,.STERADIAN.)
SOLID_ANGLE_UNIT()
);
#6472=(
NAMED_UNIT(*)
SI_UNIT($,.STERADIAN.)
SOLID_ANGLE_UNIT()
);
#6473=(
NAMED_UNIT(*)
SI_UNIT($,.STERADIAN.)
SOLID_ANGLE_UNIT()
);
#6474=(
NAMED_UNIT(*)
SI_UNIT($,.STERADIAN.)
SOLID_ANGLE_UNIT()
);
#6475=(
NAMED_UNIT(*)
SI_UNIT($,.STERADIAN.)
SOLID_ANGLE_UNIT()
);
#6476=(
NAMED_UNIT(*)
SI_UNIT($,.STERADIAN.)
SOLID_ANGLE_UNIT()
);
#6477=(
NAMED_UNIT(*)
SI_UNIT($,.STERADIAN.)
SOLID_ANGLE_UNIT()
);
#6478=(
NAMED_UNIT(*)
SI_UNIT($,.STERADIAN.)
SOLID_ANGLE_UNIT()
);
#6479=(
NAMED_UNIT(*)
SI_UNIT($,.STERADIAN.)
SOLID_ANGLE_UNIT()
);
#6480=(
NAMED_UNIT(*)
SI_UNIT($,.STERADIAN.)
SOLID_ANGLE_UNIT()
);
#6481=(
NAMED_UNIT(*)
SI_UNIT($,.STERADIAN.)
SOLID_ANGLE_UNIT()
);
#6482=(
NAMED_UNIT(*)
SI_UNIT($,.STERADIAN.)
SOLID_ANGLE_UNIT()
);
#6483=(
NAMED_UNIT(*)
SI_UNIT($,.STERADIAN.)
SOLID_ANGLE_UNIT()
);
#6484=(
NAMED_UNIT(*)
SI_UNIT($,.STERADIAN.)
SOLID_ANGLE_UNIT()
);
#6485=(
NAMED_UNIT(*)
SI_UNIT($,.STERADIAN.)
SOLID_ANGLE_UNIT()
);
#6486=(
NAMED_UNIT(*)
SI_UNIT($,.STERADIAN.)
SOLID_ANGLE_UNIT()
);
#6487=(
NAMED_UNIT(*)
SI_UNIT($,.STERADIAN.)
SOLID_ANGLE_UNIT()
);
#6488=(
NAMED_UNIT(*)
SI_UNIT($,.STERADIAN.)
SOLID_ANGLE_UNIT()
);
#6489=(
NAMED_UNIT(*)
PLANE_ANGLE_UNIT()
SI_UNIT($,.RADIAN.)
);
#6490=(
NAMED_UNIT(*)
PLANE_ANGLE_UNIT()
SI_UNIT($,.RADIAN.)
);
#6491=(
NAMED_UNIT(*)
PLANE_ANGLE_UNIT()
SI_UNIT($,.RADIAN.)
);
#6492=(
NAMED_UNIT(*)
PLANE_ANGLE_UNIT()
SI_UNIT($,.RADIAN.)
);
#6493=(
NAMED_UNIT(*)
PLANE_ANGLE_UNIT()
SI_UNIT($,.RADIAN.)
);
#6494=(
NAMED_UNIT(*)
PLANE_ANGLE_UNIT()
SI_UNIT($,.RADIAN.)
);
#6495=(
NAMED_UNIT(*)
PLANE_ANGLE_UNIT()
SI_UNIT($,.RADIAN.)
);
#6496=(
NAMED_UNIT(*)
PLANE_ANGLE_UNIT()
SI_UNIT($,.RADIAN.)
);
#6497=(
NAMED_UNIT(*)
PLANE_ANGLE_UNIT()
SI_UNIT($,.RADIAN.)
);
#6498=(
NAMED_UNIT(*)
PLANE_ANGLE_UNIT()
SI_UNIT($,.RADIAN.)
);
#6499=(
NAMED_UNIT(*)
PLANE_ANGLE_UNIT()
SI_UNIT($,.RADIAN.)
);
#6500=(
NAMED_UNIT(*)
PLANE_ANGLE_UNIT()
SI_UNIT($,.RADIAN.)
);
#6501=(
NAMED_UNIT(*)
PLANE_ANGLE_UNIT()
SI_UNIT($,.RADIAN.)
);
#6502=(
NAMED_UNIT(*)
PLANE_ANGLE_UNIT()
SI_UNIT($,.RADIAN.)
);
#6503=(
NAMED_UNIT(*)
PLANE_ANGLE_UNIT()
SI_UNIT($,.RADIAN.)
);
#6504=(
NAMED_UNIT(*)
PLANE_ANGLE_UNIT()
SI_UNIT($,.RADIAN.)
);
#6505=(
NAMED_UNIT(*)
PLANE_ANGLE_UNIT()
SI_UNIT($,.RADIAN.)
);
#6506=(
NAMED_UNIT(*)
PLANE_ANGLE_UNIT()
SI_UNIT($,.RADIAN.)
);
#6507=(
NAMED_UNIT(*)
PLANE_ANGLE_UNIT()
SI_UNIT($,.RADIAN.)
);
#6508=(
NAMED_UNIT(*)
PLANE_ANGLE_UNIT()
SI_UNIT($,.RADIAN.)
);
#6509=(
NAMED_UNIT(*)
PLANE_ANGLE_UNIT()
SI_UNIT($,.RADIAN.)
);
#6510=(
NAMED_UNIT(*)
PLANE_ANGLE_UNIT()
SI_UNIT($,.RADIAN.)
);
#6511=(
NAMED_UNIT(*)
PLANE_ANGLE_UNIT()
SI_UNIT($,.RADIAN.)
);
#6512=(
NAMED_UNIT(*)
PLANE_ANGLE_UNIT()
SI_UNIT($,.RADIAN.)
);
#6513=(
NAMED_UNIT(*)
PLANE_ANGLE_UNIT()
SI_UNIT($,.RADIAN.)
);
#6514=(
NAMED_UNIT(*)
PLANE_ANGLE_UNIT()
SI_UNIT($,.RADIAN.)
);
#6515=(
NAMED_UNIT(*)
PLANE_ANGLE_UNIT()
SI_UNIT($,.RADIAN.)
);
#6516=(
NAMED_UNIT(*)
PLANE_ANGLE_UNIT()
SI_UNIT($,.RADIAN.)
);
#6517=(
NAMED_UNIT(*)
PLANE_ANGLE_UNIT()
SI_UNIT($,.RADIAN.)
);
#6518=(
NAMED_UNIT(*)
PLANE_ANGLE_UNIT()
SI_UNIT($,.RADIAN.)
);
#6519=(
NAMED_UNIT(*)
PLANE_ANGLE_UNIT()
SI_UNIT($,.RADIAN.)
);
#6520=(
NAMED_UNIT(*)
PLANE_ANGLE_UNIT()
SI_UNIT($,.RADIAN.)
);
#6521=(
NAMED_UNIT(*)
PLANE_ANGLE_UNIT()
SI_UNIT($,.RADIAN.)
);
#6522=(
NAMED_UNIT(*)
PLANE_ANGLE_UNIT()
SI_UNIT($,.RADIAN.)
);
#6523=(
NAMED_UNIT(*)
PLANE_ANGLE_UNIT()
SI_UNIT($,.RADIAN.)
);
#6524=(
NAMED_UNIT(*)
PLANE_ANGLE_UNIT()
SI_UNIT($,.RADIAN.)
);
#6525=(
NAMED_UNIT(*)
PLANE_ANGLE_UNIT()
SI_UNIT($,.RADIAN.)
);
#6526=(
NAMED_UNIT(*)
PLANE_ANGLE_UNIT()
SI_UNIT($,.RADIAN.)
);
#6527=(
NAMED_UNIT(*)
PLANE_ANGLE_UNIT()
SI_UNIT($,.RADIAN.)
);
#6528=(
NAMED_UNIT(*)
PLANE_ANGLE_UNIT()
SI_UNIT($,.RADIAN.)
);
#6529=(
NAMED_UNIT(*)
PLANE_ANGLE_UNIT()
SI_UNIT($,.RADIAN.)
);
#6530=(
NAMED_UNIT(*)
PLANE_ANGLE_UNIT()
SI_UNIT($,.RADIAN.)
);
#6531=(
NAMED_UNIT(*)
PLANE_ANGLE_UNIT()
SI_UNIT($,.RADIAN.)
);
#6532=(
NAMED_UNIT(*)
PLANE_ANGLE_UNIT()
SI_UNIT($,.RADIAN.)
);
#6533=(
NAMED_UNIT(*)
PLANE_ANGLE_UNIT()
SI_UNIT($,.RADIAN.)
);
#6534=(
NAMED_UNIT(*)
PLANE_ANGLE_UNIT()
SI_UNIT($,.RADIAN.)
);
#6535=(
NAMED_UNIT(*)
PLANE_ANGLE_UNIT()
SI_UNIT($,.RADIAN.)
);
#6536=(
NAMED_UNIT(*)
PLANE_ANGLE_UNIT()
SI_UNIT($,.RADIAN.)
);
#6537=(
NAMED_UNIT(*)
PLANE_ANGLE_UNIT()
SI_UNIT($,.RADIAN.)
);
#6538=(
NAMED_UNIT(*)
PLANE_ANGLE_UNIT()
SI_UNIT($,.RADIAN.)
);
#6539=(
NAMED_UNIT(*)
PLANE_ANGLE_UNIT()
SI_UNIT($,.RADIAN.)
);
#6540=(
NAMED_UNIT(*)
PLANE_ANGLE_UNIT()
SI_UNIT($,.RADIAN.)
);
#6541=(
NAMED_UNIT(*)
PLANE_ANGLE_UNIT()
SI_UNIT($,.RADIAN.)
);
#6542=(
NAMED_UNIT(*)
PLANE_ANGLE_UNIT()
SI_UNIT($,.RADIAN.)
);
#6543=(
NAMED_UNIT(*)
PLANE_ANGLE_UNIT()
SI_UNIT($,.RADIAN.)
);
#6544=(
NAMED_UNIT(*)
PLANE_ANGLE_UNIT()
SI_UNIT($,.RADIAN.)
);
#6545=(
NAMED_UNIT(*)
PLANE_ANGLE_UNIT()
SI_UNIT($,.RADIAN.)
);
#6546=(
NAMED_UNIT(*)
PLANE_ANGLE_UNIT()
SI_UNIT($,.RADIAN.)
);
#6547=(
NAMED_UNIT(*)
PLANE_ANGLE_UNIT()
SI_UNIT($,.RADIAN.)
);
#6548=(
NAMED_UNIT(*)
PLANE_ANGLE_UNIT()
SI_UNIT($,.RADIAN.)
);
#6549=(
NAMED_UNIT(*)
PLANE_ANGLE_UNIT()
SI_UNIT($,.RADIAN.)
);
#6550=(
NAMED_UNIT(*)
PLANE_ANGLE_UNIT()
SI_UNIT($,.RADIAN.)
);
#6551=(
NAMED_UNIT(*)
PLANE_ANGLE_UNIT()
SI_UNIT($,.RADIAN.)
);
#6552=(
NAMED_UNIT(*)
PLANE_ANGLE_UNIT()
SI_UNIT($,.RADIAN.)
);
#6553=(
NAMED_UNIT(*)
PLANE_ANGLE_UNIT()
SI_UNIT($,.RADIAN.)
);
#6554=(
NAMED_UNIT(*)
PLANE_ANGLE_UNIT()
SI_UNIT($,.RADIAN.)
);
#6555=(
NAMED_UNIT(*)
PLANE_ANGLE_UNIT()
SI_UNIT($,.RADIAN.)
);
#6556=(
NAMED_UNIT(*)
PLANE_ANGLE_UNIT()
SI_UNIT($,.RADIAN.)
);
#6557=(
NAMED_UNIT(*)
PLANE_ANGLE_UNIT()
SI_UNIT($,.RADIAN.)
);
#6558=(
NAMED_UNIT(*)
PLANE_ANGLE_UNIT()
SI_UNIT($,.RADIAN.)
);
#6559=(
NAMED_UNIT(*)
PLANE_ANGLE_UNIT()
SI_UNIT($,.RADIAN.)
);
#6560=(
NAMED_UNIT(*)
PLANE_ANGLE_UNIT()
SI_UNIT($,.RADIAN.)
);
#6561=(
NAMED_UNIT(*)
PLANE_ANGLE_UNIT()
SI_UNIT($,.RADIAN.)
);
#6562=(
NAMED_UNIT(*)
PLANE_ANGLE_UNIT()
SI_UNIT($,.RADIAN.)
);
#6563=(
NAMED_UNIT(*)
PLANE_ANGLE_UNIT()
SI_UNIT($,.RADIAN.)
);
#6564=(
NAMED_UNIT(*)
PLANE_ANGLE_UNIT()
SI_UNIT($,.RADIAN.)
);
#6565=(
NAMED_UNIT(*)
PLANE_ANGLE_UNIT()
SI_UNIT($,.RADIAN.)
);
#6566=(
NAMED_UNIT(*)
PLANE_ANGLE_UNIT()
SI_UNIT($,.RADIAN.)
);
#6567=(
NAMED_UNIT(*)
PLANE_ANGLE_UNIT()
SI_UNIT($,.RADIAN.)
);
#6568=(
NAMED_UNIT(*)
PLANE_ANGLE_UNIT()
SI_UNIT($,.RADIAN.)
);
#6569=(
NAMED_UNIT(*)
PLANE_ANGLE_UNIT()
SI_UNIT($,.RADIAN.)
);
#6570=(
NAMED_UNIT(*)
PLANE_ANGLE_UNIT()
SI_UNIT($,.RADIAN.)
);
#6571=(
NAMED_UNIT(*)
PLANE_ANGLE_UNIT()
SI_UNIT($,.RADIAN.)
);
#6572=(
NAMED_UNIT(*)
PLANE_ANGLE_UNIT()
SI_UNIT($,.RADIAN.)
);
#6573=(
NAMED_UNIT(*)
PLANE_ANGLE_UNIT()
SI_UNIT($,.RADIAN.)
);
#6574=(
NAMED_UNIT(*)
PLANE_ANGLE_UNIT()
SI_UNIT($,.RADIAN.)
);
#6575=(
NAMED_UNIT(*)
PLANE_ANGLE_UNIT()
SI_UNIT($,.RADIAN.)
);
#6576=(
NAMED_UNIT(*)
PLANE_ANGLE_UNIT()
SI_UNIT($,.RADIAN.)
);
#6577=(
NAMED_UNIT(*)
PLANE_ANGLE_UNIT()
SI_UNIT($,.RADIAN.)
);
#6578=(
NAMED_UNIT(*)
PLANE_ANGLE_UNIT()
SI_UNIT($,.RADIAN.)
);
#6579=(
NAMED_UNIT(*)
PLANE_ANGLE_UNIT()
SI_UNIT($,.RADIAN.)
);
#6580=(
NAMED_UNIT(*)
PLANE_ANGLE_UNIT()
SI_UNIT($,.RADIAN.)
);
#6581=(
NAMED_UNIT(*)
PLANE_ANGLE_UNIT()
SI_UNIT($,.RADIAN.)
);
#6582=(
NAMED_UNIT(*)
PLANE_ANGLE_UNIT()
SI_UNIT($,.RADIAN.)
);
#6583=(
NAMED_UNIT(*)
PLANE_ANGLE_UNIT()
SI_UNIT($,.RADIAN.)
);
#6584=(
NAMED_UNIT(*)
PLANE_ANGLE_UNIT()
SI_UNIT($,.RADIAN.)
);
#6585=(
NAMED_UNIT(*)
PLANE_ANGLE_UNIT()
SI_UNIT($,.RADIAN.)
);
#6586=(
NAMED_UNIT(*)
PLANE_ANGLE_UNIT()
SI_UNIT($,.RADIAN.)
);
#6587=(
NAMED_UNIT(*)
PLANE_ANGLE_UNIT()
SI_UNIT($,.RADIAN.)
);
#6588=(
NAMED_UNIT(*)
PLANE_ANGLE_UNIT()
SI_UNIT($,.RADIAN.)
);
#6589=(
NAMED_UNIT(*)
PLANE_ANGLE_UNIT()
SI_UNIT($,.RADIAN.)
);
#6590=(
NAMED_UNIT(*)
PLANE_ANGLE_UNIT()
SI_UNIT($,.RADIAN.)
);
#6591=(
NAMED_UNIT(*)
PLANE_ANGLE_UNIT()
SI_UNIT($,.RADIAN.)
);
#6592=(
NAMED_UNIT(*)
PLANE_ANGLE_UNIT()
SI_UNIT($,.RADIAN.)
);
#6593=(
NAMED_UNIT(*)
PLANE_ANGLE_UNIT()
SI_UNIT($,.RADIAN.)
);
#6594=(
NAMED_UNIT(*)
PLANE_ANGLE_UNIT()
SI_UNIT($,.RADIAN.)
);
#6595=(
NAMED_UNIT(*)
PLANE_ANGLE_UNIT()
SI_UNIT($,.RADIAN.)
);
#6596=(
NAMED_UNIT(*)
PLANE_ANGLE_UNIT()
SI_UNIT($,.RADIAN.)
);
#6597=(
NAMED_UNIT(*)
PLANE_ANGLE_UNIT()
SI_UNIT($,.RADIAN.)
);
#6598=(
NAMED_UNIT(*)
PLANE_ANGLE_UNIT()
SI_UNIT($,.RADIAN.)
);
#6599=(
NAMED_UNIT(*)
PLANE_ANGLE_UNIT()
SI_UNIT($,.RADIAN.)
);
#6600=(
NAMED_UNIT(*)
PLANE_ANGLE_UNIT()
SI_UNIT($,.RADIAN.)
);
#6601=(
NAMED_UNIT(*)
PLANE_ANGLE_UNIT()
SI_UNIT($,.RADIAN.)
);
#6602=(
NAMED_UNIT(*)
PLANE_ANGLE_UNIT()
SI_UNIT($,.RADIAN.)
);
#6603=(
NAMED_UNIT(*)
PLANE_ANGLE_UNIT()
SI_UNIT($,.RADIAN.)
);
#6604=(
NAMED_UNIT(*)
PLANE_ANGLE_UNIT()
SI_UNIT($,.RADIAN.)
);
#6605=(
NAMED_UNIT(*)
PLANE_ANGLE_UNIT()
SI_UNIT($,.RADIAN.)
);
#6606=(
NAMED_UNIT(*)
PLANE_ANGLE_UNIT()
SI_UNIT($,.RADIAN.)
);
#6607=(
NAMED_UNIT(*)
PLANE_ANGLE_UNIT()
SI_UNIT($,.RADIAN.)
);
#6608=(
NAMED_UNIT(*)
PLANE_ANGLE_UNIT()
SI_UNIT($,.RADIAN.)
);
#6609=(
NAMED_UNIT(*)
PLANE_ANGLE_UNIT()
SI_UNIT($,.RADIAN.)
);
#6610=(
NAMED_UNIT(*)
PLANE_ANGLE_UNIT()
SI_UNIT($,.RADIAN.)
);
#6611=(
NAMED_UNIT(*)
PLANE_ANGLE_UNIT()
SI_UNIT($,.RADIAN.)
);
#6612=(
NAMED_UNIT(*)
PLANE_ANGLE_UNIT()
SI_UNIT($,.RADIAN.)
);
#6613=(
NAMED_UNIT(*)
PLANE_ANGLE_UNIT()
SI_UNIT($,.RADIAN.)
);
#6614=(
NAMED_UNIT(*)
PLANE_ANGLE_UNIT()
SI_UNIT($,.RADIAN.)
);
#6615=(
NAMED_UNIT(*)
PLANE_ANGLE_UNIT()
SI_UNIT($,.RADIAN.)
);
#6616=(
NAMED_UNIT(*)
PLANE_ANGLE_UNIT()
SI_UNIT($,.RADIAN.)
);
#6617=(
NAMED_UNIT(*)
PLANE_ANGLE_UNIT()
SI_UNIT($,.RADIAN.)
);
#6618=(
NAMED_UNIT(*)
PLANE_ANGLE_UNIT()
SI_UNIT($,.RADIAN.)
);
#6619=(
NAMED_UNIT(*)
PLANE_ANGLE_UNIT()
SI_UNIT($,.RADIAN.)
);
#6620=(
NAMED_UNIT(*)
PLANE_ANGLE_UNIT()
SI_UNIT($,.RADIAN.)
);
#6621=(
NAMED_UNIT(*)
PLANE_ANGLE_UNIT()
SI_UNIT($,.RADIAN.)
);
#6622=(
NAMED_UNIT(*)
PLANE_ANGLE_UNIT()
SI_UNIT($,.RADIAN.)
);
#6623=(
NAMED_UNIT(*)
PLANE_ANGLE_UNIT()
SI_UNIT($,.RADIAN.)
);
#6624=(
NAMED_UNIT(*)
PLANE_ANGLE_UNIT()
SI_UNIT($,.RADIAN.)
);
#6625=(
NAMED_UNIT(*)
PLANE_ANGLE_UNIT()
SI_UNIT($,.RADIAN.)
);
#6626=(
NAMED_UNIT(*)
PLANE_ANGLE_UNIT()
SI_UNIT($,.RADIAN.)
);
#6627=(
NAMED_UNIT(*)
PLANE_ANGLE_UNIT()
SI_UNIT($,.RADIAN.)
);
#6628=(
NAMED_UNIT(*)
PLANE_ANGLE_UNIT()
SI_UNIT($,.RADIAN.)
);
#6629=(
NAMED_UNIT(*)
PLANE_ANGLE_UNIT()
SI_UNIT($,.RADIAN.)
);
#6630=(
NAMED_UNIT(*)
PLANE_ANGLE_UNIT()
SI_UNIT($,.RADIAN.)
);
#6631=(
NAMED_UNIT(*)
PLANE_ANGLE_UNIT()
SI_UNIT($,.RADIAN.)
);
#6632=(
NAMED_UNIT(*)
PLANE_ANGLE_UNIT()
SI_UNIT($,.RADIAN.)
);
#6633=(
NAMED_UNIT(*)
PLANE_ANGLE_UNIT()
SI_UNIT($,.RADIAN.)
);
#6634=(
NAMED_UNIT(*)
PLANE_ANGLE_UNIT()
SI_UNIT($,.RADIAN.)
);
#6635=(
NAMED_UNIT(*)
PLANE_ANGLE_UNIT()
SI_UNIT($,.RADIAN.)
);
#6636=(
NAMED_UNIT(*)
PLANE_ANGLE_UNIT()
SI_UNIT($,.RADIAN.)
);
#6637=(
NAMED_UNIT(*)
PLANE_ANGLE_UNIT()
SI_UNIT($,.RADIAN.)
);
#6638=(
NAMED_UNIT(*)
PLANE_ANGLE_UNIT()
SI_UNIT($,.RADIAN.)
);
#6639=(
NAMED_UNIT(*)
PLANE_ANGLE_UNIT()
SI_UNIT($,.RADIAN.)
);
#6640=(
NAMED_UNIT(*)
PLANE_ANGLE_UNIT()
SI_UNIT($,.RADIAN.)
);
#6641=(
NAMED_UNIT(*)
PLANE_ANGLE_UNIT()
SI_UNIT($,.RADIAN.)
);
#6642=(
NAMED_UNIT(*)
PLANE_ANGLE_UNIT()
SI_UNIT($,.RADIAN.)
);
#6643=(
NAMED_UNIT(*)
PLANE_ANGLE_UNIT()
SI_UNIT($,.RADIAN.)
);
#6644=(
NAMED_UNIT(*)
PLANE_ANGLE_UNIT()
SI_UNIT($,.RADIAN.)
);
#6645=(
NAMED_UNIT(*)
PLANE_ANGLE_UNIT()
SI_UNIT($,.RADIAN.)
);
#6646=(
NAMED_UNIT(*)
PLANE_ANGLE_UNIT()
SI_UNIT($,.RADIAN.)
);
#6647=(
NAMED_UNIT(*)
PLANE_ANGLE_UNIT()
SI_UNIT($,.RADIAN.)
);
#6648=(
NAMED_UNIT(*)
PLANE_ANGLE_UNIT()
SI_UNIT($,.RADIAN.)
);
#6649=(
NAMED_UNIT(*)
PLANE_ANGLE_UNIT()
SI_UNIT($,.RADIAN.)
);
#6650=(
NAMED_UNIT(*)
PLANE_ANGLE_UNIT()
SI_UNIT($,.RADIAN.)
);
#6651=(
NAMED_UNIT(*)
PLANE_ANGLE_UNIT()
SI_UNIT($,.RADIAN.)
);
#6652=(
NAMED_UNIT(*)
PLANE_ANGLE_UNIT()
SI_UNIT($,.RADIAN.)
);
#6653=(
NAMED_UNIT(*)
PLANE_ANGLE_UNIT()
SI_UNIT($,.RADIAN.)
);
#6654=(
NAMED_UNIT(*)
PLANE_ANGLE_UNIT()
SI_UNIT($,.RADIAN.)
);
#6655=(
NAMED_UNIT(*)
PLANE_ANGLE_UNIT()
SI_UNIT($,.RADIAN.)
);
#6656=(
NAMED_UNIT(*)
PLANE_ANGLE_UNIT()
SI_UNIT($,.RADIAN.)
);
#6657=(
NAMED_UNIT(*)
PLANE_ANGLE_UNIT()
SI_UNIT($,.RADIAN.)
);
#6658=(
NAMED_UNIT(*)
PLANE_ANGLE_UNIT()
SI_UNIT($,.RADIAN.)
);
#6659=(
NAMED_UNIT(*)
PLANE_ANGLE_UNIT()
SI_UNIT($,.RADIAN.)
);
#6660=(
NAMED_UNIT(*)
PLANE_ANGLE_UNIT()
SI_UNIT($,.RADIAN.)
);
#6661=(
NAMED_UNIT(*)
PLANE_ANGLE_UNIT()
SI_UNIT($,.RADIAN.)
);
#6662=(
NAMED_UNIT(*)
PLANE_ANGLE_UNIT()
SI_UNIT($,.RADIAN.)
);
#6663=(
NAMED_UNIT(*)
PLANE_ANGLE_UNIT()
SI_UNIT($,.RADIAN.)
);
#6664=(
NAMED_UNIT(*)
PLANE_ANGLE_UNIT()
SI_UNIT($,.RADIAN.)
);
#6665=(
NAMED_UNIT(*)
PLANE_ANGLE_UNIT()
SI_UNIT($,.RADIAN.)
);
#6666=(
NAMED_UNIT(*)
PLANE_ANGLE_UNIT()
SI_UNIT($,.RADIAN.)
);
#6667=(
NAMED_UNIT(*)
PLANE_ANGLE_UNIT()
SI_UNIT($,.RADIAN.)
);
#6668=(
NAMED_UNIT(*)
PLANE_ANGLE_UNIT()
SI_UNIT($,.RADIAN.)
);
#6669=(
NAMED_UNIT(*)
PLANE_ANGLE_UNIT()
SI_UNIT($,.RADIAN.)
);
#6670=(
NAMED_UNIT(*)
PLANE_ANGLE_UNIT()
SI_UNIT($,.RADIAN.)
);
#6671=(
NAMED_UNIT(*)
PLANE_ANGLE_UNIT()
SI_UNIT($,.RADIAN.)
);
#6672=(
NAMED_UNIT(*)
PLANE_ANGLE_UNIT()
SI_UNIT($,.RADIAN.)
);
#6673=(
NAMED_UNIT(*)
PLANE_ANGLE_UNIT()
SI_UNIT($,.RADIAN.)
);
#6674=(
NAMED_UNIT(*)
PLANE_ANGLE_UNIT()
SI_UNIT($,.RADIAN.)
);
#6675=(
NAMED_UNIT(*)
PLANE_ANGLE_UNIT()
SI_UNIT($,.RADIAN.)
);
#6676=(
NAMED_UNIT(*)
PLANE_ANGLE_UNIT()
SI_UNIT($,.RADIAN.)
);
#6677=(
NAMED_UNIT(*)
PLANE_ANGLE_UNIT()
SI_UNIT($,.RADIAN.)
);
#6678=(
NAMED_UNIT(*)
PLANE_ANGLE_UNIT()
SI_UNIT($,.RADIAN.)
);
#6679=(
NAMED_UNIT(*)
PLANE_ANGLE_UNIT()
SI_UNIT($,.RADIAN.)
);
#6680=(
NAMED_UNIT(*)
PLANE_ANGLE_UNIT()
SI_UNIT($,.RADIAN.)
);
#6681=(
NAMED_UNIT(*)
PLANE_ANGLE_UNIT()
SI_UNIT($,.RADIAN.)
);
#6682=(
NAMED_UNIT(*)
PLANE_ANGLE_UNIT()
SI_UNIT($,.RADIAN.)
);
#6683=(
NAMED_UNIT(*)
PLANE_ANGLE_UNIT()
SI_UNIT($,.RADIAN.)
);
#6684=(
NAMED_UNIT(*)
PLANE_ANGLE_UNIT()
SI_UNIT($,.RADIAN.)
);
#6685=(
NAMED_UNIT(*)
PLANE_ANGLE_UNIT()
SI_UNIT($,.RADIAN.)
);
#6686=(
NAMED_UNIT(*)
PLANE_ANGLE_UNIT()
SI_UNIT($,.RADIAN.)
);
#6687=(
NAMED_UNIT(*)
PLANE_ANGLE_UNIT()
SI_UNIT($,.RADIAN.)
);
#6688=(
NAMED_UNIT(*)
PLANE_ANGLE_UNIT()
SI_UNIT($,.RADIAN.)
);
#6689=(
NAMED_UNIT(*)
PLANE_ANGLE_UNIT()
SI_UNIT($,.RADIAN.)
);
#6690=(
NAMED_UNIT(*)
PLANE_ANGLE_UNIT()
SI_UNIT($,.RADIAN.)
);
#6691=(
LENGTH_UNIT()
NAMED_UNIT(*)
SI_UNIT($,.METRE.)
);
#6692=(
LENGTH_UNIT()
NAMED_UNIT(*)
SI_UNIT($,.METRE.)
);
#6693=(
LENGTH_UNIT()
NAMED_UNIT(*)
SI_UNIT($,.METRE.)
);
#6694=(
LENGTH_UNIT()
NAMED_UNIT(*)
SI_UNIT($,.METRE.)
);
#6695=(
LENGTH_UNIT()
NAMED_UNIT(*)
SI_UNIT($,.METRE.)
);
#6696=(
LENGTH_UNIT()
NAMED_UNIT(*)
SI_UNIT($,.METRE.)
);
#6697=(
LENGTH_UNIT()
NAMED_UNIT(*)
SI_UNIT($,.METRE.)
);
#6698=(
LENGTH_UNIT()
NAMED_UNIT(*)
SI_UNIT($,.METRE.)
);
#6699=(
LENGTH_UNIT()
NAMED_UNIT(*)
SI_UNIT($,.METRE.)
);
#6700=(
LENGTH_UNIT()
NAMED_UNIT(*)
SI_UNIT($,.METRE.)
);
#6701=(
LENGTH_UNIT()
NAMED_UNIT(*)
SI_UNIT($,.METRE.)
);
#6702=(
LENGTH_UNIT()
NAMED_UNIT(*)
SI_UNIT($,.METRE.)
);
#6703=(
LENGTH_UNIT()
NAMED_UNIT(*)
SI_UNIT($,.METRE.)
);
#6704=(
LENGTH_UNIT()
NAMED_UNIT(*)
SI_UNIT($,.METRE.)
);
#6705=(
LENGTH_UNIT()
NAMED_UNIT(*)
SI_UNIT($,.METRE.)
);
#6706=(
LENGTH_UNIT()
NAMED_UNIT(*)
SI_UNIT($,.METRE.)
);
#6707=(
LENGTH_UNIT()
NAMED_UNIT(*)
SI_UNIT($,.METRE.)
);
#6708=(
LENGTH_UNIT()
NAMED_UNIT(*)
SI_UNIT($,.METRE.)
);
#6709=(
LENGTH_UNIT()
NAMED_UNIT(*)
SI_UNIT($,.METRE.)
);
#6710=(
LENGTH_UNIT()
NAMED_UNIT(*)
SI_UNIT($,.METRE.)
);
#6711=(
LENGTH_UNIT()
NAMED_UNIT(*)
SI_UNIT($,.METRE.)
);
#6712=(
LENGTH_UNIT()
NAMED_UNIT(*)
SI_UNIT($,.METRE.)
);
#6713=(
LENGTH_UNIT()
NAMED_UNIT(*)
SI_UNIT($,.METRE.)
);
#6714=(
LENGTH_UNIT()
NAMED_UNIT(*)
SI_UNIT($,.METRE.)
);
#6715=(
LENGTH_UNIT()
NAMED_UNIT(*)
SI_UNIT($,.METRE.)
);
#6716=(
LENGTH_UNIT()
NAMED_UNIT(*)
SI_UNIT($,.METRE.)
);
#6717=(
LENGTH_UNIT()
NAMED_UNIT(*)
SI_UNIT($,.METRE.)
);
#6718=(
LENGTH_UNIT()
NAMED_UNIT(*)
SI_UNIT($,.METRE.)
);
#6719=(
LENGTH_UNIT()
NAMED_UNIT(*)
SI_UNIT($,.METRE.)
);
#6720=(
LENGTH_UNIT()
NAMED_UNIT(*)
SI_UNIT($,.METRE.)
);
#6721=(
LENGTH_UNIT()
NAMED_UNIT(*)
SI_UNIT($,.METRE.)
);
#6722=(
LENGTH_UNIT()
NAMED_UNIT(*)
SI_UNIT($,.METRE.)
);
#6723=(
LENGTH_UNIT()
NAMED_UNIT(*)
SI_UNIT($,.METRE.)
);
#6724=(
LENGTH_UNIT()
NAMED_UNIT(*)
SI_UNIT($,.METRE.)
);
#6725=(
LENGTH_UNIT()
NAMED_UNIT(*)
SI_UNIT($,.METRE.)
);
#6726=(
LENGTH_UNIT()
NAMED_UNIT(*)
SI_UNIT($,.METRE.)
);
#6727=(
LENGTH_UNIT()
NAMED_UNIT(*)
SI_UNIT($,.METRE.)
);
#6728=(
LENGTH_UNIT()
NAMED_UNIT(*)
SI_UNIT($,.METRE.)
);
#6729=(
LENGTH_UNIT()
NAMED_UNIT(*)
SI_UNIT($,.METRE.)
);
#6730=(
LENGTH_UNIT()
NAMED_UNIT(*)
SI_UNIT($,.METRE.)
);
#6731=(
LENGTH_UNIT()
NAMED_UNIT(*)
SI_UNIT($,.METRE.)
);
#6732=(
LENGTH_UNIT()
NAMED_UNIT(*)
SI_UNIT($,.METRE.)
);
#6733=(
LENGTH_UNIT()
NAMED_UNIT(*)
SI_UNIT($,.METRE.)
);
#6734=(
LENGTH_UNIT()
NAMED_UNIT(*)
SI_UNIT($,.METRE.)
);
#6735=(
LENGTH_UNIT()
NAMED_UNIT(*)
SI_UNIT($,.METRE.)
);
#6736=(
LENGTH_UNIT()
NAMED_UNIT(*)
SI_UNIT($,.METRE.)
);
#6737=(
LENGTH_UNIT()
NAMED_UNIT(*)
SI_UNIT($,.METRE.)
);
#6738=(
LENGTH_UNIT()
NAMED_UNIT(*)
SI_UNIT($,.METRE.)
);
#6739=(
LENGTH_UNIT()
NAMED_UNIT(*)
SI_UNIT($,.METRE.)
);
#6740=(
LENGTH_UNIT()
NAMED_UNIT(*)
SI_UNIT($,.METRE.)
);
#6741=(
LENGTH_UNIT()
NAMED_UNIT(*)
SI_UNIT($,.METRE.)
);
#6742=(
LENGTH_UNIT()
NAMED_UNIT(*)
SI_UNIT($,.METRE.)
);
#6743=(
LENGTH_UNIT()
NAMED_UNIT(*)
SI_UNIT($,.METRE.)
);
#6744=(
LENGTH_UNIT()
NAMED_UNIT(*)
SI_UNIT($,.METRE.)
);
#6745=(
LENGTH_UNIT()
NAMED_UNIT(*)
SI_UNIT($,.METRE.)
);
#6746=(
LENGTH_UNIT()
NAMED_UNIT(*)
SI_UNIT($,.METRE.)
);
#6747=(
LENGTH_UNIT()
NAMED_UNIT(*)
SI_UNIT($,.METRE.)
);
#6748=(
LENGTH_UNIT()
NAMED_UNIT(*)
SI_UNIT($,.METRE.)
);
#6749=(
LENGTH_UNIT()
NAMED_UNIT(*)
SI_UNIT($,.METRE.)
);
#6750=(
LENGTH_UNIT()
NAMED_UNIT(*)
SI_UNIT($,.METRE.)
);
#6751=(
LENGTH_UNIT()
NAMED_UNIT(*)
SI_UNIT($,.METRE.)
);
#6752=(
LENGTH_UNIT()
NAMED_UNIT(*)
SI_UNIT($,.METRE.)
);
#6753=(
LENGTH_UNIT()
NAMED_UNIT(*)
SI_UNIT($,.METRE.)
);
#6754=(
LENGTH_UNIT()
NAMED_UNIT(*)
SI_UNIT($,.METRE.)
);
#6755=(
LENGTH_UNIT()
NAMED_UNIT(*)
SI_UNIT($,.METRE.)
);
#6756=(
LENGTH_UNIT()
NAMED_UNIT(*)
SI_UNIT($,.METRE.)
);
#6757=(
LENGTH_UNIT()
NAMED_UNIT(*)
SI_UNIT($,.METRE.)
);
#6758=(
LENGTH_UNIT()
NAMED_UNIT(*)
SI_UNIT($,.METRE.)
);
#6759=(
LENGTH_UNIT()
NAMED_UNIT(*)
SI_UNIT($,.METRE.)
);
#6760=(
LENGTH_UNIT()
NAMED_UNIT(*)
SI_UNIT($,.METRE.)
);
#6761=(
LENGTH_UNIT()
NAMED_UNIT(*)
SI_UNIT($,.METRE.)
);
#6762=(
LENGTH_UNIT()
NAMED_UNIT(*)
SI_UNIT($,.METRE.)
);
#6763=(
LENGTH_UNIT()
NAMED_UNIT(*)
SI_UNIT($,.METRE.)
);
#6764=(
LENGTH_UNIT()
NAMED_UNIT(*)
SI_UNIT($,.METRE.)
);
#6765=(
LENGTH_UNIT()
NAMED_UNIT(*)
SI_UNIT($,.METRE.)
);
#6766=(
LENGTH_UNIT()
NAMED_UNIT(*)
SI_UNIT($,.METRE.)
);
#6767=(
LENGTH_UNIT()
NAMED_UNIT(*)
SI_UNIT($,.METRE.)
);
#6768=(
LENGTH_UNIT()
NAMED_UNIT(*)
SI_UNIT($,.METRE.)
);
#6769=(
LENGTH_UNIT()
NAMED_UNIT(*)
SI_UNIT($,.METRE.)
);
#6770=(
LENGTH_UNIT()
NAMED_UNIT(*)
SI_UNIT($,.METRE.)
);
#6771=(
LENGTH_UNIT()
NAMED_UNIT(*)
SI_UNIT($,.METRE.)
);
#6772=(
LENGTH_UNIT()
NAMED_UNIT(*)
SI_UNIT($,.METRE.)
);
#6773=(
LENGTH_UNIT()
NAMED_UNIT(*)
SI_UNIT($,.METRE.)
);
#6774=(
LENGTH_UNIT()
NAMED_UNIT(*)
SI_UNIT($,.METRE.)
);
#6775=(
LENGTH_UNIT()
NAMED_UNIT(*)
SI_UNIT($,.METRE.)
);
#6776=(
LENGTH_UNIT()
NAMED_UNIT(*)
SI_UNIT($,.METRE.)
);
#6777=(
LENGTH_UNIT()
NAMED_UNIT(*)
SI_UNIT($,.METRE.)
);
#6778=(
LENGTH_UNIT()
NAMED_UNIT(*)
SI_UNIT($,.METRE.)
);
#6779=(
LENGTH_UNIT()
NAMED_UNIT(*)
SI_UNIT($,.METRE.)
);
#6780=(
LENGTH_UNIT()
NAMED_UNIT(*)
SI_UNIT($,.METRE.)
);
#6781=(
LENGTH_UNIT()
NAMED_UNIT(*)
SI_UNIT($,.METRE.)
);
#6782=(
LENGTH_UNIT()
NAMED_UNIT(*)
SI_UNIT($,.METRE.)
);
#6783=(
LENGTH_UNIT()
NAMED_UNIT(*)
SI_UNIT($,.METRE.)
);
#6784=(
LENGTH_UNIT()
NAMED_UNIT(*)
SI_UNIT($,.METRE.)
);
#6785=(
LENGTH_UNIT()
NAMED_UNIT(*)
SI_UNIT($,.METRE.)
);
#6786=(
LENGTH_UNIT()
NAMED_UNIT(*)
SI_UNIT($,.METRE.)
);
#6787=(
LENGTH_UNIT()
NAMED_UNIT(*)
SI_UNIT($,.METRE.)
);
#6788=(
LENGTH_UNIT()
NAMED_UNIT(*)
SI_UNIT($,.METRE.)
);
#6789=(
LENGTH_UNIT()
NAMED_UNIT(*)
SI_UNIT($,.METRE.)
);
#6790=(
LENGTH_UNIT()
NAMED_UNIT(*)
SI_UNIT($,.METRE.)
);
#6791=(
LENGTH_UNIT()
NAMED_UNIT(*)
SI_UNIT($,.METRE.)
);
#6792=(
LENGTH_UNIT()
NAMED_UNIT(*)
SI_UNIT($,.METRE.)
);
#6793=(
LENGTH_UNIT()
NAMED_UNIT(*)
SI_UNIT($,.METRE.)
);
#6794=(
LENGTH_UNIT()
NAMED_UNIT(*)
SI_UNIT($,.METRE.)
);
#6795=(
LENGTH_UNIT()
NAMED_UNIT(*)
SI_UNIT($,.METRE.)
);
#6796=(
LENGTH_UNIT()
NAMED_UNIT(*)
SI_UNIT($,.METRE.)
);
#6797=(
LENGTH_UNIT()
NAMED_UNIT(*)
SI_UNIT($,.METRE.)
);
#6798=(
LENGTH_UNIT()
NAMED_UNIT(*)
SI_UNIT($,.METRE.)
);
#6799=(
LENGTH_UNIT()
NAMED_UNIT(*)
SI_UNIT($,.METRE.)
);
#6800=(
LENGTH_UNIT()
NAMED_UNIT(*)
SI_UNIT($,.METRE.)
);
#6801=(
LENGTH_UNIT()
NAMED_UNIT(*)
SI_UNIT($,.METRE.)
);
#6802=(
LENGTH_UNIT()
NAMED_UNIT(*)
SI_UNIT($,.METRE.)
);
#6803=(
LENGTH_UNIT()
NAMED_UNIT(*)
SI_UNIT($,.METRE.)
);
#6804=(
LENGTH_UNIT()
NAMED_UNIT(*)
SI_UNIT($,.METRE.)
);
#6805=(
LENGTH_UNIT()
NAMED_UNIT(*)
SI_UNIT($,.METRE.)
);
#6806=(
LENGTH_UNIT()
NAMED_UNIT(*)
SI_UNIT($,.METRE.)
);
#6807=(
LENGTH_UNIT()
NAMED_UNIT(*)
SI_UNIT($,.METRE.)
);
#6808=(
LENGTH_UNIT()
NAMED_UNIT(*)
SI_UNIT($,.METRE.)
);
#6809=(
LENGTH_UNIT()
NAMED_UNIT(*)
SI_UNIT($,.METRE.)
);
#6810=(
LENGTH_UNIT()
NAMED_UNIT(*)
SI_UNIT($,.METRE.)
);
#6811=(
LENGTH_UNIT()
NAMED_UNIT(*)
SI_UNIT($,.METRE.)
);
#6812=(
LENGTH_UNIT()
NAMED_UNIT(*)
SI_UNIT($,.METRE.)
);
#6813=(
LENGTH_UNIT()
NAMED_UNIT(*)
SI_UNIT($,.METRE.)
);
#6814=(
LENGTH_UNIT()
NAMED_UNIT(*)
SI_UNIT($,.METRE.)
);
#6815=(
LENGTH_UNIT()
NAMED_UNIT(*)
SI_UNIT($,.METRE.)
);
#6816=(
LENGTH_UNIT()
NAMED_UNIT(*)
SI_UNIT($,.METRE.)
);
#6817=(
LENGTH_UNIT()
NAMED_UNIT(*)
SI_UNIT($,.METRE.)
);
#6818=(
LENGTH_UNIT()
NAMED_UNIT(*)
SI_UNIT($,.METRE.)
);
#6819=(
LENGTH_UNIT()
NAMED_UNIT(*)
SI_UNIT($,.METRE.)
);
#6820=(
LENGTH_UNIT()
NAMED_UNIT(*)
SI_UNIT($,.METRE.)
);
#6821=(
LENGTH_UNIT()
NAMED_UNIT(*)
SI_UNIT($,.METRE.)
);
#6822=(
LENGTH_UNIT()
NAMED_UNIT(*)
SI_UNIT($,.METRE.)
);
#6823=(
LENGTH_UNIT()
NAMED_UNIT(*)
SI_UNIT($,.METRE.)
);
#6824=(
LENGTH_UNIT()
NAMED_UNIT(*)
SI_UNIT($,.METRE.)
);
#6825=(
LENGTH_UNIT()
NAMED_UNIT(*)
SI_UNIT($,.METRE.)
);
#6826=(
LENGTH_UNIT()
NAMED_UNIT(*)
SI_UNIT($,.METRE.)
);
#6827=(
LENGTH_UNIT()
NAMED_UNIT(*)
SI_UNIT($,.METRE.)
);
#6828=(
LENGTH_UNIT()
NAMED_UNIT(*)
SI_UNIT($,.METRE.)
);
#6829=(
LENGTH_UNIT()
NAMED_UNIT(*)
SI_UNIT($,.METRE.)
);
#6830=(
LENGTH_UNIT()
NAMED_UNIT(*)
SI_UNIT($,.METRE.)
);
#6831=(
LENGTH_UNIT()
NAMED_UNIT(*)
SI_UNIT($,.METRE.)
);
#6832=(
LENGTH_UNIT()
NAMED_UNIT(*)
SI_UNIT($,.METRE.)
);
#6833=(
LENGTH_UNIT()
NAMED_UNIT(*)
SI_UNIT($,.METRE.)
);
#6834=(
LENGTH_UNIT()
NAMED_UNIT(*)
SI_UNIT($,.METRE.)
);
#6835=(
LENGTH_UNIT()
NAMED_UNIT(*)
SI_UNIT($,.METRE.)
);
#6836=(
LENGTH_UNIT()
NAMED_UNIT(*)
SI_UNIT($,.METRE.)
);
#6837=(
LENGTH_UNIT()
NAMED_UNIT(*)
SI_UNIT($,.METRE.)
);
#6838=(
LENGTH_UNIT()
NAMED_UNIT(*)
SI_UNIT($,.METRE.)
);
#6839=(
LENGTH_UNIT()
NAMED_UNIT(*)
SI_UNIT($,.METRE.)
);
#6840=(
LENGTH_UNIT()
NAMED_UNIT(*)
SI_UNIT($,.METRE.)
);
#6841=(
LENGTH_UNIT()
NAMED_UNIT(*)
SI_UNIT($,.METRE.)
);
#6842=(
LENGTH_UNIT()
NAMED_UNIT(*)
SI_UNIT($,.METRE.)
);
#6843=(
LENGTH_UNIT()
NAMED_UNIT(*)
SI_UNIT($,.METRE.)
);
#6844=(
LENGTH_UNIT()
NAMED_UNIT(*)
SI_UNIT($,.METRE.)
);
#6845=(
LENGTH_UNIT()
NAMED_UNIT(*)
SI_UNIT($,.METRE.)
);
#6846=(
LENGTH_UNIT()
NAMED_UNIT(*)
SI_UNIT($,.METRE.)
);
#6847=(
LENGTH_UNIT()
NAMED_UNIT(*)
SI_UNIT($,.METRE.)
);
#6848=(
LENGTH_UNIT()
NAMED_UNIT(*)
SI_UNIT($,.METRE.)
);
#6849=(
LENGTH_UNIT()
NAMED_UNIT(*)
SI_UNIT($,.METRE.)
);
#6850=(
LENGTH_UNIT()
NAMED_UNIT(*)
SI_UNIT($,.METRE.)
);
#6851=(
LENGTH_UNIT()
NAMED_UNIT(*)
SI_UNIT($,.METRE.)
);
#6852=(
LENGTH_UNIT()
NAMED_UNIT(*)
SI_UNIT($,.METRE.)
);
#6853=(
LENGTH_UNIT()
NAMED_UNIT(*)
SI_UNIT($,.METRE.)
);
#6854=(
LENGTH_UNIT()
NAMED_UNIT(*)
SI_UNIT($,.METRE.)
);
#6855=(
LENGTH_UNIT()
NAMED_UNIT(*)
SI_UNIT($,.METRE.)
);
#6856=(
LENGTH_UNIT()
NAMED_UNIT(*)
SI_UNIT($,.METRE.)
);
#6857=(
LENGTH_UNIT()
NAMED_UNIT(*)
SI_UNIT($,.METRE.)
);
#6858=(
LENGTH_UNIT()
NAMED_UNIT(*)
SI_UNIT($,.METRE.)
);
#6859=(
LENGTH_UNIT()
NAMED_UNIT(*)
SI_UNIT($,.METRE.)
);
#6860=(
LENGTH_UNIT()
NAMED_UNIT(*)
SI_UNIT($,.METRE.)
);
#6861=(
LENGTH_UNIT()
NAMED_UNIT(*)
SI_UNIT($,.METRE.)
);
#6862=(
LENGTH_UNIT()
NAMED_UNIT(*)
SI_UNIT($,.METRE.)
);
#6863=(
LENGTH_UNIT()
NAMED_UNIT(*)
SI_UNIT($,.METRE.)
);
#6864=(
LENGTH_UNIT()
NAMED_UNIT(*)
SI_UNIT($,.METRE.)
);
#6865=(
LENGTH_UNIT()
NAMED_UNIT(*)
SI_UNIT($,.METRE.)
);
#6866=(
LENGTH_UNIT()
NAMED_UNIT(*)
SI_UNIT($,.METRE.)
);
#6867=(
LENGTH_UNIT()
NAMED_UNIT(*)
SI_UNIT($,.METRE.)
);
#6868=(
LENGTH_UNIT()
NAMED_UNIT(*)
SI_UNIT($,.METRE.)
);
#6869=(
LENGTH_UNIT()
NAMED_UNIT(*)
SI_UNIT($,.METRE.)
);
#6870=(
LENGTH_UNIT()
NAMED_UNIT(*)
SI_UNIT($,.METRE.)
);
#6871=(
LENGTH_UNIT()
NAMED_UNIT(*)
SI_UNIT($,.METRE.)
);
#6872=(
LENGTH_UNIT()
NAMED_UNIT(*)
SI_UNIT($,.METRE.)
);
#6873=(
LENGTH_UNIT()
NAMED_UNIT(*)
SI_UNIT($,.METRE.)
);
#6874=(
LENGTH_UNIT()
NAMED_UNIT(*)
SI_UNIT($,.METRE.)
);
#6875=(
LENGTH_UNIT()
NAMED_UNIT(*)
SI_UNIT($,.METRE.)
);
#6876=(
LENGTH_UNIT()
NAMED_UNIT(*)
SI_UNIT($,.METRE.)
);
#6877=(
LENGTH_UNIT()
NAMED_UNIT(*)
SI_UNIT($,.METRE.)
);
#6878=(
LENGTH_UNIT()
NAMED_UNIT(*)
SI_UNIT($,.METRE.)
);
#6879=(
LENGTH_UNIT()
NAMED_UNIT(*)
SI_UNIT($,.METRE.)
);
#6880=(
LENGTH_UNIT()
NAMED_UNIT(*)
SI_UNIT($,.METRE.)
);
#6881=(
LENGTH_UNIT()
NAMED_UNIT(*)
SI_UNIT($,.METRE.)
);
#6882=(
LENGTH_UNIT()
NAMED_UNIT(*)
SI_UNIT($,.METRE.)
);
#6883=(
LENGTH_UNIT()
NAMED_UNIT(*)
SI_UNIT($,.METRE.)
);
#6884=(
LENGTH_UNIT()
NAMED_UNIT(*)
SI_UNIT($,.METRE.)
);
#6885=(
LENGTH_UNIT()
NAMED_UNIT(*)
SI_UNIT($,.METRE.)
);
#6886=(
LENGTH_UNIT()
NAMED_UNIT(*)
SI_UNIT($,.METRE.)
);
#6887=(
LENGTH_UNIT()
NAMED_UNIT(*)
SI_UNIT($,.METRE.)
);
#6888=(
LENGTH_UNIT()
NAMED_UNIT(*)
SI_UNIT($,.METRE.)
);
#6889=(
LENGTH_UNIT()
NAMED_UNIT(*)
SI_UNIT($,.METRE.)
);
#6890=(
LENGTH_UNIT()
NAMED_UNIT(*)
SI_UNIT($,.METRE.)
);
#6891=(
LENGTH_UNIT()
NAMED_UNIT(*)
SI_UNIT($,.METRE.)
);
#6892=(
LENGTH_UNIT()
NAMED_UNIT(*)
SI_UNIT($,.METRE.)
);
#6893=PRODUCT_DEFINITION_SHAPE('','',#7095);
#6894=PRODUCT_DEFINITION_SHAPE('','',#7096);
#6895=PRODUCT_DEFINITION_SHAPE('','',#7097);
#6896=PRODUCT_DEFINITION_SHAPE('','',#7098);
#6897=PRODUCT_DEFINITION_SHAPE('','',#7099);
#6898=PRODUCT_DEFINITION_SHAPE('','',#7100);
#6899=PRODUCT_DEFINITION_SHAPE('','',#7101);
#6900=PRODUCT_DEFINITION_SHAPE('','',#7102);
#6901=PRODUCT_DEFINITION_SHAPE('','',#7103);
#6902=PRODUCT_DEFINITION_SHAPE('','',#7104);
#6903=PRODUCT_DEFINITION_SHAPE('','',#7105);
#6904=PRODUCT_DEFINITION_SHAPE('','',#7106);
#6905=PRODUCT_DEFINITION_SHAPE('','',#7107);
#6906=PRODUCT_DEFINITION_SHAPE('','',#7108);
#6907=PRODUCT_DEFINITION_SHAPE('','',#7109);
#6908=PRODUCT_DEFINITION_SHAPE('','',#7110);
#6909=PRODUCT_DEFINITION_SHAPE('','',#7111);
#6910=PRODUCT_DEFINITION_SHAPE('','',#7112);
#6911=PRODUCT_DEFINITION_SHAPE('','',#7113);
#6912=PRODUCT_DEFINITION_SHAPE('','',#7114);
#6913=PRODUCT_DEFINITION_SHAPE('','',#7115);
#6914=PRODUCT_DEFINITION_SHAPE('','',#7116);
#6915=PRODUCT_DEFINITION_SHAPE('','',#7117);
#6916=PRODUCT_DEFINITION_SHAPE('','',#7118);
#6917=PRODUCT_DEFINITION_SHAPE('','',#7119);
#6918=PRODUCT_DEFINITION_SHAPE('','',#7120);
#6919=PRODUCT_DEFINITION_SHAPE('','',#7121);
#6920=PRODUCT_DEFINITION_SHAPE('','',#7122);
#6921=PRODUCT_DEFINITION_SHAPE('','',#7123);
#6922=PRODUCT_DEFINITION_SHAPE('','',#7124);
#6923=PRODUCT_DEFINITION_SHAPE('','',#7125);
#6924=PRODUCT_DEFINITION_SHAPE('','',#7126);
#6925=PRODUCT_DEFINITION_SHAPE('','',#7127);
#6926=PRODUCT_DEFINITION_SHAPE('','',#7128);
#6927=PRODUCT_DEFINITION_SHAPE('','',#7129);
#6928=PRODUCT_DEFINITION_SHAPE('','',#7130);
#6929=PRODUCT_DEFINITION_SHAPE('','',#7131);
#6930=PRODUCT_DEFINITION_SHAPE('','',#7132);
#6931=PRODUCT_DEFINITION_SHAPE('','',#7133);
#6932=PRODUCT_DEFINITION_SHAPE('','',#7134);
#6933=PRODUCT_DEFINITION_SHAPE('','',#7135);
#6934=PRODUCT_DEFINITION_SHAPE('','',#7136);
#6935=PRODUCT_DEFINITION_SHAPE('','',#7137);
#6936=PRODUCT_DEFINITION_SHAPE('','',#7138);
#6937=PRODUCT_DEFINITION_SHAPE('','',#7139);
#6938=PRODUCT_DEFINITION_SHAPE('','',#7140);
#6939=PRODUCT_DEFINITION_SHAPE('','',#7141);
#6940=PRODUCT_DEFINITION_SHAPE('','',#7142);
#6941=PRODUCT_DEFINITION_SHAPE('','',#7143);
#6942=PRODUCT_DEFINITION_SHAPE('','',#7144);
#6943=PRODUCT_DEFINITION_SHAPE('','',#7145);
#6944=PRODUCT_DEFINITION_SHAPE('','',#7146);
#6945=PRODUCT_DEFINITION_SHAPE('','',#7147);
#6946=PRODUCT_DEFINITION_SHAPE('','',#7148);
#6947=PRODUCT_DEFINITION_SHAPE('','',#7149);
#6948=PRODUCT_DEFINITION_SHAPE('','',#7150);
#6949=PRODUCT_DEFINITION_SHAPE('','',#7151);
#6950=PRODUCT_DEFINITION_SHAPE('','',#7152);
#6951=PRODUCT_DEFINITION_SHAPE('','',#7153);
#6952=PRODUCT_DEFINITION_SHAPE('','',#7154);
#6953=PRODUCT_DEFINITION_SHAPE('','',#7155);
#6954=PRODUCT_DEFINITION_SHAPE('','',#7156);
#6955=PRODUCT_DEFINITION_SHAPE('','',#7157);
#6956=PRODUCT_DEFINITION_SHAPE('','',#7158);
#6957=PRODUCT_DEFINITION_SHAPE('','',#7159);
#6958=PRODUCT_DEFINITION_SHAPE('','',#7160);
#6959=PRODUCT_DEFINITION_SHAPE('','',#7161);
#6960=PRODUCT_DEFINITION_SHAPE('','',#7162);
#6961=PRODUCT_DEFINITION_SHAPE('','',#7163);
#6962=PRODUCT_DEFINITION_SHAPE('','',#7164);
#6963=PRODUCT_DEFINITION_SHAPE('','',#7165);
#6964=PRODUCT_DEFINITION_SHAPE('','',#7166);
#6965=PRODUCT_DEFINITION_SHAPE('','',#7167);
#6966=PRODUCT_DEFINITION_SHAPE('','',#7168);
#6967=PRODUCT_DEFINITION_SHAPE('','',#7169);
#6968=PRODUCT_DEFINITION_SHAPE('','',#7170);
#6969=PRODUCT_DEFINITION_SHAPE('','',#7171);
#6970=PRODUCT_DEFINITION_SHAPE('','',#7172);
#6971=PRODUCT_DEFINITION_SHAPE('','',#7173);
#6972=PRODUCT_DEFINITION_SHAPE('','',#7174);
#6973=PRODUCT_DEFINITION_SHAPE('','',#7175);
#6974=PRODUCT_DEFINITION_SHAPE('','',#7176);
#6975=PRODUCT_DEFINITION_SHAPE('','',#7177);
#6976=PRODUCT_DEFINITION_SHAPE('','',#7178);
#6977=PRODUCT_DEFINITION_SHAPE('','',#7179);
#6978=PRODUCT_DEFINITION_SHAPE('','',#7180);
#6979=PRODUCT_DEFINITION_SHAPE('','',#7181);
#6980=PRODUCT_DEFINITION_SHAPE('','',#7182);
#6981=PRODUCT_DEFINITION_SHAPE('','',#7183);
#6982=PRODUCT_DEFINITION_SHAPE('','',#7184);
#6983=PRODUCT_DEFINITION_SHAPE('','',#7185);
#6984=PRODUCT_DEFINITION_SHAPE('','',#7186);
#6985=PRODUCT_DEFINITION_SHAPE('','',#7187);
#6986=PRODUCT_DEFINITION_SHAPE('','',#7188);
#6987=PRODUCT_DEFINITION_SHAPE('','',#7189);
#6988=PRODUCT_DEFINITION_SHAPE('','',#7190);
#6989=PRODUCT_DEFINITION_SHAPE('','',#7191);
#6990=PRODUCT_DEFINITION_SHAPE('','',#7192);
#6991=PRODUCT_DEFINITION_SHAPE('','',#7193);
#6992=PRODUCT_DEFINITION_SHAPE('','',#7194);
#6993=PRODUCT_DEFINITION_SHAPE('','',#7195);
#6994=PRODUCT_DEFINITION_SHAPE('','',#7196);
#6995=PRODUCT_DEFINITION_SHAPE('','',#7197);
#6996=PRODUCT_DEFINITION_SHAPE('','',#7198);
#6997=PRODUCT_DEFINITION_SHAPE('','',#7199);
#6998=PRODUCT_DEFINITION_SHAPE('','',#7200);
#6999=PRODUCT_DEFINITION_SHAPE('','',#7201);
#7000=PRODUCT_DEFINITION_SHAPE('','',#7202);
#7001=PRODUCT_DEFINITION_SHAPE('','',#7203);
#7002=PRODUCT_DEFINITION_SHAPE('','',#7204);
#7003=PRODUCT_DEFINITION_SHAPE('','',#7205);
#7004=PRODUCT_DEFINITION_SHAPE('','',#7206);
#7005=PRODUCT_DEFINITION_SHAPE('','',#7207);
#7006=PRODUCT_DEFINITION_SHAPE('','',#7208);
#7007=PRODUCT_DEFINITION_SHAPE('','',#7209);
#7008=PRODUCT_DEFINITION_SHAPE('','',#7210);
#7009=PRODUCT_DEFINITION_SHAPE('','',#7211);
#7010=PRODUCT_DEFINITION_SHAPE('','',#7212);
#7011=PRODUCT_DEFINITION_SHAPE('','',#7213);
#7012=PRODUCT_DEFINITION_SHAPE('','',#7214);
#7013=PRODUCT_DEFINITION_SHAPE('','',#7215);
#7014=PRODUCT_DEFINITION_SHAPE('','',#7216);
#7015=PRODUCT_DEFINITION_SHAPE('','',#7217);
#7016=PRODUCT_DEFINITION_SHAPE('','',#7218);
#7017=PRODUCT_DEFINITION_SHAPE('','',#7219);
#7018=PRODUCT_DEFINITION_SHAPE('','',#7220);
#7019=PRODUCT_DEFINITION_SHAPE('','',#7221);
#7020=PRODUCT_DEFINITION_SHAPE('','',#7222);
#7021=PRODUCT_DEFINITION_SHAPE('','',#7223);
#7022=PRODUCT_DEFINITION_SHAPE('','',#7224);
#7023=PRODUCT_DEFINITION_SHAPE('','',#7225);
#7024=PRODUCT_DEFINITION_SHAPE('','',#7226);
#7025=PRODUCT_DEFINITION_SHAPE('','',#7227);
#7026=PRODUCT_DEFINITION_SHAPE('','',#7228);
#7027=PRODUCT_DEFINITION_SHAPE('','',#7229);
#7028=PRODUCT_DEFINITION_SHAPE('','',#7230);
#7029=PRODUCT_DEFINITION_SHAPE('','',#7231);
#7030=PRODUCT_DEFINITION_SHAPE('','',#7232);
#7031=PRODUCT_DEFINITION_SHAPE('','',#7233);
#7032=PRODUCT_DEFINITION_SHAPE('','',#7234);
#7033=PRODUCT_DEFINITION_SHAPE('','',#7235);
#7034=PRODUCT_DEFINITION_SHAPE('','',#7236);
#7035=PRODUCT_DEFINITION_SHAPE('','',#7237);
#7036=PRODUCT_DEFINITION_SHAPE('','',#7238);
#7037=PRODUCT_DEFINITION_SHAPE('','',#7239);
#7038=PRODUCT_DEFINITION_SHAPE('','',#7240);
#7039=PRODUCT_DEFINITION_SHAPE('','',#7241);
#7040=PRODUCT_DEFINITION_SHAPE('','',#7242);
#7041=PRODUCT_DEFINITION_SHAPE('','',#7243);
#7042=PRODUCT_DEFINITION_SHAPE('','',#7244);
#7043=PRODUCT_DEFINITION_SHAPE('','',#7245);
#7044=PRODUCT_DEFINITION_SHAPE('','',#7246);
#7045=PRODUCT_DEFINITION_SHAPE('','',#7247);
#7046=PRODUCT_DEFINITION_SHAPE('','',#7248);
#7047=PRODUCT_DEFINITION_SHAPE('','',#7249);
#7048=PRODUCT_DEFINITION_SHAPE('','',#7250);
#7049=PRODUCT_DEFINITION_SHAPE('','',#7251);
#7050=PRODUCT_DEFINITION_SHAPE('','',#7252);
#7051=PRODUCT_DEFINITION_SHAPE('','',#7253);
#7052=PRODUCT_DEFINITION_SHAPE('','',#7254);
#7053=PRODUCT_DEFINITION_SHAPE('','',#7255);
#7054=PRODUCT_DEFINITION_SHAPE('','',#7256);
#7055=PRODUCT_DEFINITION_SHAPE('','',#7257);
#7056=PRODUCT_DEFINITION_SHAPE('','',#7258);
#7057=PRODUCT_DEFINITION_SHAPE('','',#7259);
#7058=PRODUCT_DEFINITION_SHAPE('','',#7260);
#7059=PRODUCT_DEFINITION_SHAPE('','',#7261);
#7060=PRODUCT_DEFINITION_SHAPE('','',#7262);
#7061=PRODUCT_DEFINITION_SHAPE('','',#7263);
#7062=PRODUCT_DEFINITION_SHAPE('','',#7264);
#7063=PRODUCT_DEFINITION_SHAPE('','',#7265);
#7064=PRODUCT_DEFINITION_SHAPE('','',#7266);
#7065=PRODUCT_DEFINITION_SHAPE('','',#7267);
#7066=PRODUCT_DEFINITION_SHAPE('','',#7268);
#7067=PRODUCT_DEFINITION_SHAPE('','',#7269);
#7068=PRODUCT_DEFINITION_SHAPE('','',#7270);
#7069=PRODUCT_DEFINITION_SHAPE('','',#7271);
#7070=PRODUCT_DEFINITION_SHAPE('','',#7272);
#7071=PRODUCT_DEFINITION_SHAPE('','',#7273);
#7072=PRODUCT_DEFINITION_SHAPE('','',#7274);
#7073=PRODUCT_DEFINITION_SHAPE('','',#7275);
#7074=PRODUCT_DEFINITION_SHAPE('','',#7276);
#7075=PRODUCT_DEFINITION_SHAPE('','',#7277);
#7076=PRODUCT_DEFINITION_SHAPE('','',#7278);
#7077=PRODUCT_DEFINITION_SHAPE('','',#7279);
#7078=PRODUCT_DEFINITION_SHAPE('','',#7280);
#7079=PRODUCT_DEFINITION_SHAPE('','',#7281);
#7080=PRODUCT_DEFINITION_SHAPE('','',#7282);
#7081=PRODUCT_DEFINITION_SHAPE('','',#7283);
#7082=PRODUCT_DEFINITION_SHAPE('','',#7284);
#7083=PRODUCT_DEFINITION_SHAPE('','',#7285);
#7084=PRODUCT_DEFINITION_SHAPE('','',#7286);
#7085=PRODUCT_DEFINITION_SHAPE('','',#7287);
#7086=PRODUCT_DEFINITION_SHAPE('','',#7288);
#7087=PRODUCT_DEFINITION_SHAPE('','',#7289);
#7088=PRODUCT_DEFINITION_SHAPE('','',#7290);
#7089=PRODUCT_DEFINITION_SHAPE('','',#7291);
#7090=PRODUCT_DEFINITION_SHAPE('','',#7292);
#7091=PRODUCT_DEFINITION_SHAPE('','',#7293);
#7092=PRODUCT_DEFINITION_SHAPE('','',#7294);
#7093=PRODUCT_DEFINITION_SHAPE('','',#7295);
#7094=PRODUCT_DEFINITION_SHAPE('','',#7296);
#7095=PRODUCT_DEFINITION('','',#7499,#7297);
#7096=PRODUCT_DEFINITION('','',#7500,#7298);
#7097=PRODUCT_DEFINITION('','',#7501,#7299);
#7098=PRODUCT_DEFINITION('','',#7502,#7300);
#7099=PRODUCT_DEFINITION('','',#7503,#7301);
#7100=PRODUCT_DEFINITION('','',#7504,#7302);
#7101=PRODUCT_DEFINITION('','',#7505,#7303);
#7102=PRODUCT_DEFINITION('','',#7506,#7304);
#7103=PRODUCT_DEFINITION('','',#7507,#7305);
#7104=PRODUCT_DEFINITION('','',#7508,#7306);
#7105=PRODUCT_DEFINITION('','',#7509,#7307);
#7106=PRODUCT_DEFINITION('','',#7510,#7308);
#7107=PRODUCT_DEFINITION('','',#7511,#7309);
#7108=PRODUCT_DEFINITION('','',#7512,#7310);
#7109=PRODUCT_DEFINITION('','',#7513,#7311);
#7110=PRODUCT_DEFINITION('','',#7514,#7312);
#7111=PRODUCT_DEFINITION('','',#7515,#7313);
#7112=PRODUCT_DEFINITION('','',#7516,#7314);
#7113=PRODUCT_DEFINITION('','',#7517,#7315);
#7114=PRODUCT_DEFINITION('','',#7518,#7316);
#7115=PRODUCT_DEFINITION('','',#7519,#7317);
#7116=PRODUCT_DEFINITION('','',#7520,#7318);
#7117=PRODUCT_DEFINITION('','',#7521,#7319);
#7118=PRODUCT_DEFINITION('','',#7522,#7320);
#7119=PRODUCT_DEFINITION('','',#7523,#7321);
#7120=PRODUCT_DEFINITION('','',#7524,#7322);
#7121=PRODUCT_DEFINITION('','',#7525,#7323);
#7122=PRODUCT_DEFINITION('','',#7526,#7324);
#7123=PRODUCT_DEFINITION('','',#7527,#7325);
#7124=PRODUCT_DEFINITION('','',#7528,#7326);
#7125=PRODUCT_DEFINITION('','',#7529,#7327);
#7126=PRODUCT_DEFINITION('','',#7530,#7328);
#7127=PRODUCT_DEFINITION('','',#7531,#7329);
#7128=PRODUCT_DEFINITION('','',#7532,#7330);
#7129=PRODUCT_DEFINITION('','',#7533,#7331);
#7130=PRODUCT_DEFINITION('','',#7534,#7332);
#7131=PRODUCT_DEFINITION('','',#7535,#7333);
#7132=PRODUCT_DEFINITION('','',#7536,#7334);
#7133=PRODUCT_DEFINITION('','',#7537,#7335);
#7134=PRODUCT_DEFINITION('','',#7538,#7336);
#7135=PRODUCT_DEFINITION('','',#7539,#7337);
#7136=PRODUCT_DEFINITION('','',#7540,#7338);
#7137=PRODUCT_DEFINITION('','',#7541,#7339);
#7138=PRODUCT_DEFINITION('','',#7542,#7340);
#7139=PRODUCT_DEFINITION('','',#7543,#7341);
#7140=PRODUCT_DEFINITION('','',#7544,#7342);
#7141=PRODUCT_DEFINITION('','',#7545,#7343);
#7142=PRODUCT_DEFINITION('','',#7546,#7344);
#7143=PRODUCT_DEFINITION('','',#7547,#7345);
#7144=PRODUCT_DEFINITION('','',#7548,#7346);
#7145=PRODUCT_DEFINITION('','',#7549,#7347);
#7146=PRODUCT_DEFINITION('','',#7550,#7348);
#7147=PRODUCT_DEFINITION('','',#7551,#7349);
#7148=PRODUCT_DEFINITION('','',#7552,#7350);
#7149=PRODUCT_DEFINITION('','',#7553,#7351);
#7150=PRODUCT_DEFINITION('','',#7554,#7352);
#7151=PRODUCT_DEFINITION('','',#7555,#7353);
#7152=PRODUCT_DEFINITION('','',#7556,#7354);
#7153=PRODUCT_DEFINITION('','',#7557,#7355);
#7154=PRODUCT_DEFINITION('','',#7558,#7356);
#7155=PRODUCT_DEFINITION('','',#7559,#7357);
#7156=PRODUCT_DEFINITION('','',#7560,#7358);
#7157=PRODUCT_DEFINITION('','',#7561,#7359);
#7158=PRODUCT_DEFINITION('','',#7562,#7360);
#7159=PRODUCT_DEFINITION('','',#7563,#7361);
#7160=PRODUCT_DEFINITION('','',#7564,#7362);
#7161=PRODUCT_DEFINITION('','',#7565,#7363);
#7162=PRODUCT_DEFINITION('','',#7566,#7364);
#7163=PRODUCT_DEFINITION('','',#7567,#7365);
#7164=PRODUCT_DEFINITION('','',#7568,#7366);
#7165=PRODUCT_DEFINITION('','',#7569,#7367);
#7166=PRODUCT_DEFINITION('','',#7570,#7368);
#7167=PRODUCT_DEFINITION('','',#7571,#7369);
#7168=PRODUCT_DEFINITION('','',#7572,#7370);
#7169=PRODUCT_DEFINITION('','',#7573,#7371);
#7170=PRODUCT_DEFINITION('','',#7574,#7372);
#7171=PRODUCT_DEFINITION('','',#7575,#7373);
#7172=PRODUCT_DEFINITION('','',#7576,#7374);
#7173=PRODUCT_DEFINITION('','',#7577,#7375);
#7174=PRODUCT_DEFINITION('','',#7578,#7376);
#7175=PRODUCT_DEFINITION('','',#7579,#7377);
#7176=PRODUCT_DEFINITION('','',#7580,#7378);
#7177=PRODUCT_DEFINITION('','',#7581,#7379);
#7178=PRODUCT_DEFINITION('','',#7582,#7380);
#7179=PRODUCT_DEFINITION('','',#7583,#7381);
#7180=PRODUCT_DEFINITION('','',#7584,#7382);
#7181=PRODUCT_DEFINITION('','',#7585,#7383);
#7182=PRODUCT_DEFINITION('','',#7586,#7384);
#7183=PRODUCT_DEFINITION('','',#7587,#7385);
#7184=PRODUCT_DEFINITION('','',#7588,#7386);
#7185=PRODUCT_DEFINITION('','',#7589,#7387);
#7186=PRODUCT_DEFINITION('','',#7590,#7388);
#7187=PRODUCT_DEFINITION('','',#7591,#7389);
#7188=PRODUCT_DEFINITION('','',#7592,#7390);
#7189=PRODUCT_DEFINITION('','',#7593,#7391);
#7190=PRODUCT_DEFINITION('','',#7594,#7392);
#7191=PRODUCT_DEFINITION('','',#7595,#7393);
#7192=PRODUCT_DEFINITION('','',#7596,#7394);
#7193=PRODUCT_DEFINITION('','',#7597,#7395);
#7194=PRODUCT_DEFINITION('','',#7598,#7396);
#7195=PRODUCT_DEFINITION('','',#7599,#7397);
#7196=PRODUCT_DEFINITION('','',#7600,#7398);
#7197=PRODUCT_DEFINITION('','',#7601,#7399);
#7198=PRODUCT_DEFINITION('','',#7602,#7400);
#7199=PRODUCT_DEFINITION('','',#7603,#7401);
#7200=PRODUCT_DEFINITION('','',#7604,#7402);
#7201=PRODUCT_DEFINITION('','',#7605,#7403);
#7202=PRODUCT_DEFINITION('','',#7606,#7404);
#7203=PRODUCT_DEFINITION('','',#7607,#7405);
#7204=PRODUCT_DEFINITION('','',#7608,#7406);
#7205=PRODUCT_DEFINITION('','',#7609,#7407);
#7206=PRODUCT_DEFINITION('','',#7610,#7408);
#7207=PRODUCT_DEFINITION('','',#7611,#7409);
#7208=PRODUCT_DEFINITION('','',#7612,#7410);
#7209=PRODUCT_DEFINITION('','',#7613,#7411);
#7210=PRODUCT_DEFINITION('','',#7614,#7412);
#7211=PRODUCT_DEFINITION('','',#7615,#7413);
#7212=PRODUCT_DEFINITION('','',#7616,#7414);
#7213=PRODUCT_DEFINITION('','',#7617,#7415);
#7214=PRODUCT_DEFINITION('','',#7618,#7416);
#7215=PRODUCT_DEFINITION('','',#7619,#7417);
#7216=PRODUCT_DEFINITION('','',#7620,#7418);
#7217=PRODUCT_DEFINITION('','',#7621,#7419);
#7218=PRODUCT_DEFINITION('','',#7622,#7420);
#7219=PRODUCT_DEFINITION('','',#7623,#7421);
#7220=PRODUCT_DEFINITION('','',#7624,#7422);
#7221=PRODUCT_DEFINITION('','',#7625,#7423);
#7222=PRODUCT_DEFINITION('','',#7626,#7424);
#7223=PRODUCT_DEFINITION('','',#7627,#7425);
#7224=PRODUCT_DEFINITION('','',#7628,#7426);
#7225=PRODUCT_DEFINITION('','',#7629,#7427);
#7226=PRODUCT_DEFINITION('','',#7630,#7428);
#7227=PRODUCT_DEFINITION('','',#7631,#7429);
#7228=PRODUCT_DEFINITION('','',#7632,#7430);
#7229=PRODUCT_DEFINITION('','',#7633,#7431);
#7230=PRODUCT_DEFINITION('','',#7634,#7432);
#7231=PRODUCT_DEFINITION('','',#7635,#7433);
#7232=PRODUCT_DEFINITION('','',#7636,#7434);
#7233=PRODUCT_DEFINITION('','',#7637,#7435);
#7234=PRODUCT_DEFINITION('','',#7638,#7436);
#7235=PRODUCT_DEFINITION('','',#7639,#7437);
#7236=PRODUCT_DEFINITION('','',#7640,#7438);
#7237=PRODUCT_DEFINITION('','',#7641,#7439);
#7238=PRODUCT_DEFINITION('','',#7642,#7440);
#7239=PRODUCT_DEFINITION('','',#7643,#7441);
#7240=PRODUCT_DEFINITION('','',#7644,#7442);
#7241=PRODUCT_DEFINITION('','',#7645,#7443);
#7242=PRODUCT_DEFINITION('','',#7646,#7444);
#7243=PRODUCT_DEFINITION('','',#7647,#7445);
#7244=PRODUCT_DEFINITION('','',#7648,#7446);
#7245=PRODUCT_DEFINITION('','',#7649,#7447);
#7246=PRODUCT_DEFINITION('','',#7650,#7448);
#7247=PRODUCT_DEFINITION('','',#7651,#7449);
#7248=PRODUCT_DEFINITION('','',#7652,#7450);
#7249=PRODUCT_DEFINITION('','',#7653,#7451);
#7250=PRODUCT_DEFINITION('','',#7654,#7452);
#7251=PRODUCT_DEFINITION('','',#7655,#7453);
#7252=PRODUCT_DEFINITION('','',#7656,#7454);
#7253=PRODUCT_DEFINITION('','',#7657,#7455);
#7254=PRODUCT_DEFINITION('','',#7658,#7456);
#7255=PRODUCT_DEFINITION('','',#7659,#7457);
#7256=PRODUCT_DEFINITION('','',#7660,#7458);
#7257=PRODUCT_DEFINITION('','',#7661,#7459);
#7258=PRODUCT_DEFINITION('','',#7662,#7460);
#7259=PRODUCT_DEFINITION('','',#7663,#7461);
#7260=PRODUCT_DEFINITION('','',#7664,#7462);
#7261=PRODUCT_DEFINITION('','',#7665,#7463);
#7262=PRODUCT_DEFINITION('','',#7666,#7464);
#7263=PRODUCT_DEFINITION('','',#7667,#7465);
#7264=PRODUCT_DEFINITION('','',#7668,#7466);
#7265=PRODUCT_DEFINITION('','',#7669,#7467);
#7266=PRODUCT_DEFINITION('','',#7670,#7468);
#7267=PRODUCT_DEFINITION('','',#7671,#7469);
#7268=PRODUCT_DEFINITION('','',#7672,#7470);
#7269=PRODUCT_DEFINITION('','',#7673,#7471);
#7270=PRODUCT_DEFINITION('','',#7674,#7472);
#7271=PRODUCT_DEFINITION('','',#7675,#7473);
#7272=PRODUCT_DEFINITION('','',#7676,#7474);
#7273=PRODUCT_DEFINITION('','',#7677,#7475);
#7274=PRODUCT_DEFINITION('','',#7678,#7476);
#7275=PRODUCT_DEFINITION('','',#7679,#7477);
#7276=PRODUCT_DEFINITION('','',#7680,#7478);
#7277=PRODUCT_DEFINITION('','',#7681,#7479);
#7278=PRODUCT_DEFINITION('','',#7682,#7480);
#7279=PRODUCT_DEFINITION('','',#7683,#7481);
#7280=PRODUCT_DEFINITION('','',#7684,#7482);
#7281=PRODUCT_DEFINITION('','',#7685,#7483);
#7282=PRODUCT_DEFINITION('','',#7686,#7484);
#7283=PRODUCT_DEFINITION('','',#7687,#7485);
#7284=PRODUCT_DEFINITION('','',#7688,#7486);
#7285=PRODUCT_DEFINITION('','',#7689,#7487);
#7286=PRODUCT_DEFINITION('','',#7690,#7488);
#7287=PRODUCT_DEFINITION('','',#7691,#7489);
#7288=PRODUCT_DEFINITION('','',#7692,#7490);
#7289=PRODUCT_DEFINITION('','',#7693,#7491);
#7290=PRODUCT_DEFINITION('','',#7694,#7492);
#7291=PRODUCT_DEFINITION('','',#7695,#7493);
#7292=PRODUCT_DEFINITION('','',#7696,#7494);
#7293=PRODUCT_DEFINITION('','',#7697,#7495);
#7294=PRODUCT_DEFINITION('','',#7698,#7496);
#7295=PRODUCT_DEFINITION('','',#7699,#7497);
#7296=PRODUCT_DEFINITION('','',#7700,#7498);
#7297=PRODUCT_DEFINITION_CONTEXT('',#8711,'design');
#7298=PRODUCT_DEFINITION_CONTEXT('',#8712,'design');
#7299=PRODUCT_DEFINITION_CONTEXT('',#8713,'design');
#7300=PRODUCT_DEFINITION_CONTEXT('',#8714,'design');
#7301=PRODUCT_DEFINITION_CONTEXT('',#8715,'design');
#7302=PRODUCT_DEFINITION_CONTEXT('',#8716,'design');
#7303=PRODUCT_DEFINITION_CONTEXT('',#8717,'design');
#7304=PRODUCT_DEFINITION_CONTEXT('',#8718,'design');
#7305=PRODUCT_DEFINITION_CONTEXT('',#8719,'design');
#7306=PRODUCT_DEFINITION_CONTEXT('',#8720,'design');
#7307=PRODUCT_DEFINITION_CONTEXT('',#8721,'design');
#7308=PRODUCT_DEFINITION_CONTEXT('',#8722,'design');
#7309=PRODUCT_DEFINITION_CONTEXT('',#8723,'design');
#7310=PRODUCT_DEFINITION_CONTEXT('',#8724,'design');
#7311=PRODUCT_DEFINITION_CONTEXT('',#8725,'design');
#7312=PRODUCT_DEFINITION_CONTEXT('',#8726,'design');
#7313=PRODUCT_DEFINITION_CONTEXT('',#8727,'design');
#7314=PRODUCT_DEFINITION_CONTEXT('',#8728,'design');
#7315=PRODUCT_DEFINITION_CONTEXT('',#8729,'design');
#7316=PRODUCT_DEFINITION_CONTEXT('',#8730,'design');
#7317=PRODUCT_DEFINITION_CONTEXT('',#8731,'design');
#7318=PRODUCT_DEFINITION_CONTEXT('',#8732,'design');
#7319=PRODUCT_DEFINITION_CONTEXT('',#8733,'design');
#7320=PRODUCT_DEFINITION_CONTEXT('',#8734,'design');
#7321=PRODUCT_DEFINITION_CONTEXT('',#8735,'design');
#7322=PRODUCT_DEFINITION_CONTEXT('',#8736,'design');
#7323=PRODUCT_DEFINITION_CONTEXT('',#8737,'design');
#7324=PRODUCT_DEFINITION_CONTEXT('',#8738,'design');
#7325=PRODUCT_DEFINITION_CONTEXT('',#8739,'design');
#7326=PRODUCT_DEFINITION_CONTEXT('',#8740,'design');
#7327=PRODUCT_DEFINITION_CONTEXT('',#8741,'design');
#7328=PRODUCT_DEFINITION_CONTEXT('',#8742,'design');
#7329=PRODUCT_DEFINITION_CONTEXT('',#8743,'design');
#7330=PRODUCT_DEFINITION_CONTEXT('',#8744,'design');
#7331=PRODUCT_DEFINITION_CONTEXT('',#8745,'design');
#7332=PRODUCT_DEFINITION_CONTEXT('',#8746,'design');
#7333=PRODUCT_DEFINITION_CONTEXT('',#8747,'design');
#7334=PRODUCT_DEFINITION_CONTEXT('',#8748,'design');
#7335=PRODUCT_DEFINITION_CONTEXT('',#8749,'design');
#7336=PRODUCT_DEFINITION_CONTEXT('',#8750,'design');
#7337=PRODUCT_DEFINITION_CONTEXT('',#8751,'design');
#7338=PRODUCT_DEFINITION_CONTEXT('',#8752,'design');
#7339=PRODUCT_DEFINITION_CONTEXT('',#8753,'design');
#7340=PRODUCT_DEFINITION_CONTEXT('',#8754,'design');
#7341=PRODUCT_DEFINITION_CONTEXT('',#8755,'design');
#7342=PRODUCT_DEFINITION_CONTEXT('',#8756,'design');
#7343=PRODUCT_DEFINITION_CONTEXT('',#8757,'design');
#7344=PRODUCT_DEFINITION_CONTEXT('',#8758,'design');
#7345=PRODUCT_DEFINITION_CONTEXT('',#8759,'design');
#7346=PRODUCT_DEFINITION_CONTEXT('',#8760,'design');
#7347=PRODUCT_DEFINITION_CONTEXT('',#8761,'design');
#7348=PRODUCT_DEFINITION_CONTEXT('',#8762,'design');
#7349=PRODUCT_DEFINITION_CONTEXT('',#8763,'design');
#7350=PRODUCT_DEFINITION_CONTEXT('',#8764,'design');
#7351=PRODUCT_DEFINITION_CONTEXT('',#8765,'design');
#7352=PRODUCT_DEFINITION_CONTEXT('',#8766,'design');
#7353=PRODUCT_DEFINITION_CONTEXT('',#8767,'design');
#7354=PRODUCT_DEFINITION_CONTEXT('',#8768,'design');
#7355=PRODUCT_DEFINITION_CONTEXT('',#8769,'design');
#7356=PRODUCT_DEFINITION_CONTEXT('',#8770,'design');
#7357=PRODUCT_DEFINITION_CONTEXT('',#8771,'design');
#7358=PRODUCT_DEFINITION_CONTEXT('',#8772,'design');
#7359=PRODUCT_DEFINITION_CONTEXT('',#8773,'design');
#7360=PRODUCT_DEFINITION_CONTEXT('',#8774,'design');
#7361=PRODUCT_DEFINITION_CONTEXT('',#8775,'design');
#7362=PRODUCT_DEFINITION_CONTEXT('',#8776,'design');
#7363=PRODUCT_DEFINITION_CONTEXT('',#8777,'design');
#7364=PRODUCT_DEFINITION_CONTEXT('',#8778,'design');
#7365=PRODUCT_DEFINITION_CONTEXT('',#8779,'design');
#7366=PRODUCT_DEFINITION_CONTEXT('',#8780,'design');
#7367=PRODUCT_DEFINITION_CONTEXT('',#8781,'design');
#7368=PRODUCT_DEFINITION_CONTEXT('',#8782,'design');
#7369=PRODUCT_DEFINITION_CONTEXT('',#8783,'design');
#7370=PRODUCT_DEFINITION_CONTEXT('',#8784,'design');
#7371=PRODUCT_DEFINITION_CONTEXT('',#8785,'design');
#7372=PRODUCT_DEFINITION_CONTEXT('',#8786,'design');
#7373=PRODUCT_DEFINITION_CONTEXT('',#8787,'design');
#7374=PRODUCT_DEFINITION_CONTEXT('',#8788,'design');
#7375=PRODUCT_DEFINITION_CONTEXT('',#8789,'design');
#7376=PRODUCT_DEFINITION_CONTEXT('',#8790,'design');
#7377=PRODUCT_DEFINITION_CONTEXT('',#8791,'design');
#7378=PRODUCT_DEFINITION_CONTEXT('',#8792,'design');
#7379=PRODUCT_DEFINITION_CONTEXT('',#8793,'design');
#7380=PRODUCT_DEFINITION_CONTEXT('',#8794,'design');
#7381=PRODUCT_DEFINITION_CONTEXT('',#8795,'design');
#7382=PRODUCT_DEFINITION_CONTEXT('',#8796,'design');
#7383=PRODUCT_DEFINITION_CONTEXT('',#8797,'design');
#7384=PRODUCT_DEFINITION_CONTEXT('',#8798,'design');
#7385=PRODUCT_DEFINITION_CONTEXT('',#8799,'design');
#7386=PRODUCT_DEFINITION_CONTEXT('',#8800,'design');
#7387=PRODUCT_DEFINITION_CONTEXT('',#8801,'design');
#7388=PRODUCT_DEFINITION_CONTEXT('',#8802,'design');
#7389=PRODUCT_DEFINITION_CONTEXT('',#8803,'design');
#7390=PRODUCT_DEFINITION_CONTEXT('',#8804,'design');
#7391=PRODUCT_DEFINITION_CONTEXT('',#8805,'design');
#7392=PRODUCT_DEFINITION_CONTEXT('',#8806,'design');
#7393=PRODUCT_DEFINITION_CONTEXT('',#8807,'design');
#7394=PRODUCT_DEFINITION_CONTEXT('',#8808,'design');
#7395=PRODUCT_DEFINITION_CONTEXT('',#8809,'design');
#7396=PRODUCT_DEFINITION_CONTEXT('',#8810,'design');
#7397=PRODUCT_DEFINITION_CONTEXT('',#8811,'design');
#7398=PRODUCT_DEFINITION_CONTEXT('',#8812,'design');
#7399=PRODUCT_DEFINITION_CONTEXT('',#8813,'design');
#7400=PRODUCT_DEFINITION_CONTEXT('',#8814,'design');
#7401=PRODUCT_DEFINITION_CONTEXT('',#8815,'design');
#7402=PRODUCT_DEFINITION_CONTEXT('',#8816,'design');
#7403=PRODUCT_DEFINITION_CONTEXT('',#8817,'design');
#7404=PRODUCT_DEFINITION_CONTEXT('',#8818,'design');
#7405=PRODUCT_DEFINITION_CONTEXT('',#8819,'design');
#7406=PRODUCT_DEFINITION_CONTEXT('',#8820,'design');
#7407=PRODUCT_DEFINITION_CONTEXT('',#8821,'design');
#7408=PRODUCT_DEFINITION_CONTEXT('',#8822,'design');
#7409=PRODUCT_DEFINITION_CONTEXT('',#8823,'design');
#7410=PRODUCT_DEFINITION_CONTEXT('',#8824,'design');
#7411=PRODUCT_DEFINITION_CONTEXT('',#8825,'design');
#7412=PRODUCT_DEFINITION_CONTEXT('',#8826,'design');
#7413=PRODUCT_DEFINITION_CONTEXT('',#8827,'design');
#7414=PRODUCT_DEFINITION_CONTEXT('',#8828,'design');
#7415=PRODUCT_DEFINITION_CONTEXT('',#8829,'design');
#7416=PRODUCT_DEFINITION_CONTEXT('',#8830,'design');
#7417=PRODUCT_DEFINITION_CONTEXT('',#8831,'design');
#7418=PRODUCT_DEFINITION_CONTEXT('',#8832,'design');
#7419=PRODUCT_DEFINITION_CONTEXT('',#8833,'design');
#7420=PRODUCT_DEFINITION_CONTEXT('',#8834,'design');
#7421=PRODUCT_DEFINITION_CONTEXT('',#8835,'design');
#7422=PRODUCT_DEFINITION_CONTEXT('',#8836,'design');
#7423=PRODUCT_DEFINITION_CONTEXT('',#8837,'design');
#7424=PRODUCT_DEFINITION_CONTEXT('',#8838,'design');
#7425=PRODUCT_DEFINITION_CONTEXT('',#8839,'design');
#7426=PRODUCT_DEFINITION_CONTEXT('',#8840,'design');
#7427=PRODUCT_DEFINITION_CONTEXT('',#8841,'design');
#7428=PRODUCT_DEFINITION_CONTEXT('',#8842,'design');
#7429=PRODUCT_DEFINITION_CONTEXT('',#8843,'design');
#7430=PRODUCT_DEFINITION_CONTEXT('',#8844,'design');
#7431=PRODUCT_DEFINITION_CONTEXT('',#8845,'design');
#7432=PRODUCT_DEFINITION_CONTEXT('',#8846,'design');
#7433=PRODUCT_DEFINITION_CONTEXT('',#8847,'design');
#7434=PRODUCT_DEFINITION_CONTEXT('',#8848,'design');
#7435=PRODUCT_DEFINITION_CONTEXT('',#8849,'design');
#7436=PRODUCT_DEFINITION_CONTEXT('',#8850,'design');
#7437=PRODUCT_DEFINITION_CONTEXT('',#8851,'design');
#7438=PRODUCT_DEFINITION_CONTEXT('',#8852,'design');
#7439=PRODUCT_DEFINITION_CONTEXT('',#8853,'design');
#7440=PRODUCT_DEFINITION_CONTEXT('',#8854,'design');
#7441=PRODUCT_DEFINITION_CONTEXT('',#8855,'design');
#7442=PRODUCT_DEFINITION_CONTEXT('',#8856,'design');
#7443=PRODUCT_DEFINITION_CONTEXT('',#8857,'design');
#7444=PRODUCT_DEFINITION_CONTEXT('',#8858,'design');
#7445=PRODUCT_DEFINITION_CONTEXT('',#8859,'design');
#7446=PRODUCT_DEFINITION_CONTEXT('',#8860,'design');
#7447=PRODUCT_DEFINITION_CONTEXT('',#8861,'design');
#7448=PRODUCT_DEFINITION_CONTEXT('',#8862,'design');
#7449=PRODUCT_DEFINITION_CONTEXT('',#8863,'design');
#7450=PRODUCT_DEFINITION_CONTEXT('',#8864,'design');
#7451=PRODUCT_DEFINITION_CONTEXT('',#8865,'design');
#7452=PRODUCT_DEFINITION_CONTEXT('',#8866,'design');
#7453=PRODUCT_DEFINITION_CONTEXT('',#8867,'design');
#7454=PRODUCT_DEFINITION_CONTEXT('',#8868,'design');
#7455=PRODUCT_DEFINITION_CONTEXT('',#8869,'design');
#7456=PRODUCT_DEFINITION_CONTEXT('',#8870,'design');
#7457=PRODUCT_DEFINITION_CONTEXT('',#8871,'design');
#7458=PRODUCT_DEFINITION_CONTEXT('',#8872,'design');
#7459=PRODUCT_DEFINITION_CONTEXT('',#8873,'design');
#7460=PRODUCT_DEFINITION_CONTEXT('',#8874,'design');
#7461=PRODUCT_DEFINITION_CONTEXT('',#8875,'design');
#7462=PRODUCT_DEFINITION_CONTEXT('',#8876,'design');
#7463=PRODUCT_DEFINITION_CONTEXT('',#8877,'design');
#7464=PRODUCT_DEFINITION_CONTEXT('',#8878,'design');
#7465=PRODUCT_DEFINITION_CONTEXT('',#8879,'design');
#7466=PRODUCT_DEFINITION_CONTEXT('',#8880,'design');
#7467=PRODUCT_DEFINITION_CONTEXT('',#8881,'design');
#7468=PRODUCT_DEFINITION_CONTEXT('',#8882,'design');
#7469=PRODUCT_DEFINITION_CONTEXT('',#8883,'design');
#7470=PRODUCT_DEFINITION_CONTEXT('',#8884,'design');
#7471=PRODUCT_DEFINITION_CONTEXT('',#8885,'design');
#7472=PRODUCT_DEFINITION_CONTEXT('',#8886,'design');
#7473=PRODUCT_DEFINITION_CONTEXT('',#8887,'design');
#7474=PRODUCT_DEFINITION_CONTEXT('',#8888,'design');
#7475=PRODUCT_DEFINITION_CONTEXT('',#8889,'design');
#7476=PRODUCT_DEFINITION_CONTEXT('',#8890,'design');
#7477=PRODUCT_DEFINITION_CONTEXT('',#8891,'design');
#7478=PRODUCT_DEFINITION_CONTEXT('',#8892,'design');
#7479=PRODUCT_DEFINITION_CONTEXT('',#8893,'design');
#7480=PRODUCT_DEFINITION_CONTEXT('',#8894,'design');
#7481=PRODUCT_DEFINITION_CONTEXT('',#8895,'design');
#7482=PRODUCT_DEFINITION_CONTEXT('',#8896,'design');
#7483=PRODUCT_DEFINITION_CONTEXT('',#8897,'design');
#7484=PRODUCT_DEFINITION_CONTEXT('',#8898,'design');
#7485=PRODUCT_DEFINITION_CONTEXT('',#8899,'design');
#7486=PRODUCT_DEFINITION_CONTEXT('',#8900,'design');
#7487=PRODUCT_DEFINITION_CONTEXT('',#8901,'design');
#7488=PRODUCT_DEFINITION_CONTEXT('',#8902,'design');
#7489=PRODUCT_DEFINITION_CONTEXT('',#8903,'design');
#7490=PRODUCT_DEFINITION_CONTEXT('',#8904,'design');
#7491=PRODUCT_DEFINITION_CONTEXT('',#8905,'design');
#7492=PRODUCT_DEFINITION_CONTEXT('',#8906,'design');
#7493=PRODUCT_DEFINITION_CONTEXT('',#8907,'design');
#7494=PRODUCT_DEFINITION_CONTEXT('',#8908,'design');
#7495=PRODUCT_DEFINITION_CONTEXT('',#8909,'design');
#7496=PRODUCT_DEFINITION_CONTEXT('',#8910,'design');
#7497=PRODUCT_DEFINITION_CONTEXT('',#8911,'design');
#7498=PRODUCT_DEFINITION_CONTEXT('',#8912,'design');
#7499=PRODUCT_DEFINITION_FORMATION_WITH_SPECIFIED_SOURCE('','',#7903,.NOT_KNOWN.);
#7500=PRODUCT_DEFINITION_FORMATION_WITH_SPECIFIED_SOURCE('','',#7904,.NOT_KNOWN.);
#7501=PRODUCT_DEFINITION_FORMATION_WITH_SPECIFIED_SOURCE('','',#7905,.NOT_KNOWN.);
#7502=PRODUCT_DEFINITION_FORMATION_WITH_SPECIFIED_SOURCE('','',#7906,.NOT_KNOWN.);
#7503=PRODUCT_DEFINITION_FORMATION_WITH_SPECIFIED_SOURCE('','',#7907,.NOT_KNOWN.);
#7504=PRODUCT_DEFINITION_FORMATION_WITH_SPECIFIED_SOURCE('','',#7908,.NOT_KNOWN.);
#7505=PRODUCT_DEFINITION_FORMATION_WITH_SPECIFIED_SOURCE('','',#7909,.NOT_KNOWN.);
#7506=PRODUCT_DEFINITION_FORMATION_WITH_SPECIFIED_SOURCE('','',#7910,.NOT_KNOWN.);
#7507=PRODUCT_DEFINITION_FORMATION_WITH_SPECIFIED_SOURCE('','',#7911,.NOT_KNOWN.);
#7508=PRODUCT_DEFINITION_FORMATION_WITH_SPECIFIED_SOURCE('','',#7912,.NOT_KNOWN.);
#7509=PRODUCT_DEFINITION_FORMATION_WITH_SPECIFIED_SOURCE('','',#7913,.NOT_KNOWN.);
#7510=PRODUCT_DEFINITION_FORMATION_WITH_SPECIFIED_SOURCE('','',#7914,.NOT_KNOWN.);
#7511=PRODUCT_DEFINITION_FORMATION_WITH_SPECIFIED_SOURCE('','',#7915,.NOT_KNOWN.);
#7512=PRODUCT_DEFINITION_FORMATION_WITH_SPECIFIED_SOURCE('','',#7916,.NOT_KNOWN.);
#7513=PRODUCT_DEFINITION_FORMATION_WITH_SPECIFIED_SOURCE('','',#7917,.NOT_KNOWN.);
#7514=PRODUCT_DEFINITION_FORMATION_WITH_SPECIFIED_SOURCE('','',#7918,.NOT_KNOWN.);
#7515=PRODUCT_DEFINITION_FORMATION_WITH_SPECIFIED_SOURCE('','',#7919,.NOT_KNOWN.);
#7516=PRODUCT_DEFINITION_FORMATION_WITH_SPECIFIED_SOURCE('','',#7920,.NOT_KNOWN.);
#7517=PRODUCT_DEFINITION_FORMATION_WITH_SPECIFIED_SOURCE('','',#7921,.NOT_KNOWN.);
#7518=PRODUCT_DEFINITION_FORMATION_WITH_SPECIFIED_SOURCE('','',#7922,.NOT_KNOWN.);
#7519=PRODUCT_DEFINITION_FORMATION_WITH_SPECIFIED_SOURCE('','',#7923,.NOT_KNOWN.);
#7520=PRODUCT_DEFINITION_FORMATION_WITH_SPECIFIED_SOURCE('','',#7924,.NOT_KNOWN.);
#7521=PRODUCT_DEFINITION_FORMATION_WITH_SPECIFIED_SOURCE('','',#7925,.NOT_KNOWN.);
#7522=PRODUCT_DEFINITION_FORMATION_WITH_SPECIFIED_SOURCE('','',#7926,.NOT_KNOWN.);
#7523=PRODUCT_DEFINITION_FORMATION_WITH_SPECIFIED_SOURCE('','',#7927,.NOT_KNOWN.);
#7524=PRODUCT_DEFINITION_FORMATION_WITH_SPECIFIED_SOURCE('','',#7928,.NOT_KNOWN.);
#7525=PRODUCT_DEFINITION_FORMATION_WITH_SPECIFIED_SOURCE('','',#7929,.NOT_KNOWN.);
#7526=PRODUCT_DEFINITION_FORMATION_WITH_SPECIFIED_SOURCE('','',#7930,.NOT_KNOWN.);
#7527=PRODUCT_DEFINITION_FORMATION_WITH_SPECIFIED_SOURCE('','',#7931,.NOT_KNOWN.);
#7528=PRODUCT_DEFINITION_FORMATION_WITH_SPECIFIED_SOURCE('','',#7932,.NOT_KNOWN.);
#7529=PRODUCT_DEFINITION_FORMATION_WITH_SPECIFIED_SOURCE('','',#7933,.NOT_KNOWN.);
#7530=PRODUCT_DEFINITION_FORMATION_WITH_SPECIFIED_SOURCE('','',#7934,.NOT_KNOWN.);
#7531=PRODUCT_DEFINITION_FORMATION_WITH_SPECIFIED_SOURCE('','',#7935,.NOT_KNOWN.);
#7532=PRODUCT_DEFINITION_FORMATION_WITH_SPECIFIED_SOURCE('','',#7936,.NOT_KNOWN.);
#7533=PRODUCT_DEFINITION_FORMATION_WITH_SPECIFIED_SOURCE('','',#7937,.NOT_KNOWN.);
#7534=PRODUCT_DEFINITION_FORMATION_WITH_SPECIFIED_SOURCE('','',#7938,.NOT_KNOWN.);
#7535=PRODUCT_DEFINITION_FORMATION_WITH_SPECIFIED_SOURCE('','',#7939,.NOT_KNOWN.);
#7536=PRODUCT_DEFINITION_FORMATION_WITH_SPECIFIED_SOURCE('','',#7940,.NOT_KNOWN.);
#7537=PRODUCT_DEFINITION_FORMATION_WITH_SPECIFIED_SOURCE('','',#7941,.NOT_KNOWN.);
#7538=PRODUCT_DEFINITION_FORMATION_WITH_SPECIFIED_SOURCE('','',#7942,.NOT_KNOWN.);
#7539=PRODUCT_DEFINITION_FORMATION_WITH_SPECIFIED_SOURCE('','',#7943,.NOT_KNOWN.);
#7540=PRODUCT_DEFINITION_FORMATION_WITH_SPECIFIED_SOURCE('','',#7944,.NOT_KNOWN.);
#7541=PRODUCT_DEFINITION_FORMATION_WITH_SPECIFIED_SOURCE('','',#7945,.NOT_KNOWN.);
#7542=PRODUCT_DEFINITION_FORMATION_WITH_SPECIFIED_SOURCE('','',#7946,.NOT_KNOWN.);
#7543=PRODUCT_DEFINITION_FORMATION_WITH_SPECIFIED_SOURCE('','',#7947,.NOT_KNOWN.);
#7544=PRODUCT_DEFINITION_FORMATION_WITH_SPECIFIED_SOURCE('','',#7948,.NOT_KNOWN.);
#7545=PRODUCT_DEFINITION_FORMATION_WITH_SPECIFIED_SOURCE('','',#7949,.NOT_KNOWN.);
#7546=PRODUCT_DEFINITION_FORMATION_WITH_SPECIFIED_SOURCE('','',#7950,.NOT_KNOWN.);
#7547=PRODUCT_DEFINITION_FORMATION_WITH_SPECIFIED_SOURCE('','',#7951,.NOT_KNOWN.);
#7548=PRODUCT_DEFINITION_FORMATION_WITH_SPECIFIED_SOURCE('','',#7952,.NOT_KNOWN.);
#7549=PRODUCT_DEFINITION_FORMATION_WITH_SPECIFIED_SOURCE('','',#7953,.NOT_KNOWN.);
#7550=PRODUCT_DEFINITION_FORMATION_WITH_SPECIFIED_SOURCE('','',#7954,.NOT_KNOWN.);
#7551=PRODUCT_DEFINITION_FORMATION_WITH_SPECIFIED_SOURCE('','',#7955,.NOT_KNOWN.);
#7552=PRODUCT_DEFINITION_FORMATION_WITH_SPECIFIED_SOURCE('','',#7956,.NOT_KNOWN.);
#7553=PRODUCT_DEFINITION_FORMATION_WITH_SPECIFIED_SOURCE('','',#7957,.NOT_KNOWN.);
#7554=PRODUCT_DEFINITION_FORMATION_WITH_SPECIFIED_SOURCE('','',#7958,.NOT_KNOWN.);
#7555=PRODUCT_DEFINITION_FORMATION_WITH_SPECIFIED_SOURCE('','',#7959,.NOT_KNOWN.);
#7556=PRODUCT_DEFINITION_FORMATION_WITH_SPECIFIED_SOURCE('','',#7960,.NOT_KNOWN.);
#7557=PRODUCT_DEFINITION_FORMATION_WITH_SPECIFIED_SOURCE('','',#7961,.NOT_KNOWN.);
#7558=PRODUCT_DEFINITION_FORMATION_WITH_SPECIFIED_SOURCE('','',#7962,.NOT_KNOWN.);
#7559=PRODUCT_DEFINITION_FORMATION_WITH_SPECIFIED_SOURCE('','',#7963,.NOT_KNOWN.);
#7560=PRODUCT_DEFINITION_FORMATION_WITH_SPECIFIED_SOURCE('','',#7964,.NOT_KNOWN.);
#7561=PRODUCT_DEFINITION_FORMATION_WITH_SPECIFIED_SOURCE('','',#7965,.NOT_KNOWN.);
#7562=PRODUCT_DEFINITION_FORMATION_WITH_SPECIFIED_SOURCE('','',#7966,.NOT_KNOWN.);
#7563=PRODUCT_DEFINITION_FORMATION_WITH_SPECIFIED_SOURCE('','',#7967,.NOT_KNOWN.);
#7564=PRODUCT_DEFINITION_FORMATION_WITH_SPECIFIED_SOURCE('','',#7968,.NOT_KNOWN.);
#7565=PRODUCT_DEFINITION_FORMATION_WITH_SPECIFIED_SOURCE('','',#7969,.NOT_KNOWN.);
#7566=PRODUCT_DEFINITION_FORMATION_WITH_SPECIFIED_SOURCE('','',#7970,.NOT_KNOWN.);
#7567=PRODUCT_DEFINITION_FORMATION_WITH_SPECIFIED_SOURCE('','',#7971,.NOT_KNOWN.);
#7568=PRODUCT_DEFINITION_FORMATION_WITH_SPECIFIED_SOURCE('','',#7972,.NOT_KNOWN.);
#7569=PRODUCT_DEFINITION_FORMATION_WITH_SPECIFIED_SOURCE('','',#7973,.NOT_KNOWN.);
#7570=PRODUCT_DEFINITION_FORMATION_WITH_SPECIFIED_SOURCE('','',#7974,.NOT_KNOWN.);
#7571=PRODUCT_DEFINITION_FORMATION_WITH_SPECIFIED_SOURCE('','',#7975,.NOT_KNOWN.);
#7572=PRODUCT_DEFINITION_FORMATION_WITH_SPECIFIED_SOURCE('','',#7976,.NOT_KNOWN.);
#7573=PRODUCT_DEFINITION_FORMATION_WITH_SPECIFIED_SOURCE('','',#7977,.NOT_KNOWN.);
#7574=PRODUCT_DEFINITION_FORMATION_WITH_SPECIFIED_SOURCE('','',#7978,.NOT_KNOWN.);
#7575=PRODUCT_DEFINITION_FORMATION_WITH_SPECIFIED_SOURCE('','',#7979,.NOT_KNOWN.);
#7576=PRODUCT_DEFINITION_FORMATION_WITH_SPECIFIED_SOURCE('','',#7980,.NOT_KNOWN.);
#7577=PRODUCT_DEFINITION_FORMATION_WITH_SPECIFIED_SOURCE('','',#7981,.NOT_KNOWN.);
#7578=PRODUCT_DEFINITION_FORMATION_WITH_SPECIFIED_SOURCE('','',#7982,.NOT_KNOWN.);
#7579=PRODUCT_DEFINITION_FORMATION_WITH_SPECIFIED_SOURCE('','',#7983,.NOT_KNOWN.);
#7580=PRODUCT_DEFINITION_FORMATION_WITH_SPECIFIED_SOURCE('','',#7984,.NOT_KNOWN.);
#7581=PRODUCT_DEFINITION_FORMATION_WITH_SPECIFIED_SOURCE('','',#7985,.NOT_KNOWN.);
#7582=PRODUCT_DEFINITION_FORMATION_WITH_SPECIFIED_SOURCE('','',#7986,.NOT_KNOWN.);
#7583=PRODUCT_DEFINITION_FORMATION_WITH_SPECIFIED_SOURCE('','',#7987,.NOT_KNOWN.);
#7584=PRODUCT_DEFINITION_FORMATION_WITH_SPECIFIED_SOURCE('','',#7988,.NOT_KNOWN.);
#7585=PRODUCT_DEFINITION_FORMATION_WITH_SPECIFIED_SOURCE('','',#7989,.NOT_KNOWN.);
#7586=PRODUCT_DEFINITION_FORMATION_WITH_SPECIFIED_SOURCE('','',#7990,.NOT_KNOWN.);
#7587=PRODUCT_DEFINITION_FORMATION_WITH_SPECIFIED_SOURCE('','',#7991,.NOT_KNOWN.);
#7588=PRODUCT_DEFINITION_FORMATION_WITH_SPECIFIED_SOURCE('','',#7992,.NOT_KNOWN.);
#7589=PRODUCT_DEFINITION_FORMATION_WITH_SPECIFIED_SOURCE('','',#7993,.NOT_KNOWN.);
#7590=PRODUCT_DEFINITION_FORMATION_WITH_SPECIFIED_SOURCE('','',#7994,.NOT_KNOWN.);
#7591=PRODUCT_DEFINITION_FORMATION_WITH_SPECIFIED_SOURCE('','',#7995,.NOT_KNOWN.);
#7592=PRODUCT_DEFINITION_FORMATION_WITH_SPECIFIED_SOURCE('','',#7996,.NOT_KNOWN.);
#7593=PRODUCT_DEFINITION_FORMATION_WITH_SPECIFIED_SOURCE('','',#7997,.NOT_KNOWN.);
#7594=PRODUCT_DEFINITION_FORMATION_WITH_SPECIFIED_SOURCE('','',#7998,.NOT_KNOWN.);
#7595=PRODUCT_DEFINITION_FORMATION_WITH_SPECIFIED_SOURCE('','',#7999,.NOT_KNOWN.);
#7596=PRODUCT_DEFINITION_FORMATION_WITH_SPECIFIED_SOURCE('','',#8000,.NOT_KNOWN.);
#7597=PRODUCT_DEFINITION_FORMATION_WITH_SPECIFIED_SOURCE('','',#8001,.NOT_KNOWN.);
#7598=PRODUCT_DEFINITION_FORMATION_WITH_SPECIFIED_SOURCE('','',#8002,.NOT_KNOWN.);
#7599=PRODUCT_DEFINITION_FORMATION_WITH_SPECIFIED_SOURCE('','',#8003,.NOT_KNOWN.);
#7600=PRODUCT_DEFINITION_FORMATION_WITH_SPECIFIED_SOURCE('','',#8004,.NOT_KNOWN.);
#7601=PRODUCT_DEFINITION_FORMATION_WITH_SPECIFIED_SOURCE('','',#8005,.NOT_KNOWN.);
#7602=PRODUCT_DEFINITION_FORMATION_WITH_SPECIFIED_SOURCE('','',#8006,.NOT_KNOWN.);
#7603=PRODUCT_DEFINITION_FORMATION_WITH_SPECIFIED_SOURCE('','',#8007,.NOT_KNOWN.);
#7604=PRODUCT_DEFINITION_FORMATION_WITH_SPECIFIED_SOURCE('','',#8008,.NOT_KNOWN.);
#7605=PRODUCT_DEFINITION_FORMATION_WITH_SPECIFIED_SOURCE('','',#8009,.NOT_KNOWN.);
#7606=PRODUCT_DEFINITION_FORMATION_WITH_SPECIFIED_SOURCE('','',#8010,.NOT_KNOWN.);
#7607=PRODUCT_DEFINITION_FORMATION_WITH_SPECIFIED_SOURCE('','',#8011,.NOT_KNOWN.);
#7608=PRODUCT_DEFINITION_FORMATION_WITH_SPECIFIED_SOURCE('','',#8012,.NOT_KNOWN.);
#7609=PRODUCT_DEFINITION_FORMATION_WITH_SPECIFIED_SOURCE('','',#8013,.NOT_KNOWN.);
#7610=PRODUCT_DEFINITION_FORMATION_WITH_SPECIFIED_SOURCE('','',#8014,.NOT_KNOWN.);
#7611=PRODUCT_DEFINITION_FORMATION_WITH_SPECIFIED_SOURCE('','',#8015,.NOT_KNOWN.);
#7612=PRODUCT_DEFINITION_FORMATION_WITH_SPECIFIED_SOURCE('','',#8016,.NOT_KNOWN.);
#7613=PRODUCT_DEFINITION_FORMATION_WITH_SPECIFIED_SOURCE('','',#8017,.NOT_KNOWN.);
#7614=PRODUCT_DEFINITION_FORMATION_WITH_SPECIFIED_SOURCE('','',#8018,.NOT_KNOWN.);
#7615=PRODUCT_DEFINITION_FORMATION_WITH_SPECIFIED_SOURCE('','',#8019,.NOT_KNOWN.);
#7616=PRODUCT_DEFINITION_FORMATION_WITH_SPECIFIED_SOURCE('','',#8020,.NOT_KNOWN.);
#7617=PRODUCT_DEFINITION_FORMATION_WITH_SPECIFIED_SOURCE('','',#8021,.NOT_KNOWN.);
#7618=PRODUCT_DEFINITION_FORMATION_WITH_SPECIFIED_SOURCE('','',#8022,.NOT_KNOWN.);
#7619=PRODUCT_DEFINITION_FORMATION_WITH_SPECIFIED_SOURCE('','',#8023,.NOT_KNOWN.);
#7620=PRODUCT_DEFINITION_FORMATION_WITH_SPECIFIED_SOURCE('','',#8024,.NOT_KNOWN.);
#7621=PRODUCT_DEFINITION_FORMATION_WITH_SPECIFIED_SOURCE('','',#8025,.NOT_KNOWN.);
#7622=PRODUCT_DEFINITION_FORMATION_WITH_SPECIFIED_SOURCE('','',#8026,.NOT_KNOWN.);
#7623=PRODUCT_DEFINITION_FORMATION_WITH_SPECIFIED_SOURCE('','',#8027,.NOT_KNOWN.);
#7624=PRODUCT_DEFINITION_FORMATION_WITH_SPECIFIED_SOURCE('','',#8028,.NOT_KNOWN.);
#7625=PRODUCT_DEFINITION_FORMATION_WITH_SPECIFIED_SOURCE('','',#8029,.NOT_KNOWN.);
#7626=PRODUCT_DEFINITION_FORMATION_WITH_SPECIFIED_SOURCE('','',#8030,.NOT_KNOWN.);
#7627=PRODUCT_DEFINITION_FORMATION_WITH_SPECIFIED_SOURCE('','',#8031,.NOT_KNOWN.);
#7628=PRODUCT_DEFINITION_FORMATION_WITH_SPECIFIED_SOURCE('','',#8032,.NOT_KNOWN.);
#7629=PRODUCT_DEFINITION_FORMATION_WITH_SPECIFIED_SOURCE('','',#8033,.NOT_KNOWN.);
#7630=PRODUCT_DEFINITION_FORMATION_WITH_SPECIFIED_SOURCE('','',#8034,.NOT_KNOWN.);
#7631=PRODUCT_DEFINITION_FORMATION_WITH_SPECIFIED_SOURCE('','',#8035,.NOT_KNOWN.);
#7632=PRODUCT_DEFINITION_FORMATION_WITH_SPECIFIED_SOURCE('','',#8036,.NOT_KNOWN.);
#7633=PRODUCT_DEFINITION_FORMATION_WITH_SPECIFIED_SOURCE('','',#8037,.NOT_KNOWN.);
#7634=PRODUCT_DEFINITION_FORMATION_WITH_SPECIFIED_SOURCE('','',#8038,.NOT_KNOWN.);
#7635=PRODUCT_DEFINITION_FORMATION_WITH_SPECIFIED_SOURCE('','',#8039,.NOT_KNOWN.);
#7636=PRODUCT_DEFINITION_FORMATION_WITH_SPECIFIED_SOURCE('','',#8040,.NOT_KNOWN.);
#7637=PRODUCT_DEFINITION_FORMATION_WITH_SPECIFIED_SOURCE('','',#8041,.NOT_KNOWN.);
#7638=PRODUCT_DEFINITION_FORMATION_WITH_SPECIFIED_SOURCE('','',#8042,.NOT_KNOWN.);
#7639=PRODUCT_DEFINITION_FORMATION_WITH_SPECIFIED_SOURCE('','',#8043,.NOT_KNOWN.);
#7640=PRODUCT_DEFINITION_FORMATION_WITH_SPECIFIED_SOURCE('','',#8044,.NOT_KNOWN.);
#7641=PRODUCT_DEFINITION_FORMATION_WITH_SPECIFIED_SOURCE('','',#8045,.NOT_KNOWN.);
#7642=PRODUCT_DEFINITION_FORMATION_WITH_SPECIFIED_SOURCE('','',#8046,.NOT_KNOWN.);
#7643=PRODUCT_DEFINITION_FORMATION_WITH_SPECIFIED_SOURCE('','',#8047,.NOT_KNOWN.);
#7644=PRODUCT_DEFINITION_FORMATION_WITH_SPECIFIED_SOURCE('','',#8048,.NOT_KNOWN.);
#7645=PRODUCT_DEFINITION_FORMATION_WITH_SPECIFIED_SOURCE('','',#8049,.NOT_KNOWN.);
#7646=PRODUCT_DEFINITION_FORMATION_WITH_SPECIFIED_SOURCE('','',#8050,.NOT_KNOWN.);
#7647=PRODUCT_DEFINITION_FORMATION_WITH_SPECIFIED_SOURCE('','',#8051,.NOT_KNOWN.);
#7648=PRODUCT_DEFINITION_FORMATION_WITH_SPECIFIED_SOURCE('','',#8052,.NOT_KNOWN.);
#7649=PRODUCT_DEFINITION_FORMATION_WITH_SPECIFIED_SOURCE('','',#8053,.NOT_KNOWN.);
#7650=PRODUCT_DEFINITION_FORMATION_WITH_SPECIFIED_SOURCE('','',#8054,.NOT_KNOWN.);
#7651=PRODUCT_DEFINITION_FORMATION_WITH_SPECIFIED_SOURCE('','',#8055,.NOT_KNOWN.);
#7652=PRODUCT_DEFINITION_FORMATION_WITH_SPECIFIED_SOURCE('','',#8056,.NOT_KNOWN.);
#7653=PRODUCT_DEFINITION_FORMATION_WITH_SPECIFIED_SOURCE('','',#8057,.NOT_KNOWN.);
#7654=PRODUCT_DEFINITION_FORMATION_WITH_SPECIFIED_SOURCE('','',#8058,.NOT_KNOWN.);
#7655=PRODUCT_DEFINITION_FORMATION_WITH_SPECIFIED_SOURCE('','',#8059,.NOT_KNOWN.);
#7656=PRODUCT_DEFINITION_FORMATION_WITH_SPECIFIED_SOURCE('','',#8060,.NOT_KNOWN.);
#7657=PRODUCT_DEFINITION_FORMATION_WITH_SPECIFIED_SOURCE('','',#8061,.NOT_KNOWN.);
#7658=PRODUCT_DEFINITION_FORMATION_WITH_SPECIFIED_SOURCE('','',#8062,.NOT_KNOWN.);
#7659=PRODUCT_DEFINITION_FORMATION_WITH_SPECIFIED_SOURCE('','',#8063,.NOT_KNOWN.);
#7660=PRODUCT_DEFINITION_FORMATION_WITH_SPECIFIED_SOURCE('','',#8064,.NOT_KNOWN.);
#7661=PRODUCT_DEFINITION_FORMATION_WITH_SPECIFIED_SOURCE('','',#8065,.NOT_KNOWN.);
#7662=PRODUCT_DEFINITION_FORMATION_WITH_SPECIFIED_SOURCE('','',#8066,.NOT_KNOWN.);
#7663=PRODUCT_DEFINITION_FORMATION_WITH_SPECIFIED_SOURCE('','',#8067,.NOT_KNOWN.);
#7664=PRODUCT_DEFINITION_FORMATION_WITH_SPECIFIED_SOURCE('','',#8068,.NOT_KNOWN.);
#7665=PRODUCT_DEFINITION_FORMATION_WITH_SPECIFIED_SOURCE('','',#8069,.NOT_KNOWN.);
#7666=PRODUCT_DEFINITION_FORMATION_WITH_SPECIFIED_SOURCE('','',#8070,.NOT_KNOWN.);
#7667=PRODUCT_DEFINITION_FORMATION_WITH_SPECIFIED_SOURCE('','',#8071,.NOT_KNOWN.);
#7668=PRODUCT_DEFINITION_FORMATION_WITH_SPECIFIED_SOURCE('','',#8072,.NOT_KNOWN.);
#7669=PRODUCT_DEFINITION_FORMATION_WITH_SPECIFIED_SOURCE('','',#8073,.NOT_KNOWN.);
#7670=PRODUCT_DEFINITION_FORMATION_WITH_SPECIFIED_SOURCE('','',#8074,.NOT_KNOWN.);
#7671=PRODUCT_DEFINITION_FORMATION_WITH_SPECIFIED_SOURCE('','',#8075,.NOT_KNOWN.);
#7672=PRODUCT_DEFINITION_FORMATION_WITH_SPECIFIED_SOURCE('','',#8076,.NOT_KNOWN.);
#7673=PRODUCT_DEFINITION_FORMATION_WITH_SPECIFIED_SOURCE('','',#8077,.NOT_KNOWN.);
#7674=PRODUCT_DEFINITION_FORMATION_WITH_SPECIFIED_SOURCE('','',#8078,.NOT_KNOWN.);
#7675=PRODUCT_DEFINITION_FORMATION_WITH_SPECIFIED_SOURCE('','',#8079,.NOT_KNOWN.);
#7676=PRODUCT_DEFINITION_FORMATION_WITH_SPECIFIED_SOURCE('','',#8080,.NOT_KNOWN.);
#7677=PRODUCT_DEFINITION_FORMATION_WITH_SPECIFIED_SOURCE('','',#8081,.NOT_KNOWN.);
#7678=PRODUCT_DEFINITION_FORMATION_WITH_SPECIFIED_SOURCE('','',#8082,.NOT_KNOWN.);
#7679=PRODUCT_DEFINITION_FORMATION_WITH_SPECIFIED_SOURCE('','',#8083,.NOT_KNOWN.);
#7680=PRODUCT_DEFINITION_FORMATION_WITH_SPECIFIED_SOURCE('','',#8084,.NOT_KNOWN.);
#7681=PRODUCT_DEFINITION_FORMATION_WITH_SPECIFIED_SOURCE('','',#8085,.NOT_KNOWN.);
#7682=PRODUCT_DEFINITION_FORMATION_WITH_SPECIFIED_SOURCE('','',#8086,.NOT_KNOWN.);
#7683=PRODUCT_DEFINITION_FORMATION_WITH_SPECIFIED_SOURCE('','',#8087,.NOT_KNOWN.);
#7684=PRODUCT_DEFINITION_FORMATION_WITH_SPECIFIED_SOURCE('','',#8088,.NOT_KNOWN.);
#7685=PRODUCT_DEFINITION_FORMATION_WITH_SPECIFIED_SOURCE('','',#8089,.NOT_KNOWN.);
#7686=PRODUCT_DEFINITION_FORMATION_WITH_SPECIFIED_SOURCE('','',#8090,.NOT_KNOWN.);
#7687=PRODUCT_DEFINITION_FORMATION_WITH_SPECIFIED_SOURCE('','',#8091,.NOT_KNOWN.);
#7688=PRODUCT_DEFINITION_FORMATION_WITH_SPECIFIED_SOURCE('','',#8092,.NOT_KNOWN.);
#7689=PRODUCT_DEFINITION_FORMATION_WITH_SPECIFIED_SOURCE('','',#8093,.NOT_KNOWN.);
#7690=PRODUCT_DEFINITION_FORMATION_WITH_SPECIFIED_SOURCE('','',#8094,.NOT_KNOWN.);
#7691=PRODUCT_DEFINITION_FORMATION_WITH_SPECIFIED_SOURCE('','',#8095,.NOT_KNOWN.);
#7692=PRODUCT_DEFINITION_FORMATION_WITH_SPECIFIED_SOURCE('','',#8096,.NOT_KNOWN.);
#7693=PRODUCT_DEFINITION_FORMATION_WITH_SPECIFIED_SOURCE('','',#8097,.NOT_KNOWN.);
#7694=PRODUCT_DEFINITION_FORMATION_WITH_SPECIFIED_SOURCE('','',#8098,.NOT_KNOWN.);
#7695=PRODUCT_DEFINITION_FORMATION_WITH_SPECIFIED_SOURCE('','',#8099,.NOT_KNOWN.);
#7696=PRODUCT_DEFINITION_FORMATION_WITH_SPECIFIED_SOURCE('','',#8100,.NOT_KNOWN.);
#7697=PRODUCT_DEFINITION_FORMATION_WITH_SPECIFIED_SOURCE('','',#8101,.NOT_KNOWN.);
#7698=PRODUCT_DEFINITION_FORMATION_WITH_SPECIFIED_SOURCE('','',#8102,.NOT_KNOWN.);
#7699=PRODUCT_DEFINITION_FORMATION_WITH_SPECIFIED_SOURCE('','',#8103,.NOT_KNOWN.);
#7700=PRODUCT_DEFINITION_FORMATION_WITH_SPECIFIED_SOURCE('','',#8104,.NOT_KNOWN.);
#7701=PRODUCT_RELATED_PRODUCT_CATEGORY('','',(#7903));
#7702=PRODUCT_RELATED_PRODUCT_CATEGORY('','',(#7904));
#7703=PRODUCT_RELATED_PRODUCT_CATEGORY('','',(#7905));
#7704=PRODUCT_RELATED_PRODUCT_CATEGORY('','',(#7906));
#7705=PRODUCT_RELATED_PRODUCT_CATEGORY('','',(#7907));
#7706=PRODUCT_RELATED_PRODUCT_CATEGORY('','',(#7908));
#7707=PRODUCT_RELATED_PRODUCT_CATEGORY('','',(#7909));
#7708=PRODUCT_RELATED_PRODUCT_CATEGORY('','',(#7910));
#7709=PRODUCT_RELATED_PRODUCT_CATEGORY('','',(#7911));
#7710=PRODUCT_RELATED_PRODUCT_CATEGORY('','',(#7912));
#7711=PRODUCT_RELATED_PRODUCT_CATEGORY('','',(#7913));
#7712=PRODUCT_RELATED_PRODUCT_CATEGORY('','',(#7914));
#7713=PRODUCT_RELATED_PRODUCT_CATEGORY('','',(#7915));
#7714=PRODUCT_RELATED_PRODUCT_CATEGORY('','',(#7916));
#7715=PRODUCT_RELATED_PRODUCT_CATEGORY('','',(#7917));
#7716=PRODUCT_RELATED_PRODUCT_CATEGORY('','',(#7918));
#7717=PRODUCT_RELATED_PRODUCT_CATEGORY('','',(#7919));
#7718=PRODUCT_RELATED_PRODUCT_CATEGORY('','',(#7920));
#7719=PRODUCT_RELATED_PRODUCT_CATEGORY('','',(#7921));
#7720=PRODUCT_RELATED_PRODUCT_CATEGORY('','',(#7922));
#7721=PRODUCT_RELATED_PRODUCT_CATEGORY('','',(#7923));
#7722=PRODUCT_RELATED_PRODUCT_CATEGORY('','',(#7924));
#7723=PRODUCT_RELATED_PRODUCT_CATEGORY('','',(#7925));
#7724=PRODUCT_RELATED_PRODUCT_CATEGORY('','',(#7926));
#7725=PRODUCT_RELATED_PRODUCT_CATEGORY('','',(#7927));
#7726=PRODUCT_RELATED_PRODUCT_CATEGORY('','',(#7928));
#7727=PRODUCT_RELATED_PRODUCT_CATEGORY('','',(#7929));
#7728=PRODUCT_RELATED_PRODUCT_CATEGORY('','',(#7930));
#7729=PRODUCT_RELATED_PRODUCT_CATEGORY('','',(#7931));
#7730=PRODUCT_RELATED_PRODUCT_CATEGORY('','',(#7932));
#7731=PRODUCT_RELATED_PRODUCT_CATEGORY('','',(#7933));
#7732=PRODUCT_RELATED_PRODUCT_CATEGORY('','',(#7934));
#7733=PRODUCT_RELATED_PRODUCT_CATEGORY('','',(#7935));
#7734=PRODUCT_RELATED_PRODUCT_CATEGORY('','',(#7936));
#7735=PRODUCT_RELATED_PRODUCT_CATEGORY('','',(#7937));
#7736=PRODUCT_RELATED_PRODUCT_CATEGORY('','',(#7938));
#7737=PRODUCT_RELATED_PRODUCT_CATEGORY('','',(#7939));
#7738=PRODUCT_RELATED_PRODUCT_CATEGORY('','',(#7940));
#7739=PRODUCT_RELATED_PRODUCT_CATEGORY('','',(#7941));
#7740=PRODUCT_RELATED_PRODUCT_CATEGORY('','',(#7942));
#7741=PRODUCT_RELATED_PRODUCT_CATEGORY('','',(#7943));
#7742=PRODUCT_RELATED_PRODUCT_CATEGORY('','',(#7944));
#7743=PRODUCT_RELATED_PRODUCT_CATEGORY('','',(#7945));
#7744=PRODUCT_RELATED_PRODUCT_CATEGORY('','',(#7946));
#7745=PRODUCT_RELATED_PRODUCT_CATEGORY('','',(#7947));
#7746=PRODUCT_RELATED_PRODUCT_CATEGORY('','',(#7948));
#7747=PRODUCT_RELATED_PRODUCT_CATEGORY('','',(#7949));
#7748=PRODUCT_RELATED_PRODUCT_CATEGORY('','',(#7950));
#7749=PRODUCT_RELATED_PRODUCT_CATEGORY('','',(#7951));
#7750=PRODUCT_RELATED_PRODUCT_CATEGORY('','',(#7952));
#7751=PRODUCT_RELATED_PRODUCT_CATEGORY('','',(#7953));
#7752=PRODUCT_RELATED_PRODUCT_CATEGORY('','',(#7954));
#7753=PRODUCT_RELATED_PRODUCT_CATEGORY('','',(#7955));
#7754=PRODUCT_RELATED_PRODUCT_CATEGORY('','',(#7956));
#7755=PRODUCT_RELATED_PRODUCT_CATEGORY('','',(#7957));
#7756=PRODUCT_RELATED_PRODUCT_CATEGORY('','',(#7958));
#7757=PRODUCT_RELATED_PRODUCT_CATEGORY('','',(#7959));
#7758=PRODUCT_RELATED_PRODUCT_CATEGORY('','',(#7960));
#7759=PRODUCT_RELATED_PRODUCT_CATEGORY('','',(#7961));
#7760=PRODUCT_RELATED_PRODUCT_CATEGORY('','',(#7962));
#7761=PRODUCT_RELATED_PRODUCT_CATEGORY('','',(#7963));
#7762=PRODUCT_RELATED_PRODUCT_CATEGORY('','',(#7964));
#7763=PRODUCT_RELATED_PRODUCT_CATEGORY('','',(#7965));
#7764=PRODUCT_RELATED_PRODUCT_CATEGORY('','',(#7966));
#7765=PRODUCT_RELATED_PRODUCT_CATEGORY('','',(#7967));
#7766=PRODUCT_RELATED_PRODUCT_CATEGORY('','',(#7968));
#7767=PRODUCT_RELATED_PRODUCT_CATEGORY('','',(#7969));
#7768=PRODUCT_RELATED_PRODUCT_CATEGORY('','',(#7970));
#7769=PRODUCT_RELATED_PRODUCT_CATEGORY('','',(#7971));
#7770=PRODUCT_RELATED_PRODUCT_CATEGORY('','',(#7972));
#7771=PRODUCT_RELATED_PRODUCT_CATEGORY('','',(#7973));
#7772=PRODUCT_RELATED_PRODUCT_CATEGORY('','',(#7974));
#7773=PRODUCT_RELATED_PRODUCT_CATEGORY('','',(#7975));
#7774=PRODUCT_RELATED_PRODUCT_CATEGORY('','',(#7976));
#7775=PRODUCT_RELATED_PRODUCT_CATEGORY('','',(#7977));
#7776=PRODUCT_RELATED_PRODUCT_CATEGORY('','',(#7978));
#7777=PRODUCT_RELATED_PRODUCT_CATEGORY('','',(#7979));
#7778=PRODUCT_RELATED_PRODUCT_CATEGORY('','',(#7980));
#7779=PRODUCT_RELATED_PRODUCT_CATEGORY('','',(#7981));
#7780=PRODUCT_RELATED_PRODUCT_CATEGORY('','',(#7982));
#7781=PRODUCT_RELATED_PRODUCT_CATEGORY('','',(#7983));
#7782=PRODUCT_RELATED_PRODUCT_CATEGORY('','',(#7984));
#7783=PRODUCT_RELATED_PRODUCT_CATEGORY('','',(#7985));
#7784=PRODUCT_RELATED_PRODUCT_CATEGORY('','',(#7986));
#7785=PRODUCT_RELATED_PRODUCT_CATEGORY('','',(#7987));
#7786=PRODUCT_RELATED_PRODUCT_CATEGORY('','',(#7988));
#7787=PRODUCT_RELATED_PRODUCT_CATEGORY('','',(#7989));
#7788=PRODUCT_RELATED_PRODUCT_CATEGORY('','',(#7990));
#7789=PRODUCT_RELATED_PRODUCT_CATEGORY('','',(#7991));
#7790=PRODUCT_RELATED_PRODUCT_CATEGORY('','',(#7992));
#7791=PRODUCT_RELATED_PRODUCT_CATEGORY('','',(#7993));
#7792=PRODUCT_RELATED_PRODUCT_CATEGORY('','',(#7994));
#7793=PRODUCT_RELATED_PRODUCT_CATEGORY('','',(#7995));
#7794=PRODUCT_RELATED_PRODUCT_CATEGORY('','',(#7996));
#7795=PRODUCT_RELATED_PRODUCT_CATEGORY('','',(#7997));
#7796=PRODUCT_RELATED_PRODUCT_CATEGORY('','',(#7998));
#7797=PRODUCT_RELATED_PRODUCT_CATEGORY('','',(#7999));
#7798=PRODUCT_RELATED_PRODUCT_CATEGORY('','',(#8000));
#7799=PRODUCT_RELATED_PRODUCT_CATEGORY('','',(#8001));
#7800=PRODUCT_RELATED_PRODUCT_CATEGORY('','',(#8002));
#7801=PRODUCT_RELATED_PRODUCT_CATEGORY('','',(#8003));
#7802=PRODUCT_RELATED_PRODUCT_CATEGORY('','',(#8004));
#7803=PRODUCT_RELATED_PRODUCT_CATEGORY('','',(#8005));
#7804=PRODUCT_RELATED_PRODUCT_CATEGORY('','',(#8006));
#7805=PRODUCT_RELATED_PRODUCT_CATEGORY('','',(#8007));
#7806=PRODUCT_RELATED_PRODUCT_CATEGORY('','',(#8008));
#7807=PRODUCT_RELATED_PRODUCT_CATEGORY('','',(#8009));
#7808=PRODUCT_RELATED_PRODUCT_CATEGORY('','',(#8010));
#7809=PRODUCT_RELATED_PRODUCT_CATEGORY('','',(#8011));
#7810=PRODUCT_RELATED_PRODUCT_CATEGORY('','',(#8012));
#7811=PRODUCT_RELATED_PRODUCT_CATEGORY('','',(#8013));
#7812=PRODUCT_RELATED_PRODUCT_CATEGORY('','',(#8014));
#7813=PRODUCT_RELATED_PRODUCT_CATEGORY('','',(#8015));
#7814=PRODUCT_RELATED_PRODUCT_CATEGORY('','',(#8016));
#7815=PRODUCT_RELATED_PRODUCT_CATEGORY('','',(#8017));
#7816=PRODUCT_RELATED_PRODUCT_CATEGORY('','',(#8018));
#7817=PRODUCT_RELATED_PRODUCT_CATEGORY('','',(#8019));
#7818=PRODUCT_RELATED_PRODUCT_CATEGORY('','',(#8020));
#7819=PRODUCT_RELATED_PRODUCT_CATEGORY('','',(#8021));
#7820=PRODUCT_RELATED_PRODUCT_CATEGORY('','',(#8022));
#7821=PRODUCT_RELATED_PRODUCT_CATEGORY('','',(#8023));
#7822=PRODUCT_RELATED_PRODUCT_CATEGORY('','',(#8024));
#7823=PRODUCT_RELATED_PRODUCT_CATEGORY('','',(#8025));
#7824=PRODUCT_RELATED_PRODUCT_CATEGORY('','',(#8026));
#7825=PRODUCT_RELATED_PRODUCT_CATEGORY('','',(#8027));
#7826=PRODUCT_RELATED_PRODUCT_CATEGORY('','',(#8028));
#7827=PRODUCT_RELATED_PRODUCT_CATEGORY('','',(#8029));
#7828=PRODUCT_RELATED_PRODUCT_CATEGORY('','',(#8030));
#7829=PRODUCT_RELATED_PRODUCT_CATEGORY('','',(#8031));
#7830=PRODUCT_RELATED_PRODUCT_CATEGORY('','',(#8032));
#7831=PRODUCT_RELATED_PRODUCT_CATEGORY('','',(#8033));
#7832=PRODUCT_RELATED_PRODUCT_CATEGORY('','',(#8034));
#7833=PRODUCT_RELATED_PRODUCT_CATEGORY('','',(#8035));
#7834=PRODUCT_RELATED_PRODUCT_CATEGORY('','',(#8036));
#7835=PRODUCT_RELATED_PRODUCT_CATEGORY('','',(#8037));
#7836=PRODUCT_RELATED_PRODUCT_CATEGORY('','',(#8038));
#7837=PRODUCT_RELATED_PRODUCT_CATEGORY('','',(#8039));
#7838=PRODUCT_RELATED_PRODUCT_CATEGORY('','',(#8040));
#7839=PRODUCT_RELATED_PRODUCT_CATEGORY('','',(#8041));
#7840=PRODUCT_RELATED_PRODUCT_CATEGORY('','',(#8042));
#7841=PRODUCT_RELATED_PRODUCT_CATEGORY('','',(#8043));
#7842=PRODUCT_RELATED_PRODUCT_CATEGORY('','',(#8044));
#7843=PRODUCT_RELATED_PRODUCT_CATEGORY('','',(#8045));
#7844=PRODUCT_RELATED_PRODUCT_CATEGORY('','',(#8046));
#7845=PRODUCT_RELATED_PRODUCT_CATEGORY('','',(#8047));
#7846=PRODUCT_RELATED_PRODUCT_CATEGORY('','',(#8048));
#7847=PRODUCT_RELATED_PRODUCT_CATEGORY('','',(#8049));
#7848=PRODUCT_RELATED_PRODUCT_CATEGORY('','',(#8050));
#7849=PRODUCT_RELATED_PRODUCT_CATEGORY('','',(#8051));
#7850=PRODUCT_RELATED_PRODUCT_CATEGORY('','',(#8052));
#7851=PRODUCT_RELATED_PRODUCT_CATEGORY('','',(#8053));
#7852=PRODUCT_RELATED_PRODUCT_CATEGORY('','',(#8054));
#7853=PRODUCT_RELATED_PRODUCT_CATEGORY('','',(#8055));
#7854=PRODUCT_RELATED_PRODUCT_CATEGORY('','',(#8056));
#7855=PRODUCT_RELATED_PRODUCT_CATEGORY('','',(#8057));
#7856=PRODUCT_RELATED_PRODUCT_CATEGORY('','',(#8058));
#7857=PRODUCT_RELATED_PRODUCT_CATEGORY('','',(#8059));
#7858=PRODUCT_RELATED_PRODUCT_CATEGORY('','',(#8060));
#7859=PRODUCT_RELATED_PRODUCT_CATEGORY('','',(#8061));
#7860=PRODUCT_RELATED_PRODUCT_CATEGORY('','',(#8062));
#7861=PRODUCT_RELATED_PRODUCT_CATEGORY('','',(#8063));
#7862=PRODUCT_RELATED_PRODUCT_CATEGORY('','',(#8064));
#7863=PRODUCT_RELATED_PRODUCT_CATEGORY('','',(#8065));
#7864=PRODUCT_RELATED_PRODUCT_CATEGORY('','',(#8066));
#7865=PRODUCT_RELATED_PRODUCT_CATEGORY('','',(#8067));
#7866=PRODUCT_RELATED_PRODUCT_CATEGORY('','',(#8068));
#7867=PRODUCT_RELATED_PRODUCT_CATEGORY('','',(#8069));
#7868=PRODUCT_RELATED_PRODUCT_CATEGORY('','',(#8070));
#7869=PRODUCT_RELATED_PRODUCT_CATEGORY('','',(#8071));
#7870=PRODUCT_RELATED_PRODUCT_CATEGORY('','',(#8072));
#7871=PRODUCT_RELATED_PRODUCT_CATEGORY('','',(#8073));
#7872=PRODUCT_RELATED_PRODUCT_CATEGORY('','',(#8074));
#7873=PRODUCT_RELATED_PRODUCT_CATEGORY('','',(#8075));
#7874=PRODUCT_RELATED_PRODUCT_CATEGORY('','',(#8076));
#7875=PRODUCT_RELATED_PRODUCT_CATEGORY('','',(#8077));
#7876=PRODUCT_RELATED_PRODUCT_CATEGORY('','',(#8078));
#7877=PRODUCT_RELATED_PRODUCT_CATEGORY('','',(#8079));
#7878=PRODUCT_RELATED_PRODUCT_CATEGORY('','',(#8080));
#7879=PRODUCT_RELATED_PRODUCT_CATEGORY('','',(#8081));
#7880=PRODUCT_RELATED_PRODUCT_CATEGORY('','',(#8082));
#7881=PRODUCT_RELATED_PRODUCT_CATEGORY('','',(#8083));
#7882=PRODUCT_RELATED_PRODUCT_CATEGORY('','',(#8084));
#7883=PRODUCT_RELATED_PRODUCT_CATEGORY('','',(#8085));
#7884=PRODUCT_RELATED_PRODUCT_CATEGORY('','',(#8086));
#7885=PRODUCT_RELATED_PRODUCT_CATEGORY('','',(#8087));
#7886=PRODUCT_RELATED_PRODUCT_CATEGORY('','',(#8088));
#7887=PRODUCT_RELATED_PRODUCT_CATEGORY('','',(#8089));
#7888=PRODUCT_RELATED_PRODUCT_CATEGORY('','',(#8090));
#7889=PRODUCT_RELATED_PRODUCT_CATEGORY('','',(#8091));
#7890=PRODUCT_RELATED_PRODUCT_CATEGORY('','',(#8092));
#7891=PRODUCT_RELATED_PRODUCT_CATEGORY('','',(#8093));
#7892=PRODUCT_RELATED_PRODUCT_CATEGORY('','',(#8094));
#7893=PRODUCT_RELATED_PRODUCT_CATEGORY('','',(#8095));
#7894=PRODUCT_RELATED_PRODUCT_CATEGORY('','',(#8096));
#7895=PRODUCT_RELATED_PRODUCT_CATEGORY('','',(#8097));
#7896=PRODUCT_RELATED_PRODUCT_CATEGORY('','',(#8098));
#7897=PRODUCT_RELATED_PRODUCT_CATEGORY('','',(#8099));
#7898=PRODUCT_RELATED_PRODUCT_CATEGORY('','',(#8100));
#7899=PRODUCT_RELATED_PRODUCT_CATEGORY('','',(#8101));
#7900=PRODUCT_RELATED_PRODUCT_CATEGORY('','',(#8102));
#7901=PRODUCT_RELATED_PRODUCT_CATEGORY('','',(#8103));
#7902=PRODUCT_RELATED_PRODUCT_CATEGORY('','',(#8104));
#7903=PRODUCT('Part 202','Part 202','Part 202',(#8307));
#7904=PRODUCT('ball','ball','ball',(#8308));
#7905=PRODUCT('ball','ball','ball',(#8309));
#7906=PRODUCT('ball','ball','ball',(#8310));
#7907=PRODUCT('ball','ball','ball',(#8311));
#7908=PRODUCT('ball','ball','ball',(#8312));
#7909=PRODUCT('ball','ball','ball',(#8313));
#7910=PRODUCT('ball','ball','ball',(#8314));
#7911=PRODUCT('ball','ball','ball',(#8315));
#7912=PRODUCT('ball','ball','ball',(#8316));
#7913=PRODUCT('ball','ball','ball',(#8317));
#7914=PRODUCT('ball','ball','ball',(#8318));
#7915=PRODUCT('ball','ball','ball',(#8319));
#7916=PRODUCT('ball','ball','ball',(#8320));
#7917=PRODUCT('ball','ball','ball',(#8321));
#7918=PRODUCT('ball','ball','ball',(#8322));
#7919=PRODUCT('ball','ball','ball',(#8323));
#7920=PRODUCT('ball','ball','ball',(#8324));
#7921=PRODUCT('ball','ball','ball',(#8325));
#7922=PRODUCT('ball','ball','ball',(#8326));
#7923=PRODUCT('ball','ball','ball',(#8327));
#7924=PRODUCT('ball','ball','ball',(#8328));
#7925=PRODUCT('ball','ball','ball',(#8329));
#7926=PRODUCT('ball','ball','ball',(#8330));
#7927=PRODUCT('ball','ball','ball',(#8331));
#7928=PRODUCT('ball','ball','ball',(#8332));
#7929=PRODUCT('ball','ball','ball',(#8333));
#7930=PRODUCT('ball','ball','ball',(#8334));
#7931=PRODUCT('ball','ball','ball',(#8335));
#7932=PRODUCT('ball','ball','ball',(#8336));
#7933=PRODUCT('ball','ball','ball',(#8337));
#7934=PRODUCT('ball','ball','ball',(#8338));
#7935=PRODUCT('ball','ball','ball',(#8339));
#7936=PRODUCT('ball','ball','ball',(#8340));
#7937=PRODUCT('ball','ball','ball',(#8341));
#7938=PRODUCT('ball','ball','ball',(#8342));
#7939=PRODUCT('ball','ball','ball',(#8343));
#7940=PRODUCT('ball','ball','ball',(#8344));
#7941=PRODUCT('ball','ball','ball',(#8345));
#7942=PRODUCT('ball','ball','ball',(#8346));
#7943=PRODUCT('ball','ball','ball',(#8347));
#7944=PRODUCT('ball','ball','ball',(#8348));
#7945=PRODUCT('ball','ball','ball',(#8349));
#7946=PRODUCT('ball','ball','ball',(#8350));
#7947=PRODUCT('ball','ball','ball',(#8351));
#7948=PRODUCT('ball','ball','ball',(#8352));
#7949=PRODUCT('ball','ball','ball',(#8353));
#7950=PRODUCT('ball','ball','ball',(#8354));
#7951=PRODUCT('Open CASCADE STEP translator 7.5 23.2.1','Open CASCADE STEP translator 7.5 23.2.1','Open CASCADE STEP translator 7.5 23.2.1',(#8355));
#7952=PRODUCT('ball','ball','ball',(#8356));
#7953=PRODUCT('ball','ball','ball',(#8357));
#7954=PRODUCT('ball','ball','ball',(#8358));
#7955=PRODUCT('ball','ball','ball',(#8359));
#7956=PRODUCT('ball','ball','ball',(#8360));
#7957=PRODUCT('ball','ball','ball',(#8361));
#7958=PRODUCT('ball','ball','ball',(#8362));
#7959=PRODUCT('ball','ball','ball',(#8363));
#7960=PRODUCT('ball','ball','ball',(#8364));
#7961=PRODUCT('ball','ball','ball',(#8365));
#7962=PRODUCT('ball','ball','ball',(#8366));
#7963=PRODUCT('ball','ball','ball',(#8367));
#7964=PRODUCT('ball','ball','ball',(#8368));
#7965=PRODUCT('ball','ball','ball',(#8369));
#7966=PRODUCT('ball','ball','ball',(#8370));
#7967=PRODUCT('ball','ball','ball',(#8371));
#7968=PRODUCT('ball','ball','ball',(#8372));
#7969=PRODUCT('ball','ball','ball',(#8373));
#7970=PRODUCT('ball','ball','ball',(#8374));
#7971=PRODUCT('ball','ball','ball',(#8375));
#7972=PRODUCT('ball','ball','ball',(#8376));
#7973=PRODUCT('ball','ball','ball',(#8377));
#7974=PRODUCT('ball','ball','ball',(#8378));
#7975=PRODUCT('ball','ball','ball',(#8379));
#7976=PRODUCT('ball','ball','ball',(#8380));
#7977=PRODUCT('ball','ball','ball',(#8381));
#7978=PRODUCT('ball','ball','ball',(#8382));
#7979=PRODUCT('ball','ball','ball',(#8383));
#7980=PRODUCT('ball','ball','ball',(#8384));
#7981=PRODUCT('ball','ball','ball',(#8385));
#7982=PRODUCT('ball','ball','ball',(#8386));
#7983=PRODUCT('ball','ball','ball',(#8387));
#7984=PRODUCT('ball','ball','ball',(#8388));
#7985=PRODUCT('ball','ball','ball',(#8389));
#7986=PRODUCT('ball','ball','ball',(#8390));
#7987=PRODUCT('ball','ball','ball',(#8391));
#7988=PRODUCT('ball','ball','ball',(#8392));
#7989=PRODUCT('ball','ball','ball',(#8393));
#7990=PRODUCT('ball','ball','ball',(#8394));
#7991=PRODUCT('ball','ball','ball',(#8395));
#7992=PRODUCT('ball','ball','ball',(#8396));
#7993=PRODUCT('ball','ball','ball',(#8397));
#7994=PRODUCT('ball','ball','ball',(#8398));
#7995=PRODUCT('ball','ball','ball',(#8399));
#7996=PRODUCT('ball','ball','ball',(#8400));
#7997=PRODUCT('ball','ball','ball',(#8401));
#7998=PRODUCT('ball','ball','ball',(#8402));
#7999=PRODUCT('ball','ball','ball',(#8403));
#8000=PRODUCT('ball','ball','ball',(#8404));
#8001=PRODUCT('ball','ball','ball',(#8405));
#8002=PRODUCT('ball','ball','ball',(#8406));
#8003=PRODUCT('ball','ball','ball',(#8407));
#8004=PRODUCT('ball','ball','ball',(#8408));
#8005=PRODUCT('ball','ball','ball',(#8409));
#8006=PRODUCT('ball','ball','ball',(#8410));
#8007=PRODUCT('ball','ball','ball',(#8411));
#8008=PRODUCT('ball','ball','ball',(#8412));
#8009=PRODUCT('ball','ball','ball',(#8413));
#8010=PRODUCT('ball','ball','ball',(#8414));
#8011=PRODUCT('ball','ball','ball',(#8415));
#8012=PRODUCT('ball','ball','ball',(#8416));
#8013=PRODUCT('ball','ball','ball',(#8417));
#8014=PRODUCT('ball','ball','ball',(#8418));
#8015=PRODUCT('ball','ball','ball',(#8419));
#8016=PRODUCT('ball','ball','ball',(#8420));
#8017=PRODUCT('ball','ball','ball',(#8421));
#8018=PRODUCT('ball','ball','ball',(#8422));
#8019=PRODUCT('ball','ball','ball',(#8423));
#8020=PRODUCT('ball','ball','ball',(#8424));
#8021=PRODUCT('ball','ball','ball',(#8425));
#8022=PRODUCT('ball','ball','ball',(#8426));
#8023=PRODUCT('ball','ball','ball',(#8427));
#8024=PRODUCT('ball','ball','ball',(#8428));
#8025=PRODUCT('ball','ball','ball',(#8429));
#8026=PRODUCT('ball','ball','ball',(#8430));
#8027=PRODUCT('ball','ball','ball',(#8431));
#8028=PRODUCT('ball','ball','ball',(#8432));
#8029=PRODUCT('ball','ball','ball',(#8433));
#8030=PRODUCT('ball','ball','ball',(#8434));
#8031=PRODUCT('ball','ball','ball',(#8435));
#8032=PRODUCT('ball','ball','ball',(#8436));
#8033=PRODUCT('ball','ball','ball',(#8437));
#8034=PRODUCT('ball','ball','ball',(#8438));
#8035=PRODUCT('ball','ball','ball',(#8439));
#8036=PRODUCT('ball','ball','ball',(#8440));
#8037=PRODUCT('ball','ball','ball',(#8441));
#8038=PRODUCT('ball','ball','ball',(#8442));
#8039=PRODUCT('ball','ball','ball',(#8443));
#8040=PRODUCT('ball','ball','ball',(#8444));
#8041=PRODUCT('ball','ball','ball',(#8445));
#8042=PRODUCT('ball','ball','ball',(#8446));
#8043=PRODUCT('ball','ball','ball',(#8447));
#8044=PRODUCT('ball','ball','ball',(#8448));
#8045=PRODUCT('ball','ball','ball',(#8449));
#8046=PRODUCT('ball','ball','ball',(#8450));
#8047=PRODUCT('ball','ball','ball',(#8451));
#8048=PRODUCT('ball','ball','ball',(#8452));
#8049=PRODUCT('ball','ball','ball',(#8453));
#8050=PRODUCT('ball','ball','ball',(#8454));
#8051=PRODUCT('ball','ball','ball',(#8455));
#8052=PRODUCT('ball','ball','ball',(#8456));
#8053=PRODUCT('ball','ball','ball',(#8457));
#8054=PRODUCT('ball','ball','ball',(#8458));
#8055=PRODUCT('ball','ball','ball',(#8459));
#8056=PRODUCT('ball','ball','ball',(#8460));
#8057=PRODUCT('ball','ball','ball',(#8461));
#8058=PRODUCT('ball','ball','ball',(#8462));
#8059=PRODUCT('ball','ball','ball',(#8463));
#8060=PRODUCT('ball','ball','ball',(#8464));
#8061=PRODUCT('ball','ball','ball',(#8465));
#8062=PRODUCT('ball','ball','ball',(#8466));
#8063=PRODUCT('ball','ball','ball',(#8467));
#8064=PRODUCT('ball','ball','ball',(#8468));
#8065=PRODUCT('ball','ball','ball',(#8469));
#8066=PRODUCT('ball','ball','ball',(#8470));
#8067=PRODUCT('ball','ball','ball',(#8471));
#8068=PRODUCT('ball','ball','ball',(#8472));
#8069=PRODUCT('ball','ball','ball',(#8473));
#8070=PRODUCT('ball','ball','ball',(#8474));
#8071=PRODUCT('ball','ball','ball',(#8475));
#8072=PRODUCT('ball','ball','ball',(#8476));
#8073=PRODUCT('ball','ball','ball',(#8477));
#8074=PRODUCT('ball','ball','ball',(#8478));
#8075=PRODUCT('ball','ball','ball',(#8479));
#8076=PRODUCT('ball','ball','ball',(#8480));
#8077=PRODUCT('ball','ball','ball',(#8481));
#8078=PRODUCT('ball','ball','ball',(#8482));
#8079=PRODUCT('ball','ball','ball',(#8483));
#8080=PRODUCT('ball','ball','ball',(#8484));
#8081=PRODUCT('ball','ball','ball',(#8485));
#8082=PRODUCT('ball','ball','ball',(#8486));
#8083=PRODUCT('ball','ball','ball',(#8487));
#8084=PRODUCT('ball','ball','ball',(#8488));
#8085=PRODUCT('ball','ball','ball',(#8489));
#8086=PRODUCT('ball','ball','ball',(#8490));
#8087=PRODUCT('ball','ball','ball',(#8491));
#8088=PRODUCT('ball','ball','ball',(#8492));
#8089=PRODUCT('ball','ball','ball',(#8493));
#8090=PRODUCT('ball','ball','ball',(#8494));
#8091=PRODUCT('ball','ball','ball',(#8495));
#8092=PRODUCT('ball','ball','ball',(#8496));
#8093=PRODUCT('ball','ball','ball',(#8497));
#8094=PRODUCT('ball','ball','ball',(#8498));
#8095=PRODUCT('ball','ball','ball',(#8499));
#8096=PRODUCT('ball','ball','ball',(#8500));
#8097=PRODUCT('ball','ball','ball',(#8501));
#8098=PRODUCT('ball','ball','ball',(#8502));
#8099=PRODUCT('ball','ball','ball',(#8503));
#8100=PRODUCT('ball','ball','ball',(#8504));
#8101=PRODUCT('ball','ball','ball',(#8505));
#8102=PRODUCT('ball','ball','ball',(#8506));
#8103=PRODUCT('ball','ball','ball',(#8507));
#8104=PRODUCT('ball','ball','ball',(#8508));
#8105=PRODUCT_CATEGORY('','');
#8106=PRODUCT_CATEGORY('','');
#8107=PRODUCT_CATEGORY('','');
#8108=PRODUCT_CATEGORY('','');
#8109=PRODUCT_CATEGORY('','');
#8110=PRODUCT_CATEGORY('','');
#8111=PRODUCT_CATEGORY('','');
#8112=PRODUCT_CATEGORY('','');
#8113=PRODUCT_CATEGORY('','');
#8114=PRODUCT_CATEGORY('','');
#8115=PRODUCT_CATEGORY('','');
#8116=PRODUCT_CATEGORY('','');
#8117=PRODUCT_CATEGORY('','');
#8118=PRODUCT_CATEGORY('','');
#8119=PRODUCT_CATEGORY('','');
#8120=PRODUCT_CATEGORY('','');
#8121=PRODUCT_CATEGORY('','');
#8122=PRODUCT_CATEGORY('','');
#8123=PRODUCT_CATEGORY('','');
#8124=PRODUCT_CATEGORY('','');
#8125=PRODUCT_CATEGORY('','');
#8126=PRODUCT_CATEGORY('','');
#8127=PRODUCT_CATEGORY('','');
#8128=PRODUCT_CATEGORY('','');
#8129=PRODUCT_CATEGORY('','');
#8130=PRODUCT_CATEGORY('','');
#8131=PRODUCT_CATEGORY('','');
#8132=PRODUCT_CATEGORY('','');
#8133=PRODUCT_CATEGORY('','');
#8134=PRODUCT_CATEGORY('','');
#8135=PRODUCT_CATEGORY('','');
#8136=PRODUCT_CATEGORY('','');
#8137=PRODUCT_CATEGORY('','');
#8138=PRODUCT_CATEGORY('','');
#8139=PRODUCT_CATEGORY('','');
#8140=PRODUCT_CATEGORY('','');
#8141=PRODUCT_CATEGORY('','');
#8142=PRODUCT_CATEGORY('','');
#8143=PRODUCT_CATEGORY('','');
#8144=PRODUCT_CATEGORY('','');
#8145=PRODUCT_CATEGORY('','');
#8146=PRODUCT_CATEGORY('','');
#8147=PRODUCT_CATEGORY('','');
#8148=PRODUCT_CATEGORY('','');
#8149=PRODUCT_CATEGORY('','');
#8150=PRODUCT_CATEGORY('','');
#8151=PRODUCT_CATEGORY('','');
#8152=PRODUCT_CATEGORY('','');
#8153=PRODUCT_CATEGORY('','');
#8154=PRODUCT_CATEGORY('','');
#8155=PRODUCT_CATEGORY('','');
#8156=PRODUCT_CATEGORY('','');
#8157=PRODUCT_CATEGORY('','');
#8158=PRODUCT_CATEGORY('','');
#8159=PRODUCT_CATEGORY('','');
#8160=PRODUCT_CATEGORY('','');
#8161=PRODUCT_CATEGORY('','');
#8162=PRODUCT_CATEGORY('','');
#8163=PRODUCT_CATEGORY('','');
#8164=PRODUCT_CATEGORY('','');
#8165=PRODUCT_CATEGORY('','');
#8166=PRODUCT_CATEGORY('','');
#8167=PRODUCT_CATEGORY('','');
#8168=PRODUCT_CATEGORY('','');
#8169=PRODUCT_CATEGORY('','');
#8170=PRODUCT_CATEGORY('','');
#8171=PRODUCT_CATEGORY('','');
#8172=PRODUCT_CATEGORY('','');
#8173=PRODUCT_CATEGORY('','');
#8174=PRODUCT_CATEGORY('','');
#8175=PRODUCT_CATEGORY('','');
#8176=PRODUCT_CATEGORY('','');
#8177=PRODUCT_CATEGORY('','');
#8178=PRODUCT_CATEGORY('','');
#8179=PRODUCT_CATEGORY('','');
#8180=PRODUCT_CATEGORY('','');
#8181=PRODUCT_CATEGORY('','');
#8182=PRODUCT_CATEGORY('','');
#8183=PRODUCT_CATEGORY('','');
#8184=PRODUCT_CATEGORY('','');
#8185=PRODUCT_CATEGORY('','');
#8186=PRODUCT_CATEGORY('','');
#8187=PRODUCT_CATEGORY('','');
#8188=PRODUCT_CATEGORY('','');
#8189=PRODUCT_CATEGORY('','');
#8190=PRODUCT_CATEGORY('','');
#8191=PRODUCT_CATEGORY('','');
#8192=PRODUCT_CATEGORY('','');
#8193=PRODUCT_CATEGORY('','');
#8194=PRODUCT_CATEGORY('','');
#8195=PRODUCT_CATEGORY('','');
#8196=PRODUCT_CATEGORY('','');
#8197=PRODUCT_CATEGORY('','');
#8198=PRODUCT_CATEGORY('','');
#8199=PRODUCT_CATEGORY('','');
#8200=PRODUCT_CATEGORY('','');
#8201=PRODUCT_CATEGORY('','');
#8202=PRODUCT_CATEGORY('','');
#8203=PRODUCT_CATEGORY('','');
#8204=PRODUCT_CATEGORY('','');
#8205=PRODUCT_CATEGORY('','');
#8206=PRODUCT_CATEGORY('','');
#8207=PRODUCT_CATEGORY('','');
#8208=PRODUCT_CATEGORY('','');
#8209=PRODUCT_CATEGORY('','');
#8210=PRODUCT_CATEGORY('','');
#8211=PRODUCT_CATEGORY('','');
#8212=PRODUCT_CATEGORY('','');
#8213=PRODUCT_CATEGORY('','');
#8214=PRODUCT_CATEGORY('','');
#8215=PRODUCT_CATEGORY('','');
#8216=PRODUCT_CATEGORY('','');
#8217=PRODUCT_CATEGORY('','');
#8218=PRODUCT_CATEGORY('','');
#8219=PRODUCT_CATEGORY('','');
#8220=PRODUCT_CATEGORY('','');
#8221=PRODUCT_CATEGORY('','');
#8222=PRODUCT_CATEGORY('','');
#8223=PRODUCT_CATEGORY('','');
#8224=PRODUCT_CATEGORY('','');
#8225=PRODUCT_CATEGORY('','');
#8226=PRODUCT_CATEGORY('','');
#8227=PRODUCT_CATEGORY('','');
#8228=PRODUCT_CATEGORY('','');
#8229=PRODUCT_CATEGORY('','');
#8230=PRODUCT_CATEGORY('','');
#8231=PRODUCT_CATEGORY('','');
#8232=PRODUCT_CATEGORY('','');
#8233=PRODUCT_CATEGORY('','');
#8234=PRODUCT_CATEGORY('','');
#8235=PRODUCT_CATEGORY('','');
#8236=PRODUCT_CATEGORY('','');
#8237=PRODUCT_CATEGORY('','');
#8238=PRODUCT_CATEGORY('','');
#8239=PRODUCT_CATEGORY('','');
#8240=PRODUCT_CATEGORY('','');
#8241=PRODUCT_CATEGORY('','');
#8242=PRODUCT_CATEGORY('','');
#8243=PRODUCT_CATEGORY('','');
#8244=PRODUCT_CATEGORY('','');
#8245=PRODUCT_CATEGORY('','');
#8246=PRODUCT_CATEGORY('','');
#8247=PRODUCT_CATEGORY('','');
#8248=PRODUCT_CATEGORY('','');
#8249=PRODUCT_CATEGORY('','');
#8250=PRODUCT_CATEGORY('','');
#8251=PRODUCT_CATEGORY('','');
#8252=PRODUCT_CATEGORY('','');
#8253=PRODUCT_CATEGORY('','');
#8254=PRODUCT_CATEGORY('','');
#8255=PRODUCT_CATEGORY('','');
#8256=PRODUCT_CATEGORY('','');
#8257=PRODUCT_CATEGORY('','');
#8258=PRODUCT_CATEGORY('','');
#8259=PRODUCT_CATEGORY('','');
#8260=PRODUCT_CATEGORY('','');
#8261=PRODUCT_CATEGORY('','');
#8262=PRODUCT_CATEGORY('','');
#8263=PRODUCT_CATEGORY('','');
#8264=PRODUCT_CATEGORY('','');
#8265=PRODUCT_CATEGORY('','');
#8266=PRODUCT_CATEGORY('','');
#8267=PRODUCT_CATEGORY('','');
#8268=PRODUCT_CATEGORY('','');
#8269=PRODUCT_CATEGORY('','');
#8270=PRODUCT_CATEGORY('','');
#8271=PRODUCT_CATEGORY('','');
#8272=PRODUCT_CATEGORY('','');
#8273=PRODUCT_CATEGORY('','');
#8274=PRODUCT_CATEGORY('','');
#8275=PRODUCT_CATEGORY('','');
#8276=PRODUCT_CATEGORY('','');
#8277=PRODUCT_CATEGORY('','');
#8278=PRODUCT_CATEGORY('','');
#8279=PRODUCT_CATEGORY('','');
#8280=PRODUCT_CATEGORY('','');
#8281=PRODUCT_CATEGORY('','');
#8282=PRODUCT_CATEGORY('','');
#8283=PRODUCT_CATEGORY('','');
#8284=PRODUCT_CATEGORY('','');
#8285=PRODUCT_CATEGORY('','');
#8286=PRODUCT_CATEGORY('','');
#8287=PRODUCT_CATEGORY('','');
#8288=PRODUCT_CATEGORY('','');
#8289=PRODUCT_CATEGORY('','');
#8290=PRODUCT_CATEGORY('','');
#8291=PRODUCT_CATEGORY('','');
#8292=PRODUCT_CATEGORY('','');
#8293=PRODUCT_CATEGORY('','');
#8294=PRODUCT_CATEGORY('','');
#8295=PRODUCT_CATEGORY('','');
#8296=PRODUCT_CATEGORY('','');
#8297=PRODUCT_CATEGORY('','');
#8298=PRODUCT_CATEGORY('','');
#8299=PRODUCT_CATEGORY('','');
#8300=PRODUCT_CATEGORY('','');
#8301=PRODUCT_CATEGORY('','');
#8302=PRODUCT_CATEGORY('','');
#8303=PRODUCT_CATEGORY('','');
#8304=PRODUCT_CATEGORY('','');
#8305=PRODUCT_CATEGORY('','');
#8306=PRODUCT_CATEGORY('','');
#8307=PRODUCT_CONTEXT('',#8711,'mechanical');
#8308=PRODUCT_CONTEXT('',#8712,'mechanical');
#8309=PRODUCT_CONTEXT('',#8713,'mechanical');
#8310=PRODUCT_CONTEXT('',#8714,'mechanical');
#8311=PRODUCT_CONTEXT('',#8715,'mechanical');
#8312=PRODUCT_CONTEXT('',#8716,'mechanical');
#8313=PRODUCT_CONTEXT('',#8717,'mechanical');
#8314=PRODUCT_CONTEXT('',#8718,'mechanical');
#8315=PRODUCT_CONTEXT('',#8719,'mechanical');
#8316=PRODUCT_CONTEXT('',#8720,'mechanical');
#8317=PRODUCT_CONTEXT('',#8721,'mechanical');
#8318=PRODUCT_CONTEXT('',#8722,'mechanical');
#8319=PRODUCT_CONTEXT('',#8723,'mechanical');
#8320=PRODUCT_CONTEXT('',#8724,'mechanical');
#8321=PRODUCT_CONTEXT('',#8725,'mechanical');
#8322=PRODUCT_CONTEXT('',#8726,'mechanical');
#8323=PRODUCT_CONTEXT('',#8727,'mechanical');
#8324=PRODUCT_CONTEXT('',#8728,'mechanical');
#8325=PRODUCT_CONTEXT('',#8729,'mechanical');
#8326=PRODUCT_CONTEXT('',#8730,'mechanical');
#8327=PRODUCT_CONTEXT('',#8731,'mechanical');
#8328=PRODUCT_CONTEXT('',#8732,'mechanical');
#8329=PRODUCT_CONTEXT('',#8733,'mechanical');
#8330=PRODUCT_CONTEXT('',#8734,'mechanical');
#8331=PRODUCT_CONTEXT('',#8735,'mechanical');
#8332=PRODUCT_CONTEXT('',#8736,'mechanical');
#8333=PRODUCT_CONTEXT('',#8737,'mechanical');
#8334=PRODUCT_CONTEXT('',#8738,'mechanical');
#8335=PRODUCT_CONTEXT('',#8739,'mechanical');
#8336=PRODUCT_CONTEXT('',#8740,'mechanical');
#8337=PRODUCT_CONTEXT('',#8741,'mechanical');
#8338=PRODUCT_CONTEXT('',#8742,'mechanical');
#8339=PRODUCT_CONTEXT('',#8743,'mechanical');
#8340=PRODUCT_CONTEXT('',#8744,'mechanical');
#8341=PRODUCT_CONTEXT('',#8745,'mechanical');
#8342=PRODUCT_CONTEXT('',#8746,'mechanical');
#8343=PRODUCT_CONTEXT('',#8747,'mechanical');
#8344=PRODUCT_CONTEXT('',#8748,'mechanical');
#8345=PRODUCT_CONTEXT('',#8749,'mechanical');
#8346=PRODUCT_CONTEXT('',#8750,'mechanical');
#8347=PRODUCT_CONTEXT('',#8751,'mechanical');
#8348=PRODUCT_CONTEXT('',#8752,'mechanical');
#8349=PRODUCT_CONTEXT('',#8753,'mechanical');
#8350=PRODUCT_CONTEXT('',#8754,'mechanical');
#8351=PRODUCT_CONTEXT('',#8755,'mechanical');
#8352=PRODUCT_CONTEXT('',#8756,'mechanical');
#8353=PRODUCT_CONTEXT('',#8757,'mechanical');
#8354=PRODUCT_CONTEXT('',#8758,'mechanical');
#8355=PRODUCT_CONTEXT('',#8759,'mechanical');
#8356=PRODUCT_CONTEXT('',#8760,'mechanical');
#8357=PRODUCT_CONTEXT('',#8761,'mechanical');
#8358=PRODUCT_CONTEXT('',#8762,'mechanical');
#8359=PRODUCT_CONTEXT('',#8763,'mechanical');
#8360=PRODUCT_CONTEXT('',#8764,'mechanical');
#8361=PRODUCT_CONTEXT('',#8765,'mechanical');
#8362=PRODUCT_CONTEXT('',#8766,'mechanical');
#8363=PRODUCT_CONTEXT('',#8767,'mechanical');
#8364=PRODUCT_CONTEXT('',#8768,'mechanical');
#8365=PRODUCT_CONTEXT('',#8769,'mechanical');
#8366=PRODUCT_CONTEXT('',#8770,'mechanical');
#8367=PRODUCT_CONTEXT('',#8771,'mechanical');
#8368=PRODUCT_CONTEXT('',#8772,'mechanical');
#8369=PRODUCT_CONTEXT('',#8773,'mechanical');
#8370=PRODUCT_CONTEXT('',#8774,'mechanical');
#8371=PRODUCT_CONTEXT('',#8775,'mechanical');
#8372=PRODUCT_CONTEXT('',#8776,'mechanical');
#8373=PRODUCT_CONTEXT('',#8777,'mechanical');
#8374=PRODUCT_CONTEXT('',#8778,'mechanical');
#8375=PRODUCT_CONTEXT('',#8779,'mechanical');
#8376=PRODUCT_CONTEXT('',#8780,'mechanical');
#8377=PRODUCT_CONTEXT('',#8781,'mechanical');
#8378=PRODUCT_CONTEXT('',#8782,'mechanical');
#8379=PRODUCT_CONTEXT('',#8783,'mechanical');
#8380=PRODUCT_CONTEXT('',#8784,'mechanical');
#8381=PRODUCT_CONTEXT('',#8785,'mechanical');
#8382=PRODUCT_CONTEXT('',#8786,'mechanical');
#8383=PRODUCT_CONTEXT('',#8787,'mechanical');
#8384=PRODUCT_CONTEXT('',#8788,'mechanical');
#8385=PRODUCT_CONTEXT('',#8789,'mechanical');
#8386=PRODUCT_CONTEXT('',#8790,'mechanical');
#8387=PRODUCT_CONTEXT('',#8791,'mechanical');
#8388=PRODUCT_CONTEXT('',#8792,'mechanical');
#8389=PRODUCT_CONTEXT('',#8793,'mechanical');
#8390=PRODUCT_CONTEXT('',#8794,'mechanical');
#8391=PRODUCT_CONTEXT('',#8795,'mechanical');
#8392=PRODUCT_CONTEXT('',#8796,'mechanical');
#8393=PRODUCT_CONTEXT('',#8797,'mechanical');
#8394=PRODUCT_CONTEXT('',#8798,'mechanical');
#8395=PRODUCT_CONTEXT('',#8799,'mechanical');
#8396=PRODUCT_CONTEXT('',#8800,'mechanical');
#8397=PRODUCT_CONTEXT('',#8801,'mechanical');
#8398=PRODUCT_CONTEXT('',#8802,'mechanical');
#8399=PRODUCT_CONTEXT('',#8803,'mechanical');
#8400=PRODUCT_CONTEXT('',#8804,'mechanical');
#8401=PRODUCT_CONTEXT('',#8805,'mechanical');
#8402=PRODUCT_CONTEXT('',#8806,'mechanical');
#8403=PRODUCT_CONTEXT('',#8807,'mechanical');
#8404=PRODUCT_CONTEXT('',#8808,'mechanical');
#8405=PRODUCT_CONTEXT('',#8809,'mechanical');
#8406=PRODUCT_CONTEXT('',#8810,'mechanical');
#8407=PRODUCT_CONTEXT('',#8811,'mechanical');
#8408=PRODUCT_CONTEXT('',#8812,'mechanical');
#8409=PRODUCT_CONTEXT('',#8813,'mechanical');
#8410=PRODUCT_CONTEXT('',#8814,'mechanical');
#8411=PRODUCT_CONTEXT('',#8815,'mechanical');
#8412=PRODUCT_CONTEXT('',#8816,'mechanical');
#8413=PRODUCT_CONTEXT('',#8817,'mechanical');
#8414=PRODUCT_CONTEXT('',#8818,'mechanical');
#8415=PRODUCT_CONTEXT('',#8819,'mechanical');
#8416=PRODUCT_CONTEXT('',#8820,'mechanical');
#8417=PRODUCT_CONTEXT('',#8821,'mechanical');
#8418=PRODUCT_CONTEXT('',#8822,'mechanical');
#8419=PRODUCT_CONTEXT('',#8823,'mechanical');
#8420=PRODUCT_CONTEXT('',#8824,'mechanical');
#8421=PRODUCT_CONTEXT('',#8825,'mechanical');
#8422=PRODUCT_CONTEXT('',#8826,'mechanical');
#8423=PRODUCT_CONTEXT('',#8827,'mechanical');
#8424=PRODUCT_CONTEXT('',#8828,'mechanical');
#8425=PRODUCT_CONTEXT('',#8829,'mechanical');
#8426=PRODUCT_CONTEXT('',#8830,'mechanical');
#8427=PRODUCT_CONTEXT('',#8831,'mechanical');
#8428=PRODUCT_CONTEXT('',#8832,'mechanical');
#8429=PRODUCT_CONTEXT('',#8833,'mechanical');
#8430=PRODUCT_CONTEXT('',#8834,'mechanical');
#8431=PRODUCT_CONTEXT('',#8835,'mechanical');
#8432=PRODUCT_CONTEXT('',#8836,'mechanical');
#8433=PRODUCT_CONTEXT('',#8837,'mechanical');
#8434=PRODUCT_CONTEXT('',#8838,'mechanical');
#8435=PRODUCT_CONTEXT('',#8839,'mechanical');
#8436=PRODUCT_CONTEXT('',#8840,'mechanical');
#8437=PRODUCT_CONTEXT('',#8841,'mechanical');
#8438=PRODUCT_CONTEXT('',#8842,'mechanical');
#8439=PRODUCT_CONTEXT('',#8843,'mechanical');
#8440=PRODUCT_CONTEXT('',#8844,'mechanical');
#8441=PRODUCT_CONTEXT('',#8845,'mechanical');
#8442=PRODUCT_CONTEXT('',#8846,'mechanical');
#8443=PRODUCT_CONTEXT('',#8847,'mechanical');
#8444=PRODUCT_CONTEXT('',#8848,'mechanical');
#8445=PRODUCT_CONTEXT('',#8849,'mechanical');
#8446=PRODUCT_CONTEXT('',#8850,'mechanical');
#8447=PRODUCT_CONTEXT('',#8851,'mechanical');
#8448=PRODUCT_CONTEXT('',#8852,'mechanical');
#8449=PRODUCT_CONTEXT('',#8853,'mechanical');
#8450=PRODUCT_CONTEXT('',#8854,'mechanical');
#8451=PRODUCT_CONTEXT('',#8855,'mechanical');
#8452=PRODUCT_CONTEXT('',#8856,'mechanical');
#8453=PRODUCT_CONTEXT('',#8857,'mechanical');
#8454=PRODUCT_CONTEXT('',#8858,'mechanical');
#8455=PRODUCT_CONTEXT('',#8859,'mechanical');
#8456=PRODUCT_CONTEXT('',#8860,'mechanical');
#8457=PRODUCT_CONTEXT('',#8861,'mechanical');
#8458=PRODUCT_CONTEXT('',#8862,'mechanical');
#8459=PRODUCT_CONTEXT('',#8863,'mechanical');
#8460=PRODUCT_CONTEXT('',#8864,'mechanical');
#8461=PRODUCT_CONTEXT('',#8865,'mechanical');
#8462=PRODUCT_CONTEXT('',#8866,'mechanical');
#8463=PRODUCT_CONTEXT('',#8867,'mechanical');
#8464=PRODUCT_CONTEXT('',#8868,'mechanical');
#8465=PRODUCT_CONTEXT('',#8869,'mechanical');
#8466=PRODUCT_CONTEXT('',#8870,'mechanical');
#8467=PRODUCT_CONTEXT('',#8871,'mechanical');
#8468=PRODUCT_CONTEXT('',#8872,'mechanical');
#8469=PRODUCT_CONTEXT('',#8873,'mechanical');
#8470=PRODUCT_CONTEXT('',#8874,'mechanical');
#8471=PRODUCT_CONTEXT('',#8875,'mechanical');
#8472=PRODUCT_CONTEXT('',#8876,'mechanical');
#8473=PRODUCT_CONTEXT('',#8877,'mechanical');
#8474=PRODUCT_CONTEXT('',#8878,'mechanical');
#8475=PRODUCT_CONTEXT('',#8879,'mechanical');
#8476=PRODUCT_CONTEXT('',#8880,'mechanical');
#8477=PRODUCT_CONTEXT('',#8881,'mechanical');
#8478=PRODUCT_CONTEXT('',#8882,'mechanical');
#8479=PRODUCT_CONTEXT('',#8883,'mechanical');
#8480=PRODUCT_CONTEXT('',#8884,'mechanical');
#8481=PRODUCT_CONTEXT('',#8885,'mechanical');
#8482=PRODUCT_CONTEXT('',#8886,'mechanical');
#8483=PRODUCT_CONTEXT('',#8887,'mechanical');
#8484=PRODUCT_CONTEXT('',#8888,'mechanical');
#8485=PRODUCT_CONTEXT('',#8889,'mechanical');
#8486=PRODUCT_CONTEXT('',#8890,'mechanical');
#8487=PRODUCT_CONTEXT('',#8891,'mechanical');
#8488=PRODUCT_CONTEXT('',#8892,'mechanical');
#8489=PRODUCT_CONTEXT('',#8893,'mechanical');
#8490=PRODUCT_CONTEXT('',#8894,'mechanical');
#8491=PRODUCT_CONTEXT('',#8895,'mechanical');
#8492=PRODUCT_CONTEXT('',#8896,'mechanical');
#8493=PRODUCT_CONTEXT('',#8897,'mechanical');
#8494=PRODUCT_CONTEXT('',#8898,'mechanical');
#8495=PRODUCT_CONTEXT('',#8899,'mechanical');
#8496=PRODUCT_CONTEXT('',#8900,'mechanical');
#8497=PRODUCT_CONTEXT('',#8901,'mechanical');
#8498=PRODUCT_CONTEXT('',#8902,'mechanical');
#8499=PRODUCT_CONTEXT('',#8903,'mechanical');
#8500=PRODUCT_CONTEXT('',#8904,'mechanical');
#8501=PRODUCT_CONTEXT('',#8905,'mechanical');
#8502=PRODUCT_CONTEXT('',#8906,'mechanical');
#8503=PRODUCT_CONTEXT('',#8907,'mechanical');
#8504=PRODUCT_CONTEXT('',#8908,'mechanical');
#8505=PRODUCT_CONTEXT('',#8909,'mechanical');
#8506=PRODUCT_CONTEXT('',#8910,'mechanical');
#8507=PRODUCT_CONTEXT('',#8911,'mechanical');
#8508=PRODUCT_CONTEXT('',#8912,'mechanical');
#8509=APPLICATION_PROTOCOL_DEFINITION('international standard','ap242_managed_model_based_3d_engineering',2020,#8711);
#8510=APPLICATION_PROTOCOL_DEFINITION('international standard','ap242_managed_model_based_3d_engineering',2020,#8712);
#8511=APPLICATION_PROTOCOL_DEFINITION('international standard','ap242_managed_model_based_3d_engineering',2020,#8713);
#8512=APPLICATION_PROTOCOL_DEFINITION('international standard','ap242_managed_model_based_3d_engineering',2020,#8714);
#8513=APPLICATION_PROTOCOL_DEFINITION('international standard','ap242_managed_model_based_3d_engineering',2020,#8715);
#8514=APPLICATION_PROTOCOL_DEFINITION('international standard','ap242_managed_model_based_3d_engineering',2020,#8716);
#8515=APPLICATION_PROTOCOL_DEFINITION('international standard','ap242_managed_model_based_3d_engineering',2020,#8717);
#8516=APPLICATION_PROTOCOL_DEFINITION('international standard','ap242_managed_model_based_3d_engineering',2020,#8718);
#8517=APPLICATION_PROTOCOL_DEFINITION('international standard','ap242_managed_model_based_3d_engineering',2020,#8719);
#8518=APPLICATION_PROTOCOL_DEFINITION('international standard','ap242_managed_model_based_3d_engineering',2020,#8720);
#8519=APPLICATION_PROTOCOL_DEFINITION('international standard','ap242_managed_model_based_3d_engineering',2020,#8721);
#8520=APPLICATION_PROTOCOL_DEFINITION('international standard','ap242_managed_model_based_3d_engineering',2020,#8722);
#8521=APPLICATION_PROTOCOL_DEFINITION('international standard','ap242_managed_model_based_3d_engineering',2020,#8723);
#8522=APPLICATION_PROTOCOL_DEFINITION('international standard','ap242_managed_model_based_3d_engineering',2020,#8724);
#8523=APPLICATION_PROTOCOL_DEFINITION('international standard','ap242_managed_model_based_3d_engineering',2020,#8725);
#8524=APPLICATION_PROTOCOL_DEFINITION('international standard','ap242_managed_model_based_3d_engineering',2020,#8726);
#8525=APPLICATION_PROTOCOL_DEFINITION('international standard','ap242_managed_model_based_3d_engineering',2020,#8727);
#8526=APPLICATION_PROTOCOL_DEFINITION('international standard','ap242_managed_model_based_3d_engineering',2020,#8728);
#8527=APPLICATION_PROTOCOL_DEFINITION('international standard','ap242_managed_model_based_3d_engineering',2020,#8729);
#8528=APPLICATION_PROTOCOL_DEFINITION('international standard','ap242_managed_model_based_3d_engineering',2020,#8730);
#8529=APPLICATION_PROTOCOL_DEFINITION('international standard','ap242_managed_model_based_3d_engineering',2020,#8731);
#8530=APPLICATION_PROTOCOL_DEFINITION('international standard','ap242_managed_model_based_3d_engineering',2020,#8732);
#8531=APPLICATION_PROTOCOL_DEFINITION('international standard','ap242_managed_model_based_3d_engineering',2020,#8733);
#8532=APPLICATION_PROTOCOL_DEFINITION('international standard','ap242_managed_model_based_3d_engineering',2020,#8734);
#8533=APPLICATION_PROTOCOL_DEFINITION('international standard','ap242_managed_model_based_3d_engineering',2020,#8735);
#8534=APPLICATION_PROTOCOL_DEFINITION('international standard','ap242_managed_model_based_3d_engineering',2020,#8736);
#8535=APPLICATION_PROTOCOL_DEFINITION('international standard','ap242_managed_model_based_3d_engineering',2020,#8737);
#8536=APPLICATION_PROTOCOL_DEFINITION('international standard','ap242_managed_model_based_3d_engineering',2020,#8738);
#8537=APPLICATION_PROTOCOL_DEFINITION('international standard','ap242_managed_model_based_3d_engineering',2020,#8739);
#8538=APPLICATION_PROTOCOL_DEFINITION('international standard','ap242_managed_model_based_3d_engineering',2020,#8740);
#8539=APPLICATION_PROTOCOL_DEFINITION('international standard','ap242_managed_model_based_3d_engineering',2020,#8741);
#8540=APPLICATION_PROTOCOL_DEFINITION('international standard','ap242_managed_model_based_3d_engineering',2020,#8742);
#8541=APPLICATION_PROTOCOL_DEFINITION('international standard','ap242_managed_model_based_3d_engineering',2020,#8743);
#8542=APPLICATION_PROTOCOL_DEFINITION('international standard','ap242_managed_model_based_3d_engineering',2020,#8744);
#8543=APPLICATION_PROTOCOL_DEFINITION('international standard','ap242_managed_model_based_3d_engineering',2020,#8745);
#8544=APPLICATION_PROTOCOL_DEFINITION('international standard','ap242_managed_model_based_3d_engineering',2020,#8746);
#8545=APPLICATION_PROTOCOL_DEFINITION('international standard','ap242_managed_model_based_3d_engineering',2020,#8747);
#8546=APPLICATION_PROTOCOL_DEFINITION('international standard','ap242_managed_model_based_3d_engineering',2020,#8748);
#8547=APPLICATION_PROTOCOL_DEFINITION('international standard','ap242_managed_model_based_3d_engineering',2020,#8749);
#8548=APPLICATION_PROTOCOL_DEFINITION('international standard','ap242_managed_model_based_3d_engineering',2020,#8750);
#8549=APPLICATION_PROTOCOL_DEFINITION('international standard','ap242_managed_model_based_3d_engineering',2020,#8751);
#8550=APPLICATION_PROTOCOL_DEFINITION('international standard','ap242_managed_model_based_3d_engineering',2020,#8752);
#8551=APPLICATION_PROTOCOL_DEFINITION('international standard','ap242_managed_model_based_3d_engineering',2020,#8753);
#8552=APPLICATION_PROTOCOL_DEFINITION('international standard','ap242_managed_model_based_3d_engineering',2020,#8754);
#8553=APPLICATION_PROTOCOL_DEFINITION('international standard','ap242_managed_model_based_3d_engineering',2020,#8755);
#8554=APPLICATION_PROTOCOL_DEFINITION('international standard','ap242_managed_model_based_3d_engineering',2020,#8756);
#8555=APPLICATION_PROTOCOL_DEFINITION('international standard','ap242_managed_model_based_3d_engineering',2020,#8757);
#8556=APPLICATION_PROTOCOL_DEFINITION('international standard','ap242_managed_model_based_3d_engineering',2020,#8758);
#8557=APPLICATION_PROTOCOL_DEFINITION('international standard','ap242_managed_model_based_3d_engineering',2020,#8759);
#8558=APPLICATION_PROTOCOL_DEFINITION('international standard','ap242_managed_model_based_3d_engineering',2020,#8760);
#8559=APPLICATION_PROTOCOL_DEFINITION('international standard','ap242_managed_model_based_3d_engineering',2020,#8761);
#8560=APPLICATION_PROTOCOL_DEFINITION('international standard','ap242_managed_model_based_3d_engineering',2020,#8762);
#8561=APPLICATION_PROTOCOL_DEFINITION('international standard','ap242_managed_model_based_3d_engineering',2020,#8763);
#8562=APPLICATION_PROTOCOL_DEFINITION('international standard','ap242_managed_model_based_3d_engineering',2020,#8764);
#8563=APPLICATION_PROTOCOL_DEFINITION('international standard','ap242_managed_model_based_3d_engineering',2020,#8765);
#8564=APPLICATION_PROTOCOL_DEFINITION('international standard','ap242_managed_model_based_3d_engineering',2020,#8766);
#8565=APPLICATION_PROTOCOL_DEFINITION('international standard','ap242_managed_model_based_3d_engineering',2020,#8767);
#8566=APPLICATION_PROTOCOL_DEFINITION('international standard','ap242_managed_model_based_3d_engineering',2020,#8768);
#8567=APPLICATION_PROTOCOL_DEFINITION('international standard','ap242_managed_model_based_3d_engineering',2020,#8769);
#8568=APPLICATION_PROTOCOL_DEFINITION('international standard','ap242_managed_model_based_3d_engineering',2020,#8770);
#8569=APPLICATION_PROTOCOL_DEFINITION('international standard','ap242_managed_model_based_3d_engineering',2020,#8771);
#8570=APPLICATION_PROTOCOL_DEFINITION('international standard','ap242_managed_model_based_3d_engineering',2020,#8772);
#8571=APPLICATION_PROTOCOL_DEFINITION('international standard','ap242_managed_model_based_3d_engineering',2020,#8773);
#8572=APPLICATION_PROTOCOL_DEFINITION('international standard','ap242_managed_model_based_3d_engineering',2020,#8774);
#8573=APPLICATION_PROTOCOL_DEFINITION('international standard','ap242_managed_model_based_3d_engineering',2020,#8775);
#8574=APPLICATION_PROTOCOL_DEFINITION('international standard','ap242_managed_model_based_3d_engineering',2020,#8776);
#8575=APPLICATION_PROTOCOL_DEFINITION('international standard','ap242_managed_model_based_3d_engineering',2020,#8777);
#8576=APPLICATION_PROTOCOL_DEFINITION('international standard','ap242_managed_model_based_3d_engineering',2020,#8778);
#8577=APPLICATION_PROTOCOL_DEFINITION('international standard','ap242_managed_model_based_3d_engineering',2020,#8779);
#8578=APPLICATION_PROTOCOL_DEFINITION('international standard','ap242_managed_model_based_3d_engineering',2020,#8780);
#8579=APPLICATION_PROTOCOL_DEFINITION('international standard','ap242_managed_model_based_3d_engineering',2020,#8781);
#8580=APPLICATION_PROTOCOL_DEFINITION('international standard','ap242_managed_model_based_3d_engineering',2020,#8782);
#8581=APPLICATION_PROTOCOL_DEFINITION('international standard','ap242_managed_model_based_3d_engineering',2020,#8783);
#8582=APPLICATION_PROTOCOL_DEFINITION('international standard','ap242_managed_model_based_3d_engineering',2020,#8784);
#8583=APPLICATION_PROTOCOL_DEFINITION('international standard','ap242_managed_model_based_3d_engineering',2020,#8785);
#8584=APPLICATION_PROTOCOL_DEFINITION('international standard','ap242_managed_model_based_3d_engineering',2020,#8786);
#8585=APPLICATION_PROTOCOL_DEFINITION('international standard','ap242_managed_model_based_3d_engineering',2020,#8787);
#8586=APPLICATION_PROTOCOL_DEFINITION('international standard','ap242_managed_model_based_3d_engineering',2020,#8788);
#8587=APPLICATION_PROTOCOL_DEFINITION('international standard','ap242_managed_model_based_3d_engineering',2020,#8789);
#8588=APPLICATION_PROTOCOL_DEFINITION('international standard','ap242_managed_model_based_3d_engineering',2020,#8790);
#8589=APPLICATION_PROTOCOL_DEFINITION('international standard','ap242_managed_model_based_3d_engineering',2020,#8791);
#8590=APPLICATION_PROTOCOL_DEFINITION('international standard','ap242_managed_model_based_3d_engineering',2020,#8792);
#8591=APPLICATION_PROTOCOL_DEFINITION('international standard','ap242_managed_model_based_3d_engineering',2020,#8793);
#8592=APPLICATION_PROTOCOL_DEFINITION('international standard','ap242_managed_model_based_3d_engineering',2020,#8794);
#8593=APPLICATION_PROTOCOL_DEFINITION('international standard','ap242_managed_model_based_3d_engineering',2020,#8795);
#8594=APPLICATION_PROTOCOL_DEFINITION('international standard','ap242_managed_model_based_3d_engineering',2020,#8796);
#8595=APPLICATION_PROTOCOL_DEFINITION('international standard','ap242_managed_model_based_3d_engineering',2020,#8797);
#8596=APPLICATION_PROTOCOL_DEFINITION('international standard','ap242_managed_model_based_3d_engineering',2020,#8798);
#8597=APPLICATION_PROTOCOL_DEFINITION('international standard','ap242_managed_model_based_3d_engineering',2020,#8799);
#8598=APPLICATION_PROTOCOL_DEFINITION('international standard','ap242_managed_model_based_3d_engineering',2020,#8800);
#8599=APPLICATION_PROTOCOL_DEFINITION('international standard','ap242_managed_model_based_3d_engineering',2020,#8801);
#8600=APPLICATION_PROTOCOL_DEFINITION('international standard','ap242_managed_model_based_3d_engineering',2020,#8802);
#8601=APPLICATION_PROTOCOL_DEFINITION('international standard','ap242_managed_model_based_3d_engineering',2020,#8803);
#8602=APPLICATION_PROTOCOL_DEFINITION('international standard','ap242_managed_model_based_3d_engineering',2020,#8804);
#8603=APPLICATION_PROTOCOL_DEFINITION('international standard','ap242_managed_model_based_3d_engineering',2020,#8805);
#8604=APPLICATION_PROTOCOL_DEFINITION('international standard','ap242_managed_model_based_3d_engineering',2020,#8806);
#8605=APPLICATION_PROTOCOL_DEFINITION('international standard','ap242_managed_model_based_3d_engineering',2020,#8807);
#8606=APPLICATION_PROTOCOL_DEFINITION('international standard','ap242_managed_model_based_3d_engineering',2020,#8808);
#8607=APPLICATION_PROTOCOL_DEFINITION('international standard','ap242_managed_model_based_3d_engineering',2020,#8809);
#8608=APPLICATION_PROTOCOL_DEFINITION('international standard','ap242_managed_model_based_3d_engineering',2020,#8810);
#8609=APPLICATION_PROTOCOL_DEFINITION('international standard','ap242_managed_model_based_3d_engineering',2020,#8811);
#8610=APPLICATION_PROTOCOL_DEFINITION('international standard','ap242_managed_model_based_3d_engineering',2020,#8812);
#8611=APPLICATION_PROTOCOL_DEFINITION('international standard','ap242_managed_model_based_3d_engineering',2020,#8813);
#8612=APPLICATION_PROTOCOL_DEFINITION('international standard','ap242_managed_model_based_3d_engineering',2020,#8814);
#8613=APPLICATION_PROTOCOL_DEFINITION('international standard','ap242_managed_model_based_3d_engineering',2020,#8815);
#8614=APPLICATION_PROTOCOL_DEFINITION('international standard','ap242_managed_model_based_3d_engineering',2020,#8816);
#8615=APPLICATION_PROTOCOL_DEFINITION('international standard','ap242_managed_model_based_3d_engineering',2020,#8817);
#8616=APPLICATION_PROTOCOL_DEFINITION('international standard','ap242_managed_model_based_3d_engineering',2020,#8818);
#8617=APPLICATION_PROTOCOL_DEFINITION('international standard','ap242_managed_model_based_3d_engineering',2020,#8819);
#8618=APPLICATION_PROTOCOL_DEFINITION('international standard','ap242_managed_model_based_3d_engineering',2020,#8820);
#8619=APPLICATION_PROTOCOL_DEFINITION('international standard','ap242_managed_model_based_3d_engineering',2020,#8821);
#8620=APPLICATION_PROTOCOL_DEFINITION('international standard','ap242_managed_model_based_3d_engineering',2020,#8822);
#8621=APPLICATION_PROTOCOL_DEFINITION('international standard','ap242_managed_model_based_3d_engineering',2020,#8823);
#8622=APPLICATION_PROTOCOL_DEFINITION('international standard','ap242_managed_model_based_3d_engineering',2020,#8824);
#8623=APPLICATION_PROTOCOL_DEFINITION('international standard','ap242_managed_model_based_3d_engineering',2020,#8825);
#8624=APPLICATION_PROTOCOL_DEFINITION('international standard','ap242_managed_model_based_3d_engineering',2020,#8826);
#8625=APPLICATION_PROTOCOL_DEFINITION('international standard','ap242_managed_model_based_3d_engineering',2020,#8827);
#8626=APPLICATION_PROTOCOL_DEFINITION('international standard','ap242_managed_model_based_3d_engineering',2020,#8828);
#8627=APPLICATION_PROTOCOL_DEFINITION('international standard','ap242_managed_model_based_3d_engineering',2020,#8829);
#8628=APPLICATION_PROTOCOL_DEFINITION('international standard','ap242_managed_model_based_3d_engineering',2020,#8830);
#8629=APPLICATION_PROTOCOL_DEFINITION('international standard','ap242_managed_model_based_3d_engineering',2020,#8831);
#8630=APPLICATION_PROTOCOL_DEFINITION('international standard','ap242_managed_model_based_3d_engineering',2020,#8832);
#8631=APPLICATION_PROTOCOL_DEFINITION('international standard','ap242_managed_model_based_3d_engineering',2020,#8833);
#8632=APPLICATION_PROTOCOL_DEFINITION('international standard','ap242_managed_model_based_3d_engineering',2020,#8834);
#8633=APPLICATION_PROTOCOL_DEFINITION('international standard','ap242_managed_model_based_3d_engineering',2020,#8835);
#8634=APPLICATION_PROTOCOL_DEFINITION('international standard','ap242_managed_model_based_3d_engineering',2020,#8836);
#8635=APPLICATION_PROTOCOL_DEFINITION('international standard','ap242_managed_model_based_3d_engineering',2020,#8837);
#8636=APPLICATION_PROTOCOL_DEFINITION('international standard','ap242_managed_model_based_3d_engineering',2020,#8838);
#8637=APPLICATION_PROTOCOL_DEFINITION('international standard','ap242_managed_model_based_3d_engineering',2020,#8839);
#8638=APPLICATION_PROTOCOL_DEFINITION('international standard','ap242_managed_model_based_3d_engineering',2020,#8840);
#8639=APPLICATION_PROTOCOL_DEFINITION('international standard','ap242_managed_model_based_3d_engineering',2020,#8841);
#8640=APPLICATION_PROTOCOL_DEFINITION('international standard','ap242_managed_model_based_3d_engineering',2020,#8842);
#8641=APPLICATION_PROTOCOL_DEFINITION('international standard','ap242_managed_model_based_3d_engineering',2020,#8843);
#8642=APPLICATION_PROTOCOL_DEFINITION('international standard','ap242_managed_model_based_3d_engineering',2020,#8844);
#8643=APPLICATION_PROTOCOL_DEFINITION('international standard','ap242_managed_model_based_3d_engineering',2020,#8845);
#8644=APPLICATION_PROTOCOL_DEFINITION('international standard','ap242_managed_model_based_3d_engineering',2020,#8846);
#8645=APPLICATION_PROTOCOL_DEFINITION('international standard','ap242_managed_model_based_3d_engineering',2020,#8847);
#8646=APPLICATION_PROTOCOL_DEFINITION('international standard','ap242_managed_model_based_3d_engineering',2020,#8848);
#8647=APPLICATION_PROTOCOL_DEFINITION('international standard','ap242_managed_model_based_3d_engineering',2020,#8849);
#8648=APPLICATION_PROTOCOL_DEFINITION('international standard','ap242_managed_model_based_3d_engineering',2020,#8850);
#8649=APPLICATION_PROTOCOL_DEFINITION('international standard','ap242_managed_model_based_3d_engineering',2020,#8851);
#8650=APPLICATION_PROTOCOL_DEFINITION('international standard','ap242_managed_model_based_3d_engineering',2020,#8852);
#8651=APPLICATION_PROTOCOL_DEFINITION('international standard','ap242_managed_model_based_3d_engineering',2020,#8853);
#8652=APPLICATION_PROTOCOL_DEFINITION('international standard','ap242_managed_model_based_3d_engineering',2020,#8854);
#8653=APPLICATION_PROTOCOL_DEFINITION('international standard','ap242_managed_model_based_3d_engineering',2020,#8855);
#8654=APPLICATION_PROTOCOL_DEFINITION('international standard','ap242_managed_model_based_3d_engineering',2020,#8856);
#8655=APPLICATION_PROTOCOL_DEFINITION('international standard','ap242_managed_model_based_3d_engineering',2020,#8857);
#8656=APPLICATION_PROTOCOL_DEFINITION('international standard','ap242_managed_model_based_3d_engineering',2020,#8858);
#8657=APPLICATION_PROTOCOL_DEFINITION('international standard','ap242_managed_model_based_3d_engineering',2020,#8859);
#8658=APPLICATION_PROTOCOL_DEFINITION('international standard','ap242_managed_model_based_3d_engineering',2020,#8860);
#8659=APPLICATION_PROTOCOL_DEFINITION('international standard','ap242_managed_model_based_3d_engineering',2020,#8861);
#8660=APPLICATION_PROTOCOL_DEFINITION('international standard','ap242_managed_model_based_3d_engineering',2020,#8862);
#8661=APPLICATION_PROTOCOL_DEFINITION('international standard','ap242_managed_model_based_3d_engineering',2020,#8863);
#8662=APPLICATION_PROTOCOL_DEFINITION('international standard','ap242_managed_model_based_3d_engineering',2020,#8864);
#8663=APPLICATION_PROTOCOL_DEFINITION('international standard','ap242_managed_model_based_3d_engineering',2020,#8865);
#8664=APPLICATION_PROTOCOL_DEFINITION('international standard','ap242_managed_model_based_3d_engineering',2020,#8866);
#8665=APPLICATION_PROTOCOL_DEFINITION('international standard','ap242_managed_model_based_3d_engineering',2020,#8867);
#8666=APPLICATION_PROTOCOL_DEFINITION('international standard','ap242_managed_model_based_3d_engineering',2020,#8868);
#8667=APPLICATION_PROTOCOL_DEFINITION('international standard','ap242_managed_model_based_3d_engineering',2020,#8869);
#8668=APPLICATION_PROTOCOL_DEFINITION('international standard','ap242_managed_model_based_3d_engineering',2020,#8870);
#8669=APPLICATION_PROTOCOL_DEFINITION('international standard','ap242_managed_model_based_3d_engineering',2020,#8871);
#8670=APPLICATION_PROTOCOL_DEFINITION('international standard','ap242_managed_model_based_3d_engineering',2020,#8872);
#8671=APPLICATION_PROTOCOL_DEFINITION('international standard','ap242_managed_model_based_3d_engineering',2020,#8873);
#8672=APPLICATION_PROTOCOL_DEFINITION('international standard','ap242_managed_model_based_3d_engineering',2020,#8874);
#8673=APPLICATION_PROTOCOL_DEFINITION('international standard','ap242_managed_model_based_3d_engineering',2020,#8875);
#8674=APPLICATION_PROTOCOL_DEFINITION('international standard','ap242_managed_model_based_3d_engineering',2020,#8876);
#8675=APPLICATION_PROTOCOL_DEFINITION('international standard','ap242_managed_model_based_3d_engineering',2020,#8877);
#8676=APPLICATION_PROTOCOL_DEFINITION('international standard','ap242_managed_model_based_3d_engineering',2020,#8878);
#8677=APPLICATION_PROTOCOL_DEFINITION('international standard','ap242_managed_model_based_3d_engineering',2020,#8879);
#8678=APPLICATION_PROTOCOL_DEFINITION('international standard','ap242_managed_model_based_3d_engineering',2020,#8880);
#8679=APPLICATION_PROTOCOL_DEFINITION('international standard','ap242_managed_model_based_3d_engineering',2020,#8881);
#8680=APPLICATION_PROTOCOL_DEFINITION('international standard','ap242_managed_model_based_3d_engineering',2020,#8882);
#8681=APPLICATION_PROTOCOL_DEFINITION('international standard','ap242_managed_model_based_3d_engineering',2020,#8883);
#8682=APPLICATION_PROTOCOL_DEFINITION('international standard','ap242_managed_model_based_3d_engineering',2020,#8884);
#8683=APPLICATION_PROTOCOL_DEFINITION('international standard','ap242_managed_model_based_3d_engineering',2020,#8885);
#8684=APPLICATION_PROTOCOL_DEFINITION('international standard','ap242_managed_model_based_3d_engineering',2020,#8886);
#8685=APPLICATION_PROTOCOL_DEFINITION('international standard','ap242_managed_model_based_3d_engineering',2020,#8887);
#8686=APPLICATION_PROTOCOL_DEFINITION('international standard','ap242_managed_model_based_3d_engineering',2020,#8888);
#8687=APPLICATION_PROTOCOL_DEFINITION('international standard','ap242_managed_model_based_3d_engineering',2020,#8889);
#8688=APPLICATION_PROTOCOL_DEFINITION('international standard','ap242_managed_model_based_3d_engineering',2020,#8890);
#8689=APPLICATION_PROTOCOL_DEFINITION('international standard','ap242_managed_model_based_3d_engineering',2020,#8891);
#8690=APPLICATION_PROTOCOL_DEFINITION('international standard','ap242_managed_model_based_3d_engineering',2020,#8892);
#8691=APPLICATION_PROTOCOL_DEFINITION('international standard','ap242_managed_model_based_3d_engineering',2020,#8893);
#8692=APPLICATION_PROTOCOL_DEFINITION('international standard','ap242_managed_model_based_3d_engineering',2020,#8894);
#8693=APPLICATION_PROTOCOL_DEFINITION('international standard','ap242_managed_model_based_3d_engineering',2020,#8895);
#8694=APPLICATION_PROTOCOL_DEFINITION('international standard','ap242_managed_model_based_3d_engineering',2020,#8896);
#8695=APPLICATION_PROTOCOL_DEFINITION('international standard','ap242_managed_model_based_3d_engineering',2020,#8897);
#8696=APPLICATION_PROTOCOL_DEFINITION('international standard','ap242_managed_model_based_3d_engineering',2020,#8898);
#8697=APPLICATION_PROTOCOL_DEFINITION('international standard','ap242_managed_model_based_3d_engineering',2020,#8899);
#8698=APPLICATION_PROTOCOL_DEFINITION('international standard','ap242_managed_model_based_3d_engineering',2020,#8900);
#8699=APPLICATION_PROTOCOL_DEFINITION('international standard','ap242_managed_model_based_3d_engineering',2020,#8901);
#8700=APPLICATION_PROTOCOL_DEFINITION('international standard','ap242_managed_model_based_3d_engineering',2020,#8902);
#8701=APPLICATION_PROTOCOL_DEFINITION('international standard','ap242_managed_model_based_3d_engineering',2020,#8903);
#8702=APPLICATION_PROTOCOL_DEFINITION('international standard','ap242_managed_model_based_3d_engineering',2020,#8904);
#8703=APPLICATION_PROTOCOL_DEFINITION('international standard','ap242_managed_model_based_3d_engineering',2020,#8905);
#8704=APPLICATION_PROTOCOL_DEFINITION('international standard','ap242_managed_model_based_3d_engineering',2020,#8906);
#8705=APPLICATION_PROTOCOL_DEFINITION('international standard','ap242_managed_model_based_3d_engineering',2020,#8907);
#8706=APPLICATION_PROTOCOL_DEFINITION('international standard','ap242_managed_model_based_3d_engineering',2020,#8908);
#8707=APPLICATION_PROTOCOL_DEFINITION('international standard','ap242_managed_model_based_3d_engineering',2020,#8909);
#8708=APPLICATION_PROTOCOL_DEFINITION('international standard','ap242_managed_model_based_3d_engineering',2020,#8910);
#8709=APPLICATION_PROTOCOL_DEFINITION('international standard','ap242_managed_model_based_3d_engineering',2020,#8911);
#8710=APPLICATION_PROTOCOL_DEFINITION('international standard','ap242_managed_model_based_3d_engineering',2020,#8912);
#8711=APPLICATION_CONTEXT('managed model based 3d engineering');
#8712=APPLICATION_CONTEXT('managed model based 3d engineering');
#8713=APPLICATION_CONTEXT('managed model based 3d engineering');
#8714=APPLICATION_CONTEXT('managed model based 3d engineering');
#8715=APPLICATION_CONTEXT('managed model based 3d engineering');
#8716=APPLICATION_CONTEXT('managed model based 3d engineering');
#8717=APPLICATION_CONTEXT('managed model based 3d engineering');
#8718=APPLICATION_CONTEXT('managed model based 3d engineering');
#8719=APPLICATION_CONTEXT('managed model based 3d engineering');
#8720=APPLICATION_CONTEXT('managed model based 3d engineering');
#8721=APPLICATION_CONTEXT('managed model based 3d engineering');
#8722=APPLICATION_CONTEXT('managed model based 3d engineering');
#8723=APPLICATION_CONTEXT('managed model based 3d engineering');
#8724=APPLICATION_CONTEXT('managed model based 3d engineering');
#8725=APPLICATION_CONTEXT('managed model based 3d engineering');
#8726=APPLICATION_CONTEXT('managed model based 3d engineering');
#8727=APPLICATION_CONTEXT('managed model based 3d engineering');
#8728=APPLICATION_CONTEXT('managed model based 3d engineering');
#8729=APPLICATION_CONTEXT('managed model based 3d engineering');
#8730=APPLICATION_CONTEXT('managed model based 3d engineering');
#8731=APPLICATION_CONTEXT('managed model based 3d engineering');
#8732=APPLICATION_CONTEXT('managed model based 3d engineering');
#8733=APPLICATION_CONTEXT('managed model based 3d engineering');
#8734=APPLICATION_CONTEXT('managed model based 3d engineering');
#8735=APPLICATION_CONTEXT('managed model based 3d engineering');
#8736=APPLICATION_CONTEXT('managed model based 3d engineering');
#8737=APPLICATION_CONTEXT('managed model based 3d engineering');
#8738=APPLICATION_CONTEXT('managed model based 3d engineering');
#8739=APPLICATION_CONTEXT('managed model based 3d engineering');
#8740=APPLICATION_CONTEXT('managed model based 3d engineering');
#8741=APPLICATION_CONTEXT('managed model based 3d engineering');
#8742=APPLICATION_CONTEXT('managed model based 3d engineering');
#8743=APPLICATION_CONTEXT('managed model based 3d engineering');
#8744=APPLICATION_CONTEXT('managed model based 3d engineering');
#8745=APPLICATION_CONTEXT('managed model based 3d engineering');
#8746=APPLICATION_CONTEXT('managed model based 3d engineering');
#8747=APPLICATION_CONTEXT('managed model based 3d engineering');
#8748=APPLICATION_CONTEXT('managed model based 3d engineering');
#8749=APPLICATION_CONTEXT('managed model based 3d engineering');
#8750=APPLICATION_CONTEXT('managed model based 3d engineering');
#8751=APPLICATION_CONTEXT('managed model based 3d engineering');
#8752=APPLICATION_CONTEXT('managed model based 3d engineering');
#8753=APPLICATION_CONTEXT('managed model based 3d engineering');
#8754=APPLICATION_CONTEXT('managed model based 3d engineering');
#8755=APPLICATION_CONTEXT('managed model based 3d engineering');
#8756=APPLICATION_CONTEXT('managed model based 3d engineering');
#8757=APPLICATION_CONTEXT('managed model based 3d engineering');
#8758=APPLICATION_CONTEXT('managed model based 3d engineering');
#8759=APPLICATION_CONTEXT('managed model based 3d engineering');
#8760=APPLICATION_CONTEXT('managed model based 3d engineering');
#8761=APPLICATION_CONTEXT('managed model based 3d engineering');
#8762=APPLICATION_CONTEXT('managed model based 3d engineering');
#8763=APPLICATION_CONTEXT('managed model based 3d engineering');
#8764=APPLICATION_CONTEXT('managed model based 3d engineering');
#8765=APPLICATION_CONTEXT('managed model based 3d engineering');
#8766=APPLICATION_CONTEXT('managed model based 3d engineering');
#8767=APPLICATION_CONTEXT('managed model based 3d engineering');
#8768=APPLICATION_CONTEXT('managed model based 3d engineering');
#8769=APPLICATION_CONTEXT('managed model based 3d engineering');
#8770=APPLICATION_CONTEXT('managed model based 3d engineering');
#8771=APPLICATION_CONTEXT('managed model based 3d engineering');
#8772=APPLICATION_CONTEXT('managed model based 3d engineering');
#8773=APPLICATION_CONTEXT('managed model based 3d engineering');
#8774=APPLICATION_CONTEXT('managed model based 3d engineering');
#8775=APPLICATION_CONTEXT('managed model based 3d engineering');
#8776=APPLICATION_CONTEXT('managed model based 3d engineering');
#8777=APPLICATION_CONTEXT('managed model based 3d engineering');
#8778=APPLICATION_CONTEXT('managed model based 3d engineering');
#8779=APPLICATION_CONTEXT('managed model based 3d engineering');
#8780=APPLICATION_CONTEXT('managed model based 3d engineering');
#8781=APPLICATION_CONTEXT('managed model based 3d engineering');
#8782=APPLICATION_CONTEXT('managed model based 3d engineering');
#8783=APPLICATION_CONTEXT('managed model based 3d engineering');
#8784=APPLICATION_CONTEXT('managed model based 3d engineering');
#8785=APPLICATION_CONTEXT('managed model based 3d engineering');
#8786=APPLICATION_CONTEXT('managed model based 3d engineering');
#8787=APPLICATION_CONTEXT('managed model based 3d engineering');
#8788=APPLICATION_CONTEXT('managed model based 3d engineering');
#8789=APPLICATION_CONTEXT('managed model based 3d engineering');
#8790=APPLICATION_CONTEXT('managed model based 3d engineering');
#8791=APPLICATION_CONTEXT('managed model based 3d engineering');
#8792=APPLICATION_CONTEXT('managed model based 3d engineering');
#8793=APPLICATION_CONTEXT('managed model based 3d engineering');
#8794=APPLICATION_CONTEXT('managed model based 3d engineering');
#8795=APPLICATION_CONTEXT('managed model based 3d engineering');
#8796=APPLICATION_CONTEXT('managed model based 3d engineering');
#8797=APPLICATION_CONTEXT('managed model based 3d engineering');
#8798=APPLICATION_CONTEXT('managed model based 3d engineering');
#8799=APPLICATION_CONTEXT('managed model based 3d engineering');
#8800=APPLICATION_CONTEXT('managed model based 3d engineering');
#8801=APPLICATION_CONTEXT('managed model based 3d engineering');
#8802=APPLICATION_CONTEXT('managed model based 3d engineering');
#8803=APPLICATION_CONTEXT('managed model based 3d engineering');
#8804=APPLICATION_CONTEXT('managed model based 3d engineering');
#8805=APPLICATION_CONTEXT('managed model based 3d engineering');
#8806=APPLICATION_CONTEXT('managed model based 3d engineering');
#8807=APPLICATION_CONTEXT('managed model based 3d engineering');
#8808=APPLICATION_CONTEXT('managed model based 3d engineering');
#8809=APPLICATION_CONTEXT('managed model based 3d engineering');
#8810=APPLICATION_CONTEXT('managed model based 3d engineering');
#8811=APPLICATION_CONTEXT('managed model based 3d engineering');
#8812=APPLICATION_CONTEXT('managed model based 3d engineering');
#8813=APPLICATION_CONTEXT('managed model based 3d engineering');
#8814=APPLICATION_CONTEXT('managed model based 3d engineering');
#8815=APPLICATION_CONTEXT('managed model based 3d engineering');
#8816=APPLICATION_CONTEXT('managed model based 3d engineering');
#8817=APPLICATION_CONTEXT('managed model based 3d engineering');
#8818=APPLICATION_CONTEXT('managed model based 3d engineering');
#8819=APPLICATION_CONTEXT('managed model based 3d engineering');
#8820=APPLICATION_CONTEXT('managed model based 3d engineering');
#8821=APPLICATION_CONTEXT('managed model based 3d engineering');
#8822=APPLICATION_CONTEXT('managed model based 3d engineering');
#8823=APPLICATION_CONTEXT('managed model based 3d engineering');
#8824=APPLICATION_CONTEXT('managed model based 3d engineering');
#8825=APPLICATION_CONTEXT('managed model based 3d engineering');
#8826=APPLICATION_CONTEXT('managed model based 3d engineering');
#8827=APPLICATION_CONTEXT('managed model based 3d engineering');
#8828=APPLICATION_CONTEXT('managed model based 3d engineering');
#8829=APPLICATION_CONTEXT('managed model based 3d engineering');
#8830=APPLICATION_CONTEXT('managed model based 3d engineering');
#8831=APPLICATION_CONTEXT('managed model based 3d engineering');
#8832=APPLICATION_CONTEXT('managed model based 3d engineering');
#8833=APPLICATION_CONTEXT('managed model based 3d engineering');
#8834=APPLICATION_CONTEXT('managed model based 3d engineering');
#8835=APPLICATION_CONTEXT('managed model based 3d engineering');
#8836=APPLICATION_CONTEXT('managed model based 3d engineering');
#8837=APPLICATION_CONTEXT('managed model based 3d engineering');
#8838=APPLICATION_CONTEXT('managed model based 3d engineering');
#8839=APPLICATION_CONTEXT('managed model based 3d engineering');
#8840=APPLICATION_CONTEXT('managed model based 3d engineering');
#8841=APPLICATION_CONTEXT('managed model based 3d engineering');
#8842=APPLICATION_CONTEXT('managed model based 3d engineering');
#8843=APPLICATION_CONTEXT('managed model based 3d engineering');
#8844=APPLICATION_CONTEXT('managed model based 3d engineering');
#8845=APPLICATION_CONTEXT('managed model based 3d engineering');
#8846=APPLICATION_CONTEXT('managed model based 3d engineering');
#8847=APPLICATION_CONTEXT('managed model based 3d engineering');
#8848=APPLICATION_CONTEXT('managed model based 3d engineering');
#8849=APPLICATION_CONTEXT('managed model based 3d engineering');
#8850=APPLICATION_CONTEXT('managed model based 3d engineering');
#8851=APPLICATION_CONTEXT('managed model based 3d engineering');
#8852=APPLICATION_CONTEXT('managed model based 3d engineering');
#8853=APPLICATION_CONTEXT('managed model based 3d engineering');
#8854=APPLICATION_CONTEXT('managed model based 3d engineering');
#8855=APPLICATION_CONTEXT('managed model based 3d engineering');
#8856=APPLICATION_CONTEXT('managed model based 3d engineering');
#8857=APPLICATION_CONTEXT('managed model based 3d engineering');
#8858=APPLICATION_CONTEXT('managed model based 3d engineering');
#8859=APPLICATION_CONTEXT('managed model based 3d engineering');
#8860=APPLICATION_CONTEXT('managed model based 3d engineering');
#8861=APPLICATION_CONTEXT('managed model based 3d engineering');
#8862=APPLICATION_CONTEXT('managed model based 3d engineering');
#8863=APPLICATION_CONTEXT('managed model based 3d engineering');
#8864=APPLICATION_CONTEXT('managed model based 3d engineering');
#8865=APPLICATION_CONTEXT('managed model based 3d engineering');
#8866=APPLICATION_CONTEXT('managed model based 3d engineering');
#8867=APPLICATION_CONTEXT('managed model based 3d engineering');
#8868=APPLICATION_CONTEXT('managed model based 3d engineering');
#8869=APPLICATION_CONTEXT('managed model based 3d engineering');
#8870=APPLICATION_CONTEXT('managed model based 3d engineering');
#8871=APPLICATION_CONTEXT('managed model based 3d engineering');
#8872=APPLICATION_CONTEXT('managed model based 3d engineering');
#8873=APPLICATION_CONTEXT('managed model based 3d engineering');
#8874=APPLICATION_CONTEXT('managed model based 3d engineering');
#8875=APPLICATION_CONTEXT('managed model based 3d engineering');
#8876=APPLICATION_CONTEXT('managed model based 3d engineering');
#8877=APPLICATION_CONTEXT('managed model based 3d engineering');
#8878=APPLICATION_CONTEXT('managed model based 3d engineering');
#8879=APPLICATION_CONTEXT('managed model based 3d engineering');
#8880=APPLICATION_CONTEXT('managed model based 3d engineering');
#8881=APPLICATION_CONTEXT('managed model based 3d engineering');
#8882=APPLICATION_CONTEXT('managed model based 3d engineering');
#8883=APPLICATION_CONTEXT('managed model based 3d engineering');
#8884=APPLICATION_CONTEXT('managed model based 3d engineering');
#8885=APPLICATION_CONTEXT('managed model based 3d engineering');
#8886=APPLICATION_CONTEXT('managed model based 3d engineering');
#8887=APPLICATION_CONTEXT('managed model based 3d engineering');
#8888=APPLICATION_CONTEXT('managed model based 3d engineering');
#8889=APPLICATION_CONTEXT('managed model based 3d engineering');
#8890=APPLICATION_CONTEXT('managed model based 3d engineering');
#8891=APPLICATION_CONTEXT('managed model based 3d engineering');
#8892=APPLICATION_CONTEXT('managed model based 3d engineering');
#8893=APPLICATION_CONTEXT('managed model based 3d engineering');
#8894=APPLICATION_CONTEXT('managed model based 3d engineering');
#8895=APPLICATION_CONTEXT('managed model based 3d engineering');
#8896=APPLICATION_CONTEXT('managed model based 3d engineering');
#8897=APPLICATION_CONTEXT('managed model based 3d engineering');
#8898=APPLICATION_CONTEXT('managed model based 3d engineering');
#8899=APPLICATION_CONTEXT('managed model based 3d engineering');
#8900=APPLICATION_CONTEXT('managed model based 3d engineering');
#8901=APPLICATION_CONTEXT('managed model based 3d engineering');
#8902=APPLICATION_CONTEXT('managed model based 3d engineering');
#8903=APPLICATION_CONTEXT('managed model based 3d engineering');
#8904=APPLICATION_CONTEXT('managed model based 3d engineering');
#8905=APPLICATION_CONTEXT('managed model based 3d engineering');
#8906=APPLICATION_CONTEXT('managed model based 3d engineering');
#8907=APPLICATION_CONTEXT('managed model based 3d engineering');
#8908=APPLICATION_CONTEXT('managed model based 3d engineering');
#8909=APPLICATION_CONTEXT('managed model based 3d engineering');
#8910=APPLICATION_CONTEXT('managed model based 3d engineering');
#8911=APPLICATION_CONTEXT('managed model based 3d engineering');
#8912=APPLICATION_CONTEXT('managed model based 3d engineering');
ENDSEC;
END-ISO-10303-21;
