ISO-10303-21;
HEADER;
/* Generated by software containing ST-Developer
 * from STEP Tools, Inc. (www.steptools.com) 
 */
/* OPTION: using custom renumber hook */

FILE_DESCRIPTION(
/* description */ ('STEP AP242 Edition 2',
'CAx-IF Rec.Pracs.---Representation and Presentation of Product Manufa
cturing Information (PMI)---4.0---2014-10-13',
'CAx-IF Rec.Pracs.---3D Tessellated Geometry---0.4---2014-09-14','2;1',
'CAx-IF Rec.Pracs.---User Defined Attributes---1.5---2016-08-15'),
/* implementation_level */ '2;1');

FILE_NAME(
/* name */ 'SOIC',
/* time_stamp */ '2026-08-27T10:44:36Z',
/* author */ (''),
/* organization */ (''),
/* preprocessor_version */ 'ST-DEVELOPER v20',
/* originating_system */ 'ONSHAPE BY PTC INC, 1.219',
/* authorisation */ '  ');

FILE_SCHEMA (('AP242_MANAGED_MODEL_BASED_3D_ENGINEERING_MIM_LF { 1 0 10303 442 3 1 4 }'));
ENDSEC;

DATA;
#10=SHAPE_REPRESENTATION_RELATIONSHIP('','',#1351,#16);
#11=SHAPE_REPRESENTATION_RELATIONSHIP('','',#1352,#17);
#12=SHAPE_REPRESENTATION_RELATIONSHIP('','',#1353,#18);
#13=SHAPE_REPRESENTATION_RELATIONSHIP('','',#1354,#19);
#14=SHAPE_REPRESENTATION_RELATIONSHIP('','',#1355,#20);
#15=SHAPE_REPRESENTATION_RELATIONSHIP('','',#1356,#21);
#16=ADVANCED_BREP_SHAPE_REPRESENTATION('',(#1339),#2227);
#17=ADVANCED_BREP_SHAPE_REPRESENTATION('',(#1340),#2228);
#18=ADVANCED_BREP_SHAPE_REPRESENTATION('',(#1341),#2229);
#19=ADVANCED_BREP_SHAPE_REPRESENTATION('',(#1342),#2230);
#20=ADVANCED_BREP_SHAPE_REPRESENTATION('',(#1343),#2231);
#21=ADVANCED_BREP_SHAPE_REPRESENTATION('',(#1344),#2232);
#22=CYLINDRICAL_SURFACE('',#1373,0.00025);
#23=CYLINDRICAL_SURFACE('',#1379,7.5E-5);
#24=CYLINDRICAL_SURFACE('',#1383,0.000225);
#25=CYLINDRICAL_SURFACE('',#1389,7.49999999999992E-5);
#26=CYLINDRICAL_SURFACE('',#1393,0.000225);
#27=CYLINDRICAL_SURFACE('',#1402,7.5E-5);
#28=CYLINDRICAL_SURFACE('',#1406,0.000225);
#29=CYLINDRICAL_SURFACE('',#1412,7.49999999999992E-5);
#30=CYLINDRICAL_SURFACE('',#1416,0.000225);
#31=CYLINDRICAL_SURFACE('',#1425,7.5E-5);
#32=CYLINDRICAL_SURFACE('',#1429,0.000225);
#33=CYLINDRICAL_SURFACE('',#1435,7.49999999999992E-5);
#34=CYLINDRICAL_SURFACE('',#1439,0.000225);
#35=CYLINDRICAL_SURFACE('',#1448,7.5E-5);
#36=CYLINDRICAL_SURFACE('',#1452,0.000225);
#37=CYLINDRICAL_SURFACE('',#1458,7.49999999999992E-5);
#38=CYLINDRICAL_SURFACE('',#1462,0.000225);
#39=CYLINDRICAL_SURFACE('',#1471,0.00025);
#40=CIRCLE('',#1360,0.00025);
#41=CIRCLE('',#1374,0.00025);
#42=CIRCLE('',#1380,7.5E-5);
#43=CIRCLE('',#1381,7.5E-5);
#44=CIRCLE('',#1384,0.000225);
#45=CIRCLE('',#1385,0.000225);
#46=CIRCLE('',#1390,7.49999999999992E-5);
#47=CIRCLE('',#1391,7.49999999999992E-5);
#48=CIRCLE('',#1394,0.000225);
#49=CIRCLE('',#1395,0.000225);
#50=CIRCLE('',#1403,7.5E-5);
#51=CIRCLE('',#1404,7.5E-5);
#52=CIRCLE('',#1407,0.000225);
#53=CIRCLE('',#1408,0.000225);
#54=CIRCLE('',#1413,7.49999999999992E-5);
#55=CIRCLE('',#1414,7.49999999999992E-5);
#56=CIRCLE('',#1417,0.000225);
#57=CIRCLE('',#1418,0.000225);
#58=CIRCLE('',#1426,7.5E-5);
#59=CIRCLE('',#1427,7.5E-5);
#60=CIRCLE('',#1430,0.000225);
#61=CIRCLE('',#1431,0.000225);
#62=CIRCLE('',#1436,7.49999999999992E-5);
#63=CIRCLE('',#1437,7.49999999999992E-5);
#64=CIRCLE('',#1440,0.000225);
#65=CIRCLE('',#1441,0.000225);
#66=CIRCLE('',#1449,7.5E-5);
#67=CIRCLE('',#1450,7.5E-5);
#68=CIRCLE('',#1453,0.000225);
#69=CIRCLE('',#1454,0.000225);
#70=CIRCLE('',#1459,7.49999999999992E-5);
#71=CIRCLE('',#1460,7.49999999999992E-5);
#72=CIRCLE('',#1463,0.000225);
#73=CIRCLE('',#1464,0.000225);
#74=CIRCLE('',#1470,0.00025);
#75=CIRCLE('',#1472,0.00025);
#76=ORIENTED_EDGE('',*,*,#428,.F.);
#77=ORIENTED_EDGE('',*,*,#429,.F.);
#78=ORIENTED_EDGE('',*,*,#430,.T.);
#79=ORIENTED_EDGE('',*,*,#431,.T.);
#80=ORIENTED_EDGE('',*,*,#432,.F.);
#81=ORIENTED_EDGE('',*,*,#433,.F.);
#82=ORIENTED_EDGE('',*,*,#434,.T.);
#83=ORIENTED_EDGE('',*,*,#435,.T.);
#84=ORIENTED_EDGE('',*,*,#436,.F.);
#85=ORIENTED_EDGE('',*,*,#429,.T.);
#86=ORIENTED_EDGE('',*,*,#437,.T.);
#87=ORIENTED_EDGE('',*,*,#438,.F.);
#88=ORIENTED_EDGE('',*,*,#439,.F.);
#89=ORIENTED_EDGE('',*,*,#434,.F.);
#90=ORIENTED_EDGE('',*,*,#440,.T.);
#91=ORIENTED_EDGE('',*,*,#441,.T.);
#92=ORIENTED_EDGE('',*,*,#442,.F.);
#93=ORIENTED_EDGE('',*,*,#443,.F.);
#94=ORIENTED_EDGE('',*,*,#436,.T.);
#95=ORIENTED_EDGE('',*,*,#444,.T.);
#96=ORIENTED_EDGE('',*,*,#445,.F.);
#97=ORIENTED_EDGE('',*,*,#446,.F.);
#98=ORIENTED_EDGE('',*,*,#431,.F.);
#99=ORIENTED_EDGE('',*,*,#447,.T.);
#100=ORIENTED_EDGE('',*,*,#448,.T.);
#101=ORIENTED_EDGE('',*,*,#449,.F.);
#102=ORIENTED_EDGE('',*,*,#450,.T.);
#103=ORIENTED_EDGE('',*,*,#451,.T.);
#104=ORIENTED_EDGE('',*,*,#452,.F.);
#105=ORIENTED_EDGE('',*,*,#453,.F.);
#106=ORIENTED_EDGE('',*,*,#454,.T.);
#107=ORIENTED_EDGE('',*,*,#455,.T.);
#108=ORIENTED_EDGE('',*,*,#456,.F.);
#109=ORIENTED_EDGE('',*,*,#453,.T.);
#110=ORIENTED_EDGE('',*,*,#441,.F.);
#111=ORIENTED_EDGE('',*,*,#450,.F.);
#112=ORIENTED_EDGE('',*,*,#438,.T.);
#113=ORIENTED_EDGE('',*,*,#455,.F.);
#114=ORIENTED_EDGE('',*,*,#448,.F.);
#115=ORIENTED_EDGE('',*,*,#452,.T.);
#116=ORIENTED_EDGE('',*,*,#445,.T.);
#117=ORIENTED_EDGE('',*,*,#439,.T.);
#118=ORIENTED_EDGE('',*,*,#449,.T.);
#119=ORIENTED_EDGE('',*,*,#447,.F.);
#120=ORIENTED_EDGE('',*,*,#430,.F.);
#121=ORIENTED_EDGE('',*,*,#428,.T.);
#122=ORIENTED_EDGE('',*,*,#446,.T.);
#123=ORIENTED_EDGE('',*,*,#454,.F.);
#124=ORIENTED_EDGE('',*,*,#437,.F.);
#125=ORIENTED_EDGE('',*,*,#442,.T.);
#126=ORIENTED_EDGE('',*,*,#456,.T.);
#127=ORIENTED_EDGE('',*,*,#444,.F.);
#128=ORIENTED_EDGE('',*,*,#435,.F.);
#129=ORIENTED_EDGE('',*,*,#433,.T.);
#130=ORIENTED_EDGE('',*,*,#443,.T.);
#131=ORIENTED_EDGE('',*,*,#451,.F.);
#132=ORIENTED_EDGE('',*,*,#440,.F.);
#133=ORIENTED_EDGE('',*,*,#457,.F.);
#134=ORIENTED_EDGE('',*,*,#432,.T.);
#135=ORIENTED_EDGE('',*,*,#457,.T.);
#136=ORIENTED_EDGE('',*,*,#458,.F.);
#137=ORIENTED_EDGE('',*,*,#459,.F.);
#138=ORIENTED_EDGE('',*,*,#460,.T.);
#139=ORIENTED_EDGE('',*,*,#461,.T.);
#140=ORIENTED_EDGE('',*,*,#462,.F.);
#141=ORIENTED_EDGE('',*,*,#463,.F.);
#142=ORIENTED_EDGE('',*,*,#464,.T.);
#143=ORIENTED_EDGE('',*,*,#459,.T.);
#144=ORIENTED_EDGE('',*,*,#465,.F.);
#145=ORIENTED_EDGE('',*,*,#466,.F.);
#146=ORIENTED_EDGE('',*,*,#467,.T.);
#147=ORIENTED_EDGE('',*,*,#463,.T.);
#148=ORIENTED_EDGE('',*,*,#468,.F.);
#149=ORIENTED_EDGE('',*,*,#469,.F.);
#150=ORIENTED_EDGE('',*,*,#470,.T.);
#151=ORIENTED_EDGE('',*,*,#466,.T.);
#152=ORIENTED_EDGE('',*,*,#471,.T.);
#153=ORIENTED_EDGE('',*,*,#472,.F.);
#154=ORIENTED_EDGE('',*,*,#473,.F.);
#155=ORIENTED_EDGE('',*,*,#469,.T.);
#156=ORIENTED_EDGE('',*,*,#474,.F.);
#157=ORIENTED_EDGE('',*,*,#475,.F.);
#158=ORIENTED_EDGE('',*,*,#476,.T.);
#159=ORIENTED_EDGE('',*,*,#472,.T.);
#160=ORIENTED_EDGE('',*,*,#477,.T.);
#161=ORIENTED_EDGE('',*,*,#478,.F.);
#162=ORIENTED_EDGE('',*,*,#479,.F.);
#163=ORIENTED_EDGE('',*,*,#475,.T.);
#164=ORIENTED_EDGE('',*,*,#480,.T.);
#165=ORIENTED_EDGE('',*,*,#481,.F.);
#166=ORIENTED_EDGE('',*,*,#482,.F.);
#167=ORIENTED_EDGE('',*,*,#478,.T.);
#168=ORIENTED_EDGE('',*,*,#483,.F.);
#169=ORIENTED_EDGE('',*,*,#484,.F.);
#170=ORIENTED_EDGE('',*,*,#485,.T.);
#171=ORIENTED_EDGE('',*,*,#481,.T.);
#172=ORIENTED_EDGE('',*,*,#486,.T.);
#173=ORIENTED_EDGE('',*,*,#487,.F.);
#174=ORIENTED_EDGE('',*,*,#488,.F.);
#175=ORIENTED_EDGE('',*,*,#484,.T.);
#176=ORIENTED_EDGE('',*,*,#489,.T.);
#177=ORIENTED_EDGE('',*,*,#490,.F.);
#178=ORIENTED_EDGE('',*,*,#491,.F.);
#179=ORIENTED_EDGE('',*,*,#487,.T.);
#180=ORIENTED_EDGE('',*,*,#492,.T.);
#181=ORIENTED_EDGE('',*,*,#461,.F.);
#182=ORIENTED_EDGE('',*,*,#493,.F.);
#183=ORIENTED_EDGE('',*,*,#490,.T.);
#184=ORIENTED_EDGE('',*,*,#460,.F.);
#185=ORIENTED_EDGE('',*,*,#464,.F.);
#186=ORIENTED_EDGE('',*,*,#467,.F.);
#187=ORIENTED_EDGE('',*,*,#470,.F.);
#188=ORIENTED_EDGE('',*,*,#473,.T.);
#189=ORIENTED_EDGE('',*,*,#476,.F.);
#190=ORIENTED_EDGE('',*,*,#479,.T.);
#191=ORIENTED_EDGE('',*,*,#482,.T.);
#192=ORIENTED_EDGE('',*,*,#485,.F.);
#193=ORIENTED_EDGE('',*,*,#488,.T.);
#194=ORIENTED_EDGE('',*,*,#491,.T.);
#195=ORIENTED_EDGE('',*,*,#493,.T.);
#196=ORIENTED_EDGE('',*,*,#458,.T.);
#197=ORIENTED_EDGE('',*,*,#492,.F.);
#198=ORIENTED_EDGE('',*,*,#489,.F.);
#199=ORIENTED_EDGE('',*,*,#486,.F.);
#200=ORIENTED_EDGE('',*,*,#483,.T.);
#201=ORIENTED_EDGE('',*,*,#480,.F.);
#202=ORIENTED_EDGE('',*,*,#477,.F.);
#203=ORIENTED_EDGE('',*,*,#474,.T.);
#204=ORIENTED_EDGE('',*,*,#471,.F.);
#205=ORIENTED_EDGE('',*,*,#468,.T.);
#206=ORIENTED_EDGE('',*,*,#465,.T.);
#207=ORIENTED_EDGE('',*,*,#462,.T.);
#208=ORIENTED_EDGE('',*,*,#494,.T.);
#209=ORIENTED_EDGE('',*,*,#495,.F.);
#210=ORIENTED_EDGE('',*,*,#496,.F.);
#211=ORIENTED_EDGE('',*,*,#497,.T.);
#212=ORIENTED_EDGE('',*,*,#498,.T.);
#213=ORIENTED_EDGE('',*,*,#497,.F.);
#214=ORIENTED_EDGE('',*,*,#499,.F.);
#215=ORIENTED_EDGE('',*,*,#500,.T.);
#216=ORIENTED_EDGE('',*,*,#501,.T.);
#217=ORIENTED_EDGE('',*,*,#500,.F.);
#218=ORIENTED_EDGE('',*,*,#502,.F.);
#219=ORIENTED_EDGE('',*,*,#503,.T.);
#220=ORIENTED_EDGE('',*,*,#504,.T.);
#221=ORIENTED_EDGE('',*,*,#503,.F.);
#222=ORIENTED_EDGE('',*,*,#505,.F.);
#223=ORIENTED_EDGE('',*,*,#506,.T.);
#224=ORIENTED_EDGE('',*,*,#507,.F.);
#225=ORIENTED_EDGE('',*,*,#506,.F.);
#226=ORIENTED_EDGE('',*,*,#508,.T.);
#227=ORIENTED_EDGE('',*,*,#509,.T.);
#228=ORIENTED_EDGE('',*,*,#510,.T.);
#229=ORIENTED_EDGE('',*,*,#509,.F.);
#230=ORIENTED_EDGE('',*,*,#511,.F.);
#231=ORIENTED_EDGE('',*,*,#512,.T.);
#232=ORIENTED_EDGE('',*,*,#513,.F.);
#233=ORIENTED_EDGE('',*,*,#512,.F.);
#234=ORIENTED_EDGE('',*,*,#514,.T.);
#235=ORIENTED_EDGE('',*,*,#515,.T.);
#236=ORIENTED_EDGE('',*,*,#516,.F.);
#237=ORIENTED_EDGE('',*,*,#515,.F.);
#238=ORIENTED_EDGE('',*,*,#517,.T.);
#239=ORIENTED_EDGE('',*,*,#518,.T.);
#240=ORIENTED_EDGE('',*,*,#519,.T.);
#241=ORIENTED_EDGE('',*,*,#518,.F.);
#242=ORIENTED_EDGE('',*,*,#520,.F.);
#243=ORIENTED_EDGE('',*,*,#521,.T.);
#244=ORIENTED_EDGE('',*,*,#522,.F.);
#245=ORIENTED_EDGE('',*,*,#521,.F.);
#246=ORIENTED_EDGE('',*,*,#523,.T.);
#247=ORIENTED_EDGE('',*,*,#524,.T.);
#248=ORIENTED_EDGE('',*,*,#525,.F.);
#249=ORIENTED_EDGE('',*,*,#524,.F.);
#250=ORIENTED_EDGE('',*,*,#526,.T.);
#251=ORIENTED_EDGE('',*,*,#527,.T.);
#252=ORIENTED_EDGE('',*,*,#528,.F.);
#253=ORIENTED_EDGE('',*,*,#527,.F.);
#254=ORIENTED_EDGE('',*,*,#529,.T.);
#255=ORIENTED_EDGE('',*,*,#495,.T.);
#256=ORIENTED_EDGE('',*,*,#496,.T.);
#257=ORIENTED_EDGE('',*,*,#529,.F.);
#258=ORIENTED_EDGE('',*,*,#526,.F.);
#259=ORIENTED_EDGE('',*,*,#523,.F.);
#260=ORIENTED_EDGE('',*,*,#520,.T.);
#261=ORIENTED_EDGE('',*,*,#517,.F.);
#262=ORIENTED_EDGE('',*,*,#514,.F.);
#263=ORIENTED_EDGE('',*,*,#511,.T.);
#264=ORIENTED_EDGE('',*,*,#508,.F.);
#265=ORIENTED_EDGE('',*,*,#505,.T.);
#266=ORIENTED_EDGE('',*,*,#502,.T.);
#267=ORIENTED_EDGE('',*,*,#499,.T.);
#268=ORIENTED_EDGE('',*,*,#494,.F.);
#269=ORIENTED_EDGE('',*,*,#498,.F.);
#270=ORIENTED_EDGE('',*,*,#501,.F.);
#271=ORIENTED_EDGE('',*,*,#504,.F.);
#272=ORIENTED_EDGE('',*,*,#507,.T.);
#273=ORIENTED_EDGE('',*,*,#510,.F.);
#274=ORIENTED_EDGE('',*,*,#513,.T.);
#275=ORIENTED_EDGE('',*,*,#516,.T.);
#276=ORIENTED_EDGE('',*,*,#519,.F.);
#277=ORIENTED_EDGE('',*,*,#522,.T.);
#278=ORIENTED_EDGE('',*,*,#525,.T.);
#279=ORIENTED_EDGE('',*,*,#528,.T.);
#280=ORIENTED_EDGE('',*,*,#530,.T.);
#281=ORIENTED_EDGE('',*,*,#531,.F.);
#282=ORIENTED_EDGE('',*,*,#532,.F.);
#283=ORIENTED_EDGE('',*,*,#533,.T.);
#284=ORIENTED_EDGE('',*,*,#534,.T.);
#285=ORIENTED_EDGE('',*,*,#533,.F.);
#286=ORIENTED_EDGE('',*,*,#535,.F.);
#287=ORIENTED_EDGE('',*,*,#536,.T.);
#288=ORIENTED_EDGE('',*,*,#537,.T.);
#289=ORIENTED_EDGE('',*,*,#536,.F.);
#290=ORIENTED_EDGE('',*,*,#538,.F.);
#291=ORIENTED_EDGE('',*,*,#539,.T.);
#292=ORIENTED_EDGE('',*,*,#540,.T.);
#293=ORIENTED_EDGE('',*,*,#539,.F.);
#294=ORIENTED_EDGE('',*,*,#541,.F.);
#295=ORIENTED_EDGE('',*,*,#542,.T.);
#296=ORIENTED_EDGE('',*,*,#543,.F.);
#297=ORIENTED_EDGE('',*,*,#542,.F.);
#298=ORIENTED_EDGE('',*,*,#544,.T.);
#299=ORIENTED_EDGE('',*,*,#545,.T.);
#300=ORIENTED_EDGE('',*,*,#546,.T.);
#301=ORIENTED_EDGE('',*,*,#545,.F.);
#302=ORIENTED_EDGE('',*,*,#547,.F.);
#303=ORIENTED_EDGE('',*,*,#548,.T.);
#304=ORIENTED_EDGE('',*,*,#549,.F.);
#305=ORIENTED_EDGE('',*,*,#548,.F.);
#306=ORIENTED_EDGE('',*,*,#550,.T.);
#307=ORIENTED_EDGE('',*,*,#551,.T.);
#308=ORIENTED_EDGE('',*,*,#552,.F.);
#309=ORIENTED_EDGE('',*,*,#551,.F.);
#310=ORIENTED_EDGE('',*,*,#553,.T.);
#311=ORIENTED_EDGE('',*,*,#554,.T.);
#312=ORIENTED_EDGE('',*,*,#555,.T.);
#313=ORIENTED_EDGE('',*,*,#554,.F.);
#314=ORIENTED_EDGE('',*,*,#556,.F.);
#315=ORIENTED_EDGE('',*,*,#557,.T.);
#316=ORIENTED_EDGE('',*,*,#558,.F.);
#317=ORIENTED_EDGE('',*,*,#557,.F.);
#318=ORIENTED_EDGE('',*,*,#559,.T.);
#319=ORIENTED_EDGE('',*,*,#560,.T.);
#320=ORIENTED_EDGE('',*,*,#561,.F.);
#321=ORIENTED_EDGE('',*,*,#560,.F.);
#322=ORIENTED_EDGE('',*,*,#562,.T.);
#323=ORIENTED_EDGE('',*,*,#563,.T.);
#324=ORIENTED_EDGE('',*,*,#564,.F.);
#325=ORIENTED_EDGE('',*,*,#563,.F.);
#326=ORIENTED_EDGE('',*,*,#565,.T.);
#327=ORIENTED_EDGE('',*,*,#531,.T.);
#328=ORIENTED_EDGE('',*,*,#532,.T.);
#329=ORIENTED_EDGE('',*,*,#565,.F.);
#330=ORIENTED_EDGE('',*,*,#562,.F.);
#331=ORIENTED_EDGE('',*,*,#559,.F.);
#332=ORIENTED_EDGE('',*,*,#556,.T.);
#333=ORIENTED_EDGE('',*,*,#553,.F.);
#334=ORIENTED_EDGE('',*,*,#550,.F.);
#335=ORIENTED_EDGE('',*,*,#547,.T.);
#336=ORIENTED_EDGE('',*,*,#544,.F.);
#337=ORIENTED_EDGE('',*,*,#541,.T.);
#338=ORIENTED_EDGE('',*,*,#538,.T.);
#339=ORIENTED_EDGE('',*,*,#535,.T.);
#340=ORIENTED_EDGE('',*,*,#530,.F.);
#341=ORIENTED_EDGE('',*,*,#534,.F.);
#342=ORIENTED_EDGE('',*,*,#537,.F.);
#343=ORIENTED_EDGE('',*,*,#540,.F.);
#344=ORIENTED_EDGE('',*,*,#543,.T.);
#345=ORIENTED_EDGE('',*,*,#546,.F.);
#346=ORIENTED_EDGE('',*,*,#549,.T.);
#347=ORIENTED_EDGE('',*,*,#552,.T.);
#348=ORIENTED_EDGE('',*,*,#555,.F.);
#349=ORIENTED_EDGE('',*,*,#558,.T.);
#350=ORIENTED_EDGE('',*,*,#561,.T.);
#351=ORIENTED_EDGE('',*,*,#564,.T.);
#352=ORIENTED_EDGE('',*,*,#566,.F.);
#353=ORIENTED_EDGE('',*,*,#567,.F.);
#354=ORIENTED_EDGE('',*,*,#568,.T.);
#355=ORIENTED_EDGE('',*,*,#569,.T.);
#356=ORIENTED_EDGE('',*,*,#570,.F.);
#357=ORIENTED_EDGE('',*,*,#571,.F.);
#358=ORIENTED_EDGE('',*,*,#572,.T.);
#359=ORIENTED_EDGE('',*,*,#567,.T.);
#360=ORIENTED_EDGE('',*,*,#573,.F.);
#361=ORIENTED_EDGE('',*,*,#574,.F.);
#362=ORIENTED_EDGE('',*,*,#575,.T.);
#363=ORIENTED_EDGE('',*,*,#571,.T.);
#364=ORIENTED_EDGE('',*,*,#576,.F.);
#365=ORIENTED_EDGE('',*,*,#577,.F.);
#366=ORIENTED_EDGE('',*,*,#578,.T.);
#367=ORIENTED_EDGE('',*,*,#574,.T.);
#368=ORIENTED_EDGE('',*,*,#579,.T.);
#369=ORIENTED_EDGE('',*,*,#580,.F.);
#370=ORIENTED_EDGE('',*,*,#581,.F.);
#371=ORIENTED_EDGE('',*,*,#577,.T.);
#372=ORIENTED_EDGE('',*,*,#582,.F.);
#373=ORIENTED_EDGE('',*,*,#583,.F.);
#374=ORIENTED_EDGE('',*,*,#584,.T.);
#375=ORIENTED_EDGE('',*,*,#580,.T.);
#376=ORIENTED_EDGE('',*,*,#585,.T.);
#377=ORIENTED_EDGE('',*,*,#586,.F.);
#378=ORIENTED_EDGE('',*,*,#587,.F.);
#379=ORIENTED_EDGE('',*,*,#583,.T.);
#380=ORIENTED_EDGE('',*,*,#588,.T.);
#381=ORIENTED_EDGE('',*,*,#589,.F.);
#382=ORIENTED_EDGE('',*,*,#590,.F.);
#383=ORIENTED_EDGE('',*,*,#586,.T.);
#384=ORIENTED_EDGE('',*,*,#591,.F.);
#385=ORIENTED_EDGE('',*,*,#592,.F.);
#386=ORIENTED_EDGE('',*,*,#593,.T.);
#387=ORIENTED_EDGE('',*,*,#589,.T.);
#388=ORIENTED_EDGE('',*,*,#594,.T.);
#389=ORIENTED_EDGE('',*,*,#595,.F.);
#390=ORIENTED_EDGE('',*,*,#596,.F.);
#391=ORIENTED_EDGE('',*,*,#592,.T.);
#392=ORIENTED_EDGE('',*,*,#597,.T.);
#393=ORIENTED_EDGE('',*,*,#598,.F.);
#394=ORIENTED_EDGE('',*,*,#599,.F.);
#395=ORIENTED_EDGE('',*,*,#595,.T.);
#396=ORIENTED_EDGE('',*,*,#600,.T.);
#397=ORIENTED_EDGE('',*,*,#569,.F.);
#398=ORIENTED_EDGE('',*,*,#601,.F.);
#399=ORIENTED_EDGE('',*,*,#598,.T.);
#400=ORIENTED_EDGE('',*,*,#568,.F.);
#401=ORIENTED_EDGE('',*,*,#572,.F.);
#402=ORIENTED_EDGE('',*,*,#575,.F.);
#403=ORIENTED_EDGE('',*,*,#578,.F.);
#404=ORIENTED_EDGE('',*,*,#581,.T.);
#405=ORIENTED_EDGE('',*,*,#584,.F.);
#406=ORIENTED_EDGE('',*,*,#587,.T.);
#407=ORIENTED_EDGE('',*,*,#590,.T.);
#408=ORIENTED_EDGE('',*,*,#593,.F.);
#409=ORIENTED_EDGE('',*,*,#596,.T.);
#410=ORIENTED_EDGE('',*,*,#599,.T.);
#411=ORIENTED_EDGE('',*,*,#601,.T.);
#412=ORIENTED_EDGE('',*,*,#566,.T.);
#413=ORIENTED_EDGE('',*,*,#600,.F.);
#414=ORIENTED_EDGE('',*,*,#597,.F.);
#415=ORIENTED_EDGE('',*,*,#594,.F.);
#416=ORIENTED_EDGE('',*,*,#591,.T.);
#417=ORIENTED_EDGE('',*,*,#588,.F.);
#418=ORIENTED_EDGE('',*,*,#585,.F.);
#419=ORIENTED_EDGE('',*,*,#582,.T.);
#420=ORIENTED_EDGE('',*,*,#579,.F.);
#421=ORIENTED_EDGE('',*,*,#576,.T.);
#422=ORIENTED_EDGE('',*,*,#573,.T.);
#423=ORIENTED_EDGE('',*,*,#570,.T.);
#424=ORIENTED_EDGE('',*,*,#602,.F.);
#425=ORIENTED_EDGE('',*,*,#602,.T.);
#426=ORIENTED_EDGE('',*,*,#603,.T.);
#427=ORIENTED_EDGE('',*,*,#603,.F.);
#428=EDGE_CURVE('',#604,#605,#720,.T.);
#429=EDGE_CURVE('',#606,#604,#721,.T.);
#430=EDGE_CURVE('',#606,#607,#722,.T.);
#431=EDGE_CURVE('',#607,#605,#723,.T.);
#432=EDGE_CURVE('',#608,#608,#40,.T.);
#433=EDGE_CURVE('',#609,#610,#724,.T.);
#434=EDGE_CURVE('',#609,#611,#725,.T.);
#435=EDGE_CURVE('',#611,#612,#726,.T.);
#436=EDGE_CURVE('',#610,#612,#727,.T.);
#437=EDGE_CURVE('',#604,#613,#728,.T.);
#438=EDGE_CURVE('',#614,#613,#729,.T.);
#439=EDGE_CURVE('',#606,#614,#730,.T.);
#440=EDGE_CURVE('',#609,#615,#731,.T.);
#441=EDGE_CURVE('',#615,#616,#732,.T.);
#442=EDGE_CURVE('',#611,#616,#733,.T.);
#443=EDGE_CURVE('',#610,#617,#734,.T.);
#444=EDGE_CURVE('',#612,#618,#735,.T.);
#445=EDGE_CURVE('',#617,#618,#736,.T.);
#446=EDGE_CURVE('',#605,#619,#737,.T.);
#447=EDGE_CURVE('',#607,#620,#738,.T.);
#448=EDGE_CURVE('',#620,#619,#739,.T.);
#449=EDGE_CURVE('',#614,#620,#740,.T.);
#450=EDGE_CURVE('',#614,#615,#741,.T.);
#451=EDGE_CURVE('',#615,#617,#742,.T.);
#452=EDGE_CURVE('',#620,#617,#743,.T.);
#453=EDGE_CURVE('',#613,#616,#744,.T.);
#454=EDGE_CURVE('',#613,#619,#745,.T.);
#455=EDGE_CURVE('',#619,#618,#746,.T.);
#456=EDGE_CURVE('',#616,#618,#747,.T.);
#457=EDGE_CURVE('',#621,#621,#41,.T.);
#458=EDGE_CURVE('',#622,#623,#748,.T.);
#459=EDGE_CURVE('',#624,#622,#749,.T.);
#460=EDGE_CURVE('',#624,#625,#750,.T.);
#461=EDGE_CURVE('',#625,#623,#751,.T.);
#462=EDGE_CURVE('',#626,#622,#752,.T.);
#463=EDGE_CURVE('',#627,#626,#753,.T.);
#464=EDGE_CURVE('',#627,#624,#754,.T.);
#465=EDGE_CURVE('',#628,#626,#42,.T.);
#466=EDGE_CURVE('',#629,#628,#755,.T.);
#467=EDGE_CURVE('',#629,#627,#43,.T.);
#468=EDGE_CURVE('',#630,#628,#756,.T.);
#469=EDGE_CURVE('',#631,#630,#757,.T.);
#470=EDGE_CURVE('',#631,#629,#758,.T.);
#471=EDGE_CURVE('',#630,#632,#44,.T.);
#472=EDGE_CURVE('',#633,#632,#759,.T.);
#473=EDGE_CURVE('',#631,#633,#45,.T.);
#474=EDGE_CURVE('',#634,#632,#760,.T.);
#475=EDGE_CURVE('',#635,#634,#761,.T.);
#476=EDGE_CURVE('',#635,#633,#762,.T.);
#477=EDGE_CURVE('',#634,#636,#763,.T.);
#478=EDGE_CURVE('',#637,#636,#764,.T.);
#479=EDGE_CURVE('',#635,#637,#765,.T.);
#480=EDGE_CURVE('',#636,#638,#766,.T.);
#481=EDGE_CURVE('',#639,#638,#767,.T.);
#482=EDGE_CURVE('',#637,#639,#768,.T.);
#483=EDGE_CURVE('',#640,#638,#46,.T.);
#484=EDGE_CURVE('',#641,#640,#769,.T.);
#485=EDGE_CURVE('',#641,#639,#47,.T.);
#486=EDGE_CURVE('',#640,#642,#770,.T.);
#487=EDGE_CURVE('',#643,#642,#771,.T.);
#488=EDGE_CURVE('',#641,#643,#772,.T.);
#489=EDGE_CURVE('',#642,#644,#48,.T.);
#490=EDGE_CURVE('',#645,#644,#773,.T.);
#491=EDGE_CURVE('',#643,#645,#49,.T.);
#492=EDGE_CURVE('',#644,#623,#774,.T.);
#493=EDGE_CURVE('',#645,#625,#775,.T.);
#494=EDGE_CURVE('',#646,#647,#776,.T.);
#495=EDGE_CURVE('',#648,#647,#777,.T.);
#496=EDGE_CURVE('',#649,#648,#778,.T.);
#497=EDGE_CURVE('',#649,#646,#779,.T.);
#498=EDGE_CURVE('',#650,#646,#780,.T.);
#499=EDGE_CURVE('',#651,#649,#781,.T.);
#500=EDGE_CURVE('',#651,#650,#782,.T.);
#501=EDGE_CURVE('',#652,#650,#50,.T.);
#502=EDGE_CURVE('',#653,#651,#51,.T.);
#503=EDGE_CURVE('',#653,#652,#783,.T.);
#504=EDGE_CURVE('',#654,#652,#784,.T.);
#505=EDGE_CURVE('',#655,#653,#785,.T.);
#506=EDGE_CURVE('',#655,#654,#786,.T.);
#507=EDGE_CURVE('',#654,#656,#52,.T.);
#508=EDGE_CURVE('',#655,#657,#53,.T.);
#509=EDGE_CURVE('',#657,#656,#787,.T.);
#510=EDGE_CURVE('',#658,#656,#788,.T.);
#511=EDGE_CURVE('',#659,#657,#789,.T.);
#512=EDGE_CURVE('',#659,#658,#790,.T.);
#513=EDGE_CURVE('',#658,#660,#791,.T.);
#514=EDGE_CURVE('',#659,#661,#792,.T.);
#515=EDGE_CURVE('',#661,#660,#793,.T.);
#516=EDGE_CURVE('',#660,#662,#794,.T.);
#517=EDGE_CURVE('',#661,#663,#795,.T.);
#518=EDGE_CURVE('',#663,#662,#796,.T.);
#519=EDGE_CURVE('',#664,#662,#54,.T.);
#520=EDGE_CURVE('',#665,#663,#55,.T.);
#521=EDGE_CURVE('',#665,#664,#797,.T.);
#522=EDGE_CURVE('',#664,#666,#798,.T.);
#523=EDGE_CURVE('',#665,#667,#799,.T.);
#524=EDGE_CURVE('',#667,#666,#800,.T.);
#525=EDGE_CURVE('',#666,#668,#56,.T.);
#526=EDGE_CURVE('',#667,#669,#57,.T.);
#527=EDGE_CURVE('',#669,#668,#801,.T.);
#528=EDGE_CURVE('',#668,#647,#802,.T.);
#529=EDGE_CURVE('',#669,#648,#803,.T.);
#530=EDGE_CURVE('',#670,#671,#804,.T.);
#531=EDGE_CURVE('',#672,#671,#805,.T.);
#532=EDGE_CURVE('',#673,#672,#806,.T.);
#533=EDGE_CURVE('',#673,#670,#807,.T.);
#534=EDGE_CURVE('',#674,#670,#808,.T.);
#535=EDGE_CURVE('',#675,#673,#809,.T.);
#536=EDGE_CURVE('',#675,#674,#810,.T.);
#537=EDGE_CURVE('',#676,#674,#58,.T.);
#538=EDGE_CURVE('',#677,#675,#59,.T.);
#539=EDGE_CURVE('',#677,#676,#811,.T.);
#540=EDGE_CURVE('',#678,#676,#812,.T.);
#541=EDGE_CURVE('',#679,#677,#813,.T.);
#542=EDGE_CURVE('',#679,#678,#814,.T.);
#543=EDGE_CURVE('',#678,#680,#60,.T.);
#544=EDGE_CURVE('',#679,#681,#61,.T.);
#545=EDGE_CURVE('',#681,#680,#815,.T.);
#546=EDGE_CURVE('',#682,#680,#816,.T.);
#547=EDGE_CURVE('',#683,#681,#817,.T.);
#548=EDGE_CURVE('',#683,#682,#818,.T.);
#549=EDGE_CURVE('',#682,#684,#819,.T.);
#550=EDGE_CURVE('',#683,#685,#820,.T.);
#551=EDGE_CURVE('',#685,#684,#821,.T.);
#552=EDGE_CURVE('',#684,#686,#822,.T.);
#553=EDGE_CURVE('',#685,#687,#823,.T.);
#554=EDGE_CURVE('',#687,#686,#824,.T.);
#555=EDGE_CURVE('',#688,#686,#62,.T.);
#556=EDGE_CURVE('',#689,#687,#63,.T.);
#557=EDGE_CURVE('',#689,#688,#825,.T.);
#558=EDGE_CURVE('',#688,#690,#826,.T.);
#559=EDGE_CURVE('',#689,#691,#827,.T.);
#560=EDGE_CURVE('',#691,#690,#828,.T.);
#561=EDGE_CURVE('',#690,#692,#64,.T.);
#562=EDGE_CURVE('',#691,#693,#65,.T.);
#563=EDGE_CURVE('',#693,#692,#829,.T.);
#564=EDGE_CURVE('',#692,#671,#830,.T.);
#565=EDGE_CURVE('',#693,#672,#831,.T.);
#566=EDGE_CURVE('',#694,#695,#832,.T.);
#567=EDGE_CURVE('',#696,#694,#833,.T.);
#568=EDGE_CURVE('',#696,#697,#834,.T.);
#569=EDGE_CURVE('',#697,#695,#835,.T.);
#570=EDGE_CURVE('',#698,#694,#836,.T.);
#571=EDGE_CURVE('',#699,#698,#837,.T.);
#572=EDGE_CURVE('',#699,#696,#838,.T.);
#573=EDGE_CURVE('',#700,#698,#66,.T.);
#574=EDGE_CURVE('',#701,#700,#839,.T.);
#575=EDGE_CURVE('',#701,#699,#67,.T.);
#576=EDGE_CURVE('',#702,#700,#840,.T.);
#577=EDGE_CURVE('',#703,#702,#841,.T.);
#578=EDGE_CURVE('',#703,#701,#842,.T.);
#579=EDGE_CURVE('',#702,#704,#68,.T.);
#580=EDGE_CURVE('',#705,#704,#843,.T.);
#581=EDGE_CURVE('',#703,#705,#69,.T.);
#582=EDGE_CURVE('',#706,#704,#844,.T.);
#583=EDGE_CURVE('',#707,#706,#845,.T.);
#584=EDGE_CURVE('',#707,#705,#846,.T.);
#585=EDGE_CURVE('',#706,#708,#847,.T.);
#586=EDGE_CURVE('',#709,#708,#848,.T.);
#587=EDGE_CURVE('',#707,#709,#849,.T.);
#588=EDGE_CURVE('',#708,#710,#850,.T.);
#589=EDGE_CURVE('',#711,#710,#851,.T.);
#590=EDGE_CURVE('',#709,#711,#852,.T.);
#591=EDGE_CURVE('',#712,#710,#70,.T.);
#592=EDGE_CURVE('',#713,#712,#853,.T.);
#593=EDGE_CURVE('',#713,#711,#71,.T.);
#594=EDGE_CURVE('',#712,#714,#854,.T.);
#595=EDGE_CURVE('',#715,#714,#855,.T.);
#596=EDGE_CURVE('',#713,#715,#856,.T.);
#597=EDGE_CURVE('',#714,#716,#72,.T.);
#598=EDGE_CURVE('',#717,#716,#857,.T.);
#599=EDGE_CURVE('',#715,#717,#73,.T.);
#600=EDGE_CURVE('',#716,#695,#858,.T.);
#601=EDGE_CURVE('',#717,#697,#859,.T.);
#602=EDGE_CURVE('',#718,#718,#74,.T.);
#603=EDGE_CURVE('',#719,#719,#75,.T.);
#604=VERTEX_POINT('',#1851);
#605=VERTEX_POINT('',#1852);
#606=VERTEX_POINT('',#1854);
#607=VERTEX_POINT('',#1856);
#608=VERTEX_POINT('',#1860);
#609=VERTEX_POINT('',#1862);
#610=VERTEX_POINT('',#1863);
#611=VERTEX_POINT('',#1865);
#612=VERTEX_POINT('',#1867);
#613=VERTEX_POINT('',#1871);
#614=VERTEX_POINT('',#1873);
#615=VERTEX_POINT('',#1877);
#616=VERTEX_POINT('',#1879);
#617=VERTEX_POINT('',#1883);
#618=VERTEX_POINT('',#1885);
#619=VERTEX_POINT('',#1889);
#620=VERTEX_POINT('',#1891);
#621=VERTEX_POINT('',#1911);
#622=VERTEX_POINT('',#1916);
#623=VERTEX_POINT('',#1917);
#624=VERTEX_POINT('',#1919);
#625=VERTEX_POINT('',#1921);
#626=VERTEX_POINT('',#1925);
#627=VERTEX_POINT('',#1927);
#628=VERTEX_POINT('',#1931);
#629=VERTEX_POINT('',#1933);
#630=VERTEX_POINT('',#1937);
#631=VERTEX_POINT('',#1939);
#632=VERTEX_POINT('',#1943);
#633=VERTEX_POINT('',#1945);
#634=VERTEX_POINT('',#1949);
#635=VERTEX_POINT('',#1951);
#636=VERTEX_POINT('',#1955);
#637=VERTEX_POINT('',#1957);
#638=VERTEX_POINT('',#1961);
#639=VERTEX_POINT('',#1963);
#640=VERTEX_POINT('',#1967);
#641=VERTEX_POINT('',#1969);
#642=VERTEX_POINT('',#1973);
#643=VERTEX_POINT('',#1975);
#644=VERTEX_POINT('',#1979);
#645=VERTEX_POINT('',#1981);
#646=VERTEX_POINT('',#1991);
#647=VERTEX_POINT('',#1992);
#648=VERTEX_POINT('',#1994);
#649=VERTEX_POINT('',#1996);
#650=VERTEX_POINT('',#2000);
#651=VERTEX_POINT('',#2002);
#652=VERTEX_POINT('',#2006);
#653=VERTEX_POINT('',#2008);
#654=VERTEX_POINT('',#2012);
#655=VERTEX_POINT('',#2014);
#656=VERTEX_POINT('',#2018);
#657=VERTEX_POINT('',#2020);
#658=VERTEX_POINT('',#2024);
#659=VERTEX_POINT('',#2026);
#660=VERTEX_POINT('',#2030);
#661=VERTEX_POINT('',#2032);
#662=VERTEX_POINT('',#2036);
#663=VERTEX_POINT('',#2038);
#664=VERTEX_POINT('',#2042);
#665=VERTEX_POINT('',#2044);
#666=VERTEX_POINT('',#2048);
#667=VERTEX_POINT('',#2050);
#668=VERTEX_POINT('',#2054);
#669=VERTEX_POINT('',#2056);
#670=VERTEX_POINT('',#2066);
#671=VERTEX_POINT('',#2067);
#672=VERTEX_POINT('',#2069);
#673=VERTEX_POINT('',#2071);
#674=VERTEX_POINT('',#2075);
#675=VERTEX_POINT('',#2077);
#676=VERTEX_POINT('',#2081);
#677=VERTEX_POINT('',#2083);
#678=VERTEX_POINT('',#2087);
#679=VERTEX_POINT('',#2089);
#680=VERTEX_POINT('',#2093);
#681=VERTEX_POINT('',#2095);
#682=VERTEX_POINT('',#2099);
#683=VERTEX_POINT('',#2101);
#684=VERTEX_POINT('',#2105);
#685=VERTEX_POINT('',#2107);
#686=VERTEX_POINT('',#2111);
#687=VERTEX_POINT('',#2113);
#688=VERTEX_POINT('',#2117);
#689=VERTEX_POINT('',#2119);
#690=VERTEX_POINT('',#2123);
#691=VERTEX_POINT('',#2125);
#692=VERTEX_POINT('',#2129);
#693=VERTEX_POINT('',#2131);
#694=VERTEX_POINT('',#2141);
#695=VERTEX_POINT('',#2142);
#696=VERTEX_POINT('',#2144);
#697=VERTEX_POINT('',#2146);
#698=VERTEX_POINT('',#2150);
#699=VERTEX_POINT('',#2152);
#700=VERTEX_POINT('',#2156);
#701=VERTEX_POINT('',#2158);
#702=VERTEX_POINT('',#2162);
#703=VERTEX_POINT('',#2164);
#704=VERTEX_POINT('',#2168);
#705=VERTEX_POINT('',#2170);
#706=VERTEX_POINT('',#2174);
#707=VERTEX_POINT('',#2176);
#708=VERTEX_POINT('',#2180);
#709=VERTEX_POINT('',#2182);
#710=VERTEX_POINT('',#2186);
#711=VERTEX_POINT('',#2188);
#712=VERTEX_POINT('',#2192);
#713=VERTEX_POINT('',#2194);
#714=VERTEX_POINT('',#2198);
#715=VERTEX_POINT('',#2200);
#716=VERTEX_POINT('',#2204);
#717=VERTEX_POINT('',#2206);
#718=VERTEX_POINT('',#2216);
#719=VERTEX_POINT('',#2219);
#720=LINE('',#1850,#860);
#721=LINE('',#1853,#861);
#722=LINE('',#1855,#862);
#723=LINE('',#1857,#863);
#724=LINE('',#1861,#864);
#725=LINE('',#1864,#865);
#726=LINE('',#1866,#866);
#727=LINE('',#1868,#867);
#728=LINE('',#1870,#868);
#729=LINE('',#1872,#869);
#730=LINE('',#1874,#870);
#731=LINE('',#1876,#871);
#732=LINE('',#1878,#872);
#733=LINE('',#1880,#873);
#734=LINE('',#1882,#874);
#735=LINE('',#1884,#875);
#736=LINE('',#1886,#876);
#737=LINE('',#1888,#877);
#738=LINE('',#1890,#878);
#739=LINE('',#1892,#879);
#740=LINE('',#1894,#880);
#741=LINE('',#1895,#881);
#742=LINE('',#1896,#882);
#743=LINE('',#1897,#883);
#744=LINE('',#1899,#884);
#745=LINE('',#1900,#885);
#746=LINE('',#1901,#886);
#747=LINE('',#1902,#887);
#748=LINE('',#1915,#888);
#749=LINE('',#1918,#889);
#750=LINE('',#1920,#890);
#751=LINE('',#1922,#891);
#752=LINE('',#1924,#892);
#753=LINE('',#1926,#893);
#754=LINE('',#1928,#894);
#755=LINE('',#1932,#895);
#756=LINE('',#1936,#896);
#757=LINE('',#1938,#897);
#758=LINE('',#1940,#898);
#759=LINE('',#1944,#899);
#760=LINE('',#1948,#900);
#761=LINE('',#1950,#901);
#762=LINE('',#1952,#902);
#763=LINE('',#1954,#903);
#764=LINE('',#1956,#904);
#765=LINE('',#1958,#905);
#766=LINE('',#1960,#906);
#767=LINE('',#1962,#907);
#768=LINE('',#1964,#908);
#769=LINE('',#1968,#909);
#770=LINE('',#1972,#910);
#771=LINE('',#1974,#911);
#772=LINE('',#1976,#912);
#773=LINE('',#1980,#913);
#774=LINE('',#1984,#914);
#775=LINE('',#1985,#915);
#776=LINE('',#1990,#916);
#777=LINE('',#1993,#917);
#778=LINE('',#1995,#918);
#779=LINE('',#1997,#919);
#780=LINE('',#1999,#920);
#781=LINE('',#2001,#921);
#782=LINE('',#2003,#922);
#783=LINE('',#2009,#923);
#784=LINE('',#2011,#924);
#785=LINE('',#2013,#925);
#786=LINE('',#2015,#926);
#787=LINE('',#2021,#927);
#788=LINE('',#2023,#928);
#789=LINE('',#2025,#929);
#790=LINE('',#2027,#930);
#791=LINE('',#2029,#931);
#792=LINE('',#2031,#932);
#793=LINE('',#2033,#933);
#794=LINE('',#2035,#934);
#795=LINE('',#2037,#935);
#796=LINE('',#2039,#936);
#797=LINE('',#2045,#937);
#798=LINE('',#2047,#938);
#799=LINE('',#2049,#939);
#800=LINE('',#2051,#940);
#801=LINE('',#2057,#941);
#802=LINE('',#2059,#942);
#803=LINE('',#2060,#943);
#804=LINE('',#2065,#944);
#805=LINE('',#2068,#945);
#806=LINE('',#2070,#946);
#807=LINE('',#2072,#947);
#808=LINE('',#2074,#948);
#809=LINE('',#2076,#949);
#810=LINE('',#2078,#950);
#811=LINE('',#2084,#951);
#812=LINE('',#2086,#952);
#813=LINE('',#2088,#953);
#814=LINE('',#2090,#954);
#815=LINE('',#2096,#955);
#816=LINE('',#2098,#956);
#817=LINE('',#2100,#957);
#818=LINE('',#2102,#958);
#819=LINE('',#2104,#959);
#820=LINE('',#2106,#960);
#821=LINE('',#2108,#961);
#822=LINE('',#2110,#962);
#823=LINE('',#2112,#963);
#824=LINE('',#2114,#964);
#825=LINE('',#2120,#965);
#826=LINE('',#2122,#966);
#827=LINE('',#2124,#967);
#828=LINE('',#2126,#968);
#829=LINE('',#2132,#969);
#830=LINE('',#2134,#970);
#831=LINE('',#2135,#971);
#832=LINE('',#2140,#972);
#833=LINE('',#2143,#973);
#834=LINE('',#2145,#974);
#835=LINE('',#2147,#975);
#836=LINE('',#2149,#976);
#837=LINE('',#2151,#977);
#838=LINE('',#2153,#978);
#839=LINE('',#2157,#979);
#840=LINE('',#2161,#980);
#841=LINE('',#2163,#981);
#842=LINE('',#2165,#982);
#843=LINE('',#2169,#983);
#844=LINE('',#2173,#984);
#845=LINE('',#2175,#985);
#846=LINE('',#2177,#986);
#847=LINE('',#2179,#987);
#848=LINE('',#2181,#988);
#849=LINE('',#2183,#989);
#850=LINE('',#2185,#990);
#851=LINE('',#2187,#991);
#852=LINE('',#2189,#992);
#853=LINE('',#2193,#993);
#854=LINE('',#2197,#994);
#855=LINE('',#2199,#995);
#856=LINE('',#2201,#996);
#857=LINE('',#2205,#997);
#858=LINE('',#2209,#998);
#859=LINE('',#2210,#999);
#860=VECTOR('',#1478,1.);
#861=VECTOR('',#1479,1.);
#862=VECTOR('',#1480,1.);
#863=VECTOR('',#1481,1.);
#864=VECTOR('',#1486,1.);
#865=VECTOR('',#1487,1.);
#866=VECTOR('',#1488,1.);
#867=VECTOR('',#1489,1.);
#868=VECTOR('',#1492,1.);
#869=VECTOR('',#1493,1.);
#870=VECTOR('',#1494,1.);
#871=VECTOR('',#1497,1.);
#872=VECTOR('',#1498,1.);
#873=VECTOR('',#1499,1.);
#874=VECTOR('',#1502,1.);
#875=VECTOR('',#1503,1.);
#876=VECTOR('',#1504,1.);
#877=VECTOR('',#1507,1.);
#878=VECTOR('',#1508,1.);
#879=VECTOR('',#1509,1.);
#880=VECTOR('',#1512,1.);
#881=VECTOR('',#1513,1.);
#882=VECTOR('',#1514,1.);
#883=VECTOR('',#1515,1.);
#884=VECTOR('',#1518,1.);
#885=VECTOR('',#1519,1.);
#886=VECTOR('',#1520,1.);
#887=VECTOR('',#1521,1.);
#888=VECTOR('',#1544,1.);
#889=VECTOR('',#1545,1.);
#890=VECTOR('',#1546,1.);
#891=VECTOR('',#1547,1.);
#892=VECTOR('',#1550,1.);
#893=VECTOR('',#1551,1.);
#894=VECTOR('',#1552,1.);
#895=VECTOR('',#1557,1.);
#896=VECTOR('',#1562,1.);
#897=VECTOR('',#1563,1.);
#898=VECTOR('',#1564,1.);
#899=VECTOR('',#1569,1.);
#900=VECTOR('',#1574,1.);
#901=VECTOR('',#1575,1.);
#902=VECTOR('',#1576,1.);
#903=VECTOR('',#1579,1.);
#904=VECTOR('',#1580,1.);
#905=VECTOR('',#1581,1.);
#906=VECTOR('',#1584,1.);
#907=VECTOR('',#1585,1.);
#908=VECTOR('',#1586,1.);
#909=VECTOR('',#1591,1.);
#910=VECTOR('',#1596,1.);
#911=VECTOR('',#1597,1.);
#912=VECTOR('',#1598,1.);
#913=VECTOR('',#1603,1.);
#914=VECTOR('',#1608,1.);
#915=VECTOR('',#1609,1.);
#916=VECTOR('',#1618,1.);
#917=VECTOR('',#1619,1.);
#918=VECTOR('',#1620,1.);
#919=VECTOR('',#1621,1.);
#920=VECTOR('',#1624,1.);
#921=VECTOR('',#1625,1.);
#922=VECTOR('',#1626,1.);
#923=VECTOR('',#1633,1.);
#924=VECTOR('',#1636,1.);
#925=VECTOR('',#1637,1.);
#926=VECTOR('',#1638,1.);
#927=VECTOR('',#1645,1.);
#928=VECTOR('',#1648,1.);
#929=VECTOR('',#1649,1.);
#930=VECTOR('',#1650,1.);
#931=VECTOR('',#1653,1.);
#932=VECTOR('',#1654,1.);
#933=VECTOR('',#1655,1.);
#934=VECTOR('',#1658,1.);
#935=VECTOR('',#1659,1.);
#936=VECTOR('',#1660,1.);
#937=VECTOR('',#1667,1.);
#938=VECTOR('',#1670,1.);
#939=VECTOR('',#1671,1.);
#940=VECTOR('',#1672,1.);
#941=VECTOR('',#1679,1.);
#942=VECTOR('',#1682,1.);
#943=VECTOR('',#1683,1.);
#944=VECTOR('',#1692,1.);
#945=VECTOR('',#1693,1.);
#946=VECTOR('',#1694,1.);
#947=VECTOR('',#1695,1.);
#948=VECTOR('',#1698,1.);
#949=VECTOR('',#1699,1.);
#950=VECTOR('',#1700,1.);
#951=VECTOR('',#1707,1.);
#952=VECTOR('',#1710,1.);
#953=VECTOR('',#1711,1.);
#954=VECTOR('',#1712,1.);
#955=VECTOR('',#1719,1.);
#956=VECTOR('',#1722,1.);
#957=VECTOR('',#1723,1.);
#958=VECTOR('',#1724,1.);
#959=VECTOR('',#1727,1.);
#960=VECTOR('',#1728,1.);
#961=VECTOR('',#1729,1.);
#962=VECTOR('',#1732,1.);
#963=VECTOR('',#1733,1.);
#964=VECTOR('',#1734,1.);
#965=VECTOR('',#1741,1.);
#966=VECTOR('',#1744,1.);
#967=VECTOR('',#1745,1.);
#968=VECTOR('',#1746,1.);
#969=VECTOR('',#1753,1.);
#970=VECTOR('',#1756,1.);
#971=VECTOR('',#1757,1.);
#972=VECTOR('',#1766,1.);
#973=VECTOR('',#1767,1.);
#974=VECTOR('',#1768,1.);
#975=VECTOR('',#1769,1.);
#976=VECTOR('',#1772,1.);
#977=VECTOR('',#1773,1.);
#978=VECTOR('',#1774,1.);
#979=VECTOR('',#1779,1.);
#980=VECTOR('',#1784,1.);
#981=VECTOR('',#1785,1.);
#982=VECTOR('',#1786,1.);
#983=VECTOR('',#1791,1.);
#984=VECTOR('',#1796,1.);
#985=VECTOR('',#1797,1.);
#986=VECTOR('',#1798,1.);
#987=VECTOR('',#1801,1.);
#988=VECTOR('',#1802,1.);
#989=VECTOR('',#1803,1.);
#990=VECTOR('',#1806,1.);
#991=VECTOR('',#1807,1.);
#992=VECTOR('',#1808,1.);
#993=VECTOR('',#1813,1.);
#994=VECTOR('',#1818,1.);
#995=VECTOR('',#1819,1.);
#996=VECTOR('',#1820,1.);
#997=VECTOR('',#1825,1.);
#998=VECTOR('',#1830,1.);
#999=VECTOR('',#1831,1.);
#1000=EDGE_LOOP('',(#76,#77,#78,#79));
#1001=EDGE_LOOP('',(#80));
#1002=EDGE_LOOP('',(#81,#82,#83,#84));
#1003=EDGE_LOOP('',(#85,#86,#87,#88));
#1004=EDGE_LOOP('',(#89,#90,#91,#92));
#1005=EDGE_LOOP('',(#93,#94,#95,#96));
#1006=EDGE_LOOP('',(#97,#98,#99,#100));
#1007=EDGE_LOOP('',(#101,#102,#103,#104));
#1008=EDGE_LOOP('',(#105,#106,#107,#108));
#1009=EDGE_LOOP('',(#109,#110,#111,#112));
#1010=EDGE_LOOP('',(#113,#114,#115,#116));
#1011=EDGE_LOOP('',(#117,#118,#119,#120));
#1012=EDGE_LOOP('',(#121,#122,#123,#124));
#1013=EDGE_LOOP('',(#125,#126,#127,#128));
#1014=EDGE_LOOP('',(#129,#130,#131,#132));
#1015=EDGE_LOOP('',(#133));
#1016=EDGE_LOOP('',(#134));
#1017=EDGE_LOOP('',(#135));
#1018=EDGE_LOOP('',(#136,#137,#138,#139));
#1019=EDGE_LOOP('',(#140,#141,#142,#143));
#1020=EDGE_LOOP('',(#144,#145,#146,#147));
#1021=EDGE_LOOP('',(#148,#149,#150,#151));
#1022=EDGE_LOOP('',(#152,#153,#154,#155));
#1023=EDGE_LOOP('',(#156,#157,#158,#159));
#1024=EDGE_LOOP('',(#160,#161,#162,#163));
#1025=EDGE_LOOP('',(#164,#165,#166,#167));
#1026=EDGE_LOOP('',(#168,#169,#170,#171));
#1027=EDGE_LOOP('',(#172,#173,#174,#175));
#1028=EDGE_LOOP('',(#176,#177,#178,#179));
#1029=EDGE_LOOP('',(#180,#181,#182,#183));
#1030=EDGE_LOOP('',(#184,#185,#186,#187,#188,#189,#190,#191,#192,#193,#194,
#195));
#1031=EDGE_LOOP('',(#196,#197,#198,#199,#200,#201,#202,#203,#204,#205,#206,
#207));
#1032=EDGE_LOOP('',(#208,#209,#210,#211));
#1033=EDGE_LOOP('',(#212,#213,#214,#215));
#1034=EDGE_LOOP('',(#216,#217,#218,#219));
#1035=EDGE_LOOP('',(#220,#221,#222,#223));
#1036=EDGE_LOOP('',(#224,#225,#226,#227));
#1037=EDGE_LOOP('',(#228,#229,#230,#231));
#1038=EDGE_LOOP('',(#232,#233,#234,#235));
#1039=EDGE_LOOP('',(#236,#237,#238,#239));
#1040=EDGE_LOOP('',(#240,#241,#242,#243));
#1041=EDGE_LOOP('',(#244,#245,#246,#247));
#1042=EDGE_LOOP('',(#248,#249,#250,#251));
#1043=EDGE_LOOP('',(#252,#253,#254,#255));
#1044=EDGE_LOOP('',(#256,#257,#258,#259,#260,#261,#262,#263,#264,#265,#266,
#267));
#1045=EDGE_LOOP('',(#268,#269,#270,#271,#272,#273,#274,#275,#276,#277,#278,
#279));
#1046=EDGE_LOOP('',(#280,#281,#282,#283));
#1047=EDGE_LOOP('',(#284,#285,#286,#287));
#1048=EDGE_LOOP('',(#288,#289,#290,#291));
#1049=EDGE_LOOP('',(#292,#293,#294,#295));
#1050=EDGE_LOOP('',(#296,#297,#298,#299));
#1051=EDGE_LOOP('',(#300,#301,#302,#303));
#1052=EDGE_LOOP('',(#304,#305,#306,#307));
#1053=EDGE_LOOP('',(#308,#309,#310,#311));
#1054=EDGE_LOOP('',(#312,#313,#314,#315));
#1055=EDGE_LOOP('',(#316,#317,#318,#319));
#1056=EDGE_LOOP('',(#320,#321,#322,#323));
#1057=EDGE_LOOP('',(#324,#325,#326,#327));
#1058=EDGE_LOOP('',(#328,#329,#330,#331,#332,#333,#334,#335,#336,#337,#338,
#339));
#1059=EDGE_LOOP('',(#340,#341,#342,#343,#344,#345,#346,#347,#348,#349,#350,
#351));
#1060=EDGE_LOOP('',(#352,#353,#354,#355));
#1061=EDGE_LOOP('',(#356,#357,#358,#359));
#1062=EDGE_LOOP('',(#360,#361,#362,#363));
#1063=EDGE_LOOP('',(#364,#365,#366,#367));
#1064=EDGE_LOOP('',(#368,#369,#370,#371));
#1065=EDGE_LOOP('',(#372,#373,#374,#375));
#1066=EDGE_LOOP('',(#376,#377,#378,#379));
#1067=EDGE_LOOP('',(#380,#381,#382,#383));
#1068=EDGE_LOOP('',(#384,#385,#386,#387));
#1069=EDGE_LOOP('',(#388,#389,#390,#391));
#1070=EDGE_LOOP('',(#392,#393,#394,#395));
#1071=EDGE_LOOP('',(#396,#397,#398,#399));
#1072=EDGE_LOOP('',(#400,#401,#402,#403,#404,#405,#406,#407,#408,#409,#410,
#411));
#1073=EDGE_LOOP('',(#412,#413,#414,#415,#416,#417,#418,#419,#420,#421,#422,
#423));
#1074=EDGE_LOOP('',(#424));
#1075=EDGE_LOOP('',(#425));
#1076=EDGE_LOOP('',(#426));
#1077=EDGE_LOOP('',(#427));
#1078=FACE_BOUND('',#1000,.T.);
#1079=FACE_BOUND('',#1001,.T.);
#1080=FACE_BOUND('',#1002,.T.);
#1081=FACE_BOUND('',#1003,.T.);
#1082=FACE_BOUND('',#1004,.T.);
#1083=FACE_BOUND('',#1005,.T.);
#1084=FACE_BOUND('',#1006,.T.);
#1085=FACE_BOUND('',#1007,.T.);
#1086=FACE_BOUND('',#1008,.T.);
#1087=FACE_BOUND('',#1009,.T.);
#1088=FACE_BOUND('',#1010,.T.);
#1089=FACE_BOUND('',#1011,.T.);
#1090=FACE_BOUND('',#1012,.T.);
#1091=FACE_BOUND('',#1013,.T.);
#1092=FACE_BOUND('',#1014,.T.);
#1093=FACE_BOUND('',#1015,.T.);
#1094=FACE_BOUND('',#1016,.T.);
#1095=FACE_BOUND('',#1017,.T.);
#1096=FACE_BOUND('',#1018,.T.);
#1097=FACE_BOUND('',#1019,.T.);
#1098=FACE_BOUND('',#1020,.T.);
#1099=FACE_BOUND('',#1021,.T.);
#1100=FACE_BOUND('',#1022,.T.);
#1101=FACE_BOUND('',#1023,.T.);
#1102=FACE_BOUND('',#1024,.T.);
#1103=FACE_BOUND('',#1025,.T.);
#1104=FACE_BOUND('',#1026,.T.);
#1105=FACE_BOUND('',#1027,.T.);
#1106=FACE_BOUND('',#1028,.T.);
#1107=FACE_BOUND('',#1029,.T.);
#1108=FACE_BOUND('',#1030,.T.);
#1109=FACE_BOUND('',#1031,.T.);
#1110=FACE_BOUND('',#1032,.T.);
#1111=FACE_BOUND('',#1033,.T.);
#1112=FACE_BOUND('',#1034,.T.);
#1113=FACE_BOUND('',#1035,.T.);
#1114=FACE_BOUND('',#1036,.T.);
#1115=FACE_BOUND('',#1037,.T.);
#1116=FACE_BOUND('',#1038,.T.);
#1117=FACE_BOUND('',#1039,.T.);
#1118=FACE_BOUND('',#1040,.T.);
#1119=FACE_BOUND('',#1041,.T.);
#1120=FACE_BOUND('',#1042,.T.);
#1121=FACE_BOUND('',#1043,.T.);
#1122=FACE_BOUND('',#1044,.T.);
#1123=FACE_BOUND('',#1045,.T.);
#1124=FACE_BOUND('',#1046,.T.);
#1125=FACE_BOUND('',#1047,.T.);
#1126=FACE_BOUND('',#1048,.T.);
#1127=FACE_BOUND('',#1049,.T.);
#1128=FACE_BOUND('',#1050,.T.);
#1129=FACE_BOUND('',#1051,.T.);
#1130=FACE_BOUND('',#1052,.T.);
#1131=FACE_BOUND('',#1053,.T.);
#1132=FACE_BOUND('',#1054,.T.);
#1133=FACE_BOUND('',#1055,.T.);
#1134=FACE_BOUND('',#1056,.T.);
#1135=FACE_BOUND('',#1057,.T.);
#1136=FACE_BOUND('',#1058,.T.);
#1137=FACE_BOUND('',#1059,.T.);
#1138=FACE_BOUND('',#1060,.T.);
#1139=FACE_BOUND('',#1061,.T.);
#1140=FACE_BOUND('',#1062,.T.);
#1141=FACE_BOUND('',#1063,.T.);
#1142=FACE_BOUND('',#1064,.T.);
#1143=FACE_BOUND('',#1065,.T.);
#1144=FACE_BOUND('',#1066,.T.);
#1145=FACE_BOUND('',#1067,.T.);
#1146=FACE_BOUND('',#1068,.T.);
#1147=FACE_BOUND('',#1069,.T.);
#1148=FACE_BOUND('',#1070,.T.);
#1149=FACE_BOUND('',#1071,.T.);
#1150=FACE_BOUND('',#1072,.T.);
#1151=FACE_BOUND('',#1073,.T.);
#1152=FACE_BOUND('',#1074,.T.);
#1153=FACE_BOUND('',#1075,.T.);
#1154=FACE_BOUND('',#1076,.T.);
#1155=FACE_BOUND('',#1077,.T.);
#1156=PLANE('',#1358);
#1157=PLANE('',#1359);
#1158=PLANE('',#1361);
#1159=PLANE('',#1362);
#1160=PLANE('',#1363);
#1161=PLANE('',#1364);
#1162=PLANE('',#1365);
#1163=PLANE('',#1366);
#1164=PLANE('',#1367);
#1165=PLANE('',#1368);
#1166=PLANE('',#1369);
#1167=PLANE('',#1370);
#1168=PLANE('',#1371);
#1169=PLANE('',#1372);
#1170=PLANE('',#1375);
#1171=PLANE('',#1377);
#1172=PLANE('',#1378);
#1173=PLANE('',#1382);
#1174=PLANE('',#1386);
#1175=PLANE('',#1387);
#1176=PLANE('',#1388);
#1177=PLANE('',#1392);
#1178=PLANE('',#1396);
#1179=PLANE('',#1397);
#1180=PLANE('',#1398);
#1181=PLANE('',#1400);
#1182=PLANE('',#1401);
#1183=PLANE('',#1405);
#1184=PLANE('',#1409);
#1185=PLANE('',#1410);
#1186=PLANE('',#1411);
#1187=PLANE('',#1415);
#1188=PLANE('',#1419);
#1189=PLANE('',#1420);
#1190=PLANE('',#1421);
#1191=PLANE('',#1423);
#1192=PLANE('',#1424);
#1193=PLANE('',#1428);
#1194=PLANE('',#1432);
#1195=PLANE('',#1433);
#1196=PLANE('',#1434);
#1197=PLANE('',#1438);
#1198=PLANE('',#1442);
#1199=PLANE('',#1443);
#1200=PLANE('',#1444);
#1201=PLANE('',#1446);
#1202=PLANE('',#1447);
#1203=PLANE('',#1451);
#1204=PLANE('',#1455);
#1205=PLANE('',#1456);
#1206=PLANE('',#1457);
#1207=PLANE('',#1461);
#1208=PLANE('',#1465);
#1209=PLANE('',#1466);
#1210=PLANE('',#1467);
#1211=PLANE('',#1469);
#1212=PLANE('',#1473);
#1213=ADVANCED_FACE('',(#1078),#1156,.T.);
#1214=ADVANCED_FACE('',(#1079,#1080),#1157,.F.);
#1215=ADVANCED_FACE('',(#1081),#1158,.F.);
#1216=ADVANCED_FACE('',(#1082),#1159,.F.);
#1217=ADVANCED_FACE('',(#1083),#1160,.T.);
#1218=ADVANCED_FACE('',(#1084),#1161,.T.);
#1219=ADVANCED_FACE('',(#1085),#1162,.T.);
#1220=ADVANCED_FACE('',(#1086),#1163,.F.);
#1221=ADVANCED_FACE('',(#1087),#1164,.F.);
#1222=ADVANCED_FACE('',(#1088),#1165,.T.);
#1223=ADVANCED_FACE('',(#1089),#1166,.T.);
#1224=ADVANCED_FACE('',(#1090),#1167,.F.);
#1225=ADVANCED_FACE('',(#1091),#1168,.T.);
#1226=ADVANCED_FACE('',(#1092),#1169,.F.);
#1227=ADVANCED_FACE('',(#1093,#1094),#22,.F.);
#1228=ADVANCED_FACE('',(#1095),#1170,.T.);
#1229=ADVANCED_FACE('',(#1096),#1171,.T.);
#1230=ADVANCED_FACE('',(#1097),#1172,.T.);
#1231=ADVANCED_FACE('',(#1098),#23,.F.);
#1232=ADVANCED_FACE('',(#1099),#1173,.T.);
#1233=ADVANCED_FACE('',(#1100),#24,.T.);
#1234=ADVANCED_FACE('',(#1101),#1174,.T.);
#1235=ADVANCED_FACE('',(#1102),#1175,.F.);
#1236=ADVANCED_FACE('',(#1103),#1176,.F.);
#1237=ADVANCED_FACE('',(#1104),#25,.F.);
#1238=ADVANCED_FACE('',(#1105),#1177,.F.);
#1239=ADVANCED_FACE('',(#1106),#26,.T.);
#1240=ADVANCED_FACE('',(#1107),#1178,.F.);
#1241=ADVANCED_FACE('',(#1108),#1179,.T.);
#1242=ADVANCED_FACE('',(#1109),#1180,.F.);
#1243=ADVANCED_FACE('',(#1110),#1181,.T.);
#1244=ADVANCED_FACE('',(#1111),#1182,.T.);
#1245=ADVANCED_FACE('',(#1112),#27,.F.);
#1246=ADVANCED_FACE('',(#1113),#1183,.T.);
#1247=ADVANCED_FACE('',(#1114),#28,.T.);
#1248=ADVANCED_FACE('',(#1115),#1184,.T.);
#1249=ADVANCED_FACE('',(#1116),#1185,.F.);
#1250=ADVANCED_FACE('',(#1117),#1186,.F.);
#1251=ADVANCED_FACE('',(#1118),#29,.F.);
#1252=ADVANCED_FACE('',(#1119),#1187,.F.);
#1253=ADVANCED_FACE('',(#1120),#30,.T.);
#1254=ADVANCED_FACE('',(#1121),#1188,.F.);
#1255=ADVANCED_FACE('',(#1122),#1189,.T.);
#1256=ADVANCED_FACE('',(#1123),#1190,.F.);
#1257=ADVANCED_FACE('',(#1124),#1191,.T.);
#1258=ADVANCED_FACE('',(#1125),#1192,.T.);
#1259=ADVANCED_FACE('',(#1126),#31,.F.);
#1260=ADVANCED_FACE('',(#1127),#1193,.T.);
#1261=ADVANCED_FACE('',(#1128),#32,.T.);
#1262=ADVANCED_FACE('',(#1129),#1194,.T.);
#1263=ADVANCED_FACE('',(#1130),#1195,.F.);
#1264=ADVANCED_FACE('',(#1131),#1196,.F.);
#1265=ADVANCED_FACE('',(#1132),#33,.F.);
#1266=ADVANCED_FACE('',(#1133),#1197,.F.);
#1267=ADVANCED_FACE('',(#1134),#34,.T.);
#1268=ADVANCED_FACE('',(#1135),#1198,.F.);
#1269=ADVANCED_FACE('',(#1136),#1199,.T.);
#1270=ADVANCED_FACE('',(#1137),#1200,.F.);
#1271=ADVANCED_FACE('',(#1138),#1201,.T.);
#1272=ADVANCED_FACE('',(#1139),#1202,.T.);
#1273=ADVANCED_FACE('',(#1140),#35,.F.);
#1274=ADVANCED_FACE('',(#1141),#1203,.T.);
#1275=ADVANCED_FACE('',(#1142),#36,.T.);
#1276=ADVANCED_FACE('',(#1143),#1204,.T.);
#1277=ADVANCED_FACE('',(#1144),#1205,.F.);
#1278=ADVANCED_FACE('',(#1145),#1206,.F.);
#1279=ADVANCED_FACE('',(#1146),#37,.F.);
#1280=ADVANCED_FACE('',(#1147),#1207,.F.);
#1281=ADVANCED_FACE('',(#1148),#38,.T.);
#1282=ADVANCED_FACE('',(#1149),#1208,.F.);
#1283=ADVANCED_FACE('',(#1150),#1209,.T.);
#1284=ADVANCED_FACE('',(#1151),#1210,.F.);
#1285=ADVANCED_FACE('',(#1152),#1211,.F.);
#1286=ADVANCED_FACE('',(#1153,#1154),#39,.T.);
#1287=ADVANCED_FACE('',(#1155),#1212,.F.);
#1288=CLOSED_SHELL('',(#1213,#1214,#1215,#1216,#1217,#1218,#1219,#1220,
#1221,#1222,#1223,#1224,#1225,#1226,#1227,#1228));
#1289=CLOSED_SHELL('',(#1229,#1230,#1231,#1232,#1233,#1234,#1235,#1236,
#1237,#1238,#1239,#1240,#1241,#1242));
#1290=CLOSED_SHELL('',(#1243,#1244,#1245,#1246,#1247,#1248,#1249,#1250,
#1251,#1252,#1253,#1254,#1255,#1256));
#1291=CLOSED_SHELL('',(#1257,#1258,#1259,#1260,#1261,#1262,#1263,#1264,
#1265,#1266,#1267,#1268,#1269,#1270));
#1292=CLOSED_SHELL('',(#1271,#1272,#1273,#1274,#1275,#1276,#1277,#1278,
#1279,#1280,#1281,#1282,#1283,#1284));
#1293=CLOSED_SHELL('',(#1285,#1286,#1287));
#1294=STYLED_ITEM('',(#1300),#1339);
#1295=STYLED_ITEM('',(#1301),#1340);
#1296=STYLED_ITEM('',(#1302),#1341);
#1297=STYLED_ITEM('',(#1303),#1342);
#1298=STYLED_ITEM('',(#1304),#1343);
#1299=STYLED_ITEM('',(#1305),#1344);
#1300=PRESENTATION_STYLE_ASSIGNMENT((#1306));
#1301=PRESENTATION_STYLE_ASSIGNMENT((#1307));
#1302=PRESENTATION_STYLE_ASSIGNMENT((#1308));
#1303=PRESENTATION_STYLE_ASSIGNMENT((#1309));
#1304=PRESENTATION_STYLE_ASSIGNMENT((#1310));
#1305=PRESENTATION_STYLE_ASSIGNMENT((#1311));
#1306=SURFACE_STYLE_USAGE(.BOTH.,#1312);
#1307=SURFACE_STYLE_USAGE(.BOTH.,#1313);
#1308=SURFACE_STYLE_USAGE(.BOTH.,#1314);
#1309=SURFACE_STYLE_USAGE(.BOTH.,#1315);
#1310=SURFACE_STYLE_USAGE(.BOTH.,#1316);
#1311=SURFACE_STYLE_USAGE(.BOTH.,#1317);
#1312=SURFACE_SIDE_STYLE('',(#1318));
#1313=SURFACE_SIDE_STYLE('',(#1319));
#1314=SURFACE_SIDE_STYLE('',(#1320));
#1315=SURFACE_SIDE_STYLE('',(#1321));
#1316=SURFACE_SIDE_STYLE('',(#1322));
#1317=SURFACE_SIDE_STYLE('',(#1323));
#1318=SURFACE_STYLE_FILL_AREA(#1324);
#1319=SURFACE_STYLE_FILL_AREA(#1325);
#1320=SURFACE_STYLE_FILL_AREA(#1326);
#1321=SURFACE_STYLE_FILL_AREA(#1327);
#1322=SURFACE_STYLE_FILL_AREA(#1328);
#1323=SURFACE_STYLE_FILL_AREA(#1329);
#1324=FILL_AREA_STYLE('',(#1330));
#1325=FILL_AREA_STYLE('',(#1331));
#1326=FILL_AREA_STYLE('',(#1332));
#1327=FILL_AREA_STYLE('',(#1333));
#1328=FILL_AREA_STYLE('',(#1334));
#1329=FILL_AREA_STYLE('',(#1335));
#1330=FILL_AREA_STYLE_COLOUR('',#1336);
#1331=FILL_AREA_STYLE_COLOUR('',#1337);
#1332=FILL_AREA_STYLE_COLOUR('',#1337);
#1333=FILL_AREA_STYLE_COLOUR('',#1337);
#1334=FILL_AREA_STYLE_COLOUR('',#1337);
#1335=FILL_AREA_STYLE_COLOUR('',#1338);
#1336=COLOUR_RGB('',0.2,0.2,0.2);
#1337=COLOUR_RGB('',0.8,0.8,0.8);
#1338=COLOUR_RGB('',0.870588235294118,0.870588235294118,0.870588235294118);
#1339=MANIFOLD_SOLID_BREP('Part 1',#1288);
#1340=MANIFOLD_SOLID_BREP('Part 2',#1289);
#1341=MANIFOLD_SOLID_BREP('Part 4',#1290);
#1342=MANIFOLD_SOLID_BREP('Part 6',#1291);
#1343=MANIFOLD_SOLID_BREP('Part 8',#1292);
#1344=MANIFOLD_SOLID_BREP('Part 10',#1293);
#1345=SHAPE_DEFINITION_REPRESENTATION(#2257,#1351);
#1346=SHAPE_DEFINITION_REPRESENTATION(#2258,#1352);
#1347=SHAPE_DEFINITION_REPRESENTATION(#2259,#1353);
#1348=SHAPE_DEFINITION_REPRESENTATION(#2260,#1354);
#1349=SHAPE_DEFINITION_REPRESENTATION(#2261,#1355);
#1350=SHAPE_DEFINITION_REPRESENTATION(#2262,#1356);
#1351=SHAPE_REPRESENTATION('Part 1',(#1357),#2227);
#1352=SHAPE_REPRESENTATION('Part 2',(#1376),#2228);
#1353=SHAPE_REPRESENTATION('Part 4',(#1399),#2229);
#1354=SHAPE_REPRESENTATION('Part 6',(#1422),#2230);
#1355=SHAPE_REPRESENTATION('Part 8',(#1445),#2231);
#1356=SHAPE_REPRESENTATION('Part 10',(#1468),#2232);
#1357=AXIS2_PLACEMENT_3D('',#1848,#1474,#1475);
#1358=AXIS2_PLACEMENT_3D('',#1849,#1476,#1477);
#1359=AXIS2_PLACEMENT_3D('',#1858,#1482,#1483);
#1360=AXIS2_PLACEMENT_3D('',#1859,#1484,#1485);
#1361=AXIS2_PLACEMENT_3D('',#1869,#1490,#1491);
#1362=AXIS2_PLACEMENT_3D('',#1875,#1495,#1496);
#1363=AXIS2_PLACEMENT_3D('',#1881,#1500,#1501);
#1364=AXIS2_PLACEMENT_3D('',#1887,#1505,#1506);
#1365=AXIS2_PLACEMENT_3D('',#1893,#1510,#1511);
#1366=AXIS2_PLACEMENT_3D('',#1898,#1516,#1517);
#1367=AXIS2_PLACEMENT_3D('',#1903,#1522,#1523);
#1368=AXIS2_PLACEMENT_3D('',#1904,#1524,#1525);
#1369=AXIS2_PLACEMENT_3D('',#1905,#1526,#1527);
#1370=AXIS2_PLACEMENT_3D('',#1906,#1528,#1529);
#1371=AXIS2_PLACEMENT_3D('',#1907,#1530,#1531);
#1372=AXIS2_PLACEMENT_3D('',#1908,#1532,#1533);
#1373=AXIS2_PLACEMENT_3D('',#1909,#1534,#1535);
#1374=AXIS2_PLACEMENT_3D('',#1910,#1536,#1537);
#1375=AXIS2_PLACEMENT_3D('',#1912,#1538,#1539);
#1376=AXIS2_PLACEMENT_3D('',#1913,#1540,#1541);
#1377=AXIS2_PLACEMENT_3D('',#1914,#1542,#1543);
#1378=AXIS2_PLACEMENT_3D('',#1923,#1548,#1549);
#1379=AXIS2_PLACEMENT_3D('',#1929,#1553,#1554);
#1380=AXIS2_PLACEMENT_3D('',#1930,#1555,#1556);
#1381=AXIS2_PLACEMENT_3D('',#1934,#1558,#1559);
#1382=AXIS2_PLACEMENT_3D('',#1935,#1560,#1561);
#1383=AXIS2_PLACEMENT_3D('',#1941,#1565,#1566);
#1384=AXIS2_PLACEMENT_3D('',#1942,#1567,#1568);
#1385=AXIS2_PLACEMENT_3D('',#1946,#1570,#1571);
#1386=AXIS2_PLACEMENT_3D('',#1947,#1572,#1573);
#1387=AXIS2_PLACEMENT_3D('',#1953,#1577,#1578);
#1388=AXIS2_PLACEMENT_3D('',#1959,#1582,#1583);
#1389=AXIS2_PLACEMENT_3D('',#1965,#1587,#1588);
#1390=AXIS2_PLACEMENT_3D('',#1966,#1589,#1590);
#1391=AXIS2_PLACEMENT_3D('',#1970,#1592,#1593);
#1392=AXIS2_PLACEMENT_3D('',#1971,#1594,#1595);
#1393=AXIS2_PLACEMENT_3D('',#1977,#1599,#1600);
#1394=AXIS2_PLACEMENT_3D('',#1978,#1601,#1602);
#1395=AXIS2_PLACEMENT_3D('',#1982,#1604,#1605);
#1396=AXIS2_PLACEMENT_3D('',#1983,#1606,#1607);
#1397=AXIS2_PLACEMENT_3D('',#1986,#1610,#1611);
#1398=AXIS2_PLACEMENT_3D('',#1987,#1612,#1613);
#1399=AXIS2_PLACEMENT_3D('',#1988,#1614,#1615);
#1400=AXIS2_PLACEMENT_3D('',#1989,#1616,#1617);
#1401=AXIS2_PLACEMENT_3D('',#1998,#1622,#1623);
#1402=AXIS2_PLACEMENT_3D('',#2004,#1627,#1628);
#1403=AXIS2_PLACEMENT_3D('',#2005,#1629,#1630);
#1404=AXIS2_PLACEMENT_3D('',#2007,#1631,#1632);
#1405=AXIS2_PLACEMENT_3D('',#2010,#1634,#1635);
#1406=AXIS2_PLACEMENT_3D('',#2016,#1639,#1640);
#1407=AXIS2_PLACEMENT_3D('',#2017,#1641,#1642);
#1408=AXIS2_PLACEMENT_3D('',#2019,#1643,#1644);
#1409=AXIS2_PLACEMENT_3D('',#2022,#1646,#1647);
#1410=AXIS2_PLACEMENT_3D('',#2028,#1651,#1652);
#1411=AXIS2_PLACEMENT_3D('',#2034,#1656,#1657);
#1412=AXIS2_PLACEMENT_3D('',#2040,#1661,#1662);
#1413=AXIS2_PLACEMENT_3D('',#2041,#1663,#1664);
#1414=AXIS2_PLACEMENT_3D('',#2043,#1665,#1666);
#1415=AXIS2_PLACEMENT_3D('',#2046,#1668,#1669);
#1416=AXIS2_PLACEMENT_3D('',#2052,#1673,#1674);
#1417=AXIS2_PLACEMENT_3D('',#2053,#1675,#1676);
#1418=AXIS2_PLACEMENT_3D('',#2055,#1677,#1678);
#1419=AXIS2_PLACEMENT_3D('',#2058,#1680,#1681);
#1420=AXIS2_PLACEMENT_3D('',#2061,#1684,#1685);
#1421=AXIS2_PLACEMENT_3D('',#2062,#1686,#1687);
#1422=AXIS2_PLACEMENT_3D('',#2063,#1688,#1689);
#1423=AXIS2_PLACEMENT_3D('',#2064,#1690,#1691);
#1424=AXIS2_PLACEMENT_3D('',#2073,#1696,#1697);
#1425=AXIS2_PLACEMENT_3D('',#2079,#1701,#1702);
#1426=AXIS2_PLACEMENT_3D('',#2080,#1703,#1704);
#1427=AXIS2_PLACEMENT_3D('',#2082,#1705,#1706);
#1428=AXIS2_PLACEMENT_3D('',#2085,#1708,#1709);
#1429=AXIS2_PLACEMENT_3D('',#2091,#1713,#1714);
#1430=AXIS2_PLACEMENT_3D('',#2092,#1715,#1716);
#1431=AXIS2_PLACEMENT_3D('',#2094,#1717,#1718);
#1432=AXIS2_PLACEMENT_3D('',#2097,#1720,#1721);
#1433=AXIS2_PLACEMENT_3D('',#2103,#1725,#1726);
#1434=AXIS2_PLACEMENT_3D('',#2109,#1730,#1731);
#1435=AXIS2_PLACEMENT_3D('',#2115,#1735,#1736);
#1436=AXIS2_PLACEMENT_3D('',#2116,#1737,#1738);
#1437=AXIS2_PLACEMENT_3D('',#2118,#1739,#1740);
#1438=AXIS2_PLACEMENT_3D('',#2121,#1742,#1743);
#1439=AXIS2_PLACEMENT_3D('',#2127,#1747,#1748);
#1440=AXIS2_PLACEMENT_3D('',#2128,#1749,#1750);
#1441=AXIS2_PLACEMENT_3D('',#2130,#1751,#1752);
#1442=AXIS2_PLACEMENT_3D('',#2133,#1754,#1755);
#1443=AXIS2_PLACEMENT_3D('',#2136,#1758,#1759);
#1444=AXIS2_PLACEMENT_3D('',#2137,#1760,#1761);
#1445=AXIS2_PLACEMENT_3D('',#2138,#1762,#1763);
#1446=AXIS2_PLACEMENT_3D('',#2139,#1764,#1765);
#1447=AXIS2_PLACEMENT_3D('',#2148,#1770,#1771);
#1448=AXIS2_PLACEMENT_3D('',#2154,#1775,#1776);
#1449=AXIS2_PLACEMENT_3D('',#2155,#1777,#1778);
#1450=AXIS2_PLACEMENT_3D('',#2159,#1780,#1781);
#1451=AXIS2_PLACEMENT_3D('',#2160,#1782,#1783);
#1452=AXIS2_PLACEMENT_3D('',#2166,#1787,#1788);
#1453=AXIS2_PLACEMENT_3D('',#2167,#1789,#1790);
#1454=AXIS2_PLACEMENT_3D('',#2171,#1792,#1793);
#1455=AXIS2_PLACEMENT_3D('',#2172,#1794,#1795);
#1456=AXIS2_PLACEMENT_3D('',#2178,#1799,#1800);
#1457=AXIS2_PLACEMENT_3D('',#2184,#1804,#1805);
#1458=AXIS2_PLACEMENT_3D('',#2190,#1809,#1810);
#1459=AXIS2_PLACEMENT_3D('',#2191,#1811,#1812);
#1460=AXIS2_PLACEMENT_3D('',#2195,#1814,#1815);
#1461=AXIS2_PLACEMENT_3D('',#2196,#1816,#1817);
#1462=AXIS2_PLACEMENT_3D('',#2202,#1821,#1822);
#1463=AXIS2_PLACEMENT_3D('',#2203,#1823,#1824);
#1464=AXIS2_PLACEMENT_3D('',#2207,#1826,#1827);
#1465=AXIS2_PLACEMENT_3D('',#2208,#1828,#1829);
#1466=AXIS2_PLACEMENT_3D('',#2211,#1832,#1833);
#1467=AXIS2_PLACEMENT_3D('',#2212,#1834,#1835);
#1468=AXIS2_PLACEMENT_3D('',#2213,#1836,#1837);
#1469=AXIS2_PLACEMENT_3D('',#2214,#1838,#1839);
#1470=AXIS2_PLACEMENT_3D('',#2215,#1840,#1841);
#1471=AXIS2_PLACEMENT_3D('',#2217,#1842,#1843);
#1472=AXIS2_PLACEMENT_3D('',#2218,#1844,#1845);
#1473=AXIS2_PLACEMENT_3D('',#2220,#1846,#1847);
#1474=DIRECTION('',(0.,0.,1.));
#1475=DIRECTION('',(1.,0.,0.));
#1476=DIRECTION('',(1.21951930683523E-16,0.,-1.));
#1477=DIRECTION('',(-1.,0.,-1.21951930683523E-16));
#1478=DIRECTION('',(-1.,0.,0.));
#1479=DIRECTION('',(0.,1.,0.));
#1480=DIRECTION('',(-1.,0.,0.));
#1481=DIRECTION('',(0.,1.,0.));
#1482=DIRECTION('',(2.43903861367046E-16,0.,-1.));
#1483=DIRECTION('',(-1.,0.,-2.43903861367046E-16));
#1484=DIRECTION('',(-2.43903861367046E-16,0.,1.));
#1485=DIRECTION('',(1.,0.,2.43903861367046E-16));
#1486=DIRECTION('',(-1.,0.,0.));
#1487=DIRECTION('',(0.,1.,0.));
#1488=DIRECTION('',(-1.,0.,0.));
#1489=DIRECTION('',(0.,1.,0.));
#1490=DIRECTION('',(-0.984807753012208,0.,0.17364817766693));
#1491=DIRECTION('',(0.17364817766693,0.,0.984807753012208));
#1492=DIRECTION('',(0.171087869746036,0.171087869746036,0.970287525247814));
#1493=DIRECTION('',(0.,1.,0.));
#1494=DIRECTION('',(0.171087869746036,-0.171087869746036,0.970287525247814));
#1495=DIRECTION('',(-0.984807753012208,0.,-0.17364817766693));
#1496=DIRECTION('',(-0.17364817766693,0.,0.984807753012208));
#1497=DIRECTION('',(0.171087869746036,-0.171087869746036,-0.970287525247814));
#1498=DIRECTION('',(0.,1.,0.));
#1499=DIRECTION('',(0.171087869746036,0.171087869746036,-0.970287525247814));
#1500=DIRECTION('',(-0.984807753012208,0.,0.17364817766693));
#1501=DIRECTION('',(0.17364817766693,0.,0.984807753012208));
#1502=DIRECTION('',(-0.171087869746036,-0.171087869746036,-0.970287525247814));
#1503=DIRECTION('',(-0.171087869746036,0.171087869746036,-0.970287525247814));
#1504=DIRECTION('',(0.,1.,0.));
#1505=DIRECTION('',(-0.984807753012208,0.,-0.17364817766693));
#1506=DIRECTION('',(-0.17364817766693,0.,0.984807753012208));
#1507=DIRECTION('',(-0.171087869746035,0.171087869746036,0.970287525247814));
#1508=DIRECTION('',(-0.171087869746035,-0.171087869746036,0.970287525247814));
#1509=DIRECTION('',(0.,1.,0.));
#1510=DIRECTION('',(0.,-1.,0.));
#1511=DIRECTION('',(1.,0.,0.));
#1512=DIRECTION('',(-1.,0.,0.));
#1513=DIRECTION('',(0.,0.,1.));
#1514=DIRECTION('',(-1.,0.,0.));
#1515=DIRECTION('',(0.,0.,1.));
#1516=DIRECTION('',(0.,-1.,0.));
#1517=DIRECTION('',(1.,0.,0.));
#1518=DIRECTION('',(0.,0.,1.));
#1519=DIRECTION('',(-1.,0.,0.));
#1520=DIRECTION('',(0.,0.,1.));
#1521=DIRECTION('',(-1.,0.,0.));
#1522=DIRECTION('',(-1.,0.,0.));
#1523=DIRECTION('',(0.,0.,1.));
#1524=DIRECTION('',(-1.,0.,0.));
#1525=DIRECTION('',(0.,0.,1.));
#1526=DIRECTION('',(0.,-0.984807753012208,-0.17364817766693));
#1527=DIRECTION('',(0.,0.17364817766693,-0.984807753012208));
#1528=DIRECTION('',(0.,-0.984807753012208,0.17364817766693));
#1529=DIRECTION('',(0.,-0.17364817766693,-0.984807753012208));
#1530=DIRECTION('',(0.,0.984807753012208,0.17364817766693));
#1531=DIRECTION('',(0.,-0.17364817766693,0.984807753012208));
#1532=DIRECTION('',(0.,0.984807753012208,-0.17364817766693));
#1533=DIRECTION('',(0.,0.17364817766693,0.984807753012208));
#1534=DIRECTION('',(-2.43903861367046E-16,0.,1.));
#1535=DIRECTION('',(1.,0.,2.43903861367046E-16));
#1536=DIRECTION('',(-2.43903861367046E-16,0.,1.));
#1537=DIRECTION('',(1.,0.,2.43903861367046E-16));
#1538=DIRECTION('',(-2.43903861367046E-16,0.,1.));
#1539=DIRECTION('',(1.,0.,2.43903861367046E-16));
#1540=DIRECTION('',(0.,0.,1.));
#1541=DIRECTION('',(1.,0.,0.));
#1542=DIRECTION('',(1.,0.,0.));
#1543=DIRECTION('',(0.,0.,-1.));
#1544=DIRECTION('',(0.,0.,-1.));
#1545=DIRECTION('',(0.,1.,0.));
#1546=DIRECTION('',(0.,0.,-1.));
#1547=DIRECTION('',(0.,1.,0.));
#1548=DIRECTION('',(-1.84209816887142E-16,0.,1.));
#1549=DIRECTION('',(1.,0.,1.84209816887142E-16));
#1550=DIRECTION('',(1.,0.,1.84209816887142E-16));
#1551=DIRECTION('',(0.,1.,0.));
#1552=DIRECTION('',(1.,0.,1.84209816887142E-16));
#1553=DIRECTION('',(0.,1.,0.));
#1554=DIRECTION('',(0.,0.,1.));
#1555=DIRECTION('',(0.,-1.,0.));
#1556=DIRECTION('',(0.,0.,-1.));
#1557=DIRECTION('',(0.,1.,0.));
#1558=DIRECTION('',(0.,-1.,0.));
#1559=DIRECTION('',(0.,0.,-1.));
#1560=DIRECTION('',(0.939692620785909,0.,0.342020143325668));
#1561=DIRECTION('',(0.342020143325668,0.,-0.939692620785909));
#1562=DIRECTION('',(0.342020143325668,0.,-0.939692620785909));
#1563=DIRECTION('',(0.,1.,0.));
#1564=DIRECTION('',(0.342020143325668,0.,-0.939692620785909));
#1565=DIRECTION('',(0.,1.,0.));
#1566=DIRECTION('',(0.,0.,1.));
#1567=DIRECTION('',(0.,-1.,0.));
#1568=DIRECTION('',(0.,0.,-1.));
#1569=DIRECTION('',(0.,1.,0.));
#1570=DIRECTION('',(0.,-1.,0.));
#1571=DIRECTION('',(0.,0.,-1.));
#1572=DIRECTION('',(0.,0.,1.));
#1573=DIRECTION('',(1.,0.,0.));
#1574=DIRECTION('',(1.,0.,0.));
#1575=DIRECTION('',(0.,1.,0.));
#1576=DIRECTION('',(1.,0.,0.));
#1577=DIRECTION('',(0.99843881893208,0.,0.0558562874662649));
#1578=DIRECTION('',(0.0558562874662649,0.,-0.99843881893208));
#1579=DIRECTION('',(0.0558562874662649,0.,-0.99843881893208));
#1580=DIRECTION('',(0.,1.,0.));
#1581=DIRECTION('',(0.0558562874662649,0.,-0.99843881893208));
#1582=DIRECTION('',(0.,0.,1.));
#1583=DIRECTION('',(1.,0.,0.));
#1584=DIRECTION('',(1.,0.,0.));
#1585=DIRECTION('',(0.,1.,0.));
#1586=DIRECTION('',(1.,0.,0.));
#1587=DIRECTION('',(0.,1.,0.));
#1588=DIRECTION('',(0.,0.,1.));
#1589=DIRECTION('',(0.,-1.,0.));
#1590=DIRECTION('',(0.,0.,-1.));
#1591=DIRECTION('',(0.,1.,0.));
#1592=DIRECTION('',(0.,-1.,0.));
#1593=DIRECTION('',(0.,0.,-1.));
#1594=DIRECTION('',(0.939692620785909,0.,0.342020143325668));
#1595=DIRECTION('',(0.342020143325668,0.,-0.939692620785909));
#1596=DIRECTION('',(0.342020143325668,0.,-0.939692620785909));
#1597=DIRECTION('',(0.,1.,0.));
#1598=DIRECTION('',(0.342020143325668,0.,-0.939692620785909));
#1599=DIRECTION('',(0.,1.,0.));
#1600=DIRECTION('',(0.,0.,1.));
#1601=DIRECTION('',(0.,-1.,0.));
#1602=DIRECTION('',(0.,0.,-1.));
#1603=DIRECTION('',(0.,1.,0.));
#1604=DIRECTION('',(0.,-1.,0.));
#1605=DIRECTION('',(0.,0.,-1.));
#1606=DIRECTION('',(-1.83697019872103E-16,0.,1.));
#1607=DIRECTION('',(1.,0.,1.83697019872103E-16));
#1608=DIRECTION('',(1.,0.,1.83697019872103E-16));
#1609=DIRECTION('',(1.,0.,1.83697019872103E-16));
#1610=DIRECTION('',(0.,-1.,0.));
#1611=DIRECTION('',(1.,0.,0.));
#1612=DIRECTION('',(0.,-1.,0.));
#1613=DIRECTION('',(1.,0.,0.));
#1614=DIRECTION('',(0.,0.,1.));
#1615=DIRECTION('',(1.,0.,0.));
#1616=DIRECTION('',(1.,0.,0.));
#1617=DIRECTION('',(0.,0.,-1.));
#1618=DIRECTION('',(0.,0.,-1.));
#1619=DIRECTION('',(0.,-1.,0.));
#1620=DIRECTION('',(0.,0.,-1.));
#1621=DIRECTION('',(0.,-1.,0.));
#1622=DIRECTION('',(-1.84209816887142E-16,0.,1.));
#1623=DIRECTION('',(1.,0.,1.84209816887142E-16));
#1624=DIRECTION('',(1.,0.,1.84209816887142E-16));
#1625=DIRECTION('',(1.,0.,1.84209816887142E-16));
#1626=DIRECTION('',(0.,-1.,0.));
#1627=DIRECTION('',(0.,-1.,0.));
#1628=DIRECTION('',(0.,0.,1.));
#1629=DIRECTION('',(0.,-1.,0.));
#1630=DIRECTION('',(0.,0.,-1.));
#1631=DIRECTION('',(0.,-1.,0.));
#1632=DIRECTION('',(0.,0.,-1.));
#1633=DIRECTION('',(0.,-1.,0.));
#1634=DIRECTION('',(0.939692620785909,0.,0.342020143325668));
#1635=DIRECTION('',(0.342020143325668,0.,-0.939692620785909));
#1636=DIRECTION('',(0.342020143325668,0.,-0.939692620785909));
#1637=DIRECTION('',(0.342020143325668,0.,-0.939692620785909));
#1638=DIRECTION('',(0.,-1.,0.));
#1639=DIRECTION('',(0.,-1.,0.));
#1640=DIRECTION('',(0.,0.,1.));
#1641=DIRECTION('',(0.,-1.,0.));
#1642=DIRECTION('',(0.,0.,-1.));
#1643=DIRECTION('',(0.,-1.,0.));
#1644=DIRECTION('',(0.,0.,-1.));
#1645=DIRECTION('',(0.,-1.,0.));
#1646=DIRECTION('',(0.,0.,1.));
#1647=DIRECTION('',(1.,0.,0.));
#1648=DIRECTION('',(1.,0.,0.));
#1649=DIRECTION('',(1.,0.,0.));
#1650=DIRECTION('',(0.,-1.,0.));
#1651=DIRECTION('',(0.99843881893208,0.,0.0558562874662649));
#1652=DIRECTION('',(0.0558562874662649,0.,-0.99843881893208));
#1653=DIRECTION('',(0.0558562874662649,0.,-0.99843881893208));
#1654=DIRECTION('',(0.0558562874662649,0.,-0.99843881893208));
#1655=DIRECTION('',(0.,-1.,0.));
#1656=DIRECTION('',(0.,0.,1.));
#1657=DIRECTION('',(1.,0.,0.));
#1658=DIRECTION('',(1.,0.,0.));
#1659=DIRECTION('',(1.,0.,0.));
#1660=DIRECTION('',(0.,-1.,0.));
#1661=DIRECTION('',(0.,-1.,0.));
#1662=DIRECTION('',(0.,0.,1.));
#1663=DIRECTION('',(0.,-1.,0.));
#1664=DIRECTION('',(0.,0.,-1.));
#1665=DIRECTION('',(0.,-1.,0.));
#1666=DIRECTION('',(0.,0.,-1.));
#1667=DIRECTION('',(0.,-1.,0.));
#1668=DIRECTION('',(0.939692620785909,0.,0.342020143325668));
#1669=DIRECTION('',(0.342020143325668,0.,-0.939692620785909));
#1670=DIRECTION('',(0.342020143325668,0.,-0.939692620785909));
#1671=DIRECTION('',(0.342020143325668,0.,-0.939692620785909));
#1672=DIRECTION('',(0.,-1.,0.));
#1673=DIRECTION('',(0.,-1.,0.));
#1674=DIRECTION('',(0.,0.,1.));
#1675=DIRECTION('',(0.,-1.,0.));
#1676=DIRECTION('',(0.,0.,-1.));
#1677=DIRECTION('',(0.,-1.,0.));
#1678=DIRECTION('',(0.,0.,-1.));
#1679=DIRECTION('',(0.,-1.,0.));
#1680=DIRECTION('',(-1.83697019872103E-16,0.,1.));
#1681=DIRECTION('',(1.,0.,1.83697019872103E-16));
#1682=DIRECTION('',(1.,0.,1.83697019872103E-16));
#1683=DIRECTION('',(1.,0.,1.83697019872103E-16));
#1684=DIRECTION('',(0.,1.,0.));
#1685=DIRECTION('',(1.,0.,0.));
#1686=DIRECTION('',(0.,1.,0.));
#1687=DIRECTION('',(1.,0.,0.));
#1688=DIRECTION('',(0.,0.,1.));
#1689=DIRECTION('',(1.,0.,0.));
#1690=DIRECTION('',(-1.,0.,0.));
#1691=DIRECTION('',(0.,0.,-1.));
#1692=DIRECTION('',(0.,0.,-1.));
#1693=DIRECTION('',(0.,1.,0.));
#1694=DIRECTION('',(0.,0.,-1.));
#1695=DIRECTION('',(0.,1.,0.));
#1696=DIRECTION('',(1.84209816887142E-16,0.,1.));
#1697=DIRECTION('',(-1.,0.,1.84209816887142E-16));
#1698=DIRECTION('',(-1.,0.,1.84209816887142E-16));
#1699=DIRECTION('',(-1.,0.,1.84209816887142E-16));
#1700=DIRECTION('',(0.,1.,0.));
#1701=DIRECTION('',(0.,1.,0.));
#1702=DIRECTION('',(0.,0.,1.));
#1703=DIRECTION('',(0.,1.,0.));
#1704=DIRECTION('',(0.,0.,-1.));
#1705=DIRECTION('',(0.,1.,0.));
#1706=DIRECTION('',(0.,0.,-1.));
#1707=DIRECTION('',(0.,1.,0.));
#1708=DIRECTION('',(-0.939692620785909,0.,0.342020143325668));
#1709=DIRECTION('',(-0.342020143325668,0.,-0.939692620785909));
#1710=DIRECTION('',(-0.342020143325668,0.,-0.939692620785909));
#1711=DIRECTION('',(-0.342020143325668,0.,-0.939692620785909));
#1712=DIRECTION('',(0.,1.,0.));
#1713=DIRECTION('',(0.,1.,0.));
#1714=DIRECTION('',(0.,0.,1.));
#1715=DIRECTION('',(0.,1.,0.));
#1716=DIRECTION('',(0.,0.,-1.));
#1717=DIRECTION('',(0.,1.,0.));
#1718=DIRECTION('',(0.,0.,-1.));
#1719=DIRECTION('',(0.,1.,0.));
#1720=DIRECTION('',(0.,0.,1.));
#1721=DIRECTION('',(-1.,0.,0.));
#1722=DIRECTION('',(-1.,0.,0.));
#1723=DIRECTION('',(-1.,0.,0.));
#1724=DIRECTION('',(0.,1.,0.));
#1725=DIRECTION('',(-0.99843881893208,0.,0.0558562874662649));
#1726=DIRECTION('',(-0.0558562874662649,0.,-0.99843881893208));
#1727=DIRECTION('',(-0.0558562874662649,0.,-0.99843881893208));
#1728=DIRECTION('',(-0.0558562874662649,0.,-0.99843881893208));
#1729=DIRECTION('',(0.,1.,0.));
#1730=DIRECTION('',(0.,0.,1.));
#1731=DIRECTION('',(-1.,0.,0.));
#1732=DIRECTION('',(-1.,0.,0.));
#1733=DIRECTION('',(-1.,0.,0.));
#1734=DIRECTION('',(0.,1.,0.));
#1735=DIRECTION('',(0.,1.,0.));
#1736=DIRECTION('',(0.,0.,1.));
#1737=DIRECTION('',(0.,1.,0.));
#1738=DIRECTION('',(0.,0.,-1.));
#1739=DIRECTION('',(0.,1.,0.));
#1740=DIRECTION('',(0.,0.,-1.));
#1741=DIRECTION('',(0.,1.,0.));
#1742=DIRECTION('',(-0.939692620785909,0.,0.342020143325668));
#1743=DIRECTION('',(-0.342020143325668,0.,-0.939692620785909));
#1744=DIRECTION('',(-0.342020143325668,0.,-0.939692620785909));
#1745=DIRECTION('',(-0.342020143325668,0.,-0.939692620785909));
#1746=DIRECTION('',(0.,1.,0.));
#1747=DIRECTION('',(0.,1.,0.));
#1748=DIRECTION('',(0.,0.,1.));
#1749=DIRECTION('',(0.,1.,0.));
#1750=DIRECTION('',(0.,0.,-1.));
#1751=DIRECTION('',(0.,1.,0.));
#1752=DIRECTION('',(0.,0.,-1.));
#1753=DIRECTION('',(0.,1.,0.));
#1754=DIRECTION('',(1.83697019872103E-16,0.,1.));
#1755=DIRECTION('',(-1.,0.,1.83697019872103E-16));
#1756=DIRECTION('',(-1.,0.,1.83697019872103E-16));
#1757=DIRECTION('',(-1.,0.,1.83697019872103E-16));
#1758=DIRECTION('',(0.,-1.,0.));
#1759=DIRECTION('',(-1.,0.,0.));
#1760=DIRECTION('',(0.,-1.,0.));
#1761=DIRECTION('',(-1.,0.,0.));
#1762=DIRECTION('',(0.,0.,1.));
#1763=DIRECTION('',(1.,0.,0.));
#1764=DIRECTION('',(-1.,0.,0.));
#1765=DIRECTION('',(0.,0.,-1.));
#1766=DIRECTION('',(0.,0.,-1.));
#1767=DIRECTION('',(0.,-1.,0.));
#1768=DIRECTION('',(0.,0.,-1.));
#1769=DIRECTION('',(0.,-1.,0.));
#1770=DIRECTION('',(1.84209816887142E-16,0.,1.));
#1771=DIRECTION('',(-1.,0.,1.84209816887142E-16));
#1772=DIRECTION('',(-1.,0.,1.84209816887142E-16));
#1773=DIRECTION('',(0.,-1.,0.));
#1774=DIRECTION('',(-1.,0.,1.84209816887142E-16));
#1775=DIRECTION('',(0.,-1.,0.));
#1776=DIRECTION('',(0.,0.,1.));
#1777=DIRECTION('',(0.,1.,0.));
#1778=DIRECTION('',(0.,0.,-1.));
#1779=DIRECTION('',(0.,-1.,0.));
#1780=DIRECTION('',(0.,1.,0.));
#1781=DIRECTION('',(0.,0.,-1.));
#1782=DIRECTION('',(-0.939692620785909,0.,0.342020143325668));
#1783=DIRECTION('',(-0.342020143325668,0.,-0.939692620785909));
#1784=DIRECTION('',(-0.342020143325668,0.,-0.939692620785909));
#1785=DIRECTION('',(0.,-1.,0.));
#1786=DIRECTION('',(-0.342020143325668,0.,-0.939692620785909));
#1787=DIRECTION('',(0.,-1.,0.));
#1788=DIRECTION('',(0.,0.,1.));
#1789=DIRECTION('',(0.,1.,0.));
#1790=DIRECTION('',(0.,0.,-1.));
#1791=DIRECTION('',(0.,-1.,0.));
#1792=DIRECTION('',(0.,1.,0.));
#1793=DIRECTION('',(0.,0.,-1.));
#1794=DIRECTION('',(0.,0.,1.));
#1795=DIRECTION('',(-1.,0.,0.));
#1796=DIRECTION('',(-1.,0.,0.));
#1797=DIRECTION('',(0.,-1.,0.));
#1798=DIRECTION('',(-1.,0.,0.));
#1799=DIRECTION('',(-0.99843881893208,0.,0.0558562874662649));
#1800=DIRECTION('',(-0.0558562874662649,0.,-0.99843881893208));
#1801=DIRECTION('',(-0.0558562874662649,0.,-0.99843881893208));
#1802=DIRECTION('',(0.,-1.,0.));
#1803=DIRECTION('',(-0.0558562874662649,0.,-0.99843881893208));
#1804=DIRECTION('',(0.,0.,1.));
#1805=DIRECTION('',(-1.,0.,0.));
#1806=DIRECTION('',(-1.,0.,0.));
#1807=DIRECTION('',(0.,-1.,0.));
#1808=DIRECTION('',(-1.,0.,0.));
#1809=DIRECTION('',(0.,-1.,0.));
#1810=DIRECTION('',(0.,0.,1.));
#1811=DIRECTION('',(0.,1.,0.));
#1812=DIRECTION('',(0.,0.,-1.));
#1813=DIRECTION('',(0.,-1.,0.));
#1814=DIRECTION('',(0.,1.,0.));
#1815=DIRECTION('',(0.,0.,-1.));
#1816=DIRECTION('',(-0.939692620785909,0.,0.342020143325668));
#1817=DIRECTION('',(-0.342020143325668,0.,-0.939692620785909));
#1818=DIRECTION('',(-0.342020143325668,0.,-0.939692620785909));
#1819=DIRECTION('',(0.,-1.,0.));
#1820=DIRECTION('',(-0.342020143325668,0.,-0.939692620785909));
#1821=DIRECTION('',(0.,-1.,0.));
#1822=DIRECTION('',(0.,0.,1.));
#1823=DIRECTION('',(0.,1.,0.));
#1824=DIRECTION('',(0.,0.,-1.));
#1825=DIRECTION('',(0.,-1.,0.));
#1826=DIRECTION('',(0.,1.,0.));
#1827=DIRECTION('',(0.,0.,-1.));
#1828=DIRECTION('',(1.83697019872103E-16,0.,1.));
#1829=DIRECTION('',(-1.,0.,1.83697019872103E-16));
#1830=DIRECTION('',(-1.,0.,1.83697019872103E-16));
#1831=DIRECTION('',(-1.,0.,1.83697019872103E-16));
#1832=DIRECTION('',(0.,1.,0.));
#1833=DIRECTION('',(-1.,0.,0.));
#1834=DIRECTION('',(0.,1.,0.));
#1835=DIRECTION('',(-1.,0.,0.));
#1836=DIRECTION('',(0.,0.,1.));
#1837=DIRECTION('',(1.,0.,0.));
#1838=DIRECTION('',(2.43903861367046E-16,0.,-1.));
#1839=DIRECTION('',(-1.,0.,-2.43903861367046E-16));
#1840=DIRECTION('',(2.43903861367046E-16,0.,-1.));
#1841=DIRECTION('',(-1.,0.,-2.43903861367046E-16));
#1842=DIRECTION('',(2.43903861367046E-16,0.,-1.));
#1843=DIRECTION('',(-1.,0.,-2.43903861367046E-16));
#1844=DIRECTION('',(-2.43903861367046E-16,0.,1.));
#1845=DIRECTION('',(1.,0.,2.43903861367046E-16));
#1846=DIRECTION('',(-2.43903861367046E-16,0.,1.));
#1847=DIRECTION('',(1.,0.,2.43903861367046E-16));
#1848=CARTESIAN_POINT('',(0.,0.,0.));
#1849=CARTESIAN_POINT('',(-0.000889040596904623,-0.00185,0.0001));
#1850=CARTESIAN_POINT('',(0.00383148161220324,0.00167808119380925,0.0001));
#1851=CARTESIAN_POINT('',(0.00177808119380925,0.00167808119380925,0.0001));
#1852=CARTESIAN_POINT('',(-0.00177808119380925,0.00167808119380925,0.00010000000000001));
#1853=CARTESIAN_POINT('',(0.00177808119380925,-0.00185,0.00010000000000001));
#1854=CARTESIAN_POINT('',(0.00177808119380925,-0.00167808119380925,0.0001));
#1855=CARTESIAN_POINT('',(0.00383148161220324,-0.00167808119380925,0.0001));
#1856=CARTESIAN_POINT('',(-0.00177808119380925,-0.00167808119380925,0.0001));
#1857=CARTESIAN_POINT('',(-0.00177808119380925,-0.00185,0.00010000000000001));
#1858=CARTESIAN_POINT('',(0.000889040596904623,-0.00185,0.0022));
#1859=CARTESIAN_POINT('',(-0.00137000119380925,0.00127,0.0022));
#1860=CARTESIAN_POINT('',(-0.00112000119380925,0.00127,0.0022));
#1861=CARTESIAN_POINT('',(0.00383148161220324,-0.00167808119380925,0.0022));
#1862=CARTESIAN_POINT('',(0.00177808119380925,-0.00167808119380925,0.0022));
#1863=CARTESIAN_POINT('',(-0.00177808119380925,-0.00167808119380925,0.0022));
#1864=CARTESIAN_POINT('',(0.00177808119380925,-0.00185,0.0022));
#1865=CARTESIAN_POINT('',(0.00177808119380925,0.00167808119380925,0.0022));
#1866=CARTESIAN_POINT('',(0.00383148161220324,0.00167808119380925,0.0022));
#1867=CARTESIAN_POINT('',(-0.00177808119380925,0.00167808119380925,0.0022));
#1868=CARTESIAN_POINT('',(-0.00177808119380925,-0.00185,0.0022));
#1869=CARTESIAN_POINT('',(0.00186404059690462,-0.00185,0.0005875));
#1870=CARTESIAN_POINT('',(0.00175825380073454,0.00165825380073454,-1.24467338750196E-5));
#1871=CARTESIAN_POINT('',(0.00195,0.00185,0.001075));
#1872=CARTESIAN_POINT('',(0.00195,-0.00185,0.001075));
#1873=CARTESIAN_POINT('',(0.00195,-0.00185,0.001075));
#1874=CARTESIAN_POINT('',(0.00186655671967921,-0.00176655671967921,0.000601769641347445));
#1875=CARTESIAN_POINT('',(0.00186404059690462,-0.00185,0.0017125));
#1876=CARTESIAN_POINT('',(0.00186655671967921,-0.00176655671967921,0.00169823035865256));
#1877=CARTESIAN_POINT('',(0.00195,-0.00185,0.001225));
#1878=CARTESIAN_POINT('',(0.00195,-0.00185,0.001225));
#1879=CARTESIAN_POINT('',(0.00195,0.00185,0.001225));
#1880=CARTESIAN_POINT('',(0.00175825380073454,0.00165825380073454,0.00231244673387502));
#1881=CARTESIAN_POINT('',(-0.00186404059690462,-0.00185,0.0017125));
#1882=CARTESIAN_POINT('',(-0.00186655671967921,-0.00176655671967921,0.00169823035865256));
#1883=CARTESIAN_POINT('',(-0.00195,-0.00185,0.001225));
#1884=CARTESIAN_POINT('',(-0.00175825380073454,0.00165825380073454,0.00231244673387502));
#1885=CARTESIAN_POINT('',(-0.00195,0.00185,0.001225));
#1886=CARTESIAN_POINT('',(-0.00195,-0.00185,0.001225));
#1887=CARTESIAN_POINT('',(-0.00186404059690462,-0.00185,0.00058750000000001));
#1888=CARTESIAN_POINT('',(-0.00175825380073454,0.00165825380073454,-1.24467338750146E-5));
#1889=CARTESIAN_POINT('',(-0.00195,0.00185,0.001075));
#1890=CARTESIAN_POINT('',(-0.00186655671967921,-0.00176655671967921,0.00060176964134745));
#1891=CARTESIAN_POINT('',(-0.00195,-0.00185,0.001075));
#1892=CARTESIAN_POINT('',(-0.00195,-0.00185,0.001075));
#1893=CARTESIAN_POINT('',(0.,-0.00185,0.00115));
#1894=CARTESIAN_POINT('',(0.00383148161220324,-0.00185,0.001075));
#1895=CARTESIAN_POINT('',(0.00195,-0.00185,0.00115));
#1896=CARTESIAN_POINT('',(0.00383148161220324,-0.00185,0.001225));
#1897=CARTESIAN_POINT('',(-0.00195,-0.00185,0.00115));
#1898=CARTESIAN_POINT('',(0.,0.00185,0.00115));
#1899=CARTESIAN_POINT('',(0.00195,0.00185,0.00115));
#1900=CARTESIAN_POINT('',(0.00383148161220324,0.00185,0.001075));
#1901=CARTESIAN_POINT('',(-0.00195,0.00185,0.00115));
#1902=CARTESIAN_POINT('',(0.00383148161220324,0.00185,0.001225));
#1903=CARTESIAN_POINT('',(0.00195,-0.00185,0.00115));
#1904=CARTESIAN_POINT('',(-0.00195,-0.00185,0.00115));
#1905=CARTESIAN_POINT('',(0.00383148161220324,-0.00176404059690462,0.0005875));
#1906=CARTESIAN_POINT('',(0.00383148161220324,0.00176404059690462,0.0005875));
#1907=CARTESIAN_POINT('',(0.00383148161220324,0.00176404059690462,0.0017125));
#1908=CARTESIAN_POINT('',(0.00383148161220324,-0.00176404059690462,0.0017125));
#1909=CARTESIAN_POINT('',(-0.00137000119380925,0.00127,0.0021));
#1910=CARTESIAN_POINT('',(-0.00137000119380925,0.00127,0.0021));
#1911=CARTESIAN_POINT('',(-0.00112000119380925,0.00127,0.0021));
#1912=CARTESIAN_POINT('',(-8.38615171355495E-5,0.,0.0021));
#1913=CARTESIAN_POINT('',(0.,0.,0.));
#1914=CARTESIAN_POINT('',(0.0035,-0.00147,7.5E-5));
#1915=CARTESIAN_POINT('',(0.0035,-0.00107,7.5E-5));
#1916=CARTESIAN_POINT('',(0.0035,-0.00107,0.00015));
#1917=CARTESIAN_POINT('',(0.0035,-0.00107,3.52365706057789E-19));
#1918=CARTESIAN_POINT('',(0.0035,-0.00147,0.00015));
#1919=CARTESIAN_POINT('',(0.0035,-0.00147,0.00015));
#1920=CARTESIAN_POINT('',(0.0035,-0.00147,7.5E-5));
#1921=CARTESIAN_POINT('',(0.0035,-0.00147,3.52365706057789E-19));
#1922=CARTESIAN_POINT('',(0.0035,-0.00147,3.52365706057789E-19));
#1923=CARTESIAN_POINT('',(0.00320571541983841,-0.00147,0.00015));
#1924=CARTESIAN_POINT('',(0.00320571541983841,-0.00107,0.00015));
#1925=CARTESIAN_POINT('',(0.00291143083967683,-0.00107,0.00015));
#1926=CARTESIAN_POINT('',(0.00291143083967683,-0.00147,0.00015));
#1927=CARTESIAN_POINT('',(0.00291143083967683,-0.00147,0.00015));
#1928=CARTESIAN_POINT('',(0.00320571541983841,-0.00147,0.00015));
#1929=CARTESIAN_POINT('',(0.00291143083967683,-0.00147,0.000225));
#1930=CARTESIAN_POINT('',(0.00291143083967683,-0.00107,0.000225));
#1931=CARTESIAN_POINT('',(0.00284095389311788,-0.00107,0.000199348489250575));
#1932=CARTESIAN_POINT('',(0.00284095389311788,-0.00147,0.000199348489250575));
#1933=CARTESIAN_POINT('',(0.00284095389311788,-0.00147,0.000199348489250575));
#1934=CARTESIAN_POINT('',(0.00291143083967683,-0.00147,0.000225));
#1935=CARTESIAN_POINT('',(0.00268124265458623,-0.00147,0.000638151510749425));
#1936=CARTESIAN_POINT('',(0.00268124265458623,-0.00107,0.000638151510749425));
#1937=CARTESIAN_POINT('',(0.00252153141605458,-0.00107,0.00107695453224827));
#1938=CARTESIAN_POINT('',(0.00252153141605458,-0.00147,0.00107695453224827));
#1939=CARTESIAN_POINT('',(0.00252153141605458,-0.00147,0.00107695453224827));
#1940=CARTESIAN_POINT('',(0.00268124265458623,-0.00147,0.000638151510749425));
#1941=CARTESIAN_POINT('',(0.00231010057637775,-0.00147,0.001));
#1942=CARTESIAN_POINT('',(0.00231010057637775,-0.00107,0.001));
#1943=CARTESIAN_POINT('',(0.00231010057637775,-0.00107,0.001225));
#1944=CARTESIAN_POINT('',(0.00231010057637775,-0.00147,0.001225));
#1945=CARTESIAN_POINT('',(0.00231010057637775,-0.00147,0.001225));
#1946=CARTESIAN_POINT('',(0.00231010057637775,-0.00147,0.001));
#1947=CARTESIAN_POINT('',(0.00212795240222905,-0.00147,0.001225));
#1948=CARTESIAN_POINT('',(0.00212795240222905,-0.00107,0.001225));
#1949=CARTESIAN_POINT('',(0.00194580422808034,-0.00107,0.001225));
#1950=CARTESIAN_POINT('',(0.00194580422808034,-0.00147,0.001225));
#1951=CARTESIAN_POINT('',(0.00194580422808034,-0.00147,0.001225));
#1952=CARTESIAN_POINT('',(0.00212795240222905,-0.00147,0.001225));
#1953=CARTESIAN_POINT('',(0.00195,-0.00147,0.00115));
#1954=CARTESIAN_POINT('',(0.00195,-0.00107,0.00115));
#1955=CARTESIAN_POINT('',(0.00195419577191966,-0.00107,0.001075));
#1956=CARTESIAN_POINT('',(0.00195419577191966,-0.00147,0.001075));
#1957=CARTESIAN_POINT('',(0.00195419577191966,-0.00147,0.001075));
#1958=CARTESIAN_POINT('',(0.00195,-0.00147,0.00115));
#1959=CARTESIAN_POINT('',(0.0021321481741487,-0.00147,0.001075));
#1960=CARTESIAN_POINT('',(0.0021321481741487,-0.00107,0.001075));
#1961=CARTESIAN_POINT('',(0.00231010057637775,-0.00107,0.001075));
#1962=CARTESIAN_POINT('',(0.00231010057637775,-0.00147,0.001075));
#1963=CARTESIAN_POINT('',(0.00231010057637775,-0.00147,0.001075));
#1964=CARTESIAN_POINT('',(0.0021321481741487,-0.00147,0.001075));
#1965=CARTESIAN_POINT('',(0.00231010057637775,-0.00147,0.001));
#1966=CARTESIAN_POINT('',(0.00231010057637775,-0.00107,0.001));
#1967=CARTESIAN_POINT('',(0.0023805775229367,-0.00107,0.00102565151074942));
#1968=CARTESIAN_POINT('',(0.0023805775229367,-0.00147,0.00102565151074942));
#1969=CARTESIAN_POINT('',(0.0023805775229367,-0.00147,0.00102565151074942));
#1970=CARTESIAN_POINT('',(0.00231010057637775,-0.00147,0.001));
#1971=CARTESIAN_POINT('',(0.00254028876146834,-0.00147,0.000586848489250575));
#1972=CARTESIAN_POINT('',(0.00254028876146834,-0.00107,0.000586848489250575));
#1973=CARTESIAN_POINT('',(0.0027,-0.00107,0.000148045467751725));
#1974=CARTESIAN_POINT('',(0.0027,-0.00147,0.000148045467751725));
#1975=CARTESIAN_POINT('',(0.0027,-0.00147,0.000148045467751725));
#1976=CARTESIAN_POINT('',(0.00254028876146834,-0.00147,0.000586848489250575));
#1977=CARTESIAN_POINT('',(0.00291143083967683,-0.00147,0.000225));
#1978=CARTESIAN_POINT('',(0.00291143083967683,-0.00107,0.000225));
#1979=CARTESIAN_POINT('',(0.00291143083967683,-0.00107,2.43945488809238E-19));
#1980=CARTESIAN_POINT('',(0.00291143083967683,-0.00147,2.43945488809238E-19));
#1981=CARTESIAN_POINT('',(0.00291143083967683,-0.00147,2.43945488809238E-19));
#1982=CARTESIAN_POINT('',(0.00291143083967683,-0.00147,0.000225));
#1983=CARTESIAN_POINT('',(0.00320571541983841,-0.00147,2.98306505687793E-19));
#1984=CARTESIAN_POINT('',(0.00320571541983841,-0.00107,2.98306505687793E-19));
#1985=CARTESIAN_POINT('',(0.00320571541983841,-0.00147,2.98306505687793E-19));
#1986=CARTESIAN_POINT('',(0.00272290211404018,-0.00147,0.0006125));
#1987=CARTESIAN_POINT('',(0.00272290211404018,-0.00107,0.0006125));
#1988=CARTESIAN_POINT('',(0.,0.,0.));
#1989=CARTESIAN_POINT('',(0.0035,0.00147,7.5E-5));
#1990=CARTESIAN_POINT('',(0.0035,0.00107,7.5E-5));
#1991=CARTESIAN_POINT('',(0.0035,0.00107,0.00015));
#1992=CARTESIAN_POINT('',(0.0035,0.00107,3.52365706057789E-19));
#1993=CARTESIAN_POINT('',(0.0035,0.00147,3.52365706057789E-19));
#1994=CARTESIAN_POINT('',(0.0035,0.00147,3.52365706057789E-19));
#1995=CARTESIAN_POINT('',(0.0035,0.00147,7.5E-5));
#1996=CARTESIAN_POINT('',(0.0035,0.00147,0.00015));
#1997=CARTESIAN_POINT('',(0.0035,0.00147,0.00015));
#1998=CARTESIAN_POINT('',(0.00320571541983841,0.00147,0.00015));
#1999=CARTESIAN_POINT('',(0.00320571541983841,0.00107,0.00015));
#2000=CARTESIAN_POINT('',(0.00291143083967683,0.00107,0.00015));
#2001=CARTESIAN_POINT('',(0.00320571541983841,0.00147,0.00015));
#2002=CARTESIAN_POINT('',(0.00291143083967683,0.00147,0.00015));
#2003=CARTESIAN_POINT('',(0.00291143083967683,0.00147,0.00015));
#2004=CARTESIAN_POINT('',(0.00291143083967683,0.00147,0.000225));
#2005=CARTESIAN_POINT('',(0.00291143083967683,0.00107,0.000225));
#2006=CARTESIAN_POINT('',(0.00284095389311788,0.00107,0.000199348489250575));
#2007=CARTESIAN_POINT('',(0.00291143083967683,0.00147,0.000225));
#2008=CARTESIAN_POINT('',(0.00284095389311788,0.00147,0.000199348489250575));
#2009=CARTESIAN_POINT('',(0.00284095389311788,0.00147,0.000199348489250575));
#2010=CARTESIAN_POINT('',(0.00268124265458623,0.00147,0.000638151510749425));
#2011=CARTESIAN_POINT('',(0.00268124265458623,0.00107,0.000638151510749425));
#2012=CARTESIAN_POINT('',(0.00252153141605458,0.00107,0.00107695453224827));
#2013=CARTESIAN_POINT('',(0.00268124265458623,0.00147,0.000638151510749425));
#2014=CARTESIAN_POINT('',(0.00252153141605458,0.00147,0.00107695453224827));
#2015=CARTESIAN_POINT('',(0.00252153141605458,0.00147,0.00107695453224827));
#2016=CARTESIAN_POINT('',(0.00231010057637775,0.00147,0.001));
#2017=CARTESIAN_POINT('',(0.00231010057637775,0.00107,0.001));
#2018=CARTESIAN_POINT('',(0.00231010057637775,0.00107,0.001225));
#2019=CARTESIAN_POINT('',(0.00231010057637775,0.00147,0.001));
#2020=CARTESIAN_POINT('',(0.00231010057637775,0.00147,0.001225));
#2021=CARTESIAN_POINT('',(0.00231010057637775,0.00147,0.001225));
#2022=CARTESIAN_POINT('',(0.00212795240222905,0.00147,0.001225));
#2023=CARTESIAN_POINT('',(0.00212795240222905,0.00107,0.001225));
#2024=CARTESIAN_POINT('',(0.00194580422808034,0.00107,0.001225));
#2025=CARTESIAN_POINT('',(0.00212795240222905,0.00147,0.001225));
#2026=CARTESIAN_POINT('',(0.00194580422808034,0.00147,0.001225));
#2027=CARTESIAN_POINT('',(0.00194580422808034,0.00147,0.001225));
#2028=CARTESIAN_POINT('',(0.00195,0.00147,0.00115));
#2029=CARTESIAN_POINT('',(0.00195,0.00107,0.00115));
#2030=CARTESIAN_POINT('',(0.00195419577191966,0.00107,0.001075));
#2031=CARTESIAN_POINT('',(0.00195,0.00147,0.00115));
#2032=CARTESIAN_POINT('',(0.00195419577191966,0.00147,0.001075));
#2033=CARTESIAN_POINT('',(0.00195419577191966,0.00147,0.001075));
#2034=CARTESIAN_POINT('',(0.0021321481741487,0.00147,0.001075));
#2035=CARTESIAN_POINT('',(0.0021321481741487,0.00107,0.001075));
#2036=CARTESIAN_POINT('',(0.00231010057637775,0.00107,0.001075));
#2037=CARTESIAN_POINT('',(0.0021321481741487,0.00147,0.001075));
#2038=CARTESIAN_POINT('',(0.00231010057637775,0.00147,0.001075));
#2039=CARTESIAN_POINT('',(0.00231010057637775,0.00147,0.001075));
#2040=CARTESIAN_POINT('',(0.00231010057637775,0.00147,0.001));
#2041=CARTESIAN_POINT('',(0.00231010057637775,0.00107,0.001));
#2042=CARTESIAN_POINT('',(0.0023805775229367,0.00107,0.00102565151074942));
#2043=CARTESIAN_POINT('',(0.00231010057637775,0.00147,0.001));
#2044=CARTESIAN_POINT('',(0.0023805775229367,0.00147,0.00102565151074942));
#2045=CARTESIAN_POINT('',(0.0023805775229367,0.00147,0.00102565151074942));
#2046=CARTESIAN_POINT('',(0.00254028876146834,0.00147,0.000586848489250575));
#2047=CARTESIAN_POINT('',(0.00254028876146834,0.00107,0.000586848489250575));
#2048=CARTESIAN_POINT('',(0.0027,0.00107,0.000148045467751725));
#2049=CARTESIAN_POINT('',(0.00254028876146834,0.00147,0.000586848489250575));
#2050=CARTESIAN_POINT('',(0.0027,0.00147,0.000148045467751725));
#2051=CARTESIAN_POINT('',(0.0027,0.00147,0.000148045467751725));
#2052=CARTESIAN_POINT('',(0.00291143083967683,0.00147,0.000225));
#2053=CARTESIAN_POINT('',(0.00291143083967683,0.00107,0.000225));
#2054=CARTESIAN_POINT('',(0.00291143083967683,0.00107,2.43945488809238E-19));
#2055=CARTESIAN_POINT('',(0.00291143083967683,0.00147,0.000225));
#2056=CARTESIAN_POINT('',(0.00291143083967683,0.00147,2.43945488809238E-19));
#2057=CARTESIAN_POINT('',(0.00291143083967683,0.00147,2.43945488809238E-19));
#2058=CARTESIAN_POINT('',(0.00320571541983841,0.00147,2.98306505687793E-19));
#2059=CARTESIAN_POINT('',(0.00320571541983841,0.00107,2.98306505687793E-19));
#2060=CARTESIAN_POINT('',(0.00320571541983841,0.00147,2.98306505687793E-19));
#2061=CARTESIAN_POINT('',(0.00272290211404018,0.00147,0.0006125));
#2062=CARTESIAN_POINT('',(0.00272290211404018,0.00107,0.0006125));
#2063=CARTESIAN_POINT('',(0.,0.,0.));
#2064=CARTESIAN_POINT('',(-0.0035,-0.00147,7.5E-5));
#2065=CARTESIAN_POINT('',(-0.0035,-0.00107,7.5E-5));
#2066=CARTESIAN_POINT('',(-0.0035,-0.00107,0.00015));
#2067=CARTESIAN_POINT('',(-0.0035,-0.00107,3.52365706057789E-19));
#2068=CARTESIAN_POINT('',(-0.0035,-0.00147,3.52365706057789E-19));
#2069=CARTESIAN_POINT('',(-0.0035,-0.00147,3.52365706057789E-19));
#2070=CARTESIAN_POINT('',(-0.0035,-0.00147,7.5E-5));
#2071=CARTESIAN_POINT('',(-0.0035,-0.00147,0.00015));
#2072=CARTESIAN_POINT('',(-0.0035,-0.00147,0.00015));
#2073=CARTESIAN_POINT('',(-0.00320571541983841,-0.00147,0.00015));
#2074=CARTESIAN_POINT('',(-0.00320571541983841,-0.00107,0.00015));
#2075=CARTESIAN_POINT('',(-0.00291143083967683,-0.00107,0.00015));
#2076=CARTESIAN_POINT('',(-0.00320571541983841,-0.00147,0.00015));
#2077=CARTESIAN_POINT('',(-0.00291143083967683,-0.00147,0.00015));
#2078=CARTESIAN_POINT('',(-0.00291143083967683,-0.00147,0.00015));
#2079=CARTESIAN_POINT('',(-0.00291143083967683,-0.00147,0.000225));
#2080=CARTESIAN_POINT('',(-0.00291143083967683,-0.00107,0.000225));
#2081=CARTESIAN_POINT('',(-0.00284095389311788,-0.00107,0.000199348489250575));
#2082=CARTESIAN_POINT('',(-0.00291143083967683,-0.00147,0.000225));
#2083=CARTESIAN_POINT('',(-0.00284095389311788,-0.00147,0.000199348489250575));
#2084=CARTESIAN_POINT('',(-0.00284095389311788,-0.00147,0.000199348489250575));
#2085=CARTESIAN_POINT('',(-0.00268124265458623,-0.00147,0.000638151510749425));
#2086=CARTESIAN_POINT('',(-0.00268124265458623,-0.00107,0.000638151510749425));
#2087=CARTESIAN_POINT('',(-0.00252153141605458,-0.00107,0.00107695453224827));
#2088=CARTESIAN_POINT('',(-0.00268124265458623,-0.00147,0.000638151510749425));
#2089=CARTESIAN_POINT('',(-0.00252153141605458,-0.00147,0.00107695453224827));
#2090=CARTESIAN_POINT('',(-0.00252153141605458,-0.00147,0.00107695453224827));
#2091=CARTESIAN_POINT('',(-0.00231010057637775,-0.00147,0.001));
#2092=CARTESIAN_POINT('',(-0.00231010057637775,-0.00107,0.001));
#2093=CARTESIAN_POINT('',(-0.00231010057637775,-0.00107,0.001225));
#2094=CARTESIAN_POINT('',(-0.00231010057637775,-0.00147,0.001));
#2095=CARTESIAN_POINT('',(-0.00231010057637775,-0.00147,0.001225));
#2096=CARTESIAN_POINT('',(-0.00231010057637775,-0.00147,0.001225));
#2097=CARTESIAN_POINT('',(-0.00212795240222905,-0.00147,0.001225));
#2098=CARTESIAN_POINT('',(-0.00212795240222905,-0.00107,0.001225));
#2099=CARTESIAN_POINT('',(-0.00194580422808034,-0.00107,0.001225));
#2100=CARTESIAN_POINT('',(-0.00212795240222905,-0.00147,0.001225));
#2101=CARTESIAN_POINT('',(-0.00194580422808034,-0.00147,0.001225));
#2102=CARTESIAN_POINT('',(-0.00194580422808034,-0.00147,0.001225));
#2103=CARTESIAN_POINT('',(-0.00195,-0.00147,0.00115));
#2104=CARTESIAN_POINT('',(-0.00195,-0.00107,0.00115));
#2105=CARTESIAN_POINT('',(-0.00195419577191966,-0.00107,0.001075));
#2106=CARTESIAN_POINT('',(-0.00195,-0.00147,0.00115));
#2107=CARTESIAN_POINT('',(-0.00195419577191966,-0.00147,0.001075));
#2108=CARTESIAN_POINT('',(-0.00195419577191966,-0.00147,0.001075));
#2109=CARTESIAN_POINT('',(-0.0021321481741487,-0.00147,0.001075));
#2110=CARTESIAN_POINT('',(-0.0021321481741487,-0.00107,0.001075));
#2111=CARTESIAN_POINT('',(-0.00231010057637775,-0.00107,0.001075));
#2112=CARTESIAN_POINT('',(-0.0021321481741487,-0.00147,0.001075));
#2113=CARTESIAN_POINT('',(-0.00231010057637775,-0.00147,0.001075));
#2114=CARTESIAN_POINT('',(-0.00231010057637775,-0.00147,0.001075));
#2115=CARTESIAN_POINT('',(-0.00231010057637775,-0.00147,0.001));
#2116=CARTESIAN_POINT('',(-0.00231010057637775,-0.00107,0.001));
#2117=CARTESIAN_POINT('',(-0.0023805775229367,-0.00107,0.00102565151074942));
#2118=CARTESIAN_POINT('',(-0.00231010057637775,-0.00147,0.001));
#2119=CARTESIAN_POINT('',(-0.0023805775229367,-0.00147,0.00102565151074942));
#2120=CARTESIAN_POINT('',(-0.0023805775229367,-0.00147,0.00102565151074942));
#2121=CARTESIAN_POINT('',(-0.00254028876146834,-0.00147,0.000586848489250575));
#2122=CARTESIAN_POINT('',(-0.00254028876146834,-0.00107,0.000586848489250575));
#2123=CARTESIAN_POINT('',(-0.0027,-0.00107,0.000148045467751725));
#2124=CARTESIAN_POINT('',(-0.00254028876146834,-0.00147,0.000586848489250575));
#2125=CARTESIAN_POINT('',(-0.0027,-0.00147,0.000148045467751725));
#2126=CARTESIAN_POINT('',(-0.0027,-0.00147,0.000148045467751725));
#2127=CARTESIAN_POINT('',(-0.00291143083967683,-0.00147,0.000225));
#2128=CARTESIAN_POINT('',(-0.00291143083967683,-0.00107,0.000225));
#2129=CARTESIAN_POINT('',(-0.00291143083967683,-0.00107,2.43945488809238E-19));
#2130=CARTESIAN_POINT('',(-0.00291143083967683,-0.00147,0.000225));
#2131=CARTESIAN_POINT('',(-0.00291143083967683,-0.00147,2.43945488809238E-19));
#2132=CARTESIAN_POINT('',(-0.00291143083967683,-0.00147,2.43945488809238E-19));
#2133=CARTESIAN_POINT('',(-0.00320571541983841,-0.00147,2.98306505687793E-19));
#2134=CARTESIAN_POINT('',(-0.00320571541983841,-0.00107,2.98306505687793E-19));
#2135=CARTESIAN_POINT('',(-0.00320571541983841,-0.00147,2.98306505687793E-19));
#2136=CARTESIAN_POINT('',(-0.00272290211404018,-0.00147,0.0006125));
#2137=CARTESIAN_POINT('',(-0.00272290211404018,-0.00107,0.0006125));
#2138=CARTESIAN_POINT('',(0.,0.,0.));
#2139=CARTESIAN_POINT('',(-0.0035,0.00147,7.5E-5));
#2140=CARTESIAN_POINT('',(-0.0035,0.00107,7.5E-5));
#2141=CARTESIAN_POINT('',(-0.0035,0.00107,0.00015));
#2142=CARTESIAN_POINT('',(-0.0035,0.00107,3.52365706057789E-19));
#2143=CARTESIAN_POINT('',(-0.0035,0.00147,0.00015));
#2144=CARTESIAN_POINT('',(-0.0035,0.00147,0.00015));
#2145=CARTESIAN_POINT('',(-0.0035,0.00147,7.5E-5));
#2146=CARTESIAN_POINT('',(-0.0035,0.00147,3.52365706057789E-19));
#2147=CARTESIAN_POINT('',(-0.0035,0.00147,3.52365706057789E-19));
#2148=CARTESIAN_POINT('',(-0.00320571541983841,0.00147,0.00015));
#2149=CARTESIAN_POINT('',(-0.00320571541983841,0.00107,0.00015));
#2150=CARTESIAN_POINT('',(-0.00291143083967683,0.00107,0.00015));
#2151=CARTESIAN_POINT('',(-0.00291143083967683,0.00147,0.00015));
#2152=CARTESIAN_POINT('',(-0.00291143083967683,0.00147,0.00015));
#2153=CARTESIAN_POINT('',(-0.00320571541983841,0.00147,0.00015));
#2154=CARTESIAN_POINT('',(-0.00291143083967683,0.00147,0.000225));
#2155=CARTESIAN_POINT('',(-0.00291143083967683,0.00107,0.000225));
#2156=CARTESIAN_POINT('',(-0.00284095389311788,0.00107,0.000199348489250575));
#2157=CARTESIAN_POINT('',(-0.00284095389311788,0.00147,0.000199348489250575));
#2158=CARTESIAN_POINT('',(-0.00284095389311788,0.00147,0.000199348489250575));
#2159=CARTESIAN_POINT('',(-0.00291143083967683,0.00147,0.000225));
#2160=CARTESIAN_POINT('',(-0.00268124265458623,0.00147,0.000638151510749425));
#2161=CARTESIAN_POINT('',(-0.00268124265458623,0.00107,0.000638151510749425));
#2162=CARTESIAN_POINT('',(-0.00252153141605458,0.00107,0.00107695453224827));
#2163=CARTESIAN_POINT('',(-0.00252153141605458,0.00147,0.00107695453224827));
#2164=CARTESIAN_POINT('',(-0.00252153141605458,0.00147,0.00107695453224827));
#2165=CARTESIAN_POINT('',(-0.00268124265458623,0.00147,0.000638151510749425));
#2166=CARTESIAN_POINT('',(-0.00231010057637775,0.00147,0.001));
#2167=CARTESIAN_POINT('',(-0.00231010057637775,0.00107,0.001));
#2168=CARTESIAN_POINT('',(-0.00231010057637775,0.00107,0.001225));
#2169=CARTESIAN_POINT('',(-0.00231010057637775,0.00147,0.001225));
#2170=CARTESIAN_POINT('',(-0.00231010057637775,0.00147,0.001225));
#2171=CARTESIAN_POINT('',(-0.00231010057637775,0.00147,0.001));
#2172=CARTESIAN_POINT('',(-0.00212795240222905,0.00147,0.001225));
#2173=CARTESIAN_POINT('',(-0.00212795240222905,0.00107,0.001225));
#2174=CARTESIAN_POINT('',(-0.00194580422808034,0.00107,0.001225));
#2175=CARTESIAN_POINT('',(-0.00194580422808034,0.00147,0.001225));
#2176=CARTESIAN_POINT('',(-0.00194580422808034,0.00147,0.001225));
#2177=CARTESIAN_POINT('',(-0.00212795240222905,0.00147,0.001225));
#2178=CARTESIAN_POINT('',(-0.00195,0.00147,0.00115));
#2179=CARTESIAN_POINT('',(-0.00195,0.00107,0.00115));
#2180=CARTESIAN_POINT('',(-0.00195419577191966,0.00107,0.001075));
#2181=CARTESIAN_POINT('',(-0.00195419577191966,0.00147,0.001075));
#2182=CARTESIAN_POINT('',(-0.00195419577191966,0.00147,0.001075));
#2183=CARTESIAN_POINT('',(-0.00195,0.00147,0.00115));
#2184=CARTESIAN_POINT('',(-0.0021321481741487,0.00147,0.001075));
#2185=CARTESIAN_POINT('',(-0.0021321481741487,0.00107,0.001075));
#2186=CARTESIAN_POINT('',(-0.00231010057637775,0.00107,0.001075));
#2187=CARTESIAN_POINT('',(-0.00231010057637775,0.00147,0.001075));
#2188=CARTESIAN_POINT('',(-0.00231010057637775,0.00147,0.001075));
#2189=CARTESIAN_POINT('',(-0.0021321481741487,0.00147,0.001075));
#2190=CARTESIAN_POINT('',(-0.00231010057637775,0.00147,0.001));
#2191=CARTESIAN_POINT('',(-0.00231010057637775,0.00107,0.001));
#2192=CARTESIAN_POINT('',(-0.0023805775229367,0.00107,0.00102565151074942));
#2193=CARTESIAN_POINT('',(-0.0023805775229367,0.00147,0.00102565151074942));
#2194=CARTESIAN_POINT('',(-0.0023805775229367,0.00147,0.00102565151074942));
#2195=CARTESIAN_POINT('',(-0.00231010057637775,0.00147,0.001));
#2196=CARTESIAN_POINT('',(-0.00254028876146834,0.00147,0.000586848489250575));
#2197=CARTESIAN_POINT('',(-0.00254028876146834,0.00107,0.000586848489250575));
#2198=CARTESIAN_POINT('',(-0.0027,0.00107,0.000148045467751725));
#2199=CARTESIAN_POINT('',(-0.0027,0.00147,0.000148045467751725));
#2200=CARTESIAN_POINT('',(-0.0027,0.00147,0.000148045467751725));
#2201=CARTESIAN_POINT('',(-0.00254028876146834,0.00147,0.000586848489250575));
#2202=CARTESIAN_POINT('',(-0.00291143083967683,0.00147,0.000225));
#2203=CARTESIAN_POINT('',(-0.00291143083967683,0.00107,0.000225));
#2204=CARTESIAN_POINT('',(-0.00291143083967683,0.00107,2.43945488809238E-19));
#2205=CARTESIAN_POINT('',(-0.00291143083967683,0.00147,2.43945488809238E-19));
#2206=CARTESIAN_POINT('',(-0.00291143083967683,0.00147,2.43945488809238E-19));
#2207=CARTESIAN_POINT('',(-0.00291143083967683,0.00147,0.000225));
#2208=CARTESIAN_POINT('',(-0.00320571541983841,0.00147,2.98306505687793E-19));
#2209=CARTESIAN_POINT('',(-0.00320571541983841,0.00107,2.98306505687793E-19));
#2210=CARTESIAN_POINT('',(-0.00320571541983841,0.00147,2.98306505687793E-19));
#2211=CARTESIAN_POINT('',(-0.00272290211404018,0.00147,0.0006125));
#2212=CARTESIAN_POINT('',(-0.00272290211404018,0.00107,0.0006125));
#2213=CARTESIAN_POINT('',(0.,0.,0.));
#2214=CARTESIAN_POINT('',(0.000889040596904623,-0.00185,0.0022));
#2215=CARTESIAN_POINT('',(-0.00137000119380925,0.00127,0.0022));
#2216=CARTESIAN_POINT('',(-0.00162000119380925,0.00127,0.0022));
#2217=CARTESIAN_POINT('',(-0.00137000119380925,0.00127,0.002202));
#2218=CARTESIAN_POINT('',(-0.00137000119380925,0.00127,0.0021));
#2219=CARTESIAN_POINT('',(-0.00112000119380925,0.00127,0.0021));
#2220=CARTESIAN_POINT('',(-8.38615171355495E-5,0.,0.0021));
#2221=MECHANICAL_DESIGN_GEOMETRIC_PRESENTATION_REPRESENTATION('',(#1294),
#2227);
#2222=MECHANICAL_DESIGN_GEOMETRIC_PRESENTATION_REPRESENTATION('',(#1295),
#2228);
#2223=MECHANICAL_DESIGN_GEOMETRIC_PRESENTATION_REPRESENTATION('',(#1296),
#2229);
#2224=MECHANICAL_DESIGN_GEOMETRIC_PRESENTATION_REPRESENTATION('',(#1297),
#2230);
#2225=MECHANICAL_DESIGN_GEOMETRIC_PRESENTATION_REPRESENTATION('',(#1298),
#2231);
#2226=MECHANICAL_DESIGN_GEOMETRIC_PRESENTATION_REPRESENTATION('',(#1299),
#2232);
#2227=(
GEOMETRIC_REPRESENTATION_CONTEXT(3)
GLOBAL_UNCERTAINTY_ASSIGNED_CONTEXT((#2233))
GLOBAL_UNIT_ASSIGNED_CONTEXT((#2251,#2245,#2239))
REPRESENTATION_CONTEXT('Part 1','TOP_LEVEL_ASSEMBLY_PART')
);
#2228=(
GEOMETRIC_REPRESENTATION_CONTEXT(3)
GLOBAL_UNCERTAINTY_ASSIGNED_CONTEXT((#2234))
GLOBAL_UNIT_ASSIGNED_CONTEXT((#2252,#2246,#2240))
REPRESENTATION_CONTEXT('Part 2','TOP_LEVEL_ASSEMBLY_PART')
);
#2229=(
GEOMETRIC_REPRESENTATION_CONTEXT(3)
GLOBAL_UNCERTAINTY_ASSIGNED_CONTEXT((#2235))
GLOBAL_UNIT_ASSIGNED_CONTEXT((#2253,#2247,#2241))
REPRESENTATION_CONTEXT('Part 4','TOP_LEVEL_ASSEMBLY_PART')
);
#2230=(
GEOMETRIC_REPRESENTATION_CONTEXT(3)
GLOBAL_UNCERTAINTY_ASSIGNED_CONTEXT((#2236))
GLOBAL_UNIT_ASSIGNED_CONTEXT((#2254,#2248,#2242))
REPRESENTATION_CONTEXT('Part 6','TOP_LEVEL_ASSEMBLY_PART')
);
#2231=(
GEOMETRIC_REPRESENTATION_CONTEXT(3)
GLOBAL_UNCERTAINTY_ASSIGNED_CONTEXT((#2237))
GLOBAL_UNIT_ASSIGNED_CONTEXT((#2255,#2249,#2243))
REPRESENTATION_CONTEXT('Part 8','TOP_LEVEL_ASSEMBLY_PART')
);
#2232=(
GEOMETRIC_REPRESENTATION_CONTEXT(3)
GLOBAL_UNCERTAINTY_ASSIGNED_CONTEXT((#2238))
GLOBAL_UNIT_ASSIGNED_CONTEXT((#2256,#2250,#2244))
REPRESENTATION_CONTEXT('Part 10','TOP_LEVEL_ASSEMBLY_PART')
);
#2233=UNCERTAINTY_MEASURE_WITH_UNIT(LENGTH_MEASURE(1.E-8),#2251,
'DISTANCE_ACCURACY_VALUE','Maximum Tolerance applied to model');
#2234=UNCERTAINTY_MEASURE_WITH_UNIT(LENGTH_MEASURE(1.E-8),#2252,
'DISTANCE_ACCURACY_VALUE','Maximum Tolerance applied to model');
#2235=UNCERTAINTY_MEASURE_WITH_UNIT(LENGTH_MEASURE(1.E-8),#2253,
'DISTANCE_ACCURACY_VALUE','Maximum Tolerance applied to model');
#2236=UNCERTAINTY_MEASURE_WITH_UNIT(LENGTH_MEASURE(1.E-8),#2254,
'DISTANCE_ACCURACY_VALUE','Maximum Tolerance applied to model');
#2237=UNCERTAINTY_MEASURE_WITH_UNIT(LENGTH_MEASURE(1.E-8),#2255,
'DISTANCE_ACCURACY_VALUE','Maximum Tolerance applied to model');
#2238=UNCERTAINTY_MEASURE_WITH_UNIT(LENGTH_MEASURE(1.E-8),#2256,
'DISTANCE_ACCURACY_VALUE','Maximum Tolerance applied to model');
#2239=(
NAMED_UNIT(*)
SI_UNIT($,.STERADIAN.)
SOLID_ANGLE_UNIT()
);
#2240=(
NAMED_UNIT(*)
SI_UNIT($,.STERADIAN.)
SOLID_ANGLE_UNIT()
);
#2241=(
NAMED_UNIT(*)
SI_UNIT($,.STERADIAN.)
SOLID_ANGLE_UNIT()
);
#2242=(
NAMED_UNIT(*)
SI_UNIT($,.STERADIAN.)
SOLID_ANGLE_UNIT()
);
#2243=(
NAMED_UNIT(*)
SI_UNIT($,.STERADIAN.)
SOLID_ANGLE_UNIT()
);
#2244=(
NAMED_UNIT(*)
SI_UNIT($,.STERADIAN.)
SOLID_ANGLE_UNIT()
);
#2245=(
NAMED_UNIT(*)
PLANE_ANGLE_UNIT()
SI_UNIT($,.RADIAN.)
);
#2246=(
NAMED_UNIT(*)
PLANE_ANGLE_UNIT()
SI_UNIT($,.RADIAN.)
);
#2247=(
NAMED_UNIT(*)
PLANE_ANGLE_UNIT()
SI_UNIT($,.RADIAN.)
);
#2248=(
NAMED_UNIT(*)
PLANE_ANGLE_UNIT()
SI_UNIT($,.RADIAN.)
);
#2249=(
NAMED_UNIT(*)
PLANE_ANGLE_UNIT()
SI_UNIT($,.RADIAN.)
);
#2250=(
NAMED_UNIT(*)
PLANE_ANGLE_UNIT()
SI_UNIT($,.RADIAN.)
);
#2251=(
LENGTH_UNIT()
NAMED_UNIT(*)
SI_UNIT($,.METRE.)
);
#2252=(
LENGTH_UNIT()
NAMED_UNIT(*)
SI_UNIT($,.METRE.)
);
#2253=(
LENGTH_UNIT()
NAMED_UNIT(*)
SI_UNIT($,.METRE.)
);
#2254=(
LENGTH_UNIT()
NAMED_UNIT(*)
SI_UNIT($,.METRE.)
);
#2255=(
LENGTH_UNIT()
NAMED_UNIT(*)
SI_UNIT($,.METRE.)
);
#2256=(
LENGTH_UNIT()
NAMED_UNIT(*)
SI_UNIT($,.METRE.)
);
#2257=PRODUCT_DEFINITION_SHAPE('','',#2263);
#2258=PRODUCT_DEFINITION_SHAPE('','',#2264);
#2259=PRODUCT_DEFINITION_SHAPE('','',#2265);
#2260=PRODUCT_DEFINITION_SHAPE('','',#2266);
#2261=PRODUCT_DEFINITION_SHAPE('','',#2267);
#2262=PRODUCT_DEFINITION_SHAPE('','',#2268);
#2263=PRODUCT_DEFINITION('','',#2275,#2269);
#2264=PRODUCT_DEFINITION('','',#2276,#2270);
#2265=PRODUCT_DEFINITION('','',#2277,#2271);
#2266=PRODUCT_DEFINITION('','',#2278,#2272);
#2267=PRODUCT_DEFINITION('','',#2279,#2273);
#2268=PRODUCT_DEFINITION('','',#2280,#2274);
#2269=PRODUCT_DEFINITION_CONTEXT('',#2311,'design');
#2270=PRODUCT_DEFINITION_CONTEXT('',#2312,'design');
#2271=PRODUCT_DEFINITION_CONTEXT('',#2313,'design');
#2272=PRODUCT_DEFINITION_CONTEXT('',#2314,'design');
#2273=PRODUCT_DEFINITION_CONTEXT('',#2315,'design');
#2274=PRODUCT_DEFINITION_CONTEXT('',#2316,'design');
#2275=PRODUCT_DEFINITION_FORMATION_WITH_SPECIFIED_SOURCE('','',#2287,
 .NOT_KNOWN.);
#2276=PRODUCT_DEFINITION_FORMATION_WITH_SPECIFIED_SOURCE('','',#2288,
 .NOT_KNOWN.);
#2277=PRODUCT_DEFINITION_FORMATION_WITH_SPECIFIED_SOURCE('','',#2289,
 .NOT_KNOWN.);
#2278=PRODUCT_DEFINITION_FORMATION_WITH_SPECIFIED_SOURCE('','',#2290,
 .NOT_KNOWN.);
#2279=PRODUCT_DEFINITION_FORMATION_WITH_SPECIFIED_SOURCE('','',#2291,
 .NOT_KNOWN.);
#2280=PRODUCT_DEFINITION_FORMATION_WITH_SPECIFIED_SOURCE('','',#2292,
 .NOT_KNOWN.);
#2281=PRODUCT_RELATED_PRODUCT_CATEGORY('','',(#2287));
#2282=PRODUCT_RELATED_PRODUCT_CATEGORY('','',(#2288));
#2283=PRODUCT_RELATED_PRODUCT_CATEGORY('','',(#2289));
#2284=PRODUCT_RELATED_PRODUCT_CATEGORY('','',(#2290));
#2285=PRODUCT_RELATED_PRODUCT_CATEGORY('','',(#2291));
#2286=PRODUCT_RELATED_PRODUCT_CATEGORY('','',(#2292));
#2287=PRODUCT('Part 1','Part 1','Part 1',(#2299));
#2288=PRODUCT('Part 2','Part 2','Part 2',(#2300));
#2289=PRODUCT('Part 4','Part 4','Part 4',(#2301));
#2290=PRODUCT('Part 6','Part 6','Part 6',(#2302));
#2291=PRODUCT('Part 8','Part 8','Part 8',(#2303));
#2292=PRODUCT('Part 10','Part 10','Part 10',(#2304));
#2293=PRODUCT_CATEGORY('','');
#2294=PRODUCT_CATEGORY('','');
#2295=PRODUCT_CATEGORY('','');
#2296=PRODUCT_CATEGORY('','');
#2297=PRODUCT_CATEGORY('','');
#2298=PRODUCT_CATEGORY('','');
#2299=PRODUCT_CONTEXT('',#2311,'mechanical');
#2300=PRODUCT_CONTEXT('',#2312,'mechanical');
#2301=PRODUCT_CONTEXT('',#2313,'mechanical');
#2302=PRODUCT_CONTEXT('',#2314,'mechanical');
#2303=PRODUCT_CONTEXT('',#2315,'mechanical');
#2304=PRODUCT_CONTEXT('',#2316,'mechanical');
#2305=APPLICATION_PROTOCOL_DEFINITION('international standard',
'ap242_managed_model_based_3d_engineering',2020,#2311);
#2306=APPLICATION_PROTOCOL_DEFINITION('international standard',
'ap242_managed_model_based_3d_engineering',2020,#2312);
#2307=APPLICATION_PROTOCOL_DEFINITION('international standard',
'ap242_managed_model_based_3d_engineering',2020,#2313);
#2308=APPLICATION_PROTOCOL_DEFINITION('international standard',
'ap242_managed_model_based_3d_engineering',2020,#2314);
#2309=APPLICATION_PROTOCOL_DEFINITION('international standard',
'ap242_managed_model_based_3d_engineering',2020,#2315);
#2310=APPLICATION_PROTOCOL_DEFINITION('international standard',
'ap242_managed_model_based_3d_engineering',2020,#2316);
#2311=APPLICATION_CONTEXT('managed model based 3d engineering');
#2312=APPLICATION_CONTEXT('managed model based 3d engineering');
#2313=APPLICATION_CONTEXT('managed model based 3d engineering');
#2314=APPLICATION_CONTEXT('managed model based 3d engineering');
#2315=APPLICATION_CONTEXT('managed model based 3d engineering');
#2316=APPLICATION_CONTEXT('managed model based 3d engineering');
ENDSEC;
END-ISO-10303-21;
